備註,公司代號,公司名稱,出表日期,營業收入-上月比較增減(%),營業收入-上月營收,營業收入-去年同月增減(%),營業收入-去年當月營收,營業收入-當月營收,產業別,累計營業收入-前期比較增減(%),累計營業收入-去年累計營收,累計營業收入-當月累計營收,資料年月
-,1240,茂生農經,1150817,-10.239621580007107,270176,13.254097977863914,214130,242511,農業科技,7.586483288835424,1564493,1683183,11507
-,1259,安心,1150817,3.294452987285752,533260,7.7624963318008415,511150,550828,觀光餐旅,3.7749983046201523,3509538,3642023,11507
-,1264,德麥,1150817,8.952334776843598,544506,8.746826509756477,545535,593252,食品工業,6.862621716062202,3798184,4058839,11507
-,1268,漢來美食,1150817,-4.015339302872899,574472,19.942878646489298,459723,551405,觀光餐旅,17.084384043680004,3610256,4227046,11507
-,1294,漢田生技,1150817,-15.080888068402643,82336,22.255249951915513,57191,69919,食品工業,23.200643628337474,426333,525245,11507
-,1295,生合,1150817,-29.41873194192703,111446,22.96196714136093,63971,78660,食品工業,-2.8727373403119274,606808,589376,11507
1.越南新增電腦周邊及遊戲類產品營收同比增加。2.越南多功能事務機主要客戶出貨遞延。3.菲律賓新增家電類產品的組裝。,1336,台翰,1150817,18.791341610811997,273030,67.07413188273657,194127,324336,電子零組件業,7.488358417155009,1462430,1571942,11507
-,1565,精華,1150817,0.5545611243701936,301680,-10.191871016256192,337779,303353,生技醫療業,-16.860293686377293,2506279,2083713,11507
-,1569,濱川,1150817,-16.536841172537677,248282,-14.204329033005978,241532,207224,電腦及週邊設備業,-5.090616749193082,1930493,1832219,11507
-,1570,力肯,1150817,-32.32107239762089,55651,-31.394014462922822,54899,37664,電機機械,-3.0493828629920134,336068,325820,11507
-,1580,新麥,1150817,11.835998984513836,393900,3.205174760625151,426841,440522,電機機械,-2.1764795855826082,2765521,2705330,11507
-,1584,精剛,1150817,0.4104213110880531,194678,-4.934272916940226,205623,195477,其他,-17.18817126382642,1545592,1279933,11507
-,1586,和勤,1150817,1.0901796213885495,216845,15.891007713414151,189151,219209,電機機械,7.650183841627202,1289969,1388654,11507
本期銷售數量增加所致,1591,駿吉-KY,1150817,15.50318055782091,36786,64.83299065057997,25777,42489,電機機械,295.6681164268986,74725,295663,11507
-,1593,祺驊,1150817,6.011293367744617,115466,13.479562794923378,107867,122407,運動休閒,11.219758414421085,691432,769009,11507
主係本月設備出貨增加所致,1595,川寶,1150817,13.870282633556608,97936,467.9942956096567,19634,111520,半導體業,26.552236821429002,413645,523477,11507
市場需求提升客戶增加拉貨所致,1599,宏佳騰,1150817,88.56630363211153,132127,111.4479457518947,117829,249147,電機機械,17.90486618742499,1121494,1322296,11507
本月營收較去年同期減少，係因蠟品較去年同期減少,1742,台蠟,1150817,-44.2204916781188,6549,-57.36461251167133,8568,3653,化學工業,-42.684014680395556,78472,44977,11507
-,1777,生泰,1150817,-18.906120892391787,125864,-9.974686223837287,113377,102068,生技醫療業,-5.295184941535981,753968,714044,11507
-,1780,立弘,1150817,31.57500398533397,62730,13.767246964120801,72549,82537,食品工業,16.662014398602313,497965,580936,11507
本月營收較去年同期減少主要係因出貨量減少所致。,1781,合世,1150817,-38.1489841986456,34111,-52.27236737925574,44205,21098,生技醫療業,-8.946970533522471,235454,214388,11507
-,1784,訊聯,1150817,8.950695094720162,111064,7.797633895164451,112252,121005,生技醫療業,9.414618356272431,707453,774057,11507
主係業績增長所致,1785,光洋科,1150817,14.182197155734466,4607657,46.432595277750565,3592864,5261124,其他電子業,68.68290900725333,21360263,36031113,11507
-,1788,杏昌,1150817,-7.6193773740541975,392788,2.7888333356939508,353015,362860,生技醫療業,5.744167337087691,2473570,2615656,11507
-,1796,金穎生技,1150817,-8.446754571076522,70607,39.801898829992,46239,64643,食品工業,1.6400981798878396,380526,386767,11507
因新藥/學名藥產品出貨較去年同期多，故營收成長。,1799,易威,1150817,-16.692101311935414,81254,74.90762512596574,38701,67691,生技醫療業,77.30335427949436,299498,531020,11507
-,1813,寶利徠,1150817,4.14209299135921,21873,-2.1646695013529182,23283,22779,生技醫療業,-9.128453811515813,187655,170525,11507
主要受惠於AI伺服器與高速傳輸需求帶動高階產品出貨比重提高，電子級玻纖布產品市場價格走高。,1815,富喬,1150817,24.00707716959662,688976,68.10608415742232,508238,854379,電子零組件業,46.895566129278095,3313245,4867010,11507
-,2035,唐榮公司,1150817,24.760035151377707,705520,18.442710085447082,743150,880207,鋼鐵工業,4.980747959259868,5879117,6171941,11507
-,2061,風青,1150817,3.6679822397631967,121620,41.292556648810994,89234,126081,電器電纜,15.868930658480394,689284,798666,11507
-,2063,世鎧精密,1150817,22.938449329639273,71827,-17.892808658620496,107546,88303,鋼鐵工業,-7.502493742436492,592483,548032,11507
-,2064,晉椿,1150817,7.582504910560329,133386,18.44331641285956,121155,143500,鋼鐵工業,19.830491261436762,866504,1038336,11507
-,2065,世豐,1150817,34.07122877736401,179113,43.28786576924913,167592,240139,鋼鐵工業,8.306384168439122,1230403,1332605,11507
-,2066,世德,1150817,-17.737536816843026,256676,9.907658994138897,192114,211148,電機機械,8.272808330127491,1554454,1683051,11507
-,2067,嘉鋼,1150817,-5.749622474322014,80127,-2.3444066569252455,77333,75520,電機機械,-10.145539617270545,601417,540400,11507
本月外銷高階機台訂單出貨,2070,精湛,1150817,57.89645744174988,67296,75.7725137299014,60452,106258,電機機械,26.4679040340416,357210,451756,11507
主因今年第二季起開始增加購料含料自製生產銷售，使得營業收入增加。,2073,雄順,1150817,42.849647292018886,102918,247.84810126582278,42265,147018,鋼鐵工業,58.04993562212438,333189,526605,11507
-,2221,大甲,1150817,-6.229998725285637,149053,38.52992774523505,100893,139767,其他,21.732227588680473,777877,946927,11507
-,2230,泰茂,1150817,32.25895697883524,101206,19.471964869062283,112038,133854,居家生活,46.77438410988005,871787,1279560,11507
-,2235,謚源,1150817,-27.319148936170212,39950,-42.734301041337964,50704,29036,電機機械,-2.8144375688321803,328698,319447,11507
本公司「綠意領航1號」建案完工、陸續交屋中，故本年單月營業收入淨額較去年同期增加。,2596,綠意,1150817,-23.680099968759762,192060,535.398153365989,23069,146580,建材營造,4.960745961346448,854307,896687,11507
-,2640,大車隊,1150817,-0.23848515864892528,293100,15.710724178868222,252700,292401,數位雲端,9.125492244792367,1793569,1957241,11507
-,2641,正德,1150817,6.966061245236451,183949,7.3213701319952005,183340,196763,航運業,10.898833328625216,1238995,1374031,11507
-,2643,捷迅,1150817,1.102642006598917,696781,-1.7766164811783505,717206,704464,航運業,-12.332287547896923,4694717,4115751,11507
配合銷售個案交屋認列收入,2718,全心投控,1150817,27.764984538456478,15199,-96.01256660609234,487005,19419,建材營造,-89.10525167931605,2292600,249773,11507
-,2719,燦星旅,1150817,16.064717559311582,103774,-31.68644221607151,176312,120445,觀光餐旅,-23.20639464463553,1263182,970043,11507
營收增加係因代銷個案銷售及裝潢收入成長所致。,2724,藝舍-KY,1150817,57.73081714575739,21673,174.556260541322,12451,34185,其他,44.627571359408314,97079,140403,11507
-,2726,雅茗-KY,1150817,-6.027462877215392,50104,-13.04572652729556,54148,47084,觀光餐旅,-8.714377087627033,351775,321120,11507
-,2729,瓦城,1150817,-4.728886814925761,531457,-0.9106067188802649,510978,506325,觀光餐旅,6.544770212694297,3562860,3796041,11507
-,2732,六角,1150817,0.21552207475319246,445894,16.944991847833197,382107,446855,觀光餐旅,32.07631568297084,2347355,3100300,11507
-,2734,易飛網,1150817,30.301295225926218,165917,41.57585917854149,152704,216192,觀光餐旅,29.58450042282434,954297,1236621,11507
-,2736,富野,1150817,17.556128082443873,38038,30.752361180151468,34199,44716,觀光餐旅,13.605925155578666,300009,340828,11507
差異原因為門店數及商品銷售金額均較去年同期減少,2740,華軒,1150817,-1.3777267508610793,3484,-60.95454545454545,8800,3436,觀光餐旅,-61.034303233643776,86435,33680,11507
-,2743,山富,1150817,5.383981823878486,533007,-5.7114896202803624,595729,561704,觀光餐旅,0.8182218367365398,3979972,4012537,11507
-,2745,五福,1150817,19.856759931639488,782323,24.92482530293038,750585,937667,觀光餐旅,16.218307898902065,5151678,5987193,11507
-,2751,王座,1150817,1.0601840128302524,177705,7.777110964412171,166630,179589,觀光餐旅,28.082712825967832,930690,1192053,11507
-,2752,豆府,1150817,0.07491255611556363,363090,4.1065355600824,349029,363362,觀光餐旅,10.63279556592088,2308123,2553541,11507
-,2754,亞洲藏壽司,1150817,-7.988993707839898,551321,-2.974220868893284,522826,507276,觀光餐旅,6.239058374578058,3291330,3496678,11507
-,2755,揚秦,1150817,4.7401404137021155,297122,20.250542894458228,258798,311206,觀光餐旅,19.25351694046418,1692309,2018138,11507
-,2756,聯發國際,1150817,-1.9426272583947954,110366,-1.570728246732576,109949,108222,觀光餐旅,17.510733259708942,612116,719302,11507
-,2916,滿心,1150817,-19.68659776262866,140969,-7.01626149802891,121760,113217,居家生活,1.0980283018782682,1106711,1118863,11507
因本期子公司工程收入及嬰童用品收入較去年同期減少，而子公司累計工程收入較去年同期增加所致,2924,宏太-KY,1150817,-10.93325279371791,3311,-51.978505129457744,6141,2949,居家生活,8.03218328105823,29332,31688,11507
-,2926,誠品生活,1150817,-7.469590654704898,613956,-0.9523012493941327,573558,568096,文化創意業,4.540301234632516,3897759,4074729,11507
-,2937,集雅社,1150817,2.255269584495211,461896,26.019023732974027,374795,472313,居家生活,13.609805497154557,2725410,3096333,11507
-,2941,米斯特,1150817,-7.427762740275622,72781,-14.119461581604039,78452,67375,居家生活,-2.6358258110619883,547153,532731,11507
-,2947,振宇五金,1150817,8.016207820714458,204099,10.885332313975596,198818,220460,居家生活,7.711458763438394,1307820,1408672,11507
-,2948,寶陞,1150817,1.5254288997589822,196666,4.391789445066034,191266,199666,居家生活,1.9216232158342192,1276577,1301108,11507
-,2949,欣新網,1150817,-18.6090532343112,655611,33.09919932154349,400910,533608,數位雲端,24.211593825811526,2967062,3685435,11507
-,3064,泰偉,1150817,-4.68185607113087,7198,11.706284597850862,6142,6861,文化創意業,-4.320362314522376,50343,48168,11507
本月合併營收較去年同期減少，主要係因去年同期進行半導體晶片庫存去化。,3066,李洲,1150817,-20.28867203443286,26951,-60.19455252918288,53970,21483,光電業,1.9934560172488793,158619,161781,11507
-,3067,全域,1150817,246.95970695970695,1365,-19.68797693742581,5897,4736,居家生活,14.677636408123318,32696,37495,11507
-,3071,協禧,1150817,-6.7132150868815685,277274,37.135040849976406,188617,258660,電腦及週邊設備業,35.421848030642344,1308777,1772370,11507
營收增加主要為認列新電廠之試運轉期收入。,3073,天方能源,1150817,440.70552147239266,9780,1107.8803106441298,4378,52881,綠能環保,314.653396396135,34463,142902,11507
-,3078,僑威,1150817,11.209757960286687,408528,-49.570544384110256,900908,454323,電子零組件業,-46.64761697600575,6868353,3664430,11507
數據中心產品出貨量較同期增加,3081,聯亞,1150817,19.191832716221132,420507,176.53575803052206,181246,501210,通信網路業,120.95247227766829,1188843,2626778,11507
-,3083,網龍,1150817,-23.78249424152682,36468,-25.084901083499542,37102,27795,文化創意業,3.739130014919824,207107,214851,11507
-,3085,新零售,1150817,-25.038510012603275,7141,29.9587278465647,4119,5353,數位雲端,31.79446535895912,30282,39910,11507
-,3086,華義*,1150817,-17.14919988900194,10811,-43.53171100743916,15862,8957,文化創意業,-17.590958742962776,95208,78460,11507
月營收較去年同期成長66.92%，主要係台灣及美洲地區專案訂單出貨增加所致。,3088,艾訊,1150817,17.329457219882475,804930,66.91675371109733,565803,944420,電腦及週邊設備業,45.47725625456599,3820369,5557768,11507
-,3093,港建*,1150817,27.9258466509565,194354,8.50054549421776,229150,248629,其他電子業,-26.399831686472524,1378380,1014490,11507
-,3095,及成,1150817,-21.481076124413946,67613,-4.7508836141162964,55737,53089,通信網路業,17.93781352064017,349658,412379,11507
-,3105,穩懋,1150817,7.034871420053471,1767694,31.17757947581632,1442357,1892049,半導體業,33.42387468491996,8798558,11739377,11507
-,3114,好德,1150817,13.713852807260656,262676,17.510130217553797,254190,298699,電子零組件業,4.4688795956797644,1777403,1856833,11507
去年受限於發票開立額度，今年配合業務擴展需求向稅局申請發票增量致營收增加。,3115,富榮綱,1150817,-58.353808353808354,814,45.493562231759654,233,339,電子零組件業,182.34519104084322,1518,4286,11507
-,3118,進階,1150817,19.740520785746916,54725,5.494647025678177,62115,65528,生技醫療業,-5.800253805251966,410551,386738,11507
-,3122,笙泉,1150817,-12.20655427761147,25388,-11.800087056309604,25271,22289,半導體業,-3.8225383946380305,192019,184679,11507
-,3128,昇銳,1150817,-7.040590405904059,67750,-24.309252827286166,83207,62980,光電業,-15.380714438582288,644814,545637,11507
-,3131,弘塑,1150817,25.646738536188042,631051,42.409536416228576,556771,792895,半導體業,20.06965890533005,3427846,4115803,11507
-,3141,晶宏,1150817,15.89420343591645,186093,39.60191598161693,154490,215671,半導體業,16.008459948026328,948942,1100853,11507
主要係出貨處於高峰期，致本月營收與累計營收較去年同期大幅增加。,3147,大綜,1150817,-10.77208562226831,1754637,117.44110952011255,720023,1565626,資訊服務業,101.16184418007562,5180557,10421304,11507
-,3152,璟德,1150817,1.6070654983999217,143118,26.18927784237838,115238,145418,通信網路業,5.3769443321123775,858071,904209,11507
-,3158,嘉實,1150817,-7.467693728705745,114761,32.86995908459604,79921,106191,資訊服務業,18.950579161669765,557012,662569,11507
訂單量增加,3162,精確,1150817,19.87933554343564,897696,77.53596410188729,606160,1076152,電機機械,24.597030018535595,4339219,5406538,11507
-,3163,波若威,1150817,15.937037772920943,181188,28.652621264086232,163280,210064,通信網路業,18.955677483835437,1225675,1458010,11507
-,3169,亞信,1150817,6.541816016532592,85649,22.42346185838096,74538,91252,半導體業,4.744938779592245,559944,586513,11507
合併營收增加主係因收購新增合併個體子公司營收所致,3171,炎洲流通,1150817,-12.565575117323855,249523,13.290994630635495,192574,218169,居家生活,76.53120414179412,924044,1631226,11507
-,3176,基亞,1150817,1.6668775303643724,94848,-16.432099835341017,115390,96429,生技醫療業,-34.057433441173664,974589,642669,11507
-,3178,公準,1150817,3.4712490523559008,130587,27.963027852225053,105593,135120,半導體業,6.110496899450669,751641,797570,11507
完工建案陸續交屋中,3188,鑫龍騰,1150817,-7.574759967995733,239968,-52.986974447023414,471765,221791,建材營造,253.6239479606622,778488,2752920,11507
-,3191,雲嘉南,1150817,2.3665448445269908,16691,11.1140014307082,15377,17086,電子零組件業,5.740937583819278,100663,106442,11507
-,3205,佰研,1150817,-22.954356032749914,40794,-14.163207341053091,36616,31430,生技醫療業,46.522835438586675,250247,366669,11507
-,3206,志豐,1150817,26.310500572679928,277642,27.95952770155876,274064,350691,電子零組件業,-2.674011867925579,2011472,1957685,11507
-,3207,耀勝,1150817,25.65990483345855,119790,-13.499100672915027,174019,150528,電子零組件業,-6.430923437546514,1041359,974390,11507
-,3211,順達,1150817,-3.1023475007728267,1268072,20.88333935094411,1016461,1228732,電腦及週邊設備業,21.66222759286037,6628635,8064545,11507
"系統事業部 218,086 仟元/通路事業部 148,121 仟元",3213,茂訊,1150817,9.174410388959942,335433,70.37400613185821,214943,366207,電腦及週邊設備業,20.35700956406458,1746956,2102584,11507
-,3217,優群,1150817,5.090898996317156,324206,-4.139832594780896,355425,340711,電子零組件業,-4.150413481042285,2332876,2236052,11507
-,3218,大學光,1150817,8.116050139201556,375355,19.33641707565951,340063,405819,生技醫療業,5.465591034125203,2486227,2622114,11507
-,3219,倚強科,1150817,2.5379597653894646,237159,17.976557800159128,206124,243178,其他電子業,34.71437649532478,1024443,1380072,11507
-,3221,台嘉碩,1150817,10.85727931226618,226134,39.67739239448391,179475,250686,通信網路業,13.163776475287658,1286766,1456153,11507
-,3224,三顧,1150817,41.406964623795446,141027,48.8790509820902,133949,199422,電子通路業,14.997608885314971,892889,1026801,11507
-,3226,龍鋒,1150817,126.04617953868868,82634,48.990595911335156,125371,186791,電機機械,-24.81611408656199,1093205,821914,11507
-,3227,原相,1150817,8.86328700695688,820339,23.568830227213294,722713,893048,半導體業,5.404461483235662,5351449,5640666,11507
-,3228,金麗科,1150817,-1.127808705183305,34669,27.565032935134532,26871,34278,半導體業,12.870337380436869,182435,205915,11507
-,3230,錦明,1150817,27.203568482478385,32731,25.44441096715878,33190,41635,光電業,1.0493244329731133,242537,245082,11507
-,3232,昱捷,1150817,23.75672221926415,75124,27.772356829707405,72763,92971,電子通路業,6.936589751380087,562827,601868,11507
主要受客戶訂單需求增加影響,3234,光環,1150817,25.209240476625038,76706,96.94260463018024,48767,96043,通信網路業,16.40202694424433,408102,475039,11507
-,3236,千如,1150817,32.06199698122063,187493,35.53470652310757,182689,247607,電子零組件業,21.413487016199795,1160138,1408564,11507
-,3252,海灣,1150817,-29.82646722932509,35901,-32.877734260517414,37533,25193,觀光餐旅,-2.8468939205440824,289368,281130,11507
-,3259,鑫創,1150817,30.24558380008617,16247,8.14636888639035,19567,21161,半導體業,1.5947693495464197,124344,126327,11507
記憶體售價上漲,3260,威剛,1150817,25.35768631861682,14661310,331.2914329214349,4261406,18379079,半導體業,206.7316700495354,26945572,82650603,11507
受市場需求增加及新廠開始量產影響,3264,欣銓,1150817,13.82986331926771,1552011,52.26332695833093,1160261,1766652,半導體業,31.90083312437352,7796555,10283721,11507
-,3265,台星科,1150817,-2.8634848631529453,433842,6.551860148771447,395506,421419,半導體業,18.372044755561426,2649950,3136800,11507
-,3268,海德威,1150817,-11.137950676146072,94802,0.27615431312566213,84011,84243,半導體業,5.522851993779753,566537,597826,11507
-,3272,東碩,1150817,-20.38373308105635,323454,30.906558493711938,196722,257522,電腦及週邊設備業,-4.193162325892557,1727956,1655500,11507
因市場需求增加,3276,宇環,1150817,16.50784955382242,69367,79.50779618853005,45022,80818,電子零組件業,36.22245533454007,302191,411652,11507
-,3284,太普高,1150817,4.14668013127998,63376,5.355233124231831,62649,66004,其他,-2.513013209711183,498724,486191,11507
因醫療產品及PCB鑽孔設備銷售量增加，致使整體營收較去年同期增加。,3285,微端,1150817,-14.245238212220967,122118,95.96916052247464,53438,104722,其他電子業,84.40931220579608,359657,663241,11507
-,3287,廣寰科,1150817,15.847585398169441,65663,2.5161046872051966,74202,76069,電腦及週邊設備業,5.372445207996927,484286,510304,11507
去年同期基期較低,3288,點晶,1150817,-35.225914415491275,8366,71.37887413029728,3162,5419,電子零組件業,15.515944059572922,38541,44521,11507
-,3289,宜特,1150817,-6.137025760355043,426314,-3.61592916517127,415163,400151,其他電子業,-3.037712746774625,2750688,2667130,11507
主要係併入BI-LINK 公司之營業收入。,3290,東浦,1150817,6.166879767589524,344907,89.85296100044589,192874,366177,電子零組件業,85.0253355188165,1201870,2223764,11507
-,3293,鈊象,1150817,2.8815453421263872,2166407,25.855787484852694,1770942,2228833,文化創意業,17.132813146408,12726579,14907000,11507
-,3294,英濟,1150817,39.0367158725095,275848,5.429974957185308,363777,383530,電子零組件業,-5.610897498693835,1959936,1849966,11507
-,3297,杭特,1150817,3.48818322098595,24626,22.77194334714327,20758,25485,光電業,22.641788319581266,115013,141054,11507
-,3303,岱稜,1150817,-7.484796340433719,374252,31.251445229132788,263799,346240,其他電子業,18.960462424601914,1765131,2099808,11507
-,3306,鼎天,1150817,9.447668640934928,100628,26.34652227282635,87169,110135,通信網路業,8.465854546658282,604180,655329,11507
"本月認列建案""敦南""營收",3310,佳穎,1150817,154.37815270163983,338202,538.6400415707817,134710,860312,電子零組件業,2.0578355529425623,1935626,1975458,11507
本年累計營收較去年同期增加，主係本年合併子公司之營收增加所致。,3313,斐成,1150817,-89.31594988147647,5906,-84.36958137230617,4037,631,建材營造,304.74049856967713,4894,19808,11507
-,3317,尼克森,1150817,-4.948767553726419,247597,7.591730746372372,218738,235344,半導體業,7.959692065587676,1546693,1669805,11507
-,3322,建舜電,1150817,10.140418574972342,264851,25.057017919917687,233260,291708,電子零組件業,8.626018512501467,1754274,1905598,11507
-,3323,加百裕,1150817,22.475454052759606,317364,-9.881037117068658,431311,388693,電腦及週邊設備業,-11.615549808324715,2899174,2562419,11507
成長動能來自AI伺服器液冷散熱系統市佔率持續攀升。,3324,雙鴻,1150817,38.536332313601555,2718035,116.69713862814596,1737663,3765466,其他電子業,83.28059163271227,11465627,21014269,11507
主要係電腦機殼及週邊營收減少所致,3325,旭品,1150817,-30.382954758776048,53270,-65.14698695537761,106404,37085,電腦及週邊設備業,-45.86551713086119,748824,405372,11507
-,3332,幸康,1150817,10.746916613281421,160781,12.103755469512388,158835,178060,電子零組件業,14.456538777072295,982462,1124492,11507
-,3339,泰谷,1150817,0.7345570964798109,66843,-13.019777040032036,77413,67334,光電業,0.3303160700127817,478027,479606,11507
主要客戶延遲出貨,3349,寶德,1150817,-77.11157941851141,53621,-70.25952940606295,41267,12273,電腦及週邊設備業,-33.29275375634534,304751,203291,11507
-,3354,律勝,1150817,27.001440625643138,9718,27.513172848434756,9679,12342,電子零組件業,30.62933756606609,59221,77360,11507
受AI、車用及網通等產品需求持續提升，客戶出貨動能延續近期成長趨勢，致本月營收較去年同期成長63.31%。,3357,臺慶科,1150817,14.567705192717455,764513,63.31083474726381,536330,875885,電子零組件業,29.2237005554902,3706276,4789387,11507
"本月較去年同月增加56.05％,係客戶需求增加",3360,尚立,1150817,-15.134148920718484,1177311,56.04852312767074,640272,999135,電子通路業,64.89115072102275,3790241,6249772,11507
-,3362,先進光,1150817,58.621202302443486,262330,1.8806160174326079,408430,416111,光電業,-1.2867574454435668,2506533,2474280,11507
-,3363,上詮,1150817,8.509638286385721,157445,12.093615290234958,152411,170843,通信網路業,-14.302419953049595,1145890,982000,11507
-,3372,典範,1150817,11.560228498664733,113086,22.844651307717776,102698,126159,半導體業,26.25350835563514,613179,774160,11507
-,3373,熱映,1150817,-20.232758620689655,46400,22.706627324868215,30163,37012,其他電子業,12.772428913519123,222581,251010,11507
-,3374,精材,1150817,12.681575799142939,764006,30.964326462310794,657350,860894,半導體業,32.61506808727751,3739612,4959289,11507
主係本期設備銷售之銷貨收入較去年同期增加所致,3379,彬台,1150817,119.50308959835222,62144,88.8731965329124,72222,136408,電機機械,-32.97375958606671,649380,435255,11507
-,3388,崇越電,1150817,-0.8680807836629152,736337,19.530064076216803,610679,729945,電子零組件業,19.208656249505086,4293684,5118443,11507
-,3390,旭軟,1150817,-6.343063942968017,91738,41.28858265774284,60811,85919,電子零組件業,30.633764266880764,438428,572735,11507
-,3402,漢科,1150817,6.909216984300682,553782,36.77304292783448,432866,592044,其他電子業,19.608168765319647,2956579,3536310,11507
-,3430,奇鈦科,1150817,-10.932426977729158,170941,18.605738145502418,128369,152253,化學工業,26.298367727787703,890599,1124812,11507
客戶庫存調整訂單需求減少,3434,哲固,1150817,-64.28489882124612,70074,-50.52779315252629,50588,25027,光電業,-37.138999962002934,447403,281242,11507
-,3438,類比科,1150817,-17.40008589768889,86149,-27.453179320399236,98087,71159,半導體業,-18.948636560831204,640806,519382,11507
-,3441,聯一光電,1150817,24.160765642748387,41377,12.10911074740862,45825,51374,光電業,33.425877171987935,229801,306614,11507
-,3444,利機,1150817,16.779997106456857,117503,35.83717753271694,101018,137220,電子通路業,9.065006885094805,724754,790453,11507
-,3455,由田,1150817,78.09958199854712,83971,-9.37560597246461,165024,149552,光電業,-27.920576755617045,904924,652264,11507
-,3465,進泰電子,1150817,-24.57124371931399,191659,-9.256051019383348,159312,144566,其他電子業,10.564063446571362,993718,1098695,11507
AI產品本月無訂單,3466,德晉,1150817,73.14487632508833,7358,27.018943170488534,10030,12740,通信網路業,214.85839606925202,47421,149309,11507
-,3467,台灣精材,1150817,5.1562021439509955,65300,33.10911663791265,51587,68667,半導體業,23.19971108703503,359970,443482,11507
-,3479,安勤,1150817,8.355441571946741,882778,19.672861300097335,799294,956538,電腦及週邊設備業,14.59786084335627,4826762,5531366,11507
-,3483,力致,1150817,-6.194381126974319,681311,-16.02573198997209,761076,639108,電腦及週邊設備業,-3.397302380934471,5051714,4880092,11507
-,3484,崧騰,1150817,-1.9672981479953318,424135,1.3496516792036153,410254,415791,電子零組件業,-2.2915850981411974,2760971,2697701,11507
配合客戶裝機,3485,敘豐,1150817,-8.20702638884457,62678,38.243067903311065,41618,57534,電子零組件業,8.619056060541228,327182,355382,11507
本月合併營收較去年同期成長48.95%，主係本公司持股100%之子公司營造收入較去年顯著增加所致。,3489,森寶,1150817,6.92485948131348,81128,48.95085682887462,58238,86746,建材營造,83.30643928975276,327210,599797,11507
-,3490,單井,1150817,39.40036900369004,21680,9.436558516801854,27616,30222,光電業,8.723520450691272,139164,151304,11507
因掌握低軌衛星產業商機，營收較去年同期大幅提升；雖然短期因產品規格調整以致MoM略降，然而年營收獲利的目標未因此而改變。,3491,昇達科,1150817,-10.355129848124243,256723,82.01583372219015,126439,230139,通信網路業,70.78905876182232,1260223,2152323,11507
-,3492,長盛,1150817,-11.251968139297952,86376,19.015976028194817,64409,76657,電子零組件業,0.709718568757329,504848,508431,11507
本月可完工案件較多所致,3498,陽程,1150817,33.554573418221516,321521,712.5764026871038,52845,429406,其他電子業,132.44309301641832,646230,1502117,11507
-,3499,環天科,1150817,-14.028088094478136,31330,9.938775510204081,24500,26935,通信網路業,-15.827250962032434,206334,173677,11507
-,3508,位速,1150817,4.280397022332506,80600,15.283854773890024,72907,84050,其他電子業,1.1745600050598721,537563,543877,11507
客戶訂單增加,3511,矽瑪,1150817,17.448959291771317,160852,57.03076296474852,120307,188919,電子零組件業,12.06830637187201,999204,1119791,11507
電子事業出貨減少.,3512,皇龍,1150817,-100.0,15684,-100.0,1636,0,建材營造,-64.2336637611057,762446,272699,11507
-,3516,亞帝歐,1150817,-13.055958614598447,95106,-2.676459164577522,84963,82689,光電業,23.546354430523852,527037,651135,11507
-,3520,華盈,1150817,33.832758898985006,105321,44.06729422827298,97839,140954,電子零組件業,13.100049488617618,678944,767886,11507
POS商品內外銷累計較去年同期減少，建設事業累計較去年同期減少。,3521,台鋼建設,1150817,-66.66666666666667,3,-99.8080614203455,521,1,建材營造,-94.22158931365077,199432,11524,11507
-,3522,御嵿,1150817,-20.16171991313018,73213,-4.230428941245863,61034,58452,觀光餐旅,8.282436628135796,686030,742850,11507
"HC膜:銷貨額$4,123,448;售電:銷貨額$2,334,155",3523,迎輝,1150817,-37.11285290312762,13141,81.46684233640755,4554,8264,光電業,-6.061820263308529,52410,49233,11507
-,3526,凡甲,1150817,-1.4076454131186396,409265,41.35814579187803,285448,403504,電子零組件業,27.123072046684293,2135879,2715195,11507
-,3527,聚積,1150817,-31.079592677933118,147991,-10.287443267776096,113692,101996,半導體業,-4.312966641943409,872323,834700,11507
-,3529,力旺,1150817,278.72841180360206,178454,23.765016114854966,546080,675856,半導體業,19.718386918531927,2394349,2866476,11507
-,3531,先益,1150817,-9.272532971902205,76732,-28.86788597118627,97870,69617,光電業,-27.81549422306996,831497,600212,11507
-,3537,堡達,1150817,5.024472632014339,290120,8.569097232119951,280648,304697,電子零組件業,6.958799822434121,1716546,1835997,11507
-,3540,曜越,1150817,-7.0274289744415315,391338,-7.590850443457854,393724,363837,電腦及週邊設備業,-11.423155666104153,2990741,2649104,11507
-,3541,西柏,1150817,22.93238611296508,88399,30.747759128917764,83115,108671,其他電子業,-4.643862274046286,640286,610552,11507
-,3546,宇峻,1150817,5.476974923455234,145993,21.942508710801395,126280,153989,文化創意業,43.503456515045194,756687,1085872,11507
-,3548,兆利,1150817,-16.69551446365939,788044,6.317584583467618,617467,656476,電子零組件業,-20.66228200515361,5952721,4722753,11507
-,3551,世禾,1150817,2.1559528234014476,293281,25.203829614740087,239293,299604,綠能環保,20.27538715835829,1639510,1971927,11507
-,3552,同致,1150817,-10.222891039509426,709046,-3.808893462502663,661767,636561,其他電子業,-3.357948284057542,4685093,4527770,11507
本月因銷售電子產品，致本月及累計營收較去年同期增加。,3555,博士旺,1150817,59.44453434743912,49436,31.44396084513149,59967,78823,半導體業,445.848475801221,97133,530199,11507
客戶需求增加，致本月營收較去年同月增加。,3556,禾瑞亞,1150817,8.95468041006106,107106,75.26019373732822,66585,116697,半導體業,30.02110069166287,572967,744978,11507
-,3558,神準,1150817,-1.853840510478262,1316726,3.169120059651019,1252619,1292316,通信網路業,-14.050158813670347,9214572,7919910,11507
新專案導入以及客戶需求增加,3564,其陽,1150817,-9.264572451506902,326232,80.14118792599805,164320,296008,通信網路業,23.25096205974102,1350228,1664169,11507
-,3567,逸昌,1150817,8.027620096585613,23606,13.317632420902951,22504,25501,半導體業,3.647467978624141,153257,158847,11507
-,3570,大塚,1150817,-9.036330109274918,256509,28.933684774740424,180969,233330,資訊服務業,8.42473649914103,1536143,1665559,11507
客戶需求增加,3577,泓格,1150817,-15.05824884681188,165411,54.06706434492741,91196,140503,電腦及週邊設備業,39.95157212039828,700010,979675,11507
-,3580,友威科,1150817,-31.272113405637906,43243,-29.345758843666793,42064,29720,其他電子業,-10.883200611374658,246003,219230,11507
主要係因市場需求較去年同期成長所致。,3581,博磊,1150817,-10.051185898560679,199469,73.94423546748362,103148,179420,半導體業,34.99435285869232,758791,1024325,11507
-,3587,閎康,1150817,0.8404008423706717,558424,18.55818565765068,474971,563117,其他電子業,17.635630599474858,3086785,3631159,11507
"客戶需求增加,故出貨量較去年同期成長",3594,磐儀,1150817,-2.7694845860152193,264273,51.13252048300484,170019,256954,電腦及週邊設備業,42.84900257523927,1040680,1486601,11507
-,3597,映興,1150817,14.955663867520112,85145,35.57774884339419,72194,97879,電子零組件業,17.538235690639183,467299,549255,11507
本月營收較去年同期減少主要是客製化成車銷售減少。,3609,三一東林,1150817,-34.22946461312798,43632,-58.209672486857244,68669,28697,電子零組件業,-33.28248805721051,313369,209072,11507
-,3611,鼎翰,1150817,1.552912341827158,1029807,24.72557484972808,838480,1045799,電腦及週邊設備業,2.5855501643015666,6779911,6955209,11507
-,3615,安可,1150817,21.108875025155967,49690,-30.942244356976463,87143,60179,光電業,-27.88191205862758,600400,432997,11507
-,3623,富晶通,1150817,9.955802357207615,17648,-19.246774864752393,24030,19405,光電業,-15.500653942497395,180444,152474,11507
-,3624,光頡,1150817,9.165282456494404,322085,43.26314245434469,245426,351605,電子零組件業,25.758498314731263,1570076,1974504,11507
-,3625,西勝,1150817,-21.828073993471165,45950,5.865016209843796,33930,35920,電腦及週邊設備業,4.334547163162222,246877,257578,11507
-,3628,盈正,1150817,0.8275525368441948,372786,23.922640458143622,303311,375871,其他電子業,17.358529744249324,1810787,2125113,11507
4556.44,3629,地心引力,1150817,18.435155412647376,4665,972.8155339805825,515,5525,文化創意業,4456.313993174062,586,26700,11507
-,3630,新鉅科,1150817,-6.657089169051937,183068,-6.695314590238229,183143,170881,光電業,8.49863382859118,1307669,1418803,11507
本月收入較去年同期營收增多肇因於錫价上漲50%多,3631,晟楠,1150817,62.26808905380334,4312,181.79621425694725,2483,6997,電子零組件業,43.019715497878714,20035,28654,11507
部分專案於本月完成驗收並認列收入,3632,研勤,1150817,-3.181965268040125,27813,55.69817866435386,17295,26928,通信網路業,19.654027065717933,141803,169673,11507
-,3646,艾恩特,1150817,3.2391733441392923,76501,43.355780226163034,55093,78979,電子零組件業,15.737523531061,399472,462339,11507
本月貴金屬銷售金額佔合併營收比率為63%。,3663,鑫科,1150817,-21.64699424384504,659468,7.8994077897779,478884,516713,其他電子業,42.69974821276856,3232094,4612190,11507
本年營收較去年同期減少主係美國及印度地區的營收減少所致。,3664,安瑞-KY,1150817,22.798884217970375,25453,7.7087425479858025,29019,31256,通信網路業,-63.410041300677854,425901,155837,11507
-,3666,光耀,1150817,-40.86120753656922,49837,15.119912506835403,25602,29473,光電業,-5.855673715849204,296772,279394,11507
去年基期較低所致,3672,康聯訊,1150817,42.78973754054851,13564,107.10008554319931,9352,19368,通信網路業,-4.828716115579386,134280,127796,11507
-,3675,德微,1150817,3.9683815361315604,279963,29.777026755897577,224287,291073,半導體業,19.015080413014804,1492731,1776575,11507
本月營收較去年同期增加，主要係光罩載具產品營收增加所致。,3680,家登,1150817,15.806996317028094,752110,71.69316654116516,507298,870996,半導體業,28.665066968265855,3925740,5051056,11507
-,3684,榮昌,1150817,-10.9238809744584,118630,7.080175104373556,98684,105671,通信網路業,5.989871827284777,652635,691727,11507
-,3685,元創精密,1150817,-25.71337397759527,119082,-17.227763534629563,106874,88462,電機機械,32.18368908643905,614190,811859,11507
-,3687,歐買尬,1150817,-3.7066775253640434,174361,14.867240895687809,146167,167898,數位雲端,13.868936905075213,1014519,1155222,11507
本年度營收新增浙江榆陽電子股份有限公司營收,3689,湧德,1150817,9.665237883318628,768486,64.90051323392157,511073,842762,電子零組件業,40.78636874283747,3542740,4987695,11507
係因太陽能導電漿產品、太陽能模組及AI伺服器液冷管接件及其零組件之加工與測試服務銷量增加所致,3691,碩禾,1150817,24.277770939874998,739343,66.54111966417688,551719,918839,光電業,127.67361077252771,2666338,6070548,11507
營收成長,3693,營邦,1150817,5.567932953478891,1160269,148.92888425527937,492057,1224872,電腦及週邊設備業,11.055660113139236,4791618,5321363,11507
-,3707,漢磊,1150817,4.442842838969319,620211,30.57481737111158,496088,647766,半導體業,25.932527721914624,3158512,3977594,11507
DRAM及CPU持續熱持，並有大型專案出貨。,3709,鑫聯大投控,1150817,-14.46391840712992,7614783,101.52637957541815,3232027,6513387,電腦及週邊設備業,41.145846312940165,24036103,33925961,11507
-,3710,連展投控,1150817,6.713633174391798,698370,32.06172340712073,564324,745256,電子零組件業,13.017535004759893,4053663,4581350,11507
綠電轉售電平台於去年底開始售電，使本期較去年同期增加,3713,新晶投控,1150817,-29.631003777657853,88944,336.40356993445823,14342,62589,綠能環保,82.85172097096945,164413,300632,11507
-,4102,永日,1150817,-37.893341672995874,67149,16.726377071204656,35728,41704,生技醫療業,8.835377132287457,291940,317734,11507
-,4105,東洋,1150817,-12.972148715198047,617099,11.282682481071202,482598,537048,生技醫療業,7.404116058558598,3453498,3709199,11507
-,4107,邦特,1150817,-2.199133935724644,197214,8.44559643756747,177856,192877,生技醫療業,8.20270345169357,1226876,1327513,11507
-,4109,加捷生醫,1150817,-1.186107337645222,49321,33.347926015103425,36548,48736,生技醫療業,14.50646289977445,276656,316789,11507
-,4111,濟生,1150817,-3.2336080257972055,122804,-1.2161667885881493,120296,118833,生技醫療業,5.328975063764456,807660,850700,11507
不動產於過戶時點認列營收，故波動較大。,4113,聯上,1150817,250.11808367071524,165984,1096390.566037736,53,581140,建材營造,41.56907134903325,543315,769166,11507
係因本公司與其他藥廠簽訂藥物經銷代理合約，取得台灣市場多數醫療機構通路之行銷推廣權利所致,4114,健喬,1150817,5.434734841775986,750929,59.794781955828064,495473,791740,生技醫療業,22.046288990081653,3557347,4341610,11507
-,4116,明基醫,1150817,-7.331360031618652,465548,-6.607770256374732,461941,431417,生技醫療業,5.300659065724086,3024888,3185227,11507
-,4120,友華,1150817,-11.653771112470366,447958,13.312145679436522,349260,395754,生技醫療業,3.9956514568987336,2631686,2736839,11507
-,4121,優盛,1150817,-1.0438330598976597,327926,1.168493086623747,320755,324503,生技醫療業,-0.8420674722044585,2228325,2209561,11507
-,4123,晟德,1150817,34.62282731158567,116273,15.282922985144978,135779,156530,生技醫療業,18.086882519917808,893045,1054569,11507
-,4126,太醫,1150817,8.342091307911103,207430,0.4981665325105089,223620,224734,生技醫療業,1.1098396938076398,1393895,1409365,11507
本年度整體營收較去年同期增加，主要係本年度電視媒體銷售增長。,4127,天良,1150817,6.267924460237008,55441,25.185389796655546,47063,58916,生技醫療業,51.5327536072859,291632,441918,11507
-,4128,中天,1150817,-5.64057690398173,161136,-2.821771420536616,156462,152047,生技醫療業,6.275015969885627,1066069,1132965,11507
-,4129,聯合,1150817,7.031166014427837,530225,7.114396966476852,529813,567506,生技醫療業,14.138856877797211,3177718,3627011,11507
-,4131,浩泰,1150817,-50.79779433331378,34094,-31.525022450812312,24498,16775,生技醫療業,17.0278993916674,147781,172945,11507
-,4138,曜亞,1150817,-2.2996347541038165,120193,13.423998609112246,103531,117429,生技醫療業,2.892254966527491,781985,804602,11507
公告合併數為公司自結數,4139,馬光-KY,1150817,1.1749580771380659,89450,5.97430883265612,85399,90501,生技醫療業,-0.1426737281335259,623100,622211,11507
每月營收受行銷夥伴每月進貨數量及CDMO生產時程影響而會有波動，但公司仍持續朝整年銷售目標前進,4147,中裕,1150817,40.72871094613107,45258,68.36553966533612,37829,63691,生技醫療業,9.668951395011518,351610,385607,11507
-,4153,鈺緯,1150817,-12.784323609098356,95226,30.249043347343328,63764,83052,生技醫療業,8.918649126795087,505895,551014,11507
115年7月增加服飾配件銷售業務、泰國房屋租賃維持滿租，故營收增加。,4154,樂威科-KY,1150817,117.85143769968052,2504,197.43729552889857,1834,5455,其他,57.48921484037964,11590,18253,11507
-,4157,太景*-KY,1150817,-2.1839841164791527,3022,-3.96361273554256,3078,2956,生技醫療業,-12.725060827250608,24660,21522,11507
-,4160,訊聯基因,1150817,16.727135748131406,50439,9.628526207988083,53705,58876,生技醫療業,4.816850940953316,342153,358634,11507
-,4161,聿新科,1150817,23.844417929030918,77104,41.30608500059193,67576,95489,生技醫療業,22.826316902898245,453792,557376,11507
-,4162,智擎,1150817,-88.66446125222849,205857,4.3744688464463035,22357,23335,生技醫療業,28.19499859787566,406526,521146,11507
-,4163,鐿鈦,1150817,29.811649964209018,223520,49.86338727254885,193613,290155,生技醫療業,12.70464950095314,1414797,1594542,11507
-,4166,友霖,1150817,-27.963828101521734,183015,20.084345141045844,109787,131837,生技醫療業,18.331904258642577,752235,890134,11507
-,4167,松瑞藥,1150817,-4.679906519209521,102267,-10.437243318234856,108841,97481,生技醫療業,-12.8761370600379,708186,616999,11507
115年7月為委託研究收入。,4168,醣聯,1150817,,0,3544.8275862068967,29,1057,生技醫療業,-49.3436371612729,29633,15011,11507
-,4171,瑞基,1150817,5.470628260376502,22045,32.90842574597005,17494,23251,農業科技,8.915314157158926,124460,135556,11507
-,4173,久裕,1150817,-13.969616449409441,143762,7.345333981391473,115216,123679,生技醫療業,2.6541853942076985,887730,911292,11507
潤雅子公司提供CDMO之服務收入於滿足履約義務時認列，本月及本年累計完成履約義務較去年減少,4174,浩鼎,1150817,-60.44009305932532,10316,-0.584652862362972,4105,4081,生技醫療業,-20.420803933463173,31321,24925,11507
-,4175,杏一,1150817,-14.966529723257326,775016,0.48395286110064967,655849,659023,生技醫療業,1.1425835465255845,4569819,4622033,11507
-,4183,福永生技,1150817,-28.77426360798154,36835,-37.19087405137535,41771,26236,生技醫療業,-33.08193349331505,291700,195200,11507
本期安克甲狀偵和安克呼止偵出貨增加，營收較去年同期大幅成長56.55%。,4188,安克,1150817,80.22690437601297,1851,56.54622243078367,2131,3336,生技醫療業,-3.6906854130052724,17070,16440,11507
-,4192,杏國,1150817,33.6402701043585,1629,-12.253123740427247,2481,2177,生技醫療業,-7.0649748134923165,15683,14575,11507
因動物醫療儀器及保健食品銷售較去年增加所致。,4198,欣大健康,1150817,29.364642573228153,16353,75.0517170045511,12085,21155,生技醫療業,-19.439303584892727,116712,94024,11507
-,4205,中華食,1150817,27.710857908038626,165787,16.835431163398983,181219,211728,食品工業,2.6067682130226038,1165773,1196162,11507
-,4207,環泰,1150817,16.669158287238353,461547,28.253600026675684,419858,538483,食品工業,9.108730255551324,3090299,3371786,11507
-,4303,信立,1150817,20.6927414302336,89384,16.878473689342478,92301,107880,塑膠工業,4.639837661955885,595301,622922,11507
本月納入上月工程收入，致本月營收較去年同期增加54.85%。,4304,勝昱,1150817,111.89929328621908,22640,54.84974661889545,30981,47974,塑膠工業,8.079953701642701,202167,218502,11507
-,4305,世坤,1150817,12.139289867961962,73085,5.164759020684699,77932,81957,塑膠工業,-7.323132003044125,626781,580881,11507
-,4401,東隆興,1150817,-13.807329042734839,334996,-21.75946499604383,369044,288742,紡織纖維,-2.42467718794835,2279190,2223927,11507
-,4402,郡都開發,1150817,14.93421052631579,1520,-28.5772690106296,2446,1747,紡織纖維,-13.813329895578187,15514,13371,11507
因應產業趨勢調整經營結構,4406,新昕纖,1150817,18.130745658835547,5874,-72.84361302442079,25552,6939,紡織纖維,-61.94526312926835,294171,111946,11507
"本公司去年同期承接新客戶訂單致基期較高,本期該客戶未有訂單需求,致營收較去年同期減少。",4413,飛寶企業,1150817,31.92609670987039,32096,-64.59112081148658,119583,42343,紡織纖維,-34.69562037714191,432092,282175,11507
出售資產,4416,三圓,1150817,-64.37115611894976,1444341,5471.697704634041,9236,514602,建材營造,485.18497432584826,456685,2672452,11507
-,4417,金洲,1150817,41.37965347917775,261283,26.849947289079054,291211,369401,紡織纖維,-2.274653461007069,1962189,1917556,11507
-,4419,皇家美食,1150817,1.8661010745955384,226783,2.310472191959185,225798,231015,觀光餐旅,2.234144738505093,1582440,1617794,11507
-,4420,光明,1150817,6.547881873198099,77002,-12.010553071008012,93243,82044,紡織纖維,-8.807279712197424,614310,560206,11507
-,4430,耀億,1150817,13.012655164638137,181823,10.166147511540256,186521,205483,其他,7.219816535349818,1257899,1348717,11507
-,4432,銘旺實,1150817,6.583013493748007,90931,-27.105959866421973,132956,96917,紡織纖維,-18.244300762194893,667677,545864,11507
子公司承攬之國軍案，本期出貨增加。,4433,興采,1150817,92.32137790807641,169184,61.313304082695026,201705,325377,紡織纖維,-13.787472184775286,1666803,1436993,11507
主係本期新開發產品陸續出貨，並受惠既有客戶訂單需求增加，致本期營業收入較去年同期成長。,4442,竣邦-KY,1150817,-19.275673670163428,167107,77.01725608555869,76205,134896,紡織纖維,22.09008040493628,937629,1144752,11507
-,4502,健信,1150817,12.998247084825852,104968,48.20756956679287,80031,118612,電機機械,29.792672162857517,532490,691133,11507
客戶調節訂單,4503,金雨,1150817,-56.189834904484016,40098,-75.88143225877313,72836,17567,電機機械,-3.4095625189100325,373479,360745,11507
上列為本公司自結數,4506,崇友,1150817,-2.859218804892849,500976,-15.443690750882656,575536,486652,電機機械,5.911004575066583,3665739,3882421,11507
-,4510,高鋒,1150817,16.057724703327967,160278,41.3434140040272,131605,186015,電機機械,28.048020560122517,852135,1091142,11507
處分不動產-新光段完成過戶入帳造成營收爆增,4513,福裕,1150817,-84.60631863357867,713572,26.00949846280916,87172,109845,電機機械,151.59591591087224,571584,1438082,11507
主係本期專案結案及工程收入認列所致。,4523,永彰,1150817,13.936081739337055,58919,106.54113593009662,32502,67130,電機機械,75.86128259842648,368346,647778,11507
上海延單客戶通知出,4527,方方土霖,1150817,18.1047433724604,238965,63.95413009254149,172139,282229,電機機械,8.92520461543162,1472885,1604343,11507
-,4528,江興鍛,1150817,6.990005878894768,119070,-4.039019245979436,132755,127393,電機機械,-6.720518933303764,901850,841241,11507
"115/3月起加計子公司萊陽, 115/4月起加計金萊陽, 致營收增加.",4529,淳紳,1150817,20.4073482428115,2504,549.7844827586207,464,3015,其他,309.0474673462886,3139,12840,11507
係為本公司自結數,4530,天意能創,1150817,466.42857142857144,5740,6.554583292367187,30513,32513,觀光餐旅,8.602756463258567,189881,206216,11507
-,4533,協易機,1150817,27.898142759545557,316168,9.233021694089299,370193,404373,電機機械,-3.70861352305987,2398821,2309858,11507
-,4534,慶騰,1150817,10.319091503206069,105581,42.490488482194195,81743,116476,電機機械,32.721895173904386,457119,606697,11507
-,4535,至興,1150817,4.167176427408502,212518,4.383292939390224,212078,221374,電機機械,-1.969373686322657,1510074,1480335,11507
-,4538,大詠城,1150817,18.6046511627907,32508,4.0760136047076605,37046,38556,電機機械,7.81397445106407,213003,229647,11507
-,4541,晟田,1150817,-2.4604631106030066,199434,39.15758750688538,139789,194527,其他,34.206063818557105,890462,1195054,11507
受益於半導體需求強勁與訂單增加，加上機台出貨順暢及設備陸續完成驗收，帶動交付效率提升，本期營收較去年同期顯著成長。,4542,科嶠,1150817,-12.450017352466313,132546,104.45399767433666,56758,116044,電子零組件業,41.64932219346722,473734,671041,11507
-,4543,萬在,1150817,-17.464590361308936,88041,17.855520954975997,61656,72665,電機機械,21.13354565814549,461243,558720,11507
-,4549,桓達,1150817,3.525318616820015,108359,-8.939703876875122,123192,112179,電機機械,-8.633388161624731,749613,684896,11507
-,4550,長佳,1150817,-9.544915412947125,64076,12.197293791982036,51659,57960,電機機械,-4.774208649933379,444304,423092,11507
-,4554,橙的,1150817,-18.6568513963247,55288,5.632413388138579,42575,44973,其他電子業,12.567099911135514,276826,311615,11507
營收增長主要係過濾設備訂單集中出貨所致。,4556,旭然,1150817,38.68584568716669,61317,67.43059657412877,50790,85038,其他,16.566284707877628,367928,428880,11507
-,4558,寶緯,1150817,26.214249557074158,158040,28.417101764641505,155329,199469,電機機械,16.301015350818442,933175,1085292,11507
-,4561,健椿,1150817,15.46965377528852,109091,26.50972672766167,99571,125967,電機機械,19.453400438319143,577205,689491,11507
-,4563,百德,1150817,-39.24014382537309,282843,19.67535045020578,143601,171855,電機機械,-13.731598850365147,1694799,1462076,11507
-,4568,科際精密,1150817,12.676179637573316,114230,28.440275421614608,100210,128710,電機機械,4.563853223418293,694961,726678,11507
"本期較去年同期變動 59.82%，主係設備產銷較去年同期增加 32,955仟元所致。",4577,達航科技,1150817,0.026937980480324912,96518,59.81724577463623,60409,96544,其他電子業,56.23802563047273,352315,550450,11507
-,4580,捷流閥業,1150817,-5.1351288868338925,216275,1.8956851682625453,201352,205169,電機機械,2.5482904172354814,1338309,1372413,11507
-,4584,君帆,1150817,3.8104014744771217,99832,-11.438117944642414,117021,103636,電機機械,-20.17570342871413,804879,642489,11507
-,4609,唐鋒,1150817,-5.4630715123094955,12795,-7.924183603562457,13137,12096,居家生活,4.776149932244126,78222,81958,11507
本月營收較去年同期增減變動達50％以上，主要是船舶延期所致。,4702,中美實,1150817,-91.5225643188528,4742,-94.01607621315868,6718,402,居家生活,-15.283564419552398,43923,37210,11507
-,4706,大恭,1150817,-2.720191364082434,97824,2.2389583042361862,93079,95163,化學工業,13.009443278708996,608581,687754,11507
-,4707,磐亞,1150817,-32.81799249207423,150774,-16.96682542154749,121991,101293,化學工業,-9.296292088020301,792090,718455,11507
-,4711,永純,1150817,-10.69266640548977,79129,-1.8418201516793067,71994,70668,化學工業,18.722596456929953,423531,502827,11507
原因：主要是增加營建收入,4714,永捷,1150817,5.647133667915459,141470,14.66064181543395,130349,149459,化學工業,66.12809624030187,802990,1333992,11507
-,4716,大立,1150817,-3.3414085859577902,45819,22.766458766458765,36075,44288,化學工業,-1.429949660422776,314067,309576,11507
-,4721,美琪瑪,1150817,-12.36551215917465,251045,25.02742053727204,175963,220002,化學工業,9.149031792338143,1644327,1794767,11507
-,4726,永昕,1150817,59.63713346580252,53849,38.558372689028225,62041,85963,生技醫療業,25.77009494817714,386316,485870,11507
-,4728,雙美,1150817,-1.488667093652149,224832,49.70260223048327,147950,221485,生技醫療業,20.849508882785774,1162248,1404571,11507
-,4729,熒茂,1150817,7.455021298496512,91321,18.56483495239476,82764,98129,光電業,-1.1809848646344063,633285,625806,11507
-,4735,豪展,1150817,39.72921308641073,82131,43.13456477543435,80177,114761,生技醫療業,13.330926893097653,531906,602814,11507
-,4741,泓瀚,1150817,-1.795846519728095,53401,39.11820882852292,37696,52442,化學工業,19.834636340392738,277691,332770,11507
本月營收減少，主係客戶需求減少。,4743,合一,1150817,-17.090179594956055,10468,-50.02591121091726,17367,8679,生技醫療業,23.067812522568065,69235,85206,11507
-,4744,皇將,1150817,-53.06294941339725,79270,-34.17719279623536,56526,37207,生技醫療業,-33.71444510362228,706267,468153,11507
本公司115年1-7月合併營業收入較去年同期下降2.73%，較115年1-6月合併營業收入下降幅度收斂0.79%，營收降幅改善。,4745,合富-KY,1150817,-28.584517652807754,343798,2.6369363381365036,239217,245525,生技醫療業,-2.728129768395681,1852038,1801512,11507
-,4747,強生製藥,1150817,15.26334722898195,47257,23.5567653396847,44085,54470,生技醫療業,5.633807097034951,329067,347606,11507
-,4749,新應材,1150817,-8.690840282514467,454490,22.532250301908295,338679,414991,半導體業,18.065012631121075,2450693,2893411,11507
內外銷營收均增加,4754,國碳科,1150817,-5.364235387214098,65713,63.63971265426414,38003,62188,化學工業,6.405158102003783,388515,413400,11507
本月較去年同月份出貨量增加,4760,勤凱科技,1150817,8.366309784464576,248915,78.37705579325349,151219,269740,其他電子業,61.37540118544151,996422,1607980,11507
-,4767,誠泰科技,1150817,3.319962214038306,73043,-10.103633114949375,83950,75468,化學工業,-10.70944765264857,600890,536538,11507
本月營收較去年同期增加乃因客戶需求增加,4768,晶呈科技,1150817,-3.333548024990109,108683,79.00834895212131,58690,105060,化學工業,131.97155056911384,399305,926274,11507
合併弘潔科技營業收入,4772,台特化,1150817,7.86556478228468,300576,269.2729985535143,87799,324218,化學工業,263.7796228480027,570168,2074155,11507
上海地區業務清算。,4804,大略-KY,1150817,-96.74744897959184,12544,-96.35779325120514,11202,408,觀光餐旅,-0.8451613808982297,71229,70627,11507
各業務團隊的整合開始發揮綜效，形塑娛樂產業一條龍的完整服務架構。,4806,桂田文創,1150817,15.410385259631491,10149,125.03362151777138,5205,11713,文化創意業,173.30493348247222,42019,114840,11507
-,4903,聯光通,1150817,-62.652440957530004,236567,-40.540940690342076,148593,88352,通信網路業,22.80356558873059,736933,904980,11507
-,4905,台聯電,1150817,32.841911952252204,78412,35.44502958195176,76905,104164,生技醫療業,33.65635084172466,411536,550044,11507
無建案入帳,4907,富宇,1150817,-99.84777620896575,45328,-99.99092617456725,760429,69,建材營造,53.18765350980116,1598025,2447977,11507
主要係受客戶訂單需求增加影響,4908,前鼎,1150817,8.20355341083571,91180,51.63065195340116,65066,98660,通信網路業,28.187329123643597,483171,619364,11507
-,4909,新復興,1150817,-1.0498220640569396,16860,-21.31031555115325,21201,16683,通信網路業,-37.22795139433073,191418,120157,11507
公司行銷團隊建置中,4911,德英,1150817,-2.301834544825199,11556,-59.50647394282845,27881,11290,生技醫療業,-58.55112382552655,188063,77950,11507
-,4923,力士,1150817,19.938662564184533,100102,49.72999937644198,80185,120061,半導體業,30.25919537168682,488126,635829,11507
-,4924,欣厚-KY,1150817,282.0073033086201,18074,-15.159558127818533,81381,69044,綠能環保,8.634014937597595,430993,468205,11507
因資料中心需求上升，故本月及本年累計營收較去年同期增加。,4931,新盛力,1150817,13.951507191773008,394409,159.5189975747777,173180,449435,電腦及週邊設備業,82.01318588196726,1293353,2354073,11507
-,4933,友輝,1150817,-8.932173414272741,209210,-29.487374027098745,270197,190523,光電業,-10.514222579371511,1795701,1606897,11507
-,4939,亞電,1150817,11.256284731410426,151160,36.75099000642386,122979,168175,電子零組件業,13.145214501100718,810835,917421,11507
-,4946,辣椒,1150817,70.55542081008974,20615,48.129423660262894,23736,35160,文化創意業,-17.7366655470103,229237,188578,11507
-,4950,金耘國際,1150817,-3.85548686244204,129400,48.81342551613598,83602,124411,鋼鐵工業,24.79410482737455,612569,764450,11507
-,4951,精拓科,1150817,0.4577418070850471,45222,-8.84666318873149,49838,45429,半導體業,0.01824122581037446,312479,312536,11507
-,4953,緯致,1150817,3.2822847614984987,1233074,33.36925321210636,954903,1273547,資訊服務業,31.280601009362524,6319236,8295931,11507
-,4966,譜瑞-KY,1150817,-19.078470579512214,1672372,-4.339236132709783,1414696,1353309,半導體業,-0.7772187659054726,9668449,9593304,11507
-,4971,IET-KY,1150817,46.18948247078464,71880,39.64994817000239,75246,105081,半導體業,18.777786343895357,583695,693300,11507
-,4972,湯石照明,1150817,1.2009801102048798,86929,27.266546112115734,69125,87973,光電業,8.007751338247918,542874,586346,11507
本月營收較去年同期增加係因市場價格上漲所致,4973,廣穎電通,1150817,16.980324220458773,861821,228.14322726799293,307232,1008161,半導體業,126.68837392653762,2440351,5531992,11507
-,4974,亞泰,1150817,10.572971855374357,348237,0.5407522487825894,382985,385056,電子零組件業,-1.8343787152051818,2439300,2394554,11507
-,4979,華星光,1150817,11.79872682565598,455083,31.011263151931526,388346,508777,通信網路業,17.6433828416455,2542738,2991363,11507
-,4991,環宇-KY,1150817,-55.40777940270228,326169,-6.927664584826457,156272,145446,半導體業,45.74648863298457,1119863,1632161,11507
-,4995,晶達,1150817,0.5447349382208162,140986,49.776002704873,94644,141754,光電業,16.139563103479375,731798,849907,11507
-,5009,榮剛,1150817,-0.9056134638107393,1119683,16.670942858164334,951002,1109543,鋼鐵工業,2.1861714001405206,7046657,7200709,11507
-,5011,久陽,1150817,-2.2818310816803145,270616,-46.167140990094175,491226,264441,鋼鐵工業,-24.220511995967303,3221666,2441362,11507
-,5013,強新,1150817,13.235437988140596,735956,40.90763833114934,591425,833363,鋼鐵工業,12.012882954712861,4446185,4980300,11507
-,5014,建錩,1150817,1.7360707827845352,1635878,31.360362948673828,1266956,1664278,鋼鐵工業,16.113194958431333,8363270,9710860,11507
-,5015,華祺,1150817,23.75379045032813,110475,3.9127758058509223,131569,136717,鋼鐵工業,-22.52815217676887,951525,737164,11507
-,5016,松和,1150817,-10.12332203519657,208884,10.969381723607992,169180,187738,鋼鐵工業,6.559731589893256,1218434,1298360,11507
-,5201,凱衛,1150817,51.34943569052942,18341,-10.650830436461954,31068,27759,資訊服務業,-17.07180358074434,180186,149425,11507
-,5202,力新,1150817,-28.890770533446233,17715,-5.6050955414012735,13345,12597,資訊服務業,-13.620018614095947,94552,81674,11507
係因本期環保綠能收入較同期減少,5205,中茂,1150817,-78.65961199294533,2835,-71.14926084883166,2097,605,綠能環保,38.13038130381304,12195,16845,11507
本期營業收入較去年減少，主要係因上期「君匯」及「心里程」完工交屋過戶認列收入所致。,5206,坤悅,1150817,-100.0,30445,-100.0,81624,0,建材營造,-39.179539326052065,3756670,2284824,11507
-,5209,新鼎,1150817,7.042210008060597,356053,-25.015591953174955,508275,381127,其他,-26.43669873738832,2926553,2152869,11507
-,5210,寶碩,1150817,22.00058525165821,20504,14.816174783127552,21787,25015,資訊服務業,5.1404157136820645,149093,156757,11507
-,5211,蒙恬,1150817,12.150658840906441,25727,49.536149261466704,19295,28853,資訊服務業,37.4957518931307,114757,157786,11507
因去年有較大專案認收，致本期營收較去年同期減少,5212,凌網,1150817,-1.8256002510854215,95585,-34.30687593632303,142846,93840,資訊服務業,-1.6843189051927117,606061,595853,11507
認列1個工案、餘屋及租金收入,5213,亞昕,1150817,-39.1280397659851,459287,76.23694346211792,158637,279577,建材營造,-54.61956783880071,10780792,4892370,11507
新客戶導入量產及產品線組合多元化,5220,萬達光電,1150817,-7.447889112263253,94510,52.60651104365121,57318,87471,光電業,36.170502250438346,455689,620514,11507
-,5223,安力-KY,1150817,19.97598489099675,165729,15.382383491849797,172327,198835,電腦及週邊設備業,0.7126832026106372,1117888,1125855,11507
因需求減少，營業收入減少,5227,立凱-KY,1150817,-35.91582974653276,2091,-94.00071633237822,22336,1340,電子零組件業,-80.6372136935632,309284,59886,11507
市場需求增加,5228,鈺鎧,1150817,26.374119873614653,62349,81.75589951788886,43351,78793,電子零組件業,53.54175557452256,299936,460527,11507
-,5230,雷笛克光學,1150817,5.390114610858041,123374,19.064145414587244,109205,130024,光電業,6.629369834235297,738758,787733,11507
-,5245,智晶,1150817,14.720941416084411,70702,49.151358011070045,54381,81110,光電業,-5.567304183743617,496039,468423,11507
-,5251,天鉞電,1150817,-54.98378541441464,39779,-6.069030633655057,19064,17907,光電業,7.190515402968687,189444,203066,11507
因增加新訂單，本月依工程進度認列營收，致2026年7月營收較去年同期增加。,5263,智崴,1150817,0.731035650437476,200811,87.11518537704433,108104,202279,文化創意業,56.84437293127921,674934,1058596,11507
-,5272,笙科,1150817,13.416140772646832,29949,31.2277855045588,25884,33967,半導體業,-9.555205531007374,215223,194658,11507
本月及本年增減百分比達50%以上者，主係伺服器晶片營收較去年同期成長所致。,5274,信驊,1150817,16.31993710859834,1310195,97.59287014515903,771292,1524018,半導體業,68.05540554444981,5082957,8542184,11507
-,5276,達輝-KY,1150817,24.58161766476438,83058,18.929946554795702,87005,103475,其他,14.451914402086723,529826,606396,11507
-,5278,尚凡*,1150817,-13.474583599979244,289085,19.424391734463924,209448,250132,數位雲端,18.001600027527356,1394976,1646094,11507
-,5287,數字,1150817,4.442415944013388,190617,-2.6017230666868882,204403,199085,數位雲端,-1.8435523813654195,1360417,1335337,11507
本月營收及本年累計營收較去年同期增加係因出貨量增加及銷售單價上漲所致,5289,宜鼎,1150817,3.4944377957713626,8207987,636.5284673102367,1153358,8494810,電腦及週邊設備業,548.7852489122538,6800529,44120829,11507
主要為客戶需求增加所致。,5291,邑昇,1150817,51.11913828390642,122639,105.64457069306052,90122,185331,電子零組件業,43.53916167664671,626250,898914,11507
-,5299,杰力,1150817,-2.666091940260383,125277,-6.453444215145494,130349,121937,半導體業,-3.296290678594423,942787,911710,11507
"子公司受地緣政治影響,致使營收下滑。",5301,寶得利,1150817,-68.58956408102306,10713,-73.23204200143186,12571,3365,觀光餐旅,-22.044213729526536,122903,95810,11507
本月營收成長係分批訂單因生產進度改一次性出貨，今年累計營收成長係提供技術服務予關係人。,5302,太欣,1150817,161.17424242424244,1584,97.84791965566714,2091,4137,半導體業,79.53085160632331,9805,17603,11507
-,5309,系統電,1150817,8.498481442306712,294029,29.200095578676237,246917,319017,電子零組件業,6.984569931976621,1953005,2089414,11507
本月營收減少係因資訊系統整合業務銷售量較去年同期減少所致,5310,天剛,1150817,-91.76470588235294,85,-78.125,32,7,資訊服務業,-23.4338747099768,431,330,11507
單月及累計營收再創同期歷史新高,5312,寶島科,1150817,8.06950582010873,363653,16.777402714717,336536,392998,生技醫療業,12.94538046267305,2328599,2630045,11507
本月主要成長係生技產品營收增加及子公司營收增加，致本月及本年度營收較去年同期增加。,5314,世紀*,1150817,-4.497998490013182,578813,149.62653877764834,221442,552778,其他,159.93783085768646,1316087,3421008,11507
-,5315,光聯,1150817,-3.6406918255910914,148708,7.099667401621884,133795,143294,光電業,-6.2857539121374355,1139211,1067603,11507
-,5321,美而快,1150817,1.4324644124923804,167334,-24.962864064793365,226196,169731,數位雲端,-23.716253816510466,1676597,1278971,11507
-,5324,士開,1150817,-74.71722418885236,190964,5.387117193809617,45813,48281,建材營造,4.807166681191225,504892,529163,11507
-,5328,華容,1150817,-4.56775161588181,103968,41.970609698513314,69887,99219,電子零組件業,25.02126327951985,498512,623246,11507
-,5340,建榮,1150817,9.854494958642759,248445,47.47683246426931,185065,272928,電子零組件業,24.812520808385905,1288543,1608263,11507
-,5344,立衛,1150817,2.3051660982695465,31668,5.8101179006499235,30619,32398,半導體業,13.454291841025961,192132,217982,11507
主係產品線成熟且結合經銷商銷售動能，導致較去年同期增加。,5345,馥鴻,1150817,-42.04619037340816,4633,328.91373801916933,626,2685,其他,539.025681758009,3777,24136,11507
-,5347,世界,1150817,-21.26300529724135,5976507,30.25152817928275,3612796,4705722,半導體業,15.482479140506403,27261448,31482196,11507
本月較去年同期增加百分比達50%以上：主要係終端市場需求增加及本年度新增門市提高營運量能所致。,5348,正能量智能,1150817,24.55770850884583,21366,52.21345229924503,17484,26613,運動休閒,25.528486819531263,134062,168286,11507
本月營收及本年累計營收皆較去年同期增加，主係市場需求增加所致。,5351,鈺創,1150817,11.696589119009486,1902529,590.8315426401698,307609,2125060,半導體業,481.0886945275895,1679461,9759158,11507
-,5353,台林,1150817,6.26310965670384,162571,9.969317342703638,157092,172753,通信網路業,6.227173066173127,1035783,1100283,11507
本月營業額增加主要原因為原物料價格上漲而調漲產品售價，終端客戶預期產品售價持續走高提前拉貨，帶動出貨量與營收的成長。,5355,佳總,1150817,20.284753324155236,57383,94.81512842224105,35430,69023,電子零組件業,28.666895815619515,276385,355616,11507
-,5356,協益,1150817,17.480346352026256,366217,46.988705081688295,292698,430233,電腦及週邊設備業,13.298937784522003,1944050,2202588,11507
主係因調整旗下飯店營運結構，結束花蓮分公司及子公司力麗明池合作經營，致使力麗觀光及子公司合併營收下降所致。,5364,力麗店,1150817,86.33017875920085,4755,-71.689672801636,31296,8860,觀光餐旅,-54.11818339701285,184256,84540,11507
-,5371,中光電,1150817,-2.384238662466854,3621114,12.366209056871998,3145766,3534778,光電業,6.771751988310623,21477278,22931666,11507
-,5381,光譜,1150817,82.05432083949025,133319,6.331814597388942,228260,242713,電機機械,-8.962235121232181,1332402,1212989,11507
本期及累計營收增加主要係記憶體模組、顯卡及伺服器銷售成長所致,5386,青雲,1150817,27.11454007297887,1567303,716.243168167553,244078,1992270,電腦及週邊設備業,521.9729949035211,2755628,17139262,11507
-,5392,能率,1150817,9.455708067436216,778810,16.582922819810776,731198,852452,光電業,5.639418099708172,5013230,5295947,11507
-,5398,慕康生醫,1150817,-20.87457712066157,15962,-42.17562494277081,21842,12630,其他,-34.787408046023316,124111,80936,11507
-,5403,中菲,1150817,3.857448266127783,290477,13.401922346811814,266029,301682,資訊服務業,0.11282609761573578,1937495,1939681,11507
本期營收較去年同期大幅增加主要係專案收入增加所致,5410,國眾,1150817,22.42331648842402,331851,31.84064748318173,308147,406263,資訊服務業,50.748860728542695,2470219,3723827,11507
-,5425,台半,1150817,3.6075987259621143,1670280,24.0855652243746,1394632,1730537,半導體業,5.523522446958523,10614712,11201018,11507
-,5426,振發,1150817,39.6490291503203,161096,40.52570100755195,160091,224969,電腦及週邊設備業,17.434427530398434,1045942,1228296,11507
-,5432,新門,1150817,12.058980972310088,20549,32.156795224977046,17424,23027,綠能環保,4.358741131526287,109940,114732,11507
-,5438,東友,1150817,12.65513350883791,85088,-18.444718594461225,117535,95856,電腦及週邊設備業,-43.776437603380195,838531,471452,11507
-,5439,高技,1150817,-4.778296853482547,1103029,4.481681538293195,1005270,1050323,電子零組件業,40.77892308318439,4717616,6641409,11507
配合客戶出貨,5443,均豪,1150817,79.52912110183432,466277,165.60532795207635,315168,837103,半導體業,22.375067810629616,2459054,3009269,11507
-,5450,南良,1150817,2.0967385883295586,244618,29.425391001523586,192966,249747,其他,11.649094912709078,1426437,1592604,11507
-,5452,佶優,1150817,6.768251179091581,414302,9.82302906315638,402778,442343,其他電子業,-4.130588891416203,3015938,2891362,11507
本年營收較去年減少係因去年個案交屋認列收入，且交屋量體較大，故與去年同期營收相比較變動減少幅度較大。,5455,昇益,1150817,2.0618556701030926,194,0.5076142131979695,197,198,建材營造,-99.59460633426986,2025932,8213,11507
-,5457,宣德,1150817,15.541509199267887,1744541,-3.1656950419516083,2081565,2015669,電子零組件業,-2.34286752426253,12929711,12626785,11507
-,5460,同協,1150817,7.941883865900947,20373,12.774358974358975,19500,21991,電子零組件業,12.210065014631896,138738,155678,11507
-,5464,霖宏,1150817,0.48429045469492693,100353,37.474608389797005,73351,100839,電子零組件業,31.29607996914139,547011,718204,11507
-,5465,富驊,1150817,0.20532729544702075,374524,-27.435443796707176,517185,375293,電腦及週邊設備業,-34.56712913964631,3637690,2380245,11507
-,5468,凱鈺,1150817,-22.80119482243611,12052,31.468136215910697,7077,9304,半導體業,46.40021425420631,63476,92929,11507
-,5474,聰泰,1150817,1.3869431213224992,164174,18.503356803667923,140461,166451,電腦及週邊設備業,3.42454604205033,823204,851395,11507
市場價格及需求數量上漲,5475,德宏,1150817,31.612444117967758,174251,264.03117509801746,62999,229336,電子零組件業,149.8817311644841,425725,1063809,11507
因IFRS15，MyCard屬代理性質營收採淨額，若總額本期為31.98億，較上期增加5.48%，較去年同期增加37.87%,5478,智冠,1150817,1.5773276613267937,543958,7.722331399338699,512928,552538,文化創意業,12.667252799290123,3682898,4149420,11507
-,5481,新華,1150817,23.912417170844137,6942,-8.51855790705094,9403,8602,其他,-8.672694521951048,56626,51715,11507
-,5483,中美晶,1150817,-9.199385879749837,7706634,27.720783181678307,5478882,6997671,半導體業,5.357930565970539,45083283,47498814,11507
-,5487,通泰,1150817,4.216073781291173,15180,17.55963439102326,13457,15820,半導體業,-3.0327673754363693,100832,97774,11507
-,5488,松普,1150817,1.440894758760188,84045,33.400093882021594,63910,85256,電子零組件業,39.69930023522125,406851,568368,11507
-,5489,彩富,1150817,0.5795315833304813,175314,15.44605795545313,152738,176330,其他電子業,13.547539616346956,959200,1089148,11507
因去年同期主要客戶出貨減少,5490,同亨,1150817,-21.657675112603208,179613,56.01321610324526,90193,140713,電腦及週邊設備業,22.61277446521574,848286,1040107,11507
-,5493,三聯,1150817,-6.752403363176015,587302,26.343850356206858,433456,547645,其他電子業,18.13981383510413,3076305,3634341,11507
主係鑽針收入成長，因AI產品暢旺，對鑽針的消耗大幅增加，鑽針需求量及價格皆有所提升。,5498,凱崴,1150817,8.423665621974946,208674,102.99487694806069,111457,226252,電子零組件業,68.03189575975748,747811,1256561,11507
營收隨完工案量多寡而變化乃屬建設業特性，故本期業績大幅成長尚屬合理。,5508,永信建,1150817,-45.56951755253888,505340,170.26185212478507,101775,275059,建材營造,42.48933684214265,1407885,2006086,11507
-,5511,德昌,1150817,-4.380197333309005,1096115,1.8333051570391183,1029234,1048103,建材營造,13.026401950983,5659506,6396736,11507
係因建設部門本期出售房地所致。,5512,力麒,1150817,64.84947445823781,462380,89.96174502498411,401255,762231,建材營造,5.200562683831365,3542309,3726529,11507
本月營收因認列委建收入，致使較去年同期增加。本年累計營收因委建及三豐AIT完工認列收入，致使本年累計營收較去年同期增加。,5514,三豐,1150817,-12.6357918810749,1749,217.0124481327801,482,1528,建材營造,19921.82680901542,3372,675136,11507
-,5516,雙喜,1150817,-35.78430872843546,294291,47.4743454680245,128145,188981,建材營造,40.98646344379,1012222,1427096,11507
-,5520,力泰,1150817,7.565315566950294,340118,-6.363510718892688,390712,365849,建材營造,-3.8859831695494553,2391261,2298337,11507
本月營收僅認列租賃收入所致。,5523,豐謙,1150817,-0.7894736842105263,380,-67.13164777680906,1147,377,建材營造,-22.25825471698113,3392,2637,11507
增減百分比達50％之原因：主係因認列交屋收入,5529,鉅陞,1150817,-59.60185388399024,77459,10.183098591549296,28400,31292,建材營造,980.2018062014112,55697,601640,11507
-,5530,龍巖,1150817,22.809009092102322,281893,2.8814778272420907,336494,346190,其他,-10.26521882839324,2668438,2394517,11507
-,5536,聖暉*,1150817,-18.616240386252763,4774283,3.4112346033875207,3757320,3885491,其他電子業,24.325439334057528,23221225,28869890,11507
-,5543,桓鼎-KY,1150817,14.448875845519686,239202,0.20607538039758272,273201,273764,建材營造,4.214989216899801,1837134,1914569,11507
興建工程投入較去年同期增加所致。,5547,久舜,1150817,-6.225675963380882,234850,58.2423188572414,139172,220229,建材營造,12.095194295026106,1280707,1435611,11507
-,5548,安倉,1150817,26.869199104725237,191673,48.61483740458482,163627,243174,建材營造,13.221553829888075,1371450,1552777,11507
-,5601,台聯櫃,1150817,-4.47427293064877,8046,2.0581596069579073,7531,7686,航運業,1.5220104696436223,53679,54496,11507
-,5603,陸海,1150817,-5.101129920784913,124345,4.350825064997082,113082,118002,航運業,1.6976538318454666,814477,828304,11507
-,5604,中連,1150817,-0.5004415660877245,13588,2.3699553267206785,13207,13520,其他,3.4179878114901645,92218,95370,11507
-,5609,中菲行,1150817,-5.278457883152827,3451671,37.777242125632526,2373016,3269476,航運業,18.291122296361767,16782617,19852346,11507
-,5701,劍湖山,1150817,58.215488215488215,26730,18.575113553524364,35666,42291,觀光餐旅,-7.6370810840435155,291944,269648,11507
-,5703,亞都麗緻,1150817,-31.451573435129447,40866,10.036137952706419,25458,28013,觀光餐旅,14.637992831541219,244125,279860,11507
因本公司自115年3月起，暫停營業進行整修工程。,5704,老爺知,1150817,26.576576576576578,666,-96.80403381734087,26377,843,觀光餐旅,-35.33373694566369,158568,102540,11507
主要係營業證券評價故,5864,致和證,1150817,-465.8876767373303,266285,-692.5846632931101,164416,-974304,金融業,4924.979018664523,84599,4251082,11507
-,5878,台名,1150817,17.711674777410924,63907,3.5144209599295464,72672,75226,金融業,1.2610286457572695,513549,520025,11507
-,5902,德記,1150817,4.905236968558675,204985,16.361747374230937,184803,215040,居家生活,-6.817189813898698,1399829,1304400,11507
-,5903,全家,1150817,6.073807266613642,9590492,4.915388570070186,9696385,10173000,居家生活,7.594361886276637,62418819,67159130,11507
-,5904,寶雅*,1150817,10.070716066975418,2245600,19.217080649027622,2073317,2471748,居家生活,14.466139725652752,14413631,16498727,11507
本公司建案已完工，陸續交屋入帳。,5905,南仁湖,1150817,-33.84898055950688,253080,68.80255701869366,99178,167415,觀光餐旅,271.184259343086,563331,2090996,11507
"本月份因經紀手續費收入較去年同期增加,部位操作及評價損益均較去年同期減少所致.",6015,宏遠證,1150817,-134.33523892895207,562029,-249.27171886723858,129277,-192974,金融業,299.1755708039725,551897,2203038,11507
本月減少主係自營交易損失增加；本年增加主係自營交易利益增加。,6016,康和證,1150817,-856.8786982248521,266344,-448.5745953413899,578327,-2015901,金融業,240.8869882231261,1363265,4647193,11507
自營部門營業證券未實現出售淨損失本月較去年同期增加本年實現出售淨利益累積較去年同期增加,6020,大展證,1150817,-422.98306772908364,44176,-542.2160235549356,32265,-142681,金融業,1134.4308298072403,68064,840203,11507
主係本月營業證券評價利益相較去年同期下降，故營業收入減少。,6021,美好證,1150817,-54.85479964509244,208505,-77.08271452848288,410738,94130,金融業,353.84373465539824,674097,3059347,11507
主係手續費收入增加,6023,元大期貨,1150817,2.4812172611623846,501125,95.7996553406942,262288,513559,金融業,45.12404718050783,2062038,2992513,11507
本年營收較同期+160%，主係經紀收入、股票出售及評價之差異，致綜合淨利較同年期約增+6.95E(+724%)，僅供投資人參考。,6026,福邦證,1150817,-81.40918662100965,242679,-44.16820324971847,80807,45116,金融業,159.982385701334,386050,1003662,11507
係本期業績增長,6028,公勝保經,1150817,-5.252277041244243,543688,59.59080868571145,322783,515132,金融業,30.612526769241505,2751292,3593532,11507
本期營收較去年同期營收減少，差異原因主要係因去年同期認列營收之演唱會場次較多，使營收金額總計數較高所致。,6101,寬魚國際,1150817,44.01592866727265,69309,-24.449355878835586,132118,99816,文化創意業,73.34987561416007,627483,1087741,11507
-,6103,合邦,1150817,0.5092417955488495,5302,-42.43275359187642,9257,5329,半導體業,-11.009157236450267,53728,47813,11507
-,6104,創惟,1150817,-5.595863028471014,357943,4.485046752090239,323408,337913,半導體業,0.4382436354569562,2442477,2453181,11507
-,6109,亞元,1150817,8.207522846420488,69814,33.23456790123457,56700,75544,通信網路業,20.601426454019798,416277,502036,11507
新增子公司光罩(股票代號:2338)營收,6111,光聚晶電,1150817,6.588258422642259,1078373,174.7459705466862,418357,1149419,文化創意業,152.09411288130795,2903067,7318461,11507
產品需求增加所致,6113,亞矽,1150817,15.938992628756498,104053,170.44634250229785,44607,120638,電子通路業,64.92524115755627,373200,615501,11507
-,6114,久威,1150817,27.928407986709715,63806,10.698835048889974,73737,81626,電子零組件業,-12.303468929373595,568994,498988,11507
-,6118,建達,1150817,17.129795426999625,857249,18.87974616104093,844630,1004094,電子通路業,3.915787588219311,5605207,5824695,11507
-,6121,新普,1150817,0.7699757663244079,7052170,12.340497240599694,6325831,7106470,電腦及週邊設備業,4.877426789320559,44330486,46492673,11507
-,6122,擎邦,1150817,-27.97309279546547,482696,16.11171967885435,299428,347671,電機機械,-2.2758656163077324,2274651,2222883,11507
-,6123,上奇,1150817,9.19639864242018,381856,-1.2824640734865882,422390,416973,資訊服務業,-7.752125942437095,2862260,2640374,11507
-,6124,業強,1150817,32.91515014478377,137101,5.444424513508353,172819,182228,電子零組件業,-2.263853317559164,1153785,1127665,11507
-,6125,廣運,1150817,0.7348197003369417,362674,4.039538208307467,351154,365339,電機機械,32.78163390204947,1674825,2223860,11507
本期營收成長幅度較大，主要係去年底完成併購東莞國聯電子有限公司 80% 股權，並自本期起認列其營收所致。,6126,信音,1150817,-0.2874149076862288,554251,68.78351800046421,327436,552658,電子零組件業,53.894442461025825,2252004,3465709,11507
以上資訊係屬初步自行結算完成，未經會計師簽證或核閱,6127,九豪,1150817,-3.2961130450052165,96811,20.55112026783415,77660,93620,電子零組件業,2.107490038371339,596539,609111,11507
"本月營業收入淨額含少數股權2,288仟元，本年累計營業收入淨額含少數股權32,664仟元。",6129,普誠,1150817,-11.291829182205172,140243,29.790719025163796,95852,124407,半導體業,41.07155307796766,602378,849784,11507
藥品收入及加工收入增加,6130,上亞科技,1150817,26.003598335769706,17786,92.65021920398866,11633,22411,生技醫療業,23.706073126305032,90036,111380,11507
-,6134,萬旭,1150817,10.64816805454033,209313,24.539431939171678,185966,231601,電子零組件業,44.594595946709894,999435,1445129,11507
-,6138,茂達,1150817,0.7633917391341895,694794,9.031021212909335,642109,700098,半導體業,11.92273038985949,4237578,4742813,11507
-,6140,訊達電腦,1150817,69.05298133339573,170947,24.031536751388423,232998,288991,資訊服務業,-17.261715104229815,1418596,1173722,11507
-,6143,振曜,1150817,-18.84651628779923,890329,5.15597302308523,687106,722533,通信網路業,15.833649109947089,4346427,5034625,11507
-,6144,得利影,1150817,5.043859649122807,11856,-6.892942583732057,13376,12454,文化創意業,-9.54065410528253,97813,88481,11507
-,6146,耕興,1150817,-0.49258131786476184,417190,10.638348906502353,375218,415135,其他電子業,9.368868359496918,2604829,2848872,11507
-,6147,頎邦,1150817,10.244662417431623,2288255,39.17821989205281,1812553,2522679,半導體業,20.942382556244947,12328263,14910095,11507
本月同期減少原因：係114/07金融機構專案交貨、驗收,6148,驊宏資,1150817,-20.25246563344884,52522,-69.65009021281529,138007,41885,資訊服務業,-42.71606530681344,496181,284232,11507
-,6150,撼訊,1150817,8.026769417967957,443790,16.856791856791858,410256,479412,電腦及週邊設備業,-27.376635327737045,4229351,3071497,11507
-,6151,晉倫,1150817,-5.985708840310509,165277,14.033259456047908,136262,155384,其他電子業,10.94381500863212,1003809,1113664,11507
-,6154,順發,1150817,14.536498251357989,335975,16.111726314582533,331417,384814,電子通路業,5.3776018737012645,2271440,2393589,11507
子公司營收,6156,松上,1150817,0.21434331600954729,616301,50.83412500518962,409471,617622,電子零組件業,21.250351948978857,3054420,3703495,11507
-,6158,禾昌,1150817,-4.216223591749483,175892,7.2924693520140105,157025,168476,電子零組件業,-0.48784952975714,1070617,1065394,11507
-,6160,欣技,1150817,31.76991537150598,68653,-17.165853256540093,109211,90464,電腦及週邊設備業,-18.05851771052103,737076,603971,11507
-,6161,捷波,1150817,-21.0642717027578,155994,12.171370269827099,109774,123135,電腦及週邊設備業,28.14683372765948,720216,922934,11507
因本期較去年同期驗收案件多，故營業額增加。,6163,華電網,1150817,68.36411637362058,473475,51.14454027837556,527417,797162,資訊服務業,39.2232643874818,2749404,3827810,11507
-,6167,久正,1150817,-14.129686731912232,111885,-15.692485894049614,113959,96076,光電業,2.493794427489855,691717,708967,11507
主係授權收入減少所致,6169,昱泉,1150817,-42.5,40,-99.24885695623776,3062,23,文化創意業,-98.76851767699718,22006,271,11507
-,6170,統振,1150817,5.090417283633947,257307,-4.063053250407122,281857,270405,通信網路業,-1.4237226662481222,1885901,1859051,11507
本月及本年累計營收較去年同期減少，係因去年同期「大城二月埕」集中完工交屋所致,6171,大城地產,1150817,-99.78260869565217,15640,-99.98111730044042,180059,34,建材營造,-86.68804209630066,1042942,138836,11507
-,6173,信昌電,1150817,6.619590845221367,503868,47.86509926538386,363319,537222,電子零組件業,21.96263719744514,2408117,2937003,11507
-,6174,安碁,1150817,15.699412747818887,65219,40.74308949155071,53614,75458,電子零組件業,25.16607749713954,351342,439761,11507
-,6175,立敦,1150817,-2.2810297890917477,485614,40.64064301400962,337411,474537,電子零組件業,19.39686570124975,2520500,3009398,11507
係因本期&#12079;程投&#12042;較去年同期增加所致,6179,亞通,1150817,-0.46597375450005807,1102208,298.43686443140217,275344,1097072,其他,121.05077956434033,2222331,4912480,11507
-,6180,橘子,1150817,44.306801638622744,590740,-10.220962182303015,949529,852478,文化創意業,-7.78523943196714,5715444,5270483,11507
-,6182,合晶,1150817,2.902150223839357,966318,18.89816504327322,836314,994362,半導體業,10.518015772529147,5606837,6196565,11507
主要客戶的新產品開始出貨，以及新客戶的產品開始量產。,6185,幃翔,1150817,0.05208492907258188,65278,55.74208317436093,41936,65312,電子零組件業,33.74744680300954,309416,413836,11507
認列建案營收,6186,新潤,1150817,-11.162988115449915,16492,-99.33721957027616,2210536,14651,建材營造,-52.25338013799339,8113722,3874028,11507
因客戶擴產，設備需求較去年同期上升,6187,萬潤,1150817,4.174671453899833,1012415,73.44342795309193,608083,1054680,半導體業,42.71621275569036,3377865,4820761,11507
-,6188,廣明,1150817,-8.895734217137969,748280,4.484280190112146,652457,681715,電腦及週邊設備業,-9.63124473352109,5332073,4818528,11507
-,6190,萬泰科,1150817,7.958588107322676,985514,45.03885162767872,733560,1063947,通信網路業,24.70469711690492,5239959,6534475,11507
-,6194,育富,1150817,31.97841726618705,55600,-39.76061864810285,121814,73380,電子零組件業,-35.788775743142715,871737,559753,11507
-,6195,詩肯,1150817,-1.4835142982142147,201144,17.272479789790147,168974,198160,居家生活,15.921029240796472,1271306,1473711,11507
-,6198,瑞築,1150817,0.0,22,0.0,22,22,建材營造,12.0,125,140,11507
"主係伺服器潔淨較去年本月增加56,569仟元，較去年累計增加351,465仟元;殯葬部份較去年累計增加135,135仟元。",6199,天品,1150817,1.5754734278006233,76358,316.34548284932094,18629,77561,其他,678.9866763094211,71902,560107,11507
-,6203,海韻電,1150817,6.122405489494097,140778,-37.169016216943675,237776,149397,電子零組件業,-30.059169244286,1659477,1160652,11507
-,6204,艾華,1150817,21.055664702030125,38175,33.77236148902912,34546,46213,電子零組件業,6.591307720848652,237176,252809,11507
-,6207,雷科,1150817,31.94085675881012,85555,6.3099207021905785,106182,112882,電子零組件業,4.2497004741461515,686919,716111,11507
-,6208,日揚,1150817,-2.4782842731413552,365979,-1.8712453431945342,363715,356909,半導體業,0.7220605822269464,2105502,2120705,11507
訂單增加,6210,慶生,1150817,-7.415725484268037,46307,138.76698596569392,17956,42873,電子零組件業,58.697879378872784,162028,257135,11507
累計營收較去年減少，主要係去年度交屋量較多,6212,理銘,1150817,2.4807270669778627,113112,8.867726060332846,106476,115918,建材營造,-48.46168342096646,1294792,667314,11507
無,6217,中探針,1150817,-1.7267739695058568,429066,27.799246522821022,329937,421657,電子零組件業,36.03936536280349,1980218,2693876,11507
-,6218,豪勉,1150817,-49.791754045433706,205046,34.192757892541515,76718,102950,通信網路業,13.09009009009009,799200,903816,11507
因建案完工入帳時間差異，本月營業收入及累計營業收入較去年同期產生較大波動。,6219,富旺,1150817,1461.9043476369648,45979,316264.7577092511,227,718148,建材營造,28194.632968905295,7043,1992791,11507
主要為去年同期因美國關稅影響，客戶下單趨緩使得營收減少，今年已逐步恢復正常，以及今年度大陸內銷市場營收較為成長所致。,6220,岳豐,1150817,-7.020561199349805,1059374,59.11502966647228,619049,985000,電子零組件業,20.474041164519626,4875315,5873489,11507
主係去年同期需求旺盛致使營收基期較高，本期回歸平穩所致。,6221,晉泰,1150817,-27.524905133031684,367093,-50.54372880851823,537952,266051,資訊服務業,-33.61445451143492,3375057,2240550,11507
-,6222,立軒,1150817,67.16417910447761,67,-40.74074074074074,189,112,光電業,-31.794871794871796,2145,1463,11507
本月合併營收較去年同期大幅成長，主要受惠客戶 AI 及高效能運算晶片相關測試需求持續強勁，帶動公司出貨動能提升。,6223,旺矽,1150817,-1.5032339197398679,1832915,66.49547047903269,1084331,1805362,半導體業,52.26335952282982,7205815,10971816,11507
-,6227,茂綸,1150817,67.66429791993382,1992052,45.483785115262435,2295761,3339960,電子通路業,37.402446997122354,11043740,15174369,11507
依客戶訂單出貨,6228,全譜,1150817,3.3125707814269534,3532,13.995626366760387,3201,3649,電腦及週邊設備業,-10.465116279069768,30014,26873,11507
-,6229,研通,1150817,4.741189427312776,236080,24.953509995351,197892,247273,半導體業,47.611256065951444,1162431,1715879,11507
-,6231,系微,1150817,-50.93109416935703,205672,-6.768716281132215,108248,100921,資訊服務業,9.233830845771145,919575,1004487,11507
-,6233,旺玖,1150817,19.31084391004231,35928,26.62767340186695,33852,42866,半導體業,3.2682945894655475,230273,237799,11507
本月專案驗收入帳金額較高,6234,高僑,1150817,15.027053615346778,52858,111.51852496086276,28745,60801,光電業,27.849262615157144,263770,337228,11507
-,6236,中湛,1150817,-15.1374627360053,3019,-0.2724795640326976,2569,2562,數位雲端,-18.80721946115616,22938,18624,11507
7月營收增加主要係品牌客戶新增寬頻運營商通路合作案，終端銷售與備貨需求增加所致。,6237,驊訊,1150817,51.70458917989893,38983,65.71116341627437,35688,59139,半導體業,46.500140472406606,238481,349375,11507
-,6240,松崗,1150817,-23.460746166170747,4369,-17.858020142471137,4071,3344,資訊服務業,7.832540437678402,26275,28333,11507
-,6241,鑫永洋,1150817,12.136642189705384,55971,18.633047291422525,52906,62764,通信網路業,-2.431491556411773,427721,417321,11507
-,6242,立康,1150817,-15.632396004653215,49858,-0.08076393177823174,42098,42064,生技醫療業,-4.6498893092663955,341492,325613,11507
-,6244,茂迪,1150817,2.0578337361295183,307848,27.122909661782973,247149,314183,光電業,16.265991450935356,1708491,1986394,11507
係因客戶出貨需求增加所致。,6245,立端,1150817,48.669299183994895,708574,102.54529443546107,520097,1053432,通信網路業,17.991229365707685,3832334,4521818,11507
-,6246,臺龍,1150817,23.838759436516124,97891,-12.451884537333266,138469,121227,光電業,-19.101116230901834,915402,740550,11507
-,6248,沛波,1150817,10.26163432911712,570338,9.239414600251878,575675,628864,鋼鐵工業,-19.065047794757426,4620172,3739334,11507
主係客戶訂單成長，以致營收較前期增加。,6259,百徽,1150817,0.968779256726503,73701,92.24708070683063,38708,74415,電子零組件業,54.29732135972015,285294,440201,11507
-,6261,久元,1150817,-4.069928349580246,390228,-7.565008901608215,404983,374346,半導體業,6.501847096349251,2354777,2507881,11507
-,6263,普萊德,1150817,15.949643026031994,173402,37.84476789227953,145859,201059,通信網路業,7.732142198620791,1084680,1168549,11507
收入較去年同月增加，主係本年度子公司富永營造收入增加所致。,6264,富裔,1150817,372.90076335877865,524,39.68432919954904,1774,2478,建材營造,36.88880077321504,40351,55236,11507
受市場需求成長影響,6265,方土昶,1150817,2.400077782549161,617105,712.4297707666396,77781,631916,電子通路業,734.0997307743714,366607,3057868,11507
-,6266,泰詠,1150817,18.506737920137653,241766,0.7702615723887605,284319,286509,電子零組件業,-4.152488946597138,1916152,1836584,11507
記憶體及MCU相關產品受市場供需影響，客戶提前拉貨備料，致本期營收較去年同期增加。,6270,倍微,1150817,-6.586840890875088,411730,63.79905113157245,234806,384610,電子通路業,14.380301653280272,1801207,2060226,11507
產品組合優化,6274,台燿,1150817,20.690649104504168,4895221,121.52234336807982,2667033,5908074,電子零組件業,91.30497005868412,15819612,30263704,11507
-,6275,元山,1150817,0.5047985036955336,342711,-1.2389537851027348,348762,344441,電子零組件業,0.901144241015828,2502707,2525260,11507
-,6276,安鈦克,1150817,20.16735656740998,44934,-40.9892679941422,91502,53996,電腦及週邊設備業,-48.13204337535192,874137,453397,11507
-,6279,胡連,1150817,-0.07658520103615273,976690,38.199001396232724,706186,975942,電子零組件業,12.3627995249387,5202697,5845896,11507
-,6284,佳邦,1150817,-2.808185497598063,660925,0.761398626847223,637511,642365,電子零組件業,-6.6853557069744705,4510665,4209111,11507
-,6290,良維,1150817,6.3766044970129565,848163,14.364537939111852,788922,902247,電子零組件業,8.06817438069814,5744856,6208361,11507
-,6291,沛亨,1150817,0.3765549334451488,243258,39.44672248175349,175102,244174,半導體業,41.76063731241894,1133510,1606871,11507
-,6292,迅德,1150817,19.57857948368875,98429,25.96183688102653,93441,117700,電子零組件業,30.570679055316592,545876,712754,11507
-,6294,智基,1150817,-13.377097981716597,90027,-10.444538867005821,87079,77984,文化創意業,-12.62878514077006,628081,548762,11507
-,6411,晶焱,1150817,8.288880114920321,238078,16.321208457033542,221638,257812,半導體業,13.80870926141203,1415918,1611438,11507
-,6417,韋僑,1150817,-1.3506398234643349,169031,26.082584137977967,132253,166748,通信網路業,20.987039705121145,909933,1100901,11507
客戶訂單增加,6418,詠昇,1150817,4.2157917383821,92960,62.96975406251051,59446,96879,電子零組件業,18.880653045219905,448851,533597,11507
美國子公司陸續接獲專案建置工程，致使營收增加,6419,京晨科,1150817,17.804229890121995,145252,474.47458537567985,29786,171113,光電業,195.34120296254596,284215,839404,11507
-,6423,億而得,1150817,1551.7248767945148,4667,47.94073619160941,52106,77086,半導體業,21.27653195826838,166780,202265,11507
因應客戶產能建置，以致使我司營收相較去年同期增加。,6425,易發,1150817,6.746008049587369,167462,226.94833104709647,54675,178759,電機機械,51.65384360570456,694322,1052966,11507
-,6432,今展科,1150817,16.992413655420243,100180,21.206449010827637,96697,117203,電子零組件業,11.027100205341297,660364,733183,11507
-,6435,大中,1150817,3.617693522906793,322830,24.173682569379483,269388,334509,半導體業,12.783135889064873,1979968,2233070,11507
因客戶舊專案已全數出貨，新專案尚未開始出貨，使本期拉貨數量減少，致營收下降。,6441,廣錠,1150817,-4.567044208987943,10948,-53.31128787201716,22378,10448,電腦及週邊設備業,-61.68505088345634,187389,71798,11507
"本月及本年較去年同期減少，主要因經銷商備貨減少以及去年認列海思科完成合約之技術服務收入6,804萬所致。",6461,益得,1150817,-96.5757870821162,6162,-70.23977433004231,709,211,生技醫療業,-61.86701618607748,96132,36658,11507
主係合併子公司營收陸續於本年度出貨,6462,神盾,1150817,114.49248039300181,371296,63.859958109236956,486026,796402,半導體業,70.36418860283483,2765600,4711592,11507
本月因增加其他電子產品銷售、致本月較上期營收增加,6465,威潤,1150817,20.03301999840226,37553,119.21992024122167,20562,45076,通信網路業,85.68706702799693,108119,200763,11507
-,6469,大樹,1150817,2.9313274609176854,1543601,5.771449379657065,1502153,1588849,生技醫療業,1.858495680949812,10953913,11157491,11507
-,6470,宇智,1150817,-11.225307782531285,118509,-39.601345687942775,174186,105206,通信網路業,-46.71948649653712,1258492,670531,11507
主係客戶因採購規劃調整，於本期增加備貨需求，帶動營收成長。,6474,華豫寧,1150817,11.516336732474091,445897,73.56556947886489,286490,497248,電子通路業,18.59955682571423,2252387,2671321,11507
-,6482,弘煜科,1150817,-19.88312969568187,39531,-31.73029251363411,46391,31671,文化創意業,-30.657657261082008,318038,220535,11507
-,6485,點序,1150817,19.97467056028302,95541,11.209748619883381,103071,114625,半導體業,-10.18629887044306,833070,748211,11507
本月營收較去年同期增加50%以上，係因本月認列營收的專案較去年同期增加所致。,6486,互動,1150817,-47.239237352599694,324711,59.89696109908161,107144,171320,通信網路業,19.81607931591905,1007717,1207407,11507
-,6488,環球晶,1150817,-11.49670647908319,5624376,19.592069829019234,4162281,4977758,半導體業,-4.4397002274196975,35764712,34176866,11507
-,6492,生華科,1150817,0.0,80,-3.6144578313253013,83,80,生技醫療業,-3.9451114922813035,583,560,11507
"去年同期受關稅影響,營收基期低",6494,九齊,1150817,19.348090264424926,130018,79.34422061186044,86523,155174,半導體業,48.20584681707315,662959,982544,11507
-,6496,科懋,1150817,26.755327579499447,69403,30.36365252956344,67482,87972,生技醫療業,12.337731421121251,479375,538519,11507
-,6498,久禾光,1150817,0.6347536702364004,110279,-4.625261041070462,116361,110979,光電業,23.530665277588685,675748,834756,11507
本月營收較去年同期增長，係因CDMO事業體業務成長所致,6499,益安,1150817,16.319368282518095,36472,68.75099443118536,25140,42424,生技醫療業,10.919966301600674,237400,263324,11507
-,6506,雙邦,1150817,3.7630547508338,164308,17.76029507245576,144778,170491,紡織纖維,12.08252918650374,1148733,1287529,11507
-,6508,惠光,1150817,-26.975680624446603,116327,0.9315257298337749,84163,84947,農業科技,-6.892540774406767,1066907,993370,11507
-,6509,聚和,1150817,11.718585675430644,413625,11.996122152205526,412600,462096,化學工業,5.8056630678345895,3004308,3178728,11507
-,6510,精測,1150817,7.091193900078236,573909,49.87319671091776,410084,614606,半導體業,29.997807927670973,2778193,3611590,11507
本月營收年減，主係產品世代轉換期間的影響。新系列新品現已陸續進入量產及出貨階段，市場拓展穩步推進。,6512,啟發電,1150817,-32.47756209559591,4791,-78.10194273336492,14773,3235,其他電子業,-52.22855843406161,114334,54619,11507
-,6516,勤崴國際,1150817,-14.918564245918507,51513,9.149773372515813,40154,43828,資訊服務業,25.80431053262172,293792,369603,11507
配合客戶交期出貨致產生差異,6517,保勝光學,1150817,13.892234802858749,49812,95.0156405761232,29091,56732,光電業,-6.398198843575705,293145,274389,11507
-,6523,達爾膚,1150817,-4.652071481928403,87015,-7.18536749077078,89390,82967,生技醫療業,-15.085362482799871,662059,562185,11507
-,6527,明達醫,1150817,6.336092161340528,68749,25.22267899965742,58380,73105,生技醫療業,-11.147392037974448,539310,479191,11507
-,6530,創威,1150817,2.212235338797987,31597,19.535124731660375,27018,32296,通信網路業,17.206378083364545,186890,219047,11507
-,6532,瑞耘,1150817,44.1126363725715,61046,49.11522424488966,58998,87975,半導體業,8.700755895794366,414872,450969,11507
本月銷貨及勞務收入皆較去年同期減少,6535,順藥,1150817,-98.43153026342249,4973,-98.92606361007849,7263,78,生技醫療業,-47.1672392169693,18339,9689,11507
本月主產品太陽能網版銷貨量大幅提升所致,6538,倉和,1150817,15.92480648728345,135650,63.36851728723404,96256,157252,電子零組件業,-6.500872743588481,913785,854381,11507
-,6542,隆中,1150817,-1.7631721609830395,77474,18.592620294190976,64176,76108,文化創意業,19.63565821602399,488168,584023,11507
-,6546,正基,1150817,10.10129098371208,194193,14.047889562763705,187473,213809,通信網路業,-6.30335344063581,1399160,1310966,11507
-,6547,高端疫苗,1150817,13.984937077408022,41559,-15.290940953470907,55922,47371,生技醫療業,-15.139268366727384,316224,268350,11507
-,6548,長科*,1150817,3.6066541143310418,1501447,35.43742066249106,1148574,1555599,半導體業,25.929855608364328,7577655,9542530,11507
-,6556,勝品,1150817,-3.5965895249695494,102625,-30.186082943455343,141711,98934,光電業,4.108578198879003,821233,854974,11507
因主要客戶訂單逐漸回穩並陸續開始出貨。,6560,欣普羅,1150817,-0.34068265089670247,15557,12.80558789289872,13744,15504,光電業,56.10358214764963,97623,152393,11507
-,6561,是方,1150817,-0.34709216670412263,360423,18.03763564541254,304286,359172,通信網路業,0.0030607260629209807,2385055,2385128,11507
-,6568,宏觀,1150817,-0.7617780443011881,106724,34.32811211871393,78845,105911,半導體業,19.733168390476116,638605,764622,11507
專案出貨遞延,6569,醫揚,1150817,-65.89806578082158,161202,-50.550063416959766,111169,54973,生技醫療業,10.652483563003882,778579,861517,11507
受惠自動化專案在美洲及歐洲市場持續發酵。,6570,維田,1150817,7.058199363350617,99898,99.23806330222247,53679,106949,電腦及週邊設備業,28.33440391422597,512183,657307,11507
-,6574,霈方,1150817,-10.759361635548139,76696,23.69248563270322,55334,68444,生技醫療業,35.09101637987208,357573,483049,11507
本月營收較去年同期增加，係因前期未有銷貨收入所致。,6576,逸達,1150817,176.65600730927363,10945,242.10823635747374,8851,30280,生技醫療業,26.53316591617596,230960,292241,11507
-,6577,勁豐,1150817,7.426584062087629,178844,19.44717307237979,160846,192126,電腦及週邊設備業,3.5206532300360145,1203129,1245487,11507
中聯事件致國內飼料用原料短缺，營運團隊立即應變，承擔起國內畜牧場飼料中優質蛋白原料之需求，備受產業客戶肯定。,6578,達邦蛋白,1150817,7.047170346824091,35234,50.44674910251296,25070,37717,農業科技,23.169462869033683,184536,227292,11507
主係雲端CSP客戶的GB系列AI伺服器導軌持續出貨以及通用型伺服器導軌出貨增溫所致,6584,南俊國際,1150817,-2.1247250253151297,286390,32.80191405694793,211070,280305,電子零組件業,51.970590365257294,1311815,1993573,11507
光通與網通需求回升帶動營收回穩,6588,東典光電,1150817,-7.33051736017495,33381,110.54995916144841,14692,30934,通信網路業,129.018390510326,93744,214691,11507
-,6590,普鴻,1150817,-23.861642365713564,79215,7.989113892320638,55851,60313,資訊服務業,11.32137882558461,386967,430777,11507
-,6593,台灣銘板,1150817,0.12416190712689347,32216,23.091013165426446,26205,32256,資訊服務業,3.4986074534396847,263905,273138,11507
本期展演節目較去年同期少,6596,寬宏藝術,1150817,-34.42370411491222,144110,-87.14321475410728,735036,94502,文化創意業,-10.650298794794784,1585871,1416971,11507
-,6597,立誠,1150817,23.485399983822695,49452,0.9055157143329258,60518,61066,電子零組件業,-14.794468561696457,432148,368214,11507
-,6603,富強鑫,1150817,10.204076556071302,402006,36.55886468858462,324422,443027,電機機械,4.000086332521268,2594619,2698406,11507
市場需求增加所致。,6609,瀧澤科,1150817,-2.3081976310066388,245083,62.789559210481585,147077,239426,電機機械,0.3067495696225844,1390059,1394323,11507
-,6612,奈米醫材,1150817,-6.7792521109770805,116060,28.81993641873147,83987,108192,生技醫療業,15.92343965349022,650833,754468,11507
營收較去年同期增加主係半導體廠擴廠暢旺,6613,朋億*,1150817,-35.140377041875254,1992776,64.32464525774992,786557,1292507,其他電子業,49.03603900870384,4979299,7420950,11507
-,6615,慧智,1150817,4.148235221332014,32327,4.32249868310972,32273,33668,生技醫療業,-2.2287274713271437,228875,223774,11507
-,6616,特昇-KY,1150817,2.867662786078773,65454,-27.651641325954976,93065,67331,居家生活,-23.38481137284381,601292,460681,11507
自2018年度起依據國際會計準則公報15號規定認列收入,6617,共信-KY,1150817,1.8201997780244172,4505,63.529411764705884,2805,4587,生技醫療業,37.546274571145524,19179,26380,11507
營收差異主要係114年4月份認列Phyrago授權收入所致,6620,漢達,1150817,-13.917449332674247,80920,0.5877171448787744,69251,69658,生技醫療業,-51.11272979535207,1009050,493297,11507
本月專案工程投入進度較去年減少。,6624,萬年清,1150817,7.324916626965222,8396,-82.16632362254592,50528,9011,綠能環保,-29.447563536621953,279996,197544,11507
新系列產品訂單成長,6629,泰金-KY,1150817,20.423124527091694,199563,99.49031685025774,120467,240320,居家生活,92.46052262821689,827816,1593219,11507
-,6637,醫影,1150817,-78.89380920261591,238693,-8.624442267929046,55134,50379,生技醫療業,-30.77419300077241,824691,570899,11507
配合客戶出貨,6640,均華,1150817,102.15644733444447,340792,266.007894638977,188229,688933,半導體業,72.66496222543178,1355674,2340774,11507
因大陸地區客戶受被動元件漲價影響，尤以M LC C 預期更進一步的漲價而積極備貨。且去年同期相對基期較低所以YOY成長幅度較大。,6642,富致,1150817,13.768909630617332,62997,71.47402923654808,41797,71671,電子零組件業,22.208054338326995,321541,392949,11507
-,6643,M31,1150817,32.1569347142652,125326,29.21136188106067,128183,165627,半導體業,-2.8874959216159297,1011430,982225,11507
-,6649,台生材,1150817,-5.795117499429614,13149,-30.269083539743303,17764,12387,生技醫療業,-36.46180307924655,119185,75728,11507
AI 相關D/C FAN及網通應用產品因市場需求增加,6651,全宇昕,1150817,21.798075354754527,153275,56.42417843916009,119346,186686,半導體業,14.218852698061713,918956,1049621,11507
主係因為客戶需求增加及新設備出貨所致,6654,天正國際,1150817,12.80022922064979,80272,203.54341267180692,29830,90547,其他電子業,116.78701577411346,192911,418206,11507
-,6661,威健生技,1150817,-0.3306182561389799,33271,-0.8521198349578425,33446,33161,生技醫療業,11.263508515887553,201447,224137,11507
-,6662,樂斯科,1150817,3.630104153048329,22947,7.266904235644368,22169,23780,生技醫療業,-1.9780724789915967,152320,149307,11507
-,6664,群翊,1150817,10.037569290909673,249672,30.20583035938559,210999,274733,電子零組件業,16.749224958180182,1417988,1655490,11507
-,6667,信紘科,1150817,-30.85012972073329,653712,-21.585732673232975,576478,452041,其他電子業,2.761335867499321,3572510,3671159,11507
-,6679,鈺太,1150817,-2.296907793479782,178675,8.725655669807736,160561,174571,半導體業,7.317366341444702,1173045,1258881,11507
-,6680,鑫創電子,1150817,-32.52375350647,55255,8.088363193598887,34494,37284,電腦及週邊設備業,19.61838273860122,276455,330691,11507
-,6683,雍智科技,1150817,-0.48548306213145653,231316,24.37352092585989,185082,230193,半導體業,30.456730748952044,1185403,1546438,11507
-,6684,安格,1150817,45.188846505130826,18613,8.45607416623189,24917,27024,半導體業,-0.5081935442192984,185756,184812,11507
-,6690,安碁資訊,1150817,-11.933125394061621,239493,8.89087370219884,193693,210914,數位雲端,14.334457157670082,1307737,1495194,11507
當月營收較去年同期增加216.44%，本年累計營收較去年同期減少55.11%，主要係工程收入變動所致。,6692,進能服,1150817,53.96151178918169,69216,216.44494595557669,33676,106566,綠能環保,-55.109993726575496,1053651,472984,11507
終端需求增加及新品導入量產,6693,廣閎科,1150817,3.5008558975825697,234257,108.90026192445548,116064,242458,半導體業,87.422781026537,752082,1409573,11507
-,6697,東捷資訊,1150817,17.69966513605101,99742,-18.11162031514847,143361,117396,資訊服務業,-0.4061320901992713,832734,829352,11507
-,6703,軒郁,1150817,-16.43408842190495,316166,32.47774964274074,199435,264207,生技醫療業,15.76723845605173,1710420,1980106,11507
-,6708,天擎,1150817,-6.920425778509776,32787,15.897007443414857,26332,30518,半導體業,-5.855884114174913,175345,165077,11507
-,6712,長聖,1150817,5.721377135796157,93876,20.722287771709382,82211,99247,生技醫療業,16.30787525493074,481013,559456,11507
基期低及下游客戶備貨增加,6716,應廣,1150817,12.284060198187696,150968,102.07302680987519,83887,169513,半導體業,60.26718739219521,623233,998838,11507
-,6720,久昌,1150817,9.008458167736675,29439,2.5140557117301303,31304,32091,半導體業,-21.71168316555881,287191,224837,11507
-,6721,信實,1150817,-3.1133911197594197,282650,-12.578371407046085,313252,273850,其他,1.7733758687544592,2072939,2109700,11507
-,6725,矽科宏晟,1150817,-1.2678852452635032,359654,-15.611936680553343,420787,355094,其他電子業,6.412030678362895,2104154,2239073,11507
當月認列台數較多,6727,亞泰金屬,1150817,37.25856037315806,141495,37.8714523021879,140866,194214,電子零組件業,68.93591875772917,820755,1386550,11507
-,6728,上洋,1150817,-6.034167845112941,446209,33.58353989180372,313874,419284,居家生活,5.98872530479645,2731249,2894816,11507
-,6730,常廣,1150817,-2.3052276197234587,46503,4.2425772107750905,43582,45431,生技醫療業,2.3306728941354047,280906,287453,11507
-,6732,昇佳電子,1150817,-5.642992686855972,320929,-18.899860467233903,373389,302819,半導體業,-14.799103080249566,2747180,2340622,11507
係銷售醫療器材及抗生素之收入。,6733,博晟生醫,1150817,-17.20908747322891,23813,-19.50432794381839,24492,19715,生技醫療業,7.54325037495689,124681,134086,11507
-,6735,美達科技,1150817,-42.66486405287667,33285,-37.80269204445458,30683,19084,其他電子業,37.725241549699675,158663,218519,11507
因客戶產線升級需求,6739,竹陞科技,1150817,6.778153353495819,129283,99.48843930635839,69200,138046,其他電子業,97.12714229178272,396713,782029,11507
-,6741,91APP*-KY,1150817,-8.262519081312496,201113,36.40503933282073,135256,184496,數位雲端,32.382006181082836,969733,1283752,11507
-,6751,智聯服務,1150817,13.404036628667539,128424,-17.733052403251406,177031,145638,資訊服務業,-17.645539985497766,1212227,998323,11507
-,6752,叡揚,1150817,-0.27360701510445284,178358,7.006208489748773,166224,177870,資訊服務業,4.852666200781931,1111863,1165818,11507
-,6761,穩得,1150817,16.88879203560123,174376,16.178566135816965,175442,203826,電子零組件業,-4.762088461863027,1244265,1185012,11507
-,6762,達亞,1150817,5.885510775918506,76374,31.77285318559557,61370,80869,生技醫療業,0.8359436737725052,420124,423636,11507
-,6763,綠界科技*,1150817,-4.677312042581503,165330,12.665856448384329,139880,157597,數位雲端,12.826318001960361,968189,1092372,11507
-,6767,台微醫,1150817,-11.94522974215743,29359,-15.95305439058487,30759,25852,生技醫療業,-1.3266666666666667,195000,192413,11507
無,6785,昱展新藥,1150817,-100.0,250,,0,0,生技醫療業,19.71268954509178,1253,1500,11507
本月合併營收相較於去年本月有所成長，主要係因市場需求較去年成長所致。,6788,華景電,1150817,6.591359463250629,269474,61.52734429917053,177825,287236,半導體業,18.221827161583555,1450129,1714369,11507
-,6791,虎門科技,1150817,2.395032940482378,71189,9.2879953222687,66699,72894,資訊服務業,9.59880744053406,432012,473480,11507
-,6803,崑鼎,1150817,-1.2090102546376311,867900,2.2814518264736687,838282,857407,綠能環保,0.9074733837833605,5517407,5567476,11507
-,6804,明係,1150817,48.180333076190045,88148,7.563841789299449,121433,130618,運動休閒,6.364101431245567,860090,914827,11507
-,6811,宏碁資訊,1150817,-25.56118519127898,1507301,46.78939050619332,764372,1122017,數位雲端,20.080121426260916,5867594,7045814,11507
-,6821,聯寶,1150817,-0.8479905868987483,49293,-7.30203888098625,52725,48875,電子零組件業,-7.304398598676528,359660,333389,11507
-,6823,濾能,1150817,-23.086668688995555,56041,-33.69483286415309,65007,43103,半導體業,8.027711229456914,327665,353969,11507
-,6829,千附精密,1150817,-7.181431213307692,216837,22.975260138210835,163663,201265,半導體業,39.73204605770141,982333,1372634,11507
-,6840,東研信超,1150817,-7.518651392229605,98116,17.120361406905452,77475,90739,其他電子業,12.835329551026126,513972,579942,11507
-,6841,長佳智能,1150817,6.846814602720115,27940,2.4608731466227347,29136,29853,生技醫療業,4.821325173840751,188247,197323,11507
-,6843,進典,1150817,-16.166890840520082,75834,-19.003694738183206,78490,63574,電機機械,-2.701522908547137,446711,434643,11507
115/7/1取得合躍60%股權，屬共同控制下組織重整，視為自始取得，故重編去年比較期單月及累計營收數。,6844,諾貝兒,1150817,12.389826240241753,273999,-0.025971749229775312,308027,307947,生技醫療業,-1.262684811941858,2212587,2184649,11507
-,6846,綠茵,1150817,-6.956586826347305,66800,-16.482349937515956,74419,62153,食品工業,-11.620303163623467,515959,456003,11507
客戶需求增加,6855,數泓科,1150817,14.029219112224418,64273,59.85081463063535,45849,73290,其他電子業,-3.12462208247672,396912,384510,11507
-,6856,鑫傳,1150817,-1.123101445557978,54581,-3.659538005641044,56018,53968,文化創意業,-0.2103271369187447,402706,401859,11507
-,6859,伯特光,1150817,26.75346298822931,43243,0.23590512590750323,54683,54812,光電業,-40.314797794117645,635392,379235,11507
-,6865,偉康科技,1150817,-48.98301978988517,32744,-47.88807087596706,32056,16705,數位雲端,-49.22431366828036,260479,132260,11507
-,6870,騰雲,1150817,-0.8311192112601832,91082,35.816855875498085,66505,90325,數位雲端,47.134307715505365,384654,565958,11507
主係銷售醫療器材之收入增加所致,6872,浩宇生醫,1150817,-30.385288966725042,1142,32.05980066445183,602,795,生技醫療業,317.7594604720869,5338,22300,11507
客戶需求調整,6874,倍力,1150817,-19.113483726536938,145175,38.46707151700961,84805,117427,資訊服務業,50.06747984058976,975847,1464429,11507
本月及本年累計營業收入較去年同期減少，主要係營收發生時點不同所致。另自115年7月起新增子公司之銷售收入。,6875,國邑*,1150817,,0,-93.79224030037547,3995,248,生技醫療業,-89.63045798810552,19673,2040,11507
-,6877,鏵友益,1150817,243.48039516475424,16297,38.94901454599613,40286,55977,其他電子業,-44.422395116948934,285723,158798,11507
-,6881,潤德,1150817,0.535546430515015,161704,-21.845103600788423,208010,162570,其他,-3.5511369745766723,1395018,1345479,11507
115年七月份營收較去年同期增長，主係市場需求增加及收購Miifix Digital Sdn Bhd所致。,6884,海柏特,1150817,23.04757202807067,141785,89.95786287468833,91843,174463,資訊服務業,29.98426568386618,659069,856686,11507
因應客戶訂單需求，電解設備與耗材之銷售增加，且本年度納入新事業體，營運範疇擴大，以上使本月及本年累計營收較去年同期成長。,6894,衛司特,1150817,-3.320330527123724,205853,69.88450605638972,117149,199018,綠能環保,66.61105842439342,783457,1305326,11507
-,6895,宏碩系統,1150817,26.06960762580359,40599,-41.04427755252488,86816,51183,半導體業,-31.290719310428916,377278,259225,11507
-,6899,創為精密,1150817,-9.588421528720037,106128,6.21208766880673,90340,95952,光電業,-1.5624127528375606,662629,652276,11507
本月營收較去年同期增加50%以上，主係目前進行中之專案本月進入施工高峰期所致,6903,巨漢,1150817,-16.023011302840885,714953,160.93282803699324,230096,600396,其他電子業,254.49853199963667,1299046,4605099,11507
-,6904,伯鑫,1150817,-6.160004327365176,92435,0.02306246468560095,86721,86741,其他,5.617433504923441,532859,562792,11507
終端市場需求成長帶動營收大幅增加,6907,雅特力-KY,1150817,9.131549144662335,369094,198.4528978527289,134962,402798,半導體業,104.93917887420015,985184,2019028,11507
-,6910,德鴻,1150817,-24.21823965463376,35209,-18.44606779350185,32717,26682,數位雲端,4.491562729273661,204450,213633,11507
雲端客戶伺服器需求量增加,6913,鴻呈,1150817,20.98602338308135,308086,67.45029155697715,222598,372741,電子零組件業,37.134808819794856,1449104,1987226,11507
本月較去年同期增加，主要係因出貨量增加所致。,6922,宸曜,1150817,27.027208870468552,222942,89.29901138346156,149603,283197,電腦及週邊設備業,43.72904295042841,987138,1418804,11507
-,6925,意藍,1150817,-10.128483230435508,17979,-4.582496752096374,16934,16158,數位雲端,4.062656072644722,110125,114599,11507
-,6929,佑全,1150817,4.91392472930289,257391,1.3260539201891146,266505,270039,生技醫療業,-0.6209278355447564,1881217,1869536,11507
本月無收入,6945,圓祥生技,1150817,,0,,0,0,生技醫療業,,0,0,11507
-,6953,家碩,1150817,14.666973582657441,147706,39.035282142212154,121818,169370,半導體業,12.628954078058895,713820,803968,11507
-,6961,旅天下,1150817,17.523626072716777,370671,14.567871363423576,380234,435626,觀光餐旅,4.06774081854783,2576172,2680964,11507
-,6967,汎瑋材料,1150817,-7.061995933685911,162801,18.38660459293455,127805,151304,電子零組件業,26.7527107270697,766584,971666,11507
-,6968,萬達寵物,1150817,-5.05811250581125,311895,15.469412902420764,256448,296119,居家生活,16.41516160995317,1828724,2128912,11507
-,6971,惠民實業,1150817,-0.7037729065113729,169657,-25.148181390016973,225062,168463,綠能環保,-11.449100311377686,1306452,1156875,11507
-,6982,大井泵浦,1150817,-26.627846250261126,191480,37.232359146675,102376,140493,電機機械,21.0500416184608,955105,1156155,11507
-,6983,華洋精機,1150817,-33.29388871357947,38028,-20.397276179119466,31867,25367,其他電子業,9.876712746803381,131076,144022,11507
-,6986,和迅,1150817,-49.59006947416944,30371,5.81974011611833,14468,15310,生技醫療業,9.542843018453878,165873,181702,11507
-,6996,力領科技,1150817,-7.515652328204609,276157,33.310019051595894,191585,255402,半導體業,28.23160094741273,1432533,1836960,11507
-,6997,博弘,1150817,2.480704052860927,491554,41.18299911716484,356805,503748,數位雲端,31.15448275184629,2443276,3204466,11507
-,7402,邑錡,1150817,4.206738357288663,47519,35.31356742724416,36595,49518,光電業,-12.677140413670774,315710,275687,11507
-,7547,碩網,1150817,-15.254961969485576,44438,22.96816326530612,30625,37659,數位雲端,33.36863133432168,174703,232999,11507
-,7556,意德士科技,1150817,3.5580577457598275,70516,12.45168542786307,64939,73025,半導體業,11.8524338065766,448043,501147,11507
-,7584,樂意,1150817,21.785981541531555,80180,42.47071010665461,68539,97648,文化創意業,-5.153674891643722,607256,575960,11507
-,7642,昶瑞機電,1150817,14.233352758948563,65206,-9.977883325477684,82743,74487,電機機械,-28.81521870657128,545434,388266,11507
本月營收較去年同期增加50%以上，主係產品組合及依案件進度認列所致。,7703,銳澤,1150817,10.179647027833875,284725,74.70303563572371,179567,313709,其他電子業,19.707592339261286,1356736,1624116,11507
-,7704,明遠精密,1150817,-4.647704325229724,63881,17.012448132780083,52056,60912,半導體業,8.927906546743092,394807,430055,11507
-,7708,全家餐飲,1150817,3.548723562049122,252147,9.386652142946918,238690,261095,觀光餐旅,12.079293389819634,1543029,1729416,11507
-,7709,榮田,1150817,27.09907799274486,52928,-2.7594680543509686,69180,67271,電機機械,5.327495439546786,519137,546794,11507
客戶需求升溫,7712,博盛半導體,1150817,4.6431171481728075,160711,63.2874398011496,102992,168173,半導體業,17.800514957689,786084,926011,11507
-,7713,威力德生醫,1150817,6.311918475852902,112850,26.401795309438018,94914,119973,生技醫療業,20.371762733371064,613133,738039,11507
業績成長,7714,創泓科技,1150817,-25.404038654705413,288710,61.0682741135733,133711,215366,數位雲端,28.46916367749099,969052,1244933,11507
-,7715,裕山,1150817,92.2534416610246,35448,-13.63578760613357,78910,68150,綠能環保,-41.36585809072949,858464,503353,11507
-,7716,昱臺國際,1150817,8.765888748109699,195736,30.33076419200607,163349,212894,航運業,0.0433018393402973,1214729,1215255,11507
-,7717,萊德光電-KY,1150817,-21.50389036442026,138933,37.090671393194306,79551,109057,通信網路業,26.304782046763012,553215,698737,11507
-,7718,友鋮,1150817,-1.937228280236619,224496,14.168732432348335,192826,220147,電機機械,5.1109034791488925,1404194,1475961,11507
-,7723,築間,1150817,-0.9631207347288545,322078,-20.25340823576766,399987,318976,觀光餐旅,-18.856272105515295,2943270,2388279,11507
半導體檢測產品需求持續成長，配合矽光子設備與客戶整體系統共同驗收時程，各月份營收認列時點有所差異，並不影響專案推動進度。,7728,光焱科技,1150817,-42.98000149242594,53604,50.789343857918105,20270,30565,其他電子業,29.6361569382571,183843,238327,11507
主要係因市場需求較去年同期成長所致。,7734,印能科技,1150817,77.7962699019676,230128,62.333117766783445,252049,409159,半導體業,62.94478500329031,1349416,2198803,11507
-,7738,東聯互動,1150817,3.8094159398950427,52974,9.1674276412435,50374,54992,數位雲端,13.93917793702059,317056,361251,11507
-,7743,金利食安,1150817,12.92311183389433,52882,-29.47789836673477,84677,59716,食品工業,9.714211852905061,386825,424402,11507
主係客戶訂單增加及產品組合變化所致。,7744,崴寶,1150817,12.307962726520369,409621,104.43817353627375,225025,460037,電子零組件業,90.64668719543371,1288923,2457289,11507
-,7747,昕奇雲端,1150817,11.668258400344106,137167,35.17005241885667,113318,153172,數位雲端,10.716183459025881,927793,1027217,11507
本公司為設備業，每月營收高底起伏屬常態，主要係今年同期客戶驗收機台較多所致。,7751,竑騰,1150817,-1.994572041965407,246870,50.971864294673,160259,241946,半導體業,64.94018330521438,964948,1591587,11507
-,7753,星亞,1150817,-27.4828685638146,84056,-22.981185954537988,79143,60955,光電業,-5.823643010270069,507981,478398,11507
-,7757,金色三麥,1150817,-5.033626046269038,199399,-0.35466964154160263,190036,189362,觀光餐旅,3.797291692006375,1282572,1331275,11507
主係因應客戶需求，於本月持續出貨所致。,7767,仁大資訊,1150817,-49.38507771858106,637235,127.4279186850845,141819,322536,資訊服務業,49.136901077250144,1316593,1963526,11507
終端市場需求放緩，致使本月客戶較去年同期拉貨減少所致,7770,君曜,1150817,24.520884520884522,18315,-58.17945097463921,54533,22806,半導體業,-49.871596624825564,291659,146204,11507
-,7772,耀穎,1150817,-17.460724043715846,35136,12.141835195854762,25861,29001,半導體業,-12.257963772642098,249756,219141,11507
營業收入為投資標的之評價損益(含已實現及未實現)，投資標的的股數及公允價值變動情形，請參考本公司網站投資人專區/財務資訊。,7777,能率亞洲,1150817,-304.7634799867681,30230,-229.97494535956073,-18759,-61900,其他,251.11818209107557,33313,116968,11507
-,7782,光速火箭,1150817,4.578156804941391,56988,14.251480934762188,52163,59597,居家生活,4.0572081744708015,396307,412386,11507
-,7792,安葆,1150817,-17.707004331462898,750093,4.517662755908045,590593,617274,其他電子業,15.844397380359414,3274495,3793319,11507
-,7794,宏碁智新,1150817,20.152397472432163,112994,32.47950819672131,102480,135765,居家生活,34.16550858801945,548322,735659,11507
-,7805,威聯通,1150817,16.58889696079449,501052,13.580791799689688,514322,584171,數位雲端,11.724122650314769,3610590,4033900,11507
本月營收及本年累計營收較去年同期增加50%以上之原因，主要係各產品線銷售較去年同期成長所致。,7810,捷創科技,1150817,-0.017883115954123847,83878,109.7833700220132,39976,83863,半導體業,74.2163966740238,288156,502015,11507
-,7811,民盛,1150817,-8.501056761199596,289564,9.647569070833816,241636,264948,運動休閒,-5.017085910073798,1756418,1668297,11507
主係客戶需求增加所致,7814,海昌生技,1150817,-7.232427302921439,14753,36.51870324189526,10025,13686,生技醫療業,51.06855330568431,40990,61923,11507
去年同期因認列大型端末設備汰換專案，致基期較高。,7819,精誠金融,1150817,-36.643668727076864,38989,-69.29903057419835,80460,24702,資訊服務業,-35.19794776399286,333295,215982,11507
-,7820,立盈,1150817,-8.123401708471626,36758,21.639533208471402,27764,33772,綠能環保,48.147827217191626,161567,239358,11507
"本月及累計營收成長顯著,主係終端需求強勁帶動設備出貨量提升。目前訂單能見度良好,後續將依時程持續交付,營運動能維持成長趨勢",7828,創新服務,1150817,10.97279062997654,116798,397.15776149744926,26071,129614,半導體業,235.79712118672478,190912,641077,11507
-,7839,達人網,1150817,0.8894948707960005,15402,4.541173304628633,14864,15539,數位雲端,4.219008305368297,101019,105281,11507
本月及本年累計營收增加，主要係因售電業務成長所致。,7842,天能綠電,1150817,-7.512272394944818,344676,52.30985336767017,209299,318783,綠能環保,58.047744105289354,1261894,1994395,11507
本月營收較去年同期增加，主係客戶需求增加。,8024,佑華,1150817,-39.793118789856145,26972,99.47180936002948,8141,16239,半導體業,22.117566381944513,99161,121093,11507
因客戶擴產，設備需求較去年同期上升,8027,鈦昇,1150817,-23.272799452318935,246859,62.558253302093256,116517,189408,電機機械,48.744335862859636,805948,1198802,11507
主係本期市場需求增加，故本期營收上升,8032,光菱,1150817,19.538664301847597,408206,75.27757323227787,278395,487964,電子通路業,47.33779998072094,2012546,2965241,11507
主係去年同期標案結案金額較高,8034,榮群,1150817,52.3109804969276,14972,-72.82229134637157,83907,22804,通信網路業,-46.5649328834553,273852,146333,11507
-,8038,長園科,1150817,84.19981149858624,26525,-31.366241501376635,71188,48859,電子零組件業,44.882393374771645,272051,394154,11507
-,8040,九暘,1150817,8.800031127597208,77102,42.526802249520024,58857,83887,半導體業,32.03126999155557,390790,515965,11507
-,8042,金山電,1150817,-0.23198942347431561,437951,40.348256788791026,311322,436935,電子零組件業,35.951653879966386,2065688,2808337,11507
"客戶需求增加,致使銷貨收入增加",8043,蜜望實,1150817,22.5458308693081,622288,63.24124378684545,467154,762588,電子零組件業,61.67192630543382,2739415,4428865,11507
-,8044,網家,1150817,-12.917195967532699,3414882,3.0289833381144615,2886348,2973775,數位雲端,8.35600777324654,20236075,21927003,11507
主係新增合併個體-天良,8047,星雲,1150817,-9.137241386512935,95751,193.6479006345349,29628,87002,其他電子業,32.835655150758576,261146,346895,11507
-,8048,德勝,1150817,-1.6898450179804603,125692,45.77542882759597,84766,123568,通信網路業,38.597305832785295,553492,767125,11507
-,8049,晶采,1150817,-5.079115156024258,115591,1.0582936511591494,108571,109720,光電業,0.26355910856567105,754290,756278,11507
-,8050,廣積,1150817,-46.083111790474334,955797,12.17612576431381,459399,515336,電腦及週邊設備業,9.808994738410176,3507495,3851545,11507
主係訂單陸續於本年度出貨所致。,8054,安國,1150817,142.1904171640192,261384,97.88346060911071,319909,633047,半導體業,164.7222531197297,1330564,3522299,11507
新增子公司合併營收,8059,凱碩,1150817,-34.87758970135567,1369656,18.18580529585109,754704,891953,通信網路業,129.79790130584084,2502985,5751807,11507
-,8064,東捷,1150817,-30.07251666910011,205470,-40.6800653972553,242212,143680,光電業,7.7140294211905465,1273096,1371303,11507
-,8066,來思達,1150817,-8.75632396955379,394926,-10.769912687760934,403838,360345,居家生活,-9.235457345365615,2635798,2392370,11507
-,8067,志旭,1150817,-25.386825817860302,9048,-4.754514672686231,7088,6751,電子通路業,-19.719307975535735,64911,52111,11507
新增子公司營收,8068,全達,1150817,-25.819128103355368,152174,116.40626497709104,52163,112884,電子通路業,78.59110630029545,450836,805153,11507
-,8069,元太,1150817,-28.819783155582677,4041054,-26.175206491091277,3896294,2876431,光電業,-3.7873850490050307,22581253,21726014,11507
-,8071,能率網通,1150817,8.667111209898495,202455,39.146659245578974,158108,220002,電子零組件業,20.051005432728896,1137918,1366082,11507
-,8074,鉅橡,1150817,-3.1330762745829706,144714,28.02294147731424,109496,140180,電子零組件業,23.506309485616512,748080,923926,11507
國外彩票機專案出貨,8076,伍豐,1150817,62.62896838111839,156046,93.93087216011126,130859,253776,電腦及週邊設備業,48.391610980508304,1080460,1603312,11507
-,8077,洛碁,1150817,-9.156228000581065,89491,4.720991343775762,77632,81297,觀光餐旅,3.2029508234992004,599697,618905,11507
減少土方工程營收,8080,泰霖,1150817,-35.42814752013565,9436,-66.57523725931209,18229,6093,建材營造,-58.98013484133774,127409,52263,11507
-,8083,瑞穎,1150817,-12.279746288978183,150565,1.510248941288592,130111,132076,電機機械,1.7520378782307653,883885,899371,11507
本月電子相關產品訂單增加所致,8084,巨虹,1150817,88.86302804608403,34372,78.08136504540093,36453,64916,電子通路業,0.4921601778724784,345416,347116,11507
-,8085,福華,1150817,13.582262707858892,46546,3.8215309689328776,50922,52868,其他電子業,-0.06616095057482348,373332,373085,11507
-,8086,宏捷科,1150817,2.657530282258361,407747,18.38926364317735,353565,418583,半導體業,39.98556967631784,2099745,2939340,11507
本月及本年累計營收較去年同期及去年累計數增加，主要係因本月EPC工程案件依進度認列收入所致。,8087,麗升能源,1150817,37.950540648778535,19976,133.4547610979329,11804,27557,綠能環保,264.748477505454,140723,513285,11507
-,8088,品安,1150817,75.05195992009898,123653,44.857054902695616,149428,216457,半導體業,45.01179799288139,753518,1092690,11507
係亞洲客戶出貨減少所致。,8089,康全電訊,1150817,1.182975440401183,23331,-47.70965312541532,45146,23607,通信網路業,-61.45132257274646,604428,232999,11507
主係客戶需求增加。,8091,翔名,1150817,5.14339240602144,317067,84.83353200454634,180365,333375,半導體業,55.78938271071452,1203358,1874704,11507
-,8092,建暐,1150817,31.562217807476973,27685,-38.247261876504695,58982,36423,其他電子業,-7.948633924548396,195304,179780,11507
大陸內陸銷售增加所致,8093,保銳,1150817,7.758700696055684,21550,104.43701030020249,11359,23222,電子零組件業,42.615465722731635,106222,151489,11507
因伺服器記憶體出貨量增加，致使營收較去年同期成長,8096,擎亞,1150817,15.920287904305745,8978261,523.7815056042261,1668473,10407626,電子通路業,64.53688967524297,23032881,37897586,11507
客戶依銷售情形調整訂單及新開發客戶,8097,常珵,1150817,-15.779388917659244,19310,404.43548387096774,3224,16263,通信網路業,-16.438808627969095,208902,174561,11507
-,8099,大世科,1150817,-39.69939511672722,642438,35.64120699434878,285602,387394,資訊服務業,32.88233050669616,2192004,2912786,11507
-,8102,傑霖科技,1150817,-8.772038738515024,48324,-1.6859570482371045,44841,44085,半導體業,1.9459664423168073,263725,268857,11507
-,8107,大億金茂,1150817,14.332730904594312,52565,-38.34355828220859,97474,60099,電機機械,-32.776313492030496,601355,404253,11507
-,8109,博大,1150817,9.82316639590589,192667,45.35181661434469,145573,211593,電子零組件業,26.902780815545704,973851,1235844,11507
-,8111,立碁,1150817,-14.706460674157304,71200,-20.911364050738417,76786,60729,光電業,-5.691746110211193,489551,461687,11507
-,8121,越峰,1150817,4.939507690040953,298633,32.21001117978358,237035,313384,電子零組件業,22.164601193164856,1684763,2058184,11507
-,8147,正淩,1150817,12.734860561336891,167493,49.60780274458847,126212,188823,電子零組件業,20.896256827923434,969365,1171926,11507
接單成長,8155,博智,1150817,3.413047836126187,538756,52.00709364981925,366525,557144,電子零組件業,35.657112455844135,2717929,3687064,11507
本月及本年累計營收較去年同期增加主要係太陽能及儲能工程收入增加所致,8171,天宇,1150817,50.78279545582999,53079,287.76162790697674,20640,80034,綠能環保,95.2159119029943,161640,315547,11507
-,8176,智捷,1150817,6.955840901973066,31930,30.24293505205751,26221,34151,通信網路業,-17.53517274847115,243157,200519,11507
-,8182,加高,1150817,5.445411249321785,248815,12.481886387995713,233250,262364,電子零組件業,3.1817537351089404,1615147,1666537,11507
"7月合併營收8.55億,較6月增10.87%,與去年7月比增55.75%,係因新能源車用產品需求成長所致。",8183,精星,1150817,10.86908602429385,771224,55.75343913030807,548976,855049,其他電子業,28.703007680982346,3824641,4922428,11507
主要係本年度量產收入增加所致。,8227,巨有科技,1150817,-17.580842839634204,159105,-13.542861663831639,151674,131133,半導體業,78.38724402764541,624335,1113734,11507
客戶需求強勁,8234,新漢,1150817,10.539570249100276,680208,74.54807565075481,430769,751899,電腦及週邊設備業,0.3063460400025812,3564270,3575189,11507
-,8240,華宏,1150817,9.231219523393216,522737,-7.720403450109331,618763,570992,光電業,-9.835163630112064,4240387,3823338,11507
-,8255,朋程,1150817,-9.345949580380937,734714,1.214332497032932,658057,666048,電機機械,-4.112430103816249,4937859,4734793,11507
-,8272,全景軟體,1150817,-47.96234667680898,52585,-13.240329740012683,31540,27364,資訊服務業,-0.8053486650115423,229590,227741,11507
前端客戶需求減少,8277,商丞,1150817,10.973063269993736,9578,-34.348363187152565,16190,10629,半導體業,-60.72640331909358,170649,67020,11507
-,8279,生展,1150817,0.8210459559239881,176604,6.61341604344676,167009,178054,生技醫療業,-5.741157243781213,1260495,1188128,11507
-,8284,三竹,1150817,0.11248137977159187,296049,13.958451086016172,260079,296382,資訊服務業,12.374302706107892,1654073,1858753,11507
客戶需求增加，致本月營收較去年同期增加達50%以上,8289,泰藝,1150817,17.49076572800675,184909,61.601803088458446,134436,217251,電子零組件業,12.165512115128202,1043984,1170990,11507
2026 年 7 月營收較去年同期增加，主係訂單增加所致。,8291,尚茂,1150817,19.383259911894275,227,359.3220338983051,59,271,電子零組件業,200.42598509052183,939,2821,11507
係總出貨量及均價增加,8299,群聯,1150817,9.290319346114302,24852784,377.55065836713135,5687708,27161687,半導體業,263.52267875236555,37416344,136016896,11507
-,8342,益張,1150817,-9.013113380803556,155185,-5.192337391140864,148931,141198,其他,3.7223676933181236,925728,960187,11507
-,8349,恒耀國際,1150817,-5.839902027527564,1066422,14.609339778233055,876145,1004144,鋼鐵工業,5.88889213307373,6507370,6890582,11507
-,8354,冠好,1150817,5.949885579123478,52001,12.677928664921465,48896,55095,其他,5.7293429901983,375139,396632,11507
"本月營收較去年同期增加,係需求增加及優化產品組合所致",8358,金居,1150817,4.816724220169948,962293,54.86721859185378,651296,1008644,電子零組件業,44.8779185874296,4379987,6345634,11507
本月營業收入較去年同期增加77.53%，主要係精密零組件收入及工程收入增加,8383,千附,1150817,-25.131271504618073,662939,77.53288049990522,279573,496334,半導體業,58.370007138877284,1837824,2910562,11507
主要係因電子廢料交貨量倍增及國際銅庫存急遽下降與供應短缺擔憂致銅價顯著上漲，表現強勢。,8390,金益鼎,1150817,-1.3007415307674015,555068,75.62101497360145,311949,547848,綠能環保,43.33468054973785,2719187,3897538,11507
-,8401,白紗科,1150817,-3.119372553688628,134386,1.7951805344884204,127898,130194,其他,4.6067295601869604,860502,900143,11507
-,8403,盛弘,1150817,-5.264234509419955,435087,10.582796985542085,372737,412183,生技醫療業,7.120165839896894,2496866,2674647,11507
-,8409,商之器,1150817,10.242112986060162,13630,-22.72166220942193,19444,15026,生技醫療業,34.40720465256718,76173,102382,11507
-,8410,森田,1150817,1.9007615510214257,80231,-17.866184448462928,99540,81756,電腦及週邊設備業,-22.854813058265744,667133,514661,11507
-,8415,大國鋼,1150817,1.2953680846650575,2632302,36.75971189369425,1949697,2666400,鋼鐵工業,21.38739527771596,13790403,16739811,11507
-,8416,實威,1150817,-16.626532332906717,164863,19.25593017404432,115258,137452,資訊服務業,11.353541402949997,881628,981724,11507
-,8421,旭源,1150817,-10.004820874386091,132756,20.980203533998278,98755,119474,其他,15.775959293166352,679198,786348,11507
-,8423,保綠-KY,1150817,-9.608468307613824,39205,32.855964609732325,26674,35438,綠能環保,12.094468557904673,221407,248185,11507
-,8424,惠普,1150817,-5.7005120686016415,90027,-6.555789149266381,90851,84895,建材營造,-2.035921835226824,645457,632316,11507
-,8426,紅木-KY,1150817,57.594006627287136,173525,4.54194446143495,261584,273465,其他,0.352995491465594,1358091,1362885,11507
-,8431,匯鑽科,1150817,25.396047188601194,65270,-18.47520768173397,100394,81846,其他電子業,-7.540301961945259,594512,549684,11507
-,8432,東生華,1150817,11.130040929961979,96262,26.567361957383373,84521,106976,生技醫療業,12.878997090188554,640935,723481,11507
-,8433,弘帆,1150817,-10.836778585712668,371042,9.661369768567319,301686,330833,居家生活,12.655168370481523,1850651,2084854,11507
-,8435,鉅邁,1150817,2.1955086720165675,61808,31.36659526235884,48083,63165,其他,11.899295065458208,347550,388906,11507
-,8436,大江,1150817,-14.86389441264713,602951,-12.18765770003849,584575,513329,生技醫療業,-2.527241406686132,3967765,3867490,11507
-,8437,大地-KY,1150817,-2.75090214946917,19121,43.34720937403639,12972,18595,其他,-8.46454679225388,127083,116326,11507
-,8440,綠電,1150817,8.468847369174364,90827,17.223121222216935,84044,98519,綠能環保,-3.5031192400396995,564240,544474,11507
由於去年平均售價偏低，為避免損失擴大，公司採取選擇性接單，使銷售量下降，但平均售價因此有所提升，待售價穩定將增加銷售量。,8444,綠河-KY,1150817,21.272386238084227,77838,-60.112568453789464,236656,94396,其他,-59.01020581253271,2204822,903752,11507
-,8446,華研,1150817,-5.881836441263952,91111,15.805963699222126,74048,85752,文化創意業,18.3039878240549,593958,702676,11507
-,8450,霹靂,1150817,-12.953367875647668,16019,2.597307041424472,13591,13944,文化創意業,48.7842755134666,131362,195446,11507
-,8455,大拓-KY,1150817,5.222036273059858,102776,3.1495311948569737,104841,108143,其他電子業,6.520738189174645,694998,740317,11507
-,8472,納維康,1150817,1.4159590383278198,47459,5.57359069971485,45590,48131,數位雲端,11.363150412069878,266581,296873,11507
-,8477,創業家,1150817,-45.64254654028816,49903,-9.751472202814652,30057,27126,數位雲端,-13.288487102638088,286609,248523,11507
"主要係114年10月取得弋果文化股權。該公司及其子公司本月營收為44,967仟元，併入本期營收後，與去年同期比較成長達29.09%。",8489,三貝德,1150817,-7.092275043408196,176234,29.088844913630666,126839,163735,其他,53.350258827290865,738137,1131935,11507
-,8905,裕國,1150817,2.1550511941837573,192014,22.264122717894697,160433,196152,其他,14.250713539365634,1140792,1303363,11507
-,8906,花王,1150817,-0.41669258038435225,16079,-3.704594659610296,16628,16012,其他,-0.7566097084077191,117630,116740,11507
-,8908,欣雄,1150817,-10.096507516597564,982825,4.783724970501212,843255,883594,油電燃氣業,-1.3061457586718652,6226717,6145387,11507
-,8916,光隆,1150817,17.261414668228536,770018,4.101891264947726,867356,902934,其他,-6.8785406326134995,4966097,4624502,11507
-,8917,欣泰,1150817,0.43960972472561416,236346,2.790323069528581,230941,237385,油電燃氣業,-4.442329449487665,1864990,1782141,11507
-,8921,沈氏,1150817,8.589948367445489,53842,18.886109924967975,49179,58467,其他,6.507009992627196,343153,365482,11507
-,8923,時報,1150817,-43.623683943261454,59078,14.096810660820116,29191,33306,文化創意業,0.8537206931702345,266832,269110,11507
-,8924,大田,1150817,-4.888722362476264,274898,-38.223827840731886,423236,261459,運動休閒,-1.3325506437693868,2308280,2277521,11507
-,8927,北基,1150817,-39.80947578907448,1392264,6.551292712139822,786486,838011,油電燃氣業,45.425214048830775,5827759,8475031,11507
因應新產品鋪貨及市場需求，故出貨量較往年增加。,8928,鉅明,1150817,19.281389220053963,254992,84.56077329627854,164801,304158,運動休閒,-12.864938438100946,1921968,1674708,11507
-,8929,富堡,1150817,-7.27282865267736,53803,-9.63920886763747,55212,49890,其他,-0.9473502758077226,406080,402233,11507
-,8930,青鋼,1150817,-11.016479163365553,126220,-0.7528696528139829,113167,112315,鋼鐵工業,-3.6400969159377436,852285,821261,11507
-,8931,大汽電,1150817,30.64002403846154,232960,23.335008388785774,246758,304339,油電燃氣業,10.070088246603348,1461586,1608769,11507
-,8932,智通*,1150817,-20.797209889063407,242571,10.668018409820107,173603,192123,數位雲端,11.86306711265136,1325905,1483198,11507
客戶訂單增加。,8933,愛地雅,1150817,33.85754896591294,230058,88.09438007341758,163721,307950,運動休閒,-8.916109430353517,1623937,1479145,11507
-,8935,邦泰,1150817,1.181177976952625,31240,-26.451357702957395,42977,31609,其他,-11.686464411472787,316366,279394,11507
-,8936,國統,1150817,-0.7986959762931753,539254,5.813808586602843,505555,534947,其他,17.858446174227954,3269131,3852947,11507
客戶需求增加帶動營收,8937,合騏*,1150817,-78.72509088921083,36583,125.85606500290191,3446,7783,其他,839.1382774682619,43796,411305,11507
-,8938,明安,1150817,0.45176820808717466,1088390,15.60358154161089,945738,1093307,運動休閒,-5.076160644962898,8829035,8380859,11507
-,8941,關中,1150817,-11.103662143510137,278935,22.451468896142696,202499,247963,居家生活,5.659525901449851,1712935,1809879,11507
-,8942,森鉅,1150817,24.63444963766562,233210,-3.1730432899711842,300185,290660,其他,-41.85972060224931,2811261,1634475,11507
-,9949,琉園,1150817,-27.76359557515278,12927,-6.917862838915471,10032,9338,文化創意業,6.803843799078979,75134,80246,11507
-,9950,萬國通,1150817,-9.629848680980226,179224,-1.6910367767115222,164751,161965,塑膠工業,-10.84783569836858,1350297,1203819,11507
-,9951,皇田,1150817,-1.382031748483461,543837,0.7699779979444706,532223,536321,電機機械,6.8009253658017945,3545841,3786991,11507
-,9960,邁達康,1150817,10.738780644089518,42137,-17.10428139989341,56290,46662,運動休閒,7.451112609575185,373716,401562,11507
本期銷貨價格與重量較前年度均增加,9962,有益,1150817,-11.560516751096966,212404,82.48928956546237,102937,187849,鋼鐵工業,-12.986317312406088,1254505,1091591,11507
