停業單位損益,公司代號,公司名稱,其他收益及費損淨額,其他綜合損益（淨額）,原始認列生物資產及農產品之利益（損失）,合併前非屬共同控制股權損益,合併前非屬共同控制股權綜合損益淨額,基本每股盈餘（元）,季別,已實現銷貨（損）益,市場,年度,所得稅費用（利益）,支出及費用,收益,未實現銷貨（損）益,本期其他綜合損益（稅後淨額）,本期淨利（淨損）,本期綜合損益總額,淨利（損）歸屬於母公司業主,淨利（損）歸屬於非控制權益,淨利（淨損）歸屬於共同控制下前手權益,淨利（淨損）歸屬於母公司業主,淨利（淨損）歸屬於非控制權益,營業利益,營業利益（損失）,營業外損益,營業外收入及支出,營業成本,營業收入,營業毛利（毛損）,營業毛利（毛損）淨額,營業費用,生物資產當期公允價值減出售成本之變動利益（損失）,稅前淨利（淨損）,綜合損益總額歸屬於共同控制下前手權益,綜合損益總額歸屬於母公司業主,綜合損益總額歸屬於非控制權益,繼續營業單位本期淨利（淨損）
,1240,茂生農經,,-235,7612,,,4.12,4,,上櫃,112,36604,,,,,135892,135657,,,,162310,-26418,,125305,,47191,2615623,2910168,346288,346288,220983,44131,172496,,162075,-26418,135892
,1259,安心,,297117,,,,5.17,4,,上櫃,112,13606,,,,,163040,460157,,,,167442,-4402,,65364,,111282,4559176,5993760,1434584,1434584,1369220,,176646,,464653,-4496,163040
,1264,德麥,,-26916,,,,18.24,4,,上櫃,112,239215,,,,,773832,746916,,,,675756,98076,,993364,,19683,3902592,5838363,1935771,1935771,942407,,1013047,,660933,85983,773832
,1268,漢來美食,,108259,,,,7.61,4,,上櫃,112,64276,,,,,321148,429407,,,,321148,,,368192,,17232,2722619,4918533,2195914,2195914,1827722,,385424,,429407,,321148
,1294,漢田生技,,,,,,7.66,4,,上櫃,112,37036,,,,,147533,147533,,,,148118,-585,,185706,,-1137,344289,625141,280852,280852,95146,,184569,,148118,-585,147533
,1295,生合,,-6504,,,,3.68,4,,上櫃,112,33796,,,,,113271,106767,,,,113271,,,142959,,4108,404558,823304,418746,418746,275787,,147067,,106767,,113271
,1336,台翰,,-45478,,,,1.39,4,,上櫃,112,91781,,,,,107390,61912,,,,107390,,,162091,,37080,1927079,2316598,389519,389519,227428,,199171,,61912,,107390
,1565,精華,,2977,,,,10.83,4,1,上櫃,112,132964,,,0,,545954,548931,,,,545954,,,605699,,73219,3418643,4393888,975245,975246,369547,,678918,,548931,,545954
,1569,濱川,,-50815,,,,-0.95,4,,上櫃,112,-38898,,,,,-104100,-154915,,,,-115390,11290,,-201809,,58811,3266964,3605401,338437,338437,540246,,-142998,,-160566,5651,-104100
,1570,力肯,,19661,,,,0.36,4,,上櫃,112,7302,,,,,18653,38314,,,,18653,,,9442,,16513,302447,393659,91212,91212,81770,,25955,,38314,,18653
,1580,新麥,,-36111,,,,12.01,4,,上櫃,112,298922,,,,,636359,600248,,,,603037,33322,,874899,,60382,2593232,4498686,1905454,1905454,1030555,,935281,,568624,31624,636359
,1584,精剛,,16049,,,,3.01,4,,上櫃,112,3867,,,,,502172,518221,,,,506445,-4273,,178036,,328003,2391159,2748485,357326,357326,179290,,506039,,522494,-4273,502172
,1586,和勤,,-27224,,,,-0.67,4,,上櫃,112,-19093,,,,,-54313,-81537,,,,-54313,,,-67606,,-5800,2054576,2310590,256014,256014,323620,,-73406,,-81537,,-54313
,1591,駿吉-KY,,-19629,,,,-1.43,4,,上櫃,112,-11043,,,,,-49407,-69036,,,,-49407,,,-63161,,2711,95321,71741,-23580,-23580,39581,,-60450,,-69036,,-49407
,1593,祺驊,,-5202,,,,1.28,4,,上櫃,112,26112,,,,,79467,74265,,,,50786,28681,,90169,,15410,733718,1065434,331716,331716,241547,,105579,,45584,28681,79467
,1595,川寶,,6907,,,,1.04,4,,上櫃,112,42791,,,,,48739,55646,,,,49227,-488,,29968,,61562,1031785,1407762,375977,375977,346009,,91530,,56134,-488,48739
,1599,宏佳騰,,6013,,,,-0.06,4,,上櫃,112,2788,,,,,-4530,1483,,,,-4530,,,-86747,,85005,1729026,2144084,415058,415058,501805,,-1742,,1483,,-4530
,1742,台蠟,,1915,,,,0.41,4,,上櫃,112,158,,,,,38302,40217,,,,38302,0,,48777,,-10317,273949,392001,118052,118052,69275,,38460,,40217,0,38302
,1777,生泰,,874,,,,5.63,4,,上櫃,112,62756,,,,,251013,251887,,,,,,,281851,,31918,705166,1114687,409521,409521,127670,,313769,,,,251013
,1780,立弘,,-3840,,,,1.02,4,,上櫃,112,24972,,,,,97412,93572,,,,97412,,,88714,,33670,473992,720431,246439,246439,157725,,122384,,93572,,97412
,1781,合世,,-3979,,,,-0.70,4,,上櫃,112,-4332,,,,,-33229,-37208,,,,-33229,,,-41063,,3502,508066,601171,93105,93105,134168,,-37561,,-37208,,-33229
,1784,訊聯,,-944,,,,1.67,4,,上櫃,112,25687,,,,,81397,80453,,,,78399,2998,,84693,,22391,489027,1127304,638277,638277,553584,,107084,,77657,2796,81397
,1785,光洋科,,-37329,,,,1.83,4,,上櫃,112,222243,,,,,1066418,1029089,,,,1084941,-18523,,1365837,,-77176,19906133,22629192,2723059,2723059,1357222,,1288661,,1047612,-18523,1066418
,1788,杏昌,,-3119,,,,8.01,4,,上櫃,112,86321,,,,,347984,344865,,,,347984,,,406544,,27761,2879984,3895778,1015794,1015794,609250,,434305,,344865,,347984
,1796,金穎生技,,-365,,,,3.01,4,,上櫃,112,28812,,,,,124621,124256,,,,124621,,,153565,,-132,507419,793770,286351,286351,132786,,153433,,124256,,124621
,1799,易威,,-8960,,,,-1.27,4,,上櫃,112,256,,,,,-170165,-179125,,,,-144818,-25347,,-162738,,-7171,100910,271628,170718,170718,333456,,-169909,,-153476,-25649,-170165
,1813,寶利徠,,1093,,,,0.24,4,,上櫃,112,-5677,,,,,-4350,-3257,,,,11198,-15548,,-86076,,76049,364382,360452,-3930,-3930,82146,,-10027,,12294,-15551,-4350
,1815,富喬,,-228953,,,,-1.44,4,,上櫃,112,-191431,,,,,-651195,-880148,,,,-651195,,,-522738,,-319888,3212151,3199921,-12230,-12230,510508,,-842626,,-880148,,-651195
,2035,唐榮公司,,24527,,,,-3.22,4,,上櫃,112,,,,,,-1125320,-1100793,,,,,,,-1142505,,17185,11570952,10706636,-864316,-864316,278189,,-1125320,,,,-1125320
,2061,風青,,-3451,,,,-0.54,4,,上櫃,112,3569,,,,,-25395,-28846,,,,-25395,,,-32057,,10231,858708,887425,28717,28717,60774,,-21826,,-28846,,-25395
,2063,世鎧精密,,3837,,,,4.95,4,,上櫃,112,58364,,,,,245494,249331,,,,245494,,,307459,,-3601,974913,1428614,453701,453701,146242,,303858,,249331,,245494
,2064,晉椿,,59,,,,-1.36,4,,上櫃,112,-2184,,,733,,-94219,-94160,,,,-94298,79,,-101351,,4948,1414491,1430228,15737,15004,116355,,-96403,,-94235,75,-94219
,2065,世豐,,38200,,,,5.12,4,,上櫃,112,65160,,,,,266683,304883,,,,266683,,,317162,,14681,1828338,2323605,495267,495267,178105,,331843,,304883,,266683
,2066,世德,,6502,,,,8.08,4,,上櫃,112,87812,,,,,328050,334552,,,,329906,-1856,,398391,,17471,1845264,2776692,931428,931428,533037,,415862,,333330,1222,328050
,2067,嘉鋼,,-3333,,,,-0.76,4,,上櫃,112,34311,,,,,-54220,-57553,,,,-34432,-19788,,-47190,,27281,1028051,1159871,131820,131820,179010,,-19909,,-37404,-20149,-54220
,2070,精湛,,8831,,,,2.25,4,,上櫃,112,22101,,,,,80657,89488,,,,80657,,,93599,,9159,301635,622326,320691,320691,227092,,102758,,89488,,80657
,2073,雄順,,782,,,,0.49,4,,上櫃,112,3126,,,,,12943,13725,,,,,,,18213,,-2144,433148,516816,83668,83668,65455,,16069,,,,12943
,2221,大甲,,-83,,,,2.05,4,,上櫃,112,31164,,,,,103083,103000,,,,86590,16493,,135151,,-904,1207906,1478924,271018,271018,135867,,134247,0,86507,16493,103083
,2230,泰茂,61,-9753,,,,2.66,4,,上櫃,112,16902,,,,,126106,116353,,,,126436,-330,,129239,,13769,441307,658413,217106,217106,87928,,143008,,116964,-611,126106
,2235,謚源,,1019,,,,2.42,4,,上櫃,112,25132,,,,,86796,87815,,,,,,,76970,,34958,443744,586469,142725,142725,65755,,111928,,,,86796
,2596,綠意,,,,,,0.82,4,,上櫃,112,-21381,,,,,79959,79959,,,,82315,-2356,,55265,,3313,759636,912980,153344,153344,98079,,58578,,82315,-2356,79959
,2640,大車隊,,,,,,7.08,4,,上櫃,112,124462,,,,,406216,406216,,,,419655,-13439,,559949,,-29271,1526100,2872219,1346119,1346119,786170,,530678,,419655,-13439,406216
,2641,正德,,-17607,,,,1.69,4,,上櫃,112,94629,,,,,424402,406795,,,,424402,,,512396,,6635,727426,1337660,610234,610234,97838,,519031,,406795,,424402
,2643,捷迅,,-7597,,,,7.53,4,,上櫃,112,82597,,,,,234831,227234,,,,234831,,,326232,,-8804,3624517,4167656,543139,543139,216907,,317428,,227234,,234831
,2718,全心投控,,30785,,,,7.90,4,,上櫃,112,141531,,,,,681582,712367,,,,681582,,,816346,,6767,1104973,2175576,1070603,1070603,254257,,823113,,712367,,681582
,2719,燦星旅,,,,,,1.53,4,,上櫃,112,-113,,,,,105316,105316,,,,105316,,,-41744,,146947,982430,1097262,114832,114832,156576,,105203,,105316,,105316
,2724,藝舍-KY,,-415,,,,-0.06,4,,上櫃,112,7437,,,,,24382,23967,,,28167,-3785,,,16764,,15055,47353,145839,98486,98486,81722,,31819,28167,-4200,,24382
,2726,雅茗-KY,,-276,,,,-4.06,4,,上櫃,112,12372,,,,,-95073,-95349,,,,-100759,5686,,-62115,,-20586,355295,744754,389459,389459,451574,,-82701,,-100410,5061,-95073
,2729,瓦城,,55256,,,,12.37,4,,上櫃,112,116067,,,,,433766,489022,,,,440072,-6306,,559376,,-9543,2733913,5723463,2989550,2989550,2430174,,549833,,495328,-6306,433766
,2732,六角,5505,-1870,,,,6.42,4,0,上櫃,112,56521,,,95,,325131,323261,,,,292330,32801,,354707,,26945,2102130,4095736,1993606,1993511,1644309,,381652,,291852,31409,325131
,2734,易飛網,,-43,,,,0.56,4,,上櫃,112,2005,,,,,29509,29466,,,,23874,5635,,24245,,7269,1848251,2148792,300541,300541,276296,,31514,,23874,5592,29509
,2736,富野,,56,,,,-0.40,4,,上櫃,112,-2705,,,,,-25366,-25310,,,,-19898,-5468,,-34992,,6921,241951,529076,287125,287125,322117,,-28071,,-19842,-5468,-25366
,2740,華軒,,-186,,,,-2.15,4,,上櫃,112,1766,,,,,-49763,-49949,,,,-49763,,,-48252,,255,96076,163608,67532,67532,115784,,-47997,,-49949,,-49763
,2743,山富,,,,,,9.66,4,,上櫃,112,41352,,,,,347883,347883,,,,347883,,,404100,,-14865,4273190,5014141,740951,740951,336851,,389235,,347883,,347883
,2745,五福,,,,,,7.87,4,,上櫃,112,-5555,,,,,264575,264575,,,,264575,,,270357,,-11337,4360662,4980255,619593,619593,349236,,259020,,264575,,264575
,2751,王座,316,-295,,,,6.83,4,,上櫃,112,-354,,,,,116027,115732,,,,116027,,,115240,,433,646640,1252905,606265,606265,491341,,115673,,115732,,116027
,2752,豆府,,4435,,,,14.78,4,,上櫃,112,99892,,,,,389850,394285,,,,388336,1514,,490100,,-358,1445201,3099054,1653853,1653853,1163753,,489742,,392812,1473,389850
,2754,亞洲藏壽司,,-4231,,,,4.54,4,,上櫃,112,53305,,,,,212203,207972,,,,212203,,,298667,,-33159,3025207,5029614,2004407,2004407,1705740,,265508,,207972,,212203
,2755,揚秦,,-1302,,,,4.40,4,,上櫃,112,31269,,,,,132466,131164,,,,132466,,,156714,,7021,1584146,2157577,573431,573431,416717,,163735,,131164,,132466
,2756,聯發國際,,744,,,,4.56,4,,上櫃,112,48595,,,,,111923,112667,,,,111923,,,151449,,9069,293638,739192,445554,445554,294105,,160518,,112667,,111923
,2916,滿心,,-5102,,,,4.61,4,,上櫃,112,62834,,,,,252036,246934,,,,,,,280056,,34814,864424,1838257,973833,973833,693777,,314870,,,,252036
0,2924,宏太-KY,,4957,,,,-1.05,4,,上櫃,112,814,,,,,-34304,-29347,,,,-34304,,,-30014,,-3476,26139,41318,15179,15179,45193,,-33490,,-29347,,-34304
,2926,誠品生活,,8758,,,,-2.73,4,,上櫃,112,-106350,,,,,-129747,-120989,,,,-129174,-573,,-377515,,141418,4294946,6643412,2348466,2348466,2725981,,-236097,,-119926,-1063,-129747
,2937,集雅社,,179,,,,2.81,4,,上櫃,112,34473,,,,,108372,108551,,,,108372,,,140482,,2363,3075981,4063697,987716,987716,847234,,142845,,108551,,108372
,2941,米斯特,,-39,,,,4.16,4,,上櫃,112,14841,,,,,58174,58135,,,,,,,73582,,-567,291519,743481,451962,451962,378380,,73015,,,,58174
,2947,振宇五金,,,,,,2.32,4,,上櫃,112,10260,,,,,44747,44747,,,0,44747,0,,69085,,-14078,1215946,1967885,751939,751939,682854,,55007,0,44747,0,44747
,2948,寶陞,,-395,,,,4.26,4,,上櫃,112,37028,,,,,106590,106195,,,,106590,,,181457,,-37839,1284244,2185847,901603,901603,720146,,143618,,106195,,106590
,2949,欣新網,,66,,,,6.29,4,,上櫃,112,51215,,,,,152586,152652,,,,139162,13424,,206970,,-3169,3829742,4339548,509806,509806,302836,,203801,,139196,13456,152586
,3064,泰偉,,-12737,,,,-0.27,4,,上櫃,112,-94,,,,,-10412,-23149,,,,-3512,-6900,,-32074,,21568,9249,88594,79345,79345,111419,,-10506,,-16249,-6900,-10412
,3066,李洲,,-17968,,,,-1.26,4,,上櫃,112,1589,,,,,-145489,-163457,,,,-104754,-40735,,-144504,,604,231700,214466,-17234,-17234,127270,,-143900,,-121626,-41831,-145489
,3067,全域,,-328,,,,1.17,4,,上櫃,112,5395,,,,,23479,23151,,,,23479,,,26103,,2771,109698,170925,61227,61227,35124,,28874,,23151,,23479
,3071,協禧,,-35695,,,,1.21,4,,上櫃,112,62290,,,,,132553,96858,,,,132728,-175,,85240,,109603,1672321,2395274,722953,722953,637713,,194843,,100815,-3957,132553
,3073,天方能源,13184,-16970,,,,-0.99,4,,上櫃,112,6593,,,,,-34738,-51708,,,,-31804,-2934,,-17301,,-10844,22358,42634,20276,20276,50761,,-28145,,-48774,-2934,-34738
,3078,僑威,,-49830,,,,6.79,4,,上櫃,112,525930,,,,,1544759,1494929,,,,1544759,,,1833858,,236831,8210619,10889870,2679251,2679251,845393,,2070689,,1494929,,1544759
,3081,聯亞,,16484,,,,-2.31,4,,上櫃,112,-52969,,,,,-211505,-195021,,,,,,,-279020,,14546,917936,1056038,138102,138102,417122,,-264474,,,,-211505
,3083,網龍,,219403,,,,0.01,4,,上櫃,112,4961,,,,,1041,220444,,,,659,382,,-32726,,38728,64293,343723,279430,279430,312156,,6002,,220116,328,1041
,3085,新零售,,0,,,,-1.75,4,,上櫃,112,387,,,,,-53175,-53175,,,,-50781,-2394,,-52112,,-676,56365,73258,16893,16893,69005,,-52788,,-50781,-2394,-53175
,3086,華義*,,,,,,1.41,4,,上櫃,112,167,,,,,33193,33193,,,,33193,,,25806,,7554,48501,141428,92927,92927,67121,,33360,,33193,,33193
,3088,艾訊,,4214,,,,7.19,4,234,上櫃,112,253933,,,58,,727624,731838,,,,727624,,,944138,,37419,4297582,6700479,2402897,2403073,1458935,,981557,,731838,,727624
,3093,港建*,,963,,,,2.02,4,,上櫃,112,74359,,,,,292582,293545,,,,292582,0,,353868,,13073,1112556,1802085,689529,689529,335661,,366941,,293545,0,292582
,3095,及成,,-6860,,,,-1.16,4,,上櫃,112,3153,,,,,-11607,-18467,,,,-11607,0,,4625,,-13079,346994,446797,99803,99803,95178,,-8454,,-18467,0,-11607
,3105,穩懋,,1762438,,,,-0.19,4,,上櫃,112,-121054,,,,,-557978,1204460,,,,-79657,-478321,,-55662,,-623370,12367333,15836498,3469165,3469165,3524827,,-679032,,1683412,-478952,-557978
,3114,好德,,66296,,,,1.55,4,,上櫃,112,26687,,,,,100772,167068,,,,100772,0,,99728,,27731,2455641,2743028,287387,287387,187659,,127459,,167068,0,100772
0,3115,富榮綱,,-1485,,,,-0.68,4,,上櫃,112,0,,,,,-29856,-31341,,,,-29856,,,-31572,,1716,1109,1622,513,513,32085,,-29856,,-31341,,-29856
,3118,進階,,-667,,,,1.94,4,,上櫃,112,15745,,,,,62905,62238,,,,,,,67552,,11098,441066,660611,219545,219545,151993,,78650,,,,62905
,3122,笙泉,,-253,,,,-1.04,4,,上櫃,112,206,,,,,-41272,-41525,,,,-41272,0,,-42594,,1528,243328,371284,127956,127956,170550,,-41066,,-41525,0,-41272
,3128,昇銳,,1026,,,,0.90,4,,上櫃,112,13511,,,,,40999,42025,,,,37087,3912,,54934,,-424,692203,974467,282264,282264,227330,,54510,,38113,3912,40999
,3131,弘塑,,123610,,,,21.56,4,,上櫃,112,133256,,,,,615406,739016,,,,616340,-934,,694962,,53700,2056061,3543994,1487933,1487933,792971,,748662,,739839,-823,615406
,3141,晶宏,-312,5077,,,,1.13,4,,上櫃,112,14797,,,,,100188,105265,,,,84169,16019,,98394,,16591,1213028,1852883,639855,639855,541149,,114985,,89246,16019,100188
,3147,大綜,,507,,,,7.38,4,,上櫃,112,75212,,,,,287783,288290,,,,287783,,,329199,,33796,3283987,3989155,705168,705168,375969,,362995,,288290,,287783
,3152,璟德,,150,,,,4.09,4,,上櫃,112,74103,,,,,282439,282589,,,,,,,344538,,12004,909757,1488195,578438,578438,233900,,356542,,,,282439
,3158,嘉實,,234,,,,5.91,4,,上櫃,112,26544,,,,,155480,155714,,,,155479,1,,175059,,6965,271933,823372,551439,551439,376380,,182024,,155713,1,155480
,3162,精確,,26422,,,,1.01,4,,上櫃,112,9030,,,,,132143,158565,,,,131394,749,,-76866,,218039,3198277,3592854,394577,394577,471443,,141173,,158662,-97,132143
,3163,波若威,,-10966,,,,5.63,4,,上櫃,112,89875,,,,,435782,424816,,,,435782,,,240922,,284735,2222640,2779058,556418,556418,315496,,525657,,424816,,435782
,3169,亞信,,-134,,,,3.67,4,,上櫃,112,38966,,,,,230329,230195,,,,230329,,,248550,,20745,413140,887618,474478,474478,225928,,269295,,230195,,230329
,3171,炎洲流通,,-2254,,,,2.08,4,,上櫃,112,30715,,,,,131017,128763,,,,131017,,,126890,,34842,1008143,1405497,397354,397354,270464,,161732,,128763,,131017
,3176,基亞,,16038,,,,-4.03,4,,上櫃,112,191207,,,,,-1470067,-1454029,,,,-561296,-908771,,-1233093,,-45767,540391,1157720,617329,617329,1850422,,-1278860,,-554889,-899140,-1470067
,3178,公準,,-607,,,,4.52,4,,上櫃,112,46398,,,,,223674,223067,,,,203851,19823,,265170,,4902,1175456,1623939,448483,448483,183313,,270072,,203343,19724,223674
,3188,鑫龍騰,,,,,,2.05,4,,上櫃,112,110915,,,,,382724,382724,,,,382724,,,503451,,-9812,1360851,2047441,686590,686590,183139,,493639,,382724,,382724
,3191,雲嘉南,,586,,,,-0.55,4,,上櫃,112,5079,,,,,-48303,-47717,,,,-48303,,,-26736,,-16488,152630,207542,54912,54912,81648,,-43224,,-47717,,-48303
,3205,佰研,,126308,,,,-1.69,4,,上櫃,112,0,,,,,-56824,69484,,,,-55039,-1785,,-64376,,7552,368983,440460,71477,71477,135853,,-56824,,71437,-1953,-56824
,3206,志豐,,-10963,,,,4.82,4,,上櫃,112,112665,,,,,284118,273155,,,0,284118,0,,315475,,81308,2775978,3552984,777006,777006,461531,,396783,0,273155,0,284118
,3207,耀勝,,4586,,,,1.75,4,0,上櫃,112,14110,,,0,,86026,90612,,,,101080,-15054,,49794,,50342,818661,1122460,303799,303799,254005,,100136,,106131,-15519,86026
,3211,順達,,-103287,,,,5.23,4,,上櫃,112,288958,,,,,787940,684653,,,,787940,,,698817,,378081,15712845,17230428,1517583,1517583,818766,,1076898,,684653,,787940
,3213,茂訊,,-126966,,,,7.85,4,,上櫃,112,122004,,,,,466637,339671,,,,460828,5809,,580770,,7871,2088559,2989074,900515,900515,319745,,588641,,333862,5809,466637
,3217,優群,,100490,,,,8.11,4,,上櫃,112,195455,,,,,728678,829168,,,,728678,,,826847,,97286,1602197,3003625,1401428,1401428,574581,,924133,,829168,,728678
,3218,大學光,,-8688,,,,12.34,4,,上櫃,112,254555,,,,,1064024,1055336,,,,1045094,18930,,1311851,,6728,1633886,4082256,2448370,2448370,1136519,,1318579,,1038745,16591,1064024
,3219,倚強科,,-7251,,,,0.41,4,,上櫃,112,-7740,,,,,37762,30511,,,,28637,9125,,8333,,21689,542167,1157274,615107,615107,606774,,30022,,25538,4973,37762
,3221,台嘉碩,,-40940,,,,-0.13,4,,上櫃,112,45356,,,60,,-46820,-87760,,,,-13600,-33220,,12197,,-13661,1605525,2134939,529414,529354,517157,,-1464,,-55474,-32286,-46820
,3224,三顧,,-526,,,,-1.94,4,,上櫃,112,8039,,,,,-214308,-214834,,,,-131948,-82360,,-192323,,-13946,1279945,1446484,166539,166539,358862,,-206269,,-132474,-82360,-214308
,3226,龍鋒,,33,,,,4.04,4,,上櫃,112,93590,,,,,260230,260263,,,,,,,442900,,-89080,1619717,2159806,540089,540089,97189,,353820,,,,260230
,3227,原相,11001,672720,,,,5.57,4,,上櫃,112,85905,,,,,799400,1472120,,,,799400,0,,708450,,176855,2478220,5844521,3366301,3366301,2668852,,885305,,1472120,0,799400
,3228,金麗科,,-3901,,,,-1.65,4,,上櫃,112,2240,,,,,-115236,-119137,,,,,,,-116284,,3288,108416,301777,193361,193361,309645,,-112996,,,,-115236
0,3230,錦明,12430,-10311,,,,-2.50,4,,上櫃,112,30812,,,,,-177210,-187521,,,,-177210,,,-153627,,7229,748439,773383,24944,24944,191001,,-146398,,-187521,,-177210
,3232,昱捷,,1962,,,,0.25,4,,上櫃,112,5450,,,,,11867,13829,,,,11867,,,26556,,-9239,1354697,1508880,154183,154183,127627,,17317,,13829,,11867
,3234,光環,,-6286,,,,-4.68,4,300,上櫃,112,4904,,,282,,-425611,-431897,,,,-390437,-35174,,-328649,,-92058,606288,630266,23978,23996,352645,,-420707,,-396723,-35174,-425611
,3236,千如,,-16612,,,,0.36,4,,上櫃,112,16098,,,,,37356,20744,,,,37356,,,35343,,18111,1542664,1992295,449631,449631,414288,,53454,,20744,,37356
,3252,海灣,,0,,,,0.01,4,,上櫃,112,1681,,,,,8762,8762,,,,513,8249,,50857,,-40414,353584,539381,185797,185797,134940,,10443,,513,8249,8762
,3259,鑫創,,0,,,,-4.34,4,,上櫃,112,-1718,,,,,-220015,-220015,,,,-220015,,,-207955,,-13778,260326,275641,15315,15315,223270,,-221733,,-220015,,-220015
,3260,威剛,,49426,,,,5.21,4,,上櫃,112,481410,,,,,1494275,1543701,,,,1409388,84887,,1774957,,200728,28026847,33684782,5657935,5657935,3882978,,1975685,,1404114,139587,1494275
,3264,欣銓,,-5376,,,,5.79,4,,上櫃,112,633062,,,,,2746261,2740885,,,,2746261,0,,3405287,,-25964,9178702,14052235,4873533,4873533,1468246,,3379323,,2740885,0,2746261
,3265,台星科,,-18323,,,,6.16,4,,上櫃,112,169802,,,,,839843,821520,,,,839843,,,849173,,160472,2564284,3667818,1103534,1103534,254361,,1009645,,821520,,839843
0,3268,海德威,,10423,,,,-0.20,4,,上櫃,112,-2837,,,,,-6566,3857,,,,-6566,,,-7729,,-1674,981653,1050451,68798,68798,76527,,-9403,,3857,,-6566
,3272,東碩,,-50785,,,,-6.13,4,,上櫃,112,-37237,,,,,-372884,-423669,,,,-372884,,,-431682,,21561,2960120,3030713,70593,70593,502275,,-410121,,-423669,,-372884
,3276,宇環,,-14693,,,,0.79,4,,上櫃,112,1081,,,,,46898,32205,,,,54815,-7917,,-18456,,66435,1235940,1289657,53717,53717,72173,,47979,,41068,-8863,46898
,3284,太普高,,-1779,,,,0.76,4,,上櫃,112,18208,,,,,67678,65899,,,,67460,218,,78125,,7761,607395,769887,162492,162492,84367,,85886,,65678,221,67678
,3285,微端,,-1565,,,,0.66,4,,上櫃,112,19107,,,,,34952,33387,,,,28029,6923,,43263,,10796,566854,745370,178516,178516,135253,,54059,,26493,6894,34952
,3287,廣寰科,,-47,,,,0.92,4,,上櫃,112,11428,,,,,59323,59276,,,,40380,18943,,26242,,44509,431690,620337,188647,188647,162405,,70751,,40333,18943,59323
,3288,點晶,,1088,,,,0.14,4,,上櫃,112,0,,,,,2155,3243,,,,2168,-13,,4771,,-2616,32433,98084,65651,65651,60880,,2155,,3256,-13,2155
,3289,宜特,,-5515,,,,5.15,4,,上櫃,112,33601,,,,,313814,308299,,,,385554,-71740,,303797,,43618,2793861,3811719,1017858,1017858,714061,,347415,,380039,-71740,313814
,3290,東浦,,-34159,,,,1.14,4,,上櫃,112,82617,,,,,121355,87196,,,,121355,,,208904,,-4932,1352316,1861726,509410,509410,300506,,203972,,87196,,121355
,3293,鈊象,,38060,,,,45.61,4,,上櫃,112,1339066,,,,,6425853,6463913,,,,6425804,49,,7534068,,230851,559780,14175795,13616015,13616015,6081947,,7764919,,6463930,-17,6425853
,3294,英濟,,-9261,,,,-1.00,4,,上櫃,112,125662,,,,,-133036,-142297,,,,-129394,-3642,,-46452,,39078,3580213,4138158,557945,557945,604397,,-7374,,-141073,-1224,-133036
,3297,杭特,,390,,,,-0.37,4,0,上櫃,112,-1124,,,0,,-13412,-13022,,,,-13412,,,-47424,,32888,125276,162189,36913,36913,84337,,-14536,,-13022,,-13412
,3303,岱稜,,-6073,,,,2.21,4,,上櫃,112,26771,,,,,209108,203035,,,,208287,821,,228520,,7359,1707094,2458818,751724,751724,523204,,235879,,202189,846,209108
,3306,鼎天,1799,1268118,,,,1.83,4,,上櫃,112,3529,,,,,92837,1360955,,,,92837,,,38996,,57370,983249,1291454,308205,308205,271008,,96366,,1360955,,92837
,3310,佳穎,,164917,,,,3.81,4,,上櫃,112,12008,,,,,222855,387772,,,,224442,-1587,,192804,,42059,1627127,2071475,444348,444348,251544,,234863,,389359,-1587,222855
,3313,斐成,,346,,,,0.01,4,,上櫃,112,762,,,,,-2293,-1947,,,,1746,-4039,,-61938,,60407,42062,44944,2882,2882,64820,,-1531,,2092,-4039,-2293
,3317,尼克森,,2490,,,,2.95,4,,上櫃,112,74891,,,,,209802,212292,,,,209802,,,265280,,19413,1821235,2464539,643304,643304,378024,,284693,,212292,,209802
,3322,建舜電,,-8597,,,,0.58,4,,上櫃,112,27787,,,,,61955,53358,,,,62036,-81,,59411,,30331,2196340,2727768,531428,531428,472017,,89742,,53313,45,61955
,3323,加百裕,,-9190,,,,-3.27,4,,上櫃,112,-31637,,,,,-269812,-279002,,,,-270647,835,,-198200,,-103249,6737195,7203544,466349,466349,664549,,-301449,,-279837,835,-269812
,3324,雙鴻,,17444,,,,14.28,4,,上櫃,112,328548,,,,,1239244,1256688,,,,1231843,7401,,1376298,,191494,9707706,12712629,3004923,3004923,1628625,,1567792,,1251609,5079,1239244
,3325,旭品,,53684,,,,-0.28,4,,上櫃,112,-3234,,,,,-37696,15988,,,,-24028,-13668,,-56573,,15643,1518908,1675460,156552,156552,213125,,-40930,,28927,-12939,-37696
,3332,幸康,,-14647,,,,2.98,4,,上櫃,112,42264,,,,,143333,128686,,,,143333,,,146136,,39461,878086,1397026,518940,518940,372804,,185597,,128686,,143333
,3339,泰谷,,-273,,,,0.34,4,,上櫃,112,0,,,,,17667,17394,,,,,,,-38599,,56266,456299,505327,49028,49028,87627,,17667,,,,17667
,3349,寶德,,8150,,,,-2.37,4,,上櫃,112,-13469,,,,,-94779,-86629,,,,-94779,,,-113449,,5201,345538,387417,41879,41879,155328,,-108248,,-86629,,-94779
,3354,律勝,,-3021,,,,-1.19,4,,上櫃,112,-10302,,,,,-83700,-86721,,,,-83700,,,-132507,,38505,124566,109837,-14729,-14729,117778,,-94002,,-86721,,-83700
,3357,臺慶科,,110822,,,,5.82,4,,上櫃,112,76442,,,,,592783,703605,,,,593383,-600,,463144,,206081,3314106,4431789,1117683,1117683,654539,,669225,,706953,-3348,592783
,3360,尚立,,-877,,,,-1.47,4,,上櫃,112,-18642,,,,,-112577,-113454,,,,-112555,-22,,-21478,,-109741,7066823,7270059,203236,203236,224714,,-131219,,-113432,-22,-112577
,3362,先進光,,-11557,,,,2.83,4,,上櫃,112,106823,,,,,399571,388014,,,,400720,-1149,,480316,,26078,2946121,3995843,1049722,1049722,569406,,506394,,389171,-1157,399571
,3363,上詮,,-54635,,,,0.13,4,,上櫃,112,-6356,,,,,12058,-42577,,,,12058,,,-58246,,63948,1093928,1271745,177817,177817,236063,,5702,,-42577,,12058
,3372,典範,,-1375,,,,-1.02,4,,上櫃,112,0,,,,,-176992,-178367,,,,,,,-197409,,20417,969285,861693,-107592,-107592,89817,,-176992,,,,-176992
,3373,熱映,,-25027,,,,-1.13,4,,上櫃,112,-14486,,,,,-48766,-73793,,,,-48766,,,-76170,,12918,357802,418496,60694,60694,136864,,-63252,,-73793,,-48766
,3374,精材,67590,2289,,,,5.07,4,,上櫃,112,374728,,,,,1375774,1378063,,,,,,,1705092,,45410,4207658,6386868,2179210,2179210,541708,,1750502,,,,1375774
,3379,彬台,,142261,,,,-0.12,4,,上櫃,112,-10,,,,,-4557,137704,,,,-4557,,,-22034,,17467,467474,601387,133913,133913,155947,,-4567,,137704,,-4557
,3388,崇越電,,-116700,,,,3.52,4,,上櫃,112,93088,,,,,273402,156702,,,,260803,12599,,326760,,39730,5852133,7004068,1151935,1151935,825175,,366490,,144459,12243,273402
,3390,旭軟,,24567,,,,1.00,4,,上櫃,112,17421,,,,,68902,93469,,,,68902,0,,22064,,64259,658772,808645,149873,149873,127809,,86323,,93469,,68902
,3402,漢科,,-7843,,,,5.46,4,,上櫃,112,136663,,,,,399033,391190,,,,399033,,,456705,,78991,3510750,4438601,927851,927851,471146,,535696,,391190,,399033
,3430,奇鈦科,,-1997,,,,3.57,4,,上櫃,112,35438,,,,,120239,118242,,,,120239,,,132705,,22972,911677,1262475,350798,350798,218093,,155677,,118242,,120239
,3434,哲固,,22,,,,0.55,4,,上櫃,112,4309,,,,,14897,14919,,,,14897,,,16011,,3195,520003,627808,107805,107805,91794,,19206,,14919,,14897
,3438,類比科,,523084,,,,0.00,4,,上櫃,112,-1766,,,,,42,523126,,,,,,,-24973,,23249,607205,879686,272481,272481,297454,,-1724,,,,42
,3441,聯一光電,,-5039,,,,0.51,4,,上櫃,112,9580,,,,,21306,16267,,,,20438,868,,3171,,27715,217277,296046,78769,78769,75598,,30886,,15598,669,21306
,3444,利機,,-14199,,,,2.16,4,,上櫃,112,18299,,,,,93545,79346,,,,93545,0,,75279,,36565,720641,976397,255756,255756,180477,,111844,,79346,0,93545
,3455,由田,,-416,,,,5.25,4,,上櫃,112,64098,,,,,314229,313813,,,,314229,,,375790,,2537,839046,2009810,1170764,1170764,794974,,378327,,313813,,314229
,3465,進泰電子,,-28012,,,,0.36,4,,上櫃,112,13118,,,,,22973,-5039,,,,11977,10996,,14286,,21805,1004133,1232687,228554,228554,214268,,36091,,-14486,9447,22973
,3466,德晉,,-4011,,,,-3.01,4,,上櫃,112,0,,,,,-184233,-188244,,,,-184233,,,-226200,,41967,582772,781755,198983,198983,425183,,-184233,,-188244,,-184233
,3467,台灣精材,,,,,,0.80,4,,上櫃,112,328,,,,,22176,22176,,,,,,,18830,,3674,471248,563365,92117,92117,73287,,22504,,,,22176
,3479,安勤,0,-4525,,,,8.38,4,0,上櫃,112,287508,,,0,,698566,694041,,,,602575,95991,,944976,,41098,6048923,8234667,2185744,2185744,1240768,,986074,0,597861,96180,698566
,3483,力致,,-58985,,,,8.03,4,,上櫃,112,107397,,,,,636476,577491,,,,636476,,,531065,,212808,6498470,8342725,1844255,1844255,1313190,,743873,,577491,,636476
,3484,崧騰,,-17975,,,,1.55,4,,上櫃,112,63254,,,,,115968,97993,,,,115359,609,,115189,,64033,2694580,3413668,719088,719088,603899,,179222,,97292,701,115968
,3485,敘豐,,-1701,,,,7.11,4,,上櫃,112,55460,,,,,224097,222396,,,,224097,0,,232709,,46848,290965,608571,317606,317606,84897,,279557,,222396,0,224097
,3489,森寶,,,,,,0.12,4,,上櫃,112,14649,,,,,9776,9776,,,0,9776,0,,-9097,,33522,695820,741504,45684,45684,54781,,24425,0,9776,0,9776
,3490,單井,,-3049,,,,0.94,4,,上櫃,112,7657,,,,,51802,48753,,,,51802,,,-6346,,65805,257720,344864,87144,87144,93490,,59459,,48753,,51802
,3491,昇達科,,66899,,,,3.20,4,,上櫃,112,57939,,,,,241327,308226,,,,200111,41216,,202469,,96797,944081,1585208,641127,641127,438658,,299266,,271930,36296,241327
0,3492,長盛,,-8332,,,,0.63,4,,上櫃,112,61,,,,,22323,13991,,,0,22323,0,,5868,,16516,526195,722928,196733,196733,190865,,22384,0,13991,0,22323
,3498,陽程,,210394,,,,-2.42,4,,上櫃,112,8013,,,,,-146995,63399,,,,-146265,-730,,-180651,,41669,865893,1199185,333292,333292,513943,,-138982,,64108,-709,-146995
,3499,環天科,,-5444,,,,-0.61,4,,上櫃,112,-7622,,,,,-33635,-39079,,,,-33635,0,,-51818,,10561,275828,360310,84482,84482,136300,,-41257,,-39079,0,-33635
0,3508,位速,,-1924,,,,-1.95,4,,上櫃,112,0,,,,,-203460,-205384,,,,-196946,-6514,,-254682,,51222,760406,770046,9640,9640,264322,,-203460,,-198642,-6742,-203460
,3511,矽瑪,,3077,,,,-1.04,4,,上櫃,112,4552,,,,,-101050,-97973,,,,-83450,-17600,,-86638,,-9860,1754673,2039055,284382,284382,371020,,-96498,,-80888,-17085,-101050
,3512,皇龍,,-52948,,,,5.45,4,,上櫃,112,143513,,,,,458338,405390,,,,458338,,,382358,,219493,2340558,2956598,616040,616040,233682,,601851,,405390,,458338
,3516,亞帝歐,,-14046,,,,0.28,4,,上櫃,112,6366,,,,,12653,-1393,,,,14749,-2096,,-46325,,65344,889948,1039994,150046,150046,196371,,19019,,703,-2096,12653
0,3520,華盈,,-3469,,,,0.06,4,,上櫃,112,-966,,,,,3819,350,,,,3819,0,,-6390,,9243,707690,836326,128636,128636,135026,,2853,,350,0,3819
,3521,台鋼建設,,-4,,,,-2.76,4,,上櫃,112,8138,,,,,-196690,-196694,,,,-192005,-4685,,-117823,,-70729,244729,276121,31392,31392,149215,,-188552,,-192009,-4685,-196690
,3522,御嵿,,3096,,,,-2.06,4,,上櫃,112,97,,,,,-110985,-107889,,,,-110953,-32,,-109237,,-1651,378407,734174,355767,355767,465004,,-110888,,-107857,-32,-110985
,3523,迎輝,,397046,,,,-2.70,4,,上櫃,112,635,,,,,-168630,228416,,,,-169340,710,,-159054,,-8941,218793,181609,-37184,-37184,121870,,-167995,,227706,710,-168630
,3526,凡甲,,-51747,,,,11.68,4,,上櫃,112,119746,,,,,689697,637950,,,,689697,,,734260,,75183,1166083,2394974,1228891,1228891,494631,,809443,0,637950,0,689697
,3527,聚積,,-9596,,,,-0.28,4,,上櫃,112,7601,,,,,-12346,-21942,,,,-12346,,,-39410,,34665,1100978,1856324,755346,755346,794756,,-4745,,-21975,33,-12346
,3529,力旺,,1884,,,,19.76,4,,上櫃,112,288335,,,,,1462657,1464541,,,,1474443,-11786,,1692600,,58392,0,3050325,3050325,3050325,1357725,,1750992,,1476336,-11795,1462657
,3531,先益,,-18372,,,,2.43,4,,上櫃,112,40526,,,,,145755,127383,,,,148829,-3074,,127909,,58372,1696559,2083903,387344,387344,259435,,186281,,130457,-3074,145755
0,3537,堡達,0,-2856,,,,2.78,4,-520,上櫃,112,42005,,,0,,148918,146062,,,,148918,,,189570,,1353,2429608,2836006,406398,405878,216308,,190923,,146062,,148918
,3540,曜越,-857,-3024,,,,1.40,4,,上櫃,112,36046,,,,,91965,88941,,,,100345,-8380,,99312,,28699,3022215,4379887,1357672,1357672,1257503,,128011,,97321,-8380,91965
,3541,西柏,,1324,,,,-5.54,4,,上櫃,112,-85959,,,,,-308712,-307388,,,,-308712,,,60593,,-455264,865558,1343150,477592,477592,416999,,-394671,,-307388,,-308712
,3546,宇峻,,72705,,,,4.24,4,,上櫃,112,45615,,,,,214455,287160,,,,214455,,,215803,,44267,70312,1367406,1297094,1297094,1081291,,260070,,287160,,214455
,3548,兆利,,-60248,,,,8.69,4,,上櫃,112,202693,,,,,535278,475030,,,,535278,,,590262,,147709,6737414,8220663,1483249,1483249,892987,,737971,,475030,,535278
,3551,世禾,,-31526,,,,5.58,4,,上櫃,112,99959,,,,,313970,282444,,,,313970,,,379885,,34044,1432547,2288561,856014,856014,476129,,413929,,282444,,313970
,3552,同致,,-76243,,,,4.51,4,0,上櫃,112,246911,,,,,385921,309678,,,,385921,,,623575,,9257,7484673,9919142,2434469,2434469,1810894,,632832,,309678,,385921
,3555,博士旺,,-9,,,,-0.71,4,,上櫃,112,-789,,,,,-18351,-18360,,,,-18330,-21,,-21187,,2047,50136,65414,15278,15278,36465,,-19140,,-18339,-21,-18351
,3556,禾瑞亞,,312,,,,0.97,4,,上櫃,112,8687,,,,,58794,59106,,,,61538,-2744,,47677,,19804,780513,1142860,362347,362347,314670,,67481,,61820,-2714,58794
,3558,神準,72381,-84581,,,,16.88,4,,上櫃,112,124092,,,,,931766,847185,,,,828373,103393,,944366,,111492,13906732,16609171,2702439,2702439,1830454,,1055858,,743792,103393,931766
,3564,其陽,,-2488,,,,0.45,4,,上櫃,112,-2028,,,,,26616,24128,,,,26616,,,58021,,-33433,1447714,1969419,521705,521705,463684,,24588,,24128,,26616
,3567,逸昌,,3027,,,,3.01,4,,上櫃,112,24290,,,,,102046,105073,,,,,,,123703,,2633,224256,399513,175257,175257,51554,,126336,,,,102046
,3570,大塚,,-1361,,,,11.62,4,,上櫃,112,43926,,,,,198721,197360,,,,198721,0,,237167,,5480,1132851,1691168,558317,558317,321150,,242647,,197360,0,198721
,3577,泓格,2348,9311,,,,1.28,4,,上櫃,112,21033,,,,,82052,91363,,,,82052,,,99428,,3657,485723,1018612,532889,532889,435809,,103085,,91363,,82052
,3580,友威科,,-3344,,,,2.63,4,,上櫃,112,31127,,,,,102216,98872,,,,102216,,,123054,,10289,433846,744579,310733,310733,187679,,133343,,98872,,102216
,3581,博磊,,1521,,,,0.55,4,,上櫃,112,30719,,,,,60234,61755,,,,27904,32330,,69656,,21297,1026131,1460751,434620,434620,364964,,90953,,29425,32330,60234
,3587,閎康,,-64357,,,,10.81,4,0,上櫃,112,150507,,,0,,686211,621854,,,0,686211,0,,790294,,46424,3111960,4808997,1697037,1697037,906743,,836718,0,621854,0,686211
,3594,磐儀,,-10537,,,,1.30,4,2902,上櫃,112,36092,,,1609,,124338,113801,,,,122898,1440,,151770,,8660,1125613,1671427,545814,547107,395337,,160430,,112361,1440,124338
,3597,映興,,-6267,,,,0.25,4,,上櫃,112,448,,,,,9743,3476,,,0,9743,0,,-6852,,17043,486009,611239,125230,125230,132082,,10191,0,3476,0,9743
,3609,三一東林,,1909,,,,-5.73,4,,上櫃,112,7249,,,,,-202254,-200345,,,,-202254,,,-186583,,-8422,557802,625523,67721,67721,254304,,-195005,,-200345,,-202254
,3611,鼎翰,,272597,,,,19.76,4,,上櫃,112,329912,,,,,926873,1199470,,,,926873,,,1196599,,60186,5544541,8351762,2807221,2807221,1610622,,1256785,,1199470,,926873
,3615,安可,,-7275,,,,0.88,4,,上櫃,112,13951,,,,,85278,78003,,,,60563,24715,,-8611,,107840,880425,1075228,194803,194803,203414,,99229,,53288,24715,85278
,3623,富晶通,,4796,,,,-0.34,4,,上櫃,112,-86,,,,,-9833,-5037,,,,,,,-17491,,7572,347001,368630,21629,21629,39120,,-9919,,,,-9833
,3624,光頡,,-6072,,,,2.23,4,,上櫃,112,63151,,,,,262196,256124,,,,261813,383,,308594,,16753,1845306,2553243,707937,707937,399343,,325347,,255750,374,262196
-6166,3625,西勝,,1804,,,,-1.05,4,,上櫃,112,5980,,,,,-114780,-112976,,,,-114021,-759,,-121800,,19166,1018136,1152630,134494,134494,256294,,-102634,,-112217,-759,-108614
,3628,盈正,,-49187,,,,1.95,4,,上櫃,112,26035,,,,,90591,41404,,,,87686,2905,,110716,,5910,2177745,2925183,747438,747438,636722,,116626,,38748,2656,90591
0,3629,地心引力,,987,,,,-2.29,4,,上櫃,112,2551,,,,,-75703,-74716,,,,-75703,0,,-74182,,1030,5102,15266,10164,10164,84346,,-73152,,-74716,0,-75703
,3630,新鉅科,,4257,,,,-3.35,4,,上櫃,112,0,,,,,-616558,-612301,,,,-616558,,,-609232,,-7326,1513264,1544708,31444,31444,640676,,-616558,,-612301,,-616558
,3631,晟楠,,-22380,,,,-0.60,4,,上櫃,112,-4716,,,,,-61814,-84194,,,,-49277,-12537,,-77152,,10622,62007,65356,3349,3349,80501,,-66530,,-71657,-12537,-61814
,3632,研勤,,-36,,,,0.11,4,,上櫃,112,-178,,,,,7037,7001,,,,4426,2611,,6778,,81,163198,393412,230214,230214,223436,,6859,,4401,2600,7037
,3646,艾恩特,,7314,,,,1.35,4,,上櫃,112,9346,,,,,53133,60447,,,,53133,,,49172,,13307,566179,798329,232150,232150,182978,,62479,,60447,,53133
,3663,鑫科,,8017,,,,0.54,4,,上櫃,112,11514,,,,,39568,47585,,,,39568,,,48052,,3030,2207149,2405119,197970,197970,149918,,51082,,47585,,39568
,3664,安瑞-KY,,48,,,,-0.52,4,,上櫃,112,44001,,,,,-28682,-28634,,,,-28682,0,,3478,,11841,200439,618081,417642,417642,414164,,15319,,-28634,0,-28682
,3666,光耀,,2208,,,,-5.64,4,,上櫃,112,558,,,,,-298604,-296396,,,,-298604,,,-251916,,-46130,813712,721020,-92692,-92692,159224,,-298046,,-296396,,-298604
,3672,康聯訊,,1983,,,,-1.21,4,,上櫃,112,-28843,,,,,-37375,-35392,,,,-37353,-22,,-72665,,6447,244033,370386,126353,126353,199018,,-66218,,-35535,143,-37375
,3675,德微,,-981,,,,6.73,4,0,上櫃,112,-37195,,,0,,337792,336811,,,,337792,0,,311502,,-10905,1086491,1739368,652877,652877,341375,,300597,,336811,0,337792
,3680,家登,,246698,,,,10.24,4,,上櫃,112,170245,,,,,1023373,1270071,,,,905006,118367,,1060078,,133540,2639697,5078345,2438648,2438648,1378570,,1193618,,1151925,118146,1023373
,3684,榮昌,,299,,,,1.17,4,,上櫃,112,5464,,,,,35005,35304,,,,35005,,,40321,,148,564046,807620,243574,243574,203253,,40469,,35304,,35005
,3685,元創精密,,-13142,,,,-0.77,4,,上櫃,112,2692,,,,,-48572,-61714,,,,-61204,12632,,-19065,,-26815,1253713,1518911,265198,265198,284263,,-45880,,-70753,9039,-48572
,3687,歐買尬,,39901,,,,1.75,4,,上櫃,112,91928,,,,,308355,348256,,,,52510,255845,,321188,,79095,953487,1624337,670850,670850,349662,,400283,,62999,285257,308355
,3689,湧德,,-33773,,,,4.94,4,,上櫃,112,97663,,,,,384454,350681,,,,384715,-261,,377312,,104805,4807980,6123831,1315851,1315851,938539,,482117,,350456,225,384454
,3691,碩禾,,-157220,,,,-8.82,4,,上櫃,112,29052,,,,,-1202854,-1360074,,,,-810576,-392278,,-966662,,-207140,3118576,2958411,-160165,-160165,806497,,-1173802,,-973001,-387073,-1202854
,3693,營邦,,-3421,,,,24.10,4,,上櫃,112,320361,,,,,927759,924338,,,,927759,,,1241393,,6727,6304765,8791951,2487186,2487186,1245793,,1248120,,924338,,927759
,3707,漢磊,,20640,,,,0.20,4,,上櫃,112,43673,,,,,136199,156839,,,,67073,69126,,135612,,44260,6270732,7080216,809484,809484,673872,,179872,,84933,71906,136199
,3709,鑫聯大投控,,-21589,,,,1.34,4,,上櫃,112,73184,,,,,122014,100425,,,,135032,-13018,,218623,,-23425,20163153,21293483,1130330,1130330,911707,,195198,,113183,-12758,122014
,3710,連展投控,,-92023,,,,-0.78,4,,上櫃,112,-37530,,,,,-197186,-289209,,,,-223647,26461,,-268801,,34085,5033921,6097845,1063924,1063924,1332725,,-234716,,-309879,20670,-197186
,3713,新晶投控,,215,,,,-0.27,4,6208,上櫃,112,578,,,0,,-24536,-24321,,,,-21172,-3364,,4233,,-28191,630285,760169,129884,136092,131859,,-23958,,-20957,-3364,-24536
,4102,永日,,-6603,,,,1.48,4,,上櫃,112,1195,,,,,66542,59939,,,,62506,4036,,55981,,11756,385265,559154,173889,173889,117908,,67737,,55903,4036,66542
,4105,東洋,,6810,,,,4.54,4,8544,上櫃,112,300864,,,13490,,1118601,1125411,,,,1128509,-9908,,1372433,,47032,2218466,5505542,3287076,3282130,1909697,,1419465,,1118594,6817,1118601
,4107,邦特,,15652,,,,6.53,4,,上櫃,112,116965,,,,,452550,468202,,,,452550,,,580176,,-10661,1125764,1944701,818937,818937,238761,,569515,,468202,,452550
,4109,加捷生醫,,3816,,,,1.62,4,,上櫃,112,-475,,,,,147024,150840,,,,144146,2878,,-66200,,212749,215123,332758,117635,117635,183835,,146549,,147602,3238,147024
0,4111,濟生,,-3379,,,,1.21,4,,上櫃,112,18658,,,,,68674,65295,,,,68674,,,61214,,26118,717761,1060864,343103,343103,281889,,87332,,65295,,68674
,4113,聯上,,-164,,,,-0.69,4,,上櫃,112,6242,,,,,-145730,-145894,,,,,,,-6817,,-132671,408832,518059,109227,109227,116044,,-139488,,,,-145730
,4114,健喬,-2066,-37938,,,,1.61,4,,上櫃,112,196389,,,,,405169,367231,,,,594832,-189663,,614742,,-13184,3020566,5140495,2119929,2119929,1503121,,601558,,557815,-190584,405169
0,4116,明基醫,,2361,,,,2.57,4,1532,上櫃,112,109906,,,0,,263192,265553,,,20888,114581,127723,,365438,,7660,3199099,4543001,1343902,1345434,979996,,373098,25425,111939,128189,263192
,4120,友華,,564995,,,,1.66,4,,上櫃,112,86967,,,,,169287,734282,,,,143943,25344,,70612,,185642,2444674,4591894,2147220,2147220,2076608,,256254,,709149,25133,169287
,4121,優盛,,-7526,,,,-0.08,4,,上櫃,112,14944,,,,,656,-6870,,,,-6665,7321,,4473,,11127,2536200,3809262,1273062,1273062,1268589,,15600,,-13530,6660,656
,4123,晟德,0,22670,,,,-1.50,4,,上櫃,112,-66261,,,,,-1047649,-1024979,,,,-995421,-52228,,78555,,-1192465,775914,1394008,618094,618094,539539,,-1113910,,-972754,-52225,-1047649
,4126,太醫,,987,,,,5.80,4,,上櫃,112,104700,,,,,420792,421779,,,,,,,498014,,27478,1580464,2320209,739745,739745,241731,,525492,,,,420792
,4127,天良,,126,,,,0.39,4,,上櫃,112,684,,,,,17732,17858,,,,,,,20436,,-2020,173845,459993,286148,286148,265712,,18416,,,,17732
,4128,中天,975,-64230,,,,-2.11,4,,上櫃,112,-553,,,,,-1377316,-1441546,,,,-1179876,-197440,,-505498,,-872371,987510,1591392,603882,603882,1110355,,-1377869,,-1215543,-226003,-1377316
,4129,聯合,0,-3875,,,,4.50,4,15005,上櫃,112,120917,,,0,,388309,384434,,,,384201,4108,,543269,,-34043,893517,3929887,3036370,3051375,2508106,,509226,,379951,4483,388309
,4131,浩泰,,-567,,,,-1.87,4,,上櫃,112,,,,,,-82089,-82656,,,,-64645,-17444,,-84944,,2855,73814,64729,-9085,-9085,75859,,-82089,,-65212,-17444,-82089
,4138,曜亞,,34075,,,,6.37,4,,上櫃,112,59543,,,,,237762,271837,,,,210319,27443,,268559,,28746,990448,1593502,603054,603054,334495,,297305,,244150,27687,237762
,4139,馬光-KY,,19889,,,,-1.00,4,,上櫃,112,11183,,,,,-39624,-19735,,,,-42530,2906,,24787,,-53228,1046349,1218116,171767,171767,146980,,-28441,,-21652,1917,-39624
,4147,中裕,,183,,,,-0.77,4,,上櫃,112,0,,,,,-194810,-194627,,,,-194810,,,-166231,,-28579,266544,491777,225233,225233,391464,,-194810,,-194627,,-194810
,4153,鈺緯,,1671,,,,1.25,4,2169,上櫃,112,14152,,,0,,73617,75288,,,,73617,,,92152,,-4383,643071,893844,250773,252942,160790,,87769,,75288,,73617
,4154,樂威科-KY,,5443,,,,-3.05,4,,上櫃,112,3031,,,,,-127620,-122177,,,,-108823,-18797,,-104878,,-19711,322773,279342,-43431,-43431,61447,,-124589,,-103757,-18420,-127620
,4157,太景*-KY,,28922,,,,0.19,4,,上櫃,112,6756,,,,,136731,165653,,,,136731,0,,-174699,,318186,11448,123134,111686,111686,286385,,143487,,165653,0,136731
,4160,訊聯基因,,64541,,,,1.12,4,,上櫃,112,5974,,,,,28769,93310,,,,28565,204,,18576,,16167,355670,592500,236830,236830,218254,,34743,,93106,204,28769
,4161,聿新科,,-14584,,,,1.68,4,,上櫃,112,21887,,,,,84583,69999,,,,85710,-1127,,89954,,16516,588962,828501,239539,239539,149585,,106470,,71232,-1233,84583
,4162,智擎,,,,,,1.91,4,,上櫃,112,63324,,,,,274650,274650,,,,,,,277183,,60791,48697,767669,718972,718972,441789,,337974,,,,274650
,4163,鐿鈦,,-7889,,,,7.05,4,,上櫃,112,93093,,,,,335227,327338,,,,340582,-5355,,383732,,44588,1416400,2444688,1028288,1028288,644556,,428320,,332693,-5355,335227
,4166,友霖,,-222,,,,0.10,4,,上櫃,112,636,,,,,22288,22066,,,,22288,,,24318,,-1394,421245,889912,468667,468667,444349,,22924,,22066,,22288
,4167,松瑞藥,,,,,,0.09,4,,上櫃,112,42,,,,,27497,27497,,,,30030,-2533,,-2420,,29959,829328,1050277,220949,220949,223369,,27539,,30030,-2533,27497
,4168,醣聯,,-654,,,,-1.65,4,,上櫃,112,14645,,,,,-178362,-179016,,,,-178362,,,-259864,,96147,1547,2542,995,995,260859,,-163717,,-179016,,-178362
,4171,瑞基,,-938,,,,-2.89,4,,上櫃,112,-47993,,,,,-170352,-171290,,,,-166270,-4082,,-229285,,10940,197876,225460,27584,27584,256869,,-218345,,-166653,-4637,-170352
,4173,久裕,,112542,,,,1.03,4,,上櫃,112,18966,,,,,76532,189074,,,,76532,,,81898,,13600,906589,1140078,233489,233489,151591,,95498,,189074,,76532
,4174,浩鼎,,1348,,,,-4.57,4,,上櫃,112,-9594,,,,,-1265960,-1264612,,,,-1046475,-219485,,-2089791,,814237,115046,41549,-73497,-73497,2016294,,-1275554,,-1045096,-219516,-1265960
,4175,杏一,,-4409,,,,1.13,4,,上櫃,112,22357,,,,,47530,43121,,,,46803,727,,105509,,-35622,5177040,7446190,2269150,2269150,2163641,,69887,,42413,708,47530
,4183,福永生技,,19,,,,0.88,4,,上櫃,112,5470,,,,,20989,21008,,,,,,,24920,,1539,354457,470167,115710,115710,90790,,26459,,,,20989
,4188,安克,,-681,,,,-0.85,4,,上櫃,112,0,,,,,-43149,-43830,,,,-45314,2165,,-53985,,10836,24232,65256,41024,41024,95009,,-43149,,-45995,2165,-43149
,4192,杏國,,-2984,,,,-1.19,4,,上櫃,112,0,,,,,-38172,-41156,,,,-38172,0,,-45502,,7330,19675,20196,521,521,46023,,-38172,,-41156,0,-38172
,4198,欣大健康,,1873,,,,4.49,4,,上櫃,112,-33,,,,,102891,104764,,,,103609,-718,,-92920,,195778,218868,254523,35655,35655,128575,,102858,,105482,-718,102891
,4205,中華食,,-131,,,,3.91,4,,上櫃,112,87417,,,,,346927,346796,,,,,,,423015,,11329,1236443,1954116,717673,717673,294658,,434344,,,,346927
,4207,環泰,,-4867,,,,1.25,4,,上櫃,112,103627,,,,,304697,299830,,,,233988,70709,,422406,,-14082,4592671,5339217,746546,746546,324140,,408324,,225721,74109,304697
,4303,信立,,627,,,,1.83,4,,上櫃,112,1235,,,,,123459,124086,,,,,,,-30121,,154815,152605,161724,9119,9119,39240,,124694,,,,123459
,4304,勝昱,,-612,,,,-3.35,4,,上櫃,112,0,,,,,-120556,-121168,,,,-120556,,,-51719,,-68837,437532,456095,18563,18563,70282,,-120556,,-121168,,-120556
,4305,世坤,,-590,,,,2.91,4,,上櫃,112,41751,,,,,160340,159750,,,,,,,168277,,33814,698176,941030,242854,242854,74577,,202091,,,,160340
,4401,東隆興,,-19110,,,,-0.13,4,,上櫃,112,-442,,,,,-12152,-31262,,,,-15908,3756,,-9308,,-3286,2646635,2818246,171611,171611,180919,,-12594,,-33673,2411,-12152
,4402,郡都開發,,,,,,-0.43,4,,上櫃,112,1400,,,,,-19893,-19893,,,,-19893,0,,-40562,,22069,78743,76959,-1784,-1784,38778,,-18493,,-19893,,-19893
,4406,新昕纖,,-30548,,,,-0.39,4,,上櫃,112,331,,,,,-20173,-50721,,,,,,,-48593,,28751,430171,409538,-20633,-20633,27960,,-19842,,,,-20173
,4413,飛寶企業,,-921,,,,0.58,4,,上櫃,112,783,,,,,18145,17224,,,,18145,,,7160,,11768,351168,447987,96819,96819,89659,,18928,,17224,,18145
,4416,三圓,,15584,,,,-0.03,4,,上櫃,112,17678,,,,,-1471,14113,,,,-1471,0,,27541,,-11334,52669,116551,63882,63882,36341,,16207,,14113,0,-1471
,4417,金洲,,-43825,,,,3.69,4,,上櫃,112,121958,,,,,316614,272789,,,,310262,6352,,390920,,47652,2195779,2936371,740592,740592,349672,,438572,,269226,3563,316614
,4419,皇家美食,,,,,,-0.31,4,,上櫃,112,6728,,,,,-7887,-7887,,,,-14692,6805,,8653,,-9812,241898,395978,154080,154080,145427,,-1159,,-14692,6805,-7887
,4420,光明,1824706,0,,,,40.44,4,,上櫃,112,66783,,,,,1636080,1636080,,,,,,,1747563,,-44700,696200,688933,-7267,-7267,69876,,1702863,,,,1636080
,4430,耀億,,-29190,,,,-2.84,4,,上櫃,112,-44701,,,,,-160068,-189258,,,,-160068,,,-177599,,-27170,1622044,1897335,275291,275291,452890,,-204769,,-189258,,-160068
,4432,銘旺實,,-9306,,,,1.92,4,,上櫃,112,28227,,,,,97196,87890,,,,97196,,,91492,,33931,893519,1175035,281516,281516,190024,,125423,,87890,,97196
,4433,興采,,-8798,,,,0.53,4,,上櫃,112,26003,,,,,25469,16671,,,,32085,-6616,,37995,,13477,2333621,2983639,650018,650018,612023,,51472,,27342,-10671,25469
,4442,竣邦-KY,,-5031,,,,1.30,4,,上櫃,112,15167,,,,,32091,27060,,,,32091,0,,42543,,4715,872296,1128770,256474,256474,213931,,47258,,27060,0,32091
,4502,健信,,6700,,,,0.15,4,,上櫃,112,1300,,,,,6645,13345,,,,8448,-1803,,11837,,-3892,1221420,1478848,257428,257428,245591,,7945,,15266,-1921,6645
,4503,金雨,,1752,,,,-1.27,4,,上櫃,112,-2691,,,,,-76375,-74623,,,,-76307,-68,,-83135,,4069,309037,274751,-34286,-34286,48849,,-79066,,-74555,-68,-76375
,4506,崇友,,-15448,,,,5.06,4,,上櫃,112,216313,,,,,895062,879614,,,,895119,-57,,968357,,143018,3737985,5268255,1530270,1530270,561913,,1111375,,879669,-55,895062
,4510,高鋒,,-36907,,,,0.97,4,,上櫃,112,36417,,,,,105276,68369,,,,104368,908,,138784,,2909,1561584,2015761,454177,454177,315393,,141693,,67475,894,105276
,4513,福裕,,2234,,,,1.44,4,,上櫃,112,54090,,,,,115652,117886,,,,115652,,,-38358,,208100,924668,1290783,366115,366115,404473,,169742,,117886,,115652
0,4523,永彰,,58524,,,,-0.25,4,0,上櫃,112,-2662,,,0,,-59103,-579,,,,-16270,-42833,,-121047,,59282,443005,582562,139557,139557,260604,,-61765,,42254,-42833,-59103
,4527,方方土霖,,-19030,,,,3.39,4,,上櫃,112,81689,,,,,277536,258506,,,,258404,19132,,315057,,44168,2636014,3476588,840574,840574,525517,,359225,,241608,16898,277536
,4528,江興鍛,,-45763,,,,0.91,4,,上櫃,112,17403,,,,,76370,30607,,,,76370,0,,84941,,8832,1593477,1949130,355653,355653,270712,,93773,,30607,0,76370
,4529,淳紳,,-35360,,,,-1.03,4,,上櫃,112,,,,,,-87812,-123172,,,,-86433,-1379,,-61053,,-26759,4413,4953,540,540,61593,,-87812,,-121790,-1382,-87812
,4530,天意能創,,-1112,,,,-1.26,4,,上櫃,112,1645,,,,,-58936,-60048,,,,-62156,3220,,-41244,,-16047,118375,161970,43595,43595,84839,,-57291,3220,-63268,,-58936
,4533,協易機,,-7304,,,,1.34,4,,上櫃,112,43513,,,,,212897,205593,,,,212897,,,152178,,104232,2435778,3497671,1061893,1061893,909715,,256410,,205593,,212897
,4534,慶騰,,-4537,,,,-1.53,4,,上櫃,112,-129,,,,,-132433,-136970,,,,-132433,,,-134858,,2296,692579,696082,3503,3503,138361,,-132562,,-136970,,-132433
,4535,至興,,-23248,,,,2.40,4,,上櫃,112,99787,,,,,273083,249835,,,,181424,91659,,333421,,39449,2293463,2860040,566577,566577,233156,,372870,,166412,83423,273083
,4538,大詠城,,671,,,,1.12,4,,上櫃,112,17317,,,,,61339,62010,,,,,,,61440,,17216,329270,434677,105407,105407,43967,,78656,,,,61339
,4541,晟田,,-707,,,,-1.12,4,,上櫃,112,-18952,,,,,-75958,-76665,,,,,,,-110258,,15348,1159595,1199739,40144,40144,150402,,-94910,,,,-75958
,4542,科嶠,,4100,,,,1.68,4,,上櫃,112,9128,,,,,51524,55624,,,,54201,-2677,,70414,,-9762,518869,821613,302744,302744,232330,,60652,,58432,-2808,51524
,4543,萬在,,6032,,,,2.41,4,,上櫃,112,36589,,,,,134834,140866,,,,134834,,,137678,,33745,578738,836068,257330,257330,119652,,171423,,140866,,134834
,4549,桓達,,-3140,,,,4.89,4,,上櫃,112,82455,,,,,267839,264699,,,,267838,1,,312051,,38243,644034,1367401,723367,723367,411316,,350294,,264698,1,267839
,4550,長佳,,1937,,,,3.26,4,,上櫃,112,32952,,,,,123200,125137,,,,123200,,,140642,,15510,1646400,1909083,262683,262683,122041,,156152,,125137,,123200
,4554,橙的,,1646,,,,1.06,4,,上櫃,112,3575,,,,,24683,26329,,,,24683,,,19236,,9022,214564,365794,151230,151230,131994,,28258,,26329,,24683
,4556,旭然,,-11745,,,,0.10,4,,上櫃,112,12352,,,,,4003,-7742,,,,4115,-112,,38198,,-21843,370366,603591,233225,233225,195027,,16355,,-7630,-112,4003
,4558,寶緯,,,,,,0.01,4,,上櫃,112,-4228,,,,,251,251,,,,,,,7664,,-11641,1495948,1585719,89771,89771,82107,,-3977,,,,251
,4561,健椿,,-697,,,,2.74,4,,上櫃,112,42969,,,,,160084,159387,,,,,,,206152,,-3099,859618,1198998,339380,339380,133228,,203053,,,,160084
,4563,百德,,26455,,,,2.02,4,,上櫃,112,73597,,,,,110993,137448,,,,110993,,,209088,,-24498,1994080,2770750,776670,776670,567582,,184590,,137448,,110993
,4568,科際精密,,-5230,,,,1.06,4,,上櫃,112,6857,,,,,33203,27973,,,,33203,,,50073,,-10013,730811,1043114,312303,312303,262230,,40060,,27973,,33203
,4577,達航科技,,-15768,,,,-4.52,4,,上櫃,112,-54142,,,,,-221966,-237734,,,,-221966,,,-237370,,-38738,773516,756561,-16955,-16955,220415,,-276108,,-237734,,-221966
,4580,捷流閥業,,-11722,,,,7.68,4,,上櫃,112,131091,,,,,331311,319589,,,,331311,,,428989,,33413,1773553,2609764,836211,836211,407222,,462402,,319589,,331311
,4584,君帆,,-9818,,,,3.28,4,,上櫃,112,34463,,,,,91038,81220,,,,91038,,,126255,,-754,685946,1011962,326016,326016,199761,,125501,,81220,,91038
,4609,唐鋒,,1922,,,,-0.78,4,,上櫃,112,0,,,,,-37493,-35571,,,,-37493,,,-85354,,47861,83353,98110,14757,14757,100111,,-37493,,-35571,,-37493
,4702,中美實,,-7963,,,,0.72,4,,上櫃,112,-1722,,,,,52114,44151,,,,52114,,,-1835,,52227,461920,513233,51313,51313,53148,,50392,,44151,,52114
,4706,大恭,,5170,,,,0.07,4,,上櫃,112,1935,,,,,5664,10834,,,,5595,69,,-8519,,16118,935739,1076243,140504,140504,149023,,7599,,10765,69,5664
,4707,磐亞,,40501,,,,0.92,4,,上櫃,112,704,,,,,347277,387778,,,,,,,-11007,,358988,1231203,1322832,91629,91629,102636,,347981,,,,347277
,4711,永純,,2286,,,,0.30,4,,上櫃,112,5384,,,,,18378,20664,,,,18378,,,19605,,4157,667787,768731,100944,100944,81339,,23762,,20664,,18378
,4714,永捷,,17679,,,,0.14,4,,上櫃,112,3019,,,,,72748,90427,,,,19886,52862,,-98589,,174356,428978,516505,87527,87527,186116,,75767,,36757,53670,72748
,4716,大立,,-2356,,,,-0.18,4,,上櫃,112,-5443,,,,,-20365,-22721,,,,-15333,-5032,,-56557,,30749,472470,528604,56134,56134,112691,,-25808,,-17689,-5032,-20365
,4721,美琪瑪,,-9992,,,,-0.33,4,3860,上櫃,112,29480,,,0,,-24543,-34535,,,,-24543,0,,115074,,-110137,2082298,2316364,234066,237926,122852,,4937,,-34535,0,-24543
,4726,永昕,,175,,,,-3.32,4,,上櫃,112,-1134,,,,,-682847,-682672,,,,-682847,,,-602102,,-81879,1027811,652620,-375191,-375191,226911,,-683981,,-682672,,-682847
,4728,雙美,,-7541,,,,11.49,4,,上櫃,112,283684,,,,,625708,618167,,,,625708,,,894795,,14597,284097,1688987,1404890,1404890,510095,,909392,,618167,,625708
,4729,熒茂,,-106838,,,,0.34,4,,上櫃,112,14164,,,,,31763,-75075,,,,26467,5296,,-7030,,52957,909924,1101198,191274,191274,198304,,45927,,-7606,-67469,31763
,4735,豪展,,-5015,,,,1.17,4,,上櫃,112,-1106,,,,,42716,37701,,,,42716,,,14895,,26715,614288,879080,264792,264792,249897,,41610,,37701,,42716
,4741,泓瀚,,151,,,,2.02,4,,上櫃,112,12250,,,,,56218,56369,,,,66200,-9982,,62255,,6213,447712,648572,200860,200860,138605,,68468,,66328,-9959,56218
,4743,合一,,21477,,,,-2.91,4,,上櫃,112,5290,,,,,-1322568,-1301091,,,,-1312867,-9701,,-1096625,,-220653,54221,86783,32562,32562,1129187,,-1317278,,-1300682,-409,-1322568
,4744,皇將,,10412,,,,0.27,4,,上櫃,112,5431,,,,,19957,30369,,,,14357,5600,,32902,,-7514,614346,1127064,512718,512718,479816,,25388,,22672,7697,19957
,4745,合富-KY,,-89624,,,,0.63,4,,上櫃,112,119950,,,,,138360,48736,,,,49109,89251,,264172,,-5862,3828116,4812569,984453,984453,720281,,258310,,814,47922,138360
,4747,強生*,,-3807,,,,2.24,4,,上櫃,112,21189,,,,,79700,75893,,,,79700,,,98830,,2059,362078,606711,244633,244633,145803,,100889,,75893,,79700
,4749,新應材,0,-36974,,,,3.91,4,,上櫃,112,43064,,,,,318372,281398,,,,318372,,,224802,,136634,1670130,2364382,694252,694252,469450,,361436,,281398,,318372
,4754,國碳科,,-1115,,,,2.25,4,,上櫃,112,16096,,,,,68168,67053,,,,68168,,,84059,,205,406607,643948,237341,237341,153282,,84264,,67053,,68168
,4760,勤凱科技,,17580,,,,3.90,4,,上櫃,112,26443,,,,,116724,134304,,,,,,,128822,,14345,820933,1045002,224069,224069,95247,,143167,,,,116724
,4767,誠泰科技,,-9991,,,,2.58,4,,上櫃,112,15449,,,,,80192,70201,,,,81080,-888,,97132,,-1491,947500,1236334,288834,288834,191702,,95641,,71058,-857,80192
,4768,晶呈科技,,-1744,,,,2.76,4,,上櫃,112,45387,,,,,116826,115082,,,,108305,8521,,162088,,125,457723,815208,357485,357485,195397,,162213,,106561,8521,116826
,4772,台特化,,,,,,1.13,4,,上櫃,112,-16454,,,,,155653,155653,,,,,,,137798,,1401,343290,553523,210233,210233,72435,,139199,,,,155653
,4804,大略-KY,,-5455,,,,-3.41,4,,上櫃,112,3563,,,,,-154695,-160150,,,,-154695,0,,-69861,,-81271,145940,238495,92555,92555,162416,,-151132,,-160150,0,-154695
,4806,桂田文創,,16,,,,-0.54,4,,上櫃,112,0,,,,,-43568,-43552,,,,-42853,-715,,-37442,,-6126,1169,1330,161,161,37603,,-43568,,-42837,-715,-43568
,4903,聯光通,,0,,,,0.28,4,,上櫃,112,0,,,,,23097,23097,,,,27688,-4591,,-70192,,93289,629487,687944,58457,58457,128649,,23097,,27688,-4591,23097
,4905,台聯電,,-36291,,,,5.61,4,,上櫃,112,1019,,,,,166018,129727,,,,164135,1883,,-39712,,206749,76564,114639,38075,38075,77787,,167037,,128604,1123,166018
,4907,富宇,,,,,,2.24,4,,上櫃,112,64116,,,,,264376,264376,,,,,,,324813,,3679,2792742,3400817,608075,608075,283262,,328492,,,,264376
,4908,前鼎,,-2027,,,,2.63,4,,上櫃,112,35134,,,,,205424,203397,,,,,,,207309,,33249,540014,941400,401386,401386,194077,,240558,,,,205424
,4909,新復興,,4382,,,,0.42,4,,上櫃,112,-6385,,,,,38887,43269,,,,38887,0,,-19109,,51611,642771,718628,75857,75857,94966,,32502,,43269,,38887
,4911,德英,,,,,,1.30,4,,上櫃,112,18100,,,,,72400,72400,,,,,,,80684,,9816,36856,181443,144587,144587,63903,,90500,,,,72400
,4923,力士,,-53,,,,0.20,4,,上櫃,112,4785,,,,,6503,6450,,,,6503,,,771,,10517,537536,738519,200983,200983,200212,,11288,,6450,,6503
,4924,欣厚-KY,,-9268,,,,-1.15,4,,上櫃,112,1307,,,,,-42777,-52045,,,,-42777,,,-47653,,6183,402687,499830,97143,97143,144796,,-41470,,-52045,,-42777
,4931,新盛力,,2751,,,,1.65,4,,上櫃,112,-82589,,,,,106517,109268,,,,106517,,,8325,,15603,1444942,1710605,265663,265663,257338,,23928,,109268,,106517
,4933,友輝,,-45441,,,,4.22,4,,上櫃,112,54359,,,,,339544,294103,,,,339544,,,294076,,99827,1819608,2498270,678662,678662,384586,,393903,,294103,,339544
,4939,亞電,,-14731,,,,0.37,4,,上櫃,112,13583,,,,,36322,21591,,,,36322,,,81624,,-31719,1209517,1548510,338993,338993,257369,,49905,,21591,,36322
,4946,辣椒,,13,,,,-10.66,4,,上櫃,112,-8,,,,,-93190,-93177,,,,-84918,-8272,,-92859,,-339,55142,29732,-25410,-25410,67449,,-93198,,-84905,-8272,-93190
,4950,金耘國際,,2452,,,,-4.05,4,,上櫃,112,-4084,,,,,-189466,-187014,,,,-189466,,,-170822,,-22728,121912,66533,-55379,-55379,115443,,-193550,,-187014,,-189466
,4951,精拓科,,1367,,,,3.31,4,,上櫃,112,-3371,,,,,112409,113776,,,,113098,-689,,95948,,13090,123397,408571,285174,285174,189226,,109038,,114467,-691,112409
,4953,緯致,,-62686,,,,8.49,4,,上櫃,112,72553,,,,,587973,525287,,,,587973,,,606629,,53897,7076983,8841258,1764275,1764275,1157646,,660526,,525287,,587973
,4966,譜瑞-KY,,-47271,,,,25.73,4,,上櫃,112,190840,,,,,2033134,1985863,,,,2033134,,,1966527,,257447,7749660,13769072,6019412,6019412,4052885,,2223974,,1985863,,2033134
,4971,IET-KY,,-10137,,,,0.23,4,,上櫃,112,-41942,,,,,8360,-1777,,,,8343,17,,-32577,,-1005,507808,662355,154547,154547,187124,,-33582,,-1794,17,8360
,4972,湯石照明,,-28391,,,,1.16,4,,上櫃,112,22850,,,,,49068,20677,,,,49068,,,-2022,,73940,553832,811933,258101,258101,260123,,71918,,20677,,49068
,4973,廣穎電通,,315295,,,,3.12,4,,上櫃,112,25836,,,,,197596,512891,,,,197596,,,137685,,85747,3543421,4490485,947064,947064,809379,,223432,,512891,,197596
,4974,亞泰,,-29458,,,,5.64,4,,上櫃,112,94041,,,,,408854,379396,,,,408854,,,391428,,111467,2961810,3539084,577274,577274,185846,,502895,,379396,,408854
,4979,華星光,,4561,,,,3.34,4,,上櫃,112,,,,,,442388,446949,,,,442388,,,442970,,-582,2382737,2956487,573750,573750,130780,,442388,,446949,,442388
,4991,環宇-KY,,-9421,,,,-7.18,4,,上櫃,112,-14089,,,,,-792236,-801657,,,,-792236,,,-227027,,-579298,1113345,1350604,237259,237259,464286,,-806325,,-801657,,-792236
,4995,晶達,,-406,,,,3.61,4,,上櫃,112,33912,,,,,151616,151210,,,,151616,,,186842,,-1314,777222,1219486,442264,442264,255422,,185528,,151210,,151616
,5009,榮剛,,-2251,,,,4.66,4,,上櫃,112,500993,,,,,2395251,2393000,,,,2339563,55688,,2374232,,522012,9880601,13525251,3644650,3644650,1270418,,2896244,,2321174,71826,2395251
,5011,久陽,,32530,,,,1.51,4,,上櫃,112,-130401,,,,,150370,182900,,,,150839,-469,,-101562,,121531,4235684,4321072,85388,85388,186950,,19969,,183369,-469,150370
,5013,強新,,-42398,,,,1.93,4,,上櫃,112,130700,,,,,392451,350053,,,,257118,135333,,573815,,-50664,6553704,7584631,1030927,1030927,457112,,523151,,230350,119703,392451
,5014,建錩,,-63135,,,,0.14,4,,上櫃,112,64905,,,,,26575,-36560,,,,25699,876,,106232,,-14752,15004502,15610205,605703,605703,499471,,91480,,-36808,248,26575
,5015,華祺,,1162,,,,1.34,4,,上櫃,112,38710,,,,,81349,82511,,,,81349,0,,101535,,18524,1254037,1535782,281745,281745,180210,,120059,,82511,0,81349
,5016,松和,,-4678,,,,0.93,4,,上櫃,112,12772,,,,,46656,41978,,,,46120,536,,62401,,-2973,1850219,2014217,163998,163998,101597,,59428,,41740,238,46656
,5201,凱衛,,-149,,,,2.44,4,,上櫃,112,3153,,,,,74868,74719,,,,74868,,,5029,,72992,114866,227357,112491,112491,107462,,78021,,74719,,74868
,5202,力新,,11945,,,,1.81,4,,上櫃,112,3147,,,,,161581,173526,,,,161581,0,,-80550,,245278,40928,135443,94515,94515,175065,,164728,,173526,0,161581
,5205,中茂,,,,,,-1.55,4,,上櫃,112,-443,,,,,-16951,-16951,,,,-15901,-1050,,-19657,,2263,22316,19985,-2331,-2331,17326,,-17394,,-15901,-1050,-16951
,5206,坤悅,,,,,,2.30,4,,上櫃,112,106882,,,,,358226,358226,,,,358226,,,434697,,30411,2518368,3370820,852452,852452,417755,,465108,,358226,,358226
,5209,新鼎,,-2309,,,,12.51,4,,上櫃,112,84885,,,,,350768,348459,,,,350768,0,,399437,,36216,6239937,6770194,530257,530257,130820,,435653,,348459,0,350768
,5210,寶碩,,-7538,,,,-1.56,4,,上櫃,112,2955,,,,,-97260,-104798,,,,-97260,0,,-91893,,-2412,103084,261983,158899,158899,250792,,-94305,,-104798,0,-97260
,5211,蒙恬,0,-774,,,,-4.56,4,,上櫃,112,-36875,,,,,-148703,-149477,,,0,-146067,-2636,,-24817,,-160761,67830,165193,97363,97363,122180,,-185578,0,-146877,-2600,-148703
,5212,凌網,,-4137,,,,3.36,4,,上櫃,112,24697,,,,,119605,115468,,,,116269,3336,,138598,,5704,495466,1003686,508220,508220,369622,,144302,,112244,3224,119605
,5213,亞昕,,-83191,,,,2.59,4,,上櫃,112,117757,,,,,1194912,1111721,,,,1231284,-36372,,1266393,,46276,3744546,5591190,1846644,1846644,580251,,1312669,,1163602,-51881,1194912
,5220,萬達光電,,-100,,,,0.95,4,,上櫃,112,4422,,,,,37642,37542,,,,37642,,,29136,,12928,605664,785026,179362,179362,150226,,42064,,37542,,37642
,5223,安力-KY,,-35135,,,,-0.08,4,,上櫃,112,5519,,,,,-3700,-38835,,,,-3700,,,-6868,,8687,1212049,1525203,313154,313154,320022,,1819,,-38835,,-3700
,5227,立凱-KY,,2493,,,,-7.00,4,,上櫃,112,51950,,,,,-519356,-516863,,,,-519356,,,-447056,,-20350,903665,810294,-93371,-93371,353685,,-467406,,-516863,,-519356
,5228,鈺鎧,,746,,,,-2.00,4,,上櫃,112,-10990,,,,,-76098,-75352,,,,,,,-88777,,1689,417271,442279,25008,25008,113785,,-87088,,,,-76098
,5230,雷笛克光學,,-27873,,,,0.07,4,,上櫃,112,287,,,,,6330,-21543,,,,3494,2836,,8494,,-1877,881127,1267922,386795,386795,378301,,6617,,-24298,2755,6330
,5245,智晶,,6981,,,,-3.22,4,,上櫃,112,-6996,,,,,-141180,-134199,,,,-138850,-2330,,-160660,,12484,797394,895577,98183,98183,258843,,-148176,,-131869,-2330,-141180
,5251,天鉞電,,1160,,,,-1.84,4,,上櫃,112,-2297,,,,,-61876,-60716,,,,-61876,,,-64521,,348,119882,179148,59266,59266,123787,,-64173,,-60716,,-61876
,5263,智崴,,-16916,,,,-2.79,4,,上櫃,112,-42308,,,,,-179975,-196891,,,,-179764,-211,,-224368,,2085,500891,862703,361812,361812,586180,,-222283,,-196662,-229,-179975
,5272,笙科,,83991,,,,-0.56,4,,上櫃,112,2707,,,,,-31098,52893,,,,,,,-56608,,28217,172350,333525,161175,161175,217783,,-28391,,,,-31098
,5274,信驊,,-239,,,,26.66,4,,上櫃,112,188147,,,,,1006810,1006571,,,,1006810,,,1079608,,115349,1122477,3130395,2007918,2007918,928310,,1194957,,1006571,,1006810
,5276,達輝-KY,,-40915,,,,-0.71,4,,上櫃,112,22318,,,,,-28020,-68935,,,,-28020,,,13334,,-19036,671632,790586,118954,118954,105620,,-5702,,-68935,,-28020
,5278,尚凡*,,-5037,,,,13.39,4,,上櫃,112,68439,,,,,297737,292700,,,,297737,0,,371848,,-5672,855171,2061721,1206550,1206550,834702,,366176,,292700,0,297737
,5287,數字,,-18380,,,,12.74,4,,上櫃,112,193438,,,,,705450,687070,,,,710779,-5329,,834789,,64099,647007,2149875,1502868,1502868,668079,,898888,,683933,3137,705450
,5289,宜鼎,,9434,,,,12.98,4,,上櫃,112,286921,,,,,1144167,1153601,,,,1147616,-3449,,1380028,,51060,5467866,8313778,2845912,2845912,1465884,,1431088,,1157029,-3428,1144167
,5291,邑昇,,-1636,,,,0.34,4,,上櫃,112,6512,,,,,12617,10981,,,,13913,-1296,,19431,,-302,753648,945035,191387,191387,171956,,19129,,12277,-1296,12617
,5299,杰力,,243,,,,5.13,4,,上櫃,112,48469,,,,,260843,261086,,,,260843,,,205266,,104046,1281326,1733182,451856,451856,246590,,309312,,261086,,260843
,5301,寶得利,,3417,,,,-0.61,4,,上櫃,112,1156,,,,,-91682,-88265,,,,-82966,-8716,,-75983,,-14543,146123,236365,90242,90242,166225,,-90526,,-79552,-8713,-91682
,5302,太欣,,397,,,,-0.34,4,,上櫃,112,53,,,,,-55014,-54617,,,,-54203,-811,,-72574,,17613,7273,12262,4989,4989,77563,,-54961,,-53798,-819,-55014
,5309,系統電,,-35127,,,,1.41,4,,上櫃,112,249,,,,,255484,220357,,,,255484,,,193758,,61975,2467840,3278708,810868,810868,617110,,255733,,220357,,255484
,5310,天剛,42,3,,,,0.01,4,,上櫃,112,0,,,,,355,358,,,,355,,,-33580,,33935,20504,12260,-8244,-8244,25378,,355,,358,,355
,5312,寶島科,,208585,,,,6.96,4,,上櫃,112,81508,,,,,417899,626484,,,,417942,-43,,328026,,171381,1481877,3863856,2381979,2381979,2053953,,499407,,626527,-43,417899
,5314,世紀*,,26520,,,,2.11,4,,上櫃,112,0,,,,,30890,57410,,,,31050,-160,,-7062,,37952,68912,85353,16441,16441,23503,,30890,,57570,-160,30890
0,5315,光聯,,40608,,,,0.85,4,0,上櫃,112,22302,,,0,,90221,130829,,,,90221,0,,92957,,19566,1297570,1557823,260253,260253,167296,,112523,,130829,0,90221
,5321,美而快,,-1310,,,,1.66,4,,上櫃,112,40382,,,,,120208,118898,,,,82278,37930,,164036,,-3446,2031256,3264959,1233703,1233703,1069667,,160590,,80967,37931,120208
,5324,士開,,22322,,,,-0.53,4,,上櫃,112,1986,,,,,-114897,-92575,,,,-119308,4411,,-55297,,-57614,305387,609213,303826,303826,359123,,-112911,,-97980,5405,-114897
,5328,華容,,47565,,,,0.46,4,,上櫃,112,19734,,,,,81016,128581,,,,78932,2084,,75268,,25482,756341,1017793,261452,261452,186184,,100750,,126497,2084,81016
,5340,建榮,,1530,,,,0.13,4,,上櫃,112,5017,,,,,24936,26466,,,,,,,32338,,-2385,1101328,1232147,130819,130819,98481,,29953,,,,24936
,5344,立衛,,-17630,,,,0.11,4,,上櫃,112,,,,,,8396,-9234,,,,,,,-626,,9022,252346,297694,45348,45348,45974,,8396,,,,8396
,5345,馥鴻,,3106,,,,-1.51,4,,上櫃,112,0,,,,,-27113,-24007,,,,-27113,,,-41220,,14107,5837,6280,443,443,41663,,-27113,,-24007,,-27113
,5347,世界,,386839,,,,4.50,4,,上櫃,112,1463699,,,,,7370074,7756913,,,,7370074,,,5774186,,3059587,27826556,38272570,10446014,10446014,4671828,,8833773,,7756913,,7370074
,5348,正能量智能,0,111,,,,0.22,4,,上櫃,112,1455,,,,,8949,9060,,,418,6472,2059,,10001,,403,201535,270143,68608,68608,58607,,10404,418,6583,2059,8949
,5351,鈺創,67306,83644,,,,-3.09,4,,上櫃,112,2,,,,,-992683,-909039,,,,-892914,-99769,,-1173151,,180470,2744669,2661968,-82701,-82701,1157756,,-992681,,-809282,-99757,-992683
,5353,台林,,34816,,,,2.14,4,,上櫃,112,33174,,,,,160553,195369,,,,160553,,,167736,,25991,1483827,1980733,496906,496906,329170,,193727,,195369,,160553
,5355,佳總,,1779,,,,-0.82,4,,上櫃,112,1783,,,,,-135956,-134177,,,,-136333,377,,-150299,,16126,558066,496577,-61489,-61489,88810,,-134173,,-134554,377,-135956
,5356,協益,,-36327,,,,5.48,4,,上櫃,112,49724,,,,,558828,522501,,,,564672,-5844,,27106,,581446,3023056,3320741,297685,297685,270579,,608552,,529828,-7327,558828
0,5364,力麗店,0,-16253,,,,-1.77,4,,上櫃,112,0,,,,,-66921,-83174,,,,-50949,-15972,,-55743,,-11178,478986,476868,-2118,-2118,53625,,-66921,,-67202,-15972,-66921
,5381,光譜,,212059,,,,0.05,4,,上櫃,112,2697,,,,,13414,225473,,,,9932,3482,,19079,,-2968,986598,1189052,202454,202454,183375,,16111,,221991,3482,13414
,5386,青雲,,1677,,,,2.28,4,,上櫃,112,17244,,,,,65204,66881,,,,,,,91362,,-8914,1807741,1973869,166128,166128,74766,,82448,,,,65204
,5392,能率,,90146,,,,0.33,4,,上櫃,112,113439,,,,,117781,207927,,,,55952,61829,,11962,,219258,7892316,9420948,1528632,1528632,1516670,,231220,,214532,-6605,117781
,5398,慕康生醫,,-3111,,,,-0.64,4,,上櫃,112,1123,,,,,-31813,-34924,,,,-31813,,,-41057,,10367,159435,192895,33460,33460,74517,,-30690,,-34924,,-31813
82930,5403,中菲,,21281,,,,8.37,4,,上櫃,112,135362,,,,,624280,645561,,,,607883,16397,,620748,,55964,1667168,2766374,1099206,1099206,478458,,676712,,629164,16397,541350
,5410,國眾,0,20535,,,,2.12,4,0,上櫃,112,40226,,,0,,188582,209117,,,,188447,135,,184926,,43882,2808237,3457717,649480,649480,464554,,228808,,208982,135,188582
,5425,台半,,-52809,,,,2.89,4,,上櫃,112,527804,,,,,1309993,1257184,,,,718640,591353,,1768528,,69269,10123352,14616014,4492662,4492662,2724134,,1837797,,655242,601942,1309993
,5426,振發,,-10352,,,,0.05,4,,上櫃,112,27186,,,,,8190,-2162,,,,7457,733,,-19109,,54485,1188863,1407951,219088,219088,238197,,35376,,-2895,733,8190
,5432,新門,,31,,,,1.41,4,,上櫃,112,781,,,,,29204,29235,,,,,,,15946,,14039,211601,259042,47441,47441,31495,,29985,,,,29204
,5438,東友,,500895,,,,0.09,4,,上櫃,112,-129,,,,,7118,508013,,,,7118,,,-93450,,100439,1011951,1196672,184721,184721,278171,,6989,,508013,,7118
,5439,高技,,-22395,,,,5.07,4,,上櫃,112,115406,,,,,471255,448860,,,,,,,594336,,-7675,3518076,4350482,832406,832406,238070,,586661,,,,471255
,5443,均豪,,690672,,,,1.25,4,,上櫃,112,51551,,,,,242616,933288,,,,203703,38913,,154598,,139569,2312317,3089360,777043,777043,622445,,294167,,824506,108782,242616
,5450,南良,,48922,,,,0.10,4,,上櫃,112,27621,,,,,12546,61468,,,,12546,,,18964,,21203,1806711,2411798,605087,605087,586123,,40167,,61468,,12546
,5452,佶優,,-14421,,,,0.33,4,0,上櫃,112,46761,,,0,,62942,48521,,,4832,44212,13898,,102561,,7142,4856847,5406237,549390,549390,446829,,109703,4737,33102,10682,62942
,5455,昇益,,6394,,,,2.54,4,,上櫃,112,0,,,,,166180,172574,,,,,,,182309,,-16129,1316932,1616438,299506,299506,117197,,166180,,,,166180
,5457,宣德,,-188098,,,,1.04,4,,上櫃,112,400303,,,,,781706,593608,,,,177187,604519,,1019068,,162941,13391456,16741096,3349640,3349640,2330572,,1182009,,88542,505066,781706
,5460,同協,-3,-6903,,,,-0.20,4,,上櫃,112,-3954,,,,,-11994,-18897,,,,-11994,,,-24255,,8307,288363,357858,69495,69495,93747,,-15948,,-18897,,-11994
,5464,霖宏,,-568,,,,0.80,4,,上櫃,112,-4152,,,,,57029,56461,,,,57029,,,-113856,,166733,1008784,1090172,81388,81388,195244,,52877,,56461,,57029
,5465,富驊,,-44721,,,,1.96,4,,上櫃,112,33225,,,,,353075,308354,,,,289387,63688,,358088,,28212,4740745,5437932,697187,697187,339099,,386300,,253238,55116,353075
,5468,凱鈺,0,,,,,-1.29,4,,上櫃,112,187,,,,,-46254,-46254,,,,-46254,,,-30769,,-15298,98947,116435,17488,17488,48257,,-46067,,-46254,,-46254
,5474,聰泰,,-4854,,,,5.07,4,,上櫃,112,58809,,,,,201538,196684,,,,,,,239403,,20944,605067,1180609,575542,575542,336139,,260347,,,,201538
,5475,德宏,,-18434,,,,-1.67,4,,上櫃,112,-21067,,,,,-215237,-233671,,,,-212701,-2536,,-199633,,-36671,599943,539014,-60929,-60929,138704,,-236304,,-231135,-2536,-215237
,5478,智冠,,252613,,,,7.09,4,,上櫃,112,237660,,,,,894881,1147494,,,,859826,35055,,974862,,157679,3033283,6249393,3216110,3216110,2241248,,1132541,,1108177,39317,894881
,5481,新華,,-23,,,,-0.40,4,,上櫃,112,2693,,,,,-27880,-27903,,,,-26466,-1414,,-17142,,-8045,51585,96168,44583,44583,61725,,-25187,,-26489,-1414,-27880
,5483,中美晶,,297544,,,,16.99,4,,上櫃,112,6770500,,,,,17778912,18076456,,,,9843820,7935092,,18606783,,5942629,55279360,81965952,26686592,26686592,8079809,,24549412,,9634137,8442319,17778912
,5487,通泰,,-2015,,,,-1.20,4,,上櫃,112,-2069,,,,,-28959,-30974,,,,-28959,0,,-34935,,3907,116108,161094,44986,44986,79921,,-31028,,-30974,0,-28959
,5488,松普,,-21476,,,,0.41,4,,上櫃,112,34870,,,,,37994,16518,,,,37994,,,-26722,,99586,809946,900871,90925,90925,117647,,72864,,16518,,37994
,5489,彩富,,779,,,,0.62,4,,上櫃,112,3789,,,,,62410,63189,,,,62354,56,,25381,,40818,981397,1530853,549456,549456,524075,,66199,,63133,56,62410
,5490,同亨,,-3656,,,,-1.85,4,,上櫃,112,-45360,,,,,-172558,-176214,,,,-172558,,,-228335,,10417,576811,767333,190522,190522,418857,,-217918,,-176214,,-172558
,5493,三聯,,120935,,,,6.52,4,,上櫃,112,63753,,,,,422512,543447,,,,271466,151046,,244985,,241280,3150780,3702071,551291,551291,306306,,486265,,391802,151645,422512
,5498,凱崴,,-69733,,,,0.06,4,,上櫃,112,143682,,,,,4939,-64794,,,,11852,-6913,,-184043,,332664,1108390,1068270,-40120,-40120,143923,,148621,,-57881,-6913,4939
,5508,永信建,,-790,,,,12.55,4,,上櫃,112,678789,,,,,2728591,2727801,,,,,,,3409894,,-2514,4395985,8227076,3831091,3831091,421197,,3407380,,,,2728591
,5511,德昌,,2236,,,,10.14,4,,上櫃,112,292465,,,,,1124487,1126723,,,,1150622,-26135,,1308010,,108942,8731559,10459961,1728402,1728402,420392,,1416952,,1152858,-26135,1124487
,5512,力麒,,193617,,,,0.33,4,,上櫃,112,172689,,,,,159040,352657,,,,240599,-81559,,609287,,-277558,6524864,7705541,1180677,1180677,571390,,331729,,413548,-60891,159040
,5514,三豐,,130978,,,,0.14,4,,上櫃,112,21927,,,,,28916,159894,,,,28935,-19,,33649,,17194,380978,478477,97499,97499,63850,,50843,,159913,-19,28916
,5516,雙喜,,8060,,,,-3.75,4,,上櫃,112,-45121,,,,,-187882,-179822,,,,,,,-185642,,-47361,2925844,2781436,-144408,-144408,41234,,-233003,,,,-187882
,5520,力泰,,-1356,,,,7.81,4,,上櫃,112,122480,,,,,488874,487518,,,,468563,20311,,566922,,44432,3096519,3829226,732707,732707,165785,,611354,,467204,20314,488874
,5523,豐謙,,,,,,3.73,4,,上櫃,112,-3965,,,,,578594,578594,,,,578518,76,,578062,,-3433,2577551,3331795,754244,754244,176182,,574629,,578518,76,578594
,5529,鉅陞,,,,,,-1.15,4,,上櫃,112,0,,,,,-79368,-79368,,,,-79368,,,-74382,,-4986,91451,147281,55830,55830,130212,,-79368,,-79368,,-79368
,5530,龍巖,70816,1656113,,,,2.88,4,,上櫃,112,242183,,,,,1249766,2905879,,,,1209167,40599,,1080609,,411340,1509727,4097601,2587874,2587874,1578081,,1491949,,2853897,51982,1249766
,5536,聖暉*,,324013,,,,15.03,4,,上櫃,112,916428,,,,,2599573,2923586,,,,1838104,761469,,3263821,,252180,20142993,25060741,4917748,4917748,1653927,,3516001,,2112019,811567,2599573
,5543,桓鼎-KY,,-45038,,,,-2.57,4,,上櫃,112,14988,,,,,-116199,-161237,,,,-99042,-17157,,-68700,,-32511,2881554,3265141,383587,383587,452287,,-101211,,-137065,-24172,-116199
,5547,久舜,,,,,,1.57,4,,上櫃,112,12129,,,,,47039,47039,,,,,,,59490,,-322,1987422,2158910,171488,171488,111998,,59168,,,,47039
,5548,安倉,,829,,,,2.37,4,,上櫃,112,21087,,,,,84522,85351,,,,,,,85364,,20245,1698668,1899357,200689,200689,115325,,105609,,,,84522
,5601,台聯櫃,0,-3324,,,,0.48,4,,上櫃,112,6232,,,,,31079,27755,,,,,,,30099,,7212,34936,88269,53333,53333,23234,,37311,,,,31079
,5603,陸海,,-825,,,,1.93,4,,上櫃,112,19673,,,,,207619,206794,,,,202909,4710,,88189,,139103,1529408,1803062,273654,273654,185465,,227292,,202084,4710,207619
0,5604,中連,,0,,,,0.83,4,,上櫃,112,22029,,,,,89821,89821,,,,89821,,,107550,,4300,29300,160493,131193,131193,23643,,111850,,89821,,89821
,5609,中菲行,,32521,,,,7.24,4,,上櫃,112,241162,,,,,1016568,1049089,,,,1023630,-7062,,1081336,,176394,18245653,22042684,3797031,3797031,2715695,,1257730,,1056497,-7408,1016568
,5701,劍湖山,,40500,,,,-0.35,4,,上櫃,112,,,,,,-48040,-7540,,,,-48040,,,-12885,,-35155,290420,558110,267690,267690,280575,,-48040,,-7540,,-48040
,5703,亞都麗緻,,-7091,,,,0.55,4,0,上櫃,112,8340,,,0,,38815,31724,,,,38815,,,46100,,1055,250828,432153,181325,181325,135225,,47155,,31724,,38815
,5704,老爺知,,-598,,,,2.98,4,,上櫃,112,19926,,,,,115769,115171,,,,,,,96341,,39354,236426,467185,230759,230759,134418,,135695,,,,115769
,5864,致和證,,,,,,3.18,4,,上櫃,112,4992,310848,1148064,,44393,875977,920370,,,,,,837216,,43753,,,,,,,,880969,,,,875977
,5878,台名,,19439,,,,2.20,4,,上櫃,112,11732,,,,,55088,74527,,,,55088,,,53750,,13070,638757,784350,145593,145593,91843,,66820,,74527,,55088
,5902,德記,,24,,,,1.84,4,,上櫃,112,44608,,,,,173678,173702,,,,173678,,,207528,,10758,1636133,2110462,474329,474329,266801,,218286,,173702,,173678
,5903,全家,,-50356,,,,7.22,4,,上櫃,112,270074,,,,,1688945,1638589,,,,1611506,77439,,2011915,,-52896,63253312,99610211,36356899,36356899,34344984,,1959019,,1557577,81012,1688945
,5904,寶雅*,,-3902,,,,24.41,4,,上櫃,112,627132,,,,,2525392,2521490,,,,,,,3193290,,-40766,12341050,22078695,9737645,9737645,6544355,,3152524,,,,2525392
,5905,南仁湖,,-3402,,,,-0.15,4,,上櫃,112,-25025,,,,,-26256,-29658,,,,-37446,11190,,-96470,,45189,236949,1076871,839922,839922,936392,,-51281,,-40076,10418,-26256
,6015,宏遠證,,,,,,0.51,4,,上櫃,112,26785,1210357,1221187,,23688,179799,203487,179799,,,,,10830,,195754,,,,,,,,206584,,203487,,179799
,6016,康和證,,,,,,1.68,4,,上櫃,112,66394,2616921,3424191,,29708,1004267,1033975,999752,4515,,,,807270,,263391,,,,,,,,1070661,,1030304,3671,1004267
,6020,大展證,,,,,,1.29,4,,上櫃,112,17067,241141,531770,,202251,326019,528270,326016,3,,,,290629,,52457,,,,,,,,343086,,528267,3,326019
,6021,美好證,,,,,,0.35,4,,上櫃,112,-7582,995634,1021344,,1163384,106144,1269528,106144,,,,,25710,,72852,,,,,,,,98562,,1269528,,106144
,6023,元大期貨,,,,,,6.39,4,,上櫃,112,434021,3872570,3474406,,514082,1852719,2366801,1852719,,,,,-398164,,2684904,,,,,,,,2286740,,2366801,,1852719
,6026,福邦證,,,,,,1.61,4,,上櫃,112,103682,646556,1365859,,177197,633703,810900,625603,8100,,,,719303,,18082,,,,,,,,737385,,802800,8100,633703
,6028,公勝保經,,,,,,5.96,4,,上櫃,112,30320,,,,,119165,119165,,,,119165,,,149674,,-189,2557539,3043188,485649,485649,335975,,149485,,119165,,119165
,6101,寬魚國際,,10,,,,0.55,4,,上櫃,112,-357,,,,,62535,62545,,,,62535,,,50783,,11395,548424,672295,123871,123871,73088,,62178,,62545,,62535
,6103,合邦,,-2,,,,-0.53,4,,上櫃,112,-34,,,,,-7271,-7273,,,,-7271,0,,-11510,,4205,43532,48144,4612,4612,16122,,-7305,,-7273,0,-7271
,6104,創惟,,10568,,,,1.07,4,,上櫃,112,15437,,,,,96124,106692,,,,96636,-512,,110322,,1239,1452470,2515564,1063094,1063094,952772,,111561,,107204,-512,96124
,6109,亞元,,-7515,,,,0.28,4,,上櫃,112,8929,,,,,18884,11369,,,,18617,267,,25760,,2053,736289,1009609,273320,273320,247560,,27813,,11084,285,18884
,6111,光聚晶電,,9301,,,,-3.39,4,,上櫃,112,94353,,,,,-379995,-370694,,,,-335127,-44868,,-287220,,1578,2175050,3262181,1087131,1087131,1374351,,-285642,,-328032,-42662,-379995
,6113,亞矽,,9458,,,,0.24,4,,上櫃,112,276,,,,,12116,21574,,,,12116,0,,-15657,,28049,1157819,1263530,105711,105711,121368,,12392,,21574,0,12116
,6114,久威,,-4234,,,,-0.63,4,,上櫃,112,32127,,,,,-27814,-32048,,,,-27814,,,-5368,,9681,1284858,1413804,128946,128946,134314,,4313,,-32048,,-27814
,6118,建達,,1000,,,,0.23,4,,上櫃,112,-822,,,,,20978,21978,,,,20978,,,3613,,16543,8061206,8429868,368662,368662,365049,,20156,,21978,,20978
,6121,新普,,-237329,,,,30.67,4,,上櫃,112,1851182,,,,,6563282,6325953,,,,5673062,890220,,6940681,,1473783,73138812,84805839,11667027,11667027,4726346,,8414464,,5493360,832593,6563282
,6122,擎邦,,15523,,,,5.25,4,,上櫃,112,94273,,,,,390708,406231,,,,390708,,,465224,,19757,4713269,5313804,600535,600535,135311,,484981,,406231,,390708
,6123,上奇,,-6338,,,,3.95,4,,上櫃,112,105819,,,,,313360,307022,,,,245089,68271,,361302,,57877,4382914,5210306,827392,827392,466090,,419179,,240190,66832,313360
,6124,業強,,-21029,,,,-0.47,4,,上櫃,112,-17898,,,,,-81975,-103004,,,,-85846,3871,,-124692,,24819,1674914,1822349,147435,147435,272127,,-99873,,-106875,3871,-81975
,6125,廣運,,-59303,,,,3.20,4,,上櫃,112,107324,,,,,647020,587717,,,,795997,-148977,,-94096,,848440,4402168,5551490,1149322,1149322,1243418,,754344,,776568,-188851,647020
,6126,信音,,-35341,,,,1.52,4,,上櫃,112,69634,,,,,263432,228091,,,,177777,85655,,298863,,34203,2503778,3451730,947952,947952,649089,,333066,,147326,80765,263432
,6127,九豪,,-16380,,,,0.57,4,0,上櫃,112,34488,,,0,,61360,44980,,,,61360,,,-436748,,532596,700686,824026,123340,123340,560088,,95848,,44980,,61360
,6129,普誠,,-7593,,,,0.33,4,,上櫃,112,-2244,,,,,59453,51860,,,,59026,427,,-350,,57559,1099110,1659635,560525,560525,560875,,57209,,51466,394,59453
,6130,上亞科技,,-3326,,,,-1.81,4,,上櫃,112,1409,,,,,-111377,-114703,,,,-80043,-31334,,-7743,,-102225,154928,231117,76189,76189,83932,,-109968,,-83369,-31334,-111377
,6134,萬旭,,29321,,,,-0.67,4,,上櫃,112,-4796,,,,,-51231,-21910,,,,-48771,-2460,,-71443,,15416,836039,1123048,287009,287009,358452,,-56027,,-17775,-4135,-51231
,6138,茂達,0,171,,,,7.00,4,,上櫃,112,127616,,,,,591080,591251,,,,510788,80292,,670496,,48200,3667077,5416250,1749173,1749173,1078677,,718696,,510959,80292,591080
,6140,訊達電腦,,-2926,,,,0.11,4,,上櫃,112,2417,,,,,5172,2246,,,,5172,,,6515,,1074,1692498,1864613,172115,172115,165600,,7589,,2246,,5172
,6143,振曜,,-28342,,,,4.31,4,,上櫃,112,196304,,,,,625005,596663,,,,370953,254052,,724706,,96603,5169191,6648322,1479131,1479131,754425,,821309,,350074,246589,625005
,6144,得利影,,1815,,,,-0.48,4,,上櫃,112,0,,,,,-18379,-16564,,,,,,,-21417,,3038,119275,191357,72082,72082,93499,,-18379,,,,-18379
,6146,耕興,,-52469,,,,14.32,4,,上櫃,112,379081,,,,,1511278,1458809,,,,1458433,52845,,1772744,,117615,2257859,4832474,2574615,2574615,801871,,1890359,,1412745,46064,1511278
,6147,頎邦,,5779938,,,,5.41,4,,上櫃,112,767000,,,,,3994638,9774576,,,,3994638,,,3325994,,1435644,14930314,20056388,5126074,5126074,1800080,,4761638,,9774576,,3994638
0,6148,驊宏資,,-643,,,,1.64,4,,上櫃,112,21599,,,,,76026,75383,,,,76026,0,,85207,,12418,649744,885038,235294,235294,150087,,97625,,75383,0,76026
,6150,撼訊,,-16021,,,,-2.84,4,,上櫃,112,-28237,,,,,-140309,-156330,,,0,-137282,-3027,,-165548,,-2998,5237862,5412091,174229,174229,339777,,-168546,0,-152561,-3769,-140309
,6151,晉倫,,-17189,,,,1.55,4,,上櫃,112,19343,,,,,85378,68189,,,,85378,0,,92653,,12068,1235090,1558372,323282,323282,230629,,104721,,68189,0,85378
,6154,順發,,-2330,,,,0.73,4,,上櫃,112,11577,,,,,58400,56070,,,,58400,,,46049,,23928,3116688,3726861,610173,610173,564124,,69977,,56070,,58400
,6156,松上,,-33172,,,,1.95,4,,上櫃,112,20024,,,,,175494,142322,,,,152109,23385,,142220,,53298,2796523,3292888,496365,496365,354145,,195518,,128375,13947,175494
,6158,禾昌,,-31571,,,,1.43,4,,上櫃,112,4204,,,,,76737,45166,,,,76737,,,33234,,47707,1266912,1755519,488607,488607,455373,,80941,,45166,,76737
,6160,欣技,,202,,,,-0.06,4,,上櫃,112,-1500,,,,,-4844,-4642,,,,-4366,-478,,-9947,,3603,861071,1359549,498478,498478,508425,,-6344,,-4164,-478,-4844
0,6161,捷波,,-7699,,,,2.30,4,,上櫃,112,58545,,,,,172411,164712,,,,172411,,,196960,,33996,840296,1330751,490455,490455,293495,,230956,,164712,,172411
,6163,華電網,0,16503,,,,0.42,4,,上櫃,112,13520,,,,,57620,74123,,,,57620,0,,13688,,57452,4182705,5252732,1070027,1070027,1056339,,71140,,74123,0,57620
,6167,久正,,-15347,,,,1.25,4,,上櫃,112,17519,,,,,203318,187971,,,,203318,0,,76058,,144779,1416727,1708393,291666,291666,215608,,220837,,187971,0,203318
,6169,昱泉,,-20,,,,-0.69,4,,上櫃,112,2965,,,,,-16226,-16246,,,,-16226,,,-33098,,19837,16380,19195,2815,2815,35913,,-13261,,-16246,,-16226
,6170,統振,,14864,,,,2.74,4,,上櫃,112,73614,,,,,254653,269517,,,,249117,5536,,223363,,104904,1561098,2261387,700289,700289,476926,,328267,,263981,5536,254653
,6171,大城地產,,,,,,2.48,4,,上櫃,112,42316,,,,,247835,247835,,,,,,,284718,,5433,1022724,1382349,359625,359625,74907,,290151,,,,247835
,6173,信昌電,,195408,,,,2.64,4,,上櫃,112,113440,,,,,451374,646782,,,0,451374,,,390382,,174432,2952093,3653839,701746,701746,311364,,564814,0,646782,,451374
,6174,安碁,,58946,,,,0.29,4,,上櫃,112,-1638,,,,,14299,73245,,,,14299,,,8487,,4174,313736,465313,151577,151577,143090,,12661,,73245,,14299
,6175,立敦,,-74148,,,,2.08,4,,上櫃,112,86836,,,,,340694,266546,,,,294871,45823,,426878,,652,2927301,3676095,748794,748794,321916,,427530,,234219,32327,340694
,6179,亞通,,-4463,,,,0.50,4,0,上櫃,112,49594,,,2659,,54892,50429,,,,45661,9231,,189271,,-84785,2936344,3328086,391742,389083,199812,,104486,,40206,10223,54892
,6180,橘子,,-5144,,,,3.28,4,,上櫃,112,127389,,,,,560232,555088,,,,575188,-14956,,639695,,47926,5996060,9790860,3794800,3794800,3155105,,687621,,562885,-7797,560232
,6182,合晶,,-246725,,,,1.05,4,,上櫃,112,342430,,,,,1108272,861547,,,,568755,539517,,1365801,,84901,6801309,10047814,3246505,3246505,1880704,,1450702,,432039,429508,1108272
,6185,幃翔,,-15098,,,,0.66,4,,上櫃,112,29572,,,,,98350,83252,,,,98350,,,9016,,118906,401140,584187,183047,183047,174031,,127922,,83252,,98350
,6186,新潤,,,,,,2.97,4,,上櫃,112,111418,,,,,445710,445710,,,,,,,551161,,5967,2752398,3657467,905069,905069,353908,,557128,,,,445710
,6187,萬潤,,88390,,,,1.70,4,,上櫃,112,22668,,,,,138173,226563,,,,138173,,,85423,,75418,580825,1205311,624486,624486,539063,,160841,,226563,,138173
,6188,廣明,,52000,,,,4.00,4,,上櫃,112,293251,,,,,1113311,1165311,,,,1112063,1248,,1150880,,255682,7720973,10376033,2655060,2655060,1504180,,1406562,,1164848,463,1113311
,6190,萬泰科,,-5676,,,,1.46,4,,上櫃,112,112418,,,,,267033,261357,,,,224416,42617,,351239,,28212,5557725,6518035,960310,960310,609071,,379451,,221479,39878,267033
,6194,育富,,-17725,,,,2.84,4,,上櫃,112,52460,,,,,136235,118510,,,,136235,,,144327,,44368,1057153,1290686,233533,233533,89206,,188695,,118510,,136235
,6195,詩肯,,6678,,,,2.06,4,,上櫃,112,29849,,,,,103465,110143,,,,103250,215,,143768,,-10454,1078411,2355820,1277409,1277409,1133641,,133314,,109867,276,103465
,6198,瑞築,,-313,,,,2.37,4,,上櫃,112,23158,,,,,57034,56721,,,,57034,,,77369,,2823,131112,254826,123714,123714,46345,,80192,,56721,,57034
-1256,6199,天品,,-7824,,,,0.46,4,,上櫃,112,3807,,,,,22364,14540,,,,28509,-6145,,16031,,11396,19316,102830,83514,83514,67483,,27427,,20688,-6148,23620
,6203,海韻電,,-4017,,,,7.58,4,,上櫃,112,167719,,,,,614706,610689,,,,614706,0,,760254,,22171,2193264,3333190,1139926,1139926,379672,,782425,,610689,0,614706
,6204,艾華,,-227,,,,17.90,4,,上櫃,112,48754,,,,,413643,413416,,,,413643,,,19094,,443303,252488,378395,125907,125907,106813,,462397,,413416,,413643
,6207,雷科,,83807,,,,1.84,4,,上櫃,112,50075,,,,,144981,228788,,,,146612,-1631,,104475,,90581,790901,1177816,386915,386915,282440,,195056,,230439,-1651,144981
,6208,日揚,-919,-16012,,,,3.02,4,,上櫃,112,105409,,,,,418227,402215,,,,356988,61239,,550775,,-27139,2767895,4205436,1437541,1437541,885847,,523636,,342088,60127,418227
,6210,慶生,-2270,3980,,,,-4.04,4,,上櫃,112,2003,,,,,-141655,-137675,,,,,,,-144787,,5135,377573,302768,-74805,-74805,67712,,-139652,,,,-141655
,6212,理銘,,0,,,,6.26,4,,上櫃,112,169702,,,,,638960,638960,,,,,,,816562,,-7900,4515418,5658569,1143151,1143151,326589,,808662,,,,638960
,6217,中探針,,-27439,,,,-0.37,4,,上櫃,112,3123,,,,,-6763,-34202,,,,-35126,28363,,-116882,,113242,1938536,2686326,747790,747790,864672,,-3640,,-60854,26652,-6763
,6218,豪勉,,8098,,,,0.44,4,,上櫃,112,9757,,,,,28142,36240,,,,28142,,,12111,,25788,793834,1064468,270634,270634,258523,,37899,,36240,,28142
,6219,富旺,,508,,,,2.02,4,,上櫃,112,36460,,,,,193112,193620,,,,193112,,,167549,,62023,2046918,2600430,553512,553512,385963,,229572,,193620,,193112
,6220,岳豐,,-21565,,,,-3.03,4,,上櫃,112,-191969,,,,,-439897,-461462,,,,-439986,89,,-619007,,-12859,7852379,9837931,1985552,1985552,2604559,,-631866,,-461551,89,-439897
,6221,晉泰,,71816,,,,2.92,4,,上櫃,112,98723,,,,,290371,362187,,,,289788,583,,370632,,18462,4428993,5474704,1045711,1045711,675079,,389094,,361604,583,290371
,6222,立軒,,2,,,,-0.50,4,,上櫃,112,9323,,,,,-20401,-20399,,,,-20399,-2,,-15811,,4733,2806,2445,-361,-361,15450,,-11078,,-20397,-2,-20401
-8973,6223,旺矽,,76549,,,,13.92,4,,上櫃,112,263747,,,,,1309575,1386124,,,,1311899,-2324,,1471365,,110930,4250049,8147112,3897063,3897063,2425698,,1582295,,1388646,-2522,1318548
,6227,茂綸,,512,,,,4.18,4,,上櫃,112,79045,,,,,318429,318941,,,,318429,,,601449,,-203975,12119888,13351724,1231836,1231836,630387,,397474,,318941,,318429
,6228,全譜,,126,,,,-1.51,4,,上櫃,112,2729,,,,,-33442,-33316,,,,-33442,,,-31896,,1183,22088,34181,12093,12093,43989,,-30713,,-33316,,-33442
,6229,研通,11,27520,,,,0.05,4,,上櫃,112,-1626,,,,,1929,29449,,,,1929,,,-27765,,28068,909146,1100815,191669,191669,219445,,303,,29449,,1929
,6231,系微,,-64,,,,4.86,4,,上櫃,112,44296,,,,,184885,184821,,,,184885,,,214889,,14292,281500,1342462,1060962,1060962,846073,,229181,,184821,,184885
,6233,旺玖,,70843,,,,0.04,4,,上櫃,112,0,,,,,2892,73735,,,,2892,,,-32589,,35481,222101,360522,138421,138421,171010,,2892,,73735,,2892
,6234,高僑,,34688,,,,1.27,4,,上櫃,112,39141,,,,,127759,162447,,,,127759,,,135136,,31764,871028,1070747,199719,199719,64583,,166900,,162447,,127759
,6236,中湛,,6263,,,,-0.96,4,,上櫃,112,0,,,,,-40033,-33770,,,,-40033,,,-48854,,8821,21884,39903,18019,18019,66873,,-40033,,-33770,,-40033
,6237,驊訊,,1618,,,,-1.34,4,,上櫃,112,-7092,,,,,-104301,-102683,,,,-104301,,,-188435,,77042,230419,417639,187220,187220,375655,,-111393,,-102683,,-104301
,6240,松崗,0,13997,,,,-0.45,4,,上櫃,112,670,,,,,-10330,3667,,,,-10330,,,-13829,,4169,33844,45913,12069,12069,25898,,-9660,,3667,,-10330
,6241,鑫永洋,,,,,,0.07,4,,上櫃,112,,,,,,3015,3015,,,,,,,-86438,,89453,581071,642502,61431,61431,147869,,3015,,,,3015
,6242,立康,,-4500,,,,4.14,4,,上櫃,112,28151,,,,,110993,106493,,,,110993,,,133371,,5773,203234,629379,426145,426145,292774,,139144,,106493,,110993
,6244,茂迪,,-20872,,,,0.56,4,,上櫃,112,5268,,,,,224317,203445,,,,218168,6149,,323417,,-93832,3388557,4065981,677424,677424,354007,,229585,,198611,4834,224317
,6245,立端,,-22054,,,,7.57,4,,上櫃,112,211779,,,,,987229,965175,,,,987425,-196,,1160744,,38264,5552475,8371337,2818862,2818862,1658118,,1199008,,965423,-248,987229
,6246,臺龍,,-7278,,,,-0.38,4,,上櫃,112,-2662,,,,,-14463,-21741,,,,-14463,,,-16318,,-807,1491688,1637430,145742,145742,162060,,-17125,,-21741,,-14463
,6248,沛波,,,,,,4.02,4,,上櫃,112,42785,,,,,263228,263228,,,,263228,,,229219,,76794,7344477,7825660,481183,481183,251964,,306013,,263228,,263228
,6259,百徽,,-306,,,,1.15,4,,上櫃,112,3470,,,,,24348,24042,,,,23692,656,,21196,,6622,326987,432486,105499,105499,84303,,27818,,23386,656,24348
,6261,久元,97554,11922,,,,4.09,4,,上櫃,112,40529,,,,,523953,535875,,,,526019,-2066,,555600,,8882,2662325,3710751,1048426,1048426,590380,,564482,,541490,-5615,523953
,6263,普萊德,,-818,,,,8.12,4,,上櫃,112,109432,,,,,507429,506611,,,,507429,0,,586302,,30559,1010442,1844671,834229,834229,247927,,616861,,506611,0,507429
,6264,富裔,,,,,,-0.98,4,,上櫃,112,18067,,,,,-178369,-178369,,,,-114125,-64244,,-199246,,38944,290830,212744,-78086,-78086,121160,,-160302,,-114125,-64244,-178369
,6265,方土昶,,-3904,,,,-0.58,4,,上櫃,112,-11099,,,,,-68682,-72586,,,,-68682,,,-109451,,29670,755917,704031,-51886,-51886,57565,,-79781,,-72586,,-68682
,6266,泰詠,,-1889,,,,2.15,4,,上櫃,112,90834,,,,,296739,294850,,,,296739,,,343518,,44055,3110327,3660315,549988,549988,206470,,387573,,294850,,296739
,6270,倍微,,867867,,,,0.95,4,,上櫃,112,9546,,,,,68698,936565,,,,68698,,,26428,,51816,3120540,3354361,233821,233821,207393,,78244,,936565,,68698
,6274,台燿,,-185432,,,,3.05,4,,上櫃,112,726470,,,,,823435,638003,,,,823435,0,,1424327,,125578,12843562,16002537,3158975,3158975,1734648,,1549905,,638003,0,823435
,6275,元山,,-8742,,,,4.08,4,,上櫃,112,56348,,,,,291790,283048,,,,291790,,,53120,,295018,3029824,3632719,602895,602895,549775,,348138,,283048,,291790
,6276,安鈦克,,399,,,,1.88,4,,上櫃,112,186,,,,,56337,56736,,,,56334,3,,57818,,-1295,795277,1120973,325696,325696,267878,,56523,,56733,3,56337
,6279,胡連,,-105974,,,,9.24,4,,上櫃,112,277707,,,,,926821,820847,,,,921221,5600,,1221469,,-16941,4981786,7330811,2349025,2349025,1127556,,1204528,,815049,5798,926821
,6284,佳邦,,50421,,,,5.01,4,,上櫃,112,128737,,,,,710503,760924,,,,714999,-4496,,764837,,74403,4758107,6604061,1845954,1845954,1081117,,839240,,765420,-4496,710503
,6290,良維,32740,-47879,,,,4.17,4,,上櫃,112,66325,,,,,655964,608085,,,,636514,19450,,602657,,119632,5598758,7360126,1761368,1761368,1191451,,722289,,593210,14875,655964
,6291,沛亨,,-6739,,,,10.32,4,,上櫃,112,118029,,,,,432127,425388,,,,433381,-1254,,537414,,12742,1373216,2168271,795055,795055,257641,,550156,,426625,-1237,432127
,6292,迅德,9625,-3915,,,,5.52,4,,上櫃,112,58285,,,,,257338,253423,,,,257338,,,165186,,150437,906144,1359408,453264,453264,297703,,315623,,253423,,257338
,6294,智基,,,,,,9.46,4,,上櫃,112,53828,,,,,232422,232422,,,,232422,0,,271494,,14756,528915,957707,428792,428792,157298,,286250,,232422,0,232422
,6411,晶焱,,-13423,,,,4.20,4,,上櫃,112,58110,,,,,373196,359773,,,,405561,-32365,,380722,,50584,1440939,2637708,1196769,1196769,816047,,431306,,392195,-32422,373196
,6417,韋僑,,233,,,,4.02,4,,上櫃,112,38245,,,,,169776,170009,,,,169776,,,196776,,11245,990874,1425954,435080,435080,238304,,208021,,170009,,169776
,6418,詠昇,,-3369,,,,1.38,4,,上櫃,112,1969,,,,,47745,44376,,,,47745,,,46941,,2773,657914,828349,170435,170435,123494,,49714,,44376,,47745
0,6419,京晨科,,-43,,,,1.48,4,,上櫃,112,2169,,,,,19437,19394,,,,19432,5,,10838,,10768,224468,345601,121133,121133,110295,,21606,,19389,5,19437
,6423,億而得,,-3,,,,1.19,4,,上櫃,112,6250,,,,,32017,32014,,,,,,,35057,,3210,1568,187384,185816,185816,150759,,38267,,,,32017
,6425,易發,,-1947,,,,-1.59,4,,上櫃,112,-7740,,,,,-72471,-74418,,,,-69213,-3258,,-77598,,-2613,822482,1094633,272151,272151,349749,,-80211,,-71160,-3258,-72471
,6432,今展科,,-8854,,,,1.19,4,,上櫃,112,-1131,,,,,36387,27533,,,,36387,,,19695,,15561,821735,1080542,258807,258807,239112,,35256,,27533,,36387
,6435,大中,,91812,,,,4.03,4,,上櫃,112,26696,,,,,149284,241096,,,,149284,,,149484,,26496,2212700,2656692,443992,443992,294508,,175980,,241096,,149284
,6441,廣錠,,-75,,,,-1.42,4,,上櫃,112,-8527,,,,,-68451,-68526,,,,-69979,1528,,-88070,,11092,574392,682797,108405,108405,196475,,-76978,,-70054,1528,-68451
,6461,益得,,,,,,-2.81,4,,上櫃,112,,,,,,-337987,-337987,,,,,,,-320468,,-17519,189842,25847,-163995,-163995,156473,,-337987,,,,-337987
,6462,神盾,,569270,,,,-9.97,4,,上櫃,112,-79977,,,81,,-1003459,-434189,,,,-721998,-281461,,-1145114,,61678,2672884,3848595,1175711,1175630,2320744,,-1083436,,-204690,-229499,-1003459
,6465,威潤,,-699,,,,-1.66,4,,上櫃,112,-4434,,,,,-52887,-53586,,,,-52887,,,-60420,,3099,170065,241601,71536,71536,131956,,-57321,,-53586,,-52887
,6469,大樹,,-1118,,,,6.00,4,,上櫃,112,175337,,,,,666484,665366,,,,666049,435,,805558,,36263,11658104,16143701,4485597,4485597,3680039,,841821,,665062,304,666484
,6470,宇智,,1374,,,,4.18,4,,上櫃,112,45497,,,,,153807,155181,,,,153807,,,180760,,18544,1979768,2371175,391407,391407,210647,,199304,,155181,,153807
,6474,華豫寧,,-4394,,,,0.75,4,,上櫃,112,26759,,,,,34959,30565,,,,34959,,,135314,,-73596,3375556,4031776,656220,656220,520906,,61718,,30565,,34959
,6482,弘煜科,,-1927,,,,1.65,4,,上櫃,112,9407,,,,,35129,33202,,,,35804,-675,,46126,,-1590,833,435296,434463,434463,388337,,44536,,34006,-804,35129
,6485,點序,,-2,,,,2.11,4,,上櫃,112,4479,,,,,94292,94290,,,,94291,1,,85446,,13325,978392,1684631,706239,706239,620793,,98771,,94289,1,94292
,6486,互動,,-245,,,,6.26,4,,上櫃,112,65068,,,,,261763,261518,,,,261763,,,312505,,14326,1309745,2242560,932815,932815,620310,,326831,,261518,,261763
,6488,環球晶,,-461302,,,,45.41,4,,上櫃,112,6726816,,,,,19769641,19308339,,,,19772048,-2407,,20058561,,6437896,44211027,70651593,26440566,26440566,6382005,,26496457,,19310867,-2528,19769641
,6492,生華科,,144,,,,-3.32,4,,上櫃,112,1261,,,,,-296306,-296162,,,,-296306,,,-311111,,16066,448,1000,552,552,311663,,-295045,,-296162,,-296306
,6494,九齊,,-104,,,,1.80,4,,上櫃,112,-7396,,,,,56868,56764,,,,56868,,,46495,,2977,909284,1332996,423712,423712,377217,,49472,,56764,,56868
,6496,科懋,,-12937,,,,-1.98,4,,上櫃,112,9060,,,,,-91011,-103948,,,,-91011,,,-81128,,-823,464632,771562,306930,306930,388058,,-81951,,-103948,,-91011
,6498,久禾光,,-8919,,,,6.17,4,,上櫃,112,78868,,,,,251913,242994,,,,251913,,,304241,,26540,442628,881952,439324,439324,135083,,330781,,242994,,251913
,6499,益安,,4916,,,,-13.09,4,,上櫃,112,39285,,,,,-1269973,-1265057,,,,-1204615,-65358,,-839567,,-391121,181886,196263,14377,14377,853944,,-1230688,,-1199371,-65686,-1269973
,6506,雙邦,,-1902,,,,0.01,4,,上櫃,112,-15442,,,,,-19350,-21252,,,,636,-19986,,-57317,,22525,1457450,1580608,123158,123158,180475,,-34792,,-1266,-19986,-19350
,6508,惠光,4868,-7199,,,,1.05,4,,上櫃,112,24213,,,,,90918,83719,,,,90918,,,87446,,27685,1188090,1527145,339055,339055,256477,,115131,,83719,,90918
,6509,聚和,,-22436,,,,2.48,4,,上櫃,112,104242,,,,,429990,407554,,,,429990,,,540799,,-6567,3262934,4521236,1258302,1258302,717503,,534232,,407554,,429990
,6510,精測,,-3102,,,,0.99,4,,上櫃,112,-23612,,,,,2595,-507,,,,32601,-30006,,-52722,,31705,1493306,2884442,1391136,1391136,1443858,,-21017,,29499,-30006,2595
,6512,啟發電,,,,,,-0.98,4,,上櫃,112,0,,,,,-24527,-24527,,,,-24527,,,-31695,,7168,194385,239510,45125,45125,76820,,-24527,,-24527,,-24527
,6516,勤崴國際,1114,-3451,,,,1.20,4,,上櫃,112,17822,,,,,60948,57497,,,,,,,53686,,25084,263262,505480,242218,242218,189646,,78770,,,,60948
,6517,保勝光學,,-182,,,,3.88,4,,上櫃,112,27026,,,,,118712,118530,,,,118712,,,128396,,17342,294605,513674,219069,219069,90673,,145738,,118530,,118712
,6523,達爾膚,,-28948,,,,9.43,4,,上櫃,112,101034,,,,,424733,395785,,,,424733,,,489976,,35791,323122,1137145,814023,814023,324047,,525767,,395785,,424733
0,6527,明達醫,,-194,,,,4.13,4,,上櫃,112,16343,,,,,103396,103202,,,,103396,,,117678,,2061,557215,823964,266749,266749,149071,,119739,,103202,,103396
,6530,創威,,35,,,,1.25,4,,上櫃,112,10555,,,,,42218,42253,,,,,,,48328,,4445,143884,251831,107947,107947,59619,,52773,,,,42218
,6532,瑞耘,,517,,,,3.59,4,,上櫃,112,28912,,,,,133892,134409,,,,,,,159306,,3498,450607,693823,243216,243216,83910,,162804,,,,133892
,6535,順藥,,-26,,,,-1.47,4,,上櫃,112,248,,,,,-250334,-250360,,,,-238041,-12293,,-375777,,125691,15435,56916,41481,41481,417258,,-250086,,-238067,-12293,-250334
,6538,倉和,,-12117,,,,9.11,4,,上櫃,112,122608,,,,,339513,327396,,,,339513,,,463452,,-1331,1227070,2153354,926284,926284,462832,,462121,,327396,,339513
,6542,隆中,,2977,,,,2.43,4,,上櫃,112,29807,,,,,102105,105082,,,,102022,83,,123847,,8065,165823,774449,608626,608626,484779,,131912,,105062,20,102105
,6546,正基,,7631,,,,4.19,4,,上櫃,112,39994,,,,,277749,285380,,,,277749,,,267869,,49874,1664781,2186288,521507,521507,253638,,317743,,285380,,277749
,6547,高端疫苗,,-54267,,,,-3.53,4,,上櫃,112,0,,,,,-1159835,-1214102,,,,-1159835,,,-1213829,,53994,159402,389624,230222,230222,1444051,,-1159835,,-1214102,,-1159835
,6548,長科*,,295343,,,,1.67,4,,上櫃,112,373041,,,,,1597147,1892490,,,,1564512,32635,,1448284,,521904,8980738,11581245,2600507,2600507,1152223,,1970188,,1857656,34834,1597147
,6556,勝品,,-1899,,,,6.17,4,,上櫃,112,49292,,,,,184891,182992,,,,177291,7600,,240544,,-6361,1397244,1911354,514110,514110,273566,,234183,,175399,7593,184891
,6560,欣普羅,,301,,,,-0.76,4,,上櫃,112,-4784,,,,,-19717,-19416,,,,,,,-37074,,12573,81165,116955,35790,35790,72864,,-24501,,,,-19717
,6561,是方,660,-5087,,,,11.84,4,,上櫃,112,229425,,,,,921594,916507,,,,921112,482,,1150037,,982,1656542,3242698,1586156,1586156,436779,,1151019,,916187,320,921594
,6568,宏觀,,-2186,,,,1.38,4,,上櫃,112,-3186,,,-390,,41782,39596,,,,41782,,,19369,,19227,659602,996020,336418,336808,317439,,38596,,39596,,41782
,6569,醫揚,,-1088,,,,7.65,4,,上櫃,112,49830,,,,,255170,254082,,,,255262,-92,,218122,,86878,936716,1492860,556144,556144,338022,,305000,,254174,-92,255170
,6570,維田,,-3243,,,,2.92,4,,上櫃,112,13840,,,,,107784,104541,,,,107784,0,,114628,,6996,585709,943818,358109,358109,243481,,121624,,104541,,107784
,6574,霈方,,3583,,,,2.12,4,,上櫃,112,11007,,,,,47998,51581,,,,46520,1478,,55565,,3440,140532,620023,479491,479491,423926,,59005,,50103,1478,47998
,6576,逸達,,47,,,,-8.14,4,,上櫃,112,47667,,,,,-1036302,-1036255,,,,-1036302,,,-1007626,,18991,81066,195038,113972,113972,1121598,,-988635,,-1036255,,-1036302
,6577,勁豐,,-10570,,,,7.11,4,,上櫃,112,66422,,,,,271889,261319,,,,271889,,,300804,,37507,1887456,2528193,640737,640737,339933,,338311,,261319,,271889
,6578,達邦蛋白,,-3856,,,,-1.07,4,,上櫃,112,1077,,,,,-57025,-60881,,,,-57025,,,-29930,,-26018,337985,384413,46428,46428,76358,,-55948,,-60881,,-57025
,6584,南俊國際,,-2451,,,,0.13,4,,上櫃,112,-3607,,,,,8328,5877,,,,8328,,,9492,,-4771,1085424,1324276,238852,238852,229360,,4721,,5877,,8328
,6588,東典光電,,4360,,,,-3.07,4,,上櫃,112,65,,,,,-81945,-77585,,,,,,,-85548,,3668,138889,108363,-30526,-30526,55022,,-81880,,,,-81945
,6590,普鴻,,72,,,,6.08,4,,上櫃,112,27298,,,,,147829,147901,,,,129474,18355,,136386,,38741,380820,675833,295013,295013,158627,,175127,,129546,18355,147829
,6593,台灣銘板,,-2446,,,,2.08,4,,上櫃,112,12109,,,,,45130,42684,,,,45241,-111,,61678,,-4439,467585,668281,200696,200696,139018,,57239,,42795,-111,45130
,6596,寬宏藝術,341,8872,,,,5.94,4,,上櫃,112,41014,,,,,179570,188442,,,,179570,,,185923,,34661,951957,1344116,392159,392159,206577,,220584,,188442,,179570
,6597,立誠,,,,,,2.45,4,,上櫃,112,10953,,,,,64492,64492,,,,,,,59210,,16235,462856,603619,140763,140763,81553,,75445,,,,64492
,6603,富強鑫,,-42935,,,,0.13,4,,上櫃,112,34500,,,,,23323,-19612,,,,20597,2726,,38219,,19604,2848137,3861005,1012868,1012868,974649,,57823,,-17742,-1870,23323
,6609,瀧澤科,,-6676,,,,1.80,4,,上櫃,112,39267,,,,,130418,123742,,,,130418,,,158155,,11530,2072650,2663615,590965,590965,432810,,169685,,123742,,130418
,6612,奈米醫材,,-6107,,,,2.81,4,,上櫃,112,48859,,,,,64431,58324,,,,97729,-33298,,108564,,4726,123050,605452,482402,482402,373838,,113290,,95290,-36966,64431
,6613,朋億*,,135287,,,,14.95,4,,上櫃,112,414912,,,,,1153632,1288919,,,,1042089,111543,,1477311,,91233,6815037,9139994,2324957,2324957,847646,,1568544,,1177376,111543,1153632
,6615,慧智,,-16,,,,0.54,4,,上櫃,112,-3020,,,,,11923,11907,,,,11527,396,,-15882,,24785,336889,466797,129908,129908,145790,,8903,,11513,394,11923
,6616,特昇-KY,,-24875,,,,-0.78,4,,上櫃,112,-7044,,,,,-26193,-51068,,,,-23774,-2419,,-25640,,-7597,909434,1009798,100364,100364,126004,,-33237,,-48425,-2643,-26193
,6617,共信-KY,,3632,,,,-0.81,4,,上櫃,112,0,,,,,-101175,-97543,,,,-92037,-9138,,-133326,,32151,7715,18915,11200,11200,144526,,-101175,,-88617,-8926,-101175
,6620,漢達,,-12945,,,,5.41,4,,上櫃,112,65601,,,,,726886,713941,,,,726886,,,693427,,99060,1301,1106320,1105019,1105019,411592,,792487,,713941,,726886
,6624,萬年清,,0,,,,1.20,4,,上櫃,112,5953,,,,,21607,21607,,,,21607,,,24667,,2893,415738,518883,103145,103145,78478,,27560,,21607,,21607
,6629,泰金-KY,,8975,,,,4.66,4,,上櫃,112,32470,,,,,166753,175728,,,,166547,206,,198764,,459,906345,1184582,278237,278237,79473,,199223,,175520,208,166753
,6637,醫影,,-2647,,,,5.66,4,,上櫃,112,47150,,,,,121335,118688,,,,121335,,,211660,,-43175,353863,682184,328321,328321,116661,,168485,,118688,,121335
,6640,均華,,164726,,,,3.57,4,,上櫃,112,17177,,,,,101173,265899,,,,100857,316,,118836,,-486,776443,1187852,411409,411409,292573,,118350,,265583,316,101173
,6642,富致,,-1899,,,,1.81,4,,上櫃,112,12592,,,,,67858,65959,,,,67858,,,79901,,549,238455,421680,183225,183225,103324,,80450,,65959,,67858
,6643,M31,,19,,,,12.60,4,,上櫃,112,78146,,,,,435170,435189,,,,435170,,,446496,,66820,,1612337,1612337,1612337,1165841,,513316,,435189,,435170
,6649,台生材,,,,,,-0.24,4,,上櫃,112,1099,,,,,-10130,-10130,,,,-10130,,,-14225,,5194,25716,72838,47122,47122,61347,,-9031,,-10130,,-10130
,6651,全宇昕,-954,,,,,5.48,4,,上櫃,112,48776,,,,,188365,188365,,,,,,,229384,,7757,880912,1344879,463967,463967,233629,,237141,,,,188365
,6654,天正國際,,5609,,,,-1.77,4,,上櫃,112,-7213,,,,,-58769,-53160,,,,-58769,,,-60441,,-5541,358866,409490,50624,50624,111065,,-65982,,-53160,,-58769
,6661,威健生技,,-4827,,,,-0.11,4,,上櫃,112,114,,,,,-3146,-7973,,,,-2648,-498,,-4259,,1227,160831,280547,119716,119716,123975,,-3032,,-7475,-498,-3146
,6662,樂斯科,,-4804,,,,1.94,4,,上櫃,112,12248,,,,,49743,44939,,,,,,,50761,,11230,160372,264723,104351,104351,53590,,61991,,,,49743
,6664,群翊,,-3352,,,,12.65,4,,上櫃,112,176797,,,,,713560,710208,,,,713560,,,700082,,190275,1293350,2432621,1139271,1139271,439189,,890357,,710208,,713560
,6667,信紘科,,185,,,,7.17,4,,上櫃,112,79847,,,,,320881,321066,,,,321256,-375,,357999,,42729,1767732,2412630,644898,644898,286899,,400728,,321441,-375,320881
,6679,鈺太,,330222,,,,6.95,4,,上櫃,112,62767,,,,,372772,702994,,,,372772,,,358660,,76879,1102094,1839594,737500,737500,378840,,435539,,702994,,372772
,6680,鑫創電子,,-507,,,,3.29,4,,上櫃,112,16246,,,,,68662,68155,,,,68662,,,76219,,8689,429648,628628,198980,198980,122761,,84908,,68155,,68662
,6683,雍智科技,,-217,,,,13.07,4,,上櫃,112,88508,,,,,354202,353985,,,,354202,,,423097,,19613,704626,1410225,705599,705599,282502,,442710,,353985,,354202
,6684,安格,,98,,,,-6.38,4,,上櫃,112,-23580,,,81,,-247193,-247095,,,,-240407,-6786,,-242562,,-28211,242325,358372,116047,115966,358528,,-270773,,-240309,-6786,-247193
,6690,安碁資訊,,-6058,,,,8.66,4,,上櫃,112,41607,,,,,190587,184529,,,,190587,,,232997,,-803,1111226,1844558,733332,733332,500335,,232194,,184529,,190587
,6692,進能服,,-208,,,,0.23,4,,上櫃,112,9413,,,,,10667,10459,,,,10667,,,21965,,-1885,1435417,1643854,208437,208437,186472,,20080,,10459,,10667
,6693,廣閎科,,-989,,,,0.36,4,,上櫃,112,7690,,,,,16308,15319,,,,16308,,,20703,,3295,783358,960374,177016,177016,156313,,23998,,15319,,16308
,6697,東捷資訊,,-591,,,,2.71,4,,上櫃,112,15193,,,,,74163,73572,,,,74163,,,76074,,13282,1157535,1343318,185783,185783,109709,,89356,,73572,,74163
,6703,軒郁,,13654,,,,14.66,4,,上櫃,112,104348,,,,,400262,413916,,,,403490,-3228,,500551,,4059,1017190,2973956,1956766,1956766,1456215,,504610,,417144,-3228,400262
,6708,天擎,,84,,,,-1.03,4,,上櫃,112,322,,,,,-29914,-29830,,,,-29914,,,-35135,,5543,95395,195415,100020,100020,135155,,-29592,,-29830,,-29914
,6712,長聖,,,,,,7.24,4,,上櫃,112,83617,,,,,539397,539397,,,,539397,,,337732,,285282,273637,758391,484754,484754,147022,,623014,,539397,,539397
,6716,應廣,,-21914,,,,2.00,4,,上櫃,112,13631,,,,,59344,37430,,,,59344,,,83821,,-10846,757096,1057601,300505,300505,216684,,72975,,37430,,59344
,6720,久昌,,-2830,,,,1.96,4,,上櫃,112,9905,,,,,43334,40504,,,,43334,,,49305,,3934,218040,360915,142875,142875,93570,,53239,,40504,,43334
,6721,信實,,,,,,3.33,4,,上櫃,112,19321,,,,,74982,74982,,,,74982,,,71474,,22829,2857732,2983002,125270,125270,53796,,94303,,74982,,74982
,6725,矽科宏晟,,-2309,,,,15.64,4,,上櫃,112,135298,,,,,516172,513863,,,,516172,,,625262,,26208,2005678,2807803,802125,802125,176863,,651470,,513863,,516172
,6727,亞泰金屬,,-1641,,,,4.60,4,,上櫃,112,26622,,,,,110353,108712,,,,110353,,,96709,,40266,1096031,1310405,214374,214374,117665,,136975,,108712,,110353
,6728,上洋,,-1096,,,,10.28,4,,上櫃,112,59217,,,,,236366,235270,,,,236366,,,301996,,-6413,1730431,2733105,1002674,1002674,700678,,295583,,235270,,236366
,6730,常廣,,-32,,,,2.00,4,,上櫃,112,16026,,,,,64105,64073,,,,64105,,,77101,,3030,241046,459932,218886,218886,141785,,80131,,64073,,64105
,6732,昇佳電子,21,72886,,,,13.81,4,,上櫃,112,105171,,,,,675516,748402,,,,,,,657874,,122813,3228451,4542817,1314366,1314366,656513,,780687,,,,675516
,6733,博晟生醫,,-13581,,,,-1.30,4,,上櫃,112,-8304,,,,,-160918,-174499,,,,-156325,-4593,,-176541,,7319,20290,109908,89618,89618,266159,,-169222,,-161905,-12594,-160918
,6735,美達科技,,931,,,,0.33,4,,上櫃,112,8260,,,,,13924,14855,,,,13924,,,10865,,11319,95623,237784,142161,142161,131296,,22184,,14855,,13924
,6739,竹陞科技,,-595,,,,2.56,4,,上櫃,112,21805,,,,,49864,49269,,,,49864,,,69427,,2242,99995,255259,155264,155264,85837,,71669,,49269,,49864
,6741,91APP*-KY,,-18586,,,,3.37,4,,上櫃,112,119200,,,,,398608,380022,,,,398235,373,,423359,,94449,347778,1389167,1041389,1041389,618030,,517808,,379668,354,398608
,6751,智聯服務,,-6623,,,,3.07,4,,上櫃,112,30798,,,,,108485,101862,,,,64212,44273,,130748,,8535,1411662,1738519,326857,326857,196109,,139283,,57742,44120,108485
,6752,叡揚,,21044,,,,6.14,4,,上櫃,112,39122,,,,,200256,221300,,,,198819,1437,,231270,,8108,758183,1589956,831773,831773,600503,,239378,,219863,1437,200256
,6761,穩得,,-1062,,,,4.04,4,,上櫃,112,30283,,,,,101329,100267,,,,101329,,,147977,,-16365,1239463,1743459,503996,503996,356019,,131612,,100267,,101329
,6762,達亞,,,,,,3.31,4,,上櫃,112,20636,,,,,85784,85784,,,,,,,110629,,-4209,299300,508023,208723,208723,98094,,106420,,,,85784
,6763,綠界科技*,,39915,,,,21.66,4,,上櫃,112,93796,,,,,396832,436747,,,,396823,9,,419563,,71065,894717,1549005,654288,654288,234725,,490628,,436738,9,396832
,6767,台微醫,,-20,,,,0.05,4,,上櫃,112,117,,,,,1486,1466,,,,1486,,,-18403,,20006,59940,282538,222598,222598,241001,,1603,,1466,,1486
,6785,昱展新藥,,,,,,6.71,4,,上櫃,112,8490,,,,,382616,382616,,,,,,,385527,,5579,,469272,469272,469272,83745,,391106,,,,382616
,6788,華景電,,-4870,,,,7.82,4,,上櫃,112,95358,,,,,268083,263213,,,,271601,-3518,,361795,,1646,634951,1370598,735647,735647,373852,,363441,,266731,-3518,268083
,6791,虎門科技,,-242,,,,3.87,4,,上櫃,112,17351,,,,,80605,80363,,,,,,,86294,,11662,356187,602336,246149,246149,159855,,97956,,,,80605
,6803,崑鼎,,23074,,,,16.36,4,,上櫃,112,256460,,,,,1366688,1389762,,,,1164040,202648,,1461642,,161506,6008793,7628502,1619709,1619709,158067,,1623148,,1191797,197965,1366688
,6804,明係,,0,,,,3.62,4,,上櫃,112,33921,,,,,114771,114771,,,,,,,151146,,-2454,3055259,3363294,308035,308035,156889,,148692,,,,114771
,6811,宏碁資訊,,-8528,,,,12.10,4,,上櫃,112,130682,,,,,501328,492800,,,,501328,,,606854,,25156,6514974,7550746,1035772,1035772,428918,,632010,,492800,,501328
,6821,聯寶,,-3117,,,,1.69,4,,上櫃,112,10709,,,,,50140,47023,,,,50140,,,45949,,14900,360784,554403,193619,193619,147670,,60849,,47023,,50140
,6823,濾能,,-11797,,,,-1.09,4,,上櫃,112,-2204,,,,,-26249,-38046,,,,-24230,-2019,,-32358,,3905,363351,472317,108966,108966,141324,,-28453,,-36027,-2019,-26249
,6829,千附精密,,-404,,,,3.51,4,,上櫃,112,44954,,,,,207690,207286,,,,,,,255832,,-3188,938810,1350162,411352,411352,155520,,252644,,,,207690
,6840,東研信超,,-7581,,,,-2.16,4,,上櫃,112,-20168,,,,,-53455,-61036,,,,-53455,,,-75838,,2215,472806,702813,230007,230007,305845,,-73623,,-61036,,-53455
,6841,長佳智能,,,,,,-0.44,4,,上櫃,112,-1309,,,,,-43829,-43829,,,,-42040,-1789,,-106793,,61655,47359,93982,46623,46623,153416,,-45138,,-42040,-1789,-43829
,6843,進典,,-657,,,,4.06,4,,上櫃,112,52193,,,,,135185,134528,,,,135185,,,164777,,22601,603840,951851,348011,348011,183234,,187378,,134528,,135185
,6844,諾貝兒,,-1108,,,,6.21,4,,上櫃,112,52164,,,,,208037,206929,,,,,,,249002,,11199,2375126,3602136,1227010,1227010,978008,,260201,,,,208037
,6846,綠茵,,,,,,5.04,4,,上櫃,112,35166,,,,,130664,130664,,,,130664,,,160847,,4983,408054,800511,392457,392457,231610,,165830,,130664,,130664
,6855,數泓科,,,,,,6.29,4,,上櫃,112,34313,,,,,133036,133036,,,,,,,147260,,20089,250934,480057,229123,229123,81863,,167349,,,,133036
,6856,鑫傳,,,,,,4.09,4,,上櫃,112,28002,,,,,97172,97172,,,,101376,-4204,,120534,,4640,131278,396188,264910,264910,144376,,125174,,101376,-4204,97172
,6859,伯特光,,-33,,,,2.57,4,,上櫃,112,18301,,,,,100016,99983,,,,100016,,,96178,,22139,596166,791828,195662,195662,99484,,118317,,99983,,100016
,6865,偉康科技,,-20,,,,1.96,4,,上櫃,112,-1061,,,,,28190,28170,,,,,,,21032,,6097,352539,517015,164476,164476,143444,,27129,,,,28190
,6870,騰雲,343,4549,,,,4.00,4,,上櫃,112,21276,,,,,69308,73857,,,,81078,-11770,,80390,,10194,148154,538884,390730,390730,310683,,90584,,85627,-11770,69308
,6872,浩宇生醫,,151,,,,-1.17,4,,上櫃,112,,,,,,-69565,-69414,,,,-65729,-3836,,-76426,,6861,10654,22481,11827,11827,88253,,-69565,,-65624,-3790,-69565
,6874,倍力,,-102,,,,4.07,4,,上櫃,112,22594,,,,,89432,89330,,,,,,,115514,,-3488,1367877,1598779,230902,230902,115388,,112026,,,,89432
,6875,國邑*,,1,,,,0.07,4,,上櫃,112,0,,,,,8456,8457,,,,8456,,,-2824,,11280,,314500,314500,314500,317324,,8456,,8457,,8456
,6877,鏵友益,,2015,,,,-0.52,4,,上櫃,112,-3316,,,,,-16573,-14558,,,,,,,-17180,,-2709,176939,332461,155522,155522,172702,,-19889,,,,-16573
,6881,潤德,,-2275,,,,10.97,4,,上櫃,112,35736,,,,,148069,145794,,,,,,,174439,,9366,1232738,1521800,289062,289062,114623,,183805,,,,148069
,6884,海柏特,,-5009,,,,1.52,4,,上櫃,112,12511,,,,,24595,19586,,,,24567,28,,35318,,1788,739338,904117,164779,164779,129461,,37106,,19554,32,24595
,6894,衛司特,,-6788,,,,7.86,4,,上櫃,112,56975,,,,,165840,159052,,,,162855,2985,,216560,,6255,471129,775784,304655,304655,88095,,222815,,157029,2023,165840
,6895,宏碩系統,,,,,,2.70,4,,上櫃,112,18440,,,,,86771,86771,,,,,,,100142,,5069,210144,411448,201304,201304,101162,,105211,,,,86771
,6899,創為精密,,226,,,,4.53,4,,上櫃,112,43703,,,,,173676,173902,,,,174555,-879,,171430,,45949,617430,1041691,424261,424261,252831,,217379,,174781,-879,173676
,6903,巨漢,,,,,,13.54,4,,上櫃,112,222294,,,,,820476,820476,,,,820476,,,1027968,,14802,1704419,2867938,1163519,1163519,135551,,1042770,,820476,,820476
,6904,伯鑫,,-2907,,,,10.21,4,,上櫃,112,46746,,,,,170228,167321,,,,170228,,,214112,,2862,600072,915526,315454,315454,101342,,216974,,167321,,170228
,6910,德鴻,,-1467,,,,1.57,4,,上櫃,112,-1059,,,,,42407,40940,,,,42407,,,37965,,3383,113813,311279,197466,197466,159501,,41348,,40940,,42407
,6913,鴻呈,,-12154,,,,3.05,4,,上櫃,112,35142,,,,,123740,111586,,,,114281,9459,,148004,,10878,1366501,1816150,449649,449649,301645,,158882,,103121,8465,123740
,6922,宸曜,,-1821,,,,4.51,4,,上櫃,112,30611,,,,,104861,103040,,,,104861,,,134245,,1227,599302,1054805,455503,455503,321258,,135472,,103040,,104861
,6925,意藍,,-10,,,,2.03,4,,上櫃,112,6287,,,,,35842,35832,,,,35842,,,40546,,1583,33099,165071,131972,131972,91426,,42129,,35832,,35842
,6929,佑全,,-120,,,,0.37,4,,上櫃,112,6799,,,,,14803,14683,,,,,,,23943,,-2341,2099433,3122894,1023461,1023461,999518,,21602,,,,14803
,6945,圓祥生技,,,,,,-5.24,4,,上櫃,112,0,,,,,-339295,-339295,,,,,,,-347478,,8183,0,32253,32253,32253,379731,,-339295,,,,-339295
,6953,家碩,,-385,,,,8.36,4,,上櫃,112,49072,,,,,228243,227858,,,,228243,,,260034,,17281,621607,1207145,585538,585538,325504,,277315,,227858,,228243
,6961,旅天下,,3200,,,,8.65,4,,上櫃,112,35708,,,,,135902,139102,,,,139517,-3615,,166762,,4848,2475905,2972685,496780,496780,330018,,171610,,142717,-3615,135902
,6967,汎瑋材料,,-7151,,,,4.56,4,,上櫃,112,32001,,,,,102947,95796,,,0,102947,,,126829,,8119,1013642,1334084,320442,320442,193613,,134948,0,95796,,102947
,6968,萬達寵物,,1,,,,2.17,4,,上櫃,112,-279,,,,,83099,83100,,,,83075,24,,102796,,-19976,1500936,2543706,1042770,1042770,939974,,82820,,83076,24,83099
,6971,惠民實業,,975,,,,2.98,4,,上櫃,112,6061,,,,,104764,105739,,,,104764,0,,130618,,-19793,1723238,1919094,195856,195856,65238,,110825,,105739,0,104764
,6982,大井泵浦,,-704,,,,2.07,4,,上櫃,112,3460,,,,,73200,72496,,,,73200,,,85704,,-9044,1015289,1404797,389508,389508,303804,,76660,,72496,,73200
,6983,華洋精機,,,,,,1.90,4,,上櫃,112,8870,,,,,29631,29631,,,,,,,36749,,1752,84148,178238,94090,94090,57341,,38501,,,,29631
,6986,和迅,,,,,,0.74,4,,上櫃,112,0,,,,,33489,33489,,,,,,,27374,,6115,16838,130571,113733,113733,86359,,33489,,,,33489
,6996,力領科技,,-380,,,,11.74,4,,上櫃,112,80203,,,,,436894,436514,,,,,,,494882,,22215,1699063,2656536,957473,957473,462591,,517097,,,,436894
,6997,博弘,,-604,,,,4.60,4,,上櫃,112,30698,,,,,90328,89724,,,,90328,,,114234,,6792,4327051,4748542,421491,421491,307257,,121026,,89724,,90328
,7402,邑錡,,0,,,,1.38,4,,上櫃,112,7907,,,,,44229,44229,,,,,,,42540,,9596,360302,542217,181915,181915,139375,,52136,,,,44229
0,7547,碩網,,-1160,,,,1.22,4,,上櫃,112,7346,,,,,31125,29965,,,0,31125,0,,27354,,11117,107291,202105,94814,94814,67460,,38471,0,29965,0,31125
,7556,意德士科技,,38969,,,,4.71,4,,上櫃,112,23807,,,,,113205,152174,,,,113205,,,107198,,29814,317781,516549,198768,198768,91570,,137012,,152174,,113205
,7584,樂意,,-1137,,,,5.94,4,,上櫃,112,19987,,,,,86290,85153,,,,86290,,,52067,,54210,312595,579364,266769,266769,214702,,106277,,85153,,86290
,7642,昶瑞機電,,,,,,5.80,4,,上櫃,112,44691,,,,,145203,145203,,,,,,,175587,,14307,652460,914381,261921,261921,86334,,189894,,,,145203
,7703,銳澤,,,,,,9.08,4,,上櫃,112,64809,,,,,244277,244277,,,,,,,303335,,5751,1361817,1779726,417909,417909,114574,,309086,,,,244277
0,7704,明遠精密,69,-1726,,,,3.55,4,,上櫃,112,21827,,,,,102918,101192,,,,102918,0,,124142,,603,442276,727750,285474,285474,161401,,124745,,101192,0,102918
,7708,全家餐飲,,-1804,,,,4.31,4,,上櫃,112,27729,,,,,101061,99257,,,,101061,,,140363,,-11573,1157654,2175957,1018303,1018303,877940,,128790,,99257,,101061
,7709,榮田,,-646,,,,3.87,4,,上櫃,112,37725,,,,,141380,140734,,,,,,,161670,,17435,1023051,1347043,323992,323992,162322,,179105,,,,141380
,7712,博盛半導體,,-45,,,,4.47,4,,上櫃,112,67379,,,,,127314,127269,,,,127314,,,196998,,-2305,959255,1330050,370795,370795,173797,,194693,,127269,,127314
,7713,威力德生醫,,15291,,,,3.74,4,,上櫃,112,41262,,,,,152283,167574,,,,152283,,,197963,,-4418,642620,940698,298078,298078,100115,,193545,,167574,,152283
,7714,創泓科技,,,,,,6.28,4,,上櫃,112,23010,,,,,93236,93236,,,955,92124,157,,117700,,-1454,894224,1131707,237483,237483,119783,,116246,955,92124,157,93236
,7715,裕山,,-23,,,,3.50,4,,上櫃,112,24115,,,,,95546,95523,,,,95546,,,134587,,-14926,1206858,1461828,254970,254970,120383,,119661,,95523,,95546
,7716,昱臺國際,,-10189,,,,1.75,4,,上櫃,112,14989,,,,,32993,22804,,,,32675,318,,38304,,9678,1103167,1446264,343097,343097,304793,,47982,,22666,138,32993
,7717,萊德光電-KY,,-11438,,,,0.96,4,,上櫃,112,17238,,,,,22015,10577,,,,20439,1576,,80737,,-41484,204541,529993,325452,325452,244715,,39253,,9116,1461,22015
,7718,友鋮,,-531,,,,5.72,4,,上櫃,112,59789,,,,,210435,209904,,,,209058,1377,,229149,,41075,1826522,2284597,458075,458075,228926,,270224,,208527,1377,210435
,7723,築間,,-400,,,,8.61,4,,上櫃,112,87733,,,,,354566,354166,,,0,355005,-439,,508431,,-66132,3109412,5762799,2653387,2653387,2144956,,442299,0,354597,-431,354566
0,7728,光焱科技,,-69,,,,6.84,4,,上櫃,112,19428,,,,,76785,76716,,,,76785,,,91034,,5179,113157,333731,220574,220574,129540,,96213,,76716,,76785
,7734,印能科技,,-1561,,,,31.72,4,,上櫃,112,145502,,,,,546449,544888,,,-4171,548459,2161,,582230,,109721,385907,1185529,799622,799622,217392,,691951,-4582,547464,2006,546449
,7738,東聯互動,171100,6783,,,,3.01,4,,上櫃,112,18312,,,,,60438,67221,,,,60438,0,,102298,,-23548,195396,340687,145291,145291,214093,,78750,,67221,0,60438
,7743,金利食安,,,,,,1.42,4,,上櫃,112,12277,,,,,47233,47233,,,,47233,,,54626,,4884,381559,576965,195406,195406,140780,,59510,,47233,,47233
,7744,崴寶,,-10847,,,,11.28,4,,上櫃,112,79154,,,,,217214,206367,,,,217214,0,,271060,,25308,697204,1153732,456528,456528,185468,,296368,,206367,0,217214
,7747,昕奇雲端,0,-127,0,,,3.35,4,0,上櫃,112,18314,,,0,,76357,76230,,,,67568,8789,,87373,,7298,866042,1051781,185739,185739,98366,0,94671,,67441,8789,76357
,7751,竑騰,,-474,,,,6.65,4,,上櫃,112,46435,,,,,160253,159779,,,,160446,-193,,190180,,16508,446941,885952,439011,439011,248831,,206688,,160013,-234,160253
,7753,星亞,,,,,,3.00,4,,上櫃,112,16042,,,,,62896,62896,,,,,,,72800,,6138,503998,733261,229263,229263,156463,,78938,,,,62896
,7757,金色三麥,,479,,,,10.54,4,,上櫃,112,60187,,,,,231487,231966,,,,231060,427,,278626,,13048,853002,1946750,1093748,1093748,815122,,291674,,231502,464,231487
,7767,仁大資訊,,,,,,4.25,4,,上櫃,112,28410,,,,,103793,103793,,,,,,,128007,,4196,1856465,2121027,264562,264562,136555,,132203,,,,103793
,7770,君曜,,-2,,,,7.36,4,,上櫃,112,43660,,,,,183863,183861,,,0,183863,0,,213163,,14360,322561,621414,298853,298853,85690,,227523,0,183861,0,183863
,7777,能率亞洲,,122882,,,,-0.27,4,,上櫃,112,13901,,,,,-42006,80876,,,,,,,-39162,,11057,,85615,85615,85615,124777,,-28105,,,,-42006
,7782,光速火箭,,,,,,1.01,4,,上櫃,112,4537,,,,,16442,16442,,,,16442,,,45101,,-24122,243001,674761,431760,431760,386659,,20979,,16442,,16442
,7792,安葆,,-5827,,,,13.41,4,,上櫃,112,163499,,,,,402780,396953,,,0,402780,,,540436,,25843,3996542,4754961,758419,758419,217983,,566279,0,396953,,402780
,7794,宏碁智新,,-131,,,,0.75,4,,上櫃,112,11744,,,,,18773,18642,,,0,18773,,,28382,,2135,415809,567390,151581,151581,123199,,30517,0,18642,,18773
,7805,威聯通,,325646,,,,9.16,4,,上櫃,112,326048,,,,,1271743,1597389,,,,1271846,-103,,1356975,,240816,2188396,5887055,3698659,3698659,2341684,,1597791,,1597492,-103,1271743
,7810,捷創科技,,641,,,,5.00,4,,上櫃,112,10885,,,,,56699,57340,,,0,56699,0,,49370,,18214,203205,365606,162401,162401,113031,,67584,0,57340,0,56699
,7811,民盛,,7431,,,,6.43,4,,上櫃,112,30660,,,,,189688,197119,,,,189688,0,,203250,,17098,1732073,2311031,578958,578958,375708,,220348,,197119,0,189688
,7814,海昌生技,,,,,,0.45,4,,上櫃,112,0,,,,,16275,16275,,,,16275,,,15291,,984,18054,71484,53430,53430,38139,,16275,,16275,,16275
,7819,精誠金融,,872,,,,3.13,4,,上櫃,112,15409,,,,,62515,63387,,,,,,,75989,,1935,241014,424319,183305,183305,107316,,77924,,,,62515
,7820,立盈,,,,,,1.08,4,,上櫃,112,7417,,,,,28645,28645,,,,,,,40127,,-4065,87508,172605,85097,85097,44970,,36062,,,,28645
,8024,佑華,,-1029,,,,-0.86,4,,上櫃,112,1387,,,,,-38875,-39904,,,,-38875,,,-54932,,17444,153780,239116,85336,85336,140268,,-37488,,-39904,,-38875
,8027,鈦昇,,3278,,,,0.32,4,,上櫃,112,14740,,,,,23575,26853,,,,30911,-7336,,16828,,21487,935093,1549374,614281,614281,597453,,38315,,34683,-7830,23575
,8032,光菱,,56961,,,,1.18,4,,上櫃,112,-7526,,,,,61090,118051,,,,61069,21,,3195,,50369,2403117,2700582,297465,297465,294270,,53564,,118022,29,61090
,8034,榮群,,-82,,,,1.51,4,,上櫃,112,22446,,,,,94098,94016,,,,94098,,,109202,,7342,452692,675604,222912,222912,113710,,116544,,94016,,94098
,8038,長園科,,-899,,,,0.00,4,,上櫃,112,0,,,,,1861,962,,,,8,1853,,2500,,-639,243682,332994,89312,89312,86812,,1861,,-891,1853,1861
,8040,九暘,,0,,,,-1.77,4,,上櫃,112,-3678,,,,,-120492,-120492,,,,,,,-56633,,-67537,477860,717970,240110,240110,296743,,-124170,,,,-120492
0,8042,金山電,,-26211,,,,0.72,4,0,上櫃,112,41209,,,0,,91221,65010,,,,92670,-1449,,44396,,88034,2639930,3193488,553558,553558,509162,,132430,,66126,-1116,91221
,8043,蜜望實,,-12924,,,,-0.24,4,,上櫃,112,2105,,,,,-19060,-31984,,,,-19060,,,-53295,,36340,4749917,4885670,135753,135753,189048,,-16955,,-31984,,-19060
,8044,網家,0,78614,,,,-5.01,4,,上櫃,112,63590,,,,,-527863,-449249,,,,-659899,132036,,-513118,,48845,36308911,41286456,4977545,4977545,5490663,,-464273,,-588437,139188,-527863
,8047,星雲,,300,,,,-1.39,4,,上櫃,112,1732,,,,,-57766,-57466,,,,-57766,,,-57866,,1832,364091,497633,133542,133542,191408,,-56034,,-57466,,-57766
,8048,德勝,,12597,,,,4.38,4,,上櫃,112,60713,,,,,245225,257822,,,,245225,,,278467,,27471,1280569,1791446,510877,510877,232410,,305938,,257822,,245225
,8049,晶采,,62947,,,,3.39,4,,上櫃,112,96670,,,,,401166,464113,,,,401166,,,439604,,58232,1445934,2088399,642465,642465,202861,,497836,,464113,,401166
,8050,廣積,,266351,,,,5.22,4,,上櫃,112,135373,,,-107,,662686,929037,,,,715895,-53209,,455288,,342771,4518977,5996862,1477885,1477992,1022704,,798059,,981978,-52941,662686
,8054,安國,,67348,,,,-1.21,4,,上櫃,112,-29218,,,81,,-250778,-183430,,,,-111777,-139001,,-378936,,98940,1311732,1990215,678483,678402,1057338,,-279996,,-44435,-138995,-250778
,8059,凱碩,,-1575,,,,0.04,4,,上櫃,112,0,,,,,6725,5150,,,,6725,,,-100819,,107544,445385,556439,111054,111054,211873,,6725,,5150,,6725
,8064,東捷,,7647,,,,0.96,4,,上櫃,112,48840,,,,,185612,193259,,,,158422,27190,,94825,,139627,2324000,2990451,666451,666451,571626,,234452,,166387,26872,185612
,8066,來思達,,-2865,,,,0.74,4,,上櫃,112,22044,,,,,45129,42264,,,,22051,23078,,85001,,-17828,4296949,4912987,616038,616038,531037,,67173,,20459,21805,45129
,8067,志旭,,-6592,,,,-0.77,4,,上櫃,112,447,,,,,-15694,-22286,,,,-14997,-697,,-32727,,17480,62077,104032,41955,41955,74682,,-15247,,-21550,-736,-15694
,8068,全達,,39404,,,,-0.57,4,,上櫃,112,8639,,,,,-44686,-5282,,,,-45824,1138,,-37705,,1658,653036,707966,54930,54930,92635,,-36047,,-7888,2606,-44686
,8069,元太,,2326203,,,,6.85,4,,上櫃,112,1958082,,,,,7866226,10192429,,,,7814326,51900,,7285477,,2538831,12663275,27119755,14456480,14456480,7171003,,9824308,,10139003,53426,7866226
,8071,能率網通,,-32671,,,,-0.92,4,5785,上櫃,112,31800,,,2518,,-31535,-64206,,,1137,-47650,14978,,18476,,-18211,1773107,2119765,346658,349925,331449,,265,1128,-78744,13410,-31535
,8074,鉅橡,1074,-12,,,,0.70,4,,上櫃,112,20421,,,,,64892,64880,,,,56479,8413,,56553,,28760,913012,1135440,222428,222428,166949,,85313,,55364,9516,64892
,8076,伍豐,,58064,,,,0.15,4,635,上櫃,112,33107,,,31430,,53758,111822,,,,42712,11046,,138287,,-51422,1795650,2547887,752237,721442,583155,,86865,,99574,12248,53758
,8077,洛碁,1522,,,,,2.26,4,,上櫃,112,12407,,,,,49628,49628,,,,,,,110968,,-48933,719073,978346,259273,259273,149827,,62035,,,,49628
,8080,泰霖,,-6070,,,,0.27,4,,上櫃,112,1189,,,,,6336,266,,,,6336,,,3440,,4085,158556,189683,31127,31127,27687,,7525,,266,,6336
,8083,瑞穎,,,,,,6.79,4,,上櫃,112,58707,,,,,238505,238505,,,,,,,302068,,-4856,675893,1100309,424416,424416,122348,,297212,,,,238505
,8084,巨虹,,27776,,,,1.58,4,,上櫃,112,210,,,,,113623,141399,,,,109489,4134,,20263,,93570,610117,888283,278166,278166,257903,,113833,,137265,4134,113623
,8085,福華,,140022,,,,-1.00,4,,上櫃,112,-390,,,,,-140283,-261,,,,-140283,,,-154001,,13328,721991,722577,586,586,154587,,-140673,,-261,,-140283
,8086,宏捷科,,,,,,0.42,4,,上櫃,112,11254,,,,,82726,82726,,,,,,,67733,,26247,2308371,2723100,414729,414729,346996,,93980,,,,82726
,8087,麗升能源,,6255,,,,4.10,4,,上櫃,112,992,,,,,119246,125501,,,,119246,0,,-39547,,159785,148981,203647,54666,54666,94213,,120238,,125501,0,119246
,8088,品安,0,7129,,,,2.61,4,,上櫃,112,40140,,,,,159246,166375,,,,,,,166903,,32483,1278518,1522782,244264,244264,77361,,199386,,,,159246
,8089,康全電訊,,10039,,,,-5.90,4,,上櫃,112,-7327,,,,,-345823,-335784,,,,-345823,,,-369255,,16105,703301,888721,185420,185420,554675,,-353150,,-335784,0,-345823
,8091,翔名,,-11275,,,,5.98,4,,上櫃,112,79710,,,,,285011,273736,,,,284680,331,,323956,,40765,1162991,1805426,642435,642435,318479,,364721,,273405,331,285011
,8092,建暐,,672,,,,0.03,4,,上櫃,112,990,,,,,1174,1846,,,,1174,,,8045,,-5881,352797,428740,75943,75943,67898,,2164,,1846,,1174
,8093,保銳,,-1817,,,,-1.67,4,,上櫃,112,1,,,,,-75184,-77001,,,,-75181,-3,,-84176,,8993,202252,321268,119016,119016,203192,,-75183,,-76998,-3,-75184
,8096,擎亞,,1884,,,,-3.08,4,,上櫃,112,7915,,,,,-460002,-458118,,,,-460080,78,,-313125,,-138962,21860400,22441732,581332,581332,894457,,-452087,,-458196,78,-460002
,8097,常珵,,2601,,,,-0.69,4,,上櫃,112,0,,,,,-44695,-42094,,,,-44695,0,,-76400,,31705,192428,226218,33790,33790,110190,,-44695,,-42094,0,-44695
,8099,大世科,,-692,,,,2.12,4,,上櫃,112,43704,,,,,188136,187444,,,,188136,0,,212773,,19067,3252121,4179561,927440,927440,714667,,231840,,187444,0,188136
,8102,傑霖科技,,665,,,,3.50,4,,上櫃,112,14061,,,,,73835,74500,,,,73835,,,85020,,2876,200299,376848,176549,176549,91529,,87896,,74500,,73835
,8107,大億金茂,,15883,,,,-0.84,4,,上櫃,112,304,,,,,-63451,-47568,,,,-63371,-80,,-115787,,52640,628826,668946,40120,40120,155907,,-63147,,-47488,-80,-63451
,8109,博大,,-16292,,,,8.03,4,,上櫃,112,170618,,,,,638630,622338,,,,638630,,,677508,,131740,1000784,1926976,926192,926192,248684,,809248,,622338,,638630
,8111,立碁,0,-4387,,,,0.58,4,,上櫃,112,12728,,,,,61586,57199,,,,62896,-1310,,6614,,67700,576457,783057,206600,206600,199986,,74314,,58533,-1334,61586
,8121,越峰,,-49386,,,,-0.81,4,,上櫃,112,-37548,,,,,-211917,-261303,,,,-171224,-40693,,-248196,,-1269,2314247,2551746,237499,237499,485695,,-249465,,-204523,-56780,-211917
0,8147,正淩,0,-9867,,,,2.55,4,0,上櫃,112,7238,,,0,,83089,73222,,,0,84097,-1008,,76887,,13440,633833,1038083,404250,404250,327363,,90327,0,74355,-1133,83089
,8155,博智,,1301,,,,4.08,4,,上櫃,112,29358,,,,,204120,205421,,,0,204120,0,,216423,,17055,2385818,2892409,506591,506591,290168,,233478,0,205421,0,204120
,8171,天宇,,-2615,,,,-0.50,4,,上櫃,112,-1454,,,,,-37754,-40369,,,,-36328,-1426,,-58937,,19729,806257,914671,108414,108414,167351,,-39208,,-38943,-1426,-37754
,8176,智捷,-776,-6617,,,,0.08,4,,上櫃,112,2444,,,,,4715,-1902,,,,5763,-1048,,-14276,,21435,286493,431940,145447,145447,158947,,7159,,533,-2435,4715
,8182,加高,,199073,,,,1.16,4,,上櫃,112,55901,,,,,124723,323796,,,,124454,269,,155736,,24888,2223214,2709117,485903,485903,330167,,180624,,323467,329,124723
,8183,精星,,-29752,,,,4.50,4,,上櫃,112,171420,,,,,543159,513407,,,,543159,,,703901,,10678,5401178,6679445,1278267,1278267,574366,,714579,,513407,,543159
,8227,巨有科技,,-414,,,,4.29,4,,上櫃,112,39689,,,,,160112,159698,,,,,,,193650,,6151,781612,1104737,323125,323125,129475,,199801,,,,160112
,8234,新漢,,9930,,,,1.27,4,,上櫃,112,54453,,,,,190431,200361,,,,178791,11640,,222319,,22565,4154828,5765509,1610681,1610681,1388362,,244884,,188349,12012,190431
,8240,華宏,,22374,,,,2.05,4,,上櫃,112,69610,,,,,221431,243805,,,,202381,19050,,248425,,42616,6467054,7518472,1051418,1051418,802993,,291041,,227104,16701,221431
,8255,朋程,,583840,,,,7.68,4,,上櫃,112,102625,,,,,611762,1195602,,,,723193,-111431,,307541,,406846,4270676,5648694,1378018,1378018,1070477,,714387,,1308051,-112449,611762
,8272,全景軟體,,,,,,4.79,4,,上櫃,112,20650,,,,,81404,81404,,,,,,,94271,,7783,97206,421768,324562,324562,230291,,102054,,,,81404
,8277,商丞,0,-64,,,,-0.74,4,,上櫃,112,112,,,,,-92910,-92974,,,,-67426,-25484,,-86632,,-6166,223022,267153,44131,44131,130763,,-92798,,-67490,-25484,-92910
,8279,生展,,614,,,,10.14,4,,上櫃,112,58975,,,,,274827,275441,,,,274827,,,302860,,30942,1193267,1837185,643918,643918,341058,,333802,,275441,,274827
,8284,三竹,,,,,,4.21,4,,上櫃,112,45561,,,,,195211,195211,,,,,,,232192,,8580,2075170,2646060,570890,570890,338698,,240772,,,,195211
,8289,泰藝,,-15269,,,,1.29,4,,上櫃,112,33444,,,,,88176,72907,,,,88176,0,,81312,,40308,1154145,1580171,426026,426026,344714,,121620,,72907,0,88176
,8291,尚茂,,972,,,,-1.50,4,,上櫃,112,0,,,,,-70930,-69958,,,,,,,-65597,,-5333,82703,37028,-45675,-45675,19922,,-70930,,,,-70930
,8299,群聯,,-161374,,,,18.48,4,,上櫃,112,475014,,,50194,,3624428,3463054,,,,3624428,,,3621868,,477574,32057192,48221630,16164438,16114244,12492376,,4099442,,3463054,,3624428
,8342,益張,,8200,,,,4.71,4,,上櫃,112,36528,,,,,158471,166671,,,,158051,420,,163284,,31715,1097161,1431839,334678,334678,171394,,194999,,165857,814,158471
,8349,恒耀國際,-1172,-66596,,,,3.03,4,,上櫃,112,218398,,,,,461375,394779,,,,473546,-12171,,706693,,-26920,10072946,12237914,2164968,2164968,1457103,,679773,,424691,-29912,461375
,8354,冠好,,5759,,,,0.79,4,,上櫃,112,16992,,,,,61736,67495,,,,61736,,,-6758,,85486,540356,614421,74065,74065,80823,,78728,,67495,,61736
,8358,金居,,-2615,,,,2.11,4,,上櫃,112,133227,,,,,532906,530291,,,,532906,,,690592,,-24459,5285720,6169504,883784,883784,193192,,666133,,530291,,532906
,8383,千附,,-3091,,,,1.49,4,,上櫃,112,58320,,,,,244425,241334,,,,167755,76670,,261822,,40923,2000424,2628431,628007,628007,366185,,302745,,164814,76520,244425
-45869,8390,金益鼎,,-3790,,,,5.57,4,,上櫃,112,83937,,,,,526779,522989,,,,534753,-7974,,280151,,376434,3186018,3658466,472448,472448,192297,,656585,,531034,-8045,572648
,8401,白紗科,,-1483,,,,1.81,4,,上櫃,112,25983,,,,,108816,107333,,,,,,,139602,,-4803,1080497,1484400,403903,403903,264301,,134799,,,,108816
,8403,盛弘,105286,114003,,,,0.99,4,,上櫃,112,53719,,,,,55265,169268,,,,124557,-69292,,119099,,-10115,3147007,3873384,726377,726377,712564,,108984,0,240822,-71554,55265
,8409,商之器,,1070,,,,-0.44,4,,上櫃,112,1821,,,-194,,-14009,-12939,,,,-14009,0,,-14084,,1896,51207,206146,154939,155133,169217,,-12188,,-12939,0,-14009
,8410,森田,,1244,,,,5.33,4,,上櫃,112,48099,,,,,195164,196408,,,,,,,207183,,36080,725442,1179628,454186,454186,247003,,243263,,,,195164
,8415,大國鋼,2270,1196899,,,,3.04,4,,上櫃,112,963600,,,,,3173519,4370418,,,,3124950,48569,,3789305,,347814,16409255,24627349,8218094,8218094,4431059,,4137119,,4330041,40377,3173519
,8416,實威,,-1972,,,,10.23,4,,上櫃,112,76000,,,,,288608,286636,,,,288608,,,340382,,24226,690593,1447163,756570,756570,416188,,364608,,286636,,288608
,8421,旭源,,2451,,,,-0.45,4,-1045,上櫃,112,6395,,,,,-12300,-9849,,,,-24624,12324,,-1238,,-4667,979362,1179393,200031,198986,200224,,-5905,,-24388,14539,-12300
,8423,保綠-KY,,-6199,,,,0.95,4,,上櫃,112,4329,,,,,24829,18630,,,,24829,,,27062,,2096,241358,324719,83361,83361,56299,,29158,,18630,,24829
,8424,惠普,,-635,,,,4.24,4,,上櫃,112,38434,,,,,153034,152399,,,,153034,,,180863,,10605,689977,951605,261628,261628,80765,,191468,,152399,,153034
0,8426,紅木-KY,,-33318,,,,6.55,4,0,上櫃,112,82102,,,0,,329030,295712,,,,329030,,,425790,,-14658,1941069,2860254,919185,919185,493395,,411132,,295712,0,329030
,8431,匯鑽科,,2409,,,,0.59,4,,上櫃,112,18796,,,,,18172,20581,,,,25819,-7647,,35361,,1607,712778,922521,209743,209743,174382,,36968,,26328,-5747,18172
0,8432,東生華,0,39973,,,,1.61,4,0,上櫃,112,11113,,,0,,64978,104951,,,3358,61989,-369,,63630,,12461,411018,810917,399899,399899,336269,,76091,3350,101990,-389,64978
,8433,弘帆,,-26228,,,,9.35,4,,上櫃,112,137374,,,,,489942,463714,,,,489942,,,552175,,75141,2502022,3465668,963646,963646,411471,,627316,,463714,,489942
,8435,鉅邁,,-4444,,,,4.37,4,,上櫃,112,42348,,,,,138518,134074,,,,138518,,,155476,,25390,361657,706316,344659,344659,189183,,180866,,134074,,138518
,8436,大江,,-81883,,,,7.73,4,,上櫃,112,182631,,,,,992064,910181,,,,896258,95806,,1054598,,120097,4799114,8015649,3216535,3216535,2161937,,1174695,,806835,103346,992064
,8437,大地-KY,,-75470,,,,0.52,4,,上櫃,112,46079,,,,,24751,-50719,,,,24751,,,105381,,-34551,129283,395832,266549,266549,161168,,70830,,-50719,,24751
,8440,綠電,,-1393,,,,1.32,4,,上櫃,112,9355,,,,,50054,48661,,,,50054,,,46422,,12987,808588,910332,101744,101744,55322,,59409,,48661,,50054
,8444,綠河-KY,,67476,,,,-6.98,4,,上櫃,112,-15119,,,,,-624700,-557224,,,,-622442,-2258,,-196936,,-442883,4173267,4654573,481306,481306,678242,,-639819,,-554917,-2307,-624700
,8446,華研,,314,,,,8.23,4,,上櫃,112,89514,,,,,435036,435350,,,,435595,-559,,466694,,57856,470819,1198528,727709,727709,261015,,524550,,435916,-566,435036
,8450,霹靂,,-22556,,,,-3.71,4,,上櫃,112,0,,,,,-191844,-214400,,,,-190241,-1603,,-225904,,34060,305548,319596,14048,14048,239952,,-191844,,-212797,-1603,-191844
,8455,大拓-KY,,-18854,,,,-0.06,4,,上櫃,112,6326,,,,,-27586,-46440,,,,-1590,-25996,,-18747,,-2513,1344453,1472458,128005,128005,146752,,-21260,,-20797,-25643,-27586
,8472,納維康,,,,,,-2.92,4,,上櫃,112,-16608,,,,,-51827,-51827,,,0,-51827,,,-90158,,21723,106685,388502,281817,281817,371975,,-68435,0,-51827,,-51827
,8477,創業家,,,,,,-3.53,4,,上櫃,112,-1309,,,,,-117009,-117009,,,,-114546,-2463,,-113292,,-5026,1098852,1312143,213291,213291,326583,,-118318,,-117009,,-117009
,8489,三貝德,,2026,,,,-0.98,4,,上櫃,112,30029,,,,,3414,5440,,,,-35553,38967,,3121,,30322,735708,1340560,604852,604852,601731,,33443,,-33527,38967,3414
,8905,裕國,,46821,,,,2.50,4,,上櫃,112,39616,,,,,288236,335057,,,,288202,34,,303697,,24155,2323280,2815719,492439,492439,188742,,327852,,334942,115,288236
,8906,花王,,5238,,,,-0.89,4,,上櫃,112,0,,,,,-29657,-24419,,,,,,,-24984,,-4673,197670,217888,20218,20218,45202,,-29657,,,,-29657
,8908,欣雄,,14204,,,,1.83,4,,上櫃,112,133074,,,,,519642,533846,,,,519642,,,663518,,-10802,6099954,6959715,859761,859761,196243,,652716,,533846,,519642
,8916,光隆,,5233,,,,3.93,4,,上櫃,112,169268,,,,,577149,582382,,,,577696,-547,,597233,,149184,6326110,7708244,1382134,1382134,784901,,746417,,583051,-669,577149
,8917,欣泰,,1702,,,,2.38,4,,上櫃,112,92420,,,,,387367,389069,,,,387367,,,441696,,38091,2013262,2583286,570024,570024,128328,,479787,,389069,,387367
,8921,沈氏,,59398,,,,-0.10,4,,上櫃,112,796,,,,,-6996,52402,,,,-4631,-2365,,-23228,,17028,588843,659079,70236,70236,93464,,-6200,,54767,-2365,-6996
,8923,時報,,184,,,,0.88,4,,上櫃,112,5255,,,,,26858,27042,,,,26858,,,26226,,5887,233094,426645,193551,193551,167325,,32113,,27042,,26858
,8924,大田,,-25263,,,,4.85,4,,上櫃,112,136066,,,,,406520,381257,,,,406520,,,382272,,160314,3643553,4367641,724088,724088,341816,,542586,,381257,,406520
,8927,北基,,-393,,,,0.35,4,,上櫃,112,52076,,,,,122790,122397,,,7233,112660,2897,,258292,,-83426,6469510,7697962,1228452,1228452,970160,,174866,7233,112267,2897,122790
,8928,鉅明,,1925,,,,-0.71,4,,上櫃,112,-968,,,,,-36258,-34333,,,,-36258,,,-48739,,11513,2393043,2597107,204064,204064,252803,,-37226,,-34333,,-36258
,8929,富堡,,21033,,,,-0.46,4,,上櫃,112,-8180,,,,,-30154,-9121,,,,-23081,-7073,,-50556,,12222,545928,687317,141389,141389,191945,,-38334,,-2746,-6375,-30154
0,8930,青鋼,,-3852,,,,3.12,4,,上櫃,112,66065,,,,,255385,251533,,,,,,,300439,,21011,1077078,1527063,449985,449985,149546,,321450,,,,255385
,8931,大汽電,,16536,,,,2.32,4,,上櫃,112,69312,,,,,283340,299876,,,,,,,368642,,-15990,2180099,2717008,536909,536909,168267,,352652,,,,283340
,8932,智通*,,-10999,,,,1.33,4,,上櫃,112,74458,,,,,92993,81994,,,,88188,4805,,169099,,-1648,591899,961210,369311,369311,200212,,167451,,77319,4675,92993
,8933,愛地雅,,33610,,,,-0.97,4,,上櫃,112,16704,,,,,-291231,-257621,,,,-291231,,,-316749,,42222,3371701,3654553,282852,282852,599601,,-274527,,-257621,,-291231
,8935,邦泰,,-13880,,,,-0.75,4,,上櫃,112,-354,,,,,-69898,-83778,,,,-69898,,,-62098,,-8154,526748,594313,67565,67565,129663,,-70252,,-83778,,-69898
,8936,國統,,-158420,,,,2.88,4,,上櫃,112,290089,,,,,813748,655328,,,,713870,99878,,1330579,,-226742,2563423,4132263,1568840,1568840,238261,,1103837,,555450,99878,813748
,8937,合騏*,,-13731,,,,0.71,4,,上櫃,112,6048,,,,,47751,34020,,,,51790,-4039,,-33035,,86834,140550,159949,19399,19399,52434,,53799,,38059,-4039,47751
,8938,明安,196712,-32642,,,,0.50,4,,上櫃,112,192967,,,,,-365932,-398574,,,,68969,-434901,,1127002,,-1299967,11990152,14299849,2309697,2309697,1379407,,-172965,,36327,-434901,-365932
,8941,關中,,102525,,,,6.34,4,,上櫃,112,17621,,,,,190459,292984,,,,192948,-2489,,62959,,145121,2018796,2898751,879955,879955,816996,,208080,,295690,-2706,190459
,8942,森鉅,,167293,,,,8.77,4,7,上櫃,112,397486,,,45,,1569457,1736750,,,,1599839,-30382,,1553673,,413270,3287261,5555106,2267845,2267807,714134,,1966943,,1763666,-26916,1569457
,9949,琉園,,-2571,,,,-0.69,4,,上櫃,112,-898,,,,,-30322,-32893,,,,-30322,,,-32099,,879,59402,177544,118142,118142,150241,,-31220,,-32893,,-30322
,9950,萬國通,,-6192,,,,6.08,4,,上櫃,112,8546,,,,,1025431,1019239,,,,1018998,6433,,191212,,842765,2127556,2911473,783917,783917,592705,,1033977,,1013387,5852,1025431
,9951,皇田,,46382,,,,5.77,4,,上櫃,112,101270,,,,,432248,478630,,,,432248,,,464149,,69369,3858703,5208082,1349379,1349379,885230,,533518,,478630,,432248
,9960,邁達康,,17710,,,,2.52,4,,上櫃,112,22084,,,,,84781,102491,,,,84781,,,100883,,5982,513789,807727,293938,293938,193055,,106865,,102491,,84781
,9962,有益,,-1652,,,,1.26,4,,上櫃,112,28782,,,,,113763,112111,,,,113763,0,,141310,,1235,3258720,3499597,240877,240877,99567,,142545,,112111,0,113763
