停業單位損益,公司代號,公司名稱,其他收益及費損淨額,其他綜合損益（淨額）,原始認列生物資產及農產品之利益（損失）,合併前非屬共同控制股權損益,合併前非屬共同控制股權綜合損益淨額,基本每股盈餘（元）,季別,已實現銷貨（損）益,市場,年度,所得稅費用（利益）,支出及費用,收益,未實現銷貨（損）益,本期其他綜合損益（稅後淨額）,本期淨利（淨損）,本期綜合損益總額,淨利（損）歸屬於母公司業主,淨利（損）歸屬於非控制權益,淨利（淨損）歸屬於共同控制下前手權益,淨利（淨損）歸屬於母公司業主,淨利（淨損）歸屬於非控制權益,營業利益,營業利益（損失）,營業外損益,營業外收入及支出,營業成本,營業收入,營業毛利（毛損）,營業毛利（毛損）淨額,營業費用,生物資產當期公允價值減出售成本之變動利益（損失）,稅前淨利（淨損）,綜合損益總額歸屬於共同控制下前手權益,綜合損益總額歸屬於母公司業主,綜合損益總額歸屬於非控制權益,繼續營業單位本期淨利（淨損）
,1240,茂生農經,,-687,22084,,,4.34,4,,上櫃,113,39123,,,,,166463,165776,,,,179603,-13140,,153627,,51959,2531754,2856900,398267,398267,244640,51037,205586,,178916,-13140,166463
,1259,安心,,118194,,,,2.05,4,,上櫃,113,7952,,,,,56460,174654,,,,66329,-9869,,11590,,52822,4683358,6045581,1362223,1362223,1350633,,64412,,184017,-9363,56460
,1264,德麥,,88982,,,,20.55,4,,上櫃,113,273310,,,,,891421,980403,,,,761405,130016,,1130492,,34239,4603477,6806342,2202865,2202865,1072373,,1164731,,820691,159712,891421
,1268,漢來美食,,-14202,,,,10.06,4,,上櫃,113,101340,,,,,424855,410653,,,,424855,,,532512,,-6317,3215909,5929814,2713905,2713905,2181393,,526195,,410653,,424855
,1294,漢田生技,,,,,,6.02,4,,上櫃,113,39222,,,,,155419,155419,,,,155674,-255,,197468,,-2827,442680,748423,305743,305743,108275,,194641,,155674,-255,155419
,1295,生合,,12441,,,,5.43,4,,上櫃,113,66468,,,,,170125,182566,,,,170125,,,209396,,27197,448639,989483,540844,540844,331448,,236593,,182566,,170125
,1336,台翰,,55630,,,,2.10,4,,上櫃,113,85952,,,,,162932,218562,,,,162932,,,215615,,33269,2116031,2563443,447412,447412,231797,,248884,,218562,,162932
,1565,精華,,27454,,,,14.82,4,0,上櫃,113,195595,,,,,747302,774756,,,,747302,,,801132,,141765,3335784,4550058,1214274,1214274,413142,,942897,,774756,,747302
,1569,濱川,,170877,,,,-2.57,4,,上櫃,113,11566,,,,,-295706,-124829,,,,-311553,15847,,-436285,,152145,3012602,3103113,90511,90511,526796,,-284140,,-148117,23288,-295706
,1570,力肯,,60747,,,,2.25,4,,上櫃,113,23576,,,,,115631,176378,,,,115631,,,115776,,23431,528786,730104,201318,201318,85542,,139207,,176378,,115631
,1580,新麥,,89396,,,,13.59,4,,上櫃,113,361726,,,,,728363,817759,,,,682665,45698,,973060,,117029,2710054,4792059,2082005,2082005,1108945,,1090089,,767074,50685,728363
,1584,精剛,,1020,,,,1.57,4,,上櫃,113,51610,,,,,307590,308610,,,,309039,-1449,,259108,,100092,2357993,2880076,522083,522083,262975,,359200,,310059,-1449,307590
,1586,和勤,,51308,,,,0.43,4,,上櫃,113,5885,,,,,35282,86590,,,,35282,,,32746,,8421,2170804,2572580,401776,401776,369030,,41167,,86590,,35282
,1591,駿吉-KY,,37762,,,,-1.25,4,,上櫃,113,-1312,,,,,-44299,-6537,,,,-44299,,,-44889,,-722,198263,214675,16412,16412,61301,,-45611,,-6537,,-44299
,1593,祺驊,,16572,,,,1.70,4,,上櫃,113,37215,,,,,95693,112265,,,,67629,28064,,95073,,37835,762247,1119216,356969,356969,261896,,132908,,84201,28064,95693
,1595,川寶,,6199,,,,-0.06,4,,上櫃,113,18464,,,,,-5180,1019,,,,-2670,-2510,,-63786,,77070,665757,915514,249757,249757,313543,,13284,,3529,-2510,-5180
,1599,宏佳騰,,5725,,,,1.21,4,,上櫃,113,22311,,,,,83036,88761,,,,88096,-5060,,-22337,,127684,1773466,2289648,516182,516182,538519,,105347,,93821,-5060,83036
,1742,台蠟,,1100,,,,0.89,4,,上櫃,113,829,,,,,82715,83815,,,,82715,0,,-87833,,171377,173959,231191,57232,57232,145065,,83544,,83815,0,82715
,1777,生泰,,4999,,,,8.82,4,,上櫃,113,94954,,,,,393284,398283,,,,,,,350804,,137434,770724,1257665,486941,486941,136137,,488238,,,,393284
,1780,立弘,,2912,,,,1.05,4,,上櫃,113,29096,,,,,100939,103851,,,,100939,,,88115,,41920,548534,806917,258383,258383,170268,,130035,,103851,,100939
,1781,合世,,-1657,,,,0.51,4,,上櫃,113,4537,,,,,24239,22582,,,,24239,,,2495,,26281,558649,706388,147739,147739,145244,,28776,,22582,,24239
,1784,訊聯,,-3872,,,,1.65,4,,上櫃,113,32375,,,,,69865,65993,,,,83702,-13837,,62389,,39851,536263,1222030,685767,685767,623378,,102240,,82742,-16749,69865
,1785,光洋科,,97651,,,,3.21,4,,上櫃,113,462852,,,,,1900159,1997810,,,,1903388,-3229,,2204094,,158917,25957588,29769958,3812370,3812370,1608276,,2363011,,2001039,-3229,1900159
,1788,杏昌,,-29986,,,,8.08,4,,上櫃,113,95375,,,,,359688,329702,,,,359688,,,426797,,28266,3002367,4072811,1070444,1070444,643647,,455063,,329702,,359688
,1796,金穎生技,,795,,,,-0.54,4,,上櫃,113,-4937,,,,,-22528,-21733,,,,-22528,,,-34408,,6943,424418,521163,96745,96745,131153,,-27465,,-21733,,-22528
,1799,易威,,20264,,,,-0.81,4,,上櫃,113,157,,,,,-88444,-68180,,,,-97468,9024,,-74792,,-13495,241040,540438,299398,299398,374190,,-88287,,-77724,9544,-88444
,1813,寶利徠,,-1434,,,,-0.63,4,,上櫃,113,-7359,,,,,-42698,-44132,,,,-29299,-13399,,-144298,,94241,369711,309912,-59799,-59799,84499,,-50057,,-30176,-13956,-42698
,1815,富喬,,35770,,,,0.13,4,,上櫃,113,-7556,,,,,62886,98656,,,,62886,,,90156,,-34826,3632903,4246703,613800,613800,523644,,55330,,98656,,62886
,2035,唐榮公司,,-13535,,,,-2.20,4,,上櫃,113,,,,,,-771737,-785272,,,,,,,-798561,,26824,12679534,12189393,-490141,-490141,308420,,-771737,,,,-771737
,2061,風青,,6091,,,,-0.30,4,,上櫃,113,7450,,,,,-14683,-8592,,,,-14683,,,-19806,,12573,1141158,1190874,49716,49716,69522,,-7233,,-8592,,-14683
,2063,世鎧精密,,34038,,,,1.93,4,,上櫃,113,27022,,,,,95950,129988,,,,95950,,,118694,,4278,876011,1122574,246563,246563,127869,,122972,,129988,,95950
,2064,晉椿,,3761,,,,-0.18,4,,上櫃,113,7736,,,271,,-12782,-9021,,,,-12812,30,,-36287,,31241,1563492,1644111,80619,80348,116635,,-5046,,-9050,29,-12782
,2065,世豐,,-102692,,,,3.56,4,,上櫃,113,74894,,,,,205469,102777,,,,205469,,,229109,,51254,1886482,2322475,435993,435993,206884,,280363,,102777,,205469
,2066,世德,,1294,,,,6.16,4,,上櫃,113,78348,,,,,264741,266035,,,,264741,0,,268081,,75008,1848254,2760026,911772,911772,643691,,343089,,266035,0,264741
,2067,嘉鋼,,10850,,,,-2.74,4,,上櫃,113,-2089,,,,,-148470,-137620,,,-24990,-123480,,,-130166,,-20393,962105,1008348,46243,46243,176409,,-150559,-23830,-113790,,-148470
,2070,精湛,,-5852,,,,2.97,4,,上櫃,113,31956,,,,,106259,100407,,,,106259,,,131146,,7069,341750,715428,373678,373678,242532,,138215,,100407,,106259
,2073,雄順,,-1055,,,,0.63,4,,上櫃,113,4163,,,,,17207,16152,,,,,,,25915,,-4545,495669,591891,96222,96222,70307,,21370,,,,17207
,2221,大甲,,6039,,,,2.02,4,,上櫃,113,22301,,,,,92979,99018,,,,85653,7326,,114982,,298,1145631,1404705,259074,259074,144092,,115280,0,91692,7326,92979
,2230,泰茂,373,37775,,,,6.10,4,,上櫃,113,36494,,,,,322670,360445,,,,324434,-1764,,336728,,22436,1529220,1979800,450580,450580,114225,,359164,,360135,310,322670
,2235,謚源,,165,,,,2.67,4,,上櫃,113,22125,,,,,95846,96011,,,,,,,63175,,54796,452510,591463,138953,138953,75778,,117971,,,,95846
,2596,綠意,,,,,,0.67,4,,上櫃,113,32046,,,,,64669,64669,,,,66968,-2299,,81482,,15233,648087,813007,164920,164920,83438,,96715,,66968,-2299,64669
,2640,大車隊,,,,,,8.93,4,,上櫃,113,142511,,,,,524202,524202,,,,529011,-4809,,676866,,-10153,1546978,3022348,1475370,1475370,798504,,666713,,529011,-4809,524202
,2641,正德,,454988,,,,1.92,4,,上櫃,113,22908,,,,,582807,1037795,,,,584901,-2094,,676069,,-70354,892410,1654400,761990,761990,85921,,605715,,1039889,-2094,582807
,2643,捷迅,,70755,,,,6.11,4,,上櫃,113,58102,,,,,213860,284615,,,,213860,,,237436,,34526,4765689,5259055,493366,493366,255930,,271962,,284615,,213860
,2718,全心投控,,7279,,,,35.33,4,,上櫃,113,192852,,,,,3093698,3100977,,,,3093698,,,3255360,,31190,803893,4251276,3447383,3447383,192023,,3286550,,3100977,,3093698
,2719,燦星旅,,,,,,1.26,4,,上櫃,113,-844,,,,,86863,86863,,,,86863,,,-99041,,185060,2186187,2286931,100744,100744,199785,,86019,,86863,,86863
,2724,藝舍-KY,,57226,,,,2.96,4,,上櫃,113,65066,,,,,176821,234047,,,0,176821,,,254300,,-12413,236473,539391,302918,302918,48618,,241887,0,234047,,176821
,2726,雅茗-KY,,20771,,,,3.58,4,,上櫃,113,4803,,,,,100739,121510,,,,98391,2348,,5865,,99677,237606,564664,327058,327058,321193,,105542,,116641,4869,100739
,2729,瓦城,,11493,,,,9.01,4,,上櫃,113,90039,,,,,345186,356679,,,,352630,-7444,,444238,,-9013,2963269,6075752,3112483,3112483,2668245,,435225,,364123,-7444,345186
,2732,六角,-4314,15014,,,,4.79,4,0,上櫃,113,47898,,,320,,216883,231897,,,,218598,-1715,,229333,,35448,1958787,4013618,2054831,2054511,1820864,,264781,,230354,1543,216883
-4197,2734,易飛網,,-386,,,,1.00,4,,上櫃,113,0,,,,,40159,39773,,,,43322,-3163,,-51925,,96281,1433992,1601599,167607,167607,219532,,44356,,42936,-3163,44356
,2736,富野,,12071,,,,-1.77,4,,上櫃,113,-8966,,,,,-114685,-102614,,,,-98085,-16600,,-153593,,29942,213290,385206,171916,171916,325509,,-123651,,-86014,-16600,-114685
,2740,華軒,,178,,,,-4.65,4,,上櫃,113,0,,,,,-59332,-59154,,,,-59332,,,-51354,,-7978,151833,236287,84454,84454,135808,,-59332,,-59154,,-59332
,2743,山富,,,,,,7.24,4,,上櫃,113,100548,,,,,260655,260655,,,,260655,,,408303,,-47100,5918453,6836888,918435,918435,510132,,361203,,260655,,260655
,2745,五福,,,,,,9.07,4,,上櫃,113,81580,,,,,306618,306618,,,,306618,,,395841,,-7643,6712391,7564997,852606,852606,456765,,388198,,306618,,306618
,2751,王座,431,640,,,,4.55,4,,上櫃,113,-12,,,,,81054,81694,,,,81054,,,77805,,3237,713697,1389769,676072,676072,598698,,81042,,81694,,81054
,2752,豆府,,-3412,,,,15.66,4,,上櫃,113,98365,,,,,417509,414097,,,,414236,3273,,488223,,27651,1748818,3649818,1901000,1901000,1412777,,515874,,410822,3275,417509
,2754,亞洲藏壽司,,6551,,,,2.31,4,,上櫃,113,27314,,,,,108087,114638,,,,108087,,,256729,,-121328,3206196,5388458,2182262,2182262,1925533,,135401,,114638,,108087
,2755,揚秦,,3709,,,,5.84,4,,上櫃,113,44059,,,,,176097,179806,,,,176097,,,221266,,-1110,1855398,2533819,678421,678421,457155,,220156,,179806,,176097
,2756,聯發國際,,5764,,,,2.41,4,,上櫃,113,28610,,,,,59099,64863,,,,59099,,,61244,,26465,267400,691146,423746,423746,362502,,87709,,64863,,59099
,2916,滿心,,4637,,,,4.19,4,,上櫃,113,62201,,,,,248074,252711,,,,,,,277428,,32847,878683,1920166,1041483,1041483,764055,,310275,,,,248074
0,2924,宏太-KY,,46447,,,,-1.67,4,,上櫃,113,3270,,,,,-67563,-21116,,,,-67563,,,-34032,,-30261,136683,164554,27871,27871,61903,,-64293,,-21116,,-67563
,2926,誠品生活,,43059,,,,0.27,4,,上櫃,113,15388,,,,,12239,55298,,,,12802,-563,,-162333,,189960,4181994,6845954,2663960,2663960,2826293,,27627,,56091,-793,12239
,2937,集雅社,,3252,,,,3.86,4,,上櫃,113,39132,,,,,152983,156235,,,,152983,,,196487,,-4372,3569327,4642604,1073277,1073277,876790,,192115,,156235,,152983
,2941,米斯特,,39,,,,3.31,4,,上櫃,113,12243,,,,,49899,49938,,,,,,,61324,,818,297634,822629,524995,524995,463671,,62142,,,,49899
,2947,振宇五金,,,,,,3.46,4,,上櫃,113,16590,,,,,66686,66686,,,,66686,,,90749,,-7473,1338604,2174731,836127,836127,745378,,83276,,66686,,66686
,2948,寶陞,,56112,,,,2.19,4,,上櫃,113,28073,,,,,65594,121706,,,,65594,,,122750,,-29083,1222515,2102020,879505,879505,756755,,93667,,121706,,65594
,2949,欣新網,,-997,,,,3.34,4,,上櫃,113,34691,,,,,86271,85274,,,,84822,1449,,121246,,-284,4250943,4731292,480349,480349,359103,,120962,,83820,1454,86271
,3064,泰偉,,2514,,,,0.05,4,,上櫃,113,-396,,,,,587,3101,,,,592,-5,,4230,,-4039,17855,116879,99024,99024,94794,,191,,3106,-5,587
,3066,李洲,,25001,,,,1.30,4,,上櫃,113,4788,,,,,95170,120171,,,,107597,-12427,,-77579,,177537,167355,219375,52020,52020,129599,,99958,,130821,-10650,95170
,3067,全域,,948,,,,-1.01,4,,上櫃,113,2258,,,,,-20178,-19230,,,,-20178,0,,-24003,,6083,23474,43649,20175,20175,44178,,-17920,,-19230,0,-20178
,3071,協禧,,84311,,,,0.81,4,,上櫃,113,57531,,,,,150497,234808,,,,88945,61552,,141361,,66667,1733568,2476536,742968,742968,601607,,208028,,166072,68736,150497
,3073,天方能源,66043,1069,,,,0.75,4,,上櫃,113,99,,,,,23061,24130,,,,24198,-1137,,33130,,-9970,22967,55641,32674,32674,65587,,23160,,25267,-1137,23061
,3078,僑威,,222384,,,,5.62,4,,上櫃,113,459340,,,,,1278574,1500958,,,,1278574,,,1241893,,496021,6524338,8616566,2092228,2092228,850335,,1737914,,1500958,,1278574
,3081,聯亞,,-14246,,,,-0.59,4,,上櫃,113,-13632,,,,,-54530,-68776,,,,,,,-111792,,43630,969535,1208422,238887,238887,350679,,-68162,,,,-54530
,3083,網龍,,-63602,,,,0.81,4,,上櫃,113,4231,,,,,74584,10982,,,,70219,4365,,26611,,52204,76056,427558,351502,351502,324891,,78815,,5067,5915,74584
,3085,新零售,,0,,,,-1.69,4,,上櫃,113,-4,,,,,-66281,-66281,,,,-66248,-33,,-53645,,-12640,37529,51717,14188,14188,67833,,-66285,,-66248,-33,-66281
,3086,華義*,,,,,,0.67,4,,上櫃,113,0,,,,,17329,17329,,,,17332,-3,,-1350,,18679,73802,150478,76676,76676,78026,,17329,,17332,-3,17329
,3088,艾訊,,59521,,,,7.53,4,58,上櫃,113,271119,,,71,,770402,829923,,,,768938,1464,,904105,,137416,4353531,6893071,2539540,2539527,1635422,,1041521,,828539,1384,770402
,3093,港建*,,19245,,,,1.06,4,,上櫃,113,46120,,,,,154012,173257,,,,154012,0,,187279,,12853,845614,1344179,498565,498565,311286,,200132,,173257,0,154012
,3095,及成,,14868,,,,0.84,4,,上櫃,113,2807,,,,,8411,23279,,,,8411,,,17639,,-6421,468008,590406,122398,122398,104759,,11218,,23279,,8411
,3105,穩懋,,3441119,,,,1.81,4,,上櫃,113,-7017,,,,,339811,3780930,,,,768133,-428322,,762032,,-429238,13415743,17457713,4041970,4041970,3279938,,332794,,4159963,-379033,339811
,3114,好德,,23118,,,,1.80,4,,上櫃,113,28404,,,,,116965,140083,,,,116965,0,,73830,,71539,2493708,2764919,271211,271211,197381,,145369,,140083,0,116965
0,3115,富榮綱,,2990,,,,-0.73,4,,上櫃,113,-5,,,,,-23381,-20391,,,,-23381,,,-28202,,4816,277,3903,3626,3626,31828,,-23386,,-20391,,-23381
,3118,進階,,801,,,,2.00,4,,上櫃,113,16314,,,,,64811,65612,,,,,,,75318,,5807,494219,731347,237128,237128,161810,,81125,,,,64811
,3122,笙泉,,723,,,,-1.44,4,,上櫃,113,77,,,,,-58028,-57305,,,,-58028,0,,-53987,,-3964,245229,364666,119437,119437,173424,,-57951,,-57305,0,-58028
,3128,昇銳,,3332,,,,1.69,4,,上櫃,113,16648,,,,,70292,73624,,,,70166,126,,85233,,1707,750916,1099340,348424,348424,263191,,86940,,73498,126,70292
,3131,弘塑,,-54786,,,,29.07,4,,上櫃,113,200974,,,,,845553,790767,,,,845447,106,,905929,,140598,2228139,4073463,1845324,1845324,939395,,1046527,,790294,473,845553
,3141,晶宏,-4512,32883,,,,1.16,4,,上櫃,113,14175,,,,,50071,82954,,,,87023,-36952,,2666,,61580,927137,1507390,580253,580253,573075,,64246,,119906,-36952,50071
,3147,大綜,,8829,,,,11.94,4,,上櫃,113,97879,,,,,465840,474669,,,,465840,,,350856,,212863,4196618,4972744,776126,776126,425270,,563719,,474669,,465840
,3152,璟德,,757,,,,6.21,4,,上櫃,113,107151,,,,,428602,429359,,,,,,,464470,,71283,924136,1689803,765667,765667,301197,,535753,,,,428602
,3158,嘉實,,-1204,,,,7.32,4,,上櫃,113,4440,,,,,192802,191598,,,,192801,1,,187501,,9741,340409,945506,605097,605097,417596,,197242,,191597,1,192802
,3162,精確,,5192,,,,0.54,4,,上櫃,113,-15441,,,,,71260,76452,,,,70255,1005,,58397,,-2578,4093042,4652555,559513,559513,501116,,55819,,76036,416,71260
,3163,波若威,,46152,,,,5.75,4,,上櫃,113,25916,,,,,463068,509220,,,,463068,,,-5152,,494136,1662499,1941270,278771,278771,283923,,488984,,509220,,463068
,3169,亞信,,15027,,,,3.42,4,,上櫃,113,37956,,,,,215439,230466,,,,215439,,,217059,,36336,416739,852618,435879,435879,218820,,253395,,230466,,215439
,3171,炎洲流通,,4221,,,,2.12,4,,上櫃,113,26925,,,,,111037,115258,,,,111037,,,121469,,16493,1038703,1443322,404619,404619,283150,,137962,,115258,,111037
,3176,基亞,,85867,,,,-1.47,4,,上櫃,113,109673,,,,,-222389,-136522,,,,-204690,-17699,,-217195,,104479,618944,1372701,753757,753757,970952,,-112716,,-174729,38207,-222389
,3178,公準,,7318,,,,1.06,4,,上櫃,113,5619,,,,,48382,55700,,,,47618,764,,14649,,39352,1091201,1314130,222929,222929,208280,,54001,,54747,953,48382
,3188,鑫龍騰,,,,,,2.21,4,,上櫃,113,120772,,,,,412399,412399,,,,412399,,,533267,,-96,785875,1504851,718976,718976,185709,,533171,,412399,,412399
,3191,雲嘉南,,-95,,,,-0.57,4,,上櫃,113,1665,,,,,-24726,-24821,,,,-24726,,,-32683,,9622,146093,182689,36596,36596,69279,,-23061,,-24821,,-24726
,3205,佰研,,-57502,,,,-1.49,4,,上櫃,113,0,,,,,-49680,-107182,,,,-48531,-1149,,-61561,,11881,386638,467750,81112,81112,142673,,-49680,,-106346,-836,-49680
,3206,志豐,,46981,,,,4.10,4,,上櫃,113,118345,,,,,217400,264381,,,0,241741,-24341,,229645,,106100,2883845,3675973,792128,792128,562483,,335745,0,285269,-20888,217400
,3207,耀勝,,5624,,,,-0.16,4,0,上櫃,113,8458,,,0,,-30525,-24901,,,,-9948,-20577,,-7870,,-14197,1255710,1524105,268395,268395,276265,,-22067,,-4198,-20703,-30525
,3211,順達,,418164,,,,17.59,4,,上櫃,113,250906,,,,,2672648,3090812,,,,2672648,,,743127,,2180427,12327250,13911573,1584323,1584323,841196,,2923554,,3090812,,2672648
,3213,茂訊,,541189,,,,8.44,4,,上櫃,113,137153,,,,,502297,1043486,,,,495221,7076,,542476,,96974,1955354,2853391,898037,898037,355561,,639450,,1036410,7076,502297
,3217,優群,,-87524,,,,11.25,4,,上櫃,113,252042,,,,,1013340,925816,,,,1013340,,,1056892,,208490,1735541,3473337,1737796,1737796,680904,,1265382,,925816,,1013340
,3218,大學光,,22702,,,,12.57,4,,上櫃,113,267816,,,,,1050225,1072927,,,,1064721,-14496,,1397907,,-79866,1695016,4228302,2533286,2533286,1135379,,1318041,,1080610,-7683,1050225
,3219,倚強科,,50098,,,,0.30,4,,上櫃,113,8016,,,,,53815,103913,,,,20974,32841,,-11295,,73126,476392,1137860,661468,661468,672763,,61831,,57933,45980,53815
,3221,台嘉碩,,-23192,,,,0.98,4,,上櫃,113,33594,,,0,,76525,53333,,,,101171,-24646,,60537,,49582,1706737,2179510,472773,472773,412236,,110119,,70344,-17011,76525
,3224,三顧,,28568,,,,-1.01,4,,上櫃,113,3925,,,,,-164878,-136310,,,,-68813,-96065,,-223549,,62596,1239425,1412280,172855,172855,396404,,-160953,,-40245,-96065,-164878
,3226,龍鋒,,714,,,,5.56,4,,上櫃,113,99398,,,,,358202,358916,,,,,,,354411,,103189,1596363,2128343,531980,531980,177569,,457600,,,,358202
,3227,原相,32395,201913,,,,12.52,4,,上櫃,113,253440,,,,,1793591,1995504,,,,1815418,-21827,,1757563,,289468,3175229,8362273,5187044,5187044,3461876,,2047031,,2017331,-21827,1793591
,3228,金麗科,,6772,,,,-0.34,4,,上櫃,113,-132,,,,,-24114,-17342,,,,,,,-30838,,6592,114722,424695,309973,309973,340811,,-24246,,,,-24114
,3230,錦明,1629,15992,,,,3.83,4,,上櫃,113,9636,,,,,293744,309736,,,,293744,,,-147161,,450541,430820,445303,14483,14483,163273,,303380,,309736,,293744
,3232,昱捷,,13120,,,,0.32,4,,上櫃,113,2988,,,,,14698,27818,,,,14698,,,11105,,6581,1408791,1550750,141959,141959,130854,,17686,,27818,,14698
,3234,光環,,5059,,,,-2.21,4,282,上櫃,113,0,,,179,,-254875,-249816,,,,-239250,-15625,,-255493,,618,550137,573752,23615,23718,279211,,-254875,,-234191,-15625,-254875
,3236,千如,,68818,,,,0.04,4,,上櫃,113,12190,,,,,4446,73264,,,,4446,,,-20572,,37208,1454267,1864179,409912,409912,430484,,16636,,73264,,4446
,3252,海灣,,0,,,,-0.31,4,,上櫃,113,2076,,,,,-11275,-11275,,,,-15440,4165,,43616,,-52815,337841,515013,177172,177172,133556,,-9199,,-15440,4165,-11275
,3259,鑫創,,,,,,-3.18,4,,上櫃,113,0,,,,,-181153,-181153,,,,,,,-188160,,7007,225924,239110,13186,13186,201346,,-181153,,,,-181153
,3260,威剛,,326935,,,,9.25,4,,上櫃,113,936721,,,,,2844568,3171503,,,,2707490,137078,,3961235,,-179946,31428345,40178516,8750171,8750171,4788936,,3781289,,3130248,41255,2844568
,3264,欣銓,,144290,,,,4.44,4,,上櫃,113,312573,,,,,2104267,2248557,,,,2104267,,,2353572,,63268,9425458,13100592,3675134,3675134,1321562,,2416840,,2248557,,2104267
,3265,台星科,,175449,,,,6.23,4,,上櫃,113,191696,,,,,848544,1023993,,,,848544,,,804502,,235738,3087981,4166570,1078589,1078589,274087,,1040240,,1023993,,848544
0,3268,海德威,,1704,,,,0.26,4,,上櫃,113,2704,,,,,8834,10538,,,,8834,,,-20115,,31653,910248,972653,62405,62405,82520,,11538,,10538,,8834
,3272,東碩,,128508,,,,-3.15,4,,上櫃,113,-5014,,,,,-192690,-64182,,,,-192690,,,-201688,,3984,2472122,2784122,312000,312000,513688,,-197704,,-64182,,-192690
,3276,宇環,,22315,,,,-0.14,4,,上櫃,113,607,,,,,-50226,-27911,,,,-9627,-40599,,-133640,,84021,925734,893954,-31780,-31780,101860,,-49619,,12688,-40599,-50226
,3284,太普高,,-329,,,,2.55,4,,上櫃,113,51052,,,,,232014,231685,,,,235636,-3622,,236177,,46889,712617,1057123,344506,344506,108329,,283066,,235492,-3807,232014
,3285,微端,,16218,,,,1.18,4,,上櫃,113,15048,,,,,53045,69263,,,,50246,2799,,33385,,34708,656109,844662,188553,188553,155168,,68093,,65088,4175,53045
,3287,廣寰科,,-2737,,,,2.35,4,,上櫃,113,7184,,,,,121519,118782,,,,103473,18046,,9034,,119669,557362,761586,204224,204224,195190,,128703,,100736,18046,121519
,3288,點晶,,2358,,,,-0.35,4,,上櫃,113,0,,,,,-5328,-2970,,,,-5318,-10,,-11422,,6094,32244,81780,49536,49536,60958,,-5328,,-2960,-10,-5328
,3289,宜特,,-41687,,,,6.50,4,,上櫃,113,54761,,,,,468421,426734,,,,481739,-13318,,369014,,154168,3129332,4345526,1216194,1216194,847180,,523182,,440052,-13318,468421
,3290,東浦,,76893,,,,2.02,4,,上櫃,113,39081,,,,,251081,327974,,,,251081,,,264665,,25497,1317589,1966910,649321,649321,384656,,290162,,327974,,251081
,3293,鈊象,,63488,,,,32.14,4,,上櫃,113,1903787,,,,,9057336,9120824,,,,9057775,-439,,10327305,,633818,647732,18512825,17865093,17865093,7537788,,10961123,,9121148,-324,9057336
,3294,英濟,,63412,,,,0.58,4,,上櫃,113,73420,,,,,73427,136839,,,,75623,-2196,,7266,,139581,3642837,4312502,669665,669665,662399,,146847,,138611,-1772,73427
,3297,杭特,,0,,,,-0.13,4,0,上櫃,113,5057,,,0,,-4754,-4754,,,,-4754,,,-39052,,39355,114484,167117,52633,52633,91685,,303,,-4754,,-4754
,3303,岱稜,,22256,,,,3.90,4,,上櫃,113,84583,,,,,373633,395889,,,,366428,7205,,529260,,-71044,1840698,2992795,1152097,1152097,622837,,458216,,388637,7252,373633
,3306,鼎天,1835,511794,,,,2.93,4,,上櫃,113,554,,,,,148291,660085,,,,148291,,,41517,,107328,650532,980063,329531,329531,289849,,148845,,660085,,148291
,3310,佳穎,,-33883,,,,2.50,4,,上櫃,113,25164,,,,,143772,109889,,,,150691,-6919,,111438,,57498,1098998,1444039,345041,345041,233603,,168936,,116808,-6919,143772
,3313,斐成,,0,,,,1.03,4,,上櫃,113,14079,,,,,173091,173091,,,,174168,-1077,,-56724,,243894,37149,36764,-385,-385,56339,,187170,,174168,-1077,173091
,3317,尼克森,,-592,,,,2.49,4,,上櫃,113,40336,,,,,203313,202721,,,,201472,1841,,227715,,15934,1796272,2468261,671989,671989,444274,,243649,,200880,1841,203313
,3322,建舜電,,84105,,,,-0.87,4,,上櫃,113,8304,,,,,-94136,-10031,,,,-101133,6997,,-154900,,69068,2409412,2826393,416981,416981,571881,,-85832,,-16880,6849,-94136
,3323,加百裕,,17682,,,,-1.11,4,,上櫃,113,7550,,,,,-88968,-71286,,,,-98413,9445,,-107317,,25899,4972932,5447777,474845,474845,582162,,-81418,,-80731,9445,-88968
,3324,雙鴻,,220457,,,,21.23,4,,上櫃,113,434469,,,,,1931240,2151697,,,,1892711,38529,,1910641,,455068,11752813,15778909,4026096,4026096,2115455,,2365709,,2122083,29614,1931240
,3325,旭品,,42262,,,,-0.89,4,,上櫃,113,-17353,,,,,-83833,-41571,,,,-79919,-3914,,-129920,,28734,1315280,1383438,68158,68158,198078,,-101186,,-43068,1497,-83833
,3332,幸康,,76333,,,,2.18,4,,上櫃,113,22870,,,,,104775,181108,,,,104775,,,71259,,56386,881909,1336188,454279,454279,383020,,127645,,181108,,104775
,3339,泰谷,,1544,,,,0.25,4,0,上櫃,113,320,,,0,,15475,17019,,,,15475,,,-9521,,25316,537357,624855,87498,87498,97019,,15795,,17019,,15475
,3349,寶德,,-1899,,,,-1.05,4,,上櫃,113,-1160,,,,,-42159,-44058,,,,-42159,,,-67539,,24220,367114,453993,86879,86879,154418,,-43319,,-44058,,-42159
,3354,律勝,,5332,,,,-0.34,4,,上櫃,113,2386,,,,,-23550,-18218,,,,-23550,,,-103256,,82092,114471,127691,13220,13220,116476,,-21164,,-18218,,-23550
,3357,臺慶科,,518281,,,,7.33,4,,上櫃,113,104458,,,,,746886,1265167,,,,748155,-1269,,566327,,285017,4174131,5506106,1331975,1331975,765648,,851344,,1264407,760,746886
,3360,尚立,,15855,,,,-0.48,4,,上櫃,113,6572,,,,,-51329,-35474,,,,-37028,-14301,,-22513,,-22244,6021444,6263058,241614,241614,264127,,-44757,,-21173,-14301,-51329
,3362,先進光,,38497,,,,2.67,4,,上櫃,113,117995,,,,,377120,415617,,,,378909,-1789,,347566,,147549,3237805,4278305,1040500,1040500,692934,,495115,,417395,-1778,377120
,3363,上詮,,-32021,,,,-0.48,4,,上櫃,113,-8260,,,,,-48272,-80293,,,,-48272,,,-93376,,36844,1184721,1363877,179156,179156,272532,,-56532,,-80293,,-48272
,3372,典範,,8852,,,,-1.06,4,,上櫃,113,0,,,,,-185384,-176532,,,,,,,-241552,,56168,1050777,904163,-146614,-146614,94938,,-185384,,,,-185384
,3373,熱映,,11697,,,,-0.66,4,,上櫃,113,-5548,,,,,-28577,-16880,,,,-28577,,,-58884,,24759,350779,420527,69748,69748,128632,,-34125,,-16880,,-28577
,3374,精材,80215,9887,,,,6.15,4,,上櫃,113,390654,,,,,1669720,1679607,,,,,,,1975703,,84671,4567013,7059941,2492928,2492928,597440,,2060374,,,,1669720
,3379,彬台,,-11470,,,,1.09,4,,上櫃,113,-1498,,,,,41470,30000,,,,41470,,,19400,,20572,889915,1085450,195535,195535,176135,,39972,,30000,,41470
,3388,崇越電,,277393,,,,4.09,4,,上櫃,113,136577,,,,,318184,595577,,,,303207,14977,,423994,,30767,6296225,7567612,1271387,1271387,847393,,454761,,579450,16127,318184
,3390,旭軟,,13729,,,,1.41,4,,上櫃,113,24564,,,,,97076,110805,,,,97076,0,,27109,,94531,691735,856028,164293,164293,137184,,121640,,110805,,97076
,3402,漢科,,29572,,,,6.78,4,,上櫃,113,175180,,,,,495124,524696,,,,495124,,,572807,,97497,4325519,5487092,1161573,1161573,588766,,670304,,524696,,495124
,3430,奇鈦科,,9723,,,,4.79,4,,上櫃,113,51802,,,,,161370,171093,,,,161370,,,197724,,15448,1055673,1472533,416860,416860,219136,,213172,,171093,,161370
,3434,哲固,,57,,,,1.67,4,,上櫃,113,12201,,,,,46734,46791,,,,46734,,,42175,,16760,579952,728091,148139,148139,105964,,58935,,46791,,46734
,3438,類比科,,174297,,,,1.51,4,,上櫃,113,9165,,,,,71274,245571,,,,,,,38511,,41928,596024,963370,367346,367346,328835,,80439,,,,71274
,3441,聯一光電,,32106,,,,1.40,4,,上櫃,113,17373,,,,,56765,88871,,,,56005,760,,30594,,43544,220347,331178,110831,110831,80237,,74138,,88282,589,56765
,3444,利機,,-18172,,,,2.39,4,,上櫃,113,36026,,,,,107452,89280,,,,107452,,,78293,,65185,868560,1153486,284926,284926,206633,,143478,,89280,,107452
,3455,由田,,-2061,,,,5.29,4,,上櫃,113,5333,,,,,316558,314497,,,,316558,,,190418,,131473,850643,1851973,1001330,1001330,810912,,321891,,314497,,316558
,3465,進泰電子,,41085,,,,0.78,4,,上櫃,113,22203,,,,,19801,60886,,,,27579,-7778,,15419,,26585,1312075,1585838,273763,273763,258344,,42004,,65803,-4917,19801
,3466,德晉,,9603,,,,-2.56,4,,上櫃,113,6297,,,,,-157539,-147936,,,,-157539,,,-206958,,55716,248440,278731,30291,30291,237249,,-151242,,-147936,,-157539
,3467,台灣精材,,-74,,,,1.02,4,,上櫃,113,2323,,,,,28852,28778,,,,,,,25806,,5369,503871,617308,113437,113437,87631,,31175,,,,28852
,3479,安勤,0,111098,,,,6.85,4,0,上櫃,113,234377,,,0,,577826,688924,,,,497075,80751,,706915,,105288,5628211,7602920,1974709,1974709,1267794,,812203,0,588904,100020,577826
,3483,力致,,105911,,,,8.27,4,,上櫃,113,110494,,,,,696523,802434,,,,696523,,,338868,,468149,7195894,9001173,1805279,1805279,1466411,,807017,,802434,,696523
,3484,崧騰,,168390,,,,4.17,4,,上櫃,113,114606,,,,,316317,484707,,,,315650,667,,333778,,97145,3229723,4351267,1121544,1121544,787766,,430923,,480942,3765,316317
,3485,敘豐,,6205,,,,7.14,4,,上櫃,113,66935,,,,,244231,250436,,,,244231,0,,195384,,115782,318933,610467,291534,291534,96150,,311166,,250436,0,244231
,3489,森寶,,,,,,-0.89,4,,上櫃,113,31893,,,,,-80107,-80107,,,,-80107,,,-50905,,2691,2301485,2383837,82352,82352,133257,,-48214,,-80107,,-80107
,3490,單井,,11046,,,,1.66,4,,上櫃,113,5575,,,,,91114,102160,,,,91114,,,-30248,,126937,224607,279693,55086,55086,85334,,96689,,102160,,91114
,3491,昇達科,,32900,,,,8.59,4,,上櫃,113,162266,,,,,586715,619615,,,,546871,39844,,621799,,127182,1136843,2334956,1198113,1198113,576314,,748981,,591300,28315,586715
0,3492,長盛,,14252,,,,1.62,4,,上櫃,113,11293,,,,,57654,71906,,,0,57654,0,,49991,,18956,558947,813578,254631,254631,204640,,68947,0,71906,0,57654
,3498,陽程,,49364,,,,-2.50,4,,上櫃,113,-3086,,,,,-151848,-102484,,,,-151122,-726,,-225575,,70641,671662,946873,275211,275211,500786,,-154934,,-101705,-779,-151848
,3499,環天科,,8155,,,,0.02,4,,上櫃,113,5281,,,,,1305,9460,,,,1305,0,,-23729,,30315,319942,437694,117752,117752,141481,,6586,,9460,0,1305
0,3508,位速,,13909,,,,-1.65,4,,上櫃,113,0,,,,,-171244,-157335,,,,-167249,-3995,,-252995,,81751,626984,649192,22208,22208,275203,,-171244,,-153687,-3648,-171244
,3511,矽瑪,,18730,,,,-1.26,4,,上櫃,113,-276,,,,,-149941,-131211,,,,-100874,-49067,,-155553,,5336,1561615,1768710,207095,207095,362648,,-150217,,-82144,-49067,-149941
,3512,皇龍,,21051,,,,0.58,4,,上櫃,113,28989,,,,,54780,75831,,,,54780,,,87523,,-3754,653088,879892,226804,226804,139281,,83769,,75831,,54780
,3516,亞帝歐,,24858,,,,0.36,4,,上櫃,113,6461,,,,,23058,47916,,,,19471,3587,,-28933,,58452,1040269,1219280,179011,179011,207944,,29519,,44329,3587,23058
,3520,華盈,,12813,,,,0.29,4,,上櫃,113,11700,,,,,19633,32446,,,,20128,-495,,17768,,13565,938347,1097794,159447,159447,141679,,31333,,32689,-243,19633
,3521,台鋼建設,,-148,,,,-1.05,4,,上櫃,113,2578,,,,,-82419,-82567,,,,-81988,-431,,-155413,,75572,174404,155897,-18507,-18507,136906,,-79841,,-82136,-431,-82419
,3522,御嵿,,12373,,,,-2.28,4,,上櫃,113,12766,,,,,-196801,-184428,,,,-189006,-7795,,-198096,,14061,474239,900026,425787,425787,623883,,-184035,,-176633,-7795,-196801
,3523,迎輝,,102292,,,,-2.22,4,,上櫃,113,-9,,,,,-143123,-40831,,,,-142525,-598,,-119853,,-23279,209850,184340,-25510,-25510,94343,,-143132,,-40233,-598,-143123
,3526,凡甲,,156653,,,,16.80,4,,上櫃,113,200157,,,,,1020753,1177406,,,,1020753,,,1057088,,163822,1522417,3211246,1688829,1688829,631741,,1220910,0,1177406,0,1020753
,3527,聚積,,15969,,,,0.28,4,,上櫃,113,8236,,,,,12646,28615,,,,12646,,,-53321,,74203,1108799,1792664,683865,683865,737186,,20882,,28615,0,12646
,3529,力旺,,5115,,,,24.57,4,,上櫃,113,332375,,,,,1822258,1827373,,,,1834250,-11992,,1986651,,167982,0,3605968,3605968,3605968,1619317,,2154633,,1839227,-11854,1822258
,3531,先益,,33577,,,,1.35,4,,上櫃,113,20733,,,,,82582,116159,,,,82647,-65,,-42056,,145371,1396045,1581569,185524,185524,227580,,103315,,116224,-65,82582
0,3537,堡達,0,13003,,,,3.67,4,-520,上櫃,113,54581,,,0,,206678,219681,,,,206678,,,194533,,66726,2408439,2822285,413846,413326,218793,,261259,,219681,,206678
,3540,曜越,,114525,,,,-1.35,4,,上櫃,113,4308,,,,,-131568,-17043,,,,-97653,-33915,,-159430,,32170,2790930,3980028,1189098,1189098,1348528,,-127260,,16872,-33915,-131568
,3541,西柏,,5633,,,,-0.04,4,,上櫃,113,-13812,,,,,-2347,3286,,,,-2347,,,-47225,,31066,648872,966956,318084,318084,365309,,-16159,,3286,,-2347
,3546,宇峻,,122,,,,5.54,4,,上櫃,113,54791,,,,,294316,294438,,,,294316,,,259619,,89488,33884,1393792,1359908,1359908,1100289,,349107,,294438,,294316
,3548,兆利,,191239,,,,8.73,4,,上櫃,113,235935,,,,,576762,768001,,,,576762,,,550226,,262471,7992045,9578170,1586125,1586125,1035899,,812697,,768001,,576762
,3551,世禾,,63771,,,,6.63,4,,上櫃,113,96639,,,,,373130,436901,,,,373130,,,427913,,41856,1636964,2575405,938441,938441,510528,,469769,,436901,,373130
,3552,同致,,156772,,,,1.54,4,,上櫃,113,-27117,,,,,144929,301701,,,,144929,,,73447,,44365,6725950,8533634,1807684,1807684,1734237,,117812,,301701,,144929
,3555,博士旺,,296,,,,-0.19,4,,上櫃,113,0,,,,,-6498,-6202,,,,-5216,-1282,,-26859,,20361,47132,65002,17870,17870,44729,,-6498,,-4920,-1282,-6498
,3556,禾瑞亞,,3195,,,,2.28,4,,上櫃,113,25265,,,,,137970,141165,,,,145151,-7181,,126310,,36925,495226,955594,460368,460368,334058,,163235,,147774,-6609,137970
,3558,神準,161415,70733,,,,4.71,4,,上櫃,113,146876,,,,,405487,476220,,,,240274,165213,,470144,,82219,9898817,11984802,2085985,2085985,1777256,,552363,,310994,165226,405487
,3564,其陽,,10079,,,,0.89,4,,上櫃,113,13498,,,,,52874,62953,,,,52874,,,95164,,-28792,1694545,2285480,590935,590935,495771,,66372,,62953,,52874
,3567,逸昌,,1077,,,,1.87,4,,上櫃,113,15511,,,,,63352,64429,,,,,,,68702,,10161,198036,314521,116485,116485,47783,,78863,,,,63352
,3570,大塚,,6681,,,,12.98,4,,上櫃,113,56470,,,,,221887,228568,,,,221887,,,272097,,6260,1477654,2103181,625527,625527,353430,,278357,,228568,,221887
,3577,泓格,1985,15258,,,,1.62,4,,上櫃,113,28380,,,,,103780,119038,,,,103780,,,118286,,13874,505931,1070791,564860,564860,448559,,132160,,119038,,103780
,3580,友威科,,20469,,,,5.08,4,,上櫃,113,-65558,,,,,198176,218645,,,,198176,,,98462,,34156,374054,660171,286117,286117,187655,,132618,,218645,,198176
,3581,博磊,,12523,,,,0.60,4,,上櫃,113,34003,,,,,72382,84905,,,,30833,41549,,57537,,48848,919752,1378232,458480,458480,400943,,106385,,43356,41549,72382
,3587,閎康,,111611,,,,10.39,4,0,上櫃,113,58432,,,0,,688123,799734,,,0,688123,0,,704789,,41766,3429319,5110392,1681073,1681073,976284,,746555,0,799734,0,688123
,3594,磐儀,,42660,,,,1.36,4,1609,上櫃,113,25584,,,1609,,152082,194742,,,,128709,23373,,104913,,72753,1071860,1566604,494744,494744,389831,,177666,,170206,24536,152082
,3597,映興,,6445,,,,1.32,4,,上櫃,113,11757,,,,,51507,57952,,,,51507,,,39917,,23347,554803,738195,183392,183392,143475,,63264,,57952,,51507
,3609,三一東林,,-7756,,,,-4.71,4,,上櫃,113,2501,,,,,-166176,-173932,,,,-166176,,,-150228,,-13447,299288,389630,90342,90342,240570,,-163675,,-173932,,-166176
,3611,鼎翰,,-544968,,,,14.19,4,,上櫃,113,262195,,,,,672216,127248,,,,669957,2259,,916666,,17745,6062972,8798132,2735160,2735160,1818494,,934411,,128722,-1474,672216
,3615,安可,,21865,,,,0.00,4,,上櫃,113,26508,,,,,40121,61986,,,,169,39952,,-15189,,81818,854737,1020699,165962,165962,181151,,66629,,22034,39952,40121
,3623,富晶通,,2929,,,,-0.93,4,,上櫃,113,-294,,,,,-27127,-24198,,,,,,,-43827,,16406,270632,262049,-8583,-8583,35244,,-27421,,,,-27127
,3624,光頡,,15722,,,,2.06,4,,上櫃,113,54536,,,,,244578,260300,,,,242120,2458,,246298,,52816,1913189,2581140,667951,667951,421653,,299114,,256651,3649,244578
0,3625,西勝,,20215,,,,-1.39,4,,上櫃,113,-1546,,,,,-151071,-130856,,,,-151071,0,,-178927,,26310,447932,494551,46619,46619,225546,,-152617,,-130856,0,-151071
,3628,盈正,,29000,,,,2.15,4,,上櫃,113,35956,,,,,97230,126230,,,,96642,588,,99090,,34096,2225054,3024134,799080,799080,699990,,133186,,125078,1152,97230
,3629,地心引力,,2404,,,,-1.05,4,,上櫃,113,-16,,,,,-34447,-32043,,,,-34447,,,-40062,,5599,19,61,42,42,40104,,-34463,,-32043,,-34447
,3630,新鉅科,,21198,,,,-2.52,4,,上櫃,113,0,,,,,-464999,-443801,,,,-464999,,,-567211,,102212,1818074,1902936,84862,84862,652073,,-464999,,-443801,,-464999
,3631,晟楠,,51894,,,,-0.56,4,,上櫃,113,12310,,,,,-59098,-7204,,,,-45865,-13233,,-72264,,25476,53493,76043,22550,22550,94814,,-46788,,6029,-13233,-59098
,3632,研勤,,1458,,,,-0.29,4,,上櫃,113,-9,,,,,-12447,-10989,,,,-11985,-462,,-18070,,5614,156853,371639,214786,214786,232856,,-12456,,-10860,-129,-12447
,3646,艾恩特,,17297,,,,1.39,4,,上櫃,113,9280,,,,,54577,71874,,,,54577,,,59635,,4222,572074,807816,235742,235742,176107,,63857,,71874,,54577
,3663,鑫科,,46169,,,,0.66,4,,上櫃,113,40398,,,,,92107,138276,,,19474,49785,22848,,89785,,42720,4895363,5266081,370718,370718,280933,,132505,62397,46494,29385,92107
,3664,安瑞-KY,,9528,,,,0.00,4,,上櫃,113,-9464,,,,,15,9543,,,,15,,,-6738,,-2711,229138,709529,480391,480391,487129,,-9449,,9547,-4,15
,3666,光耀,,-16650,,,,-5.29,4,,上櫃,113,653,,,,,-280896,-297546,,,,-280896,,,-250383,,-29860,685835,642309,-43526,-43526,206857,,-280243,,-297546,,-280896
,3672,康聯訊,,-1445,,,,-2.04,4,,上櫃,113,-17899,,,,,-63166,-64611,,,,-63059,-107,,-88122,,7057,197240,294425,97185,97185,185307,,-81065,,-64506,-105,-63166
,3675,德微,,1912,,,,8.34,4,0,上櫃,113,14420,,,0,,338742,340654,,,-121585,440292,20035,,319181,,33981,1929836,2925654,995818,995818,676637,,353162,-121585,442204,20035,338742
,3680,家登,,620035,,,,12.32,4,,上櫃,113,286582,,,,,1277161,1897196,,,,1167778,109383,,1192998,,370745,3653860,6544796,2890936,2890936,1697938,,1563743,,1781652,115544,1277161
,3684,榮昌,,2746,,,,2.80,4,,上櫃,113,20841,,,,,84045,86791,,,,84045,,,86854,,18032,623487,937724,314237,314237,227383,,104886,,86791,,84045
,3685,元創精密,,23767,,,,-0.53,4,,上櫃,113,9564,,,,,-20127,3640,,,,-41906,21779,,2911,,-13474,1047381,1246499,199118,199118,196207,,-10563,,-29696,33336,-20127
,3687,歐買尬,,-114092,,,,2.33,4,,上櫃,113,82702,,,,,293633,179541,,,,69986,223647,,306432,,69903,1020915,1722125,701210,701210,394778,,376335,,40615,138926,293633
,3689,湧德,,139357,,,,6.42,4,,上櫃,113,141510,,,,,514789,654146,,,,511215,3574,,521358,,134941,3753146,5150480,1397334,1397334,875976,,656299,,650562,3584,514789
,3691,碩禾,0,-13592,,,,-5.61,4,,上櫃,113,44441,,,,,-828734,-842326,,,,-515767,-312967,,-651435,,-132858,6084517,6354723,270206,270206,921641,,-784293,,-520753,-321573,-828734
,3693,營邦,,40038,,,,27.30,4,,上櫃,113,326385,,,,,1086606,1126644,,,,1086606,,,1286342,,126649,5836908,8537457,2700549,2700549,1414207,,1412991,,1126644,,1086606
,3707,漢磊,,15586,,,,-1.51,4,,上櫃,113,54065,,,,,-413784,-398198,,,,-525290,111506,,-675027,,315308,5774819,5816920,42101,42101,717128,,-359719,,-511328,113130,-413784
,3709,鑫聯大投控,,68207,,,,2.43,4,,上櫃,113,94329,,,,,233301,301508,,,,244602,-11301,,335201,,-7571,27067544,28392539,1324995,1324995,989794,,327630,,313432,-11924,233301
,3710,連展投控,,130815,,,,-0.48,4,,上櫃,113,46114,,,,,-44934,85881,,,,-138761,93827,,105875,,-104695,5767820,7329875,1562055,1562055,1456180,,1180,,-22506,108387,-44934
,3713,新晶投控,,-646,,,,-0.53,4,422,上櫃,113,666,,,,,-43011,-43657,,,,-41604,-1407,,-9682,,-32663,250033,352989,102956,103378,113060,,-42345,,-42250,-1407,-43011
,4102,永日,,-1912,,,,1.52,4,,上櫃,113,9041,,,,,70049,68137,,,,64605,5444,,61351,,17739,405296,583695,178399,178399,117048,,79090,,62693,5444,70049
,4105,東洋,,325215,,,,5.83,4,13490,上櫃,113,366333,,,12053,,1519354,1844569,,,,1449622,69732,,1393856,,491831,2479113,5893847,3414734,3416171,2022315,,1885687,,1678965,165604,1519354
,4107,邦特,,34344,,,,7.62,4,,上櫃,113,150108,,,,,528260,562604,,,,528260,,,643170,,35198,1167497,2072575,905078,905078,261908,,678368,,562604,,528260
,4109,加捷生醫,,-8549,,,,2.16,4,,上櫃,113,9335,,,,,216150,207601,,,,211372,4778,,33170,,192315,363722,537070,173348,173348,140178,,225485,,202766,4835,216150
0,4111,濟生,,1839,,,,1.94,4,,上櫃,113,27066,,,,,110633,112472,,,,110633,,,98932,,38767,768254,1165437,397183,397183,298251,,137699,,112472,,110633
,4113,聯上,,245,,,,3.55,4,,上櫃,113,193421,,,,,770812,771057,,,,,,,1044732,,-80499,4197534,5715260,1517726,1517726,472994,,964233,,,,770812
,4114,健喬,-240,54858,,,,1.63,4,,上櫃,113,190189,,,,,468880,523738,,,,684683,-215803,,740729,,-81660,3148641,5549549,2400908,2400908,1659939,,659069,,737935,-214197,468880
0,4116,明基醫,,14267,,,,2.35,4,0,上櫃,113,92128,,,,,237253,251520,,,0,104831,132422,,333020,,-3639,3318988,4767352,1448364,1448364,1115344,,329381,0,111364,140156,237253
,4120,友華,,2094126,,,,-3.27,4,,上櫃,113,101207,,,,,-231197,1862929,,,,-283934,52737,,-6715,,-123275,2325131,4391301,2066170,2066170,2072885,,-129990,,1806820,56109,-231197
,4121,優盛,,5736,,,,-0.34,4,,上櫃,113,1478,,,,,-55013,-49277,,,,-29348,-25665,,-76112,,22577,2516692,3851358,1334666,1334666,1410778,,-53535,,-21969,-27308,-55013
,4123,晟德,0,-2239,,,,-1.55,4,,上櫃,113,-66626,,,,,-1103408,-1105647,,,,-1103683,275,,234060,,-1404094,868916,1617869,748953,748953,514893,,-1170034,,-1105922,275,-1103408
,4126,太醫,,9175,,,,6.17,4,,上櫃,113,108969,,,,,447846,457021,,,,,,,489773,,67042,1598411,2345254,746843,746843,257070,,556815,,,,447846
,4127,天良,,-3875,,,,0.26,4,,上櫃,113,1401,,,,,11696,7821,,,,,,,593,,12504,155292,385206,229914,229914,229321,,13097,,,,11696
,4128,中天,272,-364772,,,,-1.87,4,,上櫃,113,171,,,,,-1278559,-1643331,,,,-1100803,-177756,,-451143,,-827245,1046770,1722852,676082,676082,1127497,,-1278388,,-1516963,-126368,-1278559
,4129,聯合,,43919,,,,4.74,4,204,上櫃,113,114723,,,,,460381,504300,,,,456428,3953,,608988,,-33884,1030809,4653130,3622321,3622525,3013537,,575104,,499897,4403,460381
,4131,浩泰,,-5762,,,,-1.23,4,,上櫃,113,,,,,,-56893,-62655,,,,-48137,-8756,,-73803,,16910,58253,61545,3292,3292,77095,,-56893,,-53899,-8756,-56893
,4138,曜亞,,16328,,,,5.66,4,,上櫃,113,51610,,,,,238057,254385,,,,205393,32664,,245088,,44579,943483,1572704,629221,629221,384133,,289667,,222026,32359,238057
,4139,馬光-KY,,40066,,,,0.24,4,,上櫃,113,11751,,,,,-1018,39048,,,,10282,-11300,,14994,,-4261,979790,1130262,150472,150472,135478,,10733,,50071,-11023,-1018
,4147,中裕,,-7763,,,,-0.75,4,,上櫃,113,0,,,,,-201832,-209595,,,,-201832,,,-252268,,50436,398937,610162,211225,211225,463493,,-201832,,-209595,,-201832
,4153,鈺緯,,2374,,,,1.60,4,0,上櫃,113,22290,,,276,,93661,96035,,,,93661,,,111167,,4784,602143,862323,260180,259904,148737,,115951,,96035,,93661
,4154,樂威科-KY,,33893,,,,-4.75,4,,上櫃,113,-1060,,,,,-142069,-108176,,,,-124789,-17280,,-95816,,-47313,90450,41368,-49082,-49082,46734,,-143129,,-92017,-16159,-142069
,4157,太景*-KY,,-30470,,,,-0.05,4,,上櫃,113,5698,,,,,-38583,-69053,,,,-38583,,,-122098,,89213,16132,150651,134519,134519,256617,,-32885,,-69053,,-38583
,4160,訊聯基因,,72134,,,,2.05,4,,上櫃,113,12529,,,,,54857,126991,,,,54698,159,,49532,,17854,381844,661855,280011,280011,230479,,67386,,126832,159,54857
,4161,聿新科,,18185,,,,1.84,4,,上櫃,113,17978,,,,,92344,110529,,,,93571,-1227,,89840,,20482,597430,865335,267905,267905,178065,,110322,,111334,-805,92344
,4162,智擎,,,,,,12.19,4,,上櫃,113,411965,,,,,1751030,1751030,,,,,,,2053166,,109829,47740,2523304,2475564,2475564,422398,,2162995,,,,1751030
,4163,鐿鈦,,42,,,,5.38,4,,上櫃,113,60419,,,,,257918,257960,,,,259892,-1974,,239534,,78803,1392911,2376219,983308,983308,743774,,318337,,259934,-1974,257918
,4166,友霖,,9718,,,,0.48,4,,上櫃,113,55749,,,,,107374,117092,,,,107374,,,157914,,5209,571257,1222816,651559,651559,493645,,163123,,117092,,107374
,4167,松瑞藥,,,,,,0.57,4,,上櫃,113,991,,,,,178410,178410,,,,182380,-3970,,118900,,60501,870571,1217327,346756,346756,227856,,179401,,182380,-3970,178410
,4168,醣聯,,-236,,,,-2.12,4,,上櫃,113,24,,,,,-229705,-229941,,,,-229705,,,-246116,,16435,7380,14701,7321,7321,253437,,-229681,,-229941,,-229705
,4171,瑞基,,2726,,,,-2.07,4,,上櫃,113,6703,,,,,-123680,-120954,,,,-118734,-4946,,-131215,,14238,88211,206488,118277,118277,249492,,-116977,,-115082,-5872,-123680
,4173,久裕,,-126870,,,,1.26,4,,上櫃,113,21974,,,,,93860,-33010,,,,93860,,,95192,,20642,1044825,1297767,252942,252942,157750,,115834,,-33010,,93860
,4174,浩鼎,,2803,,,,-9.89,4,,上櫃,113,-3562,,,,,-2492646,-2489843,,,,-2310026,-182620,,-2371528,,-124680,138952,62678,-76274,-76274,2295254,,-2496208,,-2306502,-183341,-2492646
,4175,杏一,,6529,,,,1.65,4,,上櫃,113,25403,,,,,69986,76515,,,,69815,171,,123061,,-27672,5351387,7734094,2382707,2382707,2259646,,95389,,76341,174,69986
,4183,福永生技,,246,,,,0.73,4,,上櫃,113,499,,,,,17307,17553,,,,,,,5400,,12406,354818,451084,96266,96266,90866,,17806,,,,17307
,4188,安克,,5116,,,,-0.88,4,,上櫃,113,0,,,,,-52876,-47760,,,,-50577,-2299,,-64664,,11788,20171,53105,32934,32934,97598,,-52876,,-45461,-2299,-52876
,4192,杏國,,-8165,,,,-1.54,4,,上櫃,113,,,,,,-54283,-62448,,,,-54283,0,,-57756,,3473,10450,23337,12887,12887,70643,,-54283,,-62448,0,-54283
,4198,欣大健康,,1396,,,,-1.71,4,,上櫃,113,2163,,,,,-48494,-47098,,,,-41279,-7215,,-67982,,21651,165241,240248,75007,75007,142989,,-46331,,-39883,-7215,-48494
,4205,中華食,,-737,,,,4.45,4,,上櫃,113,98276,,,,,395380,394643,,,,,,,478811,,14845,1226573,2021836,795263,795263,316452,,493656,,,,395380
,4207,環泰,,204871,,,,1.09,4,,上櫃,113,101212,,,,,296753,501624,,,,215863,80890,,439671,,-41706,4854521,5634860,780339,780339,340668,,397965,,368138,133486,296753
,4303,信立,,-1698,,,,10.62,4,,上櫃,113,8375,,,,,814176,812478,,,,817157,-2981,,-73917,,896468,330167,373927,43760,43760,117677,,822551,,815974,-3496,814176
,4304,勝昱,,-288,,,,-1.37,4,,上櫃,113,0,,,,,-49267,-49555,,,,-49267,,,-63613,,14346,367714,377409,9695,9695,73308,,-49267,,-49555,,-49267
,4305,世坤,,2388,,,,3.97,4,,上櫃,113,54271,,,,,218218,220606,,,,,,,200200,,72289,761713,1043282,281569,281569,81369,,272489,,,,218218
,4401,東隆興,,15960,,,,1.06,4,,上櫃,113,35794,,,,,133009,148969,,,,130283,2726,,128479,,40324,3582310,3921876,339566,339566,211087,,168803,,145169,3800,133009
,4402,郡都開發,,137517,,,,-0.09,4,,上櫃,113,73,,,,,-6214,131303,,,,-6214,0,,-23500,,17359,15745,18414,2669,2669,26169,,-6141,,131303,0,-6214
,4406,新昕纖,,2299,,,,-0.73,4,,上櫃,113,2353,,,,,-37855,-35556,,,,,,,-60907,,25405,481224,447920,-33304,-33304,27603,,-35502,,,,-37855
,4413,飛寶企業,,143,,,,0.06,4,,上櫃,113,190,,,,,1775,1918,,,,1775,,,-18736,,20701,325856,401466,75610,75610,94346,,1965,,1918,,1775
,4416,三圓,,42787,,,,0.10,4,,上櫃,113,13650,,,,,5849,48636,,,,5849,,,56963,,-37464,295314,404296,108982,108982,52019,,19499,,48636,,5849
,4417,金洲,,87559,,,,4.41,4,,上櫃,113,157612,,,,,383255,470814,,,,370720,12535,,571836,,-30969,2203628,3091070,887442,887442,315606,,540867,,448771,22043,383255
,4419,皇家美食,,-517,,,,-0.72,4,,上櫃,113,8009,,,,,-98476,-98993,,,,-114103,15627,,-118405,,27938,1374842,1894488,519646,519646,638051,,-90467,,-114336,15343,-98476
,4420,光明,340621,0,,,,6.18,4,,上櫃,113,38746,,,,,250192,250192,,,,,,,293783,,-4845,835131,835597,466,466,47304,,288938,,,,250192
,4430,耀億,,45155,,,,-0.58,4,,上櫃,113,-5107,,,,,-32439,12716,,,,-32439,,,-51894,,14348,1722741,2089634,366893,366893,418787,,-37546,,12716,,-32439
,4432,銘旺實,,41786,,,,2.64,4,,上櫃,113,42612,,,,,133551,175337,,,,133551,,,76132,,100031,839231,1124461,285230,285230,209098,,176163,,175337,,133551
,4433,興采,,9336,,,,0.72,4,,上櫃,113,23910,,,,,38208,47544,,,,43658,-5450,,33815,,28303,2549377,3220593,671216,671216,637401,,62118,,49755,-2211,38208
,4442,竣邦-KY,,10848,,,,3.19,4,,上櫃,113,26035,,,,,87793,98641,,,,87793,,,92235,,21593,952380,1288863,336483,336483,244248,,113828,,98641,,87793
,4502,健信,,11719,,,,0.21,4,,上櫃,113,8723,,,,,9071,20790,,,,11813,-2742,,1657,,16137,1157463,1396049,238586,238586,236929,,17794,,23249,-2459,9071
,4503,金雨,,8901,,,,-1.27,4,,上櫃,113,2325,,,,,-78886,-69985,,,,-78835,-51,,-101648,,25087,364493,346163,-18330,-18330,83318,,-76561,,-69934,-51,-78886
,4506,崇友,,13976,,,,5.58,4,,上櫃,113,236025,,,,,988500,1002476,,,,988559,-59,,1106506,,118019,3762270,5486423,1724153,1724153,617647,,1224525,,1002532,-56,988500
,4510,高鋒,,62799,,,,1.05,4,,上櫃,113,30228,,,,,113452,176251,,,,113537,-85,,73419,,70261,1349486,1702369,352883,352883,279464,,143680,,176137,114,113452
,4513,福裕,,23426,,,,-0.49,4,,上櫃,113,10685,,,,,-55632,-32206,,,,-55632,,,-64999,,20052,878102,1193689,315587,315587,380586,,-44947,,-32206,,-55632
,4523,永彰,,-120370,,,,-1.53,4,0,上櫃,113,3893,,,0,,-170485,-290855,,,,-97802,-72683,,-181901,,15309,496467,618006,121539,121539,303440,,-166592,,-218172,-72683,-170485
,4527,方方土霖,,37833,,,,4.20,4,,上櫃,113,89496,,,,,318343,356176,,,,319549,-1206,,362000,,45839,2741530,3649379,907849,907849,545849,,407839,,353105,3071,318343
,4528,江興鍛,,86116,,,,0.01,4,,上櫃,113,12691,,,,,823,86939,,,,823,,,3956,,9558,1462779,1713397,250618,250618,246662,,13514,,86939,0,823
,4529,淳紳,,-12201,,,,-1.30,4,,上櫃,113,,,,,,-109992,-122193,,,,-109476,-516,,-57400,,-52592,2119,6794,4675,4675,62075,,-109992,,-121678,-515,-109992
,4530,天意能創,,-238,,,,-1.28,4,,上櫃,113,3946,,,,,-61860,-62098,,,,-69593,7733,,-13588,,-44326,116490,175938,59448,59448,73036,,-57914,7733,-69831,,-61860
,4533,協易機,,43107,,,,1.55,4,,上櫃,113,84792,,,,,245755,288862,,,,245755,,,77260,,253287,2588645,3593794,1005149,1005149,927889,,330547,,288862,,245755
,4534,慶騰,,14002,,,,0.23,4,,上櫃,113,2966,,,,,20042,34044,,,,20042,,,-14071,,37079,696559,841216,144657,144657,158728,,23008,,34044,,20042
,4535,至興,,27059,,,,2.44,4,,上櫃,113,109056,,,,,288195,315254,,,,185076,103119,,333653,,63598,2342367,2909509,567142,567142,233489,,397251,,206374,108880,288195
,4538,大詠城,,-99,,,,0.19,4,,上櫃,113,799,,,,,11155,11056,,,,,,,9112,,2842,257974,315308,57334,57334,48222,,11954,,,,11155
,4541,晟田,,5182,,,,1.26,4,,上櫃,113,21069,,,,,84912,90094,,,,,,,59458,,46523,1202008,1416505,214497,214497,155039,,105981,,,,84912
,4542,科嶠,,35156,,,,0.08,4,,上櫃,113,26176,,,,,2923,38079,,,,2531,392,,14962,,14137,322272,534426,212154,212154,197192,,29099,,37459,620,2923
,4543,萬在,,1919,,,,2.09,4,,上櫃,113,34565,,,,,123550,125469,,,,123550,,,67292,,90823,553923,792043,238120,238120,170828,,158115,,125469,,123550
,4549,桓達,,25018,,,,4.72,4,,上櫃,113,67334,,,,,263745,288763,,,,263745,0,,270675,,60404,581359,1280299,698940,698940,428265,,331079,,288760,3,263745
,4550,長佳,,-936,,,,3.16,4,,上櫃,113,33348,,,,,119627,118691,,,,119627,,,99898,,53077,1049964,1249583,199619,199619,99721,,152975,,118691,,119627
,4554,橙的,,-1680,,,,1.87,4,,上櫃,113,12180,,,,,43546,41866,,,,43546,,,35799,,19927,224278,406606,182328,182328,146529,,55726,,41866,,43546
,4556,旭然,,17976,,,,0.34,4,,上櫃,113,14659,,,,,14240,32216,,,,14273,-33,,41190,,-12291,458781,699419,240638,240638,199448,,28899,,32249,-33,14240
,4558,寶緯,,14,,,,0.48,4,,上櫃,113,6067,,,,,24250,24264,,,,,,,37571,,-7254,1327381,1452612,125231,125231,87660,,30317,,,,24250
,4561,健椿,,979,,,,3.28,4,,上櫃,113,51684,,,,,192211,193190,,,,,,,209783,,34112,829100,1196238,367138,367138,157355,,243895,,,,192211
,4563,百德,,77927,,,,3.87,4,,上櫃,113,104669,,,2859,,212592,290519,,,,212592,,,339854,,-22593,2204896,3240019,1035123,1032264,692410,,317261,,290519,,212592
,4568,科際精密,,29558,,,,2.81,4,,上櫃,113,20775,,,,,88673,118231,,,,88673,,,83330,,26118,793482,1170036,376554,376554,293224,,109448,,118231,,88673
,4577,達航科技,,11353,,,,-1.08,4,,上櫃,113,-23058,,,,,-52835,-41482,,,,-52835,,,-73887,,-2006,574581,665000,90419,90419,164306,,-75893,,-41482,,-52835
,4580,捷流閥業,,22906,,,,8.86,4,,上櫃,113,135683,,,,,383669,406575,,,,383669,,,463406,,55946,1565068,2402500,837432,837432,374026,,519352,,406575,,383669
,4584,君帆,,18844,,,,3.60,4,,上櫃,113,52919,,,,,108085,126929,,,,108085,,,158818,,2186,909252,1331045,421793,421793,262975,,161004,,126929,,108085
,4609,唐鋒,,8626,,,,-0.47,4,,上櫃,113,0,,,,,-22328,-13702,,,,-22328,,,-74696,,52368,110838,134186,23348,23348,98044,,-22328,,-13702,,-22328
,4702,中美實,,12660,,,,0.58,4,,上櫃,113,4875,,,,,42232,54892,,,,42232,,,-19264,,66371,142536,179599,37063,37063,56327,,47107,,54892,,42232
,4706,大恭,,16940,,,,0.99,4,,上櫃,113,22159,,,,,78126,95066,,,,78104,22,,62159,,38126,986448,1199611,213163,213163,151004,,100285,,95044,22,78126
,4707,磐亞,,-239878,,,,0.95,4,,上櫃,113,5184,,,,,381789,141911,,,,,,,-76254,,463227,1421786,1441184,19398,19398,95652,,386973,,,,381789
,4711,永純,,8804,,,,0.10,4,,上櫃,113,6664,,,,,5814,14618,,,,5814,,,6287,,6191,677338,763392,86054,86054,79767,,12478,,14618,,5814
,4714,永捷,,44263,,,,0.38,4,,上櫃,113,20850,,,,,728384,772647,,,,64924,663460,,-171697,,920931,685661,825783,140122,140122,311819,,749234,,110735,661912,728384
,4716,大立,,93,,,,0.94,4,,上櫃,113,12002,,,,,76689,76782,,,,79411,-2722,,-65455,,154146,524442,579224,54782,54782,120237,,88691,,79481,-2699,76689
,4721,美琪瑪,,20229,,,,3.36,4,3714,上櫃,113,31248,,,0,,251917,272146,,,,251917,,,268598,,14567,1706592,2121654,415062,418776,150178,,283165,,272146,,251917
,4726,永昕,,485,,,,-2.27,4,,上櫃,113,-2461,,,,,-467125,-466640,,,,-467125,,,-461537,,-8049,925281,683924,-241357,-241357,220180,,-469586,,-466640,,-467125
,4728,雙美,,6480,,,,12.47,4,,上櫃,113,273873,,,,,679405,685885,,,,679405,,,926964,,26314,339352,1818018,1478666,1478666,551702,,953278,,685885,,679405
,4729,熒茂,,87942,,,,0.40,4,,上櫃,113,15268,,,,,38284,126226,,,,31143,7141,,-18177,,71729,805241,990160,184919,184919,203096,,53552,,103620,22606,38284
,4735,豪展,,-7485,,,,1.62,4,,上櫃,113,-3120,,,,,57876,50391,,,,57876,,,15586,,39170,672708,927297,254589,254589,239003,,54756,,50391,,57876
,4741,泓瀚,,76,,,,1.99,4,,上櫃,113,11914,,,,,64691,64767,,,,65261,-570,,63930,,12675,387298,590078,202780,202780,138850,,76605,,65125,-358,64691
,4743,合一,,-662489,,,,-2.44,4,,上櫃,113,3289,,,632,,-1153019,-1815508,,,,-1165147,12128,,-1086047,,-63683,54892,117926,63034,62402,1148449,,-1149730,,-1838934,23426,-1153019
,4744,皇將,,1900,,,,0.75,4,,上櫃,113,19156,,,,,45225,47125,,,,41293,3932,,21501,,42880,737943,1287537,549594,549594,528093,,64381,,47504,-379,45225
,4745,合富-KY,,208590,,,,0.01,4,,上櫃,113,40925,,,,,47997,256587,,,,629,47368,,97132,,-8210,3401201,4192722,791521,791521,694389,,88922,,117571,139016,47997
,4747,強生*,,2615,,,,1.87,4,,上櫃,113,24585,,,,,84123,86738,,,,84123,,,98202,,10506,363447,611415,247968,247968,149766,,108708,,86738,,84123
,4749,新應材,13,11000,,,,8.50,4,,上櫃,113,131278,,,,,697069,708069,,,,697538,-469,,586794,,241553,2117467,3321861,1204394,1204394,617613,,828347,,708538,-469,697069
,4754,國碳科,,3439,,,,2.63,4,,上櫃,113,20205,,,,,79594,83033,,,,79594,,,95473,,4326,352016,631729,279713,279713,184240,,99799,,83033,,79594
,4760,勤凱科技,,-5250,,,,6.30,4,,上櫃,113,48028,,,,,189767,184517,,,,,,,222037,,15758,1165824,1491879,326055,326055,104018,,237795,,,,189767
,4767,誠泰科技,,18791,,,,2.82,4,,上櫃,113,17350,,,,,88323,107114,,,,88613,-290,,94488,,11185,899761,1188504,288743,288743,194255,,105673,,107411,-297,88323
,4768,晶呈科技,,3242,,,,2.90,4,,上櫃,113,36741,,,,,154682,157924,,,,131232,23450,,182173,,9250,604127,1016860,412733,412733,230560,,191423,,134474,23450,154682
,4772,台特化,,,,,,2.74,4,,上櫃,113,0,,,,,385593,385593,,,,,,,364674,,20919,411209,873964,462755,462755,98081,,385593,,,,385593
,4804,大略-KY,,11956,,,,-1.47,4,,上櫃,113,656,,,,,-66813,-54857,,,,-66813,0,,-44581,,-21576,91283,119035,27752,27752,72333,,-66157,,-54857,0,-66813
,4806,桂田文創,,-23526,,,,-0.20,4,,上櫃,113,123,,,,,-40195,-63721,,,,-40041,-154,,-52989,,12917,55117,67156,12039,12039,65028,,-40072,,-63567,-154,-40195
,4903,聯光通,,7490,,,,0.07,4,,上櫃,113,4510,,,,,3684,11174,,,,7592,-3908,,-81336,,89530,766705,821516,54811,54811,136147,,8194,,15082,-3908,3684
,4905,台聯電,,40284,,,,2.91,4,,上櫃,113,28942,,,,,99780,140064,,,,85070,14710,,2902,,125820,454049,592991,138942,138942,136040,,128722,,123694,16370,99780
,4907,富宇,,,,,,6.00,4,,上櫃,113,179286,,,,,709296,709296,,,,,,,886840,,1742,5052825,6269227,1216402,1216402,329562,,888582,,,,709296
,4908,前鼎,,3111,,,,2.82,4,,上櫃,113,38913,,,,,220347,223458,,,,,,,202914,,56346,520374,936225,415851,415851,212937,,259260,,,,220347
-40636,4909,新復興,,14574,,,,10.14,4,,上櫃,113,239137,,,,,946472,961046,,,,946472,0,,804508,,421737,1745309,2777064,1031755,1031755,227247,,1226245,,961046,0,987108
,4911,德英,,,,,,1.73,4,,上櫃,113,22665,,,,,102063,102063,,,,,,,119646,,5082,43689,249033,205344,205344,85698,,124728,,,,102063
,4923,力士,,45,,,,-2.33,4,,上櫃,113,2035,,,,,-77070,-77025,,,,-77070,,,-120652,,45617,621139,815074,193935,193935,314587,,-75035,,-77025,,-77070
,4924,欣厚-KY,,14742,,,,0.05,4,,上櫃,113,1656,,,,,1709,16451,,,,1709,,,-4797,,8162,547179,693282,146103,146103,150900,,3365,,16451,,1709
,4931,新盛力,,-22750,,,,2.50,4,,上櫃,113,41657,,,,,161498,138748,,,,161498,,,153367,,49788,1590262,1995268,405006,405006,251639,,203155,,138748,,161498
,4933,友輝,,-12599,,,,7.07,4,,上櫃,113,121215,,,,,575589,562990,,,,575589,,,461510,,235294,2037940,2936777,898837,898837,437327,,696804,,562990,,575589
,4939,亞電,,60477,,,,0.19,4,,上櫃,113,12521,,,,,19084,79561,,,,19084,,,35112,,-3507,1215999,1541704,325705,325705,290593,,31605,,79561,,19084
,4946,辣椒,,0,,,,-11.40,4,,上櫃,113,0,,,,,-81855,-81855,,,,-77435,-4420,,-70172,,-11683,42228,40029,-2199,-2199,67973,,-81855,,-77435,-4420,-81855
,4950,金耘國際,,-27624,,,,-0.89,4,,上櫃,113,-2278,,,,,-53319,-80943,,,4582,-68342,10441,,-51048,,-4549,314187,348325,34138,34138,85186,,-55597,-2708,-73047,-5188,-53319
,4951,精拓科,,385,,,,4.25,4,,上櫃,113,31683,,,,,142551,142936,,,,145050,-2499,,155972,,18262,134961,515508,380547,380547,224575,,174234,,145435,-2499,142551
,4953,緯致,,117913,,,,6.25,4,,上櫃,113,38746,,,,,454751,572664,,,,454751,,,463859,,29638,8508916,10265392,1756476,1756476,1292617,,493497,,572664,,454751
,4966,譜瑞-KY,,1367506,,,,32.55,4,,上櫃,113,215038,,,,,2592123,3959629,,,,2592123,,,2452080,,355081,9342425,16245645,6903220,6903220,4451140,,2807161,,3959629,,2592123
,4971,IET-KY,,125181,,,,-3.58,4,,上櫃,113,-4894,,,,,-131776,-6595,,,,-131720,-56,,-92942,,-43728,603747,717235,113488,113488,206430,,-136670,,-6539,-56,-131776
,4972,湯石照明,,49333,,,,0.00,4,,上櫃,113,11888,,,,,224,49557,,,,224,,,-59967,,72079,868349,1216401,348052,348052,408019,,12112,,49557,,224
,4973,廣穎電通,,-205169,,,,1.79,4,,上櫃,113,17086,,,,,113260,-91909,,,,113260,,,72692,,57654,3517088,4398659,881571,881571,808879,,130346,,-91909,,113260
,4974,亞泰,,154469,,,,7.29,4,,上櫃,113,123734,,,,,528427,682896,,,,528427,,,493521,,158640,3685086,4393068,707982,707982,214461,,652161,,682896,,528427
,4979,華星光,,-44812,,,,3.79,4,,上櫃,113,10596,,,,,533253,488441,,,,533253,,,484619,,59230,2819255,3451043,631788,631788,147169,,543849,,488441,,533253
,4991,環宇-KY,,190120,,,,-2.13,4,,上櫃,113,1639,,,,,-236986,-46866,,,,-236986,,,192774,,-428121,1087036,1750044,663008,663008,470234,,-235347,,-46866,,-236986
,4995,晶達,,2991,,,,4.53,4,,上櫃,113,46522,,,,,191145,194136,,,,191145,,,215714,,21953,895021,1391673,496652,496652,280938,,237667,,194136,,191145
,5009,榮剛,,80605,,,,4.40,4,,上櫃,113,637753,,,,,2612199,2692804,,,,2592390,19809,,1959596,,1290356,9494010,12864438,3370428,3370428,1410832,,3249952,,2681136,11668,2612199
,5011,久陽,,7798,,,,-0.36,4,,上櫃,113,-74896,,,,,-125958,-118160,,,,-36012,-89946,,-314713,,113859,4276993,4135922,-141071,-141071,173642,,-200854,,-28214,-89946,-125958
,5013,強新,,116821,,,,1.66,4,,上櫃,113,100925,,,,,375852,492673,,,,222034,153818,,462525,,14252,7027699,7939844,912145,912145,449620,,476777,,288645,204028,375852
,5014,建錩,,218129,,,,1.17,4,,上櫃,113,70371,,,,,215057,433186,,,,216016,-959,,32323,,253105,15743896,16330746,586850,586850,554527,,285428,,432278,908,215057
,5015,華祺,,38815,,,,2.51,4,,上櫃,113,35497,,,,,152404,191219,,,,152404,0,,100619,,87282,1254159,1561283,307124,307124,206505,,187901,,191219,0,152404
,5016,松和,,2450,,,,1.71,4,,上櫃,113,21040,,,,,85030,87480,,,,84692,338,,101099,,4971,1822828,2034575,211747,211747,110648,,106070,,86941,539,85030
,5201,凱衛,,1847,,,,2.25,4,,上櫃,113,3989,,,,,69147,70994,,,,68876,271,,-4297,,77433,172039,270433,98394,98394,102691,,73136,,70723,271,69147
,5202,力新,,22711,,,,1.75,4,,上櫃,113,6666,,,,,155601,178312,,,,155601,,,-37589,,199856,40895,163764,122869,122869,160458,,162267,,178312,,155601
,5205,中茂,,,,,,-1.49,4,,上櫃,113,0,,,,,-16808,-16808,,,,-15851,-957,,-18518,,1710,31065,31428,363,363,18881,,-16808,,-15851,-957,-16808
,5206,坤悅,,,,,,2.06,4,,上櫃,113,113002,,,,,321738,321738,,,,321738,,,390840,,43900,1646688,2435391,788703,788703,397863,,434740,,321738,,321738
,5209,新鼎,,11232,,,,13.37,4,,上櫃,113,88873,,,,,378927,390159,,,,378927,0,,424154,,43646,5823099,6395020,571921,571921,147767,,467800,,390159,0,378927
,5210,寶碩,,1217,,,,-0.83,4,,上櫃,113,1733,,,,,-55809,-54592,,,,-55809,0,,-59558,,5482,80884,252843,171959,171959,231517,,-54076,,-54592,0,-55809
,5211,蒙恬,,7027,,,,-1.17,4,,上櫃,113,5865,,,,,-39695,-32668,,,0,-37407,-2288,,-43993,,10163,76768,162978,86210,86210,130203,,-33830,0,-30737,-1931,-39695
,5212,凌網,,28203,,,,3.84,4,,上櫃,113,23358,,,,,133941,162144,,,,132922,1019,,168723,,-11424,551544,1137347,585803,585803,417080,,157299,,160912,1232,133941
,5213,亞昕,139085,203309,,,,1.65,4,,上櫃,113,221340,,,,,953194,1156503,,,,943957,9237,,1614589,,-440055,6051557,8688560,2637003,2637003,1161499,,1174534,,1115817,40686,953194
,5220,萬達光電,,279,,,,0.28,4,,上櫃,113,-549,,,,,11143,11422,,,,11143,,,-6998,,17592,544955,682706,137751,137751,144749,,10594,,11422,,11143
,5223,安力-KY,,119416,,,,-0.54,4,,上櫃,113,16794,,,,,-24052,95364,,,,-24052,,,-8553,,1295,1358676,1660076,301400,301400,309953,,-7258,,95364,,-24052
,5227,立凱-KY,,-1,,,,-3.46,4,,上櫃,113,0,,,,,-235271,-235272,,,,-235271,,,-233921,,-1350,527623,591256,63633,63633,297554,,-235271,,-235272,,-235271
,5228,鈺鎧,,4359,,,,-2.11,4,,上櫃,113,1373,,,,,-80351,-75992,,,,,,,-81545,,2567,410258,430410,20152,20152,101697,,-78978,,,,-80351
,5230,雷笛克光學,,63867,,,,0.62,4,,上櫃,113,3897,,,,,36464,100331,,,,32730,3734,,31545,,8816,1093068,1544293,451225,451225,419680,,40361,,96321,4010,36464
,5245,智晶,,14767,,,,-3.13,4,,上櫃,113,6129,,,,,-136061,-121294,,,,-134896,-1165,,-156573,,26641,812030,899242,87212,87212,243785,,-129932,,-120129,-1165,-136061
,5251,天鉞電,,6675,,,,0.06,4,,上櫃,113,4131,,,,,1986,8661,,,,1986,,,-16864,,22981,166547,276821,110274,110274,127138,,6117,,8661,,1986
,5263,智崴,,44216,,,,1.10,4,,上櫃,113,28230,,,,,73402,117618,,,,73402,0,,-10829,,112461,794314,1391843,597529,597529,608358,,101632,,117618,0,73402
,5272,笙科,,-100075,,,,-0.09,4,,上櫃,113,-342,,,,,-5099,-105174,,,,,,,-77325,,71884,179682,331795,152113,152113,229438,,-5441,,,,-5099
,5274,信驊,,-26136,,,,68.04,4,,上櫃,113,596000,,,,,2571308,2545172,,,,2571308,,,2918387,,248921,2305868,6459666,4153798,4153798,1235411,,3167308,,2545172,,2571308
,5276,達輝-KY,,12542,,,,0.74,4,,上櫃,113,28840,,,,,29418,41960,,,,29418,,,53203,,5055,754139,892344,138205,138205,85002,,58258,,41960,,29418
,5278,尚凡*,,12448,,,,0.67,4,,上櫃,113,67696,,,,,202432,214880,,,,201046,1386,,272173,,-2045,1025326,2225788,1200462,1200462,928289,,270128,,213544,1336,202432
,5287,數字,,44569,,,,12.67,4,,上櫃,113,185882,,,,,757611,802180,,,,759686,-2075,,872948,,70545,684641,2262329,1577688,1577688,704740,,943493,,803146,-966,757611
,5289,宜鼎,,-312,,,,12.20,4,,上櫃,113,244595,,,,,1104544,1104232,,,,1106172,-1628,,1178496,,170643,6090393,8915642,2825249,2825249,1646753,,1349139,,1105712,-1480,1104544
,5291,邑昇,,4386,,,,0.39,4,,上櫃,113,7879,,,,,5558,9944,,,,15836,-10278,,7196,,6241,773772,985810,212038,212038,204842,,13437,,20222,-10278,5558
,5299,杰力,,220,,,,5.93,4,,上櫃,113,52282,,,,,301787,302007,,,,301787,,,176613,,177456,1213229,1691956,478727,478727,302114,,354069,,302007,,301787
,5301,寶得利,,-9864,,,,-0.44,4,,上櫃,113,267,,,,,-69971,-79835,,,,-61299,-8672,,-84275,,14571,152858,367284,214426,214426,298701,,-69704,,-71157,-8678,-69971
,5302,太欣,,2793,,,,-0.27,4,,上櫃,113,99,,,,,-44650,-41857,,,,-43843,-807,,-65682,,21131,8986,13912,4926,4926,70608,,-44551,,-41070,-787,-44650
,5309,系統電,,52943,,,,0.61,4,,上櫃,113,8333,,,,,104052,156995,,,,116045,-11993,,52924,,59461,2358117,3109948,751831,751831,698907,,112385,,168988,-11993,104052
,5310,天剛,0,-73,,,,3.02,4,,上櫃,113,5464,,,,,87453,87380,,,,87453,,,-26016,,118933,1350,1367,17,17,26033,,92917,,87380,,87453
,5312,寶島科,,381462,,,,8.24,4,,上櫃,113,123284,,,,,494556,876018,,,,494812,-256,,332728,,285112,1472347,3972067,2499720,2499720,2166992,,617840,,876274,-256,494556
,5314,世紀*,,24432,,,,18.25,4,,上櫃,113,-2325,,,,,268299,292731,,,,268291,8,,267048,,-1074,245935,628230,382295,382295,115247,,265974,,292723,8,268299
0,5315,光聯,,110020,,,,1.21,4,0,上櫃,113,30513,,,0,,128272,238292,,,,128272,0,,91847,,66938,1301173,1555561,254388,254388,162541,,158785,,238292,0,128272
,5321,美而快,,-2495,,,,0.03,4,,上櫃,113,35562,,,,,34080,31585,,,,1592,32488,,122046,,-52404,1841449,3383004,1541555,1541555,1419509,,69642,,-903,32488,34080
,5324,士開,,2296,,,,0.70,4,,上櫃,113,2086,,,,,167267,169563,,,,157377,9890,,224099,,-54746,1864832,2591833,727001,727001,502902,,169353,,160046,9517,167267
,5328,華容,,103401,,,,0.39,4,,上櫃,113,17397,,,,,69661,173062,,,,67724,1937,,6981,,80077,652850,866507,213657,213657,206676,,87058,,171125,1937,69661
,5340,建榮,,3306,,,,0.78,4,,上櫃,113,38918,,,,,151453,154759,,,,,,,167503,,22868,1684834,1969541,284707,284707,117204,,190371,,,,151453
,5344,立衛,,-13570,,,,0.55,4,,上櫃,113,-38,,,,,43547,29977,,,,,,,27079,,16430,276505,352666,76161,76161,49082,,43509,,,,43547
,5345,馥鴻,,0,,,,-2.51,4,,上櫃,113,0,,,,,-71103,-71103,,,,-71103,,,-70522,,-581,20361,6608,-13753,-13753,56769,,-71103,,-71103,,-71103
,5347,世界,,837007,,,,4.21,4,,上櫃,113,1705097,,,,,7047208,7884215,,,,7046424,784,,7111387,,1640918,32121848,44054762,11932914,11932914,4821527,,8752305,,7809292,74923,7047208
,5348,正能量智能,0,344,,,,-0.71,4,,上櫃,113,3004,,,,,-6278,-5934,,,0,-10530,4252,,-3987,,713,203051,271492,68441,68441,72428,,-3274,0,-10186,4252,-6278
,5351,鈺創,67555,-70951,,,,-1.77,4,,上櫃,113,0,,,,,-614252,-685203,,,,-540640,-73612,,-651993,,37741,3030402,3473217,442815,442815,1162363,,-614252,,-613210,-71993,-614252
,5353,台林,,3893,,,,2.15,4,,上櫃,113,28810,,,,,161493,165386,,,,161493,,,139323,,50980,1385628,1864100,478472,478472,339149,,190303,,165386,,161493
,5355,佳總,,3820,,,,-0.92,4,,上櫃,113,3269,,,,,-153391,-149571,,,,-153391,0,,-191153,,41031,576133,481720,-94413,-94413,96740,,-150122,,-149571,0,-153391
,5356,協益,,75246,,,,2.16,4,,上櫃,113,90590,,,,,221897,297143,,,,222569,-672,,214131,,98356,3369007,3878167,509160,509160,295029,,312487,,297533,-390,221897
,5364,力麗店,,-52637,,,,-1.41,4,,上櫃,113,5523,,,,,-114474,-167111,,,,-76177,-38297,,-77903,,-31048,427650,421473,-6177,-6177,71726,,-108951,,-128814,-38297,-114474
,5381,光譜,,-130665,,,,0.93,4,,上櫃,113,59088,,,,,212978,82313,,,,199797,13181,,256483,,15583,1818399,2334455,516056,516056,259573,,272066,,69132,13181,212978
,5386,青雲,,3150,,,,3.31,4,,上櫃,113,27194,,,,,103343,106493,,,,,,,145447,,-14910,4181444,4437617,256173,256173,110726,,130537,,,,103343
,5392,能率,,379499,,,,0.18,4,,上櫃,113,165399,,,,,108182,487681,,,,29690,78492,,24990,,248591,7921697,9433375,1511678,1511678,1486688,,273581,,313472,174209,108182
,5398,慕康生醫,,32826,,,,0.21,4,,上櫃,113,5419,,,,,10435,43261,,,,10435,,,6127,,9727,154000,238484,84484,84484,78357,,15854,,43261,,10435
0,5403,中菲,,1814,,,,8.44,4,,上櫃,113,154650,,,,,619165,620979,,,,619165,0,,700053,,73762,1924791,3156462,1231671,1231671,531618,,773815,,620979,0,619165
,5410,國眾,0,10337,,,,1.61,4,0,上櫃,113,26366,,,0,,145338,155675,,,,145623,-285,,136701,,35003,3271301,3896185,624884,624884,488183,,171704,,155960,-285,145338
,5425,台半,,205470,,,,1.87,4,,上櫃,113,433446,,,,,894913,1100383,,,,463851,431062,,1257215,,71144,10594202,14828792,4234590,4234590,2977375,,1328359,,636032,464351,894913
,5426,振發,,69378,,,,0.99,4,,上櫃,113,42900,,,,,142557,211935,,,,142075,482,,25596,,159861,1229871,1502635,272764,272764,247168,,185457,,211453,482,142557
,5432,新門,,-5903,,,,1.36,4,,上櫃,113,281,,,,,28191,22288,,,,,,,18130,,10342,145053,187189,42136,42136,24006,,28472,,,,28191
,5438,東友,,653518,,,,1.10,4,,上櫃,113,10210,,,,,86896,740414,,,,86896,,,-26296,,123402,1096725,1333853,237128,237128,263424,,97106,,740414,,86896
,5439,高技,,-9569,,,,3.51,4,,上櫃,113,77016,,,,,326769,317200,,,,326769,,,405217,,-1432,3535551,4177705,642154,642154,236937,,403785,,317200,,326769
,5443,均豪,,4063699,,,,1.82,4,,上櫃,113,122002,,,,,473296,4536995,,,,296749,176547,,332628,,262670,3249441,4434928,1185487,1185487,852859,,595298,,4230041,306954,473296
,5450,南良,,52766,,,,1.13,4,,上櫃,113,56641,,,,,137751,190517,,,,137751,,,144635,,49757,1931002,2669081,738079,738079,593444,,194392,,190517,,137751
,5452,佶優,,102508,,,,0.40,4,0,上櫃,113,59052,,,0,,72389,174897,,,0,59241,13148,,129239,,2202,5030592,5641612,611020,611020,481781,,131441,0,151466,23431,72389
,5455,昇益,,2986,,,,5.83,4,,上櫃,113,43759,,,,,382053,385039,,,,,,,436478,,-10666,2970991,3623580,652589,652589,216111,,425812,,,,382053
,5457,宣德,,408782,,,,2.30,4,,上櫃,113,463152,,,,,1217879,1626661,,,,397077,820802,,1214747,,466284,18923054,22688928,3765874,3765874,2551127,,1681031,,615020,1011641,1217879
,5460,同協,-14,11172,,,,0.22,4,,上櫃,113,3702,,,,,13201,24373,,,,13201,,,-6306,,23209,191937,276728,84791,84791,91083,,16903,,24373,,13201
,5464,霖宏,,440,,,,1.74,4,,上櫃,113,44157,,,,,123554,123994,,,,123554,,,-132830,,300541,998398,1052037,53639,53639,186469,,167711,,123994,,123554
,5465,富驊,,92196,,,,1.82,4,,上櫃,113,31791,,,,,332545,424741,,,,269028,63517,,342905,,21431,3806873,4487498,680625,680625,337720,,364336,,344578,80163,332545
,5468,凱鈺,-6,,,,,-0.13,4,,上櫃,113,12,,,,,-4784,-4784,,,,-4784,,,-7376,,2604,86036,120568,34532,34532,41902,,-4772,,-4784,,-4784
,5474,聰泰,,3862,,,,7.15,4,,上櫃,113,20125,,,,,284412,288274,,,,,,,255417,,49120,582916,1194219,611303,611303,355886,,304537,,,,284412
,5475,德宏,,190745,,,,-1.36,4,,上櫃,113,29972,,,,,-173411,17334,,,,-172297,-1114,,-138700,,-4739,536192,551518,15326,15326,154026,,-143439,,18448,-1114,-173411
,5478,智冠,,-8193,,,,7.75,4,,上櫃,113,255960,,,,,1238066,1229873,,,,1139432,98634,,1174954,,319072,3176052,6774342,3598290,3598290,2423336,,1494026,,1119180,110693,1238066
,5481,新華,,110,,,,-0.24,4,,上櫃,113,2886,,,,,-16571,-16461,,,,-16076,-495,,-24436,,10751,55941,96989,41048,41048,65484,,-13685,,-15966,-495,-16571
,5483,中美晶,,-206823,,,,9.24,4,,上櫃,113,3122830,,,,,11609483,11402660,,,,5346259,6263224,,16113563,,-1381250,55403820,79678547,24274727,24274727,8161164,,14732313,,5785349,5617311,11609483
,5487,通泰,,4430,,,,-0.11,4,,上櫃,113,334,,,,,-2665,1765,,,,-2665,0,,-16796,,14465,138543,194277,55734,55734,72530,,-2331,,1765,0,-2665
,5488,松普,,41689,,,,0.01,4,,上櫃,113,-6754,,,,,607,42296,,,,607,,,-24467,,18320,742383,838313,95930,95930,120397,,-6147,,42296,,607
,5489,彩富,,4547,,,,2.39,4,,上櫃,113,39387,,,,,236954,241501,,,,236901,53,,187840,,88501,1132679,1800804,668125,668125,480285,,276341,,241448,53,236954
,5490,同亨,,26289,,,,0.35,4,,上櫃,113,7708,,,,,32855,59144,,,,32855,,,27882,,12681,900839,1371949,471110,471110,443228,,40563,,59144,,32855
,5493,三聯,,264221,,,,4.20,4,,上櫃,113,88543,,,,,349956,614177,,,,183338,166618,,291612,,146887,3885588,4504004,618416,618416,326804,,438499,,446139,168038,349956
,5498,凱崴,,56495,,,,-0.01,4,,上櫃,113,-397,,,,,1051,57546,,,,-1477,2528,,-9436,,10090,1055957,1163052,107095,107095,116531,,654,,55018,2528,1051
,5508,永信建,,687,,,,16.03,4,,上櫃,113,872731,,,,,3484989,3485676,,,,,,,4358577,,-857,5213801,10035475,4821674,4821674,463097,,4357720,,,,3484989
,5511,德昌,,19401,,,,7.52,4,,上櫃,113,239597,,,,,819835,839236,,,,852860,-33025,,941021,,118411,7989111,9395573,1406462,1406462,465441,,1059432,,872261,-33025,819835
,5512,力麒,,38088,,,,0.17,4,,上櫃,113,142648,,,,,68179,106267,,,,128232,-60053,,449854,,-239027,4915334,5951685,1036351,1036351,586497,,210827,,178734,-72467,68179
,5514,三豐,,134668,,,,0.39,4,,上櫃,113,35816,,,,,84835,219503,,,,84859,-24,,95566,,25085,522184,684936,162752,162752,67186,,120651,,219527,-24,84835
,5516,雙喜,,1382,,,,-3.61,4,,上櫃,113,-6503,,,,,-186108,-184726,,,,,,,-129840,,-62771,2084594,2008231,-76363,-76363,53477,,-192611,,,,-186108
,5520,力泰,,28218,,,,8.98,4,,上櫃,113,144395,,,,,556891,585109,,,,538901,17990,,635418,,65868,3216196,4074014,857818,857818,222400,,701286,,567113,17996,556891
,5523,豐謙,,,,,,0.55,4,,上櫃,113,34884,,,,,84810,84810,,,,84697,113,,86053,,33641,366772,512836,146064,146064,60011,,119694,,84697,113,84810
,5529,鉅陞,,,,,,-0.94,4,,上櫃,113,,,,,,-81797,-81797,,,0,-81797,0,,-76162,,-5635,33252,79997,46745,46745,122907,,-81797,0,-81797,0,-81797
,5530,龍巖,60578,1129103,,,,3.83,4,,上櫃,113,204033,,,,,1611077,2740180,,,,1607391,3686,,1039376,,775734,1658395,4159195,2500800,2500800,1522002,,1815110,,2736727,3453,1611077
,5536,聖暉*,,861695,,,,21.09,4,,上櫃,113,1269208,,,,,3588011,4449706,,,,2617188,970823,,4406995,,450224,23676006,30253853,6577847,6577847,2170852,,4857219,,3433420,1016286,3588011
,5543,桓鼎-KY,,815,,,,-5.67,4,,上櫃,113,41319,,,,,-186465,-185650,,,,-231066,44601,,-129076,,-16070,2907935,3403314,495379,495379,624455,,-145146,,-235628,49978,-186465
,5547,久舜,,,,,,2.53,4,,上櫃,113,19790,,,,,77191,77191,,,,,,,98771,,-1790,2088051,2308058,220007,220007,121236,,96981,,,,77191
,5548,安倉,,-412,,,,2.55,4,,上櫃,113,26104,,,,,104049,103637,,,,,,,115618,,14535,1924468,2176757,252289,252289,136671,,130153,,,,104049
,5601,台聯櫃,0,67,,,,0.39,4,,上櫃,113,6311,,,,,25394,25461,,,,,,,30790,,915,36573,91925,55352,55352,24562,,31705,,,,25394
,5603,陸海,,23730,,,,1.24,4,,上櫃,113,21741,,,,,129834,153564,,,,129569,265,,93963,,57612,1547133,1817795,270662,270662,176699,,151575,,153299,265,129834
0,5604,中連,,0,,,,2.50,4,,上櫃,113,67075,,,,,271973,271973,,,,271973,,,108733,,230315,27808,158817,131009,131009,22276,,339048,,271973,,271973
,5609,中菲行,,589423,,,,6.78,4,,上櫃,113,194538,,,,,974262,1563685,,,,954807,19455,,1011261,,157539,25051497,28947367,3895870,3895870,2884609,,1168800,,1539120,24565,974262
,5701,劍湖山,,-8464,,,,-0.52,4,,上櫃,113,,,,,,-74186,-82650,,,,-74186,,,-36373,,-37813,268418,506611,238193,238193,274566,,-74186,,-82650,,-74186
,5703,亞都麗緻,,1691,,,,0.19,4,0,上櫃,113,3515,,,0,,13635,15326,,,,13635,,,14686,,2464,265283,424763,159480,159480,144794,,17150,,15326,,13635
,5704,老爺知,,1128,,,,0.41,4,,上櫃,113,5072,,,,,15887,17015,,,,,,,23922,,-2963,211075,351515,140440,140440,116518,,20959,,,,15887
0,5864,致和證,,,,0,0,1.98,4,,上櫃,113,27361,334304,995252,,-96128,688224,592096,,,,,,660948,,54637,,,,,,,,715585,,,,688224
,5878,台名,,9514,,,,2.22,4,,上櫃,113,10164,,,,,55455,64969,,,,55455,,,45079,,20540,706239,846950,140711,140711,95632,,65619,,64969,,55455
,5902,德記,,182,,,,2.11,4,,上櫃,113,50692,,,,,199773,199955,,,,199773,,,241808,,8657,1696262,2220401,524139,524139,282331,,250465,,199955,,199773
,5903,全家,,69408,,,,17.04,4,,上櫃,113,895070,,,,,3936306,4005714,,,,3803729,132577,,2058295,,2773081,66715542,105104290,38388748,38388748,36330453,,4831376,,3863320,142394,3936306
,5904,寶雅*,,6409,,,,26.74,4,,上櫃,113,701850,,,,,2804393,2810802,,,,,,,3447819,,58424,12961823,23628222,10666399,10666399,7218580,,3506243,,,,2804393
,5905,南仁湖,,5000,,,,-0.51,4,,上櫃,113,-6439,,,,,-148037,-143037,,,,-131697,-16340,,-169233,,14757,256150,978860,722710,722710,891943,,-154476,,-125103,-17934,-148037
,6015,宏遠證,,,,,,0.91,4,,上櫃,113,70269,1381361,1519973,,13152,337458,350610,337458,,,,,138612,,269115,,,,,,,,407727,,350610,,337458
,6016,康和證,,,,,,1.75,4,,上櫃,113,190440,2959365,3938237,,158716,1097973,1256689,1092481,5492,,,,978872,,309541,,,,,,,,1288413,,1249123,7566,1097973
,6020,大展證,,,,,,0.72,4,,上櫃,113,17555,244998,387978,,263335,182375,445710,182369,6,,,,142980,,56950,,,,,,,,199930,,445704,6,182375
,6021,美好證,,,,,,1.44,4,,上櫃,113,40595,1191849,1602329,,2363470,441369,2804839,441369,,,,,410480,,71484,,,,,,,,481964,,2804839,,441369
,6023,元大期貨,,,,,,7.47,4,,上櫃,113,553748,4742251,4015245,,690579,2166896,2857475,2166896,,,,,-727006,,3447650,,,,,,,,2720644,,2857475,,2166896
,6026,福邦證,,,,,,1.11,4,,上櫃,113,116570,629769,1152327,,85521,437893,523414,437893,0,,,,522558,,31905,,,,,,,,554463,,523414,0,437893
,6028,公勝保經,,,,,,11.94,4,,上櫃,113,60320,,,,,238896,238896,,,,238896,,,295340,,3876,3782054,4479376,697322,697322,401982,,299216,,238896,,238896
,6101,寬魚國際,,5091,,,,0.28,4,,上櫃,113,-10390,,,,,31860,36951,,,,31860,,,4971,,16499,621334,699086,77752,77752,72781,,21470,,36951,,31860
,6103,合邦,,10,,,,3.40,4,,上櫃,113,1497,,,,,46316,46326,,,,46316,0,,-5899,,53712,45574,54875,9301,9301,15200,,47813,,46326,0,46316
,6104,創惟,,-413,,,,3.37,4,,上櫃,113,47321,,,,,304340,303927,,,,304469,-129,,309142,,42519,1768498,3178690,1410192,1410192,1101050,,351661,,304055,-128,304340
,6109,亞元,,14019,,,,-1.65,4,,上櫃,113,-11496,,,,,-111403,-97384,,,,-111726,323,,-118153,,-4746,611286,717477,106191,106191,224344,,-122899,,-97677,293,-111403
,6111,光聚晶電,,3058,,,,0.77,4,,上櫃,113,38784,,,,,248319,251377,,,,77639,170680,,-138179,,425282,3341737,5102627,1760890,1760890,1899069,,287103,,85919,165458,248319
,6113,亞矽,,11067,,,,-0.13,4,,上櫃,113,476,,,,,-6968,4099,,,,-6968,0,,-35892,,29400,624123,712724,88601,88601,124493,,-6492,,4099,0,-6968
-44660,6114,久威,,16064,,,,2.52,4,,上櫃,113,40363,,,,,110770,126834,,,,110770,,,54329,,141464,782566,916378,133812,133812,79483,,195793,,126834,,155430
,6118,建達,,1806,,,,0.39,4,,上櫃,113,7425,,,,,35076,36882,,,,35076,,,29121,,13380,8625907,9064133,438226,438226,409105,,42501,,36882,,35076
,6121,新普,,2043117,,,,28.88,4,,上櫃,113,1783285,,,,,6322555,8365672,,,,5341704,980851,,6422252,,1683588,68695725,80031188,11335463,11335463,4913211,,8105840,,6475662,1890010,6322555
,6122,擎邦,,104401,,,,4.41,4,,上櫃,113,85657,,,,,344217,448618,,,,344217,,,402015,,27859,3603784,4131669,527885,527885,125870,,429874,,448618,,344217
,6123,上奇,,125322,,,,3.65,4,,上櫃,113,83693,,,,,305760,431082,,,,226426,79334,,336749,,52704,4728410,5538247,809837,809837,473088,,389453,,350388,80694,305760
,6124,業強,,67795,,,,-1.19,4,,上櫃,113,15366,,,,,-211909,-144114,,,,-217707,5798,,-305368,,108825,1823602,1794571,-29031,-29031,276337,,-196543,,-149912,5798,-211909
,6125,廣運,,70432,,,,-0.56,4,,上櫃,113,29012,,,,,-644079,-573647,,,,-143227,-500852,,-710897,,95830,2220387,2697025,476638,476638,1187535,,-615067,,-98593,-475054,-644079
,6126,信音,,326078,,,,0.98,4,,上櫃,113,67546,,,,,237551,563629,,,,122606,114945,,207308,,97789,2796395,3630786,834391,834391,627083,,305097,,309467,254162,237551
,6127,九豪,,64625,,,,-0.64,4,0,上櫃,113,11672,,,0,,-69302,-4677,,,,-69302,,,-121134,,63504,848696,1003504,154808,154808,275942,,-57630,,-4677,,-69302
,6129,普誠,,57575,,,,-1.00,4,,上櫃,113,1585,,,,,-170202,-112627,,,,-181529,11327,,-259605,,90988,804580,1146674,342094,342094,601699,,-168617,,-135548,22921,-170202
,6130,上亞科技,,-3563,,,,-0.75,4,,上櫃,113,2364,,,,,-33260,-36823,,,,-33428,168,,-35454,,4558,126150,195354,69204,69204,104658,,-30896,,-36551,-272,-33260
,6134,萬旭,,29951,,,,0.24,4,,上櫃,113,8436,,,,,10948,40899,,,,17555,-6607,,-23144,,42528,1177875,1562098,384223,384223,407367,,19384,,39248,1651,10948
,6138,茂達,,7642,,,,9.89,4,,上櫃,113,195084,,,,,846467,854109,,,,720093,126374,,902327,,139224,3925234,6089504,2164270,2164270,1261943,,1041551,,727735,126374,846467
,6140,訊達電腦,,6054,,,,1.03,4,,上櫃,113,6517,,,,,51271,57325,,,,51271,,,12796,,44992,1685953,1853917,167964,167964,155168,,57788,,57325,,51271
,6143,振曜,,37207,,,,7.33,4,,上櫃,113,203417,,,,,788335,825542,,,,630464,157871,,747740,,244012,5854986,7410030,1555044,1555044,807304,,991752,,645204,180338,788335
,6144,得利影,,-942,,,,-0.57,4,,上櫃,113,0,,,,,-21955,-22897,,,,,,,-28210,,6255,119154,186195,67041,67041,95251,,-21955,,,,-21955
,6146,耕興,,107157,,,,12.66,4,,上櫃,113,332107,,,,,1344888,1452045,,,,1289505,55383,,1523568,,153427,2268245,4555497,2287252,2287252,763684,,1676995,,1383287,68758,1344888
,6147,頎邦,,-2926042,,,,5.59,4,,上櫃,113,627600,,,,,4134620,1208578,,,,4134620,,,2541726,,2220494,15769013,20337566,4568553,4568553,2026827,,4762220,,1208578,,4134620
0,6148,驊宏資,,-755,,,,1.54,4,,上櫃,113,14258,,,,,71956,71201,,,,71956,0,,53139,,33075,579111,754576,175465,175465,122326,,86214,,71201,0,71956
,6150,撼訊,,645,,,,-4.10,4,,上櫃,113,-15524,,,,,-198304,-197659,,,0,-198005,-299,,-197281,,-16547,4508787,4696299,187512,187512,384793,,-213828,0,-197360,-299,-198304
,6151,晉倫,,22639,,,,1.48,4,,上櫃,113,24429,,,,,82045,104684,,,,82045,0,,114897,,-8423,1330606,1664159,333553,333553,218656,,106474,,104684,0,82045
,6154,順發,,3160,,,,0.50,4,,上櫃,113,9812,,,,,40134,43294,,,,40134,,,44993,,4953,3087433,3706990,619557,619557,574564,,49946,,43294,,40134
,6156,松上,,65229,,,,2.16,4,,上櫃,113,30807,,,,,233098,298327,,,,211494,21604,,135501,,128404,3586040,4310037,723997,723997,588496,,263905,,263601,34726,233098
,6158,禾昌,,114815,,,,1.26,4,,上櫃,113,29545,,,,,68511,183326,,,,68511,,,77090,,20966,1344439,1919255,574816,574816,497726,,98056,,183326,,68511
,6160,欣技,,6604,,,,-0.57,4,,上櫃,113,-6973,,,,,-39047,-32443,,,,-39103,56,,-57440,,11420,790580,1294440,503860,503860,561300,,-46020,,-32499,56,-39047
0,6161,捷波,,29328,,,,2.85,4,,上櫃,113,73984,,,,,191786,221114,,,,191786,,,201710,,64060,720022,1251573,531551,531551,329841,,265770,,221114,,191786
,6163,華電網,,14681,,,,0.93,4,,上櫃,113,39191,,,,,130580,145261,,,,130580,0,,164864,,4907,4280969,5503771,1222802,1222802,1057938,,169771,,145261,0,130580
,6167,久正,,28603,,,,0.02,4,,上櫃,113,7764,,,,,3311,31914,,,,3311,0,,-123689,,134764,996577,1070256,73679,73679,197368,,11075,,31914,0,3311
,6169,昱泉,,138,,,,-1.22,4,,上櫃,113,-355,,,,,-28484,-28346,,,,-28484,,,-42802,,13963,17593,23878,6285,6285,49087,,-28839,,-28346,,-28484
,6170,統振,,-4252,,,,3.39,4,,上櫃,113,85794,,,,,329671,325419,,,,330117,-446,,267040,,148425,2040545,2905937,865392,865392,598352,,415465,,325865,-446,329671
,6171,大城地產,,,,,,5.73,4,,上櫃,113,147700,,,,,572663,572663,,,,,,,714374,,5989,1028642,1818882,790240,790240,75866,,720363,,,,572663
,6173,信昌電,,-302708,,,,2.91,4,,上櫃,113,133433,,,,,498119,195411,,,,498119,,,490676,,140876,2926025,3724038,798013,798013,307337,,631552,,195411,,498119
,6174,安碁,,-54057,,,,0.75,4,,上櫃,113,1293,,,,,37261,-16796,,,,37261,,,-6760,,45314,313179,466961,153782,153782,160542,,38554,,-16796,,37261
,6175,立敦,,124473,,,,3.23,4,,上櫃,113,133964,,,,,599820,724293,,,,469249,130571,,603602,,130182,3210479,4225432,1014953,1014953,411351,,733784,,570132,154161,599820
,6179,亞通,,26286,,,,0.05,4,,上櫃,113,26556,,,-4524,,-14883,11403,,,,5232,-20115,,132078,,-120405,3824818,4155685,330867,335391,203313,,11673,,31518,-20115,-14883
,6180,橘子,,24407,,,,11.78,4,,上櫃,113,114624,,,,,2071675,2096082,,,,2067755,3920,,258024,,1928275,7164324,11076611,3912287,3912287,3654263,,2186299,,2089509,6573,2071675
,6182,合晶,,819288,,,,0.01,4,,上櫃,113,70324,,,,,293845,1113133,,,,4033,289812,,238397,,125772,6612467,8721123,2108656,2108656,1870259,,364169,,315134,797999,293845
,6185,幃翔,,78583,,,,0.06,4,,上櫃,113,-7043,,,,,8694,87277,,,,8694,,,-128476,,130127,340661,401916,61255,61255,189731,,1651,,87277,,8694
,6186,新潤,,,,,,5.63,4,,上櫃,113,244402,,,,,971225,971225,,,,,,,1182182,,33445,6955095,9115308,2160213,2160213,978031,,1215627,,,,971225
,6187,萬潤,,254165,,,,14.57,4,,上櫃,113,255295,,,,,1310503,1564668,,,,1310503,,,1427157,,138641,2818085,5534620,2716535,2716535,1289378,,1565798,,1564668,,1310503
,6188,廣明,,390562,,,,2.33,4,,上櫃,113,180749,,,,,669369,1059931,,,,649021,20348,,623357,,226761,5890337,8139668,2249331,2249331,1625974,,850118,,1036935,22996,669369
,6190,萬泰科,,205821,,,,2.28,4,,上櫃,113,196593,,,,,384595,590416,,,,358077,26518,,506936,,74252,6757577,8138914,1381337,1381337,874401,,581188,,526031,64385,384595
,6194,育富,,92936,,,,4.15,4,,上櫃,113,41323,,,,,199192,292128,,,,199192,,,163534,,76981,1170820,1420195,249375,249375,85841,,240515,,292128,,199192
,6195,詩肯,,12003,,,,1.60,4,,上櫃,113,11476,,,,,80713,92716,,,,80410,303,,110420,,-18231,1007510,2288631,1281121,1281121,1170701,,92189,,92282,434,80713
,6198,瑞築,,-408,,,,-0.56,4,,上櫃,113,1431,,,,,-51341,-51749,,,,-51341,,,-49981,,71,1979,2363,384,384,50365,,-49910,,-51749,,-51341
0,6199,天品,,4223,,,,0.60,4,,上櫃,113,6816,,,,,32437,36660,,,,37177,-4740,,5863,,33390,20369,94765,74396,74396,68533,,39253,,41400,-4740,32437
,6203,海韻電,,9132,,,,3.50,4,,上櫃,113,75476,,,,,288670,297802,,,,288670,,,103465,,260681,1510801,2021441,510640,510640,407175,,364146,,297802,,288670
,6204,艾華,,7055,,,,1.48,4,,上櫃,113,11404,,,,,34175,41230,,,,34175,,,31652,,13927,254260,386013,131753,131753,100101,,45579,,41230,,34175
,6207,雷科,,139373,,,,2.07,4,,上櫃,113,37089,,,,,164349,303722,,,,164758,-409,,110591,,90847,931870,1361184,429314,429314,318723,,201438,,304131,-409,164349
,6208,日揚,0,37447,,,,3.01,4,,上櫃,113,63018,,,,,385874,423321,,,,323319,62555,,454276,,-5384,2574463,3934267,1359804,1359804,905528,,448892,,357500,65821,385874
,6210,慶生,-855,4716,,,,-3.69,4,,上櫃,113,1332,,,,,-129462,-124746,,,,,,,-134534,,6404,349227,273696,-75531,-75531,58148,,-128130,,,,-129462
,6212,理銘,,0,,,,6.09,4,,上櫃,113,168621,,,,,621675,621675,,,,,,,793813,,-3517,2765131,3791799,1026668,1026668,232855,,790296,,,,621675
,6217,中探針,,43234,,,,-2.65,4,,上櫃,113,7685,,,,,-280712,-237478,,,,-254685,-26027,,-237276,,-35751,2387739,3105282,717543,717543,954819,,-273027,,-211217,-26261,-280712
,6218,豪勉,,21585,,,,-1.68,4,,上櫃,113,-31106,,,,,-107668,-86083,,,,-107668,,,-165393,,26619,1102673,1263218,160545,160545,325938,,-138774,,-86083,,-107668
,6219,富旺,,950,,,,5.08,4,,上櫃,113,73625,,,,,604961,605911,,,,604961,,,637904,,40682,3541556,4770165,1228609,1228609,590705,,678586,,605911,,604961
,6220,岳豐,,231197,,,,0.93,4,,上櫃,113,59397,,,,,135911,367108,,,,135911,0,,329175,,-133867,7449045,10099673,2650628,2650628,2321453,,195308,,367108,0,135911
,6221,晉泰,,233245,,,,3.51,4,,上櫃,113,138883,,,,,437445,670690,,,,437445,0,,496657,,79671,4012654,5215556,1202902,1202902,706245,,576328,,670690,0,437445
,6222,立軒,,-25,,,,-0.41,4,,上櫃,113,3393,,,,,-16481,-16506,,,,-16480,-1,,-18300,,5212,3103,2778,-325,-325,17975,,-13088,,-16505,-1,-16481
-4358,6223,旺矽,,93297,,,,24.42,4,,上櫃,113,490471,,,,,2299887,2393184,,,,2301359,-1472,,2482672,,312044,4610891,10171861,5560970,5560970,3078298,,2794716,,2394968,-1784,2304245
,6227,茂綸,,23336,,,,6.55,4,,上櫃,113,113255,,,,,511986,535322,,,8421,490002,13563,,589537,,35704,11033464,12326511,1293047,1293047,703510,,625241,8421,513338,13563,511986
,6228,全譜,,3124,,,,-0.86,4,,上櫃,113,26,,,,,-22132,-19008,,,0,-22132,0,,-28997,,6891,30421,42740,12319,12319,41316,,-22106,0,-19008,0,-22132
,6229,研通,120,-4211,,,,0.61,4,,上櫃,113,7431,,,,,21701,17490,,,,21701,,,-9889,,39021,1567195,1796996,229801,229801,239810,,29132,,17490,,21701
,6231,系微,,22857,,,,7.37,4,,上櫃,113,88212,,,,,336539,359396,,,,336539,,,383142,,41609,368144,1614588,1246444,1246444,863302,,424751,,359396,,336539
,6233,旺玖,,101204,,,,0.36,4,,上櫃,113,3000,,,,,28663,129867,,,,28663,,,-13753,,45416,249507,417225,167718,167718,181471,,31663,,129867,,28663
,6234,高僑,,29221,,,,1.05,4,,上櫃,113,34308,,,,,105460,134681,,,,105460,,,52844,,86924,542219,649957,107738,107738,54894,,139768,,134681,,105460
,6236,中湛,,-3517,,,,-0.41,4,,上櫃,113,0,,,,,-16884,-20401,,,,-16884,,,-24885,,8001,11852,45571,33719,33719,58604,,-16884,,-20401,,-16884
,6237,驊訊,,26041,,,,-0.27,4,,上櫃,113,-9975,,,,,-21663,4378,,,,-21639,-24,,-110023,,78385,184373,448741,264368,264368,374391,,-31638,,4402,-24,-21663
,6240,松崗,0,4679,,,,0.35,4,,上櫃,113,3345,,,,,8079,12758,,,,8079,,,-13465,,24889,37280,50300,13020,13020,26485,,11424,,12758,,8079
,6241,鑫永洋,,,,,,-0.63,4,,上櫃,113,,,,,,-30641,-30641,,,,,,,-127728,,97087,587080,646671,59591,59591,187319,,-30641,,,,-30641
,6242,立康,,-1500,,,,2.48,4,,上櫃,113,22164,,,,,77024,75524,,,,77024,,,90021,,9167,179418,565515,386097,386097,296076,,99188,,75524,,77024
,6244,茂迪,,58252,,,,0.61,4,,上櫃,113,5735,,,,,240600,298852,,,,235301,5299,,273231,,-26896,2589368,3225501,636133,636133,362902,,246335,,290905,7947,240600
,6245,立端,,150334,,,,6.10,4,,上櫃,113,252660,,,,,890806,1041140,,,,890806,0,,977499,,165967,4795709,7450620,2654911,2654911,1677412,,1143466,,1041140,0,890806
,6246,臺龍,,21656,,,,-1.32,4,,上櫃,113,-3453,,,,,-50013,-28357,,,,-50013,,,-52330,,-1136,1356318,1501968,145650,145650,197980,,-53466,,-28357,,-50013
,6248,沛波,,12040,,,,3.07,4,,上櫃,113,34456,,,,,230843,242883,,,,230843,,,188174,,77125,8839474,9313434,473960,473960,285786,,265299,,242883,,230843
,6259,百徽,,1531,,,,0.51,4,,上櫃,113,3180,,,,,12275,13806,,,,12331,-56,,5993,,9462,291293,382337,91044,91044,85051,,15455,,13862,-56,12275
-25294,6261,久元,42943,12508,,,,4.06,4,,上櫃,113,115988,,,,,488312,500820,,,,522018,-33706,,458869,,170725,2771880,3966808,1194928,1194928,779002,,629594,,523663,-22843,513606
,6263,普萊德,,747,,,,8.61,4,,上櫃,113,118624,,,,,538136,538883,,,,538136,0,,617766,,38994,996645,1879722,883077,883077,265311,,656760,,538883,0,538136
,6264,富裔,,,,,,0.05,4,,上櫃,113,-134,,,,,3971,3971,,,,6468,-2497,,-49193,,53030,146130,200202,54072,54072,103265,,3837,,6468,-2497,3971
,6265,方土昶,,16078,,,,0.21,4,,上櫃,113,15997,,,,,24619,40697,,,,24619,,,-33100,,73716,523524,558730,35206,35206,68306,,40616,,40697,,24619
,6266,泰詠,,24612,,,,2.62,4,,上櫃,113,99738,,,,,380580,405192,,,,380580,,,401839,,78479,2652144,3269827,617683,617683,215844,,480318,,405192,,380580
,6270,倍微,,1070566,,,,0.65,4,,上櫃,113,3371,,,,,47063,1117629,,,,47063,,,7214,,43220,2413170,2641345,228175,228175,220961,,50434,,1117629,,47063
,6274,台燿,,490169,,,,9.56,4,,上櫃,113,773266,,,,,2604368,3094537,,,,2604368,,,3331870,,45764,17728872,23070425,5341553,5341553,2009683,,3377634,,3094537,,2604368
,6275,元山,,7493,,,,2.87,4,,上櫃,113,43914,,,,,220706,228199,,,,220810,-104,,199355,,65265,3167314,3863430,696116,696116,496761,,264620,,228356,-157,220706
,6276,安鈦克,,2265,,,,-2.16,4,,上櫃,113,-2212,,,,,-47597,-45332,,,,-47597,0,,-50351,,542,929640,1197287,267647,267647,317998,,-49809,,-45332,0,-47597
,6279,胡連,,176231,,,,12.79,4,,上櫃,113,458659,,,,,1315834,1492065,,,,1310477,5357,,1581666,,192827,5870192,8800219,2930027,2930027,1348361,,1774493,,1486851,5214,1315834
,6284,佳邦,,69589,,,,6.61,4,,上櫃,113,291725,,,,,979419,1049008,,,,984576,-5157,,949628,,321516,5336032,7366410,2030378,2030378,1080750,,1271144,,1054165,-5157,979419
,6290,良維,102977,161504,,,,6.41,4,,上櫃,113,277648,,,,,1018324,1179828,,,,1010655,7669,,955725,,340247,6041487,8040447,1998960,1998960,1146212,,1295972,,1165557,14271,1018324
,6291,沛亨,,15845,,,,6.13,4,,上櫃,113,46125,,,,,208070,223915,,,-26581,257532,-22881,,203136,,51059,1255269,1824248,568979,568979,365843,,254195,-22223,265168,-19030,208070
,6292,迅德,10038,29821,0,,,3.87,4,0,上櫃,113,42622,,,0,,180523,210344,,,,180523,,,90908,,132237,685665,1035577,349912,349912,269042,0,223145,,210344,,180523
,6294,智基,,,,,,1.79,4,,上櫃,113,21232,,,,,44105,44105,,,,44105,,,53932,,11405,737934,1055032,317098,317098,263166,,65337,,44105,,44105
,6411,晶焱,,98592,,,,4.53,4,,上櫃,113,77061,,,,,401775,500367,,,,444711,-42936,,343392,,135444,1579357,2744684,1165327,1165327,821935,,478836,,538572,-38205,401775
,6417,韋僑,,1372,,,,4.35,4,,上櫃,113,43606,,,,,183925,185297,,,,183925,,,207098,,20433,1056402,1490872,434470,434470,227372,,227531,,185297,,183925
,6418,詠昇,,10998,,,,1.10,4,,上櫃,113,5257,,,,,38085,49083,,,,38085,,,33312,,10030,634425,794532,160107,160107,126795,,43342,,49083,,38085
0,6419,京晨科,,2473,,,,10.46,4,,上櫃,113,6329,,,,,137667,140140,,,,137673,-6,,47287,,96709,614586,776570,161984,161984,114697,,143996,,140146,-6,137667
,6423,億而得,,-33,,,,0.98,4,,上櫃,113,6824,,,,,27776,27743,,,,,,,30700,,3900,1182,224706,223524,223524,192824,,34600,,,,27776
,6425,易發,,3129,,,,0.69,4,,上櫃,113,14126,,,,,36205,39334,,,,30305,5900,,51643,,-1312,1157998,1696999,539001,539001,487358,,50331,,33436,5898,36205
,6432,今展科,,18491,,,,1.68,4,,上櫃,113,12209,,,,,52719,71210,,,,52719,,,24109,,40819,754960,1019945,264985,264985,240876,,64928,,71210,,52719
,6435,大中,,-43536,,,,6.09,4,,上櫃,113,56478,,,,,225914,182378,,,0,225914,0,,230554,,51838,2147903,2716085,568182,568182,337628,,282392,0,182378,0,225914
,6441,廣錠,,332,,,,-2.65,4,,上櫃,113,-16821,,,,,-141551,-141219,,,,-141551,0,,-156619,,-1753,427630,540289,112659,112659,269278,,-158372,,-141219,0,-141551
,6461,益得,,,,,,-2.68,4,,上櫃,113,,,,,,-368207,-368207,,,,,,,-356127,,-12080,197404,39779,-157625,-157625,198502,,-368207,,,,-368207
,6462,神盾,,-183808,,,,-12.69,4,0,上櫃,113,-60545,,,,,-1382025,-1565833,,,,-1023467,-358558,,-1204049,,-238521,2906229,4795000,1888771,1888771,3092820,,-1442570,,-1130363,-435470,-1382025
,6465,威潤,,-430,,,,-1.32,4,,上櫃,113,-4677,,,,,-65663,-66093,,,,-65663,,,-87404,,17064,122310,160909,38599,38599,126003,,-70340,,-66093,,-65663
,6469,大樹,,12855,,,,5.16,4,,上櫃,113,166801,,,,,679964,692819,,,,680767,-803,,801186,,45579,12431678,17274254,4842576,4842576,4041390,,846765,,689612,3207,679964
,6470,宇智,,4673,,,,3.60,4,,上櫃,113,59469,,,,,135652,140325,,,,135652,,,133490,,61631,1639247,1965663,326416,326416,192926,,195121,,140325,,135652
,6474,華豫寧,,52140,,,,2.62,4,,上櫃,113,40008,,,,,122145,174285,,,,122145,,,205804,,-43651,3309274,4093872,784598,784598,578794,,162153,,174285,,122145
,6482,弘煜科,,-1656,,,,3.53,4,,上櫃,113,21470,,,,,85173,83517,,,,84257,916,,97390,,9253,3582,551740,548158,548158,450768,,106643,,82711,806,85173
,6485,點序,,4,,,,-1.36,4,,上櫃,113,-13783,,,,,-61556,-61552,,,,-61557,1,,-78844,,3505,688661,1261971,573310,573310,652154,,-75339,,-61553,1,-61556
,6486,互動,,440,,,,5.87,4,,上櫃,113,70180,,,,,285985,286425,,,-3764,286766,2983,,335796,,20369,1711476,2531238,819762,819762,483966,,356165,-3764,287206,2983,285985
,6488,環球晶,,493595,,,,21.06,4,,上櫃,113,2589786,,,,,9838780,10332375,,,,9846070,-7290,,14118185,,-1689619,42822503,62626004,19803501,19803501,5685316,,12428566,,10339560,-7185,9838780
,6492,生華科,,3621,,,,-3.29,4,,上櫃,113,1281,,,,,-293745,-290124,,,,-293745,,,-306191,,13727,523,1000,477,477,306668,,-292464,,-290124,,-293745
,6494,九齊,,1441,,,,2.63,4,,上櫃,113,-10874,,,,,82976,84417,,,,82976,,,42755,,29347,936822,1345300,408478,408478,365723,,72102,,84417,,82976
,6496,科懋,,-14630,,,,-2.14,4,,上櫃,113,11318,,,,,-98705,-113335,,,,-98705,,,-80974,,-6413,479815,861911,382096,382096,463070,,-87387,,-113335,,-98705
,6498,久禾光,,17698,,,,5.57,4,,上櫃,113,91341,,,,,228672,246370,,,,228672,,,311984,,8029,554076,1031810,477734,477734,165750,,320013,,246370,,228672
,6499,益安,,21357,,,,-8.74,4,,上櫃,113,11880,,,,,-870523,-849166,,,,-805512,-65011,,-885613,,26970,209394,292808,83414,83414,969027,,-858643,,-784971,-64195,-870523
,6506,雙邦,,2430,,,,0.75,4,,上櫃,113,21443,,,,,49183,51613,,,,61427,-12244,,68917,,1709,1647242,1907839,260597,260597,191680,,70626,,63857,-12244,49183
,6508,惠光,5088,27362,,,,1.07,4,,上櫃,113,21363,,,,,92571,119933,,,,92571,,,51124,,62810,1169153,1483668,314515,314515,268479,,113934,,119933,,92571
,6509,聚和,,86003,,,,2.71,4,,上櫃,113,185227,,,,,489909,575912,,,,489909,,,659577,,15559,3295158,4745793,1450635,1450635,791058,,675136,,575912,,489909
,6510,精測,-706,15778,,,,15.55,4,,上櫃,113,67927,,,,,484871,500649,,,,509712,-24841,,488851,,63947,1677791,3604674,1926883,1926883,1437326,,552798,,525490,-24841,484871
,6512,啟發電,,,,,,-0.95,4,,上櫃,113,,,,,,-23807,-23807,,,,-23807,,,-33033,,9226,154496,196342,41846,41846,74879,,-23807,,-23807,,-23807
,6516,勤崴國際,-650,6142,,,,1.47,4,,上櫃,113,22343,,,,,82155,88297,,,,,,,43925,,60573,192534,444187,251653,251653,207078,,104498,,,,82155
,6517,保勝光學,,2563,,,,3.67,4,,上櫃,113,28044,,,,,112105,114668,,,,112105,,,102061,,38088,297926,498964,201038,201038,98977,,140149,,114668,,112105
,6523,達爾膚,,0,,,,10.57,4,,上櫃,113,119070,,,,,476253,476253,,,,476253,,,525000,,70323,363675,1241755,878080,878080,353080,,595323,,476253,,476253
0,6527,明達醫,,0,,,,5.02,4,,上櫃,113,32227,,,,,127152,127152,,,,127152,,,145006,,14373,568890,868033,299143,299143,154137,,159379,,127152,,127152
,6530,創威,,-2,,,,1.64,4,,上櫃,113,13853,,,,,55396,55394,,,,,,,60520,,8729,159517,280934,121417,121417,60897,,69249,,,,55396
,6532,瑞耘,,354,,,,4.03,4,,上櫃,113,34981,,,,,150762,151116,,,,,,,173381,,12362,461032,719546,258514,258514,85133,,185743,,,,150762
,6535,順藥,,47,,,,-2.60,4,,上櫃,113,0,,,,,-436836,-436789,,,,-424784,-12052,,-357120,,-79716,21441,39154,17713,17713,374833,,-436836,,-424737,-12052,-436836
,6538,倉和,,16422,,,,9.23,4,,上櫃,113,138827,,,,,343989,360411,,,,343989,,,466523,,16293,1253904,2208233,954329,954329,487806,,482816,,360411,,343989
,6542,隆中,,11918,,,,2.03,4,,上櫃,113,28125,,,,,85162,97080,,,,85459,-297,,78364,,34923,159136,802063,642927,642927,564563,,113287,,96880,200,85162
,6546,正基,,-18430,,,,3.59,4,,上櫃,113,45783,,,,,238832,220402,,,,238376,456,,190544,,94071,1897919,2380628,482709,482709,292165,,284615,,219946,456,238832
,6547,高端疫苗,,66244,,,,-0.24,4,,上櫃,113,0,,,,,-80465,-14221,,,,-80465,,,-145666,,65201,209215,605637,396422,396422,542088,,-80465,,-14221,,-80465
,6548,長科*,,1091364,,,,2.02,4,,上櫃,113,430083,,,,,1931466,3022830,,,,1895822,35644,,1657091,,704458,9101502,11986794,2885292,2885292,1228201,,2361549,,2945349,77481,1931466
,6556,勝品,,3865,,,,8.85,4,,上櫃,113,64027,,,,,261850,265715,,,,254505,7345,,301172,,24705,1077433,1692175,614742,614742,313570,,325877,,257062,8653,261850
,6560,欣普羅,,2234,,,,-0.26,4,,上櫃,113,-1743,,,,,-6676,-4442,,,,,,,-53317,,44898,54540,77148,22608,22608,75925,,-8419,,,,-6676
,6561,是方,31,24378,,,,13.82,4,,上櫃,113,261122,,,,,1077352,1101730,,,,1076506,846,,1340256,,-1782,1993330,3793013,1799683,1799683,459458,,1338474,,1100596,1134,1077352
,6568,宏觀,,-1887,,,,3.85,4,,上櫃,113,15491,,,416,,117105,115218,,,,117105,,,100866,,31730,651353,1065491,414138,413722,312856,,132596,,115218,,117105
,6569,醫揚,,9862,,,,4.69,4,,上櫃,113,26282,,,,,180125,189987,,,,180914,-789,,88728,,117679,784976,1241251,456275,456275,367547,,206407,,190776,-789,180125
,6570,維田,,6507,,,,1.59,4,,上櫃,113,30930,,,,,58996,65503,,,,58996,0,,82850,,7076,558761,888810,330049,330049,247199,,89926,,65503,,58996
,6574,霈方,,15524,,,,4.10,4,,上櫃,113,21289,,,,,90258,105782,,,,90258,0,,79905,,31642,152052,583694,431642,431642,351737,,111547,,105782,0,90258
,6576,逸達,,8108,,,,-7.87,4,,上櫃,113,47869,,,,,-1081072,-1072964,,,,-1081072,,,-1079790,,46587,178888,418689,239801,239801,1319591,,-1033203,,-1072964,,-1081072
,6577,勁豐,,955,,,,6.63,4,,上櫃,113,98022,,,,,398383,399338,,,,398383,,,413964,,82441,1547716,2253021,705305,705305,291341,,496405,,399338,,398383
,6578,達邦蛋白,,6822,,,,0.17,4,,上櫃,113,4429,,,,,11637,18459,,,,11637,,,-1823,,17889,269098,337824,68726,68726,70549,,16066,,18459,,11637
,6584,南俊國際,,3179,,,,2.94,4,,上櫃,113,48049,,,,,192210,195389,,,,192210,,,203406,,36853,1422176,1924498,502322,502322,298916,,240259,,195389,,192210
,6588,東典光電,,5610,,,,-5.36,4,,上櫃,113,18919,,,,,-144669,-139059,,,,-143256,-1413,,-107673,,-18077,184872,135800,-49072,-49072,58601,,-125750,,-137646,-1413,-144669
,6590,普鴻,,33,,,,5.04,4,,上櫃,113,20715,,,,,113603,113636,,,,107209,6394,,102759,,31559,339102,586333,247231,247231,144472,,134318,,107242,6394,113603
,6593,台灣銘板,,3224,,,,0.39,4,,上櫃,113,2238,,,,,9004,12228,,,,9589,-585,,12377,,-1135,468610,628688,160078,160078,147701,,11242,,12850,-622,9004
,6596,寬宏藝術,-258,-818,,,,6.27,4,,上櫃,113,56406,,,,,208529,207711,,,,208529,,,278729,,-13794,1257391,1729668,472277,472277,193290,,264935,,207711,,208529
,6597,立誠,,-95,,,,4.62,4,,上櫃,113,35132,,,,,121636,121541,,,,,,,134524,,22244,611507,867433,255926,255926,121402,,156768,,,,121636
,6603,富強鑫,,83364,,,,0.50,4,,上櫃,113,60079,,,,,72105,155469,,,,78765,-6660,,120573,,11611,3369271,4529411,1160140,1160140,1039567,,132184,,156197,-728,72105
,6609,瀧澤科,,11810,,,,2.58,4,,上櫃,113,54746,,,,,187219,199029,,,,187219,,,160710,,81255,2121016,2691784,570768,570768,410058,,241965,,199029,,187219
,6612,奈米醫材,,58178,,,,2.41,4,,上櫃,113,109890,,,,,54513,112691,,,,103122,-48609,,123252,,41151,260064,859793,599729,599729,476477,,164403,,157264,-44573,54513
,6613,朋億*,,123899,,,,17.10,4,,上櫃,113,584527,,,,,1506347,1630246,,,,1278793,227554,,1922163,,168711,7287607,10382310,3094703,3094703,1172540,,2090874,,1408856,221390,1506347
,6615,慧智,,-117,,,,0.86,4,,上櫃,113,4487,,,,,19128,19011,,,,18430,698,,-3373,,26988,317651,453312,135661,135661,139034,,23615,,18328,683,19128
,6616,特昇-KY,,48682,,,,-1.39,4,,上櫃,113,7228,,,,,-54910,-6228,,,,-48413,-6497,,5284,,-52966,1027517,1164364,136847,136847,131563,,-47682,,212,-6440,-54910
,6617,共信-KY,,48546,,,,-0.68,4,,上櫃,113,131,,,,,-91987,-43441,,,,-82548,-9439,,-162057,,70201,23360,32040,8680,8680,170737,,-91856,,-34054,-9387,-91987
,6620,漢達,,60367,,,,3.37,4,,上櫃,113,6428,,,,,472743,533110,,,,472743,,,418059,,61112,1172,830674,829502,829502,411443,,479171,,533110,,472743
,6624,萬年清,,-1508,,,,0.71,4,,上櫃,113,4516,,,,,14449,12941,,,,14505,-56,,7051,,11914,547831,640211,92380,92380,85329,,18965,,13019,-78,14449
,6629,泰金-KY,,64433,,,,11.49,4,,上櫃,113,42731,,,,,417740,482173,,,,416922,818,,422886,,37585,1089573,1618421,528848,528848,105962,,460471,,481288,885,417740
,6637,醫影,,5012,,,,7.17,4,,上櫃,113,43358,,,,,165019,170031,,,,165019,,,199670,,8707,492934,829026,336092,336092,136422,,208377,,170031,,165019
,6640,均華,,303946,,,,14.62,4,,上櫃,113,107513,,,,,412822,716768,,,,412772,50,,441790,,78545,1518370,2441879,923509,923509,481719,,520335,,716718,50,412822
,6642,富致,,-5917,,,,3.58,4,,上櫃,113,26559,,,,,133723,127806,,,,133723,,,132808,,27474,266380,522732,256352,256352,123544,,160282,,127806,,133723
,6643,M31,,2184,,,,3.05,4,,上櫃,113,23475,,,,,126922,129106,,,,126922,,,53266,,97131,,1480903,1480903,1480903,1427637,,150397,,129106,,126922
,6649,台生材,,,,,,-0.04,4,,上櫃,113,-761,,,,,-1732,-1732,,,,,,,-11235,,8742,39266,96574,57308,57308,68543,,-2493,,,,-1732
,6651,全宇昕,5438,,,,,8.22,4,,上櫃,113,66537,,,,,283378,283378,,,,,,,270225,,79690,934309,1445626,511317,511317,246530,,349915,,,,283378
,6654,天正國際,,22959,,,,-2.28,4,,上櫃,113,-14335,,,,,-77087,-54128,,,,-75709,-1378,,-104799,,13377,266714,287528,20814,20814,125613,,-91422,,-52750,-1378,-77087
,6661,威健生技,,-5230,,,,0.05,4,,上櫃,113,544,,,,,706,-4524,,,,1107,-401,,-854,,2104,186710,322548,135838,135838,136692,,1250,,-4123,-401,706
,6662,樂斯科,,-13550,,,,1.72,4,,上櫃,113,10889,,,,,44028,30478,,,,,,,55744,,-827,177736,292498,114762,114762,59018,,54917,,,,44028
,6664,群翊,,19407,,,,16.97,4,,上櫃,113,241635,,,,,999614,1019021,,,,999614,,,930120,,311129,1198982,2497759,1298777,1298777,368657,,1241249,,1019021,,999614
,6667,信紘科,,25,,,,9.69,4,,上櫃,113,118450,,,,,435970,435995,,,,439623,-3653,,483119,,71301,2773332,3627781,854449,854449,371330,,554420,,439648,-3653,435970
,6679,鈺太,,-69026,,,,8.86,4,,上櫃,113,95558,,,,,476706,407680,,,,476706,,,380627,,191637,1233859,2113830,879971,879971,499344,,572264,,407680,,476706
,6680,鑫創電子,,816,,,,4.15,4,,上櫃,113,19017,,,,,96472,97288,,,,96472,,,60588,,54901,436454,666577,230123,230123,169535,,115489,,97288,,96472
,6683,雍智科技,,1840,,,,17.69,4,,上櫃,113,104430,,,,,479822,481662,,,,479822,,,495228,,89024,815867,1736083,920216,920216,424988,,584252,,481662,,479822
,6684,安格,,-6,,,,-4.24,4,-3658,上櫃,113,1963,,,0,,-212836,-212842,,,,-188184,-24652,,-208416,,-2457,226417,374537,148120,144462,352878,,-210873,,-188185,-24657,-212836
,6690,安碁資訊,,4350,,,,10.13,4,,上櫃,113,57092,,,,,225763,230113,,,,225763,,,293491,,-10636,1256105,2146434,890329,890329,596838,,282855,,230113,,225763
,6692,進能服,,1447,,,,0.94,4,,上櫃,113,6707,,,,,54042,55489,,,,54042,,,11995,,48754,1991129,2238452,247323,247323,235328,,60749,,55489,,54042
,6693,廣閎科,,2923,,,,3.33,4,,上櫃,113,38223,,,,,152417,155340,,,,152417,,,120834,,69806,759826,1094185,334359,334359,213525,,190640,,155340,,152417
,6697,東捷資訊,,3885,,,,2.61,4,,上櫃,113,13776,,,,,71441,75326,,,,71441,,,69473,,15744,1014930,1186477,171547,171547,102074,,85217,,75326,,71441
,6703,軒郁,,-28076,,,,10.16,4,,上櫃,113,74682,,,,,287914,259838,,,,300239,-12325,,359481,,3115,1365452,3584017,2218565,2218565,1859084,,362596,,272163,-12325,287914
,6708,天擎,,78,,,,-0.31,4,,上櫃,113,0,,,,,-9051,-8973,,,,-9051,,,-25638,,16587,95110,197445,102335,102335,127973,,-9051,,-8973,,-9051
,6712,長聖,,1599,,,,4.55,4,,上櫃,113,93493,,,44383,,367251,368850,,,,367251,,,421192,,39552,273773,933813,660040,615657,194465,,460744,,368850,,367251
,6716,應廣,,-10884,,,,4.35,4,,上櫃,113,28000,,,,,129219,118335,,,,129219,,,148439,,8780,833555,1277316,443761,443761,295322,,157219,,118335,,129219
,6720,久昌,,5463,,,,6.60,4,,上櫃,113,35149,,,,,149936,155399,,,,149936,,,159089,,25996,220917,509679,288762,288762,129673,,185085,,155399,,149936
,6721,信實,,,,,,4.39,4,,上櫃,113,25341,,,,,98846,98846,,,,98846,,,96941,,27246,3163208,3319671,156463,156463,59522,,124187,,98846,,98846
,6725,矽科宏晟,,3211,,,,18.68,4,,上櫃,113,173431,,,,,616277,619488,,,,616277,,,752658,,37050,2180926,3153687,972761,972761,220103,,789708,,619488,,616277
,6727,亞泰金屬,,5798,,,,5.69,4,,上櫃,113,34572,,,,,149814,155612,,,,149814,,,137849,,46537,1217943,1505006,287063,287063,149214,,184386,,155612,,149814
,6728,上洋,,23,,,,11.71,4,,上櫃,113,76726,,,,,303930,303953,,,,303930,,,395311,,-14655,2203828,3511415,1307587,1307587,912276,,380656,,303953,,303930
,6730,常廣,,43,,,,2.13,4,,上櫃,113,17059,,,,,68236,68279,,,,68236,,,81214,,4081,232936,454356,221420,221420,140206,,85295,,68279,,68236
,6732,昇佳電子,39,-13666,,,,11.05,4,,上櫃,113,85229,,,,,540477,526811,,,,,,,507378,,118328,3767572,4940683,1173111,1173111,665772,,625706,,,,540477
,6733,博晟生醫,,6045,,,,-0.95,4,,上櫃,113,-8308,,,,,-119940,-113895,,,,-116472,-3468,,-122260,,-5988,37140,167648,130508,130508,252768,,-128248,,-126928,13033,-119940
,6735,美達科技,,-1699,,,,2.13,4,,上櫃,113,12716,,,,,93719,92020,,,,93719,,,78302,,28133,164983,360851,195868,195868,117566,,106435,,92020,,93719
,6739,竹陞科技,,1365,,,,6.03,4,,上櫃,113,34636,,,,,127477,128842,,,,127477,,,139650,,22463,168420,409588,241168,241168,101518,,162113,,128842,,127477
,6741,91APP*-KY,,55217,,,,4.22,4,,上櫃,113,118172,,,,,497354,552571,,,,497810,-456,,528975,,86551,414566,1619203,1204637,1204637,675662,,615526,,552549,22,497354
,6751,智聯服務,,5351,,,,0.83,4,,上櫃,113,7557,,,,,23267,28618,,,,18493,4774,,6170,,24654,1571385,1804648,233263,233263,227093,,30824,,23552,5066,23267
,6752,叡揚,,31349,,,,6.14,4,,上櫃,113,41135,,,,,216940,248289,,,,216002,938,,254765,,3310,828298,1735871,907573,907573,652808,,258075,,247351,938,216940
,6761,穩得,,-3691,,,,7.25,4,,上櫃,113,56872,,,,,214380,210689,,,,214380,,,241590,,29662,1371290,2020873,649583,649583,407993,,271252,,210689,,214380
,6762,達亞,,,,,,1.87,4,,上櫃,113,1231,,,,,57189,57189,,,,,,,37261,,21159,440413,580510,140097,140097,102836,,58420,,,,57189
,6763,綠界科技*,,-114972,,,,1.94,4,,上櫃,113,84714,,,,,351678,236706,,,,357946,-6268,,381706,,54686,944105,1604497,660392,660392,278686,,436392,,242974,-6268,351678
,6767,台微醫,,194,,,,-1.62,4,,上櫃,113,28,,,,,-49046,-48852,,,,-49046,,,-48362,,-656,70962,334730,263768,263768,312130,,-49018,,-48852,,-49046
,6785,昱展新藥,,,,,,0.27,4,,上櫃,113,18879,,,,,18170,18170,,,,,,,-67944,,104993,2027,5817,3790,3790,71734,,37049,,,,18170
,6788,華景電,,14037,,,,14.34,4,,上櫃,113,201418,,,,,504445,518482,,,,513262,-8817,,675666,,30197,880542,2152393,1271851,1271851,596185,,705863,,527299,-8817,504445
,6791,虎門科技,,1595,,,,4.16,4,,上櫃,113,20000,,,,,86824,88419,,,,,,,83676,,23148,416086,675513,259427,259427,175751,,106824,,,,86824
,6803,崑鼎,,115247,,,,17.43,4,,上櫃,113,300354,,,,,1440952,1556199,,,,1255964,184988,,1554406,,186900,6803673,8530650,1726977,1726977,172571,,1741306,,1357388,198811,1440952
,6804,明係,,-1607,,,,-2.14,4,,上櫃,113,-19176,,,,,-74848,-76455,,,,-74848,,,-149203,,55179,1858292,1934981,76689,76689,225892,,-94024,,-76455,,-74848
,6811,宏碁資訊,,9962,,,,13.00,4,,上櫃,113,126318,,,,,538964,548926,,,,538964,,,654958,,10324,7565890,8687665,1121775,1121775,466817,,665282,,548926,,538964
,6821,聯寶,,8441,,,,1.19,4,,上櫃,113,9126,,,,,36917,45358,,,,36917,,,20673,,25370,379695,566052,186357,186357,165684,,46043,,45358,,36917
,6823,濾能,,18795,,,,-7.30,4,,上櫃,113,-3940,,,,,-173683,-154888,,,,-162303,-11380,,-184744,,7121,447289,446850,-439,-439,184305,,-177623,,-143508,-11380,-173683
,6829,千附精密,,-78,,,,5.66,4,,上櫃,113,80015,,,,,335132,335054,,,,,,,341451,,73696,985299,1519633,534334,534334,192883,,415147,,,,335132
,6840,東研信超,,13256,,,,0.54,4,,上櫃,113,-6804,,,,,15501,28757,,,,15501,,,-11859,,20556,522744,838244,315500,315500,327359,,8697,,28757,,15501
,6841,長佳智能,,,,,,0.31,4,,上櫃,113,19876,,,,,36742,36742,,,,30312,6430,,30491,,26127,129705,337517,207812,207812,177321,,56618,,30312,6430,36742
,6843,進典,,8738,,,,2.38,4,,上櫃,113,25783,,,,,79325,88063,,,,79325,,,103189,,1919,467105,743292,276187,276187,172998,,105108,,88063,,79325
,6844,諾貝兒,,3815,,,,3.00,4,,上櫃,113,27391,,,,,111578,115393,,,,,,,119801,,19168,2264315,3399813,1135498,1135498,1015697,,138969,,,,111578
,6846,綠茵,,7,,,,5.43,4,,上櫃,113,37704,,,,,145997,146004,,,,145997,,,167862,,15839,458015,873243,415228,415228,247366,,183701,,146004,,145997
,6855,數泓科,,,,,,9.20,4,,上櫃,113,57567,,,,,213861,213861,,,,,,,197449,,73979,315017,621907,306890,306890,109441,,271428,,,,213861
,6856,鑫傳,,2888,,,,4.12,4,,上櫃,113,28314,,,,,113811,116699,,,,116118,-2307,,124564,,17561,206715,640350,433635,433635,309071,,142125,,117091,-392,113811
,6859,伯特光,,317,,,,3.14,4,,上櫃,113,24146,,,,,122935,123252,,,,122935,,,36849,,110232,548754,681669,132915,132915,96066,,147081,,123252,,122935
,6865,偉康科技,,-94,,,,2.15,4,,上櫃,113,4885,,,,,31297,31203,,,,,,,34006,,2176,328818,517929,189111,189111,155105,,36182,,,,31297
,6870,騰雲,0,2021,,,,5.04,4,,上櫃,113,21854,,,,,113948,115969,,,,115447,-1499,,124459,,11343,202864,668457,465593,465593,341134,,135802,,117499,-1530,113948
,6872,浩宇生醫,,-516,,,,-1.56,4,,上櫃,113,,,,,,-97962,-98478,,,,-95125,-2837,,-110882,,12920,17848,27530,9682,9682,120564,,-97962,,-95485,-2993,-97962
,6874,倍力,,-102,,,,4.46,4,,上櫃,113,24527,,,,,98157,98055,,,,,,,126474,,-3790,1526365,1773324,246959,246959,120485,,122684,,,,98157
,6875,國邑*,,11,,,,-1.32,4,,上櫃,113,0,,,,,-166653,-166642,,,,-166653,,,-218567,,51914,40665,167568,126903,126903,345470,,-166653,,-166642,,-166653
,6877,鏵友益,,-3995,,,,1.25,4,,上櫃,113,10344,,,,,47321,43326,,,,47321,,,26768,,30897,250796,480577,229781,229781,203013,,57665,,43326,,47321
,6881,潤德,,20128,,,,15.52,4,,上櫃,113,54414,,,,,224005,244133,,,,,,,263668,,14751,1612246,2005109,392863,392863,129195,,278419,,,,224005
,6884,海柏特,,19721,,,,2.04,4,,上櫃,113,18477,,,,,33230,52951,,,,33082,148,,49876,,1831,968233,1193006,224773,224773,174897,,51707,,52886,65,33230
,6894,衛司特,,12326,,,,8.50,4,,上櫃,113,72271,,,,,208146,220472,,,,202397,5749,,258931,,21486,609487,980178,370691,370691,111760,,280417,,213743,6729,208146
,6895,宏碩系統,,,,,,2.55,4,,上櫃,113,18900,,,,,86809,86809,,,,,,,94594,,11115,227007,413766,186759,186759,92165,,105709,,,,86809
,6899,創為精密,,2355,,,,3.40,4,,上櫃,113,38938,,,,,139791,142146,,,,140759,-968,,131427,,47302,558562,940378,381816,381816,250389,,178729,,143114,-968,139791
,6903,巨漢,,,,,,9.28,4,,上櫃,113,166320,,,,,594314,594314,,,,,,,727894,,32740,2012055,2886347,874292,874292,146398,,760634,,,,594314
,6904,伯鑫,,1493,,,,10.47,4,,上櫃,113,47907,,,,,193697,195190,,,,193697,,,212192,,29412,579599,889647,310048,310048,97856,,241604,,195190,,193697
,6907,雅特力-KY,,20466,,,,1.67,4,,上櫃,113,14434,,,,,85336,105802,,,,85336,,,77687,,22083,1150176,1634903,484727,484727,407040,,99770,,105802,,85336
,6910,德鴻,,3442,,,,1.12,4,,上櫃,113,-883,,,,,30031,33473,,,,30031,,,27645,,1503,122012,295796,173784,173784,146139,,29148,,33473,,30031
,6913,鴻呈,,19791,,,,4.78,4,,上櫃,113,60258,,,,,197315,217106,,,,185572,11743,,224725,,32848,1570608,2162996,592388,592388,367663,,257573,,203515,13591,197315
,6922,宸曜,,7841,,,,7.57,4,,上櫃,113,54270,,,,,193746,201587,,,,193746,,,217722,,30294,818033,1445332,627299,627299,409577,,248016,,201587,,193746
,6925,意藍,,208,,,,2.74,4,,上櫃,113,9343,,,,,48374,48582,,,,,,,52960,,4757,34316,183389,149073,149073,96113,,57717,,,,48374
,6929,佑全,,-2452,,,,-1.09,4,,上櫃,113,-1118,,,,,-47176,-49628,,,,,,,-50011,,1717,2165294,3269204,1103910,1103910,1153921,,-48294,,,,-47176
,6945,圓祥生技,,-1082,,,,-5.61,4,,上櫃,113,0,,,,,-422746,-423828,,,,-422746,,,-439056,,16310,0,0,0,0,439056,,-422746,,-423828,,-422746
,6953,家碩,,639,,,,8.25,4,,上櫃,113,66201,,,,,239746,240385,,,,239746,,,273299,,32648,728196,1301925,573729,573729,300430,,305947,,240385,,239746
,6961,旅天下,,44860,,,,3.63,4,,上櫃,113,23091,,,,,82895,127755,,,,85878,-2983,,99544,,6442,3926384,4537351,610967,610967,511423,,105986,,130738,-2983,82895
,6967,汎瑋材料,,16056,,,,3.37,4,,上櫃,113,20715,,,,,78197,94253,,,,78197,,,75695,,23217,1036623,1341983,305360,305360,229665,,98912,,94253,,78197
,6968,萬達寵物,,-499,,,,2.44,4,,上櫃,113,308,,,,,100805,100306,,,,100827,-22,,100546,,567,1706818,2877010,1170192,1170192,1069646,,101113,,100328,-22,100805
,6971,惠民實業,,1303,,,,2.71,4,,上櫃,113,26744,,,,,95425,96728,,,,95425,,,132184,,-10015,1882943,2090784,207841,207841,75657,,122169,,96728,,95425
,6982,大井泵浦,,2547,,,,2.85,4,,上櫃,113,14851,,,,,101158,103705,,,,101158,,,109556,,6453,1149027,1612759,463732,463732,354176,,116009,,103705,,101158
,6983,華洋精機,,,,,,3.89,4,,上櫃,113,13421,,,,,61805,61805,,,,,,,71345,,3881,99540,250976,151436,151436,80091,,75226,,,,61805
,6986,和迅,,,,,,3.20,4,,上櫃,113,14246,,,,,147223,147223,,,,,,,155731,,5738,25747,286418,260671,260671,104940,,161469,,,,147223
,6996,力領科技,930,570,,,,15.37,4,,上櫃,113,87587,,,,,588556,589126,,,,,,,644361,,31782,1772747,2969215,1196468,1196468,553037,,676143,,,,588556
,6997,博弘,,5998,,,,6.11,4,,上櫃,113,38071,,,,,123037,129035,,,,123037,,,155267,,5841,3509063,4002787,493724,493724,338457,,161108,,129035,,123037
,7402,邑錡,,0,,,,1.47,4,,上櫃,113,9150,,,,,51835,51835,,,,,,,25878,,35107,337080,507865,170785,170785,144907,,60985,,,,51835
0,7547,碩網,,2340,,,,2.01,4,,上櫃,113,13078,,,,,57671,60011,,,0,57671,0,,56635,,14114,184560,333402,148842,148842,92207,,70749,0,60011,0,57671
,7556,意德士科技,,85890,,,,5.82,4,,上櫃,113,29824,,,,,146931,232821,,,,146931,,,127826,,48929,379412,626961,247549,247549,119723,,176755,,232821,,146931
,7584,樂意,,10428,,,,4.06,4,,上櫃,113,15598,,,,,61907,72335,,,,62524,-617,,95403,,-17898,517172,1011516,494344,494344,398941,,77505,,72714,-379,61907
,7642,昶瑞機電,,,,,,6.40,4,,上櫃,113,42912,,,,,169701,169701,,,,,,,191070,,21543,673513,958282,284769,284769,93699,,212613,,,,169701
,7703,銳澤,,-135,,,,7.41,4,,上櫃,113,49058,,,,,237289,237154,,,,237289,,,266207,,20140,1531022,1951312,420290,420290,154083,,286347,,237154,,237289
0,7704,明遠精密,1,4563,,,,2.91,4,,上櫃,113,20123,,,,,89548,94111,,,,89548,0,,98494,,11177,490384,760258,269874,269874,171381,,109671,,94111,0,89548
,7708,全家餐飲,,4302,,,,5.39,4,,上櫃,113,32428,,,,,128480,132782,,,,128480,,,158541,,2367,1251136,2379129,1127993,1127993,969452,,160908,,132782,,128480
,7709,榮田,,344,,,,5.19,4,,上櫃,113,46042,,,,,179058,179402,,,,,,,151196,,73904,1099139,1456414,357275,357275,206079,,225100,,,,179058
,7712,博盛半導體,,865,,,,8.39,4,,上櫃,113,66272,,,,,247446,248311,,,,247446,,,254788,,58930,918519,1402519,484000,484000,229212,,313718,,248311,,247446
,7713,威力德生醫,,-11893,,,,4.09,4,,上櫃,113,44994,,,,,170212,158319,,,,170212,,,214137,,1069,674801,991125,316324,316324,102187,,215206,,158319,,170212
,7714,創泓科技,,1675,,,,5.07,4,,上櫃,113,24102,,,,,94534,96209,,,0,94534,0,,121393,,-2757,969116,1243937,274821,274821,153428,,118636,0,96209,0,94534
,7715,裕山,,314,,,,5.06,4,,上櫃,113,36383,,,,,147227,147541,,,,147227,,,199404,,-15794,1351498,1715266,363768,363768,164364,,183610,,147541,,147227
,7716,昱臺國際,,15934,,,,2.65,4,,上櫃,113,19533,,,,,53341,69275,,,,52915,426,,64705,,8169,1622261,2025864,403603,403603,338898,,72874,,68674,601,53341
,7717,萊德光電-KY,,24222,,,,3.35,4,,上櫃,113,26897,,,,,73466,97688,,,,72209,1257,,92845,,7518,272837,692805,419968,419968,327123,,100363,,96026,1662,73466
,7718,友鋮,,997,,,,6.08,4,,上櫃,113,60417,,,,,248519,249516,,,,248519,0,,229809,,79127,1923742,2408468,484726,484726,254917,,308936,,249516,0,248519
,7723,築間,,119,,,,4.06,4,,上櫃,113,21379,,,,,171029,171148,,,,185936,-14907,,247476,,-55068,3134887,5783701,2648814,2648814,2401338,,192408,,185155,-14007,171029
0,7728,光焱科技,,-23,,,,8.79,4,,上櫃,113,27179,,,,,108268,108245,,,,108268,,,108408,,27039,135073,380116,245043,245043,136635,,135447,,108245,,108268
,7734,印能科技,,3309,,,,44.53,4,,上櫃,113,236886,,,,,895554,898863,,,0,893766,1788,,855085,,277355,663140,1800351,1137211,1137211,282126,,1132440,0,896709,2154,895554
,7738,東聯互動,229719,24138,,,,9.51,4,,上櫃,113,63514,,,,,233626,257764,,,,233626,,,322553,,-25413,221501,434188,212687,212687,119853,,297140,,257764,,233626
,7743,金利食安,,,,,,1.85,4,,上櫃,113,14553,,,,,61712,61712,,,,61712,,,62238,,14027,428744,642366,213622,213622,151384,,76265,,61712,,61712
,7744,崴寶,,8466,,,,10.72,4,,上櫃,113,39704,,,,,300281,308747,,,,300281,0,,289819,,50166,892999,1478885,585886,585886,296067,,339985,,308747,0,300281
,7747,昕奇雲端,,3100,,,,4.07,4,,上櫃,113,24527,,,,,102822,105922,,,,95465,7357,,120191,,7158,1199649,1429689,230040,230040,109849,,127349,,98565,7357,102822
,7751,竑騰,,2907,,,,12.02,4,,上櫃,113,73605,,,,,293331,296238,,,,293544,-213,,347467,,19469,527938,1144784,616846,616846,269379,,366936,,296371,-133,293331
,7753,星亞,,,,,,3.56,4,,上櫃,113,19810,,,,,78686,78686,,,,,,,80950,,17546,537955,797307,259352,259352,178402,,98496,,,,78686
,7757,金色三麥,,131,,,,10.01,4,,上櫃,113,53228,,,,,220909,221040,,,,219414,1495,,272850,,1287,985937,2203975,1218038,1218038,945188,,274137,,219545,1495,220909
,7767,仁大資訊,,-50,,,,4.42,4,,上櫃,113,29321,,,,,114125,114075,,,,114125,,,132621,,10825,2143558,2437947,294389,294389,161768,,143446,,114075,,114125
,7770,君曜,,26,,,,5.27,4,,上櫃,113,30514,,,,,141147,141173,,,,141147,,,116566,,55095,249246,454609,205363,205363,88797,,171661,,141173,,141147
,7772,耀穎,,,,,,1.30,4,,上櫃,113,9840,,,,,31416,31416,,,,,,,24875,,16381,272863,377969,105106,105106,80231,,41256,,,,31416
,7777,能率亞洲,,125025,,,,0.67,4,,上櫃,113,2116,,,,,109173,234198,,,,,,,87378,,23911,,120734,120734,120734,33356,,111289,,,,109173
,7782,光速火箭,,,,,,3.10,4,,上櫃,113,15627,,,,,60508,60508,,,,60508,,,70775,,5360,215753,711385,495632,495632,424857,,76135,,60508,,60508
,7792,安葆,,-2677,,,,9.75,4,,上櫃,113,122073,,,,,332838,330161,,,,332838,,,464061,,-9150,3894706,4587558,692852,692852,228791,,454911,,330161,,332838
,7794,宏碁智新,,-126,,,,1.01,4,,上櫃,113,16744,,,,,25331,25205,,,0,25331,0,,38289,,3786,624934,834146,209212,209212,170923,,42075,0,25205,0,25331
,7805,威聯通,,-89251,,,,17.58,4,,上櫃,113,127316,,,,,1187746,1098495,,,,1187746,0,,1098182,,216880,2520977,5906620,3385643,3385643,2287461,,1315062,,1098495,0,1187746
,7810,捷創科技,,2447,,,,4.41,4,,上櫃,113,19475,,,,,68034,70481,,,,68034,,,56708,,30801,236920,441720,204800,204800,148092,,87509,,70481,,68034
,7811,民盛,,54508,,,,9.18,4,,上櫃,113,56774,,,,,275010,329518,,,,275010,,,277808,,53976,1943324,2604802,661478,661478,383670,,331784,,329518,,275010
,7814,海昌生技,,,,,,0.21,4,,上櫃,113,0,,,,,7880,7880,,,,7880,,,18829,,-10949,24277,98058,73781,73781,54952,,7880,,7880,,7880
,7819,精誠金融,,0,,,,2.31,4,,上櫃,113,13855,,,,,55962,55962,,,,,,,70323,,-506,254625,482789,228164,228164,157841,,69817,,,,55962
,7820,立盈,,326,,,,1.69,4,,上櫃,113,11927,,,,,48825,49151,,,,,,,61604,,-852,70702,188146,117444,117444,55840,,60752,,,,48825
,7825,和亞智慧,,-17571,,,,2.79,4,,上櫃,113,8992,,,,,60216,42645,,,,60216,,,49180,,20028,112459,282458,169999,169999,120819,,69208,,42645,,60216
,7828,創新服務,,89,,,,5.25,4,,上櫃,113,17228,,,,,149887,149976,,,,149887,,,150508,,16607,80150,406017,325867,325867,175359,,167115,,149976,,149887
,7839,達人網,,156,,,,2.23,4,,上櫃,113,6509,,,,,25709,25865,,,0,25709,,,30181,,2037,15826,159980,144154,144154,113973,,32218,0,25865,,25709
,7842,天能綠電,,,,,,5.57,4,,上櫃,113,6409,,,,,25215,25215,,,,,,,31173,,451,972498,1023704,51206,51206,20033,,31624,,,,25215
,8024,佑華,,6887,,,,-1.15,4,,上櫃,113,-76,,,,,-51995,-45108,,,,-51995,,,-74123,,22052,154405,224068,69663,69663,143786,,-52071,,-45108,,-51995
,8027,鈦昇,,28995,,,,-0.51,4,,上櫃,113,5513,,,,,-58859,-29864,,,,-51125,-7734,,-118939,,65593,1047264,1644908,597644,597644,716583,,-53346,,-23169,-6695,-58859
,8032,光菱,,485134,,,,2.15,4,,上櫃,113,28934,,,,,111612,596746,,,,111494,118,,83185,,57361,2467012,2889741,422729,422729,339544,,140546,,596320,426,111612
,8034,榮群,,94,,,,1.00,4,,上櫃,113,13850,,,,,60372,60466,,,,60372,,,61225,,12997,235056,424417,189361,189361,128136,,74222,,60466,,60372
,8038,長園科,,267,,,,-1.54,4,,上櫃,113,0,,,,,-101296,-101029,,,,-96185,-5111,,-107475,,6179,170237,176689,6452,6452,113927,,-101296,,-95918,-5111,-101296
,8040,九暘,,0,,,,-1.38,4,,上櫃,113,0,,,,,-113797,-113797,,,,,,,-104745,,-9052,419626,644041,224415,224415,329160,,-113797,,,,-113797
,8042,金山電,,299044,,,,0.60,4,,上櫃,113,59108,,,,,78091,377135,,,,77429,662,,140167,,-2968,2755627,3430181,674554,674554,534387,,137199,,373286,3849,78091
,8043,蜜望實,,37511,,,,1.53,4,,上櫃,113,13952,,,,,121377,158888,,,,121377,,,-12726,,148055,4478313,4688007,209694,209694,222420,,135329,,158888,,121377
,8044,網家,,-172939,,,,-4.08,4,,上櫃,113,115584,,,,,-428091,-601030,,,,-576325,148234,,-353740,,41233,32675549,37563048,4887499,4887499,5241239,,-312507,,-722791,121761,-428091
,8047,星雲,,26530,,,,-0.35,4,,上櫃,113,5419,,,,,-14428,12102,,,,-14428,,,-11925,,2916,310699,488392,177693,177693,189618,,-9009,,12102,,-14428
,8048,德勝,,-25399,,,,2.36,4,,上櫃,113,31912,,,,,136402,111003,,,,136402,,,139128,,29186,698358,1018413,320055,320055,180927,,168314,,111003,,136402
,8049,晶采,,32080,,,,2.50,4,,上櫃,113,51809,,,,,295715,327795,,,,295715,,,186028,,161496,958709,1322550,363841,363841,177813,,347524,,327795,,295715
,8050,廣積,,208936,,,,4.06,4,,上櫃,113,72037,,,0,,508966,717902,,,,588282,-79316,,109314,,471689,3945852,5180150,1234298,1234298,1124984,,581003,,796756,-78854,508966
,8054,安國,,-96143,,,,-2.29,4,-3658,上櫃,113,-101830,,,0,,-348328,-444471,,,,-223279,-125049,,-528988,,78830,1479397,2195929,716532,712874,1241862,,-450158,,-319820,-124651,-348328
,8059,凱碩,,4284,,,,-1.84,4,,上櫃,113,0,,,,,-355059,-350775,,,,-355059,,,-382646,,27587,575540,411280,-164260,-164260,218386,,-355059,,-350775,,-355059
,8064,東捷,,87689,,,,0.79,4,,上櫃,113,25482,,,,,173907,261596,,,,130501,43406,,30863,,168526,1918574,2603886,685312,685312,654449,,199389,,217356,44240,173907
,8066,來思達,,50691,,,,-0.24,4,,上櫃,113,-5121,,,,,19464,70155,,,,-7157,26621,,23580,,-9237,4416125,5038128,622003,622003,598423,,14343,,37265,32890,19464
,8067,志旭,,5118,,,,-0.71,4,,上櫃,113,-148,,,,,-14865,-9747,,,,-14603,-262,,-23413,,8400,59997,109418,49421,49421,72834,,-15013,,-9486,-261,-14865
,8068,全達,,-71353,,,,2.30,4,,上櫃,113,11152,,,,,179449,108096,,,,185966,-6517,,-116269,,306870,719154,750191,31037,31037,147306,,190601,,115569,-7473,179449
,8069,元太,,4165429,,,,7.75,4,,上櫃,113,1956476,,,,,8922463,13087892,,,,8867482,54981,,7618784,,3260155,16198461,32163133,15964672,15964672,8345888,,10878939,,13039202,48690,8922463
,8071,能率網通,,53061,,,,-0.95,4,2518,上櫃,113,10195,,,0,,-42385,10676,,,0,-49454,7069,,-36654,,4464,1719960,2032772,312812,315330,351984,,-32190,0,1699,8977,-42385
,8074,鉅橡,172,24368,,,,1.17,4,,上櫃,113,24787,,,,,103150,127518,,,,94944,8206,,112563,,15374,968697,1257567,288870,288870,176479,,127937,,119011,8507,103150
,8076,伍豐,,317421,,,,1.49,4,31430,上櫃,113,114802,,,781,,443297,760718,,,,434044,9253,,104894,,453205,1533116,2230101,696985,727634,622740,,558099,,750821,9897,443297
,8077,洛碁,0,,,,,4.40,4,,上櫃,113,25642,,,,,96546,96546,,,,,,,170347,,-48159,751325,1066421,315096,315096,144749,,122188,,,,96546
,8080,泰霖,,-17629,,,,-0.48,4,,上櫃,113,458,,,,,-18001,-35630,,,,-18001,,,-2332,,-15211,138424,161392,22968,22968,25300,,-17543,,-35630,,-18001
,8083,瑞穎,,,,,,10.19,4,,上櫃,113,89870,,,,,358007,358007,,,,,,,427568,,20309,833814,1467107,633293,633293,205725,,447877,,,,358007
,8084,巨虹,,9123,,,,1.01,4,,上櫃,113,4695,,,,,72535,81658,,,,69932,2603,,50221,,27009,384289,635964,251675,251675,201454,,77230,,79055,2603,72535
,8085,福華,,176093,,,,-0.86,4,,上櫃,113,17646,,,,,-120351,55742,,,,-120351,,,-187428,,84723,568642,596257,27615,27615,215043,,-102705,,55742,,-120351
,8086,宏捷科,,,,,,2.65,4,,上櫃,113,76099,,,,,520924,520924,,,,,,,525147,,71876,3570491,4455584,885093,885093,359946,,597023,,,,520924
,8087,麗升能源,,5626,,,,0.61,4,,上櫃,113,5315,,,,,22226,27852,,,,22226,0,,14510,,13031,664593,777629,113036,113036,98526,,27541,,27852,0,22226
,8088,品安,0,2828,,,,0.16,4,,上櫃,113,2475,,,,,10037,12865,,,,,,,-46737,,59249,1072282,1075748,3466,3466,50203,,12512,,,,10037
,8089,康全電訊,,57890,,,,8.29,4,,上櫃,113,92573,,,,,486153,544043,,,,486153,,,455960,,122766,2778422,3946780,1168358,1168358,712398,,578726,,544043,,486153
,8091,翔名,,20577,,,,7.50,4,,上櫃,113,75188,,,,,376140,396717,,,,375424,716,,334009,,117319,1319763,2002138,682375,682375,348366,,451328,,396014,703,376140
,8092,建暐,,4434,,,,-0.50,4,,上櫃,113,-140,,,,,-27282,-22848,,,,-27269,-13,,-29584,,2162,251270,316120,64850,64850,94434,,-27422,,-22835,-13,-27282
,8093,保銳,,4699,,,,-3.16,4,,上櫃,113,2008,,,,,-172909,-168210,,,,-172904,-5,,-172519,,1618,212425,246880,34455,34455,206974,,-170901,,-168205,-5,-172909
,8096,擎亞,,103433,,,,3.27,4,,上櫃,113,8116,,,,,487971,591404,,,,488214,-243,,769924,,-273837,27429011,28246400,817389,817389,47465,,496087,,591647,-243,487971
,8097,常珵,,7701,,,,0.38,4,,上櫃,113,3732,,,,,24994,32695,,,,24994,0,,-40519,,69245,174438,245830,71392,71392,111911,,28726,,32695,0,24994
,8099,大世科,,1839,,,,2.31,4,,上櫃,113,45809,,,,,204368,206207,,,,204368,0,,218507,,31670,2976825,3930226,953401,953401,734894,,250177,,206207,0,204368
,8102,傑霖科技,,304,,,,5.50,4,,上櫃,113,36882,,,,,117554,117858,,,,117554,,,136726,,17710,301679,567578,265899,265899,129173,,154436,,117858,,117554
,8107,大億金茂,,25101,,,,1.81,4,,上櫃,113,30168,,,,,135638,160739,,,,135757,-119,,22408,,143398,679128,923609,244481,244481,222073,,165806,,160858,-119,135638
,8109,博大,,6858,,,,6.48,4,,上櫃,113,123214,,,,,532130,538988,,,,532130,,,501134,,154210,787931,1514692,726761,726761,225627,,655344,,538988,,532130
,8111,立碁,0,19541,,,,0.91,4,,上櫃,113,22958,,,,,98233,117774,,,,98952,-719,,38008,,83183,567734,809094,241360,241360,203352,,121191,,118435,-661,98233
,8121,越峰,-3074,140360,,,,0.73,4,,上櫃,113,15332,,,,,130197,270557,,,,155298,-25101,,97150,,48379,2457590,3095379,637789,637789,537565,,145529,,251068,19489,130197
0,8147,正淩,0,23649,,,,2.03,4,0,上櫃,113,17703,,,0,,77214,100863,,,0,75907,1307,,81915,,13002,780192,1258661,478469,478469,396554,,94917,0,99485,1378,77214
,8155,博智,,673,,,,4.69,4,,上櫃,113,28706,,,,,236356,237029,,,0,236356,0,,248085,,16977,3035751,3615755,580004,580004,331919,,265062,0,237029,0,236356
,8171,天宇,,29396,,,,-1.29,4,,上櫃,113,-13363,,,,,-101035,-71639,,,,-98417,-2618,,-170887,,56489,917501,953703,36202,36202,207089,,-114398,,-69021,-2618,-101035
,8176,智捷,-787,9794,,,,0.45,4,,上櫃,113,7622,,,,,29926,39720,,,,30806,-880,,16110,,21438,380159,562311,182152,182152,165255,,37548,,40230,-510,29926
,8182,加高,,72523,,,,2.44,4,,上櫃,113,112713,,,,,262023,334546,,,,261465,558,,352460,,22276,2235136,2934011,698875,698875,346415,,374736,,333418,1128,262023
,8183,精星,,50576,,,,3.26,4,,上櫃,113,138865,,,,,393545,444121,,,,393545,,,476943,,55467,6307124,7326013,1018889,1018889,541946,,532410,,444121,,393545
,8227,巨有科技,,2790,,,,1.65,4,,上櫃,113,16065,,,,,62726,65516,,,,,,,41355,,37436,489470,682235,192765,192765,151410,,78791,,,,62726
,8234,新漢,,41923,,,,0.60,4,,上櫃,113,-102303,,,,,47855,89778,,,,84890,-37035,,-145132,,90684,4125619,5421065,1295446,1295446,1440578,,-54448,,127367,-37589,47855
,8240,華宏,,308903,,,,3.04,4,,上櫃,113,150622,,,,,311306,620209,,,,301121,10185,,236893,,225035,6413888,7512293,1098405,1098405,861512,,461928,,604071,16138,311306
,8255,朋程,,-584735,,,,8.24,4,,上櫃,113,130905,,,,,897429,312694,,,,836184,61245,,781176,,247158,5336555,7582182,2245627,2245627,1464451,,1028334,,257318,55376,897429
,8272,全景軟體,,,,,,4.04,4,,上櫃,113,18265,,,,,70882,70882,,,,,,,82956,,6191,99760,412790,313030,313030,230074,,89147,,,,70882
,8277,商丞,,4218,,,,-0.72,4,,上櫃,113,48,,,,,-82950,-78732,,,,-66418,-16532,,-64836,,-18066,221722,293682,71960,71960,136796,,-82902,-16532,-62200,,-82950
,8279,生展,,-292,,,,8.86,4,,上櫃,113,59404,,,,,240207,239915,,,,240207,,,303301,,-3690,1289656,2013592,723936,723936,420635,,299611,,239915,,240207
,8284,三竹,,,,,,5.56,4,,上櫃,113,64895,,,,,257450,257450,,,,257450,,,289476,,32869,2130928,2788030,657102,657102,367626,,322345,,257450,,257450
,8289,泰藝,,62671,,,,0.40,4,,上櫃,113,19819,,,,,27367,90038,,,,27367,0,,-6702,,53888,1163388,1503452,340064,340064,346766,,47186,,90038,0,27367
,8291,尚茂,,941,,,,-1.22,4,,上櫃,113,74,,,,,-70366,-69425,,,,,,,-66140,,-4152,55584,10136,-45448,-45448,20692,,-70292,,,,-70366
,8299,群聯,,20579,,,,38.95,4,,上櫃,113,1795067,,,8996,,7953999,7974578,,,,7953206,793,,3533084,,6215982,39827755,58935513,19107758,19098762,15565678,,9749066,,7973842,736,7953999
,8342,益張,,8428,,,,7.64,4,,上櫃,113,48709,,,,,257185,265613,,,,256212,973,,234481,,71413,1301084,1744617,443533,443533,209052,,305894,,264760,853,257185
,8349,恒耀國際,-4677,238892,,,,4.27,4,,上櫃,113,364493,,,,,706403,945295,,,,739314,-32911,,979426,,91470,10371412,13136685,2765273,2765273,1781170,,1070896,,962566,-17271,706403
,8354,冠好,,27997,,,,1.58,4,,上櫃,113,36208,,,,,123844,151841,,,,123844,,,-8564,,168616,555039,640100,85061,85061,93625,,160052,,151841,,123844
,8358,金居,,4323,,,,3.65,4,,上櫃,113,226803,,,,,921809,926132,,,,921809,,,1142934,,5678,5467514,6821558,1354044,1354044,211110,,1148612,,926132,,921809
,8383,千附,,46197,,,,3.50,4,,上櫃,113,118950,,,,,518411,564608,,,,394422,123989,,533561,,103800,2036203,2967516,931313,931313,397752,,637361,,440647,123961,518411
0,8390,金益鼎,,74501,,,,4.84,4,,上櫃,113,53276,,,,,465434,539935,,,,465434,0,,588283,,-69573,4109023,4935997,826974,826974,238691,,518710,,539935,0,465434
,8401,白紗科,,2656,,,,2.59,4,,上櫃,113,44127,,,,,170770,173426,,,,,,,215292,,-395,1082979,1557419,474440,474440,259148,,214897,,,,170770
,8403,盛弘,214382,-76034,,,,1.53,4,,上櫃,113,51512,,,,,122398,46364,,,,200097,-77699,,178489,,-4579,3611427,4325831,714404,714404,750297,,173910,,125174,-78810,122398
,8409,商之器,,4656,,,,0.07,4,0,上櫃,113,4226,,,76,,2140,6796,,,,2140,0,,3298,,3068,102916,280954,178038,177962,174664,,6366,,6796,0,2140
,8410,森田,,388,,,,7.54,4,,上櫃,113,66323,,,,,276033,276421,,,,,,,219823,,122533,705710,1169699,463989,463989,244166,,342356,,,,276033
,8415,大國鋼,17,-1832756,,,,2.22,4,,上櫃,113,810419,,,,,2293558,460802,,,,2280218,13340,,2912047,,191930,15184392,22710399,7526007,7526007,4613977,,3103977,,464380,-3578,2293558
,8416,實威,,4997,,,,11.01,4,,上櫃,113,81074,,,,,310500,315497,,,,310500,,,345472,,46102,776031,1541912,765881,765881,420409,,391574,,315497,,310500
,8421,旭源,,-2016,,,,0.02,4,1062,上櫃,113,8544,,,3285,,-2926,-4942,,,,816,-3742,,34438,,-28820,985599,1223309,237710,235487,201049,,5618,,485,-5427,-2926
,8423,保綠-KY,,18172,,,,0.62,4,,上櫃,113,11839,,,,,23363,41535,,,,23363,,,36665,,-1463,271252,369805,98553,98553,61888,,35202,,41535,,23363
,8424,惠普,,1135,,,,4.61,4,,上櫃,113,40989,,,,,166383,167518,,,,166383,,,191326,,16046,725070,1027632,302562,302562,111236,,207372,,167518,,166383
0,8426,紅木-KY,,88078,,,,5.03,4,0,上櫃,113,91375,,,0,,252695,340773,,,,252695,,,358359,,-14289,1962563,2867765,905202,905202,546843,,344070,,340773,0,252695
,8431,匯鑽科,,38772,,,,1.26,4,,上櫃,113,26731,,,,,59318,98090,,,,54875,4443,,82372,,3677,751449,1028623,277174,277174,194802,,86049,,83257,14833,59318
0,8432,東生華,0,220230,,,,2.95,4,0,上櫃,113,39285,,,0,,134148,354378,,,0,113093,21055,,169856,,3577,532954,1115716,582762,582762,412906,,173433,0,333288,21090,134148
,8433,弘帆,,59226,,,,9.84,4,,上櫃,113,149825,,,,,527459,586685,,,,529754,-2295,,492723,,184561,2646228,3609293,963065,963065,470342,,677284,,588980,-2295,527459
,8435,鉅邁,,6944,,,,4.68,4,,上櫃,113,48721,,,,,148494,155438,,,,148494,,,176272,,20943,365691,721072,355381,355381,179109,,197215,,155438,,148494
,8436,大江,,131619,,,,7.60,4,,上櫃,113,160735,,,,,973728,1105347,,,,851499,122229,,1027727,,106736,4062460,7240266,3177806,3177806,2150079,,1134463,,981148,124199,973728
,8437,大地-KY,,57836,,,,0.31,4,,上櫃,113,-23157,,,,,14712,72548,,,,14712,,,11733,,-20178,126116,312216,186100,186100,174367,,-8445,,72548,,14712
,8440,綠電,,1362,,,,0.54,4,,上櫃,113,3721,,,,,23430,24792,,,,23430,,,19398,,7753,901444,972062,70618,70618,51220,,27151,,24792,,23430
,8444,綠河-KY,,352082,,,,-8.88,4,,上櫃,113,-18100,,,,,-896615,-544533,,,,-887674,-8941,,-226936,,-687779,4350172,4883129,532957,532957,759893,,-914715,,-531834,-12699,-896615
,8446,華研,,885,,,,11.44,4,,上櫃,113,141591,,,,,605608,606493,,,,605429,179,,593035,,154164,513598,1375487,861889,861889,268854,,747199,,606323,170,605608
,8450,霹靂,,-24111,,,,-1.55,4,,上櫃,113,13171,,,,,-81155,-105266,,,,-79671,-1484,,-121352,,53368,179205,262216,83011,83011,204363,,-67984,,-103796,-1470,-81155
,8455,大拓-KY,,-7738,,,,-0.74,4,,上櫃,113,-1611,,,,,-42585,-50323,,,,-18636,-23949,,-45168,,972,1138841,1236062,97221,97221,142389,,-44196,,-26674,-23649,-42585
,8472,納維康,,,,,,-4.42,4,,上櫃,113,143,,,,,-78461,-78461,,,,-78461,,,-77991,,-327,125159,337033,211874,211874,289865,,-78318,,-78461,,-78461
,8477,創業家,,,,,,-3.63,4,,上櫃,113,-428,,,,,-127507,-127507,,,,-127470,-37,,-101334,,-26601,716297,877591,161294,161294,262628,,-127935,,-127470,-37,-127507
,8489,三貝德,,1326,,,,-1.23,4,,上櫃,113,22770,,,,,-4012,-2686,,,,-44702,40690,,-20457,,39215,725353,1364404,639051,639051,659508,,18758,,-43376,40690,-4012
,8905,裕國,,-10027,,,,1.35,4,,上櫃,113,39433,,,,,156049,146022,,,,156001,48,,185545,,9937,1731647,2049791,318144,318144,132599,,195482,,145992,30,156049
,8906,花王,,6116,,,,-0.22,4,,上櫃,113,0,,,,,-9312,-3196,,,,,,,-2914,,-6398,198511,232664,34153,34153,37067,,-9312,,,,-9312
,8908,欣雄,,-52796,,,,1.87,4,,上櫃,113,153336,,,,,573106,520310,,,,573367,-261,,742663,,-16221,7218406,8156940,938534,938534,195871,,726442,,520571,-261,573106
,8916,光隆,,134595,,,,4.04,4,,上櫃,113,135380,,,,,606402,740997,,,,609288,-2886,,576641,,165141,6527567,7892963,1365396,1365396,788755,,741782,,743944,-2947,606402
,8917,欣泰,,-9854,,,,2.36,4,,上櫃,113,90696,,,,,383916,374062,,,,383916,0,,419388,,55224,2218068,2771633,553565,553565,134177,,474612,,374062,0,383916
,8921,沈氏,,42944,,,,-0.23,4,,上櫃,113,47,,,,,-10779,32165,,,,-10784,5,,-28167,,17435,562877,632996,70119,70119,98286,,-10732,,32160,5,-10779
,8923,時報,,1281,,,,0.93,4,,上櫃,113,6211,,,,,28381,29662,,,,28381,,,18245,,16347,241696,435671,193975,193975,175730,,34592,,29662,,28381
,8924,大田,,278624,,,,5.66,4,,上櫃,113,105581,,,,,474283,752907,,,,474283,,,401046,,178818,3898847,4637473,738626,738626,337580,,579864,,752907,,474283
,8927,北基,,-3923,,,,1.29,4,,上櫃,113,258868,,,,,1009651,1005728,,,0,475254,534397,,1567053,,-298534,9714338,12540793,2826455,2826455,1259402,,1268519,0,471331,534397,1009651
,8928,鉅明,,22288,,,,2.75,4,,上櫃,113,39768,,,,,139876,162164,,,,139876,,,105517,,74127,2791044,3167316,376272,376272,270755,,179644,,162164,,139876
,8929,富堡,,57526,,,,0.95,4,,上櫃,113,16653,,,,,54185,111711,,,,48259,5926,,-11012,,81850,580865,772876,192011,192011,203023,,70838,,103890,7821,54185
0,8930,青鋼,,2759,,,,3.01,4,,上櫃,113,61655,,,,,246075,248834,,,,,,,253020,,54710,1135108,1541750,406642,406642,153622,,307730,,,,246075
,8931,大汽電,,-135723,,,,2.32,4,,上櫃,113,69634,,,,,283830,148107,,,,,,,379598,,-26134,1967411,2518464,551053,551053,171455,,353464,,,,283830
,8932,智通*,,47037,,,,2.00,4,,上櫃,113,143828,,,,,364825,411862,,,,318560,46265,,515376,,-6723,655945,1494733,838788,838788,323412,,508653,,361005,50857,364825
,8933,愛地雅,,59788,,,,-0.74,4,,上櫃,113,2347,,,,,-232947,-173159,,,,-232947,,,-283779,,53179,2529578,2650435,120857,120857,404636,,-230600,,-173159,,-232947
,8935,邦泰,,20078,,,,-0.67,4,,上櫃,113,53,,,,,-73343,-53265,,,,-73343,,,-83374,,10084,494676,553239,58563,58563,141937,,-73290,,-53265,,-73343
,8936,國統,,162302,,,,3.37,4,,上櫃,113,221155,,,,,909150,1071452,,,,837206,71944,,1097490,,32815,3901383,5245526,1344143,1344143,246653,,1130305,,999508,71944,909150
,8937,合騏*,,1812,,,,0.43,4,,上櫃,113,-2187,,,,,20402,22214,,,,32803,-12401,,-54394,,72609,130576,131894,1318,1318,55712,,18215,,34615,-12401,20402
,8938,明安,160232,122542,,,,7.51,4,,上櫃,113,343448,,,,,1149286,1271828,,,,1042666,106620,,758152,,734582,11966699,14192780,2226081,2226081,1628161,,1492734,,1165208,106620,1149286
,8941,關中,,43353,,,,5.06,4,,上櫃,113,13180,,,,,168789,212142,,,,176865,-8076,,105030,,76939,2239741,3150740,910999,910999,805969,,181969,,216750,-4608,168789
,8942,森鉅,,142471,,,,5.39,4,45,上櫃,113,263294,,,34,,993423,1135894,,,,1071913,-78490,,648750,,607967,2830346,4309426,1479080,1479091,830341,,1256717,,1186264,-50370,993423
,9949,琉園,,3614,,,,-1.19,4,,上櫃,113,-10519,,,,,-52215,-48601,,,,-52215,,,-69610,,6876,83256,169485,86229,86229,155839,,-62734,,-48601,,-52215
,9950,萬國通,,2944,,,,1.02,4,,上櫃,113,4035,,,,,169243,172187,,,,171584,-2341,,141592,,31686,1862611,2594366,731755,731755,590163,,173278,,173526,-1339,169243
,9951,皇田,,10559,,,,4.20,4,,上櫃,113,72903,,,,,314431,324990,,,,314431,,,315001,,72333,4193896,5519594,1325698,1325698,1010697,,387334,,324990,,314431
,9960,邁達康,,21681,,,,2.03,4,,上櫃,113,16382,,,,,68187,89868,,,,68187,,,62567,,22002,452046,704358,252312,252312,189745,,84569,,89868,,68187
,9962,有益,,-7011,,,,0.68,4,,上櫃,113,15828,,,,,61091,54080,,,,61091,0,,62289,,14630,2276157,2439431,163274,163274,100985,,76919,,54080,0,61091
