停業單位損益,公司代號,公司名稱,其他收益及費損淨額,其他綜合損益（淨額）,原始認列生物資產及農產品之利益（損失）,合併前非屬共同控制股權損益,合併前非屬共同控制股權綜合損益淨額,基本每股盈餘（元）,季別,已實現銷貨（損）益,市場,年度,所得稅費用（利益）,支出及費用,收益,未實現銷貨（損）益,本期其他綜合損益（稅後淨額）,本期淨利（淨損）,本期綜合損益總額,淨利（損）歸屬於母公司業主,淨利（損）歸屬於非控制權益,淨利（淨損）歸屬於共同控制下前手權益,淨利（淨損）歸屬於母公司業主,淨利（淨損）歸屬於非控制權益,營業利益,營業利益（損失）,營業外損益,營業外收入及支出,營業成本,營業收入,營業毛利（毛損）,營業毛利（毛損）淨額,營業費用,生物資產當期公允價值減出售成本之變動利益（損失）,稅前淨利（淨損）,綜合損益總額歸屬於共同控制下前手權益,綜合損益總額歸屬於母公司業主,綜合損益總額歸屬於非控制權益,繼續營業單位本期淨利（淨損）
,1240,茂生農經,,-37755,-3434,,,2.50,2,,上櫃,114,20891,,,,,99732,61977,,,,103230,-3498,,77907,,42716,1176369,1347115,201369,201369,123462,34057,120623,,65475,-3498,99732
,1259,安心,,-127194,,,,0.93,2,,上櫃,114,-199,,,,,32705,-94489,,,,30022,2683,,-10500,,43006,2332217,2998322,666105,666105,676605,,32506,,-95051,562,32705
,1264,德麥,,-180038,,,,10.28,2,,上櫃,114,136265,,,,,436861,256823,,,,380996,55865,,560568,,12558,2217655,3291426,1073771,1073771,513203,,573126,,269986,-13163,436861
,1268,漢來美食,,-52005,,,,6.15,2,,上櫃,114,67520,,,,,259715,207710,,,,259715,,,349890,,-22655,1678276,3150533,1472257,1472257,1122367,,327235,,207710,,259715
,1294,漢田生技,,,,,,2.35,2,,上櫃,114,17213,,,,,70756,70756,,,,70745,11,,88502,,-533,229544,369142,139598,139598,51096,,87969,,70745,11,70756
,1295,生合,,-30012,,,,3.18,2,,上櫃,114,24473,,,,,101938,71926,,,,101938,,,144483,,-18072,236991,542837,305846,305846,161363,,126411,,71926,,101938
,1336,台翰,,-167837,,,,0.38,2,,上櫃,114,32988,,,,,29231,-138606,,,,29231,,,87245,,-25026,1043173,1268303,225130,225130,137885,,62219,,-138606,,29231
,1565,精華,,319,,,,4.00,2,,上櫃,114,64120,,,,,201806,202125,,,,201806,,,349949,,-84023,1641554,2168500,526946,526946,176997,,265926,,202125,,201806
,1569,濱川,,-256165,,,,-3.61,2,,上櫃,114,16080,,,,,-416610,-672775,,,,-438018,21408,,-262267,,-138263,1676178,1688940,12762,12762,275029,,-400530,,-688548,15773,-416610
,1570,力肯,,-8067,,,,0.43,2,,上櫃,114,6619,,,,,22351,14284,,,,22351,0,,44870,,-15900,196969,281120,84151,84151,39281,,28970,,14284,0,22351
,1580,新麥,,-234627,,,,5.69,2,,上櫃,114,180821,,,,,304771,70144,,,,284502,20269,,467289,,18303,1336990,2338679,1001689,1001689,534400,,485592,,63111,7033,304771
,1584,精剛,,-85668,,,,0.04,2,,上櫃,114,2131,,,,,5670,-79998,,,,9983,-4313,,32971,,-25170,1172965,1339969,167004,167004,134033,,7801,,-75685,-4313,5670
,1586,和勤,,-123734,,,,-0.43,2,,上櫃,114,-9882,,,,,-40765,-164499,,,,-40765,,,-57433,,6786,976173,1100817,124644,124644,182077,,-50647,,-164499,,-40765
,1591,駿吉-KY,,-19966,,,,-1.34,2,,上櫃,114,-2116,,,,,-50225,-70191,,,,-50225,,,-49773,,-2568,56014,48948,-7066,-7066,42707,,-52341,,-70191,,-50225
,1593,祺驊,,-60199,,,,0.87,2,,上櫃,114,14809,,,,,48721,-11478,,,,34505,14216,,58014,,5516,394818,583703,188885,188885,130871,,63530,,-25694,14216,48721
,1595,川寶,,-28363,,,,-1.40,2,,上櫃,114,1019,,,,,-76428,-104791,,,,-75497,-931,,-49778,,-25631,295549,394011,98462,98462,148240,,-75409,,-103860,-931,-76428
,1599,宏佳騰,,-24713,,,,-0.59,2,,上櫃,114,-10946,,,,,-54367,-79080,,,,-43168,-11199,,-36194,,-29119,790832,1003665,212833,212833,249027,,-65313,,-67881,-11199,-54367
,1742,台蠟,,605,,,,-0.72,2,,上櫃,114,-1698,,,,,-66997,-66392,,,,-66997,,,-37671,,-31024,49859,69899,20040,20040,57711,,-68695,,-66392,,-66997
,1777,生泰,,0,,,,2.07,2,,上櫃,114,29165,,,,,92362,92362,,,,,,,144591,,-23064,431968,640590,208622,208622,64031,,121527,,,,92362
,1780,立弘,,-932,,,,0.17,2,,上櫃,114,1734,,,,,16309,15377,,,,16309,,,71173,,-53130,272952,425416,152464,152464,81291,,18043,,15377,,16309
,1781,合世,,-11398,,,,-0.74,2,,上櫃,114,-5978,,,,,-35057,-46455,,,,-35057,,,-23136,,-17899,148286,191248,42962,42962,66098,,-41035,,-46455,,-35057
,1784,訊聯,,-2715,,,,0.52,2,,上櫃,114,12093,,,,,3778,1063,,,,26422,-22644,,2962,,12909,269220,595200,325980,325980,323018,,15871,,25301,-24238,3778
,1785,光洋科,,-246511,,,,0.10,2,,上櫃,114,18368,,,,,55683,-190828,,,,58643,-2960,,1846597,,-1772546,15384924,17767399,2382475,2382475,535878,,74051,,-187868,-2960,55683
,1788,杏昌,,-9133,,,,4.10,2,,上櫃,114,45046,,,,,182699,173566,,,0,182699,0,,206837,,20908,1570993,2120555,549562,549562,342725,,227745,0,173566,0,182699
,1796,金穎生技,,-1519,,,,0.18,2,,上櫃,114,1050,,,,,7369,5850,,,,7369,,,20741,,-12322,244104,334287,90183,90183,69442,,8419,,5850,,7369
,1799,易威,,-31881,,,,-0.40,2,,上櫃,114,306,,,,,-51098,-82979,,,,-49564,-1534,,-45338,,-5454,133842,260797,126955,126955,172293,,-50792,,-80953,-2026,-51098
,1813,寶利徠,,12344,,,,-1.04,2,,上櫃,114,-10098,,,,,-52571,-40227,,,,-48552,-4019,,-60031,,-2638,185035,164371,-20664,-20664,39367,,-62669,,-38449,-1778,-52571
,1815,富喬,,-265860,,,,0.27,2,,上櫃,114,42876,,,,,137740,-128120,,,,137740,,,474216,,-293600,2044834,2805007,760173,760173,285957,,180616,,-128120,,137740
,2035,唐榮公司,,-6498,,,,-2.54,2,,上櫃,114,,,,,,-889922,-896420,,,,,,,-829651,,-60271,5816493,5135967,-680526,-680526,149125,,-889922,,,,-889922
,2061,風青,,-14005,,,,-1.08,2,,上櫃,114,3584,,,,,-61820,-75825,,,,-61820,,,-3711,,-54525,571703,600050,28347,28347,32058,,-58236,,-75825,,-61820
,2063,世鎧精密,,-90557,,,,0.73,2,,上櫃,114,-42,,,,,35285,-55272,,,,35285,,,17742,,17501,400902,484838,83936,83936,66194,,35243,,-55272,,35285
,2064,晉椿,,-6382,,,,-1.36,2,,上櫃,114,2822,,,-418,,-94281,-100663,,,,-94307,26,,-36409,,-55050,722575,744395,21820,22238,58647,,-91459,,-100662,-1,-94281
,2065,世豐,,-209135,,,,-0.44,2,,上櫃,114,9,,,,,-27256,-236391,,,,-27256,,,57588,,-84835,897155,1062811,165656,165656,108068,,-27247,,-236391,,-27256
,2066,世德,,-22614,,,,0.61,2,,上櫃,114,15310,,,,,27075,4461,,,,27075,,,98758,,-56373,894869,1353268,458399,458399,359641,,42385,,4461,,27075
,2067,嘉鋼,,150776,,,,-1.46,2,,上櫃,114,879,,,,,-76652,74124,,,,-65748,-10904,,-55387,,-20386,497576,524084,26508,26508,81895,,-75773,,85330,-11206,-76652
,2070,精湛,,-21668,,,,0.51,2,,上櫃,114,6130,,,,,18131,-3537,,,,18131,,,26873,,-2612,157316,297018,139702,139702,112829,,24261,,-3537,,18131
,2073,雄順,,136,,,,-0.06,2,,上櫃,114,-601,,,,,-1573,-1437,,,,,,,-1145,,-1029,258705,290924,32219,32219,33364,,-2174,,,,-1573
,2221,大甲,,-5344,,,,1.14,2,,上櫃,114,13904,,,,,49279,43935,,,,48312,967,,80544,,-17361,535740,676984,141244,141244,60700,,63183,0,42968,967,49279
,2230,泰茂,5,-93136,,,,-0.18,2,,上櫃,114,5399,,,,,-12608,-105744,,,,-11953,-655,,12147,,-19356,702050,766190,64140,64140,51998,,-7209,,-103685,-2059,-12608
,2235,謚源,,0,,,0,0.06,2,0,上櫃,114,903,,,0,,2297,2297,,,,,,,18677,,-15477,221063,277994,56931,56931,38254,,3200,,,,2297
,2596,綠意,,,,,,1.14,2,,上櫃,114,25904,,,,,112790,112790,,,,114475,-1685,,134747,,3947,623804,831238,207434,207434,72687,,138694,,114475,-1685,112790
,2640,大車隊,,,,,,4.34,2,,上櫃,114,69280,,,,,250677,250677,,,,257276,-6599,,314120,,5837,790409,1540862,750453,750453,436333,,319957,,257276,-6599,250677
,2641,正德,,-848245,,,,0.93,2,,上櫃,114,26892,,,,,303782,-544463,,,,293172,10610,,342118,,-11444,649327,1055655,406328,406328,64210,,330674,,-555073,10610,303782
,2643,捷迅,,-126890,,,,1.91,2,,上櫃,114,24436,,,,,66832,-60058,,,,66832,,,172101,,-80833,3661744,3977511,315767,315767,143666,,91268,,-60058,,66832
,2718,全心投控,,-7234,,,,9.20,2,,上櫃,114,340953,,,,,804685,797451,,,,804685,,,1081678,,63960,590097,1805595,1215498,1215498,133820,,1145638,,797451,,804685
,2719,燦星旅,,,,,,-0.28,2,,上櫃,114,-222,,,,,-19243,-19243,,,,-19243,,,-13890,,-5575,1026396,1086228,59832,59832,73722,,-19465,,-19243,,-19243
,2724,藝舍-KY,,0,,,,-0.10,2,,上櫃,114,184,,,,,-5725,-5725,,,,-5698,-27,,-6428,,887,68665,84629,15964,15964,22392,,-5541,,-5698,-27,-5725
,2726,雅茗-KY,,-37288,,,,-1.39,2,,上櫃,114,-7730,,,,,-35576,-72864,,,,-38493,2917,,-41327,,-1979,120786,297133,176347,176347,217674,,-43306,,-73729,865,-35576
,2729,瓦城,,-37926,,,,4.47,2,,上櫃,114,49879,,,,,173588,135662,,,,174839,-1251,,217623,,5844,1495470,3051882,1556412,1556412,1338789,,223467,,136913,-1251,173588
,2732,六角,630,-42939,,,,-0.32,2,343,上櫃,114,4920,,,0,,-16433,-59372,,,,-14623,-1810,,45282,,-56795,938496,1965248,1026752,1027095,982443,,-11513,,-47642,-11730,-16433
0,2734,易飛網,,-118,,,,-0.62,2,,上櫃,114,2598,,,,,-35806,-35924,,,,-35678,-128,,-3551,,-29657,690157,801593,111436,111436,114987,,-33208,,-35796,-128,-35806
,2736,富野,,-19988,,,,-0.81,2,,上櫃,114,-2,,,,,-58883,-78871,,,,-51797,-7086,,-50102,,-8783,140211,265810,125599,125599,175701,,-58885,,-71785,-7086,-58883
,2740,華軒,,,,,,-2.11,2,,上櫃,114,0,,,,,-27510,-27510,,,,-27510,,,-17107,,-10403,47393,76802,29409,29409,46516,,-27510,,-27510,,-27510
,2743,山富,,,,,,3.36,2,,上櫃,114,31508,,,,,121063,121063,,,,121063,,,230545,,-77974,2919496,3384243,464747,464747,234202,,152571,,121063,,121063
,2745,五福,,,,,,5.29,2,,上櫃,114,48219,,,,,178738,178738,,,,178738,,,265419,,-38462,3853113,4401093,547980,547980,282561,,226957,,178738,,178738
,2751,王座,951,-346,,,,1.92,2,,上櫃,114,0,,,,,36878,36532,,,,37540,-662,,38805,,-1927,383484,763945,380461,380461,342607,,36878,,37194,-662,36878
,2752,豆府,,-1047,,,,6.85,2,,上櫃,114,50078,,,,,183927,182880,,,,182775,1152,,242207,,-8202,947137,1959094,1011957,1011957,769750,,234005,,181955,925,183927
,2754,亞洲藏壽司,,-5006,,,,0.56,2,,上櫃,114,6683,,,,,26079,21073,,,,26079,,,123249,,-90487,1650929,2769261,1118332,1118332,995083,,32762,,21073,,26079
,2755,揚秦,,-4986,,,,3.45,2,,上櫃,114,25125,,,,,104041,99055,,,,104041,,,133301,,-4135,1041443,1432785,391342,391342,258041,,129166,,99055,,104041
,2756,聯發國際,,-22550,,,,1.21,2,,上櫃,114,14058,,,,,29477,6927,,,,29477,,,50413,,-6878,214755,502561,287806,287806,237393,,43535,,6927,,29477
,2916,滿心,,-11454,,,,2.14,2,,上櫃,114,34587,,,,,138347,126893,,,,,,,143402,,29532,456930,984951,528021,528021,384619,,172934,,,,138347
,2924,宏太-KY,,-2310,,,,-0.49,2,,上櫃,114,0,,,,,-25484,-27794,,,,-25484,,,-26012,,528,12785,21595,8810,8810,34822,,-25484,,-27794,,-25484
,2926,誠品生活,,-44078,,,,0.23,2,,上櫃,114,15339,,,,,10676,-33402,,,,10930,-254,,3841,,22174,2068815,3324201,1255386,1255386,1251545,,26015,,-32951,-451,10676
,2937,集雅社,,,,,,1.46,2,,上櫃,114,15962,,,,,63682,63682,,,,63682,,,79362,,282,1830410,2350615,520205,520205,440843,,79644,,63682,,63682
,2941,米斯特,,-51,,,,1.38,2,,上櫃,114,4982,,,,,21168,21117,,,,,,,25884,,266,171773,468701,296928,296928,271044,,26150,,,,21168
,2947,振宇五金,,,,,,1.80,2,,上櫃,114,9896,,,,,38137,38137,,,0,38137,0,,51307,,-3274,662257,1109002,446745,446745,395438,,48033,0,38137,0,38137
,2948,寶陞,,-106174,,,,0.99,2,,上櫃,114,14083,,,,,29756,-76418,,,,29756,,,58408,,-14569,633022,1085311,452289,452289,393881,,43839,,-76418,,29756
,2949,欣新網,,-1107,,,,2.06,2,,上櫃,114,22118,,,,,52658,51551,,,,51276,1382,,79886,,-5110,2256587,2569784,313197,313197,233311,,74776,,50514,1037,52658
,3064,泰偉,,-671,,,,-1.85,2,,上櫃,114,0,,,,,-24126,-24797,,,,-24124,-2,,-9825,,-14301,5022,44201,39179,39179,49004,,-24126,,-24795,-2,-24126
,3066,李洲,,19232,,,,-1.99,2,,上櫃,114,0,,,,,-169656,-150424,,,,-165630,-4026,,-42480,,-127176,78556,104279,25723,25723,68203,,-169656,,-140160,-10264,-169656
,3067,全域,,142,,,,-0.76,2,,上櫃,114,-2941,,,,,-15117,-14975,,,,-15117,,,-6794,,-11264,19207,26519,7312,7312,14106,,-18058,,-14975,,-15117
,3071,協禧,,-174775,,,,0.48,2,,上櫃,114,55613,,,,,55480,-119295,,,,53221,2259,,50530,,60563,770622,1120160,349538,349538,299008,,111093,,-105923,-13372,55480
,3073,天方能源,33933,-16036,,,,0.62,2,,上櫃,114,11,,,,,22889,6853,,,,22894,-5,,22529,,371,14415,30085,15670,15670,27074,,22900,,6858,-5,22889
,3078,僑威,,-465162,,,,3.48,2,,上櫃,114,321897,,,,,792309,327147,,,,792309,,,1119029,,-4823,4387661,5967445,1579784,1579784,460755,,1114206,,327147,,792309
,3081,聯亞,,-646,,,,1.51,2,,上櫃,114,34777,,,,,139055,138409,,,,,,,193798,,-19966,620924,1007596,386672,386672,192874,,173832,,,,139055
,3083,網龍,,-108647,,,,0.00,2,,上櫃,114,1643,,,,,2024,-106623,,,,235,1789,,-27421,,31088,29121,170005,140884,140884,168305,,3667,,-106236,-387,2024
,3085,新零售,,351,,,,-0.30,2,,上櫃,114,0,,,,,-20764,-20413,,,,-20764,0,,-22527,,1763,12096,26163,14067,14067,36594,,-20764,,-20413,0,-20764
,3086,華義*,,-18,,,,-0.49,2,,上櫃,114,,,,,,-13701,-13719,,,,-12793,-908,,-3277,,-10424,41610,79346,37736,37736,41013,,-13701,,-12802,-917,-13701
,3088,艾訊,,-93741,,,,0.94,2,71,上櫃,114,24723,,,71,,103440,9699,,,,100234,3206,,301360,,-173197,2118735,3254566,1135831,1135831,834471,,128163,,6493,3206,103440
,3093,港建*,,-20913,,,,0.65,2,,上櫃,114,27887,,,,,94847,73934,,,,94847,0,,139225,,-16491,845994,1149230,303236,303236,164011,,122734,,73934,0,94847
,3095,及成,,-2482,,,,-2.69,2,,上櫃,114,8,,,,,-26891,-29373,,,,-26891,,,-5622,,-21261,252461,302147,49686,49686,55308,,-26883,,-29373,,-26891
,3105,穩懋,,-830828,,,,-0.96,2,,上櫃,114,-58347,,,,,-553543,-1384371,,,,-405338,-148205,,-335600,,-276290,6059907,7356201,1296294,1296294,1631894,,-611890,,-1163323,-221048,-553543
,3114,好德,,-123400,,,,0.03,2,,上櫃,114,7373,,,,,2078,-121322,,,,2078,0,,60659,,-51208,1381137,1523213,142076,142076,81417,,9451,,-121322,0,2078
,3115,富榮綱,,-7150,,,,-0.41,2,,上櫃,114,0,,,,,-17254,-24404,,,,-17254,,,-14571,,-2683,0,1264,1264,1264,15835,,-17254,,-24404,,-17254
,3118,進階,,,,,,1.06,2,,上櫃,114,7040,,,,,34481,34481,,,,,,,29986,,11535,233391,348436,115045,115045,85059,,41521,,,,34481
,3122,笙泉,,-1762,,,,-1.05,2,,上櫃,114,76,,,,,-42625,-44387,,,,-42625,0,,-36294,,-6255,113112,166748,53636,53636,89930,,-42549,,-44387,0,-42625
,3128,昇銳,,,,,,0.48,2,,上櫃,114,6817,,,,,19831,19831,,,,20122,-291,,47473,,-20825,374972,561607,186635,186635,139162,,26648,,20122,-291,19831
,3131,弘塑,,-7739,,,,15.79,2,,上櫃,114,150571,,,,,460080,452341,,,,461222,-1142,,683595,,-72944,1703117,2871075,1167958,1167958,484363,,610651,,453516,-1175,460080
,3141,晶宏,0,49395,,,,-0.32,2,,上櫃,114,-11403,,,,,-33672,15723,,,,-24226,-9446,,38824,,-83899,504242,794452,290210,290210,251386,,-45075,,25169,-9446,-33672
,3147,大綜,,-11512,,,,4.03,2,,上櫃,114,54002,,,,,157265,145753,,,,157265,,,268644,,-57377,3946744,4460220,513476,513476,244832,,211267,,145753,,157265
,3152,璟德,,,,,,7.10,2,,上櫃,114,33871,,,,,489786,489786,,,,,,,142200,,381457,417592,742833,325241,325241,183041,,523657,,,,489786
,3158,嘉實,,-481,,,,3.11,2,,上櫃,114,20687,,,,,83175,82694,,,,83174,1,,100893,,2969,166431,477091,310660,310660,209767,,103862,,82693,1,83175
,3162,精確,,-73904,,,,1.02,2,,上櫃,114,7622,,,,,133400,59496,,,,132721,679,,162162,,-21140,3137470,3648362,510892,510892,348730,,141022,,59375,121,133400
,3163,波若威,,-70003,,,,0.54,2,,上櫃,114,12377,,,,,43200,-26803,,,,43200,,,57222,,-1645,876573,1062395,185822,185822,128600,,55577,,-26803,,43200
,3169,亞信,,-19536,,,,1.81,2,,上櫃,114,22584,,,,,114032,94496,,,,114032,,,139785,,-3169,230471,485406,254935,254935,115150,,136616,,94496,,114032
,3171,炎洲流通,,-10883,,,,1.85,2,,上櫃,114,15649,,,,,61334,50451,,,,61334,,,73529,,3454,517238,731470,214232,214232,140703,,76983,,50451,,61334
,3176,基亞,,-106725,,,,0.46,2,,上櫃,114,16680,,,49850,,-9127,-115852,,,,64429,-73556,,39530,,-31977,303804,860152,556348,506498,466968,,7553,,21451,-137303,-9127
,3178,公準,,-1757,,,,-0.35,2,,上櫃,114,-3867,,,,,-15290,-17047,,,,-15672,382,,9836,,-28993,543022,645219,102197,102197,92361,,-19157,,-16903,-144,-15290
,3188,鑫龍騰,,,,,,0.35,2,,上櫃,114,28456,,,,,65061,65061,,,,65061,,,98427,,-4910,157735,306723,148988,148988,50561,,93517,,65061,,65061
,3191,雲嘉南,,4531,,,,-0.54,2,,上櫃,114,-2895,,,,,-23569,-19038,,,,-23569,,,-17521,,-8943,65418,83732,18314,18314,35835,,-26464,,-19038,,-23569
,3205,佰研,,-1330,,,,-0.78,2,,上櫃,114,0,,,,,-31105,-32435,,,,-31426,321,,-30504,,-601,175570,213631,38061,38061,68565,,-31105,,-32546,111,-31105
,3206,志豐,,-108744,,,,1.11,2,,上櫃,114,21165,,,,,68434,-40310,,,,65612,2822,,91635,,-2036,1371345,1738850,367505,367505,275870,,89599,,-39086,-1224,68434
,3207,耀勝,,-133661,,,,0.40,2,,上櫃,114,3030,,,,,20469,-113192,,,,26846,-6377,,-18730,,42229,726378,860403,134025,134025,152755,,23499,,-106163,-7029,20469
,3211,順達,,-780822,,,,4.96,2,,上櫃,114,253365,,,,,757022,-23800,,,,757022,,,361067,,649320,4805683,5612174,806491,806491,445424,,1010387,,-23800,,757022
,3213,茂訊,,708286,,,,3.42,2,,上櫃,114,61895,,,,,203400,911686,,,,200844,2556,,349845,,-84550,1010537,1532013,521476,521476,171631,,265295,,909130,2556,203400
,3217,優群,,-336997,,,,5.26,2,,上櫃,114,135340,,,,,474147,137150,,,,474147,,,627644,,-18157,1005898,1977451,971553,971553,343909,,609487,,137150,,474147
,3218,大學光,,-45470,,,,4.78,2,,上櫃,114,165745,,,,,412751,367281,,,,405156,7595,,726760,,-148264,875131,2146164,1271033,1271033,544273,,578496,,371261,-3980,412751
,3219,倚強科,,-109591,,,,0.85,2,,上櫃,114,13494,,,,,85006,-24585,,,,60370,24636,,113877,,-15377,292031,818319,526288,526288,412411,,98500,,-13725,-10860,85006
,3221,台嘉碩,,-53569,,,,-0.12,2,,上櫃,114,-4463,,,,,-29316,-82885,,,,-11925,-17391,,31293,,-65072,886534,1107291,220757,220757,189464,,-33779,,-64641,-18244,-29316
,3224,三顧,,-44001,,,,-0.82,2,,上櫃,114,-6699,,,,,-143490,-187491,,,,-55692,-87798,,-122149,,-28040,664268,758753,94485,94485,216634,,-150189,,-99731,-87760,-143490
,3226,龍鋒,,,,,,-0.30,2,,上櫃,114,2549,,,,,-19387,-19387,,,,,,,96699,,-113537,783709,967833,184124,184124,87425,,-16838,,,,-19387
,3227,原相,,-326436,,,,6.25,2,,上櫃,114,117903,,,,,894635,568199,,,,911531,-16896,,1116588,,-104050,1747597,4628736,2881139,2881139,1764551,,1012538,,585095,-16896,894635
,3228,金麗科,,-568,,,,-1.09,2,,上櫃,114,0,,,,,-76716,-77284,,,,,,,-69454,,-7262,55356,155563,100207,100207,169661,,-76716,,,,-76716
,3230,錦明,0,-39759,,,,-0.71,2,,上櫃,114,-477,,,,,-61575,-101334,,,,-61575,,,-56113,,-5939,187507,209347,21840,21840,77953,,-62052,,-101334,,-61575
,3232,昱捷,,-9960,,,,-0.04,2,,上櫃,114,2852,,,,,-2002,-11962,,,,-2002,,,24602,,-23752,400651,490064,89413,89413,64811,,850,,-11962,0,-2002
,3234,光環,,-9141,,,,-0.47,2,179,上櫃,114,0,,,307,,-56978,-66119,,,,-52774,-4204,,-44001,,-12977,285190,359335,74145,74017,118018,,-56978,,-61915,-4204,-56978
,3236,千如,,-90872,,,,-0.19,2,,上櫃,114,-1143,,,,,-20214,-111086,,,,-20214,,,16228,,-37585,752373,977449,225076,225076,208848,,-21357,,-111086,,-20214
,3252,海灣,,0,,,,0.05,2,,上櫃,114,-23,,,,,9482,9482,,,,2509,6973,,38179,,-28720,154482,250769,96287,96287,58108,,9459,,2509,6973,9482
,3259,鑫創,,,,,,-1.17,2,,上櫃,114,,,,,,-85647,-85647,,,,,,,-86448,,801,92817,104777,11960,11960,98408,,-85647,,,,-85647
,3260,威剛,,-975491,,,,4.49,2,,上櫃,114,587206,,,,,1453689,478198,,,,1404991,48698,,1648909,,391986,18933661,22731920,3798259,3798259,2149350,,2040895,,418673,59525,1453689
,3264,欣銓,,-267223,,,,2.46,2,,上櫃,114,335345,,,,,1164553,897330,,,,1164553,,,1680961,,-181063,4264421,6636294,2371873,2371873,690912,,1499898,,897330,,1164553
,3265,台星科,,-320835,,,,2.20,2,,上櫃,114,56949,,,,,299153,-21682,,,,299153,,,486759,,-130657,1622386,2254445,632059,632059,145300,,356102,,-21682,,299153
,3268,海德威,,-17238,,,,-1.37,2,,上櫃,114,-7585,,,,,-47436,-64674,,,,-47436,,,-9847,,-45174,450918,480735,29817,29817,39664,,-55021,,-64674,,-47436
,3272,東碩,,-253573,,,,-2.00,2,,上櫃,114,2561,,,,,-122094,-375667,,,,-122094,,,-121612,,2079,1363703,1533705,170002,170002,291614,,-119533,,-375667,,-122094
,3276,宇環,,-61266,,,,0.05,2,,上櫃,114,0,,,,,-17743,-79009,,,,3361,-21104,,-54393,,36650,264997,257169,-7828,-7828,46565,,-17743,,-57905,-21104,-17743
,3284,太普高,,-13746,,,,0.64,2,,上櫃,114,17305,,,,,56779,43033,,,,58777,-1998,,83546,,-9462,301914,436075,134161,134161,50615,,74084,,47213,-4180,56779
,3285,微端,,-22399,,,,-0.23,2,,上櫃,114,-1143,,,,,-8544,-30943,,,,-9711,1167,,-6040,,-3647,244916,306219,61303,61303,67343,,-9687,,-29856,-1087,-8544
,3287,廣寰科,,6938,,,,-0.59,2,,上櫃,114,1252,,,,,-29751,-22813,,,,-25835,-3916,,13208,,-41707,297867,410084,112217,112217,99009,,-28499,,-18897,-3916,-29751
,3288,點晶,,-3261,,,,-0.39,2,,上櫃,114,0,,,,,-5826,-9087,,,,-5824,-2,,-6508,,682,12776,35532,22756,22756,29264,,-5826,,-9085,-2,-5826
,3289,宜特,,-53092,,,,3.20,2,,上櫃,114,30346,,,,,217026,163934,,,,237902,-20876,,210354,,37018,1656885,2335525,678640,678640,468286,,247372,,184810,-20876,217026
,3290,東浦,,-206390,,,,0.38,2,,上櫃,114,53482,,,,,49506,-156884,,,,49506,0,,129520,,-26532,712684,1008997,296313,296313,166793,,102988,,-156884,0,49506
,3293,鈊象,,-5625,,,,18.00,2,,上櫃,114,1020124,,,,,5071433,5065808,,,,5071677,-244,,6590601,,-499044,246375,10955637,10709262,10709262,4118661,,6091557,,5066301,-493,5071433
,3294,英濟,,-178242,,,,-1.03,2,,上櫃,114,5234,,,,,-140751,-318993,,,,-136551,-4200,,-133249,,-2268,1440069,1596160,156091,156091,289340,,-135517,,-313736,-5257,-140751
,3297,杭特,,618,,,,0.27,2,,上櫃,114,-2528,,,,,9601,10219,,,,9601,,,-14676,,21749,60325,94255,33930,33930,48606,,7073,,10219,,9601
,3303,岱稜,,-51380,,,,1.93,2,,上櫃,114,63911,,,,,184647,133267,,,,181677,2970,,291082,,-42524,884819,1501332,616513,616513,325431,,248558,,130297,2970,184647
,3306,鼎天,930,-64818,,,,1.70,2,,上櫃,114,-20,,,,,86150,21332,,,,86150,,,-21849,,107979,377848,517011,139163,139163,161942,,86130,,21332,,86150
,3310,佳穎,,-60602,,,,2.43,2,,上櫃,114,61979,,,,,161795,101193,,,,165670,-3875,,261017,,-37243,1356152,1800916,444764,444764,183747,,223774,,105068,-3875,161795
,3313,斐成,,,,,,-0.25,2,,上櫃,114,-697,,,,,-49457,-49457,,,,-49373,-84,,-28947,,-21207,2792,857,-1935,-1935,27012,,-50154,,-49373,-84,-49457
,3317,尼克森,,-863,,,,1.34,2,,上櫃,114,31644,,,,,110315,109452,,,,108613,1702,,140626,,1333,967807,1327955,360148,360148,219522,,141959,,107750,1702,110315
,3322,建舜電,,-115484,,,,-0.75,2,,上櫃,114,-2188,,,,,-91483,-206967,,,,-91481,-2,,-53578,,-40093,1313418,1521014,207596,207596,261174,,-93671,,-206965,-2,-91483
,3323,加百裕,,-32403,,,,-1.33,2,,上櫃,114,2075,,,,,-115360,-147763,,,,-124382,9022,,-109536,,-3749,2287995,2467862,179867,179867,289403,,-113285,,-156785,9022,-115360
,3324,雙鴻,,-415032,,,,7.41,2,,上櫃,114,184067,,,,,693064,278032,,,,669234,23830,,1197180,,-320049,7126492,9721388,2594896,2594896,1397716,,877131,,278245,-213,693064
,3325,旭品,,-84097,,,,-0.73,2,,上櫃,114,-13902,,,,,-72261,-156358,,,,-65632,-6629,,-63537,,-22626,606793,642409,35616,35616,99153,,-86163,,-145606,-10752,-72261
,3332,幸康,,-148837,,,,2.11,2,,上櫃,114,26991,,,,,101733,-47104,,,,101733,,,111414,,17310,505476,822428,316952,316952,205538,,128724,,-47104,,101733
,3339,泰谷,,,,,,-1.22,2,,上櫃,114,-506,,,,,-78835,-78835,,,,-78849,14,,-58645,,-20696,377927,393721,15794,15794,74439,,-79341,,-78849,14,-78835
,3349,寶德,,5881,,,,-0.62,2,,上櫃,114,805,,,,,-24744,-18863,,,,-24744,,,-6789,,-17150,210181,263485,53304,53304,60093,,-23939,,-18863,,-24744
,3354,律勝,,-9315,,,,-0.68,2,,上櫃,114,-9388,,,,,-47580,-56895,,,,-47580,,,-48218,,-8750,44861,49542,4681,4681,52899,,-56968,,-56895,,-47580
,3357,臺慶科,,-587166,,,,5.31,2,,上櫃,114,55126,,,1598,,538604,-48562,,,,542263,-3659,,337178,,256552,2373820,3169946,796126,794528,457350,,593730,,-33819,-14743,538604
,3360,尚立,,-31074,,,,-0.47,2,,上櫃,114,8265,,,,,-46909,-77983,,,,-35919,-10990,,-17417,,-21227,3009374,3149967,140593,140593,158010,,-38644,,-66536,-11447,-46909
,3362,先進光,,-87602,,,,-1.24,2,,上櫃,114,-21486,,,,,-176967,-264569,,,,-176403,-564,,80258,,-278711,1642140,2097742,455602,455602,375344,,-198453,,-263987,-582,-176967
,3363,上詮,,-54097,,,,0.17,2,,上櫃,114,-2447,,,,,17980,-36117,,,,17980,,,25317,,-9784,808016,993479,185463,185463,160146,,15533,,-36117,,17980
,3372,典範,,,,,,-0.79,2,,上櫃,114,0,,,,,-138228,-138228,,,,,,,-127026,,-11202,592102,510481,-81621,-81621,45405,,-138228,,,,-138228
,3373,熱映,,-41184,,,,-0.96,2,,上櫃,114,-7858,,,,,-41710,-82894,,,,-41710,,,-37120,,-12448,163735,192418,28683,28683,65803,,-49568,,-82894,,-41710
,3374,精材,50311,,,,,1.50,2,,上櫃,114,43574,,,,,406967,406967,,,,,,,505623,,-55082,2382931,3082262,699331,699331,244019,,450541,,,,406967
,3379,彬台,,-25908,,,,0.17,2,,上櫃,114,627,,,,,6569,-19339,,,,6569,,,1831,,5365,487796,577158,89362,89362,87531,,7196,,-19339,,6569
,3388,崇越電,,-377774,,,,1.89,2,,上櫃,114,69904,,,,,144467,-233307,,,,139905,4562,,218729,,-4358,3051548,3695116,643568,643568,424839,,214371,,-235107,1800,144467
,3390,旭軟,0,-14358,,,,-0.81,2,,上櫃,114,-14807,,,,,-60555,-74913,,,,-60555,,,-25163,,-50199,329775,377617,47842,47842,73005,,-75362,,-74913,,-60555
,3402,漢科,,-63995,,,,3.96,2,,上櫃,114,107134,,,,,289419,225424,,,,289419,,,373340,,23213,1876812,2523713,646901,646901,273561,,396553,,225424,,289419
,3430,奇鈦科,,-22836,,,,1.21,2,,上櫃,114,19679,,,,,40764,17928,,,,40764,,,88126,,-27683,567885,762230,194345,194345,106219,,60443,,17928,,40764
,3434,哲固,,-108,,,,0.30,2,,上櫃,114,2170,,,,,8675,8567,,,,8675,,,28240,,-17395,316051,396815,80764,80764,52524,,10845,,8567,,8675
,3438,類比科,,-132774,,,,0.14,2,,上櫃,114,-1081,,,,,6715,-126059,,,,,,,27146,,-21512,362141,542719,180578,180578,153432,,5634,,,,6715
,3441,聯一光電,,-57651,,,,-0.21,2,,上櫃,114,3004,,,,,-7825,-65476,,,,-8312,487,,25110,,-29931,122329,183977,61648,61648,36538,,-4821,,-64685,-791,-7825
,3444,利機,,-41469,,,,1.21,2,,上櫃,114,2780,,,,,54307,12838,,,,54307,0,,49712,,7375,480184,623736,143552,143552,93840,,57087,,12838,0,54307
,3455,由田,,-14171,,,,-1.33,2,,上櫃,114,-23323,,,,,-79660,-93831,,,,-79660,,,19660,,-122643,367982,739900,371918,371918,352258,,-102983,,-93831,,-79660
,3465,進泰電子,,-87288,,,,-0.39,2,,上櫃,114,4140,,,,,-16021,-103309,,,,-13622,-2399,,51191,,-63072,654862,834405,179543,179543,128352,,-11881,,-94960,-8349,-16021
,3466,德晉,,-8434,,,,-0.87,2,,上櫃,114,0,,,,,-60870,-69304,,,,-60870,,,-35448,,-25422,68665,37390,-31275,-31275,4173,,-60870,,-69304,,-60870
,3467,台灣精材,,,,,,0.23,2,,上櫃,114,1453,,,,,6781,6781,,,,,,,12722,,-4488,249563,308383,58820,58820,46098,,8234,,,,6781
,3479,安勤,0,-204338,,,,3.09,2,0,上櫃,114,125387,,,0,,265824,61486,,,,224599,41225,,403494,,-12283,2958133,4027468,1069335,1069335,665841,,391211,0,52896,8590,265824
,3483,力致,,-324221,,,,1.50,2,,上櫃,114,45904,,,,,148727,-175494,,,,148727,,,104178,,90453,3434242,4290638,856396,856396,752218,,194631,,-175494,,148727
,3484,崧騰,,-326815,,,,2.11,2,,上櫃,114,90843,,,,,165126,-161689,,,,164586,540,,223506,,32463,1751805,2350685,598880,598880,375374,,255969,,-157420,-4269,165126
,3485,敘豐,,-11052,,,,2.27,2,,上櫃,114,22027,,,,,77721,66669,,,,77721,,,147268,,-47520,114758,285549,170791,170791,23523,,99748,,66669,,77721
,3489,森寶,221,,,,,-0.07,2,,上櫃,114,4767,,,,,-6166,-6166,,,0,-6166,0,,-3310,,1911,258652,268972,10320,10320,13851,,-1399,0,-6166,0,-6166
,3490,單井,,-26082,,,,-0.12,2,,上櫃,114,-8708,,,,,-6828,-32910,,,,-6828,,,-31583,,16047,100259,111334,11075,11075,42658,,-15536,,-32910,,-6828
,3491,昇達科,,-146204,,,,3.27,2,,上櫃,114,46248,,,,,214735,68531,,,,213979,756,,260321,,662,597562,1133784,536222,536222,275901,,260983,,67828,703,214735
,3492,長盛,0,-34807,,,,0.99,2,0,上櫃,114,6286,,,0,,35282,475,,,0,35282,0,,48206,,-6638,296023,439722,143699,143699,95493,,41568,0,475,0,35282
,3498,陽程,,-99924,,,,-0.70,2,,上櫃,114,58473,,,,,-42928,-142852,,,,-42563,-365,,36765,,-21220,410265,609324,199059,199059,162294,,15545,,-142601,-251,-42928
,3499,環天科,,-21201,,,,-0.86,2,,上櫃,114,4319,,,,,-47088,-68289,,,0,-47088,0,,-35050,,-7719,144633,182249,37616,37616,72666,,-42769,,-68289,0,-47088
,3508,位速,,-15025,,,,-0.92,2,,上櫃,114,2078,,,,,-96418,-111443,,,,-94379,-2039,,-91014,,-3326,423943,464656,40713,40713,131727,,-94340,,-108633,-2810,-96418
,3511,矽瑪,,-21302,,,,-0.64,2,,上櫃,114,-10091,,,,,-69533,-90835,,,,-51302,-18231,,-71989,,-7635,769537,878897,109360,109360,181349,,-79624,,-72604,-18231,-69533
,3512,皇龍,,0,,,,0.99,2,,上櫃,114,19856,,,,,105362,105362,,,,105362,,,128546,,-3328,547119,760810,213691,213691,85145,,125218,,105362,,105362
,3516,亞帝歐,,-72176,,,,0.02,2,,上櫃,114,-565,,,,,-8375,-80551,,,,1444,-9819,,-30882,,21942,377580,444391,66811,66811,97693,,-8940,,-70732,-9819,-8375
,3520,華盈,,-25619,,,,-0.15,2,,上櫃,114,-4331,,,,,-10883,-36502,,,,-10131,-752,,9833,,-25047,492784,581105,88321,88321,78488,,-15214,,-35584,-918,-10883
,3521,台鋼建設,,50,,,,-0.15,2,,上櫃,114,24088,,,,,-19442,-19392,,,,-19442,0,,4193,,453,146903,198911,52008,52008,47815,,4646,,-19392,0,-19442
,3522,御嵿,,58613,,,,-0.77,2,,上櫃,114,21,,,,,-72001,-13388,,,,-64563,-7438,,-67095,,-4885,327413,625949,298536,298536,365631,,-71980,,-5950,-7438,-72001
,3523,迎輝,,0,,,,-1.02,2,,上櫃,114,0,,,,,-64707,-64707,,,,-65435,728,,-66795,,2088,71050,47855,-23195,-23195,43600,,-64707,,-65435,728,-64707
,3526,凡甲,,-398969,,,,8.24,2,,上櫃,114,118515,,,,,534860,135891,,,,534860,0,,630468,,22907,886347,1849061,962714,962714,332246,,653375,,135891,0,534860
,3527,聚積,,-37645,,,,-0.90,2,,上櫃,114,-348,,,,,-40176,-77821,,,,-40176,,,-36752,,-3772,461604,758631,297027,297027,333779,,-40524,,-77821,,-40176
,3529,力旺,,-3117,,,,11.54,2,,上櫃,114,170373,,,,,851841,848724,,,,861701,-9860,,1068238,,-46024,0,1848269,1848269,1848269,780031,,1022214,,858889,-10165,851841
,3531,先益,,-77719,,,,-0.86,2,,上櫃,114,-3124,,,,,-52569,-130288,,,,-52479,-90,,30227,,-85920,585492,731981,146489,146489,116262,,-55693,,-130198,-90,-52569
,3537,堡達,,-23111,,,,0.05,2,-260,上櫃,114,1039,,,,,2663,-20448,,,,2663,,,114507,,-110805,1221407,1434741,213334,213074,98567,,3702,,-20448,,2663
,3540,曜越,0,-155923,,,,0.02,2,,上櫃,114,3678,,,,,708,-155215,,,,1620,-912,,134821,,-130435,1725900,2597017,871117,871117,736296,,4386,,-154303,-912,708
,3541,西柏,,-222,,,,-1.02,2,,上櫃,114,-18603,,,,,-57001,-57223,,,,-57001,,,-16604,,-59000,357140,557188,200048,200048,216652,,-75604,,-57223,,-57001
,3546,宇峻,,31131,,,,0.42,2,,上櫃,114,-11261,,,,,24555,55686,,,,24555,,,68045,,-54751,33466,630497,597031,597031,528986,,13294,,55686,,24555
,3548,兆利,,-465156,,,,0.06,2,,上櫃,114,136984,,,,,3813,-461343,,,,3813,,,194579,,-53782,4663607,5335254,671647,671647,477068,,140797,,-461343,,3813
,3551,世禾,,-150535,,,,4.05,2,,上櫃,114,56945,,,,,227580,77045,,,,227580,,,259454,,25071,881735,1400217,518482,518482,259028,,284525,,77045,,227580
,3552,同致,,-360404,,,,0.18,2,,上櫃,114,-13589,,,,,17105,-343299,,,,17105,,,14626,,-11110,3269808,4023326,753518,753518,738892,,3516,,-343299,,17105
,3555,博士旺,,-896,,,,-0.83,2,,上櫃,114,,,,,,-30291,-31187,,,,-24805,-5486,,-25287,,-5004,37796,37166,-630,-630,24657,,-30291,,-25542,-5645,-30291
,3556,禾瑞亞,,-2083,,,,0.84,2,,上櫃,114,9547,,,,,45623,43540,,,,53691,-8068,,67434,,-12264,263716,506382,242666,242666,175232,,55170,,52331,-8791,45623
,3558,神準,45936,-99457,,,,3.87,2,,上櫃,114,49511,,,,,300308,200851,,,,228564,71744,,330800,,19019,6620637,7961953,1341316,1341316,1056452,,349819,,131365,69486,300308
,3564,其陽,,-12917,,,,0.33,2,,上櫃,114,7006,,,,,19355,6438,,,,19355,,,45734,,-19373,898033,1185908,287875,287875,242141,,26361,,6438,,19355
,3567,逸昌,,,,,,0.38,2,,上櫃,114,3237,,,,,12842,12842,,,,,,,16559,,-480,92089,130753,38664,38664,22105,,16079,,,,12842
,3570,大塚,,-9596,,,,7.70,2,,上櫃,114,37525,,,,,131695,122099,,,,131695,,,170414,,-1194,983298,1355174,371876,371876,201462,,169220,,122099,,131695
,3577,泓格,1190,-7386,,,,1.31,2,,上櫃,114,22329,,,,,83740,76354,,,,83740,,,110202,,-4133,278143,608814,330671,330671,221659,,106069,,76354,,83740
,3580,友威科,,-34980,,,,0.96,2,,上櫃,114,14446,,,,,38008,3028,,,,38008,,,57118,,-4664,104580,203939,99359,99359,42241,,52454,,3028,,38008
,3581,博磊,,-8618,,,,-0.60,2,,上櫃,114,15369,,,,,-11362,-19980,,,,-30412,19050,,35222,,-31215,432227,655699,223472,223472,188250,,4007,,-39030,19050,-11362
,3587,閎康,,-349277,,,,2.14,2,,上櫃,114,45443,,,,,142295,-206982,,,,142295,0,,188960,,-1222,1930672,2611814,681142,681142,492182,,187738,,-206982,0,142295
,3594,磐儀,,-106993,,,,-0.41,2,0,上櫃,114,-11562,,,,,-46378,-153371,,,,-39286,-7092,,11694,,-69634,511119,876560,365441,365441,353747,,-57940,,-134406,-18965,-46378
,3597,映興,,-18780,,,,-0.11,2,,上櫃,114,6435,,,,,-4282,-23062,,,,-4282,,,14878,,-12725,306871,395105,88234,88234,73356,,2153,,-23062,,-4282
,3609,三一東林,,1910,,,,-1.94,2,,上櫃,114,0,,,,,-74347,-72437,,,,-74347,,,-62150,,-12197,207300,244700,37400,37400,99550,,-74347,,-72437,,-74347
,3611,鼎翰,,-435255,,,,8.64,2,,上櫃,114,91338,,,,,413625,-21630,,,,410084,3541,,594967,,-90004,4067863,5937633,1869770,1869770,1274803,,504963,,-25062,3432,413625
,3615,安可,,-14298,,,,-0.13,2,,上櫃,114,6582,,,,,17433,3135,,,,-8720,26153,,35513,,-11498,389988,513258,123270,123270,87757,,24015,,-23018,26153,17433
,3623,富晶通,,9431,,,,-0.46,2,,上櫃,114,-593,,,,,-13448,-4017,,,,,,,-10669,,-3372,151860,156414,4554,4554,15223,,-14041,,,,-13448
,3624,光頡,,-39614,,,,0.52,2,,上櫃,114,33781,,,,,62965,23351,,,,61539,1426,,169850,,-73104,955056,1324650,369594,369594,199744,,96746,,24215,-864,62965
,3625,西勝,,-22224,,,,-0.06,2,,上櫃,114,5335,,,,,-6985,-29209,,,,-6985,,,-75254,,73604,189396,212947,23551,23551,98805,,-1650,,-29209,,-6985
,3628,盈正,,-63125,,,,0.86,2,,上櫃,114,22939,,,,,38201,-24924,,,,38693,-492,,89738,,-28598,1062624,1507476,444852,444852,355114,,61140,,-23076,-1848,38201
,3629,地心引力,,-1614,,,,-0.53,2,,上櫃,114,0,,,,,-17338,-18952,,,,-17338,,,-15029,,-2309,15,71,56,56,15085,,-17338,,-18952,,-17338
,3630,新鉅科,,-92401,,,,2.59,2,,上櫃,114,0,,,,,513819,421418,,,,513819,,,-228056,,741875,986597,1124525,137928,137928,365984,,513819,,421418,,513819
,3631,晟楠,,-76383,,,,-0.58,2,,上櫃,114,-19575,,,,,-59032,-135415,,,,-47484,-11548,,-51680,,-26927,11768,17323,5555,5555,57235,,-78607,,-123867,-11548,-59032
,3632,研勤,,-1426,,,,-0.27,2,,上櫃,114,-1487,,,,,-11391,-12817,,,,-11091,-300,,-7807,,-5071,55242,124446,69204,69204,77011,,-12878,,-12207,-610,-11391
,3646,艾恩特,,-54413,,,,0.50,2,,上櫃,114,8813,,,,,19596,-34817,,,,19596,,,13949,,14460,249616,344755,95139,95139,81190,,28409,,-34817,,19596
,3663,鑫科,,-136946,,,,-0.02,2,,上櫃,114,21110,,,,,5751,-131195,,,0,-2372,8123,,27628,,-767,2612069,2753210,141141,141141,113513,,26861,0,-96961,-34234,5751
,3664,安瑞-KY,,-25167,,,,-3.00,2,,上櫃,114,-212,,,,,-176345,-201512,,,,-176416,71,,-179528,,2971,89815,235642,145827,145827,325355,,-176557,,-201585,73,-176345
,3666,光耀,,-12081,,,,-1.89,2,,上櫃,114,3003,,,,,-108534,-120615,,,,-108534,,,-77154,,-28377,279014,271170,-7844,-7844,69310,,-105531,,-120615,,-108534
,3672,康聯訊,,65,,,,-1.31,2,,上櫃,114,-9753,,,,,-41501,-41436,,,,-41469,-32,,-46889,,-4365,86428,124928,38500,38500,85389,,-51254,,-41384,-52,-41501
,3675,德微,,-4960,,,,0.48,2,,上櫃,114,4921,,,,,29365,24405,,,0,26185,3180,,100549,,-66263,821340,1268444,447104,447104,346555,,34286,0,21225,3180,29365
,3680,家登,,-342133,,,,2.64,2,,上櫃,114,97881,,,,,281536,-60597,,,,253365,28171,,547660,,-168243,1972240,3418805,1446565,1446565,898905,,379417,,-76138,15541,281536
,3684,榮昌,,-9537,,,,1.23,2,,上櫃,114,9330,,,,,36841,27304,,,0,36841,0,,59869,,-13698,379251,553951,174700,174700,114831,,46171,0,27304,0,36841
,3685,元創精密,,-52278,,,,-0.67,2,,上櫃,114,-338,,,,,-70305,-122583,,,,-53225,-17080,,9933,,-80576,408271,507316,99045,99045,89112,,-70643,,-80706,-41877,-70305
,3687,歐買尬,,-2907,,,,0.92,2,,上櫃,114,41710,,,,,161213,158306,,,,27533,133680,,145195,,57728,514817,868352,353535,353535,208340,,202923,,25660,132646,161213
,3689,湧德,,-307227,,,,3.87,2,,上櫃,114,119625,,,,,335021,27794,,,,329262,5759,,414856,,39790,2143450,3032097,888647,888647,473791,,454646,,20218,7576,335021
,3691,碩禾,,106709,,,,-7.01,2,,上櫃,114,-20958,,,,,-738946,-632237,,,,-644176,-94770,,-364350,,-395554,2027981,2129714,101733,101733,466083,,-759904,,-565631,-66606,-738946
,3693,營邦,,-86401,,,,8.73,2,,上櫃,114,136049,,,,,360746,274345,,,,375515,-14769,,737206,,-240411,3028856,4299545,1270689,1270689,533483,,496795,,296308,-21963,360746
,3707,漢磊,,-4486,,,,-1.02,2,,上櫃,114,-9313,,,,,-406848,-411334,,,,-390069,-16779,,-463642,,47481,2792956,2662425,-130531,-130531,333111,,-416161,,-394457,-16877,-406848
,3709,鑫聯大投控,,-165867,,,,2.22,2,,上櫃,114,134770,,,,,250389,84522,,,,251980,-1591,,434908,,-49749,19738513,20804075,1065562,1065562,630654,,385159,,83573,949,250389
,3710,連展投控,,-333838,,,,0.09,2,,上櫃,114,28338,,,,,34981,-298857,,,,26714,8267,,-24322,,87641,2784492,3489339,704847,704847,729169,,63319,,-280208,-18649,34981
,3713,新晶投控,27054,3,,,,-0.31,2,211,上櫃,114,2645,,,,,-23706,-23703,,,,-24428,722,,-2828,,-18233,130481,150071,19590,19801,49683,,-21061,,-24425,722,-23706
,4102,永日,,-12947,,,,-0.19,2,,上櫃,114,-3441,,,,,-6470,-19417,,,,-8146,1676,,1674,,-11585,197802,256212,58410,58410,56736,,-9911,,-21093,1676,-6470
,4105,東洋,,-211128,,,,2.72,2,12053,上櫃,114,199508,,,13737,,709719,498591,,,,675752,33967,,818560,,90667,1199070,2970900,1771830,1770146,951586,,909227,,475935,22656,709719
,4107,邦特,,-51404,,,,3.56,2,,上櫃,114,57958,,,,,247001,195597,,,,247001,,,321527,,-16568,600372,1049020,448648,448648,127121,,304959,,195597,,247001
,4109,加捷生醫,,-8948,,,,0.11,2,,上櫃,114,14845,,,,,14434,5486,,,,12768,1666,,14692,,14587,153037,238868,85831,85831,71139,,29279,,3683,1803,14434
,4111,濟生,,-11,,,,1.29,2,,上櫃,114,18962,,,,,73498,73487,,,,,,,104924,,-12464,415362,687364,272002,272002,167078,,92460,,,,73498
,4113,聯上,,-2989,,,,0.01,2,,上櫃,114,182,,,,,2086,-903,,,,,,,23752,,-21484,446541,543262,96721,96721,72969,,2268,,,,2086
,4114,健喬,0,-31153,,,,0.87,2,,上櫃,114,97690,,,,,358173,327020,,,,425066,-66893,,470807,,-14944,1697652,3060096,1362444,1362444,891637,,455863,,394234,-67214,358173
,4116,明基醫,,-64562,,,,0.72,2,,上櫃,114,42486,,,0,,88756,24194,,,,32034,56722,,160963,,-29721,1752793,2562946,810153,810153,649190,,131242,,6306,17888,88756
,4120,友華,,1365394,,,,-2.30,2,,上櫃,114,164781,,,,,-170843,1194551,,,,-199443,28600,,-65624,,59562,1157369,2282426,1125057,1125057,1190681,,-6062,,1168289,26262,-170843
,4121,優盛,,-22021,,,,-0.18,2,,上櫃,114,1833,,,,,-25505,-47526,,,,-15333,-10172,,-20211,,-3461,1245882,1907570,661688,661688,681899,,-23672,,-37039,-10487,-25505
,4123,晟德,,-116778,,,,-0.25,2,,上櫃,114,-39295,,,,,-177396,-294174,,,,-177396,0,,49546,,-266237,447581,757570,309989,309989,260443,,-216691,,-294174,0,-177396
,4126,太醫,,,,,,2.26,2,,上櫃,114,42023,,,,,164424,164424,,,,,,,253438,,-46991,783384,1170275,386891,386891,133453,,206447,,,,164424
,4127,天良,,3482,,,,-0.68,2,,上櫃,114,-2598,,,,,-30972,-27490,,,,-30972,,,5695,,-39265,105005,243925,138920,138920,133225,,-33570,,-27490,,-30972
,4128,中天,478,-747686,,,,-1.08,2,,上櫃,114,0,,,,,-714168,-1461854,,,,-632298,-81870,,-207629,,-506539,557715,909620,351905,351905,560012,,-714168,,-1266240,-195614,-714168
,4129,聯合,0,-78638,,,,2.46,2,6192,上櫃,114,84215,,,,,242808,164170,,,,237417,5391,,349340,,-22317,574125,2647905,2073780,2079972,1730632,,327023,,158319,5851,242808
,4131,浩泰,,,,,,-0.01,2,,上櫃,114,240,,,,,-547,-547,,,,-270,-277,,-26722,,26415,78634,123283,44649,44649,71371,,-307,,-270,-277,-547
,4138,曜亞,,8262,,,,2.18,2,,上櫃,114,22006,,,,,90791,99053,,,,79099,11692,,98316,,14481,383858,678454,294596,294596,196280,,112797,,87141,11912,90791
,4139,馬光-KY,,-21146,,,,-0.14,2,,上櫃,114,7330,,,,,-10051,-31197,,,,-5659,-4392,,2096,,-4817,466489,538083,71594,71594,69498,,-2721,,-22342,-8855,-10051
,4147,中裕,,-27828,,,,-0.31,2,,上櫃,114,,,,,,-85253,-113081,,,,-85253,,,-79516,,-5737,155065,313781,158716,158716,238232,,-85253,,-113081,,-85253
,4153,鈺緯,,-4083,,,,0.86,2,,上櫃,114,7843,,,793,,50683,46600,,,,50683,,,61265,,-2739,301806,442131,140325,139532,78267,,58526,,46600,,50683
,4154,樂威科-KY,,-8810,,,,-1.37,2,,上櫃,114,19,,,,,-48981,-57791,,,,-43215,-5766,,-44505,,-4457,31160,9766,-21394,-21394,23111,,-48962,,-51249,-6542,-48981
,4157,太景*-KY,,45250,,,,-0.20,2,,上櫃,114,127,,,,,-145546,-100296,,,,-145546,,,-77591,,-67828,10968,21582,10614,10614,88205,,-145419,,-100296,,-145546
,4160,訊聯基因,,-39320,,,,0.37,2,,上櫃,114,2653,,,,,9850,-29470,,,,9814,36,,7763,,4740,168794,288448,119654,119654,111891,,12503,,-29506,36,9850
,4161,聿新科,,156,,,,0.37,2,,上櫃,114,6124,,,,,18190,18346,,,,18792,-602,,32061,,-7747,270674,386216,115542,115542,83481,,24314,,18948,-602,18190
,4162,智擎,,,,,,0.84,2,,上櫃,114,51344,,,,,120088,120088,,,,,,,186728,,-15296,23207,384169,360962,360962,174234,,171432,,,,120088
,4163,鐿鈦,,-32020,,,,1.97,2,,上櫃,114,15560,,,,,86447,54427,,,,95683,-9236,,160418,,-58411,683691,1221184,537493,537493,377075,,102007,,63663,-9236,86447
,4166,友霖,,-48,,,,0.31,2,,上櫃,114,17611,,,,,69345,69297,,,,69345,,,105915,,-18959,293653,642448,348795,348795,242880,,86956,,69297,,69345
,4167,松瑞藥,,,,,,1.17,2,,上櫃,114,,,,,,367432,367432,,,,369145,-1713,,108743,,258689,373826,599344,225518,225518,116775,,367432,,369145,-1713,367432
,4168,醣聯,,-3283,,,,-0.88,2,,上櫃,114,1094,,,,,-95661,-98944,,,,-95661,,,-88943,,-5624,9470,29604,20134,20134,109077,,-94567,,-98944,,-95661
,4171,瑞基,,-5477,,,,-1.33,2,,上櫃,114,0,,,,,-77951,-83428,,,,-76444,-1507,,-49025,,-28926,33578,106965,73387,73387,122412,,-77951,,-80905,-2523,-77951
,4173,久裕,,35826,,,,0.78,2,,上櫃,114,15908,,,,,58214,94040,,,,58214,,,72633,,1489,605060,772514,167454,167454,94821,,74122,,94040,,58214
,4174,浩鼎,,-14608,,,,-4.43,2,,上櫃,114,5740,,,,,-1253855,-1268463,,,,-1165043,-88812,,-1195011,,-53104,66625,27216,-39409,-39409,1155602,,-1248115,,-1179651,-88812,-1253855
,4175,杏一,,-18734,,,,1.71,2,,上櫃,114,14414,,,,,72406,53672,,,,72302,104,,107639,,-20819,2628780,3911219,1282439,1282439,1174800,,86820,,53721,-49,72406
,4183,福永生技,,,,,,-0.49,2,,上櫃,114,-4878,,,,,-11777,-11777,,,,,,,-2489,,-14166,202258,249929,47671,47671,50160,,-16655,,,,-11777
,4188,安克,,-5152,,,,-0.50,2,,上櫃,114,-15,,,,,-39449,-44601,,,,-31690,-7759,,-42073,,2609,9663,14939,5276,5276,47349,,-39464,,-36842,-7759,-39449
,4192,杏國,,-3363,,,,-0.72,2,,上櫃,114,0,,,,,-25345,-28708,,,,-25345,0,,-25550,,205,5259,13202,7943,7943,33493,,-25345,,-28708,0,-25345
,4198,欣大健康,,5688,,,,-1.06,2,,上櫃,114,68,,,,,-26158,-20470,,,,-25665,-493,,-20955,,-5135,69760,104631,34871,34871,55826,,-26090,,-19977,-493,-26158
,4205,中華食,,-26,,,,2.02,2,,上櫃,114,46551,,,,,197181,197155,,,,,,,236775,,6957,591717,984554,392837,392837,156062,,243732,,,,197181
,4207,環泰,,-188623,,,,0.82,2,,上櫃,114,82474,,,,,235163,46540,,,,163258,71905,,314012,,3625,2190931,2669794,478863,478863,164851,,317637,,27274,19266,235163
,4303,信立,,-335,,,,1.60,2,,上櫃,114,26254,,,,,147718,147383,,,,151248,-3530,,-11846,,185818,418550,503029,84479,84479,96325,,173972,,150913,-3530,147718
,4304,勝昱,,606,,,,-0.88,2,,上櫃,114,0,,,,,-31784,-31178,,,,-31784,,,-27972,,-3812,162776,168293,5517,5517,33489,,-31784,,-31178,,-31784
,4305,世坤,,,,,,1.19,2,,上櫃,114,17565,,,,,65692,65692,,,,,,,132025,,-48768,379249,548849,169600,169600,37575,,83257,,,,65692
,4401,東隆興,,-32405,,,,0.20,2,,上櫃,114,21071,,,,,41121,8716,,,,24579,16542,,54076,,8116,1754824,1910146,155322,155322,101246,,62192,,-389,9105,41121
,4402,郡都開發,,,,,,-0.07,2,,上櫃,114,-152,,,,,-4940,-4940,,,,-4940,0,,-8756,,3664,10796,13068,2272,2272,11028,,-5092,,-4940,0,-4940
,4406,新昕纖,,1287,,,,-0.72,2,,上櫃,114,0,,,,,-37617,-36330,,,,,,,-20683,,-16934,274861,268619,-6242,-6242,14441,,-37617,,,,-37617
,4413,飛寶企業,,-215,,,,-0.65,2,,上櫃,114,0,,,,,-20222,-20437,,,,-20222,,,-22184,,1962,278432,312509,34077,34077,56261,,-20222,,-20437,,-20222
,4416,三圓,,25288,,,,0.02,2,,上櫃,114,2051,,,,,1286,26574,,,,1286,,,136398,,-133061,273979,447449,173470,173470,37072,,3337,,26574,,1286
,4417,金洲,,-352716,,,,3.26,2,,上櫃,114,125438,,,,,292301,-60415,,,,273771,18530,,309175,,108564,1174003,1666907,492904,492904,183729,,417739,,-22071,-38344,292301
,4419,皇家美食,,-530,,,,-0.60,2,,上櫃,114,5527,,,,,-88985,-89515,,,,-101159,12174,,-68840,,-14618,968379,1356643,388264,388264,457104,,-83458,,-101397,11882,-88985
,4420,光明,272225,160,,,,5.12,2,,上櫃,114,53099,,,,,207329,207489,,,,,,,259497,,931,505447,521067,15620,15620,28348,,260428,,,,207329
,4430,耀億,,-135554,,,,-0.45,2,,上櫃,114,-5997,,,,,-25579,-161133,,,,-25579,,,32808,,-64384,828624,1071862,243238,243238,210430,,-31576,,-161133,,-25579
,4432,銘旺實,,-46102,,,,-0.92,2,,上櫃,114,6970,,,,,-46577,-92679,,,,-46577,,,16459,,-56066,414420,534721,120301,120301,103842,,-39607,,-92679,,-46577
,4433,興采,,-33910,,,,-1.46,2,,上櫃,114,-3679,,,,,-91199,-125109,,,,-87960,-3239,,-5310,,-89568,1185058,1465098,280040,280040,285350,,-94878,,-102004,-23105,-91199
,4442,竣邦-KY,,-47093,,,,3.00,2,,上櫃,114,15244,,,,,83526,36433,,,,83526,,,99610,,-840,623307,861424,238117,238117,138507,,98770,,36433,,83526
,4502,健信,,-30361,,,,-0.62,2,,上櫃,114,0,,,,,-36382,-66743,,,,-35481,-901,,-11791,,-24591,380396,454631,74235,74235,86026,,-36382,,-65545,-1198,-36382
,4503,金雨,,-13476,,,,-0.07,2,,上櫃,114,-304,,,,,-5155,-18631,,,,-5121,-34,,26245,,-31704,236844,300643,63799,63799,37554,,-5459,,-18597,-34,-5155
,4506,崇友,,-27241,,,,3.24,2,,上櫃,114,140693,,,,,572917,545676,,,,572937,-20,,681865,,31745,2077310,3090202,1012892,1012892,331027,,713610,,545692,-16,572917
,4510,高鋒,,-98724,,,,-0.71,2,,上櫃,114,-13666,,,,,-87449,-186173,,,,-77058,-10391,,-49115,,-52000,590419,720531,130112,130112,179227,,-101115,,-175481,-10692,-87449
,4513,福裕,,-42156,,,,-1.04,2,,上櫃,114,952,,,,,-118868,-161024,,,,-118868,,,-69778,,-48138,386957,484412,97455,97455,167233,,-117916,,-161024,,-118868
,4523,永彰,,-16846,,,,-5.80,2,,上櫃,114,-1253,,,,,-490782,-507628,,,,-371339,-119443,,-296041,,-195994,434664,335844,-98820,-98820,197221,,-492035,,-388185,-119443,-490782
,4527,方方土霖,,-70531,,,,0.73,2,,上櫃,114,20960,,,,,44619,-25912,,,,55872,-11253,,42743,,22836,981747,1289519,307772,307772,265029,,65579,,-6024,-19888,44619
,4528,江興鍛,,-170752,,,,-0.25,2,,上櫃,114,10352,,,,,-20623,-191375,,,,-20623,0,,2278,,-12549,650472,768514,118042,118042,115764,,-10271,,-191375,0,-20623
,4529,淳紳,,-56131,,,,-0.39,2,,上櫃,114,,,,,,-33277,-89408,,,,-33085,-192,,-34462,,1185,935,2703,1768,1768,36230,,-33277,,-89215,-193,-33277
-16102,4530,天意能創,,-423,,,,-0.18,2,,上櫃,114,4152,,,,,-6254,-6677,,,,-12202,5948,,12930,,1070,78813,119660,40847,40847,27917,,14000,,-12625,5948,9848
,4533,協易機,0,-93336,0,,,-0.27,2,,上櫃,114,-18120,,,,,-43071,-136407,,,,-43071,,,82133,,-143324,1452154,2028629,576475,576475,494342,,-61191,,-136407,,-43071
,4534,慶騰,,-33065,,,,-0.54,2,,上櫃,114,29,,,,,-46617,-79682,,,,-46617,,,-34115,,-12473,332762,374978,42216,42216,76331,,-46588,,-79682,,-46617
,4535,至興,,-135668,,,,0.46,2,,上櫃,114,39819,,,,,87494,-48174,,,,34623,52871,,153071,,-25758,1036311,1297995,261684,261684,108613,,127313,,-53457,5283,87494
,4538,大詠城,,,,,,0.12,2,,上櫃,114,3289,,,,,6799,6799,,,,,,,12778,,-2690,142212,175958,33746,33746,20968,,10088,,,,6799
,4541,晟田,,,,,,0.05,2,,上櫃,114,-1925,,,,,3328,3328,,,,,,,88611,,-87208,585142,750673,165531,165531,76920,,1403,,,,3328
,4542,科嶠,,-58355,,,,0.48,2,,上櫃,114,12991,,,,,15596,-42759,,,,15358,238,,50275,,-21688,275247,417873,142626,142626,92351,,28587,,-42405,-354,15596
,4543,萬在,,-1420,,,,-0.66,2,,上櫃,114,0,,,,,-39675,-41095,,,,-39675,,,30957,,-70632,309758,399599,89841,89841,58884,,-39675,,-41095,0,-39675
,4549,桓達,,-50422,,,,1.55,2,,上櫃,114,12716,,,,,86886,36464,,,,86887,-1,,100159,,-557,292998,630111,337113,337113,236954,,99602,,36477,-13,86886
,4550,長佳,,-4867,,,,0.30,2,,上櫃,114,3686,,,,,11184,6317,,,,11184,,,11516,,3354,335638,392645,57007,57007,45491,,14870,,6317,,11184
,4554,橙的,,5099,,,,0.26,2,,上櫃,114,529,,,,,5993,11092,,,,5993,0,,30273,,-23751,122556,234251,111695,111695,81422,,6522,,11092,0,5993
,4556,旭然,,-87210,,,,0.22,2,,上櫃,114,5147,,,,,9297,-77913,,,,9297,0,,20044,,-5600,201724,317139,115415,115415,95371,,14444,,-77913,0,9297
,4558,寶緯,,,,,,-0.78,2,,上櫃,114,-9734,,,,,-38996,-38996,,,,,,,-44305,,-4425,779307,777846,-1461,-1461,42844,,-48730,,,,-38996
,4561,健椿,,,,,,0.04,2,,上櫃,114,3670,,,,,2314,2314,,,,,,,26668,,-20684,371619,477634,106015,106015,79347,,5984,,,,2314
,4563,百德,,-88754,,,,0.23,2,,上櫃,114,31259,,,2949,,12718,-76036,,,,12718,,,146000,,-102023,1037464,1551198,513734,510785,364785,,43977,,-76036,,12718
,4568,科際精密,,-60483,,,,0.69,2,,上櫃,114,6796,,,,,21897,-38586,,,,21897,,,38278,,-9585,409281,594751,185470,185470,147192,,28693,,-38586,,21897
,4577,達航科技,,-22390,,,,-0.78,2,,上櫃,114,-4998,,,,,-38486,-60876,,,,-38486,,,-33946,,-9538,250205,291906,41701,41701,75647,,-43484,,-60876,,-38486
,4580,捷流閥業,,-66068,,,,2.16,2,,上櫃,114,40895,,,,,98152,32084,,,,98152,,,148198,,-9151,798833,1136957,338124,338124,189926,,139047,,32084,,98152
,4584,君帆,,-55615,,,,1.99,2,,上櫃,114,28912,,,,,59554,3939,,,,59554,,,96272,,-7806,454168,688443,234275,234275,138003,,88466,,3939,,59554
,4609,唐鋒,,-6656,,,,-0.46,2,,上櫃,114,0,,,,,-21965,-28621,,,,-21965,,,-33364,,11399,52353,67068,14715,14715,48079,,-21965,,-28621,,-21965
,4702,中美實,,-33374,,,,-0.58,2,,上櫃,114,-1692,,,,,-41782,-75156,,,,-41782,,,-14111,,-29363,20797,37205,16408,16408,30519,,-43474,,-75156,,-41782
,4706,大恭,,-27917,,,,-0.21,2,,上櫃,114,-1872,,,,,-16718,-44635,,,,-16695,-23,,4211,,-22801,442829,515502,72673,72673,68462,,-18590,,-44612,-23,-16718
,4707,磐亞,,-330679,,,,0.29,2,,上櫃,114,-8918,,,,,118750,-211929,,,,,,,-73346,,183178,697547,670099,-27448,-27448,45898,,109832,,,,118750
,4711,永純,,,,,,0.01,2,,上櫃,114,-881,,,,,353,353,,,,353,,,-2752,,2224,314853,351537,36684,36684,39436,,-528,,353,,353
,4714,永捷,,-28312,,,,-0.18,2,,上櫃,114,25116,,,,,57554,29242,,,,-31970,89524,,-77512,,160182,537716,672459,134743,134743,212255,,82670,,-59988,89230,57554
,4716,大立,,-3439,,,,-1.36,2,,上櫃,114,-7829,,,,,-121855,-125294,,,,-120352,-1503,,-43099,,-86585,251506,277992,26486,26486,69585,,-129684,,-123751,-1543,-121855
,4721,美琪瑪,,-72601,,,,1.55,2,0,上櫃,114,26992,,,0,,116280,43679,,,,116280,,,144008,,-736,1239639,1464424,224785,224785,80777,,143272,,43679,,116280
,4726,永昕,,-500,,,,-1.29,2,,上櫃,114,-4155,,,,,-266299,-266799,,,,-266299,,,-226401,,-44053,445436,324275,-121161,-121161,105240,,-270454,,-266799,,-266299
,4728,雙美,,-14862,,,,6.94,2,,上櫃,114,155155,,,,,378230,363368,,,,378230,,,526450,,6935,209425,1014298,804873,804873,278423,,533385,,363368,,378230
,4729,熒茂,,-168973,,,,0.06,2,,上櫃,114,6168,,,,,9021,-159952,,,,4403,4618,,3728,,11461,435576,550521,114945,114945,111217,,15189,,-137753,-22199,9021
,4735,豪展,,-52164,,,,0.80,2,,上櫃,114,-797,,,,,30046,-22118,,,,30046,,,30271,,-1022,311421,452064,140643,140643,110372,,29249,,-22118,,30046
,4741,泓瀚,,-2005,,,,-0.10,2,,上櫃,114,-5698,,,,,-3903,-5908,,,,-3201,-702,,-59,,-9542,171089,239995,68906,68906,68965,,-9601,,-4213,-1695,-3903
,4743,合一,,-866795,,,,-2.10,2,,上櫃,114,390,,,0,,-1027414,-1894209,,,,-1006525,-20889,,-412846,,-614178,41134,51868,10734,10734,423580,,-1027024,,-1857621,-36588,-1027414
,4744,皇將,,-40822,,,,0.63,2,,上櫃,114,18127,,,,,33799,-7023,,,,33799,0,,63986,,-12060,356400,649741,293341,293341,229355,,51926,,-7023,0,33799
,4745,合富-KY,,-519071,,,,-0.69,2,,上櫃,114,-10971,,,,,-76444,-595515,,,,-54005,-22439,,-80954,,-6461,1367726,1612821,245095,245095,326049,,-87415,,-340725,-254790,-76444
,4747,強生*,,640,,,,0.91,2,,上櫃,114,9969,,,,,40877,41517,,,,40877,,,45126,,5720,170869,284982,114113,114113,68987,,50846,,41517,,40877
,4749,新應材,64,-33225,,,,5.36,2,,上櫃,114,105159,,,,,491903,458678,,,,492360,-457,,548884,,48178,1204355,2112014,907659,907659,358839,,597062,,459135,-457,491903
,4754,國碳科,,-5725,,,,1.85,2,,上櫃,114,15259,,,,,55976,50251,,,,55976,,,78226,,-6991,182739,350512,167773,167773,89547,,71235,,50251,,55976
,4760,勤凱科技,,-17232,,,,2.51,2,,上櫃,114,19964,,,,,75616,58384,,,,,,,125104,,-29524,667931,845203,177272,177272,52168,,95580,,,,75616
,4767,誠泰科技,,-52626,,,,0.34,2,,上櫃,114,5588,,,,,10685,-41941,,,,10765,-80,,17769,,-1496,401943,516939,114996,114996,97227,,16273,,-41945,4,10685
,4768,晶呈科技,,-8508,,,,0.01,2,,上櫃,114,-207,,,,,-795,-9303,,,,370,-1165,,13428,,-14430,207941,340615,132674,132674,119246,,-1002,,-8138,-1165,-795
,4772,台特化,,,,,,1.49,2,,上櫃,114,30181,,,,,219415,219415,,,,,,,239333,,10263,201315,482369,281054,281054,41721,,249596,,,,219415
,4804,大略-KY,,-4447,,,,-0.12,2,,上櫃,114,5,,,,,-5800,-10247,,,,-5800,0,,-12940,,7145,56022,60620,4598,4598,17538,,-5795,,-10247,0,-5800
,4806,桂田文創,,,,,,-0.16,2,,上櫃,114,,,,,,-32438,-32438,,,,-32438,0,,-36078,,3640,27207,36814,9607,9607,45685,,-32438,,-32438,0,-32438
,4903,聯光通,,1610,,,,0.00,2,,上櫃,114,162,,,,,434,2044,,,,434,0,,810,,-214,537480,588340,50860,50860,50050,,596,,2044,0,434
,4905,台聯電,,-50139,,,,-1.54,2,,上櫃,114,11741,,,,,-43334,-93473,,,,-44999,1665,,9467,,-41060,245593,334839,89246,89246,79779,,-31593,,-91925,-1548,-43334
,4907,富宇,,,,,,0.54,2,,上櫃,114,44281,,,,,63449,63449,,,,,,,104776,,2954,647033,837596,190563,190563,85787,,107730,,,,63449
,4908,前鼎,,-1585,,,,0.89,2,,上櫃,114,17448,,,,,69792,68207,,,,,,,104900,,-17660,207780,418105,210325,210325,105425,,87240,,,,69792
0,4909,新復興,,-20862,,,,-2.08,2,,上櫃,114,-5037,,,,,-193976,-214838,,,,-193976,0,,-80390,,-118623,188060,170217,-17843,-17843,62547,,-199013,,-214838,0,-193976
,4911,德英,,,,,,1.19,2,,上櫃,114,10611,,,,,75718,75718,,,,,,,82618,,3711,23596,160182,136586,136586,53968,,86329,,,,75718
,4923,力士,,-50,,,,-3.93,2,,上櫃,114,-3823,,,,,-128714,-128764,,,,-128714,,,-119638,,-12899,317488,408309,90821,90821,210459,,-132537,,-128764,,-128714
,4924,欣厚-KY,,-29522,,,,-0.19,2,,上櫃,114,5899,,,,,-6969,-36491,,,,-6969,,,-5336,,4266,270840,344939,74099,74099,79435,,-1070,,-36491,,-6969
,4931,新盛力,,-29353,,,,0.84,2,,上櫃,114,11062,,,,,54566,25213,,,,54566,,,94598,,-28970,898075,1120172,222097,222097,127499,,65628,,25213,,54566
,4933,友輝,,9478,,,,1.43,2,,上櫃,114,30782,,,,,117063,126541,,,,117063,,,308589,,-160744,1005087,1525505,520418,520418,211829,,147845,,126541,,117063
,4939,亞電,,-214986,,,,-0.76,2,,上櫃,114,-18705,,,,,-74824,-289810,,,,-74824,,,-46105,,-47424,545096,687856,142760,142760,188865,,-93529,,-289810,,-74824
,4946,辣椒,,-239,,,,3.44,2,,上櫃,114,0,,,,,25324,25085,,,,26835,-1511,,25546,,-222,121578,205502,83924,83924,58378,,25324,,26596,-1511,25324
,4950,金耘國際,,-70533,,,,-0.20,2,,上櫃,114,5092,,,,,-11925,-82458,,,,-28967,17042,,13825,,-20658,444368,528967,84599,84599,70774,,-6833,,-66707,-15751,-11925
,4951,精拓科,,-19,,,,2.60,2,,上櫃,114,6253,,,,,88907,88888,,,,88908,-1,,94510,,650,58797,262641,203844,203844,109334,,95160,,88889,-1,88907
,4953,緯致,,-239310,,,,3.31,2,,上櫃,114,39982,,,,,242215,2905,,,,242215,,,275572,,6625,4507123,5364333,857210,857210,581638,,282197,,2905,,242215
,4966,譜瑞-KY,,-2358796,,,,17.32,2,,上櫃,114,138847,,,,,1366417,-992379,,,,1366417,,,1365898,,139366,4725589,8266033,3540444,3540444,2174546,,1505264,,-992379,,1366417
,4971,IET-KY,,-211557,,,,-0.67,2,,上櫃,114,-13320,,,,,-26231,-237788,,,,-26251,20,,66238,,-105789,333064,509074,176010,176010,109772,,-39551,,-237808,20,-26231
,4972,湯石照明,,-118298,,,,-0.96,2,,上櫃,114,-2928,,,,,-54476,-172774,,,,-54476,,,-62360,,4956,350971,473749,122778,122778,185138,,-57404,,-172774,,-54476
,4973,廣穎電通,,-74322,,,,-0.67,2,,上櫃,114,55,,,,,-42937,-117259,,,,-42937,,,-3360,,-39522,1667957,2133119,465162,465162,468522,,-42882,,-117259,,-42937
,4974,亞泰,,-297628,,,,2.77,2,,上櫃,114,48068,,,,,201102,-96526,,,,201102,,,259717,,-10547,1704264,2056315,352051,352051,92334,,249170,,-96526,,201102
,4979,華星光,,-40047,,,,2.19,2,,上櫃,114,0,,,,,308061,268014,,,,308061,,,347465,,-39404,1726396,2154392,427996,427996,80531,,308061,,268014,,308061
,4991,環宇-KY,,-302224,,,,-0.57,2,,上櫃,114,-8386,,,,,-64718,-366942,,,,-64718,,,154080,,-227184,552333,963153,410820,410820,256740,,-73104,,-366942,,-64718
,4995,晶達,,-7170,,,,0.54,2,,上櫃,114,4172,,,,,22718,15548,,,,22718,,,55005,,-28115,442501,637154,194653,194653,139648,,26890,,15548,,22718
,5009,榮剛,,-388905,,,,1.00,2,,上櫃,114,83931,,,,,584676,195771,,,,591990,-7314,,673896,,-5289,4738109,6095655,1357546,1357546,683650,,668607,,201237,-5466,584676
,5011,久陽,6167,-51187,,,,-0.77,2,,上櫃,114,-12976,,,,,-147048,-198235,,,,-77244,-69804,,-158418,,-1606,2809795,2730018,-79777,-79777,84808,,-160024,,-128431,-69804,-147048
,5013,強新,,-322417,,,,0.63,2,,上櫃,114,56239,,,,,153982,-168435,,,,83633,70349,,247773,,-37552,3393384,3854760,461376,461376,213603,,210221,,-127116,-41319,153982
,5014,建錩,,-358804,,,,-1.78,2,,上櫃,114,15608,,,,,-329922,-688726,,,,-329220,-702,,-19598,,-294716,6879932,7096314,216382,216382,235980,,-314314,,-687721,-1005,-329922
,5015,華祺,,-62609,,,,-0.88,2,,上櫃,114,7417,,,,,-53286,-115895,,,,-53286,0,,43904,,-89773,666643,813009,146366,146366,102462,,-45869,,-115895,0,-53286
,5016,松和,,-28658,,,,0.66,2,,上櫃,114,9029,,,,,33209,4551,,,,32626,583,,43458,,-1220,944983,1042611,97628,97628,54170,,42238,,5453,-902,33209
,5201,凱衛,,-229,,,,-0.66,2,,上櫃,114,2046,,,,,-20553,-20782,,,,-20294,-259,,7421,,-25928,80614,149118,68504,68504,61083,,-18507,,-20523,-259,-20553
,5202,力新,,-10885,,,,-0.69,2,,上櫃,114,3766,,,,,-61263,-72148,,,,-61263,,,-16708,,-40789,15452,81207,65755,65755,82463,,-57497,,-72148,,-61263
,5205,中茂,,,,,,-0.65,2,,上櫃,114,0,,,,,-9615,-9615,,,,-8800,-815,,-10910,,1295,11179,10098,-1081,-1081,9829,,-9615,,-8800,-815,-9615
,5206,坤悅,,,,,,4.30,2,,上櫃,114,171787,,,,,670831,670831,,,,670831,,,832354,,10264,2507823,3675046,1167223,1167223,334869,,842618,,670831,,670831
,5209,新鼎,,-8847,,,,6.61,2,,上櫃,114,51180,,,,,187878,179031,,,,187878,0,,242674,,-3616,2095516,2418279,322763,322763,80089,,239058,,179031,0,187878
,5210,寶碩,,-1668,,,,0.14,2,,上櫃,114,-2,,,,,11349,9681,,,,11349,0,,11090,,257,35833,127306,91473,91473,80383,,11347,,9681,0,11349
0,5211,蒙恬,,-12529,,,,-0.59,2,,上櫃,114,72,,,,,-17484,-30013,,,0,-18889,1405,,-13135,,-4277,45096,95462,50366,50366,63501,,-17412,0,-30873,860,-17484
,5212,凌網,,-8362,,,,0.04,2,,上櫃,114,8024,,,,,928,-7434,,,,1309,-381,,42490,,-33538,236376,463241,226865,226865,184375,,8952,,-6733,-701,928
,5213,亞昕,,-222475,,,,1.79,2,,上櫃,114,376972,,,,,1174559,952084,,,,1192376,-17817,,1974857,,-423326,7722597,10622575,2899978,2899978,925121,,1551531,,981641,-29557,1174559
,5220,萬達光電,,-546,,,,-0.14,2,,上櫃,114,-1850,,,,,-5643,-6189,,,,-5643,,,6131,,-13624,312233,398212,85979,85979,79848,,-7493,,-6189,,-5643
,5223,安力-KY,,-225478,,,,0.02,2,,上櫃,114,15024,,,,,750,-224728,,,,750,,,4596,,11178,785778,945561,159783,159783,155187,,15774,,-224728,,750
,5227,立凱-KY,,-879,,,,-2.01,2,,上櫃,114,0,,,,,-136513,-137392,,,,-136513,,,-161948,,25435,272017,286948,14931,14931,176879,,-136513,,-137392,,-136513
,5228,鈺鎧,,115,,,,-0.44,2,,上櫃,114,794,,,,,-16876,-16761,,,,,,,-15175,,-907,219775,256585,36810,36810,51985,,-16082,,,,-16876
,5230,雷笛克光學,,-149514,,,,-1.13,2,,上櫃,114,514,,,,,-65544,-215058,,,,-64763,-781,,-53519,,-11511,494762,629553,134791,134791,188310,,-65030,,-213459,-1599,-65544
,5245,智晶,,0,,,,-2.18,2,,上櫃,114,-1184,,,,,-98003,-98003,,,,-94282,-3721,,-77116,,-22071,405904,441659,35755,35755,112871,,-99187,,-94282,-3721,-98003
,5251,天鉞電,,-12053,,,,-0.29,2,,上櫃,114,-2419,,,,,-9700,-21753,,,,-9700,,,-4925,,-7194,106932,170380,63448,63448,68373,,-12119,,-21753,,-9700
,5263,智崴,,-114949,,,,-3.97,2,,上櫃,114,-53271,,,,,-276590,-391539,,,,-276590,,,-109978,,-219883,376854,567202,190348,190348,300326,,-329861,,-391539,,-276590
,5272,笙科,,-43694,,,,-0.61,2,,上櫃,114,-1393,,,,,-33522,-77216,,,,,,,-36438,,1523,108650,189339,80689,80689,117127,,-34915,,,,-33522
,5274,信驊,,-15784,,,,40.11,2,,上櫃,114,376000,,,,,1515867,1500083,,,,1515867,,,2211147,,-319280,1419033,4311665,2892632,2892632,681485,,1891867,,1500083,,1515867
,5276,達輝-KY,,-43666,,,,0.59,2,,上櫃,114,14364,,,,,23131,-20535,,,,23131,,,32498,,4997,366084,445975,79891,79891,47393,,37495,,-20535,,23131
,5278,尚凡*,,-37076,,,,0.53,2,,上櫃,114,41138,,,,,163580,126504,,,,159984,3596,,138561,,66157,527016,1185527,658511,658511,519950,,204718,,123230,3274,163580
,5287,數字,,-81358,,,,6.26,2,,上櫃,114,94830,,,,,375819,294461,,,,375327,492,,447288,,23361,366070,1156019,789949,789949,342661,,470649,,295588,-1127,375819
,5289,宜鼎,,-6338,,,,5.70,2,,上櫃,114,125963,,,,,505663,499325,,,,521889,-16226,,720799,,-89173,4061349,5647171,1585822,1585822,865023,,631626,,515859,-16534,505663
,5291,邑昇,,-12665,,,,0.02,2,,上櫃,114,3331,,,,,-2918,-15583,,,,727,-3645,,12696,,-12283,423917,536128,112211,112211,99515,,413,,-11938,-3645,-2918
,5299,杰力,,-1029,,,,1.24,2,,上櫃,114,12961,,,,,63118,62089,,,,63118,,,139577,,-63498,530210,812438,282228,282228,142651,,76079,,62089,,63118
,5301,寶得利,,6196,,,,-0.39,2,,上櫃,114,,,,,,-59132,-52936,,,,-55715,-3417,,-45091,,-14041,23945,109174,85229,85229,130320,,-59132,,-49533,-3403,-59132
,5302,太欣,,-313,,,,-0.18,2,,上櫃,114,0,,,,,-28741,-29054,,,,-28075,-666,,-33555,,4814,5547,7714,2167,2167,35722,,-28741,,-28339,-715,-28741
,5309,系統電,,-137085,,,,0.14,2,,上櫃,114,8578,,,,,13960,-123125,,,,27077,-13117,,35751,,-13213,1295461,1706088,410627,410627,374876,,22538,,-107966,-15159,13960
,5310,天剛,,0,,,,0.63,2,,上櫃,114,19014,,,,,18351,18351,,,,18351,,,-13190,,50555,343,399,56,56,13246,,37365,,18351,,18351
,5312,寶島科,,-145300,,,,2.76,2,,上櫃,114,47233,,,,,165625,20325,,,,165830,-205,,138856,,74002,712781,1961801,1249020,1249020,1110164,,212858,,20530,-205,165625
,5314,世紀*,,0,,,,1.58,2,,上櫃,114,58741,,,,,470982,470982,,,,463536,7446,,495678,,34045,417601,1081301,663700,663700,168022,,529723,,463536,7446,470982
0,5315,光聯,,-44130,,,,0.93,2,,上櫃,114,-60115,,,,,99391,55261,,,,99391,0,,61801,,-22525,855832,1005416,149584,149584,87783,,39276,,55261,0,99391
,5321,美而快,,222,,,,0.08,2,,上櫃,114,23462,,,,,18919,19141,,,,4386,14533,,70234,,-27853,699487,1428195,728708,728708,658474,,42381,,4608,14533,18919
,5324,士開,,-3681,,,,-0.11,2,,上櫃,114,436,,,,,-18891,-22572,,,,-24470,5579,,9429,,-27884,256328,459079,202751,202751,193322,,-18455,,-28035,5463,-18891
,5328,華容,,-114517,,,,0.08,2,,上櫃,114,3803,,,,,14823,-99694,,,,14094,729,,21389,,-2763,311637,428625,116988,116988,95599,,18626,,-100423,729,14823
,5340,建榮,,,,,,0.37,2,,上櫃,114,19758,,,,,73005,73005,,,,,,,126088,,-33325,921265,1103478,182213,182213,56125,,92763,,,,73005
,5344,立衛,,0,,,,-0.31,2,,上櫃,114,-264,,,,,-24361,-24361,,,,,,,-18731,,-5894,152343,161513,9170,9170,27901,,-24625,,,,-24361
,5345,馥鴻,,,,,,-0.27,2,,上櫃,114,0,,,,,-10025,-10025,,,,-10025,,,-10496,,471,2667,3151,484,484,10980,,-10025,,-10025,,-10025
,5347,世界,,-3282981,,,,2.42,2,,上櫃,114,637849,,,,,4418653,1135672,,,,4456846,-38193,,4134791,,921711,16771427,23648652,6877225,6877225,2742434,,5056502,,1903696,-768024,4418653
,5348,正能量智能,,,,,,-0.82,2,,上櫃,114,1132,,,,,-10197,-10197,,,0,-12118,1921,,-5495,,-3570,81928,112921,30993,30993,36488,,-9065,0,-12118,1921,-10197
,5351,鈺創,33761,305,,,,-1.31,2,,上櫃,114,0,,,,,-470588,-470283,,,,-425901,-44687,,-463550,,-7038,1253126,1371852,118726,118726,616037,,-470588,,-422553,-47730,-470588
,5353,台林,,2848,,,,0.50,2,,上櫃,114,1124,,,,,37626,40474,,,,37626,0,,49964,,-11214,674936,878691,203755,203755,153791,,38750,,40474,0,37626
,5355,佳總,,-8950,,,,-0.46,2,,上櫃,114,-2809,,,,,-76090,-85040,,,,-76090,,,-84360,,5461,281991,240955,-41036,-41036,43324,,-78899,,-85040,,-76090
,5356,協益,,-266825,,,,-0.75,2,,上櫃,114,8151,,,,,-77652,-344477,,,,-77652,0,,78613,,-148114,1425065,1651352,226287,226287,147674,,-69501,,-344477,0,-77652
,5364,力麗店,,31683,,,,-0.61,2,,上櫃,114,-99,,,,,-39265,-7582,,,,-38806,-459,,-38705,,-659,147589,152960,5371,5371,44076,,-39364,,-7123,-459,-39265
,5381,光譜,,-35995,,,,0.46,2,,上櫃,114,35495,,,,,116415,80420,,,,110732,5683,,166475,,-14565,828153,1104143,275990,275990,109515,,151910,,74737,5683,116415
,5386,青雲,,-1975,,,,2.39,2,,上櫃,114,21389,,,,,85527,83552,,,,,,,152764,,-45848,2281351,2494834,213483,213483,60719,,106916,,,,85527
,5392,能率,,-481909,,,,-0.57,2,,上櫃,114,58587,,,,,-112861,-594770,,,,-95739,-17122,,-6186,,-48088,3639230,4280658,641428,641428,647614,,-54274,,-542525,-52245,-112861
,5398,慕康生醫,,-19519,,,,0.17,2,,上櫃,114,2335,,,,,8589,-10930,,,,8589,,,2551,,8373,63821,102269,38448,38448,35897,,10924,,-10930,,8589
,5403,中菲,,-8894,,,,3.92,2,,上櫃,114,71935,,,,,287738,278844,,,,,,,351418,,8255,1041052,1671466,630414,630414,278996,,359673,,,,287738
,5410,國眾,,-5447,,,,1.35,2,,上櫃,114,26628,,,,,123163,117716,,,,123525,-362,,145359,,4432,1770351,2162124,391773,391773,246414,,149791,,118078,-362,123163
,5425,台半,,-723896,,,,0.64,2,,上櫃,114,162677,,,,,424484,-299412,,,,157655,266829,,745828,,-158667,6604033,9216282,2612249,2612249,1866421,,587161,,-339360,39948,424484
,5426,振發,,-119142,,,,0.28,2,,上櫃,114,31326,,,,,40207,-78935,,,,40393,-186,,78530,,-6997,692810,887416,194606,194606,116076,,71533,,-78749,-186,40207
,5432,新門,,-11013,,,,0.47,2,,上櫃,114,0,,,,,9713,-1300,,,,,,,10511,,-798,70728,92516,21788,21788,11277,,9713,,,,9713
,5438,東友,,-482231,,,,0.08,2,,上櫃,114,-2836,,,,,6433,-475798,,,,6433,,,-2375,,5972,609654,720996,111342,111342,113717,,3597,,-475798,,6433
,5439,高技,,-138,,,,3.81,2,,上櫃,114,68970,,,,,353833,353695,,,,353833,,,537158,,-114355,2985557,3712346,726789,726789,189631,,422803,,353695,,353833
,5443,均豪,,-1276344,,,,1.53,2,,上櫃,114,57321,,,,,291287,-985057,,,,246537,44750,,235034,,113574,1352938,2143886,790948,790948,555914,,348608,,-961995,-23062,291287
,5450,南良,,-113936,,,,-0.06,2,,上櫃,114,10408,,,,,-6760,-120696,,,,-6760,,,32855,,-29207,919402,1233846,314444,314444,281589,,3648,,-120696,,-6760
,5452,佶優,,-159254,,,,0.17,2,,上櫃,114,21585,,,,,32876,-126378,,,0,24679,8197,,72616,,-18155,2269175,2563014,293839,293839,221223,,54461,0,-111382,-14996,32876
,5455,昇益,,-4848,,,,3.62,2,,上櫃,114,77626,,,,,237478,232630,,,,,,,316185,,-1081,1599497,2025736,426239,426239,110054,,315104,,,,237478
,5457,宣德,,-1018669,,,,0.48,2,,上櫃,114,153728,,,,,377072,-641597,,,,82670,294402,,478303,,52497,9030017,10920408,1890391,1890391,1412088,,530800,,-424872,-216725,377072
,5460,同協,-126,-26385,,,,-0.25,2,,上櫃,114,-3559,,,,,-14580,-40965,,,,-14580,,,-9752,,-8387,85996,119764,33768,33768,43394,,-18139,,-40965,,-14580
,5464,霖宏,,,,,,-3.27,2,,上櫃,114,-51951,,,,,-232276,-232276,,,,-232276,0,,-59226,,-225001,440955,473660,32705,32705,91931,,-284227,,-232276,0,-232276
,5465,富驊,,-264467,,,,0.67,2,,上櫃,114,24914,,,,,133669,-130798,,,,98759,34910,,222276,,-63693,2720560,3120751,400191,400191,177915,,158583,,-116044,-14754,133669
,5468,凱鈺,,,,,,-0.15,2,,上櫃,114,5,,,,,-5537,-5537,,,,-5537,,,-5231,,-301,41041,56399,15358,15358,20589,,-5532,,-5537,,-5537
,5474,聰泰,,,,,,2.16,2,,上櫃,114,16198,,,,,85895,85895,,,,,,,106523,,-4430,386439,682742,296303,296303,189780,,102093,,,,85895
,5475,德宏,,-77559,,,,-0.26,2,,上櫃,114,0,,,,,-33926,-111485,,,,-33502,-424,,-34299,,373,308807,363989,55182,55182,89481,,-33926,,-111061,-424,-33926
,5478,智冠,,-823750,,,,4.15,2,,上櫃,114,121118,,,,,661613,-162137,,,,621856,39757,,545687,,237044,1466400,3168470,1702070,1702070,1156383,,782731,,-183069,20932,661613
,5481,新華,,-17,,,,-0.52,2,,上櫃,114,607,,,,,-34232,-34249,,,,-34232,0,,-23154,,-10471,26623,47222,20599,20599,43753,,-33625,,-34249,0,-34232
,5483,中美晶,,-7514025,,,,2.37,2,,上櫃,114,1435543,,,,,3525700,-3988325,,,,1453138,2072562,,5756843,,-795600,29407988,39604401,10196413,10196413,4439570,,4961243,,-1603990,-2384335,3525700
,5487,通泰,,-7450,,,,-0.57,2,,上櫃,114,-4453,,,,,-13803,-21253,,,,-13803,0,,-7296,,-10960,57802,87375,29573,29573,36869,,-18256,,-21253,0,-13803
,5488,松普,,-107152,,,,0.18,2,,上櫃,114,2796,,,,,16488,-90664,,,,16488,,,-2535,,21819,297201,344317,47116,47116,49651,,19284,,-90664,,16488
,5489,彩富,,-1075,,,,0.58,2,,上櫃,114,10280,,,,,58026,56951,,,,57998,28,,134169,,-65863,506395,806462,300067,300067,165898,,68306,,56923,28,58026
,5490,同亨,,-44745,,,,0.86,2,,上櫃,114,17720,,,,,79979,35234,,,,79979,,,115771,,-18072,406101,758093,351992,351992,236221,,97699,,35234,,79979
,5493,三聯,,-181427,,,,1.33,2,,上櫃,114,44939,,,,,165754,-15673,,,,57904,107850,,177975,,32718,2316328,2642849,326521,326521,148546,,210693,,-121791,106118,165754
,5498,凱崴,,-173307,,,,-0.18,2,,上櫃,114,5064,,,,,-33977,-207284,,,,-34323,346,,-9993,,-18920,583023,636354,53331,53331,63324,,-28913,,-207630,346,-33977
,5508,永信建,,,,,,1.76,2,,上櫃,114,95110,,,,,382230,382230,,,,382230,,,480864,,-3524,709150,1306110,596960,596960,116096,,477340,,382230,,382230
,5511,德昌,,-30185,,,,3.01,2,,上櫃,114,120616,,,,,327932,297747,,,,341211,-13279,,494593,,-46045,3911539,4630272,718733,718733,224140,,448548,,311026,-13279,327932
,5512,力麒,,-234856,,,,0.07,2,,上櫃,114,98938,,,,,154142,-80714,,,,55768,98374,,434571,,-181491,2411206,3141054,729848,729848,295277,,253080,,-129666,48952,154142
,5514,三豐,,-55029,,,,-0.11,2,,上櫃,114,,,,,,-25715,-80744,,,,-25713,-2,,-27803,,2088,879,2890,2011,2011,29814,,-25715,,-80742,-2,-25715
,5516,雙喜,,690,,,,-0.39,2,,上櫃,114,-5117,,,,,-19936,-19246,,,,,,,4369,,-29422,860903,884077,23174,23174,18805,,-25053,,,,-19936
,5520,力泰,,-17800,,,,5.27,2,,上櫃,114,80071,,,,,321795,303995,,,,316218,5577,,372694,,29172,1521917,1997924,476007,476007,103313,,401866,,298422,5573,321795
,5523,豐謙,,-1458,,,,-0.05,2,,上櫃,114,31,,,,,-6999,-8457,,,,-7030,31,,-11031,,4063,266,2245,1979,1979,13010,,-6968,,-8488,31,-6999
,5529,鉅陞,,,,,,-0.50,2,,上櫃,114,0,,,,,-50497,-50497,,,,-50497,,,-51000,,503,23672,27296,3624,3624,54624,,-50497,,-50497,,-50497
,5530,龍巖,31390,-245893,,,,1.08,2,,上櫃,114,68349,,,,,458299,212406,,,,456065,2234,,577035,,-50387,920921,2331944,1411023,1411023,865378,,526648,,210499,1907,458299
,5536,聖暉*,,-656293,,,,12.13,2,,上櫃,114,689644,,,,,1974313,1318020,,,,1504703,469610,,2592305,,71652,15826671,19463905,3637234,3637234,1044929,,2663957,,1001946,316074,1974313
,5543,桓鼎-KY,,-6522,,,,-1.35,2,,上櫃,114,5433,,,,,-60035,-66557,,,,-60916,881,,-10087,,-44515,1294411,1483847,189436,189436,199523,,-54602,,-55350,-11207,-60035
,5547,久舜,,,,,,1.94,2,,上櫃,114,20203,,,,,77716,77716,,,,,,,95716,,2203,989277,1141537,152260,152260,56544,,97919,,,,77716
,5548,安倉,,,,,,0.69,2,,上櫃,114,9921,,,,,39397,39397,,,,,,,36927,,12391,1091454,1207823,116369,116369,79442,,49318,,,,39397
,5601,台聯櫃,0,,,,,0.21,2,,上櫃,114,3408,,,,,13740,13740,,,,,,,16474,,674,18580,46148,27568,27568,11094,,17148,,,,13740
,5603,陸海,,-655,,,,0.06,2,,上櫃,114,-1689,,,,,7362,6707,,,,6550,812,,2829,,2844,613929,701396,87467,87467,84638,,5673,,5895,812,7362
0,5604,中連,,0,,,,0.43,2,,上櫃,114,11084,,,,,46645,46645,,,,46645,,,54376,,3353,13990,79011,65021,65021,10645,,57729,,46645,,46645
,5609,中菲行,,-993883,,,,4.26,2,,上櫃,114,99476,,,,,607459,-386424,,,,599876,7583,,697202,,9733,12612897,14630367,2017470,2017470,1320268,,706935,,-389384,2960,607459
,5701,劍湖山,,-40221,,,,-0.22,2,,上櫃,114,0,,,,,-31671,-71892,,,,-31671,,,-9090,,-22581,129515,256278,126763,126763,135853,,-31671,,-71892,,-31671
,5703,亞都麗緻,,0,,,,0.13,2,0,上櫃,114,2483,,,0,,9473,9473,,,,9473,,,11257,,699,128293,217526,89233,89233,77976,,11956,,9473,,9473
,5704,老爺知,,,,,,-0.20,2,,上櫃,114,3313,,,,,-7926,-7926,,,,,,,-5926,,1313,87928,132189,44261,44261,50187,,-4613,,,,-7926
,5864,致和證,,,,,,-0.43,2,,上櫃,114,11592,129504,-79817,,-34326,-195616,-229942,,,,,,-209321,,25297,,,,,,,,-184024,,,,-195616
,5878,台名,,-20345,,,,1.65,2,,上櫃,114,5886,,,,,41398,21053,,,,41398,,,26594,,20690,361744,440877,79133,79133,52539,,47284,,21053,,41398
,5902,德記,,-186,,,,1.20,2,,上櫃,114,29480,,,,,113264,113078,,,,113264,,,135361,,7383,932410,1215026,282616,282616,147255,,142744,,113078,,113264
,5903,全家,,-15690,,,,3.45,2,,上櫃,114,239627,,,,,810169,794479,,,,769161,41008,,871760,,178036,33487984,52722434,19234450,19234450,18362690,,1049796,,753293,41186,810169
,5904,寶雅*,,,,,,12.97,2,,上櫃,114,338674,,,,,1378634,1378634,,,,,,,1693574,,23734,6964452,12340313,5375861,5375861,3682287,,1717308,,,,1378634
,5905,南仁湖,,-14248,,,,-0.33,2,,上櫃,114,-367,,,,,-105756,-120004,,,,-89914,-15842,,-117264,,11141,128430,461486,333056,333056,450320,,-106123,,-102854,-17150,-105756
,6015,宏遠證,,,,,,-0.27,2,,上櫃,114,6088,615215,422620,,-4182,-105500,-109682,-105500,,,,,-192595,,93183,,,,,,,,-99412,,-109682,,-105500
,6016,康和證,,,,,,-0.45,2,,上櫃,114,55559,1174192,784938,,197322,-309443,-112121,-311061,1618,,,,-389254,,135370,,,,,,,,-253884,,-114829,2708,-309443
,6020,大展證,,,,,,-0.07,2,,上櫃,114,-2312,93712,35793,,-3587,-16846,-20433,-16846,0,,,,-57919,,38761,,,,,,,,-19158,,-20433,0,-16846
,6021,美好證,,,,,,-0.58,2,,上櫃,114,-29640,521462,263359,,-281425,-177057,-458482,-177057,,,,,-258103,,51406,,,,,,,,-206697,,-458482,,-177057
,6023,元大期貨,,,,,,4.22,2,,上櫃,114,282746,2345293,1799750,,-163879,1302200,1138321,1302200,,,,,-545543,,2130489,,,,,,,,1584946,,1138321,,1302200
,6026,福邦證,,,,,,0.04,2,,上櫃,114,25549,289616,304947,,16822,15400,32222,15400,0,,,,15331,,25618,,,,,,,,40949,,32222,0,15400
,6028,公勝保經,,,,,,4.48,2,,上櫃,114,28300,,,,,89654,89654,,,,89654,,,140424,,-22470,2075656,2428509,352853,352853,212429,,117954,,89654,,89654
,6101,寬魚國際,,740,,,,-0.30,2,,上櫃,114,-8354,,,,,-34339,-33599,,,,-34339,,,8354,,-51047,459019,496407,37388,37388,29034,,-42693,,-33599,,-34339
,6103,合邦,,-42,,,,-1.34,2,,上櫃,114,-1069,,,,,-18186,-18228,,,,-18186,,,-5175,,-14080,41980,44472,2492,2492,7667,,-19255,,-18228,,-18186
,6104,創惟,,-4104,,,,3.73,2,,上櫃,114,57080,,,,,337884,333780,,,,337884,0,,459333,,-64369,1015365,2119069,1103704,1103704,644371,,394964,,333780,0,337884
,6109,亞元,,-31648,,,,-0.83,2,,上櫃,114,-4997,,,,,-56375,-88023,,,,-56318,-57,,-51447,,-9925,296247,359751,63504,63504,114951,,-61372,,-88023,0,-56375
,6111,光聚晶電,,-81196,,,,0.02,2,,上櫃,114,25243,,,,,19223,-61973,,,,2473,16750,,-148143,,192609,1548193,2464168,915975,915975,1064118,,44466,,-58361,-3612,19223
,6113,亞矽,,-19084,,,,-0.08,2,,上櫃,114,134,,,,,-3971,-23055,,,,-3971,,,6482,,-10319,262499,328593,66094,66094,59612,,-3837,,-23055,,-3971
99,6114,久威,,125424,,,,0.03,2,,上櫃,114,23601,,,,,1589,127013,,,,1589,,,30516,,-5425,426942,495257,68315,68315,37799,,25091,,127013,,1490
,6118,建達,,,,,,0.11,2,,上櫃,114,1519,,,,,10135,10135,,,,10135,,,7520,,4134,4536518,4760577,224059,224059,216539,,11654,,10135,,10135
,6121,新普,,-2276223,,,,13.39,2,,上櫃,114,909693,,,,,3225274,949051,,,,2477227,748047,,3302151,,832816,32304044,38004655,5700611,5700611,2398460,,4134967,,838261,110790,3225274
,6122,擎邦,,150799,,,,2.22,2,,上櫃,114,40844,,,,,172455,323254,,,,172455,,,225348,,-12049,1687318,1975223,287905,287905,62557,,213299,,323254,,172455
,6123,上奇,,-176078,,,,1.29,2,,上櫃,114,21832,,,,,118816,-57262,,,,80349,38467,,131050,,9598,2096953,2439870,342917,342917,211867,,140648,,-77137,19875,118816
,6124,業強,,-192619,,,,-1.20,2,,上櫃,114,480,,,,,-219853,-412472,,,,-219837,-16,,-92704,,-126669,947320,983234,35914,35914,128618,,-219373,,-412456,-16,-219853
,6125,廣運,,-148131,,,,-0.04,2,,上櫃,114,2796,,,,,-174843,-322974,,,,-11568,-163275,,-258941,,86894,1069698,1331462,261764,261764,520705,,-172047,,-97748,-225226,-174843
,6126,信音,,-677365,,,,0.46,2,,上櫃,114,38109,,,,,128335,-549030,,,,58073,70262,,123882,,42562,1463686,1924574,460888,460888,337006,,166444,,-331349,-217681,128335
,6127,九豪,,-142681,,,,0.20,2,0,上櫃,114,47763,,,0,,22034,-120647,,,,22034,,,-110614,,180411,445646,521822,76176,76176,186790,,69797,,-120647,,22034
,6129,普誠,,-80249,,,,-0.76,2,,上櫃,114,-582,,,,,-132222,-212471,,,,-137287,5065,,-140218,,7414,337922,507878,169956,169956,310174,,-132804,,-207133,-5338,-132222
,6130,上亞科技,,-7755,,,,-0.73,2,,上櫃,114,-4520,,,,,-40651,-48406,,,,-32129,-8522,,-30747,,-14424,54997,78403,23406,23406,54153,,-45171,,-38228,-10178,-40651
,6134,萬旭,,-19288,,,,-0.26,2,,上櫃,114,8262,,,,,-25814,-45102,,,,-21201,-4613,,-12938,,-4614,615833,813469,197636,197636,210574,,-17552,,-34333,-10769,-25814
,6138,茂達,,-3182,,,,5.30,2,,上櫃,114,100107,,,,,461293,458111,,,,386594,74699,,574275,,-12875,2365090,3595469,1230379,1230379,656104,,561400,,383412,74699,461293
,6140,訊達電腦,,-12666,,,,-0.89,2,,上櫃,114,-14668,,,,,-44408,-57074,,,0,-44408,0,,22,,-59098,1091125,1185598,94473,94473,94451,,-59076,,-57074,,-44408
,6143,振曜,,-71226,,,,1.62,2,,上櫃,114,50707,,,,,197365,126139,,,,139126,58239,,376522,,-128450,2870947,3657581,786634,786634,410112,,248072,,100795,25344,197365
,6144,得利影,,7769,,,,-0.26,2,,上櫃,114,0,,,,,-10080,-2311,,,,,,,-11364,,1284,50987,84437,33450,33450,44814,,-10080,,,,-10080
,6146,耕興,,-290502,,,,5.39,2,,上櫃,114,131362,,,,,577694,287192,,,,549494,28200,,713411,,-4355,1211133,2229611,1018478,1018478,305067,,709056,,308204,-21012,577694
,6147,頎邦,,244526,,,,1.46,2,,上櫃,114,190000,,,,,1078727,1323253,,,,1078727,,,1292985,,-24258,8234823,10515709,2280886,2280886,987901,,1268727,,1323253,,1078727
0,6148,驊宏資,,0,,,,0.45,2,,上櫃,114,6203,,,,,21198,21198,,,,21198,0,,29954,,-2553,269739,358175,88436,88436,58482,,27401,,21198,0,21198
,6150,撼訊,,-9717,,,,1.01,2,,上櫃,114,20378,,,,,48497,38780,,,,48904,-407,,101662,,-32787,3519699,3819095,299396,299396,197734,,68875,,39187,-407,48497
,6151,晉倫,,-45226,,,,0.73,2,,上櫃,114,9635,,,,,40304,-4922,,,,40304,0,,74032,,-24093,688744,874261,185517,185517,111485,,49939,,-4922,0,40304
,6154,順發,,-308,,,,0.12,2,,上櫃,114,2120,,,,,9417,9109,,,,9417,0,,8119,,3418,1634038,1940023,305985,305985,297866,,11537,,9109,0,9417
0,6156,松上,,-187817,,,,0.13,2,0,上櫃,114,48615,,,0,,64548,-123269,,,,14046,50502,,133948,,-20785,2128303,2612897,484594,484594,350646,,113163,,-102444,-20825,64548
,6158,禾昌,,-225702,,,,0.59,2,,上櫃,114,13777,,,,,32309,-193393,,,,32309,,,6720,,39366,661598,903767,242169,242169,235449,,46086,,-193393,,32309
,6160,欣技,,-5042,,,,-0.34,2,,上櫃,114,-5712,,,,,-22201,-27243,,,,-23180,979,,-12754,,-15159,374366,627865,253499,253499,266253,,-27913,,-28222,979,-22201
,6161,捷波,,-61619,,,,1.15,2,,上櫃,114,14446,,,,,64923,3304,,,,64923,,,74662,,4707,380823,610442,229619,229619,154957,,79369,,3304,,64923
,6163,華電網,,106163,,,,-0.39,2,,上櫃,114,-12007,,,,,-54659,51504,,,,-54659,,,-62115,,-4551,1746711,2221987,475276,475276,537391,,-66666,,51504,,-54659
,6167,久正,,-64466,,,,-0.06,2,,上櫃,114,63,,,,,-9210,-73676,,,,-9210,0,,-60418,,51271,536224,577758,41534,41534,101952,,-9147,,-73676,0,-9210
,6169,昱泉,,-498,,,,-1.34,2,,上櫃,114,979,,,,,-31396,-31894,,,,-31396,,,-34146,,3729,9627,18944,9317,9317,43463,,-30417,,-31894,,-31396
,6170,統振,,572,,,,1.79,2,,上櫃,114,43495,,,,,174096,174668,,,,173706,390,,172643,,44948,1105009,1603330,498321,498321,325678,,217591,,174278,390,174096
,6171,大城地產,,,,,,2.81,2,,上櫃,114,86726,,,,,280529,280529,,,,,,,364680,,2575,462924,862883,399959,399959,35279,,367255,,,,280529
,6173,信昌電,,-145760,,,,0.94,2,,上櫃,114,48026,,,,,160226,14466,,,,160226,,,323622,,-115370,1581445,2054428,472983,472983,149361,,208252,,14466,,160226
,6174,安碁,,-13422,,,,0.16,2,,上櫃,114,-334,,,,,8154,-5268,,,,8154,,,21769,,-13949,192405,297601,105196,105196,83427,,7820,,-5268,,8154
,6175,立敦,,-375274,,,,1.23,2,,上櫃,114,50320,,,,,259201,-116073,,,,184614,74587,,351798,,-42277,1669918,2183089,513171,513171,161373,,309521,,-117185,1112,259201
,6179,亞通,,-139875,,,,0.58,2,,上櫃,114,15904,,,0,,59142,-80733,,,,66495,-7353,,45833,,29213,1779272,1946987,167715,167715,121882,,75046,,-73380,-7353,59142
,6180,橘子,,-80051,,,,0.43,2,,上櫃,114,10387,,,,,62821,-17230,,,,76191,-13370,,20079,,53129,3331651,4734076,1402425,1402425,1382346,,73208,,-4945,-12285,62821
,6182,合晶,,-1942344,,,,-0.09,2,,上櫃,114,77877,,,0,,126707,-1815637,,,,-53340,180047,,238182,,-33598,3739064,4828640,1089576,1089576,851394,,204584,,-894929,-920708,126707
,6185,幃翔,,-137257,,,,-0.03,2,,上櫃,114,483,,,,,-4244,-141501,,,,-4244,,,-31933,,28172,188520,267795,79275,79275,111208,,-3761,,-141501,,-4244
,6186,新潤,,,,,,5.64,2,,上櫃,114,234540,,,,,973600,973600,,,,,,,1173383,,34757,4262189,5922234,1660045,1660045,486662,,1208140,,,,973600
,6187,萬潤,,-164241,,,,7.74,2,,上櫃,114,185096,,,,,742212,577971,,,,742212,,,884529,,42779,1225459,2770607,1545148,1545148,660619,,927308,,577971,,742212
,6188,廣明,,-388910,,,,1.79,2,,上櫃,114,145185,,,,,507177,118267,,,,498091,9086,,588273,,64089,3288695,4679617,1390922,1390922,802649,,652362,,110989,7278,507177
,6190,萬泰科,,-253820,,,,1.10,2,,上櫃,114,88734,,,,,205968,-47852,,,,181222,24746,,329086,,-34384,3710513,4504874,794361,794361,465275,,294702,,-26919,-20933,205968
,6194,育富,,-165580,,,,1.11,2,,上櫃,114,18203,,,,,53388,-112192,,,,53388,,,81914,,-10323,624723,750482,125759,125759,43845,,71591,,-112192,,53388
,6195,詩肯,,-13521,,,,0.84,2,,上櫃,114,11069,,,,,42271,28750,,,,42282,-11,,60716,,-7376,479898,1102332,622434,622434,561718,,53340,,28666,84,42271
,6198,瑞築,,-62,,,,-0.08,2,,上櫃,114,3778,,,,,-13673,-13735,,,,-13673,,,-20043,,10148,34,102,68,68,20111,,-9895,,-13735,,-13673
,6199,天品,,25838,,,,-0.35,2,,上櫃,114,5806,,,,,-23233,2605,,,,-21318,-1915,,7290,,-24717,10683,53200,42517,42517,35227,,-17427,,4501,-1896,-23233
,6203,海韻電,,-9009,,,,0.83,2,,上櫃,114,16505,,,,,68376,59367,,,,68376,,,296762,,-211881,923829,1410043,486214,486214,189452,,84881,,59367,,68376
,6204,艾華,,-11135,,,,0.47,2,,上櫃,114,4465,,,,,10793,-342,,,,10793,,,16421,,-1163,134632,202630,67998,67998,51577,,15258,,-342,,10793
,6207,雷科,,-202846,,,,0.27,2,,上櫃,114,12785,,,,,21928,-180918,,,,21629,299,,40554,,-5841,397407,579770,182363,182363,141809,,34713,,-181217,299,21928
,6208,日揚,,-75359,,,,1.39,2,,上櫃,114,8117,,,,,152877,77518,,,,131720,21157,,179267,,-18273,1144944,1741787,596843,596843,417576,,160994,,65205,12313,152877
,6210,慶生,-876,,,,,-1.90,2,,上櫃,114,0,,,,,-66624,-66624,,,,,,,-67274,,650,188633,144072,-44561,-44561,21837,,-66624,,,,-66624
,6212,理銘,,0,,,,2.91,2,,上櫃,114,86944,,,,,297171,297171,,,,,,,386924,,-2809,711862,1188316,476454,476454,89530,,384115,,,,297171
,6217,中探針,,-111645,,,,-1.49,2,,上櫃,114,6458,,,,,-174405,-286050,,,,-164323,-10082,,-157726,,-10221,1330934,1650280,319346,319346,477072,,-167947,,-275471,-10579,-174405
,6218,豪勉,,-19961,,,,-0.42,2,,上櫃,114,-6785,,,,,-27248,-47209,,,,-27248,0,,-56330,,22297,631747,722482,90735,90735,147065,,-34033,,-47209,0,-27248
,6219,富旺,,160,,,,-1.77,2,,上櫃,114,21963,,,,,-221452,-221292,,,,-221452,,,-189501,,-9988,5997,6816,819,819,190320,,-199489,,-221292,,-221452
,6220,岳豐,,-394738,,,,-0.38,2,,上櫃,114,20598,,,,,-56188,-450926,,,,-56188,0,,41572,,-77162,3107448,4289436,1181988,1181988,1140416,,-35590,,-450926,0,-56188
,6221,晉泰,,-121589,,,,1.65,2,,上櫃,114,59365,,,,,205874,84285,,,,205874,0,,281122,,-15883,2254888,2837105,582217,582217,301095,,265239,,84285,0,205874
,6222,立軒,,-3420,,,,-0.19,2,,上櫃,114,44,,,,,-10587,-14007,,,,-10585,-2,,-13736,,3193,1597,1956,359,359,14095,,-10543,,-14005,-2,-10587
-4932,6223,旺矽,,-15866,,,,14.35,2,,上櫃,114,288066,,,,,1350958,1335092,,,,1352214,-1256,,1919406,,-275450,2578879,6121483,3542604,3542604,1623198,,1643956,,1335045,47,1355890
,6227,茂綸,,-34646,,,,1.52,2,,上櫃,114,23852,,,,,122798,88152,,,0,115341,7457,,256261,,-109611,8162441,8747978,585537,585537,329276,,146650,0,80695,7457,122798
,6228,全譜,,-1382,,,,-0.68,2,,上櫃,114,0,,,,,-17780,-19162,,,,-17780,,,-8718,,-9062,16188,26813,10625,10625,19343,,-17780,,-19162,,-17780
,6229,研通,197,-49065,,,,-0.29,2,,上櫃,114,-1998,,,,,-11547,-60612,,,,-11547,,,-5068,,-8477,859211,964539,105328,105328,110593,,-13545,,-60612,,-11547
,6231,系微,,-41187,,,,2.74,2,,上櫃,114,36027,,,,,125234,84047,,,,125234,,,164296,,-3035,220951,811327,590376,590376,426080,,161261,,84047,,125234
,6233,旺玖,,-16068,,,,-0.15,2,,上櫃,114,0,,,,,-12317,-28385,,,,-12317,,,-19132,,6815,117818,196421,78603,78603,97735,,-12317,,-28385,,-12317
,6234,高僑,,-39718,,,,-0.66,2,,上櫃,114,-12770,,,,,-66726,-106444,,,,-66726,,,-4365,,-75131,218322,235025,16703,16703,21068,,-79496,,-106444,,-66726
,6236,中湛,,-515,,,,0.07,2,,上櫃,114,0,,,,,2782,2267,,,,2782,,,114,,2668,3542,20369,16827,16827,16713,,2782,,2267,,2782
,6237,驊訊,,-3572,,,,-1.27,2,,上櫃,114,250,,,,,-106196,-109768,,,,-101514,-4682,,-129704,,23758,116005,202793,86788,86788,216492,,-105946,,-105086,-4682,-106196
,6240,松崗,,14076,,,,-1.02,2,,上櫃,114,-2978,,,,,-23313,-9237,,,,-23313,,,-4465,,-21826,13118,22204,9086,9086,13551,,-26291,,-9237,,-23313
,6241,鑫永洋,,,,,,-0.42,2,,上櫃,114,,,,,,-20452,-20452,,,,,,,-14681,,-5771,309052,374816,65764,65764,80445,,-20452,,,,-20452
,6242,立康,,-2880,,,,1.34,2,,上櫃,114,11223,,,,,42633,39753,,,,42633,,,50946,,2910,96663,299395,202732,202732,151786,,53856,,39753,,42633
,6244,茂迪,,-125360,,,,0.18,2,,上櫃,114,11179,,,,,72761,-52599,,,,71214,1547,,84537,,-597,1205548,1461342,255794,255794,171257,,83940,,-47634,-4965,72761
,6245,立端,,-135989,,,,1.81,2,,上櫃,114,10510,,,,,265581,129592,,,,265581,,,231495,,44596,2258127,3312237,1054110,1054110,822615,,276091,,129592,,265581
,6246,臺龍,,-51671,,,,0.03,2,,上櫃,114,21697,,,,,1187,-50484,,,,1187,,,11471,,11413,687179,776933,89754,89754,78283,,22884,,-50484,,1187
,6248,沛波,,-46870,,,,0.79,2,,上櫃,114,18085,,,,,78687,31817,,,,78687,,,85876,,10896,3820602,4044497,223895,223895,138019,,96772,,31817,,78687
,6259,百徽,,-4807,,,,0.23,2,,上櫃,114,1465,,,,,5810,1003,,,,5799,11,,15314,,-8039,187323,246586,59263,59263,43949,,7275,,992,11,5810
0,6261,久元,30354,-160266,,,,1.31,2,,上櫃,114,-1920,,,,,146063,-14203,,,,168816,-22753,,222647,,-78504,1408708,1949794,541086,541086,348793,,144143,,26592,-40795,146063
,6263,普萊德,,,,,,4.03,2,,上櫃,114,55925,,,,,251649,251649,,,,251649,0,,297469,,10105,498218,938821,440603,440603,143134,,307574,,251649,0,251649
,6264,富裔,,,,,,-0.40,2,,上櫃,114,774,,,,,-59762,-59762,,,,-52539,-7223,,-52695,,-6293,29087,31622,2535,2535,55230,,-58988,,-52539,-7223,-59762
,6265,方土昶,,-6733,,,,-1.09,2,,上櫃,114,1059,,,,,-129034,-135767,,,,-129034,,,-30565,,-97410,272623,288826,16203,16203,46768,,-127975,,-135767,,-129034
,6266,泰詠,,-49394,,,,0.95,2,,上櫃,114,41464,,,,,146582,97188,,,,146582,,,194325,,-6279,1335105,1631833,296728,296728,102403,,188046,,97188,,146582
,6270,倍微,,-882754,,,,0.34,2,,上櫃,114,3722,,,,,24548,-858206,,,,24548,,,12009,,16261,1448327,1566401,118074,118074,106065,,28270,,-858206,,24548
,6274,台燿,,-1097285,,,,4.79,2,,上櫃,114,450731,,,,,1323678,226393,,,,1323678,,,1787990,,-13581,10184313,13152579,2968266,2968266,1180276,,1774409,,226393,,1323678
,6275,元山,,-26498,,,,1.22,2,,上櫃,114,-23799,,,,,94697,68199,,,,95665,-968,,77935,,-7037,1779362,2153945,374583,374583,296648,,70898,,69143,-944,94697
,6276,安鈦克,,-3066,,,,0.41,2,,上櫃,114,751,,,,,8988,5922,,,,8988,,,19841,,-10102,609356,782635,173279,173279,153438,,9739,,5922,0,8988
,6279,胡連,,-466657,,,,3.88,2,,上櫃,114,87697,,,,,429635,-37022,,,,425811,3824,,780893,,-263561,3031102,4494953,1463851,1463851,682958,,517332,,-35887,-1135,429635
,6284,佳邦,,-407527,,,,1.40,2,,上櫃,114,57444,,,,,206130,-201397,,,,207874,-1744,,397747,,-134173,2857472,3873154,1015682,1015682,617935,,263574,,-199653,-1744,206130
,6290,良維,31301,-358767,,,,3.62,2,,上櫃,114,203325,,,,,584826,226059,,,,575855,8971,,975665,,-187514,3453588,4954179,1500591,1500591,556227,,788151,,236627,-10568,584826
,6291,沛亨,,-25404,,,,1.38,2,,上櫃,114,16394,,,,,50203,24799,,,0,57805,-7602,,123030,,-56433,659463,958408,298945,298945,175915,,66597,0,37169,-12370,50203
0,6292,迅德,4135,-59696,,,,0.00,2,,上櫃,114,82,,,,,105,-59591,,,,105,,,31401,,-31214,285726,452435,166709,166709,139443,,187,,-59591,,105
,6294,智基,,,,,,2.24,2,,上櫃,114,20277,,,,,58397,58397,,,,58397,,,83389,,-4715,331264,541126,209862,209862,126473,,78674,,58397,,58397
,6411,晶焱,,-4411,,,,1.20,2,,上櫃,114,21770,,,,,99629,95218,,,,117337,-17708,,118601,,2798,708127,1194280,486153,486153,367552,,121399,,121387,-26169,99629
,6417,韋僑,,-71,,,,1.91,2,,上櫃,114,22740,,,,,80811,80740,,,,80811,,,132879,,-29328,530384,777680,247296,247296,114417,,103551,,80740,,80811
,6418,詠昇,,-18462,,,,0.59,2,,上櫃,114,1045,,,,,20392,1930,,,,20392,,,18291,,3146,306517,389405,82888,82888,64597,,21437,,1930,,20392
,6419,京晨科,,-10289,,,,-0.70,2,,上櫃,114,7295,,,,,-9210,-19499,,,,-9210,0,,25636,,-27551,186360,254429,68069,68069,42433,,-1915,,-19499,0,-9210
,6423,億而得,,,,,,0.33,2,,上櫃,114,4000,,,,,9775,9775,,,,,,,12414,,1361,513,114675,114162,114162,101748,,13775,,,,9775
,6425,易發,,-4023,,,,-2.01,2,,上櫃,114,-19507,,,,,-96173,-100196,,,,-97402,1229,,-75153,,-40527,477372,639647,162275,162275,237428,,-115680,,-101425,1229,-96173
,6432,今展科,,-47221,,,,-0.38,2,,上櫃,114,-3516,,,,,-12186,-59407,,,,-12186,,,19781,,-35483,435912,563667,127755,127755,107974,,-15702,,-59407,,-12186
,6435,大中,,9069,,,,3.50,2,,上櫃,114,28567,,,,,130137,139206,,,,,,,161395,,-2691,1367651,1710580,342929,342929,181534,,158704,,,,130137
,6441,廣錠,,23,,,,-2.98,2,,上櫃,114,-1629,,,,,-160947,-160924,,,,-159028,-1919,,-133014,,-29562,158252,165012,6760,6760,139774,,-162576,,-159005,-1919,-160947
,6461,益得,,,,,,-0.87,2,,上櫃,114,6804,,,,,-121572,-121572,,,,,,,-104103,,-10665,110426,95423,-15003,-15003,89100,,-114768,,,,-121572
,6462,神盾,,-587003,,,,-7.96,2,,上櫃,114,-67343,,,,,-1075515,-1662518,,,,-725970,-349545,,-897031,,-245827,1376370,2275577,899207,899207,1796238,,-1142858,,-1255672,-406846,-1075515
,6465,威潤,,-513,,,,-0.69,2,,上櫃,114,-772,,,,,-35637,-36150,,,,-35637,,,-28866,,-7543,62437,87557,25120,25120,53986,,-36409,,-36150,,-35637
,6469,大樹,,-19355,,,,2.42,2,,上櫃,114,86125,,,,,312866,293511,,,,320219,-7353,,390504,,8487,6767977,9451600,2683623,2683623,2293119,,398991,,302725,-9214,312866
,6470,宇智,,-2841,,,,0.13,2,,上櫃,114,1988,,,,,4870,2029,,,,4870,,,110020,,-103162,894278,1084306,190028,190028,80008,,6858,,2029,,4870
,6474,華豫寧,,-90716,,,,2.01,2,,上櫃,114,22977,,,,,94040,3324,,,,94040,,,140267,,-23250,1529442,1967774,438332,438332,298065,,117017,,3324,,94040
,6482,弘煜科,,-2122,,,,1.15,2,,上櫃,114,16201,,,,,27922,25800,,,,27467,455,,52850,,-8727,6694,271647,264953,264953,212103,,44123,,25487,313,27922
,6485,點序,,,,,,0.31,2,,上櫃,114,-8770,,,,,14223,14223,,,,14223,,,554,,4899,375349,729999,354650,354650,354096,,5453,,14223,,14223
,6486,互動,,-926,,,,2.02,2,,上櫃,114,20498,,,,,103625,102699,,,0,102843,782,,114757,,9366,552485,900573,348088,348088,233331,,124123,0,101917,782,103625
,6488,環球晶,,-6415845,,,,6.56,2,,上櫃,114,1284404,,,,,3137558,-3278287,,,,3138025,-467,,5027354,,-605392,23367569,31602431,8234862,8234862,3207508,,4421962,,-3278121,-166,3137558
,6492,生華科,,-6459,,,,-1.32,2,,上櫃,114,-3,,,,,-117502,-123961,,,,-117502,,,-125901,,8396,153,500,347,347,126248,,-117505,,-123961,,-117502
,6494,九齊,,-2992,,,,-1.93,2,,上櫃,114,321,,,,,-60846,-63838,,,,-60846,,,-35939,,-24586,440294,576436,136142,136142,172081,,-60525,,-63838,,-60846
,6496,科懋,,-5984,,,,-1.92,2,,上櫃,114,2328,,,,,-88789,-94773,,,,-88789,,,-87158,,697,241505,411894,170389,170389,257547,,-86461,,-94773,,-88789
,6498,久禾光,,-58907,,,,2.46,2,,上櫃,114,58723,,,,,104776,45869,,,,104776,,,174990,,-11491,289408,559387,269979,269979,94989,,163499,,45869,,104776
,6499,益安,,-34904,,,,-3.86,2,,上櫃,114,-244,,,,,-378850,-413754,,,,-356153,-22697,,-374614,,-4480,180245,212260,32015,32015,406629,,-379094,,-389270,-24484,-378850
,6506,雙邦,,0,,,,0.49,2,,上櫃,114,11023,,,,,44090,44090,,,,40718,3372,,74792,,-19679,836358,1003955,167597,167597,92805,,55113,,40718,3372,44090
,6508,惠光,2757,-52652,,,,0.13,2,,上櫃,114,10805,,,,,10958,-41694,,,,10958,,,96455,,-74692,759190,982752,223562,223562,129864,,21763,,-41694,,10958
,6509,聚和,,-248617,,,,1.42,2,,上櫃,114,117098,,,,,281241,32624,,,,281241,,,414670,,-16331,1795332,2591708,796376,796376,381706,,398339,,32624,,281241
,6510,精測,0,-28617,,,,13.32,2,,上櫃,114,98490,,,,,431023,402406,,,,436786,-5763,,563944,,-34431,1069413,2368109,1298696,1298696,734752,,529513,,408169,-5763,431023
,6512,啟發電,,,,,,-0.38,2,,上櫃,114,15,,,,,-9717,-9717,,,,-9717,,,-9134,,-568,71640,99561,27921,27921,37055,,-9702,,-9717,,-9717
,6516,勤崴國際,42,2387,,,,0.67,2,,上櫃,114,10474,,,,,37663,40050,,,,,,,35114,,13023,112110,253638,141528,141528,106456,,48137,,,,37663
,6517,保勝光學,,,,,,0.22,2,,上櫃,114,1670,,,,,6854,6854,,,,6854,,,57977,,-49453,162703,264054,101351,101351,43374,,8524,,6854,,6854
,6523,達爾膚,,,,,,3.37,2,,上櫃,114,55683,,,,,151671,151671,,,,151671,,,237369,,-30015,170742,572669,401927,401927,164558,,207354,,151671,,151671
,6527,明達醫,,0,,,,2.94,2,,上櫃,114,7374,,,,,74616,74616,,,,74616,,,97574,,-15584,312097,480930,168833,168833,71259,,81990,,74616,,74616
,6530,創威,,,,,,0.82,2,,上櫃,114,6953,,,,,27813,27813,,,,,,,38956,,-4190,86464,159872,73408,73408,34452,,34766,,,,27813
,6532,瑞耘,,-10719,,,,1.28,2,,上櫃,114,13903,,,,,48069,37350,,,0,48069,0,,87657,,-25685,230171,355874,125703,125703,38046,,61972,0,37350,0,48069
,6535,順藥,,-112,,,,-1.52,2,,上櫃,114,0,,,,,-255381,-255493,,,,-252102,-3279,,-217603,,-37778,4042,11076,7034,7034,224637,,-255381,,-252214,-3279,-255381
,6538,倉和,,-86537,,,,1.45,2,,上櫃,114,18241,,,,,54178,-32359,,,,54178,,,97026,,-24607,542696,814826,272130,272130,175104,,72419,,-32359,,54178
,6542,隆中,,-23443,,,,-0.14,2,,上櫃,114,1644,,,,,-8408,-31851,,,,-6006,-2402,,7899,,-14663,96356,423992,327636,327636,319737,,-6764,,-29235,-2616,-8408
,6546,正基,,-24052,,,,0.71,2,,上櫃,114,2243,,,,,47943,23891,,,,47522,421,,131223,,-81037,933216,1211687,278471,278471,147248,,50186,,23470,421,47943
,6547,高端疫苗,,-74287,,,,-0.37,2,,上櫃,114,0,,,,,-120932,-195219,,,,-120932,,,-95101,,-25831,84191,260302,176111,176111,271212,,-120932,,-195219,,-120932
,6548,長科*,,-1084714,,,,0.56,2,,上櫃,114,110249,,,,,541055,-543659,,,,518779,22276,,772411,,-121107,5052035,6429081,1377046,1377046,604635,,651304,,-538520,-5139,541055
,6556,勝品,,-3699,,,,3.08,2,,上櫃,114,27336,,,,,87889,84190,,,,88601,-712,,123102,,-7877,438214,679522,241308,241308,118206,,115225,,87093,-2903,87889
,6560,欣普羅,,,,,,-1.23,2,,上櫃,114,-7967,,,,,-31753,-31753,,,,,,,-15448,,-24272,56816,83879,27063,27063,42511,,-39720,,,,-31753
,6561,是方,0,-5975,,,,8.24,2,,上櫃,114,167915,,,,,643486,637511,,,,642039,1447,,853437,,-42036,934748,2080769,1146021,1146021,292584,,811401,,636668,843,643486
,6568,宏觀,,-2315,,,,1.43,2,,上櫃,114,14430,,,155,,43635,41320,,,,43635,,,77556,,-19491,335011,559760,224749,224594,147038,,58065,,41320,,43635
,6569,醫揚,,28409,,,,0.81,2,,上櫃,114,1713,,,,,31509,59918,,,,31547,-38,,25991,,7231,450227,667410,217183,217183,191192,,33222,,59956,-38,31509
,6570,維田,,-18949,,,,0.49,2,,上櫃,114,4733,,,,,18233,-716,,,,18233,,,33518,,-10552,300486,458504,158018,158018,124500,,22966,,-716,,18233
,6574,霈方,,-1939,,,,2.65,2,,上櫃,114,18207,,,,,58327,56388,,,,58327,,,80452,,-3918,104558,302240,197682,197682,117230,,76534,,56388,,58327
,6576,逸達,,-38703,,,,-4.04,2,,上櫃,114,-4460,,,,,-622504,-661207,,,,-622504,,,-611697,,-15267,115055,222109,107054,107054,718751,,-626964,,-661207,,-622504
,6577,勁豐,,-48930,,,,1.92,2,,上櫃,114,34275,,,,,115520,66590,,,,115520,,,212260,,-62465,689373,1042283,352910,352910,140650,,149795,,66590,,115520
,6578,達邦蛋白,,-16861,,,,-0.18,2,,上櫃,114,-1690,,,,,-12683,-29544,,,,-12683,,,4129,,-18502,125220,159466,34246,34246,30117,,-14373,,-29544,,-12683
,6584,南俊國際,,-41033,,,,1.12,2,,上櫃,114,54638,,,,,73672,32639,,,,73672,,,169216,,-40906,754586,1100737,346151,346151,176935,,128310,,32639,,73672
,6588,東典光電,,-2089,,,,-1.68,2,,上櫃,114,25,,,,,-60540,-62629,,,,-58436,-2104,,-49629,,-10886,93568,79052,-14516,-14516,35113,,-60515,,-60525,-2104,-60540
,6590,普鴻,,,,,,2.71,2,,上櫃,114,15059,,,,,61159,61159,,,,57678,3481,,79600,,-3382,174789,331116,156327,156327,76727,,76218,,57678,3481,61159
,6593,台灣銘板,,-1038,,,,-0.69,2,,上櫃,114,-3341,,,,,-17379,-18417,,,,-17288,-91,,-17500,,-3220,181174,237699,56525,56525,74025,,-20720,,-18250,-167,-17379
0,6596,寬宏藝術,-382,580,,,,6.21,2,,上櫃,114,58808,,,,,236084,236664,,,,236084,,,273512,,21380,463670,851181,387511,387511,113617,,294892,,236664,,236084
,6597,立誠,,,,,,0.35,2,,上櫃,114,1246,,,,,9730,9730,,,,,,,49141,,-38165,265242,371630,106388,106388,57247,,10976,,,,9730
,6603,富強鑫,,-204793,,,,-0.03,2,,上櫃,114,6842,,,,,-1804,-206597,,,,-5523,3719,,53058,,-48020,1713328,2273093,559765,559765,506707,,5038,,-193343,-13254,-1804
,6609,瀧澤科,,-32657,,,,-0.74,2,,上櫃,114,-5267,,,,,-53336,-85993,,,,-53336,,,30209,,-88812,1035670,1242982,207312,207312,177103,,-58603,,-85993,,-53336
,6612,奈米醫材,,-173832,,,,0.71,2,,上櫃,114,27890,,,,,10204,-163628,,,,30307,-20103,,83763,,-45669,234212,566846,332634,332634,248871,,38094,,-144353,-19275,10204
,6613,朋億*,,-271284,,,,4.97,2,,上櫃,114,229222,,,,,525069,253785,,,,386826,138243,,807711,,-53420,2832734,4192742,1360008,1360008,552297,,754291,,159714,94071,525069
,6615,慧智,,91,,,,-0.17,2,,上櫃,114,-2906,,,,,-3660,-3569,,,,-3653,-7,,-19382,,12816,145163,196602,51439,51439,70821,,-6566,,-3573,4,-3660
,6616,特昇-KY,,-28769,,,,-0.21,2,,上櫃,114,287,,,,,-7401,-36170,,,,-7461,60,,-3942,,-3172,447024,508227,61203,61203,65145,,-7114,,-36386,216,-7401
,6617,共信-KY,,-234004,,,,-0.25,2,,上櫃,114,75,,,,,-34713,-268717,,,,-31577,-3136,,-81622,,46984,4599,16374,11775,11775,93397,,-34638,,-266326,-2391,-34713
,6620,漢達,,-130654,,,,2.42,2,,上櫃,114,114430,,,,,367419,236765,,,,367419,,,587343,,-105494,124395,939799,815404,815404,228061,,481849,,236765,,367419
,6624,萬年清,,-3077,,,,-0.21,2,,上櫃,114,-811,,,,,-3470,-6547,,,,-4352,882,,10160,,-14441,184175,229468,45293,45293,35133,,-4281,,-7105,558,-3470
,6629,泰金-KY,,-60566,,,,1.48,2,,上櫃,114,18877,,,,,56859,-3707,,,,56716,143,,171955,,-96219,479955,708664,228709,228709,56754,,75736,,-3759,52,56859
,6637,醫影,,-14209,,,,4.32,2,,上櫃,114,31718,,,,,107655,93446,,,,107655,,,137923,,1450,578372,769557,191185,191185,53262,,139373,,93446,,107655
,6640,均華,,-162572,,,,5.13,2,,上櫃,114,45766,,,,,128613,-33959,,,,143751,-15138,,183564,,-9185,714512,1167445,452933,452933,269369,,174379,,-18821,-15138,128613
,6642,富致,,-13674,,,,1.09,2,,上櫃,114,5173,,,,,40830,27156,,,,40830,,,70376,,-24373,150918,279744,128826,128826,58450,,46003,,27156,,40830
,6643,M31,,-7168,,,,-0.51,2,,上櫃,114,-3504,,,,,-21211,-28379,,,,-21211,,,46834,,-71549,,883247,883247,883247,836413,,-24715,,-28379,,-21211
,6649,台生材,,,,,,0.63,2,,上櫃,114,0,,,,,26523,26523,,,,,,,35472,,-8949,34673,101421,66748,66748,31276,,26523,,,,26523
,6651,全宇昕,3103,,,,,2.46,2,,上櫃,114,14350,,,,,85102,85102,,,,,,,162593,,-63141,515989,799610,283621,283621,124131,,99452,,,,85102
,6654,天正國際,,-39356,,,,-1.92,2,,上櫃,114,-11374,,,,,-65259,-104615,,,,-63721,-1538,,-66302,,-10331,151573,163081,11508,11508,77810,,-76633,,-103077,-1538,-65259
,6661,威健生技,,-177,,,,-0.22,2,,上櫃,114,168,,,,,-5424,-5601,,,,-5021,-403,,-4713,,-543,98962,168001,69039,69039,73752,,-5256,,-5198,-403,-5424
,6662,樂斯科,,-163,,,,0.68,2,,上櫃,114,4174,,,,,17292,17129,,,,,,,19720,,1746,81003,130151,49148,49148,29428,,21466,,,,17292
,6664,群翊,,-38243,,,,5.73,2,,上櫃,114,88600,,,,,346957,308714,,,,346957,,,561175,,-125618,428993,1206989,777996,777996,216821,,435557,,308714,,346957
,6667,信紘科,,-4304,,,,6.76,2,,上櫃,114,89132,,,,,307254,302950,,,,312319,-5065,,398837,,-2451,2350890,2996032,645142,645142,246305,,396386,,308015,-5065,307254
,6679,鈺太,,155327,,,,0.45,2,,上櫃,114,4216,,,,,24350,179677,,,,24350,,,182984,,-154418,604723,1012484,407761,407761,224777,,28566,,179677,,24350
,6680,鑫創電子,,-1348,,,,-1.15,2,,上櫃,114,0,,,,,-27311,-28659,,,,-27311,,,-9886,,-17425,161233,241961,80728,80728,90614,,-27311,,-28659,,-27311
,6683,雍智科技,,-10925,,,,4.97,2,,上櫃,114,37124,,,,,134997,124072,,,,134997,,,249286,,-77165,553664,1000321,446657,446657,197371,,172121,,124072,,134997
,6684,安格,,-32957,,,,3.63,2,0,上櫃,114,18514,,,,,152842,119885,,,,161712,-8870,,-59714,,231070,80456,160839,80383,80383,140097,,171356,,128750,-8865,152842
,6690,安碁資訊,,1665,,,,4.37,2,,上櫃,114,32833,,,,,131198,132863,,,,131198,,,157008,,7023,644232,1114044,469812,469812,312804,,164031,,132863,,131198
,6692,進能服,,,,,,0.78,2,,上櫃,114,7848,,,,,45735,45735,,,,45735,,,50053,,3530,861687,1019975,158288,158288,108235,,53583,,45735,,45735
,6693,廣閎科,,-408,,,,-1.74,2,,上櫃,114,-21198,,,,,-79690,-80098,,,,-79690,,,-325,,-100563,471399,636018,164619,164619,164944,,-100888,,-80098,,-79690
,6697,東捷資訊,,-7747,,,,1.84,2,,上櫃,114,17518,,,,,50211,42464,,,,50211,,,64769,,2960,569089,689373,120284,120284,55515,,67729,,42464,,50211
,6703,軒郁,,-6356,,,,4.50,2,,上櫃,114,34000,,,,,127381,121025,,,,133817,-6436,,167603,,-6222,560816,1510985,950169,950169,782566,,161381,,127461,-6436,127381
,6708,天擎,,-3680,,,,0.04,2,,上櫃,114,137,,,,,1030,-2650,,,,1030,,,10588,,-9421,72541,149013,76472,76472,65884,,1167,,-2650,,1030
,6712,長聖,,-6422,,,,2.02,2,,上櫃,114,34967,,,0,,178370,171948,,,,178370,,,170593,,42744,111876,398913,287037,287037,116444,,213337,,171948,,178370
,6716,應廣,,-23029,,,,0.47,2,,上櫃,114,1694,,,,,14031,-8998,,,,14031,,,30246,,-14521,354868,539347,184479,184479,154233,,15725,,-8998,,14031
,6720,久昌,,-17668,,,,2.14,2,,上櫃,114,13811,,,,,55355,37687,,,,55355,,,93451,,-24285,106161,255887,149726,149726,56275,,69166,,37687,,55355
,6721,信實,,,,,,2.48,2,,上櫃,114,14345,,,,,55878,55878,,,,55878,,,64636,,5587,1666483,1759687,93204,93204,28568,,70223,,55878,,55878
,6725,矽科宏晟,,-15539,,,,3.63,2,,上櫃,114,49342,,,,,119882,104343,,,,119882,,,235011,,-65787,1339860,1683370,343510,343510,108499,,169224,,104343,,119882
,6727,亞泰金屬,,-12660,,,,2.17,2,,上櫃,114,17322,,,,,58211,45551,,,,58211,,,108098,,-32565,512934,679889,166955,166955,58857,,75533,,45551,,58211
,6728,上洋,,-260,,,,5.79,2,,上櫃,114,43529,,,,,174372,174112,,,,174372,,,238805,,-20904,1596305,2417376,821071,821071,582266,,217901,,174112,,174372
,6730,常廣,,-97,,,,1.02,2,,上櫃,114,8178,,,,,32713,32616,,,,32713,,,44954,,-4063,120999,237324,116325,116325,71371,,40891,,32616,,32713
,6732,昇佳電子,21,-12372,,,,3.37,2,,上櫃,114,13208,,,,,164701,152329,,,,,,,119226,,58683,1922302,2373791,451489,451489,332284,,177909,,,,164701
,6733,博晟生醫,,-108,,,,-0.46,2,,上櫃,114,-4198,,,,,-62362,-62470,,,,-56478,-5884,,-70288,,3728,25690,100189,74499,74499,144787,,-66560,,-56554,-5916,-62362
,6735,美達科技,,2428,,,,-0.56,2,,上櫃,114,-5558,,,,,-25880,-23452,,,,-25880,,,-10513,,-20925,74855,127980,53125,53125,63638,,-31438,,-23452,,-25880
,6739,竹陞科技,,-3014,,,,5.73,2,,上櫃,114,25314,,,,,132863,129849,,,,132863,,,162287,,-4110,119077,327513,208436,208436,46149,,158177,,129849,,132863
,6741,91APP*-KY,,-105292,,,,1.97,2,,上櫃,114,65803,,,,,228548,123256,,,,227952,596,,268103,,26248,228298,834477,606179,606179,338076,,294351,,123478,-222,228548
,6751,智聯服務,,-8728,,,,0.78,2,,上櫃,114,10575,,,,,39389,30661,,,,17267,22122,,46198,,3766,877978,1035196,157218,157218,111020,,49964,,9572,21089,39389
,6752,叡揚,,22,,,,3.64,2,,上櫃,114,31973,,,,,128805,128827,,,,128250,555,,126684,,34094,487186,945639,458453,458453,331769,,160778,,128272,555,128805
,6761,穩得,,-7266,,,,3.50,2,,上櫃,114,29840,,,,,115483,108217,,,,115483,,,167633,,-22310,696502,1068823,372321,372321,204688,,145323,,108217,,115483
,6762,達亞,,,,,,0.39,2,,上櫃,114,1971,,,,,13769,13769,,,,,,,44754,,-29014,251936,358754,106818,106818,62064,,15740,,,,13769
,6763,綠界科技*,,-1403,,,,1.16,2,,上櫃,114,44593,,,,,213087,211684,,,,214111,-1024,,203274,,54406,477119,828309,351190,351190,147916,,257680,,212708,-1024,213087
,6767,台微醫,,-328,,,,-0.07,2,,上櫃,114,-7,,,,,-2550,-2878,,,,-2550,,,-2976,,419,36368,164241,127873,127873,130849,,-2557,,-2878,,-2550
,6785,昱展新藥,,,,,,-0.41,2,,上櫃,114,-15143,,,,,-27152,-27152,,,,,,,-55452,,13157,350,1253,903,903,56355,,-42295,,,,-27152
,6788,華景電,,-69411,,,,7.85,2,,上櫃,114,119341,,,,,300741,231330,,,,304001,-3260,,449989,,-29907,509312,1272304,762992,762992,313003,,420082,,234590,-3260,300741
,6791,虎門科技,,0,,,,2.08,2,,上櫃,114,8137,,,,,45058,45058,,,,43337,1721,,46391,,6804,215093,365313,150220,150220,103829,,53195,,43337,1721,45058
,6803,崑鼎,,-126966,,,,8.87,2,,上櫃,114,173835,,,,,740880,613914,,,,642660,98220,,863978,,50737,3737902,4679125,941223,941223,77245,,914715,,531131,82783,740880
,6804,明係,,-41114,,,,-1.20,2,,上櫃,114,3387,,,,,-41892,-83006,,,,-41892,,,10640,,-49145,684109,738657,54548,54548,43908,,-38505,,-83006,,-41892
,6811,宏碁資訊,,-6856,,,,7.71,2,,上櫃,114,83408,,,,,319425,312569,,,,319425,,,412855,,-10022,4473584,5103222,629638,629638,216783,,402833,,312569,,319425
,6821,聯寶,,-18124,,,,0.38,2,,上櫃,114,3694,,,,,11919,-6205,,,,11919,,,27751,,-12138,196700,306936,110236,110236,82485,,15613,,-6205,,11919
,6823,濾能,,-17730,,,,-0.93,2,,上櫃,114,714,,,,,-33372,-51102,,,,-25776,-7596,,-12380,,-20278,198222,262659,64437,64437,76817,,-32658,,-43506,-7596,-33372
,6829,千附精密,,,,,,1.61,2,,上櫃,114,21537,,,,,95177,95177,,,,,,,157846,,-41132,564460,818670,254210,254210,96364,,116714,,,,95177
,6840,東研信超,,-34283,,,,0.47,2,,上櫃,114,172,,,,,14093,-20190,,,,14093,,,32710,,-18445,249669,436497,186828,186828,154118,,14265,,-20190,,14093
,6841,長佳智能,,,,,,0.33,2,,上櫃,114,6794,,,,,44525,44525,,,,31518,13007,,10922,,40397,68887,163291,94404,94404,83482,,51319,,31518,13007,44525
,6843,進典,,-20857,,,,0.93,2,,上櫃,114,10196,,,,,31018,10161,,,,31048,-30,,50087,,-8873,233802,368221,134419,134419,84332,,41214,,10174,-13,31018
,6844,諾貝兒,,,,,,1.09,2,,上櫃,114,8976,,,,,40766,40766,,,,,,,35992,,13750,1150860,1732797,581937,581937,545945,,49742,,,,40766
,6846,綠茵,,-249,,,,2.38,2,,上櫃,114,17440,,,,,64325,64076,,,,64325,,,92053,,-10288,231723,441540,209817,209817,117764,,81765,,64076,,64325
,6855,數泓科,,,,,,2.10,2,,上櫃,114,17427,,,,,48809,48809,,,,,,,134231,,-67995,173882,351063,177181,177181,42950,,66236,,,,48809
,6856,鑫傳,,,,,,0.86,2,,上櫃,114,12856,,,,,18969,18969,,,,24256,-5287,,46011,,-14186,107461,346688,239227,239227,193216,,31825,,24256,-5287,18969
,6859,伯特光,,-1330,,,,1.04,2,,上櫃,114,10793,,,,,43068,41738,,,,43068,,,146946,,-93085,382997,580845,197848,197848,50902,,53861,,41738,,43068
,6865,偉康科技,,-93,,,,0.88,2,,上櫃,114,2912,,,,,13858,13765,,,,,,,13689,,3081,137300,228423,91123,91123,77434,,16770,,,,13858
,6870,騰雲,1,-21514,,,,1.50,2,,上櫃,114,4605,,,,,30641,9127,,,,34370,-3729,,46216,,-10970,98556,318150,219594,219594,173379,,35246,,12825,-3698,30641
,6872,浩宇生醫,,-1879,,,,-1.04,2,,上櫃,114,,,,,,-70072,-71951,,,,-70688,616,,-72742,,2670,7259,4736,-2523,-2523,70219,,-70072,,-71998,47,-70072
,6874,倍力,,,,,,2.03,2,,上櫃,114,11801,,,,,44660,44660,,,,,,,62264,,-5803,766245,891042,124797,124797,62533,,56461,,,,44660
,6875,國邑*,,-18,,,,-1.76,2,,上櫃,114,0,,,,,-226819,-226837,,,,-226819,,,-201212,,-25607,12905,15678,2773,2773,203985,,-226819,,-226837,,-226819
,6877,鏵友益,,-12856,,,,0.23,2,,上櫃,114,4684,,,,,9840,-3016,,,,9840,,,-6079,,20603,149457,245437,95980,95980,102059,,14524,,-3016,,9840
,6881,潤德,,-44186,,,,8.51,2,,上櫃,114,31959,,,,,127632,83446,,,,,,,154834,,4757,961992,1187008,225016,225016,70182,,159591,,,,127632
,6884,海柏特,,-21164,,,,0.87,2,,上櫃,114,7511,,,,,14229,-6935,,,,14177,52,,21226,,514,446093,567200,121107,121107,99881,,21740,,-6924,-11,14229
,6894,衛司特,,-36530,,,,4.92,2,,上櫃,114,47008,,,,,122018,85488,,,,117185,4833,,170507,,-1481,435902,666308,230406,230406,59899,,169026,,84990,498,122018
,6895,宏碩系統,,,,,,1.03,2,,上櫃,114,9238,,,,,35093,35093,,,,,,,52181,,-7850,180422,290462,110040,110040,57859,,44331,,,,35093
,6899,創為精密,,-11557,,,,1.39,2,,上櫃,114,22780,,,,,58482,46925,,,,58620,-138,,121231,,-39969,333306,572289,238983,238983,117752,,81262,,47063,-138,58482
,6903,巨漢,,,,,,2.79,2,,上櫃,114,46616,,,,,185992,185992,,,,,,,226025,,6583,779554,1068950,289396,289396,63371,,232608,,,,185992
,6904,伯鑫,,-10794,,,,1.31,2,,上櫃,114,20073,,,,,24249,13455,,,,24249,,,97788,,-53466,299418,446138,146720,146720,48932,,44322,,13455,,24249
,6907,雅特力-KY,,-71509,,,,0.74,2,,上櫃,114,14083,,,,,37961,-33548,,,,37961,,,51085,,959,561325,850222,288897,288897,237812,,52044,,-33548,,37961
,6910,德鴻,,-5495,,,,0.93,2,,上櫃,114,5660,,,,,25133,19638,,,,25133,,,27087,,3706,77241,171733,94492,94492,67405,,30793,,19638,,25133
,6913,鴻呈,,-83229,,,,1.85,2,,上櫃,114,22242,,,,,87160,3931,,,,80757,6403,,129937,,-20535,887607,1226506,338899,338899,208962,,109402,,2829,1102,87160
,6922,宸曜,,-20508,,,,3.09,2,,上櫃,114,25162,,,,,79525,59017,,,,79525,,,138804,,-34117,489117,837535,348418,348418,209614,,104687,,59017,,79525
,6925,意藍,,,,,,1.26,2,,上櫃,114,4212,,,,,22771,22771,,,,,,,25166,,1817,17903,93191,75288,75288,50122,,26983,,,,22771
,6929,佑全,,,,,,-0.42,2,,上櫃,114,0,,,,,-19085,-19085,,,,,,,-16129,,-2956,1070897,1614712,543815,543815,559944,,-19085,,,,-19085
,6945,圓祥生技,,-249,,,,-2.32,2,,上櫃,114,0,,,,,-197717,-197966,,,,-197717,,,-198634,,917,0,0,0,0,198634,,-197717,,-197966,,-197717
,6953,家碩,,-5335,,,,3.18,2,,上櫃,114,12669,,,,,95306,89971,,,,95306,,,103391,,4584,331408,592002,260594,260594,157203,,107975,,89971,,95306
-578,6961,旅天下,,12919,,,,3.35,2,,上櫃,114,20132,,,,,78874,91793,,,,79086,-212,,90103,,9481,1839015,2197332,358317,358317,268214,,99584,,92005,-212,79452
,6967,汎瑋材料,,-45267,,,,1.43,2,,上櫃,114,23868,,,,,35410,-9857,,,,35410,,,58726,,552,473507,638779,165272,165272,106546,,59278,,-9857,,35410
,6968,萬達寵物,,0,,,,1.42,2,,上櫃,114,5437,,,,,63175,63175,,,,63118,57,,82044,,-13432,917372,1572277,654905,654905,572861,,68612,,63118,57,63175
,6971,惠民實業,,1019,,,,0.85,2,,上櫃,114,5623,,,,,29855,30874,,,,29855,,,58887,,-23409,981533,1081391,99858,99858,40971,,35478,,30874,,29855
,6982,大井泵浦,,-7207,,,,0.83,2,,上櫃,114,4359,,,,,33551,26344,,,,33551,,,55317,,-17407,622147,852729,230582,230582,175265,,37910,,26344,,33551
,6983,華洋精機,,,,,,0.96,2,,上櫃,114,5228,,,,,15212,15212,,,,,,,25800,,-5360,31859,99209,67350,67350,41550,,20440,,,,15212
,6986,和迅,,,,,,1.33,2,,上櫃,114,9514,,,,,61360,61360,,,,,,,70033,,841,10815,151405,140590,140590,70557,,70874,,,,61360
,6996,力領科技,350,1879,,,,4.83,2,,上櫃,114,13280,,,,,200851,202730,,,,,,,203953,,10178,766950,1240948,473998,473998,270395,,214131,,,,200851
,6997,博弘,,-14174,,,,2.23,2,,上櫃,114,13164,,,,,49253,35079,,,,49253,,,57218,,5199,1871579,2086471,214892,214892,157674,,62417,,35079,,49253
,7402,邑錡,,0,,,,-0.16,2,,上櫃,114,-1905,,,,,-5552,-5552,,,,,,,23772,,-31229,180784,279115,98331,98331,74559,,-7457,,,,-5552
,7547,碩網,,-4193,,,,1.00,2,,上櫃,114,8087,,,,,29099,24906,,,,29099,,,40064,,-2878,61380,144078,82698,82698,42634,,37186,,24906,,29099
,7556,意德士科技,,-8161,,,,3.87,2,,上櫃,114,14584,,,,,102542,94381,,,,102542,0,,86214,,30912,239598,383104,143506,143506,57292,,117126,,94844,-463,102542
,7584,樂意,,3367,,,,0.59,2,,上櫃,114,3652,,,,,9255,12622,,,0,9773,-518,,30039,,-17132,299432,527435,228003,228003,197964,,12907,0,13060,-438,9255
,7642,昶瑞機電,,,,,,2.13,2,,上櫃,114,14805,,,,,58196,58196,,,,,,,82539,,-9538,332250,462691,130441,130441,47902,,73001,,,,58196
,7703,銳澤,,-742,,,,4.80,2,,上櫃,114,31214,,,,,166745,166003,,,,166745,,,199735,,-1776,895406,1177169,281763,281763,82028,,197959,,166003,,166745
0,7704,明遠精密,0,-12706,,,,0.78,2,,上櫃,114,-1034,,,,,26337,13631,,,,26337,0,,30642,,-5339,234748,342751,108003,108003,77361,,25303,,13631,0,26337
,7708,全家餐飲,,-1907,,,,3.09,2,,上櫃,114,25181,,,,,78795,76888,,,,78795,,,107603,,-3627,668951,1304339,635388,635388,527785,,103976,,76888,,78795
,7709,榮田,,,,,,0.44,2,,上櫃,114,10455,,,,,16769,16769,,,,,,,37758,,-10534,319741,449958,130217,130217,92459,,27224,,,,16769
,7712,博盛半導體,,-1042,,,,1.97,2,,上櫃,114,20493,,,,,64052,63010,,,,64052,,,110472,,-25927,466814,683092,216278,216278,105806,,84545,,63010,,64052
,7713,威力德生醫,,,,,,2.05,2,,上櫃,114,22683,,,,,90989,90989,,,,90989,,,112350,,1322,351811,518219,166408,166408,54058,,113672,,90989,,90989
,7714,創泓科技,,6663,,,,2.57,2,,上櫃,114,13640,,,,,53623,60286,,,,53623,,,60610,,6653,689224,835341,146117,146117,85507,,67263,,60286,,53623
,7715,裕山,,-2143,,,,2.30,2,,上櫃,114,13836,,,,,75519,73376,,,,75519,,,82913,,6442,610513,779554,169041,169041,86128,,89355,,73376,,75519
,7716,昱臺國際,,-32818,,,,1.37,2,,上櫃,114,11151,,,,,27693,-5125,,,,27397,296,,40779,,-1935,840959,1051394,210435,210435,169656,,38844,,-5066,-59,27693
,7717,萊德光電-KY,,-55422,,,,3.13,2,,上櫃,114,29900,,,,,68554,13132,,,,67527,1027,,105074,,-6620,183847,473664,289817,289817,184743,,98454,,12517,615,68554
,7718,友鋮,,-2885,,,,0.66,2,,上櫃,114,13128,,,,,29135,26250,,,,29135,,,90489,,-48226,996458,1211368,214910,214910,124421,,42263,,26250,0,29135
,7723,築間,,-3638,,,,-0.99,2,,上櫃,114,-8281,,,,,-49975,-53613,,,,-47324,-2651,,-13082,,-45174,1369724,2543283,1173559,1173559,1186641,,-58256,,-51159,-2454,-49975
0,7728,光焱科技,,-1319,,,,1.20,2,,上櫃,114,4451,,,,,15971,14652,,,,15971,,,24479,,-4057,61460,163574,102114,102114,77635,,20422,,14652,,15971
,7734,印能科技,,-22920,,,,14.30,2,,上櫃,114,114026,,,,,391135,368215,,,,386751,4384,,602449,,-97288,347446,1097367,749921,749921,147472,,505161,,365134,3081,391135
,7738,東聯互動,194623,-991,,,,7.38,2,,上櫃,114,53756,,,,,183401,182410,,,,183401,,,244638,,-7481,123394,266682,143288,143288,93273,,237157,,182410,,183401
,7743,金利食安,,,,,,0.03,2,,上櫃,114,3343,,,,,1054,1054,,,,1054,,,18474,,-14077,205953,302148,96195,96195,77721,,4397,,1054,,1054
,7744,崴寶,,-114077,,,,7.22,2,,上櫃,114,66975,,,,,207208,93131,,,,207208,,,291391,,-17208,648967,1063866,414899,414899,123508,,274183,,93131,,207208
,7747,昕奇雲端,,-5665,,,,2.18,2,,上櫃,114,8050,,,,,56332,50667,,,,51507,4825,,66562,,-2180,691146,814475,123329,123329,56767,,64382,,45842,4825,56332
,7751,竑騰,,-2314,,,,8.09,2,,上櫃,114,55054,,,,,198651,196337,,,,197410,1241,,263938,,-10233,369420,804689,435269,435269,171331,,253705,,195439,898,198651
,7753,星亞,,,,,,2.00,2,,上櫃,114,13510,,,,,44195,44195,,,,,,,75156,,-17451,273936,428838,154902,154902,79746,,57705,,,,44195
,7757,金色三麥,,1008,,,,3.80,2,,上櫃,114,15907,,,,,83855,84863,,,,83263,592,,102690,,-2928,506708,1091670,584962,584962,482272,,99762,,84271,592,83855
,7767,仁大資訊,,-3952,,,,1.69,2,,上櫃,114,10150,,,,,44872,40920,,,,44872,0,,56894,,-1872,1025712,1174242,148530,148530,91636,,55022,,40920,0,44872
,7770,君曜,,-26,,,,0.57,2,,上櫃,114,-1839,,,,,15479,15453,,,,15479,,,49437,,-35797,149557,237125,87568,87568,38131,,13640,,15453,,15479
,7772,耀穎,,,,,,1.18,2,,上櫃,114,2636,,,,,28416,28416,,,,,,,46284,,-15232,138719,223860,85141,85141,38857,,31052,,,,28416
,7777,能率亞洲,,-102548,,,,0.13,2,,上櫃,114,3215,,,,,21494,-81054,,,,,,,31481,,-6772,,45838,45838,45838,14357,,24709,,,,21494
,7782,光速火箭,,,,,,0.79,2,,上櫃,114,4583,,,,,16773,16773,,,,16773,,,28122,,-6766,106436,344144,237708,237708,209586,,21356,,16773,,16773
,7792,安葆,,-35080,,,,4.04,2,,上櫃,114,45918,,,,,172193,137113,,,,172193,,,225264,,-7153,2336258,2683902,347644,347644,122380,,218111,,137113,,172193
,7794,宏碁智新,,-9271,,,,1.39,2,,上櫃,114,8592,,,,,34720,25449,,,0,34720,0,,41387,,1925,330066,445842,115776,115776,74389,,43312,0,25449,0,34720
,7805,威聯通,,-77370,,,,18.19,2,,上櫃,114,158776,,,,,549064,471694,,,,549064,,,696346,,11494,1403054,3096269,1693215,1693215,996869,,707840,,471694,,549064
,7810,捷創科技,,-2863,,,,2.19,2,,上櫃,114,8846,,,,,39453,36590,,,,,,,43050,,5249,126258,248180,121922,121922,78872,,48299,,,,39453
,7811,民盛,,-44472,,,,3.47,2,,上櫃,114,26582,,,,,105446,60974,,,,105446,0,,189967,,-57939,1127294,1515790,388496,388496,198529,,132028,,60974,0,105446
,7814,海昌生技,,,,,,-0.33,2,,上櫃,114,0,,,,,-13040,-13040,,,,-13040,,,-14332,,1292,10003,30964,20961,20961,35293,,-13040,,-13040,,-13040
,7819,精誠金融,,,,,,1.40,2,,上櫃,114,7660,,,,,30814,30814,,,,,,,37909,,565,132163,252835,120672,120672,82763,,38474,,,,30814
,7820,立盈,,,,,,0.99,2,,上櫃,114,7581,,,,,30627,30627,,,,,,,42841,,-4633,59039,133803,74764,74764,31923,,38208,,,,30627
,7825,和亞智慧,,-15692,,,,1.33,2,,上櫃,114,6907,,,,,29110,13418,,,,29110,,,52826,,-16809,81688,207074,125386,125386,72560,,36017,,13418,,29110
,7828,創新服務,,-710,,,,0.03,2,,上櫃,114,3866,,,,,997,287,,,,997,,,22426,,-17563,56377,164841,108464,108464,86038,,4863,,287,,997
,7839,達人網,,-1985,,,,1.37,2,,上櫃,114,4569,,,,,18284,16299,,,,18284,,,21911,,942,8725,86155,77430,77430,55519,,22853,,16299,,18284
,7842,天能綠電,,,,,,2.10,2,,上櫃,114,8135,,,,,31149,31149,,,,,,,38351,,933,997534,1052595,55061,55061,16710,,39284,,,,31149
,8024,佑華,,-7018,,,,-1.41,2,,上櫃,114,-54,,,,,-63448,-70466,,,,-63448,,,-54841,,-8661,74602,91020,16418,16418,71259,,-63502,,-70466,,-63448
,8027,鈦昇,,-25357,,,,-1.71,2,,上櫃,114,-20678,,,,,-183049,-208406,,,,-179629,-3420,,-119911,,-83816,455061,689431,234370,234370,354281,,-203727,,-204986,-3420,-183049
,8032,光菱,,-294852,,,,0.46,2,,上櫃,114,18812,,,,,24000,-270852,,,,23936,64,,93017,,-50205,1483881,1736476,252595,252595,159578,,42812,,-270442,-410,24000
,8034,榮群,,,,,,0.50,2,,上櫃,114,11629,,,,,28229,28229,,,,28229,,,36773,,3085,93745,189944,96199,96199,59426,,39858,,28229,,28229
,8038,長園科,,,,,,0.12,2,,上櫃,114,0,,,,,2646,2646,,,,7522,-4876,,3242,,-596,130970,200863,69893,69893,66651,,2646,,7522,-4876,2646
,8040,九暘,,,,,,-0.31,2,,上櫃,114,0,,,,,-29867,-29867,,,,,,,-44022,,14155,193743,331933,138190,138190,182212,,-29867,,,,-29867
,8042,金山電,,-535900,,,,-0.06,2,,上櫃,114,19998,,,,,-6746,-542646,,,,-7226,480,,49128,,-35876,1423786,1749359,325573,325573,276445,,13252,,-538325,-4321,-6746
,8043,蜜望實,,-62893,,,,-0.76,2,,上櫃,114,-5125,,,,,-60922,-123815,,,,-60922,,,-14461,,-51586,2191407,2272261,80854,80854,95315,,-66047,,-123815,,-60922
,8044,網家,,2151,,,,-1.89,2,,上櫃,114,90483,,,,,-290404,-288253,,,,-369908,79504,,-193961,,-5960,15030628,17349727,2319099,2319099,2513060,,-199921,,-385967,97714,-290404
,8047,星雲,,-38903,,,,-0.16,2,,上櫃,114,3170,,,,,-6479,-45382,,,,-6479,,,-13088,,9779,150740,231518,80778,80778,93866,,-3309,,-45382,,-6479
,8048,德勝,,7764,,,,0.75,2,,上櫃,114,10416,,,,,43048,50812,,,,43048,,,62534,,-9070,320116,468726,148610,148610,86076,,53464,,50812,,43048
,8049,晶采,,-54403,,,,0.77,2,,上櫃,114,20120,,,,,91183,36780,,,,91183,,,100836,,10467,462794,645719,182925,182925,82089,,111303,,36780,,91183
,8050,廣積,,-256493,,,,0.47,2,,上櫃,114,20078,,,,,-35488,-291981,,,,68283,-103771,,91460,,-106870,2361210,3048611,687401,687401,595941,,-15410,,-188107,-103874,-35488
,8054,安國,,-97675,,,,-1.36,2,0,上櫃,114,-757,,,,,-59299,-156974,,,,-138939,79640,,-312060,,252004,658347,1005982,347635,347635,659695,,-60056,,-214055,57081,-59299
,8059,凱碩,,-159749,,,,-1.93,2,,上櫃,114,16401,,,,,-386794,-546543,,,,-373259,-13535,,-282565,,-87828,1708726,1748281,39555,39555,322120,,-370393,,-504358,-42185,-386794
,8064,東捷,,-52171,,,,-0.81,2,,上櫃,114,-14140,,,,,-121033,-173204,,,,-133647,12614,,-111797,,-23376,904041,1030884,126843,126843,238640,,-135173,,-183902,10698,-121033
,8066,來思達,,-74559,,,,-1.17,2,,上櫃,114,-11895,,,,,-34438,-108997,,,,-34739,301,,-32540,,-13793,2007941,2231960,224019,224019,256559,,-46333,,-101681,-7316,-34438
,8067,志旭,,-6713,,,,-0.80,2,,上櫃,114,0,,,,,-16519,-23232,,,,-16519,0,,-15809,,-710,34389,56819,22430,22430,38239,,-16519,,-23232,0,-16519
0,8068,全達,0,-29439,,,,1.27,2,0,上櫃,114,749,,,0,,94170,64731,,,,102461,-8291,,-52354,,147273,380898,399999,19101,19101,71455,,94919,,73281,-8550,94170
,8069,元太,,1243745,,,,4.50,2,,上櫃,114,1038787,,,,,5157749,6401494,,,,5168644,-10895,,6349275,,-152739,8071380,18684959,10613579,10613579,4264304,,6196536,,6378144,23350,5157749
,8071,能率網通,,-80680,,,,-1.29,2,0,上櫃,114,20643,,,0,,-79612,-160292,,,0,-72152,-7460,,-42895,,-16074,829249,984397,155148,155148,198043,,-58969,0,-149717,-10575,-79612
,8074,鉅橡,-169,-13814,,,,0.34,2,,上櫃,114,4535,,,,,31224,17410,,,,27619,3605,,54881,,-19122,508865,644284,135419,135419,80369,,35759,,12848,4562,31224
,8076,伍豐,,-144489,,,,0.34,2,781,上櫃,114,43674,,,446,,98802,-45687,,,,98142,660,,49841,,92635,612452,949601,337149,337484,287643,,142476,,-46158,471,98802
,8077,洛碁,,,,,,2.52,2,,上櫃,114,5370,,,,,55388,55388,,,,,,,82915,,-22157,371480,522065,150585,150585,67670,,60758,,,,55388
,8080,泰霖,,-2989,,,,0.26,2,,上櫃,114,640,,,,,16220,13231,,,,16220,0,,11620,,5240,82778,109180,26402,26402,14782,,16860,,13231,0,16220
,8083,瑞穎,,,,,,4.72,2,,上櫃,114,41523,,,,,165883,165883,,,,,,,231640,,-24234,439985,753773,313788,313788,82148,,207406,,,,165883
,8084,巨虹,,-500,,,,-0.36,2,,上櫃,114,3374,,,,,-23386,-23886,,,,-24934,1548,,2344,,-22356,163456,308936,145480,145480,143136,,-20012,,-25434,1548,-23386
,8085,福華,,-252083,,,,-0.71,2,,上櫃,114,1135,,,,,-98699,-350782,,,,-98699,,,-31526,,-66038,298938,322410,23472,23472,54998,,-97564,,-350782,,-98699
,8086,宏捷科,,,,,,0.92,2,,上櫃,114,31973,,,,,181475,181475,,,,,,,237428,,-23980,1352576,1746180,393604,393604,156176,,213448,,,,181475
,8087,麗升能源,,0,,,,-0.76,2,,上櫃,114,655,,,,,-28937,-28937,,,,-28937,0,,-29130,,848,107226,128919,21693,21693,50823,,-28282,,-28937,0,-28937
,8088,品安,,-3653,,,,-0.15,2,,上櫃,114,0,,,,,-9288,-12941,,,,,,,3434,,-12722,573102,604090,30988,30988,27554,,-9288,,,,-9288
,8089,康全電訊,,-45023,,,,-1.53,2,,上櫃,114,20537,,,,,-100846,-145869,,,,-100846,,,-32684,,-47625,353351,559565,206214,206214,238898,,-80309,,-145869,,-100846
,8091,翔名,,-50756,,,,1.94,2,,上櫃,114,42099,,,,,101241,50485,,,,101692,-451,,170841,,-27501,672595,1022993,350398,350398,179557,,143340,,51002,-517,101241
,8092,建暐,,534,,,,-0.43,2,,上櫃,114,0,,,,,-24340,-23806,,,,-24339,-1,,-21193,,-3147,117398,136031,18633,18633,39826,,-24340,,-23805,-1,-24340
,8093,保銳,,-6412,,,,-0.01,2,,上櫃,114,49,,,,,-540,-6952,,,,-539,-1,,-38206,,37715,65823,92719,26896,26896,65102,,-491,,-6951,-1,-540
,8096,擎亞,,-164625,,,,0.58,2,,上櫃,114,59552,,,,,86330,-78295,,,,86330,0,,348275,,-202393,20487212,21364408,877196,877196,528921,,145882,,-78295,0,86330
,8097,常珵,,5226,,,,-0.86,2,0,上櫃,114,623,,,0,,-54983,-49757,,,,-54983,,,-9430,,-44930,148742,203328,54586,54586,64016,,-54360,,-49757,,-54983
,8099,大世科,,-151,,,,0.92,2,,上櫃,114,20385,,,,,81835,81684,,,,81835,,,106408,,-4188,1457261,1906402,449141,449141,342733,,102220,,81684,,81835
,8102,傑霖科技,,-1340,,,,1.02,2,,上櫃,114,4847,,,,,21741,20401,,,,21741,,,36552,,-9964,135153,218884,83731,83731,47179,,26588,,20401,,21741
,8107,大億金茂,,-72687,,,,-0.74,2,,上櫃,114,7903,,,,,-55480,-128167,,,,-55484,4,,21805,,-69382,369952,501383,131431,131431,109626,,-47577,,-128171,4,-55480
,8109,博大,,-56163,,,,2.58,2,,上櫃,114,52237,,,,,211718,155555,,,,211718,,,279605,,-15650,424340,828279,403939,403939,124334,,263955,,155555,,211718
,8111,立碁,0,-33656,,,,-0.33,2,,上櫃,114,-8277,,,,,-36262,-69918,,,,-36209,-53,,22727,,-67266,283199,411436,128237,128237,105510,,-44539,,-69771,-147,-36262
,8121,越峰,0,-196751,,,,-0.39,2,,上櫃,114,-5522,,,,,-95521,-292272,,,,-82007,-13514,,-72614,,-28429,1232138,1447629,215491,215491,288105,,-101043,,-227565,-64707,-95521
,8147,正淩,,-70193,,,,1.87,2,,上櫃,114,20268,,,,,77170,6977,,,,76042,1128,,97939,,-501,512757,842767,330010,330010,232071,,97438,,5868,1109,77170
,8155,博智,,-386,,,,1.04,2,,上櫃,114,117,,,,,55744,55358,,,0,55744,0,,62192,,-6331,2087955,2351404,263449,263449,201257,,55861,0,55358,0,55744
,8171,天宇,,3316,,,,-4.13,2,,上櫃,114,-58312,,,,,-387565,-384249,,,,-387062,-503,,-309938,,-135939,182660,138732,-43928,-43928,266010,,-445877,,-383746,-503,-387565
,8176,智捷,-387,-28536,,,,0.08,2,,上櫃,114,2330,,,,,5266,-23270,,,,5689,-423,,5165,,2431,152982,216936,63954,63954,58402,,7596,,-20689,-2581,5266
,8182,加高,,-200895,,,,-0.29,2,,上櫃,114,24117,,,,,-31493,-232388,,,,-31576,83,,57603,,-64979,1160132,1381896,221764,221764,164161,,-7376,,-231939,-449,-31493
,8183,精星,,-219273,,,,-0.03,2,,上櫃,114,19635,,,,,-3793,-223066,,,,-3793,,,72996,,-57154,2912873,3275665,362792,362792,289796,,15842,,-223066,,-3793
,8227,巨有科技,0,,,,,0.13,2,,上櫃,114,2003,,,,,5246,5246,,,,,,,35024,,-27775,363363,472661,109298,109298,74274,,7249,,,,5246
,8234,新漢,,-52834,,,,0.41,2,,上櫃,114,9707,,,,,53029,195,,,,57577,-4548,,131519,,-68783,2303037,3133501,830464,830464,698945,,62736,,1724,-1529,53029
,8240,華宏,,-435762,,,,1.01,2,,上櫃,114,51438,,,,,103844,-331918,,,,101138,2706,,175121,,-19839,3053528,3621624,568096,568096,392975,,155282,,-322582,-9336,103844
,8255,朋程,,-763852,,,,2.70,2,,上櫃,114,69030,,,,,269600,-494252,,,,274664,-5064,,472682,,-134052,3074680,4279802,1205122,1205122,732440,,338630,,-488944,-5308,269600
,8272,全景軟體,,,,,,1.52,2,,上櫃,114,7827,,,,,28958,28958,,,,,,,33068,,3717,49008,198050,149042,149042,115974,,36785,,,,28958
,8277,商丞,,1373,,,,-0.19,2,,上櫃,114,-113,,,,,-25865,-24492,,,,-17746,-8119,,-24317,,-1661,108471,154460,45989,45989,70306,,-25978,0,-16373,-8119,-25865
,8279,生展,,-763,,,,5.49,2,,上櫃,114,34487,,,,,148687,147924,,,,148687,,,187496,,-4322,699274,1093486,394212,394212,206716,,183174,,147924,,148687
,8284,三竹,,,,,,1.20,2,,上櫃,114,14912,,,,,55533,55533,,,,55533,,,108795,,-38350,1089439,1393994,304555,304555,195760,,70445,,55533,,55533
,8289,泰藝,,-103191,,,,-0.39,2,,上櫃,114,7569,,,,,-26333,-129524,,,,-26333,0,,11390,,-30154,693761,916712,222951,222951,211561,,-18764,,-129524,0,-26333
,8291,尚茂,,,,,,-1.07,2,,上櫃,114,-20,,,,,-18771,-18771,,,,,,,-16762,,-2029,8255,880,-7375,-7375,9387,,-18791,,,,-18771
,8299,群聯,,-461066,,,,9.14,2,,上櫃,114,466249,,,57447,,1885345,1424279,,,,1885144,201,,3507716,,-1156122,22191298,31728636,9537338,9479891,5972175,,2351594,,1424379,-100,1885345
,8342,益張,,-20147,,,,2.35,2,,上櫃,114,12698,,,,,78861,58714,,,,78834,27,,116653,,-25094,566075,776749,210674,210674,94021,,91559,,58755,-41,78861
,8349,恒耀國際,134,-797497,,,,0.65,2,,上櫃,114,70794,,,,,115805,-681692,,,,138585,-22780,,346640,,-160041,4450780,5631224,1180444,1180444,833938,,186599,,-549684,-132008,115805
,8354,冠好,,-52742,,,,-1.18,2,,上櫃,114,-19615,,,,,-92908,-145650,,,,-92908,,,5739,,-118262,278444,326243,47799,47799,42060,,-112523,,-145650,,-92908
,8358,金居,,-19647,,,,1.71,2,,上櫃,114,105739,,,,,431993,412346,,,,431993,,,623076,,-85344,2989521,3729998,740477,740477,117401,,537732,,412346,,431993
,8383,千附,,-6264,,,,1.09,2,,上櫃,114,38350,,,,,157947,151683,,,,122734,35213,,237720,,-41423,1126575,1558244,431669,431669,193949,,196297,,116470,35213,157947
,8390,金益鼎,,-111977,,,,2.74,2,,上櫃,114,57421,,,,,261998,150021,,,,263444,-1446,,311977,,7442,1959849,2407238,447389,447389,135412,,319419,,159180,-9159,261998
,8401,白紗科,,,,,,1.16,2,,上櫃,114,19308,,,,,76335,76335,,,,,,,85149,,10494,516684,732604,215920,215920,130771,,95643,,,,76335
,8403,盛弘,39870,-50619,,,,0.45,2,,上櫃,114,14011,,,,,31399,-19220,,,,58946,-27547,,52549,,-7139,1774713,2124342,349629,349629,336950,,45410,,15340,-34560,31399
,8409,商之器,,-6874,,,,-1.40,2,79,上櫃,114,-598,,,0,,-44923,-51797,,,,-44923,,,-46901,,1380,19104,56729,37625,37704,84605,,-45521,,-51797,,-44923
,8410,森田,,0,,,,-0.09,2,,上櫃,114,-782,,,,,-3235,-3235,,,,,,,100563,,-104580,358211,567592,209381,209381,108818,,-4017,,,,-3235
,8415,大國鋼,1522,-663870,,,,1.22,2,,上櫃,114,432799,,,,,1246036,582166,,,,1255000,-8964,,1930617,,-251782,7579879,11841090,4261211,4261211,2332116,,1678835,,581139,1027,1246036
,8416,實威,,-10996,,,,5.35,2,,上櫃,114,40832,,,,,150895,139899,,,,150895,,,168296,,23431,376231,766399,390168,390168,221872,,191727,,139899,,150895
,8421,旭源,,-38315,,,,-0.55,2,3285,上櫃,114,-5323,,,1591,,-24704,-63019,,,,-29789,5085,,-1987,,-28040,475548,579797,104249,105943,107930,,-30027,,-68499,5480,-24704
,8423,保綠-KY,,-10632,,,,0.27,2,,上櫃,114,4255,,,,,10992,360,,,,10992,,,22825,,-7578,141826,194497,52671,52671,29846,,15247,,360,,10992
,8424,惠普,,,,,,2.84,2,,上櫃,114,25361,,,,,102367,102367,,,,102367,,,120278,,7450,364823,554606,189783,189783,69505,,127728,,102367,,102367
,8426,紅木-KY,,-80340,,,,-1.38,2,,上櫃,114,10186,,,,,-69340,-149680,,,,-69340,,,-42737,,-16417,868170,1096507,228337,228337,271074,,-59154,,-149680,,-69340
,8431,匯鑽科,,-83806,,,,-0.70,2,,上櫃,114,3948,,,,,-32128,-115934,,,,-30402,-1726,,-24806,,-3374,403666,480290,76624,76624,101430,,-28180,,-105313,-10621,-32128
,8432,東生華,,-26086,,,,1.47,2,,上櫃,114,28755,,,,,67349,41263,,,,56613,10736,,91594,,4510,257213,556414,299201,299201,207607,,96104,,30527,10736,67349
,8433,弘帆,,-154843,,,,-1.31,2,,上櫃,114,-3371,,,,,-71288,-226131,,,,-71288,0,,158276,,-232935,1153945,1549151,395206,395206,236930,,-74659,,-226131,0,-71288
,8435,鉅邁,,-19365,,,,1.33,2,,上櫃,114,15161,,,,,42309,22944,,,,42309,,,70042,,-12572,146818,299467,152649,152649,82607,,57470,,22944,,42309
,8436,大江,,-346663,,,,3.39,2,,上櫃,114,40053,,,,,441679,95016,,,,374642,67037,,481394,,338,1942512,3383190,1440678,1440678,959284,,481732,,23370,71646,441679
,8437,大地-KY,,-225084,,,,-0.55,2,,上櫃,114,-18519,,,,,-26390,-251474,,,,-26390,,,-58560,,13651,97484,114111,16627,16627,75187,,-44909,,-251474,,-26390
,8440,綠電,,,,,,-0.01,2,,上櫃,114,1638,,,,,-461,-461,,,,-461,,,6882,,-5705,449400,480196,30796,30796,23914,,1177,,-461,,-461
,8444,綠河-KY,,-295245,,,,-1.59,2,,上櫃,114,7617,,,,,-178822,-474067,,,,-173897,-4925,,-437203,,265998,2080001,1968166,-111835,-111835,325368,,-171205,,-472809,-1258,-178822
,8446,華研,,-779,,,,6.31,2,,上櫃,114,65303,,,,,333115,332336,,,,333642,-527,,222163,,176255,164857,519919,355062,355062,132899,,398418,,332842,-506,333115
,8450,霹靂,,-2789,,,,-2.44,2,,上櫃,114,-1,,,,,-126471,-129260,,,,-125351,-1120,,-89405,,-37067,98067,115447,17380,17380,106785,,-126472,,-127975,-1285,-126471
,8455,大拓-KY,,-3774,,,,-0.04,2,,上櫃,114,-1164,,,,,-6910,-10684,,,,-913,-5997,,-6911,,-1163,525632,590158,64526,64526,71437,,-8074,,-4687,-5997,-6910
,8472,納維康,,,,,,-1.33,2,,上櫃,114,10,,,,,-23538,-23538,,,,-23538,,,-22797,,-731,132208,220991,88783,88783,111580,,-23528,,-23538,,-23538
,8477,創業家,,,,,,-0.46,2,,上櫃,114,0,,,,,-29457,-29457,,,,-29457,0,,-47803,,18346,219327,256552,37225,37225,85028,,-29457,,-29457,0,-29457
,8489,三貝德,,-261,,,,-0.50,2,,上櫃,114,9570,,,,,7497,7236,,,,-18624,26121,,21098,,-4031,289078,612032,322954,322954,301856,,17067,,-18885,26121,7497
,8905,裕國,,-2606,,,,0.35,2,,上櫃,114,10401,,,,,40851,38245,,,,40850,1,,35475,,15777,884150,980359,96209,96209,60734,,51252,,38249,-4,40851
,8906,花王,,15175,,,,-0.38,2,,上櫃,114,0,,,,,-16140,-965,,,,,,,-8044,,-8096,86397,101002,14605,14605,22649,,-16140,,,,-16140
,8908,欣雄,,28855,,,,1.10,2,,上櫃,114,87834,,,,,337375,366230,,,,337462,-87,,426729,,-1520,4841632,5383462,541830,541830,115101,,425209,,366317,-87,337375
,8916,光隆,,-454947,,,,1.00,2,,上櫃,114,43012,,,,,152522,-302425,,,,152522,0,,272301,,-76767,3457210,4098741,641531,641531,369230,,195534,,-302425,0,152522
,8917,欣泰,,45,,,,1.17,2,,上櫃,114,52309,,,,,191034,191079,,,,,,,249434,,-6091,1324439,1634049,309610,309610,60176,,243343,,,,191034
,8921,沈氏,,-20440,,,,-0.29,2,,上櫃,114,-13,,,,,-12935,-33375,,,,-13298,363,,-15451,,2503,262085,293974,31889,31889,47340,,-12948,,-12467,-20908,-12935
,8923,時報,,-989,,,,0.54,2,,上櫃,114,3578,,,,,16274,15285,,,,16274,,,15711,,4141,131264,237641,106377,106377,90666,,19852,,15285,,16274
,8924,大田,,-547372,,,,2.31,2,,上櫃,114,51721,,,,,193528,-353844,,,,193528,,,120429,,124820,1569563,1885044,315481,315481,195052,,245249,,-353844,,193528
,8927,北基,,7518,,,,0.07,2,,上櫃,114,40421,,,,,35454,42972,,,,28786,6668,,248177,,-172302,4224861,5053624,828763,828763,580586,,75875,,35481,7491,35454
,8928,鉅明,,-32405,,,,-0.13,2,,上櫃,114,-11262,,,,,-6386,-38791,,,,-6386,,,61028,,-78676,1511637,1756885,245248,245248,184220,,-17648,,-38791,,-6386
,8929,富堡,,-61397,,,,-0.64,2,,上櫃,114,-1451,,,,,-34080,-95477,,,,-32437,-1643,,-25634,,-9897,263368,349999,86631,86631,112265,,-35531,,-91802,-3675,-34080
,8930,青鋼,,,,,,0.96,2,,上櫃,114,18884,,,,,78849,78849,,,,,,,123558,,-25825,539809,739118,199309,199309,75751,,97733,,,,78849
,8931,大汽電,,-18472,,,,1.44,2,,上櫃,114,15137,,,,,175821,157349,,,,,,,192708,,-1750,945181,1214828,269647,269647,76939,,190958,,,,175821
,8932,智通*,,-59240,,,,1.86,2,,上櫃,114,121412,,,,,343520,284280,,,,303390,40130,,528473,,-63541,450964,1152302,701338,701338,172865,,464932,,249356,34924,343520
,8933,愛地雅,,-93237,,,,-0.72,2,,上櫃,114,21951,,,,,-234866,-328103,,,,-234866,,,-159816,,-53099,1453316,1460216,6900,6900,166716,,-212915,,-328103,,-234866
,8935,邦泰,,-65595,,,,-0.37,2,,上櫃,114,681,,,,,-41870,-107465,,,,-41870,,,-42212,,1023,243309,273389,30080,30080,72292,,-41189,,-107465,,-41870
,8936,國統,,-115674,,,,1.61,2,,上櫃,114,129620,,,,,435896,320222,,,,399298,36598,,578544,,-13028,2041465,2763576,722111,722111,143567,,565516,,283624,36598,435896
,8937,合騏*,,-3119,,,,-1.86,2,,上櫃,114,-8339,,,,,-193359,-196478,,,,-188940,-4419,,-45744,,-155954,53881,40350,-13531,-13531,32213,,-201698,,-192059,-4419,-193359
,8938,明安,77900,-276532,,,,2.18,2,,上櫃,114,64924,,,,,333094,56562,,,,333094,0,,433673,,-35655,6714376,7883297,1168921,1168921,813148,,398018,,56562,0,333094
,8941,關中,,-117177,,,,0.43,2,,上櫃,114,1317,,,,,11848,-105329,,,,15129,-3281,,42065,,-28900,1081935,1511058,429123,429123,387058,,13165,,-96317,-9012,11848
,8942,森鉅,,-90986,,,,0.59,2,34,上櫃,114,95405,,,0,,64264,-26722,,,,117123,-52859,,434551,,-274882,1647309,2511076,863767,863801,429250,,159669,,49856,-76578,64264
,9949,琉園,,-15595,,,,-1.05,2,,上櫃,114,-4457,,,,,-46219,-61814,,,,-46219,,,-28886,,-21790,27288,65102,37814,37814,66700,,-50676,,-61814,,-46219
,9950,萬國通,,-9308,,,,-0.32,2,,上櫃,114,474,,,,,-52471,-61779,,,,-53607,1136,,-4766,,-47231,915833,1185843,270010,270010,274776,,-51997,,-60662,-1117,-52471
,9951,皇田,,-170910,,,,2.11,2,,上櫃,114,38653,,,,,157999,-12911,,,,157999,,,239432,,-42780,2259461,3013618,754157,754157,514725,,196652,,-12911,,157999
,9960,邁達康,,-32172,,,,0.45,2,,上櫃,114,4933,,,,,15040,-17132,,,,15040,,,25150,,-5177,206351,317426,111075,111075,85925,,19973,,-17132,,15040
,9962,有益,,-130,,,,-0.15,2,,上櫃,114,-3820,,,,,-13782,-13912,,,,-13782,0,,-3691,,-13911,1109660,1151570,41910,41910,45601,,-17602,,-13912,0,-13782
