停業單位損益,公司代號,公司名稱,其他收益及費損淨額,其他綜合損益（淨額）,原始認列生物資產及農產品之利益（損失）,合併前非屬共同控制股權損益,合併前非屬共同控制股權綜合損益淨額,基本每股盈餘（元）,季別,已實現銷貨（損）益,市場,年度,所得稅費用（利益）,支出及費用,收益,未實現銷貨（損）益,本期其他綜合損益（稅後淨額）,本期淨利（淨損）,本期綜合損益總額,淨利（損）歸屬於母公司業主,淨利（損）歸屬於非控制權益,淨利（淨損）歸屬於共同控制下前手權益,淨利（淨損）歸屬於母公司業主,淨利（淨損）歸屬於非控制權益,營業利益,營業利益（損失）,營業外損益,營業外收入及支出,營業成本,營業收入,營業毛利（毛損）,營業毛利（毛損）淨額,營業費用,生物資產當期公允價值減出售成本之變動利益（損失）,稅前淨利（淨損）,綜合損益總額歸屬於共同控制下前手權益,綜合損益總額歸屬於母公司業主,綜合損益總額歸屬於非控制權益,繼續營業單位本期淨利（淨損）
,1240,茂生農經,,-51542,4763,,,3.84,3,,上櫃,114,10282,,,,,165197,113655,,,,169898,-4701,,110095,,65384,1801786,2045285,298768,298768,188673,50506,175479,,118356,-4701,165197
,1259,安心,,685425,,,,1.03,3,,上櫃,114,-2298,,,,,36357,721782,,,,33238,3119,,-19092,,53151,3519577,4533517,1013940,1013940,1033032,,34059,,720577,1205,36357
,1264,德麥,,-100210,,,,15.94,3,,上櫃,114,206498,,,,,681017,580807,,,,590673,90344,,872559,,14956,3367659,5006354,1638695,1638695,766136,,887515,,528666,52141,681017
,1268,漢來美食,,-63307,,,,7.70,3,,上櫃,114,79870,,,,,325020,261713,,,,325020,,,412556,,-7666,2505806,4617097,2111291,2111291,1698735,,404890,,261713,,325020
,1294,漢田生技,,,,,,3.37,3,,上櫃,114,24576,,,,,101608,101608,,,,101586,22,,126598,,-414,356459,564816,208357,208357,81759,,126184,,101586,22,101608
,1295,生合,,-15943,,,,4.07,3,,上櫃,114,25779,,,,,133700,117757,,,,133700,,,164896,,-5417,341126,754124,412998,412998,248102,,159479,,117757,,133700
,1336,台翰,,-145884,,,,0.60,3,,上櫃,114,48981,,,,,46911,-98973,,,,46911,,,110216,,-14324,1575730,1887167,311437,311437,201221,,95892,,-98973,,46911
,1565,精華,,-400,,,,6.69,3,,上櫃,114,98213,,,,,337079,336679,,,,337079,,,453622,,-18330,2396087,3174384,778297,778297,324675,,435292,,336679,,337079
,1569,濱川,,-147911,,,,-4.54,3,,上櫃,114,27966,,,,,-532324,-680235,,,,-558427,26103,,-395024,,-109334,2483661,2498391,14730,14730,409754,,-504358,,-704922,24687,-532324
,1570,力肯,,11798,,,,0.66,3,,上櫃,114,9266,,,,,33778,45576,,,,33778,,,47219,,-4175,312922,419633,106711,106711,59492,,43044,,45576,,33778
,1580,新麥,,-132867,,,,9.37,3,,上櫃,114,251866,,,,,496553,363686,,,,466194,30359,,705671,,42748,2111162,3648595,1537433,1537433,831762,,748419,,340737,22949,496553
,1584,精剛,,-53543,,,,0.23,3,,上櫃,114,4539,,,,,47747,-5796,,,,53620,-5873,,43974,,8312,1737349,1956173,218824,218824,174850,,52286,,77,-5873,47747
,1586,和勤,,-67410,,,,-0.46,3,,上櫃,114,-11908,,,,,-44979,-112389,,,,-44979,,,-68156,,11269,1471171,1663445,192274,192274,260430,,-56887,,-112389,,-44979
,1591,駿吉-KY,,-4294,,,,-2.09,3,,上櫃,114,-2099,,,,,-78687,-82981,,,,-78687,,,-78998,,-1788,92704,85121,-7583,-7583,71415,,-80786,,-82981,,-78687
,1593,祺驊,,-47234,,,,1.28,3,,上櫃,114,27160,,,,,73024,25790,,,,50979,22045,,85454,,14730,612433,891997,279564,279564,194110,,100184,,3745,22045,73024
,1595,川寶,,-15270,,,,-1.81,3,,上櫃,114,521,,,,,-98756,-114026,,,,-97765,-991,,-85941,,-12294,367003,504168,137165,137165,223106,,-98235,,-113035,-991,-98756
,1599,宏佳騰,,12214,,,,-0.47,3,,上櫃,114,-8690,,,,,-49404,-37190,,,,-33962,-15442,,-80004,,21910,1160177,1457670,297493,297493,377497,,-58094,,-21748,-15442,-49404
,1742,台蠟,,-921,,,,-0.87,3,,上櫃,114,-1699,,,,,-80998,-81919,,,,-80998,,,-61753,,-20944,65274,89747,24473,24473,86226,,-82697,,-81919,,-80998
,1777,生泰,,0,,,,3.81,3,,上櫃,114,49547,,,,,169729,169729,,,,,,,224226,,-4950,658628,977296,318668,318668,94442,,219276,,,,169729
,1780,立弘,,468,,,,0.84,3,,上櫃,114,18732,,,,,80787,81255,,,,80787,,,99342,,177,406818,635588,228770,228770,129428,,99519,,81255,,80787
,1781,合世,,-10624,,,,-1.12,3,,上櫃,114,-6045,,,,,-52997,-63621,,,,-52997,,,-44936,,-14106,224113,280804,56691,56691,101627,,-59042,,-63621,,-52997
,1784,訊聯,,-1649,,,,0.73,3,,上櫃,114,17273,,,,,-2539,-4188,,,,36720,-39259,,-11142,,25876,403359,893153,489794,489794,500936,,14734,,36021,-40209,-2539
,1785,光洋科,,-138596,,,,1.27,3,,上櫃,114,182718,,,,,748263,609667,,,,752949,-4686,,2805335,,-1874354,24349604,28202244,3852640,3852640,1047305,,930981,,614353,-4686,748263
,1788,杏昌,,-6851,,,,6.24,3,0,上櫃,114,67709,,,0,,277650,270799,,,,277650,,,318825,,26534,2348979,3186260,837281,837281,518456,,345359,,270799,,277650
,1796,金穎生技,,-816,,,,0.31,3,,上櫃,114,2463,,,,,13020,12204,,,,13020,,,27230,,-11747,365512,499886,134374,134374,107144,,15483,,12204,,13020
,1799,易威,,-21853,,,,-0.35,3,,上櫃,114,301,,,,,-45282,-67135,,,,-43563,-1719,,-37419,,-7562,221585,435223,213638,213638,251057,,-44981,,-65046,-2089,-45282
,1813,寶利徠,,7863,,,,-0.93,3,,上櫃,114,-7347,,,,,-46695,-38832,,,,-43541,-3154,,-93853,,39811,270387,234262,-36125,-36125,57728,,-54042,,-37045,-1787,-46695
,1815,富喬,,-186158,,,,0.81,3,,上櫃,114,100640,,,,,420682,234524,,,,420682,,,733089,,-211767,3165698,4337661,1171963,1171963,438874,,521322,,234524,,420682
,2035,唐榮公司,,-6017,,,,-3.60,3,,上櫃,114,0,,,,,-1258304,-1264321,,,,,,,-1176562,,-81742,8519052,7566506,-952546,-952546,224016,,-1258304,,,,-1258304
,2061,風青,,-7700,,,,-1.08,3,,上櫃,114,5202,,,,,-62071,-69771,,,,-62071,,,-8253,,-48616,841128,879808,38680,38680,46933,,-56869,,-69771,,-62071
,2063,世鎧精密,,-129704,,,,1.27,3,,上櫃,114,5268,,,,,60978,-68726,,,,60978,,,30441,,35805,631531,760082,128551,128551,98110,,66246,,-68726,,60978
,2064,晉椿,,-4047,,,,-1.51,3,,上櫃,114,3363,,,-501,,-104845,-108892,,,,-104890,45,,-61889,,-39593,1117287,1143455,26168,26669,88558,,-101482,,-108907,15,-104845
,2065,世豐,,-221009,,,,0.39,3,,上櫃,114,7212,,,,,24491,-196518,,,,24491,,,62023,,-30320,1325901,1545748,219847,219847,157824,,31703,,-196518,,24491
,2066,世德,,-24900,,,,1.33,3,,上櫃,114,21788,,,,,59448,34548,,,,59448,,,94502,,-13266,1323003,1963396,640393,640393,545891,,81236,,34548,,59448
,2067,嘉鋼,,154227,,,,-2.49,3,,上櫃,114,3915,,,,,-130431,23796,,,,-112244,-18187,,-105315,,-21201,743591,765179,21588,21588,126903,,-126516,,41999,-18203,-130431
,2070,精湛,,-17793,,,,1.25,3,,上櫃,114,12887,,,,,44561,26768,,,,44561,,,55680,,1768,255305,481372,226067,226067,170387,,57448,,26768,,44561
,2073,雄順,,-483,,,,-0.33,3,,上櫃,114,-2559,,,,,-8960,-9443,,,,,,,-9923,,-1596,380047,419709,39662,39662,49585,,-11519,,,,-8960
,2221,大甲,,-1728,,,,1.72,3,,上櫃,114,20042,,,,,74361,72633,,,,72628,1733,,107523,,-13120,812699,1017243,204544,204544,97021,,94403,0,70900,1733,74361
,2230,泰茂,-273,-55021,,,,-0.19,3,,上櫃,114,10784,,,,,-14333,-69354,,,,-13220,-1113,,10390,,-13939,1192980,1307207,114227,114227,103564,,-3549,,-67220,-2134,-14333
,2235,謚源,,0,,,0,0.61,3,0,上櫃,114,6020,,,0,,21939,21939,,,,,,,23963,,3996,340778,421130,80352,80352,56389,,27959,,,,21939
,2596,綠意,,,,,,1.04,3,,上櫃,114,25113,,,,,101475,101475,,,,104225,-2750,,123396,,3192,695844,906001,210157,210157,86761,,126588,,104225,-2750,101475
,2640,大車隊,,,,,,6.51,3,,上櫃,114,105909,,,,,375800,375800,,,,385700,-9900,,477148,,4561,1170734,2311340,1140606,1140606,663458,,481709,,385700,-9900,375800
,2641,正德,,-563880,,,,1.55,3,,上櫃,114,33384,,,,,513536,-50344,,,,494993,18543,,621846,,-74926,1049348,1770324,720976,720976,99130,,546920,,-68887,18543,513536
,2643,捷迅,,-77531,,,,4.70,3,,上櫃,114,56138,,,,,164490,86959,,,,164490,,,281676,,-61048,5645425,6138899,493474,493474,211798,,220628,,86959,,164490
,2718,全心投控,,626,,,,15.47,3,,上櫃,114,471361,,,,,1351642,1352268,,,,1351642,,,1749988,,73015,960779,2923096,1962317,1962317,212329,,1823003,,1352268,,1351642
,2719,燦星旅,,,,,,-0.47,3,,上櫃,114,53,,,,,-32661,-32661,,,,-32661,,,-38858,,6250,1469287,1540253,70966,70966,109824,,-32608,,-32661,,-32661
,2724,藝舍-KY,,0,,,,-0.35,3,,上櫃,114,223,,,,,-21523,-21523,,,,-21105,-418,,-22235,,935,100404,115277,14873,14873,37108,,-21300,,-21105,-418,-21523
,2726,雅茗-KY,,-24469,,,,-1.77,3,,上櫃,114,-6077,,,,,-46313,-70782,,,,-49071,2758,,-46312,,-6078,168026,445428,277402,277402,323714,,-52390,,-72364,1582,-46313
,2729,瓦城,,-28391,,,,6.52,3,,上櫃,114,78328,,,,,278018,249627,,,,279431,-1413,,349126,,7220,2249608,4616809,2367201,2367201,2018075,,356346,,251040,-1413,278018
,2732,六角,-1208,-25047,,,,0.28,3,305,上櫃,114,16650,,,0,,17414,-7633,,,,12782,4632,,88019,,-53955,1497926,3132353,1634427,1634732,1545505,,34064,,-7239,-394,17414
0,2734,易飛網,,-121,,,,-1.11,3,,上櫃,114,2472,,,,,-63430,-63551,,,,-63302,-128,,-14481,,-46477,1063919,1229329,165410,165410,179891,,-60958,,-63423,-128,-63430
,2736,富野,,-13323,,,,-1.67,3,,上櫃,114,-2,,,,,-127760,-141083,,,,-115377,-12383,,-110795,,-16967,210087,366761,156674,156674,267469,,-127762,,-128700,-12383,-127760
,2740,華軒,,,,,,-2.52,3,,上櫃,114,0,,,,,-33634,-33634,,,,-33634,,,-23235,,-10399,64964,107487,42523,42523,65758,,-33634,,-33634,,-33634
,2743,山富,,,,,,4.26,3,,上櫃,114,38522,,,,,199663,199663,,,,199663,,,332531,,-94346,4294225,4986500,692275,692275,359744,,238185,,199663,,199663
,2745,五福,,,,,,8.23,3,,上櫃,114,73307,,,,,278201,278201,,,,278201,,,370653,,-19145,5709298,6567051,857753,857753,487100,,351508,,278201,,278201
,2751,王座,-1013,-242,,,,3.33,3,,上櫃,114,5959,,,,,64903,64661,,,,65425,-522,,74001,,-3139,639293,1281614,642321,642321,567307,,70862,,65183,-522,64903
,2752,豆府,,-779,,,,11.18,3,,上櫃,114,77393,,,,,300774,299995,,,,298545,2229,,381665,,-3498,1450232,3004576,1554344,1554344,1172679,,378167,,297945,2050,300774
,2754,亞洲藏壽司,,-3055,,,,1.84,3,,上櫃,114,21414,,,,,86338,83283,,,,86338,,,220510,,-112758,2549135,4324844,1775709,1775709,1555199,,107752,,83283,,86338
,2755,揚秦,,-3311,,,,4.67,3,,上櫃,114,41575,,,,,169881,166570,,,,169881,,,215590,,-4134,1610281,2217705,607424,607424,391834,,211456,,166570,,169881
,2756,聯發國際,,-14755,,,,2.71,3,,上櫃,114,22790,,,,,66048,51293,,,,66048,,,79132,,9706,378704,840128,461424,461424,382292,,88838,,51293,,66048
,2916,滿心,,-6346,,,,2.43,3,,上櫃,114,39330,,,,,157320,150974,,,,,,,160959,,35691,620878,1344401,723523,723523,562564,,196650,,,,157320
,2924,宏太-KY,,-2206,,,,-0.71,3,,上櫃,114,0,,,,,-36706,-38912,,,,-36706,,,-37253,,547,24492,38245,13753,13753,51006,,-36706,,-38912,,-36706
,2926,誠品生活,,-26866,,,,0.34,3,,上櫃,114,22387,,,,,15613,-11253,,,,15988,-375,,15778,,22222,3142017,5068740,1926723,1926723,1910945,,38000,,-10754,-499,15613
,2937,集雅社,,,,,,2.02,3,,上櫃,114,20569,,,,,88131,88131,,,,88131,,,109887,,-1187,2698067,3462885,764818,764818,654931,,108700,,88131,,88131
,2941,米斯特,,-172,,,,2.07,3,,上櫃,114,7737,,,,,31908,31736,,,,,,,38772,,873,255934,702356,446422,446422,407650,,39645,,,,31908
,2947,振宇五金,,,,,,2.61,3,,上櫃,114,14212,,,,,55402,55402,,,0,55402,0,,73156,,-3542,1025400,1702921,677521,677521,604365,,69614,0,55402,0,55402
,2948,寶陞,,-65649,,,,1.62,3,,上櫃,114,19443,,,,,50099,-15550,,,,50099,,,77392,,-7850,965411,1628525,663114,663114,585722,,69542,,-15550,,50099
,2949,欣新網,,-1260,,,,2.21,3,,上櫃,114,22094,,,,,69996,68736,,,,66657,3339,,96962,,-4872,3435129,3889919,454790,454790,357828,,92090,,65775,2961,69996
,3064,泰偉,,-451,,,,-2.53,3,,上櫃,114,0,,,,,-32921,-33372,,,,-32917,-4,,-12786,,-20135,6238,62841,56603,56603,69389,,-32921,,-33368,-4,-32921
,3066,李洲,,14180,,,,-1.62,3,,上櫃,114,0,,,,,-119735,-105555,,,,-134470,14735,,-20644,,-99091,114202,191017,76815,76815,97459,,-119735,,-117144,11589,-119735
,3067,全域,,142,,,,-0.82,3,,上櫃,114,-2941,,,877,,-16314,-16172,,,,-16314,,,-10545,,-8710,31125,43432,12307,11430,21975,,-19255,,-16172,,-16314
,3071,協禧,,-123343,,,,0.53,3,,上櫃,114,63865,,,,,69844,-53499,,,,57799,12045,,87287,,46422,1166490,1694069,527579,527579,440292,,133709,,-55250,1751,69844
,3073,天方能源,33933,-23127,,,,0.22,3,,上櫃,114,11,,,,,8808,-14319,,,,8851,-43,,14754,,-5935,39973,61498,21525,21525,40704,,8819,,-14276,-43,8808
,3078,僑威,,-279367,,,,4.97,3,,上櫃,114,429008,,,,,1130555,851188,,,,1130555,,,1484927,,74636,6115404,8273496,2158092,2158092,673165,,1559563,,851188,,1130555
,3081,聯亞,,1339,,,,2.59,3,,上櫃,114,59530,,,,,238068,239407,,,,,,,297453,,145,932510,1560400,627890,627890,330437,,297598,,,,238068
,3083,網龍,,-78473,,,,0.14,3,,上櫃,114,2233,,,,,14222,-64251,,,,12232,1990,,-19184,,35639,50054,282058,232004,232004,251188,,16455,,-64890,639,14222
,3085,新零售,,7527,,,,-0.46,3,,上櫃,114,0,,,,,-31755,-24228,,,,-31755,0,,-36089,,4334,20617,41679,21062,21062,57151,,-31755,,-24228,0,-31755
,3086,華義*,,-14,,,,-0.58,3,,上櫃,114,,,,,,-17614,-17628,,,,-15812,-1802,,-12487,,-5127,62412,116952,54540,54540,67027,,-17614,,-15820,-1808,-17614
,3088,艾訊,,-40979,,,,2.76,3,71,上櫃,114,82095,,,69,,299630,258651,,,,295033,4597,,484808,,-103083,3275404,4999077,1723673,1723675,1238867,,381725,,254054,4597,299630
,3093,港建*,,-8650,,,,1.04,3,,上櫃,114,42859,,,,,150820,142170,,,,150820,0,,204389,,-10710,1127213,1577040,449827,449827,245438,,193679,,142170,0,150820
,3095,及成,,4184,,,,-2.83,3,,上櫃,114,13,,,,,-28308,-24124,,,,-28308,,,-7470,,-20825,379869,455245,75376,75376,82846,,-28295,,-24124,,-28308
,3105,穩懋,,1072181,,,,1.57,3,,上櫃,114,154967,,,,,129858,1202039,,,,664922,-535064,,49836,,234989,9342534,11844080,2501546,2501546,2451710,,284825,,1783547,-581508,129858
,3114,好德,,-107386,,,,1.64,3,,上櫃,114,17169,,,,,106739,-647,,,,106739,0,,70867,,53041,2044456,2256812,212356,212356,141489,,123908,,-647,0,106739
,3115,富榮綱,,-3870,,,,-0.41,3,,上櫃,114,0,,,,,-19419,-23289,,,,-19419,,,-20204,,785,0,2764,2764,2764,22968,,-19419,,-23289,,-19419
,3118,進階,,,,,,1.89,3,,上櫃,114,13328,,,,,61322,61322,,,,,,,61455,,13195,356613,548561,191948,191948,130493,,74650,,,,61322
,3122,笙泉,,-965,,,,-1.44,3,,上櫃,114,100,,,,,-58589,-59554,,,,-58589,0,,-50130,,-8359,166395,245793,79398,79398,129528,,-58489,,-59554,0,-58589
,3128,昇銳,,,,,,0.80,3,,上櫃,114,11737,,,,,37603,37603,,,,36876,727,,61043,,-11703,557625,824634,267009,267009,205966,,49340,,36876,727,37603
,3131,弘塑,,19539,,,,26.19,3,,上櫃,114,226217,,,,,763341,782880,,,,765168,-1827,,1000901,,-11343,2588232,4364671,1776439,1776439,775538,,989558,,784721,-1841,763341
,3141,晶宏,0,54381,,,,0.05,3,,上櫃,114,-6191,,,,,-7631,46750,,,,4067,-11698,,33186,,-47008,811375,1229154,417779,417779,384593,,-13822,,58448,-11698,-7631
,3147,大綜,,-7616,,,,5.92,3,,上櫃,114,76654,,,,,258730,251114,,,,258730,,,376407,,-41023,5353723,6099517,745794,745794,369387,,335384,,251114,,258730
,3152,璟德,,,,,,8.22,3,,上櫃,114,51218,,,,,567448,567448,,,,,,,212954,,405712,620213,1081142,460929,460929,247975,,618666,,,,567448
,3158,嘉實,,-411,,,,4.70,3,,上櫃,114,31468,,,,,125677,125266,,,,125676,1,,152191,,4954,253600,721766,468166,468166,315975,,157145,,125265,1,125677
,3162,精確,,75972,,,,1.25,3,,上櫃,114,8874,,,,,162895,238867,,,,162882,13,,191409,,-19640,4870220,5589091,718871,718871,527462,,171769,,239161,-294,162895
,3163,波若威,,-47897,,,,3.32,3,,上櫃,114,19664,,,,,267113,219216,,,,267113,,,88330,,198447,1314396,1602746,288350,288350,200020,,286777,,219216,,267113
,3169,亞信,,-13080,,,,2.78,3,,上櫃,114,34867,,,,,175651,162571,,,,175651,,,201799,,8719,334427,712668,378241,378241,176442,,210518,,162571,,175651
,3171,炎洲流通,,-1103,,,,3.11,3,,上櫃,114,28417,,,,,107912,106809,,,,102864,5048,,128491,,7838,964756,1322301,357545,357545,229054,,136329,,99644,7165,107912
,3176,基亞,,-161326,,,,0.06,3,,上櫃,114,24672,,,48573,,-72261,-233587,,,,8005,-80266,,1705,,-49294,536087,1255828,719741,671168,669463,,-47589,,-53069,-180518,-72261
,3178,公準,,-925,,,,-0.34,3,,上櫃,114,-2424,,,,,-14727,-15652,,,,-15266,539,,2607,,-19758,821420,964509,143089,143089,140482,,-17151,,-15915,263,-14727
,3188,鑫龍騰,,,,,,2.93,3,,上櫃,114,158381,,,,,545875,545875,,,,545875,,,715388,,-11132,1005226,1886425,881199,881199,165811,,704256,,545875,,545875
,3191,雲嘉南,,8517,,,,0.55,3,,上櫃,114,-2316,,,,,23931,32448,,,,23931,,,-25445,,47060,102263,131114,28851,28851,54296,,21615,,32448,,23931
,3205,佰研,,3423,,,,-0.77,3,,上櫃,114,0,,,,,-38133,-34710,,,,-38198,65,,-45028,,6895,254818,306513,51695,51695,96723,,-38133,,-34565,-145,-38133
,3206,志豐,,-46770,,,,1.49,3,,上櫃,114,32160,,,,,93827,47057,,,,87805,6022,,112493,,13494,1987319,2502459,515140,515140,402647,,125987,,45125,1932,93827
0,3207,耀勝,,-90292,,,,0.35,3,,上櫃,114,6963,,,,,24068,-66224,,,,23345,723,,-26932,,57963,1145810,1379524,233714,233714,260646,,31031,,-66084,-140,24068
,3211,順達,,-530384,,,,6.53,3,,上櫃,114,277065,,,,,995791,465407,,,,995791,,,701850,,571006,7843440,9234503,1391063,1391063,689213,,1272856,,465407,,995791
,3213,茂訊,,748385,,,,6.08,3,,上櫃,114,102814,,,,,360401,1108786,,,,356913,3488,,477193,,-13978,1604345,2349617,745272,745272,268079,,463215,,1105298,3488,360401
,3217,優群,,-236175,,,,9.47,3,,上櫃,114,225458,,,,,853000,616825,,,,853000,,,1007896,,70562,1558283,3108032,1549749,1549749,541853,,1078458,,616825,,853000
,3218,大學光,,-25311,,,,8.83,3,,上櫃,114,229042,,,,,762583,737272,,,,748361,14222,,1042069,,-50444,1295492,3170903,1875411,1875411,833342,,991625,,729927,7345,762583
,3219,倚強科,,-67222,,,,1.65,3,,上櫃,114,29196,,,,,182917,115695,,,,117391,65526,,222216,,-10103,478482,1329622,851140,851140,628924,,212113,,69680,46015,182917
,3221,台嘉碩,,-33466,,,,-0.22,3,,上櫃,114,7320,,,,,-52927,-86393,,,,-23275,-29652,,4097,,-49704,1331415,1660628,329213,329213,325116,,-45607,,-57575,-28818,-52927
,3224,三顧,,-27632,,,,-1.05,3,,上櫃,114,-9170,,,,,-194145,-221777,,,,-71821,-122324,,-183733,,-19582,1007615,1149680,142065,142065,325798,,-203315,,-99636,-122141,-194145
,3226,龍鋒,,,,,,-0.34,3,,上櫃,114,1808,,,,,-22179,-22179,,,,,,,51899,,-72270,1097512,1276268,178756,178756,126857,,-20371,,,,-22179
,3227,原相,0,93747,,,,9.26,3,,上櫃,114,203470,,,,,1332161,1425908,,,,1353478,-21317,,1498558,,37073,2647896,6840362,4192466,4192466,2693908,,1535631,,1447225,-21317,1332161
,3228,金麗科,,-446,,,,-1.50,3,,上櫃,114,0,,,,,-106180,-106626,,,,,,,-104565,,-1615,86317,236163,149846,149846,254411,,-106180,,,,-106180
,3230,錦明,0,-21606,,,,-1.15,3,,上櫃,114,-277,,,,,-98810,-120416,,,,-98810,,,-97534,,-1553,273569,304578,31009,31009,128543,,-99087,,-120416,,-98810
,3232,昱捷,,646,,,,0.28,3,,上櫃,114,6849,,,,,13094,13740,,,,13094,,,35435,,-15492,573639,707634,133995,133995,98560,,19943,,13740,0,13094
,3234,光環,,-5456,,,,-0.94,3,179,上櫃,114,0,,,234,,-108580,-114036,,,,-104307,-4273,,-96837,,-11743,432389,510218,77829,77774,174611,,-108580,,-109763,-4273,-108580
,3236,千如,,-31696,,,,0.12,3,,上櫃,114,30496,,,,,12735,-18961,,,,12735,,,68091,,-24860,1145828,1528605,382777,382777,314686,,43231,,-18961,,12735
,3252,海灣,,0,,,,-0.10,3,,上櫃,114,378,,,,,4509,4509,,,,-4842,9351,,47662,,-42775,229430,366177,136747,136747,89085,,4887,,-4842,9351,4509
,3259,鑫創,,,,,,-1.71,3,,上櫃,114,0,,,,,-124958,-124958,,,,,,,-127839,,2881,154899,174103,19204,19204,147043,,-124958,,,,-124958
,3260,威剛,,-580056,,,,10.08,3,,上櫃,114,1285557,,,10892,,3315667,2735611,,,,3165044,150623,,3559021,,1042203,30140027,37242560,7102533,7091641,3532620,,4601224,,2536750,198861,3315667
,3264,欣銓,,-150654,,,,4.20,3,,上櫃,114,552994,,,,,1991803,1841149,,,,1991803,,,2554917,,-10120,6575096,10229390,3654294,3654294,1099377,,2544797,,1841149,,1991803
,3265,台星科,,-213596,,,,3.73,3,,上櫃,114,107248,,,,,507805,294209,,,,507805,,,679218,,-64165,2500776,3397416,896640,896640,217422,,615053,,294209,,507805
,3268,海德威,,-11361,,,,-1.39,3,,上櫃,114,-3100,,,,,-48342,-59703,,,,-48342,,,-17929,,-33513,674078,716620,42542,42542,60471,,-51442,,-59703,,-48342
,3272,東碩,,-207497,,,,-4.94,3,,上櫃,114,80815,,,,,-299349,-506846,,,,-299349,,,-215082,,-3452,2014325,2235749,221424,221424,436506,,-218534,,-506846,,-299349
,3276,宇環,,-28642,,,,0.14,3,,上櫃,114,0,,,,,-18475,-47117,,,,9577,-28052,,-76675,,58200,388809,381842,-6967,-6967,69708,,-18475,,-19065,-28052,-18475
,3284,太普高,,-10592,,,,1.21,3,,上櫃,114,22593,,,,,124333,113741,,,,125789,-1456,,94069,,52857,455794,628967,173173,173173,79104,,146926,,116206,-2465,124333
,3285,微端,,-13883,,,,0.32,3,,上櫃,114,2915,,,,,16529,2646,,,,13861,2668,,6234,,13210,369001,479426,110425,110425,104191,,19444,,1417,1229,16529
,3287,廣寰科,,6402,,,,0.20,3,,上櫃,114,-3800,,,,,6085,12487,,,,8795,-2710,,-236,,2521,504756,653186,148430,148430,148666,,2285,,15197,-2710,6085
,3288,點晶,,-2758,,,,-0.56,3,,上櫃,114,0,,,,,-8479,-11237,,,,-8474,-5,,-13381,,4902,19295,52207,32912,32912,46293,,-8479,,-11232,-5,-8479
,3289,宜特,,14759,,,,4.20,3,,上櫃,114,55842,,,,,287442,302201,,,,312095,-24653,,294471,,48813,2620732,3611226,990494,990494,696023,,343284,,326854,-24653,287442
,3290,東浦,,-116635,,,,1.22,3,,上櫃,114,71069,,,,,141142,24507,,,,141142,0,,235024,,-22813,1142289,1636820,494531,494531,259507,,212211,,24507,0,141142
,3293,鈊象,,20603,,,,27.90,3,,上櫃,114,1593238,,,,,7863237,7883840,,,,7862645,592,,9688268,,-231793,393160,16339607,15946447,15946447,6258179,,9456475,,7883384,456,7863237
,3294,英濟,,-89663,,,,-0.58,3,,上櫃,114,63479,,,,,-86408,-176071,,,,-76530,-9878,,-66944,,44015,2319187,2688592,369405,369405,436349,,-22929,,-165662,-10409,-86408
,3297,杭特,,618,,,,0.54,3,0,上櫃,114,-1918,,,0,,19473,20091,,,,19473,,,-19192,,36747,95182,149717,54535,54535,73727,,17555,,20091,,19473
,3303,岱稜,,10616,,,,3.52,3,,上櫃,114,114477,,,,,335892,346508,,,,330675,5217,,390963,,59406,1415731,2301779,886048,886048,495085,,450369,,341291,5217,335892
,3306,鼎天,1396,73133,,,,1.81,3,,上櫃,114,-268,,,,,91731,164864,,,,91731,,,-33176,,124639,622427,830847,208420,208420,242992,,91463,,164864,,91731
,3310,佳穎,,-91436,,,,2.93,3,,上櫃,114,60865,,,,,199303,107867,,,,205445,-6142,,289147,,-28979,1678575,2210282,531707,531707,242560,,260168,,114009,-6142,199303
,3313,斐成,,,,,,-0.31,3,,上櫃,114,-697,,,,,-62962,-62962,,,,-62874,-88,,-61667,,-1992,9763,6719,-3044,-3044,58623,,-63659,,-62874,-88,-62962
,3317,尼克森,,-400,,,,1.83,3,,上櫃,114,46492,,,,,167645,167245,,,,164872,2773,,216688,,-2551,1469580,2015766,546186,546186,329498,,214137,,164472,2773,167645
,3322,建舜電,,-46560,,,,-0.75,3,,上櫃,114,-1988,,,,,-91048,-137608,,,,-91046,-2,,-68126,,-24910,1963250,2283890,320640,320640,388766,,-93036,,-137606,-2,-91048
,3323,加百裕,,-20594,,,,-1.58,3,,上櫃,114,1939,,,,,-140224,-160818,,,,-149018,8794,,-150985,,12700,3540825,3842937,302112,302112,453097,,-138285,,-169612,8794,-140224
,3324,雙鴻,,-271496,,,,18.13,3,,上櫃,114,359006,,,,,1722923,1451427,,,,1643042,79881,,2189674,,-107745,11310738,15678955,4368217,4368217,2178543,,2081929,,1435153,16274,1722923
,3325,旭品,,-42534,,,,-1.08,3,,上櫃,114,-3544,,,,,-108804,-151338,,,,-97501,-11303,,-86693,,-25655,906388,965440,59052,59052,145745,,-112348,,-138748,-12590,-108804
,3332,幸康,,-89534,,,,2.91,3,,上櫃,114,37464,,,,,140153,50619,,,,140153,,,152009,,25608,777809,1236609,458800,458800,306791,,177617,,50619,,140153
,3339,泰谷,,,,,,-1.56,3,,上櫃,114,-506,,,,,-100265,-100265,,,,-100547,282,,-89532,,-11239,591095,616598,25503,25503,115035,,-100771,,-100547,282,-100265
,3349,寶德,,3013,,,,-0.64,3,,上櫃,114,7177,,,,,-26736,-23723,,,,-26736,,,-12359,,-7200,307119,389787,82668,82668,95027,,-19559,,-23723,,-26736
,3354,律勝,,-4390,,,,-0.71,3,,上櫃,114,-15047,,,,,-49581,-53971,,,,-49581,,,-71767,,7139,67215,74838,7623,7623,79390,,-64628,,-53971,,-49581
,3357,臺慶科,,-230475,,,,7.84,3,,上櫃,114,83638,,,1598,,792372,561897,,,,800232,-7860,,537358,,338652,3585413,4817530,1232117,1230519,693161,,876010,,573129,-11232,792372
,3360,尚立,,-19230,,,,-0.65,3,,上櫃,114,12480,,,,,-67652,-86882,,,,-49298,-18354,,-30239,,-24933,4684225,4888865,204640,204640,234879,,-55172,,-68198,-18684,-67652
,3362,先進光,,-47183,,,,-1.17,3,,上櫃,114,-5610,,,,,-166330,-213513,,,,-165620,-710,,51385,,-223325,2605823,3225599,619776,619776,568391,,-171940,,-212792,-721,-166330
,3363,上詮,,-44064,,,,0.37,3,,上櫃,114,-1800,,,,,38559,-5505,,,,38559,,,36251,,508,1194864,1501220,306356,306356,270105,,36759,,-5505,,38559
,3372,典範,,,,,,-1.07,3,,上櫃,114,0,,,,,-186843,-186843,,,,,,,-183078,,-3765,914109,800643,-113466,-113466,69612,,-186843,,,,-186843
,3373,熱映,,-25313,,,,-1.11,3,,上櫃,114,-9130,,,,,-52664,-77977,,,,-52664,,,-49323,,-12471,244239,293688,49449,49449,98772,,-61794,,-77977,,-52664
,3374,精材,99212,,,,,3.09,3,,上櫃,114,145144,,,,,839477,839477,,,,,,,1026829,,-42208,3866010,5172685,1306675,1306675,379058,,984621,,,,839477
,3379,彬台,,-9611,,,,0.50,3,,上櫃,114,1335,,,,,19145,9534,,,,19145,,,-75,,20555,900380,1034020,133640,133640,133715,,20480,,9534,,19145
,3388,崇越電,,-233727,,,,3.06,3,,上櫃,114,108525,,,,,233136,-591,,,,226965,6171,,341600,,61,4561635,5528347,966712,966712,625112,,341661,,-5259,4668,233136
,3390,旭軟,,50472,,,,-0.72,3,,上櫃,114,-14977,,,,,-54484,-4012,,,,-54484,,,-35421,,-34040,501238,575989,74751,74751,110172,,-69461,,-4012,,-54484
,3402,漢科,,-24856,,,,5.99,3,,上櫃,114,157218,,,,,437373,412517,,,,437373,,,564955,,29636,2905405,3886105,980700,980700,415745,,594591,,412517,,437373
,3430,奇鈦科,,-14168,,,,2.14,3,,上櫃,114,30211,,,,,72164,57996,,,,72164,,,119121,,-16746,963619,1250650,287031,287031,167910,,102375,,57996,,72164
,3434,哲固,,-69,,,,0.30,3,,上櫃,114,2454,,,,,10009,9940,,,,10009,,,27160,,-14697,430591,534082,103491,103491,76331,,12463,,9940,,10009
,3438,類比科,,81194,,,,0.57,3,,上櫃,114,-1211,,,,,26994,108188,,,,,,,24371,,1412,534809,794425,259616,259616,235245,,25783,,,,26994
,3441,聯一光電,,-36542,,,,0.62,3,,上櫃,114,12065,,,,,25991,-10551,,,,24749,1242,,49502,,-11446,203401,311664,108263,108263,58761,,38056,,-11040,489,25991
,3444,利機,,-17953,,,,1.64,3,,上櫃,114,8487,,,,,73653,55700,,,,73653,0,,59311,,22829,725213,930612,205399,205399,146088,,82140,,55700,0,73653
,3455,由田,,-11595,,,,1.36,3,,上櫃,114,16902,,,,,81241,69646,,,,81241,,,103500,,-5357,572584,1245105,672521,672521,569021,,98143,,69646,,81241
,3465,進泰電子,,-60245,,,,-0.10,3,,上櫃,114,9758,,,,,-13117,-73362,,,,-3388,-9729,,46264,,-49623,1062040,1324778,262738,262738,216474,,-3359,,-60385,-12977,-13117
,3466,德晉,,-6091,,,,-0.81,3,,上櫃,114,0,,,,,-58924,-65015,,,,-58924,,,-56711,,-2213,96054,67745,-28309,-28309,28402,,-58924,,-65015,,-58924
,3467,台灣精材,,,,,,0.44,3,,上櫃,114,3001,,,,,12973,12973,,,,,,,17816,,-1842,369555,459864,90309,90309,72493,,15974,,,,12973
,3479,安勤,0,-140115,,,,5.03,3,0,上櫃,114,211313,,,0,,430247,290132,,,,365326,64921,,621745,,19815,4691220,6363231,1672011,1672011,1050266,,641560,0,247361,42771,430247
,3483,力致,,-174978,,,,3.12,3,,上櫃,114,85553,,,,,308874,133896,,,,308874,,,251248,,143179,5508414,6884407,1375993,1375993,1124745,,394427,,133896,,308874
,3484,崧騰,,-208016,,,,3.35,3,,上櫃,114,117299,,,,,261915,53899,,,,262245,-330,,325647,,53567,2619794,3509717,889923,889923,564276,,379214,,57474,-3575,261915
,3485,敘豐,,-6380,,,,4.17,3,,上櫃,114,38295,,,,,142440,136060,,,,142440,,,199600,,-18865,174332,410903,236571,236571,36971,,180735,,136060,,142440
,3489,森寶,266,,,,,-0.13,3,,上櫃,114,12798,,,,,-11963,-11963,,,,-11963,,,794,,41,449864,471836,21972,21972,21444,,835,,-11963,,-11963
,3490,單井,,-14568,,,,0.43,3,,上櫃,114,-8066,,,,,23575,9007,,,,23575,,,-24458,,39967,153921,191836,37915,37915,62373,,15509,,9007,,23575
,3491,昇達科,,-80246,,,,4.60,3,,上櫃,114,70889,,,,,303018,222772,,,,302261,757,,344354,,29553,852542,1617694,765152,765152,420798,,373907,,222068,704,303018
0,3492,長盛,,-21292,,,,1.63,3,0,上櫃,114,8627,,,0,,57902,36610,,,0,57902,0,,67382,,-853,436244,643706,207462,207462,140080,,66529,0,36610,0,57902
,3498,陽程,,-57424,,,,-0.90,3,,上櫃,114,87052,,,,,-54834,-112258,,,,-54280,-554,,39866,,-7648,540432,847136,306704,306704,266838,,32218,,-111769,-489,-54834
0,3499,環天科,,-12162,,,,-1.14,3,,上櫃,114,10595,,,,,-62716,-74878,,,0,-62716,0,,-50048,,-2073,197136,251450,54314,54314,104362,,-52121,0,-74878,0,-62716
,3508,位速,,-12183,,,,-1.14,3,,上櫃,114,3533,,,,,-120735,-132918,,,,-116739,-3996,,-124983,,7781,598021,643082,45061,45061,170044,,-117202,,-128500,-4418,-120735
,3511,矽瑪,,-12709,,,,-1.00,3,,上櫃,114,-17194,,,,,-108283,-120992,,,,-80107,-28176,,-119327,,-6150,1142664,1291435,148771,148771,268098,,-125477,,-92816,-28176,-108283
,3512,皇龍,,0,,,,0.74,3,,上櫃,114,23489,,,,,80789,80789,,,,80789,,,103333,,945,560267,772325,212058,212058,108725,,104278,,80789,,80789
,3516,亞帝歐,,-49719,,,,0.03,3,,上櫃,114,4710,,,,,-12867,-62586,,,,1602,-14469,,-51442,,43285,597878,693283,95405,95405,146847,,-8157,,-48117,-14469,-12867
,3520,華盈,,-14841,,,,-0.08,3,,上櫃,114,-1693,,,,,-6626,-21467,,,,-5570,-1056,,8063,,-16382,750040,873952,123912,123912,115849,,-8319,,-20341,-1126,-6626
,3521,台鋼建設,,17671,,,,0.06,3,,上櫃,114,26935,,,,,7951,25622,,,,7951,0,,-14867,,49753,184039,235627,51588,51588,66455,,34886,,25622,0,7951
,3522,御嵿,,58682,,,,-2.41,3,,上櫃,114,31,,,,,-217643,-158961,,,,-202292,-15351,,-180255,,-37357,455458,814117,358659,358659,538914,,-217612,,-143610,-15351,-217643
,3523,迎輝,,0,,,,-1.49,3,,上櫃,114,834,,,,,-93756,-93756,,,,-95890,2134,,-96432,,3510,128973,96825,-32148,-32148,64284,,-92922,,-95890,2134,-93756
,3526,凡甲,,-234642,,,,12.33,3,,上櫃,114,174125,,,,,802074,567432,,,,802074,,,917800,,58399,1391413,2817939,1426526,1426526,508726,,976199,,567432,,802074
,3527,聚積,,-21184,,,,-1.06,3,,上櫃,114,1313,,,,,-47054,-68238,,,,-47054,,,-53475,,7734,688571,1120261,431690,431690,485165,,-45741,,-68238,,-47054
,3529,力旺,,-2805,,,,18.06,3,,上櫃,114,263752,,,,,1340283,1337478,,,,1348836,-8553,,1616592,,-12557,0,2800691,2800691,2800691,1184099,,1604035,,1346213,-8735,1340283
,3531,先益,,-44378,,,,-0.47,3,,上櫃,114,6385,,,,,-29761,-74139,,,,-28591,-1170,,-17109,,-6267,839818,997470,157652,157652,174761,,-23376,,-72969,-1170,-29761
,3537,堡達,,-13332,,,,1.30,3,-390,上櫃,114,18633,,,,,73243,59911,,,,73243,,,159943,,-68067,1868980,2176304,307324,306934,146991,,91876,,59911,,73243
,3540,曜越,0,-125769,,,,0.47,3,,上櫃,114,18533,,,,,31223,-94546,,,,34014,-2791,,143778,,-94022,2555074,3804670,1249596,1249596,1105818,,49756,,-91755,-2791,31223
,3541,西柏,,-117,,,,-0.72,3,,上櫃,114,-2806,,,,,-40214,-40331,,,,-40214,,,-33392,,-9628,533556,813897,280341,280341,313733,,-43020,,-40331,,-40214
,3546,宇峻,,-2054,,,,0.47,3,,上櫃,114,-8002,,,,,27647,25593,,,,27647,,,58283,,-38638,47131,968637,921506,921506,863223,,19645,,25593,,27647
,3548,兆利,,-256047,,,,0.73,3,,上櫃,114,164652,,,,,49596,-206451,,,,49596,,,213930,,318,6456070,7359885,903815,903815,689885,,214248,,-206451,,49596
,3551,世禾,,-80647,,,,6.12,3,,上櫃,114,81703,,,,,344227,263580,,,,344227,,,365614,,60316,1377626,2145688,768062,768062,402448,,425930,,263580,,344227
,3552,同致,,-198856,,,,0.38,3,,上櫃,114,-13633,,,,,37191,-161665,,,,37191,,,6055,,17503,4975097,6109323,1134226,1134226,1128171,,23558,,-161665,,37191
,3555,博士旺,,-894,,,,-0.58,3,,上櫃,114,,,,,,-26206,-27100,,,,-18847,-7359,,-28958,,2752,166498,176914,10416,10416,39374,,-26206,,-19505,-7595,-26206
,3556,禾瑞亞,,-1406,,,,1.28,3,,上櫃,114,14507,,,,,70558,69152,,,,81670,-11112,,74483,,10582,384057,718401,334344,334344,259861,,85065,,80750,-11598,70558
,3558,神準,69706,-79386,,,,4.87,3,,上櫃,114,58641,,,,,387576,308190,,,,287831,99745,,387453,,58764,9683000,11559018,1876018,1876018,1558271,,446217,,210495,97695,387576
,3564,其陽,,-5960,,,,0.51,3,,上櫃,114,11803,,,,,30422,24462,,,,30422,,,56916,,-14691,1343155,1762453,419298,419298,362382,,42225,,24462,,30422
,3567,逸昌,,,,,,0.69,3,,上櫃,114,5940,,,,,23501,23501,,,,,,,28377,,1064,142396,204935,62539,62539,34162,,29441,,,,23501
,3570,大塚,,-6311,,,,11.01,3,,上櫃,114,50898,,,,,188255,181944,,,,188255,,,240388,,-1235,1394090,1930019,535929,535929,295541,,239153,,181944,,188255
,3577,泓格,1718,-4411,,,,1.73,3,,上櫃,114,29107,,,,,110788,106377,,,,110788,,,142143,,-2248,400584,867470,466886,466886,326461,,139895,,106377,,110788
,3580,友威科,,-18687,,,,1.46,3,,上櫃,114,14347,,,,,57439,38752,,,,57439,,,72243,,-457,157039,317797,160758,160758,88515,,71786,,38752,,57439
,3581,博磊,,-3649,,,,0.13,3,,上櫃,114,24786,,,,,38774,35125,,,,6829,31945,,71782,,-8222,709855,1069789,359934,359934,288152,,63560,,3180,31945,38774
,3587,閎康,,-186565,,,,4.26,3,,上櫃,114,112808,,,,,283968,97403,,,,283968,0,,402470,,-5694,2933813,4072963,1139150,1139150,736680,,396776,,97403,0,283968
,3594,磐儀,,-60512,,,,-0.05,3,,上櫃,114,-8666,,,0,,-9283,-69795,,,,-4395,-4888,,21677,,-39626,843249,1389194,545945,545945,524268,,-17949,,-58574,-11221,-9283
,3597,映興,,-9595,,,,0.12,3,,上櫃,114,18171,,,,,4640,-4955,,,,4640,,,34367,,-11556,483426,628802,145376,145376,111009,,22811,,-4955,,4640
,3609,三一東林,,1303,,,,7.31,3,,上櫃,114,3728,,,,,281004,282307,,,,281004,,,-109085,,393817,329499,380307,50808,50808,159893,,284732,,282307,,281004
,3611,鼎翰,,-200966,,,,13.90,3,,上櫃,114,183568,,,,,663839,462873,,,,660199,3640,,899479,,-52072,5889947,8685286,2795339,2795339,1895860,,847407,,459295,3578,663839
,3615,安可,,-10681,,,,0.54,3,,上櫃,114,10341,,,,,74353,63672,,,,36956,37397,,33498,,51196,580761,750847,170086,170086,136588,,84694,,26275,37397,74353
,3623,富晶通,,8453,,,,-0.23,3,,上櫃,114,-134,,,,,-6787,1666,,,,,,,-22256,,15335,225857,225446,-411,-411,21845,,-6921,,,,-6787
,3624,光頡,,-20857,,,,1.21,3,,上櫃,114,53163,,,,,144512,123655,,,,141832,2680,,212389,,-14714,1495049,2018647,523598,523598,311209,,197675,,122502,1153,144512
,3625,西勝,,-12844,,,,-0.14,3,,上櫃,114,3954,,,,,-15181,-28025,,,,-15181,,,-105337,,94110,270481,319375,48894,48894,154231,,-11227,,-28025,,-15181
,3628,盈正,,-37929,,,,3.01,3,,上櫃,114,53450,,,,,135219,97290,,,,135479,-260,,209312,,-20643,1750678,2504819,754141,754141,544829,,188669,,98230,-940,135219
,3629,地心引力,,-1029,,,,-0.74,3,,上櫃,114,0,,,,,-24466,-25495,,,,-24466,,,-22668,,-1798,961,1870,909,909,23577,,-24466,,-25495,,-24466
,3630,新鉅科,,-52414,,,,2.19,3,,上櫃,114,0,,,,,439298,386884,,,,439298,,,-368551,,807849,1545339,1708211,162872,162872,531423,,439298,,386884,,439298
,3631,晟楠,,-44176,,,,-0.64,3,0,上櫃,114,-20591,,,0,,-68026,-112202,,,,-52252,-15774,,-72720,,-15897,16427,23038,6611,6611,79331,,-88617,,-96428,-15774,-68026
,3632,研勤,,-939,,,,-0.43,3,,上櫃,114,384,,,,,-17787,-18726,,,,-17672,-115,,-15531,,-1872,81850,184046,102196,102196,117727,,-17403,,-18402,-324,-17787
,3646,艾恩特,,-25547,,,,0.55,3,,上櫃,114,10062,,,,,21613,-3934,,,,21613,,,19045,,12630,367937,509358,141421,141421,122376,,31675,,-3934,,21613
,3663,鑫科,,-20474,,,,-0.07,3,,上櫃,114,26435,,,,,860,-19614,,,0,-7781,8641,,5713,,21582,3912240,4088286,176046,176046,170333,,27295,0,-6089,-13525,860
,3664,安瑞-KY,,-26101,,,,-4.14,3,,上櫃,114,446,,,,,-244335,-270436,,,,-244406,71,,-238286,,-5603,149900,372374,222474,222474,460760,,-243889,,-270509,73,-244335
,3666,光耀,,-8417,,,,-2.33,3,,上櫃,114,3003,,,,,-138581,-146998,,,,-138581,,,-115049,,-20529,387976,355399,-32577,-32577,82472,,-135578,,-146998,,-138581
,3672,康聯訊,,2233,,,,-1.50,3,,上櫃,114,-10919,,,,,-49260,-47027,,,,-49219,-41,,-58343,,-1836,112816,175706,62890,62890,121233,,-60179,,-46974,-53,-49260
,3675,德微,,-2678,,,,1.53,3,,上櫃,114,16011,,,,,88788,86110,,,0,82505,6283,,155926,,-51127,1288176,1953933,665757,665757,509831,,104799,0,79827,6283,88788
,3680,家登,,-205597,,,,4.20,3,,上櫃,114,133156,,,,,462011,256414,,,,403384,58627,,699516,,-104349,2983998,5079184,2095186,2095186,1395670,,595167,,206108,50306,462011
,3684,榮昌,,-5684,,,,2.55,3,,上櫃,114,19943,,,,,76435,70751,,,0,76435,0,,102483,,-6105,597150,877224,280074,280074,177591,,96378,0,70751,0,76435
,3685,元創精密,,-37076,,,,-0.62,3,,上櫃,114,8095,,,,,-53509,-90585,,,,-49328,-4181,,25281,,-70695,628780,786177,157397,157397,132116,,-45414,,-72660,-17925,-53509
,3687,歐買尬,,2604,,,,4.47,3,,上櫃,114,64303,,,,,616302,618906,,,,134482,481820,,209047,,471558,792244,1332883,540639,540639,331592,,680605,,134425,484481,616302
,3689,湧德,,-181104,,,,5.52,3,,上櫃,114,175622,,,,,486934,305830,,,,472885,14049,,617316,,45240,3195513,4536942,1341429,1341429,724113,,662556,,291034,14796,486934
,3691,碩禾,,175364,,,,-8.15,3,,上櫃,114,29100,,,,,-854479,-679115,,,,-748902,-105577,,-416386,,-408993,3368428,3643542,275114,275114,691500,,-825379,,-595455,-83660,-854479
,3693,營邦,,-58716,,,,13.32,3,,上櫃,114,181091,,,,,547326,488610,,,,572586,-25260,,870076,,-141659,4210104,5902319,1692215,1692215,822139,,728417,,520148,-31538,547326
,3707,漢磊,,-4880,,,,-1.50,3,,上櫃,114,-5144,,,,,-585945,-590825,,,,-574962,-10983,,-675534,,84445,4374922,4200308,-174614,-174614,500920,,-591089,,-579761,-11064,-585945
,3709,鑫聯大投控,,-100005,,,,3.61,3,,上櫃,114,237716,,,,,421673,321668,,,,423511,-1838,,754936,,-95547,28857576,30505255,1647679,1647679,892743,,659389,,322187,-519,421673
,3710,連展投控,,-188099,,,,-0.70,3,,上櫃,114,39738,,,,,-179114,-367213,,,,-200029,20915,,-85921,,-53455,4154166,5207686,1053520,1053520,1139441,,-139376,,-368770,1557,-179114
,3713,新晶投控,27054,11,,,,-0.55,3,317,上櫃,114,445,,,,,-42646,-42635,,,,-43618,972,,-6598,,-35603,178630,220356,41726,42043,75695,,-42201,,-43607,972,-42646
,4102,永日,,-15611,,,,-0.27,3,,上櫃,114,-4208,,,,,-8920,-24531,,,,-11535,2615,,-13315,,187,286646,360369,73723,73723,87038,,-13128,,-27146,2615,-8920
,4105,東洋,,-94081,,,,5.05,3,12053,上櫃,114,349105,,,10073,,1329752,1235671,,,,1255910,73842,,1346477,,332380,2007149,4790870,2783721,2785701,1439224,,1678857,,1154842,80829,1329752
,4107,邦特,,-42731,,,,5.54,3,,上櫃,114,98061,,,,,383633,340902,,,,383633,,,489944,,-8250,884565,1568283,683718,683718,193774,,481694,,340902,,383633
,4109,加捷生醫,,-3293,,,,0.20,3,,上櫃,114,14861,,,,,23710,20417,,,,22930,780,,10797,,27774,234299,351574,117275,117275,106478,,38571,,19492,925,23710
,4111,濟生,,5,,,,1.98,3,,上櫃,114,30243,,,,,118623,118628,,,,,,,147853,,1013,625121,1029499,404378,404378,256525,,148866,,,,118623
,4113,聯上,,-2989,,,,-0.16,3,,上櫃,114,267,,,,,-37491,-40480,,,,,,,15174,,-52398,461749,572679,110930,110930,95756,,-37224,,,,-37491
,4114,健喬,0,14586,,,,1.28,3,,上櫃,114,141185,,,,,480681,495267,,,,632630,-151949,,601187,,20679,2588861,4596966,2008105,2008105,1406918,,621866,,646868,-151601,480681
,4116,明基醫,,-48149,,,,1.34,3,,上櫃,114,73934,,,,,160750,112601,,,,59504,101246,,242124,,-7440,2641504,3879210,1237706,1237706,995582,,234684,,42096,70505,160750
,4120,友華,,1909505,,,,-3.78,3,,上櫃,114,209129,,,,,-278451,1631054,,,,-328279,49828,,-106288,,36966,1719290,3397667,1678377,1678377,1784665,,-69322,,1577913,53141,-278451
,4121,優盛,,-11885,,,,-0.27,3,,上櫃,114,3703,,,,,-47646,-59531,,,,-23258,-24388,,-44096,,153,1861779,2848625,986846,986846,1030942,,-43943,,-34943,-24588,-47646
,4123,晟德,,-67812,,,,3.52,3,,上櫃,114,497522,,,,,2540198,2472386,,,,2540198,0,,62769,,2974951,662996,1116677,453681,453681,390912,,3037720,,2472386,0,2540198
,4126,太醫,,,,,,4.06,3,,上櫃,114,74676,,,,,294962,294962,,,,,,,382570,,-12932,1243635,1829414,585779,585779,203209,,369638,,,,294962
,4127,天良,,7961,,,,-0.17,3,,上櫃,114,-2144,,,,,-7595,366,,,,-7595,,,8426,,-18165,166507,380140,213633,213633,205207,,-9739,,366,,-7595
,4128,中天,492,-648431,,,,-1.23,3,,上櫃,114,34,,,,,-845216,-1493647,,,,-721433,-123783,,-310262,,-534920,847330,1383402,536072,536072,846826,,-845182,,-1307556,-186091,-845216
,4129,聯合,,-29654,,,,4.47,3,,上櫃,114,145384,,,-7943,,438647,408993,,,,431552,7095,,559474,,24557,934118,4139500,3205382,3213325,2653851,,584031,,400721,8272,438647
,4131,浩泰,,,,,,-0.43,3,,上櫃,114,-209,,,,,-18694,-18694,,,,-16936,-1758,,-45497,,26594,115098,178482,63384,63384,108881,,-18903,,-16936,-1758,-18694
,4138,曜亞,,96038,,,,2.89,3,,上櫃,114,31785,,,,,133019,229057,,,,115443,17576,,143988,,20816,570365,1016467,446102,446102,302114,,164804,,211266,17791,133019
,4139,馬光-KY,,-13567,,,,-0.34,3,,上櫃,114,11150,,,,,-22913,-36480,,,,-14061,-8852,,-5705,,-6058,702834,801682,98848,98848,104553,,-11763,,-24268,-12212,-22913
,4147,中裕,,-17120,,,,-0.36,3,,上櫃,114,,,,,,-99238,-116358,,,,-99238,,,-107194,,7956,245336,461453,216117,216117,323311,,-99238,,-116358,,-99238
,4153,鈺緯,,-759,,,,1.04,3,0,上櫃,114,10551,,,272,,60730,59971,,,,60730,,,69521,,1760,447741,639117,191376,191104,121583,,71281,,59971,,60730
,4154,樂威科-KY,,-3858,,,,-1.67,3,,上櫃,114,19,,,,,-60228,-64086,,,,-53619,-6609,,-55699,,-4510,39894,16561,-23333,-23333,32366,,-60209,,-57229,-6857,-60228
,4157,太景*-KY,,28464,,,,-0.22,3,,上櫃,114,127,,,,,-159541,-131077,,,,-159541,,,-118289,,-41125,14305,28258,13953,13953,132242,,-159414,,-131077,,-159541
,4160,訊聯基因,,6475,,,,0.38,3,,上櫃,114,3034,,,,,10302,16777,,,,10268,34,,4308,,9028,255496,433912,178416,178416,174108,,13336,,16743,34,10302
,4161,聿新科,,4440,,,,0.78,3,,上櫃,114,11415,,,,,44033,48473,,,,44955,-922,,41253,,14195,428996,601376,172380,172380,131127,,55448,,49395,-922,44033
,4162,智擎,,,,,,1.79,3,,上櫃,114,85461,,,,,256550,256550,,,,,,,306501,,35510,35829,626330,590501,590501,284000,,342011,,,,256550
,4163,鐿鈦,,-21515,,,,3.56,3,,上櫃,114,35686,,,,,160386,138871,,,,173082,-12696,,226273,,-30201,1029411,1827051,797640,797640,571367,,196072,,151567,-12696,160386
,4166,友霖,,307,,,,0.52,3,,上櫃,114,26331,,,,,116609,116916,,,,116609,,,157246,,-14306,433363,958570,525207,525207,367961,,142940,,116916,,116609
,4167,松瑞藥,,,,,,1.43,3,,上櫃,114,,,,,,446505,446505,,,,449057,-2552,,151675,,294830,554752,881822,327070,327070,175395,,446505,,449057,-2552,446505
,4168,醣聯,,-1297,,,,-1.43,3,,上櫃,114,1094,,,,,-154764,-156061,,,,-154764,,,-159145,,5475,10802,33456,22654,22654,181799,,-153670,,-156061,,-154764
,4171,瑞基,,-3337,,,,-1.98,3,,上櫃,114,0,,,,,-115222,-118559,,,,-113066,-2156,,-73181,,-42041,52760,160358,107598,107598,180779,,-115222,,-115818,-2741,-115222
,4173,久裕,,64553,,,,1.01,3,,上櫃,114,18923,,,,,75002,139555,,,,75002,,,88129,,5796,905634,1140255,234621,234621,146492,,93925,,139555,,75002
,4174,浩鼎,,-8210,,,,-6.21,3,,上櫃,114,-6883,,,,,-1773075,-1781285,,,,-1633362,-139713,,-1691621,,-88337,99410,37738,-61672,-61672,1629949,,-1779958,,-1641572,-139713,-1773075
,4175,杏一,,-10196,,,,2.44,3,,上櫃,114,20536,,,,,103488,93292,,,,103438,50,,147251,,-23227,3978734,5897782,1919048,1919048,1771797,,124024,,93386,-94,103488
,4183,福永生技,,,,,,-0.22,3,,上櫃,114,-2952,,,,,-5328,-5328,,,,,,,-1465,,-6815,309743,380494,70751,70751,72216,,-8280,,,,-5328
,4188,安克,,-2352,,,,-0.66,3,,上櫃,114,-15,,,,,-53005,-55357,,,,-41661,-11344,,-61609,,8589,15396,25372,9976,9976,71585,,-53020,,-44013,-11344,-53005
,4192,杏國,,-3331,,,,-0.95,3,,上櫃,114,0,,,,,-33385,-36716,,,,-33385,0,,-34298,,913,4215,19671,15456,15456,49754,,-33385,,-36716,0,-33385
,4198,欣大健康,,10393,,,,-1.56,3,,上櫃,114,68,,,,,-37993,-27600,,,,-37640,-353,,-33413,,-4512,98336,148493,50157,50157,83570,,-37925,,-27247,-353,-37993
,4205,中華食,,517,,,,2.99,3,,上櫃,114,70162,,,,,291627,292144,,,,,,,358295,,3494,905735,1514249,608514,608514,250219,,361789,,,,291627
,4207,環泰,,-70177,,,,1.31,3,,上櫃,114,124943,,,,,359246,289069,,,,260524,98722,,496979,,-12790,3146090,3892596,746506,746506,249527,,484189,,205339,83730,359246
,4303,信立,,-612,,,,10.18,3,,上櫃,114,242601,,,,,966624,966012,,,,963137,3487,,-74349,,1283574,644954,780192,135238,135238,209587,,1209225,,962609,3403,966624
,4304,勝昱,,286,,,,-1.02,3,,上櫃,114,0,,,,,-36792,-36506,,,,-36792,,,-30494,,-6298,236840,255715,18875,18875,49369,,-36792,,-36506,,-36792
,4305,世坤,,,,,,2.61,3,,上櫃,114,37089,,,,,143789,143789,,,,,,,197452,,-16574,564170,823797,259627,259627,62175,,180878,,,,143789
,4401,東隆興,,-24348,,,,0.48,3,,上櫃,114,31332,,,,,76860,52512,,,,59264,17596,,82856,,25336,2707720,2946625,238905,238905,156049,,108192,,40583,11929,76860
0,4402,郡都開發,,0,,,,-0.11,3,,上櫃,114,-115,,,,,-7312,-7312,,,,-7312,0,,-13220,,5793,14922,18200,3278,3278,16498,,-7427,,-7312,0,-7312
,4406,新昕纖,,1381,,,,-0.90,3,,上櫃,114,0,,,,,-46791,-45410,,,,,,,-39651,,-7140,381902,363727,-18175,-18175,21476,,-46791,,,,-46791
,4413,飛寶企業,,-143,,,,-0.26,3,,上櫃,114,0,,,,,-8103,-8246,,,,-8103,,,-15868,,7765,604672,670120,65448,65448,81316,,-8103,,-8246,,-8103
,4416,三圓,,-7975,,,,-1.46,3,,上櫃,114,-18044,,,,,-100423,-108398,,,,-100423,,,168865,,-287332,241593,475069,233476,233476,64611,,-118467,,-108398,,-100423
,4417,金洲,,-261822,,,,4.69,3,,上櫃,114,182990,,,,,427132,165310,,,,394238,32894,,520493,,89629,1749104,2538531,789427,789427,268934,,610122,,179121,-13811,427132
,4419,皇家美食,,-530,,,,-1.05,3,,上櫃,114,5141,,,,,-166072,-166602,,,,-177225,11153,,-138760,,-22171,1458114,2001989,543875,543875,682635,,-160931,,-177463,10861,-166072
,4420,光明,272225,-1665,,,,5.23,3,,上櫃,114,50555,,,,,211547,209882,,,,,,,253436,,8666,747163,769463,22300,22300,41089,,262102,,,,211547
,4430,耀億,,-89103,,,,-0.26,3,,上櫃,114,3459,,,,,-14897,-104000,,,,-14897,,,38088,,-49526,1208468,1554924,346456,346456,308368,,-11438,,-104000,,-14897
,4432,銘旺實,,-33501,,,,0.01,3,,上櫃,114,20122,,,,,683,-32818,,,,683,,,33058,,-12253,637177,827593,190416,190416,157358,,20805,,-32818,,683
,4433,興采,,-27387,,,,-0.65,3,,上櫃,114,472,,,,,-44072,-71459,,,,-39311,-4761,,41083,,-84683,1858804,2338287,479483,479483,438400,,-43600,,-50373,-21086,-44072
,4442,竣邦-KY,,-29274,,,,3.98,3,,上櫃,114,26025,,,,,112882,83608,,,,112882,,,136214,,2693,878115,1221231,343116,343116,206902,,138907,,83608,,112882
,4502,健信,,-29751,,,,-1.08,3,,上櫃,114,6751,,,,,-63928,-93679,,,,-62010,-1918,,-34955,,-22222,594108,693592,99484,99484,134439,,-57177,,-91577,-2102,-63928
,4503,金雨,,-8961,,,,0.81,3,,上櫃,114,9908,,,,,63423,54462,,,,63458,-35,,78378,,-5047,392937,525025,132088,132088,53710,,73331,,54497,-35,63423
,4506,崇友,,-17695,,,,5.06,3,,上櫃,114,216825,,,,,895168,877473,,,,895192,-24,,1037591,,74402,3217698,4750540,1532842,1532842,495251,,1111993,,877495,-22,895168
,4510,高鋒,,-51502,,,,-0.91,3,,上櫃,114,-12900,,,,,-114728,-166230,,,,-98354,-16374,,-102289,,-25339,946293,1123493,177200,177200,279489,,-127628,,-149392,-16838,-114728
,4513,福裕,,-24559,,,,-1.15,3,,上櫃,114,5603,,,,,-131978,-156537,,,,-131978,0,,-59901,,-66474,544791,737990,193199,193199,253100,,-126375,,-156537,0,-131978
,4523,永彰,,-32146,,,,23.73,3,,上櫃,114,301,,,,,1056607,1024461,,,,1518904,-462297,,-732661,,1789569,858602,459786,-398816,-398816,333845,,1056908,,1486758,-462297,1056607
,4527,方方土霖,,-46972,,,,1.34,3,,上櫃,114,31113,,,,,91276,44304,,,,102235,-10959,,94733,,27656,1474214,1948925,474711,474711,379978,,122389,,60295,-15991,91276
,4528,江興鍛,,-113595,,,,-0.36,3,,上櫃,114,11112,,,,,-30603,-144198,,,,-30603,0,,-5527,,-13964,975440,1141449,166009,166009,171536,,-19491,,-144198,0,-30603
,4529,淳紳,,31368,,,,-0.57,3,,上櫃,114,,,,,,-48550,-17182,,,,-48254,-296,,-47744,,-806,1418,4101,2683,2683,50427,,-48550,,-16943,-239,-48550
-24084,4530,天意能創,,-1058,,,,-0.24,3,,上櫃,114,7600,,,,,-6343,-7401,,,,-16631,10288,,24665,,676,145282,210715,65433,65433,40768,,25341,,-17689,10288,17741
,4533,協易機,,-46251,,,,0.04,3,,上櫃,114,-533,,,,,6676,-39575,,,,6676,,,100256,,-94113,2250111,3070312,820201,820201,719945,,6143,,-39575,,6676
,4534,慶騰,,-17150,,,,-0.53,3,,上櫃,114,29,,,,,-46417,-63567,,,,-46417,,,-43287,,-3101,519426,594335,74909,74909,118196,,-46388,,-63567,,-46417
,4535,至興,,-106418,,,,0.92,3,,上櫃,114,63844,,,,,149396,42978,,,,69548,79848,,219755,,-6515,1528640,1908744,380104,380104,160349,,213240,,2795,40183,149396
,4538,大詠城,,,,,,0.21,3,,上櫃,114,4739,,,,,12402,12402,,,,,,,12872,,4269,233039,278208,45169,45169,32297,,17141,,,,12402
,4541,晟田,,,,,,0.99,3,,上櫃,114,13055,,,,,66898,66898,,,,,,,139973,,-60020,920942,1178030,257088,257088,117115,,79953,,,,66898
,4542,科嶠,,-41956,,,,0.95,3,,上櫃,114,24592,,,,,31164,-10792,,,,30684,480,,71019,,-15263,385423,594218,208795,208795,137776,,55756,,-10957,165,31164
,4543,萬在,,2623,,,,-0.09,3,,上櫃,114,375,,,,,-5592,-2969,,,,-5592,,,30659,,-35876,463145,583412,120267,120267,89608,,-5217,,-2969,,-5592
,4549,桓達,,-25959,,,,2.43,3,,上櫃,114,25445,,,,,138296,112337,,,,138296,0,,141550,,22191,454101,953915,499814,499814,358264,,163741,,112347,-10,138296
,4550,長佳,,-5235,,,,0.65,3,,上櫃,114,7355,,,,,24739,19504,,,,24739,,,24719,,7375,495922,586398,90476,90476,65757,,32094,,19504,,24739
,4554,橙的,,4544,,,,1.32,3,,上櫃,114,9215,,,,,34774,39318,,,,34774,,,46840,,-2851,202138,373792,171654,171654,124814,,43989,,39318,,34774
,4556,旭然,,-61958,,,,0.49,3,,上櫃,114,8250,,,,,20696,-41262,,,,20696,0,,34671,,-5725,293754,477520,183766,183766,149095,,28946,,-41262,0,20696
,4558,寶緯,,,,,,-0.36,3,,上櫃,114,-4383,,,,,-18084,-18084,,,,,,,-12670,,-9797,1183116,1235554,52438,52438,65108,,-22467,,,,-18084
,4561,健椿,,,,,,0.36,3,,上櫃,114,8287,,,,,20781,20781,,,,,,,34604,,-5536,555860,710213,154353,154353,119749,,29068,,,,20781
,4563,百德,,-48677,,,,0.42,3,,上櫃,114,44161,,,2505,,22999,-25678,,,,22999,,,143093,,-75933,1430834,2088932,658098,655593,512500,,67160,,-25678,,22999
,4568,科際精密,,-38063,,,,1.14,3,,上櫃,114,9245,,,,,36107,-1956,,,,36107,,,48183,,-2831,613569,878378,264809,264809,216626,,45352,,-1956,,36107
,4577,達航科技,,-12700,,,,-0.92,3,,上櫃,114,-5407,,,,,-45134,-57834,,,,-45134,,,-36241,,-14300,399650,481569,81919,81919,118160,,-50541,,-57834,,-45134
,4580,捷流閥業,,-34971,,,,4.09,3,,上櫃,114,69471,,,,,187783,152812,,,,187783,,,235600,,21654,1193056,1717279,524223,524223,288623,,257254,,152812,,187783
,4584,君帆,,-28385,,,,2.63,3,,上櫃,114,39908,,,,,78850,50465,,,,78850,,,123332,,-4574,689847,1029878,340031,340031,216699,,118758,,50465,,78850
,4609,唐鋒,,-5360,,,,-0.06,3,,上櫃,114,,,,,,-3112,-8472,,,,-3112,,,-31624,,28512,92338,133406,41068,41068,72692,,-3112,,-8472,,-3112
,4702,中美實,,-26415,,,,0.23,3,,上櫃,114,4107,,,,,16768,-9647,,,,16768,,,-22781,,43656,30482,54401,23919,23919,46700,,20875,,-9647,,16768
,4706,大恭,,-14877,,,,-0.06,3,,上櫃,114,2073,,,,,-4480,-19357,,,,-4464,-16,,8182,,-10589,685602,798675,113073,113073,104891,,-2407,,-19341,-16,-4480
,4707,磐亞,,-165776,,,,0.61,3,,上櫃,114,-5625,,,,,245008,79232,,,,,,,-97381,,336764,1076163,1050397,-25766,-25766,71615,,239383,,,,245008
,4711,永純,,,,,,0.12,3,,上櫃,114,-7,,,,,7156,7156,,,,7156,,,1580,,5569,480562,541417,60855,60855,59275,,7149,,7156,,7156
,4714,永捷,,4383,,,,0.36,3,,上櫃,114,241257,,,,,853013,857396,,,,64672,788341,,-170277,,1264547,848188,1059046,210858,210858,381135,,1094270,,69602,787794,853013
,4716,大立,,-255,,,,-0.82,3,,上櫃,114,-2459,,,,,-76053,-76308,,,,-73271,-2782,,-62400,,-16112,363924,399552,35628,35628,98028,,-78512,,-73500,-2808,-76053
,4721,美琪瑪,,-41889,,,,2.10,3,0,上櫃,114,50310,,,0,,157826,115937,,,,157826,,,207789,,347,1681973,2012544,330571,330571,122782,,208136,,115937,,157826
,4726,永昕,,-338,,,,-1.91,3,,上櫃,114,-2240,,,,,-396178,-396516,,,,-396178,,,-351862,,-46556,642063,455646,-186417,-186417,165445,,-398418,,-396516,,-396178
,4728,雙美,,-4547,,,,10.43,3,,上櫃,114,230397,,,,,567907,563360,,,,567907,,,785007,,13297,320794,1517896,1197102,1197102,412095,,798304,,563360,,567907
,4729,熒茂,,-117924,,,,0.12,3,,上櫃,114,9657,,,,,16412,-101512,,,,9582,6830,,-8447,,34516,644549,801787,157238,157238,165685,,26069,,-90415,-11097,16412
,4735,豪展,,-13159,,,,1.73,3,,上櫃,114,1708,,,,,65181,52022,,,,65181,,,42723,,24166,467978,688341,220363,220363,177640,,66889,,52022,,65181
,4741,泓瀚,,-1621,,,,-0.01,3,,上櫃,114,-5019,,,,,-1167,-2788,,,,-436,-731,,1433,,-7619,253915,357016,103101,103101,101668,,-6186,,-1254,-1534,-1167
,4743,合一,,-836784,,,,-2.11,3,632,上櫃,114,876,,,0,,-1026579,-1863363,,,,-1009844,-16735,,-596279,,-429424,63811,85922,22111,22743,619022,,-1025703,,-1839353,-24010,-1026579
,4744,皇將,,-30674,,,,1.00,3,,上櫃,114,24192,,,,,53282,22608,,,,53282,0,,67818,,9656,491181,899802,408621,408621,340803,,77474,,22608,0,53282
,4745,合富-KY,,-260741,,,,-1.11,3,,上櫃,114,-14062,,,,,-123913,-384654,,,,-85875,-38038,,-128897,,-9078,2023319,2384367,361048,361048,489945,,-137975,,-227409,-157245,-123913
,4747,強生*,,309,,,,1.26,3,,上櫃,114,13928,,,,,56438,56747,,,,56438,,,59410,,10956,250324,419239,168915,168915,109505,,70366,,56747,,56438
,4749,新應材,-325,-25675,,,,8.49,3,,上櫃,114,151842,,,,,781808,756133,,,,782491,-683,,808032,,125618,1819441,3177518,1358077,1358077,549720,,933650,,756816,-683,781808
,4754,國碳科,,-3162,,,,2.63,3,,上櫃,114,20948,,,,,79624,76462,,,,79624,,,103986,,-3414,260367,493875,233508,233508,129522,,100572,,76462,,79624
,4760,勤凱科技,,5216,,,,4.61,3,,上櫃,114,36988,,,,,145900,151116,,,,,,,201168,,-18280,1045183,1328011,282828,282828,81660,,182888,,,,145900
,4767,誠泰科技,,-29349,,,,0.61,3,,上櫃,114,8349,,,,,19223,-10126,,,,19312,-89,,26266,,1306,597963,765615,167652,167652,141386,,27572,,-10102,-24,19223
,4768,晶呈科技,,-4546,,,,-0.09,3,,上櫃,114,-614,,,,,-7481,-12027,,,,-4211,-3270,,6632,,-14727,387653,581679,194026,194026,187394,,-8095,,-8757,-3270,-7481
,4772,台特化,,6039,,,,2.69,3,,上櫃,114,75721,,,,,451338,457377,,,,397640,53698,,512074,,14985,494474,1121883,627409,627409,115335,,527059,,401578,55799,451338
,4804,大略-KY,,2842,,,,-0.65,3,,上櫃,114,107,,,,,-33321,-30479,,,,-33321,,,-35517,,2303,95722,93145,-2577,-2577,32940,,-33214,,-30479,,-33321
,4806,桂田文創,,,,,,-0.24,3,,上櫃,114,-10679,,,,,-24172,-24172,,,,-24172,0,,-51119,,16268,42051,57305,15254,15254,66373,,-34851,,-24172,0,-24172
,4903,聯光通,,-31080,,,,0.82,3,,上櫃,114,10477,,,,,86475,55395,,,,86475,0,,62546,,34406,891485,1027303,135818,135818,73272,,96952,,55395,0,86475
,4905,台聯電,,-16576,,,,1.78,3,,上櫃,114,14294,,,,,60515,43939,,,,52004,8511,,6936,,67873,386184,520881,134697,134697,127761,,74809,,37677,6262,60515
,4907,富宇,,,,,,1.40,3,,上櫃,114,69872,,,,,165882,165882,,,,,,,233279,,2475,1359608,1728983,369375,369375,136096,,235754,,,,165882
,4908,前鼎,,-1301,,,,1.39,3,,上櫃,114,27083,,,,,108331,107030,,,,,,,142296,,-6882,331100,631804,300704,300704,158408,,135414,,,,108331
0,4909,新復興,,-11377,,,,-1.46,3,,上櫃,114,8030,,,,,-136503,-147880,,,,-136503,0,,-63621,,-64852,256627,241449,-15178,-15178,48443,,-128473,,-147880,0,-136503
,4911,德英,,,,,,1.76,3,,上櫃,114,15474,,,,,111860,111860,,,,,,,122810,,4524,35786,239960,204174,204174,81364,,127334,,,,111860
,4923,力士,,-22,,,,-4.75,3,,上櫃,114,-269,,,,,-155411,-155433,,,,-155411,,,-153724,,-1956,516287,657725,141438,141438,295162,,-155680,,-155433,,-155411
,4924,欣厚-KY,,-13511,,,,0.28,3,,上櫃,114,6207,,,,,10523,-2988,,,,10523,,,530,,16200,443231,566199,122968,122968,122438,,16730,,-2988,,10523
,4931,新盛力,,-33552,,,,1.55,3,,上櫃,114,20524,,,,,100820,67268,,,,100820,,,127394,,-6050,1337952,1666314,328362,328362,200968,,121344,,67268,,100820
,4933,友輝,,5511,,,,3.81,3,,上櫃,114,80661,,,,,311717,317228,,,,311717,,,417769,,-25391,1541887,2297719,755832,755832,338063,,392378,,317228,,311717
,4939,亞電,,-153914,,,,-0.53,3,,上櫃,114,-11071,,,,,-52085,-205999,,,,-52085,,,-25646,,-37510,835063,1064908,229845,229845,255491,,-63156,,-205999,,-52085
,4946,辣椒,,-239,,,,2.67,3,,上櫃,114,0,,,,,18796,18557,,,,20831,-2035,,23488,,-4692,178130,288900,110770,110770,87282,,18796,,20592,-2035,18796
,4950,金耘國際,,-59496,,,,-0.43,3,,上櫃,114,8437,,,,,-2706,-62202,,,0,-24919,22213,,23194,,-17463,646140,768635,122495,122495,99301,,5731,0,-57255,-4947,-2706
,4951,精拓科,,40,,,,3.74,3,,上櫃,114,20688,,,,,127823,127863,,,,127822,1,,141801,,6710,96574,406826,310252,310252,168451,,148511,,127862,1,127823
,4953,緯致,,-162574,,,,5.97,3,,上櫃,114,71841,,,,,436534,273960,,,,436534,,,500025,,8350,6946680,8350738,1404058,1404058,904033,,508375,,273960,,436534
,4966,譜瑞-KY,,-1543918,,,,27.63,3,,上櫃,114,204388,,,,,2182337,638419,,,,2182337,,,2178196,,208529,7242360,12643058,5400698,5400698,3222502,,2386725,,638419,,2182337
,4971,IET-KY,,-140695,,,,0.09,3,,上櫃,114,-8984,,,,,3725,-136970,,,,3717,8,,99993,,-105252,505094,760825,255731,255731,155738,,-5259,,-136978,8,3725
,4972,湯石照明,,-66553,,,,-1.58,3,,上櫃,114,-7289,,,,,-89424,-155977,,,,-89424,,,-101405,,4692,506742,677319,170577,170577,271982,,-96713,,-155977,,-89424
,4973,廣穎電通,,-22781,,,,-0.17,3,,上櫃,114,2581,,,,,-10965,-33746,,,,-10965,,,-36110,,27726,2475942,3115580,639638,639638,675748,,-8384,,-33746,,-10965
,4974,亞泰,,-184418,,,,4.19,3,,上櫃,114,75780,,,,,303610,119192,,,,303610,,,357358,,22032,2527647,3026737,499090,499090,141732,,379390,,119192,,303610
,4979,華星光,,-20271,,,,3.73,3,,上櫃,114,0,,,,,525772,505501,,,,525772,,,522472,,3300,2575621,3230486,654865,654865,132393,,525772,,505501,,525772
,4991,環宇-KY,,-190180,,,,-0.45,3,,上櫃,114,-7327,,,,,-50257,-240437,,,,-50257,,,258282,,-315866,838308,1506638,668330,668330,410048,,-57584,,-240437,,-50257
,4995,晶達,,-4258,,,,1.03,3,,上櫃,114,11018,,,,,43477,39219,,,,43477,,,75414,,-20919,646958,932826,285868,285868,210454,,54495,,39219,,43477
,5009,榮剛,,-277389,,,,1.30,3,,上櫃,114,115045,,,,,768467,491078,,,,769625,-1158,,745376,,138136,6889218,8754145,1864927,1864927,1119551,,883512,,484452,6626,768467
,5011,久陽,10936,-9897,,,,-1.24,3,,上櫃,114,-64435,,,,,-272310,-282207,,,,-125071,-147239,,-211263,,-125482,4149422,4048486,-100936,-100936,121263,,-336745,,-134968,-147239,-272310
,5013,強新,,-206491,,,,1.04,3,,上櫃,114,89066,,,,,263539,57048,,,,138361,125178,,388495,,-35890,5047394,5758791,711397,711397,322902,,352605,,-2879,59927,263539
,5014,建錩,,-224873,,,,-1.68,3,,上櫃,114,16214,,,,,-310183,-535056,,,,-309504,-679,,-41285,,-252684,10640583,10956140,315557,315557,356842,,-293969,,-534166,-890,-310183
,5015,華祺,,-34905,,,,-0.35,3,,上櫃,114,12368,,,,,-21356,-56261,,,,-21356,,,46440,,-55428,973742,1170540,196798,196798,150358,,-8988,,-56261,,-21356
,5016,松和,,-22948,,,,0.97,3,,上櫃,114,13674,,,,,49038,26090,,,,48336,702,,62613,,99,1404621,1552210,147589,147589,84976,,62712,,26569,-479,49038
,5201,凱衛,,-262,,,,-0.13,3,,上櫃,114,2011,,,,,-4257,-4519,,,,-3865,-392,,5471,,-7717,120204,220215,100011,100011,94540,,-2246,,-4127,-392,-4257
,5202,力新,,-6483,,,,-0.57,3,,上櫃,114,4114,,,,,-51020,-57503,,,,-51020,,,-31828,,-15078,24237,115542,91305,91305,123133,,-46906,,-57503,,-51020
,5205,中茂,,,,,,-0.91,3,,上櫃,114,0,,,,,-13649,-13649,,,,-12286,-1363,,-15910,,2261,19675,19889,214,214,16124,,-13649,,-12286,-1363,-13649
,5206,坤悅,,,,,,3.69,3,,上櫃,114,175374,,,,,632369,632369,,,,632369,,,793835,,13908,2562442,3756636,1194194,1194194,400359,,807743,,632369,,632369
,5209,新鼎,,-10281,,,,12.34,3,,上櫃,114,85323,,,,,350909,340628,,,,350909,0,,414167,,22065,3259921,3791710,531789,531789,117622,,436232,,340628,0,350909
,5210,寶碩,,-17,,,,0.19,3,,上櫃,114,21,,,,,15856,15839,,,,15856,0,,14666,,1211,54677,192559,137882,137882,123216,,15877,,15839,0,15856
,5211,蒙恬,,-7409,,,,-0.68,3,,上櫃,114,71,,,,,-18891,-26300,,,,-21752,2861,,-16806,,-2014,78560,157093,78533,78533,95339,,-18820,,-28799,2499,-18891
,5212,凌網,,-12344,,,,2.82,3,,上櫃,114,32200,,,,,99044,86700,,,,97801,1243,,144743,,-13499,409692,839807,430115,430115,285372,,131244,,85710,990,99044
,5213,亞昕,,-87259,,,,1.45,3,,上櫃,114,331366,,,,,978057,890798,,,,1004924,-26867,,1934511,,-625088,7979826,10993135,3013309,3013309,1078798,,1309423,,922364,-31566,978057
,5220,萬達光電,,-389,,,,-0.38,3,,上櫃,114,-1970,,,,,-15071,-15460,,,,-15071,,,-10434,,-6607,442311,547034,104723,104723,115157,,-17041,,-15460,,-15071
,5223,安力-KY,,-131017,,,,0.13,3,,上櫃,114,17476,,,,,5879,-125138,,,,5879,,,17311,,6044,1217793,1468855,251062,251062,233751,,23355,,-125138,,5879
,5227,立凱-KY,,-411,,,,2.99,3,,上櫃,114,35518,,,,,203599,203188,,,,203599,,,-253701,,492818,345062,336509,-8553,-8553,245148,,239117,,203188,,203599
,5228,鈺鎧,,218,,,,-0.91,3,,上櫃,114,1051,,,,,-34638,-34420,,,,,,,-35632,,2045,332087,385338,53251,53251,88883,,-33587,,,,-34638
,5230,雷笛克光學,,-84472,,,,-1.28,3,,上櫃,114,3575,,,,,-73619,-158091,,,,-72465,-1154,,-66365,,-3679,747748,965080,217332,217332,283697,,-70044,,-156465,-1626,-73619
,5245,智晶,,0,,,,-3.24,3,,上櫃,114,171,,,,,-146579,-146579,,,,-139818,-6761,,-133795,,-12613,571230,601567,30337,30337,164132,,-146408,,-139818,-6761,-146579
,5251,天鉞電,,-6584,,,,-0.13,3,,上櫃,114,-1487,,,,,-4410,-10994,,,,-4410,,,-12275,,6378,151579,240228,88649,88649,100924,,-5897,,-10994,,-4410
,5263,智崴,,-75630,,,,-2.97,3,,上櫃,114,-31188,,,,,-204737,-280367,,,,-204737,,,-89157,,-146768,524653,916550,391897,391897,481054,,-235925,,-280367,,-204737
,5272,笙科,,-53365,,,,-0.85,3,,上櫃,114,-1304,,,,,-46771,-100136,,,,,,,-63566,,15491,153359,264675,111316,111316,174882,,-48075,,,,-46771
,5274,信驊,,-7613,,,,72.23,3,,上櫃,114,668121,,,,,2730072,2722459,,,,2730072,,,3442614,,-44421,2135396,6641749,4506353,4506353,1063739,,3398193,,2722459,,2730072
,5276,達輝-KY,,-29042,,,,0.88,3,,上櫃,114,24058,,,,,34661,5619,,,,34661,,,56017,,2702,554669,681557,126888,126888,70871,,58719,,5619,,34661
,5278,尚凡*,,-21547,,,,0.72,3,,上櫃,114,77801,,,,,228724,207177,,,,216804,11920,,243762,,62763,795924,1808150,1012226,1012226,768464,,306525,,195517,11660,228724
,5287,數字,,-48052,,,,9.92,3,,上櫃,114,147786,,,,,595977,547925,,,,595230,747,,705642,,38121,536783,1747637,1210854,1210854,505212,,743763,,548267,-342,595977
,5289,宜鼎,,-2678,,,,12.46,3,,上櫃,114,289886,,,,,1148237,1145559,,,,1164927,-16690,,1438558,,-435,6619932,9454572,2834640,2834640,1396082,,1438123,,1162413,-16854,1148237
,5291,邑昇,,-11763,,,,0.24,3,,上櫃,114,4436,,,,,2670,-9093,,,,9852,-7182,,13382,,-6276,647800,813816,166016,166016,152634,,7106,,-1911,-7182,2670
,5299,杰力,,-655,,,,3.30,3,,上櫃,114,31624,,,,,167924,167269,,,,167924,,,178761,,20787,765719,1176432,410713,410713,231952,,199548,,167269,,167924
,5301,寶得利,,75,,,,-0.96,3,,上櫃,114,,,,,,-69017,-68942,,,,-63392,-5625,,-62224,,-6793,32633,160076,127443,127443,189667,,-69017,,-63325,-5617,-69017
,5302,太欣,,-160,,,,-0.20,3,,上櫃,114,0,,,,,-32978,-33138,,,,-32060,-918,,-43970,,10992,9126,13730,4604,4604,48574,,-32978,,-32196,-942,-32978
,5309,系統電,,59345,,,,0.04,3,,上櫃,114,12662,,,,,-19630,39715,,,,7180,-26810,,-1420,,-5548,1936961,2521163,584202,584202,585622,,-6968,,67017,-27302,-19630
,5310,天剛,,0,,,,0.99,3,,上櫃,114,22280,,,,,28621,28621,,,,28621,,,-19264,,70165,644,724,80,80,19344,,50901,,28621,,28621
,5312,寶島科,,139680,,,,5.36,3,,上櫃,114,72183,,,,,321439,461119,,,,321733,-294,,212096,,181526,1089092,3001740,1912648,1912648,1700552,,393622,,461413,-294,321439
,5314,世紀*,,-574,,,,2.67,3,,上櫃,114,90572,,,,,822994,822420,,,,780774,42220,,842579,,70987,695177,1854383,1159206,1159206,316627,,913566,,780200,42220,822994
,5315,光聯,,-43947,,,,1.53,3,,上櫃,114,-49608,,,,,162509,118562,,,,162509,,,92475,,20426,1265388,1487889,222501,222501,130026,,112901,,118562,0,162509
,5321,美而快,,110,,,,0.09,3,,上櫃,114,29973,,,,,25546,25656,,,,4535,21011,,108452,,-52933,1039753,2132348,1092595,1092595,984143,,55519,,4645,21011,25546
,5324,士開,,-6805,,,,-0.31,3,,上櫃,114,607,,,,,-66383,-73188,,,,-69548,3165,,-21918,,-43858,342783,610692,267909,267909,289827,,-65776,,-76475,3287,-66383
,5328,華容,,-105754,,,,0.21,3,,上櫃,114,9404,,,,,38015,-67739,,,,36515,1500,,27270,,20149,481243,656495,175252,175252,147982,,47419,,-69239,1500,38015
,5340,建榮,,,,,,0.78,3,,上櫃,114,39559,,,,,152210,152210,,,,,,,216808,,-25039,1374815,1676750,301935,301935,85127,,191769,,,,152210
,5344,立衛,,0,,,,-0.39,3,,上櫃,114,-264,,,,,-31131,-31131,,,,,,,-32814,,1419,236126,246426,10300,10300,43114,,-31395,,,,-31131
,5345,馥鴻,,,,,,-0.30,3,,上櫃,114,0,,,,,-11442,-11442,,,,-11442,,,-13770,,2328,7821,10185,2364,2364,16134,,-11442,,-11442,,-11442
,5347,世界,,-1821311,,,,3.35,3,,上櫃,114,1051594,,,,,6104060,4282749,,,,6159998,-55938,,5966702,,1188952,25808204,35997518,10189314,10189314,4222612,,7155654,,4630140,-347391,6104060
,5348,正能量智能,,,,,,-1.02,3,,上櫃,114,2948,,,,,-10102,-10102,,,1321,-15116,3693,,-6484,,-670,132844,185737,52893,52893,59377,,-7154,1321,-15116,3693,-10102
,5351,鈺創,49978,57910,,,,-1.74,3,,上櫃,114,0,,,,,-634493,-576583,,,,-566590,-67903,,-643527,,9034,2187668,2441822,254154,254154,947659,,-634493,,-506382,-70201,-634493
,5353,台林,,20268,,,,1.00,3,,上櫃,114,8449,,,,,75333,95601,,,,75333,0,,91227,,-7445,1032227,1348167,315940,315940,224713,,83782,,95601,0,75333
,5355,佳總,,-5534,,,,-0.82,3,,上櫃,114,-1442,,,,,-135950,-141484,,,,-135950,0,,-130656,,-6736,407400,341511,-65889,-65889,64767,,-137392,,-141484,0,-135950
,5356,協益,,-165623,,,,0.16,3,,上櫃,114,33602,,,,,16137,-149486,,,,16137,0,,150356,,-100617,2142242,2539487,397245,397245,246889,,49739,,-149486,0,16137
,5364,力麗店,,13794,,,,-0.73,3,,上櫃,114,842,,,,,-44905,-31111,,,,-46458,1553,,-40369,,-3694,214463,236689,22226,22226,62595,,-44063,,-32664,1553,-44905
,5381,光譜,,-37826,,,,0.65,3,,上櫃,114,54188,,,,,168394,130568,,,,156499,11895,,251149,,-28567,1265937,1690987,425050,425050,173901,,222582,,118673,11895,168394
,5386,青雲,,-2675,,,,3.03,3,,上櫃,114,29087,,,,,108734,106059,,,,,,,173865,,-36044,3100202,3365974,265772,265772,91907,,137821,,,,108734
,5392,能率,,-220204,,,,-0.39,3,,上櫃,114,66580,,,,,-33798,-254002,,,,-68301,34503,,-8285,,41067,5489115,6464900,975785,975785,984070,,32782,,-313570,59568,-33798
,5398,慕康生醫,,-22869,,,,0.29,3,,上櫃,114,4541,,,,,14447,-8422,,,,14447,,,9913,,9075,110116,174292,64176,64176,54263,,18988,,-8422,,14447
,5403,中菲,,-230,,,,5.80,3,,上櫃,114,106327,,,,,425309,425079,,,,,,,516045,,15591,1449794,2403472,953678,953678,437633,,531636,,,,425309
,5410,國眾,,-1872,,,,1.79,3,,上櫃,114,35558,,,,,163155,161283,,,,163668,-513,,188240,,10473,2934805,3503161,568356,568356,380116,,198713,,161796,-513,163155
,5425,台半,,-431224,,,,1.23,3,,上櫃,114,285143,,,,,731284,300060,,,,303647,427637,,1135140,,-118713,9622101,13566285,3944184,3944184,2809044,,1016427,,20047,280013,731284
,5426,振發,,-69456,,,,0.39,3,,上櫃,114,39215,,,,,55808,-13648,,,,56342,-534,,84846,,10177,1058616,1326443,267827,267827,182981,,95023,,-13114,-534,55808
,5432,新門,,-12115,,,,1.08,3,,上櫃,114,0,,,,,22252,10137,,,,,,,17316,,4936,104123,141605,37482,37482,20166,,22252,,,,22252
,5438,東友,,366873,,,,0.72,3,,上櫃,114,5859,,,,,56859,423732,,,,56859,,,-16811,,79529,866939,1025820,158881,158881,175692,,62718,,423732,,56859
,5439,高技,,-39,,,,9.52,3,,上櫃,114,201775,,,,,885011,884972,,,,885011,,,1159557,,-72771,5353327,6873115,1519788,1519788,360231,,1086786,,884972,,885011
,5443,均豪,,524510,,,,1.97,3,,上櫃,114,89172,,,,,386464,910974,,,,316927,69537,,331846,,143790,2199081,3428051,1228970,1228970,897124,,475636,,724111,186863,386464
,5450,南良,,-67779,,,,0.04,3,,上櫃,114,12171,,,,,5436,-62343,,,,5436,,,32640,,-15033,1364410,1812427,448017,448017,415377,,17607,,-62343,,5436
,5452,佶優,,-83923,,,,0.30,3,,上櫃,114,36587,,,,,57377,-26546,,,,44100,13277,,114297,,-20333,3293450,3744541,451091,451091,336794,,93964,,-24994,-1552,57377
,5455,昇益,,-670,,,,3.53,3,,上櫃,114,76076,,,,,231276,230606,,,,,,,307708,,-356,1611973,2039473,427500,427500,119792,,307352,,,,231276
,5457,宣德,,-693372,,,,1.54,3,,上櫃,114,327605,,,,,916182,222810,,,,265811,650371,,996709,,247078,14909458,18075348,3165890,3165890,2169181,,1243787,,-84852,307662,916182
,5460,同協,-125,-12796,,,,-0.20,3,,上櫃,114,-1934,,,,,-11659,-24455,,,,-11659,,,-13365,,-228,125937,176707,50770,50770,64010,,-13593,,-24455,,-11659
,5464,霖宏,,,,,,-3.07,3,,上櫃,114,-35748,,,,,-218518,-218518,,,,-218518,,,-114857,,-139409,684897,704551,19654,19654,134511,,-254266,,-218518,,-218518
,5465,富驊,,-137458,,,,1.37,3,,上櫃,114,47786,,,,,247709,110251,,,,201983,45726,,299153,,-3658,3856698,4416583,559885,559885,260732,,295495,,90350,19901,247709
,5468,凱鈺,,,,,,-0.23,3,,上櫃,114,5,,,,,-8328,-8328,,,,-8328,,,-6764,,-1559,77837,103774,25937,25937,32701,,-8323,,-8328,,-8328
,5474,聰泰,,,,,,4.13,3,,上櫃,114,36049,,,,,164335,164335,,,,,,,190147,,10237,681383,1158425,477042,477042,286895,,200384,,,,164335
,5475,德宏,,-41797,,,,-0.26,3,,上櫃,114,0,,,,,-33297,-75094,,,,-32772,-525,,-32958,,-339,490509,595338,104829,104829,137787,,-33297,,-74569,-525,-33297
,5478,智冠,,-750837,,,,5.84,3,,上櫃,114,185917,,,,,927686,176849,,,,875711,51975,,826616,,286987,2228764,4768971,2540207,2540207,1713591,,1113603,,135875,40974,927686
,5481,新華,,1,,,,-0.65,3,,上櫃,114,1168,,,,,-42896,-42895,,,,-42896,0,,-30806,,-10922,41895,74818,32923,32923,63729,,-41728,,-42895,0,-42896
,5483,中美晶,,-3447188,,,,4.07,3,,上櫃,114,1781298,,,,,6046798,2599610,,,,2501328,3545470,,7430318,,397778,44635412,58688460,14053048,14053048,6622730,,7828096,,816887,1782723,6046798
,5487,通泰,,-4321,,,,-0.57,3,,上櫃,114,-3644,,,,,-13863,-18184,,,,-13863,0,,-13679,,-3828,83302,124714,41412,41412,55091,,-17507,,-18184,0,-13863
,5488,松普,,-56345,,,,0.06,3,,上櫃,114,4765,,,,,5359,-50986,,,,5359,,,-9016,,19140,485964,550044,64080,64080,73096,,10124,,-50986,,5359
,5489,彩富,,-752,,,,1.36,3,,上櫃,114,24566,,,,,134374,133622,,,,134334,40,,152045,,6895,789448,1234281,444833,444833,292788,,158940,,133582,40,134374
,5490,同亨,,-24571,,,,1.26,3,,上櫃,114,28887,,,,,117189,92618,,,,117189,,,154883,,-8807,617647,1126342,508695,508695,353812,,146076,,92618,,117189
,5493,三聯,,-84317,,,,3.44,3,,上櫃,114,65553,,,,,311577,227260,,,,150236,161341,,278877,,98253,3522610,4022511,499901,499901,221024,,377130,,66609,160651,311577
,5498,凱崴,,-134601,,,,-0.17,3,,上櫃,114,8371,,,,,-31709,-166310,,,,-32962,1253,,-7062,,-16276,911835,1003854,92019,92019,99081,,-23338,,-167563,1253,-31709
,5508,永信建,,,,,,2.26,3,,上櫃,114,122592,,,,,490878,490878,,,,490878,,,627494,,-14024,963655,1756150,792495,792495,165001,,613470,,490878,,490878
,5511,德昌,,-21018,,,,6.56,3,,上櫃,114,219565,,,,,724893,703875,,,,744197,-19304,,941233,,3225,6338394,7627619,1289225,1289225,347992,,944458,,723179,-19304,724893
,5512,力麒,,-213303,,,,0.03,3,,上櫃,114,135627,,,,,160871,-52432,,,,24729,136142,,568646,,-272148,3913222,4910639,997417,997417,428771,,296498,,-129314,76882,160871
,5514,三豐,,12043,,,,-0.04,3,,上櫃,114,,,,,,-9311,2732,,,,-9308,-3,,-40492,,31181,1291,4335,3044,3044,43536,,-9311,,2735,-3,-9311
,5516,雙喜,,1036,,,,0.34,3,,上櫃,114,4236,,,,,17705,18741,,,,,,,65750,,-43809,1354746,1453083,98337,98337,32587,,21941,,,,17705
,5520,力泰,,-11778,,,,7.92,3,,上櫃,114,126538,,,,,493629,481851,,,,475420,18209,,575571,,44596,2358594,3119344,760750,760750,185179,,620167,,463645,18206,493629
,5523,豐謙,,603,,,,-0.08,3,,上櫃,114,31,,,,,-11919,-11316,,,,-11950,31,,-16426,,4538,1148,4131,2983,2983,19409,,-11888,,-11347,31,-11919
,5529,鉅陞,,,,,,-0.73,3,,上櫃,114,0,,,,,-73839,-73839,,,,-73839,,,-73010,,-829,54450,62303,7853,7853,80863,,-73839,,-73839,,-73839
,5530,龍巖,47308,592064,,,,1.96,3,,上櫃,114,112059,,,,,826644,1418708,,,,823637,3007,,717670,,221033,1283313,3152931,1869618,1869618,1199256,,938703,,1416061,2647,826644
,5536,聖暉*,,91421,,,,20.35,3,,上櫃,114,1090240,,,,,3331118,3422539,,,,2525096,806022,,4170508,,250850,24900023,30505540,5605517,5605517,1435009,,4421358,,2675895,746644,3331118
,5543,桓鼎-KY,,15890,,,,-1.90,3,,上櫃,114,9361,,,,,-81750,-65860,,,,-86150,4400,,-34654,,-37735,1942499,2219157,276658,276658,311312,,-72389,,-62250,-3610,-81750
,5547,久舜,,,,,,2.30,3,,上櫃,114,23768,,,,,91977,91977,,,,,,,113145,,2600,1401800,1600633,198833,198833,85688,,115745,,,,91977
,5548,安倉,,,,,,1.16,3,,上櫃,114,16642,,,,,66279,66279,,,,,,,65540,,17381,1610326,1791269,180943,180943,115403,,82921,,,,66279
,5601,台聯櫃,0,,,,,0.32,3,,上櫃,114,5168,,,,,20781,20781,,,,,,,24974,,975,27779,69666,41887,41887,16913,,25949,,,,20781
,5603,陸海,,10122,,,,0.15,3,,上櫃,114,-1703,,,,,17689,27811,,,,16076,1613,,-3974,,19960,908504,1030524,122020,122020,125994,,15986,,26198,1613,17689
0,5604,中連,,0,,,,0.63,3,,上櫃,114,16434,,,,,68923,68923,,,,68923,,,80802,,4555,21710,119008,97298,97298,16496,,85357,,68923,,68923
,5609,中菲行,,-780994,,,,6.13,3,,上櫃,114,155563,,,,,879573,98579,,,,863068,16505,,989234,,45902,18743355,21795382,3052027,3052027,2062793,,1035136,,83317,15262,879573
,5701,劍湖山,,-29914,,,,-0.37,3,,上櫃,114,,,,,,-53076,-82990,,,,-53076,,,-22808,,-30268,200843,386786,185943,185943,208751,,-53076,,-82990,,-53076
,5703,亞都麗緻,,0,,,,0.09,3,,上櫃,114,1742,,,,,5980,5980,,,,5980,,,6631,,1091,186666,304116,117450,117450,110819,,7722,,5980,,5980
,5704,老爺知,,,,,,0.11,3,,上櫃,114,3228,,,,,4141,4141,,,,,,,-3525,,10894,136838,213280,76442,76442,79967,,7369,,,,4141
,5864,致和證,,,,,,1.17,3,,上櫃,114,18316,210753,718551,,-38512,530680,492168,,,,,,507798,,41198,,,,,,,,548996,,,,530680
,5878,台名,,-17879,,,,2.11,3,,上櫃,114,7865,,,,,52909,35030,,,,52909,,,35277,,25497,529390,642019,112629,112629,77352,,60774,,35030,,52909
,5902,德記,,-76,,,,1.79,3,,上櫃,114,43016,,,,,168701,168625,,,,168701,,,202395,,9322,1354988,1781497,426509,426509,224114,,211717,,168625,,168701
,5903,全家,,-21228,,,,5.51,3,,上櫃,114,367310,,,,,1305737,1284509,,,,1230923,74814,,1454424,,218623,51504660,81222081,29717421,29717421,28262997,,1673047,,1210084,74425,1305737
,5904,寶雅*,,,,,,20.56,3,,上櫃,114,540946,,,,,2186974,2186974,,,,,,,2696047,,31873,10427065,18741127,8314062,8314062,5618015,,2727920,,,,2186974
,5905,南仁湖,,-5775,,,,-0.36,3,,上櫃,114,7152,,,,,-118010,-123785,,,,-99651,-18359,,-118474,,7616,218701,788024,569323,569323,687797,,-110858,,-105788,-17997,-118010
,6015,宏遠證,,,,,,0.26,3,,上櫃,114,17904,984145,959646,,-3065,101193,98128,101193,,,,,-24499,,143596,,,,,,,,119097,,98128,,101193
,6016,康和證,,,,,,1.11,3,,上櫃,114,92215,2067967,2678874,,304730,763906,1068636,760944,2962,,,,610907,,245214,,,,,,,,856121,,1063704,4932,763906
,6020,大展證,,,,,,0.33,3,,上櫃,114,3114,154658,188716,,384761,82489,467250,82491,-2,,,,34058,,51545,,,,,,,,85603,,467252,-2,82489
,6021,美好證,,,,,,2.45,3,,上櫃,114,-16370,772773,1434106,,472509,752815,1225324,752815,,,,,661333,,75112,,,,,,,,736445,,1225324,,752815
,6023,元大期貨,,,,,,6.43,3,,上櫃,114,441806,3499428,2679374,,163383,2009324,2172707,2009324,,,,,-820054,,3271184,,,,,,,,2451130,,2172707,,2009324
,6026,福邦證,,,,,,0.70,3,,上櫃,114,49700,473555,735004,,105407,275504,380911,275504,,,,,261449,,63755,,,,,,,,325204,,380911,0,275504
,6028,公勝保經,,,,,,5.85,3,,上櫃,114,36466,,,,,128750,128750,,,,128750,,,187997,,-22781,3014909,3531293,516384,516384,328387,,165216,,128750,,128750
,6101,寬魚國際,,412,,,,-0.32,3,,上櫃,114,-2986,,,,,-37084,-36672,,,,-37084,,,-687,,-39383,844682,888056,43374,43374,44061,,-40070,,-36672,,-37084
,6103,合邦,,-23,,,,-0.94,3,,上櫃,114,-795,,,,,-12713,-12736,,,,-12713,0,,-4622,,-8886,62298,69053,6755,6755,11377,,-13508,,-12736,,-12713
,6104,創惟,,386,,,,4.65,3,,上櫃,114,70950,,,,,421402,421788,,,,421402,0,,552190,,-59838,1565646,3065973,1500327,1500327,948137,,492352,,421788,0,421402
,6109,亞元,,-17426,,,,-0.98,3,,上櫃,114,-1495,,,,,-66030,-83456,,,,-66228,198,,-61312,,-6213,453513,561189,107676,107676,168988,,-67525,,-83680,224,-66030
,6111,光聚晶電,,-54978,,,,-1.19,3,,上櫃,114,50492,,,,,-265788,-320766,,,,-122713,-143075,,-348604,,133308,3445896,4862475,1416579,1416579,1765183,,-215296,,-180250,-140516,-265788
,6113,亞矽,,-13908,,,,-0.13,3,,上櫃,114,201,,,,,-6698,-20606,,,,-6698,,,57,,-6554,385076,475162,90086,90086,90029,,-6497,,-20606,,-6698
99,6114,久威,,126035,,,,2.01,3,,上櫃,114,33514,,,,,88371,214406,,,,88371,,,49150,,72636,596574,699517,102943,102943,53793,,121786,,214406,,88272
,6118,建達,,,,,,0.17,3,,上櫃,114,2837,,,,,15519,15519,,,,15519,,,17582,,774,6969201,7317014,347813,347813,330231,,18356,,15519,,15519
,6121,新普,,-1356958,,,,21.26,3,,上櫃,114,1422394,,,,,5043034,3686076,,,1109174,3933860,,,5205108,,1260320,49500855,58398916,8898061,8898061,3692953,,6465428,726990,2959086,,5043034
,6122,擎邦,,79908,,,,3.44,3,,上櫃,114,74231,,,,,266573,346481,,,,266573,,,343714,,-2910,2567668,3006524,438856,438856,95142,,340804,,346481,,266573
,6123,上奇,,-129490,,,,1.98,3,,上櫃,114,40037,,,,,187710,58220,,,,122788,64922,,208351,,19396,3375570,3908055,532485,532485,324134,,227747,,9883,48337,187710
,6124,業強,,-127744,,,,-0.86,3,,上櫃,114,910,,,,,-152835,-280579,,,,-156585,3750,,-96502,,-55423,1333538,1425513,91975,91975,188477,,-151925,,-284329,3750,-152835
,6125,廣運,,-75419,,,,0.13,3,,上櫃,114,-2172,,,,,-202481,-277900,,,,33183,-235664,,-328085,,123432,1923390,2368614,445224,445224,773309,,-204653,,-8988,-268912,-202481
,6126,信音,,-402247,,,,0.66,3,,上櫃,114,44996,,,,,180713,-221534,,,,84500,96213,,180471,,45238,2226691,2925550,698859,698859,518388,,225709,,-146154,-75380,180713
,6127,九豪,,-77638,,,,0.91,3,,上櫃,114,46079,,,,,98150,20512,,,,98150,,,-141579,,285808,637848,744106,106258,106258,247837,,144229,,20512,,98150
,6129,普誠,,-51248,,,,-0.97,3,,上櫃,114,4498,,,,,-168953,-220201,,,,-175242,6289,,-201669,,37214,531449,796830,265381,265381,467050,,-164455,,-216341,-3860,-168953
,6130,上亞科技,0,-10873,,,,-1.06,3,,上櫃,114,-5104,,,,,-57102,-67975,,,,-46911,-10191,,-47144,,-15062,79078,117552,38474,38474,85618,,-62206,,-54914,-13061,-57102
,6134,萬旭,,21267,,,,0.14,3,,上櫃,114,8449,,,,,7608,28875,,,,11284,-3676,,7352,,8705,1041042,1377124,336082,336082,328730,,16057,,32551,-3676,7608
,6138,茂達,,-1679,,,,9.27,3,,上櫃,114,184388,,,,,800728,799049,,,,675866,124862,,931901,,53215,3608142,5557693,1949551,1949551,1017650,,985116,,674187,124862,800728
,6140,訊達電腦,,-6954,,,,-1.16,3,,上櫃,114,-17466,,,,,-63602,-70556,,,,-63602,,,-44270,,-36798,1732935,1881415,148480,148480,192750,,-81068,,-70556,,-63602
,6143,振曜,,-51124,,,,3.72,3,,上櫃,114,114798,,,,,467272,416148,,,,320068,147204,,685806,,-103736,4638541,5953133,1314592,1314592,628786,,582070,,292498,123650,467272
,6144,得利影,,6728,,,,-0.28,3,,上櫃,114,0,,,,,-10765,-4037,,,,,,,-16962,,6197,75973,126509,50536,50536,67498,,-10765,,,,-10765
,6146,耕興,,-138614,,,,7.92,3,,上櫃,114,200265,,,,,849183,710569,,,,806847,42336,,1050932,,-1484,1834860,3356794,1521934,1521934,471002,,1049448,,688776,21793,849183
,6147,頎邦,,-650604,,,,2.62,3,,上櫃,114,324000,,,,,1944343,1293739,,,,1944343,,,1888502,,379841,12609155,16058774,3449619,3449619,1561117,,2268343,,1293739,,1944343
0,6148,驊宏資,,0,,,,0.72,3,,上櫃,114,7855,,,,,33507,33507,,,,33507,0,,30648,,10714,449173,582967,133794,133794,103146,,41362,,33507,0,33507
,6150,撼訊,,-8589,,,,1.55,3,,上櫃,114,27164,,,,,74151,65562,,,,74746,-595,,147774,,-46459,5247931,5693588,445657,445657,297883,,101315,,66157,-595,74151
,6151,晉倫,,-36227,,,,1.06,3,,上櫃,114,16965,,,,,58564,22337,,,,58564,0,,102729,,-27200,1003526,1274613,271087,271087,168358,,75529,,22337,0,58564
,6154,順發,,6,,,,0.19,3,,上櫃,114,2625,,,,,15425,15431,,,,15425,,,14482,,3568,2504223,2973792,469569,469569,455087,,18050,,15431,,15425
,6156,松上,,-152926,,,,0.17,3,,上櫃,114,52318,,,,,65927,-86999,,,,17815,48112,,67569,,50676,3086545,3704928,618383,618383,550814,,118245,,-74573,-12426,65927
,6158,禾昌,,-137654,,,,0.62,3,,上櫃,114,4240,,,,,33713,-103941,,,,33713,,,9304,,28649,1030161,1391695,361534,361534,352230,,37953,,-103941,,33713
,6160,欣技,,-2948,,,,-0.55,3,,上櫃,114,-9468,,,,,-36903,-39851,,,,-37901,998,,-38560,,-7811,543938,902943,359005,359005,397565,,-46371,,-40849,998,-36903
,6161,捷波,,-44120,,,,1.97,3,,上櫃,114,30110,,,,,110668,66548,,,,110668,,,123717,,17061,685286,1046287,361001,361001,237284,,140778,,66548,,110668
,6163,華電網,,191689,,,,-0.17,3,,上櫃,114,-3688,,,,,-23499,168190,,,,-23439,-60,,-16740,,-10447,3077688,3861400,783712,783712,800452,,-27187,,168250,-60,-23499
,6167,久正,,-35795,,,,0.01,3,,上櫃,114,447,,,,,978,-34817,,,,978,0,,-89838,,91263,843937,914112,70175,70175,160013,,1425,,-34817,0,978
,6169,昱泉,,-180,,,,-1.98,3,,上櫃,114,1044,,,,,-46319,-46499,,,,-46319,,,-51693,,6418,13418,26297,12879,12879,64572,,-45275,,-46499,,-46319
,6170,統振,,6565,,,,3.38,3,,上櫃,114,81589,,,,,329257,335822,,,,328963,294,,250993,,159853,1656738,2416818,760080,760080,509087,,410846,,335528,294,329257
,6171,大城地產,,,,,,3.83,3,,上櫃,114,112365,,,,,383018,383018,,,,,,,492717,,2666,618848,1162047,543199,543199,50482,,495383,,,,383018
,6173,信昌電,,340640,,,,2.12,3,,上櫃,114,100767,,,,,362886,703526,,,,362886,,,505355,,-41702,2380796,3112263,731467,731467,226112,,463653,,703526,,362886
,6174,安碁,,-9151,,,,0.40,3,,上櫃,114,3392,,,,,19837,10686,,,,19837,,,30570,,-7341,294847,452049,157202,157202,126632,,23229,,10686,,19837
,6175,立敦,,-191108,,,,1.96,3,,上櫃,114,101988,,,,,395273,204165,,,,292812,102461,,503579,,-6318,2408273,3148005,739732,739732,236153,,497261,,138463,65702,395273
,6179,亞通,,-86755,,,,0.36,3,,上櫃,114,15698,,,0,,30300,-56455,,,,41367,-11067,,87536,,-41538,2609018,2867295,258277,258277,170741,,45998,,-45388,-11067,30300
,6180,橘子,,-58975,,,,0.44,3,,上櫃,114,-58075,,,,,60533,1558,,,,78677,-18144,,-55989,,58447,4979234,7040127,2060893,2060893,2116882,,2458,,19150,-17592,60533
,6182,合晶,,-1153931,,,,-0.05,3,,上櫃,114,103589,,,0,,285664,-868267,,,,-31015,316679,,380696,,8557,5698477,7385681,1687204,1687204,1306508,,389253,,-522086,-346181,285664
,6185,幃翔,,-88040,,,,0.15,3,,上櫃,114,-4438,,,,,22346,-65694,,,,22346,0,,-64232,,82140,292709,398336,105627,105627,169859,,17908,,-65694,0,22346
,6186,新潤,,,,,,7.56,3,,上櫃,114,361306,,,,,1472670,1472670,,,,,,,1791786,,42190,6594044,9139547,2545503,2545503,753717,,1833976,,,,1472670
,6187,萬潤,,85237,,,,12.10,3,,上櫃,114,282688,,,,,1161687,1246924,,,,1162034,-347,,1386155,,58220,2106900,4478384,2371484,2371484,985329,,1444375,,1247271,-347,1161687
,6188,廣明,,-255427,,,,2.77,3,,上櫃,114,223423,,,,,783301,527874,,,,770472,12829,,808624,,198100,4912396,6959796,2047400,2047400,1238776,,1006724,,515682,12192,783301
,6190,萬泰科,,-158431,,,,1.64,3,,上櫃,114,141670,,,,,314041,155610,,,,275600,38441,,468224,,-12513,5426987,6555123,1128136,1128136,659912,,455711,,143667,11943,314041
,6194,育富,,-101120,,,,1.84,3,,上櫃,114,25163,,,,,88314,-12806,,,,88314,,,103785,,9692,914164,1084526,170362,170362,66577,,113477,,-12806,,88314
,6195,詩肯,,-6127,,,,0.91,3,,上櫃,114,12047,,,,,45540,39413,,,,45551,-11,,68346,,-10759,704766,1608579,903813,903813,835467,,57587,,39329,84,45540
,6198,瑞築,,-42,,,,-0.12,3,,上櫃,114,5796,,,,,-21158,-21200,,,,-21158,,,-30468,,15106,51,168,117,117,30585,,-15362,,-21200,,-21158
,6199,天品,,21367,,,,0.45,3,,上櫃,114,12001,,,,,26771,48138,,,,27957,-1186,,24946,,13826,61465,137151,75686,75686,50740,,38772,,49305,-1167,26771
,6203,海韻電,,-5966,,,,3.28,3,,上櫃,114,74329,,,,,270445,264479,,,,270445,,,451309,,-106535,1389548,2135466,745918,745918,294609,,344774,,264479,,270445
,6204,艾華,,-7561,,,,0.98,3,,上櫃,114,9365,,,,,22538,14977,,,,22538,,,30044,,1859,200258,305847,105589,105589,75545,,31903,,14977,,22538
,6207,雷科,,-100717,,,,0.70,3,,上櫃,114,13985,,,,,55759,-44958,,,,56041,-282,,48500,,21244,606800,872294,265494,265494,216994,,69744,,-44676,-282,55759
,6208,日揚,,-49872,,,,1.78,3,,上櫃,114,29942,,,,,202552,152680,,,,168105,34447,,250466,,-17972,1808464,2710569,902105,902105,651639,,232494,,123273,29407,202552
,6210,慶生,-1105,,,,,-2.79,3,,上櫃,114,0,,,,,-97895,-97895,,,,,,,-101062,,3167,287435,222105,-65330,-65330,34627,,-97895,,,,-97895
,6212,理銘,,0,,,,3.26,3,,上櫃,114,95748,,,,,332344,332344,,,,,,,437261,,-9169,823734,1370846,547112,547112,109851,,428092,,,,332344
,6217,中探針,,-60633,,,,-1.31,3,,上櫃,114,3939,,,,,-160943,-221576,,,,-146343,-14600,,-157592,,588,2111724,2670212,558488,558488,716080,,-157004,,-208376,-13200,-160943
,6218,豪勉,,-12342,,,,-0.69,3,,上櫃,114,-11933,,,,,-44240,-56582,,,,-44240,0,,-77299,,21126,812653,969386,156733,156733,234032,,-56173,,-56582,0,-44240
,6219,富旺,,360,,,,-2.47,3,,上櫃,114,10849,,,,,-308647,-308287,,,,-308647,,,-289983,,-7815,6373,7553,1180,1180,291163,,-297798,,-308287,,-308647
,6220,岳豐,,-280121,,,,0.45,3,,上櫃,114,41081,,,,,66292,-213829,,,,66292,0,,157725,,-50352,4406587,6164697,1758110,1758110,1600385,,107373,,-213829,0,66292
,6221,晉泰,,10774,,,,1.84,3,,上櫃,114,82930,,,,,310132,320906,,,,310132,0,,391711,,1351,3339253,4179438,840185,840185,448474,,393062,,320906,0,310132
,6222,立軒,,-10272,,,,-0.31,3,,上櫃,114,60,,,,,-18129,-28401,,,,-18099,-30,,-18760,,691,2152,2569,417,417,19177,,-18069,,-28371,-30,-18129
-5342,6223,旺矽,,-26734,,,,23.65,3,,上櫃,114,463796,,,,,2227632,2200898,,,,2228888,-1256,,2815279,,-118509,4170224,9535264,5365040,5365040,2549761,,2696770,,2200851,47,2232974
,6227,茂綸,,-23323,,,,4.69,3,,上櫃,114,89937,,,,,372579,349256,,,0,356716,15863,,506440,,-43924,12499409,13541170,1041761,1041761,535321,,462516,0,333393,15863,372579
,6228,全譜,,-914,,,,-0.69,3,,上櫃,114,0,,,,,-17987,-18901,,,,-17987,,,-13345,,-4642,20807,35585,14778,14778,28123,,-17987,,-18901,,-17987
,6229,研通,217,-32086,,,,-0.02,3,,上櫃,114,676,,,,,-910,-32996,,,,-910,,,7304,,-7538,1408152,1581121,172969,172969,165882,,-234,,-32996,,-910
,6231,系微,,-31367,,,,4.59,3,,上櫃,114,62525,,,,,209693,178326,,,,209693,0,,269610,,2608,334296,1237768,903472,903472,633862,,272218,,178326,0,209693
,6233,旺玖,,35897,,,,-0.08,3,,上櫃,114,0,,,,,-6433,29464,,,,-6433,,,-36085,,29652,182833,291613,108780,108780,144865,,-6433,,29464,,-6433
,6234,高僑,,-22898,,,,-0.37,3,,上櫃,114,-5570,,,,,-37325,-60223,,,,-37325,,,-16707,,-26188,336075,353895,17820,17820,34527,,-42895,,-60223,,-37325
,6236,中湛,,-1549,,,,0.05,3,,上櫃,114,0,,,,,1995,446,,,,1995,,,-1038,,3033,4911,27880,22969,22969,24007,,1995,,446,,1995
,6237,驊訊,,-2449,,,,-1.45,3,,上櫃,114,245,,,,,-120458,-122907,,,,-115776,-4682,,-160598,,40385,188986,333175,144189,144189,304787,,-120213,,-118225,-4682,-120458
,6240,松崗,,-561,,,,-1.43,3,,上櫃,114,-2959,,,,,-32635,-33196,,,,-32635,,,-4119,,-31475,18919,34395,15476,15476,19595,,-35594,,-33196,,-32635
,6241,鑫永洋,,,,,,-0.38,3,,上櫃,114,,,,,,-18297,-18297,,,,,,,-28818,,10521,453815,541283,87468,87468,116286,,-18297,,,,-18297
,6242,立康,,-4470,,,,1.76,3,,上櫃,114,12972,,,,,56009,51539,,,,56009,,,64184,,4797,134932,417634,282702,282702,218518,,68981,,51539,,56009
,6244,茂迪,,-66923,,,,0.28,3,,上櫃,114,17949,,,,,110537,43614,,,,107610,2927,,128013,,473,1876134,2254569,378435,378435,250422,,128486,,44287,-673,110537
,6245,立端,,-80606,,,,2.89,3,,上櫃,114,46825,,,,,422892,342286,,,,422892,,,395964,,73753,3542527,5177207,1634680,1634680,1238716,,469717,,342286,,422892
,6246,臺龍,,-29254,,,,-0.04,3,,上櫃,114,17921,,,,,-1450,-30704,,,,-1450,,,17424,,-953,1029727,1167547,137820,137820,120396,,16471,,-30704,,-1450
,6248,沛波,,-24176,,,,1.05,3,,上櫃,114,22220,,,,,104637,80461,,,,104637,,,114100,,12757,5490830,5809720,318890,318890,204790,,126857,,80461,,104637
,6259,百徽,,-1972,,,,0.45,3,,上櫃,114,2085,,,,,11913,9941,,,,11915,-2,,16514,,-2516,266763,350198,83435,83435,66921,,13998,,9943,-2,11913
0,6261,久元,39511,-88851,,,,2.70,3,,上櫃,114,39797,,,,,314473,225622,,,,346804,-32331,,370823,,-16553,2115767,3007876,892109,892109,560797,,354270,,269031,-43409,314473
,6263,普萊德,,,,,,5.90,3,,上櫃,114,81977,,,,,368537,368537,,,,368537,0,,430921,,19593,745592,1386043,640451,640451,209530,,450514,,368537,0,368537
,6264,富裔,,,,,,-0.68,3,,上櫃,114,1088,,,,,-101847,-101847,,,,-90759,-11088,,-84783,,-15976,37899,44479,6580,6580,91363,,-100759,,-90759,-11088,-101847
,6265,方土昶,,-3197,,,,-0.24,3,,上櫃,114,1059,,,,,-28943,-32140,,,,-28943,,,26323,,-54207,442114,533688,91574,91574,65251,,-27884,,-32140,,-28943
,6266,泰詠,,-26807,,,,1.45,3,,上櫃,114,61224,,,,,223245,196438,,,,223245,,,278343,,6126,2106860,2540048,433188,433188,154845,,284469,,196438,,223245
,6270,倍微,,-777418,,,,0.88,3,,上櫃,114,8485,,,,,63667,-713751,,,,63667,,,17006,,55146,2015725,2193956,178231,178231,161225,,72152,,-713751,,63667
,6274,台燿,,-620048,,,,8.37,3,,上櫃,114,765880,,,,,2326192,1706144,,,,2326192,,,3053529,,38543,16332393,21215452,4883059,4883059,1829530,,3092072,,1706144,,2326192
,6275,元山,,-19829,,,,2.00,3,,上櫃,114,-9745,,,,,155859,136030,,,,157081,-1222,,137545,,8569,2620023,3191894,571871,571871,434326,,146114,,137191,-1161,155859
,6276,安鈦克,,-522,,,,0.66,3,,上櫃,114,1502,,,,,14626,14104,,,,14626,0,,22589,,-6461,863026,1106061,243035,243035,220446,,16128,,14104,0,14626
,6279,胡連,,-276729,,,,6.27,3,,上櫃,114,165562,,,,,735440,458711,,,,730473,4967,,1103440,,-202438,4668104,6821275,2153171,2153171,1049731,,901002,,458721,-10,735440
,6284,佳邦,,-277884,,,,3.12,3,,上櫃,114,116630,,,,,456950,179066,,,,460534,-3584,,582343,,-8763,4350903,5854249,1503346,1503346,921003,,573580,,182650,-3584,456950
,6290,良維,38485,-176520,,,,6.20,3,,上櫃,114,294821,,,,,998451,821931,,,,987062,11389,,1379157,,-85885,5223354,7484646,2261292,2261292,920620,,1293272,,821488,443,998451
,6291,沛亨,,-19566,,,,3.70,3,,上櫃,114,41913,,,,,150730,131164,,,0,155237,-4507,,243759,,-51116,1024014,1532101,508087,508087,264328,,192643,0,139460,-8296,150730
,6292,迅德,6004,-48607,,,,0.80,3,,上櫃,114,-260,,,,,37422,-11185,,,,37422,,,50584,,-13422,481875,747818,265943,265943,221363,,37162,,-11185,,37422
,6294,智基,,,,,,2.69,3,,上櫃,114,21572,,,,,70113,70113,,,,70113,,,91869,,-184,486166,761303,275137,275137,183268,,91685,,70113,,70113
,6411,晶焱,,-13675,,,,2.46,3,,上櫃,114,44658,,,,,206908,193233,,,,240696,-33788,,192845,,58721,1100792,1848843,748051,748051,555206,,251566,,232538,-39305,206908
,6417,韋僑,,-36,,,,3.25,3,,上櫃,114,36624,,,,,137386,137350,,,,137386,,,188971,,-14961,816600,1182815,366215,366215,177244,,174010,,137350,,137386
,6418,詠昇,,-9409,,,,0.72,3,,上櫃,114,1647,,,,,24913,15504,,,,24913,,,27143,,-583,465468,587922,122454,122454,95311,,26560,,15504,,24913
,6419,京晨科,,-6525,,,,4.29,3,,上櫃,114,8505,,,,,56445,49920,,,,56445,0,,42007,,22943,258298,351255,92957,92957,50950,,64950,,49920,0,56445
,6423,億而得,,,,,,0.64,3,,上櫃,114,6883,,,,,18913,18913,,,,,,,23365,,2431,3132,182135,179003,179003,155638,,25796,,,,18913
,6425,易發,,-2449,,,,-2.58,3,,上櫃,114,-24859,,,,,-123687,-126136,,,,-125451,1764,,-114208,,-34338,683763,928547,244784,244784,358992,,-148546,,-127900,1764,-123687
,6432,今展科,,-25351,,,,0.11,3,,上櫃,114,-940,,,,,3558,-21793,,,,3558,,,30854,,-28236,659674,854476,194802,194802,163948,,2618,,-21793,,3558
,6435,大中,,64175,,,,6.13,3,,上櫃,114,50093,,,,,228199,292374,,,,,,,248133,,30159,2006118,2531574,525456,525456,277323,,278292,,,,228199
,6441,廣錠,,28,,,,-3.76,3,,上櫃,114,-1629,,,,,-203979,-203951,,,,-200624,-3355,,-185151,,-20457,215903,212617,-3286,-3286,181865,,-205608,,-200596,-3355,-203979
,6461,益得,,,,,,-1.80,3,,上櫃,114,6804,,,,,-265654,-265654,,,,,,,-244105,,-14745,165948,102703,-63245,-63245,180860,,-258850,,,,-265654
,6462,神盾,,-476793,,,,-12.50,3,,上櫃,114,151369,,,,,-1629460,-2106253,,,,-1140772,-488688,,-1255492,,-222599,2395139,3737894,1342755,1342755,2598247,,-1478091,,-1580450,-525803,-1629460
,6465,威潤,,-539,,,,-0.75,3,,上櫃,114,274,,,,,-35296,-35835,,,,-35296,,,-29729,,-5293,81762,132789,51027,51027,80756,,-35022,,-35835,,-35296
,6469,大樹,,10510,,,,3.02,3,,上櫃,114,116064,,,,,439470,449980,,,,451287,-11817,,513884,,41650,10057666,14057708,4000042,4000042,3486158,,555534,,462857,-12877,439470
,6470,宇智,,115,,,,2.27,3,,上櫃,114,5022,,,,,85639,85754,,,,85639,,,142957,,-52296,1304996,1579622,274626,274626,131669,,90661,,85754,,85639
,6474,華豫寧,,-53260,,,,2.84,3,,上櫃,114,33031,,,,,132645,79385,,,,132645,,,202433,,-36757,2266320,2917565,651245,651245,448812,,165676,,79385,,132645
,6482,弘煜科,,-1325,,,,1.59,3,,上櫃,114,24868,,,,,46097,44772,,,,45477,620,,73870,,-2905,8339,391897,383558,383558,309688,,70965,,44241,531,46097
,6485,點序,,,,,,-0.32,3,,上櫃,114,-11242,,,,,-14309,-14309,,,,-14309,,,-31922,,6371,551593,1053646,502053,502053,533975,,-25551,,-14309,,-14309
,6486,互動,,-508,,,,2.84,3,,上櫃,114,29659,,,,,146755,146247,,,0,144295,2460,,163975,,12439,978560,1493915,515355,515355,351380,,176414,0,143787,2460,146755
,6488,環球晶,,-3495579,,,,10.68,3,,上櫃,114,1502391,,,,,5106829,1611250,,,,5107216,-387,,6257154,,352066,35198670,46095865,10897195,10897195,4640041,,6609220,,1611489,-239,5106829
,6492,生華科,,-4384,,,,-2.06,3,,上櫃,114,-3,,,,,-183831,-188215,,,,-183831,,,-196123,,12289,350,830,480,480,196603,,-183834,,-188215,,-183831
,6494,九齊,,-1810,,,,-1.80,3,,上櫃,114,3722,,,,,-56690,-58500,,,,-56690,,,-42022,,-10946,651048,856782,205734,205734,247756,,-52968,,-58500,,-56690
,6496,科懋,,-960,,,,-3.12,3,,上櫃,114,4706,,,,,-143902,-144862,,,,-143902,,,-138218,,-978,371370,619040,247670,247670,385888,,-139196,,-144862,,-143902
,6498,久禾光,,-29977,,,,4.61,3,,上櫃,114,91243,,,,,203397,173420,,,,203397,,,286611,,8029,469189,907678,438489,438489,151878,,294640,,173420,,203397
,6499,益安,,-24867,,,,-5.76,3,,上櫃,114,-187,,,,,-564849,-589716,,,,-530947,-33902,,-562249,,-2787,267729,304555,36826,36826,599075,,-565036,,-554990,-34726,-564849
,6506,雙邦,,0,,,,0.72,3,,上櫃,114,16268,,,,,65057,65057,,,,59449,5608,,98665,,-17340,1210319,1443843,233524,233524,134859,,81325,,59449,5608,65057
,6508,惠光,3735,-24226,,,,0.27,3,,上櫃,114,12045,,,,,22993,-1233,,,,22993,,,84008,,-48970,959109,1239653,280544,280544,200271,,35038,,-1233,,22993
,6509,聚和,,-122244,,,,2.35,3,,上櫃,114,164159,,,,,465826,343582,,,,465826,,,634920,,-4935,2582017,3784097,1202080,1202080,567160,,629985,,343582,,465826
,6510,精測,0,-17998,,,,21.73,3,,上櫃,114,166037,,,,,703167,685169,,,,712385,-9218,,871047,,-1843,1611748,3610143,1998395,1998395,1127348,,869204,,694387,-9218,703167
,6512,啟發電,,,,,,-0.33,3,,上櫃,114,41,,,,,-8377,-8377,,,,-8377,,,-12538,,4202,107328,151028,43700,43700,56238,,-8336,,-8377,,-8377
,6516,勤崴國際,42,3457,,,,0.89,3,,上櫃,114,14177,,,,,49951,53408,,,,,,,34048,,30080,168754,377180,208426,208426,174420,,64128,,,,49951
,6517,保勝光學,,,,,,0.65,3,,上櫃,114,5024,,,,,19734,19734,,,,19734,,,58248,,-33490,215964,347735,131771,131771,73523,,24758,,19734,,19734
,6523,達爾膚,,,,,,5.84,3,,上櫃,114,76525,,,,,263018,263018,,,,263018,,,348066,,-8523,274387,893428,619041,619041,270975,,339543,,263018,,263018
,6527,明達醫,,0,,,,4.31,3,,上櫃,114,16047,,,,,109307,109307,,,,109307,,,133016,,-7662,443610,681864,238254,238254,105238,,125354,,109307,,109307
,6530,創威,,,,,,1.40,3,,上櫃,114,11814,,,,,47254,47254,,,,,,,59703,,-635,132672,245593,112921,112921,53218,,59068,,,,47254
,6532,瑞耘,,-7659,,,,2.25,3,,上櫃,114,22133,,,,,84254,76595,,,0,84254,0,,121536,,-15149,327271,508726,181455,181455,59919,,106387,0,76595,0,84254
,6535,順藥,,-61,,,,-1.71,3,,上櫃,114,0,,,,,-289614,-289675,,,,-284910,-4704,,-290033,,419,8264,22781,14517,14517,304550,,-289614,,-284971,-4704,-289614
,6538,倉和,,-45675,,,,1.47,3,,上櫃,114,20031,,,,,54642,8967,,,,54642,,,93907,,-19234,765374,1137229,371855,371855,277948,,74673,,8967,,54642
,6542,隆中,,-13681,,,,-0.46,3,,上櫃,114,2757,,,,,-24627,-38308,,,,-19271,-5356,,-13061,,-8809,148382,632855,484473,484473,497534,,-21870,,-32842,-5466,-24627
,6546,正基,,-23875,,,,1.72,3,,上櫃,114,19167,,,,,116145,92270,,,,115291,854,,180793,,-45481,1340145,1746323,406178,406178,225385,,135312,,91416,854,116145
,6547,高端疫苗,,-120928,,,,-0.44,3,,上櫃,114,0,,,,,-143530,-264458,,,,-143530,,,-122685,,-20845,207831,466158,258327,258327,381012,,-143530,,-264458,,-143530
,6548,長科*,,-344413,,,,1.12,3,,上櫃,114,237984,,,,,1067300,722887,,,,1033213,34087,,1222298,,82986,7760384,9925414,2165030,2165030,942732,,1305284,,703319,19568,1067300
,6556,勝品,,-2490,,,,4.92,3,,上櫃,114,40626,,,,,141731,139241,,,,141355,376,,177100,,5257,699800,1051002,351202,351202,174102,,182357,,140340,-1099,141731
,6560,欣普羅,,,,,,-0.88,3,,上櫃,114,-5625,,,,,-22641,-22641,,,,,,,-17848,,-10418,65173,109986,44813,44813,62661,,-28266,,,,-22641
,6561,是方,396,-3480,,,,11.71,3,,上櫃,114,234003,,,,,914963,911483,,,,912733,2230,,1185063,,-36097,1409666,3017849,1608183,1608183,423516,,1148966,,909546,1937,914963
,6568,宏觀,,-1389,,,,2.37,3,,上櫃,114,21271,,,-5,,72492,71103,,,,72492,,,104911,,-11148,510689,836730,326041,326046,221135,,93763,,71103,,72492
,6569,醫揚,,23984,,,,1.69,3,,上櫃,114,4396,,,,,65187,89171,,,,65619,-432,,24908,,44675,680680,997547,316867,316867,291959,,69583,,89603,-432,65187
,6570,維田,,-11658,,,,0.74,3,,上櫃,114,7131,,,,,27650,15992,,,,27650,,,43154,,-8373,436195,666277,230082,230082,186928,,34781,,15992,,27650
,6574,霈方,,55862,,,,4.08,3,,上櫃,114,24374,,,,,89794,145656,,,,89794,,,107709,,6459,177598,435861,258263,258263,150554,,114168,,145656,,89794
,6576,逸達,,-26276,,,,-4.78,3,,上櫃,114,7742,,,,,-736791,-763067,,,,-736791,,,-727696,,-1353,119956,379060,259104,259104,986800,,-729049,,-763067,,-736791
,6577,勁豐,,-57447,,,,3.59,3,,上櫃,114,56934,,,,,215901,158454,,,,215901,,,298345,,-25510,1026257,1534828,508571,508571,210226,,272835,,158454,,215901
,6578,達邦蛋白,,-8859,,,,-0.35,3,,上櫃,114,1376,,,,,-25038,-33897,,,,-25038,,,-16938,,-6724,178385,228435,50050,50050,66988,,-23662,,-33897,,-25038
,6584,南俊國際,,-32337,,,,3.11,3,,上櫃,114,88025,,,,,203937,171600,,,,203937,,,304325,,-12363,1149454,1722877,573423,573423,269098,,291962,,171600,,203937
,6588,東典光電,,-1182,,,,-2.13,3,,上櫃,114,43,,,,,-80039,-81221,,,,-73869,-6170,,-70618,,-9378,134966,117727,-17239,-17239,53379,,-79996,,-75051,-6170,-80039
,6590,普鴻,,,,,,3.83,3,,上櫃,114,22787,,,,,101989,101989,,,,93995,7994,,116759,,8017,259064,494620,235556,235556,118797,,124776,,93995,7994,101989
,6593,台灣銘板,,-495,,,,-1.71,3,,上櫃,114,-9769,,,,,-44317,-44812,,,,-44179,-138,,-50139,,-3947,259859,319816,59957,59957,110096,,-54086,,-44638,-174,-44317
0,6596,寬宏藝術,-5404,1080,,,,17.41,3,,上櫃,114,165115,,,,,661766,662846,,,,661766,,,803375,,23506,1670587,2713805,1043218,1043218,234439,,826881,,662846,,661766
,6597,立誠,,,,,,1.62,3,,上櫃,114,9840,,,,,45435,45435,,,,,,,79710,,-24435,403789,569147,165358,165358,85648,,55275,,,,45435
,6603,富強鑫,,-110600,,,,0.27,3,,上櫃,114,41048,,,,,52121,-58479,,,,44888,7233,,134076,,-40907,2706720,3630706,923986,923986,789910,,93169,,-56751,-1728,52121
,6609,瀧澤科,,-16018,,,,-0.68,3,,上櫃,114,-6372,,,,,-49177,-65195,,,,-49177,,,-9285,,-46264,1380158,1629041,248883,248883,258168,,-55549,,-65195,,-49177
,6612,奈米醫材,,-108598,,,,0.70,3,,上櫃,114,37811,,,,,981,-107617,,,,32679,-31698,,106406,,-67614,352786,830425,477639,477639,371233,,38792,,-80540,-27077,981
,6613,朋億*,,-95990,,,,10.14,3,,上櫃,114,378833,,,,,1016143,920153,,,,788288,227855,,1330477,,64499,4178986,6236320,2057334,2057334,726857,,1394976,,714259,205894,1016143
,6615,慧智,,25,,,,-0.22,3,,上櫃,114,1167,,,,,-4843,-4818,,,,-4824,-19,,-24350,,20674,213560,290013,76453,76453,100803,,-3676,,-4802,-16,-4843
,6616,特昇-KY,,-6980,,,,-0.25,3,,上櫃,114,472,,,,,-8697,-15677,,,,-8666,-31,,-5552,,-2673,667233,758189,90956,90956,96508,,-8225,,-15684,7,-8697
,6617,共信-KY,,-151464,,,,-0.54,3,,上櫃,114,188,,,,,-70063,-221527,,,,-66624,-3439,,-137538,,67663,6844,28539,21695,21695,159233,,-69875,,-218408,-3119,-70063
,6620,漢達,,-78103,,,,3.76,3,,上櫃,114,143587,,,,,576877,498774,,,,576877,,,775607,,-55143,229723,1429332,1199609,1199609,424002,,720464,,498774,,576877
,6624,萬年清,,-3105,,,,-0.03,3,,上櫃,114,140,,,,,388,-2717,,,,-546,934,,9918,,-9390,301533,364061,62528,62528,52610,,528,,-3322,605,388
,6629,泰金-KY,,-12988,,,,4.28,3,,上櫃,114,42300,,,,,164454,151466,,,,164068,386,,268737,,-61983,805570,1151547,345977,345977,77240,,206754,,151108,358,164454
,6637,醫影,,-9645,,,,5.80,3,,上櫃,114,37728,,,,,148264,138619,,,,148264,,,180688,,5304,652820,914935,262115,262115,81427,,185992,,138619,,148264
,6640,均華,,281532,,,,9.40,3,,上櫃,114,81719,,,,,223062,504594,,,,263217,-40155,,309746,,-4965,1223200,2016172,792972,792972,483226,,304781,,544749,-40155,223062
,6642,富致,,-9076,,,,1.78,3,,上櫃,114,11453,,,,,66746,57670,,,,66746,,,92603,,-14404,223429,407449,184020,184020,91417,,78199,,57670,,66746
,6643,M31,,-5050,,,,-0.69,3,,上櫃,114,2184,,,,,-28686,-33736,,,,-28686,,,-1376,,-25126,,1237919,1237919,1237919,1239295,,-26502,,-33736,,-28686
,6649,台生材,,,,,,1.31,3,,上櫃,114,0,,,,,55171,55171,,,,,,,61031,,-5860,63448,174201,110753,110753,49722,,55171,,,,55171
,6651,全宇昕,5202,,,,,4.35,3,,上櫃,114,30655,,,,,150279,150279,,,,,,,221885,,-40951,754296,1156877,402581,402581,185898,,180934,,,,150279
,6654,天正國際,,-18543,,,,-0.37,3,,上櫃,114,-12028,,,,,-14631,-33174,,,,-12348,-2283,,-97513,,70854,233022,251719,18697,18697,116210,,-26659,,-30891,-2283,-14631
,6661,威健生技,,-1141,,,,0.08,3,,上櫃,114,130,,,,,1812,671,,,,1980,-168,,996,,946,162272,278100,115828,115828,114832,,1942,,839,-168,1812
,6662,樂斯科,,6577,,,,0.99,3,,上櫃,114,6365,,,,,25404,31981,,,,,,,31605,,164,117894,193374,75480,75480,43875,,31769,,,,25404
,6664,群翊,,-21014,,,,10.74,3,,上櫃,114,166794,,,,,651350,630336,,,,651350,,,807505,,10639,699925,1849188,1149263,1149263,341758,,818144,,630336,,651350
,6667,信紘科,,-1911,,,,9.96,3,,上櫃,114,131769,,,,,458032,456121,,,,466957,-8925,,576075,,13726,3694905,4660309,965404,965404,389329,,589801,,465046,-8925,458032
,6679,鈺太,,258623,,,,3.84,3,,上櫃,114,25188,,,,,206328,464951,,,,206328,,,256369,,-24853,883870,1488943,605073,605073,348704,,231516,,464951,,206328
,6680,鑫創電子,,-909,,,,-1.03,3,,上櫃,114,111,,,,,-24383,-25292,,,,-24383,,,-11933,,-12339,260430,383239,122809,122809,134742,,-24272,,-25292,,-24383
,6683,雍智科技,,-6095,,,,10.08,3,,上櫃,114,72996,,,,,273888,267793,,,,273888,,,387768,,-40884,857561,1555968,698407,698407,310639,,346884,,267793,,273888
,6684,安格,,-30162,,,,3.24,3,0,上櫃,114,16076,,,,,132499,102337,,,,144306,-11807,,-89000,,237575,122031,239033,117002,117002,206002,,148575,,114139,-11802,132499
,6690,安碁資訊,,932,,,,7.07,3,,上櫃,114,52434,,,,,212133,213065,,,,212133,,,252344,,12223,1001563,1740279,738716,738716,486372,,264567,,213065,,212133
,6692,進能服,,,,,,0.44,3,,上櫃,114,2406,,,,,25978,25978,,,343,25646,-11,,20677,,7707,1055699,1253547,197848,197848,177171,,28384,343,25646,-11,25978
,6693,廣閎科,,1623,,,,-1.12,3,,上櫃,114,-14077,,,,,-51206,-49583,,,,-51206,,,21637,,-86920,743695,990986,247291,247291,225654,,-65283,,-49583,,-51206
,6697,東捷資訊,,-5380,,,,2.54,3,,上櫃,114,22242,,,,,69422,64042,,,,69422,,,84090,,7574,853096,1021264,168168,168168,84078,,91664,,64042,,69422
,6703,軒郁,,-1134,,,,5.77,3,,上櫃,114,49164,,,,,180356,179222,,,,188828,-8472,,234045,,-4525,814736,2183480,1368744,1368744,1134699,,229520,,187694,-8472,180356
,6708,天擎,,-3651,,,,0.05,3,,上櫃,114,137,,,,,1425,-2226,,,,1425,,,7094,,-5532,106930,219951,113021,113021,105927,,1562,,-2226,,1425
,6712,長聖,,-4356,,,,3.52,3,,上櫃,114,59316,,,0,,309877,305521,,,,309877,,,275610,,93583,197980,662114,464134,464134,188524,,369193,,305521,,309877
,6716,應廣,,-23919,,,,1.19,3,,上櫃,114,393,,,,,35235,11316,,,,35235,,,37875,,-2247,546161,811674,265513,265513,227638,,35628,,11316,,35235
,6720,久昌,,-8883,,,,2.98,3,,上櫃,114,21336,,,,,89388,80505,,,,89388,,,111235,,-511,142512,342645,200133,200133,88898,,110724,,80505,,89388
,6721,信實,,,,,,3.91,3,,上櫃,114,22321,,,,,88001,88001,,,,88001,,,99507,,10815,2535913,2678383,142470,142470,42963,,110322,,88001,,88001
,6725,矽科宏晟,,-8291,,,,8.09,3,,上櫃,114,88673,,,,,266812,258521,,,,266812,,,413845,,-58360,2191396,2789329,597933,597933,184088,,355485,,258521,,266812
,6727,亞泰金屬,,-5935,,,,4.14,3,,上櫃,114,32305,,,,,111235,105300,,,,111235,,,145524,,-1984,844597,1100477,255880,255880,110356,,143540,,105300,,111235
,6728,上洋,,-53,,,,7.81,3,,上櫃,114,58470,,,,,235230,235177,,,,235230,,,310151,,-16451,2241004,3430634,1189630,1189630,879479,,293700,,235177,,235230
,6730,常廣,,-50,,,,1.66,3,,上櫃,114,13276,,,,,53103,53053,,,,53103,,,69365,,-2986,187382,363723,176341,176341,106976,,66379,,53053,,53103
,6732,昇佳電子,31,30064,,,,4.36,3,,上櫃,114,2867,,,,,213122,243186,,,,,,,109483,,106506,2832863,3431558,598695,598695,489243,,215989,,,,213122
,6733,博晟生醫,,52,,,,-0.51,3,,上櫃,114,-6295,,,,,-71506,-71454,,,,-63349,-8157,,-81624,,3823,43511,161852,118341,118341,199965,,-77801,,-60739,-10715,-71506
,6735,美達科技,,1506,,,,-0.54,3,,上櫃,114,-2160,,,,,-24827,-23321,,,,-24827,,,-21798,,-5189,133472,222706,89234,89234,111032,,-26987,,-23321,,-24827
,6739,竹陞科技,,-1986,,,,10.13,3,,上櫃,114,53289,,,,,234910,232924,,,,234910,,,282024,,6175,193676,550084,356408,356408,74384,,288199,,232924,,234910
,6741,91APP*-KY,,-64924,,,,2.95,3,,上櫃,114,94804,,,,,341884,276960,,,,340759,1125,,395481,,41207,342890,1256266,913376,913376,517895,,436688,,276343,617,341884
,6751,智聯服務,,-8016,,,,5.19,3,,上櫃,114,24246,,,,,139143,131127,,,,115320,23823,,46993,,116396,1217186,1427484,210298,210298,163305,,163389,,107974,23153,139143
,6752,叡揚,,32,,,,5.04,3,,上櫃,114,39355,,,,,186105,186137,,,,186388,-283,,197461,,27999,731438,1439183,707745,707745,510284,,225460,,186420,-283,186105
,6761,穩得,,-5906,,,,5.51,3,,上櫃,114,48405,,,,,185131,179225,,,,185131,,,246188,,-12652,995384,1553628,558244,558244,312056,,233536,,179225,,185131
,6762,達亞,,,,,,0.68,3,,上櫃,114,3959,,,,,23839,23839,,,,,,,52239,,-24441,379949,534270,154321,154321,102082,,27798,,,,23839
,6763,綠界科技*,,3611,,,,3.83,3,,上櫃,114,67000,,,,,703110,706721,,,,705138,-2028,,302864,,467246,737064,1274332,537268,537268,234404,,770110,,708749,-2028,703110
,6767,台微醫,,-228,,,,0.02,3,,上櫃,114,-7,,,,,594,366,,,,594,,,-8251,,8838,53216,247450,194234,194234,202485,,587,,366,,594
,6785,昱展新藥,,,,,,-0.81,3,,上櫃,114,-15949,,,,,-54237,-54237,,,,,,,-111590,,41404,350,1253,903,903,112493,,-70186,,,,-54237
,6788,華景電,,-34559,,,,12.09,3,,上櫃,114,173320,,,,,464379,429820,,,,468490,-4111,,634537,,3162,765660,1871098,1105438,1105438,470901,,637699,,433931,-4111,464379
,6791,虎門科技,,0,,,,3.37,3,,上櫃,114,16211,,,,,72386,72386,,,,70165,2221,,77242,,11355,345567,580606,235039,235039,157797,,88597,,70165,2221,72386
,6803,崑鼎,,-115690,,,,14.25,3,,上櫃,114,267325,,,,,1172557,1056867,,,,1033576,138981,,1384620,,55262,5842921,7334780,1491859,1491859,107239,,1439882,,929952,126915,1172557
,6804,明係,,-40985,,,,-1.54,3,,上櫃,114,-13151,,,,,-53789,-94774,,,,-53789,,,-34840,,-32100,1021899,1068099,46200,46200,81040,,-66940,,-94774,,-53789
,6811,宏碁資訊,,-3818,,,,11.25,3,,上櫃,114,120148,,,,,466385,462567,,,,466385,,,591039,,-4506,6369922,7303397,933475,933475,342436,,586533,,462567,,466385
,6821,聯寶,,-10044,,,,0.95,3,,上櫃,114,6839,,,,,29675,19631,,,,29675,,,41521,,-5007,289142,457643,168501,168501,126980,,36514,,19631,,29675
,6823,濾能,,-20243,,,,-3.36,3,,上櫃,114,1780,,,,,-96768,-117011,,,,-87991,-8777,,-72855,,-22133,394242,460542,66300,66300,139155,,-94988,,-108234,-8777,-96768
,6829,千附精密,,,,,,2.64,3,,上櫃,114,35911,,,,,156181,156181,,,,,,,219306,,-27214,933797,1304854,371057,371057,151751,,192092,,,,156181
,6840,東研信超,,-18197,,,,1.18,3,,上櫃,114,-212,,,,,35663,17466,,,,35663,,,53929,,-18478,383213,669259,286046,286046,232117,,35451,,17466,,35663
,6841,長佳智能,,,,,,0.81,3,,上櫃,114,9626,,,,,96847,96847,,,,76172,20675,,3990,,102483,100435,236241,135806,135806,131816,,106473,,76172,20675,96847
,6843,進典,,-7402,,,,1.52,3,,上櫃,114,16709,,,,,49845,42443,,,,50679,-834,,73701,,-7147,378631,598905,220274,220274,146573,,66554,,43156,-713,49845
,6844,諾貝兒,,,,,,1.44,3,,上櫃,114,11943,,,,,53899,53899,,,,53899,,,47737,,18105,1707783,2582069,874286,874286,826549,,65842,,53899,,53899
,6846,綠茵,,-166,,,,3.50,3,,上櫃,114,25718,,,,,94415,94249,,,,94415,,,127777,,-7644,336921,647033,310112,310112,182335,,120133,,94249,,94415
,6855,數泓科,,3,,,,4.81,3,,上櫃,114,33210,,,,,111940,111943,,,,,,,170714,,-25564,238489,476462,237973,237973,67259,,145150,,,,111940
,6856,鑫傳,,10485,,,,1.53,3,,上櫃,114,19852,,,,,36882,47367,,,,43215,-6333,,75549,,-18815,159234,525000,365766,365766,290217,,56734,,53700,-6333,36882
,6859,伯特光,,-675,,,,1.78,3,,上櫃,114,18451,,,,,73643,72968,,,,73643,,,132736,,-40642,533619,746440,212821,212821,80085,,92094,,72968,,73643
,6865,偉康科技,,183,,,,1.39,3,,上櫃,114,4888,,,,,21761,21944,,,,,,,23767,,2882,189903,330127,140224,140224,116457,,26649,,,,21761
,6870,騰雲,-11,-18152,,,,4.38,3,,上櫃,114,16822,,,,,102722,84570,,,,102321,401,,124472,,-4928,159641,547313,387672,387672,263189,,119544,,84135,435,102722
,6872,浩宇生醫,,-720,,,,-1.54,3,,上櫃,114,,,,,,-106041,-106761,,,,-105788,-253,,-111527,,5486,10227,8461,-1766,-1766,109761,,-106041,,-106290,-471,-106041
,6874,倍力,,,,,,2.35,3,,上櫃,114,13004,,,,,51532,51532,,,,,,,72464,,-7928,944226,1110646,166420,166420,93956,,64536,,,,51532
,6875,國邑*,,-16,,,,-2.11,3,,上櫃,114,0,,,,,-272669,-272685,,,,-272669,,,-271338,,-1331,16234,19674,3440,3440,274778,,-272669,,-272685,,-272669
,6877,鏵友益,,-13651,,,,0.24,3,,上櫃,114,5120,,,,,11128,-2523,,,,11128,,,-6713,,22961,192325,340607,148282,148282,154995,,16248,,-2523,,11128
,6881,潤德,,-46691,,,,13.00,3,,上櫃,114,47170,,,,,194936,148245,,,,,,,228389,,13717,1490177,1822171,331994,331994,103605,,242106,,,,194936
,6884,海柏特,,-12692,,,,1.42,3,,上櫃,114,11727,,,,,23115,10423,,,,23041,74,,33435,,1407,660742,845961,185219,185219,151784,,34842,,10404,19,23115
,6894,衛司特,,-25044,,,,8.15,3,0,上櫃,114,76385,,,2800,,201619,176575,,,,193979,7640,,277702,,302,640814,1017452,376638,373838,96136,,278004,,172568,4007,201619
,6895,宏碩系統,,,,,,2.61,3,,上櫃,114,22745,,,,,89124,89124,,,,,,,109843,,2026,370068,569108,199040,199040,89197,,111869,,,,89124
,6899,創為精密,,-7703,,,,2.65,3,,上櫃,114,37533,,,,,111068,103365,,,,111294,-226,,177360,,-28759,528325,883471,355146,355146,177786,,148601,,103591,-226,111068
,6903,巨漢,,,,,,5.49,3,,上櫃,114,92009,,,,,366193,366193,,,,,,,439895,,18307,1425404,1968932,543528,543528,103633,,458202,,,,366193
,6904,伯鑫,,-10137,,,,3.66,3,,上櫃,114,31926,,,,,67689,57552,,,,67689,,,139257,,-39642,467679,680212,212533,212533,73276,,99615,,57552,,67689
,6907,雅特力-KY,,-37197,,,,1.38,3,,上櫃,114,22126,,,,,70519,33322,,,,70519,,,76420,,16225,816296,1233783,417487,417487,341067,,92645,,33322,,70519
,6910,德鴻,,-2927,,,,1.62,3,,上櫃,114,9724,,,,,43593,40666,,,,43593,,,49675,,3642,121606,277009,155403,155403,105728,,53317,,40666,,43593
,6913,鴻呈,,-53794,,,,3.41,3,,上櫃,114,40275,,,,,159677,105883,,,,149064,10613,,213817,,-13865,1410093,1953480,543387,543387,329570,,199952,,98007,7876,159677
,6922,宸曜,,-11476,,,,5.79,3,,上櫃,114,45737,,,,,156467,144991,,,,156467,,,228006,,-25802,742051,1291987,549936,549936,321930,,202204,,144991,,156467
,6925,意藍,,,,,,2.12,3,,上櫃,114,7335,,,,,39712,39712,,,,,,,44160,,2887,28622,146886,118264,118264,74104,,47047,,,,39712
,6929,佑全,,,,,,-1.01,3,,上櫃,114,0,,,,,-45326,-45326,,,,,,,-39545,,-5781,1596863,2404261,807398,807398,846943,,-45326,,,,-45326
,6945,圓祥生技,,1330,,,,-4.12,3,,上櫃,114,0,,,,,-350679,-349349,,,,-350679,,,-355233,,4554,0,0,0,0,355233,,-350679,,-349349,,-350679
,6953,家碩,,-3087,,,,5.53,3,,上櫃,114,26468,,,,,165837,162750,,,,165837,,,184779,,7526,500874,929275,428401,428401,243622,,192305,,162750,,165837
-578,6961,旅天下,,-1255,,,,4.06,3,,上櫃,114,22078,,,,,95946,94691,,,,95861,85,,98402,,20200,2743558,3237670,494112,494112,395710,,118602,,94606,85,96524
,6967,汎瑋材料,,-31260,,,,2.87,3,,上櫃,114,34501,,,,,70688,39428,,,,70688,,,101274,,3915,754938,1024833,269895,269895,168621,,105189,,39428,,70688
,6968,萬達寵物,,0,,,,1.64,3,,上櫃,114,9556,,,,,74989,74989,,,,74913,76,,99761,,-15216,1380334,2357723,977389,977389,877628,,84545,,74913,76,74989
,6971,惠民實業,,-781,,,,1.59,3,,上櫃,114,15696,,,,,55922,55141,,,,55922,,,106651,,-35033,1498852,1666666,167814,167814,61163,,71618,,55141,,55922
,6982,大井泵浦,,-3790,,,,0.64,3,,上櫃,114,2848,,,,,25888,22098,,,,25888,,,45021,,-16285,901879,1213798,311919,311919,266898,,28736,,22098,,25888
,6983,華洋精機,,,,,,4.33,3,,上櫃,114,18633,,,,,68830,68830,,,,,,,91696,,-4233,83265,244027,160762,160762,69066,,87463,,,,68830
,6986,和迅,,,,,,1.63,3,,上櫃,114,11327,,,,,74929,74929,,,,,,,82235,,4021,18681,207967,189286,189286,107051,,86256,,,,74929
,6996,力領科技,525,2115,,,,7.74,3,,上櫃,114,30999,,,,,322394,324509,,,,,,,331243,,22150,1152585,1899434,746849,746849,416131,,353393,,,,322394
,6997,博弘,,-8654,,,,3.18,3,,上櫃,114,19334,,,,,70319,61665,,,,70319,,,84679,,4974,2886951,3208304,321353,321353,236674,,89653,,61665,,70319
,7402,邑錡,,0,,,,0.05,3,,上櫃,114,-299,,,,,1789,1789,,,,,,,21959,,-20469,269583,409974,140391,140391,118432,,1490,,,,1789
,7547,碩網,,-1828,,,,2.13,3,,上櫃,114,16769,,,,,63828,62000,,,,63828,,,77647,,2950,103274,248347,145073,145073,67426,,80597,,62000,,63828
,7556,意德士科技,,-22418,,,,5.54,3,,上櫃,114,24403,,,,,146998,124580,,,,147175,-177,,123041,,48360,340884,555020,214136,214136,91095,,171401,,125185,-605,146998
,7584,樂意,,-99,,,,-0.75,3,,上櫃,114,3192,,,,,-12823,-12922,,,,-12426,-397,,10865,,-20496,436072,741253,305181,305181,294316,,-9631,0,-12598,-324,-12823
,7642,昶瑞機電,,0,,,,2.77,3,,上櫃,114,19820,,,,,78258,78258,,,,,,,104628,,-6550,481421,655648,174227,174227,69599,,98078,,,,78258
,7703,銳澤,,1640,,,,6.74,3,,上櫃,114,48105,,,,,233287,234927,,,,234307,-1020,,278878,,2514,1364288,1777674,413386,413386,134508,,281392,,235912,-985,233287
0,7704,明遠精密,0,-7254,,,,1.35,3,,上櫃,114,4080,,,,,45261,38007,,,,45261,0,,51162,,-1821,340219,501852,161633,161633,110471,,49341,,38007,0,45261
,7708,全家餐飲,,-1022,,,,5.05,3,,上櫃,114,37947,,,,,128673,127651,,,,128673,,,165902,,718,1036811,2015855,979044,979044,813142,,166620,,127651,,128673
,7709,榮田,,,,,,0.91,3,,上櫃,114,14980,,,,,34866,34866,,,,,,,45993,,3853,471184,649977,178793,178793,132800,,49846,,,,34866
,7712,博盛半導體,,-711,,,,3.57,3,,上櫃,114,32444,,,,,116370,115659,,,,116370,,,154643,,-5829,669171,996459,327288,327288,172645,,148814,,115659,,116370
,7713,威力德生醫,,,,,,3.37,3,,上櫃,114,37641,,,,,150816,150816,,,,150816,,,187183,,1274,545412,814110,268698,268698,81515,,188457,,150816,,150816
,7714,創泓科技,,6663,,,,4.34,3,,上櫃,114,22927,,,,,90786,97449,,,,90786,,,108934,,4779,1053617,1296142,242525,242525,133591,,113713,,97449,,90786
,7715,裕山,,-1431,,,,2.48,3,,上櫃,114,15571,,,,,81943,80512,,,,81943,,,91708,,5806,786394,995325,208931,208931,117223,,97514,,80512,,81943
,7716,昱臺國際,,-27245,,,,1.96,3,,上櫃,114,15883,,,,,39712,12467,,,,39275,437,,56754,,-1159,1212943,1525982,313039,313039,256285,,55595,,12396,71,39712
,7717,萊德光電-KY,,-35586,,,,4.58,3,,上櫃,114,39090,,,,,100443,64857,,,,99142,1301,,146900,,-7367,269567,678151,408584,408584,261684,,139533,,63800,1057,100443
,7718,友鋮,,-1511,,,,2.36,3,,上櫃,114,33225,,,,,105598,104087,,,,105598,,,152988,,-14165,1502649,1815121,312472,312472,159484,,138823,,104087,,105598
,7723,築間,,-1430,,,,-2.86,3,,上櫃,114,-35477,,,,,-142343,-143773,,,,-138958,-3385,,-55938,,-121882,2035478,3751941,1716463,1716463,1772401,,-177820,,-140409,-3364,-142343
0,7728,光焱科技,,-832,,,,1.85,3,,上櫃,114,6699,,,,,24963,24131,,,,24963,,,27424,,4238,83345,227312,143967,143967,116543,,31662,,24131,,24963
,7734,印能科技,,-13044,,,,26.59,3,,上櫃,114,208070,,,,,735202,722158,,,,725466,9736,,967245,,-23973,604927,1810467,1205540,1205540,238295,,943272,,713121,9037,735202
,7738,東聯互動,276473,10648,,,,11.58,3,,上櫃,114,82050,,,,,287881,298529,,,,287881,0,,380362,,-10431,190987,423714,232727,232727,128838,,369931,,298529,0,287881
,7743,金利食安,,,,,,0.58,3,,上櫃,114,6045,,,,,20276,20276,,,,20276,,,37844,,-11523,370502,525552,155050,155050,117206,,26321,,20276,,20276
,7744,崴寶,,-85207,,,,12.91,3,,上櫃,114,108729,,,,,370584,285377,,,,370584,,,487303,,-7990,1047455,1727663,680208,680208,192905,,479313,,285377,,370584
,7747,昕奇雲端,,-4215,,,,3.01,3,,上櫃,114,12016,,,,,81506,77291,,,,74713,6793,,91021,,2501,996076,1171788,175712,175712,84691,,93522,,70498,6793,81506
,7751,竑騰,,-1169,,,,14.30,3,,上櫃,114,93827,,,,,355878,354709,,,,354200,1678,,451577,,-1872,584282,1311818,727536,727536,275959,,449705,,353200,1509,355878
,7753,星亞,,,,,,3.23,3,,上櫃,114,20859,,,,,73375,73375,,,,,,,94954,,-720,445221,671878,226657,226657,131703,,94234,,,,73375
,7757,金色三麥,,1008,,,,6.76,3,,上櫃,114,32007,,,,,149182,150190,,,,148251,931,,185284,,-4095,784357,1703948,919591,919591,734307,,181189,,149259,931,149182
,7767,仁大資訊,,-3352,,,,2.74,3,,上櫃,114,17161,,,,,72802,69450,,,,72802,,,88406,,1557,1472801,1702323,229522,229522,141116,,89963,,69450,,72802
,7770,君曜,,-23,,,,1.53,3,,上櫃,114,4672,,,,,41522,41499,,,,41522,,,67988,,-21794,254270,385548,131278,131278,63290,,46194,,41499,,41522
,7772,耀穎,,,,,,0.90,3,,上櫃,114,947,,,,,21678,21678,,,,,,,36342,,-13717,204044,305725,101681,101681,65339,,22625,,,,21678
,7777,能率亞洲,,-124882,,,,0.35,3,,上櫃,114,919,,,,,58271,-66611,,,,,,,63697,,-4507,,88356,88356,88356,24659,,59190,,,,58271
,7782,光速火箭,,,,,,1.48,3,,上櫃,114,8217,,,,,31126,31126,,,,31325,-199,,44187,,-4844,161900,519660,357760,357760,313573,,39343,,31325,-199,31126
,7792,安葆,,-21129,,,,6.03,3,,上櫃,114,70755,,,,,257258,236129,,,,257258,,,353976,,-25963,3584214,4141228,557014,557014,203038,,328013,,236129,,257258
,7794,宏碁智新,,-8950,,,,2.20,3,,上櫃,114,13608,,,,,54925,45975,,,,54925,,,65869,,2664,555275,737849,182574,182574,116705,,68533,,45975,,54925
,7805,威聯通,,-211318,,,,30.84,3,,上櫃,114,237673,,,,,932418,721100,,,,932418,,,1036748,,133343,2010365,4596426,2586061,2586061,1549313,,1170091,,721100,,932418
,7810,捷創科技,,-1800,,,,3.21,3,,上櫃,114,13134,,,,,57781,55981,,,,,,,56968,,13947,188410,368374,179964,179964,122996,,70915,,,,57781
,7811,民盛,,-21065,,,,5.44,3,,上櫃,114,47397,,,,,165194,144129,,,,165194,,,237723,,-25132,1665065,2200527,535462,535462,297739,,212591,,144129,,165194
,7814,海昌生技,,,,,,-0.25,3,,上櫃,114,0,,,,,-10187,-10187,,,,-10187,,,-12333,,2146,17088,55520,38432,38432,50765,,-10187,,-10187,,-10187
,7819,精誠金融,,,,,,2.26,3,,上櫃,114,12377,,,,,49734,49734,,,,,,,63132,,-1021,212965,401567,188602,188602,125470,,62111,,,,49734
,7820,立盈,,,,,,1.32,3,,上櫃,114,11126,,,,,44810,44810,,,,,,,60629,,-4693,97489,214127,116638,116638,56009,,55936,,,,44810
,7828,創新服務,,-394,,,,1.42,3,,上櫃,114,16407,,,,,50746,50352,,,,50746,,,76768,,-9615,88710,321864,233154,233154,156386,,67153,,50352,,50746
,7839,達人網,,-1307,,,,2.01,3,,上櫃,114,6688,,,,,26751,25444,,,,26751,,,32131,,1308,12395,130272,117877,117877,85746,,33439,,25444,,26751
,7842,天能綠電,,,,,,3.32,3,,上櫃,114,12693,,,,,49378,49378,,,,,,,60878,,1193,1573191,1662964,89773,89773,28895,,62071,,,,49378
,8024,佑華,,-4241,,,,-1.97,3,,上櫃,114,103,,,,,-89074,-93315,,,,-89074,,,-85679,,-3292,102480,122876,20396,20396,106075,,-88971,,-93315,,-89074
,8027,鈦昇,,-48818,,,,-1.59,3,,上櫃,114,-10760,,,,,-170920,-219738,,,,-166909,-4011,,-143633,,-38047,707435,1087930,380495,380495,524128,,-181680,,-215727,-4011,-170920
,8032,光菱,,-79536,,,,1.45,3,,上櫃,114,26130,,,,,75170,-4366,,,,75077,93,,108037,,-6737,2239760,2599759,359999,359999,251962,,101300,,-4156,-210,75170
,8034,榮群,,,,,,1.09,3,,上櫃,114,20506,,,,,61303,61303,,,,61303,,,76747,,5062,196909,371664,174755,174755,98008,,81809,,61303,,61303
,8038,長園科,,,,,,0.81,3,,上櫃,114,0,,,,,46612,46612,,,,50349,-3737,,41492,,5120,272370,411034,138664,138664,97172,,46612,,50349,-3737,46612
,8040,九暘,,,,,,-0.45,3,,上櫃,114,,,,,,-43395,-43395,,,,,,,-64553,,21158,298563,505834,207271,207271,271824,,-43395,,,,-43395
,8042,金山電,,-311762,,,,0.24,3,,上櫃,114,30122,,,,,30117,-281645,,,,31495,-1378,,100369,,-40130,2248440,2765837,517397,517397,417028,,60239,,-278362,-3283,30117
,8043,蜜望實,,-36787,,,,0.08,3,,上櫃,114,-2237,,,,,6761,-30026,,,,6761,,,-5008,,9532,3463108,3609985,146877,146877,151885,,4524,,-30026,,6761
,8044,網家,,-25032,,,,-2.55,3,,上櫃,114,126890,,,,,-380808,-405840,,,,-503988,123180,,-263498,,9580,22360710,25881376,3520666,3520666,3784164,,-253918,,-542485,136645,-380808
,8047,星雲,,-23574,,,,-0.36,3,,上櫃,114,1660,,,,,-14885,-38459,,,,-14885,,,-23538,,10313,213951,328217,114266,114266,137804,,-13225,,-38459,,-14885
,8048,德勝,,11401,,,,1.67,3,,上櫃,114,21812,,,,,96601,108002,,,,96601,,,110827,,7586,474791,721253,246462,246462,135635,,118413,,108002,,96601
,8049,晶采,,147286,,,,1.27,3,,上櫃,114,31785,,,,,149671,296957,,,,149671,,,147106,,34350,692432,964169,271737,271737,124631,,181456,,296957,,149671
,8050,廣積,,715,,,,1.33,3,,上櫃,114,36896,,,,,64842,65557,,,,193702,-128860,,85390,,16348,3347923,4292668,944745,944745,859355,,101738,,194039,-128482,64842
,8054,安國,,-77640,,,,-2.42,3,0,上櫃,114,2348,,,,,-186840,-264480,,,,-250033,63193,,-457515,,273023,1368641,1889123,520482,520482,977997,,-184492,,-306847,42367,-186840
,8059,凱碩,,-70027,,,,-2.41,3,,上櫃,114,19943,,,,,-471050,-541077,,,,-466997,-4053,,-353533,,-97574,4209358,4518412,309054,309054,662587,,-451107,,-529940,-11137,-471050
,8064,東捷,,19638,,,,-0.16,3,,上櫃,114,20240,,,,,-3111,16527,,,,-25997,22886,,13895,,3234,1395755,1790591,394836,394836,380941,,17129,,-5359,21886,-3111
,8066,來思達,,-49499,,,,-2.35,3,,上櫃,114,-20970,,,,,-65883,-115382,,,,-69560,3677,,-48874,,-37979,3003309,3342252,338943,338943,387817,,-86853,,-114295,-1087,-65883
,8067,志旭,,-8779,,,,0.02,3,,上櫃,114,0,,,,,377,-8402,,,,377,0,,-20401,,20778,48912,82999,34087,34087,54488,,377,,-8402,0,377
,8068,全達,,-30222,,,,1.25,3,,上櫃,114,749,,,,,89643,59421,,,,100968,-11325,,-74278,,164670,543715,573954,30239,30239,104517,,90392,,71023,-11602,89643
,8069,元太,,4014754,,,,8.17,3,,上櫃,114,1994746,,,,,9395282,13410036,,,,9396361,-1079,,9986706,,1403322,12656870,29100055,16443185,16443185,6456479,,11390028,,13363508,46528,9395282
,8071,能率網通,,-13958,,,,-0.67,3,22,上櫃,114,-3778,,,22,,-43837,-57795,,,372,-38587,-5622,,-55121,,7506,1239614,1484695,245081,245081,300202,,-47615,372,-49575,-8592,-43837
,8074,鉅橡,-169,11836,,,,0.81,3,,上櫃,114,10391,,,,,71565,83401,,,,65636,5929,,86881,,-4925,773023,987469,214446,214446,127396,,81956,,74570,8831,71565
,8076,伍豐,,-205690,,,,0.01,3,781,上櫃,114,46898,,,374,,5089,-200601,,,,4071,1018,,50995,,992,905124,1375066,469942,470349,419354,,51987,,-201574,973,5089
,8077,洛碁,,,,,,2.87,3,,上櫃,114,4887,,,,,62887,62887,,,,,,,100405,,-32631,567104,765632,198528,198528,98123,,67774,,,,62887
,8080,泰霖,,-3724,,,,0.20,3,,上櫃,114,902,,,,,12650,8926,,,,12650,0,,7171,,6381,117691,149921,32230,32230,25059,,13552,,8926,,12650
,8083,瑞穎,,,,,,7.04,3,,上櫃,114,63881,,,,,247288,247288,,,,,,,331797,,-20628,644195,1086779,442584,442584,110787,,311169,,,,247288
,8084,巨虹,,-306,,,,-1.03,3,,上櫃,114,1815,,,,,-71060,-71366,,,,-71608,548,,-47052,,-22193,236247,415140,178893,178893,225945,,-69245,,-71914,548,-71060
,8085,福華,,-230847,,,,-0.39,3,,上櫃,114,1799,,,,,-54476,-285323,,,,-54476,,,-59294,,6617,451910,484282,32372,32372,91666,,-52677,,-285323,,-54476
,8086,宏捷科,,,,,,2.03,3,,上櫃,114,75454,,,,,399425,399425,,,,,,,459391,,15488,2154871,2863359,708488,708488,249097,,474879,,,,399425
,8087,麗升能源,,0,,,,-1.16,3,,上櫃,114,656,,,,,-44322,-44322,,,,-44322,0,,-43716,,50,189829,217943,28114,28114,71830,,-43666,,-44322,0,-44322
,8088,品安,0,2759,,,,0.28,3,,上櫃,114,4254,,,,,17349,20108,,,,,,,23598,,-1995,957771,1026340,68569,68569,44971,,21603,,,,17349
,8089,康全電訊,,-44539,,,,-1.85,3,,上櫃,114,23953,,,,,-121979,-166518,,,,-121979,,,-66543,,-31483,403127,683088,279961,279961,346504,,-98026,,-166518,,-121979
,8091,翔名,,-29647,,,,3.96,3,,上櫃,114,62314,,,,,205456,175809,,,,206295,-839,,276340,,-8570,1040733,1581164,540431,540431,264091,,267770,,176693,-884,205456
,8092,建暐,,259,,,,-0.22,3,,上櫃,114,0,,,,,-12530,-12271,,,,-12528,-2,,-12842,,312,230709,280876,50167,50167,63009,,-12530,,-12269,-2,-12530
,8093,保銳,,-5928,,,,-0.45,3,,上櫃,114,1799,,,,,-27528,-33456,,,,-27525,-3,,-62018,,36289,90955,127774,36819,36819,98837,,-25729,,-33453,-3,-27528
,8096,擎亞,,-102992,,,,0.58,3,,上櫃,114,75401,,,,,86480,-16512,,,,86480,0,,337963,,-176082,25878548,26864823,986275,986275,648312,,161881,,-16512,0,86480
,8097,常珵,,6376,,,,-0.86,3,,上櫃,114,-528,,,,,-54317,-47941,,,,-54317,,,-43743,,-11102,169733,222674,52941,52941,96684,,-54845,,-47941,,-54317
,8099,大世科,,-120,,,,1.52,3,,上櫃,114,37218,,,,,152355,152235,,,,152355,,,185263,,4310,2778877,3493431,714554,714554,529291,,189573,,152235,,152355
,8102,傑霖科技,,-1126,,,,1.63,3,,上櫃,114,7348,,,,,34864,33738,,,,34864,,,49493,,-7281,203375,327005,123630,123630,74137,,42212,,33738,,34864
,8107,大億金茂,,-13302,,,,-0.48,3,,上櫃,114,13147,,,,,-36200,-49502,,,,-36204,4,,25213,,-48266,551377,749137,197760,197760,172547,,-23053,,-49506,4,-36200
,8109,博大,,-37642,,,,4.41,3,,上櫃,114,89825,,,,,362040,324398,,,,362040,,,436964,,14901,649713,1276087,626374,626374,189410,,451865,,324398,,362040
,8111,立碁,0,-15255,,,,0.05,3,,上櫃,114,-1978,,,,,5240,-10015,,,,5197,43,,37036,,-33774,442554,634427,191873,191873,154837,,3262,,-9997,-18,5240
,8121,越峰,0,-98821,,,,-0.40,3,,上櫃,114,2061,,,,,-104526,-203347,,,,-85551,-18975,,-85737,,-16728,1880172,2222096,341924,341924,427661,,-102465,,-161720,-41627,-104526
0,8147,正淩,,-29373,,,,2.68,3,0,上櫃,114,30733,,,0,,110833,81460,,,0,109165,1668,,140524,,1042,753791,1249348,495557,495557,355033,,141566,0,79796,1664,110833
,8155,博智,,-204,,,,3.35,3,,上櫃,114,23076,,,,,181763,181559,,,0,181763,0,,203966,,873,3050620,3564418,513798,513798,309832,,204839,0,181559,0,181763
,8171,天宇,,8253,,,,-4.13,3,,上櫃,114,-55063,,,,,-417712,-409459,,,,-417637,-75,,-375518,,-97257,224929,199059,-25870,-25870,349648,,-472775,,-409384,-75,-417712
,8176,智捷,-571,-16175,,,,0.33,3,,上櫃,114,7186,,,,,23560,7385,,,,22603,957,,-1430,,32176,196273,285372,89099,89099,89958,,30746,,8171,-786,23560
,8182,加高,,-110511,,,,0.04,3,,上櫃,114,32540,,,,,4641,-105870,,,,4579,62,,50689,,-13508,1821177,2116504,295327,295327,244638,,37181,,-105782,-88,4641
,8183,精星,,-100205,,,,0.96,3,,上櫃,114,36536,,,,,115582,15377,,,,115582,,,212501,,-60383,4487912,5140147,652235,652235,439734,,152118,,15377,,115582
,8227,巨有科技,0,,,,,1.40,3,,上櫃,114,20588,,,,,55224,55224,,,,,,,81152,,-5340,736169,934428,198259,198259,117107,,75812,,,,55224
,8234,新漢,,-47741,,,,0.32,3,,上櫃,114,8766,,,,,40052,-7689,,,,45873,-5821,,73871,,-25053,3271469,4379594,1108125,1108125,1034254,,48818,,-3376,-4313,40052
,8240,華宏,,-323655,,,,1.54,3,,上櫃,114,81387,,,,,157610,-166045,,,,153742,3868,,245584,,-6587,4601826,5447581,845755,845755,600171,,238997,,-162451,-3594,157610
,8255,朋程,,-209515,,,,4.64,3,,上櫃,114,103215,,,,,455754,246239,,,,472848,-17094,,548987,,9982,4582957,6266982,1684025,1684025,1135038,,558969,,255553,-9314,455754
,8272,全景軟體,,,,,,2.50,3,,上櫃,114,12606,,,,,47505,47505,,,,,,,54023,,6088,85911,316997,231086,231086,177063,,60111,,,,47505
,8277,商丞,,1503,,,,-0.34,3,,上櫃,114,-22,,,,,-45513,-44010,,,,-31127,-14386,,-44267,,-1268,144113,204350,60237,60237,104504,,-45535,,-29624,-14386,-45513
,8279,生展,,-320,,,,8.62,3,,上櫃,114,53627,,,,,233703,233383,,,,233703,,,287242,,88,1067803,1656704,588901,588901,301659,,287330,,233383,,233703
,8284,三竹,,,,,,2.88,3,,上櫃,114,33103,,,,,133595,133595,,,,133595,,,177799,,-11101,1674236,2153803,479567,479567,301768,,166698,,133595,,133595
,8289,泰藝,,-61795,,,,-0.24,3,,上櫃,114,7697,,,,,-16093,-77888,,,,-16093,0,,10672,,-19068,994886,1307405,312519,312519,301847,,-8396,,-77888,0,-16093
,8291,尚茂,0,,,,,-1.54,3,,上櫃,114,-13,,,,,-26857,-26857,,,,,,,-23636,,-3234,12074,1807,-10267,-10267,13369,,-26870,,,,-26857
,8299,群聯,,-255258,,,,19.90,3,,上櫃,114,895010,,,93865,,4111945,3856687,,,,4110630,1315,,4932003,,74952,34414090,49865433,15451343,15357478,10425475,,5006955,,3855586,1101,4111945
,8342,益張,,-6096,,,,4.02,3,,上櫃,114,26110,,,,,135931,129835,,,,134906,1025,,156858,,5183,871632,1175050,303418,303418,146560,,162041,,128878,957,135931
,8349,恒耀國際,-1799,-408391,,,,1.19,3,,上櫃,114,117134,,,,,214620,-193771,,,,262872,-48252,,459699,,-127945,6682687,8404619,1721932,1721932,1260434,,331754,,-73825,-119946,214620
,8354,冠好,,-34745,,,,-0.43,3,,上櫃,114,-5403,,,,,-33896,-68641,,,,-33896,,,-198,,-39101,416023,479561,63538,63538,63736,,-39299,,-68641,,-33896
,8358,金居,,296546,,,,2.71,3,,上櫃,114,167621,,,,,685227,981773,,,,685227,,,960212,,-107364,4567367,5715759,1148392,1148392,188180,,852848,,981773,,685227
,8383,千附,,-3831,,,,1.89,3,,上櫃,114,58136,,,,,271366,267535,,,,213584,57782,,329059,,443,1746745,2387620,640875,640875,311816,,329502,,209753,57782,271366
,8390,金益鼎,,-67035,,,,5.11,3,,上櫃,114,89790,,,,,488503,421468,,,,490986,-2483,,448778,,129515,2756571,3397545,640974,640974,192196,,578293,,427685,-6217,488503
,8401,白紗科,,,,,,1.71,3,,上櫃,114,30505,,,,,120832,120832,,,,,,,140007,,11330,790875,1129094,338219,338219,198212,,151337,,,,120832
,8403,盛弘,64426,20574,,,,0.65,3,,上櫃,114,25621,,,,,54874,75448,,,,89967,-35093,,100239,,-19744,2697499,3231727,534228,534228,498415,,80495,,115380,-39932,54874
,8409,商之器,,-4474,,,,-0.58,3,156,上櫃,114,-290,,,,,-18546,-23020,,,,-18546,,,-21231,,2395,64042,170375,106333,106489,127720,,-18836,,-23020,,-18546
,8410,森田,,0,,,,1.54,3,,上櫃,114,14139,,,,,56448,56448,,,,,,,127061,,-56474,557244,856273,299029,299029,171968,,70587,,,,56448
,8415,大國鋼,978,1273990,,,,2.35,3,,上櫃,114,719353,,,,,2393438,3667428,,,,2411438,-18000,,2994628,,118163,11140723,17602374,6461651,6461651,3468001,,3112791,,3648798,18630,2393438
,8416,實威,,-5904,,,,8.34,3,,上櫃,114,61865,,,,,235369,229465,,,,235369,,,268027,,29207,571652,1168514,596862,596862,328835,,297234,,229465,,235369
,8421,旭源,,-25532,,,,-0.54,3,3285,上櫃,114,-523,,,1504,,-22693,-48225,,,,-28958,6265,,-14289,,-8927,725054,867363,142309,144090,158379,,-23216,,-56982,8757,-22693
,8423,保綠-KY,,-3563,,,,0.49,3,,上櫃,114,5497,,,,,20249,16686,,,,20249,,,32774,,-7028,204869,281563,76694,76694,43920,,25746,,16686,,20249
,8424,惠普,,,,,,4.14,3,,上櫃,114,37082,,,,,149256,149256,,,,149256,,,175956,,10382,533053,813081,280028,280028,104072,,186338,,149256,,149256
,8426,紅木-KY,,-54120,,,,0.17,3,,上櫃,114,25641,,,,,8512,-45608,,,,8512,,,57355,,-23202,1434440,1894575,460135,460135,402780,,34153,,-45608,,8512
,8431,匯鑽科,,-40912,,,,-2.44,3,,上櫃,114,9583,,,,,-108267,-149179,,,,-105396,-2871,,-69053,,-29631,689310,791602,102292,102292,171345,,-98684,,-144872,-4307,-108267
,8432,東生華,,15976,,,,3.01,3,,上櫃,114,39813,,,,,148277,164253,,,,115411,32866,,175842,,12248,477652,978997,501345,501345,325503,,188090,,131387,32866,148277
,8433,弘帆,,-97672,,,,0.71,3,,上櫃,114,30455,,,,,38696,-58976,,,,38696,0,,237409,,-168258,1858065,2434642,576577,576577,339168,,69151,,-58976,0,38696
,8435,鉅邁,,-10657,,,,2.74,3,,上櫃,114,23802,,,,,86919,76262,,,,86919,,,101453,,9268,217396,448682,231286,231286,129833,,110721,,76262,,86919
,8436,大江,,-189461,,,,5.89,3,,上櫃,114,100275,,,,,734903,545442,,,,648913,85990,,784964,,50214,2913627,5123227,2209600,2209600,1424636,,835178,,457697,87745,734903
,8437,大地-KY,,-123536,,,,-0.83,3,,上櫃,114,-25419,,,,,-39591,-163127,,,,-39591,,,-72086,,7076,122389,163028,40639,40639,112725,,-65010,,-163127,,-39591
,8440,綠電,,,,,,0.07,3,,上櫃,114,1568,,,,,3629,3629,,,,3629,,,10135,,-4938,666630,715600,48970,48970,38835,,5197,,3629,,3629
,8444,綠河-KY,,-90396,,,,-5.84,3,,上櫃,114,10683,,,,,-647041,-737437,,,,-640625,-6416,,-654370,,18012,2906998,2683101,-223897,-223897,430473,,-636358,,-731993,-5444,-647041
,8446,華研,,-354,,,,8.61,3,,上櫃,114,94603,,,,,455121,454767,,,,455846,-725,,334798,,214926,234894,767596,532702,532702,197904,,549724,,455498,-731,455121
,8450,霹靂,,-1048,,,,-3.03,3,,上櫃,114,-1,,,,,-157209,-158257,,,,-155376,-1833,,-124436,,-32774,137110,174552,37442,37442,161878,,-157210,,-156320,-1937,-157209
,8455,大拓-KY,,13579,,,,0.02,3,,上櫃,114,1475,,,,,-8158,5421,,,,425,-8583,,-2778,,-3905,776699,879023,102324,102324,105102,,-6683,,14004,-8583,-8158
,8472,納維康,,-16,,,,-1.48,3,,上櫃,114,377,,,,,-26169,-26185,,,,-26169,,,-29211,,3419,219804,354681,134877,134877,164088,,-25792,,-26185,,-26169
,8477,創業家,,,,,,-0.62,3,,上櫃,114,403,,,,,-39816,-39816,,,,-39816,0,,-73530,,34117,293534,339302,45768,45768,119298,,-39413,,-39816,0,-39816
,8489,三貝德,,-176,,,,-0.46,3,,上櫃,114,16397,,,,,16358,16182,,,,-17564,33922,,44757,,-12002,466847,984836,517989,517989,473232,,32755,,-17740,33922,16358
,8905,裕國,,-1473,,,,0.44,3,,上櫃,114,13959,,,,,50814,49341,,,,50799,15,,49394,,15379,1435667,1577203,141536,141536,92142,,64773,,49328,13,50814
,8906,花王,,20667,,,,-0.55,3,,上櫃,114,0,,,,,-23391,-2724,,,,,,,-16224,,-7167,135138,150830,15692,15692,31916,,-23391,,,,-23391
,8908,欣雄,,29952,,,,1.54,3,,上櫃,114,127357,,,,,486415,516367,,,,486367,48,,613670,,102,7107076,7896578,789502,789502,175832,,613772,,516319,48,486415
,8916,光隆,,-315413,,,,2.40,3,,上櫃,114,117802,,,,,363360,47947,,,,363461,-101,,458665,,22497,5218068,6263546,1045478,1045478,586813,,481162,,47558,389,363360
0,8917,欣泰,,483,,,,1.71,3,,上櫃,114,70910,,,,,277881,278364,,,,,,,329006,,19785,1896042,2327211,431169,431169,102163,,348791,,,,277881
,8921,沈氏,,12513,,,,-0.11,3,,上櫃,114,82,,,,,-7089,5424,,,,-5195,-1894,,-26600,,19593,397903,447134,49231,49231,75831,,-7007,,25561,-20137,-7089
,8923,時報,,-511,,,,0.60,3,,上櫃,114,2987,,,,,18238,17727,,,,18238,,,9544,,11681,185927,330727,144800,144800,135256,,21225,,17727,,18238
,8924,大田,,-348038,,,,4.01,3,,上櫃,114,86678,,,,,335805,-12233,,,,335805,,,283222,,139261,2667059,3243935,576876,576876,293654,,422483,,-12233,,335805
,8927,北基,,-18706,,,,0.12,3,,上櫃,114,61974,,,,,54989,36283,,,,52590,2399,,395075,,-278112,6250660,7540269,1289609,1289609,894534,,116963,,35766,517,54989
,8928,鉅明,,-19661,,,,0.15,3,,上櫃,114,-4967,,,,,7425,-12236,,,,7425,,,48956,,-46498,2089892,2387881,297989,297989,249033,,2458,,-12236,,7425
,8929,富堡,,-53286,,,,-0.48,3,,上櫃,114,-861,,,,,-25901,-79187,,,,-24126,-1775,,-37492,,10730,400618,528940,128322,128322,165814,,-26762,,-76711,-2476,-25901
,8930,青鋼,,,,,,1.66,3,,上櫃,114,33201,,,,,136117,136117,,,,,,,175028,,-5710,794958,1085533,290575,290575,115547,,169318,,,,136117
,8931,大汽電,,-19690,,,,1.84,3,,上櫃,114,27382,,,,,224815,205125,,,,,,,260632,,-8435,1534220,1907160,372940,372940,112308,,252197,,,,224815
,8932,智通*,,-19516,,,,2.90,3,,上櫃,114,191164,,,,,579624,560108,,,,513603,66021,,818480,,-47692,641207,1718207,1077000,1077000,258520,,770788,,495664,64444,579624
,8933,愛地雅,,-40943,,,,-1.10,3,,上櫃,114,25241,,,,,-360303,-401246,,,,-360303,,,-313189,,-21873,1940704,1912711,-27993,-27993,285196,,-335062,,-401246,,-360303
,8935,邦泰,,-47865,,,,-0.55,3,,上櫃,114,-1176,,,,,-62938,-110803,,,,-62938,,,-71567,,7453,364219,404041,39822,39822,111389,,-64114,,-110803,,-62938
,8936,國統,,-92109,,,,2.95,3,,上櫃,114,219540,,,,,788372,696263,,,,731869,56503,,1017734,,-9822,3270609,4497078,1226469,1226469,208735,,1007912,,639760,56503,788372
,8937,合騏*,,-4376,,,,-1.63,3,,上櫃,114,-5579,,,,,-173860,-178236,,,,-166215,-7645,,-79934,,-99505,79264,53326,-25938,-25938,53996,,-179439,,-170591,-7645,-173860
,8938,明安,109770,-168894,,,,3.56,3,,上櫃,114,122502,,,,,545098,376204,,,,545098,0,,561283,,106317,9058460,10685082,1626622,1626622,1175109,,667600,,376204,0,545098
,8941,關中,,-113586,,,,0.48,3,,上櫃,114,8809,,,,,10215,-103371,,,,16728,-6513,,25632,,-6608,1601829,2228896,627067,627067,601435,,19024,,-93143,-10228,10215
,8942,森鉅,,-38993,,,,1.74,3,34,上櫃,114,109678,,,0,,263190,224197,,,,345896,-82706,,364387,,8481,2110316,3074493,964177,964211,599824,,372868,,314446,-90249,263190
,9949,琉園,,12130,,,,5.50,3,,上櫃,114,59147,,,,,242169,254299,,,,242169,,,-48939,,350255,34564,95039,60475,60475,109414,,301316,,254299,,242169
,9950,萬國通,,-4504,,,,-0.44,3,,上櫃,114,-789,,,,,-74144,-78648,,,,-73987,-157,,-33473,,-41460,1274517,1647740,373223,373223,406696,,-74933,,-77333,-1315,-74144
,9951,皇田,,-66722,,,,3.59,3,,上櫃,114,72179,,,,,267462,200740,,,,267462,,,314617,,25024,3476440,4585928,1109488,1109488,794871,,339641,,200740,,267462
,9960,邁達康,,-16742,,,,1.05,3,,上櫃,114,12272,,,,,35118,18376,,,,35118,,,43163,,4227,319668,492115,172447,172447,129284,,47390,,18376,,35118
,9962,有益,,76,,,,-0.23,3,,上櫃,114,-6989,,,,,-20514,-20438,,,,-20514,0,,-12781,,-14722,1445585,1498094,52509,52509,65290,,-27503,,-20438,0,-20514
