停業單位損益,公司代號,公司名稱,其他收益及費損淨額,其他綜合損益（淨額）,原始認列生物資產及農產品之利益（損失）,合併前非屬共同控制股權損益,合併前非屬共同控制股權綜合損益淨額,基本每股盈餘（元）,季別,已實現銷貨（損）益,市場,年度,所得稅費用（利益）,支出及費用,收益,未實現銷貨（損）益,本期其他綜合損益（稅後淨額）,本期淨利（淨損）,本期綜合損益總額,淨利（損）歸屬於母公司業主,淨利（損）歸屬於非控制權益,淨利（淨損）歸屬於共同控制下前手權益,淨利（淨損）歸屬於母公司業主,淨利（淨損）歸屬於非控制權益,營業利益,營業利益（損失）,營業外損益,營業外收入及支出,營業成本,營業收入,營業毛利（毛損）,營業毛利（毛損）淨額,營業費用,生物資產當期公允價值減出售成本之變動利益（損失）,稅前淨利（淨損）,綜合損益總額歸屬於共同控制下前手權益,綜合損益總額歸屬於母公司業主,綜合損益總額歸屬於非控制權益,繼續營業單位本期淨利（淨損）
,1240,茂生農經,,4025,21939,,,2.85,2,,上櫃,115,15197,,,,,126506,130531,,,,126188,318,,87402,,54301,1267704,1440672,219087,219087,131685,24180,141703,,130213,318,126506
,1259,安心,,-232941,,,,2.02,2,,上櫃,115,1782,,,,,65718,-167223,,,,65317,401,,6249,,61251,2373772,3091195,717423,717423,711174,,67500,,-167624,401,65718
,1264,德麥,,58966,,,,11.01,2,,上櫃,115,138328,,,,,466021,524987,,,,407978,58043,,587106,,17243,2352398,3512615,1160217,1160217,573111,,604349,,436421,88566,466021
,1268,漢來美食,,46404,,,,9.21,2,,上櫃,115,86886,,,,,389004,435408,,,,389004,,,456764,,19126,1916952,3675641,1758689,1758689,1301925,,475890,,435408,,389004
,1294,漢田生技,,,,,,2.22,2,,上櫃,115,19811,,,,,80835,80835,,,,80824,11,,99277,,1369,294582,455326,160744,160744,61467,,100646,,80824,11,80835
,1295,生合,,15488,,,,1.97,2,,上櫃,115,7127,,,,,68033,83521,,,,68033,,,76431,,-1271,256589,510716,254127,254127,177696,,75160,,83521,,68033
,1336,台翰,,27829,,,,0.41,2,,上櫃,115,14829,,,,,32112,59941,,,,32112,,,31964,,14977,1064666,1247607,182941,182941,150977,,46941,,59941,,32112
,1565,精華,,555,,,,3.00,2,,上櫃,115,41692,,,,,151456,152011,,,,151456,,,170873,,22275,1444589,1780360,335771,335771,164898,,193148,,152011,,151456
,1569,濱川,,72913,,,,-1.67,2,,上櫃,115,63458,,,,,-220063,-147150,,,,-236976,16913,,-173256,,16651,1514234,1624996,110762,110762,284018,,-156605,,-164970,17820,-220063
,1570,力肯,,45731,,,,0.54,2,,上櫃,115,6892,,,,,27849,73580,,,,27849,,,27520,,7221,224517,288259,63742,63742,36222,,34741,,73580,,27849
,1580,新麥,,91477,,,,4.62,2,,上櫃,115,121092,,,,,243612,335089,,,,228074,15538,,369659,,-4955,1320343,2264808,944465,944465,574806,,364704,,314176,20913,243612
,1584,精剛,,-40279,,,,0.19,2,,上櫃,115,6915,,,,,43947,3668,,,,43393,554,,74081,,-23219,919472,1084456,164984,164984,90903,,50862,,3114,554,43947
,1586,和勤,,58200,,,,0.32,2,,上櫃,115,5836,,,,,32889,91089,,,,32889,,,35676,,3049,978093,1169445,191352,191352,155676,,38725,,91089,,32889
0,1591,駿吉-KY,0,4123,,,,-0.99,2,,上櫃,115,-16653,,,,,-37661,-33538,,,,-37661,,,-53910,,-404,156760,253109,96349,96349,150259,,-54314,,-33538,,-37661
,1593,祺驊,,11153,,,,2.61,2,,上櫃,115,50744,,,,,121906,133059,,,,103792,18114,,51107,,121543,451598,646718,195120,195120,144013,,172650,,114945,18114,121906
,1595,川寶,,3810,,,,-0.98,2,,上櫃,115,845,,,,,-53274,-49464,,,,-53274,0,,-81463,,29034,330158,411957,81799,81799,163262,,-52429,,-49464,0,-53274
,1599,宏佳騰,,-1614,,,,0.09,2,,上櫃,115,6381,,,,,-11631,-13245,,,,6178,-17809,,-26681,,21431,849199,1083048,233849,233849,260530,,-5250,,4564,-17809,-11631
,1742,台蠟,,-647,,,,-0.20,2,,上櫃,115,0,,,,,-18410,-19057,,,,-18410,,,-27153,,8743,33697,41324,7627,7627,34780,,-18410,,-19057,,-18410
,1777,生泰,,2809,,,,3.64,2,,上櫃,115,43185,,,,,162223,165032,,,,,,,183021,,22387,359542,611976,252434,252434,69413,,205408,,,,162223
,1780,立弘,,13545,,,,0.69,2,,上櫃,115,18142,,,,,67376,80921,,,,67376,,,85704,,-186,298303,498399,200096,200096,114392,,85518,,80921,,67376
,1781,合世,,6721,,,,-0.51,2,,上櫃,115,1448,,,,,-24060,-17339,,,,-24060,,,-34769,,12157,165568,193290,27722,27722,62491,,-22612,,-17339,,-24060
,1784,訊聯,,826,,,,0.64,2,,上櫃,115,6768,,,,,11291,12117,,,,32173,-20882,,1631,,16428,288662,653052,364390,364390,362759,,18059,,32474,-20357,11291
,1785,光洋科,,121878,,,,3.66,2,,上櫃,115,621572,,,,,2301208,2423086,,,,2176131,125077,,3119118,,-196338,26060715,30242528,4181813,4181813,1062695,,2922780,,2297978,125108,2301208
,1788,杏昌,,6845,,,,4.63,2,,上櫃,115,51150,,,,,206145,212990,,,0,206145,0,,250148,,7147,1611656,2252796,641140,641140,390992,,257295,0,212990,0,206145
,1796,金穎生技,,691,,,,-0.11,2,,上櫃,115,-875,,,,,-4420,-3729,,,,-4420,,,-5595,,300,251800,322124,70324,70324,75919,,-5295,,-3729,,-4420
,1799,易威,,10221,,,,0.06,2,,上櫃,115,80,,,,,9875,20096,,,,7933,1942,,19103,,-9148,241743,463329,221586,221586,202483,,9955,,17794,2302,9875
,1813,寶利徠,,-2416,,,,0.21,2,,上櫃,115,-2676,,,,,4269,1853,,,,9908,-5639,,-48880,,50473,158671,147746,-10925,-10925,37955,,1593,,7848,-5995,4269
,1815,富喬,,-7575,,,,2.24,2,,上櫃,115,197897,,,,,1300461,1292886,,,,1300461,,,949554,,548804,2484132,4012631,1528499,1528499,578945,,1498358,,1292886,,1300461
,2035,唐榮公司,,-3391,,,,0.55,2,,上櫃,115,-1949,,,,,191680,188289,,,,,,,117915,,71816,5029860,5291734,261874,261874,143959,,189731,,,,191680
,2061,風青,,7509,,,,1.03,2,,上櫃,115,4926,,,,,58832,66341,,,,58832,,,39283,,24475,599836,672585,72749,72749,33466,,63758,,66341,,58832
,2063,世鎧精密,,25296,,,,0.85,2,,上櫃,115,7917,,,,,40905,66201,,,,40905,,,27473,,21349,365389,459736,94347,94347,66874,,48822,,66201,,40905
,2064,晉椿,,-4404,,,,-0.04,2,,上櫃,115,-34,,,61,,-2712,-7116,,,,-2708,-4,,3647,,-6393,825983,894368,68385,68324,64677,,-2746,,-7093,-23,-2712
,2065,世豐,,-19095,,,,2.27,2,,上櫃,115,36747,,,,,144208,125113,,,,144208,,,83658,,97297,897533,1092466,194933,194933,111275,,180955,,125113,,144208
,2066,世德,,6068,,,,2.94,2,,上櫃,115,29486,,,,,130110,136178,,,,130110,,,114288,,45308,949116,1457915,508799,508799,394511,,159596,,136178,,130110
,2067,嘉鋼,,758,,,,-1.55,2,,上櫃,115,-542,,,,,-81066,-80308,,,,-70091,-10975,,-66047,,-15561,452010,464880,12870,12870,78917,,-81608,,-69214,-11094,-81066
,2070,精湛,,3643,,,,1.29,2,,上櫃,115,7094,,,,,50789,54432,,,,50789,,,45961,,11922,173344,347768,174424,174424,128463,,57883,,54432,,50789
,2073,雄順,,-693,,,,-0.37,2,,上櫃,115,0,,,,,-10211,-10904,,,,,,,-8548,,-1663,355626,379587,23961,23961,32509,,-10211,,,,-10211
,2221,大甲,,1970,,,,1.86,2,,上櫃,115,20663,,,,,80701,82671,,,0,78820,1881,,101307,,57,630960,807160,176200,176200,74893,,101364,0,80790,1881,80701
,2230,泰茂,,42595,,,,-1.48,2,,上櫃,115,-548,,,,,-101164,-58569,,,,-99831,-1333,,-105235,,3523,1159458,1160457,999,999,106234,,-101712,,-58015,-554,-101164
,2235,謚源,,0,,,,0.47,2,,上櫃,115,4513,,,,,16702,16702,,,,,,,5115,,16100,247326,290411,43085,43085,37970,,21215,,,,16702
,2596,綠意,,,,,,2.01,2,,上櫃,115,49278,,,,,199052,199052,,,,201190,-2138,,241572,,6758,430317,750324,320007,320007,78435,,248330,,201190,-2138,199052
,2640,大車隊,,-1915,,,,4.86,2,,上櫃,115,78089,,,,,287944,286029,,,,287745,199,,363763,,2270,831060,1665458,834398,834398,470635,,366033,,285830,199,287944
,2641,正德,,102458,,,,1.25,2,,上櫃,115,34915,,,,,460000,562458,,,,411515,48485,,406579,,88336,707205,1177268,470063,470063,63484,,494915,,513973,48485,460000
,2643,捷迅,,20359,,,,2.79,2,,上櫃,115,31846,,,,,97660,118019,,,,97660,,,126740,,2766,3122331,3411287,288956,288956,162216,,129506,,118019,,97660
,2718,全心投控,,-302,,,,2.72,2,,上櫃,115,70702,,,,,236332,236030,,,,236332,,,76134,,230900,101773,230354,128581,128581,52447,,307034,,236030,,236332
,2719,燦星旅,,,,,,0.55,2,,上櫃,115,2434,,,,,38230,38230,,,,38230,,,51099,,-10435,725493,849745,124252,124252,73153,,40664,,38230,,38230
,2724,藝舍-KY,,,,,,-0.10,2,,上櫃,115,976,,,,,-5299,-5299,,,,-5686,387,,-24054,,19731,94238,106218,11980,11980,36034,,-4323,,-5686,387,-5299
,2726,雅茗-KY,,1613,,,,-0.78,2,,上櫃,115,780,,,,,-31021,-29408,,,,-29584,-1437,,-33822,,3581,101416,275608,174192,174192,208014,,-30241,,-28076,-1332,-31021
,2729,瓦城,,4848,,,,3.47,2,,上櫃,115,55916,,,,,146610,151458,,,,147676,-1066,,221131,,-18605,1636420,3289716,1653296,1653296,1432165,,202526,,152524,-1066,146610
,2732,六角,406,10506,,,,2.13,2,498,上櫃,115,40996,,,0,,111173,121679,,,,95169,16004,,157281,,-5112,1321331,2653869,1332538,1333036,1176161,,152169,,100994,20685,111173
,2734,易飛網,,4,,,,0.02,2,,上櫃,115,949,,,,,868,872,,,,1026,-158,,20730,,-18913,868992,1020429,151437,151437,130707,,1817,,1054,-182,868
,2736,富野,,2332,,,,-0.58,2,,上櫃,115,0,,,,,-52665,-50333,,,,-46521,-6144,,-38405,,-14260,152697,296112,143415,143415,181820,,-52665,,-44189,-6144,-52665
0,2740,華軒,0,0,,,,-2.10,2,0,上櫃,115,0,,,0,,-33254,-33254,,,0,-33254,0,,-22969,,-10285,19002,30245,11243,11243,34212,,-33254,0,-33254,0,-33254
,2743,山富,,,,,,2.32,2,,上櫃,115,22286,,,,,108463,108463,,,,108463,,,141747,,-10998,3078407,3448053,369646,369646,227899,,130749,,108463,,108463
,2745,五福,,,,,,5.12,2,,上櫃,115,46162,,,,,173141,173141,,,,173141,,,247317,,-28014,4332554,5049526,716972,716972,469655,,219303,,173141,,173141
,2751,王座,176,51,,,,2.41,2,,上櫃,115,13102,,,,,53596,53647,,,,47669,5927,,69198,,-2500,499123,1012464,513341,513341,444319,,66698,,47720,5927,53596
,2752,豆府,,-3269,,,,8.10,2,,上櫃,115,52455,,,,,219511,216242,,,,216346,3165,,258761,,13205,1043166,2190179,1147013,1147013,888252,,271966,,213061,3181,219511
,2754,亞洲藏壽司,,1046,,,,2.60,2,,上櫃,115,30515,,,,,121780,122826,,,,121780,,,181957,,-29662,1760499,2989403,1228904,1228904,1046947,,152295,,122826,,121780
,2755,揚秦,,740,,,,2.90,2,,上櫃,115,34160,,,,,135033,135773,,,,135033,,,165693,,3500,1236268,1706889,470621,470621,304928,,169193,,135773,,135033
,2756,聯發國際,,1725,,,,1.53,2,,上櫃,115,9818,,,,,35268,36993,,,,37220,-1952,,35237,,9849,298123,610188,312065,312065,276828,,45086,,38792,-1799,35268
,2916,滿心,,6102,,,,2.07,2,,上櫃,115,33374,,,,,133493,139595,,,,,,,136747,,30120,474232,1005646,531414,531414,394667,,166867,,,,133493
,2924,宏太-KY,,70,,,,-0.44,2,,上櫃,115,0,,,,,-22766,-22696,,,,-22766,,,-24275,,1509,20817,28475,7658,7658,31933,,-22766,,-22696,,-22766
,2926,誠品生活,,8998,,,,0.32,2,,上櫃,115,26713,,,,,14863,23861,,,,15132,-269,,-33339,,74915,2168083,3506633,1338550,1338550,1371889,,41576,,24265,-404,14863
,2937,集雅社,,,,,,1.48,2,,上櫃,115,18957,,,,,64559,64559,,,,64559,,,85341,,-1825,2072406,2624020,551614,551614,466273,,83516,,64559,,64559
,2941,米斯特,,-11,,,,1.37,2,,上櫃,115,4843,,,,,21052,21041,,,,,,,25585,,310,167822,465356,297534,297534,271949,,25895,,,,21052
,2947,振宇五金,,,,,,1.78,2,,上櫃,115,10191,,,,,41600,41600,,,0,41600,0,,56119,,-4328,696176,1188211,492035,492035,435916,,51791,,41600,,41600
,2948,寶陞,,11978,,,,0.98,2,,上櫃,115,14290,,,,,30315,42293,,,,30315,,,59514,,-14909,637477,1101442,463965,463965,404451,,44605,,42293,,30315
,2949,欣新網,,-98,,,,1.68,2,,上櫃,115,18639,,,,,53545,53447,,,,50454,3091,,72723,,-539,2779610,3164715,385105,385105,312382,,72184,,50385,3062,53545
,3064,泰偉,,69,,,,-0.73,2,,上櫃,115,0,,,,,-9440,-9371,,,,-9438,-2,,-6395,,-3045,4525,41307,36782,36782,43177,,-9440,,-9369,-2,-9440
,3066,李洲,,131814,,,,5.41,2,,上櫃,115,4959,,,,,486047,617861,,,,449239,36808,,-28203,,519209,91306,140399,49093,49093,77296,,491006,,579372,38489,486047
,3067,全域,,0,,,,0.12,2,482,上櫃,115,0,,,170,,2339,2339,,,,2339,,,-1073,,3412,22507,32759,10252,10564,11637,,2339,,2339,,2339
,3071,協禧,,89153,,,,0.49,2,,上櫃,115,51501,,,,,81915,171068,,,,53899,28016,,177868,,-44452,1040970,1513710,472740,472740,294872,,133416,,133315,37753,81915
,3073,天方能源,0,-6920,,,,-0.27,2,,上櫃,115,0,,,,,-10907,-17827,,,,-10507,-400,,-12974,,2067,75506,90021,14515,14515,27489,,-10907,,-17427,-400,-10907
,3078,僑威,,157538,,,,1.02,2,,上櫃,115,71811,,,,,230929,388467,,,,230929,,,224422,,78318,2595758,3210107,614349,614349,389927,,302740,,388467,,230929
,3081,聯亞,,1592,,,,7.75,2,,上櫃,115,196490,,,,,786002,787594,,,,,,,945800,,36692,928723,2125567,1196844,1196844,251044,,982492,,,,786002
,3083,網龍,,31080,,,,0.30,2,,上櫃,115,1924,,,,,27551,58631,,,,25775,1776,,-3758,,33233,28401,187055,158654,158654,162412,,29475,,56751,1880,27551
,3085,新零售,,-5245,,,,-0.35,2,,上櫃,115,0,,,,,-23838,-29083,,,,-23838,,,-28437,,4599,12344,34557,22213,22213,50650,,-23838,,-29083,,-23838
,3086,華義*,,-195,,,,-0.06,2,,上櫃,115,6,,,,,-18743,-18938,,,,-16870,-1873,,-22451,,3714,50065,69502,19437,19437,41888,,-18737,,-16959,-1979,-18743
,3088,艾訊,,5570,,,,4.28,2,61,上櫃,115,134299,,,67,,480048,485618,,,,466085,13963,,566838,,47509,3087015,4613348,1526333,1526327,959489,,614347,,471655,13963,480048
,3093,港建*,,581599,,,,0.41,2,,上櫃,115,16778,,,,,59017,640616,,,,59017,0,,61757,,14038,556650,765861,209211,209211,147454,,75795,,640616,0,59017
,3095,及成,,1610,,,,1.73,2,,上櫃,115,11,,,,,17344,18954,,,,17344,,,21825,,-4470,281477,360109,78632,78632,56807,,17355,,18954,,17344
,3105,穩懋,,1535855,,,,3.56,2,,上櫃,115,366849,,,,,1353387,2889242,,,,1510391,-157004,,1172913,,547323,7153704,9847328,2693624,2693624,1520711,,1720236,,3030635,-141393,1353387
,3114,好德,,62361,,,,1.02,2,,上櫃,115,16322,,,,,68458,130819,,,,68458,0,,56846,,27934,1394800,1558134,163334,163334,106488,,84780,,130819,0,68458
,3115,富榮綱,,3802,,,,-0.09,2,,上櫃,115,290,,,,,-6190,-2388,,,,-6190,,,-13389,,7489,0,3947,3947,3947,17336,,-5900,,-2388,,-6190
,3118,進階,,,,,,0.95,2,,上櫃,115,6944,,,,,30800,30800,,,,,,,31852,,5892,206726,321210,114484,114484,82632,,37744,,,,30800
,3122,笙泉,,772,,,,-0.73,2,,上櫃,115,42,,,,,-29664,-28892,,,,-29664,0,,-28956,,-666,105958,162390,56432,56432,85388,,-29622,,-28892,0,-29664
,3128,昇銳,,,,,,0.27,2,,上櫃,115,3735,,,,,13859,13859,,,,12796,1063,,16357,,1237,343785,482657,138872,138872,122515,,17594,,12796,1063,13859
,3131,弘塑,,166910,,,,27.27,2,,上櫃,115,202770,,,,,783752,950662,,,,786489,-2737,,574907,,411615,2112683,3322908,1210225,1210225,635318,,986522,,953381,-2719,783752
,3141,晶宏,,125460,,,,2.19,2,,上櫃,115,20726,,,,,154226,279686,,,,162768,-8542,,101835,,73117,497166,885182,388016,388016,286181,,174952,,288228,-8542,154226
,3147,大綜,,1722,,,,11.26,2,,上櫃,115,139137,,,,,491761,493483,,,,491761,0,,625022,,5876,7796239,8855091,1058852,1058852,433830,,630898,,493489,-6,491761
,3152,璟德,,,,,,3.21,2,,上櫃,115,49691,,,,,191687,191687,,,,,,,216188,,25190,426155,758791,332636,332636,116448,,241378,,,,191687
,3158,嘉實,,-106,,,,3.48,2,,上櫃,115,26701,,,,,106035,105929,,,,106035,0,,127347,,5389,196621,556378,359757,359757,232410,,132736,,105929,0,106035
,3162,精確,,39356,,,,0.05,2,,上櫃,115,11459,,,,,8991,48347,,,,7880,1111,,28197,,-7747,3865903,4342980,477077,477077,448880,,20450,,45489,2858,8991
,3163,波若威,,22361,,,,3.50,2,,上櫃,115,14958,,,,,331537,353898,,,,331537,,,45112,,301383,1034308,1247946,213638,213638,168526,,346495,,353898,,331537
,3169,亞信,,2410,,,,1.96,2,,上櫃,115,24544,,,,,123936,126346,,,,123936,,,132105,,16375,227357,495261,267904,267904,135799,,148480,,126346,,123936
,3171,炎洲流通,,11599,,,,3.76,2,,上櫃,115,29401,,,,,128772,140371,,,,118771,10001,,157368,,805,1056491,1413057,356566,356566,199198,,158173,,127617,12754,128772
,3176,基亞,,-19235,,,,-0.57,2,2553,上櫃,115,13162,,,0,,-74033,-93268,,,,-79132,5099,,-47158,,-13713,237741,546240,308499,311052,358210,,-60871,,-82692,-10576,-74033
,3178,公準,,998,,,,0.43,2,,上櫃,115,2404,,,,,19561,20559,,,,19221,340,,19210,,2755,546667,661500,114833,114833,95623,,21965,,19919,640,19561
,3188,鑫龍騰,,,,,,3.40,2,,上櫃,115,169402,,,,,640933,640933,,,,640933,,,814903,,-4568,1543131,2531129,987998,987998,173095,,810335,,640933,,640933
,3191,雲嘉南,0,1578,,,,-0.26,2,,上櫃,115,1718,,,,,-11245,-9667,,,,-11245,,,-11239,,1712,64684,89956,25272,25272,36511,,-9527,,-9667,,-11245
,3205,佰研,,-42887,,,,0.02,2,,上櫃,115,0,,,,,1026,-41861,,,,1673,-647,,-4762,,5788,312766,335238,22472,22472,27234,,1026,,-41214,-647,1026
,3206,志豐,,42446,,,,0.82,2,,上櫃,115,22788,,,,,48715,91161,,,,48372,343,,70576,,927,1273573,1606949,333376,333376,262800,,71503,,88700,2461,48715
,3207,耀勝,,33993,,,,-1.09,2,,上櫃,115,1224,,,,,-36226,-2233,,,,-72307,36081,,-71932,,36930,673065,823862,150797,150797,222729,,-35002,,-38275,36042,-36226
,3211,順達,,166764,,,,3.40,2,,上櫃,115,91158,,,,,520024,686788,,,,520024,,,646166,,-34984,5682496,6835813,1153317,1153317,507151,,611182,,686788,,520024
,3213,茂訊,,212641,,,,5.62,2,,上櫃,115,137564,,,,,344970,557611,,,,329540,15430,,445196,,37338,1113503,1736008,622505,622505,177309,,482534,,542181,15430,344970
,3217,優群,,604436,,,,5.20,2,,上櫃,115,123199,,,,,468243,1072679,,,,468243,,,561092,,30350,981297,1895341,914044,914044,352952,,591442,,1072679,,468243
,3218,大學光,,115401,,,,5.99,2,,上櫃,115,136247,,,,,513607,629008,,,,507233,6374,,681767,,-31913,940777,2216295,1275518,1275518,593751,,649854,,618128,10880,513607
,3219,倚強科,,33140,,,,2.66,2,,上櫃,115,50114,,,,,196699,229839,,,,190620,6079,,261026,,-14213,349964,1135331,785367,785367,524341,,246813,,207331,22508,196699
,3221,台嘉碩,,60225,,,,0.82,2,,上櫃,115,30745,,,,,76091,136316,,,,85580,-9489,,77847,,28989,915962,1205467,289505,289505,211658,,106836,,144604,-8288,76091
,3224,三顧,,5548,,,,-0.08,2,,上櫃,115,1592,,,,,-69361,-63813,,,,-6179,-63182,,-82191,,14422,704360,827191,122831,122831,205022,,-67769,,-538,-63275,-69361
,3226,龍鋒,,637,,,,-0.36,2,2044,上櫃,115,3771,,,5112,,-23390,-22753,,,,,,,-39083,,19464,600650,635124,34474,31406,70489,,-19619,,,,-23390
,3227,原相,,3157469,,,,6.11,2,,上櫃,115,160109,,,,,893529,4050998,,,,899721,-6192,,863093,,190545,1955998,4747618,2791620,2791620,1928527,,1053638,,4057190,-6192,893529
,3228,金麗科,,-896,,,,-1.00,2,,上櫃,115,0,,,,,-71617,-72513,,,,,,,-73485,,1868,68843,171637,102794,102794,176279,,-71617,,,,-71617
,3230,錦明,,16577,,,,-1.03,2,,上櫃,115,-215,,,,,-87850,-71273,,,,-87850,,,-84309,,-3756,195158,203447,8289,8289,92598,,-88065,,-71273,,-87850
,3232,昱捷,,6499,,,,0.38,2,,上櫃,115,3953,,,,,17503,24002,,,,17503,,,17492,,3964,421281,508897,87616,87616,70124,,21456,,24002,0,17503
,3234,光環,,3393,,,,-0.48,2,354,上櫃,115,0,,,202,,-54136,-50743,,,,-53155,-981,,-56921,,2785,322205,378996,56791,56943,113864,,-54136,,-49762,-981,-54136
,3236,千如,,231823,,,,0.20,2,,上櫃,115,23389,,,,,21434,253257,,,,21434,,,52576,,-7753,876984,1160957,283973,283973,231397,,44823,,253257,,21434
,3252,海灣,,0,,,,-0.14,2,,上櫃,115,1662,,,,,6244,6244,,,,-7108,13352,,37193,,-29287,148364,254868,106504,106504,69311,,7906,,-7108,13352,6244
,3259,鑫創,,,,,,-1.17,2,,上櫃,115,,,,,,-85522,-85522,,,,,,,-83829,,-1693,92154,105167,13013,13013,96842,,-85522,,,,-85522
,3260,威剛,,371731,,,,62.46,2,,上櫃,115,5826556,,,345,,20742119,21113850,,,,19936408,805711,,25044794,,1523881,33643820,64242687,30598867,30598522,5553728,,26568675,,20214659,899191,20742119
,3264,欣銓,,67363,,,,4.39,2,,上櫃,115,542486,,,,,2080193,2147556,,,,2080193,,,2473880,,148799,5168181,8517069,3348888,3348888,875008,,2622679,,2147556,,2080193
,3265,台星科,,-11404,,,,3.85,2,,上櫃,115,110602,,,,,524815,513411,,,,524815,,,594802,,40615,1967927,2715381,747454,747454,152652,,635417,,513411,,524815
,3268,海德威,,19249,,,,-0.12,2,,上櫃,115,-809,,,,,-4004,15245,,,,-4004,,,-7157,,2344,479944,515222,35278,35278,42435,,-4813,,15245,,-4004
,3272,東碩,,156575,,,,-4.05,2,,上櫃,115,14224,,,,,-242646,-86071,,,,-242646,,,-194168,,-34254,1289182,1367343,78161,78161,272329,,-228422,,-86071,,-242646
,3276,宇環,,34897,,,,0.06,2,,上櫃,115,1904,,,,,-5971,28926,,,,3844,-9815,,-35374,,31307,321843,330834,8991,8991,44365,,-4067,,38741,-9815,-5971
,3284,太普高,,-9717,,,,0.72,2,,上櫃,115,18005,,,,,77954,68237,,,,77727,227,,38978,,56981,327093,420188,93095,93095,54117,,95959,,73903,-5666,77954
,3285,微端,,4947,,,,0.91,2,,上櫃,115,10227,,,,,41615,46562,,,,39049,2566,,43418,,8424,424263,558519,134256,134256,90838,,51842,,43715,2847,41615
,3287,廣寰科,,-832,,,,5.88,2,,上櫃,115,12620,,,,,275860,275028,,,,258550,17310,,71076,,217404,251189,434235,183046,183046,111970,,288480,,257718,17310,275860
,3288,點晶,,-1615,,,,-0.05,2,,上櫃,115,0,,,,,-780,-2395,,,,-777,-3,,-2304,,1524,10225,38994,28769,28769,31073,,-780,,-2392,-3,-780
,3289,宜特,,41118,,,,3.08,2,,上櫃,115,-10440,,,,,259634,300752,,,,266675,-7041,,-2922,,252116,1770599,2266979,496380,496380,499302,,249194,,307793,-7041,259634
,3290,東浦,,61874,,,,4.02,2,,上櫃,115,-1024,,,,,363030,424904,,,,363030,,,2089,,359917,1439455,1857587,418132,418132,416043,,362006,,424904,,363030
,3293,鈊象,,-213511,,,,22.77,2,,上櫃,115,1378674,,,,,6417429,6203918,,,,6417672,-243,,7485965,,310138,276245,12678167,12401922,12401922,4915957,,7796103,,6204009,-91,6417429
,3294,英濟,,95805,,,,-0.54,2,,上櫃,115,3262,,,,,-80365,15440,,,,-71592,-8773,,-178995,,101892,1348192,1466436,118244,118244,297239,,-77103,,24213,-8773,-80365
,3297,杭特,,0,,,,0.69,2,,上櫃,115,-177,,,,,24828,24828,,,,24828,,,-8812,,33463,73360,115570,42210,42210,51022,,24651,,24828,,24828
,3303,岱稜,,3792,,,,2.40,2,,上櫃,115,87433,,,,,230181,233973,,,,224426,5755,,298475,,19139,1109576,1753568,643992,643992,345517,,317614,,228218,5755,230181
,3306,鼎天,930,805722,,,,0.20,2,,上櫃,115,450,,,,,10025,815747,,,,,,,3834,,6641,409271,545194,135923,135923,133019,,10475,,,,10025
,3310,佳穎,,11554,,,,1.59,2,,上櫃,115,14686,,,,,117716,129270,,,,119126,-1410,,111238,,21164,862729,1115146,252417,252417,141179,,132402,,130680,-1410,117716
,3313,斐成,,,,,,-0.04,2,,上櫃,115,261,,,,,-8282,-8282,,,,-8278,-4,,-21639,,13618,14563,19177,4614,4614,26253,,-8021,,-8278,-4,-8282
,3317,尼克森,,541,,,,1.56,2,,上櫃,115,41888,,,,,142804,143345,,,,140409,2395,,183621,,1071,1016996,1434461,417465,417465,233844,,184692,,140950,2395,142804
,3322,建舜電,,-12412,,,,-1.13,2,,上櫃,115,0,,,,,-145985,-158397,,,,-145985,0,,-120433,,-25552,1454047,1613890,159843,159843,280276,,-145985,,-158397,0,-145985
,3323,加百裕,,1137,,,,-0.97,2,,上櫃,115,494,,,,,-101177,-100040,,,,-96286,-4891,,-118000,,17317,1987897,2173727,185830,185830,303830,,-100683,,-95149,-4891,-101177
,3324,雙鴻,,-35321,,,,23.01,2,,上櫃,115,582919,,,,,2304320,2268999,,,,2132961,171359,,2909923,,-22684,12242784,17251778,5008994,5008994,2099071,,2887239,,2090685,178314,2304320
,3325,旭品,,29152,,,,-1.35,2,,上櫃,115,3963,,,,,-164516,-135364,,,,-146838,-17678,,-132077,,-28476,408149,368481,-39668,-39668,92409,,-160553,,-115374,-19990,-164516
,3332,幸康,,26448,,,,2.53,2,,上櫃,115,25830,,,,,121737,148185,,,,121737,,,102092,,45475,615219,951704,336485,336485,234393,,147567,,148185,,121737
,3339,泰谷,,,,,,-2.61,2,,上櫃,115,0,,,,,-166348,-166348,,,,-166555,207,,-149704,,-16644,398266,412272,14006,14006,163710,,-166348,,-166555,207,-166348
,3349,寶德,,-3423,,,,-0.77,2,,上櫃,115,-238,,,,,-35701,-39124,,,,-35701,,,-44784,,8845,178774,191018,12244,12244,57028,,-35939,,-39124,,-35701
,3354,律勝,,4801,,,,-0.29,2,,上櫃,115,1981,,,,,-20010,-15209,,,,-20010,,,-27868,,9839,43791,65018,21227,21227,49095,,-18029,,-15209,,-20010
,3357,臺慶科,,1575184,,,,6.33,2,1598,上櫃,115,133342,,,2428,,718551,2293735,,,,727256,-8705,,634307,,217586,2742498,3913502,1171004,1170174,535867,,851893,,2301541,-7806,718551
,3360,尚立,,1518,,,,0.02,2,,上櫃,115,6463,,,,,-8341,-6823,,,,1497,-9838,,23374,,-25252,5085576,5250465,164889,164889,141515,,-1878,,3075,-9898,-8341
,3362,先進光,,33545,,,,-1.88,2,,上櫃,115,-47898,,,,,-269365,-235820,,,,-269077,-288,,-313046,,-4217,1833815,2058158,224343,224343,537389,,-317263,,-235431,-389,-269365
,3363,上詮,,2647,,,,-1.18,2,,上櫃,115,-30645,,,,,-131897,-129250,,,,-131897,,,-248050,,85508,802981,811157,8176,8176,256226,,-162542,,-129250,,-131897
,3372,典範,,,,,,-0.10,2,,上櫃,115,0,,,,,-18401,-18401,,,,,,,-26014,,7613,628452,648001,19549,19549,45563,,-18401,,,,-18401
,3373,熱映,,14471,,,,-0.35,2,,上櫃,115,-3767,,,,,-16490,-2019,,,,-16490,,,-28821,,8564,178485,213998,35513,35513,64334,,-20257,,-2019,,-16490
,3374,精材,29427,,,,,2.88,2,,上櫃,115,182421,,,,,780742,780742,,,,,,,938552,,24611,2926628,4098395,1171767,1171767,262642,,963163,,,,780742
,3379,彬台,,6799,,,,-0.93,2,,上櫃,115,16016,,,,,-35341,-28542,,,,-35341,,,-24052,,4727,233705,298847,65142,65142,89194,,-19325,,-28542,,-35341
,3388,崇越電,,127622,,,,3.41,2,,上櫃,115,116884,,,,,266736,394358,,,,254609,12127,,357542,,26078,3494456,4385264,890808,890808,533266,,383620,,381277,13081,266736
,3390,旭軟,,82967,,,,-0.50,2,,上櫃,115,152,,,,,-39319,43648,,,,-39319,,,-13197,,-25970,423069,486816,63747,63747,76944,,-39167,,43648,,-39319
,3402,漢科,,25412,,,,3.64,2,,上櫃,115,80642,,,,,265811,291223,,,,265811,,,345069,,1384,2324448,2944266,619818,619818,274749,,346453,,291223,,265811
,3430,奇鈦科,,8226,,,,2.68,2,,上櫃,115,32211,,,,,90436,98662,,,,90436,,,112478,,10169,737070,972559,235489,235489,123011,,122647,,98662,,90436
,3434,哲固,,51,,,,0.18,2,,上櫃,115,1585,,,,,6342,6393,,,,6342,,,1952,,5975,205632,256215,50583,50583,48631,,7927,,6393,,6342
,3438,類比科,,660778,,,,0.63,2,,上櫃,115,4928,,,,,29538,690316,,,,,,,11852,,22614,276222,448223,172001,172001,160149,,34466,,,,29538
,3441,聯一光電,,16424,,,,1.16,2,,上櫃,115,16793,,,,,47602,64026,,,,46399,1203,,43945,,20450,167797,255240,87443,87443,43498,,64395,,62199,1827,47602
,3444,利機,,4065,,,,1.05,2,,上櫃,115,8854,,,,,47225,51290,,,,47225,,,25360,,30719,524497,653233,128736,128736,103376,,56079,,51290,,47225
,3455,由田,,68040,,,,-0.44,2,,上櫃,115,-23855,,,,,-26139,41901,,,,-26139,,,-87744,,37750,216683,502712,286029,286029,373773,,-49994,,41901,,-26139
,3465,進泰電子,,16896,,,,-0.73,2,,上櫃,115,-1077,,,,,-42279,-25383,,,,-25878,-16401,,-58434,,15078,836642,954129,117487,117487,175921,,-43356,,-10961,-14422,-42279
,3466,德晉,,4904,,,,-0.59,2,,上櫃,115,72,,,,,-45921,-41017,,,,-45921,,,-70509,,24660,124021,136568,12547,12547,83056,,-45849,,-41017,,-45921
,3467,台灣精材,,,,,,0.80,2,,上櫃,115,6150,,,,,24831,24831,,,,,,,29059,,1922,282082,374815,92733,92733,63674,,30981,,,,24831
,3479,安勤,0,25162,,,,3.95,2,0,上櫃,115,110299,,,0,,310299,335461,,,,285918,24381,,377228,,43370,3384835,4574828,1189993,1189993,812765,,420598,0,306607,28854,310299
,3483,力致,,162664,,,,0.69,2,,上櫃,115,33207,,,,,67462,230126,,,,67462,,,18862,,81807,3540977,4240984,700007,700007,681145,,100669,,230126,,67462
,3484,崧騰,,81626,,,,1.30,2,,上櫃,115,52273,,,,,104140,185766,,,,102336,1804,,151793,,4620,1798225,2286420,488195,488195,336402,,156413,,183432,2334,104140
,3485,敘豐,,4952,,,,2.93,2,,上櫃,115,26911,,,,,104148,109100,,,,104148,,,101995,,29064,142624,297848,155224,155224,53229,,131059,,109100,,104148
,3489,森寶,104,,,,,0.03,2,,上櫃,115,5518,,,,,2622,2622,,,0,2622,0,,9507,,-1367,489389,513051,23662,23662,14259,,8140,0,2622,0,2622
,3490,單井,,11644,,,,6.15,2,,上櫃,115,22014,,,,,338059,349703,,,,338059,,,-31351,,391424,101085,121087,20002,20002,51353,,360073,,349703,,338059
,3491,昇達科,,162833,,,,8.15,2,,上櫃,115,113197,,,,,560966,723799,,,,560965,1,,555087,,119076,829153,1922184,1093031,1093031,537944,,674163,,723798,1,560966
,3492,長盛,,11639,,,,0.51,2,0,上櫃,115,7109,,,0,,18256,29895,,,0,18256,0,,22668,,2697,315275,432954,117679,117679,95011,,25365,0,29895,0,18256
,3498,陽程,,54809,,,,3.26,2,,上櫃,115,52918,,,,,196744,251553,,,,197113,-369,,230010,,19652,621597,1065066,443469,443469,213459,,249662,,251979,-426,196744
,3499,環天科,,6531,,,,-0.83,2,,上櫃,115,-2577,,,,,-45727,-39196,,,0,-45727,0,,-48407,,103,119600,146791,27191,27191,75598,,-48304,,-39196,0,-45727
,3508,位速,,-2310,,,,-0.34,2,,上櫃,115,9387,,,,,-40841,-43151,,,,-34961,-5880,,-71684,,40230,410959,459827,48868,48868,120552,,-31454,,-37654,-5497,-40841
,3511,矽瑪,,7008,,,,-0.41,2,,上櫃,115,531,,,,,-43208,-36200,,,,-33122,-10086,,-40881,,-1796,794706,930872,136166,136166,177047,,-42677,,-26114,-10086,-43208
,3512,皇龍,,,,,,0.45,2,,上櫃,115,8242,,,,,51300,51300,,,,51300,,,59771,,-229,161921,272699,110778,110778,51007,,59542,,51300,,51300
,3516,亞帝歐,,33704,,,,0.43,2,,上櫃,115,8463,,,,,36592,70296,,,,25893,10699,,23354,,21701,444523,568167,123644,123644,100290,,45055,,59597,10699,36592
,3520,華盈,,8173,,,,-0.18,2,,上櫃,115,-1962,,,,,-12376,-4203,,,,-12376,0,,-4714,,-9624,557050,626931,69881,69881,74595,,-14338,,-4203,0,-12376
,3521,台鋼建設,,-23689,,,,1.96,2,,上櫃,115,-12566,,,,,306686,282997,,,,306686,,,-42874,,336994,16004,11523,-4481,-4481,38393,,294120,,282997,,306686
,3522,御嵿,,-389,,,,-0.49,2,,上櫃,115,721,,,,,-55930,-56319,,,,-49369,-6561,,-42243,,-12966,344917,684440,339523,339523,381766,,-55209,,-49758,-6561,-55930
,3523,迎輝,,0,,,,-0.89,2,,上櫃,115,488,,,,,-56572,-56572,,,,-56887,315,,-55931,,-153,60958,40969,-19989,-19989,35942,,-56084,,-56887,315,-56572
,3526,凡甲,,190828,,,,9.08,2,,上櫃,115,125156,,,,,598414,789242,,,,598414,0,,724689,,-1119,1180820,2311896,1131076,1131076,406387,,723570,,789242,0,598414
,3527,聚積,,25626,,,,0.15,2,,上櫃,115,11296,,,,,6768,32394,,,,6768,,,43,,18021,440033,732704,292671,292671,292628,,18064,,32394,,6768
,3529,力旺,,226,,,,15.75,2,,上櫃,115,176030,,,,,1210908,1211134,,,,1176041,34867,,1328484,,58454,0,2190620,2190620,2190620,862136,,1386938,,1176167,34967,1210908
,3531,先益,,28560,,,,0.17,2,,上櫃,115,10766,,,,,8636,37196,,,,10094,-1458,,-20708,,40110,439493,530995,91502,91502,112210,,19402,,38654,-1458,8636
,3537,堡達,,8416,,,,2.13,2,-260,上櫃,115,29918,,,,,119494,127910,,,,119494,,,132289,,17123,1297848,1531944,234096,233836,101547,,149412,,127910,,119494
,3540,曜越,0,28610,,,,0.16,2,,上櫃,115,-2587,,,550,,5148,33758,,,,11830,-6682,,4915,,-2354,1616053,2285267,669214,668664,663749,,2561,,40440,-6682,5148
,3541,西柏,,90,,,,0.13,2,,上櫃,115,-367,,,,,7050,7140,,,,7050,,,-5372,,12055,322436,501879,179443,179443,184815,,6683,,7140,,7050
,3546,宇峻,,-29713,,,,3.30,2,,上櫃,115,44401,,,,,202528,172815,,,,202528,,,223007,,23922,118986,931901,812915,812915,589908,,246929,,172815,,202528
,3548,兆利,,181525,,,,-1.80,2,,上櫃,115,10629,,,,,-121772,59753,,,,-121772,,,-118550,,7407,3766390,4066277,299887,299887,418437,,-111143,,59753,,-121772
,3551,世禾,,74285,,,,5.40,2,,上櫃,115,82322,,,,,333314,407599,,,,333314,,,360566,,55070,1028889,1672323,643434,643434,282868,,415636,,407599,,333314
,3552,同致,,160361,,,,-1.53,2,,上櫃,115,3674,,,,,-149936,10425,,,,-149936,,,-223256,,76994,3326670,3891209,564539,564539,787795,,-146262,,10425,,-149936
,3555,博士旺,,-130,,,,6.87,2,,上櫃,115,0,,,,,277561,277431,,,,274612,2949,,114884,,162677,232109,451376,219267,219267,104383,,277561,,274545,2886,277561
,3556,禾瑞亞,,384,,,,2.38,2,,上櫃,115,28002,,,,,149017,149401,,,,151404,-2387,,110062,,66957,317126,628281,311155,311155,201093,,177019,,151636,-2235,149017
,3558,神準,61639,4729,,,,0.81,2,,上櫃,115,25537,,,,,75068,79797,,,,47841,27227,,76059,,24546,5537312,6627594,1090282,1090282,1075862,,100605,,52662,27135,75068
,3564,其陽,,6809,,,,0.04,2,,上櫃,115,1149,,,,,2551,9360,,,,2551,,,12056,,-8356,1033593,1368161,334568,334568,322512,,3700,,9360,,2551
,3567,逸昌,,,,,,0.42,2,,上櫃,115,3549,,,,,14334,14334,,,,,,,15644,,2239,94979,133346,38367,38367,22723,,17883,,,,14334
,3570,大塚,,6211,,,,8.05,2,,上櫃,115,38518,,,,,137647,143858,,,,137647,,,174559,,1606,1041888,1432229,390341,390341,215782,,176165,,143858,,137647
,3577,泓格,1148,6018,,,,3.28,2,,上櫃,115,48916,,,,,210005,216023,,,,210005,,,253962,,4959,343554,839172,495618,495618,242804,,258921,,216023,,210005
,3580,友威科,,28499,,,,0.65,2,,上櫃,115,9402,,,,,25540,54039,,,,25540,,,30194,,4748,98071,189510,91439,91439,61245,,34942,,54039,,25540
,3581,博磊,,3454,,,,0.94,2,,上櫃,115,17944,,,,,69790,73244,,,,47726,22064,,52014,,35720,568656,844905,276249,276249,224235,,87734,,51180,22064,69790
,3587,閎康,,150405,,,,2.99,2,,上櫃,115,282868,,,,,206710,357115,,,,206710,0,,453224,,36354,2071713,3068042,996329,996329,543105,,489578,,357115,0,206710
,3594,磐儀,,35153,,,,0.37,2,,上櫃,115,-4807,,,,,23398,58551,,,,35724,-12326,,2376,,16215,801198,1231600,430402,430402,428026,,18591,,63504,-4953,23398
,3597,映興,,8384,,,,0.35,2,,上櫃,115,7967,,,,,13662,22046,,,,13662,,,24503,,-2874,344387,451377,106990,106990,82487,,21629,,22046,,13662
,3609,三一東林,,-1305,,,,-1.88,2,,上櫃,115,-2102,,,,,-71976,-73281,,,,-71976,,,-68775,,-5303,132319,180373,48054,48054,116829,,-74078,,-73281,,-71976
,3611,鼎翰,,995469,,,,9.67,2,,上櫃,115,125575,,,,,460061,1455530,,,,459828,233,,547441,,38195,3989059,5909403,1920344,1920344,1372903,,585636,,1455572,-42,460061
,3615,安可,,-11128,,,,2.17,2,,上櫃,115,4932,,,,,154788,143660,,,,148441,6347,,-43092,,202812,301709,372818,71109,71109,114201,,159720,,137313,6347,154788
,3623,富晶通,,1991,,,,0.64,2,,上櫃,115,1310,,,,,18649,20640,,,,,,,-11543,,31502,129811,133069,3258,3258,14801,,19959,,,,18649
,3624,光頡,,18216,,,,1.86,2,,上櫃,115,72239,,,,,220361,238577,,,,218486,1875,,262062,,30538,1121526,1622899,501373,501373,239311,,292600,,236389,2188,220361
,3625,西勝,,7708,,,,-0.42,2,,上櫃,115,-114,,,,,-46600,-38892,,,,-46600,,,-76782,,30068,190153,221658,31505,31505,108287,,-46714,,-38892,,-46600
,3628,盈正,,18209,,,,0.97,2,,上櫃,115,51507,,,,,43877,62086,,,,43805,72,,94283,,1101,1241782,1749193,507411,507411,413128,,95384,,61994,92,43877
,3629,地心引力,,203,,,,-0.23,2,,上櫃,115,,,,,,-7716,-7513,,,,-7716,,,-8286,,570,14155,21176,7021,7021,15307,,-7716,,-7513,,-7716
,3630,新鉅科,,28115,,,,-0.75,2,,上櫃,115,0,,,,,-152995,-124880,,,,-152995,,,-171987,,18992,1083003,1247923,164920,164920,336907,,-152995,,-124880,,-152995
,3631,晟楠,,22738,,,,-0.35,2,,上櫃,115,3673,,,,,-38699,-15961,,,,-28807,-9892,,-53084,,18058,15053,18072,3019,3019,56103,,-35026,,-6069,-9892,-38699
,3632,研勤,,497,,,,-0.11,2,,上櫃,115,1238,,,,,-5433,-4936,,,,-4639,-794,,-2320,,-1875,61547,142768,81221,81221,83541,,-4195,,-4088,-848,-5433
,3646,艾恩特,,21542,,,,-0.43,2,,上櫃,115,5257,,,,,-17001,4541,,,,-17001,,,3580,,-15324,290093,382981,92888,92888,89308,,-11744,,4541,,-17001
,3663,鑫科,,1341131,,,,0.28,2,,上櫃,115,11343,,,,,32145,1373276,,,,30722,1423,,64792,,-21304,3912628,4095477,182849,182849,118057,,43488,,1350216,23060,32145
,3664,安瑞-KY,,8218,,,,-1.85,2,,上櫃,115,5786,,,,,-127009,-118791,,,,-127009,0,,-99104,,-22119,10325,128510,118185,118185,217289,,-121223,,-118791,0,-127009
,3666,光耀,,-1272,,,,-0.68,2,,上櫃,115,0,,,,,-91891,-93163,,,,-91891,,,-111151,,19260,282045,249921,-32124,-32124,79027,,-91891,,-93163,,-91891
,3672,康聯訊,,-2074,,,,-0.82,2,,上櫃,115,727,,,,,-33501,-35575,,,,-33577,76,,-33038,,264,68949,108428,39479,39479,72517,,-32774,,-35644,69,-33501
,3675,德微,,2659,,,,3.51,2,,上櫃,115,46541,,,,,198392,201051,,,,186221,12171,,243480,,1453,896734,1485502,588768,588768,345288,,244933,,188880,12171,198392
,3680,家登,,2161086,,,,8.09,2,,上櫃,115,135262,,,,,891999,3053085,,,,776702,115297,,691482,,335779,2372926,4179817,1806891,1806891,1115409,,1027261,,2900831,152254,891999
,3684,榮昌,,3970,,,,1.78,2,,上櫃,115,11991,,,,,53904,57874,,,,53904,,,69296,,-3401,386660,586056,199396,199396,130100,,65895,,57874,,53904
,3685,元創精密,,21526,,,,0.21,2,,上櫃,115,21734,,,,,59462,80988,,,,16748,42714,,76791,,4405,554142,723397,169255,169255,92464,,81196,,27596,53392,59462
,3687,歐買尬,,-8064,,,,0.60,2,,上櫃,115,60279,,,,,137409,129345,,,,18036,119373,,173184,,24504,588981,987324,398343,398343,225159,,197688,,16049,113296,137409
,3689,湧德,,122319,,,,4.47,2,,上櫃,115,115937,,,,,413468,535787,,,,399351,14117,,516040,,13365,2918265,4144932,1226667,1226667,710627,,529405,,520607,15180,413468
,3691,碩禾,,-84827,,,,3.34,2,,上櫃,115,65698,,,,,350241,265414,,,,307051,43190,,260031,,155908,4411308,5149797,738489,738489,478458,,415939,,251051,14363,350241
,3693,營邦,,13061,,,,8.66,2,,上櫃,115,95404,,,,,380806,393867,,,,372114,8692,,420560,,55650,3024717,4096640,1071923,1071923,651363,,476210,,384010,9857,380806
,3707,漢磊,,-1108,,,,-0.57,2,,上櫃,115,66188,,,,,-102414,-103522,,,,-224159,121745,,-72514,,36288,3049401,3329828,280427,280427,352941,,-36226,,-225192,121670,-102414
,3709,鑫聯大投控,,62546,,,,6.54,2,,上櫃,115,306171,,,,,820975,883521,,,,821169,-194,,1116759,,10387,25629806,27412574,1782768,1782768,666009,,1127146,,885036,-1515,820975
,3710,連展投控,,145517,,,,-1.41,2,,上櫃,115,13169,,,,,-381280,-235763,,,,-404412,23132,,-200338,,-167773,3147369,3836094,688725,688725,889063,,-368111,,-269424,33661,-381280
,3713,新晶投控,0,1,,,,-0.20,2,211,上櫃,115,4334,,,,,-15661,-15660,,,,-17422,1761,,10984,,-22311,179903,238043,58140,58351,47367,,-11327,,-17421,1761,-15661
,4102,永日,,5241,,,,0.13,2,,上櫃,115,979,,,,,7389,12630,,,,5665,1724,,6966,,1402,209155,276030,66875,66875,59909,,8368,,10906,1724,7389
,4105,東洋,,-19042,,,,3.42,2,12023,上櫃,115,220033,,,12593,,897622,878580,,,,849483,48139,,976534,,141121,1290202,3172151,1881949,1881379,904845,,1117655,,835664,42916,897622
,4107,邦特,,4828,,,,4.29,2,,上櫃,115,85199,,,,,297257,302085,,,,297257,,,372152,,10304,620091,1134636,514545,514545,142393,,382456,,302085,,297257
,4109,加捷生醫,,-862,,,,-0.29,2,,上櫃,115,6176,,,,,-34031,-34893,,,,-34399,368,,2476,,-30331,193928,268119,74191,74191,71715,,-27855,,-35378,485,-34031
,4111,濟生,,78,,,,1.64,2,,上櫃,115,30248,,,,,98283,98361,,,,,,,109733,,18798,443781,731867,288086,288086,178353,,128531,,,,98283
,4113,聯上,,0,,,,-0.46,2,,上櫃,115,490,,,,,-106109,-106109,,,,,,,-24724,,-80895,151416,188026,36610,36610,61334,,-105619,,,,-106109
,4114,健喬,,148,,,,0.80,2,,上櫃,115,113910,,,,,320661,320809,,,,430386,-109725,,407243,,27328,2115978,3549913,1433935,1433935,1026692,,434571,,430306,-109497,320661
,4116,明基醫,,-13305,,,,1.61,2,,上櫃,115,57270,,,,,155790,142485,,,,71547,84243,,159268,,53792,1865165,2753810,888645,888645,729377,,213060,,69756,72729,155790
,4120,友華,,-484135,,,,-2.40,2,,上櫃,115,114804,,,,,-162977,-647112,,,,-207986,45009,,-104220,,56047,1182901,2339899,1156998,1156998,1261218,,-48173,,-690625,43513,-162977
,4121,優盛,,9297,,,,-0.32,2,,上櫃,115,4063,,,,,-38306,-29009,,,,-25698,-12608,,-47946,,13703,1247498,1885058,637560,637560,685506,,-34243,,-16150,-12859,-38306
,4123,晟德,344101,10088,,,,-11.24,2,,上櫃,115,-1671558,,,,,-8481202,-8471114,,,,-8481203,1,,466756,,-10619516,492378,898039,405661,405661,283006,,-10152760,,-8471115,1,-8481202
,4126,太醫,,,,,,2.97,2,,上櫃,115,51770,,,,,215710,215710,,,,,,,251473,,16007,798135,1184631,386496,386496,135023,,267480,,,,215710
,4127,天良,,-3160,,,,1.06,2,,上櫃,115,-909,,,,,48371,45211,,,,48371,,,27496,,19966,152646,383002,230356,230356,202860,,47462,,45211,,48371
,4128,中天,0,-41319,,,,1.10,2,,上櫃,115,0,,,,,500773,459454,,,,648678,-147905,,-268106,,768879,604077,980917,376840,376840,644946,,500773,,562636,-103182,500773
,4129,聯合,0,10599,,,,2.35,2,-1440,上櫃,115,76575,,,,,227509,238108,,,,226550,959,,306276,,-2192,641920,3059504,2417584,2416144,2109868,,304084,,237551,557,227509
,4131,浩泰,,,,,,-0.06,2,,上櫃,115,1812,,,,,-236,-236,,,,-2515,2279,,4594,,-3018,87803,156170,68367,68367,63773,,1576,,-2515,2279,-236
,4138,曜亞,,1863,,,,1.83,2,,上櫃,115,20101,,,,,82081,83944,,,,73108,8973,,80806,,21376,398027,687173,289146,289146,208340,,102182,,75156,8788,82081
,4139,馬光-KY,,9066,,,,-0.90,2,,上櫃,115,5264,,,,,-47516,-38450,,,,-40398,-7118,,-18960,,-23292,477910,531415,53505,53505,72465,,-42252,,-31353,-7097,-47516
,4147,中裕,,2619,,,,-0.21,2,,上櫃,115,,,,,,-56379,-53760,,,,-56379,,,-72403,,16024,139109,321916,182807,182807,255210,,-56379,,-53760,,-56379
,4153,鈺緯,,-734,,,,0.96,2,214,上櫃,115,3666,,,0,,56137,55403,,,,56137,,,58733,,1070,334123,467962,133839,134053,75320,,59803,,55403,,56137
,4154,樂威科-KY,,-4419,,,,-0.40,2,,上櫃,115,0,,,,,-15480,-19899,,,,-14756,-724,,-13660,,-1820,10016,12798,2782,2782,16442,,-15480,,-18689,-1210,-15480
,4157,太景*-KY,,-18568,,,,-0.05,2,,上櫃,115,749,,,,,-35605,-54173,,,,-35605,,,-64313,,29457,8973,18566,9593,9593,73906,,-34856,,-54173,,-35605
,4160,訊聯基因,,-114855,,,,0.24,2,,上櫃,115,-2050,,,,,6519,-108336,,,,6376,143,,-2491,,6960,176754,299758,123004,123004,125495,,4469,,-108479,143,6519
,4161,聿新科,,2297,,,,0.96,2,,上櫃,115,10294,,,,,54985,57282,,,,56116,-1131,,36256,,29023,332763,461887,129124,129124,92868,,65279,,58413,-1131,54985
,4162,智擎,,,,,,1.89,2,,上櫃,115,37427,,,,,271250,271250,,,,,,,246344,,62333,34186,497811,463625,463625,217281,,308677,,,,271250
,4163,鐿鈦,,3648,,,,2.95,2,,上櫃,115,29958,,,,,141996,145644,,,,144421,-2425,,159447,,12507,753627,1304387,550760,550760,391313,,171954,,148063,-2419,141996
,4166,友霖,,-1598,,,,0.40,2,,上櫃,115,32630,,,,,96153,94555,,,,96153,,,124602,,4181,347873,758297,410424,410424,285822,,128783,,94555,,96153
,4167,松瑞藥,,989,,,,2.60,2,,上櫃,115,11499,,,,,862850,863839,,,,862867,-17,,34905,,839444,342324,519518,177194,177194,142289,,874349,,863856,-17,862850
,4168,醣聯,,-786,,,,-1.16,2,,上櫃,115,36,,,,,-130827,-131613,,,,-130827,,,-137423,,6632,8187,13954,5767,5767,143190,,-130791,,-131613,,-130827
,4171,瑞基,,1642,,,,-0.16,2,,上櫃,115,-431,,,,,-10875,-9233,,,,-9255,-1620,,-22544,,11238,26547,112305,85758,85758,108302,,-11306,,-8023,-1210,-10875
,4173,久裕,,-75214,,,,0.42,2,,上櫃,115,6288,,,,,30975,-44239,,,,30975,,,38566,,-1303,635221,787610,152389,152389,113823,,37263,,-44239,,30975
,4174,浩鼎,,4031,,,,-4.85,2,,上櫃,115,5890,,,,,-772396,-768365,,,,-638042,-134354,,-665368,,-101138,62396,20844,-41552,-41552,623816,,-766506,,-634011,-134354,-772396
,4175,杏一,,8983,,,,1.82,2,,上櫃,115,4205,,,,,77121,86104,,,,77206,-85,,102432,,-21106,2633142,3963117,1329975,1329975,1227543,,81326,,86184,-80,77121
,4183,福永生技,,,,,,-0.58,2,,上櫃,115,-905,,,,,-13756,-13756,,,,,,,-15865,,1204,139591,168963,29372,29372,45237,,-14661,,,,-13756
,4188,安克,,22500,,,,-0.45,2,,上櫃,115,12,,,,,-35530,-13030,,,,-28629,-6901,,-40793,,5275,7519,13105,5586,5586,46379,,-35518,,-6129,-6901,-35530
,4192,杏國,,-14,,,,-0.75,2,,上櫃,115,,,,,,-26437,-26451,,,,-26437,0,,-27197,,760,4182,12398,8216,8216,35413,,-26437,,-26451,0,-26437
,4198,欣大健康,,-3660,,,,-0.78,2,,上櫃,115,0,,,1068,,-20428,-24088,,,,-18841,-1587,,-26339,,5911,47130,72869,25739,24671,51010,,-20428,,-22501,-1587,-20428
,4205,中華食,,1596,,,,1.85,2,,上櫃,115,37946,,,,,180528,182124,,,,,,,208724,,9750,622497,984434,361937,361937,153213,,218474,,,,180528
,4207,環泰,,-60188,,,,0.95,2,,上櫃,115,95150,,,,,244910,184722,,,,187745,57165,,334930,,5130,2309330,2834315,524985,524985,190055,,340060,,165785,18937,244910
,4303,信立,,4142,,,,-0.26,2,,上櫃,115,48397,,,,,-22329,-18187,,,,-24769,2440,,4507,,21561,411460,515042,103582,103582,99075,,26068,,-20213,2026,-22329
,4304,勝昱,,303,,,,-0.05,2,,上櫃,115,,,,,,-2990,-2687,,,,-2990,,,2607,,-5597,151202,189323,38121,38121,35514,,-2990,,-2687,,-2990
,4305,世坤,,,,,,2.23,2,,上櫃,115,30614,,,,,122913,122913,,,,,,,119987,,33540,326858,498925,172067,172067,52080,,153527,,,,122913
,4401,東隆興,,4383,,,,0.60,2,,上櫃,115,16502,,,,,76459,80842,,,,74034,2425,,60456,,32505,1771692,1935185,163493,163493,103037,,92961,,77703,3139,76459
,4402,郡都開發,,,,,,-0.10,2,,上櫃,115,0,,,,,-8064,-8064,,,-935,-7129,0,,-12475,,4411,10237,11624,1387,1387,13862,,-8064,-935,-7129,0,-8064
,4406,新昕纖,,10030,,,,-0.42,2,,上櫃,115,0,,,,,-22019,-11989,,,,,,,-29357,,7338,110591,105006,-5585,-5585,23772,,-22019,,,,-22019
,4413,飛寶企業,,-1,,,,0.06,2,,上櫃,115,0,,,,,2012,2011,,,,2012,,,-2278,,4290,191571,239798,48227,48227,50505,,2012,,2011,,2012
,4416,三圓,,-1325,,,,3.87,2,,上櫃,115,18989,,,,,275842,274517,,,,275842,,,1125551,,-830720,942652,2157850,1215198,1215198,89647,,294831,,274517,,275842
,4417,金洲,,44652,,,,2.33,2,,上櫃,115,90873,,,,,211906,256558,,,,195439,16467,,342579,,-39800,1048219,1548813,500594,500594,158015,,302779,,246207,10351,211906
,4419,皇家美食,,0,,,,-0.57,2,,上櫃,115,-286,,,,,-80436,-80436,,,,-97376,16940,,-69595,,-11127,993400,1386794,393394,393394,462989,,-80722,,-97376,16940,-80436
,4420,光明,0,-1850,,,,0.94,2,,上櫃,115,7741,,,,,37932,36082,,,,,,,10609,,35064,443732,478162,34430,34430,23821,,45673,,,,37932
,4430,耀億,,42811,,,,0.12,2,,上櫃,115,17374,,,,,6929,49740,,,,6929,,,23149,,1154,896246,1144970,248724,248724,225575,,24303,,49740,,6929
,4432,銘旺實,,6141,,,,2.96,2,,上櫃,115,12002,,,,,149617,155758,,,,149617,,,42,,161577,345180,448947,103767,103767,103725,,161619,,155758,,149617
,4433,興采,,14006,,,,-1.38,2,,上櫃,115,30219,,,,,-19031,-5025,,,,-83474,64443,,-137434,,148622,973625,1111616,137991,137991,275425,,11188,,-76359,71334,-19031
,4442,竣邦-KY,,12930,,,,2.80,2,,上櫃,115,30135,,,,,89451,102381,,,,89451,,,114629,,4957,732403,1009856,277453,277453,162824,,119586,,102562,-181,89451
,4502,健信,,-8196,,,,0.20,2,,上櫃,115,1451,,,,,10157,1961,,,,11148,-991,,-3616,,15224,470101,573582,103481,103481,107097,,11608,,2930,-969,10157
,4503,金雨,,1923,,,,2.28,2,,上櫃,115,21339,,,,,178475,180398,,,,178494,-19,,82219,,117595,210657,343178,132521,132521,50302,,199814,,180417,-19,178475
,4506,崇友,,6976,,,,4.45,2,,上櫃,115,167550,,,,,788548,795524,,,,788360,188,,800067,,156031,2247176,3395769,1148593,1148593,348526,,956098,,795336,188,788548
,4510,高鋒,,-50030,,,,1.26,2,,上櫃,115,9638,,,,,243701,193671,,,,136857,106844,,-63217,,316556,769765,905127,135362,135362,198579,,253339,,86646,107025,243701
,4513,福裕,,3256,,,,-0.05,2,,上櫃,115,8764,,,,,-7046,-3790,,,,-7046,0,,-3467,,5185,1169072,1328255,159183,159183,162650,,1718,,-3790,0,-7046
,4523,永彰,,4097,,,,-0.92,2,,上櫃,115,25812,,,,,-71594,-67497,,,,-58857,-12737,,-55658,,9876,463135,580651,117516,117516,173174,,-45782,,-54760,-12737,-71594
,4527,方方土霖,,21854,,,,1.65,2,,上櫃,115,36455,,,,,127175,149029,,,,125563,1612,,154669,,8961,979235,1322114,342879,342879,188210,,163630,,143856,5173,127175
,4528,江興鍛,,102158,,,,-0.61,2,,上櫃,115,7464,,,,,-51736,50422,,,,-51736,0,,-33967,,-10305,631259,714332,83073,83073,117040,,-44272,,50422,0,-51736
,4529,淳紳,,-24219,,,,-0.30,2,,上櫃,115,489,,,,,-25313,-49532,,,,-25199,-114,,-18559,,-6265,5647,9825,4178,4178,22737,,-24824,,-49418,-114,-25313
0,4530,天意能創,,23,,,,-0.58,2,,上櫃,115,4317,,,,,-26351,-26328,,,,-20789,-5562,,-23089,,1055,159641,173677,14036,14036,37125,,-22034,,-20766,-5562,-26351
,4533,協易機,,-5864,,,,0.13,2,,上櫃,115,7624,,,,,20460,14596,,,,20460,,,-48739,,76823,1494121,1905868,411747,411747,460486,,28084,,14596,,20460
,4534,慶騰,,17950,,,,-0.07,2,,上櫃,115,10349,,,,,-6387,11563,,,,-6387,,,-2467,,6429,412014,490444,78430,78430,80897,,3962,,11563,,-6387
,4535,至興,,12989,,,,0.58,2,,上櫃,115,42391,,,,,89204,102193,,,,43859,45345,,110041,,21554,1040032,1258961,218929,218929,108888,,131595,,56256,45937,89204
,4538,大詠城,,,,,,0.22,2,,上櫃,115,3758,,,,,12813,12813,,,,,,,9873,,6698,159968,191091,31123,31123,21250,,16571,,,,12813
,4541,晟田,,,,,,1.95,2,,上櫃,115,24207,,,,,132125,132125,,,,,,,159842,,-3510,759680,1000527,240847,240847,81005,,156332,,,,132125
,4542,科嶠,,26212,,,,1.49,2,,上櫃,115,18145,,,,,50170,76382,,,,50657,-487,,65746,,2569,338744,554965,216221,216221,150475,,68315,,76560,-178,50170
,4543,萬在,,-1286,,,,1.37,2,,上櫃,115,20881,,,,,81898,80612,,,,81898,,,77247,,25532,330881,486068,155187,155187,77940,,102779,,80612,,81898
,4549,桓達,,10923,,,,2.28,2,,上櫃,115,32287,,,,,129778,140701,,,,129784,-6,,135923,,26142,213919,573468,359549,359549,223626,,162065,,140712,-11,129778
,4550,長佳,,345,,,,0.88,2,,上櫃,115,8321,,,,,33451,33796,,,,33451,,,38494,,3278,283716,365132,81416,81416,42922,,41772,,33796,,33451
,4554,橙的,,-3612,,,,0.92,2,,上櫃,115,1679,,,,,24121,20509,,,,24121,0,,17906,,7894,148882,266642,117760,117760,99854,,25800,,20509,0,24121
,4556,旭然,,13726,,,,0.37,2,,上櫃,115,6883,,,,,15726,29452,,,,15726,,,24334,,-1725,213103,343843,130740,130740,106406,,22609,,29452,,15726
,4558,寶緯,,,,,,0.50,2,,上櫃,115,7790,,,,,25255,25255,,,,,,,43259,,-10214,789217,885823,96606,96606,53347,,33045,,,,25255
,4561,健椿,,,,,,1.09,2,,上櫃,115,15359,,,,,63791,63791,,,,,,,73318,,5832,419077,563524,144447,144447,71129,,79150,,,,63791
,4563,百德,,12260,,,,-0.40,2,,上櫃,115,12410,,,0,,-29671,-17411,,,,-21786,-7885,,67096,,-84357,929791,1290221,360430,360430,293334,,-17261,,-12884,-4527,-29671
,4568,科際精密,,9995,,,,0.51,2,,上櫃,115,3865,,,,,16180,26175,,,,16180,,,17393,,2652,435547,597988,162441,162441,145048,,20045,,26175,,16180
,4577,達航科技,,5497,,,,-0.08,2,,上櫃,115,74,,,,,-3745,1752,,,,-3745,,,5956,,-9627,342506,453906,111400,111400,105444,,-3671,,1752,,-3745
,4580,捷流閥業,,34379,,,,3.18,2,,上櫃,115,31668,,,,,148977,183356,,,,148977,,,132031,,48614,837458,1167244,329786,329786,197755,,180645,,183356,,148977
,4584,君帆,,25777,,,,1.04,2,,上櫃,115,-7048,,,,,31135,56912,,,,31135,,,21025,,3062,378818,538853,160035,160035,139010,,24087,,56912,,31135
,4609,唐鋒,,-4475,,,,-0.16,2,,上櫃,115,0,,,,,-7860,-12335,,,,-7860,,,-40073,,32213,62876,70477,7601,7601,47674,,-7860,,-12335,,-7860
,4702,中美實,,1275,,,,0.77,2,,上櫃,115,5953,,,,,55486,56761,,,,55486,,,-20530,,81969,23406,36808,13402,13402,33932,,61439,,56761,,55486
,4706,大恭,,14600,,,,0.55,2,,上櫃,115,11417,,,,,43164,57764,,,,43153,11,,41790,,12791,477532,592591,115059,115059,73269,,54581,,57753,11,43164
,4707,磐亞,,1883650,,,,0.69,2,,上櫃,115,4869,,,,,279233,2162883,,,,,,,-24841,,308943,593604,617162,23558,23558,48399,,284102,,,,279233
,4711,永純,,,,,,0.70,2,,上櫃,115,10044,,,,,42796,42796,,,,42796,,,48582,,4258,342477,432159,89682,89682,41100,,52840,,42796,,42796
,4714,永捷,,-88936,,,,-0.10,2,,上櫃,115,49699,,,,,-40822,-129758,,,,-17742,-23080,,-21785,,30662,1011027,1184522,173495,173495,195280,,8877,,-110253,-19505,-40822
,4716,大立,,-1003,,,,0.14,2,,上櫃,115,632,,,,,12352,11349,,,,13599,-1247,,-30015,,42999,222343,265288,42945,42945,72960,,12984,,12592,-1243,12352
,4721,美琪瑪,,490,,,,3.51,2,,上櫃,115,67525,,,,,262926,263416,,,,262926,,,321911,,8540,1162775,1574765,411990,411990,90079,,330451,,263416,,262926
,4726,永昕,,62,,,,-0.96,2,,上櫃,115,-6485,,,,,-199579,-199517,,,,-199579,,,-178896,,-27168,477339,399907,-77432,-77432,101464,,-206064,,-199517,,-199579
,4728,雙美,,8159,,,,8.52,2,,上櫃,115,174353,,,,,464013,472172,,,,464013,,,621680,,16686,231208,1183086,951878,951878,330198,,638366,,472172,,464013
,4729,熒茂,,51554,,,,0.34,2,,上櫃,115,13807,,,,,30754,82308,,,,27312,3442,,-6078,,50639,409558,527677,118119,118119,124197,,44561,,76226,6082,30754
,4735,豪展,,23936,,,,4.37,2,,上櫃,115,9033,,,,,168361,192297,,,,168361,,,37929,,139465,336473,488288,151815,151815,113886,,177394,,192297,,168361
,4741,泓瀚,,-741,,,,0.83,2,,上櫃,115,1549,,,,,28539,27798,,,,28750,-211,,24904,,5184,181359,280328,98969,98969,74065,,30088,,28376,-578,28539
,4743,合一,,-205726,,,,0.21,2,4559,上櫃,115,10486,,,,,98652,-107074,,,,99064,-412,,-397539,,506677,48935,76528,27593,32152,429691,,109138,,-106662,-412,98652
,4744,皇將,,-17732,,,,-0.27,2,,上櫃,115,-1899,,,,,-15173,-32905,,,,-15173,0,,-32687,,15615,206289,430946,224657,224657,257344,,-17072,,-32905,0,-15173
,4745,合富-KY,,168637,,,,-0.75,2,,上櫃,115,-6201,,,,,-93799,74838,,,,-55780,-38019,,-101190,,1190,1296425,1555987,259562,259562,360752,,-100000,,39991,34847,-93799
,4747,強生*,,-46,,,,1.69,2,,上櫃,115,4423,,,,,76750,76704,,,,76750,,,30741,,50432,180269,293136,112867,112867,82126,,81173,,76704,,76750
,4749,新應材,33,123739,,,,6.94,2,,上櫃,115,128338,,,,,642639,766378,,,,643910,-1271,,623120,,147857,1363831,2478420,1114589,1114589,491502,,770977,,767649,-1271,642639
,4754,國碳科,,2540,,,,2.21,2,,上櫃,115,17333,,,,,66877,69417,,,,66877,,,79276,,4934,173197,351212,178015,178015,98739,,84210,,69417,,66877
,4760,勤凱科技,,233668,,,,5.26,2,,上櫃,115,39232,,,,,166341,400009,,,,,,,186019,,19554,1084801,1338240,253439,253439,67420,,205573,,,,166341
,4767,誠泰科技,,21884,,,,1.67,2,,上櫃,115,8447,,,,,52243,74127,,,,52318,-75,,55054,,5636,320459,461071,140612,140612,85558,,60690,,74162,-35,52243
,4768,晶呈科技,,5950,,,,-0.99,2,,上櫃,115,15135,,,,,-51299,-45349,,,,-47227,-4072,,-22568,,-13596,669271,821214,151943,151943,174511,,-36164,,-41277,-4072,-51299
,4772,台特化,,29079,,,,2.83,2,,上櫃,115,149555,,,,,556287,585366,,,,417454,138833,,712286,,-6444,849727,1749937,900210,900210,187924,,705842,,425052,160314,556287
,4804,大略-KY,,-9021,,,,-0.78,2,,上櫃,115,0,,,,,-55781,-64802,,,,-55781,0,,-43584,,-12197,4,667,663,663,44247,,-55781,,-64802,0,-55781
,4806,桂田文創,,-12,,,,-0.14,2,,上櫃,115,18,,,,,-9502,-9514,,,,-9502,0,,-21540,,12056,79330,103127,23797,23797,45337,,-9484,,-9514,0,-9502
,4903,聯光通,,8720,,,,0.26,2,,上櫃,115,4181,,,,,27491,36211,,,,27491,,,27563,,4109,737131,816627,79496,79496,51933,,31672,,36211,,27491
,4905,台聯電,,52873,,,,8.07,2,,上櫃,115,13579,,,,,255552,308425,,,,236239,19313,,-4537,,273668,323955,445521,121566,121566,126103,,269131,,287546,20879,255552
,4907,富宇,,8640,,,,6.50,2,,上櫃,115,198864,,,,,767965,776605,,,,,,,962972,,3857,1369184,2447908,1078724,1078724,115752,,966829,,,,767965
,4908,前鼎,,4598,,,,1.42,2,,上櫃,115,27842,,,,,111370,115968,,,,,,,125656,,13556,279777,520704,240927,240927,115271,,139212,,,,111370
,4909,新復興,,-352,,,,-0.09,2,,上櫃,115,5441,,,,,-8089,-8441,,,,-8089,0,,-56659,,54011,129388,103475,-25913,-25913,30746,,-2648,,-8441,0,-8089
,4911,德英,,,,,,0.33,2,,上櫃,115,-5575,,,,,22768,22768,,,,,,,13233,,3960,19756,66661,46905,46905,33672,,17193,,,,22768
,4923,力士,,35,,,,0.50,2,,上櫃,115,-434,,,,,16698,16733,,,,16698,,,1246,,15018,371626,515457,143831,143831,142585,,16264,,16733,,16698
,4924,欣厚-KY,,16127,,,,0.23,2,,上櫃,115,2422,,,,,8574,24701,,,,8574,,,2519,,8477,290251,393424,103173,103173,100654,,10996,,24701,,8574
,4931,新盛力,,10743,,,,3.69,2,,上櫃,115,60157,,,,,241636,252379,,,,241636,,,265962,,35831,1470165,1904638,434473,434473,168511,,301793,,252379,,241636
,4933,友輝,,152361,,,,2.91,2,,上櫃,115,31226,,,,,239802,392163,,,,239802,,,234482,,36546,961874,1416375,454501,454501,220019,,271028,,392163,,239802
,4939,亞電,,137465,,,,0.53,2,,上櫃,115,21680,,,,,52396,189861,,,,52396,,,52624,,21452,544601,749246,204645,204645,152021,,74076,,189861,,52396
,4946,辣椒,,0,,,,2.60,2,,上櫃,115,0,,,,,22488,22488,,,,22829,-341,,-11258,,33746,100616,153418,52802,52802,64060,,22488,,22829,-341,22488
,4950,金耘國際,,-3792,,,,0.64,2,,上櫃,115,16340,,,,,56319,52527,,,,37196,19123,,64362,,8297,517192,640039,122847,122847,58485,,72659,,34475,18052,56319
,4951,精拓科,,-407,,,,3.00,2,,上櫃,115,12942,,,,,102549,102142,,,,102549,0,,83045,,32446,62705,267107,204402,204402,121357,,115491,,102142,0,102549
,4953,緯致,,140288,,,,4.88,2,,上櫃,115,81303,,,,,352201,492489,,,,352201,,,422301,,11203,5996670,7022384,1025714,1025714,603413,,433504,,492489,,352201
,4966,譜瑞-KY,,339866,,,,14.43,2,,上櫃,115,105195,,,,,1122529,1462395,,,,1122529,,,1135864,,91860,4923076,8239156,3316080,3316080,2180216,,1227724,,1462395,,1122529
,4971,IET-KY,,-566343,,,,2.31,2,,上櫃,115,21381,,,,,97569,-468774,,,,97592,-23,,118135,,815,342341,588345,246004,246004,127869,,118950,,-468751,-23,97569
,4972,湯石照明,,47037,,,,-0.88,2,,上櫃,115,-8962,,,,,-49404,-2367,,,,-49404,,,-82726,,24360,384256,498373,114117,114117,196843,,-58366,,-2367,,-49404
,4973,廣穎電通,,457881,,,,15.29,2,,上櫃,115,247673,,,,,980670,1438551,,,,980670,,,1215710,,12633,2768479,4523831,1755352,1755352,539642,,1228343,,1438551,,980670
,4974,亞泰,,93181,,,,2.49,2,,上櫃,115,46029,,,,,180756,273937,,,,180756,,,192472,,34313,1727518,2009499,281981,281981,89509,,226785,,273937,,180756
,4979,華星光,,63777,,,,2.91,2,,上櫃,115,120132,,,,,413906,477683,,,,413906,,,487101,,46937,1889906,2482586,592680,592680,105579,,534038,,477683,,413906
,4991,環宇-KY,,183762,,,,2.58,2,,上櫃,115,78773,,,,,300629,484391,,,,306250,-5621,,280185,,99217,761841,1484783,722942,722942,442757,,379402,,490012,-5621,300629
,4995,晶達,,1428,,,,1.82,2,,上櫃,115,132,,,,,77258,78686,,,,77258,,,74696,,2694,486770,708153,221383,221383,146687,,77390,,78686,,77258
,5009,榮剛,,60778,,,,1.00,2,,上櫃,115,138680,,,,,592278,653056,,,,562195,30083,,701252,,29706,4624415,6091166,1466751,1466751,765499,,730958,,627766,25290,592278
,5011,久陽,10069,-70517,,,,0.46,2,,上櫃,115,24202,,,,,52523,-17994,,,,46777,5746,,64263,,12462,2039629,2176927,137298,137298,83104,,76725,,-23740,5746,52523
,5013,強新,,114925,,,,1.36,2,,上櫃,115,93478,,,,,231214,346139,,,,182149,49065,,335649,,-10957,3573409,4146937,573528,573528,237879,,324692,,247087,99052,231214
,5014,建錩,,129139,,,,-0.19,2,,上櫃,115,29593,,,,,-34881,94258,,,,-34878,-3,,169179,,-174467,7647231,8046582,399351,399351,230172,,-5288,,94139,119,-34881
,5015,華祺,,-33761,,,,0.58,2,,上櫃,115,8838,,,,,35071,1310,,,,35071,0,,16708,,27201,475204,597293,122089,122089,105381,,43909,,1310,0,35071
,5016,松和,,1081,,,,1.12,2,,上櫃,115,14626,,,,,55704,56785,,,,55643,61,,71504,,-1174,976029,1110034,134005,134005,62501,,70330,,56668,117,55704
,5201,凱衛,,-15,,,,-0.78,2,,上櫃,115,-1227,,,,,-31327,-31342,,,,-30058,-1269,,-43222,,10668,81047,121666,40619,40619,83841,,-32554,,-30073,-1269,-31327
,5202,力新,,4661,,,,-1.05,2,,上櫃,115,686,,,,,-93833,-89172,,,,-93833,,,-35898,,-57249,19150,69077,49927,49927,85825,,-93147,,-89172,,-93833
,5205,中茂,,,,,,-0.89,2,,上櫃,115,41,,,,,-12114,-12114,,,,-11997,-117,,-12221,,148,15264,16241,977,977,13198,,-12073,,-11997,-117,-12114
,5206,坤悅,,,,,,3.20,2,,上櫃,115,148097,,,,,575949,575949,,,,575949,,,712801,,11245,1367062,2284824,917762,917762,204961,,724046,,575949,,575949
,5209,新鼎,,4689,,,,8.72,2,,上櫃,115,54310,,,,,248495,253184,,,,248495,0,,261654,,41151,1430141,1771742,341601,341601,79947,,302805,,253184,0,248495
,5210,寶碩,,2867,,,,0.50,2,,上櫃,115,-10610,,,,,41425,44292,,,,41425,0,,10716,,20099,38996,131742,92746,92746,82030,,30815,,44292,0,41425
,5211,蒙恬,,2568,,,,-0.26,2,,上櫃,115,375,,,,,-6379,-3811,,,,-8192,1813,,-9436,,3432,72273,128933,56660,56660,66096,,-6004,,-5731,1920,-6379
,5212,凌網,,14184,,,,1.64,2,,上櫃,115,10877,,,,,58324,72508,,,,56836,1488,,68068,,1133,247004,502012,255008,255008,186940,,69201,,70998,1510,58324
,5213,亞昕,,20011,,,,0.30,2,,上櫃,115,360730,,,,,227845,247856,,,,213740,14105,,844332,,-255757,3170025,4612839,1442814,1442814,598482,,588575,,231029,16827,227845
,5220,萬達光電,,185,,,,0.67,2,,上櫃,115,3467,,,,,26448,26633,,,,26448,,,28991,,924,421953,533553,111600,111600,82609,,29915,,26633,,26448
,5223,安力-KY,,435573,,,,-0.66,2,,上櫃,115,6965,,,,,-29526,406047,,,,-29526,,,-17589,,-4972,795252,927020,131768,131768,149357,,-22561,,406047,,-29526
,5227,立凱-KY,,150,,,,-2.87,2,,上櫃,115,0,,,,,-194861,-194711,,,,-194861,,,-196207,,1346,122743,58546,-64197,-64197,132010,,-194861,,-194711,,-194861
,5228,鈺鎧,,129,,,,1.80,2,,上櫃,115,-1790,,,,,68476,68605,,,,,,,67457,,-771,250715,381734,131019,131019,63562,,66686,,,,68476
,5230,雷笛克光學,,60877,,,,-0.18,2,,上櫃,115,596,,,,,-10026,50851,,,,-9644,-382,,-10217,,787,481717,657709,175992,175992,186209,,-9430,,50940,-89,-10026
,5245,智晶,,,,,,-1.44,2,,上櫃,115,1625,,,,,-66101,-66101,,,,-62509,-3592,,-58755,,-5721,364423,387313,22890,22890,81645,,-64476,,-66101,,-66101
,5251,天鉞電,,3957,,,,0.79,2,,上櫃,115,-179,,,,,26812,30769,,,,26812,,,8452,,18181,105289,185159,79870,79870,71418,,26633,,30769,,26812
,5263,智崴,,31596,,,,1.08,2,,上櫃,115,31942,,,,,76577,108173,,,,76577,,,39948,,68571,477084,856317,379233,379233,339285,,108519,,108173,,76577
,5272,笙科,,15689,,,,-1.06,2,,上櫃,115,319,,,,,-58797,-43108,,,,,,,-57430,,-1048,99951,160691,60740,60740,118170,,-58478,,,,-58797
,5274,信驊,,-30100,,,,78.28,2,,上櫃,115,777550,,,,,3256025,3225925,,,,3255141,884,,3744908,,288667,2053647,7018166,4964519,4964519,1219611,,4033575,,3225041,884,3256025
,5276,達輝-KY,,31304,,,,0.50,2,,上櫃,115,16572,,,,,19919,51223,,,,19919,,,53984,,-17493,404663,502289,97626,97626,43642,,36491,,51223,,19919
,5278,尚凡*,,118179,,,,0.63,2,,上櫃,115,90848,,,,,259331,377510,,,,187112,72219,,213709,,136470,618000,1395962,777962,777962,564253,,350179,,275817,101693,259331
,5287,數字,,66719,,,,7.68,2,,上櫃,115,90106,,,,,461179,527898,,,,461084,95,,435149,,116136,362104,1136249,774145,774145,338996,,551285,,527720,178,461179
,5289,宜鼎,,8453,,,,166.45,2,,上櫃,115,4248019,,,,,15883392,15891845,,,,15834429,48963,,19995920,,135491,13245050,35626019,22380969,22380969,2385049,,20131411,,15842864,48981,15883392
,5291,邑昇,,15339,,,,0.92,2,,上櫃,115,13971,,,,,35518,50857,,,,36666,-1148,,49933,,-444,558457,713583,155126,155126,105193,,49489,,52005,-1148,35518
,5299,杰力,,3637,,,,4.69,2,,上櫃,115,24464,,,,,238760,242397,,,,238760,,,94936,,168288,522554,789773,267219,267219,172283,,263224,,242397,,238760
,5301,寶得利,,489,,,,-0.41,2,,上櫃,115,,,,,,-29836,-29347,,,,-27176,-2660,,-26602,,-3234,14163,91890,77727,77727,104329,,-29836,,-26687,-2660,-29836
,5302,太欣,,120,,,,-0.08,2,,上櫃,115,-2,,,,,-13169,-13049,,,,-12647,-522,,-21502,,8331,9277,13466,4189,4189,25691,,-13171,,-12549,-500,-13169
,5309,系統電,,44205,,,,0.06,2,,上櫃,115,638,,,,,-16802,27403,,,,13386,-30188,,-95199,,79035,1346330,1760379,414049,414049,509248,,-16164,,56090,-28687,-16802
,5310,天剛,,,,,,2.13,2,,上櫃,115,2660,,,,,61693,61693,,,,61693,,,-16414,,80767,291,323,32,32,16446,,64353,,61693,,61693
,5312,寶島科,,727812,,,,3.67,2,,上櫃,115,40717,,,,,220205,948017,,,,220205,0,,146485,,114437,789488,2222432,1432944,1432944,1286459,,260922,,948017,0,220205
,5314,世紀*,,16521,,,,0.66,2,,上櫃,115,129104,,,,,250816,267337,,,,190778,60038,,360378,,19542,1680156,2883104,1202948,1202948,842570,,379920,,195434,71903,250816
,5315,光聯,,57411,,,,0.70,2,,上櫃,115,38075,,,,,74233,131644,,,,74233,,,97134,,15174,745372,924309,178937,178937,81803,,112308,,131644,,74233
,5321,美而快,,3,,,,-2.93,2,,上櫃,115,-6330,,,,,-157933,-157930,,,,-156210,-1723,,-48266,,-115997,555543,1104635,549092,549092,597358,,-164263,,-156207,-1723,-157933
,5324,士開,,10458,,,,-0.13,2,,上櫃,115,1456,,,,,-23553,-13095,,,,-30260,6707,,10066,,-32163,271956,480882,208926,208926,198860,,-22097,,-21902,8807,-23553
,5328,華容,,419559,,,,0.40,2,,上櫃,115,21626,,,,,70698,490257,,,,69207,1491,,13294,,79030,399476,524027,124551,124551,111257,,92324,,488766,1491,70698
,5340,建榮,,,,,,1.00,2,,上櫃,115,48886,,,,,195542,195542,,,,,,,232550,,11878,1039667,1335335,295668,295668,63118,,244428,,,,195542
,5344,立衛,,,,,,0.04,2,,上櫃,115,-348,,,,,3416,3416,,,,,,,-5264,,8332,161680,185584,23904,23904,29168,,3068,,,,3416
,5345,馥鴻,,,,,,-0.04,2,,上櫃,115,0,,,,,-1689,-1689,,,,-1689,,,-1562,,-127,15506,21451,5945,5945,7507,,-1689,,-1689,,-1689
,5347,世界,,1491242,,,,2.84,2,,上櫃,115,692636,,,,,5057287,6548529,,,,5220851,-163564,,4987517,,762406,18500975,26776474,8275499,8275499,3287982,,5749923,,6294854,253675,5057287
,5348,正能量智能,,,,,,-0.50,2,,上櫃,115,1169,,,,,-5613,-5613,,,0,-7437,1824,,-3714,,-730,101453,141673,40220,40220,43934,,-4444,0,-7437,1824,-5613
,5351,鈺創,33491,1013198,,,,6.69,2,,上櫃,115,213568,,,,,2153954,3167152,,,,2193988,-40034,,2341259,,26263,4076401,7634098,3557697,3557697,1249929,,2367522,,3205532,-38380,2153954
,5353,台林,,50581,,,,0.95,2,,上櫃,115,4451,,,,,71430,122011,,,,71430,0,,56752,,19129,700241,927530,227289,227289,170537,,75881,,122011,0,71430
,5355,佳總,,2098,,,,-0.18,2,,上櫃,115,2659,,,,,-29209,-27111,,,,-29209,,,-45957,,19407,285379,286593,1214,1214,47171,,-26550,,-27111,,-29209
,5356,協益,,78769,,,,1.02,2,,上櫃,115,3045,,,,,105279,184048,,,,105279,,,34354,,73970,1558218,1772355,214137,214137,179783,,108324,,184048,,105279
,5364,力麗店,,-22385,,,,-0.33,2,,上櫃,115,0,,,,,-22488,-44873,,,,-21276,-1212,,-22176,,-312,69700,75680,5980,5980,28156,,-22488,,-43661,-1212,-22488
,5381,光譜,,-59519,,,,0.49,2,,上櫃,115,37344,,,,,116424,56905,,,,101629,14795,,175583,,-21815,674713,970274,295561,295561,119978,,153768,,42110,14795,116424
,5386,青雲,,1995,,,,42.93,2,,上櫃,115,583795,,,,,2323206,2325201,,,,,,,3012377,,-105376,11529999,15146991,3616992,3616992,604615,,2907001,,,,2323206
,5392,能率,,85752,,,,0.40,2,,上櫃,115,65110,,,,,66544,152296,,,,69998,-3454,,-49681,,181335,3798911,4451100,652189,652189,701870,,131654,,138115,14181,66544
,5398,慕康生醫,,-8055,,,,-0.08,2,,上櫃,115,-254,,,,,-3896,-11951,,,,-3896,,,-11449,,7299,54153,68306,14153,14153,25602,,-4150,,-11951,,-3896
,5403,中菲,,-4132,,,,3.58,2,,上櫃,115,70419,,,,,269439,265307,,,,,,,323853,,16005,986016,1637999,651983,651983,328130,,339858,,,,269439
,5410,國眾,,86,,,,2.41,2,,上櫃,115,48143,,,,,222087,222173,,,,222133,-46,,236462,,33768,2754377,3317390,563013,563013,326551,,270230,,222219,-46,222087
,5425,台半,,41640,,,,1.52,2,,上櫃,115,211265,,,,,668256,709896,,,,372538,295718,,851083,,28438,6591853,9470509,2878656,2878656,2027573,,879521,,481218,228678,668256
,5426,振發,,34189,,,,0.40,2,,上櫃,115,29534,,,,,57178,91367,,,,56926,252,,78862,,7850,791615,1004199,212584,212584,133722,,86712,,91115,252,57178
,5432,新門,,-6607,,,,7.46,2,,上櫃,115,0,,,,,154281,147674,,,,,,,10352,,143929,66425,91705,25280,25280,14928,,154281,,,,154281
,5438,東友,,45110,,,,-0.60,2,,上櫃,115,5158,,,,,-47554,-2444,,,,-47554,,,-72754,,30358,328984,375596,46612,46612,119366,,-42396,,-2444,,-47554
,5439,高技,,-7,,,,8.15,2,,上櫃,115,156616,,,,,757935,757928,,,,757935,,,882297,,32254,4389342,5591086,1201744,1201744,319447,,914551,,757928,,757935
,5443,均豪,,12790006,,,,1.27,2,,上櫃,115,43329,,,,,318425,13108431,,,,203525,114900,,128550,,233204,1373208,2172166,798958,798958,670408,,361754,,11806702,1301729,318425
,5450,南良,,17473,,,,0.42,2,,上櫃,115,14686,,,,,51142,68615,,,,51142,,,54431,,11397,989273,1343831,354558,354558,300127,,65828,,68615,,51142
,5452,佶優,,16161,,,,0.39,2,,上櫃,115,44978,,,,,60750,76911,,,0,58284,2466,,124790,,-19062,2074318,2444532,370214,370214,245424,,105728,0,62856,14055,60750
,5455,昇益,,13056,,,,-0.47,2,,上櫃,115,10537,,,,,-30623,-17567,,,,,,,-14162,,-5924,4997,8015,3018,3018,17180,,-20086,,,,-30623
,5457,宣德,,423059,,,,-1.33,2,1851,上櫃,115,147102,,,5543,,-54148,368911,,,,-249510,195362,,44372,,48582,9216278,10624038,1407760,1404068,1359696,,92954,,-46625,415536,-54148
,5460,同協,-165,11979,,,,0.10,2,,上櫃,115,1083,,,,,5861,17840,,,,5861,,,-424,,7368,90198,133331,43133,43133,43392,,6944,,17840,,5861
,5464,霖宏,,,,,,-0.21,2,,上櫃,115,6642,,,,,-14817,-14817,,,,-14817,,,-55743,,47568,577650,617365,39715,39715,95458,,-8175,,-14817,,-14817
,5465,富驊,,131954,,,,0.98,2,,上櫃,115,10414,,,,,168554,300508,,,,144563,23991,,167042,,11926,1673628,2009633,336005,336005,168963,,178968,,250572,49936,168554
,5468,凱鈺,,,,,,0.14,2,,上櫃,115,0,,,,,8044,8044,,,,8044,,,7471,,573,53756,83625,29869,29869,22398,,8044,,8044,,8044
,5474,聰泰,,,,,,2.52,2,,上櫃,115,3958,,,,,100364,100364,,,,,,,85462,,18860,403209,684944,281735,281735,196273,,104322,,,,100364
,5475,德宏,,45254,,,,1.19,2,,上櫃,115,,,,,,151489,196743,,,,151761,-272,,148990,,2499,552231,829522,277291,277291,128301,,151489,,197015,-272,151489
,5478,智冠,,215003,,,,4.71,2,,上櫃,115,193185,,,,,746850,961853,,,,703688,43162,,798864,,141171,1539398,3615718,2076320,2076320,1277456,,940035,,912622,49231,746850
,5481,新華,,-1,,,,-0.23,2,,上櫃,115,720,,,,,-15176,-15177,,,,-15176,0,,-13819,,-637,22736,43113,20377,20377,34196,,-14456,,-15177,0,-15176
,5483,中美晶,,601714,,,,5.02,2,,上櫃,115,1638681,,,,,7062637,7664351,,,,3084540,3978097,,4550200,,4151118,31212737,40501143,9288406,9288406,4738206,,8701318,,3217294,4447057,7062637
,5487,通泰,,2906,,,,-0.13,2,,上櫃,115,782,,,,,-3226,-320,,,,-3226,0,,-11039,,8595,53673,81954,28281,28281,39320,,-2444,,-320,0,-3226
,5488,松普,,52935,,,,0.03,2,,上櫃,115,6536,,,,,2819,55754,,,,2819,,,17858,,-8503,411481,483705,72224,72224,54366,,9355,,55754,,2819
,5489,彩富,,169,,,,0.74,2,,上櫃,115,13488,,,,,73575,73744,,,,73544,31,,70091,,16972,634538,912818,278280,278280,208189,,87063,,73713,31,73575
,5490,同亨,,16731,,,,1.29,2,,上櫃,115,25524,,,,,120410,137141,,,,120410,,,143373,,2561,507072,899394,392322,392322,248949,,145934,,137141,,120410
,5493,三聯,,-216425,,,,2.76,2,,上櫃,115,60148,,,,,261689,45264,,,,120615,141074,,233648,,88189,2699885,3086696,386811,386811,153163,,321837,,-96097,141361,261689
,5498,凱崴,,103698,,,,0.18,2,,上櫃,115,23982,,,,,37855,141553,,,,34202,3653,,66227,,-4390,870635,1030309,159674,159674,93447,,61837,,137900,3653,37855
,5508,永信建,,,,,,1.75,2,,上櫃,115,95093,,,,,380742,380742,,,,380742,,,524109,,-48274,1050032,1731027,680995,680995,156886,,475835,,380742,,380742
,5511,德昌,,450,,,,5.53,2,,上櫃,115,192497,,,,,746266,746716,,,,752539,-6273,,807878,,130885,4283213,5348633,1065420,1065420,257542,,938763,,752989,-6273,746266
,5512,力麒,14909,-46465,,,,0.06,2,,上櫃,115,120009,,,,,252158,205693,,,,46271,205887,,511670,,-139503,2207606,2964295,756689,756689,259928,,372167,,13933,191760,252158
,5514,三豐,,240667,,,,0.27,2,,上櫃,115,27707,,,,,60361,301028,,,,60373,-12,,86779,,1289,552928,673608,120680,120680,33901,,88068,,301040,-12,60361
,5516,雙喜,,-80,,,,0.47,2,,上櫃,115,6154,,,,,24041,23961,,,,,,,50015,,-19820,1161723,1238115,76392,76392,26377,,30195,,,,24041
,5520,力泰,,395203,,,,5.14,2,,上櫃,115,77632,,,,,311269,706472,,,,308326,2943,,369479,,19422,1464903,1929569,464666,464666,95187,,388901,,703493,2979,311269
,5523,豐謙,,1000,,,,-0.07,2,,上櫃,115,0,,,,,-11265,-10265,,,,-11265,0,,-12631,,1366,266,2260,1994,1994,14625,,-11265,,-10265,0,-11265
,5529,鉅陞,,,,,,1.17,2,,上櫃,115,13234,,,,,123565,123565,,,,123565,,,123439,,13360,366240,570348,204108,204108,80669,,136799,,123565,,123565
,5530,龍巖,34672,2007379,,,,1.69,2,,上櫃,115,97549,,,,,709164,2716543,,,,708065,1099,,537521,,269192,798616,2048327,1249711,1249711,746862,,806713,,2714512,2031,709164
,5536,聖暉*,,2764441,,,,23.73,2,,上櫃,115,1045443,,,,,3557568,6322009,,,,2943825,613743,,4425253,,177758,19277955,24984399,5706444,5706444,1281191,,4603011,,5274883,1047126,3557568
-46138,5543,桓鼎-KY,,14788,,,,1.62,2,,上櫃,115,15154,,,,,96365,111153,,,,75566,20799,,39669,,117988,1361698,1592123,230425,230425,190756,,157657,,88807,22346,142503
,5547,久舜,,,,,,1.10,2,,上櫃,115,14459,,,,,54839,54839,,,,54839,,,67835,,1463,1075616,1215381,139765,139765,71930,,69298,,54839,,54839
,5548,安倉,,,,,,0.64,2,,上櫃,115,9947,,,,,39756,39756,,,,,,,38994,,10709,1195176,1309603,114427,114427,75433,,49703,,,,39756
,5601,台聯櫃,0,,,,,0.20,2,,上櫃,115,3285,,,,,13223,13223,,,,,,,15840,,668,18681,46810,28129,28129,12289,,16508,,,,13223
,5603,陸海,,22552,,,,0.06,2,,上櫃,115,759,,,,,8101,30653,,,,6381,1720,,631,,8229,621708,710302,88594,88594,87963,,8860,,28933,1720,8101
0,5604,中連,,0,,,,0.63,2,,上櫃,115,11570,,,,,68366,68366,,,,68366,,,57393,,22543,13930,81850,67920,67920,10527,,79936,,68366,,68366
,5609,中菲行,,175376,,,,4.03,2,,上櫃,115,108411,,,,,567718,743094,,,,567857,-139,,640138,,35991,14596546,16716233,2119687,2119687,1479549,,676129,,745173,-2079,567718
,5701,劍湖山,,-18972,,,,-0.48,2,,上櫃,115,,,,,,-69135,-88107,,,,-69135,,,-47787,,-21348,133954,227358,93404,93404,141191,,-69135,,-88107,,-69135
0,5703,亞都麗緻,,139,,,,0.43,2,0,上櫃,115,7339,,,0,,30023,30162,,,,30023,,,35226,,2136,131345,250744,119399,119399,84173,,37362,,30162,,30023
,5704,老爺知,,,,,,-0.27,2,,上櫃,115,-186,,,,,-15081,-15081,,,,,,,-18953,,3686,73844,101696,27852,27852,46805,,-15267,,,,-15081
,5864,致和證,,,,,,9.80,2,,上櫃,115,70013,255108,5225386,,16466,4942435,4958901,,,,,,4970278,,42170,,,,,,,,5012448,,,,4942435
,5878,台名,,14261,,,,1.30,2,,上櫃,115,7758,,,,,32639,46900,,,,32639,,,36423,,3974,355312,444799,89487,89487,53064,,40397,,46900,,32639
,5902,德記,,199,,,,1.05,2,,上櫃,115,26731,,,,,99649,99848,,,,99649,,,121477,,4903,813384,1089360,275976,275976,154499,,126380,,99848,,99649
,5903,全家,,-79,,,,3.69,2,,上櫃,115,160441,,,,,860055,859976,,,,824681,35374,,853934,,166562,36889913,56986130,20096217,20096217,19242283,,1020496,,824243,35733,860055
,5904,寶雅*,,,,,,17.45,2,,上櫃,115,457641,,,,,1857619,1857619,,,,,,,2298131,,17129,7709645,14026979,6317334,6317334,4019203,,2315260,,,,1857619
,5905,南仁湖,,8049,,,,0.06,2,,上櫃,115,17849,,,,,4858,12907,,,,16433,-11575,,15270,,7437,1403648,1922675,519027,519027,503757,,22707,,26544,-13637,4858
,6015,宏遠證,,,,,,3.33,2,,上櫃,115,130403,1164715,2396012,,21276,1314455,1335731,1314455,,,,,1231297,,213561,,,,,,,,1444858,,1335731,,1314455
,6016,康和證,,,,,,4.63,2,,上櫃,115,238622,3068148,6663094,,406,3579983,3580389,3575023,4960,,,,3594946,,223659,,,,,,,,3818605,,3576297,4092,3579983
,6020,大展證,,,,,,3.15,2,,上櫃,115,60458,163614,982809,,-123633,793659,670026,793659,0,,,,819195,,34922,,,,,,,,854117,,670026,0,793659
,6021,美好證,,,,,,7.05,2,,上櫃,115,53479,786709,2965216,,1559922,2177336,3737258,2177336,,,,,2178507,,52308,,,,,,,,2230815,,3737258,,2177336
,6023,元大期貨,,,,,,4.19,2,,上櫃,115,417840,2893349,2478953,,276028,1543614,1819642,1543614,,,,,-414396,,2375850,,,,,,,,1961454,,1819642,,1543614
,6026,福邦證,,,,,,1.08,2,,上櫃,115,80236,386428,954050,,299983,427236,727219,427236,0,,,,567622,,-60150,,,,,,,,507472,,727219,,427236
,6028,公勝保經,,,,,,7.31,2,,上櫃,115,43557,,,,,172578,172578,,,,172578,,,214914,,1221,2627943,3078400,450457,450457,235543,,216135,,172578,,172578
,6101,寬魚國際,,127,,,,1.25,2,,上櫃,115,937,,,,,143355,143482,,,,143355,,,103348,,40944,835552,987898,152346,152346,48998,,144292,,143482,,143355
,6103,合邦,,0,,,,-0.38,2,,上櫃,115,231,,,,,-5139,-5139,,,,-5139,,,-6856,,1948,38479,42484,4005,4005,10861,,-4908,,-5139,,-5139
,6104,創惟,,13074,,,,2.87,2,,上櫃,115,40363,,,,,261254,274328,,,,261254,0,,294409,,7208,1163186,2115268,952082,952082,657673,,301617,,274328,0,261254
,6109,亞元,,15499,,,,-0.70,2,,上櫃,115,-336,,,,,-53617,-38118,,,,-53738,121,,-35130,,-18823,334135,426779,92644,92644,127774,,-53953,,-38226,108,-53617
,6111,光聚晶電,,31973,,,,0.39,2,,上櫃,115,52449,,,,,71598,103571,,,,39698,31900,,-146862,,270909,4459756,6156659,1696903,1696903,1843765,,124047,,39916,63655,71598
,6113,亞矽,,11904,,,,0.79,2,,上櫃,115,71,,,,,41295,53199,,,,41295,,,3821,,37545,427106,494863,67757,67757,63936,,41366,,53199,,41295
0,6114,久威,,-127,,,,1.16,2,,上櫃,115,23179,,,,,51074,50947,,,,51074,,,20049,,54204,357038,417362,60324,60324,40275,,74253,,50947,,51074
,6118,建達,,,,,,-0.12,2,,上櫃,115,8552,,,,,-11173,-11173,,,,-11173,,,1362,,-3983,4583553,4820601,237048,237048,235686,,-2621,,-11173,,-11173
,6121,新普,,888562,,,,15.89,2,,上櫃,115,1365080,,,,,3845173,4733735,,,,2939301,905872,,4526868,,683385,32244455,39386203,7141748,7141748,2614880,,5210253,,3589428,1144307,3845173
,6122,擎邦,,-75747,,,,2.19,2,,上櫃,115,41225,,,,,167395,91648,,,,167395,,,203826,,4794,1607270,1875212,267942,267942,64116,,208620,,91648,,167395
,6123,上奇,,28307,,,,1.88,2,,上櫃,115,26573,,,,,162157,190464,,,,113669,48488,,118259,,70471,1919558,2223401,303843,303843,185584,,188730,,144826,45638,162157
,6124,業強,,50071,,,,0.30,2,,上櫃,115,9788,,,,,58689,108760,,,,54615,4074,,20903,,47574,806934,946971,140037,140037,119134,,68477,,104686,4074,58689
,6125,廣運,,60821,,,,0.15,2,,上櫃,115,4929,,,,,-102973,-42152,,,,38463,-141436,,-179857,,81813,1439016,1858521,419505,419505,599362,,-98044,,77777,-119929,-102973
,6126,信音,,275531,,,,0.54,2,,上櫃,115,40236,,,,,156029,431560,,,,68865,87164,,162061,,34204,2355277,2913057,557780,557780,395719,,196265,,224003,207557,156029
,6127,九豪,,83967,,,,-1.10,2,,上櫃,115,-11754,,,,,-118368,-34401,,,,-118368,,,-118703,,-11419,484453,510232,25779,25779,144482,,-130122,,-34401,,-118368
,6129,普誠,,21846,,,,-0.20,2,,上櫃,115,147,,,,,-34013,-12167,,,,-36452,2439,,-82644,,48778,476804,721976,245172,245172,327816,,-33866,,-15028,2861,-34013
,6130,上亞科技,,-966,,,,-0.03,2,,上櫃,115,-7860,,,,,-3146,-4112,,,,-1457,-1689,,-8509,,-2497,54359,88969,34610,34610,43119,,-11006,,-2423,-1689,-3146
,6134,萬旭,,189828,,,,0.42,2,,上櫃,115,11138,,,,,36637,226465,,,,34122,2515,,49722,,-1947,949476,1211609,262133,262133,212411,,47775,,222585,3880,36637
,6138,茂達,,1570,,,,7.64,2,,上櫃,115,166956,,,,,717484,719054,,,,559760,157724,,796284,,88156,2479055,4042715,1563660,1563660,767376,,884440,,561330,157724,717484
,6140,訊達電腦,,6380,,,,0.60,2,,上櫃,115,9337,,,,,32939,39319,,,,32939,,,13950,,28326,804421,884731,80310,80310,66360,,42276,,39319,,32939
,6143,振曜,,24496,,,,3.03,2,,上櫃,115,95741,,,,,406463,430959,,,,260420,146043,,450623,,51581,3400317,4312091,911774,911774,461151,,502204,,272777,158182,406463
,6144,得利影,,5407,,,,0.10,2,,上櫃,115,0,,,,,3812,9219,,,,,,,-13978,,17790,45338,76028,30690,30690,44668,,3812,,,,3812
,6146,耕興,,205617,,,,6.04,2,,上櫃,115,146229,,,,,635791,841408,,,,615348,20443,,753807,,28213,1299456,2433737,1134281,1134281,380474,,782020,,799212,42196,635791
,6147,頎邦,,11257434,,,,1.87,2,,上櫃,115,476274,,,,,1387413,12644847,,,,1387413,,,2065955,,-202268,9028124,12388063,3359939,3359939,1293984,,1863687,,12644847,,1387413
0,6148,驊宏資,,0,,,,0.17,2,,上櫃,115,1464,,,,,8068,8068,,,,8068,0,,8214,,1318,180014,242347,62333,62333,54119,,9532,,8068,0,8068
,6150,撼訊,,19871,,,,2.46,2,,上櫃,115,39961,,,,,117478,137349,,,,118999,-1521,,173860,,-16421,2206962,2592084,385122,385122,211262,,157439,,138870,-1521,117478
,6151,晉倫,,16714,,,,1.91,2,,上櫃,115,36621,,,,,105371,122085,,,,105371,0,,133231,,8761,701375,957049,255674,255674,122443,,141992,,122085,0,105371
,6154,順發,,6005,,,,0.75,2,,上櫃,115,15143,,,,,59933,65938,,,,59933,,,74329,,747,1619493,2008775,389282,389282,314953,,75076,,65938,,59933
,6156,松上,,85152,,,,0.08,2,,上櫃,115,49204,,,,,50484,135636,,,,8761,41723,,43356,,56332,2658072,3105143,447071,447071,403715,,99688,,68300,67336,50484
,6158,禾昌,,72678,,,,-1.25,2,,上櫃,115,-19296,,,,,-67478,5200,,,,-67478,,,-72781,,-13993,757979,896543,138564,138564,211345,,-86774,,5200,,-67478
,6160,欣技,,499,,,,-0.82,2,,上櫃,115,-1730,,,,,-56373,-55874,,,,-56210,-163,,-62586,,4483,329169,513507,184338,184338,246924,,-58103,,-55711,-163,-56373
,6161,捷波,,18970,,,,2.56,2,,上櫃,115,32253,,,,,143698,162668,,,,143698,,,109825,,66126,516598,799799,283201,283201,173376,,175951,,162668,,143698
,6163,華電網,,94748,,,,-0.18,2,,上櫃,115,6611,,,,,-29963,64785,,,,-27117,-2846,,-27977,,4625,2500886,3030648,529762,529762,557739,,-23352,,67631,-2846,-29963
,6167,久正,,25668,,,,-0.16,2,,上櫃,115,659,,,,,-23513,2155,,,,-23513,0,,-74593,,51739,580847,612891,32044,32044,106637,,-22854,,2155,0,-23513
,6169,昱泉,,-571,,,,-1.40,2,,上櫃,115,-20,,,,,-32717,-33288,,,,-32717,,,-36868,,4131,1839,248,-1591,-1591,35277,,-32737,,-33288,,-32717
,6170,統振,,1955,,,,2.18,2,,上櫃,115,51834,,,,,213613,215568,,,,212478,1135,,155475,,109972,1074077,1588620,514543,514543,359068,,265447,,214433,1135,213613
,6171,大城地產,,,,,,0.36,2,,上櫃,115,17959,,,,,35657,35657,,,,,,,52471,,1145,68301,138802,70501,70501,18030,,53616,,,,35657
,6173,信昌電,,940368,,,,2.98,2,,上櫃,115,131509,,,,,510848,1451216,,,,510848,,,513092,,129265,1707324,2392252,684928,684928,171836,,642357,,1451216,,510848
,6174,安碁,,-9192,,,,0.77,2,,上櫃,115,7103,,,,,38540,29348,,,,38540,,,47282,,-1639,232085,364370,132285,132285,85003,,45643,,29348,,38540
,6175,立敦,,208027,,,,1.70,2,,上櫃,115,64978,,,,,326817,534844,,,,254586,72231,,352943,,38852,1985101,2534861,549760,549760,196817,,391795,,420578,114266,326817
,6179,亞通,,-21591,,,,1.20,2,,上櫃,115,49146,,,,,178326,156735,,,,189720,-11394,,317303,,-89831,3334061,3815408,481347,481347,164044,,227472,,168129,-11394,178326
,6180,橘子,,-3943,,,,-0.26,2,,上櫃,115,-34102,,,,,-35834,-39777,,,,-44800,8966,,-70898,,962,3236529,4418005,1181476,1181476,1252374,,-69936,,-52299,12522,-35834
,6182,合晶,,766025,,,,0.06,2,,上櫃,115,29290,,,,,82722,848747,,,,33298,49424,,116841,,-4829,4104487,5189987,1085500,1085500,968659,,112012,,321524,527223,82722
,6185,幃翔,,39700,,,,-0.02,2,,上櫃,115,1556,,,,,-3609,36091,,,,-3609,,,-61046,,58993,302546,349325,46779,46779,107825,,-2053,,36091,,-3609
,6186,新潤,,,,,,2.25,2,,上櫃,115,158105,,,,,439013,439013,,,,,,,578255,,18863,2976420,3859377,882957,882957,304702,,597118,,,,439013
,6187,萬潤,,942085,,,,11.90,2,,上櫃,115,208385,,,,,1135887,2077972,,,,1151430,-15543,,1111110,,233162,1745574,3766081,2020507,2020507,909397,,1344272,,2093515,-15543,1135887
,6188,廣明,,226512,,,,0.99,2,,上櫃,115,98662,,,,,339162,565674,,,,275019,64143,,202125,,235699,3053180,4136813,1083633,1083633,881508,,437824,,493386,72288,339162
,6190,萬泰科,,56117,,,,1.35,2,,上櫃,115,97416,,,,,281134,337251,,,,248501,32633,,354458,,24092,4636554,5470580,834026,834026,479568,,378550,,302947,34304,281134
,6194,育富,,54618,,,,0.09,2,,上櫃,115,6421,,,,,4457,59075,,,,4457,,,-1432,,12310,450254,488351,38097,38097,39529,,10878,,59075,,4457
,6195,詩肯,,1399,,,,1.73,2,,上櫃,115,24544,,,,,87035,88434,,,,87035,0,,116169,,-4590,543753,1275551,731798,731798,615629,,111579,,88434,0,87035
,6198,瑞築,,6,,,,-0.19,2,,上櫃,115,3696,,,,,-32337,-32331,,,,-32304,-33,,-30525,,1884,34,118,84,84,30609,,-28641,,-32298,-33,-32337
0,6199,天品,,-23576,,,,2.07,2,,上櫃,115,53381,,,,,136005,112429,,,,128020,7985,,172487,,16899,269048,483490,214442,214442,41955,,189386,,104456,7973,136005
,6203,海韻電,,7309,,,,1.89,2,,上櫃,115,57908,,,,,155548,162857,,,,155548,,,112936,,100520,706867,1013245,306378,306378,193442,,213456,,162857,,155548
,6204,艾華,,-9923,,,,0.48,2,,上櫃,115,4982,,,,,11137,1214,,,,11137,,,16372,,-253,136986,206596,69610,69610,53238,,16119,,1214,,11137
,6207,雷科,,185856,,,,1.11,2,,上櫃,115,10908,,,,,89963,275819,,,,90254,-291,,34166,,66705,417734,604501,186767,186767,152601,,100871,,276110,-291,89963
,6208,日揚,,23173,,,,3.12,2,,上櫃,115,22047,,,,,288014,311187,,,,294878,-6864,,147330,,162731,1230171,1763796,533625,533625,386295,,310061,,318051,-6864,288014
,6210,慶生,-630,,,,,-0.63,2,,上櫃,115,-54,,,,,-21937,-21937,,,,,,,-23487,,1496,210754,214262,3508,3508,26365,,-21991,,,,-21937
,6212,理銘,,0,,,,0.96,2,,上櫃,115,47299,,,,,98344,98344,,,,,,,158786,,-13143,337509,551396,213887,213887,55101,,145643,,,,98344
,6217,中探針,,50805,,,,-0.19,2,,上櫃,115,-12002,,,,,-23641,27164,,,,-21604,-2037,,-29103,,-6540,1786637,2272219,485582,485582,514685,,-35643,,28811,-1647,-23641
,6218,豪勉,,-2934,,,,2.41,2,,上櫃,115,11587,,,,,154929,151995,,,,154929,0,,52924,,113592,616920,800866,183946,183946,131022,,166516,,151995,0,154929
,6219,富旺,,200,,,,-0.07,2,,上櫃,115,5669,,,,,-9169,-8969,,,,-9169,,,67623,,-71123,976070,1274643,298573,298573,230950,,-3500,,-8969,,-9169
,6220,岳豐,,55837,,,,-0.03,2,,上櫃,115,48002,,,,,-4784,51053,,,,-4784,0,,188999,,-145781,3663895,4947052,1283157,1283157,1094158,,43218,,51053,0,-4784
,6221,晉泰,,-87869,,,,1.22,2,,上櫃,115,69994,,,,,205821,117952,,,,205821,0,,238133,,37682,1440402,1964949,524547,524547,286414,,275815,,117952,0,205821
,6222,立軒,,-16039,,,,-0.10,2,,上櫃,115,11,,,,,-8936,-24975,,,,-8936,0,,-10213,,1288,1029,1351,322,322,10535,,-8925,,-24975,0,-8936
-5348,6223,旺矽,,280843,,,,28.08,2,,上櫃,115,674624,,,,,2751299,3032142,,,,2751299,0,,3074861,,356410,3773524,9166454,5392930,5392930,2318069,,3431271,,3032142,0,2756647
,6227,茂綸,,4175,,,,6.84,2,,上櫃,115,145094,,,,,535086,539261,,,,520305,14781,,701363,,-21183,10687321,11834408,1147087,1147087,445724,,680180,,524480,14781,535086
,6228,全譜,,167,,,,-0.29,2,,上櫃,115,,,,,,-7558,-7391,,,,-7558,,,-9639,,2081,14717,23224,8507,8507,18146,,-7558,,-7391,,-7558
,6229,研通,,12161,,,,0.75,2,,上櫃,115,8359,,,,,30281,42442,,,,30281,,,19625,,19015,1329953,1468606,138653,138653,119028,,38640,,42442,,30281
,6231,系微,,9752,,,,3.63,2,,上櫃,115,58813,,,,,165613,175365,,,,165613,,,207247,,17179,206084,903566,697482,697482,490235,,224426,,175365,,165613
,6233,旺玖,,185607,,,,0.22,2,,上櫃,115,33,,,,,18016,203623,,,,18016,,,-10048,,28097,107432,194933,87501,87501,97549,,18049,,203623,,18016
,6234,高僑,,24283,,,,0.32,2,,上櫃,115,11687,,,,,32603,56886,,,,32603,,,-4586,,48876,254237,276427,22190,22190,26776,,44290,,56886,,32603
,6236,中湛,,991,,,,0.00,2,,上櫃,115,0,,,,,-52,939,,,,-52,,,-1150,,1098,2701,16062,13361,13361,14511,,-52,,939,,-52
,6237,驊訊,,353,,,,-0.43,2,,上櫃,115,65,,,,,-34122,-33769,,,,-34122,0,,-36982,,2925,173675,290236,116561,116561,153543,,-34057,,-33769,0,-34122
,6240,松崗,,-51815,,,,-0.59,2,,上櫃,115,-34,,,,,-13423,-65238,,,,-13423,,,665,,-14122,11801,24989,13188,13188,12523,,-13457,,-65238,,-13423
,6241,鑫永洋,,,,,,0.38,2,,上櫃,115,,,,,,13446,13446,,,,,,,22653,,-9207,295630,354557,58927,58927,36274,,13446,,,,13446
,6242,立康,,30,,,,1.11,2,,上櫃,115,8152,,,,,35199,35229,,,,35199,,,39850,,3501,93630,283549,189919,189919,150069,,43351,,35229,,35199
,6244,茂迪,,71343,,,,0.46,2,,上櫃,115,16579,,,,,177962,249305,,,,176781,1181,,143717,,50824,1343709,1672211,328502,328502,184785,,194541,,245075,4230,177962
,6245,立端,,44458,,,,1.81,2,,上櫃,115,58723,,,,,265174,309632,,,,265174,,,282808,,41089,2416042,3468386,1052344,1052344,769536,,323897,,309632,,265174
,6246,臺龍,,20260,,,,-0.91,2,,上櫃,115,-2870,,,,,-34620,-14360,,,,-34620,,,-21578,,-15912,562144,619323,57179,57179,78757,,-37490,,-14360,,-34620
,6248,沛波,,-23932,,,,0.59,2,,上櫃,115,14856,,,,,57290,33358,,,,57290,,,90136,,-17990,2904665,3110470,205805,205805,115669,,72146,,33358,,57290
,6259,百徽,,5910,,,,1.05,2,,上櫃,115,2504,,,,,29238,35148,,,,29132,106,,21328,,10414,284146,365786,81640,81640,60312,,31742,,35042,106,29238
,6261,久元,37203,212880,,,,2.21,2,,上櫃,115,20209,,,,,267398,480278,,,,283627,-16229,,216015,,71592,1493072,2139005,645933,645933,467121,,287607,,489996,-9718,267398
,6263,普萊德,,,,,,4.54,2,,上櫃,115,61464,,,,,283729,283729,,,,283729,0,,326530,,18663,502398,967490,465092,465092,138562,,345193,,283729,0,283729
,6264,富裔,,,,,,-0.50,2,,上櫃,115,2428,,,,,-84387,-84387,,,,-67901,-16486,,-52206,,-29753,24244,44155,19911,19911,72117,,-81959,,-67901,-16486,-84387
,6265,方土昶,,8670,,,,6.44,2,,上櫃,115,161811,,,,,760908,769578,,,,760908,,,814244,,108475,1543294,2425951,882657,882657,68413,,922719,,769578,,760908
,6266,泰詠,,23524,,,,0.92,2,,上櫃,115,31811,,,,,141295,164819,,,,141295,,,155590,,17516,1287374,1550075,262701,262701,107111,,173106,,164819,,141295
,6270,倍微,,415469,,,,0.57,2,,上櫃,115,4171,,,,,41360,456829,,,,41360,,,38736,,6795,1525795,1675616,149821,149821,111085,,45531,,456829,,41360
,6274,台燿,,459005,,,,12.40,2,,上櫃,115,1699074,,,,,3601714,4060719,,,,3601714,,,5185472,,115316,17576879,24355008,6778129,6778129,1592657,,5300788,,4060719,,3601714
,6275,元山,,18544,,,,0.97,2,,上櫃,115,19484,,,,,77045,95589,,,,77635,-590,,77511,,19018,1790459,2180819,390360,390360,312849,,96529,,96176,-587,77045
,6276,安鈦克,,508,,,,-4.78,2,,上櫃,115,0,,,,,-105269,-104761,,,,-105269,,,-89673,,-15596,344265,399400,55135,55135,144808,,-105269,,-104761,0,-105269
,6279,胡連,,178506,,,,4.40,2,,上櫃,115,132401,,,,,527121,705627,,,,523914,3207,,561940,,97582,3537019,4869954,1332935,1332935,770995,,659522,,705299,328,527121
,6284,佳邦,,1142045,,,,0.91,2,,上櫃,115,98525,,,,,129960,1272005,,,,134192,-4232,,196464,,32021,2898812,3566746,667934,667934,471470,,228485,,1276237,-4232,129960
,6290,良維,142211,101543,,,,4.50,2,,上櫃,115,229973,,,,,768338,869881,,,,763089,5249,,947357,,50954,3677135,5306328,1629193,1629193,824047,,998311,,856036,13845,768338
,6291,沛亨,,5824,,,,6.36,2,,上櫃,115,68905,,,,,266541,272365,,,,266955,-414,,331067,,4379,837192,1362697,525505,525505,194438,,335446,,272088,277,266541
,6292,迅德,6184,3711,,,,3.52,2,,上櫃,115,18959,,,,,163851,167562,,,,163851,,,86237,,96573,364219,595054,230835,230835,150782,,182810,,167562,,163851
,6294,智基,,,,,,2.13,2,,上櫃,115,12547,,,,,55381,55381,,,,55381,,,79448,,-11520,281328,470773,189445,189445,109997,,67928,,55381,,55381
,6411,晶焱,,10675,,,,2.30,2,,上櫃,115,40092,,,,,198711,209386,,,,223706,-24995,,56841,,181962,898751,1353626,454875,454875,398034,,238803,,233394,-24008,198711
,6417,韋僑,,42,,,,3.62,2,,上櫃,115,41769,,,,,152834,152876,,,,152834,,,187592,,7011,610499,934153,323654,323654,136062,,194603,,152876,,152834
,6418,詠昇,,9670,,,,0.24,2,,上櫃,115,2462,,,,,8252,17922,,,,8252,,,19227,,-8513,349999,436718,86719,86719,67492,,10714,,17922,,8252
,6419,京晨科,,1870,,,,19.43,2,,上櫃,115,20832,,,,,255702,257572,,,,255702,0,,50021,,226513,515789,668291,152502,152502,102481,,276534,,257572,0,255702
,6423,億而得,,,,,,0.49,2,,上櫃,115,7012,,,,,14731,14731,,,,,,,21387,,356,1345,125179,123834,123834,102447,,21743,,,,14731
,6425,易發,,-3893,,,,0.66,2,,上櫃,115,1911,,,,,34120,30227,,,,33664,456,,21732,,14299,597932,874207,276275,276275,254543,,36031,,29771,456,34120
,6432,今展科,,22172,,,,1.64,2,,上櫃,115,7961,,,,,55609,77781,,,,55609,,,21253,,42317,480609,615980,135371,135371,114118,,63570,,77781,,55609
,6435,大中,,192293,,,,7.35,2,,上櫃,115,56299,,,,,274877,467170,,,,,,,303366,,27810,1379032,1898561,519529,519529,216163,,331176,,,,274877
,6441,廣錠,,2,,,,-2.63,2,,上櫃,115,386,,,,,-141572,-141570,,,,-140328,-1244,,-138141,,-3045,133284,61350,-71934,-71934,66207,,-141186,,-140326,-1244,-141572
,6461,益得,,,,,,-1.22,2,,上櫃,115,0,,,,,-214559,-214559,,,,,,,-204658,,-9901,126177,36447,-89730,-89730,114928,,-214559,,,,-214559
,6462,神盾,,107957,,,,-3.05,2,,上櫃,115,-26291,,,,,-499390,-391433,,,,-277857,-221533,,-849715,,324034,2952794,3915190,962396,962396,1812111,,-525681,,-169272,-222161,-499390
,6465,威潤,,-130,,,,1.80,2,,上櫃,115,2274,,,,,84733,84603,,,,84733,,,49993,,37014,31125,155686,124561,124561,74568,,87007,,84603,,84733
,6469,大樹,,-12640,,,,1.57,2,,上櫃,115,39339,,,,,222413,209773,,,,235569,-13156,,224111,,37641,6879891,9578011,2698120,2698120,2474009,,261752,,220811,-11038,222413
,6470,宇智,,2161,,,,1.06,2,,上櫃,115,-9709,,,,,40087,42248,,,,40087,,,3700,,26678,470770,565325,94555,94555,90855,,30378,,42248,,40087
,6474,華豫寧,,16001,,,,2.05,2,,上櫃,115,23169,,,,,107548,123549,,,,107548,,,123249,,7468,1708751,2172752,464001,464001,340752,,130717,,123549,,107548
,6482,弘煜科,,-1524,,,,0.47,2,,上櫃,115,8329,,,,,13603,12079,,,,13383,220,,20732,,1200,2502,188864,186362,186362,165630,,21932,,11961,118,13603
,6485,點序,,,,,,-0.70,2,,上櫃,115,-1921,,,,,-32220,-32220,,,,-32220,,,-50392,,16251,279104,633586,354482,354482,404874,,-34141,,-32220,,-32220
,6486,互動,,399,,,,1.05,2,,上櫃,115,17503,,,,,50734,51133,,,,53201,-2467,,59335,,8902,747521,1036087,288566,288566,229231,,68237,,53600,-2467,50734
,6488,環球晶,,475744,,,,11.87,2,,上櫃,115,1256685,,,,,5674943,6150687,,,,5674905,38,,2898184,,4033444,23145169,29199108,6053939,6053939,3155755,,6931628,,6150799,-112,5674943
,6492,生華科,,831,,,,-1.67,2,,上櫃,115,0,,,,,-149331,-148500,,,,-149331,,,-153719,,4388,210,480,270,270,153989,,-149331,,-148500,,-149331
,6494,九齊,,2294,,,,1.98,2,,上櫃,115,14483,,,,,62620,64914,,,,62620,,,64120,,12983,587850,827370,239520,239520,175400,,77103,,64914,,62620
,6496,科懋,,-6880,,,,-2.41,2,,上櫃,115,3210,,,,,-112203,-119083,,,,-112203,,,-115223,,6230,279093,450547,171454,171454,286677,,-108993,,-119083,,-112203
,6498,久禾光,,26824,,,,3.60,2,,上櫃,115,60023,,,,,169866,196690,,,,169866,,,210589,,19300,399429,723777,324348,324348,113759,,229889,,196690,,169866
,6499,益安,,4398,,,,-2.54,2,,上櫃,115,23,,,,,-273892,-269494,,,,-246623,-27269,,-271616,,-2253,191630,220900,29270,29270,300886,,-273869,,-242449,-27045,-273892
,6506,雙邦,,0,,,,0.94,2,,上櫃,115,24843,,,,,99398,99398,,,,77761,21637,,124196,,45,889297,1117038,227741,227741,103545,,124241,,77761,21637,99398
,6508,惠光,2921,9218,,,,0.88,2,,上櫃,115,21232,,,,,75834,85052,,,,75834,,,68246,,28820,678035,908396,230361,230361,165036,,97066,,85052,,75834
,6509,聚和,,154488,,,,2.16,2,,上櫃,115,147395,,,,,424343,578831,,,,424343,,,581408,,-9670,1747789,2716632,968843,968843,387435,,571738,,578831,,424343
,6510,精測,-9,78981,,,,25.45,2,,上櫃,115,182771,,,,,831383,910364,,,,835797,-4414,,966915,,47239,1283359,2996984,1713625,1713625,746701,,1014154,,914778,-4414,831383
,6512,啟發電,,,,,,-0.91,2,,上櫃,115,31,,,,,-22950,-22950,,,,-22950,,,-25345,,2426,39081,51384,12303,12303,37648,,-22919,,-22950,,-22950
,6516,勤崴國際,-13,-8936,,,,1.32,2,,上櫃,115,9853,,,,,73617,64681,,,,,,,53862,,29608,166834,325774,158940,158940,105065,,83470,,,,73617
,6517,保勝光學,,,,,,1.11,2,,上櫃,115,8184,,,,,34018,34018,,,,34018,,,27607,,14595,139132,217657,78525,78525,50918,,42202,,34018,,34018
,6523,達爾膚,,,,,,2.20,2,,上櫃,115,37495,,,,,99232,99232,,,,99232,,,116049,,20678,165690,479218,313528,313528,197479,,136727,,99232,,99232
,6527,明達醫,,243,,,,3.01,2,,上櫃,115,10348,,,,,76168,76411,,,,76168,,,83584,,2932,243132,406087,162955,162955,79371,,86516,,76411,,76168
,6530,創威,,,,,,1.29,2,,上櫃,115,10778,,,,,43476,43476,,,,,,,50808,,3446,98479,186751,88272,88272,37464,,54254,,,,43476
,6532,瑞耘,,-243,,,,2.01,2,,上櫃,115,24409,,,,,75318,75075,,,,75318,,,91369,,8358,220044,362994,142950,142950,51581,,99727,,75075,,75318
,6535,順藥,,53,,,,-1.70,2,,上櫃,115,0,,,,,-284027,-283974,,,,-281619,-2408,,-187521,,-96506,6176,9612,3436,3436,190957,,-284027,,-281566,-2408,-284027
,6538,倉和,,35481,,,,2.10,2,,上櫃,115,29842,,,,,77587,113068,,,,77587,,,95914,,11515,415775,692622,276847,276847,180933,,107429,,113068,,77587
,6542,隆中,,2069,,,,0.28,2,,上櫃,115,9617,,,,,11774,13843,,,,11754,20,,5374,,16017,102382,507915,405533,405533,400159,,21391,,13719,124,11774
,6546,正基,,101168,,,,2.06,2,,上櫃,115,27678,,,,,139713,240881,,,,137875,1838,,136800,,30591,793086,1097157,304071,304071,167271,,167391,,239043,1838,139713
,6547,高端疫苗,0,-20419,,,,-0.02,2,,上櫃,115,0,,,,,-5989,-26408,,,,-5989,,,-10530,,4541,47994,220979,172985,172985,183515,,-5989,,-26408,,-5989
,6548,長科*,,1679891,,,,1.22,2,,上櫃,115,278160,,,,,1159326,2839217,,,,1124631,34695,,1144058,,293428,6209360,7986931,1777571,1777571,633513,,1437486,,2734354,104863,1159326
,6556,勝品,,455,,,,4.02,2,,上櫃,115,30751,,,,,120152,120607,,,,115574,4578,,144132,,6771,500482,756040,255558,255558,111426,,150903,,115759,4848,120152
,6560,欣普羅,,,,,,0.37,2,,上櫃,115,3092,,,,,11984,11984,,,,,,,539,,14537,88806,136888,48082,48082,47543,,15076,,,,11984
,6561,是方,422,490,,,,7.57,2,,上櫃,115,151278,,,,,586926,587416,,,,585273,1653,,754222,,-16018,1042389,2025956,983567,983567,229767,,738204,,585419,1997,586926
,6568,宏觀,,671,,,,2.48,2,,上櫃,115,21723,,,617,,75850,76521,,,,75850,,,88203,,9370,411055,658711,247656,247039,158836,,97573,,76521,,75850
,6569,醫揚,,-15522,,,,2.64,2,,上櫃,115,13365,,,,,103060,87538,,,,103060,0,,46383,,70042,546160,806545,260385,260385,214002,,116425,,87538,0,103060
,6570,維田,,6431,,,,1.73,2,,上櫃,115,15902,,,,,64182,70613,,,,64182,,,79624,,460,341205,550358,209153,209153,129529,,80084,,70613,,64182
,6574,霈方,,41297,,,,9.07,2,,上櫃,115,37090,,,,,199554,240851,,,,199554,,,169252,,67392,184487,414605,230118,230118,60866,,236644,,240851,,199554
,6576,逸達,,3114,,,,1.80,2,,上櫃,115,37347,,,,,283143,286257,,,,283143,,,-241690,,562180,83042,261961,178919,178919,420609,,320490,,286257,,283143
,6577,勁豐,,2697,,,,3.52,2,,上櫃,115,43800,,,,,211127,213824,,,,211127,,,196244,,58683,693564,1053361,359797,359797,163553,,254927,,213824,,211127
,6578,達邦蛋白,,5295,,,,0.20,2,,上櫃,115,3075,,,,,14742,20037,,,,14742,,,10806,,7011,143566,189575,46009,46009,35203,,17817,,20037,,14742
,6584,南俊國際,,5834,,,,6.47,2,,上櫃,115,112831,,,,,454363,460197,,,,454363,,,506791,,60403,999165,1713269,714104,714104,207313,,567194,,460197,,454363
,6588,東典光電,,7177,,,,0.27,2,,上櫃,115,13,,,,,8306,15483,,,,9210,-904,,8999,,-680,128741,183757,55016,55016,46017,,8319,,16387,-904,8306
,6590,普鴻,,45,,,,2.50,2,,上櫃,115,10855,,,,,67775,67820,,,,61512,6263,,56689,,21941,215605,370464,154859,154859,98170,,78630,,61557,6263,67775
,6593,台灣銘板,,11,,,,-1.30,2,,上櫃,115,-6641,,,,,-41634,-41623,,,,-41485,-149,,-24563,,-23712,183495,240881,57386,57386,81949,,-48275,,-41475,-148,-41634
0,6596,寬宏藝術,0,-85,,,,7.37,2,,上櫃,115,69430,,,,,280047,279962,,,,280047,,,331615,,17862,879200,1322418,443218,443218,111603,,349477,,279962,,280047
,6597,立誠,,,,,,-0.48,2,,上櫃,115,-4812,,,,,-14066,-14066,,,,,,,-16023,,-2855,255985,307148,51163,51163,67186,,-18878,,,,-14066
,6603,富強鑫,,108617,,,,0.14,2,,上櫃,115,21130,,,,,25305,133922,,,,23840,1465,,46541,,-106,1691492,2255371,563879,563879,517338,,46435,,122400,11522,25305
,6609,瀧澤科,,16000,,,,0.12,2,,上櫃,115,19532,,,,,9037,25037,,,,9037,,,7927,,20642,951017,1154898,203881,203881,195954,,28569,,25037,,9037
,6612,奈米醫材,,25941,,,,1.53,2,,上櫃,115,45447,,,,,37645,63586,,,,72635,-34990,,73194,,9898,298433,646276,347843,347843,274649,,83092,,96723,-33137,37645
,6613,朋億*,,964741,,,,8.51,2,,上櫃,115,214663,,,,,795672,1760413,,,,661975,133697,,969813,,40522,4469207,6128443,1659236,1659236,689423,,1010335,,1603086,157327,795672
,6615,慧智,,79,,,,0.92,2,,上櫃,115,309,,,,,19912,19991,,,,19933,-21,,-4263,,24484,137086,190106,53020,53020,57283,,20221,,20002,-11,19912
,6616,特昇-KY,,5702,,,,-0.93,2,,上櫃,115,53,,,,,-32655,-26953,,,,-32548,-107,,-34146,,1544,361674,393350,31676,31676,65822,,-32602,,-26817,-136,-32655
,6617,共信-KY,,11129,,,,-0.67,2,,上櫃,115,-34,,,,,-89857,-78728,,,,-81969,-7888,,-115499,,25608,9827,22152,12325,12325,127824,,-89891,,-70119,-8609,-89857
,6620,漢達,,26048,,,,0.65,2,,上櫃,115,50180,,,,,107860,133908,,,,107860,,,107030,,51010,82032,421566,339534,339534,232504,,158040,,133908,,107860
,6624,萬年清,,-27,,,,0.01,2,,上櫃,115,1016,,,,,486,459,,,,154,332,,-2783,,4285,156140,188533,32393,32393,35176,,1502,,125,334,486
,6629,泰金-KY,,-57966,,,,6.46,2,,上櫃,115,41641,,,,,247686,189720,,,,247719,-33,,252715,,36612,1040204,1350368,310164,310164,57449,,289327,,189803,-83,247686
,6637,醫影,,4706,,,,2.60,2,,上櫃,115,16234,,,,,69600,74306,,,,69600,,,87259,,-1425,378395,520520,142125,142125,54866,,85834,,74306,,69600
,6640,均華,,2769277,,,,9.52,2,,上櫃,115,66077,,,,,270136,3039413,,,,270136,0,,318865,,17348,939294,1651841,712547,712547,393682,,336213,,3039413,0,270136
,6642,富致,,-2948,,,,2.28,2,,上櫃,115,9735,,,,,85157,82209,,,,85157,,,86633,,8259,155832,321278,165446,165446,78813,,94892,,82209,,85157
,6643,M31,,797,,,,-1.24,2,,上櫃,115,1128,,,,,-51985,-51188,,,,-51985,,,-83102,,32245,,816598,816598,816598,899700,,-50857,,-51188,,-51985
,6649,台生材,,,,,,0.02,2,,上櫃,115,0,,,,,760,760,,,,,,,-6905,,7665,29342,63341,33999,33999,40904,,760,,,,760
,6651,全宇昕,1544,,,,,5.08,2,,上櫃,115,40807,,,,,175764,175764,,,,,,,202982,,13589,542752,862935,320183,320183,118745,,216571,,,,175764
,6654,天正國際,,138724,,,,1.27,2,,上櫃,115,-61725,,,,,50087,188811,,,,52135,-2048,,-18882,,7244,264407,327659,63252,63252,82134,,-11638,,190859,-2048,50087
,6661,威健生技,,-164,,,,-0.34,2,,上櫃,115,19,,,,,-8106,-8270,,,,-7995,-111,,-7329,,-758,111248,190976,79728,79728,87057,,-8087,,-8159,-111,-8106
,6662,樂斯科,,-6325,,,,0.62,2,,上櫃,115,3953,,,,,15754,9429,,,,,,,17557,,2150,79466,125527,46061,46061,28504,,19707,,,,15754
,6664,群翊,,18249,,,,7.29,2,,上櫃,115,118735,,,,,444138,462387,,,,444138,,,469786,,93087,707390,1380757,673367,673367,203581,,562873,,462387,,444138
,6667,信紘科,,-199,,,,7.70,2,,上櫃,115,94035,,,,,372763,372564,,,,379278,-6515,,355054,,111744,2470535,3219118,748583,748583,393529,,466798,,379080,-6516,372763
,6679,鈺太,,648949,,,,6.34,2,,上櫃,115,50186,,,,,337736,986685,,,,337736,,,264292,,123630,527530,1084310,556780,556780,292488,,387922,,986685,,337736
,6680,鑫創電子,,154,,,,0.08,2,,上櫃,115,496,,,,,1960,2114,,,,1960,,,4676,,-2220,192724,293407,100683,100683,96007,,2456,,2114,,1960
,6683,雍智科技,,7017,,,,12.24,2,,上櫃,115,87858,,,,,333285,340302,,,,333285,,,379475,,41668,660649,1316245,655596,655596,276121,,421143,,340302,,333285
,6684,安格,,-68169,,,,0.00,2,,上櫃,115,586,,,,,-1059,-69228,,,,90,-1149,,-9339,,8866,65058,157788,92730,92730,102069,,-473,,-68079,-1149,-1059
,6690,安碁資訊,,1465,,,,5.10,2,,上櫃,115,37412,,,,,152995,154460,,,,152995,,,182136,,8271,783955,1284281,500326,500326,318190,,190407,,154460,,152995
,6692,進能服,,,,,,-1.16,2,,上櫃,115,-24909,,,,,-67871,-67871,,,0,-67897,26,,-123582,,30802,398161,366418,-31743,-31743,91839,,-92780,0,-67897,26,-67871
,6693,廣閎科,,38770,,,,3.38,2,,上櫃,115,36980,,,,,152092,190862,,,0,152092,0,,174327,,14745,808286,1167115,358829,358829,184502,,189072,0,190862,0,152092
,6697,東捷資訊,,1639,,,,1.86,2,,上櫃,115,13232,,,,,50980,52619,,,,50980,,,54873,,9339,595967,711956,115989,115989,61116,,64212,,52619,,50980
,6703,軒郁,,-7186,,,,4.13,2,,上櫃,115,37476,,,,,147993,140807,,,,148560,-567,,186579,,-1110,644020,1715899,1071879,1071879,885300,,185469,,141374,-567,147993
,6708,天擎,,4081,,,,0.09,2,,上櫃,115,1647,,,,,2683,6764,,,,2683,,,1724,,2606,62992,134559,71567,71567,69843,,4330,,6764,,2683
,6712,長聖,,717,,,,2.20,2,,上櫃,115,47231,,,,,222206,222923,,,,222206,,,208981,,60456,100448,462547,362099,362099,153118,,269437,,222923,,222206
,6716,應廣,,2889,,,,4.65,2,,上櫃,115,22308,,,,,136944,139833,,,,136944,,,142029,,17223,498430,829325,330895,330895,188866,,159252,,139833,,136944
,6720,久昌,,9166,,,,1.65,2,,上櫃,115,10162,,,,,49316,58482,,,,49316,,,17616,,41862,109404,192746,83342,83342,65726,,59478,,58482,,49316
,6721,信實,,,,,,2.88,2,,上櫃,115,17573,,,,,64850,64850,,,,64889,-39,,80831,,1592,1723868,1835850,111982,111982,31151,,82423,,64850,,64850
,6725,矽科宏晟,,7670,,,,4.85,2,,上櫃,115,39841,,,,,179891,187561,,,,179891,0,,221269,,-1537,1452951,1883979,431028,431028,209759,,219732,,187561,0,179891
,6727,亞泰金屬,,9317,,,,6.05,2,,上櫃,115,41324,,,,,162663,171980,,,,162663,,,189152,,14835,876755,1192336,315581,315581,126429,,203987,,171980,,162663
,6728,上洋,,-400,,,,5.14,2,,上櫃,115,37079,,,,,143755,143355,,,,154652,-10897,,186989,,-6155,1558749,2475533,916784,916784,729795,,180834,,154252,-10897,143755
,6730,常廣,,53,,,,0.89,2,,上櫃,115,8034,,,,,32134,32187,,,,32134,,,38513,,1655,132702,242022,109320,109320,70807,,40168,,32187,,32134
,6732,昇佳電子,31,482078,,,,4.09,2,,上櫃,115,26772,,,,,199842,681920,,,,,,,91753,,134861,1597601,2037803,440202,440202,348480,,226614,,,,199842
,6733,博晟生醫,,-285,,,,-0.31,2,,上櫃,115,-4197,,,,,-43302,-43587,,,,-39706,-3596,,-51662,,4163,32914,114435,81521,81521,133183,,-47499,,-40822,-2765,-43302
,6735,美達科技,,-1970,,,,0.52,2,,上櫃,115,6324,,,,,23948,21978,,,,23948,,,14208,,16064,98684,199435,100751,100751,86543,,30272,,21978,,23948
,6739,竹陞科技,,315,,,,13.31,2,,上櫃,115,75042,,,,,310517,310832,,,,310517,,,377210,,8349,209226,643983,434757,434757,57547,,385559,,310832,,310517
,6741,91APP*-KY,,-3819,,,,2.30,2,,上櫃,115,67560,,,,,264981,261162,,,,262368,2613,,300833,,31708,289174,1099256,810082,810082,509249,,332541,,258490,2672,264981
,6751,智聯服務,,4548,,,,1.34,2,,上櫃,115,6787,,,,,32606,37154,,,,29847,2759,,29474,,9919,734551,852461,117910,117910,88436,,39393,,34316,2838,32606
,6752,叡揚,,-423,,,,2.94,2,,上櫃,115,17733,,,,,109321,108898,,,,109225,96,,116740,,10314,524616,987948,463332,463332,346592,,127054,,108802,96,109321
,6761,穩得,,-4259,,,,3.62,2,,上櫃,115,27166,,,,,126242,121983,,,,126012,230,,151606,,1802,606678,981186,374508,374508,222902,,153408,,121753,230,126242
,6762,達亞,,,,,,0.21,2,,上櫃,115,900,,,,,7913,7913,,,,,,,18394,,-9581,266792,342767,75975,75975,57581,,8813,,,,7913
,6763,綠界科技*,,-8247,,,,1.08,2,,上櫃,115,58931,,,,,197337,189090,,,,199617,-2280,,227912,,28356,546413,934775,388362,388362,160450,,256268,,191370,-2280,197337
,6767,台微醫,,34,,,,-0.02,2,,上櫃,115,-4,,,,,-601,-567,,,,-601,,,2366,,-2971,37548,166561,129013,129013,126647,,-605,,-567,,-601
,6785,昱展新藥,,,,,,-0.29,2,,上櫃,115,3763,,,,,-19597,-19597,,,,,,,-58906,,43072,145,1500,1355,1355,60261,,-15834,,,,-19597
,6788,華景電,,41049,,,,9.79,2,,上櫃,115,138676,,,,,376960,418009,,,,379378,-2418,,497905,,17731,568103,1427133,859030,859030,361125,,515636,,420427,-2418,376960
,6791,虎門科技,,-150,,,,2.65,2,,上櫃,115,12699,,,,,54680,54530,,,,55184,-504,,55022,,12357,238173,400586,162413,162413,107391,,67379,,55034,-504,54680
,6803,崑鼎,,23119,,,,8.96,2,,上櫃,115,161255,,,,,705524,728643,,,,651771,53753,,839982,,26797,3802592,4710069,907477,907477,67495,,866779,,674971,53672,705524
,6804,明係,,0,,,,0.38,2,,上櫃,115,5568,,,,,17165,17165,,,,17165,,,21069,,1664,698847,784208,85361,85361,64292,,22733,,17165,,17165
,6811,宏碁資訊,,5638,,,,9.49,2,492,上櫃,115,105150,,,,,393246,398884,,,0,393246,,,488731,,9665,5188915,5923797,734882,735374,246643,,498396,0,398884,,393246
,6821,聯寶,,8479,,,,1.03,2,,上櫃,115,6368,,,,,32701,41180,,,,32701,,,17110,,21959,181096,284514,103418,103418,86308,,39069,,41180,,32701
,6823,濾能,,16507,,,,-4.73,2,,上櫃,115,-999,,,,,-142175,-125668,,,,-143888,1713,,-144448,,1274,354763,310866,-43897,-43897,100551,,-143174,,-127381,1713,-142175
,6829,千附精密,,,,,,2.99,2,,上櫃,115,42204,,,,,177263,177263,,,,,,,206460,,13007,855781,1171369,315588,315588,109128,,219467,,,,177263
,6840,東研信超,,19891,,,,1.06,2,,上櫃,115,2496,,,,,32181,52072,,,,32181,,,35966,,-1289,293406,489203,195797,195797,159831,,34677,,52072,,32181
,6841,長佳智能,,,,,,0.13,2,,上櫃,115,17570,,,,,9138,9138,,,,12397,-3259,,24472,,2236,44943,167138,122195,122195,97723,,26708,,12397,-3259,9138
,6843,進典,,10082,,,,0.61,2,,上櫃,115,-3855,,,,,17963,28045,,,,20236,-2273,,11168,,2940,226811,371069,144258,144258,133090,,14108,,30313,-2268,17963
,6844,諾貝兒,,-6463,,,,2.03,2,,上櫃,115,10340,,,,,75827,69364,,,,75827,,,42018,,44149,1122980,1705388,582408,582408,540390,,86167,,69364,,75827
,6846,綠茵,,-148,,,,1.70,2,,上櫃,115,12916,,,,,46049,45901,,,,46049,,,61252,,-2287,207219,393850,186631,186631,125379,,58965,,45901,,46049
,6855,數泓科,,1630,,,,4.15,2,,上櫃,115,27029,,,,,96524,98154,,,,,,,102063,,21490,159395,311220,151825,151825,49762,,123553,,,,96524
,6856,鑫傳,,-5289,,,,1.25,2,,上櫃,115,13797,,,,,31937,26648,,,,35340,-3403,,52531,,-6797,108330,347891,239561,239561,187030,,45734,,30051,-3403,31937
,6859,伯特光,,666,,,,1.01,2,,上櫃,115,7818,,,,,41946,42612,,,,41946,,,16988,,32776,250973,324397,73424,73424,56436,,49764,,42612,,41946
,6865,偉康科技,,-75,,,,-1.50,2,,上櫃,115,-3774,,,,,-23389,-23464,,,,,,,-22790,,-4373,64249,115555,51306,51306,74096,,-27163,,,,-23389
,6870,騰雲,36,3708,,,,2.54,2,,上櫃,115,22567,,,,,67097,70805,,,,71329,-4232,,82691,,6973,140228,475628,335400,335400,252745,,89664,,75069,-4264,67097
,6872,浩宇生醫,,803,,,,-1.02,2,,上櫃,115,,,,,,-72254,-71451,,,,-72317,63,,-79683,,7429,11026,21505,10479,10479,90162,,-72254,,-71757,306,-72254
,6874,倍力,,,,,,3.10,2,,上櫃,115,16689,,,,,66736,66736,,,,,,,86238,,-2813,1185536,1347002,161466,161466,75228,,83425,,,,66736
,6875,國邑*,,1,,,,-1.50,2,,上櫃,115,0,,,,,-194297,-194296,,,,-194297,,,-205144,,10847,1462,1792,330,330,205474,,-194297,,-194296,,-194297
,6877,鏵友益,,-2583,,,,-1.09,2,,上櫃,115,495,,,,,-51072,-53655,,,,-51072,,,-53830,,3253,52575,102821,50246,50246,104076,,-50577,,-53655,,-51072
,6881,潤德,,-8573,,,,9.51,2,,上櫃,115,35691,,,,,142690,134117,,,,,,,175604,,2777,932931,1182909,249978,249978,74374,,178381,,,,142690
,6884,海柏特,,-4674,,,,0.88,2,,上櫃,115,6932,,,,,16126,11452,,,,16093,33,,21741,,1317,558249,682223,123974,123974,102233,,23058,,11435,17,16126
,6894,衛司特,,20201,,,,9.70,2,,上櫃,115,87544,,,,,227240,247441,,,,230811,-3571,,313624,,1160,702595,1106308,403713,403713,90089,,314784,,249780,-2339,227240
,6895,宏碩系統,,,,,,-2.07,2,,上櫃,115,2373,,,,,-70629,-70629,,,,,,,-73490,,5234,228023,208043,-19980,-19980,53510,,-68256,,,,-70629
,6899,創為精密,,1518,,,,2.25,2,,上櫃,115,20576,,,,,94088,95606,,,,94289,-201,,93152,,21512,336210,556324,220114,220114,126962,,114664,,95807,-201,94088
,6903,巨漢,,,,,,14.14,2,,上櫃,115,242011,,,,,931176,931176,,,,,,,1154478,,18709,2716186,4004703,1288517,1288517,134039,,1173187,,,,931176
,6904,伯鑫,,1981,,,,3.48,2,,上櫃,115,13178,,,,,64395,66376,,,,64395,,,61555,,16018,342579,476051,133472,133472,71917,,77573,,66376,,64395
,6907,雅特力-KY,,40860,,,,4.00,2,,上櫃,115,24858,,,,,242879,283739,,,,242879,,,255005,,12732,1001919,1616230,614311,614311,359306,,267737,,283739,,242879
,6910,德鴻,,2167,,,,0.90,2,,上櫃,115,7941,,,,,27378,29545,,,,27378,,,33511,,1808,84621,186951,102330,102330,68819,,35319,,29545,,27378
,6913,鴻呈,,25998,,,,4.11,2,,上櫃,115,50577,,,,,188169,214167,,,,179149,9020,,222499,,16247,1130743,1614485,483742,483742,261243,,238746,,202316,11851,188169
,6922,宸曜,,5846,,,,5.63,2,,上櫃,115,55581,,,,,152797,158643,,,,152797,,,207207,,1171,680742,1135607,454865,454865,247658,,208378,,158643,,152797
,6925,意藍,,,,,,1.08,2,,上櫃,115,4044,,,,,21602,21602,,,,,,,22646,,3000,23423,98441,75018,75018,52372,,25646,,,,21602
,6929,佑全,,-16209,,,,-0.53,2,,上櫃,115,,,,,,-23904,-40113,,,,,,,-24078,,174,1071181,1599497,528316,528316,552394,,-23904,,,,-23904
,6945,圓祥生技,,2332,,,,-2.49,2,,上櫃,115,0,,,,,-217293,-214961,,,,-217293,,,-259620,,42327,0,0,0,0,259620,,-217293,,-214961,,-217293
,6953,家碩,,65379,,,,4.92,2,,上櫃,115,23263,,,,,147607,212986,,,,147607,,,132662,,38208,317264,634597,317333,317333,184671,,170870,,212986,,147607
0,6961,旅天下,,-3049,,,,1.81,2,,上櫃,115,10601,,,,,48262,45213,,,,47947,315,,46465,,12398,1930249,2245338,315089,315089,268624,,58863,,44768,445,48262
,6967,汎瑋材料,,13732,,,,2.73,2,,上櫃,115,24923,,,,,66705,80437,,,,66705,,,94914,,-3286,592232,820362,228130,228130,133216,,91628,,80437,,66705
,6968,萬達寵物,,,,,,1.50,2,,上櫃,115,23325,,,,,74043,74043,,,,74006,37,,105748,,-8380,1077219,1832794,755575,755575,649827,,97368,,74006,37,74043
,6971,惠民實業,,-902,,,,0.82,2,,上櫃,115,12510,,,,,31402,30500,,,,31529,-127,,55137,,-11225,884407,980204,95797,95797,40660,,43912,,30627,-127,31402
,6982,大井泵浦,,4085,,,,0.40,2,,上櫃,115,5698,,,,,16160,20245,,,,16160,,,33448,,-11590,774198,1015662,241464,241464,208016,,21858,,20245,,16160
,6983,華洋精機,,,,,,1.07,2,,上櫃,115,5147,,,,,17448,17448,,,,,,,20064,,2531,46997,118655,71658,71658,51594,,22595,,,,17448
,6986,和迅,,,,,,1.42,2,,上櫃,115,20379,,,,,65782,65782,,,,,,,82590,,3571,11710,166392,154682,154682,72092,,86161,,,,65782
,6996,力領科技,346,54061,,,,7.84,2,,上櫃,115,57378,,,,,326817,380878,,,,,,,351726,,32469,917202,1581558,664356,664356,312976,,384195,,,,326817
,6997,博弘,,474,,,,-0.86,2,,上櫃,115,-1083,,,,,-18979,-18505,,,,-18979,,,-32588,,12526,2466855,2700718,233863,233863,266451,,-20062,,-18505,,-18979
,7402,邑錡,,0,,,,-0.30,2,,上櫃,115,-1179,,,,,-10597,-10597,,,,,,,-9705,,-2071,153568,226169,72601,72601,82306,,-11776,,,,-10597
,7547,碩網,,844,,,,1.52,2,,上櫃,115,14080,,,,,51232,52076,,,,51232,,,59129,,6183,85458,195340,109882,109882,50753,,65312,,52076,,51232
,7556,意德士科技,,334595,,,,5.25,2,,上櫃,115,25916,,,,,151229,485824,,,,151402,-173,,105782,,71363,253817,428122,174305,174305,68523,,177145,,486069,-245,151229
,7584,樂意,,4470,,,,-1.11,2,,上櫃,115,1985,,,,,-18016,-13546,,,,-18016,0,,-11686,,-4345,297796,479108,181312,181312,192998,,-16031,,-13546,0,-18016
,7642,昶瑞機電,,,,,,1.25,2,,上櫃,115,9180,,,,,37817,37817,,,,37817,,,39767,,7230,226952,313778,86826,86826,47059,,46997,,37817,,37817
,7703,銳澤,,-125,,,,3.53,2,,上櫃,115,15784,,,,,118379,118254,,,,122803,-4424,,128585,,5578,1010426,1310407,299981,299981,171396,,134163,,122659,-4405,118379
0,7704,明遠精密,0,5663,,,,1.95,2,,上櫃,115,9474,,,,,65271,70934,,,,65684,-413,,68025,,6720,228161,369143,140982,140982,72957,,74745,,71347,-413,65271
,7708,全家餐飲,,949,,,,4.15,2,,上櫃,115,27199,,,,,105867,106816,,,,105867,,,136635,,-3569,763972,1468321,704349,704349,567714,,133066,,106816,,105867
,7709,榮田,,,,,,1.73,2,,上櫃,115,16740,,,,,67775,67775,,,,,,,50075,,34440,352256,479523,127267,127267,77192,,84515,,,,67775
,7712,博盛半導體,,102,,,,3.47,2,,上櫃,115,26952,,,,,113046,113148,,,,113046,,,129012,,10986,491938,757838,265900,265900,136888,,139998,,113148,,113046
,7713,威力德生醫,,-4918,,,,2.90,2,,上櫃,115,31176,,,,,131671,126753,,,,131671,,,161049,,1798,398346,618066,219720,219720,58671,,162847,,126753,,131671
,7714,創泓科技,,552,,,,3.98,2,,上櫃,115,19346,,,,,83697,84249,,,,83681,16,,89262,,13781,844447,1029567,185120,185120,95858,,103043,,84233,16,83697
,7715,裕山,,715,,,,0.65,2,,上櫃,115,4533,,,,,21185,21900,,,,21185,,,25700,,18,348674,435203,86529,86529,60829,,25718,,21900,,21185
,7716,昱臺國際,,4780,,,,0.87,2,,上櫃,115,8228,,,,,19893,24673,,,,19626,267,,31329,,-3208,796852,1001288,204436,204436,173107,,28121,,24406,267,19893
,7717,萊德光電-KY,,20683,,,,4.34,2,,上櫃,115,37632,,,,,107000,127683,,,,107700,-700,,149707,,-5075,229079,589680,360601,360601,210894,,144632,,128413,-730,107000
,7718,友鋮,,1659,,,,2.55,2,,上櫃,115,30142,,,,,116107,117766,,,,116107,,,135706,,10543,1003670,1255814,252144,252144,116438,,146249,,117766,,116107
,7723,築間,,-1200,,,,-2.83,2,,上櫃,115,-11033,,,,,-139186,-140386,,,,-135984,-3202,,-136802,,-13417,1149395,2069303,919908,919908,1056710,,-150219,,-137131,-3255,-139186
,7728,光焱科技,,902,,,,2.59,2,,上櫃,115,9226,,,,,36291,37193,,,,36291,,,39794,,5723,75693,208318,132625,132625,92831,,45517,,37193,,36291
,7734,印能科技,,13306,,,,28.72,2,,上櫃,115,227536,,,,,803068,816374,,,,796880,6188,,953041,,77563,603016,1789644,1186628,1186628,233587,,1030604,,809200,7174,803068
,7738,東聯互動,114088,-19499,,,,5.94,2,,上櫃,115,46888,,,,,162480,142981,,,,162480,0,,212122,,-2754,136547,306259,169712,169712,71678,,209368,,142981,0,162480
,7743,金利食安,,-6848,,,,0.62,2,,上櫃,115,5376,,,,,22513,15665,,,,22565,-52,,25267,,2622,263833,364686,100853,100853,75586,,27889,,19589,-3924,22513
,7744,崴寶,,29044,,,,13.46,2,,上櫃,115,145419,,,,,431281,460325,,,,431281,0,,532733,,43967,1256650,1997252,740602,740602,207869,,576700,,460325,0,431281
,7747,昕奇雲端,,-1312,,,,2.74,2,,上櫃,115,16754,,,,,86246,84934,,,0,82715,3531,,89018,,13982,737081,874045,136964,136964,47946,,103000,0,81403,3531,86246
,7751,竑騰,,3615,,,,13.85,2,,上櫃,115,104431,,,,,373857,377472,,,,372368,1489,,456372,,21916,649602,1349641,700039,700039,243667,,478288,,375751,1721,373857
,7753,星亞,,,,,,2.24,2,,上櫃,115,16974,,,,,55995,55995,,,,,,,59105,,13864,267595,417443,149848,149848,90743,,72969,,,,55995
,7757,金色三麥,,0,,,,3.23,2,,上櫃,115,26751,,,,,73864,73864,,,,77899,-4035,,100570,,45,519180,1141826,622646,622646,522076,,100615,,77899,-4035,73864
,7767,仁大資訊,,228,,,,2.29,2,,上櫃,115,19270,,,,,68999,69227,,,,68999,,,86944,,1325,1442703,1640990,198287,198287,111343,,88269,,69227,,68999
,7770,君曜,,4,,,,0.32,2,,上櫃,115,3969,,,,,9737,9741,,,,9737,,,2267,,11439,82767,123398,40631,40631,38364,,13706,,9741,,9737
,7772,耀穎,,-354,,,,0.19,2,,上櫃,115,720,,,,,4611,4257,,,,,,,2158,,3173,136912,190140,53228,53228,51070,,5331,,,,4611
,7777,能率亞洲,,-17864,,,,0.81,2,,上櫃,115,7046,,,,,151213,133349,,,,,,,154283,,3976,,176475,176475,176475,22192,,158259,,,,151213
,7782,光速火箭,,,,,,0.95,2,,上櫃,115,4351,,,,,20220,20220,,,,21854,-1634,,25184,,-613,118995,353018,234023,234023,208839,,24571,,21854,-1634,20220
,7792,安葆,,11178,,,,6.85,2,,上櫃,115,98480,,,,,316023,327201,,,,316023,,,421593,,-7090,2551127,3177087,625960,625960,204367,,414503,,327201,,316023
,7794,宏碁智新,,-2798,,,,1.33,2,,上櫃,115,6457,,,,,35018,32220,,,0,35018,0,,38430,,3045,480009,599894,119885,119885,81455,,41475,0,32220,0,35018
,7805,威聯通,,320496,,,,23.21,2,,上櫃,115,249870,,,,,768994,1089490,,,,768994,,,973291,,45573,1381801,3449729,2067928,2067928,1094637,,1018864,,1089490,,768994
,7810,捷創科技,,-494,,,,5.12,2,,上櫃,115,24401,,,,,103585,103091,,,,,,,110909,,17077,191346,418152,226806,226806,115897,,127986,,,,103585
,7811,民盛,,-53155,,,,2.82,2,,上櫃,115,24898,,,,,90267,37112,,,,90267,0,,64947,,50218,1118998,1404749,285751,285751,220804,,115165,,37112,0,90267
,7814,海昌生技,,,,,,-0.06,2,,上櫃,115,0,,,,,-2407,-2407,,,,-2407,,,-3959,,1552,16551,48237,31686,31686,35645,,-2407,,-2407,,-2407
,7819,精誠金融,,,,,,0.47,2,,上櫃,115,3322,,,,,10618,10618,,,,,,,12309,,1631,101127,192026,90899,90899,78590,,13940,,,,10618
,7820,立盈,,,,,,1.60,2,,上櫃,115,13522,,,,,57187,57187,,,,,,,70191,,518,90269,205586,115317,115317,45126,,70709,,,,57187
,7825,和亞智慧,,14164,,,,0.56,2,,上櫃,115,-5284,,,,,13027,27191,,,,13027,,,182,,7561,51694,139937,88243,88243,88061,,7743,,27191,,13027
,7828,創新服務,,767,,,,4.52,2,,上櫃,115,45135,,,,,172564,173331,,,,172564,,,201461,,16238,105141,511463,406322,406322,204861,,217699,,173331,,172564
,7839,達人網,,122,,,,1.13,2,,上櫃,115,2717,,,,,15325,15447,,,,15325,,,14068,,3974,8472,89742,81270,81270,67202,,18042,,15447,,15325
,7842,天能綠電,,,,,,3.23,2,,上櫃,115,13271,,,,,51573,51573,,,,51573,,,64889,,-45,1575291,1675612,100321,100321,35432,,64844,,51573,,51573
,8024,佑華,,2154,,,,-0.75,2,,上櫃,115,240,,,,,-34011,-31857,,,,-34011,,,-39362,,5591,71906,104854,32948,32948,72310,,-33771,,-31857,,-34011
,8027,鈦昇,,23144,,,,-0.46,2,,上櫃,115,-7655,,,,,-49381,-26237,,,,-48956,-425,,-87746,,30710,709264,1009394,300130,300130,387876,,-57036,,-25704,-533,-49381
,8032,光菱,,-55799,,,,1.78,2,,上櫃,115,31330,,,,,92452,36653,,,,92436,16,,107872,,15910,2167841,2478329,310488,310488,202616,,123782,,36575,78,92452
,8034,榮群,,,,,,0.25,2,,上櫃,115,-487,,,,,13804,13804,,,,13804,,,7817,,5500,59065,123529,64464,64464,56647,,13317,,13804,,13804
,8038,長園科,,-40,,,,0.03,2,,上櫃,115,0,,,,,6431,6391,,,,1959,4472,,5932,,499,263660,345295,81635,81635,75703,,6431,,1932,4459,6431
,8040,九暘,,,,,,0.38,2,,上櫃,115,0,,,,,36407,36407,,,,,,,21227,,15180,242390,432078,189688,189688,168461,,36407,,,,36407
,8042,金山電,,263593,,,,2.84,2,,上櫃,115,118892,,,,,381320,644913,,,,372410,8910,,184249,,315963,1874496,2380422,505926,505926,321677,,500212,,637523,7390,381320
,8043,蜜望實,,18096,,,,1.70,2,,上櫃,115,34955,,,,,135907,154003,,,,135907,,,95342,,75520,3414560,3666277,251717,251717,156375,,170862,,154003,,135907
,8044,網家,,28184,,,,-1.06,2,,上櫃,115,151562,,,,,-106075,-77891,,,,-215722,109647,,119283,,-73796,16001056,18950786,2949730,2949730,2830447,,45487,,-215470,137579,-106075
,8047,星雲,,6512,,,,-0.28,2,,上櫃,115,-121,,,,,-1998,4514,,,,-11480,9482,,-18520,,16401,158772,259893,101121,101121,119641,,-2119,,-6513,11027,-1998
,8048,德勝,,29357,,,,1.50,2,,上櫃,115,23637,,,,,89233,118590,,,,89233,,,110439,,2431,426478,643557,217079,217079,106640,,112870,,118590,,89233
,8049,晶采,,252097,,,,0.97,2,,上櫃,115,30329,,,,,114569,366666,,,,114569,,,119508,,25390,442739,646558,203819,203819,84311,,144898,,366666,,114569
,8050,廣積,,172693,,,,2.69,2,,上櫃,115,69560,,,,,312020,484713,,,,394730,-82710,,194380,,187200,2503027,3334070,831043,831043,636663,,381580,,566297,-81584,312020
,8054,安國,,-78265,,,,-0.23,2,,上櫃,115,-2178,,,,,-74938,-153203,,,,-24716,-50222,,-155080,,77964,2421069,2889252,468183,468183,623263,,-77116,,-58150,-95053,-74938
,8059,凱碩,,55637,,,,-0.65,2,,上櫃,115,28702,,,,,-44204,11433,,,,-75997,31793,,24117,,-39619,4175177,4859854,684677,684677,660560,,-15502,,-24629,36062,-44204
,8064,東捷,,79723,,,,0.52,2,,上櫃,115,31907,,,,,105842,185565,,,,90596,15246,,63241,,74508,891461,1227623,336162,336162,272921,,137749,,169299,16266,105842
,8066,來思達,,7906,,,,-1.09,2,,上櫃,115,-25341,,,,,-33727,-25821,,,,-37349,3622,,-46279,,-12789,1850806,2032025,181219,181219,227498,,-59068,,-31241,5420,-33727
,8067,志旭,,2862,,,,0.03,2,,上櫃,115,197,,,,,771,3633,,,,771,,,-10268,,11236,20873,45425,24552,24552,34820,,968,,3633,,771
,8068,全達,,4387,,,,-0.18,2,,上櫃,115,2636,,,,,-15118,-10731,,,,-14913,-205,,-9617,,-2865,591279,684824,93545,93545,103162,,-12482,,-10935,204,-15118
,8069,元太,,6943150,,,,5.65,2,,上櫃,115,1361128,,,,,6553462,13496612,,,,6517750,35712,,6355409,,1559181,7699935,18849583,11149648,11149648,4794239,,7914590,,13452623,43989,6553462
,8071,能率網通,,55542,,,,-0.72,2,,上櫃,115,16387,,,,,-44889,10653,,,0,-43288,-1601,,-16382,,-12120,969533,1153929,184396,184396,200778,,-28502,0,12254,-1601,-44889
,8074,鉅橡,0,45455,,,,0.96,2,,上櫃,115,15612,,,,,82812,128267,,,,77857,4955,,90293,,8131,574545,784046,209501,209501,119208,,98424,,119738,8529,82812
,8076,伍豐,,-107439,,,,0.33,2,1105,上櫃,115,36128,,,156,,96228,-11211,,,,96017,211,,151132,,-18776,895987,1349589,453602,454551,303419,,132356,,-11402,191,96228
,8077,洛碁,,,,,,3.26,2,,上櫃,115,3561,,,,,71522,71522,,,,,,,94010,,-18927,382675,537608,154933,154933,60923,,75083,,,,71522
,8080,泰霖,,-1871,,,,-0.03,2,,上櫃,115,139,,,,,-1912,-3783,,,,-1912,,,2865,,-4638,21601,46170,24569,24569,21704,,-1773,,-3783,,-1912
,8083,瑞穎,,,,,,6.32,2,,上櫃,115,55477,,,,,221906,221906,,,,,,,272056,,5327,436144,767295,331151,331151,59095,,277383,,,,221906
,8084,巨虹,,207,,,,-0.05,2,,上櫃,115,4255,,,,,32724,32931,,,,-3274,35998,,-2035,,39014,156612,282200,125588,125588,127623,,36979,,-3067,35998,32724
,8085,福華,,-44012,,,,-0.47,2,,上櫃,115,327,,,,,-65583,-109595,,,,-65583,,,-54876,,-10380,305998,320218,14220,14220,69096,,-65256,0,-109595,0,-65583
,8086,宏捷科,,,,,,2.93,2,,上櫃,115,90328,,,,,575232,575232,,,,,,,623896,,41664,1708197,2520757,812560,812560,188664,,665560,,,,575232
,8087,麗升能源,,-8533,,,,0.56,2,,上櫃,115,10402,,,,,21729,13196,,,,21729,0,,37778,,-5647,413399,485728,72329,72329,34551,,32131,,13196,0,21729
,8088,品安,,33206,,,,1.14,2,,上櫃,115,17839,,,,,69645,102851,,,,,,,77832,,9652,752545,876233,123688,123688,45856,,87484,,,,69645
,8089,康全電訊,,-12534,,,,-1.47,2,,上櫃,115,2090,,,,,-97347,-109881,,,,-97347,,,-121403,,26146,141432,209296,67864,67864,189267,,-95257,,-109881,,-97347
,8091,翔名,,24094,,,,5.85,2,,上櫃,115,70391,,,,,307373,331467,,,,308882,-1509,,360807,,16957,961196,1541329,580133,580133,219326,,377764,,333005,-1538,307373
,8092,建暐,,-476,,,,-0.28,2,,上櫃,115,0,,,,,-16146,-16622,,,,-16145,-1,,-15013,,-1133,121828,142804,20976,20976,35989,,-16146,,-16621,-1,-16146
,8093,保銳,,4863,,,,-0.66,2,,上櫃,115,-293,,,,,-31627,-26764,,,,-32172,545,,-35298,,3378,108664,127804,19140,19140,54438,,-31920,,-27309,545,-31627
,8096,擎亞,,16415,,,,3.31,2,,上櫃,115,3734,,,,,493646,510061,,,,493646,,,603826,,-106446,26441721,27489960,1048239,1048239,444413,,497380,,510061,,493646
,8097,常珵,,335,,,,-1.14,2,0,上櫃,115,288,,,0,,-69963,-69628,,,,-69963,,,-41293,,-28382,149218,158297,9079,9079,50372,,-69675,,-69628,,-69963
,8099,大世科,,-32,,,,1.58,2,,上櫃,115,46095,,,,,158222,158190,,,,158222,,,190260,,14057,1923645,2525392,601747,601747,411487,,204317,,158190,,158222
,8102,傑霖科技,,64,,,,1.39,2,,上櫃,115,5780,,,,,32371,32435,,,,32371,,,34924,,3227,130953,224773,93820,93820,58896,,38151,,32435,,32371
,8107,大億金茂,,23107,,,,1.05,2,,上櫃,115,-15303,,,,,78505,101612,,,,78505,0,,-60595,,123797,289060,343854,54794,54794,115389,,63202,,101612,0,78505
,8109,博大,,23848,,,,3.84,2,,上櫃,115,71178,,,,,313942,337790,,,,313942,,,369243,,15877,508386,1024251,515865,515865,146622,,385120,,337790,,313942
,8111,立碁,0,29541,,,,0.43,2,,上櫃,115,7195,,,,,47078,76619,,,,46826,252,,3914,,50359,281802,401295,119493,119493,115579,,54273,,76317,302,47078
,8121,越峰,,74831,,,,0.00,2,,上櫃,115,10410,,,,,-16198,58633,,,,875,-17073,,19183,,-24971,1430297,1745282,314985,314985,295802,,-5788,,58968,-335,-16198
,8147,正淩,,7575,,,,1.38,2,,上櫃,115,18342,,,,,57964,65539,,,,57390,574,,88701,,-12395,610473,983103,372630,372630,283929,,76306,,64992,547,57964
,8155,博智,,6651,,,,6.69,2,,上櫃,115,70363,,,,,401604,408255,,,0,402917,-1313,,450781,,21186,2380963,3129920,748957,748957,298176,,471967,0,407625,630,401604
,8171,天宇,,4413,,,,-0.68,2,,上櫃,115,-3116,,,,,-90543,-86130,,,,-75614,-14929,,-139451,,45792,231589,235940,4351,4351,143802,,-93659,,-71201,-14929,-90543
,8176,智捷,-406,15595,,,,0.00,2,,上櫃,115,2261,,,,,-433,15162,,,,154,-587,,3463,,-1635,97418,166368,68950,68950,65081,,1828,,16252,-1090,-433
,8182,加高,,-41823,,,,0.32,2,,上櫃,115,11959,,,,,33727,-8096,,,,33734,-7,,4220,,41466,1225022,1404173,179151,179151,174931,,45686,,-7727,-369,33727
,8183,精星,,501334,,,,1.04,2,,上櫃,115,41703,,,,,125523,626857,,,,125523,,,111051,,56175,3557704,4067379,509675,509675,398624,,167226,,626857,,125523
,8227,巨有科技,,414,,,,3.23,2,,上櫃,115,17304,,,,,127632,128046,,,,127632,,,71306,,73630,808116,982601,174485,174485,103179,,144936,,128046,,127632
,8234,新漢,,-2108,,,,-0.16,2,,上櫃,115,-4877,,,,,-19128,-21236,,,,-22500,3372,,-36789,,12784,2175940,2823290,647350,647350,684139,,-24005,,-23110,1874,-19128
,8240,華宏,,254551,,,,1.18,2,,上櫃,115,26576,,,,,116200,370751,,,,118058,-1858,,76578,,66198,2790880,3252347,461467,461467,384889,,142776,,367653,3098,116200
,8255,朋程,,1404505,,,,3.14,2,,上櫃,115,65217,,,,,262404,1666909,,,,319210,-56806,,259762,,67859,2971732,4068745,1097013,1097013,837251,,327621,,1722031,-55122,262404
,8272,全景軟體,,,,,,1.45,2,,上櫃,115,8430,,,,,27558,27558,,,,,,,30807,,5181,51460,200377,148917,148917,118110,,35988,,,,27558
,8277,商丞,,-20,,,,-0.18,2,,上櫃,115,1,,,,,-16777,-16797,,,,-16777,0,,-16218,,-558,37235,56391,19156,19156,35374,,-16776,0,-16797,0,-16777
,8279,生展,,269,,,,3.81,2,,上櫃,115,24889,,,,,103120,103389,,,,103120,,,127482,,527,685986,1010074,324088,324088,196606,,128009,,103389,,103120
,8284,三竹,,,,,,3.13,2,,上櫃,115,30303,,,,,145258,145258,,,,145258,,,165308,,10253,1156244,1562371,406127,406127,240819,,175561,,145258,,145258
,8289,泰藝,,46597,,,,0.63,2,,上櫃,115,13123,,,,,43335,89932,,,,43335,0,,50927,,5531,725652,954096,228444,228444,177517,,56458,,89932,0,43335
,8291,尚茂,,,,,,-0.91,2,,上櫃,115,27,,,,,-15842,-15842,,,,,,,-12336,,-3479,7310,2550,-4760,-4760,7576,,-15815,,,,-15842
,8299,群聯,,301167,,,,187.43,2,,上櫃,115,7578661,,,237302,,41394048,41695215,,,,41391228,2820,,41210974,,7761735,39165654,108855209,69689555,69452253,28241279,,48972709,,41692692,2523,41394048
,8342,益張,,-5034,,,,3.94,2,,上櫃,115,20704,,,,,133329,128295,,,,132000,1329,,119800,,34233,593049,818969,225920,225920,106120,,154033,,126966,1329,133329
,8349,恒耀國際,-1051,249233,,,,1.12,2,,上櫃,115,103665,,,,,215333,464566,,,,255159,-39826,,358181,,-39183,4630228,5885045,1254817,1254817,895585,,318998,,498080,-33514,215333
,8354,冠好,,7268,,,,1.39,2,,上櫃,115,25926,,,,,109274,116542,,,,109274,,,7450,,127750,274885,341537,66652,66652,59202,,135200,,116542,,109274
,8358,金居,,1229976,,,,4.22,2,,上櫃,115,272734,,,,,1064656,2294632,,,,1064656,,,1333769,,3621,3841632,5336763,1495131,1495131,161362,,1337390,,2294632,,1064656
,8383,千附,,3162,,,,2.66,2,,上櫃,115,92995,,,,,365209,368371,,,,299626,65583,,361315,,96889,1834190,2414227,580037,580037,218722,,458204,,302788,65583,365209
,8390,金益鼎,,-13088,,,,5.16,2,,上櫃,115,118440,,,,,493536,480448,,,,495740,-2204,,742953,,-130977,2443161,3349690,906529,906529,163576,,611976,,487143,-6695,493536
,8401,白紗科,,,,,,1.08,2,,上櫃,115,19331,,,,,76620,76620,,,,,,,97375,,-1424,532164,769948,237784,237784,140409,,95951,,,,76620
,8403,盛弘,34352,-121692,,,,0.58,2,,上櫃,115,19961,,,,,74087,-47605,,,,79385,-5298,,89964,,4084,1904865,2262719,357854,357854,302242,,94048,,-39812,-7793,74087
,8409,商之器,,1318,,,,-0.63,2,,上櫃,115,-1945,,,14,,-20081,-18763,,,,-20081,,,-24392,,2366,19729,87356,67627,67613,92005,,-22026,,-18763,,-20081
,8410,森田,,0,,,,1.03,2,,上櫃,115,9379,,,,,37514,37514,,,,,,,17759,,29134,294510,432905,138395,138395,120636,,46893,,,,37514
,8415,大國鋼,529,1328222,,,,2.17,2,,上櫃,115,842065,,,,,2205127,3533349,,,,2218805,-13678,,3075935,,-28743,8511022,14073408,5562386,5562386,2486980,,3047192,,3548855,-15506,2205127
,8416,實威,,5951,,,,6.58,2,,上櫃,115,53982,,,,,185718,191669,,,,185718,,,231335,,8365,386335,844252,457917,457917,226582,,239700,,191669,,185718
,8421,旭源,1816,-7626,,,,0.27,2,-21,上櫃,115,491,,,1784,,16271,8645,,,,14589,1682,,32387,,-15625,531627,672638,141011,139206,108635,,16762,,3907,4738,16271
,8423,保綠-KY,,1686,,,,0.61,2,,上櫃,115,7164,,,,,25368,27054,,,,25368,,,32566,,-34,149896,212822,62926,62926,30360,,32532,,27054,,25368
,8424,惠普,,,,,,3.24,2,,上櫃,115,10795,,,,,116938,116938,,,,116938,,,120301,,7432,369535,547421,177886,177886,57585,,127733,,116938,,116938
,8426,紅木-KY,,-16735,,,,-1.10,2,,上櫃,115,5314,,,,,-55195,-71930,,,,-55195,,,-42437,,-7444,873103,1089420,216317,216317,258754,,-49881,,-71930,,-55195
,8431,匯鑽科,,9104,,,,-2.31,2,,上櫃,115,-6077,,,,,-117163,-108059,,,,-112584,-4579,,-104698,,-18542,412211,454349,42138,42138,146836,,-123240,,-98741,-9318,-117163
,8432,東生華,,-12036,,,,2.20,2,,上櫃,115,33416,,,,,98313,86277,,,,84563,13750,,126315,,5414,276491,616505,340014,340014,213699,,131729,,72527,13750,98313
,8433,弘帆,,55906,,,,2.79,2,,上櫃,115,32981,,,,,152293,208199,,,,152293,,,141850,,43424,1347289,1754713,407424,407424,265574,,185274,,208199,,152293
,8435,鉅邁,,9560,,,,2.88,2,,上櫃,115,14272,,,,,96854,106414,,,,98842,-1988,,56978,,54148,166924,325741,158817,158817,101839,,111126,,108402,-1988,96854
,8436,大江,,161982,,,,4.13,2,,上櫃,115,74301,,,,,538033,700015,,,,455248,82785,,606895,,5439,1796494,3354161,1557667,1557667,950772,,612334,,622617,77398,538033
,8437,大地-KY,,100955,,,,-0.79,2,,上櫃,115,-19054,,,,,-36982,63973,,,,-36982,,,-58555,,2519,61195,97731,36536,36536,95091,,-56036,,63973,,-36982
,8440,綠電,,,,,,0.67,2,,上櫃,115,10506,,,,,33639,33639,,,,33639,,,47088,,-2943,360143,445955,85812,85812,38724,,44145,,33639,,33639
,8444,綠河-KY,,380249,,,,-5.64,2,,上櫃,115,-38232,,,,,-626690,-246441,,,,-625239,-1451,,-449966,,-214956,1121452,809356,-312096,-312096,137870,,-664922,,-310485,64044,-626690
,8446,華研,,178,,,,3.85,2,,上櫃,115,52527,,,,,202914,203092,,,,203880,-966,,242558,,12883,244376,616921,372545,372545,129987,,255441,,204044,-952,202914
,8450,霹靂,,2591,,,,-0.18,2,,上櫃,115,0,,,,,-9205,-6614,,,,-9031,-174,,-23901,,14696,112546,181502,68956,68956,92857,,-9205,,-6442,-172,-9205
,8455,大拓-KY,,16152,,,,0.46,2,,上櫃,115,8684,,,,,6632,22784,,,,11699,-5067,,17592,,-2276,548184,632174,83990,83990,66398,,15316,,27851,-5067,6632
,8472,納維康,,24,,,,-0.66,2,,上櫃,115,8139,,,,,-11674,-11650,,,,-11674,,,-11061,,7526,162671,248738,86067,86067,97128,,-3535,,-11650,,-11674
,8477,創業家,,92034,,,,0.32,2,,上櫃,115,2434,,,,,24207,116241,,,,21423,2784,,-10913,,37554,189627,221397,31770,31770,42683,,26641,,113457,2784,24207
,8489,三貝德,,18,,,,0.89,2,,上櫃,115,14985,,,,,87681,87699,,,,52880,34801,,106750,,-4084,433998,968944,534946,534946,428196,,102666,,52898,34801,87681
,8905,裕國,,15297,,,,0.59,2,,上櫃,115,14384,,,,,67637,82934,,,,67627,10,,73157,,8864,963586,1107212,143626,143626,70469,,82021,,82899,35,67637
,8906,花王,,14941,,,,-0.47,2,,上櫃,115,0,,,,,-19725,-4784,,,,-19725,,,-14787,,-4938,92231,100728,8497,8497,23284,,-19725,,-4784,,-19725
,8908,欣雄,,-76294,,,,1.03,2,,上櫃,115,83420,,,,,323218,246924,,,,323085,133,,420100,,-13462,4714500,5261793,547293,547293,127193,,406638,,246791,133,323218
,8916,光隆,,-17157,,,,1.39,2,,上櫃,115,71422,,,,,207659,190502,,,,207732,-73,,127125,,151956,3223961,3721568,497607,497607,370482,,279081,,191011,-509,207659
,8917,欣泰,,7161,,,,1.44,2,,上櫃,115,50446,,,,,234178,241339,,,,,,,233786,,50838,1249926,1544756,294830,294830,61044,,284624,,,,234178
,8921,沈氏,,151663,,,,-0.64,2,,上櫃,115,318,,,,,-44641,107022,,,,-29838,-14803,,-39628,,-4695,283578,306931,23353,23353,62981,,-44323,,119947,-12925,-44641
,8923,時報,,289,,,,0.38,2,,上櫃,115,2197,,,,,11505,11794,,,,11505,,,3593,,10109,140681,235804,95123,95123,91530,,13702,,11794,,11505
,8924,大田,,140029,,,,-0.58,2,,上櫃,115,24080,,,,,-48408,91621,,,,-48408,,,-9065,,-15263,1842667,2016062,173395,173395,182460,,-24328,,91621,,-48408
,8927,北基,,-13172,,,,0.62,2,,上櫃,115,123420,,,,,379169,365997,,,,263130,116039,,513702,,-11113,6420351,7636750,1216399,1216399,702697,,502589,,251016,114981,379169
,8928,鉅明,,607,,,,0.82,2,,上櫃,115,9924,,,,,41876,42483,,,,41876,,,14110,,37690,1196208,1370489,174281,174281,160171,,51800,,42483,,41876
,8929,富堡,,6323,,,,0.16,2,,上櫃,115,-2008,,,,,8827,15150,,,,7993,834,,-38249,,45068,265995,349244,83249,83249,121498,,6819,,13759,1391,8827
,8930,青鋼,,,,,,1.19,2,,上櫃,115,23178,,,,,95570,95570,,,,,,,105085,,13663,522282,708946,186664,186664,81579,,118748,,,,95570
,8931,大汽電,,55859,,,,0.73,2,,上櫃,115,13814,,,,,89709,145568,,,,,,,115413,,-11890,1113165,1304430,191265,191265,75852,,103523,,,,89709
,8932,智通*,,5237,,,,1.13,2,,上櫃,115,157767,,,,,428591,433828,,,,399852,28739,,574914,,11444,504076,1291075,786999,786999,212085,,586358,,402958,30870,428591
,8933,愛地雅,,23145,,,,-0.55,2,,上櫃,115,9700,,,,,-180561,-157416,,,,-180561,,,-179760,,8899,1147436,1171195,23759,23759,203519,,-170861,,-157416,,-180561
,8935,邦泰,,21037,,,,-0.18,2,,上櫃,115,2821,,,,,-20271,766,,,,-20271,,,-17264,,-186,207999,247785,39786,39786,57050,,-17450,,766,,-20271
,8936,國統,,-132065,,,,1.87,2,,上櫃,115,136132,,,,,497059,364994,,,,462871,34188,,633977,,-786,2571059,3318000,746941,746941,112964,,633191,,336154,28840,497059
,8937,合騏*,,1348,,,,-0.21,2,,上櫃,115,-13298,,,,,-80038,-78690,,,,-88765,8727,,-82715,,-10621,310883,403523,92640,92640,175355,,-93336,,-87417,8727,-80038
,8938,明安,67848,84245,,,,1.34,2,,上櫃,115,40274,,,,,207180,291425,,,,207180,,,218275,,29179,6344719,7287585,942866,942866,792439,,247454,,291425,,207180
,8941,關中,,134894,,,,2.36,2,,上櫃,115,16535,,,,,76214,211108,,,,82456,-6242,,-7536,,100285,1140756,1565290,424534,424534,432070,,92749,,216243,-5135,76214
,8942,森鉅,,920,,,,4.06,2,0,上櫃,115,50315,,,0,,705575,706495,,,,807329,-101754,,-225193,,981083,1260141,1368758,108617,108617,333810,,755890,,826929,-120434,705575
,9949,琉園,,3869,,,,-0.13,2,,上櫃,115,407,,,,,-5786,-1917,,,,-5786,,,-15155,,9776,25289,70908,45619,45619,60774,,-5379,,-1917,,-5786
,9950,萬國通,,3293,,,,-0.32,2,,上櫃,115,-496,,,,,-53597,-50304,,,,-53597,0,,-44250,,-9843,829761,1041386,211625,211625,255875,,-54093,,-50304,0,-53597
,9951,皇田,,87601,,,,2.54,2,,上櫃,115,53762,,,,,184288,271889,,,,184288,,,211532,,26518,2495585,3250670,755085,755085,543553,,238050,,271889,,184288
,9960,邁達康,,71787,,,,0.98,2,,上櫃,115,11184,,,,,32866,104653,,,,32866,,,39662,,4388,226482,354900,128418,128418,88756,,44050,,104653,,32866
,9962,有益,,3100,,,,0.23,2,,上櫃,115,5228,,,,,20828,23928,,,,20828,0,,24199,,1857,836341,903745,67404,67404,43205,,26056,,23928,0,20828
