停業單位損益,公司代號,公司名稱,其他收益及費損淨額,其他綜合損益（淨額）,原始認列生物資產及農產品之利益（損失）,合併前非屬共同控制股權損益,合併前非屬共同控制股權綜合損益淨額,基本每股盈餘（元）,季別,已實現銷貨（損）益,市場,年度,所得稅費用（利益）,支出及費用,收益,未實現銷貨（損）益,本期其他綜合損益（稅後淨額）,本期淨利（淨損）,本期綜合損益總額,淨利（損）歸屬於母公司業主,淨利（損）歸屬於非控制權益,淨利（淨損）歸屬於共同控制下前手權益,淨利（淨損）歸屬於母公司業主,淨利（淨損）歸屬於非控制權益,營業利益,營業利益（損失）,營業外損益,營業外收入及支出,營業成本,營業收入,營業毛利（毛損）,營業毛利（毛損）淨額,營業費用,生物資產當期公允價值減出售成本之變動利益（損失）,稅前淨利（淨損）,綜合損益總額歸屬於共同控制下前手權益,綜合損益總額歸屬於母公司業主,綜合損益總額歸屬於非控制權益,繼續營業單位本期淨利（淨損）
,1240,茂生農經,,15975,6366,,,0.89,1,,上櫃,115,6882,,,,,38253,54228,,,,39391,-1138,,31961,,13174,606979,689952,88237,88237,56276,-1102,45135,,55366,-1138,38253
,1259,安心,,-411591,,,,0.06,1,,上櫃,115,798,,,,,2033,-409558,,,,1827,206,,8932,,-6101,1175806,1522360,346554,346554,337622,,2831,,-409764,206,2033
,1264,德麥,,50929,,,,5.50,1,,上櫃,115,69751,,,,,234178,285107,,,,203870,30308,,296227,,7702,1173965,1757903,583938,583938,287711,,303929,,232123,52984,234178
,1268,漢來美食,,1032,,,,5.87,1,,上櫃,115,62528,,,,,248033,249065,,,,248033,,,315800,,-5239,1016193,1988327,972134,972134,656334,,310561,,249065,,248033
,1294,漢田生技,,,,,,1.41,1,,上櫃,115,10681,,,,,42727,42727,,,,42722,5,,52772,,636,144137,228051,83914,83914,31142,,53408,,42722,5,42727
,1295,生合,,10590,,,,0.39,1,,上櫃,115,3931,,,,,13346,23936,,,,13346,,,14638,,2639,112762,214544,101782,101782,87144,,17277,,23936,,13346
,1336,台翰,,32360,,,,0.10,1,,上櫃,115,4554,,,,,7517,39877,,,,7517,,,-3265,,15336,490143,558637,68494,68494,71759,,12071,,39877,,7517
,1565,精華,,481,,,,1.39,1,,上櫃,115,17580,,,,,70256,70737,,,,70256,,,70789,,17047,716775,899543,182768,182768,111979,,87836,,70737,,70256
,1569,濱川,,64467,,,,-0.73,1,,上櫃,115,43136,,,,,-94142,-29675,,,,-101749,7607,,-77082,,26076,748440,806019,57579,57579,134661,,-51006,,-39949,10274,-94142
,1570,力肯,,12379,,,,0.23,1,,上櫃,115,2293,,,,,12096,24475,,,,12096,,,8839,,5550,92449,119453,27004,27004,18165,,14389,,24475,,12096
,1580,新麥,,67182,,,,2.73,1,,上櫃,115,69644,,,,,142655,209837,,,,134795,7860,,211149,,1150,619918,1094432,474514,474514,263365,,212299,,197893,11944,142655
,1584,精剛,,-33459,,,,0.09,1,,上櫃,115,2910,,,,,19772,-13687,,,,20537,-765,,17431,,5251,457630,513036,55406,55406,37975,,22682,,-12922,-765,19772
,1586,和勤,,40004,,,,0.17,1,,上櫃,115,4667,,,,,17462,57466,,,,17462,,,20225,,1904,450744,547977,97233,97233,77008,,22129,,57466,,17462
,1591,駿吉-KY,,8789,,,,-1.18,1,,上櫃,115,-716,,,,,-44821,-36032,,,,-44821,,,-45458,,-79,90412,132360,41948,41948,87406,,-45537,,-36032,,-44821
,1593,祺驊,,12693,,,,0.58,1,,上櫃,115,6682,,,,,30920,43613,,,,23008,7912,,27786,,9816,211002,304502,93500,93500,65714,,37602,,35701,7912,30920
,1595,川寶,,6206,,,,-0.74,1,,上櫃,115,1246,,,,,-40319,-34113,,,,-40319,0,,-54915,,15842,142808,166389,23581,23581,78496,,-39073,,-34113,0,-40319
,1599,宏佳騰,,-4239,,,,0.28,1,,上櫃,115,7356,,,,,11745,7506,,,,20037,-8292,,6670,,12431,501117,642632,141515,141515,134845,,19101,,15798,-8292,11745
,1742,台蠟,,-1324,,,,-0.13,1,,上櫃,115,0,,,,,-12398,-13722,,,,-12398,,,-14904,,2506,16438,17633,1195,1195,16099,,-12398,,-13722,,-12398
,1777,生泰,,,,,,1.61,1,,上櫃,115,17913,,,,,71651,71651,,,,,,,77735,,11829,164379,275573,111194,111194,33459,,89564,,,,71651
,1780,立弘,,335,,,,0.40,1,,上櫃,115,9642,,,,,38536,38871,,,,38536,,,40600,,7578,152006,240253,88247,88247,47647,,48178,,38871,,38536
,1781,合世,,-30,,,,-0.19,1,,上櫃,115,1610,,,,,-8887,-8917,,,,-8887,,,-18959,,11682,84831,96969,12138,12138,31097,,-7277,,-8917,,-8887
,1784,訊聯,,1175,,,,0.25,1,,上櫃,115,4542,,,,,-1156,19,,,,12372,-13528,,-5088,,8474,145361,314699,169338,169338,174426,,3386,,12789,-12770,-1156
,1785,光洋科,,89644,,,,2.54,1,,上櫃,115,418207,,,,,1591892,1681536,,,,1514364,77528,,2020785,,-10686,11904165,14557891,2653726,2653726,632941,,2010099,,1603969,77567,1591892
,1788,杏昌,,967,,,,2.34,1,0,上櫃,115,26768,,,0,,104304,105271,,,,104304,,,131110,,-38,818514,1145185,326671,326671,195561,,131072,,105271,,104304
,1796,金穎生技,,480,,,,-0.16,1,,上櫃,115,212,,,,,-6691,-6211,,,,-6691,,,-7553,,1074,125127,153198,28071,28071,35624,,-6479,,-6211,,-6691
,1799,易威,,8251,,,,0.16,1,,上櫃,115,80,,,,,21947,30198,,,,20388,1559,,18206,,3821,113225,236695,123470,123470,105264,,22027,,28375,1823,21947
,1813,寶利徠,,-3007,,,,0.11,1,,上櫃,115,-902,,,,,2104,-903,,,,5177,-3073,,-26158,,27360,81267,73819,-7448,-7448,18710,,1202,,2628,-3531,2104
,1815,富喬,,69436,,,,0.79,1,,上櫃,115,85016,,,,,457890,527326,,,,457890,,,402036,,140870,1204773,1881439,676666,676666,274630,,542906,,527326,,457890
,2035,唐榮公司,,-468,,,,0.33,1,,上櫃,115,-1949,,,,,114121,113653,,,,,,,30886,,81286,2369240,2473778,104538,104538,73652,,112172,,,,114121
,2061,風青,,4991,,,,0.30,1,,上櫃,115,2240,,,,,17244,22235,,,,17244,,,23871,,-4387,276898,316733,39835,39835,15964,,19484,,22235,,17244
,2063,世鎧精密,,16962,,,,0.33,1,,上櫃,115,7861,,,,,15784,32746,,,,15784,,,14966,,8679,173960,220196,46236,46236,31270,,23645,,32746,,15784
,2064,晉椿,,-2367,,,,0.00,1,,上櫃,115,153,,,42,,-171,-2538,,,,-175,4,,-3605,,3587,415540,442937,27397,27355,30960,,-18,,-2542,4,-171
,2065,世豐,,10631,,,,0.92,1,,上櫃,115,14478,,,,,58216,68847,,,,58216,,,43650,,29044,446831,545560,98729,98729,55079,,72694,,68847,,58216
,2066,世德,,4382,,,,1.96,1,,上櫃,115,19607,,,,,86618,91000,,,,86618,,,68556,,37669,467830,730323,262493,262493,193937,,106225,,91000,,86618
,2067,嘉鋼,,950,,,,-0.68,1,,上櫃,115,-270,,,,,-36836,-35886,,,,-30854,-5982,,-29839,,-7267,219512,230032,10520,10520,40359,,-37106,,-29873,-6013,-36836
,2070,精湛,,1025,,,,0.28,1,,上櫃,115,3279,,,,,10492,11517,,,,10492,,,7462,,6309,84065,157528,73463,73463,66001,,13771,,11517,,10492
,2073,雄順,,-231,,,,-0.28,1,,上櫃,115,-1931,,,,,-7725,-7956,,,,,,,-8984,,-672,109369,116048,6679,6679,15663,,-9656,,,,-7725
,2221,大甲,,1807,,,,0.69,1,,上櫃,115,7794,,,,,30975,32782,,,,29098,1877,,37930,,839,299715,372219,72504,72504,34574,,38769,0,30905,1877,30975
,2230,泰茂,,-1393,,,,-1.21,1,,上櫃,115,6818,,,,,-82869,-84262,,,,-82267,-602,,-79849,,3798,746152,733737,-12415,-12415,67434,,-76051,,-84157,-105,-82869
,2235,謚源,,0,,,,0.27,1,,上櫃,115,2603,,,,,9783,9783,,,,,,,2806,,9580,122929,143786,20857,20857,18051,,12386,,,,9783
,2596,綠意,,,,,,0.20,1,,上櫃,115,6247,,,,,19392,19392,,,,20466,-1074,,25910,,-271,80692,130962,50270,50270,24360,,25639,,20466,-1074,19392
,2640,大車隊,,,,,,2.36,1,,上櫃,115,36703,,,,,140300,140300,,,,140000,300,,178077,,-1074,405017,815153,410136,410136,232059,,177003,,140000,300,140300
,2641,正德,,148290,,,,0.71,1,,上櫃,115,0,,,,,242506,390796,,,,234345,8161,,210184,,32322,364439,606529,242090,242090,31906,,242506,,382635,8161,242506
,2643,捷迅,,20589,,,,0.68,1,,上櫃,115,10863,,,,,23964,44553,,,,23964,,,27432,,7395,1349237,1456158,106921,106921,79489,,34827,,44553,,23964
,2718,全心投控,,-3812,,,,2.63,1,,上櫃,115,14803,,,,,229221,225409,,,,229221,,,53363,,190661,67118,148375,81257,81257,27894,,244024,,225409,,229221
,2719,燦星旅,,,,,,0.75,1,,上櫃,115,126,,,,,52155,52155,,,,52155,,,46540,,5741,435305,522665,87360,87360,40820,,52281,,52155,,52155
,2724,藝舍-KY,,,,,,-0.43,1,,上櫃,115,152,,,,,-26223,-26223,,,,-25516,-707,,-24942,,-1129,41278,32041,-9237,-9237,15705,,-26071,,-25516,-707,-26223
,2726,雅茗-KY,,3113,,,,-0.33,1,,上櫃,115,1217,,,,,-13401,-10288,,,,-12252,-1149,,-15268,,3084,48078,135312,87234,87234,102502,,-12184,,-9268,-1020,-13401
,2729,瓦城,,5128,,,,1.64,1,,上櫃,115,26593,,,,,69150,74278,,,,69838,-688,,102701,,-6958,835915,1653229,817314,817314,714613,,95743,,74966,-688,69150
,2732,六角,-253,11800,,,,1.10,1,524,上櫃,115,18152,,,,,60409,72209,,,,51219,9190,,79529,,-968,675828,1341834,666006,666530,586748,,78561,,59217,12992,60409
,2734,易飛網,,32,,,,0.17,1,,上櫃,115,47,,,,,9901,9933,,,,9901,,,23078,,-13130,469484,556664,87180,87180,64102,,9948,,9933,,9901
,2736,富野,,3152,,,,-0.10,1,,上櫃,115,0,,,,,-9502,-6350,,,,-7721,-1781,,-2730,,-6772,78320,169353,91033,91033,93763,,-9502,,-4569,-1781,-9502
,2740,華軒,,,,,,-1.32,1,,上櫃,115,,,,,,-19573,-19573,,,,-19573,,,-13810,,-5763,11976,18509,6533,6533,20343,,-19573,,-19573,,-19573
,2743,山富,,,,,,1.71,1,,上櫃,115,22286,,,,,80098,80098,,,,80098,,,116261,,-13877,1605076,1831722,226646,226646,110385,,102384,,80098,,80098
,2745,五福,,,,,,3.44,1,,上櫃,115,29429,,,,,116314,116314,,,,116314,,,155866,,-10123,2164485,2541498,377013,377013,221147,,145743,,116314,,116314
,2751,王座,-50,50,,,,1.01,1,,上櫃,115,6087,,,,,23835,23885,,,,20036,3799,,31363,,-1441,252360,505269,252909,252909,221496,,29922,,20086,3799,23835
,2752,豆府,,-2490,,,,4.08,1,,上櫃,115,27427,,,,,110350,107860,,,,108932,1418,,132723,,5054,514717,1096127,581410,581410,448687,,137777,,106413,1447,110350
,2754,亞洲藏壽司,,725,,,,1.42,1,,上櫃,115,16701,,,,,66684,67409,,,,66684,,,96468,,-13083,878542,1482033,603491,603491,507023,,83385,,67409,,66684
,2755,揚秦,,886,,,,1.65,1,,上櫃,115,15431,,,,,61309,62195,,,,61309,,,77358,,-618,599326,824535,225209,225209,147851,,76740,,62195,,61309
,2756,聯發國際,,1846,,,,0.51,1,,上櫃,115,3507,,,,,12392,14238,,,,12392,,,9689,,6210,153629,301267,147638,147638,137949,,15899,,14238,,12392
,2916,滿心,,4411,,,,1.26,1,,上櫃,115,20304,,,,,81215,85626,,,,,,,82385,,19134,255082,538098,283016,283016,200631,,101519,,,,81215
,2924,宏太-KY,,94,,,,-0.22,1,,上櫃,115,0,,,,,-11707,-11613,,,,-11707,,,-11189,,-518,14019,17766,3747,3747,14936,,-11707,,-11613,,-11707
,2926,誠品生活,,7731,,,,0.17,1,,上櫃,115,16633,,,,,8059,15790,,,,8180,-121,,6834,,17858,1057390,1722858,665468,665468,658634,,24692,,15920,-130,8059
,2937,集雅社,,,,,,0.62,1,,上櫃,115,6138,,,,,26809,26809,,,,26809,,,34532,,-1585,974108,1227773,253665,253665,219133,,32947,,26809,,26809
,2941,米斯特,,0,,,,0.89,1,,上櫃,115,3436,,,,,13627,13627,,,,,,,17152,,-89,89263,245950,156687,156687,139535,,17063,,,,13627
,2947,振宇五金,,,,,,1.02,1,,上櫃,115,5411,,,,,21717,21717,,,0,21717,0,,29783,,-2655,343914,585913,241999,241999,212216,,27128,,21717,,21717
,2948,寶陞,,16107,,,,0.40,1,,上櫃,115,7977,,,,,12448,28555,,,,12448,,,30593,,-10168,299067,531050,231983,231983,201390,,20425,,28555,,12448
,2949,欣新網,,0,,,,0.74,1,,上櫃,115,7321,,,,,23901,23901,,,,22453,1448,,31610,,-388,1235668,1410031,174363,174363,142753,,31222,,22453,1448,23901
,3064,泰偉,,70,,,,-0.27,1,,上櫃,115,,,,,,-3514,-3444,,,,-3513,-1,,-2758,,-756,1732,19573,17841,17841,20599,,-3514,,-3443,-1,-3514
,3066,李洲,,21389,,,,0.52,1,,上櫃,115,1220,,,,,51083,72472,,,,43081,8002,,-7309,,59612,42298,65831,23533,23533,30842,,52303,,63306,9166,51083
,3067,全域,,0,,,,0.12,1,482,上櫃,115,0,,,2130,,2325,2325,,,,2325,,,804,,1521,18178,26116,7938,6290,5486,,2325,,2325,,2325
,3071,協禧,,63124,,,,0.15,1,,上櫃,115,17221,,,,,25525,88649,,,,16155,9370,,68702,,-25956,494095,706438,212343,212343,143641,,42746,,72726,15923,25525
,3073,天方能源,0,-4460,,,,0.00,1,,上櫃,115,0,,,,,-213,-4673,,,,-195,-18,,-4131,,3918,55207,63255,8048,8048,12179,,-213,,-4655,-18,-213
,3078,僑威,,124647,,,,0.72,1,,上櫃,115,45814,,,,,163356,288003,,,,163356,,,147339,,61831,1347859,1696610,348751,348751,201412,,209170,,288003,,163356
,3081,聯亞,,-209,,,,3.44,1,,上櫃,115,79379,,,,,317515,317306,,,,,,,373230,,23664,409156,904389,495233,495233,122003,,396894,,,,317515
,3083,網龍,,9631,,,,0.30,1,,上櫃,115,919,,,,,26155,35786,,,,25744,411,,-3285,,30359,18809,98413,79604,79604,82889,,27074,,35187,599,26155
,3085,新零售,,-5100,,,,-0.24,1,,上櫃,115,0,,,,,-16820,-21920,,,,-16820,,,-15925,,-895,3653,11821,8168,8168,24093,,-16820,,-21920,,-16820
,3086,華義*,,-123,,,,-0.01,1,,上櫃,115,,,,,,-4854,-4977,,,,-4001,-853,,-8029,,3175,21253,32552,11299,11299,19328,,-4854,,-4063,-914,-4854
,3088,艾訊,,15589,,,,2.25,1,61,上櫃,115,60588,,,57,,252613,268202,,,,244323,8290,,273182,,40019,1398916,2120523,721607,721611,448429,,313201,,259912,8290,252613
,3093,港建*,,9714,,,,0.08,1,,上櫃,115,3806,,,,,11375,21089,,,,11375,,,8240,,6941,195150,267567,72417,72417,64177,,15181,,21089,,11375
,3095,及成,,4062,,,,0.75,1,,上櫃,115,11,,,,,7518,11580,,,,7518,,,5723,,1806,119117,154775,35658,35658,29935,,7529,,11580,,7518
,3105,穩懋,,-301072,,,,1.26,1,,上櫃,115,83181,,,,,448627,147555,,,,533291,-84664,,431000,,100808,3381061,4590060,1208999,1208999,777999,,531808,,220687,-73132,448627
,3114,好德,,-1666,,,,0.73,1,,上櫃,115,10472,,,,,47206,45540,,,,47206,0,,33408,,24270,652070,734092,82022,82022,48614,,57678,,45540,0,47206
,3115,富榮綱,,2686,,,,-0.10,1,,上櫃,115,73,,,,,-7347,-4661,,,,-7347,,,-8220,,946,0,1441,1441,1441,9661,,-7274,,-4661,,-7347
,3118,進階,,,,,,0.53,1,,上櫃,115,4213,,,,,17293,17293,,,,,,,19894,,1612,99368,158856,59488,59488,39594,,21506,,,,17293
,3122,笙泉,,554,,,,-0.29,1,,上櫃,115,38,,,,,-11776,-11222,,,,-11776,0,,-10639,,-1099,51736,81453,29717,29717,40356,,-11738,,-11222,0,-11776
,3128,昇銳,,,,,,0.31,1,,上櫃,115,4153,,,,,15769,15769,,,,14441,1328,,18011,,1911,185864,268144,82280,82280,64269,,19922,,14441,1328,15769
,3131,弘塑,,8600,,,,16.11,1,,上櫃,115,119240,,,,,460910,469510,,,,462736,-1826,,209943,,370207,1057115,1596363,539248,539248,329305,,580150,,471325,-1815,460910
,3141,晶宏,,103744,,,,0.84,1,,上櫃,115,11430,,,,,57342,161086,,,,62330,-4988,,19720,,49052,209421,364294,154873,154873,135153,,68772,,166074,-4988,57342
,3147,大綜,,1692,,,,3.66,1,,上櫃,115,42793,,,,,159826,161518,,,,159826,,,195695,,6924,2610836,2986522,375686,375686,179991,,202619,,161518,,159826
,3152,璟德,,,,,,1.39,1,,上櫃,115,21640,,,,,95947,95947,,,,,,,101970,,15617,193350,352425,159075,159075,57105,,117587,,,,95947
,3158,嘉實,,-5,,,,1.50,1,,上櫃,115,11721,,,,,45797,45792,,,,45797,0,,54633,,2885,94376,261631,167255,167255,112622,,57518,,45792,0,45797
,3162,精確,,53158,,,,0.02,1,,上櫃,115,3386,,,,,7090,60248,,,,3532,3558,,-15692,,26168,1752615,1956307,203692,203692,219384,,10476,,55336,4912,7090
,3163,波若威,,16966,,,,3.03,1,,上櫃,115,8790,,,,,243751,260717,,,,243751,,,34908,,217633,532385,656095,123710,123710,88802,,252541,,260717,,243751
,3169,亞信,,3234,,,,0.97,1,,上櫃,115,12176,,,,,61570,64804,,,,61570,,,64565,,9181,110814,241956,131142,131142,66577,,73746,,64804,,61570
,3171,炎洲流通,,7833,,,,1.44,1,,上櫃,115,12003,,,,,51616,59449,,,,47467,4149,,62732,,887,455278,613240,157962,157962,95230,,63619,,53463,5986,51616
,3176,基亞,,-15600,,,,-0.38,1,,上櫃,115,3945,,,-1277,,-74021,-89621,,,,-53149,-20872,,-66908,,-3168,123568,261496,137928,139205,206113,,-70076,,-56281,-33340,-74021
,3178,公準,,723,,,,0.00,1,,上櫃,115,-2949,,,,,258,981,,,,61,197,,-6205,,3514,254428,294902,40474,40474,46679,,-2691,,567,414,258
,3188,鑫龍騰,,,,,,2.24,1,,上櫃,115,109956,,,,,421908,421908,,,,421908,,,536059,,-4195,967858,1603785,635927,635927,99868,,531864,,421908,,421908
,3191,雲嘉南,,1098,,,,-0.32,1,,上櫃,115,-622,,,,,-14026,-12928,,,,-14026,,,-16227,,1579,29755,42210,12455,12455,28682,,-14648,,-12928,,-14026
,3205,佰研,,-34204,,,,0.05,1,,上櫃,115,0,,,,,3237,-30967,,,,3318,-81,,1463,,1774,133654,147115,13461,13461,11998,,3237,,-30886,-81,3237
,3206,志豐,,30042,,,,0.26,1,,上櫃,115,10536,,,,,19026,49068,,,,15483,3543,,28169,,1393,580050,731010,150960,150960,122791,,29562,,43927,5141,19026
,3207,耀勝,0,24029,,,,-0.45,1,,上櫃,115,-882,,,,,8940,32969,,,,-30019,38959,,-36707,,44765,352547,427984,75437,75437,112144,,8058,,-3294,36263,8940
,3211,順達,,146865,,,,2.05,1,,上櫃,115,56238,,,,,312810,459675,,,,312810,,,419202,,-50154,2674581,3344523,669942,669942,250740,,369048,,459675,,312810
,3213,茂訊,,66761,,,,2.59,1,,上櫃,115,41469,,,,,165798,232559,,,,152251,13547,,178421,,28846,466288,728281,261993,261993,83572,,207267,,219012,13547,165798
,3217,優群,,268680,,,,2.82,1,,上櫃,115,65902,,,,,254146,522826,,,,254146,,,294721,,25327,484230,948090,463860,463860,169139,,320048,,522826,,254146
,3218,大學光,,11405,,,,3.31,1,,上櫃,115,66969,,,,,287929,299334,,,,280773,7156,,333854,,21044,464479,1089806,625327,625327,291473,,354898,,288734,10600,287929
,3219,倚強科,,26518,,,,0.48,1,,上櫃,115,6923,,,,,28687,55205,,,,33992,-5305,,41250,,-5640,155847,431607,275760,275760,234510,,35610,,48613,6592,28687
,3221,台嘉碩,,18050,,,,0.36,1,,上櫃,115,9491,,,,,33753,51803,,,,37884,-4131,,15728,,27516,429490,546579,117089,117089,101361,,43244,,54253,-2450,33753
,3224,三顧,,6635,,,,0.03,1,,上櫃,115,864,,,,,-23121,-16486,,,,2247,-25368,,-33633,,11376,343951,410214,66263,66263,99896,,-22257,,8885,-25371,-23121
,3226,龍鋒,,869,,,,0.02,1,,上櫃,115,343,,,3167,,1333,2202,,,,,,,-15478,,17154,315271,339879,24608,21441,36919,,1676,,,,1333
,3227,原相,,-14428,,,,2.65,1,,上櫃,115,73071,,,,,387404,372976,,,,389914,-2510,,381973,,78502,895176,2209409,1314233,1314233,932260,,460475,,375486,-2510,387404
,3228,金麗科,,-806,,,,-0.55,1,,上櫃,115,0,,,,,-39401,-40207,,,,,,,-41770,,2369,29783,75858,46075,46075,87845,,-39401,,,,-39401
,3230,錦明,,10877,,,,-0.45,1,,上櫃,115,-914,,,,,-38376,-27499,,,,-38376,,,-37871,,-1419,96273,100608,4335,4335,42206,,-39290,,-27499,,-38376
,3232,昱捷,,1344,,,,0.18,1,,上櫃,115,1890,,,,,8516,9860,,,,8516,,,6073,,4333,207298,248278,40980,40980,34907,,10406,,9860,0,8516
,3234,光環,,2401,,,,-0.32,1,354,上櫃,115,0,,,307,,-36366,-33965,,,,-35715,-651,,-39839,,3473,164798,182685,17887,17934,57773,,-36366,,-33314,-651,-36366
,3236,千如,,25272,,,,0.10,1,,上櫃,115,3620,,,,,10399,35671,,,,10399,,,12060,,1959,415019,537543,122524,122524,110464,,14019,,35671,,10399
,3252,海灣,,0,,,,0.09,1,,上櫃,115,467,,,,,15051,15051,,,,4616,10435,,29902,,-14384,83675,140524,56849,56849,26947,,15518,,4616,10435,15051
,3259,鑫創,,0,,,,-0.60,1,,上櫃,115,0,,,,,-43509,-43509,,,,,,,-44254,,745,38514,45725,7211,7211,51465,,-43509,,,,-43509
,3260,威剛,,236621,,,,30.05,1,,上櫃,115,2865411,,,1512,,9974550,10211171,,,,9533983,440567,,12279511,,560450,11561919,26099523,14537604,14536092,2256581,,12839961,,9697406,513765,9974550
,3264,欣銓,,71111,,,,1.95,1,,上櫃,115,239997,,,,,924343,995454,,,,924343,,,1096525,,67815,2455483,3983402,1527919,1527919,431394,,1164340,,995454,,924343
,3265,台星科,,-11404,,,,1.76,1,,上櫃,115,65851,,,,,239756,228352,,,,239756,,,256902,,48705,973700,1307800,334100,334100,77198,,305607,,228352,,239756
,3268,海德威,,8614,,,,-0.09,1,,上櫃,115,205,,,,,-3123,5491,,,,-3123,,,-7621,,4703,200779,214204,13425,13425,21046,,-2918,,5491,,-3123
,3272,東碩,,78551,,,,-2.80,1,,上櫃,115,6840,,,,,-167520,-88969,,,,-167520,,,-143073,,-17607,596250,641686,45436,45436,188509,,-160680,,-88969,,-167520
,3276,宇環,,21656,,,,0.00,1,,上櫃,115,0,,,,,-7034,14622,,,,-98,-6936,,-21205,,14171,138222,138645,423,423,21628,,-7034,,21558,-6936,-7034
,3284,太普高,,-936,,,,0.50,1,,上櫃,115,10389,,,,,54966,54030,,,,53923,1043,,35552,,29803,162669,225089,62420,62420,26868,,65355,,54703,-673,54966
,3285,微端,,4311,,,,0.26,1,,上櫃,115,3073,,,,,12088,16399,,,,10992,1096,,15802,,-641,168187,221882,53695,53695,37893,,15161,,14943,1456,12088
,3287,廣寰科,,-1451,,,,1.01,1,,上櫃,115,2503,,,,,55239,53788,,,,44347,10892,,20724,,37018,144338,216670,72332,72332,51608,,57742,,42896,10892,55239
,3288,點晶,,-493,,,,-0.08,1,,上櫃,115,0,,,,,-1248,-1741,,,,-1247,-1,,-1866,,618,4153,18029,13876,13876,15742,,-1248,,-1740,-1,-1248
,3289,宜特,,36964,,,,2.05,1,,上櫃,115,9743,,,,,170234,207198,,,,177275,-7041,,-74118,,254095,896320,1083458,187138,187138,261256,,179977,,214239,-7041,170234
,3290,東浦,,41557,,,,2.65,1,,上櫃,115,-1358,,,,,239411,280968,,,,239411,,,-23062,,261115,720462,902201,181739,181739,204801,,238053,,280968,,239411
,3293,鈊象,,-25047,,,,11.18,1,,上櫃,115,699481,,,,,3151783,3126736,,,,3151923,-140,,3651518,,199746,136420,6264670,6128250,6128250,2476732,,3851264,,3126770,-34,3151783
,3294,英濟,,69677,,,,-0.45,1,,上櫃,115,-5749,,,,,-64266,5411,,,,-59584,-4682,,-103739,,33724,640990,680593,39603,39603,143342,,-70015,,10093,-4682,-64266
,3297,杭特,,,,,,-0.05,1,,上櫃,115,-342,,,,,-1689,-1689,,,,-1689,,,-7312,,5281,31796,50212,18416,18416,25728,,-2031,,-1689,,-1689
,3303,岱稜,,12223,,,,0.92,1,,上櫃,115,28788,,,,,89238,101461,,,,86263,2975,,99961,,18065,508913,774438,265525,265525,165564,,118026,,98486,2975,89238
,3306,鼎天,465,35101,,,,0.11,1,,上櫃,115,595,,,,,5354,40455,,,,,,,1022,,4927,178707,246640,67933,67933,67376,,5949,,,,5354
,3310,佳穎,,57860,,,,0.34,1,,上櫃,115,4077,,,,,24374,82234,,,,25382,-1008,,30349,,-1898,322673,412601,89928,89928,59579,,28451,,83242,-1008,24374
,3313,斐成,,,,,,0.07,1,,上櫃,115,686,,,,,15529,15529,,,,15534,-5,,-15913,,32128,7159,4957,-2202,-2202,13711,,16215,,15534,-5,15529
,3317,尼克森,,368,,,,0.84,1,,上櫃,115,19835,,,,,77555,77923,,,,75931,1624,,92331,,5059,500344,708192,207848,207848,115517,,97390,,76299,1624,77555
,3322,建舜電,,-7448,,,,-0.64,1,,上櫃,115,0,,,,,-77590,-85038,,,,-77590,0,,-63304,,-14286,704747,784415,79668,79668,142972,,-77590,,-85038,0,-77590
,3323,加百裕,,1487,,,,-0.56,1,,上櫃,115,0,,,,,-55738,-54251,,,,-54907,-831,,-61220,,5482,937294,1024145,86851,86851,148071,,-55738,,-53420,-831,-55738
,3324,雙鴻,,-18055,,,,12.61,1,,上櫃,115,304589,,,,,1265459,1247404,,,,1164048,101411,,1519644,,50404,6015134,8551657,2536523,2536523,1016879,,1570048,,1141264,106140,1265459
,3325,旭品,,19124,,,,-0.60,1,,上櫃,115,198,,,,,-72845,-53721,,,,-64209,-8636,,-60707,,-11940,243492,231172,-12320,-12320,48387,,-72647,,-43569,-10152,-72845
,3332,幸康,,23921,,,,1.38,1,,上櫃,115,10640,,,,,66575,90496,,,,66575,,,56703,,20512,304192,474553,170361,170361,113658,,77215,,90496,,66575
,3339,泰谷,,,,,,-0.77,1,,上櫃,115,0,,,,,-48449,-48449,,,,-48566,117,,-16435,,-32014,176338,204272,27934,27934,44369,,-48449,,-48566,117,-48449
,3349,寶德,,-2210,,,,-0.48,1,,上櫃,115,-255,,,,,-21884,-24094,,,,-21884,,,-25344,,3205,57535,61245,3710,3710,29054,,-22139,,-24094,,-21884
,3354,律勝,,3706,,,,-0.17,1,,上櫃,115,332,,,,,-11955,-8249,,,,-11955,,,-16144,,4521,20193,28513,8320,8320,24464,,-11623,,-8249,,-11955
,3357,臺慶科,,647713,,,,2.51,1,1598,上櫃,115,39722,,,2428,,281165,928878,,,,286247,-5082,,258912,,61975,1234607,1735489,500882,500052,241140,,320887,,930101,-1223,281165
,3360,尚立,,2960,,,,-0.01,1,,上櫃,115,-7383,,,,,-5471,-2511,,,,-204,-5267,,79,,-12933,2238875,2313282,74407,74407,74328,,-12854,,2762,-5273,-5471
,3362,先進光,,28842,,,,-0.50,1,,上櫃,115,-9857,,,,,-71357,-42515,,,,-71211,-146,,-89551,,8337,962511,1107776,145265,145265,234816,,-81214,,-42374,-141,-71357
,3363,上詮,,3095,,,,-0.98,1,,上櫃,115,-27525,,,,,-107036,-103941,,,,-107036,,,-156077,,21516,374772,381969,7197,7197,163274,,-134561,,-103941,,-107036
,3372,典範,,,,,,-0.03,1,,上櫃,115,0,,,,,-5418,-5418,,,,,,,-10704,,5286,296959,309683,12724,12724,23428,,-5418,,,,-5418
,3373,熱映,,10658,,,,-0.26,1,,上櫃,115,-2933,,,,,-12273,-1615,,,,-12273,,,-20870,,5664,80668,93484,12816,12816,33686,,-15206,,-1615,,-12273
,3374,精材,14554,,,,,1.42,1,,上櫃,115,91390,,,,,384417,384417,,,,,,,452015,,23792,1346162,1913716,567554,567554,130093,,475807,,,,384417
,3379,彬台,,7208,,,,-0.39,1,,上櫃,115,8817,,,,,-14972,-7764,,,,-14972,,,-7559,,1404,149275,184353,35078,35078,42637,,-6155,,-7764,,-14972
,3388,崇越電,,101380,,,,1.20,1,,上櫃,115,43595,,,,,92225,193605,,,,88672,3553,,124217,,11603,1613209,2004341,391132,391132,266915,,135820,,189147,4458,92225
,3390,旭軟,0,-9749,,,,-0.18,1,,上櫃,115,2239,,,,,-14576,-24325,,,,-14576,,,-5221,,-7116,177101,211177,34076,34076,39297,,-12337,,-24325,,-14576
,3402,漢科,,23458,,,,1.56,1,,上櫃,115,36245,,,,,114206,137664,,,,114206,,,155730,,-5279,1084575,1372885,288310,288310,132580,,150451,,137664,,114206
,3430,奇鈦科,,6600,,,,1.45,1,,上櫃,115,15419,,,,,48866,55466,,,,48866,,,58210,,6075,383172,499180,116008,116008,57798,,64285,,55466,,48866
,3434,哲固,,36,,,,0.08,1,,上櫃,115,700,,,,,2795,2831,,,,2795,,,-1046,,4541,93014,116171,23157,23157,24203,,3495,,2831,,2795
,3438,類比科,,342641,,,,0.24,1,,上櫃,115,556,,,,,11306,353947,,,,,,,-1256,,13118,121659,198374,76715,76715,77971,,11862,,,,11306
,3441,聯一光電,,14289,,,,0.47,1,,上櫃,115,8024,,,,,18960,33249,,,,18741,219,,12590,,14394,79569,113335,33766,33766,21176,,26984,,32580,669,18960
,3444,利機,,1412,,,,0.41,1,,上櫃,115,5202,,,,,18553,19965,,,,18553,,,11508,,12247,253511,315951,62440,62440,50932,,23755,,19965,,18553
,3455,由田,,3535,,,,-0.81,1,,上櫃,115,-11830,,,,,-48723,-45188,,,,-48723,,,-89794,,29241,66907,147174,80267,80267,170061,,-60553,,-45188,,-48723
,3465,進泰電子,,18119,,,,-0.92,1,,上櫃,115,-11421,,,,,-42022,-23903,,,,-32433,-9589,,-59338,,5895,317149,337099,19950,19950,79288,,-53443,,-15813,-8090,-42022
,3466,德晉,,4130,,,,-0.31,1,,上櫃,115,0,,,,,-24453,-20323,,,,-24453,,,-35306,,10853,47866,51916,4050,4050,39356,,-24453,,-20323,,-24453
,3467,台灣精材,,,,,,0.30,1,,上櫃,115,2354,,,,,9417,9417,,,,,,,9651,,2120,126905,168561,41656,41656,32005,,11771,,,,9417
,3479,安勤,0,35900,,,,2.22,1,0,上櫃,115,46911,,,0,,175126,211026,,,,161465,13661,,197710,,24327,1540283,2143821,603538,603538,405828,,222037,0,191710,19316,175126
,3483,力致,,111707,,,,0.17,1,,上櫃,115,17869,,,,,16513,128220,,,,16513,,,24031,,10351,1672162,2016480,344318,344318,320287,,34382,,128220,,16513
,3484,崧騰,,76932,,,,0.63,1,,上櫃,115,25745,,,,,50094,127026,,,,49912,182,,76187,,-348,843990,1083036,239046,239046,162859,,75839,,126099,927,50094
,3485,敘豐,,3667,,,,1.69,1,,上櫃,115,14660,,,,,57922,61589,,,,57922,,,52279,,20303,63449,135603,72154,72154,19875,,72582,,61589,,57922
,3489,森寶,27,,,,,-0.03,1,,上櫃,115,1780,,,,,-2286,-2286,,,,-2286,,,1727,,-2233,262929,271895,8966,8966,7266,,-506,,-2286,,-2286
,3490,單井,,6967,,,,2.07,1,,上櫃,115,4021,,,,,113792,120759,,,,113792,,,-8431,,126244,38899,48656,9757,9757,18188,,117813,,120759,,113792
,3491,昇達科,,72340,,,,3.68,1,,上櫃,115,65269,,,,,253127,325467,,,,253127,0,,313644,,4752,428633,1020155,591522,591522,277878,,318396,,325467,0,253127
,3492,長盛,,7228,,,,0.31,1,0,上櫃,115,1799,,,0,,10907,18135,,,0,10907,0,,11005,,1701,141629,197402,55773,55773,44768,,12706,0,18135,0,10907
,3498,陽程,,38084,,,,-0.20,1,,上櫃,115,5572,,,,,-11994,26090,,,,-11809,-185,,-8982,,2560,185881,251332,65451,65451,74433,,-6422,,26316,-226,-11994
,3499,環天科,,4950,,,,-0.51,1,,上櫃,115,-1601,,,,,-28184,-23234,,,,-28184,0,,-30690,,905,52907,60734,7827,7827,38517,,-29785,,-23234,0,-28184
,3508,位速,,501,,,,-0.10,1,,上櫃,115,7591,,,,,-15104,-14603,,,,-10059,-5045,,-36904,,29391,194402,227353,32951,32951,69855,,-7513,,-9820,-4783,-15104
,3511,矽瑪,,5526,,,,-0.09,1,,上櫃,115,1448,,,,,-12072,-6546,,,,-7037,-5035,,-9733,,-891,390323,466927,76604,76604,86337,,-10624,,-1511,-5035,-12072
,3512,皇龍,,,,,,0.46,1,,上櫃,115,5274,,,,,51495,51495,,,,51495,,,56837,,-68,126826,212880,86054,86054,29217,,56769,,51495,,51495
,3516,亞帝歐,,24516,,,,0.08,1,,上櫃,115,3005,,,,,7457,31973,,,,4587,2870,,-2596,,13058,241720,290973,49253,49253,51849,,10462,,29103,2870,7457
,3520,華盈,,6011,,,,-0.07,1,,上櫃,115,-468,,,,,-4730,1281,,,,-4730,0,,-7734,,2536,275004,305953,30949,30949,38683,,-5198,,1281,0,-4730
,3521,台鋼建設,,-22992,,,,2.12,1,,上櫃,115,5126,,,,,309453,286461,,,,309453,,,-25250,,339829,14889,10438,-4451,-4451,20799,,314579,,286461,,309453
,3522,御嵿,,0,,,,0.40,1,,上櫃,115,403,,,,,38709,38709,,,,39348,-639,,47882,,-8770,215023,469845,254822,254822,206940,,39112,,39348,-639,38709
,3523,迎輝,,0,,,,-0.45,1,,上櫃,115,0,,,,,-29082,-29082,,,,-28955,-127,,-29091,,9,24928,13219,-11709,-11709,17382,,-29082,,-28955,-127,-29082
,3526,凡甲,,141760,,,,4.70,1,,上櫃,115,65815,,,,,308476,450236,,,,308476,,,368083,,6208,546366,1101057,554691,554691,186608,,374291,,450236,,308476
,3527,聚積,,14865,,,,0.01,1,,上櫃,115,3331,,,,,338,15203,,,,338,,,-5258,,8927,207803,343983,136180,136180,141438,,3669,,15203,,338
,3529,力旺,,315,,,,7.98,1,,上櫃,115,79700,,,,,615751,616066,,,,596250,19501,,662377,,33074,0,1093993,1093993,1093993,431616,,695451,,596483,19583,615751
,3531,先益,,21451,,,,0.33,1,,上櫃,115,9647,,,,,19106,40557,,,,20392,-1286,,-3836,,32589,218643,273163,54520,54520,58356,,28753,,41843,-1286,19106
0,3537,堡達,0,6527,,,,1.28,1,-130,上櫃,115,17945,,,0,,71722,78249,,,,71722,,,70631,,19036,611425,731633,120208,120078,49447,,89667,,78249,,71722
,3540,曜越,0,32508,,,,0.15,1,,上櫃,115,1687,,,145,,10635,43143,,,,10862,-227,,-11157,,23479,912343,1269154,356811,356666,367823,,12322,,43370,-227,10635
,3541,西柏,,64,,,,0.03,1,,上櫃,115,711,,,,,1778,1842,,,,1778,,,-7014,,9503,156372,242276,85904,85904,92918,,2489,,1842,,1778
,3546,宇峻,,-24216,,,,2.34,1,,上櫃,115,27102,,,,,136990,112774,,,,136990,,,148426,,15666,59270,519510,460240,460240,311814,,164092,,112774,,136990
,3548,兆利,,126034,,,,-1.35,1,,上櫃,115,3074,,,,,-91229,34805,,,,-91229,0,,-76279,,-11876,1556427,1693588,137161,137161,213440,,-88155,,34805,0,-91229
,3551,世禾,,51893,,,,2.46,1,,上櫃,115,40865,,,,,151569,203462,,,,151569,,,164175,,28259,507304,810912,303608,303608,139433,,192434,,203462,,151569
,3552,同致,,115151,,,,0.01,1,,上櫃,115,6681,,,,,942,116093,,,,942,,,-57987,,65610,1415029,1734733,319704,319704,377691,,7623,,116093,,942
,3555,博士旺,,0,,,,5.45,1,,上櫃,115,0,,,,,220748,220748,,,,218054,2694,,43419,,177329,157001,273286,116285,116285,72866,,220748,,218073,2675,220748
,3556,禾瑞亞,,415,,,,1.19,1,,上櫃,115,13986,,,,,74988,75403,,,,75622,-634,,51535,,37439,156614,309177,152563,152563,101028,,88974,,75880,-477,74988
,3558,神準,37024,8527,,,,0.10,1,,上櫃,115,7325,,,,,19826,28353,,,,5959,13867,,12723,,14428,2561493,3058205,496712,496712,521013,,27151,,14564,13789,19826
,3564,其陽,,5113,,,,-0.32,1,,上櫃,115,-5171,,,,,-18759,-13646,,,,-18759,,,-20982,,-2948,435089,559664,124575,124575,145557,,-23930,,-13646,,-18759
,3567,逸昌,,,,,,0.13,1,,上櫃,115,1185,,,,,4555,4555,,,,,,,4716,,1024,46834,62555,15721,15721,11005,,5740,,,,4555
,3570,大塚,,4261,,,,4.12,1,,上櫃,115,16277,,,,,70520,74781,,,,70520,,,86940,,-143,485093,682437,197344,197344,110404,,86797,,74781,,70520
,3577,泓格,569,3822,,,,1.47,1,,上櫃,115,21666,,,,,94147,97969,,,,94147,,,112574,,3239,155919,387396,231477,231477,119472,,115813,,97969,,94147
,3580,友威科,,16601,,,,-0.18,1,,上櫃,115,-926,,,,,-7268,9333,,,,-7268,,,-11609,,3415,41839,64359,22520,22520,34129,,-8194,,9333,,-7268
,3581,博磊,,4888,,,,0.31,1,,上櫃,115,7962,,,,,26729,31617,,,,15832,10897,,25099,,9592,260718,405160,144442,144442,119343,,34691,,20720,10897,26729
,3587,閎康,,118216,,,,2.24,1,,上櫃,115,49469,,,,,149978,268194,,,0,149978,0,,180901,,18546,984432,1424420,439988,439988,259087,,199447,0,268194,0,149978
,3594,磐儀,,30566,,,,-0.07,1,0,上櫃,115,-2720,,,0,,-23970,6596,,,,-6251,-17719,,-34225,,7535,345199,522555,177356,177356,211581,,-26690,,18257,-11661,-23970
,3597,映興,,5042,,,,0.08,1,,上櫃,115,1797,,,,,3262,8304,,,,3262,,,5682,,-623,153150,198150,45000,45000,39318,,5059,,8304,,3262
,3609,三一東林,,-901,,,,-1.05,1,,上櫃,115,-2102,,,,,-40210,-41111,,,,-40210,,,-38891,,-3421,62853,83890,21037,21037,59928,,-42312,,-41111,,-40210
,3611,鼎翰,,-38316,,,,4.56,1,,上櫃,115,49952,,,,,217110,178794,,,,217001,109,,252639,,14423,1830469,2765539,935070,935070,682431,,267062,,178873,-79,217110
,3615,安可,,-4712,,,,0.16,1,,上櫃,115,6460,,,,,17695,12983,,,,10867,6828,,-724,,24879,154696,202886,48190,48190,48914,,24155,,6155,6828,17695
,3623,富晶通,,1619,,,,0.26,1,,上櫃,115,1689,,,,,7653,9272,,,,,,,868,,8474,73637,81991,8354,8354,7486,,9342,,,,7653
,3624,光頡,,12987,,,,0.75,1,,上櫃,115,29414,,,,,88980,101967,,,,87930,1050,,96428,,21966,520091,727980,207889,207889,111461,,118394,,100505,1462,88980
,3625,西勝,,6312,,,,0.01,1,,上櫃,115,1281,,,,,1584,7896,,,,1584,,,-34997,,37862,105263,120771,15508,15508,50505,,2865,,7896,,1584
,3628,盈正,,15365,,,,0.34,1,,上櫃,115,10288,,,,,16289,31654,,,,15384,905,,20563,,6014,585575,804199,218624,218624,198061,,26577,,30700,954,16289
,3629,地心引力,,433,,,,-0.15,1,,上櫃,115,0,,,,,-4914,-4481,,,,-4914,,,-5225,,311,5702,7951,2249,2249,7474,,-4914,,-4481,,-4914
,3630,新鉅科,,-11189,,,,-0.27,1,,上櫃,115,0,,,,,-55433,-66622,,,,-55433,,,-90857,,35424,573551,644969,71418,71418,162275,,-55433,,-66622,,-55433
,3631,晟楠,,17652,,,,-0.15,1,,上櫃,115,-2967,,,,,-16386,1266,,,,-12202,-4184,,-24676,,5323,7365,8997,1632,1632,26308,,-19353,,5450,-4184,-16386
,3632,研勤,,-421,,,,0.06,1,,上櫃,115,1491,,,,,3090,2669,,,,2580,510,,5684,,-1103,27676,72621,44945,44945,39261,,4581,,2176,493,3090
,3646,艾恩特,,16116,,,,-0.36,1,,上櫃,115,3075,,,,,-14276,1840,,,,-14276,,,-3035,,-8166,127888,167472,39584,39584,42619,,-11201,,1840,,-14276
,3663,鑫科,,223630,,,,0.26,1,,上櫃,115,12078,,,,,27035,250665,,,,28120,-1085,,64717,,-25604,2322100,2448860,126760,126760,62043,,39113,,236949,13716,27035
,3664,安瑞-KY,,-4940,,,,-1.77,1,,上櫃,115,0,,,,,-115918,-120858,,,,-115918,0,,-111346,,-4572,34686,54281,19595,19595,130941,,-115918,,-120858,0,-115918
,3666,光耀,,-800,,,,-0.40,1,,上櫃,115,0,,,,,-53891,-54691,,,,-53891,,,-63088,,9197,117587,99220,-18367,-18367,44721,,-53891,,-54691,,-53891
,3672,康聯訊,,-1069,,,,-0.39,1,,上櫃,115,295,,,,,-15868,-16937,,,,-15904,36,,-16732,,1159,39855,59265,19410,19410,36142,,-15573,,-16969,32,-15868
,3675,德微,,1782,,,,1.51,1,,上櫃,115,20960,,,,,82498,84280,,,,80096,2402,,102280,,1178,422644,684598,261954,261954,159674,,103458,,81878,2402,82498
,3680,家登,,1751102,,,,2.55,1,,上櫃,115,60200,,,,,278153,2029255,,,,245148,33005,,291432,,46921,1069923,1865049,795126,795126,503694,,338353,,1966100,63155,278153
,3684,榮昌,,3152,,,,0.70,1,,上櫃,115,5647,,,,,20999,24151,,,,20999,,,26203,,443,166803,257050,90247,90247,64044,,26646,,24151,,20999
,3685,元創精密,,16561,,,,0.10,1,,上櫃,115,11764,,,,,30481,47042,,,,7577,22904,,37093,,5152,273559,356819,83260,83260,46167,,42245,,16311,30731,30481
,3687,歐買尬,,-12419,,,,0.31,1,,上櫃,115,24593,,,,,70551,58132,,,,9304,61247,,87983,,7161,286450,483171,196721,196721,108738,,95144,,6218,51914,70551
,3689,湧德,,92079,,,,2.04,1,,上櫃,115,47817,,,,,185320,277399,,,,182233,3087,,226198,,6939,1341843,1923908,582065,582065,355867,,233137,,273261,4138,185320
,3691,碩禾,,-69371,,,,2.97,1,,上櫃,115,36833,,,,,293481,224110,,,,272572,20909,,259172,,71142,2048554,2506700,458146,458146,198974,,330314,,219503,4607,293481
,3693,營邦,,15968,,,,1.54,1,,上櫃,115,31422,,,,,55774,71742,,,,66403,-10629,,48040,,39156,1195661,1557270,361609,361609,313569,,87196,,81279,-9537,55774
,3707,漢磊,,-349,,,,-0.35,1,,上櫃,115,25166,,,,,-95216,-95565,,,,-137632,42416,,-92225,,22175,1457085,1534730,77645,77645,169870,,-70050,,-137981,42416,-95216
,3709,鑫聯大投控,,59065,,,,3.69,1,,上櫃,115,177706,,,,,463206,522271,,,,463406,-200,,583510,,57402,10911971,11809621,897650,897650,314140,,640912,,523377,-1106,463206
,3710,連展投控,,94904,,,,-0.74,1,,上櫃,115,9350,,,,,-210339,-115435,,,,-213920,3581,,-96987,,-104002,1478585,1798018,319433,319433,416420,,-200989,,-122499,7064,-210339
,3713,新晶投控,0,1,,,,-0.22,1,106,上櫃,115,3564,,,,,-19201,-19200,,,,-19622,421,,-4467,,-11170,59958,77722,17764,17870,22337,,-15637,,-19621,421,-19201
,4102,永日,,-3106,,,,0.09,1,,上櫃,115,398,,,,,4627,1521,,,,3888,739,,3348,,1677,90462,123157,32695,32695,29347,,5025,,782,739,4627
,4105,東洋,,3103,,,,1.78,1,12023,上櫃,115,110462,,,7916,,463157,466260,,,,443065,20092,,489470,,84149,608300,1520487,912187,916294,426824,,573619,,448861,17399,463157
,4107,邦特,,8712,,,,2.09,1,,上櫃,115,38994,,,,,144978,153690,,,,144978,,,176013,,7959,299404,546438,247034,247034,71021,,183972,,153690,,144978
,4109,加捷生醫,,-7203,,,,0.15,1,,上櫃,115,1551,,,,,18429,11226,,,,18403,26,,2756,,17224,96895,135125,38230,38230,35474,,19980,,11079,147,18429
,4111,濟生,,-9,,,,0.90,1,,上櫃,115,14376,,,,,53896,53887,,,,,,,57835,,10437,210509,356758,146249,146249,88414,,68272,,,,53896
,4113,聯上,,,,,,-0.22,1,,上櫃,115,58,,,,,-50217,-50217,,,,,,,-15114,,-35045,12140,21878,9738,9738,24852,,-50159,,,,-50217
,4114,健喬,,8886,,,,0.38,1,,上櫃,115,48501,,,,,135164,144050,,,,191806,-56642,,183349,,316,938802,1627778,688976,688976,505627,,183665,,200384,-56334,135164
,4116,明基醫,,2674,,,,0.28,1,,上櫃,115,22990,,,,,49901,52575,,,,12566,37335,,69472,,3419,897434,1324607,427173,427173,357701,,72891,,14583,37992,49901
,4120,友華,,-573392,,,,-0.29,1,,上櫃,115,28630,,,,,-3673,-577065,,,,-24980,21307,,21084,,3873,552397,1150930,598533,598533,577449,,24957,,-598401,21336,-3673
,4121,優盛,,7025,,,,-0.11,1,,上櫃,115,835,,,,,-14624,-7599,,,,-9243,-5381,,-22019,,8230,620408,938310,317902,317902,339921,,-13789,,-2202,-5397,-14624
,4123,晟德,-85217,15296,,,,2.62,1,,上櫃,115,844893,,,,,1965543,1980839,,,,1965542,1,,-19131,,2829567,248916,465976,217060,217060,150974,,2810436,,1980838,1,1965543
,4126,太醫,,,,,,1.44,1,,上櫃,115,26125,,,,,104468,104468,,,,,,,116507,,14086,399557,581571,182014,182014,65507,,130593,,,,104468
,4127,天良,,-4943,,,,0.75,1,,上櫃,115,31,,,,,34218,29275,,,,34218,,,17688,,16561,79831,198267,118436,118436,100748,,34249,,29275,,34218
,4128,中天,0,-44804,,,,-0.31,1,,上櫃,115,0,,,,,-248900,-293704,,,,-183635,-65265,,-114371,,-134529,305887,501633,195746,195746,310117,,-248900,,-260076,-33628,-248900
,4129,聯合,,18265,,,,0.91,1,,上櫃,115,34265,,,1025,,88031,106296,,,,87796,235,,118129,,4167,305024,1494352,1189328,1188303,1070174,,122296,,106072,224,88031
,4131,浩泰,,,,,,-0.05,1,,上櫃,115,655,,,,,-1327,-1327,,,,-1824,497,,146,,-818,29789,60473,30684,30684,30538,,-672,,-1824,497,-1327
,4138,曜亞,,40973,,,,0.84,1,,上櫃,115,9243,,,,,35219,76192,,,,33413,1806,,34243,,10219,203950,342776,138826,138826,104583,,44462,,74606,1586,35219
,4139,馬光-KY,,6466,,,,-0.55,1,,上櫃,115,1494,,,,,-30123,-23657,,,,-24598,-5525,,-21770,,-6859,239458,254096,14638,14638,36408,,-28629,,-17648,-6009,-30123
,4147,中裕,,2629,,,,0.06,1,,上櫃,115,0,,,,,16352,18981,,,,16352,,,2264,,14088,62287,166081,103794,103794,101530,,16352,,18981,,16352
,4153,鈺緯,,-539,,,,0.42,1,,上櫃,115,2477,,,41,,24782,24243,,,,24782,,,27303,,-44,160836,222900,62064,62023,34720,,27259,,24243,,24782
,4154,樂威科-KY,,-2714,,,,-0.25,1,,上櫃,115,0,,,,,-9317,-12031,,,,-8760,-557,,-7312,,-2005,4442,5367,925,925,8237,,-9317,,-11173,-858,-9317
-1254,4157,太景*-KY,,-13345,,,,-0.02,1,,上櫃,115,-627,,,,,-14324,-27669,,,,-14324,,,-35235,,21538,4910,10340,5430,5430,40665,,-13697,,-27669,,-13070
,4160,訊聯基因,,-88353,,,,0.01,1,,上櫃,115,18,,,,,231,-88122,,,,170,61,,-2525,,2774,89098,149383,60285,60285,62810,,249,,-88183,61,231
,4161,聿新科,,-400,,,,0.30,1,,上櫃,115,4396,,,,,17127,16727,,,,17542,-415,,21641,,-118,158903,224291,65388,65388,43747,,21523,,17142,-415,17127
,4162,智擎,,,,,,0.96,1,,上櫃,115,33506,,,,,137215,137215,,,,,,,129897,,40824,15235,239795,224560,224560,94663,,170721,,,,137215
,4163,鐿鈦,,5259,,,,1.29,1,,上櫃,115,16635,,,,,62352,67611,,,,63335,-983,,72162,,6825,355769,622825,267056,267056,194894,,78987,,68585,-974,62352
,4166,友霖,,1062,,,,0.16,1,,上櫃,115,11170,,,,,38713,39775,,,,38713,,,46638,,3245,146223,331219,184996,184996,138358,,49883,,39775,,38713
,4167,松瑞藥,,,,,,0.29,1,,上櫃,115,,,,,,90208,90208,,,,90220,-12,,19088,,71120,161230,233578,72348,72348,53260,,90208,,90220,-12,90208
,4168,醣聯,,-731,,,,-0.67,1,,上櫃,115,0,,,,,-75810,-76541,,,,-75810,,,-80328,,4518,6600,12054,5454,5454,85782,,-75810,,-76541,,-75810
,4171,瑞基,,1274,,,,-0.09,1,,上櫃,115,0,,,,,-6218,-4944,,,,-5374,-844,,-14092,,7874,14741,52280,37539,37539,51631,,-6218,,-4387,-557,-6218
,4173,久裕,,-27976,,,,0.26,1,,上櫃,115,4089,,,,,19175,-8801,,,,19175,,,23173,,91,327559,411381,83822,83822,60649,,23264,,-8801,,19175
,4174,浩鼎,,3969,,,,-3.35,1,,上櫃,115,3629,,,,,-503497,-499528,,,,-440492,-63005,,-454402,,-45466,33240,5564,-27676,-27676,426726,,-499868,,-436523,-63005,-503497
,4175,杏一,,6182,,,,0.43,1,,上櫃,115,3758,,,,,18257,24439,,,,18319,-62,,32748,,-10733,1254999,1886408,631409,631409,598661,,22015,,24495,-56,18257
,4183,福永生技,,0,,,,-0.52,1,,上櫃,115,-698,,,,,-12291,-12291,,,,,,,-15292,,2303,53703,63383,9680,9680,24972,,-12989,,,,-12291
,4188,安克,,-5500,,,,-0.21,1,,上櫃,115,0,,,,,-16302,-21802,,,,-13516,-2786,,-18310,,2008,3273,6387,3114,3114,21424,,-16302,,-19016,-2786,-16302
,4192,杏國,,-5,,,,-0.37,1,,上櫃,115,0,,,,,-12974,-12979,,,,-12974,0,,-13407,,433,2201,6122,3921,3921,17328,,-12974,,-12979,0,-12974
,4198,欣大健康,,-676,,,,-0.39,1,,上櫃,115,0,,,566,,-9517,-10193,,,,-9515,-2,,-11386,,1869,25573,40208,14635,14069,25455,,-9517,,-10191,-2,-9517
,4205,中華食,,1596,,,,0.89,1,,上櫃,115,20893,,,,,86883,88479,,,,,,,104696,,3080,313819,492896,179077,179077,74381,,107776,,,,86883
,4207,環泰,,-24551,,,,0.49,1,,上櫃,115,48654,,,,,137352,112801,,,,97185,40167,,187529,,-1523,1115912,1396098,280186,280186,92657,,186006,,97290,15511,137352
,4303,信立,,-128,,,,-0.48,1,,上櫃,115,133,,,,,-47893,-48021,,,,-45143,-2750,,5482,,-53242,183193,227640,44447,44447,38965,,-47760,,-45232,-2789,-47893
,4304,勝昱,,146,,,,-0.13,1,,上櫃,115,,,,,,-8061,-7915,,,,-8061,,,-6886,,-1175,80958,94227,13269,13269,20155,,-8061,,-7915,,-8061
,4305,世坤,,,,,,1.13,1,,上櫃,115,15591,,,,,62365,62365,,,,,,,51399,,26557,154817,234276,79459,79459,28060,,77956,,,,62365
,4401,東隆興,,5535,,,,0.16,1,,上櫃,115,6434,,,,,19850,25385,,,,19049,801,,22476,,3808,805235,877394,72159,72159,49683,,26284,,23604,1781,19850
,4402,郡都開發,,,,,,-0.05,1,,上櫃,115,0,,,,,-3702,-3702,,,,-3702,0,,-5651,,1949,4591,5055,464,464,6115,,-3702,,-3702,0,-3702
0,4406,新昕纖,,449,,,,-0.32,1,,上櫃,115,0,,,,,-16507,-16058,,,,,,,-16174,,-333,81464,76818,-4646,-4646,11528,,-16507,,,,-16507
,4413,飛寶企業,,111,,,,0.15,1,,上櫃,115,,,,,,4663,4774,,,,4663,,,466,,4197,92572,118497,25925,25925,25459,,4663,,4774,,4663
,4416,三圓,,-568,,,,0.23,1,,上櫃,115,26971,,,,,15850,15282,,,,15850,,,298810,,-255989,377897,698272,320375,320375,21565,,42821,,15282,,15850
,4417,金洲,,59465,,,,0.83,1,,上櫃,115,33196,,,,,79491,138956,,,,69759,9732,,136618,,-23931,471499,678050,206551,206551,69933,,112687,,123768,15188,79491
,4419,皇家美食,,,,,,-0.27,1,,上櫃,115,-143,,,,,-26302,-26302,,,,-46500,20198,,-19755,,-6690,481583,685024,203441,203441,223196,,-26445,,-46500,20198,-26302
,4420,光明,0,-810,,,,0.17,1,,上櫃,115,1674,,,,,6689,5879,,,,,,,1856,,6507,215572,229484,13912,13912,12056,,8363,,,,6689
,4430,耀億,,33753,,,,0.24,1,,上櫃,115,14153,,,,,13657,47410,,,,13657,,,17309,,10501,452620,580981,128361,128361,111052,,27810,,47410,,13657
,4432,銘旺實,,7297,,,,2.97,1,,上櫃,115,8004,,,,,150246,157543,,,,150246,,,6222,,152028,178019,237593,59574,59574,53352,,158250,,157543,,150246
,4433,興采,,15807,,,,0.14,1,,上櫃,115,45448,,,,,73834,89641,,,,8521,65313,,-44714,,163996,542031,647017,104986,104986,149700,,119282,,16212,73429,73834
,4442,竣邦-KY,,15114,,,,1.17,1,,上櫃,115,11343,,,,,37186,52300,,,,37186,,,43413,,5116,318438,437136,118698,118698,75285,,48529,,52300,,37186
,4502,健信,,-3567,,,,0.11,1,,上櫃,115,1891,,,,,5965,2398,,,,6381,-416,,-1803,,9659,201043,251375,50332,50332,52135,,7856,,2789,-391,5965
,4503,金雨,,2212,,,,0.81,1,,上櫃,115,11444,,,,,63188,65400,,,,63222,-34,,38230,,36402,102991,161837,58846,58846,20616,,74632,,65434,-34,63188
,4506,崇友,,3373,,,,2.11,1,,上櫃,115,94860,,,,,373681,377054,,,,373708,-27,,432995,,35546,1209299,1819322,610023,610023,177028,,468541,,377081,-27,373681
,4510,高鋒,,-43300,,,,0.20,1,,上櫃,115,3371,,,,,43959,659,,,,21323,22636,,-9878,,57208,363392,444506,81114,81114,90992,,47330,,-21966,22625,43959
,4513,福裕,,-3133,,,,0.05,1,,上櫃,115,-972,,,,,5575,2442,,,,5575,0,,3781,,822,325096,405139,80043,80043,76262,,4603,,2442,0,5575
,4523,永彰,,-29546,,,,-0.15,1,,上櫃,115,343,,,,,-18081,-47627,,,,-9730,-8351,,-20868,,3130,291770,356096,64326,64326,85194,,-17738,,-39276,-8351,-18081
,4527,方方土霖,,17176,,,,0.65,1,,上櫃,115,16348,,,,,49904,67080,,,,49297,607,,59758,,6494,423139,572086,148947,148947,89189,,66252,,63972,3108,49904
,4528,江興鍛,,69637,,,,-0.16,1,,上櫃,115,3727,,,,,-13842,55795,,,,-13842,0,,-11169,,1054,307335,353599,46264,46264,57433,,-10115,,55795,0,-13842
,4529,淳紳,,34502,,,,-0.17,1,,上櫃,115,,,,,,-14251,20251,,,,-14185,-66,,-11352,,-2899,751,1254,503,503,11855,,-14251,,20317,-66,-14251
0,4530,天意能創,,23,,,,-0.20,1,,上櫃,115,1946,,,,,-2332,-2309,,,,-7011,4679,,489,,-875,52921,70186,17265,17265,16776,,-386,,-6988,4679,-2332
,4533,協易機,,2877,,,,0.20,1,,上櫃,115,15493,,,,,31237,34114,,,,31237,,,14295,,32435,644386,870124,225738,225738,211443,,46730,,34114,,31237
,4534,慶騰,,11750,,,,0.02,1,,上櫃,115,268,,,,,1317,13067,,,,1317,,,-4789,,6374,182031,217517,35486,35486,40275,,1585,,13067,,1317
,4535,至興,,17033,,,,0.29,1,,上櫃,115,19218,,,,,46193,63226,,,,22113,24080,,52838,,12573,487159,591586,104427,104427,51589,,65411,,35484,27742,46193
,4538,大詠城,,,,,,0.10,1,,上櫃,115,1570,,,,,6225,6225,,,,,,,4319,,3476,74348,89056,14708,14708,10389,,7795,,,,6225
,4541,晟田,,,,,,0.68,1,,上櫃,115,11456,,,,,45825,45825,,,,,,,52152,,5129,358664,451254,92590,92590,40438,,57281,,,,45825
,4542,科嶠,,20356,,,,0.40,1,,上櫃,115,6479,,,,,13787,34143,,,,13448,339,,18233,,2033,132117,217239,85122,85122,66889,,20266,,33569,574,13787
,4543,萬在,,-4276,,,,0.76,1,,上櫃,115,13146,,,,,45597,41321,,,,45597,,,42714,,16029,161853,245432,83579,83579,40865,,58743,,41321,,45597
,4549,桓達,,10948,,,,0.74,1,,上櫃,115,14529,,,,,42395,53343,,,,42398,-3,,50647,,6277,100116,266123,166007,166007,115360,,56924,,53346,-3,42395
,4550,長佳,,-50,,,,0.62,1,,上櫃,115,5877,,,,,23507,23457,,,,23507,,,28421,,963,168660,218369,49709,49709,21288,,29384,,23457,,23507
,4554,橙的,,-2100,,,,0.04,1,,上櫃,115,1084,,,,,1071,-1029,,,,1071,0,,-3895,,6050,70005,114360,44355,44355,48250,,2155,,-1029,0,1071
,4556,旭然,,11740,,,,0.13,1,,上櫃,115,3602,,,,,5628,17368,,,,5628,,,11292,,-2062,106931,168484,61553,61553,50261,,9230,,17368,,5628
,4558,寶緯,,,,,,0.06,1,,上櫃,115,1075,,,,,3108,3108,,,,,,,11139,,-6956,269889,303832,33943,33943,22804,,4183,,,,3108
,4561,健椿,,0,,,,0.25,1,,上櫃,115,3690,,,,,14760,14760,,,,,,,15597,,2853,177763,230944,53181,53181,37584,,18450,,,,14760
,4563,百德,,22081,,,,-0.52,1,,上櫃,115,-3612,,,0,,-32430,-10349,,,,-28783,-3647,,14183,,-50225,400994,550598,149604,149604,135421,,-36042,,-9045,-1304,-32430
,4568,科際精密,,17162,,,,0.48,1,,上櫃,115,3992,,,,,15163,32325,,,,15163,,,15799,,3356,200510,283652,83142,83142,67343,,19155,,32325,,15163
,4577,達航科技,,5290,,,,-0.21,1,,上櫃,115,-656,,,,,-10263,-4973,,,,-10263,,,-8828,,-2091,164795,210857,46062,46062,54890,,-10919,,-4973,,-10263
,4580,捷流閥業,,23539,,,,1.76,1,,上櫃,115,17483,,,,,82541,106080,,,,82541,,,63533,,36491,410386,574221,163835,163835,100302,,100024,,106080,,82541
,4584,君帆,,19376,,,,0.91,1,,上櫃,115,-10377,,,,,27293,46669,,,,27293,,,14953,,1963,183545,262818,79273,79273,64320,,16916,,46669,,27293
,4609,唐鋒,,-2179,,,,-0.08,1,,上櫃,115,0,,,,,-3675,-5854,,,,-3675,,,-21197,,17522,18211,18318,107,107,21304,,-3675,,-5854,,-3675
,4702,中美實,,3925,,,,0.45,1,,上櫃,115,3100,,,,,32288,36213,,,,32288,,,-9098,,44486,15263,24332,9069,9069,18167,,35388,,36213,,32288
,4706,大恭,,9949,,,,0.28,1,,上櫃,115,5765,,,,,22332,32281,,,,22328,4,,19362,,8735,232296,288502,56206,56206,36844,,28097,,32277,4,22332
,4707,磐亞,,142300,,,,0.26,1,,上櫃,115,4249,,,,,103819,246119,,,,,,,-32476,,140544,316590,304320,-12270,-12270,20206,,108068,,,,103819
,4711,永純,,,,,,0.23,1,,上櫃,115,3183,,,,,14177,14177,,,,14177,,,15071,,2289,152827,187905,35078,35078,20007,,17360,,14177,,14177
,4714,永捷,,-62177,,,,-0.02,1,,上櫃,115,2490,,,,,-25796,-87973,,,,-3645,-22151,,-2916,,-20390,539649,620216,80567,80567,83483,,-23306,,-65705,-22268,-25796
,4716,大立,,-1213,,,,0.17,1,,上櫃,115,864,,,,,15866,14653,,,,16441,-575,,-14855,,31585,115446,134779,19333,19333,34188,,16730,,15222,-569,15866
,4721,美琪瑪,,6123,,,,1.67,1,,上櫃,115,33781,,,,,125468,131591,,,,125468,,,153255,,5994,565995,761345,195350,195350,42095,,159249,,131591,,125468
,4726,永昕,,83,,,,-0.56,1,,上櫃,115,-3867,,,,,-116986,-116903,,,,-116986,,,-109201,,-11652,255879,196814,-59065,-59065,50136,,-120853,,-116903,,-116986
,4728,雙美,,5890,,,,4.07,1,,上櫃,115,84109,,,,,221596,227486,,,,221596,,,292409,,13296,119101,564823,445722,445722,153313,,305705,,227486,,221596
,4729,熒茂,,51799,,,,0.04,1,,上櫃,115,2400,,,,,5105,56904,,,,3349,1756,,3466,,4039,187370,248534,61164,61164,57698,,7505,,51609,5295,5105
,4735,豪展,,-13137,,,,1.19,1,,上櫃,115,1387,,,,,45928,32791,,,,45928,,,9568,,37747,143694,214866,71172,71172,61604,,47315,,32791,,45928
,4741,泓瀚,,0,,,,0.31,1,,上櫃,115,879,,,,,10483,10483,,,,10671,-188,,7807,,3555,79991,123647,43656,43656,35849,,11362,,10671,-188,10483
,4743,合一,,-155590,,,,-0.31,1,4559,上櫃,115,535,,,,,-149886,-305476,,,,-150642,756,,-192053,,42702,29737,36618,6881,11440,203493,,-149351,,-306232,756,-149886
,4744,皇將,,-9986,,,,-0.11,1,,上櫃,115,-2906,,,,,-6162,-16148,,,,-6162,0,,-21019,,11951,135062,239954,104892,104892,125911,,-9068,,-16148,0,-6162
,4745,合富-KY,,146006,,,,-0.40,1,,上櫃,115,-6718,,,,,-50241,95765,,,,-31157,-19084,,-55784,,-1175,586109,702143,116034,116034,171818,,-56959,,52269,43496,-50241
,4747,強生*,,-3707,,,,1.46,1,,上櫃,115,2670,,,,,66311,62604,,,,66311,,,14712,,54269,88247,146593,58346,58346,43634,,68981,,62604,,66311
,4749,新應材,28,101546,,,,3.66,1,,上櫃,115,71391,,,,,338795,440341,,,,339519,-724,,337159,,73027,680022,1245693,565671,565671,228540,,410186,,441065,-724,338795
,4754,國碳科,,1741,,,,0.95,1,,上櫃,115,7236,,,,,28816,30557,,,,28816,,,31933,,4119,79413,156533,77120,77120,45187,,36052,,30557,,28816
,4760,勤凱科技,,1176,,,,2.55,1,,上櫃,115,18448,,,,,80686,81862,,,,,,,89169,,9965,503611,627462,123851,123851,34682,,99134,,,,80686
,4767,誠泰科技,,14888,,,,0.58,1,,上櫃,115,4242,,,,,18286,33174,,,,18304,-18,,20261,,2267,168967,232361,63394,63394,43133,,22528,,33192,-18,18286
,4768,晶呈科技,,4033,,,,-0.58,1,,上櫃,115,9552,,,,,-32146,-28113,,,,-27488,-4658,,-18339,,-4255,382159,441245,59086,59086,77425,,-22594,,-23455,-4658,-32146
,4772,台特化,,19760,,,,1.33,1,,上櫃,115,77709,,,,,266667,286427,,,,196134,70533,,344664,,-288,420071,856585,436514,436514,91850,,344376,,200544,85883,266667
,4804,大略-KY,,0,,,,-0.51,1,,上櫃,115,0,,,,,-36406,-36406,,,,-36406,0,,-35359,,-1047,0,0,0,0,35359,,-36406,,-36406,0,-36406
,4806,桂田文創,,-5,,,,-0.04,1,,上櫃,115,,,,,,-3553,-3558,,,,-3553,0,,-3457,,-96,30404,48189,17785,17785,21242,,-3553,,-3558,0,-3553
,4903,聯光通,,9014,,,,0.37,1,,上櫃,115,3428,,,,,38625,47639,,,,38625,,,4946,,37107,330226,357123,26897,26897,21951,,42053,,47639,,38625
,4905,台聯電,,1961,,,,1.75,1,,上櫃,115,9356,,,,,58199,60160,,,,51125,7074,,1256,,66299,150896,208841,57945,57945,56689,,67555,,51975,8185,58199
,4907,富宇,,,,,,2.76,1,,上櫃,115,84183,,,,,325726,325726,,,,,,,406573,,3336,545683,999983,454300,454300,47727,,409909,,,,325726
,4908,前鼎,,-2444,,,,0.76,1,,上櫃,115,14803,,,,,59210,56766,,,,,,,65611,,8402,141065,265443,124378,124378,58767,,74013,,,,59210
,4909,新復興,,-3404,,,,0.05,1,,上櫃,115,5317,,,,,4309,905,,,,4309,0,,-26842,,36468,61938,51692,-10246,-10246,16596,,9626,,905,0,4309
,4911,德英,,,,,,0.23,1,,上櫃,115,-7944,,,,,14889,14889,,,,,,,5318,,1627,9671,32218,22547,22547,17229,,6945,,,,14889
,4923,力士,,13,,,,0.10,1,,上櫃,115,66,,,,,3333,3346,,,,3333,,,-12687,,16086,181012,250251,69239,69239,81926,,3399,,3346,,3333
,4924,欣厚-KY,,13729,,,,0.35,1,,上櫃,115,1763,,,,,12863,26592,,,,12863,,,9240,,5386,164067,230437,66370,66370,57130,,14626,,26592,,12863
,4931,新盛力,,-268,,,,1.48,1,,上櫃,115,24454,,,,,97094,96826,,,,97094,,,98188,,23360,616615,791378,174763,174763,76575,,121548,,96826,,97094
,4933,友輝,,3656,,,,1.90,1,,上櫃,115,1414,,,,,156431,160087,,,,156431,,,134950,,22895,493113,735194,242081,242081,107131,,157845,,160087,,156431
,4939,亞電,,55995,,,,0.24,1,,上櫃,115,6979,,,,,23929,79924,,,,23929,,,13510,,17398,224569,314426,89857,89857,76347,,30908,,79924,,23929
,4946,辣椒,,0,,,,0.41,1,,上櫃,115,0,,,,,3411,3411,,,,3583,-172,,-3934,,7345,47728,79887,32159,32159,36093,,3411,,3583,-172,3411
,4950,金耘國際,,-3657,,,,0.20,1,,上櫃,115,5182,,,,,18271,14614,,,,11500,6771,,20985,,2468,220361,269171,48810,48810,27825,,23453,,8875,5739,18271
,4951,精拓科,,-407,,,,1.71,1,,上櫃,115,9651,,,,,58386,57979,,,,58386,0,,37993,,30044,30818,130695,99877,99877,61884,,68037,,57979,0,58386
,4953,緯致,,103996,,,,2.32,1,,上櫃,115,36323,,,,,169381,273377,,,,169381,,,194444,,11260,2915079,3398886,483807,483807,289363,,205704,,273377,,169381
,4966,譜瑞-KY,,420487,,,,6.77,1,,上櫃,115,53056,,,,,529160,949647,,,,529160,,,539884,,42332,2381961,3989734,1607773,1607773,1067889,,582216,,949647,,529160
,4971,IET-KY,,37501,,,,1.97,1,,上櫃,115,18498,,,,,78693,116194,,,,78699,-6,,96545,,646,173246,332151,158905,158905,62360,,97191,,116200,-6,78693
,4972,湯石照明,,34396,,,,-0.49,1,,上櫃,115,-5190,,,,,-27554,6842,,,,-27554,,,-46551,,13807,169062,217033,47971,47971,94522,,-32744,,6842,,-27554
,4973,廣穎電通,,30402,,,,7.46,1,,上櫃,115,124280,,,,,477726,508128,,,,477726,,,588041,,13965,1202248,2077977,875729,875729,287688,,602006,,508128,,477726
,4974,亞泰,,77309,,,,1.09,1,,上櫃,115,25186,,,,,79096,156405,,,,79096,,,83593,,20689,826802,951262,124460,124460,40867,,104282,,156405,,79096
,4979,華星光,,5845,,,,1.62,1,,上櫃,115,56622,,,,,229653,235498,,,,229653,,,250649,,35626,890125,1193478,303353,303353,52704,,286275,,235498,,229653
,4991,環宇-KY,,193398,,,,1.67,1,,上櫃,115,49733,,,,,196090,389488,,,,196090,,,182139,,63684,324933,714680,389747,389747,207608,,245823,,389488,,196090
,4995,晶達,,1746,,,,1.01,1,,上櫃,115,4655,,,,,42777,44523,,,,42777,,,43775,,3657,229683,343493,113810,113810,70035,,47432,,44523,,42777
,5009,榮剛,,16307,,,,0.50,1,,上櫃,115,61650,,,,,287280,303587,,,,280958,6322,,321232,,27698,2175839,2877277,701438,701438,380206,,348930,,301624,1963,287280
,5011,久陽,5933,-22199,,,,0.52,1,,上櫃,115,27752,,,,,57441,35242,,,,52535,4906,,47430,,37763,1094481,1168014,73533,73533,32036,,85193,,30336,4906,57441
,5013,強新,,91275,,,,0.38,1,,上櫃,115,22851,,,,,79671,170946,,,,51325,28346,,108889,,-6367,1684026,1901836,217810,217810,108921,,102522,,104929,66017,79671
,5014,建錩,,108918,,,,0.32,1,,上櫃,115,12348,,,,,58474,167392,,,,58503,-29,,87710,,-16888,3453261,3648526,195265,195265,107555,,70822,,167329,63,58474
,5015,華祺,,-11943,,,,0.25,1,,上櫃,115,1896,,,,,15227,3284,,,,15227,,,-5156,,22279,226383,277275,50892,50892,56048,,17123,,3284,,15227
,5016,松和,,2626,,,,0.36,1,,上櫃,115,4729,,,,,18117,20743,,,,18070,47,,22349,,497,440430,492400,51970,51970,29621,,22846,,20557,186,18117
,5201,凱衛,,5,,,,-0.67,1,,上櫃,115,-35,,,,,-26469,-26464,,,,-25931,-538,,-18094,,-8410,41708,61130,19422,19422,37516,,-26504,,-25926,-538,-26469
,5202,力新,,3478,,,,-0.19,1,,上櫃,115,451,,,,,-16567,-13089,,,,-16567,,,-18328,,2212,8272,29886,21614,21614,39942,,-16116,,-13089,,-16567
,5205,中茂,,,,,,-0.36,1,,上櫃,115,41,,,,,-4813,-4813,,,0,-4885,72,,-4783,,11,6698,7764,1066,1066,5849,,-4772,0,-4885,72,-4813
,5206,坤悅,,,,,,2.45,1,,上櫃,115,109304,,,,,419856,419856,,,,419856,,,527359,,1801,1010699,1684386,673687,673687,146328,,529160,,419856,,419856
,5209,新鼎,,2102,,,,3.34,1,,上櫃,115,24618,,,,,95145,97247,,,,95145,0,,114604,,5159,689671,841083,151412,151412,36808,,119763,,97247,0,95145
,5210,寶碩,,1065,,,,0.24,1,,上櫃,115,-12958,,,,,19944,21009,,,,19944,0,,4779,,2207,27257,65583,38326,38326,33547,,6986,,21009,0,19944
,5211,蒙恬,,2268,,,,-0.18,1,,上櫃,115,25,,,,,-6053,-3785,,,,-5840,-213,,-8787,,2759,32946,58020,25074,25074,33861,,-6028,,-3695,-90,-6053
,5212,凌網,,10761,,,,0.54,1,,上櫃,115,6638,,,,,18687,29448,,,,18553,134,,22160,,3165,132432,248684,116252,116252,94092,,25325,,29276,172,18687
,5213,亞昕,,76127,,,,-0.12,1,,上櫃,115,9368,,,,,-94661,-18534,,,,-86218,-8443,,147755,,-233048,885558,1250786,365228,365228,217473,,-85293,,-15329,-3205,-94661
,5220,萬達光電,,132,,,,0.45,1,,上櫃,115,1268,,,,,17830,17962,,,,17830,,,16775,,2323,209539,268261,58722,58722,41947,,19098,,17962,,17830
,5223,安力-KY,,414977,,,,-0.44,1,,上櫃,115,1527,,,,,-19410,395567,,,,-19410,,,-14554,,-3329,383917,442424,58507,58507,73061,,-17883,,395567,,-19410
,5227,立凱-KY,,335,,,,-1.43,1,,上櫃,115,0,,,,,-97559,-97224,,,,-97559,,,-96413,,-1146,85668,50186,-35482,-35482,60931,,-97559,,-97224,,-97559
,5228,鈺鎧,,2,,,,0.99,1,,上櫃,115,-729,,,,,37687,37689,,,,,,,36506,,452,113163,180627,67464,67464,30958,,36958,,,,37687
,5230,雷笛克光學,,44784,,,,-0.28,1,,上櫃,115,143,,,,,-15412,29372,,,,-15290,-122,,-14452,,-817,226343,305076,78733,78733,93185,,-15269,,29275,97,-15412
,5245,智晶,,,,,,-0.79,1,,上櫃,115,2495,,,,,-37651,-37651,,,,-34175,-3476,,-40334,,5178,168268,171936,3668,3668,44002,,-35156,,-34175,-3476,-37651
,5251,天鉞電,,3319,,,,0.10,1,,上櫃,115,-9,,,,,3398,6717,,,,3398,,,4599,,-1210,50510,89043,38533,38533,33934,,3389,,6717,,3398
,5263,智崴,,19972,,,,0.67,1,,上櫃,115,15580,,,,,47244,67216,,,,47244,,,10216,,52608,162410,329123,166713,166713,156497,,62824,,67216,,47244
,5272,笙科,,2374,,,,-0.57,1,,上櫃,115,422,,,,,-31286,-28912,,,,,,,-31659,,795,40833,69310,28477,28477,60136,,-30864,,,,-31286
,5274,信驊,,-63,,,,37.41,1,,上櫃,115,353850,,,,,1414275,1414212,,,,1414275,,,1659042,,109083,969740,3146757,2177017,2177017,517975,,1768125,,1414212,,1414275
,5276,達輝-KY,,19711,,,,0.57,1,,上櫃,115,8323,,,,,22364,42075,,,,22364,,,25786,,4901,200809,250155,49346,49346,23560,,30687,,42075,,22364
,5278,尚凡*,,118554,,,,0.29,1,,上櫃,115,41885,,,,,119366,237920,,,,86726,32640,,75922,,85329,289848,628877,339029,339029,263107,,161251,,176964,60956,119366
,5287,數字,,47301,,,,2.97,1,,上櫃,115,43539,,,,,177974,225275,,,,177952,22,,211931,,9582,175369,550665,375296,375296,163365,,221513,,225088,187,177974
,5289,宜鼎,,4322,,,,57.49,1,,上櫃,115,1439498,,,,,5477529,5481851,,,,5466357,11172,,6850200,,66827,5391251,13182608,7791357,7791357,941157,,6917027,,5470623,11228,5477529
,5291,邑昇,,2408,,,,0.17,1,,上櫃,115,4473,,,,,6441,8849,,,,6936,-495,,13920,,-3006,257353,322031,64678,64678,50758,,10914,,9344,-495,6441
,5299,杰力,,1142,,,,1.65,1,,上櫃,115,16583,,,,,84099,85241,,,,84099,,,50952,,49730,253332,386610,133278,133278,82326,,100682,,85241,,84099
,5301,寶得利,,1189,,,,-0.18,1,,上櫃,115,,,,,,-13030,-11841,,,,-11647,-1383,,-12293,,-737,9383,57788,48405,48405,60698,,-13030,,-10458,-1383,-13030
,5302,太欣,,92,,,,-0.04,1,,上櫃,115,0,,,,,-6254,-6162,,,,-5916,-338,,-11290,,5036,5000,6780,1780,1780,13070,,-6254,,-5841,-321,-6254
,5309,系統電,,-10055,,,,0.09,1,,上櫃,115,1484,,,,,3740,-6315,,,,19106,-15366,,-29941,,35165,648682,863335,214653,214653,244594,,5224,,7974,-14289,3740
,5310,天剛,,,,,,0.06,1,,上櫃,115,2347,,,,,1617,1617,,,,1617,,,-8922,,12886,111,124,13,13,8935,,3964,,1617,,1617
,5312,寶島科,,53204,,,,1.48,1,,上櫃,115,20007,,,,,89076,142280,,,,89076,0,,77437,,31646,406601,1124876,718275,718275,640838,,109083,,142280,0,89076
,5314,世紀*,,13455,,,,0.37,1,,上櫃,115,36025,,,,,126910,140365,,,,107779,19131,,149641,,13294,765148,1303356,538208,538208,388567,,162935,,111650,28715,126910
,5315,光聯,,-35411,,,,0.44,1,,上櫃,115,10870,,,,,46603,11192,,,,46603,,,47858,,9615,379050,465852,86802,86802,38944,,57473,,11192,,46603
,5321,美而快,,2,,,,-2.37,1,,上櫃,115,-1526,,,,,-128315,-128313,,,,-126135,-2180,,-30175,,-99666,293644,568652,275008,275008,305183,,-129841,,-126133,-2180,-128315
,5324,士開,,2074,,,,-0.11,1,,上櫃,115,208,,,,,-21948,-19874,,,,-25765,3817,,-4654,,-17086,86155,176980,90825,90825,95479,,-21740,,-23942,4068,-21948
,5328,華容,,240113,,,,0.11,1,,上櫃,115,5060,,,,,20287,260400,,,,19418,869,,-1330,,26677,180656,234435,53779,53779,55109,,25347,,259531,869,20287
,5340,建榮,,,,,,0.46,1,,上櫃,115,22339,,,,,89358,89358,,,,,,,102760,,8937,496031,629408,133377,133377,30617,,111697,,,,89358
,5344,立衛,,,,,,0.02,1,,上櫃,115,,,,,,1980,1980,,,,,,,-3249,,5229,79553,90905,11352,11352,14601,,1980,,,,1980
,5345,馥鴻,,,,,,-0.05,1,,上櫃,115,0,,,,,-1786,-1786,,,,-1786,,,-1344,,-442,4258,6734,2476,2476,3820,,-1786,,-1786,,-1786
,5347,世界,,1805899,,,,1.22,1,,上櫃,115,272904,,,,,2163664,3969563,,,,2246077,-82413,,2086554,,350014,8860629,12531629,3671000,3671000,1584446,,2436568,,3527168,442395,2163664
,5348,正能量智能,,,,,,-0.23,1,,上櫃,115,636,,,,,-2415,-2415,,,0,-3356,941,,-1895,,116,46528,66793,20265,20265,22160,,-1779,0,-3356,941,-2415
,5351,鈺創,16942,111828,,,,1.88,1,,上櫃,115,40000,,,,,594805,706633,,,,614346,-19541,,616171,,18634,1732947,2735412,1002465,1002465,403236,,634805,,725739,-19106,594805
,5353,台林,,-11656,,,,0.50,1,,上櫃,115,2211,,,,,37465,25809,,,,37465,,,31106,,8570,316965,425010,108045,108045,76939,,39676,,25809,,37465
,5355,佳總,,2059,,,,-0.14,1,,上櫃,115,2071,,,,,-23733,-21674,,,,-23733,,,-36290,,14628,130842,118960,-11882,-11882,24408,,-21662,,-21674,,-23733
,5356,協益,,63294,,,,0.28,1,,上櫃,115,1385,,,,,29073,92367,,,,29073,0,,9059,,21399,693267,779934,86667,86667,77608,,30458,,92367,0,29073
,5364,力麗店,,-13373,,,,-0.14,1,,上櫃,115,0,,,,,-8982,-22355,,,,-8908,-74,,-7028,,-1954,50996,59334,8338,8338,15366,,-8982,,-22281,-74,-8982
,5381,光譜,,-69896,,,,0.22,1,,上櫃,115,16217,,,,,52097,-17799,,,,45427,6670,,77887,,-9573,323036,457261,134225,134225,56338,,68314,,-24469,6670,52097
,5386,青雲,,1995,,,,43.05,1,,上櫃,115,388574,,,,,1553374,1555369,,,,,,,1988188,,-46240,6279437,8613491,2334054,2334054,345866,,1941948,,,,1553374
,5392,能率,,6789,,,,-0.30,1,,上櫃,115,21972,,,,,-59664,-52875,,,,-52761,-6903,,-17482,,-20210,1829965,2145944,315979,315979,333461,,-37692,,-68408,15533,-59664
,5398,慕康生醫,,-6203,,,,-0.22,1,,上櫃,115,-127,,,,,-11037,-17240,,,,-11037,,,-12616,,1452,29017,29154,137,137,12753,,-11164,,-17240,,-11037
,5403,中菲,,-3739,,,,1.42,1,,上櫃,115,27250,,,,,107182,103443,,,,,,,130615,,3817,485319,769225,283906,283906,153291,,134432,,,,107182
,5410,國眾,,1637,,,,1.48,1,,上櫃,115,28239,,,,,136097,137734,,,,136090,7,,166142,,-1806,1298093,1619420,321327,321327,155185,,164336,,137727,7,136097
,5425,台半,,69276,,,,0.70,1,,上櫃,115,83713,,,,,310156,379432,,,,170603,139553,,379886,,13983,3016714,4390420,1373706,1373706,993820,,393869,,270722,108710,310156
,5426,振發,,30243,,,,0.28,1,,上櫃,115,14743,,,,,39714,69957,,,,39604,110,,45736,,8721,395061,500087,105026,105026,59290,,54457,,69847,110,39714
,5432,新門,,-3304,,,,0.27,1,,上櫃,115,0,,,,,5679,2375,,,,,,,5642,,37,29199,41377,12178,12178,6536,,5679,,,,5679
,5438,東友,,-286266,,,,-0.24,1,,上櫃,115,-941,,,,,-19019,-305285,,,,-19019,,,-39210,,19250,148996,166006,17010,17010,56220,,-19960,,-305285,,-19019
,5439,高技,,25,,,,3.51,1,,上櫃,115,82021,,,,,326549,326574,,,,326549,,,367408,,41162,2021831,2537737,515906,515906,148498,,408570,,326574,,326549
,5443,均豪,,4122712,,,,0.19,1,,上櫃,115,24398,,,,,93066,4215778,,,,30921,62145,,106980,,10484,633932,1028144,394212,394212,287232,,117464,,3716517,499261,93066
,5450,南良,,2137,,,,0.07,1,,上櫃,115,3313,,,,,8401,10538,,,,8401,,,11160,,554,442742,601184,158442,158442,147282,,11714,,10538,,8401
,5452,佶優,,21029,,,,0.01,1,,上櫃,115,2597,,,,,-918,20111,,,0,943,-1861,,8041,,-6362,973157,1106073,132916,132916,124875,,1679,0,12904,7207,-918
,5455,昇益,,-160,,,,-0.15,1,,上櫃,115,,,,,,-9737,-9897,,,,,,,-7449,,-2288,4680,7365,2685,2685,10134,,-9737,,,,-9737
,5457,宣德,,322198,,,,-1.00,1,1851,上櫃,115,25882,,,4874,,-46845,275353,,,,-180648,133803,,-24365,,3402,4476393,5146345,669952,666929,691294,,-20963,,-21464,296817,-46845
,5460,同協,-159,9058,,,,0.09,1,,上櫃,115,1144,,,,,5187,14245,,,,5187,,,822,,5509,47342,69777,22435,22435,21454,,6331,,14245,,5187
,5464,霖宏,,,,,,0.16,1,,上櫃,115,7338,,,,,11158,11158,,,,11158,,,-31602,,50098,278129,290823,12694,12694,44296,,18496,,11158,,11158
,5465,富驊,,89988,,,,0.39,1,,上櫃,115,9745,,,,,69658,159646,,,,58119,11539,,76880,,2523,916544,1072506,155962,155962,79082,,79403,,130466,29180,69658
,5468,凱鈺,,,,,,0.12,1,,上櫃,115,,,,,,6813,6813,,,,6813,,,6655,,158,31092,48163,17071,17071,10416,,6813,,6813,,6813
,5474,聰泰,,,,,,0.60,1,,上櫃,115,5989,,,,,23954,23954,,,,,,,20695,,9248,172766,289445,116679,116679,95984,,29943,,,,23954
,5475,德宏,,29183,,,,0.24,1,,上櫃,115,0,,,,,30851,60034,,,,30983,-132,,28153,,2698,228581,318887,90306,90306,62153,,30851,,60166,-132,30851
,5478,智冠,,-33939,,,,2.39,1,,上櫃,115,97916,,,,,392996,359057,,,,358473,34523,,432006,,58906,850673,1935421,1084748,1084748,652742,,490912,,319733,39324,392996
,5481,新華,,1,,,,-0.10,1,,上櫃,115,245,,,,,-6819,-6818,,,,-6819,0,,-7196,,622,11688,21998,10310,10310,17506,,-6574,,-6818,,-6819
,5483,中美晶,,980999,,,,1.83,1,,上櫃,115,627830,,,,,2609673,3590672,,,,1125829,1483844,,2302487,,935016,14877848,19381793,4503945,4503945,2201458,,3237503,,1549329,2041343,2609673
,5487,通泰,,2883,,,,-0.06,1,,上櫃,115,729,,,,,-1386,1497,,,,-1386,0,,-7044,,6387,24274,37314,13040,13040,20084,,-657,,1497,0,-1386
,5488,松普,,36934,,,,0.09,1,,上櫃,115,2523,,,,,7868,44802,,,,7868,0,,15048,,-4657,193538,236586,43048,43048,28000,,10391,,44802,0,7868
,5489,彩富,,192,,,,0.29,1,,上櫃,115,4666,,,,,29168,29360,,,,29156,12,,24333,,9501,274775,398411,123636,123636,99303,,33834,,29348,12,29168
,5490,同亨,,12058,,,,0.70,1,,上櫃,115,13329,,,,,65559,77617,,,,65559,,,76981,,1907,243751,440875,197124,197124,120143,,78888,,77617,,65559
,5493,三聯,,-130774,,,,1.26,1,,上櫃,115,28307,,,,,127602,-3172,,,,55215,72387,,118620,,37289,1281966,1471667,189701,189701,71081,,155909,,-76193,73021,127602
,5498,凱崴,,70909,,,,0.00,1,,上櫃,115,1403,,,,,965,71874,,,,-44,1009,,15842,,-13474,388011,447662,59651,59651,43809,,2368,,70865,1009,965
,5508,永信建,,,,,,0.87,1,,上櫃,115,47007,,,,,188231,188231,,,,188231,,,258645,,-23407,426895,740017,313122,313122,54477,,235238,,188231,,188231
,5511,德昌,,3850,,,,2.54,1,,上櫃,115,69045,,,,,283632,287482,,,,287913,-4281,,329244,,23433,1955131,2405631,450500,450500,121256,,352677,,291763,-4281,283632
,5512,力麒,14909,-17622,,,,0.05,1,,上櫃,115,68132,,,,,148693,131071,,,,38801,109892,,304811,,-87986,1258150,1682025,423875,423875,133973,,216825,,21157,109914,148693
,5514,三豐,,12201,,,,0.32,1,,上櫃,115,29803,,,,,72470,84671,,,,72481,-11,,102846,,-573,543750,666499,122749,122749,19903,,102273,,84682,-11,72470
,5516,雙喜,,-46,,,,0.55,1,,上櫃,115,7098,,,,,28389,28343,,,,,,,49733,,-14246,509068,568569,59501,59501,9768,,35487,,,,28389
,5520,力泰,,43701,,,,2.48,1,,上櫃,115,43022,,,,,146437,190138,,,,149034,-2597,,179755,,9704,681591,906665,225074,225074,45319,,189459,,192732,-2594,146437
,5523,豐謙,,1356,,,,-0.04,1,,上櫃,115,0,,,,,-6393,-5037,,,,-6393,0,,-6167,,-226,133,1137,1004,1004,7171,,-6393,,-5037,0,-6393
,5529,鉅陞,,,,,,0.67,1,,上櫃,115,4453,,,,,68389,68389,,,,68389,,,71024,,1818,200691,312567,111876,111876,40852,,72842,,68389,,68389
,5530,龍巖,17181,-208820,,,,0.95,1,,上櫃,115,76908,,,,,401044,192224,,,,400318,726,,316820,,161132,404018,1063727,659709,659709,360070,,477952,,191684,540,401044
,5536,聖暉*,,197740,,,,12.76,1,,上櫃,115,547967,,,,,1823257,2020997,,,,1583203,240054,,2299598,,71626,8658350,11603182,2944832,2944832,645234,,2371224,,1775013,245984,1823257
-43543,5543,桓鼎-KY,,19724,,,,-0.75,1,,上櫃,115,6139,,,,,-21370,-1646,,,,-34814,13444,,26673,,1639,725023,844456,119433,119433,92760,,28312,,-17148,15502,22173
,5547,久舜,,,,,,0.37,1,,上櫃,115,4001,,,,,16005,16005,,,,,,,20566,,-560,431980,488333,56353,56353,35787,,20006,,,,16005
,5548,安倉,,,,,,0.42,1,,上櫃,115,6036,,,,,24177,24177,,,,,,,26159,,4054,602310,665578,63268,63268,37109,,30213,,,,24177
,5601,台聯櫃,0,,,,,0.10,1,,上櫃,115,1653,,,,,6468,6468,,,,,,,7848,,273,9167,22973,13806,13806,5958,,8121,,,,6468
,5603,陸海,,8214,,,,0.07,1,,上櫃,115,1256,,,,,8705,16919,,,,7108,1597,,4755,,5206,303644,355646,52002,52002,47247,,9961,,15322,1597,8705
0,5604,中連,,,,,,0.32,1,,上櫃,115,5818,,,,,34601,34601,,,,34601,,,28845,,11574,6996,40911,33915,33915,5070,,40419,,34601,,34601
,5609,中菲行,,236733,,,,1.66,1,,上櫃,115,39645,,,,,229501,466234,,,,234065,-4564,,253549,,15597,6154537,7126831,972294,972294,718745,,269146,,471669,-5435,229501
,5701,劍湖山,,-4733,,,,-0.17,1,,上櫃,115,,,,,,-24342,-29075,,,,-24342,,,-11144,,-13198,66967,127386,60419,60419,71563,,-24342,,-29075,,-24342
0,5703,亞都麗緻,,0,,,,0.27,1,,上櫃,115,4627,,,,,18956,18956,,,,18956,,,22615,,968,68033,133199,65166,65166,42551,,23583,,18956,,18956
,5704,老爺知,,,,,,0.28,1,,上櫃,115,3518,,,,,14893,14893,,,,,,,19182,,-771,50553,99297,48744,48744,29562,,18411,,,,14893
,5864,致和證,,,,,,3.40,1,,上櫃,115,55386,116725,1705117,,39629,1547322,1586951,,,,,,1588392,,14316,,,,,,,,1602708,,,,1547322
,5878,台名,,3773,,,,0.43,1,,上櫃,115,2482,,,,,10755,14528,,,,10755,,,11665,,1572,184313,222431,38118,38118,26453,,13237,,14528,,10755
,5902,德記,,131,,,,0.46,1,,上櫃,115,10616,,,,,43223,43354,,,,43223,,,51610,,2229,393362,519770,126408,126408,74798,,53839,,43354,,43223
,5903,全家,,448,,,,1.23,1,,上櫃,115,77290,,,,,283220,283668,,,,275033,8187,,287206,,73304,18128111,27757742,9629631,9629631,9342425,,360510,,275234,8434,283220
,5904,寶雅*,,,,,,9.30,1,,上櫃,115,247934,,,,,990042,990042,,,,,,,1230544,,7432,3892812,7094656,3201844,3201844,1971300,,1237976,,,,990042
,5905,南仁湖,,5634,,,,-0.09,1,,上櫃,115,8281,,,,,-32404,-26770,,,,-25623,-6781,,-24686,,563,397013,620780,223767,223767,248453,,-24123,,-19285,-7485,-32404
,6015,宏遠證,,,,,,0.89,1,,上櫃,115,54554,466834,806313,,-5093,350504,345411,350504,,,,,339479,,65579,,,,,,,,405058,,345411,,350504
,6016,康和證,,,,,,1.65,1,,上櫃,115,121278,1170319,2343183,,27049,1133349,1160398,1131905,1444,,,,1172864,,81763,,,,,,,,1254627,,1158324,2074,1133349
,6020,大展證,,,,,,0.49,1,,上櫃,115,4668,68509,188702,,52050,124485,176535,124484,1,,,,120193,,8960,,,,,,,,129153,,176534,1,124485
,6021,美好證,,,,,,0.83,1,,上櫃,115,43178,325627,603200,,263948,256050,519998,256050,,,,,277573,,21655,,,,,,,,299228,,519998,,256050
,6023,元大期貨,,,,,,2.19,1,,上櫃,115,167153,1413871,1203888,,100426,700159,800585,700159,,,,,-209983,,1077295,,,,,,,,867312,,800585,,700159
,6026,福邦證,,,,,,0.07,1,,上櫃,115,32134,164688,250639,,80133,27618,107751,27618,,,,,85951,,-26199,,,,,,,,59752,,107751,,27618
,6028,公勝保經,,,,,,2.48,1,,上櫃,115,13917,,,,,54983,54983,,,,54983,,,69047,,-147,1309828,1492835,183007,183007,113960,,68900,,54983,,54983
,6101,寬魚國際,,65,,,,0.91,1,,上櫃,115,1542,,,,,104161,104226,,,,104161,,,87903,,17800,494081,618498,124417,124417,36514,,105703,,104226,,104161
,6103,合邦,,0,,,,-0.19,1,,上櫃,115,0,,,,,-2638,-2638,,,,-2638,0,,-4112,,1474,22801,25764,2963,2963,7075,,-2638,,-2638,0,-2638
,6104,創惟,,3215,,,,1.34,1,,上櫃,115,19995,,,,,121808,125023,,,,121808,,,135596,,6207,572326,1031676,459350,459350,323754,,141803,,125023,,121808
,6109,亞元,,10714,,,,-0.24,1,,上櫃,115,-614,,,,,-16393,-5679,,,,-16544,151,,-15953,,-1054,158258,205790,47532,47532,63485,,-17007,,-5822,143,-16393
,6111,光聚晶電,,6897,,,,-0.19,1,,上櫃,115,12281,,,,,-6023,874,,,,-19024,13001,,-114269,,120527,2174254,2953197,778943,778943,893212,,6258,,-18599,19473,-6023
,6113,亞矽,,251,,,,0.20,1,,上櫃,115,70,,,,,10301,10552,,,,10301,,,2288,,8083,183624,217190,33566,33566,31278,,10371,,10552,,10301
0,6114,久威,,301,,,,0.97,1,,上櫃,115,10618,,,,,42376,42677,,,,42376,,,8754,,44240,164754,197387,32633,32633,23879,,52994,,42677,,42376
,6118,建達,,,,,,-0.04,1,,上櫃,115,1063,,,,,-3269,-3269,,,,-3269,,,-16,,-2190,2422957,2545098,122141,122141,122157,,-2206,,-3269,,-3269
,6121,新普,,621289,,,,6.83,1,,上櫃,115,616964,,,,,1675183,2296472,,,,1264197,410986,,2041142,,251005,15154636,18469187,3314551,3314551,1273409,,2292147,,1711579,584893,1675183
,6122,擎邦,,-55918,,,,1.03,1,,上櫃,115,19368,,,,,78636,22718,,,,78636,,,96785,,1219,714620,840988,126368,126368,29583,,98004,,22718,,78636
,6123,上奇,,31602,,,,0.70,1,,上櫃,115,14132,,,,,67391,98993,,,,42362,25029,,59321,,22202,985530,1137759,152229,152229,92908,,81523,,74282,24711,67391
,6124,業強,,39769,,,,0.17,1,,上櫃,115,6939,,,,,32489,72258,,,,30687,1802,,8508,,30920,396155,463278,67123,67123,58615,,39428,,70456,1802,32489
0,6125,廣運,,43786,,,,0.16,1,,上櫃,115,1998,,,,,-27882,15904,,,,40513,-68395,,-74696,,48812,601052,802331,201279,201279,275975,,-25884,,68816,-52912,-27882
,6126,信音,,206273,,,,0.35,1,,上櫃,115,24217,,,,,101308,307581,,,,45024,56284,,78360,,47165,1037495,1308899,271404,271404,193044,,125525,,161164,146417,101308
,6127,九豪,,42494,,,,-0.51,1,,上櫃,115,-7498,,,,,-54592,-12098,,,,-54592,,,-53843,,-8247,228822,243405,14583,14583,68426,,-62090,,-12098,,-54592
,6129,普誠,,21879,,,,-0.17,1,,上櫃,115,569,,,,,-29423,-7544,,,,-30399,976,,-51376,,22522,220259,332276,112017,112017,163393,,-28854,,-9372,1828,-29423
,6130,上亞科技,,-1043,,,,-0.31,1,,上櫃,115,-1697,,,,,-15256,-16299,,,,-13567,-1689,,-11248,,-5705,25628,39335,13707,13707,24955,,-16953,,-14610,-1689,-15256
,6134,萬旭,,64141,,,,0.15,1,,上櫃,115,7472,,,,,14095,78236,,,,12010,2085,,17336,,4231,442416,563221,120805,120805,103469,,21567,,74911,3325,14095
,6138,茂達,,1082,,,,3.68,1,,上櫃,115,80849,,,,,348227,349309,,,,269381,78846,,386328,,42748,1219272,1979004,759732,759732,373404,,429076,,270463,78846,348227
,6140,訊達電腦,,4344,,,,0.37,1,,上櫃,115,4911,,,,,20077,24421,,,,20077,,,2467,,22521,329854,365390,35536,35536,33069,,24988,,24421,,20077
,6143,振曜,,20625,,,,1.41,1,,上櫃,115,47584,,,,,193429,214054,,,,121058,72371,,202251,,38762,1566701,2002030,435329,435329,233078,,241013,,131356,82698,193429
,6144,得利影,,2584,,,,-0.22,1,,上櫃,115,0,,,,,-8281,-5697,,,,,,,-6774,,-1507,23068,38391,15323,15323,22097,,-8281,,,,-8281
,6146,耕興,,95479,,,,2.97,1,,上櫃,115,74685,,,,,314955,410434,,,,302495,12460,,364366,,25274,636384,1191315,554931,554931,190565,,389640,,383059,27375,314955
,6147,頎邦,,1054295,,,,0.59,1,,上櫃,115,55759,,,,,437289,1491584,,,,437289,,,787935,,-294887,4405285,5755687,1350402,1350402,562467,,493048,,1491584,,437289
0,6148,驊宏資,,0,,,,0.07,1,,上櫃,115,1171,,,,,3437,3437,,,,3437,0,,3486,,1122,88900,119489,30589,30589,27103,,4608,,3437,0,3437
,6150,撼訊,,18295,,,,1.54,1,,上櫃,115,29406,,,,,73984,92279,,,,74284,-300,,108985,,-5595,1348837,1565259,216422,216422,107437,,103390,,92579,-300,73984
,6151,晉倫,,13323,,,,0.72,1,,上櫃,115,14065,,,,,39697,53020,,,,39697,0,,48077,,5685,314071,417536,103465,103465,55388,,53762,,53020,0,39697
,6154,順發,,791,,,,0.48,1,,上櫃,115,9517,,,,,38070,38861,,,,38070,,,46776,,811,843955,1046919,202964,202964,156188,,47587,,38861,,38070
0,6156,松上,0,67755,,,,-0.09,1,0,上櫃,115,28865,,,0,,16123,83878,,,,-9880,26003,,38373,,6615,1170181,1389091,218910,218910,180537,,44988,,36741,47137,16123
,6158,禾昌,,59174,,,,-1.11,1,,上櫃,115,-19771,,,,,-59882,-708,,,,-59882,,,-69961,,-9692,371661,407796,36135,36135,106096,,-79653,,-708,,-59882
,6160,欣技,,794,,,,-0.29,1,,上櫃,115,-1400,,,,,-20050,-19256,,,,-19939,-111,,-26655,,5205,171538,263516,91978,91978,118633,,-21450,,-19145,-111,-20050
0,6161,捷波,,14661,,,,0.83,1,,上櫃,115,13066,,,,,46940,61601,,,,46940,,,40210,,19796,223490,349069,125579,125579,85369,,60006,,61601,,46940
,6163,華電網,,43181,,,,0.02,1,,上櫃,115,4709,,,,,937,44118,,,,2229,-1292,,4823,,823,1537118,1824540,287422,287422,282599,,5646,,45410,-1292,937
,6167,久正,,19960,,,,-0.06,1,,上櫃,115,486,,,,,-8554,11406,,,,-8554,0,,-32633,,24565,294798,316109,21311,21311,53944,,-8068,,11406,0,-8554
,6169,昱泉,,151,,,,-0.68,1,,上櫃,115,5,,,,,-15859,-15708,,,,-15859,,,-18149,,2295,992,153,-839,-839,17310,,-15854,,-15708,,-15859
,6170,統振,,-6816,,,,1.09,1,,上櫃,115,25497,,,,,106264,99448,,,,105655,609,,76202,,55559,567044,823238,256194,256194,179992,,131761,,98839,609,106264
,6171,大城地產,,,,,,0.08,1,,上櫃,115,1986,,,,,7735,7735,,,,,,,9626,,95,18048,35551,17503,17503,7877,,9721,,,,7735
,6173,信昌電,,-293738,,,,1.19,1,,上櫃,115,53851,,,,,204513,-89225,,,,204513,,,206796,,51568,728319,1016550,288231,288231,81435,,258364,,-89225,,204513
,6174,安碁,,-9218,,,,0.33,1,,上櫃,115,2735,,,,,16482,7264,,,,16482,,,16834,,2383,109523,166493,56970,56970,40136,,19217,,7264,,16482
,6175,立敦,,143195,,,,0.74,1,,上櫃,115,24596,,,,,146175,289370,,,,110750,35425,,151304,,19467,871546,1118439,246893,246893,95589,,170771,,225094,64276,146175
,6179,亞通,,-17926,,,,0.27,1,,上櫃,115,14721,,,,,32972,15046,,,,37502,-4530,,46156,,1537,1319620,1446226,126606,126606,80450,,47693,,19576,-4530,32972
,6180,橘子,,5113,,,,0.63,1,,上櫃,115,41330,,,,,119737,124850,,,,109891,9846,,132198,,28869,1790767,2590985,800218,800218,668020,,161067,,112128,12722,119737
,6182,合晶,,573643,,,,0.00,1,,上櫃,115,14874,,,,,21350,594993,,,,2104,19246,,26260,,9964,2006258,2477638,471380,471380,445120,,36224,,220678,374315,21350
,6185,幃翔,,32539,,,,-0.14,1,,上櫃,115,-3758,,,,,-21200,11339,,,,-21200,,,-30476,,5518,136113,154595,18482,18482,48958,,-24958,,11339,,-21200
,6186,新潤,,,,,,2.09,1,,上櫃,115,125565,,,,,407942,407942,,,,,,,528332,,5175,2574578,3341737,767159,767159,238827,,533507,,,,407942
,6187,萬潤,,150851,,,,3.37,1,,上櫃,115,67200,,,,,319925,470776,,,,324510,-4585,,327768,,59357,680590,1411444,730854,730854,403086,,387125,,475361,-4585,319925
,6188,廣明,,141377,,,,0.45,1,,上櫃,115,43286,,,,,148865,290242,,,,125885,22980,,109949,,82202,1638639,2171362,532723,532723,422774,,192151,,256395,33847,148865
,6190,萬泰科,,31709,,,,0.43,1,,上櫃,115,57431,,,,,95279,126988,,,,79237,16042,,137023,,15687,2112438,2491500,379062,379062,242039,,152710,,111236,15752,95279
,6194,育富,,44897,,,,0.33,1,,上櫃,115,5579,,,,,15702,60599,,,,15702,,,11755,,9526,231372,264225,32853,32853,21098,,21281,,60599,,15702
,6195,詩肯,,3556,,,,1.50,1,,上櫃,115,24711,,,,,75301,78857,,,,75301,0,,104438,,-4426,295440,704086,408646,408646,304208,,100012,,78857,0,75301
,6198,瑞築,,9,,,,-0.10,1,,上櫃,115,2169,,,,,-17840,-17831,,,,-17840,,,-16075,,404,17,66,49,49,16124,,-15671,,-17831,,-17840
,6199,天品,,2089,,,,1.22,1,,上櫃,115,39927,,,,,77544,79633,,,,75461,2083,,129338,,-11867,126377,276465,150088,150088,20750,,117471,,77550,2083,77544
,6203,海韻電,,4528,,,,1.37,1,,上櫃,115,30668,,,,,112739,117267,,,,112739,,,76065,,67342,373243,543305,170062,170062,93997,,143407,,117267,,112739
,6204,艾華,,4722,,,,0.10,1,,上櫃,115,1664,,,,,2218,6940,,,,2218,,,4805,,-923,57222,87689,30467,30467,25662,,3882,,6940,,2218
,6207,雷科,,77650,,,,0.06,1,,上櫃,115,7023,,,,,4762,82412,,,,5018,-256,,19477,,-7692,185279,272649,87370,87370,67893,,11785,,82668,-256,4762
,6208,日揚,,17285,,,,1.90,1,,上櫃,115,7501,,,,,176199,193484,,,,179719,-3520,,58124,,125576,499929,752827,252898,252898,194774,,183700,,197004,-3520,176199
,6210,慶生,-553,,,,,-0.41,1,,上櫃,115,0,,,,,-14464,-14464,,,,,,,-16407,,1943,106662,105059,-1603,-1603,14251,,-14464,,,,-14464
,6212,理銘,,0,,,,0.40,1,,上櫃,115,10129,,,,,40409,40409,,,,,,,56785,,-6247,134559,215553,80994,80994,24209,,50538,,,,40409
,6217,中探針,,36615,,,,0.11,1,,上櫃,115,-256,,,,,13634,50249,,,,13045,589,,9938,,3440,827429,1078725,251296,251296,241358,,13378,,49584,665,13634
,6218,豪勉,,-11617,,,,0.35,1,,上櫃,115,4655,,,,,22180,10563,,,,22180,,,22125,,4710,335886,417711,81825,81825,59700,,26835,,10563,,22180
,6219,富旺,,100,,,,0.74,1,,上櫃,115,25956,,,,,91899,91999,,,,91899,,,155782,,-37927,865754,1148689,282935,282935,127153,,117855,,91999,,91899
,6220,岳豐,,66802,,,,-0.32,1,,上櫃,115,11686,,,,,-46481,20321,,,,-46481,0,,39600,,-74395,1518637,2110137,591500,591500,551900,,-34795,,20321,0,-46481
,6221,晉泰,,-87549,,,,0.35,1,,上櫃,115,15963,,,,,59370,-28179,,,,59370,0,,65423,,9910,830850,1023884,193034,193034,127611,,75333,,-28179,0,59370
,6222,立軒,,-5768,,,,-0.06,1,,上櫃,115,4,,,,,-4941,-10709,,,,-4941,,,-5214,,277,669,874,205,205,5419,,-4937,,-10709,,-4941
717,6223,旺矽,,-50447,,,,12.53,1,,上櫃,115,298433,,,,,1227478,1177031,,,,1227478,0,,1273010,,252184,1594988,3933067,2338079,2338079,1065069,,1525194,,1177031,0,1226761
,6227,茂綸,,5778,,,,3.00,1,,上櫃,115,69463,,,,,231907,237685,,,0,228229,3678,,296341,,5029,4336607,4844098,507491,507491,211150,,301370,0,234007,3678,231907
,6228,全譜,,232,,,,-0.07,1,,上櫃,115,0,,,,,-1769,-1537,,,,-1769,,,-3903,,2134,8257,13533,5276,5276,9179,,-1769,,-1537,,-1769
,6229,研通,,6206,,,,0.14,1,,上櫃,115,1144,,,,,5610,11816,,,,5610,,,-22,,6776,590337,649237,58900,58900,58922,,6754,,11816,,5610
,6231,系微,,10692,,,,1.70,1,,上櫃,115,28311,,,,,77640,88332,,,,77640,0,,96775,,9176,103287,438822,335535,335535,238760,,105951,,88332,0,77640
,6233,旺玖,,87364,,,,-0.03,1,,上櫃,115,0,,,,,-2652,84712,,,,-2652,,,-8468,,5816,49061,86655,37594,37594,46062,,-2652,,84712,,-2652
,6234,高僑,,8074,,,,0.23,1,,上櫃,115,9526,,,,,23326,31400,,,,23326,,,-5885,,38737,119649,128905,9256,9256,15141,,32852,,31400,,23326
,6236,中湛,,789,,,,0.00,1,,上櫃,115,0,,,,,99,888,,,,99,,,-366,,465,1363,7994,6631,6631,6997,,99,,888,,99
,6237,驊訊,,401,,,,-0.24,1,,上櫃,115,-5,,,,,-18726,-18325,,,,-18726,0,,-26326,,7595,71645,120321,48676,48676,75002,,-18731,,-18325,0,-18726
,6240,松崗,,-31119,,,,-0.43,1,,上櫃,115,-55,,,,,-9808,-40927,,,,-9808,,,1405,,-11268,5232,12523,7291,7291,5886,,-9863,,-40927,,-9808
,6241,鑫永洋,,,,,,0.46,1,,上櫃,115,,,,,,22356,22356,,,,,,,11444,,10912,136322,167062,30740,30740,19296,,22356,,,,22356
,6242,立康,,-390,,,,0.33,1,,上櫃,115,3280,,,,,10615,10225,,,,10615,,,12800,,1095,40086,121561,81475,81475,68675,,13895,,10225,,10615
,6244,茂迪,,44412,,,,0.12,1,,上櫃,115,5921,,,,,45174,89586,,,,44631,543,,46074,,5021,634371,761537,127166,127166,81092,,51095,,86900,2686,45174
,6245,立端,,36175,,,,0.75,1,,上櫃,115,22404,,,,,109429,145604,,,,109429,,,116175,,15658,1032667,1541411,508744,508744,392569,,131833,,145604,,109429
,6246,臺龍,,15105,,,,-0.68,1,,上櫃,115,-2031,,,,,-25800,-10695,,,,-25800,,,-17817,,-10014,254566,275194,20628,20628,38445,,-27831,,-10695,,-25800
,6248,沛波,,-18182,,,,0.28,1,,上櫃,115,4804,,,,,27878,9696,,,,27878,,,30065,,2617,1425149,1513648,88499,88499,58434,,32682,,9696,,27878
,6259,百徽,,3807,,,,0.43,1,,上櫃,115,629,,,,,11996,15803,,,,12012,-16,,8950,,3675,132854,171262,38408,38408,29458,,12625,,15819,-16,11996
,6261,久元,10502,65295,,,,0.85,1,,上櫃,115,34410,,,,,102127,167422,,,,109865,-7738,,100073,,36464,733253,1065316,332063,332063,242492,,136537,,170207,-2785,102127
,6263,普萊德,,,,,,2.10,1,,上櫃,115,26771,,,,,131464,131464,,,,131464,0,,148028,,10207,232388,448681,216293,216293,68265,,158235,,131464,0,131464
,6264,富裔,,,,,,-0.22,1,,上櫃,115,543,,,,,-34691,-34691,,,,-29662,-5029,,-23493,,-10655,10085,8949,-1136,-1136,22357,,-34148,,-29662,-5029,-34691
,6265,方土昶,,4102,,,,1.67,1,,上櫃,115,51983,,,,,197773,201875,,,,197773,,,245965,,3791,496947,776273,279326,279326,33361,,249756,,201875,,197773
,6266,泰詠,,16196,,,,0.39,1,,上櫃,115,18264,,,,,59419,75615,,,,59419,,,68031,,9652,620611,741003,120392,120392,52361,,77683,,75615,,59419
,6270,倍微,,239508,,,,0.24,1,,上櫃,115,290,,,,,17206,256714,,,,17206,,,15644,,1852,649811,720109,70298,70298,54654,,17496,,256714,,17206
,6274,台燿,0,335578,,,,4.36,1,,上櫃,115,613807,,,,,1260044,1595622,,,,1260044,,,1827536,,46315,7525408,10053966,2528558,2528558,701022,,1873851,,1595622,,1260044
,6275,元山,,9215,,,,0.48,1,,上櫃,115,11183,,,,,38003,47218,,,,38273,-270,,41966,,7220,930538,1129324,198786,198786,156820,,49186,,47488,-270,38003
,6276,安鈦克,,450,,,,-0.90,1,,上櫃,115,0,,,,,-19869,-19419,,,,-19869,0,,-19992,,123,187922,238814,50892,50892,70884,,-19869,,-19419,0,-19869
,6279,胡連,,166352,,,,1.60,1,,上櫃,115,53188,,,,,192741,359093,,,,190891,1850,,181056,,64873,1557618,2123415,565797,565797,384741,,245929,,357247,1846,192741
,6284,佳邦,,215751,,,,0.51,1,,上櫃,115,50391,,,,,72851,288602,,,,75305,-2454,,81779,,41463,1340065,1674744,334679,334679,252900,,123242,,291056,-2454,72851
,6290,良維,74593,82129,,,,2.68,1,,上櫃,115,104405,,,,,455214,537343,,,,453198,2016,,518898,,40721,1795886,2609922,814036,814036,369731,,559619,,528973,8370,455214
,6291,沛亨,,5836,,,,3.00,1,,上櫃,115,32313,,,,,127072,132908,,,0,126146,926,,148757,,10628,412529,660065,247536,247536,98779,,159385,0,131044,1864,127072
,6292,迅德,2879,6017,,,,0.73,1,,上櫃,115,3120,,,,,34001,40018,,,,34001,,,25373,,11748,191623,286697,95074,95074,72580,,37121,,40018,,34001
,6294,智基,,,,,,-0.07,1,,上櫃,115,284,,,,,-1846,-1846,,,,-1846,,,10303,,-11865,144272,211935,67663,67663,57360,,-1562,,-1846,,-1846
,6411,晶焱,,12481,,,,0.54,1,,上櫃,115,8969,,,,,40727,53208,,,,52169,-11442,,39134,,10562,432544,656873,224329,224329,185195,,49696,,63326,-10118,40727
,6417,韋僑,,116,,,,1.67,1,,上櫃,115,17706,,,,,70791,70907,,,,70791,,,81510,,6987,279919,427805,147886,147886,66376,,88497,,70907,,70791
,6418,詠昇,,6433,,,,-0.15,1,,上櫃,115,256,,,,,-5347,1086,,,,-5347,,,-389,,-4702,144000,174686,30686,30686,31075,,-5091,,1086,,-5347
,6419,京晨科,,2406,,,,4.55,1,,上櫃,115,7014,,,,,59861,62267,,,,59861,0,,18998,,47877,197161,253489,56328,56328,37330,,66875,,62267,0,59861
,6423,億而得,,,,,,0.28,1,,上櫃,115,3781,,,,,8421,8421,,,,,,,11891,,311,235,64814,64579,64579,52688,,12202,,,,8421
,6425,易發,,-17324,,,,0.17,1,,上櫃,115,594,,,,,8738,-8586,,,,8818,-80,,-4128,,13460,292829,405143,112314,112314,116442,,9332,,-8506,-80,8738
,6432,今展科,,15937,,,,0.72,1,,上櫃,115,3541,,,,,23944,39881,,,,23944,,,10817,,16668,229755,293679,63924,63924,53107,,27485,,39881,,23944
,6435,大中,,-6958,,,,3.67,1,,上櫃,115,28144,,,,,137409,130451,,,,,,,150455,,15098,693772,947542,253770,253770,103315,,165553,,,,137409
,6441,廣錠,,1,,,,-1.36,1,,上櫃,115,475,,,,,-73905,-73904,,,,-72638,-1267,,-70271,,-3159,59185,27701,-31484,-31484,38787,,-73430,,-72637,-1267,-73905
,6461,益得,,,,,,-0.63,1,,上櫃,115,,,,,,-111854,-111854,,,,,,,-107272,,-4582,59903,17616,-42287,-42287,64985,,-111854,,,,-111854
,6462,神盾,,-213535,,,,-2.70,1,,上櫃,115,-14404,,,,,-338155,-551690,,,,-245944,-92211,,-350427,,-2132,1744395,2270779,526384,526384,876811,,-352559,,-457989,-93701,-338155
,6465,威潤,,-57,,,,1.31,1,,上櫃,115,1727,,,,,61432,61375,,,,61432,,,22830,,40329,17036,71104,54068,54068,31238,,63159,,61375,,61432
,6469,大樹,,-1209,,,,0.83,1,,上櫃,115,30782,,,,,120924,119715,,,,125245,-4321,,130151,,21555,3479336,4839082,1359746,1359746,1229595,,151706,,122264,-2549,120924
,6470,宇智,,-1000,,,,0.84,1,,上櫃,115,6022,,,,,31581,30581,,,,31581,,,9550,,28053,214790,268641,53851,53851,44301,,37603,,30581,,31581
,6474,華豫寧,,14869,,,,0.90,1,,上櫃,115,10205,,,,,47030,61899,,,,47030,,,52507,,4728,763444,976407,212963,212963,160456,,57235,,61899,,47030
,6482,弘煜科,,-106,,,,0.28,1,,上櫃,115,4349,,,,,8219,8113,,,,8110,109,,10102,,2466,1255,92960,91705,91705,81603,,12568,,8011,102,8219
,6485,點序,,,,,,0.00,1,,上櫃,115,0,,,,,40,40,,,,40,0,,-444,,484,144787,338036,193249,193249,193693,,40,,40,0,40
,6486,互動,,285,,,,0.59,1,,上櫃,115,9664,,,,,28743,29028,,,,30132,-1389,,38612,,-205,312186,464554,152368,152368,113756,,38407,,30417,-1389,28743
,6488,環球晶,,913792,,,,3.97,1,,上櫃,115,450875,,,,,1895856,2809648,,,,1895821,35,,1475373,,871358,11071298,13984798,2913500,2913500,1438127,,2346731,,2809716,-68,1895856
,6492,生華科,,1113,,,,-0.75,1,,上櫃,115,0,,,,,-66874,-65761,,,,-66874,,,-68933,,2059,105,240,135,135,69068,,-66874,,-65761,,-66874
,6494,九齊,,1060,,,,0.75,1,,上櫃,115,5976,,,,,23821,24881,,,,23821,,,21683,,8114,278751,384457,105706,105706,84023,,29797,,24881,,23821
,6496,科懋,,-3726,,,,-1.18,1,,上櫃,115,0,,,,,-54742,-58468,,,,-54742,,,-54284,,-458,134434,218058,83624,83624,137908,,-54742,,-58468,,-54742
,6498,久禾光,,23031,,,,1.75,1,,上櫃,115,29068,,,,,82761,105792,,,,82761,,,101121,,10708,187316,345005,157689,157689,56568,,111829,,105792,,82761
,6499,益安,,5803,,,,-1.26,1,,上櫃,115,-21,,,,,-135099,-129296,,,,-121858,-13241,,-131360,,-3760,96886,114288,17402,17402,148762,,-135120,,-116435,-12861,-135099
,6506,雙邦,,,,,,0.52,1,,上櫃,115,13182,,,,,52754,52754,,,,43170,9584,,64653,,1283,454578,571346,116768,116768,52115,,65936,,43170,9584,52754
,6508,惠光,1460,8212,,,,0.36,1,,上櫃,115,10193,,,,,31391,39603,,,,31391,,,25991,,15593,352255,461506,109251,109251,84720,,41584,,39603,,31391
,6509,聚和,,42386,,,,1.19,1,,上櫃,115,79138,,,,,234057,276443,,,,234057,,,312610,,585,882555,1380643,498088,498088,185478,,313195,,276443,,234057
,6510,精測,,19968,,,,10.43,1,,上櫃,115,79507,,,,,338881,358849,,,,341881,-3000,,397201,,21187,586787,1357386,770599,770599,373398,,418388,,361849,-3000,338881
,6512,啟發電,,,,,,-0.28,1,,上櫃,115,20,,,,,-7177,-7177,,,,-7177,,,-8675,,1518,24389,34378,9989,9989,18664,,-7157,,-7177,,-7177
,6516,勤崴國際,-13,-15481,,,,0.66,1,,上櫃,115,8907,,,,,36953,21472,,,,,,,36029,,9831,91743,180324,88581,88581,52539,,45860,,,,36953
,6517,保勝光學,,,,,,0.52,1,,上櫃,115,5432,,,,,15855,15855,,,,15855,,,9266,,12021,70087,104903,34816,34816,25550,,21287,,15855,,15855
,6523,達爾膚,,,,,,1.88,1,,上櫃,115,20096,,,,,84891,84891,,,,84891,,,88363,,16624,90526,276348,185822,185822,97459,,104987,,84891,,84891
,6527,明達醫,,243,,,,1.33,1,,上櫃,115,6709,,,,,33830,34073,,,,33830,,,37874,,2665,112894,188304,75410,75410,37536,,40539,,34073,,33830
,6530,創威,,,,,,0.65,1,,上櫃,115,5449,,,,,21794,21794,,,,,,,25215,,2028,49462,91962,42500,42500,17285,,27243,,,,21794
,6532,瑞耘,,2925,,,,0.84,1,,上櫃,115,7841,,,,,31352,34277,,,,31352,,,32790,,6403,98223,155737,57514,57514,24724,,39193,,34277,,31352
,6535,順藥,,37,,,,-0.72,1,,上櫃,115,0,,,,,-120736,-120699,,,,-119687,-1049,,-66499,,-54237,2665,4483,1818,1818,68317,,-120736,,-119650,-1049,-120736
,6538,倉和,,23798,,,,0.90,1,,上櫃,115,11962,,,,,33497,57295,,,,33497,,,40571,,4888,189136,307688,118552,118552,77981,,45459,,57295,,33497
,6542,隆中,,2892,,,,0.04,1,,上櫃,115,5716,,,,,744,3636,,,,1836,-1092,,-7698,,14158,54577,267520,212943,212943,220641,,6460,,4661,-1025,744
,6546,正基,,58229,,,,0.90,1,,上櫃,115,15303,,,,,60669,118898,,,,59841,828,,60179,,15793,366372,504185,137813,137813,77634,,75972,,118070,828,60669
,6547,高端疫苗,,-16915,,,,-0.09,1,,上櫃,115,0,,,,,-28339,-45254,,,,-28339,,,-31910,,3571,26763,105932,79169,79169,111079,,-28339,,-45254,,-28339
,6548,長科*,,220527,,,,0.51,1,,上櫃,115,118626,,,,,484978,705505,,,,468971,16007,,507625,,95979,2874633,3671848,797215,797215,289590,,603604,,682040,23465,484978
,6556,勝品,,609,,,,1.72,1,,上櫃,115,11934,,,,,51803,52412,,,,49362,2441,,60656,,3081,255518,367894,112376,112376,51720,,63737,,49612,2800,51803
,6560,欣普羅,,,,,,0.37,1,,上櫃,115,3025,,,,,12032,12032,,,,,,,4534,,10523,50917,79258,28341,28341,23807,,15057,,,,12032
,6561,是方,420,385,,,,3.69,1,,上櫃,115,71813,,,,,287574,287959,,,,286777,797,,365555,,-6168,501491,982156,480665,480665,115530,,359387,,286923,1036,287574
,6568,宏觀,,508,,,,1.34,1,,上櫃,115,10297,,,106,,41001,41509,,,,41001,,,44926,,6372,219542,345254,125712,125606,80680,,51298,,41509,,41001
,6569,醫揚,,-9828,,,,1.03,1,,上櫃,115,10086,,,,,40297,30469,,,,40297,0,,29601,,20782,241027,377370,136343,136343,106742,,50383,,30469,0,40297
,6570,維田,,5166,,,,0.57,1,,上櫃,115,5449,,,,,21336,26502,,,,21336,,,27922,,-1137,150236,242443,92207,92207,64285,,26785,,26502,,21336
,6574,霈方,,-2434,,,,3.29,1,,上櫃,115,17125,,,,,72276,69842,,,,72276,,,83682,,5719,83320,195451,112131,112131,28449,,89401,,69842,,72276
,6576,逸達,,7532,,,,2.59,1,,上櫃,115,21060,,,,,406923,414455,,,,406923,,,-136014,,563997,39758,80311,40553,40553,176567,,427983,,414455,,406923
,6577,勁豐,,-178,,,,1.67,1,,上櫃,115,24014,,,,,100325,100147,,,,100325,,,103621,,20718,355797,543740,187943,187943,84322,,124339,,100147,,100325
,6578,達邦蛋白,,3664,,,,0.08,1,,上櫃,115,95,,,,,5554,9218,,,,5554,,,747,,4902,64108,82091,17983,17983,17236,,5649,,9218,,5554
,6584,南俊國際,,7944,,,,3.37,1,,上櫃,115,59234,,,,,235167,243111,,,,235167,,,255365,,39036,506673,866888,360215,360215,104850,,294401,,243111,,235167
,6588,東典光電,,3043,,,,-0.08,1,,上櫃,115,20,,,,,-2821,222,,,,-2637,-184,,-2323,,-478,75351,95642,20291,20291,22614,,-2801,,406,-184,-2821
,6590,普鴻,,,,,,0.84,1,,上櫃,115,4923,,,,,22203,22203,,,,20516,1687,,28068,,-942,90805,161723,70918,70918,42850,,27126,,20516,1687,22203
,6593,台灣銘板,,285,,,,-0.60,1,,上櫃,115,-2537,,,,,-19009,-18724,,,,-18986,-23,,-818,,-20728,89984,129929,39945,39945,40763,,-21546,,-18722,-2,-19009
0,6596,寬宏藝術,0,369,,,,2.08,1,,上櫃,115,19307,,,,,79113,79482,,,,79113,,,86859,,11561,469948,604059,134111,134111,47252,,98420,,79482,,79113
,6597,立誠,,,,,,-0.45,1,,上櫃,115,-697,,,,,-13133,-13133,,,,,,,-936,,-12894,127205,159552,32347,32347,33283,,-13830,,,,-13133
,6603,富強鑫,,73307,,,,0.03,1,,上櫃,115,6628,,,,,5693,79000,,,,4992,701,,5502,,6819,791647,1050396,258749,258749,253247,,12321,,72054,6946,5693
,6609,瀧澤科,,10750,,,,-0.16,1,,上櫃,115,7161,,,,,-11426,-676,,,,-11426,,,-22172,,17907,419112,491704,72592,72592,94764,,-4265,,-676,,-11426
,6612,奈米醫材,,32642,,,,0.81,1,,上櫃,115,11662,,,,,23861,56503,,,,38318,-14457,,37287,,-1764,132010,298615,166605,166605,129318,,35523,,69441,-12938,23861
,6613,朋億*,,25653,,,,3.84,1,,上櫃,115,139426,,,,,354178,379831,,,,298838,55340,,472038,,21566,1590338,2341667,751329,751329,279291,,493604,,308049,71782,354178
,6615,慧智,,48,,,,0.67,1,,上櫃,115,262,,,,,14501,14549,,,,14505,-4,,-1958,,16721,66400,93034,26634,26634,28592,,14763,,14547,2,14501
,6616,特昇-KY,,12928,,,,-0.52,1,,上櫃,115,0,,,,,-18302,-5374,,,,-18232,-70,,-19381,,1079,198592,211508,12916,12916,32297,,-18302,,-5231,-143,-18302
,6617,共信-KY,,17038,,,,-0.32,1,,上櫃,115,0,,,,,-41472,-24434,,,,-39621,-1851,,-54039,,12567,3030,9467,6437,6437,60476,,-41472,,-22144,-2290,-41472
,6620,漢達,,32938,,,,0.46,1,,上櫃,115,20961,,,,,76228,109166,,,,76228,,,57756,,39433,39416,209615,170199,170199,112443,,97189,,109166,,76228
,6624,萬年清,,-18,,,,0.05,1,,上櫃,115,3155,,,,,1346,1328,,,,1209,137,,1575,,2926,68568,89805,21237,21237,19662,,4501,,1189,139,1346
,6629,泰金-KY,,-34490,,,,3.58,1,,上櫃,115,17915,,,,,137484,102994,,,,137472,12,,123769,,31630,546163,696580,150417,150417,26648,,155399,,103022,-28,137484
,6637,醫影,,3291,,,,1.01,1,,上櫃,115,7140,,,,,27117,30408,,,,27117,,,35038,,-781,129786,189624,59838,59838,24800,,34257,,30408,,27117
,6640,均華,,1034025,,,,5.19,1,,上櫃,115,39765,,,,,147007,1181032,,,,147007,0,,179921,,6851,457491,830305,372814,372814,192893,,186772,,1181032,0,147007
,6642,富致,,-4694,,,,0.74,1,,上櫃,115,8445,,,,,27820,23126,,,,27820,,,30762,,5503,72587,141191,68604,68604,37842,,36265,,23126,,27820
,6643,M31,,962,,,,-1.18,1,,上櫃,115,2311,,,,,-49247,-48285,,,,-49247,,,-66267,,19331,,394748,394748,394748,461015,,-46936,,-48285,,-49247
,6649,台生材,,,,,,0.00,1,,上櫃,115,0,,,,,138,138,,,,,,,-3770,,3908,10357,26399,16042,16042,19812,,138,,,,138
,6651,全宇昕,575,,,,,2.47,1,,上櫃,115,21362,,,,,85400,85400,,,,,,,93405,,13357,246408,396326,149918,149918,57088,,106762,,,,85400
,6654,天正國際,,19015,,,,-0.20,1,,上櫃,115,-3183,,,,,-9496,9519,,,,-8263,-1233,,-13165,,486,95377,121893,26516,26516,39681,,-12679,,10752,-1233,-9496
,6661,威健生技,,-97,,,,-0.27,1,,上櫃,115,-158,,,,,-6075,-6172,,,,-6282,207,,-6049,,-184,47216,83766,36550,36550,42599,,-6233,,-6379,207,-6075
,6662,樂斯科,,-3343,,,,0.21,1,,上櫃,115,1510,,,,,5371,2028,,,,,,,6216,,665,40857,61013,20156,20156,13940,,6881,,,,5371
,6664,群翊,,12775,,,,3.73,1,,上櫃,115,58858,,,,,226520,239295,,,,226520,,,217313,,68065,345416,667210,321794,321794,104481,,285378,,239295,,226520
,6667,信紘科,,1050,,,,3.63,1,,上櫃,115,47189,,,,,176375,177425,,,,179017,-2642,,216190,,7374,1172984,1542902,369918,369918,153728,,223564,,180069,-2644,176375
,6679,鈺太,,666363,,,,3.70,1,,上櫃,115,23222,,,,,197212,863575,,,,197212,,,134616,,85818,258139,537143,279004,279004,144388,,220434,,863575,,197212
,6680,鑫創電子,,211,,,,0.08,1,,上櫃,115,475,,,,,1899,2110,,,,1899,,,961,,1413,98321,145422,47101,47101,46140,,2374,,2110,,1899
,6683,雍智科技,,5240,,,,6.23,1,,上櫃,115,41465,,,,,169497,174737,,,,169497,,,181118,,29844,340305,664648,324343,324343,143225,,210962,,174737,,169497
,6684,安格,,-42567,,,,0.01,1,,上櫃,115,423,,,,,877,-41690,,,,637,240,,-4932,,6232,29480,74123,44643,44643,49575,,1300,,-41930,240,877
,6690,安碁資訊,,599,,,,2.27,1,,上櫃,115,17027,,,,,68064,68663,,,,68064,,,81695,,3396,390608,624807,234199,234199,152504,,85091,,68663,,68064
,6692,進能服,,,,,,-0.92,1,,上櫃,115,-13879,,,,,-53874,-53874,,,0,-53889,15,,-80948,,13195,167774,137029,-30745,-30745,50203,,-67753,0,-53889,15,-53874
,6693,廣閎科,,1806,,,,1.17,1,,上櫃,115,13128,,,,,52512,54318,,,0,52512,0,,54967,,10673,366704,514700,147996,147996,93029,,65640,0,54318,0,52512
,6697,東捷資訊,,1480,,,,0.79,1,,上櫃,115,5469,,,,,21715,23195,,,,21715,,,24361,,2823,365194,419478,54284,54284,29923,,27184,,23195,,21715
,6703,軒郁,,2158,,,,1.87,1,,上櫃,115,15463,,,,,59149,61307,,,,61355,-2206,,72834,,1778,275093,744505,469412,469412,396578,,74612,,63513,-2206,59149
,6708,天擎,,907,,,,-0.20,1,,上櫃,115,-64,,,,,-5660,-4753,,,,-5660,,,-7648,,1924,25476,51931,26455,26455,34103,,-5724,,-4753,,-5660
,6712,長聖,,930,,,,1.39,1,,上櫃,115,18452,,,,,132156,133086,,,,132156,,,88772,,61836,37643,190491,152848,152848,64076,,150608,,133086,,132156
,6716,應廣,,-1847,,,,1.59,1,,上櫃,115,7211,,,,,46931,45084,,,,46931,,,44512,,9630,236633,368918,132285,132285,87773,,54142,,45084,,46931
,6720,久昌,,6254,,,,0.51,1,,上櫃,115,2565,,,,,15389,21643,,,,15389,,,3920,,14034,53153,88288,35135,35135,31215,,17954,,21643,,15389
,6721,信實,,,,,,1.48,1,,上櫃,115,8366,,,,,33381,33381,,,,33396,-15,,41955,,-208,867295,924198,56903,56903,14948,,41747,,33381,,33381
,6725,矽科宏晟,,6889,,,,2.59,1,,上櫃,115,26562,,,,,96141,103030,,,,96141,0,,124643,,-1940,719700,938397,218697,218697,94054,,122703,,103030,0,96141
,6727,亞泰金屬,,6276,,,,2.94,1,,上櫃,115,21858,,,,,79003,85279,,,,79003,,,84963,,15898,517531,693899,176368,176368,91405,,100861,,85279,,79003
,6728,上洋,,-428,,,,1.97,1,,上櫃,115,14704,,,,,56891,56463,,,,59280,-2389,,72675,,-1080,670043,1062477,392434,392434,319759,,71595,,58852,-2389,56891
,6730,常廣,,36,,,,0.44,1,,上櫃,115,3949,,,,,15795,15831,,,,15795,,,19508,,236,59604,114558,54954,54954,35446,,19744,,15831,,15795
,6732,昇佳電子,15,28072,,,,2.19,1,,上櫃,115,14035,,,,,107133,135205,,,,,,,61303,,59865,814398,1044409,230011,230011,168723,,121168,,,,107133
,6733,博晟生醫,,55,,,,-0.13,1,,上櫃,115,-2098,,,,,-17633,-17578,,,,-15788,-1845,,-20127,,396,15179,54945,39766,39766,59893,,-19731,,-16695,-883,-17633
,6735,美達科技,,-1286,,,,0.29,1,,上櫃,115,3184,,,,,13400,12114,,,,13400,,,5244,,11340,48335,93677,45342,45342,40098,,16584,,12114,,13400
,6739,竹陞科技,,420,,,,5.76,1,,上櫃,115,37287,,,,,134512,134932,,,,134512,,,167561,,4238,89888,284285,194397,194397,26836,,171799,,134932,,134512
,6741,91APP*-KY,,3996,,,,1.15,1,,上櫃,115,33208,,,,,133766,137762,,,,131838,1928,,153208,,13766,139625,541135,401510,401510,248302,,166974,,135733,2029,133766
,6751,智聯服務,,2899,,,,0.30,1,,上櫃,115,2097,,,,,8147,11046,,,,6724,1423,,11444,,-1200,412410,462397,49987,49987,38543,,10244,,9422,1624,8147
,6752,叡揚,,-247,,,,1.39,1,,上櫃,115,8399,,,,,51463,51216,,,,51593,-130,,58197,,1665,259591,483947,224356,224356,166159,,59862,,51346,-130,51463
,6761,穩得,,-2839,,,,1.60,1,,上櫃,115,15519,,,,,55907,53068,,,,55814,93,,68735,,2691,280804,455112,174308,174308,105573,,71426,,52975,93,55907
,6762,達亞,,,,,,-0.38,1,,上櫃,115,-1980,,,,,-13447,-13447,,,,,,,-12227,,-3200,114699,135788,21089,21089,33316,,-15427,,,,-13447
,6763,綠界科技*,,-12665,,,,0.55,1,,上櫃,115,25379,,,,,101030,88365,,,,101955,-925,,114426,,11983,265244,456806,191562,191562,77136,,126409,,89290,-925,101030
,6767,台微醫,,43,,,,0.09,1,,上櫃,115,,,,,,3393,3436,,,,3393,,,3814,,-421,17176,82366,65190,65190,61376,,3393,,3436,,3393
,6785,昱展新藥,,,,,,-0.53,1,,上櫃,115,3543,,,,,-35177,-35177,,,,,,,-64712,,33078,,250,250,250,64962,,-31634,,,,-35177
,6788,華景電,,28051,,,,4.49,1,,上櫃,115,66621,,,,,172664,200715,,,,173904,-1240,,223756,,15529,260854,657557,396703,396703,172947,,239285,,201955,-1240,172664
,6791,虎門科技,,-81,,,,1.64,1,,上櫃,115,7494,,,,,33842,33761,,,,34164,-322,,31114,,10222,117568,201630,84062,84062,52948,,41336,,34083,-322,33842
,6803,崑鼎,,22349,,,,4.54,1,,上櫃,115,82135,,,,,357466,379815,,,,330058,27408,,427511,,12090,1842278,2297738,455460,455460,27949,,439601,,351289,28526,357466
,6804,明係,,0,,,,0.17,1,,上櫃,115,1902,,,,,7394,7394,,,0,7394,0,,2272,,7024,385690,420176,34486,34486,32214,,9296,,7394,,7394
,6811,宏碁資訊,,4598,,,,4.80,1,492,上櫃,115,56182,,,,,198802,203400,,,0,198802,,,249090,,5894,2590974,2956867,365893,366385,117295,,254984,0,203400,,198802
,6821,聯寶,,6260,,,,0.32,1,,上櫃,115,1097,,,,,9780,16040,,,,9780,,,3649,,7228,77606,122068,44462,44462,40813,,10877,,16040,,9780
,6823,濾能,,14533,,,,-2.46,1,,上櫃,115,-679,,,,,-75090,-60557,,,,-74684,-406,,-71768,,-4001,157653,138741,-18912,-18912,52856,,-75769,,-60151,-406,-75090
,6829,千附精密,,,,,,1.63,1,,上櫃,115,23457,,,,,96715,96715,,,,,,,106123,,14049,446124,604395,158271,158271,52148,,120172,,,,96715
,6840,東研信超,,13354,,,,0.12,1,,上櫃,115,-474,,,,,3659,17013,,,,3659,,,3244,,-59,127499,213193,85694,85694,82450,,3185,,17013,,3659
,6841,長佳智能,,,,,,0.26,1,,上櫃,115,1503,,,,,21064,21064,,,,24461,-3397,,4533,,18034,20798,69446,48648,48648,44115,,22567,,24461,-3397,21064
,6843,進典,,7272,,,,0.40,1,,上櫃,115,-7339,,,,,11588,18860,,,,13334,-1746,,1670,,2579,108909,180022,71113,71113,69443,,4249,,20587,-1727,11588
,6844,諾貝兒,,1807,,,,1.57,1,,上櫃,115,5615,,,,,58784,60591,,,,58784,,,24634,,39765,554633,848548,293915,293915,269281,,64399,,60591,,58784
,6846,綠茵,,-9,,,,1.15,1,,上櫃,115,8560,,,,,31134,31125,,,,31134,,,37842,,1852,101633,198092,96459,96459,58617,,39694,,31125,,31134
,6855,數泓科,,-171,,,,2.03,1,,上櫃,115,14680,,,,,47167,46996,,,,,,,39214,,22633,68212,133109,64897,64897,25683,,61847,,,,47167
,6856,鑫傳,,-2974,,,,0.56,1,,上櫃,115,6693,,,,,12893,9919,,,,15824,-2931,,21758,,-2172,55173,171557,116384,116384,94626,,19586,,12850,-2931,12893
,6859,伯特光,,465,,,,1.01,1,,上櫃,115,10486,,,,,41946,42411,,,,41946,,,20615,,31817,124987,172666,47679,47679,27064,,52432,,42411,,41946
,6865,偉康科技,,-279,,,,-1.12,1,,上櫃,115,-2826,,,,,-17566,-17845,,,,,,,-20914,,522,30838,47648,16810,16810,37724,,-20392,,,,-17566
,6870,騰雲,2,755,,,,1.10,1,,上櫃,115,11399,,,,,23092,23847,,,,25604,-2512,,35316,,-825,70806,210027,139221,139221,103907,,34491,,26387,-2540,23092
,6872,浩宇生醫,,805,,,,-0.41,1,,上櫃,115,,,,,,-27955,-27150,,,,-28728,773,,-34800,,6845,8025,18240,10215,10215,45015,,-27955,,-28166,1016,-27955
,6874,倍力,,,,,,1.95,1,,上櫃,115,10486,,,,,41946,41946,,,,,,,52483,,-51,855548,946016,90468,90468,37985,,52432,,,,41946
,6875,國邑*,,1,,,,-0.73,1,,上櫃,115,0,,,,,-94161,-94160,,,,-94161,,,-103245,,9084,1462,1792,330,330,103575,,-94161,,-94160,,-94161
,6877,鏵友益,,-146,,,,-0.65,1,,上櫃,115,0,,,,,-30428,-30574,,,,-30428,,,-32572,,2144,20342,38923,18581,18581,51153,,-30428,,-30574,,-30428
,6881,潤德,,-20916,,,,5.23,1,,上櫃,115,19613,,,,,78416,57500,,,,,,,96750,,1279,508484,644410,135926,135926,39176,,98029,,,,78416
,6884,海柏特,,2993,,,,0.42,1,,上櫃,115,4683,,,,,7743,10736,,,,7730,13,,11651,,775,246077,306600,60523,60523,48872,,12426,,10722,14,7743
,6894,衛司特,,13455,,,,4.50,1,,上櫃,115,39461,,,,,108734,122189,,,,107171,1563,,143318,,4877,330621,515181,184560,184560,41242,,148195,,119551,2638,108734
,6895,宏碩系統,,,,,,0.00,1,,上櫃,115,1098,,,,,-138,-138,,,,,,,-2256,,3216,73182,96763,23581,23581,25837,,960,,,,-138
,6899,創為精密,,1860,,,,1.08,1,,上櫃,115,8448,,,,,44975,46835,,,,45088,-113,,48261,,5162,152658,261285,108627,108627,60366,,53423,,46948,-113,44975
,6903,巨漢,,,,,,6.72,1,,上櫃,115,111270,,,,,442504,442504,,,,,,,545105,,8669,1320495,1925756,605261,605261,60156,,553774,,,,442504
,6904,伯鑫,,2167,,,,1.83,1,,上櫃,115,8139,,,,,33927,36094,,,,33927,,,31756,,10310,161769,229439,67670,67670,35914,,42066,,36094,,33927
,6907,雅特力-KY,,31165,,,,1.16,1,,上櫃,115,9809,,,,,68268,99433,,,,68268,,,69341,,8736,423819,653135,229316,229316,159975,,78077,,99433,,68268
,6910,德鴻,,1517,,,,0.27,1,,上櫃,115,2880,,,,,8143,9660,,,,8143,,,10247,,776,38530,81613,43083,43083,32836,,11023,,9660,,8143
,6913,鴻呈,,22922,,,,1.58,1,,上櫃,115,21626,,,,,72427,95349,,,,68665,3762,,83284,,10769,504412,712391,207979,207979,124695,,94053,,89672,5677,72427
,6922,宸曜,,5477,,,,2.60,1,,上櫃,115,22850,,,,,70481,75958,,,,70481,,,92226,,1105,305653,511998,206345,206345,114119,,93331,,75958,,70481
,6925,意藍,,,,,,0.39,1,,上櫃,115,1122,,,,,7745,7745,,,,,,,8035,,832,11461,46681,35220,35220,27185,,8867,,,,7745
,6929,佑全,,-10008,,,,-0.21,1,,上櫃,115,,,,,,-9614,-19622,,,,,,,-10967,,1353,532570,796891,264321,264321,275288,,-9614,,,,-9614
,6945,圓祥生技,,1992,,,,-1.05,1,,上櫃,115,0,,,,,-89976,-87984,,,,-89976,,,-94384,,4408,0,0,0,0,94384,,-89976,,-87984,,-89976
,6953,家碩,,52451,,,,1.26,1,,上櫃,115,9451,,,,,37837,90288,,,,37837,,,42530,,4758,141282,265286,124004,124004,81474,,47288,,90288,,37837
0,6961,旅天下,,-22926,,,,1.90,1,,上櫃,115,12419,,,,,49520,26594,,,,49620,-100,,56607,,5332,1022914,1221231,198317,198317,141710,,61939,,26694,-100,49520
,6967,汎瑋材料,,11026,,,,1.07,1,,上櫃,115,7945,,,,,26086,37112,,,,26086,,,34710,,-679,277908,379255,101347,101347,66637,,34031,,37112,,26086
,6968,萬達寵物,,,,,,0.96,1,,上櫃,115,14084,,,,,47729,47729,,,,47709,20,,66066,,-4253,541887,920797,378910,378910,312844,,61813,,47709,20,47729
,6971,惠民實業,,,,,,0.16,1,,上櫃,115,5214,,,,,4048,4048,,,,6143,-2095,,21889,,-12627,449928,493507,43579,43579,21690,,9262,,6143,-2095,4048
,6982,大井泵浦,,2768,,,,0.10,1,,上櫃,115,1415,,,,,3872,6640,,,,3872,,,10364,,-5077,366744,483079,116335,116335,105971,,5287,,6640,,3872
,6983,華洋精機,,,,,,0.19,1,,上櫃,115,774,,,,,3096,3096,,,,,,,3195,,675,24407,49267,24860,24860,21665,,3870,,,,3096
,6986,和迅,,,,,,0.60,1,,上櫃,115,6110,,,,,27416,27416,,,,,,,31457,,2069,7870,72530,64660,64660,33203,,33526,,,,27416
,6996,力領科技,174,19863,,,,3.27,1,,上櫃,115,23886,,,,,136233,156096,,,,,,,144967,,15152,426066,720075,294009,294009,149216,,160119,,,,136233
,6997,博弘,,643,,,,-2.31,1,,上櫃,115,-12302,,,,,-51159,-50516,,,,-51159,,,-68687,,5226,1019538,1120876,101338,101338,170025,,-63461,,-50516,,-51159
,7402,邑錡,,0,,,,-0.40,1,,上櫃,115,-2594,,,,,-14182,-14182,,,,,,,-18338,,1562,75316,101383,26067,26067,44405,,-16776,,,,-14182
,7547,碩網,,1148,,,,0.42,1,,上櫃,115,3502,,,,,14008,15156,,,0,14008,0,,14150,,3360,53327,90740,37413,37413,23263,,17510,0,15156,0,14008
,7556,意德士科技,,137345,,,,2.52,1,,上櫃,115,11910,,,,,68735,206080,,,,68892,-157,,50912,,29733,129548,213139,83591,83591,32679,,80645,,206241,-161,68735
,7584,樂意,,2964,,,,-1.23,1,,上櫃,115,-663,,,,,-20205,-17241,,,,-20205,0,,-19983,,-885,150748,225324,74576,74576,94559,,-20868,,-17241,0,-20205
,7642,昶瑞機電,,,,,,0.50,1,,上櫃,115,2775,,,,,15003,15003,,,,15003,,,13669,,4109,88740,123903,35163,35163,21494,,17778,,15003,,15003
,7703,銳澤,,644,,,,1.08,1,,上櫃,115,9478,,,,,35831,36475,,,,37557,-1726,,42377,,2932,428424,539517,111093,111093,68716,,45309,,38198,-1723,35831
0,7704,明遠精密,0,4333,,,,0.70,1,,上櫃,115,4741,,,,,23322,27655,,,,23729,-407,,25364,,2699,113870,174545,60675,60675,35311,,28063,,28062,-407,23322
,7708,全家餐飲,,651,,,,1.92,1,,上櫃,115,12250,,,,,48950,49601,,,,48950,,,61124,,76,377805,721570,343765,343765,282641,,61200,,49601,,48950
,7709,榮田,,,,,,0.37,1,,上櫃,115,3280,,,,,14476,14476,,,,,,,3149,,14607,144047,183912,39865,39865,36716,,17756,,,,14476
,7712,博盛半導體,,145,,,,1.42,1,,上櫃,115,10288,,,,,46117,46262,,,,46117,,,50484,,5921,213618,330173,116555,116555,66071,,56405,,46262,,46117
,7713,威力德生醫,,,,,,1.17,1,,上櫃,115,13962,,,,,52996,52996,,,,52996,,,69633,,-2675,182678,278944,96266,96266,26633,,66958,,52996,,52996
,7714,創泓科技,,552,,,,1.58,1,,上櫃,115,7918,,,,,33143,33695,,,,33143,,,39327,,1734,360255,446007,85752,85752,46425,,41061,,33695,,33143
,7715,裕山,,505,,,,0.64,1,,上櫃,115,5275,,,,,21101,21606,,,,21101,,,23517,,2859,137786,191805,54019,54019,30502,,26376,,21606,,21101
,7716,昱臺國際,,3605,,,,0.17,1,,上櫃,115,1762,,,,,3934,7539,,,,3843,91,,7645,,-1949,350444,445072,94628,94628,86983,,5696,,7448,91,3934
,7717,萊德光電-KY,,19624,,,,1.57,1,,上櫃,115,13698,,,,,38458,58082,,,,38997,-539,,56555,,-4399,108815,256182,147367,147367,90812,,52156,,58635,-553,38458
,7718,友鋮,,1122,,,,1.50,1,,上櫃,115,16528,,,,,68507,69629,,,,68507,,,74893,,10142,503936,631162,127226,127226,52333,,85035,,69629,,68507
,7723,築間,,627,,,,-0.90,1,,上櫃,115,-11033,,,,,-45361,-44734,,,,-44131,-1230,,-60123,,3729,601376,1087347,485971,485971,546094,,-56394,,-43503,-1231,-45361
0,7728,光焱科技,,562,,,,1.53,1,,上櫃,115,5300,,,,,21154,21716,,,,21154,,,22247,,4207,32955,99964,67009,67009,44762,,26454,,21716,,21154
,7734,印能科技,,7133,,,,14.68,1,,上櫃,115,101529,,,,,415088,422221,,,,407430,7658,,464363,,52254,304458,876246,571788,571788,107425,,516617,,413728,8493,415088
,7738,東聯互動,54481,-6667,,,,2.80,1,,上櫃,115,19340,,,,,76620,69953,,,,76620,0,,100379,,-4419,67793,149007,81214,81214,35316,,95960,,69953,0,76620
0,7743,金利食安,,-4326,,,,0.05,1,,上櫃,115,375,,,,,1720,-2606,,,,1741,-21,,365,,1730,119283,154076,34793,34793,34428,,2095,,-139,-2467,1720
,7744,崴寶,,23570,,,,5.66,1,,上櫃,115,54608,,,,,181287,204857,,,,181287,0,,223330,,12565,565943,886095,320152,320152,96822,,235895,,204857,0,181287
,7747,昕奇雲端,,1036,,,,1.39,1,,上櫃,115,10293,,,,,40219,41255,,,0,38102,2117,,40426,,10086,372735,439513,66778,66778,26352,,50512,0,39138,2117,40219
,7751,竑騰,,2116,,,,7.00,1,,上櫃,115,47511,,,,,188999,191115,,,,188249,750,,223533,,12977,273970,618452,344482,344482,120949,,236510,,190215,900,188999
,7753,星亞,,,,,,1.08,1,,上櫃,115,6824,,,,,27040,27040,,,,,,,22683,,11181,122940,196264,73324,73324,50641,,33864,,,,27040
,7757,金色三麥,,,,,,1.64,1,,上櫃,115,10162,,,,,37733,37733,,,,39436,-1703,,48208,,-313,257803,564817,307014,307014,258806,,47895,,39436,-1703,37733
,7767,仁大資訊,,457,,,,0.72,1,,上櫃,115,4640,,,,,21597,22054,,,,21597,,,25461,,776,461135,536632,75497,75497,50036,,26237,,22054,,21597
,7770,君曜,,6,,,,0.10,1,,上櫃,115,2976,,,,,3148,3154,,,,3148,,,-3327,,9451,37904,53394,15490,15490,18817,,6124,,3154,,3148
,7772,耀穎,,,,,,0.35,1,,上櫃,115,1652,,,,,8330,8330,,,,,,,7766,,2216,64360,94235,29875,29875,22109,,9982,,,,8330
,7777,能率亞洲,,-48865,,,,-0.25,1,,上櫃,115,0,,,,,-45382,-94247,,,,,,,-47446,,2064,,-39298,-39298,-39298,8148,,-45382,,,,-45382
,7782,光速火箭,,,,,,0.55,1,,上櫃,115,3161,,,,,12106,12106,,,,12645,-539,,16380,,-1113,63258,186825,123567,123567,107187,,15267,,12645,-539,12106
,7792,安葆,,9008,,,,1.71,1,,上櫃,115,25118,,,,,78094,87102,,,,78094,,,113082,,-9870,1160211,1367012,206801,206801,93719,,103212,,87102,,78094
,7794,宏碁智新,,-2474,,,,0.53,1,,上櫃,115,2609,,,,,13354,10880,,,0,13354,0,,14706,,1257,208058,258843,50785,50785,36079,,15963,0,10880,0,13354
,7805,威聯通,,-19963,,,,12.96,1,,上櫃,115,140597,,,,,429227,409264,,,,429227,,,541414,,28410,684775,1768866,1084091,1084091,542677,,569824,,409264,,429227
,7810,捷創科技,,14,,,,1.83,1,,上櫃,115,8425,,,,,37125,37139,,,,,,,36145,,9405,86709,174255,87546,87546,51401,,45550,,,,37125
,7811,民盛,,-21457,,,,1.09,1,,上櫃,115,7773,,,,,33351,11894,,,,33351,0,,8271,,32853,541659,669530,127871,127871,119600,,41124,,11894,0,33351
,7814,海昌生技,,,,,,-0.06,1,,上櫃,115,0,,,,,-2344,-2344,,,,-2344,,,-3129,,785,8183,23651,15468,15468,18597,,-2344,,-2344,,-2344
,7819,精誠金融,,,,,,0.42,1,,上櫃,115,2278,,,,,9219,9219,,,,,,,10382,,1115,52951,103223,50272,50272,39890,,11497,,,,9219
,7820,立盈,,,,,,0.79,1,,上櫃,115,5934,,,,,27062,27062,,,,,,,33372,,-376,42864,97945,55081,55081,21709,,32996,,,,27062
,7825,和亞智慧,,-3222,,,,0.76,1,,上櫃,115,4382,,,,,17527,14305,,,,17527,,,16179,,5730,35857,96940,61083,61083,44904,,21909,,14305,,17527
,7828,創新服務,,431,,,,1.02,1,,上櫃,115,9540,,,,,37306,37737,,,,37306,,,38530,,8316,30181,152278,122097,122097,83567,,46846,,37737,,37306
,7839,達人網,,234,,,,0.73,1,,上櫃,115,1310,,,,,9693,9927,,,,9693,,,7747,,3256,3973,42670,38697,38697,30950,,11003,,9927,,9693
,7842,天能綠電,,,,,,1.33,1,,上櫃,115,5254,,,,,19923,19923,,,,,,,24874,,303,682453,722041,39588,39588,14714,,25177,,,,19923
,8024,佑華,,1730,,,,-0.55,1,,上櫃,115,202,,,,,-24790,-23060,,,,-24790,,,-26826,,2238,24386,34683,10297,10297,37123,,-24588,,-23060,,-24790
,8027,鈦昇,,21245,,,,-0.22,1,,上櫃,115,-4529,,,,,-23712,-2467,,,,-23352,-360,,-68578,,40337,268605,382344,113739,113739,182317,,-28241,,-2037,-430,-23712
,8032,光菱,,-74188,,,,0.94,1,,上櫃,115,16222,,,,,48775,-25413,,,,48765,10,,54200,,10797,1030735,1187306,156571,156571,102371,,64997,,-25479,66,48775
,8034,榮群,,,,,,0.01,1,,上櫃,115,329,,,,,400,400,,,,400,,,-1928,,2657,22231,47885,25654,25654,27582,,729,,400,,400
,8038,長園科,,-2,,,,0.24,1,,上櫃,115,0,,,,,16868,16866,,,,15212,1656,,16695,,173,109365,165435,56070,56070,39375,,16868,,15210,1656,16868
0,8040,九暘,0,,,,,0.13,1,0,上櫃,115,0,,,0,,12336,12336,,,,,,,4559,,7777,111940,196292,84352,84352,79793,,12336,,,,12336
,8042,金山電,,132938,,,,2.17,1,,上櫃,115,102022,,,,,289631,422569,,,,280311,9320,,81800,,309853,867081,1111201,244120,244120,162320,,391653,,414141,8428,289631
,8043,蜜望實,,13398,,,,1.35,1,,上櫃,115,26376,,,,,107735,121133,,,,107735,,,67124,,66987,1767537,1902765,135228,135228,68104,,134111,,121133,,107735
,8044,網家,,-2097,,,,-0.39,1,,上櫃,115,60097,,,,,-18995,-21092,,,,-79738,60743,,78959,,-37857,8111300,9588620,1477320,1477320,1398361,,41102,,-78233,57141,-18995
,8047,星雲,,6782,,,,-0.29,1,,上櫃,115,25,,,,,-11921,-5139,,,,-11921,,,-14134,,2238,62237,90221,27984,27984,42118,,-11896,,-5139,,-11921
,8048,德勝,,-2533,,,,0.57,1,,上櫃,115,9620,,,,,32761,30228,,,,32761,,,43596,,-1215,178817,269678,90861,90861,47265,,42381,,30228,,32761
,8049,晶采,,-130492,,,,0.44,1,,上櫃,115,11403,,,,,52578,-77914,,,,52578,,,49685,,14296,194614,284815,90201,90201,40516,,63981,,-77914,,52578
,8050,廣積,,-32190,,,,1.07,1,,上櫃,115,16486,,,,,114481,82291,,,,155942,-41461,,12654,,118313,942812,1229232,286420,286420,273766,,130967,,123683,-41392,114481
,8054,安國,,-58652,,,,-0.01,1,,上櫃,115,-1161,,,,,-7745,-66397,,,,-626,-7119,,-36139,,27233,1435515,1703274,267759,267759,303898,,-8906,,-30124,-36273,-7745
,8059,凱碩,,39154,,,,-0.07,1,,上櫃,115,35121,,,,,8999,48153,,,,-13810,22809,,48275,,-4155,1726423,2093306,366883,366883,318608,,44120,,20464,27689,8999
,8064,東捷,,33250,,,,0.35,1,,上櫃,115,12276,,,,,64980,98230,,,,57991,6989,,28678,,48578,507371,673411,166040,166040,137362,,77256,,90532,7698,64980
,8066,來思達,,10322,,,,-0.91,1,,上櫃,115,-15309,,,,,-28291,-17969,,,,-28879,588,,-36838,,-6762,778622,844867,66245,66245,103083,,-43600,,-20317,2348,-28291
,8067,志旭,,694,,,,-0.62,1,,上櫃,115,36,,,,,-12742,-12048,,,,-12742,,,-7077,,-5629,10647,21482,10835,10835,17912,,-12706,,-12048,,-12742
,8068,全達,,-56397,,,,-0.12,1,,上櫃,115,1539,,,,,-11031,-67428,,,,-9943,-1088,,35,,-9527,278675,326719,48044,48044,48009,,-9492,,-66320,-1108,-11031
,8069,元太,,-515767,,,,2.41,1,,上櫃,115,544420,,,,,2795198,2279431,,,,2784715,10483,,2813815,,525803,3483234,8633490,5150256,5150256,2336441,,3339618,,2265422,14009,2795198
,8071,能率網通,,6717,,,,-0.39,1,,上櫃,115,4252,,,,,-25031,-18314,,,0,-23543,-1488,,-18197,,-2582,448448,526281,77833,77833,96030,,-20779,0,-16826,-1488,-25031
,8074,鉅橡,0,9833,,,,0.52,1,,上櫃,115,10767,,,,,44474,54307,,,,42467,2007,,47309,,7932,268551,364305,95754,95754,48445,,55241,,52054,2253,44474
,8076,伍豐,,-40241,,,,0.16,1,1105,上櫃,115,18023,,,509,,47020,6779,,,,47420,-400,,86294,,-21251,424151,652698,228547,229143,142849,,65043,,7181,-402,47020
,8077,洛碁,,,,,,1.95,1,,上櫃,115,0,,,,,42803,42803,,,,,,,53322,,-10519,187266,270210,82944,82944,29622,,42803,,,,42803
,8080,泰霖,,-1642,,,,0.02,1,,上櫃,115,134,,,,,1145,-497,,,,1145,,,3450,,-2171,13161,26697,13536,13536,10086,,1279,,-497,,1145
,8083,瑞穎,,,,,,2.74,1,,上櫃,115,24106,,,,,96425,96425,,,,,,,116081,,4450,198791,344553,145762,145762,29681,,120531,,,,96425
,8084,巨虹,,146,,,,0.33,1,,上櫃,115,4673,,,,,65853,65999,,,,22995,42858,,24546,,45980,86942,167014,80072,80072,55526,,70526,,23141,42858,65853
,8085,福華,,14750,,,,-0.16,1,,上櫃,115,131,,,,,-22530,-7780,,,,-22530,,,-24640,,2241,168858,175412,6554,6554,31194,,-22399,,-7780,,-22530
,8086,宏捷科,,,,,,1.51,1,,上櫃,115,61811,,,,,296857,296857,,,,,,,334353,,24315,799017,1222318,423301,423301,88948,,358668,,,,296857
,8087,麗升能源,,146,,,,0.86,1,,上櫃,115,8203,,,,,33278,33424,,,,33278,0,,45981,,-4500,223279,276711,53432,53432,7451,,41481,,33424,0,33278
,8088,品安,,13169,,,,1.04,1,,上櫃,115,15785,,,,,63128,76297,,,,,,,72641,,6272,404367,504034,99667,99667,27026,,78913,,,,63128
,8089,康全電訊,,-11976,,,,-0.96,1,,上櫃,115,497,,,,,-63226,-75202,,,,-63226,,,-71408,,8679,74179,95769,21590,21590,92998,,-62729,,-75202,,-63226
,8091,翔名,,18806,,,,2.56,1,,上櫃,115,22319,,,,,130860,149666,,,,131763,-903,,142296,,10883,387159,651645,264486,264486,122190,,153179,,150571,-905,130860
,8092,建暐,,-523,,,,-0.28,1,,上櫃,115,0,,,,,-16124,-16647,,,,-16123,-1,,-13041,,-3083,49344,52807,3463,3463,16504,,-16124,,-16646,-1,-16124
,8093,保銳,,1757,,,,-0.42,1,,上櫃,115,-1036,,,,,-15395,-13638,,,,-15395,0,,-16600,,169,52732,63391,10659,10659,27259,,-16431,,-13638,0,-15395
,8096,擎亞,,21843,,,,1.90,1,,上櫃,115,47432,,,,,284184,306027,,,,284184,,,431588,,-99972,9547103,10173410,626307,626307,194719,,331616,,306027,,284184
,8097,常珵,,254,,,,-0.72,1,,上櫃,115,281,,,,,-45083,-44829,,,,-45083,,,-22967,,-21835,70184,72306,2122,2122,25089,,-44802,,-44829,,-45083
,8099,大世科,,-18,,,,0.79,1,,上櫃,115,19634,,,,,79048,79030,,,,79048,,,88463,,10219,870825,1165296,294471,294471,206008,,98682,,79030,,79048
,8102,傑霖科技,,-3,,,,0.40,1,,上櫃,115,1714,,,,,9344,9341,,,,9344,,,8574,,2484,64678,101432,36754,36754,28180,,11058,,9341,,9344
,8107,大億金茂,,28143,,,,0.03,1,,上櫃,115,7008,,,,,2286,30429,,,,2286,0,,-24750,,34044,168778,209956,41178,41178,65928,,9294,,30429,0,2286
,8109,博大,,13297,,,,1.75,1,,上櫃,115,36507,,,,,143836,157133,,,,143836,,,168318,,12025,236057,473164,237107,237107,68789,,180343,,157133,,143836
,8111,立碁,0,20929,,,,0.17,1,,上櫃,115,4419,,,,,18903,39832,,,,18857,46,,1070,,22252,135000,195041,60041,60041,58971,,23322,,39708,124,18903
,8121,越峰,,70865,,,,0.10,1,,上櫃,115,2827,,,,,12682,83547,,,,22241,-9559,,24846,,-9337,687144,852861,165717,165717,140871,,15509,,73697,9850,12682
,8147,正淩,,640,,,,0.90,1,0,上櫃,115,1940,,,0,,37553,38193,,,,37438,115,,46660,,-7167,274501,459684,185183,185183,138523,,39493,,38078,115,37553
,8155,博智,,8916,,,,3.29,1,,上櫃,115,34537,,,,,195055,203971,,,0,195711,-656,,216101,,13491,1166405,1535726,369321,369321,153220,,229592,0,201988,1983,195055
,8171,天宇,,3007,,,,-0.20,1,,上櫃,115,635,,,,,-33574,-30567,,,,-22840,-10734,,-65439,,32500,91187,92856,1669,1669,67108,,-32939,,-19833,-10734,-33574
,8176,智捷,-202,8179,,,,-0.10,1,,上櫃,115,538,,,,,-7158,1021,,,,-6946,-212,,-5987,,-633,39257,65643,26386,26386,32171,,-6620,,1805,-784,-7158
,8182,加高,,-3694,,,,0.14,1,,上櫃,115,3261,,,,,15451,11757,,,,15506,-55,,10082,,8630,570519,668369,97850,97850,87768,,18712,,12038,-281,15451
,8183,精星,,99119,,,,0.30,1,,上櫃,115,28508,,,,,36097,135216,,,,36097,,,33740,,30865,1658400,1884948,226548,226548,192808,,64605,,135216,,36097
,8227,巨有科技,,269,,,,0.64,1,,上櫃,115,6666,,,,,25125,25394,,,,25125,,,24982,,6809,299786,369579,69793,69793,44811,,31791,,25394,,25125
,8234,新漢,,891,,,,-0.44,1,,上櫃,115,-12423,,,,,-64928,-64037,,,,-62616,-2312,,-85931,,8580,887705,1146731,259026,259026,344957,,-77351,,-60690,-3347,-64928
,8240,華宏,,138990,,,,0.40,1,,上櫃,115,16324,,,,,39499,178489,,,,40235,-736,,54580,,1243,1373681,1611936,238255,238255,183675,,55823,,175521,2968,39499
,8255,朋程,,85930,,,,1.70,1,,上櫃,115,34745,,,,,135541,221471,,,,172893,-37352,,130107,,40179,1488233,2037119,548886,548886,418779,,170286,,258791,-37320,135541
,8272,全景軟體,,,,,,0.39,1,,上櫃,115,1776,,,,,7444,7444,,,,,,,6737,,2483,20028,80043,60015,60015,53278,,9220,,,,7444
,8277,商丞,,-237,,,,-0.09,1,,上櫃,115,2,,,,,-8294,-8531,,,,-8294,0,,-7320,,-972,16943,25581,8638,8638,15958,,-8292,,-8531,0,-8294
,8279,生展,,279,,,,1.23,1,,上櫃,115,8798,,,,,33379,33658,,,,33379,,,43397,,-1220,279276,416660,137384,137384,93987,,42177,,33658,,33379
,8284,三竹,,,,,,1.28,1,,上櫃,115,8653,,,,,59231,59231,,,,59231,,,59126,,8758,560760,739714,178954,178954,119828,,67884,,59231,,59231
,8289,泰藝,,33262,,,,0.28,1,,上櫃,115,5341,,,,,18981,52243,,,,18981,0,,18817,,5505,338604,444457,105853,105853,87036,,24322,,52243,0,18981
,8291,尚茂,,,,,,-0.49,1,,上櫃,115,24,,,,,-8578,-8578,,,,,,,-6313,,-2241,3673,1098,-2575,-2575,3738,,-8554,,,,-8578
,8299,群聯,,204764,,,,68.80,1,,上櫃,115,2722863,,,207108,,15174981,15379745,,,,15174020,961,,14840530,,3057314,15642302,40966953,25324651,25117543,10277013,,17897844,,15378806,939,15174981
,8342,益張,,-8156,,,,1.45,1,,上櫃,115,11795,,,,,49049,40893,,,,48607,442,,47830,,13014,278146,375718,97572,97572,49742,,60844,,40451,442,49049
,8349,恒耀國際,2628,203508,,,,0.61,1,,上櫃,115,58710,,,,,130548,334056,,,,150621,-20073,,192769,,-3511,2242703,2845863,603160,603160,413019,,189258,,341396,-7340,130548
,8354,冠好,,5874,,,,0.30,1,,上櫃,115,6298,,,,,23573,29447,,,,23573,,,5036,,24835,143389,172776,29387,29387,24351,,29871,,29447,,23573
,8358,金居,,118163,,,,2.06,1,,上櫃,115,129487,,,,,519607,637770,,,,519607,,,648976,,118,1805002,2532020,727018,727018,78042,,649094,,637770,,519607
,8383,千附,,1367,,,,1.04,1,,上櫃,115,35863,,,,,153045,154412,,,,117262,35783,,160639,,28269,741978,1005026,263048,263048,102409,,188908,,118629,35783,153045
,8390,金益鼎,,-5576,,,,2.87,1,,上櫃,115,63330,,,,,274130,268554,,,,275429,-1299,,390367,,-52907,1177510,1652950,475440,475440,85073,,337460,,272127,-3573,274130
,8401,白紗科,,,,,,0.46,1,,上櫃,115,8170,,,,,32399,32399,,,,,,,41227,,-658,256654,367381,110727,110727,69500,,40569,,,,32399
,8403,盛弘,16346,-39887,,,,0.13,1,,上櫃,115,6561,,,,,9823,-30064,,,,17847,-8024,,17496,,-1112,928619,1077072,148453,148453,147303,,16384,,-21536,-8528,9823
,8409,商之器,,1394,,,,-0.05,1,-169,上櫃,115,300,,,,,-1532,-138,,,,-1532,,,-4402,,3170,9980,51638,41658,41489,45891,,-1232,,-138,,-1532
,8410,森田,,0,,,,0.57,1,,上櫃,115,5220,,,,,20878,20878,,,,,,,829,,25269,133063,193720,60657,60657,59828,,26098,,,,20878
,8415,大國鋼,-84,637884,,,,1.03,1,,上櫃,115,337710,,,,,1053154,1691038,,,,1050254,2900,,1382279,,8585,4030847,6615681,2584834,2584834,1202471,,1390864,,1685560,5478,1053154
,8416,實威,,4011,,,,3.36,1,,上櫃,115,24262,,,,,94679,98690,,,,94679,,,115588,,3353,185174,414241,229067,229067,113479,,118941,,98690,,94679
,8421,旭源,908,10836,,,,0.02,1,-21,上櫃,115,2950,,,1616,,5131,15967,,,,823,4308,,4900,,3181,240108,299660,59552,57915,53923,,8081,,8575,7392,5131
,8423,保綠-KY,,4477,,,,0.26,1,,上櫃,115,2463,,,,,10752,15229,,,,10752,,,14348,,-1133,69839,98593,28754,28754,14406,,13215,,15229,,10752
,8424,惠普,,,,,,1.47,1,,上櫃,115,11156,,,,,53091,53091,,,,53091,,,60577,,3670,184131,267292,83161,83161,22584,,64247,,53091,,53091
,8426,紅木-KY,,14481,,,,-0.42,1,,上櫃,115,4296,,,,,-21236,-6755,,,,-21236,,,-10214,,-6726,444547,562720,118173,118173,128387,,-16940,,-6755,,-21236
,8431,匯鑽科,,7431,,,,-1.04,1,,上櫃,115,-883,,,,,-52359,-44928,,,,-49048,-3311,,-46249,,-6993,225147,248138,22991,22991,69240,,-53242,,-36700,-8228,-52359
,8432,東生華,,-6205,,,,1.01,1,,上櫃,115,13119,,,,,42103,35898,,,,38717,3386,,52976,,2246,129295,285817,156522,156522,103546,,55222,,32512,3386,42103
,8433,弘帆,,44489,,,,1.37,1,,上櫃,115,16049,,,,,74511,119000,,,,74511,0,,62145,,28415,647214,836979,189765,189765,127620,,90560,,119000,0,74511
,8435,鉅邁,,6548,,,,0.83,1,,上櫃,115,6015,,,,,28347,34895,,,,27987,360,,31339,,3023,76699,155822,79123,79123,47784,,34362,,34535,360,28347
,8436,大江,,120252,,,,1.92,1,,上櫃,115,62032,,,,,241025,361277,,,,210692,30333,,289540,,13517,895813,1641056,745243,745243,455703,,303057,,333606,27671,241025
,8437,大地-KY,,69001,,,,-0.40,1,,上櫃,115,-9468,,,,,-18653,50348,,,,-18653,,,-27241,,-880,35402,53618,18216,18216,45457,,-28121,,50348,,-18653
,8440,綠電,,,,,,0.22,1,,上櫃,115,3705,,,,,10811,10811,,,,10811,,,16038,,-1522,148306,179842,31536,31536,15498,,14516,,10811,,10811
,8444,綠河-KY,,47893,,,,-3.30,1,,上櫃,115,-22646,,,,,-365727,-317834,,,,-364965,-762,,-236983,,-151390,621734,465135,-156599,-156599,80384,,-388373,,-381465,63631,-365727
,8446,華研,,249,,,,1.78,1,,上櫃,115,24360,,,,,93780,94029,,,,94203,-423,,96652,,21488,59640,217552,157912,157912,61260,,118140,,94454,-425,93780
,8450,霹靂,,1172,,,,0.32,1,,上櫃,115,0,,,,,16415,17587,,,,16589,-174,,575,,15840,87001,133265,46264,46264,45689,,16415,,17759,-172,16415
,8455,大拓-KY,,-4558,,,,0.19,1,,上櫃,115,3921,,,,,2042,-2516,,,,4784,-2742,,9250,,-3287,274591,314894,40303,40303,31053,,5963,,226,-2742,2042
,8472,納維康,,284,,,,-0.26,1,,上櫃,115,2731,,,,,-4667,-4383,,,,-4667,,,-7861,,5925,81333,122828,41495,41495,49356,,-1936,,-4383,,-4667
,8477,創業家,,,,,,-0.03,1,,上櫃,115,,,,,,-2997,-2997,,,,-2152,-845,,-7818,,4821,65895,82541,16646,16646,24464,,-2997,,-2152,-845,-2997
,8489,三貝德,,26,,,,0.38,1,,上櫃,115,14962,,,,,38281,38307,,,,22525,15756,,53541,,-298,217083,478085,261002,261002,207461,,53243,,22551,15756,38281
,8905,裕國,,9519,,,,0.15,1,,上櫃,115,4090,,,,,16941,26460,,,,16934,7,,21840,,-809,448182,503872,55690,55690,33850,,21031,,26437,23,16941
,8906,花王,,1923,,,,-0.28,1,,上櫃,115,,,,,,-11843,-9920,,,,,,,-8322,,-3521,54149,60146,5997,5997,14319,,-11843,,,,-11843
,8908,欣雄,,28414,,,,0.46,1,,上櫃,115,35236,,,,,145065,173479,,,,145064,1,,182171,,-1870,2173726,2416447,242721,242721,60550,,180301,,173478,1,145065
,8916,光隆,,34946,,,,0.17,1,,上櫃,115,8066,,,,,26185,61131,,,,26241,-56,,999,,33252,1275953,1446336,170383,170383,169384,,34251,,61188,-57,26185
,8917,欣泰,,-6283,,,,0.62,1,,上櫃,115,23388,,,,,100595,94312,,,,,,,108220,,15763,656422,795464,139042,139042,30822,,123983,,,,100595
,8921,沈氏,,29069,,,,-0.26,1,,上櫃,115,456,,,,,-20046,9023,,,,-12095,-7951,,-18723,,-867,136494,146817,10323,10323,29046,,-19590,,15124,-6101,-20046
,8923,時報,,232,,,,0.18,1,,上櫃,115,993,,,,,5348,5580,,,,5348,,,-419,,6760,62459,110597,48138,48138,48557,,6341,,5580,,5348
,8924,大田,,137155,,,,0.05,1,,上櫃,115,6795,,,,,4361,141516,,,,4361,,,30318,,-19162,894922,1011224,116302,116302,85984,,11156,,141516,,4361
,8927,北基,,-4288,,,,0.18,1,,上櫃,115,31297,,,,,80634,76346,,,,78266,2368,,199734,,-87803,2817401,3363609,546208,546208,346474,,111931,,74331,2015,80634
,8928,鉅明,,-1168,,,,0.66,1,,上櫃,115,4855,,,,,33622,32454,,,,33622,,,542,,37935,658453,754519,96066,96066,95524,,38477,,32454,,33622
0,8929,富堡,,27882,,,,-0.06,1,0,上櫃,115,-721,,,0,,-2915,24967,,,,-3079,164,,-12248,,8612,136114,179243,43129,43129,55377,,-3636,,24025,942,-2915
,8930,青鋼,,0,,,0,0.62,1,,上櫃,115,11943,,,,,49533,49533,,,,,,,50849,,10627,254682,345032,90350,90350,39501,,61476,,,,49533
,8931,大汽電,,27952,,,,0.38,1,,上櫃,115,11721,,,,,46884,74836,,,,,,,68167,,-9562,516123,620784,104661,104661,36494,,58605,,,,46884
,8932,智通*,,27388,,,,0.53,1,,上櫃,115,64629,,,,,210623,238011,,,,188329,22294,,272519,,2733,234815,604987,370172,370172,97653,,275252,,212862,25149,210623
,8933,愛地雅,,19616,,,,-0.30,1,,上櫃,115,4594,,,,,-97732,-78116,,,,-97732,,,-92509,,-629,486413,486719,306,306,92815,,-93138,,-78116,,-97732
,8935,邦泰,,15379,,,,-0.09,1,,上櫃,115,3705,,,,,-10627,4752,,,,-10627,,,-5796,,-1126,110613,134066,23453,23453,29249,,-6922,,4752,0,-10627
,8936,國統,,-47062,,,,0.99,1,,上櫃,115,66163,,,,,261352,214290,,,,246377,14975,,331538,,-4023,1328163,1715495,387332,387332,55794,,327515,,203012,11278,261352
,8937,合騏*,,3128,,,,-0.07,1,,上櫃,115,-15133,,,,,-27288,-24160,,,,-29371,2083,,-48414,,5993,128901,172762,43861,43861,92275,,-42421,,-26243,2083,-27288
,8938,明安,37512,73948,,,,1.33,1,,上櫃,115,40931,,,,,204608,278556,,,,204608,,,204463,,41076,3533152,4101452,568300,568300,401349,,245539,,278556,,204608
,8941,關中,,138482,,,,1.36,1,,上櫃,115,9932,,,,,43150,181632,,,,47491,-4341,,4555,,48527,527398,747327,219929,219929,215374,,53082,,184938,-3306,43150
,8942,森鉅,,5604,,,,1.05,1,0,上櫃,115,14909,,,0,,180508,186112,,,,209119,-28611,,-66262,,261679,527371,607873,80502,80502,146764,,195417,,226347,-40235,180508
,9949,琉園,,2681,,,,0.03,1,,上櫃,115,404,,,,,1193,3874,,,,1193,,,-6244,,7841,11730,34503,22773,22773,29017,,1597,,3874,,1193
,9950,萬國通,,2407,,,,-0.03,1,,上櫃,115,0,,,,,-4755,-2348,,,,-4755,0,,-2423,,-2332,444230,570615,126385,126385,128808,,-4755,,-2348,0,-4755
,9951,皇田,,52659,,,,1.46,1,,上櫃,115,31332,,,,,106077,158736,,,,106077,,,116903,,20506,1296986,1680982,383996,383996,267093,,137409,,158736,,106077
,9960,邁達康,,2939,,,,0.53,1,,上櫃,115,8777,,,,,17928,20867,,,,17928,,,23417,,3288,117541,184758,67217,67217,43800,,26705,,20867,,17928
,9962,有益,,1380,,,,0.05,1,,上櫃,115,1254,,,,,4950,6330,,,,4950,0,,4812,,1392,315604,341685,26081,26081,21269,,6204,,6330,0,4950
