保險負債準備淨變動,停業單位損益,公司代號,公司名稱,其他收益及費損淨額,其他綜合損益,其他綜合損益（淨額）,其他綜合損益（稅後淨額）,其他綜合損益（稅後）,利息以外淨損益,利息以外淨收益,利息淨收益,原始認列生物資產及農產品之利益（損失）,合併前非屬共同控制股權損益,合併前非屬共同控制股權綜合損益淨額,呆帳費用、承諾及保證責任準備提存,基本每股盈餘（元）,季別,已實現銷貨（損）益,市場,年度,所得稅費用（利益）,所得稅（費用）利益,支出,支出及費用,收入,收益,未實現銷貨（損）益,本期其他綜合損益（稅後淨額）,本期淨利（淨損）,本期稅後淨利（淨損）,本期綜合損益總額,本期綜合損益總額（稅後）,淨利（損）歸屬於共同控制下前手權益,淨利（損）歸屬於母公司業主,淨利（損）歸屬於非控制權益,淨利（淨損）歸屬於共同控制下前手權益,淨利（淨損）歸屬於母公司業主,淨利（淨損）歸屬於非控制權益,淨收益,營業利益,營業利益（損失）,營業外損益,營業外收入及支出,營業成本,營業收入,營業毛利（毛損）,營業毛利（毛損）淨額,營業費用,生物資產當期公允價值減出售成本之變動利益（損失）,稅前淨利（淨損）,綜合損益總額歸屬於共同控制下前手權益,綜合損益總額歸屬於母公司業主,綜合損益總額歸屬於非控制權益,繼續營業單位本期淨利（淨損）,繼續營業單位本期稅後淨利（淨損）,繼續營業單位本期純益（純損）,繼續營業單位稅前損益,繼續營業單位稅前淨利（淨損）,繼續營業單位稅前純益（純損）
,,1101,台泥,,,2925335,,,,,,,,,,0.82,3,,上市,112,3035124,,,,,,,,7504699,,10430034,,,,,,6195906,1308793,,,6596656,,3943167,66737333,80966464,14229131,14229131,7632475,,10539823,,9027678,1402356,7504699,,,,,
,,1102,亞泥,,,5601002,,,,,,,,,,2.88,3,,上市,112,2184902,,,,,,,,9803069,,15404071,,,,,,9557190,245879,,,5992893,,5995078,52098598,60239086,8140488,8140488,2147595,,11987971,,14706569,697502,9803069,,,,,
,,1103,嘉泥,,,49699,,,,,,,,,,0.21,3,,上市,112,2353,,,,,,,,147541,,197240,,,,,,135442,12099,,,-126554,,276448,1866223,2115231,249008,249008,375562,,149894,,183592,13648,147541,,,,,
,,1104,環泥,,,401741,,,,,,,,,,2.45,3,,上市,112,175221,,,,,,,,1868918,,2270659,,,,,,1647197,221721,,,664888,,1379251,4538549,5627754,1089205,1089205,424317,,2044139,,2048518,222141,1868918,,,,,
,,1108,幸福,1900,,-46248,,,,,,,,,,1.16,3,,上市,112,99657,,,,,,,,468559,,422311,,,,,,468559,,,,507659,,60557,2984407,3689989,705582,705582,199823,,568216,,422311,,468559,,,,,
,,1109,信大,,,11571,,,,,,,,,,1.36,3,,上市,112,226379,,,,,,,,562562,,574133,,,,,,462965,99597,,,697200,,91741,3686108,4625787,939679,939679,242479,,788941,,470658,103475,562562,,,,,
,,1110,東泥,,,173609,,,,,,,,,,0.28,3,,上市,112,36931,,,,,,,,140903,,314512,,,,,,157234,-16331,,,4172,,173662,1527142,1641523,114381,114381,110209,,177834,,330831,-16319,140903,,,,,
,,1201,味全,,,62875,,,,,,,,,,0.45,3,,上市,112,87427,,,,,,,,226690,,289565,,,,,,225987,703,,,262004,,52113,11671062,15990330,4319268,4319268,4057264,,314117,,288802,763,226690,,,,,
,,1203,味王,,,4911,,,,,,,,,,1.35,3,,上市,112,200533,,,,,,,,487349,,492260,,,,,,321879,165470,,,563695,,124187,3404243,4731566,1327323,1327323,763628,,687882,,348882,143378,487349,,,,,
,,1210,大成,,,317251,,,,,,,,,,3.68,3,,上市,112,881181,,,,,,,,3726744,,4043995,,,,,,3115566,611178,,,4509739,,98186,72057602,83009411,10951809,10951809,6442070,,4607925,,3271126,772869,3726744,,,,,
,0,1213,大飲,,,5,,,,,,,,,,-1.71,3,,上市,112,16179,,,,,,,,-96894,,-96889,,,,,,-96894,,,,-106671,,25956,178085,108491,-69594,-69594,37077,,-80715,,-96889,,-96894,,,,,
,,1215,卜蜂,23267,,-413392,,,,,,,,,,5.67,3,,上市,112,407725,,,,,,,,1661865,,1248473,,,,,,1672414,-10549,,,2146932,,-77342,18292192,21950444,3658252,3658252,1534587,,2069590,,1259022,-10549,1661865,,,,,
,,1216,統一,,,1825199,,,,,,,,,,2.95,3,,上市,112,15489797,,,,,,,,26709876,,28535075,,,,,,16774091,9935785,,,24119257,,18080416,292156515,433848346,141691831,141691831,117572574,,42199673,,18865783,9669292,26709876,,,,,
,,1217,愛之味,,,42956,,,,,,,,,,0.36,3,,上市,112,41909,,,,,,,,189218,,232174,,,,,,176479,12739,,,163544,,67583,2813382,3957479,1144097,1144097,980553,,231127,,225487,6687,189218,,,,,
,,1218,泰山,,,-43670,,,,,,,,,,-0.57,3,6171,上市,112,209065,,,,,,587,,-277407,,-321077,,,,,,-277582,175,,,-216904,,148562,7439941,8573732,1133791,1139375,1356279,,-68342,,-321247,170,-277407,,,,,
,,1219,福壽,,,31,,,,,,,,,,0.70,3,700,上市,112,43278,,,,,,1200,,255664,,255695,,,,,,232559,23105,,,284887,,14055,11275481,12380972,1111279,1110779,825892,5788,298942,,232586,23109,255664,,,,,
,,1220,台榮,,,0,,,,,,,,,,0.39,3,,上市,112,18773,,,,,,,,89048,,89048,,,,,,68480,20568,,,82774,,25047,2076529,2353276,276747,276747,193973,,107821,,68480,20568,89048,,,,,
,,1225,福懋油,8,,2974,,,,,,34265,,,,1.02,3,,上市,112,48433,,,,,,205,,257893,,260867,,,,,,234392,23501,,,289505,,16821,10198063,10912671,748873,748668,459171,,306326,,237366,23501,257893,,,,,
,,1227,佳格,,,36562,,,,,,,,,,1.04,3,,上市,112,245305,,,,,,,,974063,,1010625,,,,,,944406,29657,,,1012238,,207130,15640520,20129635,4489115,4489115,3476877,,1219368,,1050932,-40307,974063,,,,,
,,1229,聯華,,,5876108,,,,,,,,,,2.14,3,,上市,112,114487,,,,,,,,4005546,,9881654,,,,,,3383428,622118,,,1036249,,3083784,7276295,9286745,2010450,2010450,974201,,4120033,,7526968,2354686,4005546,,,,,
,,1231,聯華食,,,408,,,,,,,,,,2.01,3,,上市,112,136178,,,,,,,,495640,,496048,,,,,,495554,86,,,663936,,-32118,6297036,7989458,1692422,1692422,1028486,,631818,,495932,116,495640,,,,,
,,1232,大統益,,,-2274,,,,,,,,,,5.47,3,,上市,112,239124,,,,,,,,912369,,910095,,,,,,874908,37461,,,1092759,,58734,15868979,17707757,1838778,1838778,746019,,1151493,,872634,37461,912369,,,,,
,0,1233,天仁,,,-31784,,,,,,0,,,,0.89,3,0,上市,112,19170,,,,,,0,,81042,,49258,,,,,,80933,109,,,85890,,14322,657519,1559270,901751,901751,815861,0,100212,,49214,44,81042,,,,,
,,1234,黑松,,,385,,,,,,,,,,1.92,3,,上市,112,202185,,,,,,,,773530,,773915,,,,,,773530,,,,600127,,375588,5681782,7964124,2282342,2282342,1682215,,975715,,773915,,773530,,,,,
,,1235,興泰,,,238579,,,,,,,,,,1.90,3,,上市,112,3069,,,,,,,,61410,,299989,,,,,,69060,-7650,,,-3050,,67529,26038,32440,6402,6402,9452,,64479,,248034,51955,61410,,,,,
,,1236,宏亞,,,-223118,,,,,,,,,,0.13,3,,上市,112,24463,,,,,,,,13454,,-209664,,,,,,13454,,,,20692,,17225,1022188,1421569,399381,399381,378689,,37917,,-209664,,13454,,,,,
,,1256,鮮活果汁-KY,,,7627,,,,,,,,,,12.76,3,,上市,112,173347,,,,,,,,493120,,500747,,,,,,431955,61165,,,598817,,67650,2754376,3904818,1150442,1150442,551625,,666467,,438374,62373,493120,,,,,
,,1301,台塑,,,8552603,,,,,,,,,,1.61,3,,上市,112,138039,,,,,,,,10238967,,18791570,,,,,,10238967,,,,-2280318,,12657324,143336396,151395932,8059536,8059536,10339854,,10377006,,18791570,,10238967,,,,,
,,1303,南亞,,,7798864,,,,,,,,,,0.78,3,,上市,112,1387815,,,,,,14011,,7750317,,15549181,,,,,,6168641,1581676,,,1120942,,8017190,182299198,196763386,14464188,14450177,13329235,,9138132,,13858267,1690914,7750317,,,,,
,,1304,台聚,,,491522,,,,,,,,,,0.15,3,,上市,112,217438,,,,,,,,-774524,,-283002,,,,,,160882,-935406,,,1656421,,-2213507,34779222,39435029,4655807,4655807,2999386,,-557086,,286463,-569465,-774524,,,,,
,,1305,華夏,,,2500,,,,,,,,,,0.65,3,,上市,112,155580,,,,,,,,426126,,428626,,,,,,380444,45682,,,524657,,57049,9040025,10485625,1445600,1445600,920943,,581706,,383006,45620,426126,,,,,
,,1307,三芳,,,314282,,,,,,,,,,1.66,3,,上市,112,227028,,,,,,,,661544,,975826,,,,,,661544,,,,691265,,197307,5818321,7671609,1853288,1853288,1162023,,888572,,975826,,661544,,,,,
,,1308,亞聚,,,-95609,,,,,,,,,,0.45,3,,上市,112,81116,,,,,,,,267699,,172090,,,,,,267699,,,,809734,,-460919,4064791,5040014,975223,975223,165489,,348815,,172090,,267699,,,,,
,,1309,台達化,,,16390,,,,,,,,,,-0.40,3,,上市,112,-42840,,,,,,,,-160183,,-143793,,,,,,-160183,,,,-359145,,156122,10837203,11143463,306260,306260,665405,,-203023,,-143793,,-160183,,,,,
,,1310,台苯,,,289472,,,,,,,,,,-0.57,3,,上市,112,-71489,,,,,,,,-299348,,-9876,,,,,,-298266,-1082,,,-391158,,20321,7195550,6945287,-250263,-250263,140895,,-370837,,-13859,3983,-299348,,,,,
,,1312,國喬,,,303643,,,,,,,,,,-1.14,3,,上市,112,-179742,,,,,,,,-1018895,,-715252,,,,,,-1027722,8827,,,-641214,,-557423,11511402,11983288,471886,471886,1113100,,-1198637,,-669391,-45861,-1018895,,,,,
,,1313,聯成,,,4221701,,,,,,,,,,-0.07,3,,上市,112,144420,,,,,,,,-91395,,4130306,,,,,,-91395,,,,-55516,,108541,51597731,53343275,1745544,1745544,1801060,,53025,,4130306,,-91395,,,,,
,,1314,中石化,,,640968,,,,,,,,,,-0.63,3,,上市,112,20209,,,,,,,,-2403465,,-1762497,,,,,,-2388119,-15346,,,-2436538,,53282,20037199,19039599,-997600,-997600,1438938,,-2383256,,-1747349,-15148,-2403465,,,,,
,,1315,達新,,,79998,,,,,,,,,,4.16,3,,上市,112,38246,,,,,,,,398797,,478795,,,,,,397023,1774,,,39545,,397498,1401288,1693225,291937,291937,252392,,437043,,476681,2114,398797,,,,,
,,1316,上曜,,,-1625,,,,,,,,,,-0.50,3,,上市,112,-3472,,,,,,,,-95128,,-96753,,,,,,-99453,4325,,,-123231,,24631,544785,654698,109913,109913,233144,,-98600,,-101524,4771,-95128,,,,,
,,1319,東陽,,,382951,,,,,,,,,,3.76,3,,上市,112,573607,,,,,,,,2241169,,2624120,,,,,,2222663,18506,,,2534714,,280062,12345482,17303529,4958047,4958047,2423333,,2814776,,2606353,17767,2241169,,,,,
,,1321,大洋,,,95845,,,,,,,,,,0.90,3,,上市,112,7745,,,,,,,,198463,,294308,,,,,,198463,,,,-8136,,214344,3348657,3608325,259668,259668,267804,,206208,,294308,,198463,,,,,
,,1323,永裕,,,46488,,,,,,,,,,0.71,3,,上市,112,32494,,,,,,,,129745,,176233,,,,,,64447,65298,,,154348,,7891,2028360,2504095,475735,475735,321387,,162239,,110935,65298,129745,,,,,
,,1324,地球,,,346,,,,,,,,,,0.45,3,,上市,112,3586,,,,,,,,33637,,33983,,,,,,33637,0,,,31136,,6087,550869,698240,147371,147371,116235,,37223,,33983,0,33637,,,,,
,,1325,恆大,,,9422,,,,,,,,,,0.55,3,,上市,112,13596,,,,,,,,43380,,52802,,,,,,46584,-3204,,,-32892,,89868,305757,309927,4170,4170,37062,,56976,,54155,-1353,43380,,,,,
,,1326,台化,,,6392826,,,,,,,,,,1.44,3,,上市,112,196806,,,,,,,,7676694,,14069520,,,,,,8430210,-753516,,,-3392084,,11265584,237382401,245021791,7639390,7639390,11031474,,7873500,,14238738,-169218,7676694,,,,,
,,1337,再生-KY,,,6315,,,,,,,,,,-1.13,3,,上市,112,0,,,,,,,,-303019,,-296704,,,,,,-303019,0,,,-299667,,-3352,669039,540340,-128699,-128699,170968,,-303019,,-296704,0,-303019,,,,,
,,1338,廣華-KY,,,131011,,,,,,,,,,-1.49,3,,上市,112,45236,,,,,,,,-127552,,3459,,,,,,-125017,-2535,,,32544,,-114860,3258364,4190637,932273,932273,899729,,-82316,,-34811,38270,-127552,,,,,
,,1339,昭輝,,,-2792,,,,,,,,,,4.54,3,,上市,112,89993,,,,,,,,333748,,330956,,,,,,336872,-3124,,,255447,,168294,1036340,1505205,468865,468865,213418,,423741,,333870,-2914,333748,,,,,
,0,1340,勝悅-KY,,,-27397,,,,,,,,,,-1.87,3,,上市,112,-2089,,,,,,,,-286700,,-314097,,,,,,-286700,,,,-307565,,18776,586873,424427,-162446,-162446,145119,,-288789,,-314097,,-286700,,,,,
,,1341,富林-KY,,,16061,,,,,,,,,,3.46,3,,上市,112,53578,,,,,,,,177656,,193717,,,,,,177656,,,,226236,,4998,1475354,1879548,404194,404194,177958,,231234,,193717,,177656,,,,,
,,1342,八貫,0,,,,,,,,,,,,5.68,3,,上市,112,93499,,,,,,,,398974,,398974,,,,,,,,,,444857,,47616,1305642,1908340,602698,602698,157841,,492473,,,,398974,,,,,
,,1402,遠東新,598203,,7370490,,,,,,,,,,1.14,3,278,上市,112,2861839,,,,,,,,11055519,,18426009,,,,,,5714753,5340766,,,10902099,,3015259,155272442,190241027,34968585,34968863,24664967,,13917358,,12510528,5915481,11055519,,,,,
,,1409,新纖,,1293327,,,,,,,,,,,0.41,3,,上市,112,329160,,28350795,,29730799,,,,1050844,,2344171,,,,,,667404,383440,,,,,,,,,,,,,,1962110,382061,1050844,,,,1380004,
,,1410,南染,,,-624,,,,,,,,,,0.32,3,,上市,112,6376,,,,,,,,19206,,18582,,,,,,20315,-1109,,,-17669,,43251,124333,166012,41679,41679,59348,,25582,,19691,-1109,19206,,,,,
,,1413,宏洲,0,,0,,,,,,,,,,-0.83,3,,上市,112,0,,,,,,,,-109243,,-109243,,,,,,,,,,-112378,,3135,1518839,1450311,-68528,-68528,43850,,-109243,,,,-109243,,,,,
,,1414,東和,,,32664,,,,,,,,,,0.10,3,,上市,112,-3930,,,,,,,,22833,,55497,,,,,,,,,,-37160,,56063,400845,421819,20974,20974,58134,,18903,,,,22833,,,,,
,,1416,廣豐,,,-77375,,,,,,,,,,0.64,3,,上市,112,34632,,,,,,,,125094,,47719,,,,,,118229,6865,,,-13399,,173125,138250,212254,74004,74004,87403,,159726,,40854,6865,125094,,,,,
,-3279,1417,嘉裕,,,13239,,,,,,,,,,0.08,3,,上市,112,1713,,,,,,,,14920,,28159,,,,,,14920,,,,-65385,,85297,721069,1071159,350090,350090,415475,,19912,,28159,,18199,,,,,
,,1418,東華,1215,,-853,,,,,,,,,,-1.37,3,,上市,112,0,,,,,,,,-74186,,-75039,,,,,,-74180,-6,,,-51209,,-22977,12931,16997,4066,4066,56490,,-74186,,-75033,-6,-74186,,,,,
,,1419,新紡,0,,601996,,,,,,,,,,1.83,3,,上市,112,118217,,,,,,,,548093,,1150089,,,,,,548093,,,,220021,,446289,1655583,2328457,672874,672874,452853,,666310,,1150089,,548093,,,,,
,,1423,利華,,,98625,,,,,,,,,,0.62,3,,上市,112,24737,,,,,,,,81161,,179786,,,,,,,,,,-62177,,168075,127759,91275,-36484,-36484,25693,,105898,,,,81161,,,,,
,,1432,大魯閣,,,-10645,,,,,,,,,,0.76,3,,上市,112,-1585,,,,,,,,63441,,52796,,,,,,67766,-4325,,,92602,,-30746,571426,1014959,443533,443533,350931,,61856,,57121,-4325,63441,,,,,
,,1434,福懋,,,737474,,,,,,,,,,0.36,3,,上市,112,107955,,,,,,,,597856,,1335330,,,,,,597856,0,,,240967,,464844,20053604,22025137,1971533,1971533,1730566,,705811,,1335330,0,597856,,,,,
,,1435,中福,,,-1587,,,,,,,,,,-0.24,3,,上市,112,-71,,,,,,0,,-33717,,-35304,,,,,,,,,,-43380,,9592,644,6613,5969,5969,49349,,-33788,,,,-33717,,,,,
,,1436,華友聯,,,3549,,,,,,,,,,-0.27,3,,上市,112,8349,,,,,,,,-32538,,-28989,,,,,,-26474,-6064,,,27828,,-52017,129145,297331,168186,168186,140358,,-24189,,-22925,-6064,-32538,,,,,
,,1437,勤益控,,,-15863,,,,,,,,,,2.25,3,,上市,112,57208,,,,,,,,456796,,440933,,,,,,456631,165,,,354764,,159240,253282,676622,423340,423340,68576,,514004,,440768,165,456796,,,,,
,,1438,三地開發,,,,,,,,,,,,,-0.41,3,,上市,112,13444,,,,,,,,-37701,,-37701,,,,,,,,,,27916,,-52173,244237,299747,55510,55510,27594,,-24257,,,,-37701,,,,,
,,1439,雋揚,,,39895,,,,,,,,,,1.37,3,,上市,112,3932,,,,,,,,140458,,180353,,,,,0,126491,13967,,,1553,,142837,97410,147441,50031,50031,48478,,144390,0,166386,13967,140458,,,,,
,,1440,南紡,,,625754,,,,,,,,,,-0.37,3,,上市,112,-153817,,,,,,,,-559040,,66714,,,,,,-620694,61654,,,-1057895,,345038,14726426,15017500,291074,291074,1348969,,-712857,,-592,67306,-559040,,,,,
,,1441,大東,,,7617,,,,,,,,,,-3.51,3,,上市,112,-992,,,,,,,,-247007,,-239390,,,,,,-221896,-25111,,,-275013,,27014,1027794,876183,-151611,-151611,123402,,-247999,,-215421,-23969,-247007,,,,,
,,1442,名軒,,,458,,,,,,,,,,0.71,3,,上市,112,47574,,,,,,,,260916,,261374,,,,,,260916,,,,332931,,-24441,544338,1013434,469096,469096,136165,,308490,,261374,,260916,,,,,
,,1443,立益物流,,,41431,,,,,,,,,,1.26,3,,上市,112,-548,,,,,,,,121559,,162990,,,,,,170039,-48480,,,188962,,-67951,302799,570375,267576,267576,78614,,121011,,211470,-48480,121559,,,,,
,,1444,力麗,,,200148,,,,,,,,,,0.01,3,9604,上市,112,18155,,,,,,,,-12335,,187813,,,,,,11043,-23378,,,-449359,,455179,6595800,6554198,-41602,-31998,417361,,5820,,169883,17930,-12335,,,,,
,,1445,大宇,,,89810,,,,,,,,,,0.31,3,,上市,112,9359,,,,,,,,40164,,129974,,,,,,40164,,,,28928,,20595,883751,1051615,167864,167864,138936,,49523,,129974,,40164,,,,,
,,1446,宏和,,,-3029,,,,,,,,,,-0.19,3,,上市,112,89,,,,,,,,-25827,,-28856,,,,,,-25827,,,,-33976,,8238,89815,98488,8673,8673,42649,,-25738,,-28856,,-25827,,,,,
,,1447,力鵬,,,183965,,,,,,,,,,-0.19,3,,上市,112,-6573,,,,,,387,,-157638,,26327,,,,,,-165143,7505,,,-486048,,321837,22460244,22543324,83080,82693,568741,,-164211,,-24022,50349,-157638,,,,,
,,1449,佳和,,,7097,,,,,,,,,,0.75,3,,上市,112,41703,,,,,,,,83195,,90292,,,,,,62785,20410,,,-1754,,126652,1749440,2034576,285136,285136,286890,,124898,,70125,20167,83195,,,,,
,,1451,年興,,,137768,,,,,,,,,,-1.23,3,,上市,112,-55235,,,,,,,,-244499,,-106731,,,,,,-244499,,,,-418113,,118379,4943185,4886282,-56903,-56903,361210,,-299734,,-106731,,-244499,,,,,
,,1452,宏益,,,29302,,,,,,,,,,0.21,3,,上市,112,4233,,,,,,,,28014,,57316,,,,,,28014,,,,-50012,,82259,813046,834721,21675,21675,71687,,32247,,57316,,28014,,,,,
,,1453,大將,,,,,,,,,,,,,0.04,3,,上市,112,-620,,,,,,,,4347,,4347,,,,,,4303,44,,,-25345,,29072,376,513,137,137,25482,,3727,,4303,44,4347,,,,,
,,1454,台富,-276,,16589,,,,,,,,,,0.18,3,,上市,112,-1345,,,,,,,,22522,,39111,,,,,,22521,1,,,3028,,18149,1046270,1169212,122942,122942,119638,,21177,,39110,1,22522,,,,,
,,1455,集盛,,,-151,,,,,,,,,,-0.52,3,,上市,112,-52675,,,,,,,,-275446,,-275597,,,,,,-275446,,,,-493345,,165224,5666351,5463353,-202998,-202998,290347,,-328121,,-275597,,-275446,,,,,
,,1456,怡華,,,,,,,,,,,,,0.56,3,,上市,112,2627,,,,,,,,52695,,52695,,,,,,52695,,,,335875,,-280553,967094,1449298,482204,482204,146329,,55322,,52695,,52695,,,,,
,,1457,宜進,112735,,-12579,,,,,,,,,,0.17,3,,上市,112,150670,,,,,,,,-119893,,-132472,,,,,,36916,-156809,,,124828,,-94051,2151448,2288210,136762,136762,124669,,30777,,30559,-163031,-119893,,,,,
,,1459,聯發,,,-94223,,,,,,,,,,0.26,3,,上市,112,5511,,,,,,,,83892,,-10331,,,,,,83892,0,,,-220805,,310208,905088,765261,-139827,-139827,80978,,89403,,-10331,0,83892,,,,,
,,1460,宏遠,5273,,28738,,,,,,,,,,-0.84,3,,上市,112,33800,,,,,,,,-564086,,-535348,,,,,,-564085,-1,,,-477481,,-52805,5068278,5555328,487050,487050,969804,,-530286,,-535347,-1,-564086,,,,,
,,1463,強盛新,,,40871,,,,,,,,,,0.46,3,,上市,112,6786,,,,,,,,76515,,117386,,,,,,75878,637,,,-41370,,124671,247806,258558,10752,10752,52122,,83301,,112431,4955,76515,,,,,
,,1464,得力,-5218,,174304,,,,,,,,,,0.10,3,,上市,112,4123,,,,,,,,83327,,257631,,,,,,42449,40878,,,-54447,,141897,6191161,7246668,1055507,1055507,1104736,,87450,,190644,66987,83327,,,,,
,,1465,偉全,,,,,,,,,,,,,0.79,3,,上市,112,10553,,,,,,,,82014,,82014,,,,,,,,,,-1524,,94091,377402,436176,58774,58774,60298,,92567,,,,82014,,,,,
,0,1466,聚隆,,,1176,,,,,,,,,,-1.27,3,,上市,112,-9531,,,,,,,,-141384,,-140208,,,,,,-141384,0,,,-153669,,2754,1740883,1760724,19841,19841,173510,,-150915,,-140208,0,-141384,,,,,
,,1467,南緯,,,-4145,,,,,,,,,,-0.70,3,,上市,112,78085,,,,,,,,-153688,,-157833,,,,,,-162429,8741,,,-157145,,81542,2933157,3509766,576609,576609,733754,,-75603,,-166580,8747,-153688,,,,,
,,1468,昶和,,,2262,,,,,,,,,,0.40,3,,上市,112,2023,,,,,,,,83872,,86134,,,,,,64437,19435,,,-7908,,93803,706087,793519,87432,87432,95340,,85895,,65850,20284,83872,,,,,
,,1470,大統新創,377,,1604,,,,,,,,,,0.57,3,,上市,112,9068,,,,,,,,49303,,50907,,,,,,49303,,,,34248,,24123,418460,527022,108562,108562,74691,,58371,,50907,,49303,,,,,
,,1471,首利,,,-20742,,,,,,,,,,-0.19,3,,上市,112,179,,,,,,,,-28279,,-49021,,,,,,-28267,-12,,,-71723,,43623,172879,187813,14934,14934,86657,,-28100,,-49091,70,-28279,,,,,
,0,1472,三洋實業,,,-2747,,,,,,,,,,3.07,3,,上市,112,3545,,,,,,,,92500,,89753,,,,,,92500,,,,69887,,26158,1175994,1337193,161199,161199,91312,,96045,,89753,,92500,,,,,
,,1473,台南,,,107921,,,,,,,,,,1.79,3,,上市,112,45974,,,,,,,,262198,,370119,,,,,,262198,,,,215353,,92819,4057598,4931598,874000,874000,658647,,308172,,370119,,262198,,,,,
,,1474,弘裕,,,647,,,,,,,,,,-0.61,3,,上市,112,2418,,,,,,,,-78041,,-77394,,,,,,-78727,686,,,-69547,,-6076,1772607,1922280,149673,149673,219220,,-75623,,-78080,686,-78041,,,,,
,,1475,業旺,,,,,,,,,,,,,8.10,3,,上市,112,2078,,,,,,,,230860,,230860,,,,,,230860,,,,174739,,58199,726797,944346,217549,217549,42810,,232938,,230860,,230860,,,,,
,,1476,儒鴻,,,282057,,,,,,,,,,13.77,3,,上市,112,1156443,,,,,,,,3776833,,4058890,,,,,,3776833,,,,4608226,,325050,15375262,22291528,6916266,6916266,2308040,,4933276,,4058890,,3776833,,,,,
,,1477,聚陽,,,221096,,,,,,,,,,12.72,3,,上市,112,792069,,,,,,,,3109748,,3330844,,,,,,3075301,34447,,,3679358,,222459,18090605,24330436,6239831,6239831,2560473,,3901817,,3296378,34466,3109748,,,,,
,,1503,士電,,,2852122,,,,,,,,,,3.94,3,,上市,112,604293,,,,,,,,2148333,,5000455,,,,,,2057782,90551,,,2056489,,696137,20023406,24349767,4326361,4326361,2269872,,2752626,,4880310,120145,2148333,,,,,
,,1504,東元,,,-2556080,,,,,,,,,,2.25,3,9351,上市,112,1467520,,,,,,6968,,5106802,,2550722,,,,,,4737947,368855,,,5154911,,1419411,33810575,45029347,11218772,11221155,6066244,,6574322,,2081303,469419,5106802,,,,,
,,1506,正道,,,-35867,,,,,,,,,,0.27,3,,上市,112,12144,,,,,,,,81022,,45155,,,,,,79407,1615,,,47020,,46146,713943,853276,139333,139333,92313,,93166,,44628,527,81022,,,,,
,,1512,瑞利,,,179,,,,,,,,,,0.04,3,,上市,112,32,,,,,,,,3554,,3733,,,,,,3554,,,,-85211,,88797,694929,877940,183011,183011,268222,,3586,,3733,,3554,,,,,
,,1513,中興電,,,1027735,,,,,,,,,,1.63,3,,上市,112,627769,,,,,,,,796149,,1823884,,,,,,794487,1662,,,3408539,,-1984621,11245132,16298218,5053086,5053086,1644547,,1423918,,1821984,1900,796149,,,,,
,,1514,亞力,,,743,,,,,,,,,,1.90,3,446,上市,112,105466,,,,,,0,,472151,,472894,,,,,,463199,8952,,,516375,,61242,5070342,6113114,1042772,1043218,526843,,577617,,463562,9332,472151,,,,,
,,1515,力山,,,15885,,,,,,,,,,0.79,3,,上市,112,42870,,,,,,,,146874,,162759,,,,,,144166,2708,,,131689,,58055,3385576,3946824,561248,561248,429559,,189744,,159759,3000,146874,,,,,
,,1516,川飛,,,0,,,,,,,,,,0.46,3,,上市,112,4461,,,,,,,,17845,,17845,,,,,,,,,,18209,,4097,602298,633163,30865,30865,12656,,22306,,,,17845,,,,,
,,1517,利奇,,,8743,,,,,,,,,,-0.32,3,,上市,112,13658,,,,,,,,-59867,,-51124,,,,,,-71936,12069,,,-198945,,152736,1414263,1478122,63859,63859,262804,,-46209,,-67847,16723,-59867,,,,,
,,1519,華城,,,-20920,,,,,,,,,,5.60,3,,上市,112,308457,,,,,,,,1452127,,1431207,,,,,,1462409,-10282,,,1590294,,170290,5740952,8287731,2546779,2546779,956485,,1760584,,1441489,-10282,1452127,,,,,
,,1521,大億,,,91,,,,,,,,,,1.25,3,760,上市,112,27577,,,,,,730,,95457,,95548,,,,,,95457,,,,155914,,-32880,3054848,3580707,525859,525889,369975,,123034,,95548,,95457,,,,,
,,1522,堤維西,,,-14982,,,,,,,,,,2.51,3,0,上市,112,293344,,,,,,0,,896412,,881430,,,,,,843270,53142,,,1189170,,586,10773633,14475053,3701420,3701420,2512250,,1189756,,824114,57316,896412,,,,,
,,1524,耿鼎,0,,32631,,,,,,,,,,1.58,3,,上市,112,62070,,,,,,,,260859,,293490,,,,,,260859,,,,279086,,43843,1442792,1938170,495378,495378,216292,,322929,,293490,,260859,,,,,
,,1525,江申,,,8028,,,,,,,,,,4.54,3,,上市,112,72737,,,,,,,,333294,,341322,,,,,,333294,,,,58797,,347234,1094430,1239742,145312,145312,86515,,406031,,341322,,333294,,,,,
,,1526,日馳,,,9005,,,,,,,,,,1.24,3,,上市,112,26326,,,,,,,,74216,,83221,,,,,,74216,,,,63733,,36809,598758,852325,253567,253567,189834,,100542,,83221,,74216,,,,,
,,1527,鑽全,,,-281,,,,,,,,,,2.37,3,,上市,112,101984,,,,,,,,327834,,327553,,,,,,,,,,259230,,170588,1632449,2121210,488761,488761,229531,,429818,,,,327834,,,,,
,,1528,恩德,,,26021,,,,,,,,,,0.25,3,,上市,112,36940,,,,,,,,42872,,68893,,,,,,47794,-4922,,,9052,,70760,2052362,2810024,757662,757662,748610,,79812,,73850,-4957,42872,,,,,
,,1529,樂事綠能,0,,-1917,,,,,,,,,,0.57,3,,上市,112,16028,,,,,,47,,88586,,86669,,,,,,86496,2090,,,70856,,33758,413237,531462,118225,118178,47322,,104614,,85489,1180,88586,,,,,
,,1530,亞崴,,,3263,,,,,,,,,,2.04,3,221,上市,112,39748,,,,,,0,,184057,,187320,,,,,,197293,-13236,,,52905,,170900,1557032,1858659,301627,301848,248943,,223805,,200456,-13136,184057,,,,,
,59113,1531,高林股,,,33109,,,,,,,,,,0.23,3,,上市,112,11495,,,,,,,,41269,,74378,,,,,,41269,,,,-93787,,87438,951127,1101507,150380,150380,244167,,-6349,,74378,,-17844,,,,,
,,1532,勤美,,,-7275,,,,,,,,,,1.81,3,,上市,112,140987,,,,,,,,975765,,968490,,,,,,680301,295464,,,1221669,,-104917,10042024,12981859,2939835,2939835,1718166,,1116752,,671142,297348,975765,,,,,
,,1533,車王電,,,43805,,,,,,,,,,-0.87,3,,上市,112,6467,,,,,,,,-163462,,-119657,,,,,,-85287,-78175,,,-194128,,37133,2530044,3074027,543983,543983,738111,,-156995,,-41482,-78175,-163462,,,,,
,,1535,中宇,,,10607,,,,,,,,,,3.06,3,4618,上市,112,84964,,,,,,3961,,379160,,389767,,,,,,379160,,,,285401,,178723,6050620,6700926,650306,650963,365562,,464124,,389767,,379160,,,,,
,,1536,和大,,,3153,,,,,,,,,,1.47,3,,上市,112,71230,,,,,,,,410173,,413326,,,,,,410633,-460,,,395503,,85900,4109000,5059913,950913,950913,555410,,481403,,413867,-541,410173,,,,,
,,1537,廣隆,,,130963,,,,,,,,,,5.76,3,,上市,112,197405,,,,,,,,471667,,602630,,,,,,471667,,,,536231,,132841,3760985,4663322,902337,902337,366106,,669072,,602630,,471667,,,,,
,,1538,正峰,,,1245,,,,,,,,,,-0.63,3,,上市,112,0,,,,,,,,-25454,,-24209,,,,,,-25454,,,,-33765,,8311,139620,158639,19019,19019,52784,,-25454,,-24209,,-25454,,,,,
,0,1539,巨庭,,,35,,,,,,,,,,0.94,3,,上市,112,24091,,,,,,,,61249,,61284,,,,,,61249,,,,47604,,37736,986111,1101246,115135,115135,67531,,85340,,61284,,61249,,,,,
,,1540,喬福,,,,,,,,,,,,,1.08,3,,上市,112,28526,,,,,,,,91891,,91891,,,,,,,,,,56487,,63930,274498,377041,102543,102543,46056,,120417,,,,91891,,,,,
,,1541,錩泰,,,28735,,,,,,,,,,0.97,3,,上市,112,29456,,,,,,,,76607,,105342,,,,,,76607,,,,166147,,-60084,1847555,2288112,440557,440557,274410,,106063,,105342,,76607,,,,,
,,1558,伸興,,,65244,,,,,,,,,,3.24,3,,上市,112,61065,,,,,,,,487751,,552995,,,,,,215504,272247,,,370553,,178263,4297966,5682602,1384636,1384636,1014083,,548816,,252257,300738,487751,,,,,
,,1560,中砂,,,-59761,,,,,,,,,,4.80,3,,上市,112,157374,,,,,,,,701322,,641561,,,,,,692162,9160,,,715843,,142853,3354373,4786463,1432090,1432090,716247,,858696,,636562,4999,701322,,,,,
,,1563,巧新,,,1437,,,,,,,,,,2.15,3,,上市,112,114651,,,,,,,,452885,,454322,,,,,,452885,0,,,482187,,85349,4378645,5573485,1194840,1194840,712653,,567536,,454322,0,452885,,,,,
,169899,1568,倉佑,,,-15495,,,,,,,,,,3.03,3,,上市,112,78011,,,,,,,,310400,,294905,,,,,,310400,,,,184320,,34192,592253,907251,314998,314998,130678,,218512,,294905,,140501,,,,,
,,1582,信錦,,,143377,,,,,,,,,,3.72,3,,上市,112,237463,,,,,,,,452071,,595448,,,,,,459737,-7666,,,484098,,205436,5145917,6508760,1362843,1362843,878745,,689534,,601922,-6474,452071,,,,,
,,1583,程泰,,,-28546,,,,,,,,,,4.62,3,,上市,112,140323,,,,,,,,609545,,580999,,,,,,510335,99210,,,342709,,407159,2971556,3886807,915251,915251,572542,,749868,,480197,100802,609545,,,,,
,,1587,吉茂,,,31801,,,,,,,,,,0.61,3,,上市,112,16096,,,,,,,,41886,,73687,,,,,,41886,,,,48891,,9091,1276075,1616285,340210,340210,291319,,57982,,73687,,41886,,,,,
,,1589,永冠-KY,,,224124,,,,,,,,,,-0.60,3,,上市,112,32769,,,,,,,,-71664,,152460,,,,,,-68097,-3567,,,106517,,-145412,5355637,6498608,1142971,1142971,1036454,,-38895,,158372,-5912,-71664,,,,,
,,1590,亞德客-KY,,,82930,,,,,,,,,,26.33,3,,上市,112,1451967,,,,,,,,5266150,,5349080,,,,,,5266445,-295,,,6692772,,25345,12178297,22471562,10293265,10293265,3600493,,6718117,,5349378,-298,5266150,,,,,
,,1597,直得,,,14564,,,,,,,,,,1.22,3,,上市,112,38338,,,,,,,,106382,,120946,,,,,,106382,,,,112868,,31852,470103,838397,368294,368294,255426,,144720,,120946,,106382,,,,,
,,1598,岱宇,-237,,94571,,,,,,,,,,-0.92,3,,上市,112,-60204,,,,,,,,-135927,,-41356,,,,,,-124722,-11205,,,-323160,,127029,3578815,5410761,1831946,1831946,2154869,,-196131,,-28703,-12653,-135927,,,,,
,,1603,華電,21007,,60708,,,,,,,,,,2.20,3,,上市,112,78836,,,,,,,,349886,,410594,,,,,,349103,783,,,366959,,61763,2595563,3048199,452636,452636,106684,,428722,,408755,1839,349886,,,,,
,,1604,聲寶,,,6736,,,,,,,,,,1.69,3,,上市,112,110577,,,,,,,,657097,,663833,,,,,,616277,40820,,,566166,,201508,5512069,6914291,1402222,1402222,836056,,767674,,622236,41597,657097,,,,,
,,1605,華新,,,10185581,,,,,,,,,,1.24,3,,上市,112,1505649,,,,,,,,5574314,,15759895,,,,,,4750516,823798,,,6125328,,954635,134538102,146506391,11968289,11968289,5842961,,7079963,,14904786,855109,5574314,,,,,
,,1608,華榮,,,-5295,,,,,,,,,,1.54,3,,上市,112,91042,,,,,,,,664487,,659192,,,,,,652588,11899,,,363964,,391565,6681618,7187308,505690,505690,141726,,755529,,647300,11892,664487,,,,,
,,1609,大亞,,,196228,,,,,,,,,,3.53,3,2353,上市,112,358188,,,,,,2509,,2734414,,2930642,,,,,,2465203,269211,,,1006304,,2086298,16824541,19188043,2363502,2363346,1357042,,3092602,,2628207,302435,2734414,,,,,
,,1611,中電,,,57210,,,,,,,,,,0.37,3,,上市,112,8766,,,,,,,,119009,,176219,,,,,,119009,0,,,34013,,93762,710696,979989,269293,269293,235280,,127775,,176219,0,119009,,,,,
,,1612,宏泰,,,171430,,,,,,,,,,1.43,3,,上市,112,93812,,,,,,,,452787,,624217,,,,,,452296,491,,,412940,,133659,3830718,4448558,617840,617840,204900,,546599,,623725,492,452787,,,,,
,,1614,三洋電,,,-26616,,,,,,,,,,1.00,3,,上市,112,55403,,,,,,,,261781,,235165,,,,,,259284,2497,,,305977,,11207,3641837,4569842,928005,928005,622028,,317184,,232668,2497,261781,,,,,
,,1615,大山,,,90355,,,,,,,,,,2.19,3,,上市,112,88383,,,,,,,,358824,,449179,,,,,,358824,,,,414310,,32897,2942701,3500663,557962,557962,143652,,447207,,449179,,358824,,,,,
,,1616,億泰,,,11711,,,,,,,,,,0.60,3,,上市,112,57028,,,,,,,,114643,,126354,,,,,,114643,,,,205227,,-33556,2585444,2900835,315391,315391,110164,,171671,,126354,,114643,,,,,
,,1617,榮星,,,4441,,,,,,,,,,0.45,3,,上市,112,9526,,,,,,,,61799,,66240,,,,,,70546,-8747,,,-15179,,86504,1939485,2115794,176309,176309,191488,,71325,,74987,-8747,61799,,,,,
,,1618,合機,,,352361,,,,,,,,,,1.14,3,,上市,112,53121,,,,,,,,220476,,572837,,,,,,220476,,,,253929,,19668,2845984,3180544,334560,334560,80631,,273597,,572837,,220476,,,,,
,,1626,艾美特-KY,,,48614,,,,,,,,,,0.22,3,8835,上市,112,37226,,,,,,8563,,34134,,82748,,,,,,34134,,,,38488,,32872,5471704,6914498,1442794,1443066,1404578,,71360,,82748,,34134,,,,,
,,1702,南僑,,,-24175,,,,,,,,,,2.64,3,,上市,112,394906,,,,,,,,763264,,739089,,,,,,653939,109325,,,1011826,,146344,12132866,16799390,4666524,4666524,3654698,,1158170,,625948,113141,763264,,,,,
,,1707,葡萄王,,,-269,,,,,,,,,,6.65,3,,上市,112,356322,,,,,,1612,,1442072,,1441803,,,,,,984402,457670,,,1674357,,124037,1452215,7435046,5982831,5981219,4306862,,1798394,,983765,458038,1442072,,,,,
,,1708,東鹼,,,226203,,,,,,,,,,-0.50,3,,上市,112,18684,,,,,,,,-123589,,102614,,,,,,-123589,,,,-31953,,-72952,3973398,4405903,432505,432505,464458,,-104905,,102614,,-123589,,,,,
,,1709,和益,,,203147,,,,,,,,,,0.79,3,363,上市,112,87425,,,,,,,,368947,,572094,,,,,,374524,-5577,,,349690,,106682,6284095,7200959,916864,917227,567537,,456372,,577639,-5545,368947,,,,,
,,1710,東聯,,,251527,,,,,,,,,,0.46,3,,上市,112,34772,,,,,,,,17388,,268915,,,,,,405318,-387930,,,-520653,,572813,15482007,15731116,249109,249109,769762,,52160,,585457,-316542,17388,,,,,
,,1711,永光,,,5537,,,,,,,,,,0.17,3,,上市,112,22493,,,,,,,,100270,,105807,,,,,,92557,7713,,,64233,,58530,4735570,5918473,1182903,1182903,1118670,,122763,,89807,16000,100270,,,,,
,,1712,興農,,,16033,,,,,,,,,,2.02,3,,上市,112,264508,,,,,,,,852227,,868260,,,,,,847473,4754,,,1035364,,81371,10603792,14594558,3990766,3990766,2955402,,1116735,,863506,4754,852227,,,,,
,,1713,國化,,,48624,,,,,,,,,,1.97,3,,上市,112,-874,,,,,,,,297163,,345787,,,,,,,,,,-36490,,332779,322618,346619,24001,24001,60491,,296289,,,,297163,,,,,
,,1714,和桐,,,135545,,,,,,,,,,0.50,3,0,上市,112,136859,,,,,,,,674724,,810269,,,,,,499468,175256,,,530349,,281234,13720394,15111158,1390764,1390764,860415,,811583,,484025,326244,674724,,,,,
,,1717,長興,,,600325,,,,,,,,,,0.93,3,,上市,112,514132,,,,,,,,1084535,,1684860,,,,,,1094761,-10226,,,1458384,,140283,25606387,31692726,6086339,6086339,4627955,,1598667,,1705431,-20571,1084535,,,,,
,,1718,中纖,,550503,,,,,,,,,,,-0.51,3,,上市,112,995126,,25176846,,29279440,,,,3107468,,3657971,,,,,,-687825,3795293,,,,,,,,,,,,,,-600691,4258662,3107468,,,,4102594,
,,1720,生達,,,55774,,,,,,,,,,3.77,3,,上市,112,228386,,,,,,,,947469,,1003243,,,,,,673176,274293,,,952468,,223387,2612275,4647560,2035285,2035285,1082817,,1175855,,729048,274195,947469,,,,,
,,1721,國慶科技,,,150,,,,,,,,,,-1.15,3,,上市,112,-28474,,,,,,,,-212576,,-212426,,,,,,-212576,0,,,-249558,,8508,1697605,1597691,-99914,-99914,149644,,-241050,,-212426,0,-212576,,,,,
,,1722,台肥,,,382954,,,,,,,,,,3.79,3,,上市,112,426884,,,,,,,,3709285,,4092239,,,,,,3709285,,,,2572985,,1563184,8565973,12382794,3816821,3816821,1243836,,4136169,,4092239,,3709285,,,,,
,,1723,中碳,,,-109637,,,,,,,,,,4.93,3,,上市,112,244631,,,,,,,,1145844,,1036207,,,,,,1145376,468,,,1206484,,183991,4763777,6403677,1639900,1639900,433416,,1390475,,1036663,-456,1145844,,,,,
,,1725,元禎,,,153579,,,,,,,,,,1.01,3,,上市,112,27022,,,,,,,,183715,,337294,,,,,,183715,0,,,125174,,85563,5350597,5644889,294292,294292,169118,,210737,,337294,0,183715,,,,,
,,1726,永記,,,90272,,,,,,,,,,3.82,3,,上市,112,160984,,,,,,,,619520,,709792,,,,,,619520,,,,688816,,91688,5177613,6828037,1650424,1650424,961608,,780504,,709792,,619520,,,,,
,27349,1727,中華化,,,16711,,,,,,,,,,0.48,3,,上市,112,-6200,,,,,,,,54893,,71604,,,,,,52571,2322,,,13764,,7580,1149501,1299068,149567,149567,135803,,21344,,67529,4075,27544,,,,,
,,1730,花仙子,,,-795,,,,,,,,,,2.83,3,10343,上市,112,53306,,,,,,10379,,199496,,198701,,,,,,178879,20617,,,225480,,27322,1026524,1958027,931503,931467,705987,,252802,,178091,20610,199496,,,,,
,,1731,美吾華,,,22259,,,,,,,,,,1.06,3,,上市,112,31863,,,,,,,,140464,,162723,,,,,,140464,,,,156774,,15553,334298,963924,629626,629626,472852,,172327,,162723,,140464,,,,,
,,1732,毛寶,,,1868,,,,,,,,,,-0.02,3,,上市,112,1128,,,,,,,,-1039,,829,,,,,,-1039,,,,-3730,,3819,255963,417647,161684,161684,165414,,89,,829,,-1039,,,,,
,,1733,五鼎,,,2234,,,,,,,,,,1.01,3,,上市,112,27949,,,,,,,,100664,,102898,,,,,,100616,48,,,103384,,25229,871790,1266309,394519,394519,291135,,128613,,102825,73,100664,,,,,
,,1734,杏輝,,,-890,,,,,,,,,,1.58,3,,上市,112,-38625,,,,,,,,234013,,233123,,,,,,265321,-31308,,,174178,,21210,1406315,2214367,808052,808052,633874,,195388,,264574,-31451,234013,,,,,
,,1735,日勝化,,,3356,,,,,,,,,,0.52,3,,上市,112,13953,,,,,,,,51631,,54987,,,,,,51631,,,,54563,,11021,1438679,1750026,311347,311347,256784,,65584,,54987,,51631,,,,,
,,1736,喬山,,,125948,,,,,,,,,,0.19,3,,上市,112,272943,,,,,,,,55652,,181600,,,,,,56115,-463,,,-20948,,349543,13264551,25347585,12083034,12083034,12103982,,328595,,182268,-668,55652,,,,,
,,1737,臺鹽,,,40,,,,,,,,,,1.49,3,,上市,112,99316,,,,,,,,238896,,238936,,,,,,297618,-58722,,,308068,,30144,1677411,2645250,967839,967839,659771,,338212,,297658,-58722,238896,,,,,
,,1752,南光,,,-54,,,,,,,,,,2.31,3,,上市,112,54714,,,,,,,,233203,,233149,,,,,,233203,,,,261725,,26192,1060817,1633919,573102,573102,311377,,287917,,233149,,233203,,,,,
,,1760,寶齡富錦,,,5276,,,,,,,,,,0.56,3,,上市,112,71524,,,,,,,,47600,,52876,,,,,,47600,,,,99666,,19458,641178,1353209,712031,712031,612365,,119124,,52876,,47600,,,,,
,,1762,中化生,,,-2895,,,,,,,,,,2.85,3,,上市,112,63093,,,,,,,,220681,,217786,,,,,,220681,0,,,227502,,56272,1024289,1630954,606665,606665,379163,,283774,,217786,0,220681,,,,,
,,1773,勝一,,,6377,,,,,,,,,,4.66,3,,上市,112,261612,,,,,,,,1166142,,1172519,,,,,,1166142,0,,,1339671,,88083,5008175,7297104,2288929,2288929,949258,,1427754,,1172519,0,1166142,,,,,
,,1776,展宇,,,12328,,,,,,,,,,0.12,3,,上市,112,6290,,,,,,,,8609,,20937,,,,,,8072,537,,,-7314,,22213,758037,875051,117014,117014,124328,,14899,,20403,534,8609,,,,,
,,1783,和康生,,,-43335,,,,,,,,,,1.67,3,,上市,112,21252,,,,,,,,148164,,104829,,,,,,148164,,,,116454,,52962,151837,473373,321536,321536,205082,,169416,,104829,0,148164,,,,,
,,1786,科妍,,,-3,,,,,,,,,,2.08,3,,上市,112,22033,,,,,,,,138571,,138568,,,,,,138571,,,,138418,,22186,152772,509741,356969,356969,218551,,160604,,138568,,138571,,,,,
,,1789,神隆,,,-52683,,,,,,,,,,0.16,3,,上市,112,28208,,,,,,,,129678,,76995,,,,,,129678,,,,122888,,34998,1304605,2062919,758314,758314,635426,,157886,,76995,,129678,,,,,
,,1795,美時,,,86117,,,,,,,,,,14.19,3,,上市,112,889068,,,,,,,,3705668,,3791785,,,,,,3705668,,,,4759544,,-164808,5578013,13538873,7960860,7960860,3201316,,4594736,,3791785,,3705668,,,,,
,0,1802,台玻,130781,,838459,,,,,,,,,,-0.19,3,,上市,112,249651,,,,,,,,-590803,,247656,,,,,,-553866,-36937,,,-746256,,405104,30798609,33594495,2795886,2795886,3672923,,-341152,,231359,16297,-590803,,,,,
,,1805,寶徠,,,33,,,,,,,,,,-0.66,3,,上市,112,4453,,,,,,,,-46401,,-46368,,,,,,-46401,,,,-37992,,-3956,143042,144028,986,986,38978,,-41948,,-46368,,-46401,,,,,
,,1806,冠軍,,,18128,,,,,,,,,,0.00,3,,上市,112,31798,,,,,,,,1053,,19181,,,,,,1053,0,,,130927,,-98076,1662099,2259445,597346,597346,466419,,32851,,19181,0,1053,,,,,
,,1808,潤隆,,,44759,,,,,,,,,,14.10,3,,上市,112,1384789,,,,,,,,6357305,,6402064,,,,,,6357305,,,,7874402,,-132308,15140065,24466915,9326850,9326850,1452448,,7742094,,6402064,,6357305,,,,,
,,1809,中釉,23151,,19391,,,,,,,,,,-0.05,3,,上市,112,-4252,,,,,,,,-39166,,-19775,,,,,,-8509,-30657,,,-69417,,25999,1472105,1735561,263456,263456,356024,,-43418,,10144,-29919,-39166,,,,,
,,1810,和成,,,227469,,,,,,,,,,-0.06,3,,上市,112,27159,,,,,,,,-15791,,211678,,,,,,-17681,1890,,,-31180,,42548,2740581,3606046,865465,865465,896645,,11368,,208607,3071,-15791,,,,,
,,1817,凱撒衛,,,-2221,,,,,,,,,,1.92,3,,上市,112,46452,,,,,,,,139575,,137354,,,,,,138045,1530,,,172563,,13464,1185514,1786903,601389,601389,428826,,186027,,135824,1530,139575,,,,,
,,1903,士紙,,,-1203744,,,,,,,,,,0.40,3,,上市,112,0,,,,,,,,104823,,-1098921,,,,,,104823,,,,-57842,,162665,65888,129017,63129,63129,120971,,104823,,-1098921,0,104823,,,,,
,,1904,正隆,,,708896,,,,,,,,,,0.41,3,,上市,112,316717,,,,,,,,478173,,1187069,,,,,,455958,22215,,,1097878,,-302988,25589911,30884503,5294592,5294592,4196714,,794890,,1155761,31308,478173,,,,,
,,1905,華紙,,,298076,,,,,,,,,,-0.67,3,,上市,112,1195,,,,,,,,-723111,,-425035,,,,,,-728060,4949,,,-906483,,184567,14955451,15497311,541565,541565,1448048,-295,-721916,,-475042,50007,-723111,,,,,
,,1906,寶隆,,,-511729,,,,,,,,,,0.39,3,,上市,112,18236,,,,,,,,59578,,-452151,,,,,,,,,,-5395,,83209,2334638,2530663,196025,196025,201420,,77814,,,,59578,,,,,
,,1907,永豐餘,,,1728265,,,,,,,,,,0.80,3,,上市,112,446503,,,,,,,,1383864,,3112129,,,,,,1327005,56859,,,-462805,,2293172,47258327,54141598,6882976,6882976,7345781,-295,1830367,,2812995,299134,1383864,,,,,
,,1909,榮成,,,-402967,,,,,,,,,,-0.81,3,,上市,112,120737,,,,,,,,-1086391,,-1489358,,,,,,-1077792,-8599,,,-321071,,-644583,31433833,34403909,2970076,2970076,3291147,,-965654,,-1480431,-8927,-1086391,,,,,
,,2002,中鋼,,,3743185,,,,,,,,,,-0.03,3,,上市,112,966341,,,,,,,,871651,,4614836,,,,,,-435768,1307419,,,918244,,919748,264045203,274932250,10887047,10887047,9968803,,1837992,,2178219,2436617,871651,,,,,
,56713,2006,東和鋼鐵,,,134278,,,,,,,,,,4.64,3,,上市,112,985190,,,,,,,,3402467,,3536745,,,,,,3384928,17539,,,4320644,,10300,38277707,44451768,6174061,6174061,1853417,,4330944,,3537039,-294,3345754,,,,,
,,2007,燁興,,,5810,,,,,,,,,,-1.30,3,,上市,112,3503,,,,,,,,-692193,,-686383,,,,,,,,,,-427353,,-261337,4093396,3796049,-297347,-297347,130006,,-688690,,,,-692193,,,,,
,,2008,高興昌,,,280294,,,,,,,,,,2.23,3,,上市,112,-22933,,,,,,,,433221,,713515,,,,,,,,,,63658,,346630,986489,1136893,150404,150404,86746,,410288,,,,433221,,,,,
,,2009,第一銅,,,1480792,,,,,,,,,,0.05,3,,上市,112,0,,,,,,,,17903,,1498695,,,,,,,,,,-65291,,83194,1945810,1922799,-23011,-23011,42280,,17903,,,,17903,,,,,
,,2010,春源,,,6130,,,,,,,,,,0.95,3,,上市,112,155122,,,,,,,,628983,,635113,,,,,,617789,11194,,,651062,,133043,14630405,15929603,1299198,1299198,648136,,784105,,643545,-8432,628983,,,,,
,,2012,春雨,,,121829,,,,,,,,,,0.45,3,,上市,112,112848,,,,,,,,200677,,322506,,,,,,126138,74539,,,338751,,-25226,5256822,6238440,981618,981618,642867,,313525,,230523,91983,200677,,,,,
,,2013,中鋼構,,,-113358,,,,,,,,,,1.76,3,,上市,112,84324,,,,,,,,351154,,237796,,,,,,351154,,,,426700,,8778,13546858,14239140,692282,692282,265582,,435478,,237796,,351154,,,,,
,,2014,中鴻,,,-612599,,,,,,,,,,0.05,3,,上市,112,265,,,,,,,,71215,,-541384,,,,,,71215,,,,-84991,,156471,28331900,28659061,327161,327161,412152,,71480,,-541384,,71215,,,,,
,,2015,豐興,,,7173,,,,,,,,,,2.98,3,,上市,112,377442,,,,,,,,1733042,,1740215,,,,,,1733042,0,,,1948073,,162411,23233343,25806336,2572993,2572993,624920,,2110484,,1740215,0,1733042,,,,,
,,2017,官田鋼,499,,418412,,,,,,,,,,-0.49,3,,上市,112,-71604,,,,,,,,-110783,,307629,,,,,,-176893,66110,,,-302350,,119963,2357418,2348460,-8958,-8958,293891,,-182387,,187324,120305,-110783,,,,,
,,2020,美亞,,,10467,,,,,,,,,,2.89,3,2337,上市,112,133940,,,,,,5455,,644469,,654936,,,,,,642726,1743,,,416810,,361599,4905718,5556435,650717,647599,230789,,778409,,653034,1902,644469,,,,,
,,2022,聚亨,,,-53622,,,,,,,,,,0.06,3,,上市,112,44471,,,,,,,,84178,,30556,,,,,,20611,63567,,,144705,,-16056,5821148,6602732,781584,781584,636879,,128649,,-21248,51804,84178,,,,,
,,2023,燁輝,,,416889,,,,,,,,,,-0.09,3,,上市,112,132518,,,,,,,,-420839,,-3950,,,,,,-182442,-238397,,,1361556,,-1649877,49800154,54886809,5086655,5086655,3725099,,-288321,,216234,-220184,-420839,,,,,
,,2024,志聯,,,,,,,,,,,,,-0.40,3,,上市,112,596,,,,,,,,-38965,,-38965,,,,,,,,,,-38673,,304,654189,664270,10081,10081,48754,,-38369,,,,-38965,,,,,
,,2025,千興,0,,2624,,,,,,,,,,1.24,3,,上市,112,15134,,,,,,,,348550,,351174,,,,,,,,,,-112989,,476673,531575,442452,-89123,-89123,23866,,363684,,,,348550,,,,,
,,2027,大成鋼,-1891,,3018188,,,,,,,,,,2.10,3,,上市,112,2682822,,,,,,,,6153815,,9172003,,,,,,4876406,1277409,,,7877362,,959275,63665608,79545671,15880063,15880063,8000810,,8836637,,7453152,1718851,6153815,,,,,
,,2028,威致,,,-10815,,,,,,,,,,0.92,3,,上市,112,72884,,,,,,,,296874,,286059,,,,,,,,,,369098,,660,7242834,7742725,499891,499891,130793,,369758,,,,296874,,,,,
,,2029,盛餘,,,8134,,,,,,,,,,1.39,3,,上市,112,118757,,,,,,,,447825,,455959,,,,,,446809,1016,,,505316,,61266,7970142,8932767,962625,962625,457309,,566582,,452194,3765,447825,,,,,
,,2030,彰源,,,86842,,,,,,,,,,0.22,3,,上市,112,43593,,,,,,,,61519,,148361,,,,,,61519,,,,218353,,-113241,9125464,9859857,734393,734393,516040,,105112,,148361,,61519,,,,,
,,2031,新光鋼,,,203441,,,,,,,,,,4.07,3,,上市,112,97173,,,,,,,,1368250,,1571691,,,,,,1308127,60123,,,670669,,794754,10866058,11946275,1080217,1080217,409548,,1465423,,1511561,60130,1368250,,,,,
,,2032,新鋼,,,0,,,,,,,,,,-0.09,3,,上市,112,-2969,,,,,,,,-12169,,-12169,,,,,,,,,,-41921,,26783,2109603,2141446,31843,31843,73764,,-15138,,,,-12169,,,,,
,,2033,佳大,,,-56,,,,,,,,,,-0.09,3,,上市,112,-1071,,,,,,,,-7379,,-7435,,,,,,,,,,-9817,,1367,399662,435490,35828,35828,45645,,-8450,,,,-7379,,,,,
,,2034,允強,,,-1042281,,,,,,,,,,0.25,3,,上市,112,94242,,,,,,,,110759,,-931522,,,,,,110759,,,,506911,,-301910,10685715,11774276,1088561,1088561,581650,,205001,,-931522,,110759,,,,,
,,2038,海光,,,-34929,,,,,,,,,,0.43,3,,上市,112,21009,,,,,,,,62309,,27380,,,,,,81201,-18892,,,31543,,51775,6583886,6769443,185557,185557,154014,,83318,,46468,-19088,62309,,,,,
,,2049,上銀,,,202201,,,,,,,,,,4.81,3,,上市,112,726402,,,,,,,,1527843,,1730044,,,,,,1702094,-174251,,,2472195,,-217950,12735699,18874992,6139293,6139293,3667098,,2254245,,1904307,-174263,1527843,,,,,
,,2059,川湖,,,33937,,,,,,,,,,22.61,3,,上市,112,637393,,,,,,,,2154348,,2188285,,,,,,2154348,,,,1820404,,971337,1612834,3898180,2285346,2285346,464942,,2791741,,2188285,,2154348,,,,,
,,2062,橋椿,,,117496,,,,,,,,,,1.02,3,,上市,112,63752,,,,,,,,203033,,320529,,,,,,203386,-353,,,194568,,72217,4823849,5442950,619101,619101,424533,,266785,,320882,-353,203033,,,,,
,,2069,運錩,,,-7870,,,,,,,,,,-1.09,3,,上市,112,-9795,,,,,,,,-179852,,-187722,,,,,,-179852,,,,-66772,,-122875,8787995,9064453,276458,276458,343230,,-189647,,-187722,,-179852,,,,,
,,2101,南港,0,,93175,,,,,,,,,,0.05,3,285,上市,112,28566,,,,,,721,,41982,,135157,,,,,,41982,,,,245459,,-174911,4805129,5883212,1078083,1077647,832188,,70548,,135157,,41982,,,,,
,,2102,泰豐,,,4939997,,,,,,,,,,-2.18,3,,上市,112,657,,,,,,,,-1003813,,3936184,,,,,,-1003813,,,,-938497,,-64659,650299,433508,-216791,-216791,721706,,-1003156,,3936184,,-1003813,,,,,
,,2103,台橡,163338,,1664132,,,,,,,,,,0.55,3,,上市,112,297620,,,,,,,,660864,,2324996,,,,,,455409,205455,,,571565,,386919,21204626,23544682,2340056,2340056,1931829,,958484,,2115880,209116,660864,,,,,
,,2104,國際中橡,,,1253881,,,,,,,,,,-0.34,3,,上市,112,316123,,,,,,,,-374079,,879802,,,,,,-332088,-41991,,,-1561,,-56395,12353673,13427742,1074069,1074069,1075630,,-57956,,823825,55977,-374079,,,,,
,,2105,正新,,,299678,,,,,,,,,,1.74,3,,上市,112,2409403,,,,,,,,5646080,,5945758,,,,,,5632479,13601,,,7608418,,447065,56078332,73484580,17406248,17406248,9797830,,8055483,,5931245,14513,5646080,,,,,
,,2106,建大,0,,705571,,,,,,,,,,0.46,3,,上市,112,348301,,,,,,,,437862,,1143433,,,,,,437862,,,,653110,,133053,21256551,25880021,4623470,4623470,3970360,,786163,,1143433,,437862,,,,,
,,2107,厚生,,,420764,,,,,,,,,,1.55,3,,上市,112,73411,,,,,,,,512326,,933090,,,,,,512326,,,,169042,,416695,732192,1054772,322580,322580,153538,,585737,,933090,,512326,,,,,
,,2108,南帝,,,326546,,,,,,,,,,1.24,3,,上市,112,247779,,,,,,,,777073,,1103619,,,,,,611305,165768,,,607464,,417388,5265513,6846019,1580506,1580506,973042,,1024852,,937851,165768,777073,,,,,
,,2109,華豐,,,1691,,,,,,,,,,1.08,3,,上市,112,205858,,,,,,,,389474,,391165,,,,,,301812,87662,,,237496,,357836,2834146,3493643,659497,659497,422001,,595332,,316680,74485,389474,,,,,
,,2114,鑫永銓,,,,,,,,,,,,,4.37,3,,上市,112,84423,,,,,,,,340918,,340918,,,,,,,,,,385890,,39451,664448,1146104,481656,481656,95766,,425341,,,,340918,,,,,
,,2115,六暉-KY,,,32188,,,,,,,,,,1.39,3,,上市,112,119548,,,,,,,,138197,,170385,,,,,,138197,,,,126498,,131247,1498664,1879149,380485,380485,253987,,257745,,170385,,138197,,,,,
,,2201,裕隆,,,758791,,,,,,,,,,3.55,3,-4232,上市,112,1805487,,,,,,,,6750354,,7509145,,,,,,3550303,3200051,,,7042337,,1513504,37721356,59052587,21331231,21326999,14284662,,8555841,,4110658,3398487,6750354,,,,,
,,2204,中華,,,-58479,,,,,,,,,,8.01,3,,上市,112,448058,,,,,,28013,,4597413,,4538934,,,,,,4369608,227805,,,1821074,,3224397,23239097,27709058,4469961,4441948,2620874,,5045471,,4306623,232311,4597413,,,,,
,,2206,三陽工業,,,405085,,,,,,,,,,6.17,3,,上市,112,1321152,,,,,,,,5207443,,5612528,,,,,,4892787,314656,,,5042781,,1485814,39023710,49408243,10384533,10384533,5341752,,6528595,,5243334,369194,5207443,,,,,
,,2207,和泰車,,3362242,,,,,,,,,,,33.13,3,,上市,112,2045031,,186928659,,210025109,,,,21051419,,24413661,,,,,,18455979,2595440,,,,,,,,,,,,,,21897898,2515763,21051419,,,,23096450,
,,2208,台船,,,,,,,,,,,,,-3.86,3,,上市,112,13458,,,,,,,,-3609091,,-3609091,,,,,,-3602981,-6110,,,-2348374,,-1247259,18748415,16848431,-1899984,-1899984,448390,,-3595633,,-3602981,-6110,-3609091,,,,,
,,2211,長榮鋼,,,214537,,,,,,,,,,7.83,3,,上市,112,436591,,,,,,,,3807485,,4022022,,,,,,3267840,539645,,,2729776,,1514300,6018402,9119705,3101303,3101303,371527,,4244076,,3525152,496870,3807485,,,,,
,,2227,裕日車,0,,245228,,,,,,,,,,3.00,3,,上市,112,247180,,,,,,,,899044,,1144272,,,,,,899044,,,,268256,,877968,17114329,19673802,2559473,2559473,2291217,,1146224,,1144272,,899044,,,,,
,,2228,劍麟,,,34516,,,,,,,,,,4.59,3,,上市,112,127158,,,,,,,,348177,,382693,,,,,,348177,,,,399985,,75350,2764808,3633454,868646,868646,468661,,475335,,382693,,348177,,,,,
,,2231,為升,,,4548,,,,,,,,,,3.33,3,,上市,112,164335,,,,,,,,389381,,393929,,,,,,469393,-80012,,,501788,,51928,1899303,3328229,1428926,1428926,927138,,553716,,473692,-79763,389381,,,,,
,,2233,宇隆,,,37453,,,,,,,,,,6.44,3,,上市,112,16962,,,,,,,,384262,,421715,,,,,,388057,-3795,,,382127,,19097,1693242,2472630,779388,779388,397261,,401224,,425644,-3929,384262,,,,,
,,2236,百達-KY,,,28219,,,,,,,,,,1.73,3,,上市,112,32642,,,,,,,,74656,,102875,,,,,,79092,-4436,,,86125,,21173,930227,1302546,372319,372319,286194,,107298,,105881,-3006,74656,,,,,
,,2239,英利-KY,,,59427,,,,,,,,,,-0.12,3,,上市,112,129671,,,,,,,,22891,,82318,,,,,,-14562,37453,,,370990,,-218428,15395601,17583665,2188064,2188064,1817074,,152562,,32081,50237,22891,,,,,
,,2241,艾姆勒,,,-81,,,,,,,,,,-1.70,3,,上市,112,-3088,,,,,,,,-163562,,-163643,,,,,,-152733,-10829,,,-164386,,-2264,644634,630513,-14121,-14121,150265,,-166650,,-152850,-10793,-163562,,,,,
,,2243,宏旭-KY,,,22364,,,,,,,,,,-1.25,3,,上市,112,21209,,,,,,,,-79657,,-57293,,,,,,-79657,,,,-44176,,-14272,931236,979635,48399,48399,92575,,-58448,,-57293,,-79657,,,,,
,,2247,汎德永業,17049,,,,,,,,,,,,17.28,3,,上市,112,353954,,,,,,,,1394368,,1394368,,,,,,1394368,,,,1716780,,31542,35988790,40539372,4550582,4550582,2850851,,1748322,,1394368,,1394368,,,,,
,,2250,IKKA-KY,,,11718,,,,,,,,,,2.77,3,,上市,112,47309,,,,,,,,81147,,92865,,,,,0,81147,0,,,99510,,28946,2145979,2595594,449615,449615,350105,,128456,0,92865,0,81147,,,,,
,,2254,巨鎧精密-創,,,,,,,,,,,,,-0.33,3,,上市,112,-5174,,,,,,,,-19795,,-19795,,,,,,-19795,,,,-12469,,-12500,287396,415644,128248,128248,140717,,-24969,,-19795,,-19795,,,,,
,,2258,鴻華先進-創,,,-281,,,,,,,,,,-0.91,3,,上市,112,-198292,,,,,,,,-1448839,,-1449120,,,,,,-1448839,,,,-1662926,,15795,492102,588481,96379,96379,1759305,,-1647131,,-1449120,,-1448839,,,,,
,,2301,光寶科,,,2436770,,,,,,,,,,4.86,3,,上市,112,2872815,,,,,,,,11140917,,13577687,,,,,,11110767,30150,,,11098589,,2915143,86892867,111424424,24531557,24531557,13432968,,14013732,,13515133,62554,11140917,,,,,
,,2302,麗正,,,-17655,,,,,,,,,,0.48,3,,上市,112,21350,,,,,,,,79279,,61624,,,,,,79279,,,,60995,,39634,373092,572955,199863,199863,138868,,100629,,61624,,79279,,,,,
,,2303,聯電,2750179,,10225363,,,,,,,,,,3.87,3,,上市,112,8015335,,,,,,,,48247012,,58472375,,,,,,47794836,452176,,,45467335,,10795012,107637178,167574722,59937544,59937544,17220388,,56262347,,58020170,452205,48247012,,,,,
,,2305,全友,,,6752,,,,,,,,,,0.15,3,,上市,112,11174,,,,,,,,41838,,48590,,,,,,31275,10563,,,-80765,,133777,286320,410099,123779,123779,204544,,53012,,37987,10603,41838,,,,,
,,2308,台達電,,,7521889,,,,,,,,,,9.40,3,,上市,112,7154287,,,,,,,,28524018,,36045907,,,,,,24419495,4104523,,,30586284,,5092021,214397903,301206071,86808168,86808168,56221884,,35678305,,30694543,5351364,28524018,,,,,
,,2312,金寶,,,2446331,,,,,,,,,,0.50,3,,上市,112,311291,,,,,,,,885117,,3331448,,,,,,732627,152490,,,2469612,,-1273204,110528060,118338471,7810411,7810411,5340799,,1196408,,2684500,646948,885117,,,,,
,,2313,華通,,,455817,,,,,,,,,,2.21,3,,上市,112,788846,,,,,,,,2637476,,3093293,,,,,,2637476,,,,3135650,,290672,40196636,46952109,6755473,6755473,3619823,,3426322,,3093293,,2637476,,,,,
,,2314,台揚,,,56063,,,,,,,,,,-1.62,3,,上市,112,30942,,,,,,,,-384930,,-328867,,,,,,-384930,,,,-313140,,-40848,2502667,2913345,410678,410678,723818,,-353988,,-328867,,-384930,,,,,
,,2316,楠梓電,,,79502,,,,,,,,,,0.50,3,,上市,112,52559,,,,,,,,91327,,170829,,,,,,91327,,,,-493171,,637057,2835108,2631248,-203860,-203860,289311,,143886,,170829,,91327,,,,,
,,2317,鴻海,,,20854433,,,,,,,,,,6.42,3,,上市,112,28793587,,,,,,,,96532343,,117386776,,,,,,88953088,7579255,,,117598322,,7727608,4035484046,4310149182,274665136,274665136,157066814,,125325930,,108138831,9247945,96532343,,,,,
,,2321,東訊,,,21412,,,,,,,,,,-2.27,3,,上市,112,4543,,,,,,,,-18215,,3197,,,,,,-31526,13311,,,-26848,,13176,431642,580693,149051,149051,175899,,-13672,,-10114,13311,-18215,,,,,
,,2323,中環,,,170599,,,,,,,,,,0.92,3,,上市,112,1924,,,,,,,,1019774,,1190373,,,,,,1005680,14094,,,-271000,,1292698,4272062,5472374,1200312,1200312,1471312,,1021698,,1175665,14708,1019774,,,,,
,,2324,仁寶,,,4372073,,,,,,,,,,1.35,3,,上市,112,2144886,,,,,,,,6962132,,11334205,,,,,,5881666,1080466,,,8662511,,444507,673869375,705043628,31174253,31174253,22511742,,9107018,,10150370,1183835,6962132,,,,,
,,2327,國巨*,,,6532818,,,,,,,,,,30.43,3,,上市,112,5377646,,,,,,,,12785982,,19318800,,,,,0,12711890,74092,,,15396883,,2766745,53653115,80247901,26594786,26594786,11197903,,18163628,0,19229162,89638,12785982,,,,,
,,2328,廣宇,,,156319,,,,,,,,,,1.83,3,,上市,112,324803,,,,,,,,1094697,,1251016,,,,,,949214,145483,,,1150919,,268581,16906161,19183151,2276990,2276990,1126071,,1419500,,1139298,111718,1094697,,,,,
,,2329,華泰,1,,250947,,,,,,,,,,1.80,3,,上市,112,182574,,,,,,,,1280780,,1531727,,,,,,1280780,,,,1228640,,234714,9828783,11954154,2125371,2125371,896732,,1463354,,1531727,,1280780,,,,,
,,2330,台積電,131095,,28412556,,,,,,,,,,23.13,3,,上市,112,101429019,,,,,,,,599461316,,627873872,,,,,,599785521,-324205,,,661261103,,39629232,692864282,1536206985,843342703,843342703,182212695,,700890335,,629307238,-1433366,599461316,,,,,
,,2331,精英,,,114005,,,,,,,,,,1.29,3,,上市,112,232416,,,,,,,,718724,,832729,,,,,,718482,242,,,467232,,483908,12921646,15413229,2491583,2491583,2024351,,951140,,832020,709,718724,,,,,
,,2332,友訊,,,29793,,,,,,,,,,0.90,3,,上市,112,107146,,,,,,,,642157,,671950,,,,,,539184,102973,,,212461,,536842,9137106,12231575,3094469,3094469,2882008,,749303,,532113,139837,642157,,,,,
,,2337,旺宏,,,418125,,,,,,,,,,-0.37,3,,上市,112,-63272,,,,,,,,-692169,,-274044,,,,,,-692221,52,,,-1257948,,502507,16166198,21815833,5649635,5649635,6907583,,-755441,,-274124,80,-692169,,,,,
,,2338,光罩,,,1654,,,,,,,,,,1.07,3,,上市,112,230059,,,,,,,,72328,,73982,,,,,,222875,-150547,,,534448,,-232061,3919715,5318498,1398783,1398783,864335,,302387,,224529,-150547,72328,,,,,
,,2340,台亞,,,83442,,,,,,,,,,0.73,3,,上市,112,30855,,,,,,,,321497,,404939,,,,,,321348,149,,,88559,,263793,2267334,2965242,697908,697908,609349,,352352,,404790,149,321497,,,,,
,,2342,茂矽,,,-7167,,,,,,,,,,-0.33,3,,上市,112,0,,,,,,,,-51559,,-58726,,,,,,-51043,-516,,,-86311,,34752,1083957,1170480,86523,86523,172834,,-51559,,-58196,-530,-51559,,,,,
,,2344,華邦電,,,-2714491,,,,,,,,,,-0.19,3,,上市,112,-556368,,,,,,,,64427,,-2650064,,,,,,-771636,836063,,,-1204301,,712360,38894461,55832409,16937948,16937948,18142249,,-491941,,-3291487,641423,64427,,,,,
,,2345,智邦,,,225829,,,,,,,,,,11.95,3,,上市,112,2330324,,,,,,,,6667869,,6893698,,,,,,6667869,,,,8268188,,730005,48259740,62232085,13972345,13972345,5704157,,8998193,,6893698,,6667869,,,,,
,,2347,聯強,,,-1377528,,,,,,,,,,3.07,3,,上市,112,2025907,,,,,,,,5491005,,4113477,,,,,,5128885,362120,,,6008949,,1507963,269183159,281783855,12600696,12600696,6591747,,7516912,,3617099,496378,5491005,,,,,
,,2348,海悅,,,96699,,,,,,,,,,6.17,3,,上市,112,281456,,,,,,,,763739,,860438,,,,,,763456,283,,,1021807,,23388,2082704,3609140,1526436,1526436,504629,,1045195,,860155,283,763739,,,,,
,,2349,錸德,,,117031,,,,,,,,,,-0.32,3,,上市,112,218430,,,,,,,,-224311,,-107280,,,,,,-221649,-2662,,,-279426,,273545,4682573,5634568,951995,951995,1231421,,-5881,,-178837,71557,-224311,,,,,
,,2351,順德,,,31281,,,,,,,,,,3.47,3,,上市,112,193267,,,,,,,,661109,,692390,,,,,,631564,29545,,,775651,,78725,6802378,8257510,1455132,1455132,679481,,854376,,662845,29545,661109,,,,,
,,2352,佳世達,,,2733083,,,,,,,,,,1.30,3,,上市,112,1616160,,,,,,,,3841291,,6574374,,,,,,2550036,1291255,,,4143607,,1313844,128058341,152927727,24869386,24869386,20725779,,5457451,,5038798,1535576,3841291,,,,,
,,2353,宏碁,46438,,10210882,,,,,,,,,,1.30,3,,上市,112,1688503,,,,,,,,4451197,,14662079,,,,,,3915289,535908,,,2830789,,3308911,159250382,178162506,18912124,18912124,16127773,,6139700,,14105375,556704,4451197,,,,,
,,2354,鴻準,,,128212,,,,,,,,,,2.26,3,,上市,112,784336,,,,,,,,3322939,,3451151,,,,,,3203687,119252,,,1152933,,2954342,58175703,62424871,4249168,4249168,3096235,,4107275,,3354783,96368,3322939,,,,,
,,2355,敬鵬,,,25288,,,,,,,,,,1.42,3,,上市,112,251929,,,,,,,,564568,,589856,,,,,,564796,-228,,,477558,,338939,10898116,12405964,1507848,1507848,1030290,,816497,,590064,-208,564568,,,,,
,,2356,英業達,,,2338054,,,,,,,,,,1.16,3,,上市,112,1171754,,,,,,,,4089358,,6427412,,,,,,4144016,-54658,,,4913511,,347601,367651580,386674926,19023346,19023346,14109835,,5261112,,6476625,-49213,4089358,,,,,
,,2357,華碩,,,20396333,,,,,,,,,,16.16,3,,上市,112,2333226,,,,,,-5277,,13505065,,33901398,,,,,,12001121,1503944,,,7638917,,8199374,310549146,362153167,51604021,51609298,43970381,,15838291,,31526660,2374738,13505065,,,,,
,,2359,所羅門,,,-15875,,,,,,,,,,3.17,3,,上市,112,72564,,,,,,,,565640,,549765,,,,,,542654,22986,,,81125,,557079,2431084,3146993,715909,715909,634784,,638204,,547504,2261,565640,,,,,
,,2360,致茂,,,232712,,,,,,,,,,7.56,3,0,上市,112,877534,,,,,,197,,3270441,,3503153,,,,,,3180413,90028,,,3638752,,509223,5472824,13651531,8178707,8178510,4539758,,4147975,,3396644,106509,3270441,,,,,
,,2362,藍天,,,1003651,,,,,,,,,,1.46,3,,上市,112,453921,,,,,,,,852162,,1855813,,,,,,852162,,,,1304439,,1644,14051146,17628577,3577431,3577431,2272992,,1306083,,1855813,,852162,,,,,
,,2363,矽統,,,1839269,,,,,,,,,,0.91,3,,上市,112,60934,,,,,,,,679824,,2519093,,,,,,684321,-4497,,,-343883,,1084641,110886,152018,41132,41132,385015,,740758,,2523590,-4497,679824,,,,,
,,2364,倫飛,,,715,,,,,,,,,,2.96,3,,上市,112,1,,,,,,,,88370,,89085,,,,,,91668,-3298,,,43366,,45005,504882,786686,281804,281804,238438,,88371,,93522,-4437,88370,,,,,
,,2365,昆盈,,,34280,,,,,,,,,,0.35,3,,上市,112,13323,,,,,,,,76722,,111002,,,,,,77278,-556,,,17307,,72738,349103,572438,223335,223335,206028,,90045,,111772,-770,76722,,,,,
,,2367,燿華,,,-187674,,,,,,,,,,-0.17,3,,上市,112,20664,,,,,,,,-111991,,-299665,,,,,,-111991,,,,-305469,,214142,10352484,11331366,978882,978882,1284351,,-91327,,-299665,,-111991,,,,,
,0,2368,金像電,-9286,,121410,,,,,,,,,,4.96,3,0,上市,112,1160786,,,,,,0,,2411739,,2533149,,,,,,2411739,,,,3438752,,133773,16153542,21506087,5352545,5352545,1904507,,3572525,,2533149,,2411739,,,,,
,,2369,菱生,,,8031,,,,,,,,,,-0.29,3,,上市,112,-30346,,,,,,,,-109738,,-101707,,,,,,-107271,-2467,,,-180661,,40577,4053703,4200048,146345,146345,327006,,-140084,,-99240,-2467,-109738,,,,,
,,2371,大同,3914,,1180320,,,,,,,,,,0.68,3,,上市,112,284126,,,,,,,,1894202,,3074522,,,,,,1588654,305548,,,1780898,,397430,29030835,35809946,6779111,6779111,5002127,,2178328,,2682306,392216,1894202,,,,,
,,2373,震旦行,,,-17083,,,,,,,,,,3.61,3,4704,上市,112,224125,,,,,,0,,870511,,853428,,,,,,810630,59881,,,717219,,377417,4713986,8717141,4003155,4007859,3290640,,1094636,,792456,60972,870511,,,,,
,,2374,佳能,,,95850,,,,,,,,,,0.82,3,,上市,112,72995,,,,,,,,199598,,295448,,,,,,232644,-33046,,,34684,,237909,2696122,3608731,912609,912609,877925,,272593,,334199,-38751,199598,,,,,
,,2375,凱美,,,116684,,,,,,,,,,3.05,3,,上市,112,104498,,,,,,,,331818,,448502,,,,,,331818,0,,,168138,,268178,3057506,3634879,577373,577373,409235,,436316,,448502,0,331818,,,,,
,,2376,技嘉,,,259382,,,,,,,,,,5.34,3,,上市,112,1079033,,,,,,,,3392214,,3651596,,,,,,3393030,-816,,,3379526,,1091721,79629594,91177201,11547607,11547607,8168081,,4471247,,3652412,-816,3392214,,,,,
,,2377,微星,,,74936,,,,,,,,,,8.04,3,,上市,112,1582449,,,,,,,,6793311,,6868247,,,,,,6793311,,,,7438777,,936983,116256784,133810707,17553923,17553923,10115146,,8375760,,6868247,,6793311,,,,,
,,2379,瑞昱,,,2581209,,,,,,,,,,13.59,3,,上市,112,287249,,,,,,,,6972371,,9553580,,,,,,6972304,67,,,5498383,,1761237,41950971,72594151,30643180,30643180,25144797,,7259620,,9553513,67,6972371,,,,,
,,2380,虹光,,,44886,,,,,,,,,,-1.92,3,,上市,112,3463,,,,,,,,-415169,,-370283,,,,,,-410733,-4436,,,-406745,,-4961,999339,1276929,277590,277590,684335,,-411706,,-357085,-13198,-415169,,,,,
,,2382,廣達,,,6194464,,,,,,,,,,7.63,3,5446,上市,112,9113739,,,,,,0,,29938484,,36132948,,,,,,29398374,540110,,,31742771,,7309452,736038620,797714951,61676331,61681777,29939006,,39052223,,35441553,691395,29938484,,,,,
,,2383,台光電,,,91715,,,,,,,,,,10.50,3,,上市,112,1388951,,,,,,,,3502428,,3594143,,,,,,3502428,0,,,4894768,,-3389,20732775,28414074,7681299,7681299,2786531,,4891379,,3594143,0,3502428,,,,,
,,2385,群光,,,989599,,,,,,,,,,7.48,3,,上市,112,1683132,,,,,,,,6520968,,7510567,,,,,,5394255,1126713,,,6820704,,1383396,59963817,73893599,13929782,13929782,7109078,,8204100,,6361428,1149139,6520968,,,,,
,,2387,精元,,,-56580,,,,,,,,,,5.23,3,,上市,112,427363,,,,,,,,1003060,,946480,,,,,,1008970,-5910,,,1204514,,225909,13705144,16175998,2470854,2470854,1266340,,1430423,,950375,-3895,1003060,,,,,
,,2388,威盛,,,455255,,,,,,,,,,0.22,3,,上市,112,155504,,,,,,,,181373,,636628,,,,,,110024,71349,,,-163769,,500646,6192497,8433946,2241449,2241449,2405218,,336877,,560994,75634,181373,,,,,
,,2390,云辰,,,-1754,,,,,,,,,,-0.08,3,,上市,112,6042,,,,,,,,-14886,,-16640,,,,,,-14881,-5,,,-9691,,847,356058,474657,118599,118599,128290,,-8844,,-16649,9,-14886,,,,,
,,2392,正崴,,,-78090,,,,,,,,,,2.28,3,,上市,112,646810,,,,,,,,1380946,,1302856,,,,,,1080684,300262,,,1618413,,409343,52724884,60792091,8067207,8067207,6448794,,2027756,,1000735,302121,1380946,,,,,
,,2393,億光,,,-54369,,,,,,,,,,3.00,3,,上市,112,459761,,,,,,,,1359858,,1305489,,,,,,1330412,29446,,,1376831,,442788,9487820,13403398,3915578,3915578,2538747,,1819619,,1272896,32593,1359858,,,,,
,,2395,研華,,,1243853,,,,,,,,,,9.98,3,,上市,112,2019376,,,,,,,,8517767,,9761620,,,,,,8546706,-28939,,,9436936,,1100207,29488165,49430091,19941926,19941926,10504990,,10537143,,9784495,-22875,8517767,,,,,
,,2397,友通,,,70211,,,,,,,,,,2.42,3,,上市,112,106867,,,,,,,,261151,,331362,,,,,0,276746,-15595,,,399896,,-31878,9176083,11502617,2326534,2326534,1926638,,368018,0,314883,16479,261151,,,,,
,,2399,映泰,,,2415,,,,,,,,,,0.11,3,,上市,112,9979,,,,,,,,19019,,21434,,,,,,19019,,,,-62292,,91290,1636255,1780822,144567,144567,206859,,28998,,21434,,19019,,,,,
,,2401,凌陽,-687,,58254,,,,,,,,,,-0.39,3,,上市,112,93113,,,,,,,,-16886,,41368,,,,,,-227697,210811,,,-142309,,218536,2213116,4157423,1944307,1944307,2085929,,76227,,-174207,215575,-16886,,,,,
,,2402,毅嘉,,,125472,,,,,,,,,,1.10,3,,上市,112,59213,,,,,,,,329146,,454618,,,,,,329146,,,,335848,,52511,5449453,6366937,917484,917484,581636,,388359,,454618,,329146,,,,,
,,2404,漢唐,,,189675,,,,,,,,,,19.57,3,,上市,112,1328008,,,,,,,,3767794,,3957469,,,,,,3671535,96259,,,4420716,,675086,45178627,50737737,5559110,5559110,1138394,,5095802,,3863023,94446,3767794,,,,,
,,2405,輔信,,,53693,,,,,,,,,,0.05,3,,上市,112,26386,,,,,,,,19003,,72696,,,,,,15903,3100,,,-23246,,68635,768523,1275291,506768,506768,530014,,45389,,69502,3194,19003,,,,,
,,2406,國碩,0,,-118738,,,,,,,,,,-0.40,3,,上市,112,28089,,,,,,7568,,-630440,,-749178,,,,,,-140806,-489634,,,-716702,,114351,2706300,2701396,-4904,-12472,704230,,-602351,,-185775,-563403,-630440,,,,,
,,2408,南亞科,,,2609784,,,,,,,,,,-1.60,3,,上市,112,-2214958,,,,,,,,-4960132,,-2350348,,,,,,-4960132,,,,-10409935,,3234845,24483460,21188328,-3295132,-3295132,7114803,,-7175090,,-2350348,,-4960132,,,,,
,,2409,友達,,,1374874,,,,,,,,,,-2.18,3,,上市,112,421947,,,,,,,,-16743873,,-15368999,,,,,,-16693303,-50570,,,-16893608,,571682,182141840,184618640,2476800,2476800,19370408,,-16321926,,-15314198,-54801,-16743873,,,,,
,,2412,中華電,1462,,647333,,,,,,,,,,3.69,3,,上市,112,7097925,,,,,,,,29459209,,30106542,,,,,,28659133,800076,,,35898851,,658283,100548189,161332502,60784313,60784313,24886924,,36557134,,29311597,794945,29459209,,,,,
,,2413,環科,,,-22724,,,,,,,,,,1.17,3,,上市,112,29417,,,,,,,,147473,,124749,,,,,,147794,-321,,,108893,,67997,3065929,3596801,530872,530872,421979,,176890,,125070,-321,147473,,,,,
,,2414,精技,,,10002,,,,,,,,,,1.85,3,,上市,112,78570,,,,,,,,323423,,333425,,,,,,298521,24902,,,380053,,21940,16205170,17637762,1432592,1432592,1052539,,401993,,302578,30847,323423,,,,,
,,2415,錩新,-129887,,104115,,,,,,,,,,-0.65,3,,上市,112,-13052,,,,,,,,-45401,,58714,,,,,,-58187,12786,,,47283,,-105736,1223171,1617380,394209,394209,217039,,-58453,,15968,42746,-45401,,,,,
,,2417,圓剛,,,18280,,,,,,,,,,0.05,3,,上市,112,13916,,,,,,,,112629,,130909,,,,,,7020,105609,,,-122694,,249239,1129002,2459871,1330869,1330869,1453563,,126545,,14654,116255,112629,,,,,
,,2419,仲琦,,,175809,,,,,,,,,,0.12,3,,上市,112,-27348,,,,,,,,114053,,289862,,,,,,37572,76481,,,153796,,-67091,5749661,7195432,1445771,1445771,1291975,,86705,,213381,76481,114053,,,,,
,,2420,新巨,,,23469,,,,,,,,,,2.87,3,,上市,112,112741,,,,,,,,435614,,459083,,,,,,437902,-2288,,,411217,,137138,931657,1623015,691358,691358,280141,,548355,,461371,-2288,435614,,,,,
,,2421,建準,,,68051,,,,,,,,,,4.32,3,,上市,112,329791,,,,,,,,1095537,,1163588,,,,,,1095537,0,,,1158960,,266368,6957851,9648751,2690900,2690900,1531940,,1425328,,1163588,0,1095537,,,,,
,,2423,固緯,,,8748,,,,,,,,,,1.95,3,,上市,112,108194,,,,,,,,282452,,291200,,,,,,282452,,,,354284,,36362,1068811,2178449,1109638,1109638,755354,,390646,,291200,,282452,,,,,
,,2424,隴華,,,684,,,,,,,,,,-3.09,3,,上市,112,,,,,,,,,-154567,,-153883,,,,,,-149887,-4680,,,-141528,,-13039,113516,63882,-49634,-49634,91894,,-154567,,-149335,-4548,-154567,,,,,
,,2425,承啟,,,95707,,,,,,,,,,1.84,3,,上市,112,72718,,,,,,,,227316,,323023,,,,,,177474,49842,,,181960,,118074,4561629,5024585,462956,462956,280996,,300034,,272488,50535,227316,,,,,
,,2426,鼎元,490,,5365,,,,,,,,,,-0.36,3,,上市,112,-17218,,,,,,,,-114837,,-109472,,,,,,-107695,-7142,,,-129018,,-3037,1526772,1678665,151893,151893,281401,,-132055,,-102330,-7142,-114837,,,,,
,,2427,三商電,,,23507,,,,,,,,,,1.00,3,,上市,112,39915,,,,,,,,184058,,207565,,,,,,184081,-23,,,164510,,59463,1725635,2678307,952672,952672,788162,,223973,,207588,-23,184058,,,,,
,,2428,興勤,,,166018,,,,,,,,,,7.37,3,,上市,112,301749,,,,,,,,952233,,1118251,,,,,,944305,7928,,,1159555,,94427,3298952,5298945,1999993,1999993,840438,,1253982,,1110323,7928,952233,,,,,
,,2429,銘旺科,,,6886,,,,,,,,,,-0.80,3,,上市,112,0,,,,,,,,-42534,,-35648,,,,,,-35136,-7398,,,-44743,,2209,378759,410942,32183,32183,76926,,-42534,,-30094,-5554,-42534,,,,,
,,2430,燦坤,,,3818,,,,,,,,,,1.75,3,,上市,112,56867,,,,,,,,204311,,208129,,,,,,204311,,,,256411,,4767,13058591,15258887,2200296,2200296,1943885,,261178,,208129,,204311,,,,,
,,2431,聯昌,,,19696,,,,,,,,,,-0.47,3,,上市,112,4286,,,,,,,,-51616,,-31920,,,,,,-51616,,,,-93589,,46259,462755,460461,-2294,-2294,91295,,-47330,,-31920,,-51616,,,,,
,,2432,倚天酷碁-創,,,82195,,,,,,,,,,1.04,3,,上市,112,12100,,,,,,,,63510,,145705,,,,,0,63510,,,,54137,,21473,1276072,1489525,213453,213453,159316,,75610,0,145705,,63510,,,,,
,,2433,互盛電,,,-77685,,,,,,,,,,2.76,3,,上市,112,74625,,,,,,,,414993,,337308,,,,,,398622,16371,,,325849,,163769,1420966,2164470,743504,743504,417655,,489618,,319759,17549,414993,,,,,
,,2434,統懋,,,1538,,,,,,,,,,-0.89,3,,上市,112,0,,,,,,,,-32856,,-31318,,,,,,-32856,,,,-40859,,8003,44170,44737,567,567,41426,,-32856,,-31318,,-32856,,,,,
,,2436,偉詮電,,,60211,,,,,,,,,,1.07,3,,上市,112,29882,,,,,,,,190888,,251099,,,,,,189823,1065,,,-21813,,242583,1559205,2091516,532311,532311,554124,,220770,,249860,1239,190888,,,,,
,,2438,翔耀,,,1174,,,,,,,,,,-0.44,3,,上市,112,-2921,,,,,,,,-32413,,-31239,,,,,,-26690,-5723,,,-42117,,6783,102605,97719,-4886,-4886,37231,,-35334,,-25516,-5723,-32413,,,,,
,,2439,美律,,,108555,,,,,,,,,,3.92,3,,上市,112,278454,,,,,,,,906135,,1014690,,,,,,840285,65850,,,655488,,529101,21726814,24942050,3215236,3215236,2559748,,1184589,,934140,80550,906135,,,,,
,,2440,太空梭,,,11244,,,,,,,,,,-0.61,3,,上市,112,12318,,,,,,,,-84962,,-73718,,,,,,-84962,,,,-63481,,-9163,2086108,2128587,42479,42479,105960,,-72644,,-73718,,-84962,,,,,
,,2441,超豐,,,263140,,,,,,,,,,2.72,3,,上市,112,373956,,,,,,,,1545176,,1808316,,,,,,1545520,-344,,,1618672,,300460,8028103,10043292,2015189,2015189,396517,,1919132,,1808660,-344,1545176,,,,,
,,2442,新美齊,,,68967,,,,,,,,,,0.71,3,,上市,112,35085,,,,,,,,182787,,251754,,,,,,181402,1385,,,107669,,110203,978784,1286437,307653,307653,199984,,217872,,250369,1385,182787,,,,,
,0,2444,兆勁,,,0,,,,,,,,,,0.07,3,,上市,112,-5024,,,,,,,,7615,,7615,,,,,0,7615,0,,,-21346,,23937,1212444,1336554,124110,124110,145456,,2591,0,7615,0,7615,,,,,
,,2449,京元電子,,,1156240,,,,,,,,,,3.49,3,,上市,112,945078,,,,,,,,4408621,,5564861,,,,,,4272025,136596,,,5424221,,-70522,16223332,24525468,8302136,8302136,2877915,,5353699,,5405051,159810,4408621,,,,,
,,2450,神腦,-54,,-13369,,,,,,,,,,2.24,3,,上市,112,84745,,,,,,,,578252,,564883,,,,,,578992,-740,,,335044,,327953,20372869,22910742,2537873,2537873,2202775,,662997,,565623,-740,578252,,,,,
,,2451,創見,,,65097,,,,,,,,,,3.40,3,,上市,112,362350,,,,,,,,1458445,,1523542,,,,,,1458445,,,,1122926,,697869,5816325,7805483,1989158,1989158,866232,,1820795,,1523542,,1458445,,,,,
,,2453,凌群,,,8022,,,,,,,,,,1.90,3,,上市,112,37562,,,,,,,,188372,,196394,,,,,,189809,-1437,,,192917,,33017,3106034,4244668,1138634,1138634,945717,,225934,,197904,-1510,188372,,,,,
,,2454,聯發科,,,20149893,,,,,,,,,,32.35,3,,上市,112,6989075,,,,,,,,51477829,,71627722,,,,,,51315980,161849,,,47063782,,11403122,159133675,303884325,144750650,144750650,97686868,,58466904,,71469210,158512,51477829,,,,,
,,2455,全新,,,,,,,,,,,,,1.42,3,,上市,112,44341,,,,,,,,261854,,261854,,,,,,,,,,270743,,35452,1060212,1757167,696955,696955,426212,,306195,,,,261854,,,,,
,,2457,飛宏,,,252772,,,,,,,,,,0.70,3,,上市,112,189907,,,,,,,,263730,,516502,,,,,,263762,-32,,,333175,,120462,6989962,9415845,2425883,2425883,2092708,,453637,,517013,-511,263730,,,,,
,,2458,義隆,,,10695,,,,,,,,,,5.51,3,1008,上市,112,359688,,,,,,,,1453432,,1464127,,,,,,1566986,-113554,,,1708193,,104927,4975365,8948469,3973104,3974112,2265919,,1813120,,1577698,-113571,1453432,,,,,
,,2459,敦吉,,,113079,,,,,,,,,,3.98,3,,上市,112,207009,,,,,,,,440616,,553695,,,,,,419758,20858,,,496413,,151212,4520203,5534539,1014336,1014336,517923,,647625,,533617,20078,440616,,,,,
,,2460,建通,,,19946,,,,,,,,,,-0.72,3,,上市,112,-75199,,,,,,,,-119012,,-99066,,,,,,-119012,,,,-207065,,12854,1801179,1841036,39857,39857,246922,,-194211,,-99066,,-119012,,,,,
,,2461,光群雷,,,28410,,,,,,,,,,0.83,3,,上市,112,39894,,,,,,,,7509,,35919,,,,,,129243,-121734,,,46396,,1007,3277736,4199780,922044,922044,875648,,47403,,154186,-118267,7509,,,,,
,,2462,良得電,,,37774,,,,,,,,,,1.76,3,,上市,112,22528,,,,,,,,254536,,292310,,,,,,254800,-264,,,180292,,96772,2406403,2873696,467293,467293,287001,,277064,,292177,133,254536,,,,,
,,2464,盟立,-1461,,46108,,,,,,,,,,0.14,3,,上市,112,20467,,,,,,30884,,31979,,78087,,,,,,27831,4148,,,31374,,21072,5602574,6748408,1145834,1114950,1082115,,52446,,73939,4148,31979,,,,,
,,2465,麗臺,,,668,,,,,,,,,,-2.72,3,,上市,112,13291,,,,,,,,-160650,,-159982,,,,,,-160455,-195,,,-130120,,-17239,2247498,2554293,306795,306795,436915,,-147359,,-159788,-194,-160650,,,,,
,,2466,冠西電,,,103606,,,,,,,,,,-0.43,3,,上市,112,4388,,,,,,,,-73333,,30273,,,,,,-73333,,,,-30316,,-38629,740188,920509,180321,180321,210637,,-68945,,30273,,-73333,,,,,
,,2467,志聖,,,319334,,,,,,,,,,2.40,3,,上市,112,37155,,,,,,,,394915,,714249,,,,,,376450,18465,,,273314,,158756,1540607,2600397,1059790,1059790,786476,,432070,,689871,24378,394915,,,,,
,,2468,華經,,,3376,,,,,,,,,,0.78,3,,上市,112,15196,,,,,,,,54615,,57991,,,,,,54615,,,,63014,,6797,1549420,1751529,202109,202109,139095,,69811,,57991,,54615,,,,,
,,2471,資通,,,467,,,,,,,,,,2.80,3,,上市,112,14525,,,,,,,,132157,,132624,,,,,,132165,-8,,,39982,,106700,358565,577848,219283,219283,179301,,146682,,132514,110,132157,,,,,
,,2472,立隆電,,,5569,,,,,,,,,,4.09,3,,上市,112,306889,,,,,,,,915367,,920936,,,,,,672370,242997,,,1026997,,195259,4774220,6628596,1854376,1854376,827379,,1222256,,675624,245312,915367,,,,,
,,2474,可成,,,238805,,,,,,,,,,14.31,3,,上市,112,3557382,,,,,,,,9852974,,10091779,,,,,,9852579,395,,,1573937,,11836419,10650812,14766784,4115972,4115972,2542035,,13410356,,10090807,972,9852974,,,,,
,,2476,鉅祥,287,,39682,,,,,,,,,,2.78,3,,上市,112,221679,,,,,,,,590649,,630331,,,,,,529963,60686,,,538908,,273420,3074853,4289594,1214741,1214741,676120,,812328,,569060,61271,590649,,,,,
,,2477,美隆電,,,184843,,,,,,,,,,0.08,3,,上市,112,43697,,,,,,,,13408,,198251,,,,,,13271,137,,,-107810,,164915,1523164,1751534,228370,228370,336180,,57105,,183269,14982,13408,,,,,
,,2478,大毅,,,-3013,,,,,,,,,,2.34,3,,上市,112,113249,,,,,,,,342090,,339077,,,,,,338021,4069,,,342466,,112873,2749211,3451726,702515,702515,360049,,455339,,336684,2393,342090,,,,,
,,2480,敦陽科,,,35202,,,,,,,,,,5.51,3,,上市,112,140448,,,,,,,,586418,,621620,,,,,,586418,0,,,652368,,74498,3988280,5299427,1311147,1311147,658779,,726866,,621620,0,586418,,,,,
,,2481,強茂,,,313577,,,,,,,,,,1.77,3,,上市,112,144387,,,,,,,,829239,,1142816,,,,,,676047,153192,,,682173,,291453,7239941,9676948,2437007,2437007,1754834,,973626,,974072,168744,829239,,,,,
,,2482,連宇,,,111541,,,,,,,,,,2.43,3,,上市,112,65327,,,,,,,,189318,,300859,,,,,,189322,-4,,,206917,,47728,690168,1203926,513758,513758,306841,,254645,,300863,-4,189318,,,,,
,,2483,百容,,,29700,,,,,,,,,,0.50,3,,上市,112,-3867,,,,,,,,55832,,85532,,,,,,54171,1661,,,-22424,,74389,1171776,1367046,195270,195270,217694,,51965,,81911,3621,55832,,,,,
,,2484,希華,,,-151094,,,,,,,,,,1.58,3,,上市,112,79524,,,,,,,,252251,,101157,,,,,,252371,-120,,,237145,,94630,1275935,1786298,510363,510363,273218,,331775,,101278,-121,252251,,,,,
,,2485,兆赫,,,1196,,,,,,,,,,0.19,3,,上市,112,39345,,,,,,,,-36574,,-35378,,,,,,59805,-96379,,,-149197,,151968,4134658,4558072,423414,423414,572611,,2771,,61001,-96379,-36574,,,,,
,,2486,一詮,,,6588,,,,,,,,,,0.66,3,,上市,112,36290,,,,,,,,140599,,147187,,,,,,144890,-4291,,,86651,,90238,3108576,3626843,518267,518267,431616,,176889,,151478,-4291,140599,,,,,
,,2488,漢平,,,30599,,,,,,,,,,3.51,3,,上市,112,89794,,,,,,,,281024,,311623,,,,,,281024,0,,,288381,,82437,1318595,1825263,506668,506668,218287,,370818,,311623,0,281024,,,,,
,,2489,瑞軒,,,244010,,,,,,,,,,0.45,3,,上市,112,88540,,,,,,,,359464,,603474,,,,,,349145,10319,,,-33009,,481013,10955809,12108501,1152692,1152692,1185701,,448004,,587605,15869,359464,,,,,
,,2491,吉祥全,,,-6929,,,,,,,,,,0.12,3,,上市,112,23,,,,,,,,15314,,8385,,,,,,10055,5259,,,-101038,,116375,107797,137942,30145,30145,131183,,15337,,3126,5259,15314,,,,,
,,2492,華新科,,,2183930,,,,,,,,,,4.49,3,,上市,112,416828,,,,,,,,2775143,,4959073,,,,,,2177461,597682,,,1093867,,2098104,20592384,24738334,4145950,4145950,3052083,,3191971,,4296910,662163,2775143,,,,,
,,2493,揚博,,,-5342,,,,,,,,,,4.80,3,,上市,112,132255,,,,,,,,549599,,544257,,,,,,549599,,,,624547,,57307,1570565,2482857,912292,912292,287745,,681854,,544257,,549599,,,,,
,,2495,普安,,,4073,,,,,,,,,,0.88,3,,上市,112,48754,,,,,,,,239612,,243685,,,,,,239612,0,,,162670,,125696,505657,1036800,531143,531143,368473,,288366,,243685,0,239612,,,,,
,,2496,卓越,,,18,,,,,,,,,,3.68,3,,上市,112,18472,,,,,,,,69595,,69613,,,,,,69718,-123,,,85327,,2740,262969,557537,294568,294568,209241,,88067,,69729,-116,69595,,,,,
,,2497,怡利電,,,-11521,,,,,,,,,,1.56,3,,上市,112,20299,,,,,,,,192033,,180512,,,,,,192033,,,,150278,,62054,2087114,2689767,602653,602653,452375,,212332,,180512,,192033,,,,,
,,2498,宏達電,,,1286925,,,,,,,,,,-3.01,3,,上市,112,-2842,,,,,,,,-2499268,,-1212343,,,,,,-2499268,,,,-3204864,,702754,1892408,3218474,1326066,1326066,4530930,,-2502110,,-1212343,,-2499268,,,,,
,,2501,國建,,,69264,,,,,,,,,,0.69,3,,上市,112,148899,,,,,,,,835188,,904452,,,,,,795596,39592,,,1181507,,-197420,7002844,9445249,2442405,2442405,1260898,,984087,,864860,39592,835188,,,,,
,,2504,國產,,,219564,,,,,,,,,,2.00,3,,上市,112,654708,,,,,,,,2420580,,2640144,,,,,,2348723,71857,,,2892694,,182594,11784472,15352738,3568266,3568266,675572,,3075288,,2568287,71857,2420580,,,,,
,,2505,國揚,,,128724,,,,,,,,,,0.48,3,,上市,112,18635,,,,,,,,181172,,309896,,,,,,181424,-252,,,-45648,,245455,283398,434674,151276,151276,196924,,199807,,310148,-252,181172,,,,,
,,2506,太設,7426,,164827,,,,,,,,,,0.09,3,,上市,112,62059,,,,,,,,103813,,268640,,,,,,30810,73003,,,85698,,80174,349938,746101,396163,396163,317891,,165872,,193621,75019,103813,,,,,
,,2509,全坤建,,,135332,,,,,,,,,,-0.75,3,,上市,112,0,,,,,,,,-164141,,-28809,,,,,,-169244,5103,,,-53519,,-110622,119079,165904,46825,46825,100344,,-164141,,-50609,21800,-164141,,,,,
,,2511,太子,,,108769,,,,,,,,,,0.24,3,,上市,112,100395,,,,,,,,373158,,481927,,,,,,385760,-12602,,,386830,,86723,4500387,6267075,1766688,1766688,1379858,,473553,,494528,-12601,373158,,,,,
,,2514,龍邦,,,-17561,,,,,,,,,,1.21,3,,上市,112,300677,,,,,,,,447840,,430279,,,,,,436168,11672,,,521109,,227408,10315607,11645103,1329496,1329496,808387,,748517,,454157,-23878,447840,,,,,
,,2515,中工,,,-55163,,,,,,,,,,0.28,3,,上市,112,128854,,,,,,,,422039,,366876,,,,,,425148,-3109,,,658741,,-107848,12749572,13812154,1062582,1062582,403841,,550893,,369991,-3115,422039,,,,,
,,2516,新建,,,10649,,,,,,,,,,0.81,3,,上市,112,0,,,,,,,,182763,,193412,,,,,,182763,,,,148060,,34703,5889216,6144088,254872,254872,106812,,182763,,193412,,182763,,,,,
,,2520,冠德,,,-2421,,,,,,,,,,2.68,3,,上市,112,574601,,,,,,,,1900739,,1898318,,,,,,1449025,451714,,,2571088,,-95748,9920272,13903546,3983274,3983274,1412186,,2475340,,1447156,451162,1900739,,,,,
,,2524,京城,,,0,,,,,,,,,,0.69,3,,上市,112,64644,,,,,,,,253645,,253645,,,,,,253645,,,,537926,,-219637,914115,1767107,852992,852992,315066,,318289,,253645,,253645,,,,,
,,2527,宏璟,,,688615,,,,,,,,,,2.32,3,,上市,112,91147,,,,,,,,597020,,1285635,,,,,,608442,-11422,,,344838,,343329,1519963,2133612,613649,613649,268811,,688167,,1297057,-11422,597020,,,,,
,,2528,皇普,,,,,,,,,,,,,0.74,3,,上市,112,68351,,,,,,,,279857,,279857,,,,,,,,,,353143,,-4935,1350092,1849915,499823,499823,146680,,348208,,,,279857,,,,,
,,2530,華建,,,210,,,,,,,,,,-0.06,3,,上市,112,-39,,,,,,,,-52295,,-52085,,,,,,-47526,-4769,,,-55843,,3509,4154,9362,5208,5208,61051,,-52334,,-47316,-4769,-52295,,,,,
,,2534,宏盛,,,83418,,,,,,,,,,0.81,3,,上市,112,73296,,,,,,,,384476,,467894,,,,,,384476,,,,530345,,-72573,1199759,2116315,916556,916556,386211,,457772,,467894,,384476,,,,,
,,2535,達欣工,,,108308,,,,,,,,,,2.65,3,,上市,112,205195,,,,,,,,846130,,954438,,,,,,861575,-15445,,,888747,,162578,9122321,10381965,1259644,1259644,370897,,1051325,,962348,-7910,846130,,,,,
,,2536,宏普,,,,,,,,,,,,,-0.91,3,,上市,112,1309,,,,,,,,-311429,,-311429,,,,,,-303102,-8327,,,28438,,-338558,75141,174467,99326,99326,70888,,-310120,,-303102,-8327,-311429,,,,,
,,2537,聯上發,,,,,,,,,,,,,-0.19,3,,上市,112,-7968,,,,,,,,-57764,,-57764,,,,,,,,,,26253,,-91985,263500,356649,93149,93149,66896,,-65732,,,,-57764,,,,,
,,2538,基泰,,,-3767,,,,,,,,,,1.31,3,,上市,112,87730,,,,,,,,1780487,,1776720,,,,,,573959,1206528,,,4027,,1864190,80982,280227,199245,199245,195218,,1868217,,570192,1206528,1780487,,,,,
,,2539,櫻花建,,,,,,,,,,,,,1.21,3,,上市,112,310263,,,,,,,,1038174,,1038174,,,,,,,,,,1346693,,1744,2691111,4544010,1852899,1852899,506206,,1348437,,,,1038174,,,,,
,,2540,愛山林,,,,,,,,,,,,,1.88,3,,上市,112,342729,,,,,,,,721103,,721103,,,,,,721103,,,,1298738,,-234906,3358624,5415590,2056966,2056966,758228,,1063832,,721103,,721103,,,,,
,,2542,興富發,,,9,,,,,,,,,,1.35,3,,上市,112,1618644,,,,,,,,7733251,,7733260,,,,,,2460831,5272420,,,10311173,,-959278,23849648,37001963,13152315,13152315,2841142,,9351895,,2460840,5272420,7733251,,,,,
,,2543,皇昌,,,,,,,,,,,,,1.15,3,,上市,112,55143,,,,,,,,320147,,320147,,,,,,273421,46726,,,414954,,-39664,7241064,7851242,610178,610178,195224,,375290,,273421,46726,320147,,,,,
,,2545,皇翔,,,,,,,,,,,,,-0.14,3,,上市,112,18774,,,,,,,,-44929,,-44929,,,,,,-44929,,,,223793,,-249948,1310276,2026300,716024,716024,492231,,-26155,,-44929,,-44929,,,,,
,,2546,根基,,,45320,,,,,,,,,,5.62,3,,上市,112,190001,,,,,,,,678033,,723353,,,,,,678025,8,,,809698,,58336,9170313,10217666,1047353,1047353,237655,,868034,,723334,19,678033,,,,,
,,2547,日勝生,,,4,,,,,,,,,,-0.20,3,,上市,112,192252,,,,,,,,-122489,,-122485,,,,,,-175601,53112,,,672656,,-602893,2708843,4786347,2077504,2077504,1404848,,69763,,-175597,53112,-122489,,,,,
,,2548,華固,,,2029,,,,,,,,,,7.62,3,,上市,112,454719,,,,,,,,2104030,,2106059,,,,,,2108645,-4615,,,2619350,,-60601,5984257,9204031,3219774,3219774,600424,,2558749,,2110191,-4132,2104030,,,,,
,,2597,潤弘,,,-484385,,,,,,,,,,6.50,3,,上市,112,287018,,,,,,,,1300682,,816297,,,,,,1202672,98010,,,1528447,,59253,13933437,16219910,2286473,2286473,758026,,1587700,,754065,62232,1300682,,,,,
,,2601,益航,,,438828,,,,,,,,,,-0.47,3,,上市,112,193971,,,,,,,,-658999,,-220171,,,,,,-384250,-274749,,,125803,,-590831,1404501,4101836,2697335,2697335,2571532,,-465028,,17099,-237270,-658999,,,,,
,,2603,長榮,1057990,,17599739,,,,,,,,,,15.14,3,15742,上市,112,21789488,,,,,,0,,35849502,,53449241,,,,,,32043568,3805934,,,30029178,,27609812,166018073,207023679,41005606,41021348,12050160,,57638990,,48054505,5394736,35849502,,,,,
,14388,2605,新興,,,1035796,,,,,,,,,,0.57,3,,上市,112,32734,,,,,,,,390355,,1426151,,,,,,331351,59004,,,329938,,78763,2563418,3097827,534409,534409,204471,,408701,,1282958,143193,375967,,,,,
,,2606,裕民,,,2497081,,,,,,,,,,2.20,3,,上市,112,-49854,,,,,,,,1827673,,4324754,,,,,,1856861,-29188,,,1740159,,37660,8201437,10405886,2204449,2204449,464290,,1777819,,4353942,-29188,1827673,,,,,
,,2607,榮運,,,822749,,,,,,,,,,2.24,3,,上市,112,495247,,,,,,,,2469372,,3292121,,,,,,2392078,77294,,,1847786,,1116833,8745107,11656163,2911056,2911056,1063270,,2964619,,3210712,81409,2469372,,,,,
,,2608,嘉里大榮,,,-24899,,,,,,,,,,2.97,3,,上市,112,266068,,,,,,,,1492039,,1467140,,,,,,1385385,106654,,,1116730,,641377,7299342,8909187,1609845,1609845,493115,,1758107,,1360446,106694,1492039,,,,,
,,2609,陽明,180331,,3420990,,,,,,,,,,1.74,3,,上市,112,7337640,,,,,,,,6328672,,9749662,,,,,,6077506,251166,,,1685033,,11981279,100323390,107900924,7577534,7577534,6072832,,13666312,,9534650,215012,6328672,,,,,
,,2610,華航,,,-896753,,,,,,,,,,1.15,3,,上市,112,1675752,,,,,,,,7402263,,6505510,,,,,,6897568,504695,,,9073783,,4232,118367517,137566531,19199014,19199014,10125231,,9078015,,6000686,504824,7402263,,,,,
,,2611,志信,,,22057,,,,,,,,,,1.37,3,,上市,112,1134,,,,,,,,259700,,281757,,,,,,258253,1447,,,-32258,,293092,352779,449477,96698,96698,128956,,260834,,279918,1839,259700,,,,,
,,2612,中航,,,576389,,,,,,,,,,1.46,3,,上市,112,77529,,,,,,,,285582,,861971,,,,,0,288797,-3215,,,252810,,110301,2341225,2955114,613889,613889,361079,,363111,0,865186,-3215,285582,,,,,
,,2613,中櫃,,,1110,,,,,,,,,,0.35,3,,上市,112,16546,,,,,,,,47276,,48386,,,,,,47446,-170,,,173662,,-109840,2003000,2323012,320012,320012,146350,,63822,,48556,-170,47276,,,,,
,,2614,東森,,,86336,,,,,,,,,,0.27,3,,上市,112,24866,,,,,,,,37288,,123624,,,,,,82364,-45076,,,-57249,,119403,3026158,4316658,1290500,1290500,1347749,,62154,,168581,-44957,37288,,,,,
,,2615,萬海,1443022,,8750976,,,,,,,,,,-0.68,3,,上市,112,4708863,,,,,,,,-1904792,,6846184,,,,,,-1919649,14857,,,-5029194,,7833265,77060540,75075618,-1984922,-1984922,4487294,,2804071,,6832825,13359,-1904792,,,,,
,,2616,山隆,,,74665,,,,,,,,,,0.51,3,,上市,112,7251,,,,,,,,81880,,156545,,,,,,69564,12316,,,1574,,87557,11236703,12172616,935913,935913,934339,,89131,,143194,13351,81880,,,,,
,,2617,台航,,,-197570,,,,,,,,,,3.39,3,,上市,112,275100,,,,,,,,1414020,,1216450,,,,,,1414020,,,,857814,,831306,1896731,2914547,1017816,1017816,160002,,1689120,,1216450,,1414020,,,,,
,,2618,長榮航,,,-2024843,,,,,,,,,,3.05,3,,上市,112,4321923,,,,,,,,17637210,,15612367,,,,,,16396880,1240330,,,21905575,,53558,114117776,146298375,32180599,32180599,10275024,,21959133,,14358740,1253627,17637210,,,,,
,,2630,亞航,,,16493,,,,,,,,,,0.15,3,,上市,112,7231,,,,,,,,25435,,41928,,,,,,25435,,,,51397,,-18731,3346219,3574790,228571,228571,177174,,32666,,41928,,25435,,,,,
,,2633,台灣高鐵,,,,,,,,,,,,,0.89,3,,上市,112,1164516,,,,,,,,4997732,,4997732,,,,,,,,,,15036237,,-8873989,20442339,36646505,16204166,16204166,1167929,,6162248,,,,4997732,,,,,
,,2634,漢翔,,,105928,,,,,,,,,,2.08,3,,上市,112,534147,,,,,,,,1957049,,2062977,,,,,,1957049,,,,2080196,,411000,26364319,29459984,3095665,3095665,1015469,,2491196,,2062977,,1957049,,,,,
,,2636,台驊控股,,,-296392,,,,,,,,,,9.63,3,,上市,112,280884,,,,,,,,1375969,,1079577,,,,,,1318789,57180,,,649284,,1007569,8430474,10610697,2180223,2180223,1530939,,1656853,,1035510,44067,1375969,,,,,
,,2637,慧洋-KY,,,3230758,,,,,,,,,,2.46,3,,上市,112,18599,,,,,,,,1835039,,5065797,,,,,,1835039,,,,1963755,,-110117,10005610,12099961,2094351,2094351,130596,,1853638,,5065797,,1835039,,,,,
,,2642,宅配通,,,108646,,,,,,,,,,0.80,3,,上市,112,12429,,,,,,,,76742,,185388,,,,,,76742,,,,75566,,13605,2725385,3135455,410070,410070,334504,,89171,,185388,,76742,,,,,
,,2645,長榮航太,,,36329,,,,,,,,,,4.23,3,,上市,112,390022,,,,,,,,1560089,,1596418,,,,,,,,,,1519619,,430492,8936951,11041522,2104571,2104571,584952,,1950111,,,,1560089,,,,,
,,2701,萬企,,,310184,,,,,,,,,,0.43,3,,上市,112,41735,,,,,,,,193505,,503689,,,,,,,,,,127557,,107683,76853,227508,150655,150655,23098,,235240,,,,193505,,,,,
,,2702,華園,,,83670,,,,,,,,,,0.50,3,,上市,112,-33505,,,,,,,,78323,,161993,,,,,,78323,,,,59488,,-14670,205755,1068581,862826,862826,803338,,44818,,161993,,78323,,,,,
,,2704,國賓,,,5611834,,,,,,,,,,1.75,3,,上市,112,188341,,,,,,,,642905,,6254739,,,,,,642489,416,,,-25497,,856743,670426,973000,302574,302574,328071,,831246,,6254323,416,642905,,,,,
,,2705,六福,,,5012,,,,,,,,,,-0.84,3,,上市,112,0,,,,,,,,-160159,,-155147,,,,,,-160159,,,,-15912,,-144247,1051806,1551932,500126,500126,516038,,-160159,,-155147,,-160159,,,,,
,,2706,第一店,,,179458,,,,,,,,,,0.47,3,,上市,112,57697,,,,,,,,235542,,415000,,,,,,,,,,175113,,118126,57831,254087,196256,196256,21143,,293239,,,,235542,,,,,
,,2707,晶華,,,61798,,,,,,,,,,7.84,3,,上市,112,280218,,,,,,,,1081445,,1143243,,,,,,999431,82014,,,1298235,,63428,3169645,4967508,1797863,1797863,499628,,1361663,,1061229,82014,1081445,,,,,
,,2712,遠雄來,,,,,,,,,,,,,0.47,3,,上市,112,12463,,,,,,,,49855,,49855,,,,,,,,,,61277,,1041,351500,517790,166290,166290,105013,,62318,,,,49855,,,,,
,,2722,夏都,499,,5691,,,,,,,,,,0.81,3,,上市,112,21748,,,,,,,,96285,,101976,,,,,,95384,901,,,98620,,19413,320435,620963,300528,300528,202407,,118033,,101075,901,96285,,,,,
,,2723,美食-KY,,,95168,,,,,,,,,,4.12,3,,上市,112,259548,,,,,,,,729059,,824227,,,,,,741278,-12219,,,951840,,36767,6294218,15403815,9109597,9109597,8157757,,988607,,833527,-9300,729059,,,,,
,,2727,王品,,,3263,,,,,,,,,,13.55,3,,上市,112,279497,,,,,,,,1128258,,1131521,,,,,,1112977,15281,,,1372112,,35643,8906504,16816574,7910070,7910070,6537958,,1407755,,1115587,15934,1128258,,,,,
,,2731,雄獅,,,2076,,,,,,,,,,6.40,3,,上市,112,48477,,,,,,,,614006,,616082,,,,,,582218,31788,,,627912,,34571,13125973,15448100,2322127,2322127,1694215,,662483,,584431,31651,614006,,,,,
,,2739,寒舍,148120,,54542,,,,,,,,,,2.76,3,,上市,112,25128,,,,,,,,252989,,307531,,,,,,252989,,,,396466,,-118349,2186168,3448930,1262762,1262762,1014416,,278117,,307531,,252989,,,,,
,,2748,雲品,,,7852,,,,,,,,,,1.81,3,,上市,112,50711,,,,,,,,183373,,191225,,,,,,183373,,,,187385,,46699,1129645,1639927,510282,510282,322897,,234084,,191225,,183373,,,,,
,,2753,八方雲集,,,33285,,,,,,,,,,6.41,3,,上市,112,126480,,,,,,,,414237,,447522,,,,,,425526,-11289,,,512990,,27727,3521087,5423185,1902098,1902098,1389108,,540717,,455088,-7566,414237,,,,,
,,2801,彰銀,,,,,7475875,12698268,,16672962,,,,2308076,0.94,3,,上市,112,2526494,,,,,,,,,10236622,,17712497,,10236622,,,,,,,,,,,,,,14300038,,,,17712497,,,10236622,,,12763116,
,,2812,台中銀,,,,,668497,4419911,,8527807,,,,1318569,0.94,3,,上市,112,983515,,,,,,,,,4905664,,5574161,,4905664,,,,,,,,,,,,,,5739970,,,,5574161,,,4905664,,,5889179,
,,2816,旺旺保,,,,47728,,,,,,,,,4.68,3,,上市,112,69635,,,,,,,,1047343,,1095071,,,,,,,,,,1111124,,5854,4886867,7606280,,,1608289,,,,,,,,1047343,,,1116978
,,2820,華票,,,,,978689,1487507,,184509,,,,-6796,0.81,3,,上市,112,211881,,,,,,,,,1089067,,2067756,,,,,,,,,,,,,,,,377864,,,,,,,1089067,,,1300948,
,,2832,台產,,,,444290,,,,,,,,,2.35,3,,上市,112,185534,,,,,,,,850536,,1294826,,,,,,,,,,1038345,,-2275,3007979,5114610,,,1068286,,,,,,,,850536,,,1036070
,,2834,臺企銀,,,,,3538739,9842693,,14309928,,,,2215048,1.02,3,,上市,112,1638331,,,,,,,,,8368889,,11907628,,8368889,,,,,,,,,,,,,,11930353,,,,11907628,,,8368889,,,10007220,
,,2836,高雄銀,,,,,550061,1007322,,1920813,,,,-94840,0.56,3,,上市,112,255275,,,,,,,,,691559,,1241620,,,,,,,,,,,,,,,,2076141,,,,,,,691559,,,946834,
,,2838,聯邦銀,,,,,1809697,7269424,,6340317,,,,524143,0.84,3,,上市,112,714442,,,,,,,,,3663150,,5472847,,3657329,5821,,,,,,,,,,,,,8708006,,,,5467025,5822,,3663150,,,4377592,
,,2845,遠東銀,,,,,968436,4820130,,4989867,,,,331331,0.84,3,,上市,112,481005,,,,,,,,,3437563,,4405999,,3437563,,,,,,,,,,,,,,5560098,,,,4405999,,,3437563,,,3918568,
,0,2849,安泰銀,,,,,-83354,1810866,,2653780,,,,1265422,0.39,3,,上市,112,78434,,,,,,,,,766053,,682699,,,,,,,,,,,,,,,,2354737,,,,,,,766053,,,844487,
,,2850,新產,,,,239578,,,,,,,,,6.86,3,,上市,112,441310,,,,,,,,2166706,,2406284,,,,,,,,,,2605804,,2212,9776577,15030858,,,2648477,,,,,,,,2166706,,,2608016
,,2851,中再保,,,,-276672,,,,,,,,,1.92,3,,上市,112,328130,,,,,,,,1538895,,1262223,,,,,,,,,,1865007,,2018,14370898,16660163,,,424258,,,,,,,,1538895,,,1867025
,,2852,第一保,,,,25009,,,,,,,,,1.68,3,,上市,112,92171,,,,,,,,505416,,530425,,,,,,,,,,597650,,-63,3778839,5516422,,,1139933,,,,,,,,505416,,,597587
,,2855,統一證,,,,,,,,,,,,,1.68,3,,上市,112,217568,,,5331929,,7350749,,16712,2458814,,2475526,,,2450660,8154,,,,,2018820,,657562,,,,,,,,2676382,,2465000,10526,2458814,,,,,
723749,,2880,華南金,,,,,,,23901460,21074932,,,,1069393,1.24,3,,上市,112,,3374469,,,,,,2012207,,16891968,18904175,,,,,,16891870,98,44976392,,,,,,,,,22916813,,,,18904053,122,16891968,,,20266437,,
9852779,,2881,富邦金,,,,,,,27664238,125936144,,,,6480415,4.94,3,,上市,112,,11498957,,,,,,127523982,,67241899,194765881,,,,,,67812976,-571077,153600382,,,,,,,,,58526332,,,,195115551,-349670,67241899,,,78740856,,
94721450,,2882,國泰金,,,,,,,60014424,182426434,,,,2173121,3.81,3,,上市,112,,11258258,,,,,,30381607,,59743937,90125544,,,,,,59251994,491943,242440858,,,,,,,,,74544092,,,,88796680,1328864,59743937,,,71002195,,
-6428752,,2883,凱基金,,,,,,,-17315257,54960814,,,,294589,1.05,3,,上市,112,,2759048,,,,,,8911683,,17515683,26427366,,,,,,17512376,3307,37645557,,,,,,,,,23504989,,,,26423604,3762,17515683,,,20274731,,
,,2884,玉山金,,,,,,,26767419,21414065,,,,989544,1.04,3,,上市,112,,3714228,,,,,,1670696,,15892006,17562702,,,,,,15881830,10176,48181484,,,,,,,,,27585706,,,,17552277,10425,15892006,,,19606234,,
11705509,,2885,元大金,,,,,,,54983674,22838793,,,,268785,1.85,3,,上市,112,,4276763,,,,,,8122183,,24988719,33110902,,,,,,23531969,1456750,77822467,,,,,,,,,36582691,,,,31775820,1335082,24988719,,,29265482,,
-2421887,,2886,兆豐金,,,,,,,30555803,27099123,,,,5817129,1.92,3,,上市,112,,2919715,,,,,,8819110,,27027806,35846916,,,,,,27027806,0,57654926,,,,,,,,,24312163,,,,35846916,0,27027806,,,29947521,,
13066121,,2887,台新新光金,,,,,,,30559190,22652368,,,,1067084,0.85,3,,上市,112,,2751226,,,,,,2592765,,12103688,14696453,,,,,,12101534,2154,53211558,,,,,,,,,24223439,,,,14694299,2154,12103688,,,14854914,,
,,2889,國票金,,,,,,,4449005,958187,,,,31711,0.46,3,,上市,112,,507549,,,,,,1449461,,1939368,3388829,,,,,,1594485,344883,5407192,,,,,,,,,2928564,,,,2630081,758748,1939368,,,2446917,,
,,2890,永豐金,,,,,,,22406020,18627863,,,,1366409,1.29,3,,上市,112,,2530501,,,,,,4372539,,15711745,20084284,,,,,,15711745,,41033883,,,,,,,,,21425228,,,,20084284,,15711745,,,18242246,,
-19920802,,2891,中信金,,,,,,,8264777,98618421,,,,6647629,2.44,3,,上市,112,,6733771,,,,,,14184566,,49785641,63970207,,,,,,48586395,1199246,106883198,,,,,,,,,63636959,,,,64439724,-469517,49785641,,,56519412,,
2192425,,2892,第一金,,,,,,,27402859,24333840,,,,3376831,1.40,3,,上市,112,,4798322,,,,,,9438618,,19026657,28465275,,,,,,19026657,,51736699,,,,,,,,,22342464,,,,28465275,,19026657,,,23824979,,
,,2897,王道銀行,,,,,1482961,5857547,,1649477,,,,393336,0.74,3,,上市,112,647537,,,,,,,,,2950384,,4433345,,2142957,807427,,,,,,,,,,,,,3515767,,,,2901259,1532086,,2950384,,,3597921,
,,2901,欣欣,,,-33,,,,,,,,,,0.30,3,,上市,112,5483,,,,,,,,21774,,21741,,,,,,,,,,19143,,8114,15231,98147,82916,82916,63773,,27257,,,,21774,,,,,
,,2903,遠百,,,-147333,,,,,,,,,,1.58,3,,上市,112,831028,,,,,,,,3197867,,3050534,,,,,,2230389,967478,,,4107730,,-78835,10975315,25786990,14811675,14811675,10703945,,4028895,,2085985,964549,3197867,,,,,
,,2904,匯僑,,,11884,,,,,,,,,,0.82,3,,上市,112,14803,,,,,,,,63538,,75422,,,,,,63546,-8,,,54341,,24000,234030,337787,103757,103757,49416,,78341,,75430,-8,63538,,,,,
,,2905,三商,,9092954,,,,,,,,,,,-0.10,3,,上市,112,-1308097,,152142171,,149570057,,,,-1264017,,7828937,,,,,,-90340,-1173677,,,,,,,,,,,,,,3600332,4228605,-1264017,,,,-2572114,
,,2906,高林,,,97466,,,,,,,,,,0.29,3,,上市,112,80492,,,,,,,,233203,,330669,,,,,,59628,173575,,,299739,,13956,4091589,5800832,1709243,1709243,1409504,,313695,,151915,178754,233203,,,,,
,,2908,特力,,,102878,,,,,,,,,,0.55,3,,上市,112,18271,,,,,,,,287848,,390726,,,,,,272645,15203,,,361205,,-55086,20448229,27048173,6599944,6599944,6238739,,306119,,375398,15328,287848,,,,,
,,2910,統領,,,-5281,,,,,,,,,,0.81,3,0,上市,112,30339,,,,,,0,,141693,,136412,,,,,,141693,0,,,154948,,17084,119686,421811,302125,302125,147177,,172032,,136412,0,141693,,,,,
,,2911,麗嬰房,,,11252,,,,,,,,,,-1.86,3,,上市,112,17898,,,,,,,,-350893,,-339641,,,,,,-355419,4526,,,-374572,,41577,1297822,2189523,891701,891701,1266273,,-332995,,-351185,11544,-350893,,,,,
,,2912,統一超,,,1412432,,,,,,,,,,8.09,3,,上市,112,2832346,,,,,,,,9851094,,11263526,,,,,,8410956,1440138,,,10847817,,1835623,155248855,235592008,80343153,80343153,69495336,,12683440,,9730697,1532829,9851094,,,,,
,,2913,農林,,,0,,,,,,,,,,-0.20,3,,上市,112,-3274,,,,,,,,-156223,,-156223,,,,,,,,,,-98648,,-60849,188211,289761,101550,101550,200198,,-159497,,,,-156223,,,,,
,,2915,潤泰全,,,-2386266,,,,,,,,,,10.75,3,,上市,112,180750,,,,,,,,11281177,,8894911,,,,,,11215786,65391,,,68897,,11393030,1401531,2108015,706484,706484,637587,,11461927,,9123443,-228532,11281177,,,,,
,,2923,鼎固-KY,104762,,-348449,,,,,,,,,,0.06,3,,上市,112,2597940,,,,,,,,103378,,-245071,,,,,,103631,-253,,,3556957,,-855639,3489061,7441934,3952873,3952873,500678,,2701318,,-244943,-128,103378,,,,,
,,2929,淘帝-KY,,,4379,,,,,,,,,,-0.50,3,,上市,112,14468,,,,,,,,-54463,,-50084,,,,,,-54463,,,,-48864,,8869,1237843,1483316,245473,245473,294337,,-39995,,-50084,,-54463,,,,,
,,2939,永邑-KY,-3204,,123,,,,,,,,,,-0.71,3,,上市,112,9356,,,,,,,,-32390,,-32267,,,,,,-32390,0,,,-117676,,94642,226416,296977,70561,70561,185033,,-23034,,-32267,0,-32390,,,,,
,,2945,三商家購,,,,,,,,,,,,,1.00,3,,上市,112,15945,,,,,,,,51178,,51178,,,,,0,67253,-16075,,,77193,,-10070,7821323,10515476,2694153,2694153,2616960,,67123,0,67253,-16075,51178,,,,,
,,3002,歐格,,,73685,,,,,,,,,,0.03,3,,上市,112,-1741,,,,,,,,180,,73865,,,,,,3362,-3182,,,-7981,,6420,369619,474560,104941,104941,112922,,-1561,,74677,-812,180,,,,,
,,3003,健和興,,,-2157,,,,,,,,,,2.90,3,,上市,112,191461,,,,,,,,455502,,453345,,,,,,451767,3735,,,535856,,111107,2180163,3157814,977651,977651,441795,,646963,,450262,3083,455502,,,,,
,,3004,豐達科,,,6950,,,,,,,,,,3.98,3,,上市,112,35995,,,,,,,,211101,,218051,,,,,,211101,0,,,232859,,14237,1640424,2206851,566427,566427,333568,,247096,,218051,0,211101,,,,,
,,3005,神基,,,696547,,,,,,,,,,4.76,3,,上市,112,683290,,,,,,,,3038262,,3734809,,,,,,2887928,150334,,,2924290,,797262,18717299,25818983,7101684,7101684,4177394,,3721552,,3566931,167878,3038262,,,,,
,,3006,晶豪科,,,10498,,,,,,,,,,-2.25,3,,上市,112,-1547,,,,,,,,-614941,,-604443,,,,,,-629640,14699,,,-1225289,,608801,8483964,8719647,235683,235683,1460972,,-616488,,-619142,14699,-614941,,,,,
,,3008,大立光,,,1909329,,,,,,,,,,96.93,3,2214,上市,112,3040458,,,,,,0,,12937441,,14846770,,,,,,12937441,,,,9905158,,6072741,16609464,30959193,14349729,14351943,4446785,,15977899,,14846770,,12937441,,,,,
,,3010,華立,,,1005646,,,,,,,,,,7.16,3,,上市,112,573860,,,,,,,,1838284,,2843930,,,,,,1690334,147950,,,1878887,,533257,45412481,49564559,4152078,4152078,2273191,,2412144,,2707374,136556,1838284,,,,,
,,3011,今皓,,,12626,,,,,,,,,,-0.34,3,,上市,112,-26329,,,,,,,,-38043,,-25417,,,,,,-38043,,,,-89523,,25151,745116,876073,130957,130957,220480,,-64372,,-25417,,-38043,,,,,
,,3013,晟銘電,,,2245,,,,,,,,,,0.94,3,,上市,112,38483,,,,,,,,183414,,185659,,,,,,183414,0,,,135068,,86829,4144745,4654784,510039,510039,374971,,221897,,185659,0,183414,,,,,
,,3014,聯陽,,,356365,,,,,,,,,,7.77,3,,上市,112,272702,,,,,,,,1251887,,1608252,,,,,,1251887,0,,,1420636,,103953,2202468,4826487,2624019,2624019,1203383,,1524589,,1608252,0,1251887,,,,,
,,3015,全漢,,,573460,,,,,,,,,,3.10,3,,上市,112,127979,,,,,,465,,612460,,1185920,,,,,,580512,31948,,,376319,,364120,8395406,10284506,1889100,1888635,1512316,,740439,,1151452,34468,612460,,,,,
,,3016,嘉晶,,,-834,,,,,,,,,,0.41,3,,上市,112,30394,,,,,,,,119586,,118752,,,,,,119586,,,,115350,,34630,2867575,3210234,342659,342659,227309,,149980,,118752,,119586,,,,,
,,3017,奇鋐,,,125055,,,,,,,,,,9.75,3,,上市,112,1534961,,,,,,,,3999141,,4124196,,,,,,3633903,365238,,,5004880,,529222,33731617,42474247,8742630,8742630,3737750,,5534102,,3753034,371162,3999141,,,,,
,0,3018,隆銘綠能,,,-253,,,,,,,,,,-1.12,3,,上市,112,1575,,,,,,,,-84272,,-84525,,,,,,-84272,,,,-61651,,-21046,442026,442320,294,294,61945,,-82697,,-84525,,-84272,,,,,
,,3019,亞光,,,613015,,,,,,,,,,1.79,3,,上市,112,168908,,,,,,,,763325,,1376340,,,,,,498701,264624,,,680938,,251295,10649679,13002307,2352628,2352628,1671690,,932233,,1049119,327221,763325,,,,,
,,3021,鴻名,,,27334,,,,,,,,,,0.89,3,,上市,112,45516,,,,,,,,85331,,112665,,,,,,85265,66,,,121247,,9600,1787208,2199439,412231,412231,290984,,130847,,112599,66,85331,,,,,
,,3022,威強電,,,142160,,,,,,,,,,6.86,3,1526,上市,112,408964,,,,,,3774,,1211530,,1353690,,,,,,1211530,0,,,935587,,684907,3789501,5926746,2137245,2134997,1199410,,1620494,,1353690,0,1211530,,,,,
,,3023,信邦,,,115097,,,,,,,,,,11.21,3,,上市,112,733869,,,,,,,,2507738,,2622835,,,,,,2683796,-176058,,,2661000,,580607,18836662,25398757,6562095,6562095,3901095,,3241607,,2809918,-187083,2507738,,,,,
,,3024,憶聲,,,-5670,,,,,,,,,,0.33,3,,上市,112,23058,,,,,,,,92023,,86353,,,,,,92023,,,,83606,,31475,852593,1178560,325967,325967,242361,,115081,,86353,,92023,,,,,
,,3025,星通,,,52,,,,,,,,,,1.56,3,,上市,112,17773,,,,,,,,108923,,108975,,,,,,108923,0,,,69039,,57657,152052,400074,248022,248022,178983,,126696,,108975,0,108923,,,,,
,,3026,禾伸堂,,,34110,,,,,,,,,,4.68,3,,上市,112,212412,,,,,,,,654959,,689069,,,,,,777147,-122188,,,738028,,129343,8408962,10315544,1906582,1906582,1168554,,867371,,807085,-118016,654959,,,,,
,,3027,盛達,0,,10075,,,,,,,,,,1.08,3,,上市,112,24982,,,,,,,,147500,,157575,,,,,,118188,29312,,,13337,,159145,1057504,1364859,307355,307355,294018,,172482,,127195,30380,147500,,,,,
,,3028,增你強,,,229648,,,,,,,,,,1.91,3,,上市,112,117889,,,,,,,,425139,,654787,,,,,,425139,,,,706323,,-163295,22518091,24293479,1775388,1775388,1069065,,543028,,654787,,425139,,,,,
,,3029,零壹,,,33676,,,,,,,,,,3.41,3,,上市,112,125750,,,,,,,,528504,,562180,,,,,,523242,5262,,,611408,,42846,9473204,10683486,1210282,1210282,598874,,654254,,557014,5166,528504,,,,,
,,3030,德律,,,2011,,,,,,,,,,3.06,3,,上市,112,182265,,,,,,,,722915,,724926,,,,,,722915,,,,799389,,105791,1274249,3130122,1855873,1855873,1056484,,905180,,724926,,722915,,,,,
,,3031,佰鴻,,,159367,,,,,,,,,,0.62,3,,上市,112,35787,,,,,,,,104504,,263871,,,,,,108136,-3632,,,50515,,89776,627872,853686,225814,225814,175299,,140291,,265788,-1917,104504,,,,,
,,3032,偉訓,,,17230,,,,,,,,,,4.22,3,,上市,112,143381,,,,,,,,584991,,602221,,,,,,472149,112842,,,622964,,105408,4739776,6122717,1382941,1382941,759977,,728372,,486311,115910,584991,,,,,
,,3033,威健,,,276555,,,,,,,,,,1.32,3,,上市,112,197454,,,,,,,,559473,,836028,,,,,,559473,,,,1429340,,-672413,49367429,52700122,3332693,3332693,1903353,,756927,,836028,,559473,,,,,
,,3034,聯詠,,,612602,,,,,,,,,,29.56,3,,上市,112,3911461,,,,,,,,17989556,,18602158,,,,,,17989556,0,,,20355399,,1545618,48326579,83274873,34948294,34948294,14592895,,21901017,,18602158,0,17989556,,,,,
,,3035,智原,,,365439,,,,,,,,,,5.11,3,,上市,112,400604,,,,,,,,1206658,,1572097,,,,,,1269677,-63019,,,1498829,,108433,5131365,9141749,4010384,4010384,2511555,,1607262,,1634786,-62689,1206658,,,,,
,,3036,文曄,,,7868132,,,,,,,,,,3.06,3,,上市,112,923140,,,,,,,,3012187,,10880319,,,,,,2968494,43693,,,6283363,,-2348036,391412752,404822806,13410054,13410054,7126691,,3935327,,10798271,82048,3012187,,,,,
,,3037,欣興,15569,,875384,,,,,,,,,,5.97,3,,上市,112,2695197,,,,,,,,9306306,,10181690,,,,,,9073129,233177,,,7529486,,4472017,62553400,78346769,15793369,15793369,8279452,,12001503,,10134897,46793,9306306,,,,,
,,3038,全台,3152,,134751,,,,,,,,,,2.37,3,,上市,112,79935,,,,,,,,353155,,487906,,,,,,352856,299,,,321749,,111341,2705317,3456925,751608,751608,433011,,433090,,494471,-6565,353155,,,,,
,,3040,遠見,,,79274,,,,,,,,,,0.76,3,,上市,112,36353,,,,,,,,48132,,127406,,,,,,48132,0,,,56715,,27770,31370,116379,85009,85009,28294,,84485,,127406,0,48132,,,,,
,,3041,揚智,,,1285,,,,,,,,,,-3.42,3,,上市,112,80487,,,,,,,,-660038,,-658753,,,,,,-659977,-61,,,-535363,,-44188,793964,1003406,209442,209442,744805,,-579551,,-658692,-61,-660038,,,,,
,,3042,晶技,,,117356,,,,,,,,,,4.22,3,,上市,112,262887,,,,,,,,1305683,,1423039,,,,,,1305683,,,,1250770,,317800,5097719,7809988,2712269,2712269,1461499,,1568570,,1423039,,1305683,,,,,
,,3043,科風,,,-34086,,,,,,,,,,1.74,3,,上市,112,6975,,,,,,,,68199,,34113,,,,,,67659,540,,,85103,,-9929,892891,1149795,256904,256904,171801,,75174,,33732,381,68199,,,,,
,,3044,健鼎,,,689557,,,,,,,,,,8.07,3,,上市,112,1428808,,,,,,,,4241701,,4931258,,,,,,4241496,205,,,4590671,,1079838,35848511,43910695,8062184,8062184,3471513,,5670509,,4931053,205,4241701,,,,,
,,3045,台灣大,638851,,-381466,,,,,,,,,,3.08,3,,上市,112,2438850,,,,,,,,10099574,,9718108,,,,,,8688202,1411372,,,13067565,,-529141,104252021,129748709,25496688,25496688,13067974,,12538424,,8313233,1404875,10099574,,,,,
,,3046,建碁,,,-22466,,,,,,,,,,2.52,3,,上市,112,4125,,,,,,,,182758,,160292,,,,,,182801,-43,,,148888,,37995,4053996,4386080,332084,332084,183196,,186883,,160329,-37,182758,,,,,
,,3047,訊舟,,,70018,,,,,,,,,,0.13,3,,上市,112,25593,,,,,,,,-128129,,-58111,,,,,,27531,-155660,,,-154073,,51537,2458332,3268689,810357,810357,964430,,-102536,,95727,-153838,-128129,,,,,
,,3048,益登,,,293963,,,,,,,,,,-0.09,3,,上市,112,45181,,,,,,,,-25303,,268660,,,,,,-25303,0,,,1098764,,-1078886,72731315,75148434,2417119,2417119,1318355,,19878,,268660,0,-25303,,,,,
,,3049,精金,,,22048,,,,,,,,,,-0.69,3,,上市,112,-6249,,,,,,,,-600079,,-578031,,,,,,-554134,-45945,,,-704695,,98367,1677269,1151895,-525374,-525374,179321,,-606328,,-532086,-45945,-600079,,,,,
,0,3050,鈺德,,,5887,,,,,,,,,,0.59,3,,上市,112,12798,,,,,,,,103587,,109474,,,,,,86178,17409,,,111007,,5378,531122,871513,340391,340391,229384,,116385,,92065,17409,103587,,,,,
,,3051,力特,,,41552,,,,,,,,,,0.59,3,,上市,112,29686,,,,,,,,99180,,140732,,,,,,99180,0,,,68082,,60784,1224345,1529853,305508,305508,237426,,128866,,140732,0,99180,,,,,
,,3052,夆典,,,6233,,,,,,,,,,0.77,3,,上市,112,39631,,,,,,,,153100,,159333,,,,,,151066,2034,,,168384,,24347,2155222,2445260,290038,290038,121654,,192731,,157322,2011,153100,,,,,
,,3054,立萬利,,,12216,,,,,,,,,,-0.10,3,,上市,112,-862,,,,,,,,-7795,,4421,,,,,,-7795,,,,-28228,,19571,13153,24810,11657,11657,39885,,-8657,,4421,,-7795,,,,,
,0,3055,蔚華科,200,,40958,,,,,,,,,,-0.55,3,,上市,112,18673,,,,,,,,-63284,,-22326,,,,,,-63099,-185,,,-154049,,109438,867376,1034636,167260,167260,321509,,-44611,,-22395,69,-63284,,,,,
,,3056,富華新,,,,,,,,,,,,,1.04,3,,上市,112,103309,,,,,,,,355142,,355142,,,,,,355142,,,,412678,,45773,883006,1492588,609582,609582,196904,,458451,,355142,,355142,,,,,
,,3057,喬鼎,,,10393,,,,,,,,,,-0.64,3,,上市,112,1821,,,,,,,,-62453,,-52060,,,,,,-59222,-3231,,,-74043,,13411,270347,433437,163090,163090,237133,,-60632,,-48671,-3389,-62453,,,,,
,,3058,立德,,,73060,,,,,,,,,,0.11,3,-850,上市,112,7584,,,,,,0,,15818,,88878,,,,,,18060,-2242,,,-47048,,70450,2423607,2826284,402677,401827,448875,,23402,,90994,-2116,15818,,,,,
,,3059,華晶科,,,222934,,,,,,,,,,0.96,3,,上市,112,144044,,,,,,,,296310,,519244,,,,,,265189,31121,,,278575,,161779,5030120,6757701,1727581,1727581,1449006,,440354,,487996,31248,296310,,,,,
,,3060,銘異,,,-13765,,,,,,,,,,-1.14,3,,上市,112,7765,,,,,,,,-170816,,-184581,,,,,,-156469,-14347,,,-209816,,46765,1753366,1881260,127894,127894,337710,,-163051,,-170496,-14085,-170816,,,,,
,,3062,建漢,,,34137,,,,,,,,,,-0.75,3,,上市,112,-27312,,,,,,,,-245177,,-211040,,,,,,-245177,,,,-347213,,74724,2813731,2806093,-7638,-7638,339575,,-272489,,-211040,,-245177,,,,,
,0,3090,日電貿,,,81953,,,,,,,,,,2.89,3,,上市,112,169063,,,,,,,,615005,,696958,,,,,,603299,11706,,,675624,,108444,6729733,7998239,1268506,1268506,592882,,784068,,685274,11684,615005,,,,,
,,3092,鴻碩,60495,,9097,,,,,,,,,,-0.67,3,,上市,112,-6166,,,,,,,,-69278,,-60181,,,,,,-69278,,,,-89311,,13867,1392865,1634971,242106,242106,391912,,-75444,,-60181,,-69278,,,,,
,,3094,聯傑,,,5225,,,,,,,,,,0.55,3,,上市,112,5657,,,,,,,,45050,,50275,,,,,,45050,,,,13160,,37547,57932,183658,125726,125726,112566,,50707,,50275,,45050,,,,,
,,3130,一零四,,,101,,,,,,,,,,11.25,3,,上市,112,71687,,,,,,,,373241,,373342,,,,,,373241,0,,,418675,,26253,225491,1759702,1534211,1534211,1115536,,444928,,373342,0,373241,,,,,
,,3138,耀登,,,25792,,,,,,,,,,3.56,3,,上市,112,50684,,,,,,,,166293,,192085,,,,,,166293,0,,,174854,,42123,718720,1267658,548938,548938,374084,,216977,,192085,0,166293,,,,,
,,3149,正達,,,2688,,,,,,,,,,-0.43,3,,上市,112,0,,,,,,,,-61373,,-58685,,,,,,-61373,,,,-151688,,90315,1324755,1364585,39830,39830,191518,,-61373,,-58685,,-61373,,,,,
,,3150,鈺寶-創,,,,,,,,,,,,,-0.21,3,,上市,112,562,,,,,,,,-6628,,-6628,,,,,,,,,,-10286,,4220,91848,176713,84865,84865,95151,,-6066,,,,-6628,,,,,
,,3164,景岳,,,2189,,,,,,,,,,0.41,3,,上市,112,6283,,,,,,,,27134,,29323,,,,,,35006,-7872,,,3949,,29468,85249,243913,158664,158664,154715,,33417,,37001,-7678,27134,,,,,
,,3167,大量,,,-1785,,,,,,,,,,-0.10,3,,上市,112,-37,,,,,,,,-9020,,-10805,,,,,,-7914,-1106,,,-72805,,63748,645110,820601,175491,175491,248296,,-9057,,-9699,-1106,-9020,,,,,
,,3168,眾福科,,,4684,,,,,,,,,,3.42,3,1259,上市,112,70638,,,,,,0,,262611,,267295,,,,,,237577,25034,,,335116,,-1867,2377807,3135281,757474,758733,423617,,333249,,240793,26502,262611,,,,,
,,3189,景碩,,,55934,,,,,,,,,,-0.70,3,,上市,112,150803,,,,,,,,390363,,446297,,,,,,-315868,706231,,,257552,,283614,14897002,19342724,4445722,4445722,4188170,,541166,,-252903,699200,390363,,,,,
,,3209,全科,,,146186,,,,,,,,,,2.03,3,,上市,112,138609,,,,,,,,459330,,605516,,,,,,462598,-3268,,,976604,,-378665,41280907,43078087,1797180,1797180,820576,,597939,,608784,-3268,459330,,,,,
,,3229,晟鈦,,,0,,,,,,,,,,-0.22,3,,上市,112,4781,,,,,,,,-14604,,-14604,,,,,,-14384,-220,,,-24383,,14560,665608,704364,38756,38756,63139,,-9823,,-14384,-220,-14604,,,,,
,,3231,緯創,,,6432120,,,,,,,,,,2.90,3,,上市,112,4248468,,,,,,,,12949744,,19381864,,,,,,8134492,4815252,,,16855256,,342956,588946140,636517435,47571295,47571295,30716039,,17198212,,13554595,5827269,12949744,,,,,
,,3257,虹冠電,,,18382,,,,,,,,,,2.52,3,,上市,112,34106,,,,,,,,201395,,219777,,,,,,201395,,,,205723,,29778,414924,795120,380196,380196,174473,,235501,,219777,,201395,,,,,
,,3266,昇陽,,,-2123,,,,,,,,,,1.10,3,,上市,112,99800,,,,,,,,380404,,378281,,,,,,387035,-6631,,,474306,,5898,1797661,2596192,798531,798531,324225,,480204,,386070,-7789,380404,,,,,
,,3296,勝德,,,10573,,,,,,,,,,-0.85,3,,上市,112,-920,,,,,,,,-81834,,-71261,,,,,,-81834,,,,-100391,,17637,895429,1098249,202820,202820,303211,,-82754,,-71261,,-81834,,,,,
,,3305,昇貿,,,73209,,,,,,,,,,1.58,3,,上市,112,117105,,,,,,,,208234,,281443,,,,,,208312,-78,,,319623,,5716,3974963,4679099,704136,704136,384513,,325339,,281521,-78,208234,,,,,
,-26780,3308,聯德,,,11836,,,,,,,,,,6.83,3,,上市,112,29733,,,,,,,,482595,,494431,,,,,,482611,-16,,,84241,,454867,327957,484210,156253,156253,72012,,539108,,494448,-17,509375,,,,,
,,3311,閎暉,,,29938,,,,,,,,,,1.35,3,,上市,112,35773,,,,,,,,92100,,122038,,,,,,92100,,,,63337,,64536,1291712,1540696,248984,248984,185647,,127873,,122038,,92100,,,,,
,,3312,弘憶股,,,94414,,,,,,,,,,1.47,3,,上市,112,53889,,,,,,,,233831,,328245,,,,,,239540,-5709,,,242469,,45251,10614331,11212572,598241,598241,355772,,287720,,333954,-5709,233831,,,,,
,,3321,同泰,,,267,,,,,,,,,,-2.39,3,,上市,112,8084,,,,,,,,-160554,,-160287,,,,,,-160554,,,,-198121,,45651,1166197,1163829,-2368,-2368,195753,,-152470,,-160287,,-160554,,,,,
,,3338,泰碩,,,2816,,,,,,,,,,2.02,3,,上市,112,58712,,,,,,,,176794,,179610,,,,,,176794,,,,168012,,67494,2166279,2727058,560779,560779,392767,,235506,,179610,,176794,,,,,
,,3346,麗清,0,,3242,,,,,,,,,,1.76,3,,上市,112,-8799,,,,,,,,190221,,193463,,,,,,190221,,,,215657,,-34235,5054136,5876531,822395,822395,606738,,181422,,193463,,190221,,,,,
,,3356,奇偶,,,21247,,,,,,,,,,2.39,3,,上市,112,37341,,,,,,,,218835,,240082,,,,,,214403,4432,,,84673,,171503,498637,928331,429694,429694,345021,,256176,,235406,4676,218835,,,,,
,,3376,新日興,,,66097,,,,,,,,,,3.32,3,,上市,112,262246,,,,,,,,623447,,689544,,,,,,623447,,,,589834,,295859,5839490,7075493,1236003,1236003,646169,,885693,,689544,,623447,,,,,
,,3380,明泰,,,216110,,,,,,,,,,0.92,3,,上市,112,148542,,,,,,,,539188,,755298,,,,,,496210,42978,,,698187,,-10457,17527248,21476066,3948818,3948818,3250631,,687730,,645934,109364,539188,,,,,
,,3406,玉晶光,,,26320,,,,,,,,,,17.02,3,,上市,112,917091,,,,,,,,1930780,,1957100,,,,,,1918610,12170,,,2302514,,545357,9901611,14847110,4945499,4945499,2642985,,2847871,,1944970,12130,1930780,,,,,
,,3413,京鼎,,,52230,,,,,,,,,,15.29,3,,上市,112,372105,,,,,,,,1485534,,1537764,,,,,,1485534,0,,,1451110,,406529,7182290,9671457,2489167,2489167,1038057,,1857639,,1537764,0,1485534,,,,,
,,3416,融程電,,,56631,,,,,,,,,,5.51,3,-235,上市,112,90984,,,,,,,,418261,,474892,,,,,,418261,,,,440719,,68526,1211382,1993568,782186,781951,341232,,509245,,474892,,418261,,,,,
,,3419,譁裕,-112,,-939,,,,,,,,,,-0.31,3,,上市,112,530,,,,,,,,-42017,,-42956,,,,,,-37380,-4637,,,-141439,,99952,917829,1084886,167057,167057,308384,,-41487,,-38319,-4637,-42017,,,,,
,,3432,台端,,,14379,,,,,,,,,,-0.18,3,,上市,112,337,,,,,,,,-12257,,2122,,,,,,-12257,,,,-22367,,10447,9380,13528,4148,4148,26515,,-11920,,2122,,-12257,,,,,
,,3437,榮創,,,17159,,,,,,,,,,-0.28,3,,上市,112,5855,,,,,,,,-58858,,-41699,,,,,,-39921,-18937,,,-93332,,40329,1192601,1490630,298029,298029,391361,,-53003,,-23060,-18639,-58858,,,,,
,,3443,創意,,,6464,,,,,,,,,,20.86,3,,上市,112,521608,,,,,,,,2795883,,2802347,,,,,,2795883,,,,3142114,,175377,13749457,19925918,6176461,6176461,3034347,,3317491,,2802347,,2795883,,,,,
,,3447,展達,,,12836,,,,,,,,,,0.50,3,,上市,112,21422,,,,,,,,38342,,51178,,,,,,38342,,,,8506,,51258,2162036,2422371,260335,260335,251829,,59764,,51178,,38342,,,,,
,,3450,聯鈞,-6426,,50635,,,,,,,,,,-0.51,3,,上市,112,129175,,,,,,,,90897,,141532,,,,,,-74424,165321,,,109622,,110450,3376387,3960883,584496,584496,468448,,220072,,-51420,192952,90897,,,,,
,0,3481,群創,,,1206549,,,,,,,,,,-1.64,3,,上市,112,1943449,,,,,,,,-15362675,,-14156126,,,,,,-15405688,43013,,,-15534831,,2115605,157047523,158336334,1288811,1288811,16823642,,-13419226,,-14197481,41355,-15362675,,,,,
,,3494,誠研,,,3918,,,,,,,,,,-0.76,3,,上市,112,9707,,,,,,,,-179036,,-175118,,,,,,-99372,-79664,,,-138226,,-31103,455228,516082,60854,60854,199080,,-169329,,-95454,-79664,-179036,,,,,
,,3501,維熹,,,37755,,,,,,,,,,3.41,3,,上市,112,158515,,,,,,,,402765,,440520,,,,,,402765,,,,432908,,128372,3101068,4024905,923837,923837,490929,,561280,,440520,,402765,,,,,
,,3504,揚明光,,,38871,,,,,,,,,,-1.93,3,,上市,112,-773,,,,,,,,-220670,,-181799,,,,,,-220211,-459,,,-245974,,24531,2066598,2293320,226722,226722,472696,,-221443,,-181309,-490,-220670,,,,,
,,3515,華擎,,,218888,,,,,,,,,,4.85,3,,上市,112,156600,,,,,,,,589488,,808376,,,,,,591931,-2443,,,578329,,167759,10846078,13383891,2537813,2537813,1959484,,746088,,810819,-2443,589488,,,,,
,,3518,柏騰,,,6127,,,,,,,,,,-0.08,3,,上市,112,35250,,,,,,,,-8521,,-2394,,,,,,-6770,-1751,,,-37361,,64090,215678,296624,80946,80946,118307,,26729,,-3250,856,-8521,,,,,
,,3528,安馳,,,15135,,,,,,,,,,0.95,3,,上市,112,26495,,,,,,,,63185,,78320,,,,,,,,,,337041,,-247361,4558094,5137986,579892,579892,242851,,89680,,,,63185,,,,,
,,3530,晶相光,,,3044,,,,,,,,,,-2.50,3,,上市,112,-37843,,,,,,,,-193427,,-190383,,,,,,-193427,,,,-287324,,56054,1268754,1224510,-44244,-44244,243080,,-231270,,-190383,,-193427,,,,,
,,3532,台勝科,,,-22730,,,,,,,,,,7.27,3,,上市,112,682676,,,,,,,,2820318,,2797588,,,,,,2820318,,,,3133023,,369971,7199932,11030043,3830111,3830111,697088,,3502994,,2797588,,2820318,,,,,
,,3533,嘉澤,,,115586,,,,,,,,,,39.36,3,,上市,112,1399514,,,,,,,,4459264,,4574850,,,,,,4333547,125717,,,4954493,,904285,9646597,17912303,8265706,8265706,3311213,,5858778,,4451819,123031,4459264,,,,,
,,3535,晶彩科,,,734,,,,,,,,,,0.21,3,,上市,112,13797,,,,,,,,16661,,17395,,,,,,16661,,,,3023,,27435,220801,410526,189725,189725,186702,,30458,,17395,,16661,,,,,
,,3543,州巧,,,55579,,,,,,,,,,0.88,3,,上市,112,41522,,,,,,,,61663,,117242,,,,,,78540,-16877,,,73706,,29479,1970601,2411728,441127,441127,367421,,103185,,129961,-12719,61663,,,,,
,,3545,敦泰,,,131613,,,,,,,,,,1.37,3,,上市,112,72824,,,,,,,,277117,,408730,,,,,,283682,-6565,,,86270,,263671,7984301,9936037,1951736,1951736,1865466,,349941,,414903,-6173,277117,,,,,
,,3550,聯穎,,,59440,,,,,,,,,,-1.59,3,,上市,112,-3388,,,,,,,,-139210,,-79770,,,,,,-139318,108,,,-148937,,6339,2437780,2781814,344034,344034,492971,,-142598,,-80068,298,-139210,,,,,
,,3557,嘉威,,,35155,,,,,,,,,,3.78,3,,上市,112,86619,,,,,,,,303794,,338949,,,,,,303794,,,,372640,,17773,2156947,3525616,1368669,1368669,996029,,390413,,338949,,303794,,,,,
,,3563,牧德,,,-846,,,,,,,,,,9.01,3,,上市,112,105116,,,,,,,,434479,,433633,,,,,,448312,-13833,,,458218,,81377,593577,1524969,931392,931392,473174,,539595,,447764,-14131,434479,,,,,
,,3576,聯合再生,,,333838,,,,,,,,,,-1.06,3,,上市,112,6075,,,,,,,,-1744995,,-1411157,,,,,,-1730511,-14484,,,-1326071,,-412849,10767661,10269749,-497912,-497912,828159,,-1738920,,-1426349,15192,-1744995,,,,,
,,3583,辛耘,,,98906,,,,,,,,,,5.82,3,,上市,112,140846,,,,,,6051,,467795,,566701,,,,,,467795,,,,425148,,183493,3437623,4972615,1534992,1528941,1103793,,608641,,566701,,467795,,,,,
,,3588,通嘉,,,-457,,,,,,,,,,-0.09,3,,上市,112,0,,,,,,,,-5066,,-5523,,,,,,-5066,,,,-35434,,30368,519940,813200,293260,293260,328694,,-5066,,-5523,,-5066,,,,,
,,3591,艾笛森,,,31998,,,,,,,,,,0.31,3,,上市,112,3535,,,,,,,,40273,,72271,,,,,,41031,-758,,,35338,,8470,1082303,1459396,377093,377093,341755,,43808,,69940,2331,40273,,,,,
,,3592,瑞鼎,,,-75408,,,,,,,,,,13.58,3,,上市,112,58219,,,,,,,,1030169,,954761,,,,,,1030169,,,,855452,,232936,9618548,13430738,3812190,3812190,2956738,,1088388,,954761,,1030169,,,,,
,,3593,力銘,,,15018,,,,,,,,,,-0.68,3,,上市,112,-3614,,,,,,,,-63499,,-48481,,,,,,-63499,,,,-43493,,-23620,603772,650457,46685,46685,90178,,-67113,,-48481,,-63499,,,,,
,,3596,智易,,,144326,,,,,,,,,,7.98,3,,上市,112,591053,,,,,,,,1736446,,1880772,,,,,,1759734,-23288,,,2207621,,119878,31737895,37030901,5293006,5293006,3085385,,2327499,,1907833,-27061,1736446,,,,,
,,3605,宏致,,,63218,,,,,,,,,,-1.30,3,,上市,112,7627,,,,,,,,-176536,,-113318,,,,,,-174929,-1607,,,-282749,,113840,5041383,6318090,1276707,1276707,1559456,,-168909,,-111751,-1567,-176536,,,,,
,,3607,谷崧,,,-53,,,,,,,,,,-0.34,3,,上市,112,60,,,,,,,,-37944,,-37997,,,,,,-41914,3970,,,-112591,,74707,1785648,1943724,158076,158076,270667,,-37884,,-42048,4051,-37944,,,,,
,,3617,碩天,,,115404,,,,,,,,,,13.49,3,0,上市,112,389013,,,,,,0,,1197103,,1312507,,,,,,1184353,12750,,,1280953,,305163,4813672,8899778,4086106,4086106,2805153,,1586116,,1299721,12786,1197103,,,,,
,,3622,洋華,,,484991,,,,,,,,,,2.75,3,,上市,112,12037,,,,,,,,454508,,939499,,,,,,416237,38271,,,267605,,198940,775615,1214063,438448,438448,170843,,466545,,901228,38271,454508,,,,,
,,3645,達邁,,,140,,,,,,,,,,-0.43,3,,上市,112,9825,,,,,,,,-66534,,-66394,,,,,,-57035,-9499,,,-55033,,-1676,1022145,1239768,217623,217623,272656,,-56709,,-56895,-9499,-66534,,,,,
,,3652,精聯,,,10002,,,,,,,,,,0.55,3,,上市,112,8039,,,,,,,,41383,,51385,,,,,,41201,182,,,13971,,35451,1153768,1691524,537756,537756,523785,,49422,,51345,40,41383,,,,,
,,3653,健策,,,84020,,,,,,,,,,13.19,3,,上市,112,404277,,,,,,,,1798070,,1882090,,,,,,1818877,-20807,,,1933829,,268518,6004661,8939945,2935284,2935284,1001455,,2202347,,1903108,-21018,1798070,,,,,
,,3661,世芯-KY,,,764246,,,,,,,,,,30.31,3,,上市,112,585246,,,,,,,,2200348,,2964594,,,,,,2205715,-5367,,,2514744,,270850,16560626,21254900,4694274,4694274,2179530,,2785594,,2969961,-5367,2200348,,,,,
,,3665,貿聯-KY,,,208372,,,,,,,,,,11.26,3,,上市,112,891360,,,,,,,,1804189,,2012561,,,,,,1809479,-5290,,,3372676,,-677127,29260148,38856196,9596048,9596048,6223372,,2695549,,2017697,-5136,1804189,,,,,
,,3669,圓展,,,124620,,,,,,,,,,2.27,3,,上市,112,23400,,,,,,,,210894,,335514,,,,,,210894,,,,57805,,176489,830955,1912591,1081636,1081636,1023831,,234294,,335514,,210894,,,,,
,,3673,TPK-KY,,,1434360,,,,,,,,,,0.51,3,,上市,112,423320,,,,,,,,201221,,1635581,,,,,,205825,-4604,,,11001,,613540,49240244,51606110,2365866,2365866,2354865,,624541,,1627284,8297,201221,,,,,
,,3679,新至陞,,,22465,,,,,,,,,,7.45,3,,上市,112,166662,,,,,,,,467020,,489485,,,,,,467020,,,,312566,,321116,1852346,2495987,643641,643641,331075,,633682,,489485,,467020,,,,,
,,3686,達能,,,,,,,,,,,,,-0.29,3,,上市,112,0,,,,,,,,-21991,,-21991,,,,,,-21991,,,,-33791,,11800,22905,22329,-576,-576,33215,,-21991,,-21991,,-21991,,,,,
,,3694,海華,,,110203,,,,,,,,,,1.80,3,,上市,112,4904,,,,,,,,275495,,385698,,,,,,275495,,,,253889,,26510,6319171,7278805,959634,959634,705745,,280399,,385698,,275495,,,,,
,,3701,大眾控,,,-27735,,,,,,,,,,1.70,3,,上市,112,148312,,,,,,,,658538,,630803,,,,,,372060,286478,,,622766,,184084,8362651,10048462,1685811,1685811,1063045,,806850,,367095,263708,658538,,,,,
,,3702,大聯大,,,5942091,,,,,,,,,,2.50,3,,上市,112,1715527,,,,,,,,4649917,,10592008,,,,,,4594032,55885,,,7371671,,-1006227,470253744,488797875,18544131,18544131,11172460,,6365444,,10523123,68885,4649917,,,,,
,,3703,欣陸,,,878985,,,,,,,,,,1.54,3,,上市,112,269770,,,,,,,,1003307,,1882292,,,,,,1264109,-260802,,,1624744,,-351667,19438555,22563298,3124743,3124743,1499999,,1273077,,1983354,-101062,1003307,,,,,
,,3704,合勤控,,,17162,,,,,,,,,,2.67,3,,上市,112,297194,,,,,,,,1063979,,1081141,,,,,,1055501,8478,,,1012864,,348309,17978610,22951124,4972514,4972514,3959650,,1361173,,1072798,8343,1063979,,,,,
,,3705,永信,,,-6755,,,,,,,,,,2.32,3,,上市,112,216447,,,,,,,,654998,,648243,,,,,,618133,36865,,,647047,,224398,2908244,5083572,2175328,2175328,1528281,,871445,,606624,41619,654998,,,,,
,,3706,神達,,,-2562704,,,,,,,,,,1.24,3,,上市,112,273624,,,,,,,,1489841,,-1072863,,,,,,1486450,3391,,,-30580,,1794045,24465462,27683536,3218074,3218074,3248654,,1763465,,-1076713,3850,1489841,,,,,
,,3708,上緯投控,,,66115,,,,,,,,,,12.96,3,,上市,112,143646,,,,,,,,1290367,,1356482,,,,,,1264088,26279,,,171110,,1262903,4367653,5339522,971869,971869,800759,,1434013,,1313555,42927,1290367,,,,,
,,3711,日月光投控,,,9258880,,,,,,,,,,5.20,3,,上市,112,6581907,,,,,,,,23651225,,32910105,,,,,,22333430,1317795,,,28513083,,1720049,355337462,421333270,65995808,65995808,37482725,,30233132,,31160507,1749598,23651225,,,,,
,,3712,永崴投控,,,62606,,,,,,,,,,1.17,3,,上市,112,141580,,,,,,,,424331,,486937,,,,,,287740,136591,,,442506,,123405,8882898,10248619,1365721,1365721,923215,,565911,,323826,163111,424331,,,,,
,,3714,富采,29755,,536433,,,,,,,,,,-3.75,3,-26,上市,112,47753,,,,,,-13,,-3213438,,-2677005,,,,,,-2820268,-393170,,,-3176135,,10450,16015951,16731395,715444,715431,3921321,,-3165685,,-2298821,-378184,-3213438,,,,,
,,3715,定穎投控,,,124461,,,,,,,,,,2.71,3,,上市,112,317448,,,,,,,,771022,,895483,,,,,,751194,19828,,,1081774,,6696,8957857,11547659,2589802,2589802,1508028,,1088470,,872788,22695,771022,,,,,
,,4104,佳醫,,,491549,,,,,,,,,,3.59,3,72698,上市,112,170373,,,,,,68246,,689542,,1181091,,,,,,558220,131322,,,508427,,351488,4825424,6048633,1223209,1227661,719234,,859915,,906935,274156,689542,,,,,
,,4106,雃博,,,55625,,,,,,,,,,1.24,3,,上市,112,50823,,,,,,,,126038,,181663,,,,,,125548,490,,,145476,,31385,1137082,1968244,831162,831162,685686,,176861,,183517,-1854,126038,,,,,
,,4108,懷特,,,28414,,,,,,,,,,-0.08,3,,上市,112,0,,,,,,,,-38947,,-10533,,,,,,-15200,-23747,,,-79428,,40481,67611,115885,48274,48274,127702,,-38947,,12870,-23403,-38947,,,,,
,,4119,旭富,,,203605,,,,,,,,,,2.78,3,,上市,112,76151,,,,,,,,298332,,501937,,,,,0,298332,0,,,151389,,223094,629815,912743,282928,282928,131539,,374483,0,501937,0,298332,,,,,
,,4133,亞諾法,,,4063,,,,,,,,,,0.54,3,,上市,112,14583,,,,,,,,32891,,36954,,,,,,32891,,,,33374,,14100,159342,288076,128734,128734,95360,,47474,,36954,,32891,,,,,
,,4137,麗豐-KY,,,129576,,,,,,,,,,9.25,3,,上市,112,329720,,,,,,,,733308,,862884,,,,,,733308,,,,987226,,75802,562215,3305577,2743362,2743362,1756136,,1063028,,862884,,733308,,,,,
,,4142,國光生,,,11122,,,,,,,,,,-0.54,3,,上市,112,0,,,,,,,,-308612,,-297490,,,,,,-226015,-82597,,,-338947,,30335,895927,1225604,329677,329677,668624,,-308612,,-220860,-76630,-308612,,,,,
,,4148,全宇生技-KY,,,-48736,,,,,,,,,,2.31,3,,上市,112,52324,,,,,,,,182240,,133504,,,,,,147901,34339,,,150777,,83787,1811859,2253108,441249,441249,290472,,234564,,107755,25749,182240,,,,,
,,4155,訊映,,,-15889,,,,,,,,,,0.27,3,13720,上市,112,15752,,,,,,11680,,29508,,13619,,,,,,33926,-4418,,,1082,,44178,739710,916120,176410,178450,177368,,45260,,18037,-4418,29508,,,,,
,,4164,承業醫,,,9881,,,,,,,,,,1.33,3,,上市,112,74914,,,,,,,,226643,,236524,,,,,,218069,8574,,,347132,,-45575,1750803,2424121,673318,673318,326186,,301557,,227951,8573,226643,,,,,
,,4190,佐登-KY,592,,931,,,,,,,,,,0.17,3,,上市,112,41825,,,,,,,,10406,,11337,,,,,,10406,,,,32175,,20056,720543,2274816,1554273,1554273,1522690,,52231,,11337,,10406,,,,,
,0,4306,炎洲,,,334675,,,,,,,,,,0.94,3,,上市,112,128927,,,,,,,,630124,,964799,,,,,,582104,48020,,,474577,,284474,7660059,9204859,1544800,1544800,1070223,,759051,,916179,48620,630124,,,,,
,,4414,如興,,,110655,,,,,,,,,,-0.69,3,,上市,112,-6809,,,,,,,,-566217,,-455562,,,,,,-570304,4087,,,-417033,,-155993,9070575,10548653,1478078,1478078,1895111,,-573026,,-484521,28959,-566217,,,,,
,,4426,利勤,,,24416,,,,,,,,,,0.11,3,,上市,112,15729,,,,,,,,19513,,43929,,,,,,19646,-133,,,-4531,,39773,811817,997804,185987,185987,190518,,35242,,44062,-133,19513,,,,,
,,4438,廣越,,,178711,,,,,,,,,,8.31,3,,上市,112,325305,,,,,,,,1028050,,1206761,,,,,,859666,168384,,,1053713,,299642,11701063,13923765,2222702,2222702,1168989,,1353355,,991569,215192,1028050,,,,,
,,4439,冠星-KY,,,114651,,,,,,,,,,10.49,3,,上市,112,104817,,,,,,,,395532,,510183,,,,,,395532,,,,476473,,23876,3171022,4214060,1043038,1043038,566565,,500349,,510183,,395532,,,,,
,,4440,宜新實業,,,-882,,,,,,,,,,0.36,3,,上市,112,6663,,,,,,,,24303,,23421,,,,,,,,,,28119,,2847,677192,746048,68856,68856,40737,,30966,,,,24303,,,,,
,,4526,東台,,,20268,,,,,,,,,,-0.05,3,,上市,112,-13854,,,,,,,,51522,,71790,,,,,,-11808,63330,,,-17321,,54989,4467007,5708256,1241249,1241249,1258570,,37668,,8732,63058,51522,,,,,
,,4532,瑞智,,,229316,,,,,,,,,,1.17,3,,上市,112,225944,,,,,,,,614391,,843707,,,,,,584330,30061,,,653335,,187000,10629005,12460446,1831441,1831441,1178106,,840335,,790438,53269,614391,,,,,
,,4536,拓凱,,,128007,,,,,,,,,,12.99,3,,上市,112,502475,,,,,,,,1232121,,1360128,,,,,,1179316,52805,,,1323953,,410643,4916955,7247192,2330237,2330237,1006284,,1734596,,1296561,63567,1232121,,,,,
,,4540,全球傳動,,,207,,,,,,,,,,0.40,3,,上市,112,10766,,,,,,,,37672,,37879,,,,,,37672,,,,60967,,-12529,1662622,2109650,447028,447028,386061,,48438,,37879,,37672,,,,,
,,4545,銘鈺,,,15273,,,,,,,,,,1.31,3,,上市,112,36459,,,,,,,,100584,,115857,,,,,,100584,,,,96739,,40304,1326401,1641468,315067,315067,218328,,137043,,115857,,100584,,,,,
,,4551,智伸科,,,97842,,,,,,,,,,4.05,3,,上市,112,183054,,,,,,,,466357,,564199,,,,,,466357,,,,543579,,105832,4296332,5504495,1208163,1208163,664584,,649411,,564199,,466357,,,,,
,,4552,力達-KY,,,16740,,,,,,,,,,2.25,3,,上市,112,144305,,,,,,,,261264,,278004,,,,,,261264,,,,416405,,-10836,2793762,3585322,791560,791560,375155,,405569,,278004,,261264,,,,,
,,4555,氣立,,,7190,,,,,,,,,,-0.11,3,,上市,112,-5402,,,,,,,,-7629,,-439,,,,,,-7243,-386,,,-6000,,-7031,746816,1040567,293751,293751,299751,,-13031,,-198,-241,-7629,,,,,
,,4557,永新-KY,,,50745,,,,,,,,,,6.96,3,,上市,112,74190,,,,,,,,298169,,348914,,,,,,292013,6156,,,370880,,1479,1602654,2348110,745456,745456,374576,,372359,,348047,867,298169,,,,,
,,4560,強信-KY,,,4093,,,,,,,,,,0.80,3,,上市,112,5160,,,,,,,,54523,,58616,,,,,,54523,,,,40588,,19095,634782,908661,273879,273879,233291,,59683,,58616,,54523,,,,,
,,4562,穎漢,8,,14771,,,,,,,,,,-0.41,3,,上市,112,6255,,,,,,,,-39702,,-24931,,,,,,-36114,-3588,,,-37848,,4401,368798,562728,193930,193930,231786,,-33447,,-21292,-3639,-39702,,,,,
,,4564,元翎,,,640,,,,,,,,,,-1.28,3,,上市,112,-32454,,,,,,,,-250454,,-249814,,,,,,-250454,,,,-262723,,-20185,1082578,1016918,-65660,-65660,197063,,-282908,,-249814,,-250454,,,,,
,,4566,時碩工業,,,2596,,,,,,,,,,3.28,3,,上市,112,53597,,,,,,,,277597,,280193,,,,,,277597,,,,187915,,143279,2505002,3215082,710080,710080,522165,,331194,,280193,0,277597,,,,,
,,4569,六方科-KY,,,-16262,,,,,,,,,,3.99,3,,上市,112,846,,,,,,,,113077,,96815,,,,,,113077,,,,40909,,73014,708350,874165,165815,165815,124906,,113923,,96815,,113077,,,,,
,,4571,鈞興-KY,,,4911,,,,,,,,,,4.02,3,,上市,112,63910,,,,,,,,212328,,217239,,,,,,212328,,,,202945,,73293,1240276,1738002,497726,497726,294781,,276238,,217239,,212328,,,,,
,,4572,駐龍,,,,,,,,,,,,,5.07,3,,上市,112,61019,,,,,,,,197762,,197762,,,,,,197762,,,,219767,,39014,333511,627407,293896,293896,74129,,258781,,197762,,197762,,,,,
,,4576,大銀微系統,,,-12942,,,,,,,,,,0.04,3,,上市,112,10352,,,,,,,,35966,,23024,,,,,,4350,31616,,,909,,45409,1135662,1622351,486689,486689,485780,,46318,,-1314,24338,35966,,,,,
,0,4581,光隆精密-KY,,,6120,,,,,,,,,,4.70,3,,上市,112,36708,,,,,,,,159144,,165264,,,,,,159159,-15,,,168981,,26871,603235,899664,296429,296429,127448,,195852,,165253,11,159144,,,,,
,,4583,台灣精銳,,,,,,,,,,,,,9.40,3,,上市,112,196534,,,,,,,,753501,,753501,,,,,,753501,,,,668082,,281953,891227,2004573,1113346,1113346,445264,,950035,,753501,,753501,,,,,
,,4588,玖鼎電力,,,,,,,,,,,,,3.17,3,,上市,112,30816,,,,,,,,123262,,123262,,,,,,,,,,162390,,-8312,590738,830639,239901,239901,77511,,154078,,,,123262,,,,,
,,4720,德淵,,,18854,,,,,,,,,,0.78,3,,上市,112,45165,,,,,,-48,,73474,,92328,,,,,,80757,-7283,,,36114,,82525,1955434,2435756,480322,480370,444256,,118639,,95717,-3389,73474,,,,,
,,4722,國精化,,,11307,,,,,,,,,,1.21,3,,上市,112,36657,,,,,,,,121397,,132704,,,,,,121397,,,,120365,,37689,2121934,2501941,380007,380007,259642,,158054,,132704,,121397,,,,,
,,4736,泰博,,,-4045,,,,,,,,,,9.43,3,,上市,112,279683,,,,,,,,905746,,901701,,,,,,899009,6737,,,782586,,402843,2113833,3728464,1614631,1614631,832045,,1185429,,889946,11755,905746,,,,,
,,4737,華廣,,,6467,,,,,,,,,,-0.09,3,,上市,112,-704,,,,,,,,-4774,,1693,,,,,,-5242,468,,,7480,,-12958,761150,1265910,504760,504760,497280,,-5478,,1490,203,-4774,,,,,
,,4739,康普,,,7293,,,,,,,,,,-0.66,3,,上市,112,26068,,,,,,,,-49542,,-42249,,,,,,-69372,19830,,,-71165,,47691,4030141,4150512,120371,120371,191536,,-23474,,-64368,22119,-49542,,,,,
,,4746,台耀,,,-15182,,,,,,,,,,-0.47,3,,上市,112,150095,,,,,,,,-175655,,-190837,,,,,,-56340,-119315,,,439690,,-465250,1750761,3148129,1397368,1397368,957678,,-25560,,-61530,-129307,-175655,,,,,
,,4755,三福化,,,7280,,,,,,,,,,3.11,3,,上市,112,91149,,,,,,,,313552,,320832,,,,,,313924,-372,,,349777,,54924,2971990,3674610,702620,702620,352843,,404701,,321788,-956,313552,,,,,
,,4763,材料*-KY,,,47499,,,,,,,,,,39.63,3,,上市,112,580329,,,,,,,,3279470,,3326969,,,,,,3240182,39288,,,3716635,,143164,2882472,7188867,4306395,4306395,589760,,3859799,,3282577,44392,3279470,,,,,
,,4764,雙鍵,,,-12065,,,,,,,,,,-0.66,3,,上市,112,2487,,,,,,,,-55963,,-68028,,,,,,-56698,735,,,-89723,,36247,1474757,1666492,191735,191735,281458,,-53476,,-68919,891,-55963,,,,,
,,4766,南寶,,,-2193197,,,,,,,,,,15.03,3,,上市,112,567593,,,,,,,,1908050,,-285147,,,,,,1812263,95787,,,2036573,,439070,10445298,15063781,4618483,4618483,2581910,,2475643,,-402757,117610,1908050,,,,,
,,4770,上品,,,9049,,,,,,,,,,16.38,3,,上市,112,306352,,,,,,,,1297320,,1306369,,,,,,1297320,,,,1527398,,76274,2395149,4403897,2008748,2008748,481350,,1603672,,1306369,,1297320,,,,,
,,4771,望隼,,,1760,,,,,,,,,,7.25,3,,上市,112,116237,,,,,,,,447929,,449689,,,,,,377665,70264,,,547080,,17086,1090137,1765638,675501,675501,128421,,564166,,380824,68865,447929,,,,,
,,4807,日成-KY,,,-10265,,,,,,,,,,-4.14,3,,上市,112,-16913,,,,,,,,-165033,,-175298,,,,,,-159122,-5911,,,-203909,,21963,817500,808790,-8710,-8710,195199,,-181946,,-168165,-7133,-165033,,,,,
,,4904,遠傳,598203,,-92418,,,,,,,,,,2.56,3,,上市,112,1885494,,,,,,,,8417750,,8325332,,,,,,8348182,69568,,,10429053,,-125809,46151399,67224022,21072623,21072623,11241773,,10303244,,8254955,70377,8417750,,,,,
,,4906,正文,,,-234812,,,,,,,,,,1.85,3,,上市,112,190142,,,,,,,,697146,,462334,,,,,,727054,-29908,,,409384,,477904,18080957,20233075,2152118,2152118,1742734,,887288,,492242,-29908,697146,,,,,
,,4912,聯德控股-KY,,,79319,,,,,,,,,,2.25,3,,上市,112,56232,,,,,,,,156407,,235726,,,,,,139870,16537,,,199448,,13191,2625720,3460590,834870,834870,635422,,212639,,218033,17693,156407,,,,,
,,4915,致伸,,,378514,,,,,,,,,,4.41,3,,上市,112,519489,,,,,,,,2142017,,2520531,,,,,,1990712,151305,,,2207792,,453714,39145423,46465647,7320224,7320224,5112432,,2661506,,2332565,187966,2142017,,,,,
,,4916,事欣科,,,99422,,,,,,,,,,1.34,3,,上市,112,54573,,,,,,,,120246,,219668,,,,,,120246,,,,161196,,13623,2129965,2527954,397989,397989,236793,,174819,,219668,,120246,,,,,
,,4919,新唐,,,-398919,,,,,,,,,,4.08,3,,上市,112,306950,,,,,,,,1713535,,1314616,,,,,,1713535,,,,1450674,,569811,15889480,26878415,10988935,10988935,9538261,,2020485,,1314616,,1713535,,,,,
,,4927,泰鼎-KY,,,-103333,,,,,,,,,,-2.30,3,,上市,112,12,,,,,,,,-437624,,-540957,,,,,,-435989,-1635,,,-307745,,-129867,8613417,9543104,929687,929687,1237432,,-437612,,-538912,-2045,-437624,,,,,
,,4930,燦星網,,,116979,,,,,,,,,,3.04,3,,上市,112,161682,,,,,,,,497401,,614380,,,,,,242937,254464,,,347381,,311702,4137447,5103314,965867,965867,618486,,659083,,296990,317390,497401,,,,,
,,4934,太極,,,11477,,,,,,,,,,0.94,3,,上市,112,2481,,,,,,,,109690,,121167,,,,,,211437,-101747,,,22451,,89720,1651333,1990601,339268,339268,316817,,112171,,222914,-101747,109690,,,,,
,,4935,茂林-KY,,,177399,,,,,,,,,,2.29,3,,上市,112,18929,,,,,,,,294524,,471923,,,,,,294524,,,,99184,,214269,3753951,4381491,627540,627540,528356,,313453,,471923,,294524,,,,,
,,4938,和碩,,,8723975,,,,,,,,,,4.02,3,,上市,112,4798842,,,,,,,,11606854,,20330829,,,,,,10718053,888801,,,10294365,,6111331,881563460,914613914,33050454,33050454,22756089,,16405696,,19210069,1120760,11606854,,,,,
,,4942,嘉彰,,,196642,,,,,,,,,,3.67,3,,上市,112,262088,,,,,,,,520245,,716887,,,,,,521984,-1739,,,587074,,195259,3471044,4596734,1125690,1125690,538616,,782333,,718626,-1739,520245,,,,,
,,4943,康控-KY,,,-68870,,,,,,,,,,-2.20,3,,上市,112,2644,,,,,,,,-190576,,-259446,,,,,,-190576,0,,,-326331,,138399,1247855,1208439,-39416,-39416,286915,,-187932,,-259446,0,-190576,,,,,
,,4949,有成精密,,,2917,,,,,,,,,,3.00,3,,上市,112,79370,,,,,,,,181897,,184814,,,,,,181897,,,,257631,,3636,2948735,3784865,836130,836130,578499,,261267,,184814,,181897,,,,,
,,4952,凌通,-56,,1352,,,,,,,,,,1.40,3,,上市,112,15494,,,,,,,,152415,,153767,,,,,,152415,,,,140870,,27039,1023926,1669115,645189,645189,504263,,167909,,153767,,152415,,,,,
,,4956,光鋐,124,,70,,,,,,,,,,-0.63,3,,上市,112,-17007,,,,,,,,-62841,,-62771,,,,,,-62841,,,,-101554,,21706,845803,873393,27590,27590,129268,,-79848,,-62771,,-62841,,,,,
,,4958,臻鼎-KY,,,2999010,,,,,,,,,,2.84,3,,上市,112,-159367,,,,,,,,4362224,,7361234,,,,,,2684605,1677619,,,2905195,,1297662,81221067,97001710,15780643,15780643,12875448,,4202857,,3560718,3800516,4362224,,,,,
,,4960,誠美材,,,-8629,,,,,,,,,,-0.56,3,,上市,112,-3358,,,,,,,,-331345,,-339974,,,,,,-331345,,,,-381913,,47210,6710325,6984371,274046,274046,655959,,-334703,,-339974,,-331345,,,,,
,,4961,天鈺,,,-30361,,,,,,,,,,9.21,3,,上市,112,366073,,,,,,,,1755189,,1724828,,,,,,1614062,141127,,,1764627,,356635,8509371,12519227,4009856,4009856,2245229,,2121262,,1670677,54151,1755189,,,,,
,,4967,十銓,,,-4665,,,,,,,,,,0.49,3,,上市,112,1981,,,,,,,,34360,,29695,,,,,,34360,,,,44995,,-8654,10177394,10872419,695025,695025,650030,,36341,,29695,,34360,,,,,
,,4968,立積,,,781,,,,,,,,,,-2.09,3,,上市,112,-47627,,,,,,,,-188397,,-187616,,,,,,-188397,,,,-290764,,54740,1587306,2113309,526003,526003,816767,,-236024,,-187616,,-188397,,,,,
,,4976,佳凌,,,,,,,,,,,,,-0.90,3,,上市,112,0,,,,,,,,-123793,,-123793,,,,,,,,,,-182943,,59150,786126,708268,-77858,-77858,105085,,-123793,,,,-123793,,,,,
,,4977,眾達-KY,-3695,,55176,,,,,,,,,,4.51,3,,上市,112,609,,,,,,,,358068,,413244,,,,,,360879,-2811,,,174123,,184554,1203573,1539922,336349,336349,158531,,358677,,415893,-2649,358068,,,,,
,,4989,榮科,,,-3722,,,,,,,,,,-0.40,3,,上市,112,-9375,,,,,,,,-55357,,-59079,,,,,,-55357,,,,-121830,,57098,2733362,2717485,-15877,-15877,105953,,-64732,,-59079,,-55357,,,,,
,,4994,傳奇,,,111,,,,,,,,,,1.48,3,,上市,112,8573,,,,,,,,150114,,150225,,,,,,150114,,,,101883,,56804,525593,1220895,695302,695302,593419,,158687,,150225,,150114,,,,,
,,4999,鑫禾,,,2318,,,,,,,,,,0.44,3,,上市,112,30307,,,,,,,,32639,,34957,,,,,,32639,,,,-28110,,91056,1216209,1438962,222753,222753,250863,,62946,,34957,,32639,,,,,
,,5007,三星,,,-6875,,,,,,,,,,2.57,3,,上市,112,201474,,,,,,,,771090,,764215,,,,,,757160,13930,,,871532,,101032,3711605,4916878,1205273,1205273,333741,,972564,,753559,10656,771090,,,,,
,,5203,訊連,,,103430,,,,,,,,,,2.67,3,,上市,112,60275,,,,,,,,210815,,314245,,,,,,210815,,,,116208,,154882,198908,1355540,1156632,1156632,1040424,,271090,,314245,,210815,,,,,
,,5215,科嘉-KY,52,,50312,,,,,,,,,,2.38,3,,上市,112,102543,,,,,,,,160728,,211040,,,,,,153288,7440,,,160285,,102986,1342500,1812739,470239,470239,310006,,263271,,201155,9885,160728,,,,,
,,5222,全訊,,,-2713,,,,,,,,,,4.10,3,,上市,112,65987,,,,,,,,304471,,301758,,,,,,,,,,310993,,59465,393938,876953,483015,483015,172022,,370458,,,,304471,,,,,
,,5225,東科-KY,,,88853,,,,,,,,,,6.47,3,,上市,112,1712,,,,,,,,421215,,510068,,,,,,421215,,,,440546,,-17619,6899580,8129477,1229897,1229897,789351,,422927,,510068,,421215,,,,,
,,5234,達興材料,,,,,,,,,,,,,4.04,3,,上市,112,68184,,,,,,,,414526,,414526,,,,,,414526,,,,473366,,9344,2138156,3266524,1128368,1128368,655002,,482710,,414526,,414526,,,,,
,,5236,凌陽創新,-10,,9425,,,,,,,,,,5.28,3,,上市,112,51553,,,,,,,,306306,,315731,,,,,,,,,,324609,,33250,479638,1206402,726764,726764,402145,,357859,,,,306306,,,,,
,,5243,乙盛-KY,,,423937,,,,,,,,,,3.05,3,,上市,112,241392,,,,,,,,513596,,937533,,,,,,513596,,,,713487,,41501,7072418,8865279,1792861,1792861,1079374,,754988,,937533,,513596,,,,,
,,5244,弘凱,,,1750,,,,,,,,,,1.64,3,,上市,112,25339,,,,,,,,111417,,113167,,,,,,111417,0,,,107705,,29051,337497,618202,280705,280705,173000,,136756,,113167,0,111417,,,,,
,,5258,虹堡,,,42872,,,,,,,,,,6.43,3,,上市,112,236768,,,,,,,,689212,,732084,,,,,,668727,20485,,,737931,,188049,3949759,5788401,1838642,1838642,1100711,,925980,,706276,25808,689212,,,,,
,,5269,祥碩,,,1474090,,,,,,,,,,22.45,3,22268,上市,112,236347,,,,,,16991,,1553232,,3027322,,,,,,,,,,1183965,,605614,2232986,4690375,2457389,2462666,1278701,,1789579,,,,1553232,,,,,
,,5283,禾聯碩,,,,,,,,,,,,,6.61,3,26,上市,112,123683,,,,,,26,,482845,,482845,,,,,,482845,0,,,559438,,47090,3102691,4821675,1718984,1718984,1159546,,606528,,482845,0,482845,,,,,
,,5284,jpp-KY,,,-29991,,,,,,,,,,8.27,3,,上市,112,41198,,,,,,,,393857,,363866,,,,,,396125,-2268,,,418033,,17022,1033209,1765747,732538,732538,314505,,435055,,365352,-1486,393857,,,,,
,,5285,界霖,,,-28930,,,,,,,,,,1.53,3,,上市,112,86219,,,,,,,,156020,,127090,,,,,,156020,,,,165488,,76751,3337547,3865564,528017,528017,362529,,242239,,127090,,156020,,,,,
,,5288,豐祥-KY,,,170504,,,,,,,,,,10.97,3,1,上市,112,204368,,,,,,0,,724638,,895142,,,,,,725419,-781,,,803998,,125008,4243261,5363318,1120057,1120058,316060,,929006,,895434,-292,724638,,,,,
,,5292,華懋,,,2756,,,,,,,,,,6.73,3,,上市,112,59170,,,,,,,,207428,,210184,,,,,,207428,,,,224955,,41643,1098815,1442114,343299,343299,118344,,266598,,210184,,207428,,,,,
,,5306,桂盟,-1008,,43755,,,,,,,,,,4.95,3,,上市,112,242989,,,,,,,,623747,,667502,,,,,,623815,-68,,,788803,,77933,2254433,3710017,1455584,1455584,665773,,866736,,667560,-58,623747,,,,,
,,5388,中磊,,,189063,,,,,,,,,,6.55,3,,上市,112,402778,,,,,,,,1690031,,1879094,,,,,,1688161,1870,,,2224575,,-131766,39735656,46950847,7215191,7215191,4990616,,2092809,,1877575,1519,1690031,,,,,
,,5434,崇越,,,-72487,,,,,,,,,,12.01,3,,上市,112,755839,,,,,,8358,,2216640,,2144153,,,,,,2201466,15174,,,2391645,,580834,32214683,37040034,4825351,4816993,2425348,,2972479,,2128859,15294,2216640,,,,,
,,5469,瀚宇博,,,2595919,,,,,,,,,,4.60,3,,上市,112,1676010,,,,,,,,3864449,,6460368,,,,,,2433081,1431368,,,5304122,,236337,24731568,32891043,8159475,8159475,2855353,,5540459,,4254143,2206225,3864449,,,,,
,,5471,松翰,,,237153,,,,,,,,,,0.86,3,,上市,112,-807,,,,,,,,144194,,381347,,,,,,144194,,,,86450,,56937,1115506,1899707,784201,784201,697751,,143387,,381347,,144194,,,,,
,,5484,慧友,,,-545,,,,,,,,,,-0.27,3,,上市,112,0,,,,,,,,-17717,,-18262,,,,,,-17717,,,,-49444,,31727,214399,274263,59864,59864,109308,,-17717,,-18262,,-17717,,,,,
,,5515,建國,,,154288,,,,,,,,,,1.01,3,,上市,112,43645,,,,,,,,254627,,408915,,,,,,254627,,,,55833,,242439,2617880,2906087,288207,288207,232374,,298272,,408915,,254627,,,,,
,,5519,隆大,,,-3188,,,,,,,,,,1.33,3,,上市,112,62863,,,,,,,,290767,,287579,,,,,,290767,,,,348031,,5599,1175478,1732427,556949,556949,208918,,353630,,287579,,290767,,,,,
,,5521,工信,,,34426,,,,,,,,,,0.08,3,,上市,112,7131,,,,,,,,37251,,71677,,,,,,37251,,,,21137,,23245,3619363,3861382,242019,242019,220882,,44382,,71677,,37251,,,,,
,,5522,遠雄,24829,,-31188,,,,,,,,,,2.19,3,3356,上市,112,440685,,,,,,,,1714321,,1683133,,,,,,1714321,,,,2101210,,53796,8465565,11783328,3317763,3321119,1244738,,2155006,,1683133,,1714321,,,,,
,,5525,順天,,,,,,,,,,,,,2.56,3,,上市,112,199626,,,,,,,,696816,,696816,,,,,,694698,2118,,,910927,,-14485,3498703,4805533,1306830,1306830,395903,,896442,,694698,2118,696816,,,,,
,,5531,鄉林,,,211273,,,,,,,,,,-0.16,3,,上市,112,-37947,,,,,,,,-298831,,-87558,,,,,,-159196,-139635,,,9940,,-346718,2433839,3354328,920489,920489,910549,,-336778,,52077,-139635,-298831,,,,,
,,5533,皇鼎,,,,,,,,,,,,,2.80,3,,上市,112,147408,,,,,,,,799760,,799760,,,,,,799760,,,,918536,,28632,2256629,3358252,1101623,1101623,183087,,947168,,799760,,799760,,,,,
,,5534,長虹,,,0,,,,,,,,,,1.65,3,,上市,112,167398,,,,,,0,,480144,,480144,,,,,,480032,112,,,626473,,21069,2077241,2962177,884936,884936,258463,,647542,,480032,112,480144,,,,,
,,5538,東明-KY,,,4609,,,,,,,,,,1.27,3,,上市,112,-14578,,,,,,,,258013,,262622,,,,,,256664,1349,,,289179,,-45744,9206472,10100456,893984,893984,604805,,243435,,262480,142,258013,,,,,
,,5546,永固-KY,,,2429,,,,,,,,,,-3.04,3,,上市,112,-63431,,,,,,,,-266460,,-264031,,,,,,-250196,-16264,,,-298504,,-31387,2532268,2770330,238062,238062,536566,,-329891,,-247837,-16194,-266460,,,,,
,,5607,遠雄港,,,5534,,,,,,,,,,2.68,3,,上市,112,-108943,,,,,,,,808453,,813987,,,,,,808453,0,,,814898,,-115388,977836,2127470,1149634,1149634,334736,,699510,,813987,0,808453,,,,,
,,5608,四維航,,,628894,,,,,,,,,,-1.56,3,,上市,112,112646,,,,,,,,-660075,,-31181,,,,,,-582091,-77984,,,-154070,,-393359,2565257,2632176,66919,66919,220989,,-547429,,46803,-77984,-660075,,,,,
,0,5706,鳳凰,6894,,51464,,,,,,,,,,1.58,3,,上市,112,21915,,,,,,,,114106,,165570,,,,,0,115909,-1803,,,130636,,5385,1369044,1624578,255534,255534,131792,,136021,0,167341,-1771,114106,,,,,
,,5871,中租-KY,696182,,613841,,,,,,,,,,11.60,3,,上市,112,7849345,,,,,,,,20156129,,20769970,,,,,,19296234,859895,,,25174900,,2830574,24006151,72461883,48455732,48455732,23977014,,28005474,,19867504,902466,20156129,,,,,
,,5876,上海商銀,,,,,9883313,8938132,,29133969,,,,2182552,3.03,3,,上市,112,3898083,,,,,,,,,18215873,,28099186,,14681813,3534060,,,,,,,,,,,,,13775593,,,,20415722,7683464,,18215873,,,22113956,
1995341,,5880,合庫金,,,,,,,21655561,24384401,,,,3543900,0.99,3,,上市,112,,3524777,,,,,,6050143,,14989617,21039760,,,,,,14514358,475259,46039962,,,,,,,,,21986327,,,,20678478,361282,14989617,,,18514394,,
,,5906,台南-KY,-487,,14625,,,,,,,,,,2.30,3,,上市,112,20606,,,,,,,,81302,,95927,,,,,,76806,4496,,,97808,,4100,728594,1575520,846926,846926,748631,,101908,,91431,4496,81302,,,,,
,,5907,大洋-KY,,,90572,,,,,,,,,,-3.26,3,,上市,112,188838,,,,,,,,-637427,,-546855,,,,,,-637427,,,,-10359,,-438230,484505,2811795,2327290,2327290,2337649,,-448589,,-546855,,-637427,,,,,
,,6005,群益證,,,,,,,,,,,,,1.51,3,,上市,112,173846,,,7048484,,9159204,,699424,3605582,,4305006,,,3271990,333592,,,,,2110720,,1668708,,,,,,,,3779428,,3942297,362709,3605582,,,,,
,,6024,群益期,,,,,,,,,,,,,3.65,3,,上市,112,198640,,,1594069,,1674873,,67056,767608,,834664,,,767083,525,,,,,80804,,885444,,,,,,,,966248,,834138,526,767608,,,,,
,,6108,競國,,,51191,,,,,,,,,,0.63,3,,上市,112,18276,,,,,,,,100930,,152121,,,,,,100930,,,,-40182,,159388,4080473,4535593,455120,455120,495302,,119206,,152121,,100930,,,,,
,,6112,邁達特,,,6173,,,,,,,,,,2.75,3,,上市,112,136486,,,,,,,,518587,,524760,,,,,0,517343,1244,,,538918,,116155,8964365,10589782,1625417,1625417,1086499,,655073,0,523516,1244,518587,,,,,
,,6115,鎰勝,,,28661,,,,,,,,,,2.51,3,,上市,112,203315,,,,,,,,464512,,493173,,,,,,471180,-6668,,,459993,,207834,3974988,4802740,827752,827752,367759,,667827,,498182,-5009,464512,,,,,
,,6116,彩晶,,,-1091909,,,,,,,,,,-0.99,3,,上市,112,11652,,,,,,-116,,-2821751,,-3913660,,,,,,-2817855,-3896,,,-3189769,,379670,10928353,9355547,-1572806,-1572690,1617079,,-2810099,,-3909764,-3896,-2821751,,,,,
,,6117,迎廣,,,11154,,,,,,,,,,0.13,3,,上市,112,2290,,,,,,,,9767,,20921,,,,,,11928,-2161,,,13117,,-1060,1313811,1649806,335995,335995,322878,,12057,,23082,-2161,9767,,,,,
,,6120,達運,,,33757,,,,,,,,,,-0.22,3,,上市,112,145214,,,,,,,,-148898,,-115141,,,,,,-148898,,,,-218264,,214580,12429795,13034967,605172,605172,823436,,-3684,,-115141,,-148898,,,,,
,,6128,上福,,,181088,,,,,,,,,,2.42,3,,上市,112,87898,,,,,,,,308141,,489229,,,,,,308141,0,,,385313,,10726,2337549,3981920,1644371,1644371,1259058,,396039,,489229,0,308141,,,,,
,,6133,金橋,,,-33434,,,,,,,,,,0.20,3,,上市,112,4834,,,,,,,,23344,,-10090,,,,,,23344,,,,10232,,17946,607794,762193,154399,154399,144167,,28178,,-10090,,23344,,,,,
,,6136,富爾特,,,469398,,,,,,,,,,1.02,3,,上市,112,14,,,,,,,,118006,,587404,,,,,,117770,236,,,-21793,,139813,304542,382451,77909,77909,99702,,118020,,587156,248,118006,,,,,
,,6139,亞翔,,,221340,,,,,,,,,,7.85,3,,上市,112,641250,,,,,,,,2227450,,2448790,,,,,,1769575,457875,,,2431148,,437552,29476011,32818162,3342151,3342151,911003,,2868700,,1976471,472319,2227450,,,,,
,,6141,柏承,,,15676,,,,,,,,,,-2.08,3,,上市,112,-71832,,,,,,,,-260972,,-245296,,,,,,-236040,-24932,,,-323867,,-8937,1977601,1944699,-32902,-32902,290965,,-332804,,-219460,-25836,-260972,,,,,
,,6142,友勁,,,35688,,,,,,,,,,-0.03,3,,上市,112,18613,,,,,,,,-11153,,24535,,,,,,-11153,,,,-80907,,88367,2096080,2290401,194321,194321,275228,,7460,,24535,,-11153,,,,,
,,6152,百一,,,-13020,,,,,,,,,,-0.06,3,,上市,112,,,,,,,,,-12254,,-25274,,,,,,-10533,-1721,,,-91492,,79238,1358356,1655992,297636,297636,389128,,-12254,,-23553,-1721,-12254,,,,,
,,6153,嘉聯益,,,797763,,,,,,,,,,-5.17,3,,上市,112,-13655,,,,,,,,-2864477,,-2066714,,,,,,-2864477,,,,-1959201,,-918931,8460459,7584426,-876033,-876033,1083168,,-2878132,,-2066714,,-2864477,,,,,
,,6155,鈞寶,,,20500,,,,,,,,,,1.01,3,0,上市,112,17274,,,,,,0,,88773,,109273,,,,,,88773,0,,,9367,,96680,316487,413924,97437,97437,88070,,106047,,109273,0,88773,,,,,
,,6164,華興,,,-4035,,,,,,,,,,-0.09,3,,上市,112,-7876,,,,,,,,-10621,,-14656,,,,,,-9122,-1499,,,-44734,,26237,397756,534860,137104,137104,181838,,-18497,,-13171,-1485,-10621,,,,,
,,6165,浪凡,,,2647,,,,,,,,,,-0.29,3,,上市,112,9494,,,,,,,,-16754,,-14107,,,,,,-16435,-319,,,-27577,,20317,1517260,2026359,509099,509099,536676,,-7260,,-13788,-319,-16754,,,,,
,,6166,凌華,,,72184,,,,,,,,,,1.17,3,,上市,112,139311,,,,,,251,,223044,,295228,,,,,,255273,-32229,,,287264,,75091,5336612,8490842,3154230,3153979,2866715,,362355,,322464,-27236,223044,,,,,
,,6168,宏齊,,,80813,,,,,,,,,,0.50,3,,上市,112,11476,,,,,,5874,,91756,,172569,,,,,,102483,-10727,,,6347,,96885,1088211,1483451,395240,389366,383019,,103232,,181853,-9284,91756,,,,,
,,6176,瑞儀,117380,,306804,,,,,,,,,,10.47,3,,上市,112,1998009,,,,,,,,4871046,,5177850,,,,,,4871046,,,,4114047,,2755008,26007564,32452706,6445142,6445142,2448475,,6869055,,5177850,,4871046,,,,,
,,6177,達麗,,,88448,,,,,,,,,,1.27,3,,上市,112,192702,,,,,,,,524103,,612551,,,,,,517879,6224,,,651692,,65113,4313501,5492489,1178988,1178988,527296,,716805,,606327,6224,524103,,,,,
,,6183,關貿,-1191,,52822,,,,,,,,,,2.53,3,,上市,112,87904,,,,,,,,380154,,432976,,,,,,380154,,,,445279,,22779,854419,1595731,741312,741312,294842,,468058,,432976,,380154,,,,,
,,6184,大豐電,,,,,,,,,,,,,2.70,3,,上市,112,87680,,,,,,,,400031,,400031,,,,,,400031,,,,480975,,6736,765420,1547369,781949,781949,300974,,487711,,400031,,400031,,,,,
,0,6189,豐藝,,,17026,,,,,,,,,,3.84,3,,上市,112,181132,,,,,,,,886727,,903753,,,,,,813107,73620,,,901256,,166603,20093243,22023946,1930703,1930703,1029447,,1067859,,827500,76253,886727,,,,,
,,6191,精成科,,,1312527,,,,,,,,,,5.22,3,,上市,112,715621,,,,,,,,2444017,,3756544,,,,,,2448800,-4783,,,2517622,,642016,13344853,17250960,3906107,3906107,1388485,,3159638,,3757205,-661,2444017,,,,,
,,6192,巨路,,,31268,,,,,,,,,,6.58,3,,上市,112,258468,,,,,,,,633366,,664634,,,,,,633047,319,,,829472,,62362,3318069,4966509,1648440,1648440,818968,,891834,,664259,375,633366,,,,,
,,6196,帆宣,,,74834,,,,,,,,,,9.42,3,,上市,112,607062,,,,,,,,1806289,,1881123,,,,,,1850141,-43852,,,1877233,,536118,37110406,41057852,3947446,3947446,2070213,,2413351,,1923178,-42055,1806289,,,,,
,,6197,佳必琪,,,86804,,,,,,,,,,3.88,3,,上市,112,95330,,,,,,,,483553,,570357,,,,,,473628,9925,,,394911,,183972,2516807,3489110,972303,972303,577392,,578883,,562623,7734,483553,,,,,
,,6201,亞弘電,,,6970,,,,,,,,,,3.48,3,,上市,112,74168,,,,,,,,310663,,317633,,,,,,310663,,,,327885,,56946,1814983,2434107,619124,619124,291239,,384831,,317633,,310663,,,,,
,,6202,盛群,,,112483,,,,,,,,,,0.57,3,,上市,112,2614,,,,,,-166210,,132006,,244489,,,,,,129396,2610,,,147341,,-12721,1161044,2107840,946796,1113006,965665,,134620,,241788,2701,132006,,,,,
,,6205,詮欣,,,74469,,,,,,,,,,1.84,3,,上市,112,44608,,,,,,,,147387,,221856,,,,,,147766,-379,,,141435,,50560,667253,1063650,396397,396397,254962,,191995,,222230,-374,147387,,,,,
,,6206,飛捷,,,29179,,,,,,,,,,2.31,3,,上市,112,92821,,,,,,,,310728,,339907,,,,,,330500,-19772,,,328858,,74691,1581415,2493457,912042,912042,583184,,403549,,359376,-19469,310728,,,,,
,,6209,今國光,,,33381,,,,,,,,,,0.00,3,,上市,112,5151,,,,,,,,678,,34059,,,,,,678,,,,-68703,,74532,1907734,2106597,198863,198863,267566,,5829,,34059,,678,,,,,
,,6213,聯茂,,,371884,,,,,,,,,,0.96,3,,上市,112,251712,,,,,,,,350195,,722079,,,,,,350195,,,,576463,,25444,16183256,18334818,2151562,2151562,1575099,,601907,,722079,,350195,,,,,
,,6214,精誠,,,146569,,,,,,,,,,4.91,3,,上市,112,302425,,,,,,,,1283620,,1430189,,,,,,1218745,64875,,,1136373,,449672,19131844,24859631,5727787,5727787,4591414,,1586045,,1362185,68004,1283620,,,,,
,,6215,和椿,,,81390,,,,,,,,,,0.91,3,,上市,112,6476,,,,,,,,75364,,156754,,,,,,75068,296,,,7377,,74463,516268,737851,221583,221583,214206,,81840,,156458,296,75364,,,,,
,,6216,居易,,,,,,,,,,,,,1.42,3,,上市,112,13807,,,,,,,,130600,,130600,,,,,,,,,,70401,,74006,321890,608973,287083,287083,216682,,144407,,,,130600,,,,,
,,6224,聚鼎,,,40830,,,,,,,,,,1.19,3,,上市,112,41222,,,,,,,,21766,,62596,,,,,,101532,-79766,,,-41699,,104687,1602012,2138196,536184,536184,577883,,62988,,125111,-62515,21766,,,,,
,,6225,天瀚,,,0,,,,,,,,,,-0.03,3,,上市,112,0,,,,,,,,-852,,-852,,,,,,-852,,,,-807,,-45,24317,30058,5741,5741,6548,,-852,,-852,,-852,,,,,
,,6226,光鼎,,,26898,,,,,,,,,,-0.61,3,,上市,112,1469,,,,,,,,-67360,,-40462,,,,,,-70553,3193,,,-41766,,-24125,444925,586727,141802,141802,183568,,-65891,,-43655,3193,-67360,,,,,
,,6230,尼得科超眾,,,-1166,,,,,,,,,,6.31,3,,上市,112,271941,,,,,,,,544593,,543427,,,,,,544593,,,,622112,,194422,6848943,8524721,1675778,1675778,1053666,,816534,,543427,,544593,,,,,
,,6235,華孚,,,88395,,,,,,,,,,3.24,3,,上市,112,126222,,,,,,,,624410,,712805,,,,,,624410,,,,660065,,90567,2894192,4223285,1329093,1329093,669028,,750632,,712805,,624410,,,,,
,,6239,力成,,,51187,,,,,,,,,,5.41,3,,上市,112,1406037,,,,,,,,5156203,,5207390,,,,,,4043580,1112623,,,5569671,,992569,42708559,51407093,8698534,8698534,3128863,,6562240,,4048378,1159012,5156203,,,,,
,,6243,迅杰,,,-161,,,,,,,,,,1.83,3,,上市,112,111,,,,,,,,81204,,81043,,,,,,81204,,,,41740,,39575,427297,680751,253454,253454,211714,,81315,,81043,,81204,,,,,
,,6257,矽格,,,482252,,,,,,,,,,3.23,3,,上市,112,415158,,,,,,,,1812497,,2294749,,,,,,1477177,335320,,,1464985,,762670,8863312,11465932,2602620,2602620,1137635,,2227655,,1910854,383895,1812497,,,,,
,,6269,台郡,,,224096,,,,,,,,,,4.49,3,,上市,112,256343,,,,,,,,1436301,,1660397,,,,,,1436301,,,,1078336,,614308,20736081,24231276,3495195,3495195,2416859,,1692644,,1660397,,1436301,,,,,
,0,6271,同欣電,,,86836,,,,,,,,,,3.18,3,,上市,112,176511,,,,,,,,664054,,750890,,,,,0,664054,0,,,892646,,-52081,6501681,8411033,1909352,1909352,1016706,,840565,0,750890,0,664054,,,,,
,,6277,宏正,,,-260,,,,,,,,,,3.57,3,,上市,112,131724,,,,,,,,430818,,430558,,,,,,427069,3749,,,594894,,-32352,1525768,3836866,2311098,2311098,1716204,,562542,,427150,3408,430818,,,,,
,,6278,台表科,,,948301,,,,,,,,,,6.26,3,,上市,112,509348,,,,,,,,1833038,,2781339,,,,,,1829855,3183,,,1899926,,442460,30405754,34339337,3933583,3933583,2033657,,2342386,,2778128,3211,1833038,,,,,
,,6281,全國電,,,,,,,,,,,,,4.36,3,,上市,112,111763,,,,,,,,432618,,432618,,,,,,,,,,540003,,4378,12992593,16112802,3120209,3120209,2580206,,544381,,,,432618,,,,,
,24093,6282,康舒,,,354785,,,,,,,,,,0.20,3,,上市,112,158520,,,,,,,,132840,,487625,,,,,,116617,16223,,,287253,,-19986,15620889,19603833,3982944,3982944,3695691,,267267,,471045,16580,108747,,,,,
,,6283,淳安,,,39821,,,,,,,,,,-0.69,3,,上市,112,-13105,,,,,,,,-96128,,-56307,,,,,,-100761,4633,,,-109156,,-77,843252,937434,94182,94182,203338,,-109233,,-65210,8903,-96128,,,,,
,,6285,啟碁,,,2197586,,,,,,,,,,7.07,3,,上市,112,776111,,,,,,,,2933658,,5131244,,,,,,2933658,,,,3366571,,343198,71129618,81103187,9973569,9973569,6606998,,3709769,,5131244,,2933658,,,,,
,,6405,悅城,,,7365,,,,,,,,,,-0.63,3,,上市,112,6541,,,,,,,,-41382,,-34017,,,,,,-41382,,,,-86313,,51472,168495,165814,-2681,-2681,83632,,-34841,,-34017,,-41382,,,,,
,,6409,旭隼,,,156978,,,,,,,,,,30.92,3,,上市,112,659878,,,,,,,,2697586,,2854564,,,,,,2697586,,,,3199042,,158422,9754311,14357157,4602846,4602846,1403804,,3357464,,2854564,,2697586,,,,,
,,6412,群電,,,31810,,,,,,,,,,5.81,3,,上市,112,605387,,,,,,,,2312814,,2344624,,,,,,2312814,,,,2831691,,86510,21685728,27301970,5616242,5616242,2784551,,2918201,,2344624,,2312814,,,,,
,59715,6414,樺漢,,,1112687,,,,,,,,,,15.91,3,,上市,112,1597970,,,,,,,,4286542,,5399229,,,,,,1834880,2451662,,,4134724,,1690073,70107808,87415561,17307753,17307753,13173029,,5824797,,2453924,2945305,4226827,,,,,
,,6415,矽力*-KY,21572,,903573,,,,,,,,,,1.60,3,,上市,112,-42386,,,,,,,,499938,,1403511,,,,,,609664,-109726,,,-525535,,983087,6376211,11143731,4767520,4767520,5314627,,457552,,1499604,-96093,499938,,,,,
,,6416,瑞祺電通,,,-1232,,,,,,,,,,3.70,3,,上市,112,78429,,,,,,,,273294,,272062,,,,,,271150,2144,,,298393,,53330,2264615,3008536,743921,743921,445528,,351723,,269280,2782,273294,,,,,
,,6426,統新,,,-1498,,,,,,,,,,-2.08,3,,上市,112,-25259,,,,,,,,-80049,,-81547,,,,,,-80049,,,,-126076,,20768,230807,240999,10192,10192,136268,,-105308,,-81547,,-80049,,,,,
,0,6431,光麗-KY,,,799,,,,,,,,,,-1.19,3,,上市,112,-13684,,,,,,,,-68061,,-67262,,,,,,-68061,0,,,-83142,,1397,166371,216995,50624,50624,133766,,-81745,,-67262,0,-68061,,,,,
,,6438,迅得,,,2888,,,,,,,,,,7.57,3,,上市,112,152025,,,,,,,,544112,,547000,,,,,,545579,-1467,,,665152,,30985,3077761,4427549,1349788,1349788,684636,,696137,,549958,-2958,544112,,,,,
,,6442,光聖,,,17574,,,,,,,,,,2.14,3,,上市,112,62706,,,,,,,,142135,,159709,,,,,,142135,,,,136753,,68088,1355429,1997356,641927,641927,505174,,204841,,159709,,142135,,,,,
,,6443,元晶,-103211,,377,,,,,,,,,,0.89,3,-78,上市,112,-20352,,,,,,-5927,,431944,,432321,,,,,,431943,1,,,341919,,69673,5538899,6405448,866549,872398,427268,,411592,,432320,1,431944,,,,,
,,6446,藥華藥,,,218922,,,,,,,,,,-2.31,3,,上市,112,-32428,,,,,,,,-739772,,-520850,,,,,,-739772,,,,-1781281,,1009081,359034,3458760,3099726,3099726,4881007,,-772200,,-520850,,-739772,,,,,
,,6449,鈺邦,,,150716,,,,,,,,,,3.04,3,,上市,112,82713,,,,,,,,267143,,417859,,,,,,267143,,,,247530,,102326,1566486,2118065,551579,551579,304049,,349856,,417859,,267143,,,,,
,,6451,訊芯-KY,,,218772,,,,,,,,,,2.53,3,,上市,112,50715,,,,,,,,280329,,499101,,,,,,267727,12602,,,220987,,110057,3006087,3876395,870308,870308,649321,,331044,,474163,24938,280329,,,,,
,,6456,GIS-KY,,,-403302,,,,,,,,,,-5.46,3,,上市,112,-403413,,,,,,,,-1895045,,-2298347,,,,,,-1844439,-50606,,,-3534001,,1235543,50950116,52426194,1476078,1476078,5010079,,-2298458,,-2249237,-49110,-1895045,,,,,
,,6464,台數科,,,-34917,,,,,,,,,,5.71,3,,上市,112,184227,,,,,,,,742151,,707234,,,,,,728071,14080,,,1035549,,-109171,1483951,3106286,1622335,1622335,586786,,926378,,693551,13683,742151,,,,,
,,6472,保瑞,,,189840,,,,,,,,,,24.63,3,,上市,112,895642,,,,,,,,2488847,,2678687,,,,,,2464535,24312,,,4113311,,-728822,5700083,10994478,5294395,5294395,1181084,,3384489,,2654375,24312,2488847,,,,,
,,6477,安集,1077,,21045,,,,,,,,,,1.63,3,,上市,112,50634,,,,,,,,203383,,224428,,,,,,201023,2360,,,280281,,-26264,898057,1267798,369741,369741,90537,,254017,,222105,2323,203383,,,,,
,,6491,晶碩,,,-2923,,,,,,,,,,15.31,3,,上市,112,199344,,,,,,,,1100361,,1097438,,,,,,1082268,18093,,,1282716,,16989,2261583,4752101,2490518,2490518,1207802,,1299705,,1078861,18577,1100361,,,,,
,,6504,南六,,,49351,,,,,,,,,,1.70,3,,上市,112,87873,,,,,,,,123193,,172544,,,,,,123193,,,,118696,,92370,4038651,4540327,501676,501676,382980,,211066,,172544,,123193,,,,,
,,6505,台塑化,,,8354059,,,,,,,,,,2.15,3,,上市,112,4123661,,,,,,,,20419766,,28773825,,,,,,20434284,-14518,,,15871887,,8671540,512056535,536697941,24641406,24641406,8769519,,24543427,,28547539,226286,20419766,,,,,
,,6515,穎崴,,,1136,,,,,,,,,,11.84,3,,上市,112,104386,,,,,,,,405918,,407054,,,,,,405918,,,,482142,,28162,1931891,3009040,1077149,1077149,595007,,510304,,407054,,405918,,,,,
,,6525,捷敏-KY,,,56386,,,,,,,,,,3.50,3,,上市,112,122302,,,,,,,,451109,,507495,,,,,,451109,,,,470023,,103388,2549256,3269397,720141,720141,250118,,573411,,507495,,451109,,,,,
,,6526,達發,,,-16052,,,,,,,,,,5.62,3,,上市,112,192473,,,,,,,,817365,,801313,,,,,,817365,,,,858802,,151036,5625898,10389371,4763473,4763473,3904671,,1009838,,801313,,817365,,,,,
,,6531,愛普*,,,2020,,,,,,,,,,6.64,3,,上市,112,161409,,,,,,,,1074850,,1076870,,,,,,1074850,,,,569248,,667011,1817975,3063945,1245970,1245970,676722,,1236259,,1076870,,1074850,,,,,
,,6533,晶心科,,,5719,,,,,,,,,,0.15,3,,上市,112,11704,,,,,,,,7541,,13260,,,,,,7541,,,,-259185,,278430,1591,651831,650240,650240,909425,,19245,,13260,,7541,,,,,
,,6534,正瀚-創,,,14862,,,,,,,,,,5.56,3,,上市,112,117535,,,,,,,,539309,,554171,,,,,,539309,,,,621242,,35602,220709,1371097,1150388,1150388,529146,,656844,,554171,,539309,,,,,
,,6541,泰福-KY,,,64274,,,,,,,,,,-12.73,3,,上市,112,451,,,,,,,,-1619084,,-1554810,,,,,,-1619084,,,,-1608120,,-10513,-3369,52324,55693,55693,1663813,,-1618633,,-1554810,,-1619084,,,,,
,,6550,北極星藥業-KY,,,328663,,,,,,,,,,-1.39,3,,上市,112,7934,,,,,,,,-1041526,,-712863,,,,,,-1032574,-8952,,,-1249497,,215905,2200,2582,382,382,1249879,,-1033592,,-703911,-8952,-1041526,,,,,
,,6552,易華電,,,65594,,,,,,,,,,0.49,3,,上市,112,891,,,,,,,,41000,,106594,,,,,,,,,,-71639,,113530,1263530,1297478,33948,33948,105587,,41891,,,,41000,,,,,
,,6558,興能高,,,16488,,,,,,,,,,-0.10,3,,上市,112,5838,,,,,,,,-9613,,6875,,,,,,-9613,,,,-48370,,44595,792100,915419,123319,123319,171689,,-3775,,6875,,-9613,,,,,
,,6573,虹揚-KY,,,1283,,,,,,,,,,-1.84,3,,上市,112,1909,,,,,,,,-150142,,-148859,,,,,,-148445,-1697,,,-141540,,-6693,874619,916439,41820,41820,183360,,-148233,,-147161,-1698,-150142,,,,,
,,6579,研揚,,,111707,,,,,,,,,,7.97,3,,上市,112,239277,,,,,,,,1048274,,1159981,,,,,,908088,140186,,,757660,,529891,3942599,6047945,2105346,2105346,1347686,,1287551,,1006830,153151,1048274,,,,,
,,6581,鋼聯,,,,,,,,,,,,,2.82,3,,上市,112,81554,,,,,,,,314016,,314016,,,,,,314016,,,,394062,,1508,825139,1385307,560168,560168,166106,,395570,,314016,,314016,,,,,
,,6582,申豐,,,71388,,,,,,,,,,-0.04,3,,上市,112,-18364,,,,,,,,-4515,,66873,,,,,,-4515,,,,-116610,,93731,589535,637457,47922,47922,164532,,-22879,,66873,,-4515,,,,,
,,6585,鼎基,,,5815,,,,,,,,,,4.07,3,,上市,112,73995,,,,,,,,282153,,287968,,,,,,282153,,,,345012,,11136,1345355,2001150,655795,655795,310783,,356148,,287968,,282153,,,,,
,,6589,台康生技,,,12858,,,,,,,,,,-1.67,3,,上市,112,1127,,,,,,,,-509265,,-496407,,,,,,-509265,,,,-675766,,167628,489782,566086,76304,76304,752070,,-508138,,-496407,,-509265,,,,,
,,6591,動力-KY,,,25985,,,,,,,,,,2.83,3,,上市,112,44440,,,,,,,,98013,,123998,,,,,,98194,-181,,,83970,,58483,745506,1038764,293258,293258,209288,,142453,,124179,-181,98013,,,,,
,,6592,和潤企業,,,-85216,,,,,,,,,,4.82,3,,上市,112,1051170,,,,,,,,3103916,,3018700,,,,,,2791275,312641,,,3926438,,228648,8690933,20988165,12297232,12297232,8370794,,4155086,,2686790,331910,3103916,,,,,
,,6598,ABC-KY,,,33618,,,,,,,,,,-1.90,3,,上市,112,752,,,,,,,,-155621,,-122003,,,,,,-155621,,,,-171612,,16743,101280,266940,165660,165660,337272,,-154869,,-122003,,-155621,,,,,
,,6605,帝寶,,,-3895,,,,,,,,,,10.45,3,,上市,112,743860,,,,,,,,1701903,,1698008,,,,,,1733475,-31572,,,2127163,,318600,9293262,13581390,4288128,4288128,2160965,,2445763,,1720343,-22335,1701903,,,,,
,,6606,建德工業,,,45185,,,,,,,,,,0.73,3,,上市,112,61602,,,,,,,,78769,,123954,,,,,,77915,854,,,122464,,17907,383098,614825,231727,231727,109263,,140371,,122419,1535,78769,,,,,
,,6625,必應,,,8092,,,,,,,,,,4.57,3,,上市,112,20189,,,,,,,,197372,,205464,,,,,,201529,-4157,,,169729,,47832,1441974,1789475,347501,347501,177772,,217561,,209621,-4157,197372,,,,,
,,6641,基士德-KY,,,-3069,,,,,,,,,,0.43,3,,上市,112,8125,,,,,,,,9136,,6067,,,,,,15540,-6404,,,-12196,,29457,797734,1208469,410735,410735,422931,,17261,,12416,-6349,9136,,,,,
,,6645,金萬林-創,,,174,,,,,,,,,,-1.40,3,,上市,112,-13991,,,,,,,,-64457,,-64283,,,,,,-64457,,,,-78575,,127,222247,284382,62135,62135,140710,,-78448,,-64283,,-64457,,,,,
,,6655,科定,,,362,,,,,,,,,,2.62,3,,上市,112,51141,,,,,,,,184823,,185185,,,,,,183948,875,,,239086,,-3122,881426,1683707,802281,802281,563195,,235964,,184250,935,184823,,,,,
,,6657,華安,,,,,,,,,,,,,-2.80,3,,上市,112,,,,,,,,,-198053,,-198053,,,,,,,,,,-205097,,7044,1342,4923,3581,3581,208678,,-198053,,,,-198053,,,,,
,,6658,聯策,,,21191,,,,,,,,,,1.02,3,,上市,112,13909,,,,,,,,31559,,52750,,,,,,30643,916,,,25864,,19604,743089,985442,242353,242353,216489,,45468,,51834,916,31559,,,,,
,,6666,羅麗芬-KY,,,4558,,,,,,,,,,1.85,3,,上市,112,26234,,,,,,,,88070,,92628,,,,,,87746,324,,,79475,,34829,268980,728017,459037,459037,379562,,114304,,92079,549,88070,,,,,
,,6668,中揚光,,,-954,,,,,,,,,,-2.72,3,,上市,112,-225,,,,,,,,-225249,,-226203,,,,,,-214389,-10860,,,-228261,,2787,665889,668748,2859,2859,231120,,-225474,,-215344,-10859,-225249,,,,,
,,6669,緯穎,,,1784308,,,,,,,,,,48.78,3,,上市,112,2457278,,,,,,,,8528887,,10313195,,,,,,8528887,,,,11224753,,-238588,167154217,183351284,16197067,16197067,4972314,,10986165,,10313195,,8528887,,,,,
,,6670,復盛應用,,,12968,,,,,,,,,,12.90,3,,上市,112,570207,,,,,,,,1779474,,1792442,,,,,,1704016,75458,,,1909225,,440456,13575861,17369092,3793231,3793231,1884006,,2349681,,1720224,72218,1779474,,,,,
,,6671,三能-KY,,,-3373,,,,,,,,,,2.13,3,,上市,112,50418,,,,,,,,132893,,129520,,,,,,129450,3443,,,160225,,23086,868751,1403625,534874,534874,374649,,183311,,126046,3474,132893,,,,,
,,6672,騰輝電子-KY,,,53226,,,,,,,,,,4.81,3,,上市,112,76985,,,,,,,,340946,,394172,,,,,,340946,,,,366610,,51321,2489954,3640103,1150149,1150149,783539,,417931,,394172,,340946,,,,,
,,6674,鋐寶科技,,,328,,,,,,,,,,-3.05,3,,上市,112,14108,,,,,,,,-205303,,-204975,,,,,,-205303,,,,-210182,,18987,771525,845285,73760,73760,283942,,-191195,,-204975,,-205303,,,,,
,,6689,伊雲谷,,,131794,,,,,,,,,,1.75,3,,上市,112,27040,,,,,,,,119053,,250847,,,,,,119053,0,,,98339,,47754,6158970,7048304,889334,889334,790995,,146093,,250846,1,119053,,,,,
,,6691,洋基工程,,,20346,,,,,,,,,,15.92,3,,上市,112,363991,,,,,,,,1390373,,1410719,,,,,,1390954,-581,,,1718353,,36011,10184147,12293043,2108896,2108896,390543,,1754364,,1411339,-620,1390373,,,,,
,,6695,芯鼎,,,,,,,,,,,,,-0.04,3,,上市,112,,,,,,,,,-3787,,-3787,,,,,,-3787,,,,-52638,,48851,489955,834065,344110,344110,396748,,-3787,,-3787,,-3787,,,,,
,,6698,旭暉應材,,,2620,,,,,,,,,,-0.91,3,,上市,112,10208,,,,,,,,-17553,,-14933,,,,,,-59781,42228,,,-91765,,84420,662560,801803,139243,139243,231008,,-7345,,-57603,42670,-17553,,,,,
,,6706,惠特,,,7652,,,,,,,,,,-1.94,3,0,上市,112,6401,,,,,,,,-142323,,-134671,,,,,,-142323,,,,-351000,,215078,985236,1072677,87441,87441,438441,,-135922,,-134671,,-142323,,,,,
,,6715,嘉基,,,-5421,,,,,,,,,,5.30,3,,上市,112,114006,,,,,,,,322108,,316687,,,,,,329509,-7401,,,380872,,55242,1199404,1875377,675973,675973,295101,,436114,,324088,-7401,322108,,,,,
,,6719,力智,,,-4394,,,,,,,,,,0.52,3,,上市,112,23429,,,,,,,,41684,,37290,,,,,,41684,,,,-96647,,161760,1671218,2231552,560334,560334,656981,,65113,,37290,,41684,,,,,
,,6742,澤米,,,3965,,,,,,,,,,0.57,3,,上市,112,-2371,,,,,,,,37041,,41006,,,,,,37041,,,,-3622,,38292,327597,400614,73017,73017,76639,,34670,,41006,,37041,,,,,
,,6743,安普新,,,14321,,,,,,,,,,-0.10,3,,上市,112,8648,,,,,,,,-16668,,-2347,,,,,,-15485,-1183,,,129285,,-137305,2386763,2934012,547249,547249,417964,,-8020,,-1178,-1169,-16668,,,,,
,,6753,龍德造船,,,930,,,,,,,,,,3.18,3,,上市,112,88148,,,,,,,,335248,,336178,,,,,,,,,,455753,,-32357,3183394,3739373,555979,555979,100226,,423396,,,,335248,,,,,
,,6754,匯僑設計,,,2628,,,,,,,,,,3.00,3,,上市,112,100680,,,,,,,,198077,,200705,,,,,,198077,,,,268766,,29991,2425665,3145301,719636,719636,450870,,298757,,200705,,198077,,,,,
,,6756,威鋒電子,,,20678,,,,,,,,,,2.49,3,,上市,112,33711,,,,,,,,171787,,192465,,,,,,171787,,,,129669,,75829,817028,1523443,706415,706415,576746,,205498,,192465,,171787,,,,,
,,6757,台灣虎航,,,159,,,,,,,,,,3.19,3,,上市,112,337188,,,,,,,,1343077,,1343236,,,,,,,,,,1943571,,-263306,6460343,9049248,2588905,2588905,645334,,1680265,,,,1343077,,,,,
,0,6768,志強-KY,0,,484835,,,,,,,,,,1.93,3,0,上市,112,134183,,,,,,0,,373186,,858021,,,,,,377641,-4455,,,260445,,246924,8570201,10180436,1610235,1610235,1349790,,507369,0,863567,-5546,373186,,,,,
,,6770,力積電,658332,,-1254,,,,,,,,,,0.12,3,,上市,112,-108601,,,,,,,,470303,,469049,,,,,,470303,,,,-1139858,,1501560,27910550,32861086,4950536,4950536,6748726,,361702,,469049,,470303,,,,,
,,6771,平和環保-創,,,,,,,,,,,,,3.38,3,,上市,112,18371,,,,,,,,96442,,96442,,,,,,98586,-2144,,,121577,,-6764,240381,450182,209801,209801,88224,,114813,,98586,-2144,96442,,,,,
,,6776,展碁國際,,,9768,,,,,,,,,,3.57,3,,上市,112,80892,,,,,,,,288864,,298632,,,,,,291433,-2569,,,370321,,-565,15646748,16795413,1148665,1148665,778344,,369756,,297660,972,288864,,,,,
,,6781,AES-KY,,,371844,,,,,,,,,,17.57,3,,上市,112,400155,,,,,,,,1500481,,1872325,,,,,,1500437,44,,,1657183,,243453,4710341,7545131,2834790,2834790,1177607,,1900636,,1872279,46,1500481,,,,,
,,6782,視陽,,,-11549,,,,,,,,,,3.11,3,,上市,112,28076,,,,,,,,191772,,180223,,,,,,195642,-3870,,,235700,,-15852,1090049,1709023,618974,618974,383274,,219848,,184093,-3870,191772,,,,,
,,6789,采鈺,41883,,,,,,,,,,,,1.03,3,,上市,112,-12377,,,,,,,,323808,,323808,,,,,,,,,,281013,,30418,4360204,5357055,996851,996851,757721,,311431,,,,323808,,,,,
,,6790,永豐實,,,96349,,,,,,,,,,2.39,3,,上市,112,162231,,,,,,,,642623,,738972,,,,,-41,638006,4658,,,750103,,54751,5678777,7555503,1876726,1876726,1126623,,804854,-41,734355,4658,642623,,,,,
,,6792,詠業,,,40741,,,,,,,,,,3.61,3,,上市,112,23250,,,,,,,,169070,,209811,,,,,,169070,,,,173257,,19063,680650,1084519,403869,403869,230612,,192320,,209811,,169070,,,,,
,,6796,晉弘,,,32,,,,,,,,,,1.75,3,,上市,112,14055,,,,,,,,58232,,58264,,,,,0,58232,0,,,62680,,9607,161054,387041,225987,225987,163307,,72287,0,58264,0,58232,,,,,
,,6799,來頡,,,-82,,,,,,,,,,3.95,3,,上市,112,41291,,,,,,,,159100,,159018,,,,,,159100,,,,182659,,17732,418775,758365,339590,339590,156931,,200391,,159018,,159100,,,,,
,,6805,富世達,,,7265,,,,,,,,,,7.48,3,,上市,112,201748,,,,,,,,452317,,459582,,,,,,452317,,,,569449,,84616,2983466,3865547,882081,882081,312632,,654065,,459582,,452317,,,,,
,,6807,峰源-KY,,,11962,,,,,,,,,,3.14,3,,上市,112,43642,,,,,,,,169368,,181330,,,,,,169368,,,,145791,,67219,2253229,2727931,474702,474702,328911,,213010,0,181330,0,169368,,,,,
,,6830,汎銓,,,1315,,,,,,,,,,4.05,3,,上市,112,77322,,,,,,,,189244,,190559,,,,,,189244,,,,271580,,-5014,883877,1411647,527770,527770,256190,,266566,,190559,,189244,,,,,
,,6834,天二科技,,,-1595,,,,,,,,,,-0.64,3,,上市,112,-8194,,,,,,,,-56427,,-58022,,,,,,-56427,,,,-98887,,34266,681223,720915,39692,39692,138579,,-64621,,-58022,,-56427,,,,,
,,6835,圓裕,,,1059,,,,,,,,,,2.56,3,,上市,112,69540,,,,,,,,169414,,170473,,,,,,169414,,,,184704,,54250,1193385,1624149,430764,430764,246060,,238954,,170473,,169414,,,,,
,,6838,台新藥,,,-18465,,,,,,,,,,-2.31,3,,上市,112,21985,,,,,,,,-279311,,-297776,,,,,,-279386,75,,,-221654,,-35672,3825,31172,27347,27347,249001,,-257326,,-297791,15,-279311,,,,,
,,6854,錼創科技-KY創,,,34618,,,,,,,,,,-3.59,3,,上市,112,0,,,,,,,,-384393,,-349775,,,,,,-384393,,,,-435076,,50683,631862,698080,66218,66218,501294,,-384393,,-349775,,-384393,,,,,
,,6861,睿生光電,,,-3672,,,,,,,,,,2.87,3,,上市,112,7387,,,,,,,,110401,,106729,,,,,,110401,,,,32937,,84851,947452,1332141,384689,384689,351752,,117788,,106729,,110401,,,,,
,,6863,永道-KY,,,100921,,,,,,,,,,4.38,3,,上市,112,50811,,,,,,,,315161,,416082,,,,,,315105,56,,,260056,,105916,1291253,1815613,524360,524360,264304,,365972,,416006,76,315161,,,,,
,,6869,雲豹能源,,,,,,,,,,,,,7.66,3,11047,上市,112,167995,,,,,,53124,,892118,,892118,,,,,,883910,8208,,,745945,,314168,4428544,5556269,1127725,1085648,339703,,1060113,,883910,8208,892118,,,,,
,,6873,泓德能源,,,-20589,,,,,,,,,,3.23,3,,上市,112,83951,,,,,,41951,,307794,,287205,,,,,,312766,-4972,,,368370,,23375,2301165,3020702,719537,677586,309216,,391745,,292177,-4972,307794,,,,,
,,6901,鑽石投資,,,,,,,,,,,,,-3.67,3,,上市,112,-412,,,,,,,,-2774809,,-2774809,,,,,,,,,,-2777755,,2534,,-2653927,-2653927,-2653927,123828,,-2775221,,,,-2774809,,,,,
,,6902,GOGOLOOK,,,-402,,,,,,,,,,0.85,3,,上市,112,-70,,,,,,,,26632,,26230,,,,,,26632,,,,22637,,3925,50213,558543,508330,508330,485693,,26562,,26230,,26632,,,,,
,,6906,現觀科,,,1278,,,,,,,,,,1.82,3,,上市,112,14271,,,,,,,,55542,,56820,,,,,,55542,,,,58345,,11468,46704,234238,187534,187534,129189,,69813,,56820,,55542,,,,,
,,6914,阜爾運通,,,-226,,,,,,,,,,6.81,3,,上市,112,105532,,,,,,,,410265,,410039,,,,,,410265,,,,553239,,-37442,2375703,3125506,749803,749803,196564,,515797,,410039,,410265,,,,,
,,6916,華凌,,,5156,,,,,,,,,,1.42,3,,上市,112,62549,,,,,,,,85878,,91034,,,,,,85447,431,,,120791,,27636,1308669,1758322,449653,449653,328862,,148427,,90552,482,85878,,,,,
,,6928,攸泰科技,,,996,,,,,,,,,,2.99,3,,上市,112,52439,,,,,,,,224190,,225186,,,,,,224190,,,,257027,,19602,2246657,2839743,593086,593086,336059,,276629,,225186,,224190,,,,,
,,6933,AMAX-KY,,,44511,,,,,,,,,,4.85,3,,上市,112,82461,,,,,,,,175581,,220092,,,,,,175581,,,,266345,,-8303,3761931,4535262,773331,773331,506986,,258042,,220092,,175581,,,,,
,,6937,天虹,,,7596,,,,,,,,,,2.62,3,,上市,112,38047,,,,,,,,159150,,166746,,,,,,159150,,,,162758,,34439,772323,1337551,565228,565228,402470,,197197,,166746,,159150,,,,,
,,6951,青新-創,,,,,,,,,,,,,1.64,3,,上市,112,17982,,,,,,,,64665,,64665,,,,,,65593,-928,,,82122,,525,177961,353299,175338,175338,93216,,82647,,65593,-928,64665,,,,,
,,6952,大武山,,,,,,,,,62881,,,,0.41,3,,上市,112,17011,,,,,,,,24195,,24195,,,,,,23578,617,,,78044,,-36838,659701,787199,190379,190379,112335,,41206,,23578,617,24195,,,,,
,,6958,日盛台駿,,,4055,,,,,,,,,,1.42,3,,上市,112,316594,,,,,,,,497289,,501344,,,,,,497289,,,,562105,,251778,5133650,7766670,2633020,2633020,2070915,,813883,,501344,,497289,,,,,
,,8011,台通,,,4071,,,,,,,,,,0.10,3,,上市,112,-267,,,,,,,,25694,,29765,,,,,,14515,11179,,,65366,,-39939,1090306,1351123,260817,260817,195451,,25427,,18565,11200,25694,,,,,
,,8016,矽創,853,,146396,,,,,,,,,,11.92,3,,上市,112,309317,,,,,,,,1807818,,1954214,,,,,,1428168,379650,,,1821847,,295288,8026788,12211727,4184939,4184939,2363945,,2117135,,1569485,384729,1807818,,,,,
,,8021,尖點,5894,,62368,,,,,,,,,,-0.51,3,,上市,112,157379,,,,,,,,-78219,,-15851,,,,,,-72564,-5655,,,35786,,43374,1539046,1966037,426991,426991,397099,,79160,,-16849,998,-78219,,,,,
,,8028,昇陽半導體,,,,,,,,,,,,,2.03,3,,上市,112,31260,,,,,,,,310233,,310233,,,,,,,,,,189754,,151739,1963159,2573994,610835,610835,421081,,341493,,,,310233,,,,,
,,8033,雷虎,,,27348,,,,,,,,,,-0.16,3,,上市,112,319,,,,,,,,-22093,,5255,,,,,,-22684,591,,,-46988,,25214,455490,739519,284029,284029,331017,,-21774,,4658,597,-22093,,,,,
,,8039,台虹,,,193211,,,,,,,,,,1.77,3,,上市,112,102577,,,,,,,,325747,,518958,,,,,,369659,-43912,,,353530,,74794,4650318,5969125,1318807,1318807,965277,,428324,,562874,-43916,325747,,,,,
,,8046,南電,,,330741,,,,,,,,,,7.70,3,,上市,112,1590738,,,,,,,,4973418,,5304159,,,,,,4973418,,,,5639949,,924207,25780429,32941684,7161255,7161255,1521306,,6564156,,5304159,,4973418,,,,,
,,8070,長華*,,,2600937,,,,,,,,,,2.02,3,,上市,112,377162,,,,,,,,1999207,,4600144,,,,,,1360383,638824,,,1256204,,1120165,10038307,12319605,2281298,2281298,1025094,,2376369,,3773668,826476,1999207,,,,,
,,8072,陞泰,,,-248,,,,,,,,,,0.77,3,,上市,112,18709,,,,,,,,71646,,71398,,,,,,61954,9692,,,5862,,84493,709195,864994,155799,155799,149937,,90355,,61871,9527,71646,,,,,
,,8081,致新,,,567600,,,,,,,,,,13.96,3,,上市,112,277635,,,,,,,,1194972,,1762572,,,,,,1196447,-1475,,,1205052,,267555,3667266,6102792,2435526,2435526,1230474,,1472607,,1517421,245151,1194972,,,,,
,,8101,華冠,0,,2555,,,,,,,,,,-2.43,3,,上市,112,0,,,,,,,,-176966,,-174411,,,,,0,-176912,-54,,,-158606,,-18360,135965,121074,-14891,-14891,143715,,-176966,,-174357,-54,-176966,,,,,
,,8103,瀚荃,,,9601,,,,,,,,,,2.60,3,,上市,112,112121,,,,,,,,202809,,212410,,,,,,205361,-2552,,,222850,,92080,1487972,2247793,759821,759821,536971,,314930,,214772,-2362,202809,,,,,
,,8104,錸寶,,,616,,,,,,,,,,-2.58,3,,上市,112,191048,,,,,,,,-168220,,-167604,,,,,,-189697,21477,,,-30750,,53578,1740477,1973841,233364,233364,264114,,22828,,-189069,21465,-168220,,,,,
,,8105,凌巨,,,11311,,,,,,,,,,0.56,3,,上市,112,37580,,,,,,,,247006,,258317,,,,,,247006,,,,58827,,225759,6336849,6862016,525167,525167,466340,,284586,,258317,,247006,,,,,
,,8110,華東,,,345144,,,,,,,,,,0.03,3,,上市,112,-26570,,,,,,,,-79359,,265785,,,,,,14236,-93595,,,-321498,,215569,5321751,5292728,-29023,-29023,292475,,-105929,,359498,-93713,-79359,,,,,
,,8112,至上,,,489257,,,,,,,,,,3.07,3,,上市,112,497688,,,,,,,,1527862,,2017119,,,,,,1378436,149426,,,2769755,,-744205,98788405,102971233,4182828,4182828,1413073,,2025550,,1822088,195031,1527862,,,,,
,,8114,振樺電,,,185982,,,,,,,,,,5.20,3,,上市,112,247762,,,,,,2,,675276,,861258,,,,,,392734,282542,,,958362,,-35324,4585088,7466981,2881893,2881891,1923529,,923038,,528002,333256,675276,,,,,
,,8131,福懋科,,,-67539,,,,,,,,,,1.14,3,,上市,112,87087,,,,,,,,506266,,438727,,,,,,,,,,274350,,319003,5222999,5691742,468743,468743,194393,,593353,,,,506266,,,,,
,,8150,南茂,76446,,-75835,,,,,,,,,,1.94,3,,上市,112,279245,,,,,,,,1411443,,1335608,,,,,,1411443,,,,1193962,,496726,13231371,15630815,2399444,2399444,1281928,,1690688,,1335608,,1411443,,,,,
,,8162,微矽電子-創,,,,,,,,,,,,,-0.85,3,,上市,112,-11453,,,,,,,,-55133,,-55133,,,,,,,,,,-80100,,13514,577296,620556,43260,43260,123360,,-66586,,,,-55133,,,,,
,,8163,達方,,,1234920,,,,,,,,,,5.17,3,,上市,112,969972,,,,,,,,1692744,,2927664,,,,,,1445354,247390,,,865847,,1796869,16256301,19732706,3476405,3476405,2610558,,2662716,,2622633,305031,1692744,,,,,
,,8201,無敵,,,-2386,,,,,,,,,,-0.75,3,,上市,112,0,,,,,,,,-46955,,-49341,,,,,,-46955,,,,-64156,,17201,363391,423674,60283,60283,124439,,-46955,,-49341,,-46955,,,,,
,,8210,勤誠,2184,,115625,,,,,,,,,,4.39,3,,上市,112,182950,,,,,,,,550275,,665900,,,,,,527308,22967,,,670412,,62813,5093538,6517847,1424309,1424309,756081,,733225,,642933,22967,550275,,,,,
,,8213,志超,,,44349,,,,,,,,,,2.74,3,,上市,112,421472,,,,,,,,766405,,810754,,,,,,744257,22148,,,1181329,,6548,12447152,14673131,2225979,2225979,1044650,,1187877,,787873,22881,766405,,,,,
,,8215,明基材,,,46591,,,,,,,,,,1.19,3,,上市,112,125049,,,,,,,,445322,,491913,,,,,,380465,64857,,,525758,,44613,10856875,13304291,2447416,2447416,1921658,,570371,,412367,79546,445322,,,,,
,,8222,寶一,,,,,,,,,,,,,0.90,3,,上市,112,0,,,,,,,,61656,,61656,,,,,,,,,,25056,,36600,411326,511652,100326,100326,75270,,61656,,,,61656,,,,,
,,8249,菱光,,,1557102,,,,,,,,,,2.17,3,,上市,112,80759,,,,,,,,245772,,1802874,,,,,,245772,,,,219147,,107384,2058975,2540018,481043,481043,261896,,326531,,1802874,,245772,,,,,
,,8261,富鼎,,,1748,,,,,,,,,,2.25,3,,上市,112,76108,,,,,,,,261390,,263138,,,,,,262218,-828,,,204352,,133146,1623990,2164031,540041,540041,335689,,337498,,263972,-834,261390,,,,,
,,8271,宇瞻,,,17240,,,,,,,,,,3.15,3,,上市,112,103808,,,,,,,,430002,,447242,,,,,,386324,43678,,,511900,,21910,4187574,5483242,1295668,1295668,783768,,533810,,403562,43680,430002,,,,,
,,8341,日友,,,3928,,,,,,,,,,2.60,3,,上市,112,86342,,,,,,,,312076,,316004,,,,,,303505,8571,,,442966,,-44548,1442956,2422685,979729,979729,536763,,398418,,307412,8592,312076,,,,,
,,8367,建新國際,,,3918,,,,,,,,,,2.20,3,,上市,112,45510,,,,,,,,211622,,215540,,,,,,193129,18493,,,247363,,9769,1150230,1618247,468017,468017,220654,,257132,,197276,18264,211622,,,,,
,,8374,羅昇,,,12817,,,,,,,,,,-0.13,3,,上市,112,14493,,,,,,,,-10661,,2156,,,,,0,-14569,3908,,,-3191,,7023,1908132,2375661,467529,467529,470720,,3832,0,-4263,6419,-10661,,,,,
,,8404,百和興業-KY,,,-31924,,,,,,,,,,-1.32,3,,上市,112,2108,,,,,,,,-436609,,-468533,,,,,,-436564,-45,,,-71406,,-363095,2779120,3906081,1126961,1126961,1198367,,-434501,,-468483,-50,-436609,,,,,
,,8411,福貞-KY,,,-52875,,,,,,,,,,0.08,3,,上市,112,44156,,,,,,,,19172,,-33703,,,,,,17424,1748,,,106300,,-42972,5535633,6111847,576214,576214,469914,,63328,,-35451,1748,19172,,,,,
,,8422,可寧衛*,,,-839,,,,,,,,,,7.07,3,,上市,112,236457,,,,,,,,750573,,749734,,,,,,770461,-19888,,,983581,,3449,1820013,3208575,1388562,1388562,404981,,987030,,769622,-19888,750573,,,,,
,,8429,金麗-KY,,,-9043,,,,,,,,,,-0.09,3,,上市,112,1175,,,,,,,,-17214,,-26257,,,,,,-16700,-514,,,-22088,,6049,116117,126656,10539,10539,32627,,-16039,,-25741,-516,-17214,,,,,
,,8438,昶昕,,,-620,,,,,,,,,,0.87,3,,上市,112,25830,,,,,,,,60508,,59888,,,,,,60508,,,,69829,,16509,2022311,2294776,272465,272465,202636,,86338,,59888,,60508,,,,,
,,8442,威宏-KY,,,78932,,,,,,,,,,8.07,3,,上市,112,-3089,,,,,,,,489889,,568821,,,,,,489889,,,,483155,,3645,4813271,6023623,1210352,1210352,727197,,486800,,568821,,489889,,,,,
,,8443,阿瘦,,,1379,,,,,,,,,,0.20,3,,上市,112,381,,,,,,,,13439,,14818,,,,,,13447,-8,,,5387,,8433,371499,887892,516393,516393,511006,,13820,,14826,-8,13439,,,,,
,,8454,富邦媒,118431,,-11815,,,,,,,,,,10.32,3,,上市,112,606190,,,,,,,,2481065,,2469250,,,,,,2481304,-239,,,3005798,,81457,68921310,76407130,7485820,7485820,4598453,,3087255,,2469491,-241,2481065,,,,,
,,8462,柏文,,,,,,,,,,,,,0.77,3,,上市,112,17078,,,,,,,,58645,,58645,,,,,,57645,1000,,,126414,,-50691,2426814,3150739,723925,723925,597511,,75723,,57645,1000,58645,,,,,
,,8463,潤泰材,,,-57607,,,,,,,,,,0.54,3,,上市,112,28629,,,,,,,,152026,,94419,,,,,,81218,70808,,,204567,,-23912,3441091,3879812,438721,438721,234154,,180655,,32958,61461,152026,,,,,
,,8464,億豐,,,687085,,,,,,,,,,13.88,3,,上市,112,1454222,,,,,,,,4167114,,4854199,,,,,,4069198,97916,,,4936617,,684719,8777291,19677965,10900674,10900674,5964057,,5621336,,4748850,105349,4167114,,,,,
,,8466,美吉吉-KY,,,69579,,,,,,,,,,-0.39,3,,上市,112,87778,,,,,,,,-52311,,17268,,,,,,-25740,-26571,,,-13328,,48795,1723667,2038741,315074,315074,328402,,35467,,43193,-25925,-52311,,,,,
,,8467,波力-KY,,,-57367,,,,,,,,,,5.79,3,,上市,112,44793,,,,,,,,288043,,230676,,,,,,289161,-1118,,,300789,,32047,923287,1493082,569795,569795,269006,,332836,,231801,-1125,288043,,,,,
,,8473,山林水,,,47431,,,,,,,,,,0.03,3,,上市,112,91101,,,,,,,,93393,,140824,,,,,,3901,89492,,,320019,,-135525,2355390,2830429,475039,475039,155020,,184494,,52368,88456,93393,,,,,
,,8476,台境*,,,917,,,,,,,,,,4.43,3,,上市,112,65944,,,,,,,,361578,,362495,,,,,,357220,4358,,,436107,,-8585,733333,1269789,536456,536456,100349,,427522,,358137,4358,361578,,,,,
,,8478,東哥遊艇,,,284113,,,,,,,,,,17.52,3,,上市,112,117245,,,,,,,,1541343,,1825456,,,,,,1541343,,,,1646569,,12019,2453116,4688046,2234930,2234930,588361,,1658588,,1825456,,1541343,,,,,
,,8481,政伸,,,23447,,,,,,,,,,1.74,3,,上市,112,25860,,,,,,,,116128,,139575,,,,,,116128,,,,116754,,25234,418868,748847,329979,329979,213225,,141988,,139575,,116128,,,,,
,,8482,商億-KY,,,119513,,,,,,,,,,3.06,3,,上市,112,75521,,,,,,,,320483,,439996,,,,,,328936,-8453,,,400538,,-4534,1685913,2747022,1061109,1061109,660571,,396004,,445454,-5458,320483,,,,,
,,8487,愛爾達-創,,,,,,,,,,,,,4.28,3,,上市,112,25669,,,,,,,,94297,,94297,,,,,,,,,,117081,,2885,466690,707542,240852,240852,123771,,119966,,,,94297,,,,,
,,8488,吉源-KY,,,46176,,,,,,,,,,-1.17,3,,上市,112,25306,,,,,,,,-79237,,-33061,,,,,,-79237,,,,721,,-54652,2645224,2811988,166764,166764,166043,,-53931,,-33061,,-79237,,,,,
,,8499,鼎炫-KY,,,186155,,,,,,,,,,6.93,3,,上市,112,103757,,,,,,,,456438,,642593,,,,,,341690,114748,,,293799,,266396,815742,1379727,563985,563985,270186,,560195,,476097,166496,456438,,,,,
,,8926,台汽電,,,14937,,,,,,,,,,1.58,3,-29178,上市,112,50694,,,,,,,,1060919,,1075856,,,,,,1061446,-527,,,-32149,,1143762,3513037,3935248,422211,393033,425182,,1111613,,1076383,-527,1060919,,,,,
,,8940,新天地,409,,,,,,,,,,,,0.71,3,,上市,112,20560,,,,,,,,47963,,47963,,,,,,47656,307,,,73845,,-5322,498077,1021319,523242,523242,449806,,68523,,47656,307,47963,,,,,
,,8996,高力,,,-15458,,,,,,,,,,6.05,3,,上市,112,146582,,,,,,,,540399,,524941,,,,,,540399,,,,638198,,48783,2409867,3426046,1016179,1016179,377981,,686981,,524941,,540399,,,,,
,,9802,鈺齊-KY,,,192836,,,,,,,,,,7.54,3,,上市,112,421085,,,,,,,,1434012,,1626848,,,,,,1434012,0,,,1490854,,364243,10671105,13212640,2541535,2541535,1050681,,1855097,,1626848,0,1434012,,,,,
,,9902,台火,,,,,,,,,,,,,0.20,3,,上市,112,107,,,,,,,,19984,,19984,,,,,,19876,108,,,-12902,,32993,96415,103229,6814,6814,19716,,20091,,19876,108,19984,,,,,
,,9904,寶成,,,9144337,,,,,,,,,,3.59,3,,上市,112,2512963,,,,,,,,13361677,,22506014,,,,,,10581173,2780504,,,5343608,,10531032,141359453,185757970,44398517,44398517,39054909,,15874640,,17449249,5056765,13361677,,,,,
,,9905,大華,,,44812,,,,,,,,,,1.24,3,,上市,112,133192,,,,,,,,375200,,420012,,,,,,378836,-3636,,,404136,,104256,6014140,6800232,786092,786092,381956,,508392,,423241,-3229,375200,,,,,
,,9906,欣巴巴,,,,,,,,,,,,,6.51,3,,上市,112,150276,,,,,,,,542946,,542946,,,,,,542946,,,,722905,,-29683,2569956,3616522,1046566,1046566,323661,,693222,,542946,,542946,,,,,
,,9907,統一實,,,-91319,,,,,,,,,,0.48,3,,上市,112,388778,,,,,,,,693170,,601851,,,,,,753180,-60010,,,1099364,,-17416,24378693,27280845,2902152,2902152,1802788,,1081948,,667824,-65973,693170,,,,,
,,9908,大台北,-4140,,321783,,,,,,,,,,1.89,3,,上市,112,126492,,,,,,,,1000755,,1322538,,,,,,948802,51953,,,465685,,661562,1829086,2489986,660900,660900,191075,,1127247,,1265608,56930,1000755,,,,,
,,9910,豐泰,,,1119810,,,,,,,,,,3.68,3,,上市,112,1058134,,,,,,,,4009224,,5129034,,,,,,3635293,373931,,,4289148,,778210,50698132,63232072,12533940,12533940,8244792,,5067358,,4689898,439136,4009224,,,,,
,,9911,櫻花,,,79714,,,,,,,,,,3.34,3,,上市,112,205259,,,,,,,,728732,,808446,,,,,,731666,-2934,,,834919,,99072,3884342,5968269,2083927,2083927,1249008,,933991,,811380,-2934,728732,,,,,
,,9912,偉聯,,,8857,,,,,,,,,,-0.29,3,,上市,112,1509,,,,,,,,-31163,,-22306,,,,,,-14818,-16345,,,-26024,,-3630,230288,384105,153817,153817,179841,,-29654,,-5961,-16345,-31163,,,,,
,,9914,美利達,,,958872,,,,,,,,,,6.67,3,400850,上市,112,916234,,,,,,,,2129927,,3088799,,,,,,1995239,134688,,,2812567,,233594,18488110,22534318,4046208,4447058,1634491,,3046161,,2923083,165716,2129927,,,,,
,,9917,中保科,,,105158,,,,,,,,,,4.31,3,,上市,112,432815,,,,,,,,1930077,,2035235,,,,,,1906139,23938,,,2022246,,340646,8470648,12624832,4154184,4154184,2131938,,2362892,,2011091,24144,1930077,,,,,
,,9918,欣天然,,,0,,,,,,,,,,1.54,3,,上市,112,46507,,,,,,,,275156,,275156,,,,,,275156,,,,231363,,90300,1021911,1461776,439865,439865,208502,,321663,,275156,,275156,,,,,
,,9919,康那香,,,2550,,,,,,,,,,3.95,3,,上市,112,568865,,,,,,,,771283,,773833,,,,,,771283,,,,-336796,,1676944,2111866,2267168,155302,155302,492098,,1340148,,773833,,771283,,,,,
,,9921,巨大,,,305725,,,,,,,,,,7.96,3,,上市,112,1579958,,,,,,,,3279416,,3585141,,,,,,3120405,159011,,,4431737,,427637,48833100,62100690,13267590,13267590,8835853,,4859374,,3428698,156443,3279416,,,,,
,,9924,福興,,,-23774,,,,,,,,,,3.85,3,,上市,112,251403,,,,,,,,727437,,703663,,,,,,725133,2304,,,787288,,191552,5109416,6552751,1443335,1443335,656047,,978840,,701354,2309,727437,,,,,
,,9925,新保,,,278220,,,,,,,,,,1.98,3,,上市,112,154284,,,,,,,,820956,,1099176,,,,,,763029,57927,,,658210,,317030,3777714,5812561,2034847,2034847,1376637,,975240,,1013230,85946,820956,,,,,
,,9926,新海,3027,,259943,,,,,,,,,,2.18,3,,上市,112,85921,,,,,,,,390730,,650673,,,,,,390730,,,,398149,,78502,1200338,1721043,520705,520705,125583,,476651,,650673,,390730,,,,,
,,9927,泰銘,,,41373,,,,,,,,,,4.93,3,,上市,112,228202,,,,,,,,827298,,868671,,,,,,824942,2356,,,798018,,257482,5809420,6793996,984576,984576,186558,,1055500,,866387,2284,827298,,,,,
,,9928,中視,,,9728,,,,,,,,,,-0.64,3,,上市,112,0,,,,,,,,-39091,,-29363,,,,,,-39091,0,,,-74570,,35479,611256,665474,54218,54218,128788,,-39091,,-29363,0,-39091,,,,,
,,9929,秋雨,,,59311,,,,,,,,,,0.29,3,,上市,112,666,,,,,,,,27643,,86954,,,,,,29338,-1695,,,-10714,,39023,445559,492973,47414,47414,58128,,28309,,88649,-1695,27643,,,,,
,,9930,中聯資源,,,-43105,,,,,,,,,,2.51,3,,上市,112,147660,,,,,,,,636104,,592999,,,,,,623832,12272,,,790603,,-6839,8174006,9317160,1143154,1143154,352551,,783764,,579040,13959,636104,,,,,
,,9931,欣高,,,78200,,,,,,,,,,1.11,3,,上市,112,32042,,,,,,,,135019,,213219,,,,,,134032,987,,,128650,,38411,746172,920891,174719,174719,46069,,167061,,210311,2908,135019,,,,,
,,9933,中鼎,,,34014,,,,,,,,,,1.64,3,,上市,112,593560,,,,,,,,2052590,,2086604,,,,,,1294301,758289,,,2569439,,76711,69824949,73657247,3832298,3832298,1262859,,2646150,,1286055,800549,2052590,,,,,
,,9934,成霖,,,263495,,,,,,,,,,1.01,3,,上市,112,190580,,,,,,,,395959,,659454,,,,,,395959,,,,266484,,320055,9835334,14007016,4171682,4171682,3905198,,586539,,659454,,395959,,,,,
,,9935,慶豐富,,,63494,,,,,,,,,,0.43,3,,上市,112,29040,,,,,,,,75167,,138661,,,,,,75167,,,,108666,,-4459,2640206,3261441,621235,621235,512569,,104207,,138661,,75167,,,,,
,,9937,全國,,,48371,,,,,,,,,,1.87,3,,上市,112,150105,,,,,,,,579233,,627604,,,,,,579233,0,,,597352,,131986,16313921,18342871,2028950,2028950,1431598,,729338,,627604,0,579233,,,,,
,,9938,百和,,,166138,,,,,,,,,,1.55,3,,上市,112,128746,,,,,,,,254102,,420240,,,,,,462227,-208125,,,804621,,-421773,6430723,9288060,2857337,2857337,2052716,,382848,,650876,-230636,254102,,,,,
,,9939,宏全,,,582015,,,,,,,,,,7.27,3,,上市,112,500454,,,,,,,,2182239,,2764254,,,,,,2093183,89056,,,2728613,,-45920,16172080,20655958,4483878,4483878,1755265,,2682693,,2655772,108482,2182239,,,,,
,,9940,信義,,,157339,,,,,,,,,,1.84,3,,上市,112,469915,,,,,,,,1359502,,1516841,,,,,,1353924,5578,,,1657086,,172331,7966587,10807808,2841221,2841221,1184135,,1829417,,1511288,5553,1359502,,,,,
,,9941,裕融,,,241911,,,,,,,,,,9.31,3,,上市,112,1626510,,,,,,,,5398976,,5640887,,,,,,5252137,146839,,,6734102,,291384,13792691,30800878,17008187,17008187,10274085,,7025486,,5446763,194124,5398976,,,,,
,,9942,茂順,,,749,,,,,,,,,,9.41,3,-3948,上市,112,280339,,,,,,,,783875,,784624,,,,,,782843,1032,,,1020773,,43441,2139842,3657072,1517230,1513282,492509,,1064214,,783378,1246,783875,,,,,
,,9943,好樂迪,,,4449,,,,,,,,,,7.56,3,,上市,112,108187,,,,,,,,642251,,646700,,,,,,639988,2263,,,495061,,255377,964092,2118572,1154480,1154480,659419,,750438,,644437,2263,642251,,,,,
,,9944,新麗,,,81650,,,,,,,,,,1.71,3,,上市,112,222428,,,,,,,,193687,,275337,,,,,0,181066,12621,,,-37542,,453657,1262841,1642565,379724,379724,417266,,416115,0,264451,10886,193687,,,,,
,,9945,潤泰新,,,-1897047,,,,,,,,,,3.67,3,,上市,112,453190,,,,,,,,11769594,,9872547,,,,,,10952088,817506,,,3188768,,9034016,13855277,18682909,4827632,4827632,1638864,,12222784,,9278118,594429,11769594,,,,,
,,9946,三發地產,,,50400,,,,,,,,,,0.04,3,,上市,112,11362,,,,,,,,13352,,63752,,,,,,13352,,,,49308,,-24594,444830,602193,157363,157363,108055,,24714,,63752,,13352,,,,,
,,9955,佳龍,,,234,,,,,,,,,,-0.53,3,,上市,112,0,,,,,,,,-54207,,-53973,,,,,,-54207,,,,-53425,,-782,832539,864721,32182,32182,85607,,-54207,,-53973,,-54207,,,,,
,,9958,世紀鋼,,,13066,,,,,,,,,,2.52,3,,上市,112,166563,,,,,,,,643596,,656662,,,,,,590396,53200,,,917868,,-107709,8275189,9539392,1264203,1264203,346335,,810159,,597465,59197,643596,,,,,
