保險負債準備淨變動,停業單位損益,公司代號,公司名稱,其他收益及費損淨額,其他綜合損益,其他綜合損益（淨額）,其他綜合損益（稅後淨額）,其他綜合損益（稅後）,利息以外淨損益,利息以外淨收益,利息淨收益,原始認列生物資產及農產品之利益（損失）,合併前非屬共同控制股權損益,合併前非屬共同控制股權綜合損益淨額,呆帳費用、承諾及保證責任準備提存,基本每股盈餘（元）,季別,已實現銷貨（損）益,市場,年度,所得稅費用（利益）,所得稅（費用）利益,支出,支出及費用,收入,收益,未實現銷貨（損）益,本期其他綜合損益（稅後淨額）,本期淨利（淨損）,本期稅後淨利（淨損）,本期綜合損益總額,本期綜合損益總額（稅後）,淨利（損）歸屬於共同控制下前手權益,淨利（損）歸屬於母公司業主,淨利（損）歸屬於非控制權益,淨利（淨損）歸屬於共同控制下前手權益,淨利（淨損）歸屬於母公司業主,淨利（淨損）歸屬於非控制權益,淨收益,營業利益,營業利益（損失）,營業外損益,營業外收入及支出,營業成本,營業收入,營業毛利（毛損）,營業毛利（毛損）淨額,營業費用,生物資產當期公允價值減出售成本之變動利益（損失）,稅前淨利（淨損）,綜合損益總額歸屬於共同控制下前手權益,綜合損益總額歸屬於母公司業主,綜合損益總額歸屬於非控制權益,繼續營業單位本期淨利（淨損）,繼續營業單位本期稅後淨利（淨損）,繼續營業單位本期純益（純損）,繼續營業單位稅前損益,繼續營業單位稅前淨利（淨損）,繼續營業單位稅前純益（純損）
,,1101,台泥,,,-2534440,,,,,,,,,,1.06,4,,上市,112,4352218,,,,,,,,10004613,,7470173,,,,,,7997814,2006799,,,10030160,,4326671,88780566,109314335,20533769,20533769,10503609,,14356831,,5438043,2032130,10004613,,,,,
,,1102,亞泥,,,2697171,,,,,,,,,,3.28,4,,上市,112,2852258,,,,,,,,11084110,,13781281,,,,,,10882826,201284,,,7460048,,6476320,69745612,80182799,10437187,10437187,2977139,,13936368,,13954793,-173512,11084110,,,,,
,,1103,嘉泥,,,481650,,,,,,,,,,0.12,4,,上市,112,-13271,,,,,,,,96038,,577688,,,,,,81082,14956,,,-147524,,230291,2545152,2911583,366431,366431,513955,,82767,,547705,29983,96038,,,,,
,,1104,環泥,,,-176326,,,,,,,,,,3.13,4,,上市,112,235340,,,,,,,,2347252,,2170926,,,,,,2107758,239494,,,974411,,1608181,6260222,7802362,1542140,1542140,567729,,2582592,,1931472,239454,2347252,,,,,
,,1108,幸福,2328,,-38310,,,,,,,,,,1.30,4,,上市,112,132614,,,,,,,,527136,,488826,,,,,,527139,-3,,,612361,,47389,4211831,5094743,882912,882912,272879,,659750,,488829,-3,527136,,,,,
,,1109,信大,,,-89947,,,,,,,,,,2.01,4,,上市,112,304031,,,,,,,,807587,,717640,,,,,,685884,121703,,,989292,,122326,4918790,6259864,1341074,1341074,351782,,1111618,,624638,93002,807587,,,,,
,,1110,東泥,,,199506,,,,,,,,,,0.26,4,,上市,112,31323,,,,,,,,156053,,355559,,,,,,149522,6531,,,59378,,127998,2069639,2273518,203879,203879,144501,,187376,,348999,6560,156053,,,,,
,,1201,味全,,,-88621,,,,,,,,,,0.53,4,,上市,112,112291,,,,,,,,269516,,180895,,,,,,268323,1193,,,321050,,60757,15672351,21476354,5804003,5804003,5482953,,381807,,179961,934,269516,,,,,
,0,1203,味王,,,78146,,,,,,,,,,1.80,4,,上市,112,262059,,,,,,,,657718,,735864,,,,,,427700,230018,,,855255,,64522,4537602,6403713,1866111,1866111,1010856,,919777,,498724,237140,657718,,,,,
,,1210,大成,,,-317515,,,,,,,,,,4.81,4,,上市,112,1165134,,,,,,,,4803465,,4485950,,,,,,4069204,734261,,,6020280,,-51681,96148202,111108929,14960727,14960727,8940447,,5968599,,3879865,606085,4803465,,,,,
,,1213,大飲,,,1,,,,,,,,,,-2.45,4,,上市,112,20204,,,,,,,,-138689,,-138688,,,,,,-138689,,,,-141914,,23429,215158,120702,-94456,-94456,47458,,-118485,,-138688,,-138689,,,,,
,,1215,卜蜂,37910,,-482865,,,,,,,,,,7.70,4,,上市,112,558477,,,,,,,,2256436,,1773571,,,,,,2268965,-12529,,,2927334,,-112421,24157745,29159749,5002004,5002004,2112580,,2814913,,1785872,-12301,2256436,,,,,
,,1216,統一,,,-2078188,,,,,,,,,,3.23,4,,上市,112,18404797,,,,,,,,30286149,,28207961,,,,,,18336478,11949671,,,28640834,,20050112,393289237,581102935,187813698,187813698,159172864,,48690946,,17032800,11175161,30286149,,,,,
,,1217,愛之味,,,38104,,,,,,,,,,0.41,4,,上市,112,43142,,,,,,,,217600,,255704,,,,,,200936,16664,,,128774,,131968,3486325,4900038,1413713,1413713,1284939,,260742,,246897,8807,217600,,,,,
,,1218,泰山,,,-125983,,,,,,,,,,-0.17,4,403,上市,112,203527,,,,,,-5491,,-80635,,-206618,,,,,,-80870,235,,,-62566,,185458,9678785,11228425,1549640,1555534,1618100,,122892,,-206840,222,-80635,,,,,
,,1219,福壽,,,-2597,,,,,,,,,,0.94,4,1200,上市,112,59378,,,,,,1100,,330790,,328193,,,,,,312570,18220,,,357158,,33010,14824093,16313623,1493483,1493583,1136425,3953,390168,,310427,17766,330790,,,,,
,,1220,台榮,,,1304,,,,,,,,,,0.76,4,,上市,112,35478,,,,,,,,157815,,159119,,,,,,133272,24543,,,162526,,30767,2855797,3293888,438091,438091,275565,,193293,,134572,24547,157815,,,,,
,,1225,福懋油,8,,-1591,,,,,,42794,,,,1.60,4,,上市,112,80879,,,,,,-382,,409202,,407611,,,,,,367879,41323,,,463084,,26997,13483212,14543809,1103391,1103773,640697,,490081,,366288,41323,409202,,,,,
,,1227,佳格,,,-255379,,,,,,,,,,1.35,4,,上市,112,335162,,,,,,,,1268152,,1012773,,,,,,1225773,42379,,,1360401,,242913,21514418,27804118,6289700,6289700,4929299,,1603314,,1039479,-26706,1268152,,,,,
,,1229,聯華,,,9125582,,,,,,,,,,2.64,4,,上市,112,157281,,,,,,,,4776037,,13901619,,,,,,4158206,617831,,,1164678,,3768640,11114722,13598464,2483742,2483742,1319064,,4933318,,10147711,3753908,4776037,,,,,
,,1231,聯華食,,,-3226,,,,,,,,,,3.93,4,,上市,112,232287,,,,,,,,969655,,966429,,,,,,969576,79,,,909849,,292093,8571068,10853256,2282188,2282188,1372339,,1201942,,966687,-258,969655,,,,,
,,1232,大統益,,,2680,,,,,,,,,,7.53,4,,上市,112,319852,,,,,,,,1253741,,1256421,,,,,,1204851,48890,,,1521503,,52090,21035103,23560347,2525244,2525244,1003741,,1573593,,1207410,49011,1253741,,,,,
,,1233,天仁,,,-18399,,,,,,,,,,1.06,4,,上市,112,23085,,,,,,,,95869,,77470,,,,,,95676,193,,,101920,,17034,888046,2110338,1222292,1222292,1120372,,118954,,77427,43,95869,,,,,
,,1234,黑松,,,74505,,,,,,,,,,2.36,4,,上市,112,248109,,,,,,,,948447,,1022952,,,,,,948447,,,,717976,,478580,7610784,10576476,2965692,2965692,2247716,,1196556,,1022952,,948447,,,,,
,,1235,興泰,,,298052,,,,,,,,,,1.10,4,,上市,112,7666,,,,,,,,85030,,383082,,,,,,95215,-10185,,,-5237,,97933,54761,75719,20958,20958,26195,,92696,,322676,60406,85030,,,,,
,,1236,宏亞,,,-212009,,,,,,,,,,0.16,4,,上市,112,19513,,,,,,,,15690,,-196319,,,,,,15690,,,,13194,,22009,1392477,1929953,537476,537476,524282,,35203,,-196319,,15690,,,,,
,,1256,鮮活果汁-KY,,,-79469,,,,,,,,,,12.41,4,,上市,112,169728,,,,,,,,479731,,400262,,,,,,419915,59816,,,566415,,83044,3328805,4631966,1303161,1303161,736746,,649459,,349343,50919,479731,,,,,
,,1301,台塑,,,9095399,,,,,,,,,,1.15,4,,上市,112,-341078,,,,,,,,7337709,,16433108,,,,,,7337709,,,,-4028519,,11025150,189312319,199138777,9826458,9826458,13854977,,6996631,,16433108,,7337709,,,,,
,,1303,南亞,,,2460450,,,,,,,,,,0.80,4,,上市,112,1020268,,,,,,9697,,8110047,,10570497,,,,,,6310050,1799997,,,1983852,,7146463,240519344,259755344,19236000,19226303,17242451,,9130315,,8769819,1800678,8110047,,,,,
,,1304,台聚,,,-154241,,,,,,,,,,-0.19,4,,上市,112,-30175,,,,,,,,-1906642,,-2060883,,,,,,-207006,-1699636,,,1619335,,-3556152,46658491,52264762,5606271,5606271,3986936,,-1936817,,-381717,-1679166,-1906642,,,,,
,,1305,華夏,,,-36534,,,,,,,,,,0.59,4,,上市,112,72850,,,,,,,,393674,,357140,,,,,,341916,51758,,,459855,,6669,12030536,13707305,1676769,1676769,1216914,,466524,,305590,51550,393674,,,,,
,,1307,三芳,,,18682,,,,,,,,,,1.91,4,,上市,112,268803,,,,,,,,760274,,778956,,,,,,760274,,,,987075,,42002,7561009,10086736,2525727,2525727,1538652,,1029077,,778956,,760274,,,,,
,,1308,亞聚,,,-275732,,,,,,,,,,0.20,4,,上市,112,34848,,,,,,,,116284,,-159448,,,,,,116284,,,,923836,,-772704,5571131,6717128,1145997,1145997,222161,,151132,,-159448,,116284,,,,,
,,1309,台達化,,,-87995,,,,,,,,,,-0.69,4,,上市,112,-72475,,,,,,,,-273537,,-361532,,,,,,-273537,,,,-464397,,118385,14769885,15205462,435577,435577,899974,,-346012,,-361532,,-273537,,,,,
,,1310,台苯,,,1018137,,,,,,,,,,-0.88,4,,上市,112,-122402,,,,,,,,-460659,,557478,,,,,,-462184,1525,,,-610512,,27451,9952545,9541182,-411363,-411363,199149,,-583061,,556383,1095,-460659,,,,,
,,1312,國喬,,,-478407,,,,,,,,,,-1.59,4,,上市,112,-298104,,,,,,,,-1456876,,-1935283,,,,,,-1438027,-18849,,,-1092004,,-662976,15270890,15719189,448299,448299,1540303,,-1754980,,-1891225,-44058,-1456876,,,,,
,,1313,聯成,,,4403273,,,,,,,,,,-0.21,4,,上市,112,126290,,,,,,,,-282826,,4120447,,,,,,-282826,,,,-197511,,40975,70988639,73196046,2207407,2207407,2404918,,-156536,,4120447,,-282826,,,,,
,,1314,中石化,,,327221,,,,,,,,,,-0.28,4,,上市,112,496159,,,,,,,,-1081266,,-754045,,,,,,-1060038,-21228,,,-3050664,,2465557,27502519,26414254,-1088265,-1088265,1962399,,-585107,,-732820,-21225,-1081266,,,,,
,,1315,達新,,,207927,,,,,,,,,,3.66,4,,上市,112,17215,,,,,,,,350507,,558434,,,,,,349399,1108,,,14342,,353380,1804934,2157193,352259,352259,337917,,367722,,557840,594,350507,,,,,
,,1316,上曜,,,2348,,,,,,,,,,-0.68,4,,上市,112,4344,,,,,,,,-148879,,-146531,,,,,,-144751,-4128,,,-179157,,34622,700117,845937,145820,145820,324977,,-144535,,-143429,-3102,-148879,,,,,
,,1319,東陽,,,153632,,,,,,,,,,5.10,4,,上市,112,764828,,,,,,,,3047280,,3200912,,,,,,3019410,27870,,,3744280,,67828,16725244,23858806,7133562,7133562,3389282,,3812108,,3181153,19759,3047280,,,,,
,,1321,大洋,,,87072,,,,,,,,,,0.88,4,,上市,112,35581,,,,,,,,193134,,280206,,,,,,193134,,,,34953,,193762,4500918,4914556,413638,413638,378685,,228715,,280206,,193134,,,,,
,,1323,永裕,,,-22930,,,,,,,,,,0.92,4,,上市,112,46115,,,,,,,,179294,,156364,,,,,,84058,95236,,,212506,,12903,2669405,3308875,639470,639470,426964,,225409,,61128,95236,179294,,,,,
,,1324,地球,,,-6928,,,,,,,,,,0.53,4,,上市,112,4930,,,,,,,,39457,,32529,,,,,,39457,,,,40728,,3659,724365,921410,197045,197045,156317,,44387,,32529,,39457,,,,,
,,1325,恆大,,,10584,,,,,,,,,,0.21,4,,上市,112,8027,,,,,,,,12739,,23323,,,,,,17755,-5016,,,-48460,,69226,406138,405763,-375,-375,48085,,20766,,29892,-6569,12739,,,,,
,,1326,台化,,,10367021,,,,,,,,,,1.46,4,,上市,112,-318454,,,,,,,,7704942,,18071963,,,,,,8548518,-843576,,,-3050244,,10436732,321195091,332619533,11424442,11424442,14474686,,7386488,,18674426,-602463,7704942,,,,,
,,1337,再生-KY,,,-83531,,,,,,,,,,-1.53,4,,上市,112,,,,,,,,,-411492,,-495023,,,,,,-411492,,,,-391110,,-20382,925366,772034,-153332,-153332,237778,,-411492,,-495023,,-411492,,,,,
,,1338,廣華-KY,,,26882,,,,,,,,,,-1.96,4,,上市,112,50953,,,,,,,,-170324,,-143442,,,,,,-164316,-6008,,,44412,,-163783,4486785,5761288,1274503,1274503,1230091,,-119371,,-180282,36840,-170324,,,,,
,,1339,昭輝,,,16320,,,,,,,,,,5.88,4,,上市,112,111745,,,,,,,,432464,,448784,,,,,,435661,-3197,,,401863,,142346,1361742,2051209,689467,689467,287604,,544209,,453938,-5154,432464,,,,,
,,1340,勝悅-KY,,,-63164,,,,,,,,,,-5.64,4,,上市,112,-2320,,,,,,,,-861732,,-924896,,,,,,-861732,,,,-403796,,-460256,772395,562077,-210318,-210318,193478,,-864052,,-924896,,-861732,,,,,
,,1341,富林-KY,,,-37625,,,,,,,,,,4.48,4,,上市,112,63335,,,,,,,,230190,,192565,,,,,,230190,,,,292389,,1136,1981268,2516049,534781,534781,242392,,293525,,192565,,230190,,,,,
,,1342,八貫,0,,,,,,,,,,,,7.52,4,,上市,112,126249,,,,,,,,529789,,529789,,,,,,,,,,615362,,40676,1731277,2564771,833494,833494,218132,,656038,,,,529789,,,,,
,,1402,遠東新,827426,,5253067,,,,,,,,,,1.64,4,556,上市,112,3438867,,,,,,,,15319488,,20572555,,,,,,8229199,7090289,,,14972682,,3785673,210142695,257203940,47061245,47061801,32916545,,18758355,,13544141,7028414,15319488,,,,,
,,1409,新纖,,1780375,,,,,,,,,,,0.47,4,,上市,112,331257,,38064309,,39565140,,,,1169574,,2949949,,,,,,764410,405164,,,,,,,,,,,,,,2474558,475391,1169574,,,,1500831,
,,1410,南染,,,885,,,,,,,,,,0.24,4,,上市,112,9275,,,,,,,,13119,,14004,,,,,,14972,-1853,,,-14480,,36874,161964,222213,60249,60249,74729,,22394,,15877,-1873,13119,,,,,
,,1413,宏洲,0,,0,,,,,,,,,,-1.01,4,,上市,112,-760,,,,,,,,-132786,,-132786,,,,,,,,,,-136197,,2651,2074211,1995376,-78835,-78835,57362,,-133546,,,,-132786,,,,,
,,1414,東和,,,67420,,,,,,,,,,0.15,4,,上市,112,-6210,,,,,,,,32849,,100269,,,,,,,,,,-37292,,63931,525967,566660,40693,40693,77985,,26639,,,,32849,,,,,
,,1416,廣豐,,,-125060,,,,,,,,,,0.51,4,,上市,112,38642,,,,,,,,110000,,-15060,,,,,,95103,14897,,,-12005,,160647,188215,295859,107644,107644,119649,,148642,,-29957,14897,110000,,,,,
,-3279,1417,嘉裕,,,24064,,,,,,,,,,-0.37,4,,上市,112,2344,,,,,,,,-69476,,-45412,,,,,,-69476,,,,-80265,,16412,996724,1496178,499454,499454,579719,,-63853,,-45412,,-66197,,,,,
,,1418,東華,-966,,1833,,,,,,,,,,0.74,4,,上市,112,173,,,,,,,,39974,,41807,,,,,,39981,-7,,,-74575,,114722,16674,20587,3913,3913,77522,,40147,,41814,-7,39974,,,,,
,,1419,新紡,0,,1201858,,,,,,,,,,2.17,4,,上市,112,124019,,,,,,,,648948,,1850806,,,,,,648948,,,,359744,,413223,2389671,3382945,993274,993274,633530,,772967,,1850806,,648948,,,,,
,,1423,利華,,,217485,,,,,,,,,,0.57,4,,上市,112,22080,,,,,,,,70533,,288018,,,,,,,,,,-70710,,163323,163128,124185,-38943,-38943,31767,,92613,,,,70533,,,,,
,,1432,大魯閣,,,-19100,,,,,,,,,,0.67,4,,上市,112,-1585,,,,,,,,54980,,35880,,,,,,60178,-5198,,,80442,,-27047,750531,1324752,574221,574221,493779,,53395,,41078,-5198,54980,,,,,
,,1434,福懋,,,665729,,,,,,,,,,0.26,4,,上市,112,106403,,,,,,,,444554,,1110283,,,,,,444554,0,,,280636,,270321,25971071,28501509,2530438,2530438,2249802,,550957,,1110283,0,444554,,,,,
,,1435,中福,,,371864,,,,,,,,,,-0.30,4,,上市,112,405,,,,,,0,,-41819,,330045,,,,,,,,,,-52623,,11209,808,8500,7692,7692,60315,,-41414,,,,-41819,,,,,
,,1436,華友聯,,,3549,,,,,,,,,,9.69,4,,上市,112,83898,,,,,,,,940080,,943629,,,,,,945938,-5858,,,1094106,,-70128,263027,1628411,1365384,1365384,271278,,1023978,,949487,-5858,940080,,,,,
,,1437,勤益控,,,29821,,,,,,,,,,2.82,4,,上市,112,75824,,,,,,,,574103,,603924,,,,,,573781,322,,,444645,,205282,325754,863653,537899,537899,93254,,649927,,603602,322,574103,,,,,
,,1438,三地開發,,,,,,,,,,,,,-0.71,4,,上市,112,7190,,,,,,,,-64954,,-64954,,,,,,,,,,24774,,-82538,255835,316107,60272,60272,35498,,-57764,,,,-64954,,,,,
,,1439,雋揚,,,132235,,,,,,,,,,2.00,4,,上市,112,4156,,,,,,,,195139,,327374,,,,,0,184402,10737,,,-13095,,212390,144009,199191,55182,55182,68277,,199295,0,316637,10737,195139,,,,,
,,1440,南紡,,,315391,,,,,,,,,,1.27,4,,上市,112,-222017,,,,,,,,2190730,,2506121,,,,,,2101853,88877,,,-1252489,,3221202,18844889,19445212,600323,600323,1852812,,1968713,,2427762,78359,2190730,,,,,
,,1441,大東,,,-530,,,,,,,,,,-4.76,4,,上市,112,-1803,,,,,,,,-332876,,-333406,,,,,,-301478,-31398,,,-311417,,-23262,1307719,1157753,-149966,-149966,161451,,-334679,,-302235,-31171,-332876,,,,,
,,1442,名軒,,,7479,,,,,,,,,,4.71,4,,上市,112,197632,,,,,,,,1723401,,1730880,,,,,,1723401,,,,1977242,,-56209,2885017,5235455,2350438,2350438,373196,,1921033,,1730880,,1723401,,,,,
,,1443,立益物流,,,128547,,,,,,,,,,1.29,4,,上市,112,-1277,,,,,,,,142728,,271275,,,,,,174711,-31983,,,263252,,-121801,419321,780755,361434,361434,98182,,141451,,286559,-15284,142728,,,,,
,,1444,力麗,,,138551,,,,,,,,,,-0.28,4,,上市,112,-43080,,,,,,-10619,,-315064,,-176513,,,,,,-273376,-41688,,,-590313,,232169,8210127,8149113,-61014,-50395,539918,,-358144,,-150396,-26117,-315064,,,,,
,,1445,大宇,,,65253,,,,,,,,,,7.72,4,,上市,112,47702,,,,,,,,1008381,,1073634,,,,,,1008381,,,,-75712,,1131795,1196069,1381718,185649,185649,261361,,1056083,,1073634,,1008381,,,,,
,,1446,宏和,,,-1759,,,,,,,,,,0.80,4,,上市,112,22496,,,,,,,,109953,,108194,,,,,,109953,,,,145525,,-13076,332333,573294,240961,240961,95436,,132449,,108194,,109953,,,,,
,,1447,力鵬,,,148781,,,,,,,,,,-0.51,4,317,上市,112,-68526,,,,,,1116,,-433294,,-284513,,,,,,-445006,11712,,,-598781,,96961,29438180,29669737,231557,230758,829539,,-501820,,-328261,43748,-433294,,,,,
,,1449,佳和,,,21994,,,,,,,,,,0.61,4,,上市,112,58005,,,,,,,,75401,,97395,,,,,,51463,23938,,,-13729,,147135,2256826,2656752,399926,399926,413655,,133406,,73429,23966,75401,,,,,
,,1451,年興,,,83269,,,,,,,,,,-1.83,4,,上市,112,-42668,,,,,,,,-362912,,-279643,,,,,,-362912,,,,-449924,,44344,6370043,6358816,-11227,-11227,438697,,-405580,,-279643,,-362912,,,,,
,,1452,宏益,,,89665,,,,,,,,,,0.39,4,,上市,112,-945,,,,,,,,52162,,141827,,,,,,52162,,,,-62519,,113736,1160614,1199265,38651,38651,101170,,51217,,141827,,52162,,,,,
,,1453,大將,,,,,,,,,,,,,0.57,4,,上市,112,4649,,,,,,,,60769,,60769,,,,,,60709,60,,,17660,,47758,138957,203872,64915,64915,47255,,65418,,60709,60,60769,,,,,
,,1454,台富,-632,,11621,,,,,,,,,,0.16,4,,上市,112,-3129,,,,,,,,19537,,31158,,,,,,19536,1,,,-22792,,39200,1374396,1513543,139147,139147,161307,,16408,,31157,1,19537,,,,,
,,1455,集盛,,,9930,,,,,,,,,,-0.45,4,,上市,112,-61983,,,,,,,,-240156,,-230226,,,,,,-240156,,,,-515072,,212933,7889709,7740588,-149121,-149121,365951,,-302139,,-230226,,-240156,,,,,
,,1456,怡華,18000,,63,,,,,,,,,,0.05,4,,上市,112,13464,,,,,,,,5084,,5147,,,,,,5084,,,,397656,,-379108,1122215,1684895,562680,562680,183024,,18548,,5147,,5084,,,,,
,,1457,宜進,1421623,,50466,,,,,,,,,,2.55,4,,上市,112,206163,,,,,,,,1080606,,1131072,,,,,,567120,513486,,,1416853,,-130084,2913324,3120655,207331,207331,212101,,1286769,,608607,522465,1080606,,,,,
,,1459,聯發,,,-48621,,,,,,,,,,0.07,4,,上市,112,307,,,,,,,,23535,,-25086,,,,,,23535,0,,,-272521,,296363,1360551,1203763,-156788,-156788,115733,,23842,,-25086,0,23535,,,,,
,,1460,宏遠,5272,,25067,,,,,,,,,,-1.80,4,,上市,112,50620,,,,,,,,-1211972,,-1186905,,,,,,-1211970,-2,,,-1032177,,-129175,7532944,7838642,305698,305698,1343147,,-1161352,,-1186903,-2,-1211972,,,,,
,,1463,強盛新,,,15094,,,,,,,,,,0.65,4,,上市,112,13579,,,,,,,,107302,,122396,,,,,,107279,23,,,-54926,,175807,331750,347508,15758,15758,70684,,120881,,118056,4340,107302,,,,,
,,1464,得力,-30669,,-40575,,,,,,,,,,0.13,4,,上市,112,74581,,,,,,,,115910,,75335,,,,,,52628,63282,,,-114431,,304922,8280635,9830034,1549399,1549399,1633161,,190491,,-10278,85613,115910,,,,,
,,1465,偉全,,,-346,,,,,,,,,,0.56,4,,上市,112,925,,,,,,,,57680,,57334,,,,,,,,,,-4294,,62899,511304,582365,71061,71061,75355,,58605,,,,57680,,,,,
,0,1466,聚隆,,,-974,,,,,,0,,,,-1.36,4,0,上市,112,-11511,,,,,,0,,-151349,,-152323,,,,,0,-151349,0,,,-154581,,-8279,2372858,2453671,80813,80813,235394,0,-162860,0,-152323,0,-151349,,,,,
,,1467,南緯,,,-143712,,,,,,,,,,-0.71,4,,上市,112,98401,,,,,,,,-165251,,-308963,,,,,,-165763,512,,,-181595,,114745,3785652,4555351,769699,769699,951294,,-66850,,-309747,784,-165251,,,,,
,,1468,昶和,,,-21884,,,,,,,,,,0.17,4,,上市,112,14241,,,,,,,,55983,,34099,,,,,,27235,28748,,,-58688,,128912,976062,1052893,76831,76831,135519,,70224,,6401,27698,55983,,,,,
,,1470,大統新創,1094,,1585,,,,,,,,,,0.58,4,,上市,112,7832,,,,,,,,49346,,50931,,,,,,49346,,,,34444,,22734,525403,655221,129818,129818,96468,,57178,,50931,,49346,,,,,
,,1471,首利,,,-39627,,,,,,,,,,-0.29,4,,上市,112,448,,,,,,,,-43173,,-82800,,,,,,-43160,-13,,,-84884,,42159,225330,256642,31312,31312,116196,,-42725,,-81434,-1366,-43173,,,,,
,0,1472,三洋實業,,,-1332,,,,,,,,,,4.27,4,,上市,112,9888,,,,,,,,141980,,140648,,,,,,141980,,,,129354,,22514,1694708,1947532,252824,252824,123470,,151868,,140648,,141980,,,,,
,,1473,台南,,,-4516,,,,,,,,,,2.13,4,,上市,112,48749,,,,,,,,311469,,306953,,,,,,311469,,,,286357,,73861,5345401,6508300,1162899,1162899,876542,,360218,,306953,,311469,,,,,
,,1474,弘裕,,,-13742,,,,,,,,,,-0.34,4,,上市,112,2026,,,,,,,,-43378,,-57120,,,,,,-44431,1053,,,-91767,,50415,2474942,2685726,210784,210784,302551,,-41352,,-58173,1053,-43378,,,,,
,,1475,業旺,,,,,,,,,,,,,7.90,4,,上市,112,7602,,,,,,,,277874,,277874,,,,,,277874,,,,258739,,26737,986564,1286202,299638,299638,40899,,285476,,277874,,277874,,,,,
,,1476,儒鴻,,,16388,,,,,,,,,,18.87,4,,上市,112,1499131,,,,,,,,5176467,,5192855,,,,,,5176467,,,,6548850,,126748,21111381,30790462,9679081,9679081,3130231,,6675598,,5192855,,5176467,,,,,
,,1477,聚陽,,,-22797,,,,,,,,,,16.50,4,,上市,112,992471,,,,,,,,4035011,,4012214,,,,,,3991194,43817,,,4839688,,187794,24092380,32458726,8366346,8366346,3526658,,5027482,,3968939,43275,4035011,,,,,
,,1503,士電,,,3110991,,,,,,,,,,4.51,4,,上市,112,654659,,,,,,,,2459662,,5570653,,,,,,2348269,111393,,,2464119,,650202,26139696,31807491,5667795,5667795,3203676,,3114321,,5427423,143230,2459662,,,,,
,,1504,東元,,,-2506178,,,,,,,,,,2.76,4,9351,上市,112,1942112,,,,,,10419,,6332032,,3825854,,,,,,5830061,501971,,,6663252,,1610892,44451003,59393661,14942658,14941590,8278338,,8274144,,3277943,547911,6332032,,,,,
,,1506,正道,,,-21479,,,,,,,,,,0.29,4,,上市,112,12043,,,,,,,,88549,,67070,,,,,,86662,1887,,,58946,,41646,955984,1140720,184736,184736,125790,,100592,,67892,-822,88549,,,,,
,,1512,瑞利,,,-10707,,,,,,,,,,0.04,4,,上市,112,901,,,,,,,,3660,,-7047,,,,,,3660,,,,-125090,,129651,906586,1145879,239293,239293,364383,,4561,,-7047,,3660,,,,,
,,1513,中興電,,,1220975,,,,,,,,,,3.25,4,,上市,112,811418,,,,,,,,1585444,,2806419,,,,,,1585695,-251,,,4386497,,-1989635,15725953,22144872,6418919,6418919,2032422,,2396862,,2810432,-4013,1585444,,,,,
,,1514,亞力,,,-133547,,,,,,,,,,3.08,4,336,上市,112,169977,,,,,,0,,767361,,633814,,,,,,751699,15662,,,937311,,27,7797516,9483392,1685876,1686212,748901,,937338,,618124,15690,767361,,,,,
,,1515,力山,,,1875,,,,,,,,,,1.70,4,,上市,112,106702,,,,,,,,311039,,312914,,,,,,308768,2271,,,479851,,-62110,5592241,6708461,1116220,1116220,636369,,417741,,310648,2266,311039,,,,,
,,1516,川飛,,,0,,,,,,,,,,0.34,4,,上市,112,3300,,,,,,,,13201,,13201,,,,,,,,,,24718,,-8217,811358,852715,41357,41357,16639,,16501,,,,13201,,,,,
,,1517,利奇,,,8774,,,,,,,,,,-0.75,4,,上市,112,-14470,,,,,,,,-158341,,-149567,,,,,,-166734,8393,,,-308510,,135699,1841625,1892415,50790,50790,359300,,-172811,,-161456,11889,-158341,,,,,
,,1519,華城,,,-42090,,,,,,,,,,9.87,4,,上市,112,510295,,,,,,,,2561785,,2519695,,,,,,2577260,-15475,,,2853582,,218498,9565721,13899740,4334019,4334019,1480437,,3072080,,2535170,-15475,2561785,,,,,
,,1521,大億,,,-9474,,,,,,,,,,0.56,4,1047,上市,112,36346,,,,,,730,,42410,,32936,,,,,,42410,,,,198486,,-119730,4103898,4817004,713106,713423,514937,,78756,,32936,,42410,,,,,
,,1522,堤維西,,,-147792,,,,,,,,,,3.31,4,0,上市,112,347856,,,,,,0,,1156369,,1008577,,,,,,1093134,63235,,,1746944,,-242719,14109060,19277545,5168485,5168485,3421541,,1504225,,951686,56891,1156369,,,,,
,,1524,耿鼎,0,,-14412,,,,,,,,,,2.13,4,,上市,112,84174,,,,,,,,351560,,337148,,,,,,351560,,,,435650,,84,1968591,2697553,728962,728962,293312,,435734,,337148,,351560,,,,,
,,1525,江申,,,-85178,,,,,,,,,,5.50,4,,上市,112,148356,,,,,,,,403823,,318645,,,,,,403823,,,,65393,,486786,1417745,1598496,180751,180751,115358,,552179,,318645,,403823,,,,,
,,1526,日馳,,,4292,,,,,,,,,,0.76,4,,上市,112,16692,,,,,,,,45501,,49793,,,,,,45501,,,,30681,,31512,708034,995162,287128,287128,256447,,62193,,49793,,45501,,,,,
,,1527,鑽全,,,-7426,,,,,,,,,,2.67,4,,上市,112,104986,,,,,,,,370403,,362977,,,,,,,,,,359745,,115644,2103375,2784110,680735,680735,320990,,475389,,,,370403,,,,,
,,1528,恩德,,,45115,,,,,,,,,,-0.08,4,,上市,112,29425,,,,,,,,-29747,,15368,,,,,,-14954,-14793,,,-10779,,10457,2912185,3883131,970946,970946,981725,,-322,,29785,-14417,-29747,,,,,
,,1529,樂事綠能,0,,2168,,,,,,,,,,0.91,4,,上市,112,9352,,,,,,47,,144955,,147123,,,,,,138023,6932,,,94502,,59805,594290,752370,158080,158033,63531,,154307,,139161,7962,144955,,,,,
,,1530,亞崴,,,-16357,,,,,,,,,,2.18,4,,上市,112,44793,,,,,,210,,190306,,173949,,,,,,210811,-20505,,,33000,,202099,2002794,2361917,359123,358913,325913,,235099,,195727,-21778,190306,,,,,
,63434,1531,高林股,,,-23323,,,,,,,,,,0.08,4,,上市,112,7537,,,,,,,,14025,,-9298,,,,,,14025,,,,-105318,,63446,1217317,1420562,203245,203245,308563,,-41872,,-9298,,-49409,,,,,
,,1532,勤美,,,-204407,,,,,,,,,,2.56,4,,上市,112,314302,,,,,,,,1309542,,1105135,,,,,,965227,344315,,,1711335,,-87491,13501665,17619443,4117778,4117778,2406443,,1623844,,792328,312807,1309542,,,,,
,,1533,車王電,,,5170,,,,,,,,,,-1.31,4,,上市,112,12596,,,,,,,,-221397,,-216227,,,,,,-129448,-91949,,,-242676,,33875,3235535,4003635,768100,768100,1010776,,-208801,,-124275,-91952,-221397,,,,,
,,1535,中宇,,,-35810,,,,,,,,,,4.50,4,6406,上市,112,128968,,,,,,5033,,556892,,521082,,,,,,556892,,,,464956,,220904,8786581,9759326,972745,974118,509162,,685860,,521082,,556892,,,,,
,,1536,和大,,,-6092,,,,,,,,,,1.17,4,,上市,112,37937,,,,,,,,324663,,318571,,,,,,327211,-2548,,,415591,,-52991,5458129,6599230,1141101,1141101,725510,,362600,,321035,-2464,324663,,,,,
,,1537,廣隆,,,1226,,,,,,,,,,7.43,4,,上市,112,257444,,,,,,,,609102,,610328,,,,,,609102,,,,743532,,123014,5175624,6416807,1241183,1241183,497651,,866546,,610328,,609102,,,,,
,,1538,正峰,,,-8465,,,,,,,,,,-0.64,4,,上市,112,378,,,,,,,,-28249,,-36714,,,,,,-28249,,,,-54838,,26967,177170,194406,17236,17236,72074,,-27871,,-36714,,-28249,,,,,
,0,1539,巨庭,,,854,,,,,,,,,,0.96,4,,上市,112,24053,,,,,,,,62998,,63852,,,,,,62998,,,,80008,,7043,1360733,1533484,172751,172751,92743,,87051,,63852,,62998,,,,,
,,1540,喬福,,,-1208,,,,,,,,,,1.30,4,,上市,112,33437,,,,,,,,111078,,109870,,,,,,,,,,115787,,28728,391148,575699,184551,184551,68764,,144515,,,,111078,,,,,
,,1541,錩泰,,,-1134,,,,,,,,,,1.46,4,,上市,112,30989,,,,,,,,115190,,114056,,,,,,115190,,,,285183,,-139004,2715202,3378030,662828,662828,377645,,146179,,114056,,115190,,,,,
,,1558,伸興,,,-80977,,,,,,,,,,3.81,4,,上市,112,73134,,,,,,,,629550,,548573,,,,,,253276,376274,,,518349,,184335,5640723,7558277,1917554,1917554,1399205,,702684,,197039,351534,629550,,,,,
,,1560,中砂,,,11107,,,,,,,,,,5.91,4,,上市,112,198298,,,,,,,,862107,,873214,,,,,,852122,9985,,,989237,,71168,4438673,6380904,1942231,1942231,952994,,1060405,,860855,12359,862107,,,,,
,,1563,巧新,,,1314,,,,,,,,,,2.88,4,,上市,112,153474,,,,,,,,608436,,609750,,,,,,608436,0,,,754859,,7051,6044901,7779316,1734415,1734415,979556,,761910,,609750,0,608436,,,,,
,77142,1568,倉佑,,,30702,,,,,,,,,,2.67,4,,上市,112,53120,,,,,,,,273734,,304436,,,,,,273734,,,,233500,,16212,791631,1193076,401445,401445,167945,,249712,,304436,,196592,,,,,
,,1582,信錦,,,-100309,,,,,,,,,,5.12,4,,上市,112,372892,,,,,,,,637567,,537258,,,,,,642365,-4798,,,780372,,230087,6831797,8769537,1937740,1937740,1157368,,1010459,,546293,-9035,637567,,,,,
,,1583,程泰,,,-70224,,,,,,,,,,6.46,4,,上市,112,167681,,,,,,,,816327,,746103,,,,,,713302,103025,,,439295,,544713,4079497,5318588,1239091,1239091,799796,,984008,,650676,95427,816327,,,,,
,,1587,吉茂,,,411,,,,,,,,,,0.61,4,,上市,112,16096,,,,,,,,42061,,42472,,,,,,42061,,,,54912,,3245,1677394,2122061,444667,444667,389755,,58157,,42472,,42061,,,,,
,,1589,永冠-KY,,,-118434,,,,,,,,,,-2.35,4,,上市,112,13137,,,,,,,,-276341,,-394775,,,,,,-269740,-6601,,,-172654,,-90550,7473371,8671009,1197638,1197638,1370292,,-263204,,-389396,-5379,-276341,,,,,
,,1590,亞德客-KY,,,-614315,,,,,,,,,,34.83,4,,上市,112,1931605,,,,,,,,6965415,,6351100,,,,,,6965808,-393,,,8849189,,47831,16072370,29827352,13754982,13754982,4905793,,8897020,,6351475,-375,6965415,,,,,
,,1597,直得,,,-3180,,,,,,,,,,1.12,4,,上市,112,44938,,,,,,,,98042,,94862,,,,,,98042,,,,117582,,25398,606107,1074754,468647,468647,351065,,142980,,94862,,98042,,,,,
,,1598,岱宇,-1182,,-3305,,,,,,,,,,-0.88,4,,上市,112,-59059,,,,,,,,-110372,,-113677,,,,,,-122770,12398,,,-99605,,-69826,5119386,7786471,2667085,2667085,2765508,,-169431,,-118553,4876,-110372,,,,,
,0,1603,華電,27801,,175419,,,,,,,,,,2.99,4,,上市,112,115908,,,,,,,,474593,,650012,,,,,,474165,428,,,492274,,98227,3406788,4011988,605200,605200,140727,,590501,,646814,3198,474593,,,,,
,,1604,聲寶,,,-117240,,,,,,,,,,2.00,4,,上市,112,68821,,,,,,,,775489,,658249,,,,,,727799,47690,,,609498,,234812,7159201,8888945,1729744,1729744,1120246,,844310,,611058,47191,775489,,,,,
,,1605,華新,,,6665891,,,,,,,,,,1.32,4,,上市,112,1497148,,,,,,,,5941250,,12607141,,,,,,5134316,806934,,,6240766,,1197632,175396014,189839626,14443612,14443612,8202846,,7438398,,11993418,613723,5941250,,,,,
,,1608,華榮,,,-18385,,,,,,,,,,2.23,4,,上市,112,86603,,,,,,,,942557,,924172,,,,,,947847,-5290,,,502204,,526956,9058659,9754917,696258,696258,194054,,1029160,,932439,-8267,942557,,,,,
,,1609,大亞,,,191040,,,,,,,,,,3.91,4,2353,上市,112,449714,,,,,,2122,,3130340,,3321380,,,,,,2762030,368310,,,1538357,,2041697,22960671,26435820,3475149,3475380,1937023,,3580054,,2934225,387155,3130340,,,,,
,,1611,中電,,,68712,,,,,,,,,,0.46,4,,上市,112,4145,,,,,,,,149560,,218272,,,,,,149560,0,,,66543,,87162,988690,1361493,372803,372803,306260,,153705,,218272,0,149560,,,,,
,,1612,宏泰,,,291991,,,,,,,,,,1.99,4,,上市,112,127837,,,,,,,,628751,,920742,,,,,,628467,284,,,606073,,150515,5323372,6195025,871653,871653,265580,,756588,,920457,285,628751,,,,,
,,1614,三洋電,,,-11457,,,,,,,,,,1.24,4,,上市,112,65514,,,,,,,,323879,,312422,,,,,,321672,2207,,,375083,,14310,4535696,5755568,1219872,1219872,844789,,389393,,310215,2207,323879,,,,,
,,1615,大山,,,90147,,,,,,,,,,3.21,4,,上市,112,118551,,,,,,,,525025,,615172,,,,,,525025,,,,608975,,34601,4140782,4944584,803802,803802,194827,,643576,,,615172,525025,,,,,
,,1616,億泰,,,-2237,,,,,,,,,,1.19,4,,上市,112,78259,,,,,,,,225722,,223485,,,,,,225722,,,,305332,,-1351,3640892,4112681,471789,471789,166457,,303981,,223485,,225722,,,,,
,,1617,榮星,,,-31668,,,,,,,,,,0.09,4,,上市,112,7914,,,,,,,,2169,,-29499,,,,,,14682,-12513,,,-25898,,35981,2601218,2827089,225871,225871,251769,,10083,,-16986,-12513,2169,,,,,
,,1618,合機,,,478050,,,,,,,,,,2.01,4,,上市,112,93318,,,,,,,,386795,,864845,,,,,,386795,,,,451639,,28474,3905374,4482667,577293,577293,125654,,480113,,864845,,386795,,,,,
,,1623,大東電,,,29205,,,,,,,,,,12.17,4,,上市,112,91955,,,,,,,,408951,,438156,,,,,2464,406487,,,,489800,,11106,3570023,4216296,646273,646273,156473,,500906,2464,435692,,408951,,,,,
,,1626,艾美特-KY,,,-72789,,,,,,,,,,0.17,4,11674,上市,112,13163,,,,,,11003,,26579,,-46210,,,,,,26579,,,,-12336,,52078,6574707,8401753,1827046,1827717,1840053,,39742,,-46210,,26579,,,,,
,,1702,南僑,,,-262066,,,,,,,,,,4.20,4,,上市,112,535282,,,,,,,,1241168,,979102,,,,,,1041815,199353,,,1586937,,189513,16173509,22680006,6506497,6506497,4919560,,1776450,178968,800134,,1241168,,,,,
,,1707,葡萄王,,,-24500,,,,,,,,,,9.81,4,,上市,112,519109,,,,,,2476,,2141511,,2117011,,,,,,1452728,688783,,,2496665,,163955,2099450,10635464,8536014,8533538,6036873,,2660620,,1428561,688450,2141511,,,,,
,,1708,東鹼,,,10110,,,,,,,,,,-0.11,4,,上市,112,41710,,,,,,,,-28458,,-18348,,,,,,-28458,,,,210151,,-196899,5019654,5879183,859529,859529,649378,,13252,,-18348,,-28458,,,,,
,,1709,和益,,,123964,,,,,,,,,,0.88,4,256,上市,112,83727,,,,,,,,411723,,535687,,,,,,418188,-6465,,,433695,,61755,8276596,9432293,1155697,1155953,722258,,495450,,542134,-6447,411723,,,,,
,,1710,東聯,,,-323696,,,,,,,,,,0.30,4,,上市,112,27923,,,,,,,,-224298,,-547994,,,,,,265724,-490022,,,-680478,,484103,20480005,20816931,336926,336926,1017404,,-196375,,-32822,-515172,-224298,,,,,
,,1711,永光,,,-2144,,,,,,,,,,0.16,4,,上市,112,13880,,,,,,,,95077,,92933,,,,,,85866,9211,,,83420,,25537,6261590,7861424,1599834,1599834,1516414,,108957,,80716,12217,95077,,,,,
,,1712,興農,,,27376,,,,,,,,,,2.50,4,,上市,112,324144,,,,,,,,1056475,,1083851,,,,,,1052848,3627,,,1329704,,50915,13913264,19112810,5199546,5199546,3869842,,1380619,,1080095,3756,1056475,,,,,
,,1713,國化,,,62682,,,,,,,,,,2.32,4,,上市,112,-2154,,,,,,,,350365,,413047,,,,,,,,,,-36994,,385205,438322,476391,38069,38069,75063,,348211,,,,350365,,,,,
,,1714,和桐,,,-436744,,,,,,,,,,0.60,4,0,上市,112,179501,,,,,,,,871277,,434533,,,,,,599062,272215,,,770010,,280768,18376047,20292410,1916363,1916363,1146353,,1050778,,101615,332918,871277,,,,,
,,1717,長興,,,-473848,,,,,,,,,,1.28,4,,上市,112,690378,,,,,,,,1492096,,1018248,,,,,,1503687,-11591,,,1914767,,267707,34304310,42451576,8147266,8147266,6232499,,2182474,,1041939,-23691,1492096,,,,,
,,1718,中纖,,2042128,,,,,,,,,,,-1.18,4,,上市,112,1433367,,33721087,,38770310,,,,3615856,,5657984,,,,,,-1587151,5203007,,,,,,,,,,,,,,-994923,6652907,3615856,,,,5049223,
,,1720,生達,,,155064,,,,,,,,,,4.67,4,,上市,112,279938,,,,,,,,1157929,,1312993,,,,,,834886,323043,,,1259552,,178315,3514390,6239768,2725378,2725378,1465826,,1437867,,989180,323813,1157929,,,,,
,,1721,國慶科技,,,6104,,,,,,,,,,-1.50,4,,上市,112,-18183,,,,,,,,-277967,,-271863,,,,,,-277967,0,,,-260034,,-36116,2247941,2185671,-62270,-62270,197764,,-296150,,-271863,0,-277967,,,,,
,,1722,台肥,,,209703,,,,,,,,,,4.00,4,,上市,112,433396,,,,,,,,3919051,,4128754,,,,,,3919051,,,,2757635,,1594812,10896618,15014788,4118170,4118170,1360535,,4352447,,4128754,,3919051,,,,,
,,1723,中碳,,,-49648,,,,,,,,,,6.18,4,,上市,112,297173,,,,,,,,1436277,,1386629,,,,,,1435809,468,,,1519417,,214033,6221768,8317678,2095910,2095910,576493,,1733450,,1387085,-456,1436277,,,,,
,,1725,元禎,,,387663,,,,,,,,,,1.10,4,,上市,112,28615,,,,,,,,200469,,588132,,,,,,200469,0,,,158680,,70404,7118646,7497720,379074,379074,220394,,229084,,588132,0,200469,,,,,
,,1726,永記,,,-49471,,,,,,,,,,5.13,4,,上市,112,211462,,,,,,,,831238,,781767,,,,,,831238,,,,944774,,97926,7014741,9354380,2339639,2339639,1394865,,1042700,,781767,,831238,,,,,
,27349,1727,中華化,,,16595,,,,,,,,,,0.39,4,,上市,112,-8400,,,,,,,,46053,,62648,,,,,,43731,2322,,,3059,,7245,1531261,1723975,192714,192714,189655,,10304,,58573,4075,18704,,,,,
,,1730,花仙子,,,-8525,,,,,,,,,,3.65,4,10343,上市,112,68676,,,,,,4396,,259686,,251161,,,,,,230986,28700,,,301314,,27048,1376194,2616248,1240054,1246001,944687,,328362,,222667,28494,259686,,,,,
,,1731,美吾華,,,15994,,,,,,,,,,1.27,4,,上市,112,41150,,,,,,,,169098,,185092,,,,,,169098,,,,194668,,15580,446349,1300721,854372,854372,659704,,210248,,185092,,169098,,,,,
,,1732,毛寶,,,675,,,,,,,,,,-0.14,4,,上市,112,2330,,,,,,,,-6057,,-5382,,,,,,-6057,,,,-7053,,3326,338995,554259,215264,215264,222317,,-3727,,-5382,,-6057,,,,,
,,1733,五鼎,,,3257,,,,,,,,,,1.16,4,,上市,112,25248,,,,,,,,115714,,118971,,,,,,115783,-69,,,141716,,-754,1145421,1676537,531116,531116,389400,,140962,,119040,-69,115714,,,,,
,,1734,杏輝,,,-23846,,,,,,,,,,2.24,4,,上市,112,-51068,,,,,,,,356776,,332930,,,,,,375170,-18394,,,286056,,19652,1871691,2962934,1091243,1091243,805187,,305708,,355631,-22701,356776,,,,,
,,1735,日勝化,,,-17695,,,,,,,,,,0.76,4,,上市,112,16888,,,,,,,,75215,,57520,,,,,,75215,,,,91535,,568,1927663,2367512,439849,439849,348314,,92103,,57520,,75215,,,,,
,,1736,喬山,,,-360521,,,,,,,,,,2.34,4,,上市,112,625045,,,,,,,,709437,,348916,,,,,,709828,-391,,,1242315,,92167,19642253,38069563,18427310,18427310,17184995,,1334482,,349354,-438,709437,,,,,
,,1737,臺鹽,,,-30425,,,,,,,,,,1.50,4,,上市,112,111820,,,,,,,,217296,,186871,,,,,,300386,-83090,,,313428,,15688,2151333,3408811,1257478,1257478,944050,,329116,,269961,-83090,217296,,,,,
,,1752,南光,,,-61,,,,,,,,,,1.96,4,,上市,112,15269,,,,,,,,198409,,198348,,,,,,198409,,,,259911,,-46233,1394665,2150228,755563,755563,495652,,213678,,198348,,198409,,,,,
,,1760,寶齡富錦,,,-1774,,,,,,,,,,0.90,4,,上市,112,91492,,,,,,,,77219,,75445,,,,,,77219,,,,156829,,11882,907478,1881875,974397,974397,817568,,168711,,75445,,77219,,,,,
,,1762,中化生,,,-6865,,,,,,,,,,3.42,4,,上市,112,68578,,,,,,,,264909,,258044,,,,,,264909,0,,,280809,,52678,1329133,2086441,757308,757308,476499,,333487,,258044,0,264909,,,,,
,,1773,勝一,,,-11757,,,,,,,,,,6.31,4,,上市,112,346899,,,,,,,,1578461,,1566704,,,,,,1578461,,,,1840650,,84710,6697290,9852910,3155620,3155620,1314970,,1925360,,1566704,,1578461,,,,,
,,1776,展宇,,,-9789,,,,,,,,,,0.39,4,,上市,112,8272,,,,,,,,29956,,20167,,,,,,26018,3938,,,12384,,25844,1022992,1206897,183905,183905,171521,,38228,,16580,3587,29956,,,,,
,,1783,和康生,,,-66683,,,,,,,,,,1.86,4,,上市,112,27314,,,,,,,,165828,,99145,,,,,,165828,,,,149850,,43292,198021,622115,424094,424094,274244,,193142,,99145,,165828,,,,,
,,1786,科妍,,,455,,,,,,,,,,2.66,4,,上市,112,32097,,,,,,,,177900,,178355,,,,,,177900,,,,199638,,10359,200494,712988,512494,512494,312856,,209997,,178355,,177900,,,,,
,,1789,神隆,,,-88013,,,,,,,,,,0.36,4,,上市,112,61784,,,,,,,,287056,,199043,,,,,,287056,,,,314491,,34349,1970094,3186083,1215989,1215989,901498,,348840,,199043,,287056,,,,,
,,1795,美時,,,159255,,,,,,,,,,15.72,4,,上市,112,997299,,,,,,,,4105626,,4264881,,,,,,4105626,,,,4902942,,199983,7574159,16957971,9383812,9383812,4480870,,5102925,,4264881,,4105626,,,,,
,0,1802,台玻,128689,,-975318,,,,,,,,,,0.01,4,,上市,112,261792,,,,,,,,24849,,-950469,,,,,,34594,-9745,,,-277282,,563923,41051700,45619038,4567338,4567338,4973309,,286641,,-883117,-67352,24849,,,,,
,,1805,寶徠,0,,-119,,,,,,,,,,-1.55,4,,上市,112,5966,,,,,,,,-110116,,-110235,,,,,,-110116,,,,-51919,,-52231,144851,145516,665,665,52584,,-104150,0,-110235,0,-110116,,,,,
,,1806,冠軍,,,-95,,,,,,,,,,0.00,4,,上市,112,61205,,,,,,,,409,,314,,,,,,409,0,,,246486,,-184872,2232348,3137657,905309,905309,658823,,61614,,314,0,409,,,,,
,,1808,潤隆,,,55113,,,,,,,,,,17.08,4,,上市,112,1658295,,,,,,,,7701546,,7756659,,,,,,7701546,,,,9477253,,-117412,19402845,30683941,11281096,11281096,1803843,,9359841,,7756659,,7701546,,,,,
,,1809,中釉,31543,,-20478,,,,,,,,,,-0.10,4,,上市,112,-5450,,,,,,,,-55677,,-76155,,,,,,-16649,-39028,,,-73193,,12066,1984413,2357207,372794,372794,477530,,-61127,,-29418,-46737,-55677,,,,,
,,1810,和成,,,263349,,,,,,,,,,0.06,4,,上市,112,44106,,,,,,,,22077,,285426,,,,,,19347,2730,,,-7538,,73721,3670621,4870787,1200166,1200166,1207704,,66183,,282047,3379,22077,,,,,
,,1817,凱撒衛,,,-59164,,,,,,,,,,3.27,4,,上市,112,70797,,,,,,,,237458,,178294,,,,,,235635,1823,,,288612,,19643,1643210,2500832,857622,857622,569010,,308255,,176471,1823,237458,,,,,
,,1903,士紙,,,-949061,,,,,,,,,,0.33,4,,上市,112,0,,,,,,,,86352,,-862709,,,,,,86352,0,,,-64656,,151008,86151,171105,84954,84954,149610,,86352,,-862709,,86352,,,,,
,,1904,正隆,,,718312,,,,,,,,,,0.83,4,,上市,112,407788,,,,,,,,932963,,1651275,,,,,,922118,10845,,,1987589,,-646838,34505351,42165465,7660114,7660114,5672525,,1340751,,1649450,1825,932963,,,,,
,,1905,華紙,,,237324,,,,,,,,,,-0.53,4,,上市,112,-144751,,,,,,,,-554497,,-317173,,,,,,-573395,18898,,,-859198,,159950,19864687,20955451,1089889,1089889,1949087,-875,-699248,,-296215,-20958,-554497,,,,,
,,1906,寶隆,,,-485681,,,,,,,,,,0.20,4,,上市,112,14487,,,,,,,,30098,,-455583,,,,,,,,,,3968,,40617,3136542,3391894,255352,255352,251384,,44585,,,,30098,,,,,
,,1907,永豐餘,,,3349007,,,,,,,,,,1.10,4,,上市,112,461736,,,,,,,,2100339,,5449346,,,,,,1826693,273646,,,137065,,2425010,63783203,73867374,10083296,10083296,9946231,-875,2562075,,5013165,436181,2100339,,,,,
,,1909,榮成,,,-609688,,,,,,,,,,-0.77,4,,上市,112,193597,,,,,,,,-1031365,,-1641053,,,,,,-1021612,-9753,,,30938,,-868706,42164144,46712029,4547885,4547885,4516947,,-837768,,-1630231,-10822,-1031365,,,,,
,,2002,中鋼,,,3600775,,,,,,,,,,0.11,4,,上市,112,1058889,,,,,,,,3531205,,7131980,,,,,,1681679,1849526,,,3585942,,1004152,346553753,363326498,16772745,16772745,13186803,,4590094,,5126953,2005027,3531205,,,,,
,50695,2006,東和鋼鐵,,,-4318,,,,,,,,,,6.48,4,,上市,112,1292896,,,,,,,,4759820,,4755502,,,,,,4729346,30474,,,5998700,,3321,52315715,60961908,8646193,8646193,2647493,,6002021,,4742992,12510,4709125,,,,,
,,2007,燁興,,,11363,,,,,,,,,,-1.85,4,,上市,112,-1495,,,,,,,,-981332,,-969969,,,,,,,,,,-640310,,-342517,5482820,5015149,-467671,-467671,172639,,-982827,,,,-981332,,,,,
,,2008,高興昌,,,499466,,,,,,,,,,2.24,4,,上市,112,-20664,,,,,,,,432836,,932302,,,,,,,,,,88645,,323527,1258760,1460295,201535,201535,112890,,412172,,,,432836,,,,,
,,2009,第一銅,,,1611786,,,,,,,,,,-0.03,4,,上市,112,15272,,,,,,,,-9494,,1602292,,,,,,,,,,-67349,,73127,2657368,2646149,-11219,-11219,56130,,5778,,,,-9494,,,,,
,,2010,春源,,,-14630,,,,,,,,,,1.35,4,,上市,112,230454,,,,,,,,890722,,876092,,,,,,875795,14927,,,927903,,193273,19430316,21194638,1764322,1764322,836419,,1121176,,868471,7621,890722,,,,,
,,2012,春雨,,,10531,,,,,,,,,,0.91,4,,上市,112,158876,,,,,,,,360678,,371209,,,,,,253625,107053,,,456288,,63266,7141577,8460641,1319064,1319064,862776,,519554,,268857,102352,360678,,,,,
,,2013,中鋼構,,,-64109,,,,,,,,,,2.68,4,,上市,112,98334,,,,,,,,535548,,471439,,,,,,535548,,,,603907,,29975,17860337,18839172,978835,978835,374928,,633882,,471439,,535548,,,,,
,,2014,中鴻,,,-428263,,,,,,,,,,0.11,4,,上市,112,3117,,,,,,,,159281,,-268982,,,,,,159281,,,,-29156,,191554,37251898,37764208,512310,512310,541466,,162398,,-268982,,159281,,,,,
,,2015,豐興,,,103330,,,,,,,,,,4.08,4,,上市,112,526430,,,,,,,,2375491,,2478821,,,,,,2375491,0,,,2710355,,191566,31326299,34882023,3555724,3555724,845369,,2901921,,2478821,0,2375491,,,,,
,,2017,官田鋼,499,,533823,,,,,,,,,,-0.68,4,,上市,112,-96369,,,,,,,,-205733,,328090,,,,,,-258762,53029,,,-443335,,141233,3077289,3027797,-49492,-49492,394342,,-302102,,220029,108061,-205733,,,,,
,,2020,美亞,,,18752,,,,,,,,,,4.80,4,2337,上市,112,252349,,,,,,5494,,1069571,,1088323,,,,,,1067784,1787,,,518950,,802970,6169153,7009437,840284,837127,318177,,1321920,,1086562,1761,1069571,,,,,
,-147664,2022,聚亨,,,-18132,,,,,,,,,,0.24,4,,上市,112,27655,,,,,,,,195420,,177288,,,,,,80877,114543,,,403772,,-33033,7232718,8420093,1187375,1187375,783603,,370739,,47223,130065,343084,,,,,
,,2023,燁輝,,,122096,,,,,,,,,,-0.55,4,,上市,112,114885,,,,,,,,-1453168,,-1331072,,,,,,-1081587,-371581,,,1594300,,-2932583,66584490,73295376,6710886,6710886,5116586,,-1338283,,-964219,-366853,-1453168,,,,,
,,2024,志聯,,,42,,,,,,,,,,-0.56,4,,上市,112,390,,,,,,,,-54787,,-54745,,,,,,,,,,-45234,,-9163,898144,916429,18285,18285,63519,,-54397,,,,-54787,,,,,
,,2025,千興,-1744,,9344,,,,,,,,,,0.81,4,,上市,112,15199,,,,,,,,228218,,237562,,,,,,,,,,-188991,,432408,894525,738691,-155834,-155834,31413,,243417,,,,228218,,,,,
,,2027,大成鋼,-15415,,-959454,,,,,,,,,,2.30,4,,上市,112,2797796,,,,,,,,6810544,,5851090,,,,,,5330802,1479742,,,8855974,,752366,81799804,101256601,19456797,19456797,10585408,,9608340,,4360849,1490241,6810544,,,,,
,,2028,威致,,,9529,,,,,,,,,,1.28,4,,上市,112,83905,,,,,,,,415217,,424746,,,,,,,,,,507372,,-8250,9799877,10484173,684296,684296,176924,,499122,,,,415217,,,,,
,,2029,盛餘,,,-61488,,,,,,,,,,1.95,4,,上市,112,159502,,,,,,,,630720,,569232,,,,,,627345,3375,,,748510,,41712,11030830,12389155,1358325,1358325,609815,,790222,,564314,4918,630720,,,,,
,,2030,彰源,,,-35388,,,,,,,,,,0.18,4,,上市,112,42588,,,,,,,,50950,,15562,,,,,,50950,,,,250479,,-156941,11919820,12856899,937079,937079,686600,,93538,,15562,,50950,,,,,
,,2031,新光鋼,,,643728,,,,,,,,,,5.15,4,,上市,112,125953,,,,,,,,1731580,,2375308,,,,,,1654842,76738,,,858289,,999244,14629138,16074889,1445751,1445751,587462,,1857533,,2299000,76308,1731580,,,,,
,,2032,新鋼,,,-1004,,,,,,,,,,-0.16,4,,上市,112,-5386,,,,,,,,-20810,,-21814,,,,,,,,,,-58794,,32598,2818858,2862276,43418,43418,102212,,-26196,,,,-20810,,,,,
,,2033,佳大,,,3852,,,,,,,,,,-0.04,4,,上市,112,-615,,,,,,,,-3112,,740,,,,,,,,,,-6072,,2345,534430,586548,52118,52118,58190,,-3727,,,,-3112,,,,,
,,2034,允強,,,-1170669,,,,,,,,,,-0.38,4,,上市,112,29281,,,,,,,,-169815,,-1340484,,,,,,-169815,,,,338974,,-479508,14131203,15232177,1100974,1100974,762000,,-140534,,-1340484,,-169815,,,,,
,,2038,海光,,,-4598,,,,,,,,,,0.28,4,,上市,112,7298,,,,,,,,29987,,25389,,,,,,53316,-23329,,,48383,,-11098,9112774,9365089,252315,252315,203932,,37285,,48740,-23351,29987,,,,,
,,2049,上銀,,,157015,,,,,,,,,,5.75,4,,上市,112,708540,,,,,,,,1831510,,1988525,,,,,,2034748,-203238,,,2650950,,-110900,16977522,24632772,7655250,7655250,5004300,,2540050,,2192551,-204026,1831510,,,,,
,,2059,川湖,,,-536,,,,,,,,,,28.38,4,,上市,112,721363,,,,,,,,2704319,,2703783,,,,,,2704319,,,,2888154,,537528,2231439,5762971,3531532,3531532,643378,,3425682,,2703783,,2704319,,,,,
,,2062,橋椿,,,-63188,,,,,,,,,,1.57,4,,上市,112,38357,,,,,,,,314180,,250992,,,,,,314766,-586,,,339135,,13402,6665224,7566891,901667,901667,562532,,352537,,251578,-586,314180,,,,,
,,2069,運錩,,,-65232,,,,,,,,,,-0.90,4,,上市,112,-52335,,,,,,,,-149149,,-214381,,,,,,-149149,,,,-53865,,-147619,11425845,11837852,412007,412007,465872,,-201484,,-214381,,-149149,,,,,
,,2072,世紀風電,,,,,,,,,,,,,6.67,4,,上市,112,212413,,,,,,,,808449,,808449,,,,,,822473,-14024,,,1154904,,-134042,6793187,8212916,1419729,1419729,264825,,1020862,,822473,-14024,808449,,,,,
,,2101,南港,,,-89045,,,,,,,,,,0.16,4,285,上市,112,64426,,,,,,522,,134011,,44966,,,,,,134011,0,,,441957,,-243520,6298380,7851974,1553594,1553357,1111400,,198437,,44966,0,134011,,,,,
,,2102,泰豐,,,4931113,,,,,,,,,,-3.76,4,,上市,112,695,,,,,,,,-1729299,,3201814,,,,,,-1729299,,,,-1076881,,-651723,775144,478402,-296742,-296742,780139,,-1728604,,3201814,,-1729299,,,,,
,,2103,台橡,228596,,795118,,,,,,,,,,0.82,4,,上市,112,457156,,,,,,,,966927,,1762045,,,,,,680018,286909,,,947916,,476167,28118423,31426889,3308466,3308466,2589146,,1424083,,1532931,229114,966927,,,,,
,,2104,國際中橡,,,255111,,,,,,,,,,-0.51,4,,上市,112,428067,,,,,,,,-542704,,-287593,,,,,,-494442,-48262,,,150713,,-265350,16409459,17875282,1465823,1465823,1315110,,-114637,,-240301,-47292,-542704,,,,,
,,2105,正新,,,-1036084,,,,,,,,,,2.22,4,,上市,112,3308648,,,,,,,,7197962,,6161878,,,,,,7182382,15580,,,10357806,,148804,72812628,96201313,23388685,23388685,13030879,,10506610,,6157051,4827,7197962,,,,,
,,2106,建大,0,,-235221,,,,,,,,,,0.92,4,,上市,112,424207,,,,,,,,880982,,645761,,,,,,880982,,,,1294978,,10211,27771016,34443676,6672660,6672660,5377682,,1305189,,645761,0,880982,,,,,
,,2107,厚生,,,762927,,,,,,,,,,1.61,4,,上市,112,73323,,,,,,,,518877,,1281804,,,,,,518877,,,,199606,,392594,939107,1359718,420611,420611,221005,,592200,,1281804,,518877,,,,,
,,2108,南帝,,,-9925,,,,,,,,,,1.45,4,,上市,112,320543,,,,,,,,946927,,937002,,,,,,714039,232888,,,836652,,430818,6845930,8942042,2096112,2096112,1259460,,1267470,,704219,232783,946927,,,,,
,,2109,華豐,,,52019,,,,,,,,,,1.51,4,,上市,112,252400,,,,,,,,531253,,583272,,,,,,422342,108911,,,455121,,328532,3648483,4674300,1025817,1025817,570696,,783653,,461048,122224,531253,,,,,
,,2114,鑫永銓,,,-2,,,,,,,,,,6.02,4,,上市,112,114136,,,,,,,,469185,,469183,,,,,,,,,,525319,,58002,898864,1558156,659292,659292,133973,,583321,,,,469185,,,,,
,,2115,六暉-KY,,,-55742,,,,,,,,,,1.76,4,,上市,112,150722,,,,,,,,175028,,119286,,,,,,175028,,,,189488,,136262,2059829,2592438,532609,532609,343121,,325750,,119286,,175028,,,,,
,,2201,裕隆,,,-453331,,,,,,,,,,4.63,4,-1908,上市,112,2297646,,,,,,,,8494230,,8040899,,,,,,4690523,3803707,,,8591508,,2200368,53256786,82120679,28863893,28861985,20270477,,10791876,,4360841,3680058,8494230,,,,,
,,2204,中華,,,-304040,,,,,,,,,,10.36,4,,上市,112,889735,,,,,,-2277,,5924323,,5620283,,,,,,5652246,272077,,,2648429,,4165629,32453262,38506609,6053347,6055624,3407195,,6814058,,5396805,223478,5924323,,,,,
,,2206,三陽工業,,,-120670,,,,,,,,,,7.95,4,,上市,112,1412060,,,,,,,,6663388,,6542718,,,,,,6297521,365867,,,6110776,,1964672,51051120,64461239,13410119,13410119,7299343,,8075448,,6179980,362738,6663388,,,,,
,,2207,和泰車,,2520178,,,,,,,,,,,41.03,4,,上市,112,3368348,,249978610,,279477274,,,,26130316,,28650494,,,,,,22857675,3272641,,,,,,,,,,,,,,25554527,3095967,26130316,,,,29498664,
,,2208,台船,,,-80512,,,,,,,,,,-4.32,4,,上市,112,17606,,,,,,,,-4050923,,-4131435,,,,,,-4030606,-20317,,,-2835953,,-1197364,23887681,21476365,-2411316,-2411316,424637,,-4033317,,-4111118,-20317,-4050923,,,,,
,,2211,長榮鋼,,,1100558,,,,,,,,,,8.80,4,,上市,112,544157,,,,,,,,4313805,,5414363,,,,,,3669814,643991,,,3335154,,1522808,7194816,11090533,3895717,3895717,560563,,4857962,,4789190,625173,4313805,,,,,
,,2227,裕日車,-2712,,-484665,,,,,,,,,,3.87,4,,上市,112,310142,,,,,,,,1161025,,676360,,,,,,1161025,,,,118413,,1352754,23081037,26136197,3055160,3055160,2934035,,1471167,,676360,,1161025,,,,,
,,2228,劍麟,,,-10912,,,,,,,,,,6.78,4,,上市,112,191212,,,,,,,,513817,,502905,,,,,,513817,,,,560879,,144150,3681197,4894258,1213061,1213061,652182,,705029,,502905,,513817,,,,,
,,2231,為升,,,-20944,,,,,,,,,,3.20,4,,上市,112,143906,,,,,,,,333535,,312591,,,,,,450954,-117419,,,457517,,19924,2649478,4397594,1748116,1748116,1290599,,477441,,430805,-118214,333535,,,,,
,,2233,宇隆,,,-32632,,,,,,,,,,8.86,4,,上市,112,41310,,,,,,,,529930,,497298,,,,,,533958,-4028,,,531808,,39432,2246291,3337485,1091194,1091194,559386,,571240,,501206,-3908,529930,,,,,
,,2236,百達-KY,,,-10795,,,,,,,,,,2.99,4,,上市,112,53953,,,,,,,,126652,,115857,,,,,,139249,-12597,,,180775,,-170,1238241,1817189,578948,578948,398173,,180605,,128458,-12601,126652,,,,,
,,2237,華德動能-創,,,-4,,,,,,,,,,-1.54,4,,上市,112,-612,,,,,,,,-166972,,-166976,,,,,,-154162,-12810,,,-155647,,-11937,1859956,1900551,40595,40595,196242,,-167584,,-154166,-12810,-166972,,,,,
,,2239,英利-KY,,,-342724,,,,,,,,,,1.41,4,,上市,112,194747,,,,,,,,246216,,-96508,,,,,,168694,77522,,,608264,,-167301,21132784,24269579,3136795,3136795,2528531,,440963,,-79860,-16648,246216,,,,,
,,2241,艾姆勒,,,-995,,,,,,,,,,-2.47,4,,上市,112,-9292,,,,,,,,-241801,,-242796,,,,,,-223566,-18235,,,-237391,,-13702,889935,883963,-5972,-5972,231419,,-251093,,-223835,-18961,-241801,,,,,
,,2243,宏旭-KY,,,-8770,,,,,,,,,,-2.21,4,,上市,112,17691,,,,,,,,-144338,,-153108,,,,,,-144338,,,,-115637,,-11010,1663574,1674740,11166,11166,126803,,-126647,,-153108,,-144338,,,,,
,,2247,汎德永業,21874,,2123,,,,,,,,,,22.17,4,,上市,112,455261,,,,,,,,1789299,,1791422,,,,,,1789299,,,,2192986,,51574,44948954,50849365,5900411,5900411,3729299,,2244560,,1791422,,1789299,,,,,
,,2248,華勝-KY,,,-12872,,,,,,,,,,3.29,4,,上市,112,28005,,,,,,,,138085,,125213,,,,,,138085,,,,131445,,34645,1505389,1927706,422317,422317,290872,,166090,,125213,,138085,,,,,
,,2250,IKKA-KY,,,-21500,,,,,,,,,,4.07,4,,上市,112,84396,,,,,,,,119162,,97662,,,,,0,119162,0,,,178150,,25408,2975179,3645414,670235,670235,492085,,203558,0,97662,0,119162,,,,,
,,2254,巨鎧精密-創,,,426,,,,,,,,,,-0.78,4,,上市,112,-11599,,,,,,,,-47558,,-47132,,,,,,-47558,,,,-40285,,-18872,393196,549661,156465,156465,196750,,-59157,,-47132,,-47558,,,,,
,,2258,鴻華先進-創,,,-1292,,,,,,,,,,-1.20,4,,上市,112,-265473,,,,,,,,-1927201,,-1928493,,,,,,-1927201,,,,-2380559,,187885,886894,1043992,157098,157098,2537657,,-2192674,,-1928493,,-1927201,,,,,
,,2301,光寶科,,,-707519,,,,,,,,,,6.36,4,,上市,112,3766992,,,,,,,,14598787,,13891268,,,,,,14570616,28171,,,14516276,,3849503,115665373,148333455,32668082,32668082,18151806,,18365779,,13846160,45108,14598787,,,,,
,,2302,麗正,0,,-27270,,,,,,,,,,0.52,4,,上市,112,19586,,,,,,,,86869,,59599,,,,,,86869,,,,71298,,35157,459141,716545,257404,257404,186106,,106455,,59599,,86869,,,,,
,,2303,聯電,4002326,,6417926,,,,,,,,,,4.93,4,,上市,112,9472411,,,,,,,,61439817,,67857743,,,,,,60989633,450184,,,57890661,,13021567,144789162,222533000,77743838,77743838,23855503,,70912228,,67407573,450170,61439817,,,,,
,,2305,全友,,,-16593,,,,,,,,,,0.03,4,,上市,112,17185,,,,,,,,22267,,5674,,,,,,6801,15466,,,-101057,,140509,400257,575907,175650,175650,276707,,39452,,-8735,14409,22267,,,,,
,,2308,台達電,,,-669400,,,,,,,,,,12.86,4,,上市,112,9761744,,,,,,,,38880367,,38210967,,,,,,33392665,5487702,,,40949837,,7692274,284013473,401226501,117213028,117213028,76263191,,48642111,,32410943,5800024,38880367,,,,,
,,2312,金寶,,,2483618,,,,,,,,,,0.51,4,,上市,112,335152,,,,,,,,828615,,3312233,,,,,,751037,77578,,,3000122,,-1836355,149936416,159757214,9820798,9820798,6820676,,1163767,,3157952,154281,828615,,,,,
,,2313,華通,,,-414778,,,,,,,,,,3.50,4,,上市,112,1104025,,,,,,,,4168375,,3753597,,,,,,4168375,,,,5218779,,53621,56951976,67078773,10126797,10126797,4908018,,5272400,,3753597,,4168375,,,,,
,,2314,台揚,,,22409,,,,,,,,,,-2.60,4,,上市,112,65900,,,,,,,,-619758,,-597349,,,,,,-619758,,,,-526583,,-27275,2920279,3353797,433518,433518,960101,,-553858,,-597349,,-619758,,,,,
,,2316,楠梓電,,,23876,,,,,,,,,,4.61,4,,上市,112,379405,,,,,,,,835606,,859482,,,,,,835606,,,,-659550,,1874561,3790840,3515939,-274901,-274901,384649,,1215011,,859482,,835606,,,,,
,,2317,鴻海,,,-34309007,,,,,,,,,,10.25,4,,上市,112,37434831,,,,,,,,154789382,,120480375,,,,,,142098208,12691174,,,166528495,,25695718,5774273890,6162221359,387947469,387947469,221418974,,192224213,,111618942,8861433,154789382,,,,,
,,2321,東訊,,,30659,,,,,,,,,,-2.60,4,,上市,112,5782,,,,,,,,-20191,,10468,,,,,,-36094,15903,,,-21935,,7526,595026,804032,209006,209006,230941,,-14409,,-5435,15903,-20191,,,,,
,,2323,中環,,,185792,,,,,,,,,,1.61,4,,上市,112,44733,,,,,,,,1759237,,1945029,,,,,,1750238,8999,,,-345750,,2149720,5724229,7384447,1660218,1660218,2005968,,1803970,,1933395,11634,1759237,,,,,
,,2324,仁寶,,,898965,,,,,,,,,,1.76,4,,上市,112,2759747,,,,,,,,9130678,,10029643,,,,,,7667627,1463051,,,12047711,,-157286,904317906,946714800,42396894,42396894,30349183,,11890425,,8558794,1470849,9130678,,,,,
,,2327,國巨*,,,-517000,,,,,,,,,,41.80,4,,上市,112,6838279,,,,,,,,17560589,,17043589,,,,,0,17468846,91743,,,20471966,,3926902,71583509,107609336,36025827,36025827,15553861,,24398868,0,16954332,89257,17560589,,,,,
,,2328,廣宇,,,-105052,,,,,,,,,,2.42,4,,上市,112,351959,,,,,,,,1489833,,1384781,,,,,,1256710,233123,,,1601467,,240325,22459093,25634258,3175165,3175165,1573698,,1841792,,1233017,151764,1489833,,,,,
,,2329,華泰,1,,267022,,,,,,,,,,2.66,4,,上市,112,337085,,,,,,,,1881210,,2148232,,,,,,1881210,,,,2074147,,144148,13375136,16690436,3315300,3315300,1241154,,2218295,,2148232,,1881210,,,,,
,,2330,台積電,188694,,-8813644,,,,,,,,,,32.34,4,,上市,112,141403807,,,,,,,,837767517,,828953873,,,,,,838497664,-730147,,,921465606,,57705718,986625213,2161735841,1175110628,1175110628,253833716,,979171324,,830509542,-1555669,837767517,,,,,
,,2331,精英,,,-62821,,,,,,,,,,1.82,4,,上市,112,271432,,,,,,,,1013952,,951131,,,,,,1013722,230,,,583545,,701839,16568980,19741745,3172765,3172765,2589220,,1285384,,950931,200,1013952,,,,,
,,2332,友訊,,,-186528,,,,,,,,,,0.95,4,,上市,112,163398,,,,,,,,697678,,511150,,,,,,567581,130097,,,126173,,734903,12096881,15941277,3844396,3844396,3718223,,861076,,387131,124019,697678,,,,,
,,2337,旺宏,,,751758,,,,,,,,,,-0.92,4,,上市,112,-185089,,,,,,,,-1699147,,-947389,,,,,,-1699593,446,,,-2407099,,522863,20862948,27623608,6760660,6760660,9167759,,-1884236,,-947863,474,-1699147,,,,,
,,2338,光罩,,,-10012,,,,,,,,,,1.75,4,,上市,112,281516,,,,,,,,164284,,154272,,,,,,366126,-201842,,,748631,,-302831,5363566,7199935,1836369,1836369,1087738,,445800,,356114,-201842,164284,,,,,
,,2340,台亞,,,-25983,,,,,,,,,,0.70,4,,上市,112,-3466,,,,,,,,303901,,277918,,,,,,307212,-3311,,,78681,,221754,3041848,3972279,930431,930431,851750,,300435,,281229,-3311,303901,,,,,
,,2342,茂矽,,,-1259,,,,,,,,,,-1.12,4,,上市,112,183,,,,,,,,-176711,,-177970,,,,,,-175411,-1300,,,-195600,,19072,1418438,1483112,64674,64674,260274,,-176528,,-176659,-1311,-176711,,,,,
,,2344,華邦電,,,-1304665,,,,,,,,,,-0.29,4,,上市,112,-732112,,,,,,,,34449,,-1270216,,,,,,-1146522,1180971,,,-1630232,,932569,52610352,75006078,22395726,22395726,24025958,,-697663,,-2236126,965910,34449,,,,,
,,2345,智邦,,,21229,,,,,,,,,,15.99,4,,上市,112,2812296,,,,,,,,8920165,,8941394,,,,,,8920165,0,,,11501097,,231364,64925625,84188426,19262801,19262801,7761704,,11732461,,8941394,0,8920165,,,,,
,,2347,聯強,,,-2202369,,,,,,,,,,4.37,4,,上市,112,2635905,,,,,,,,7880843,,5678474,,,,,,7289295,591548,,,8634314,,1882434,378391906,395990829,17598923,17598923,8964609,,10516748,,5061923,616551,7880843,,,,,
,,2348,海悅,0,,228604,,,,,,,,,,13.86,4,,上市,112,443923,,,,,,,,1747188,,1975792,,,,,,1655364,91824,,,1876816,,314295,5071813,7754584,2682771,2682771,805955,,2191111,,1883968,91824,1747188,,,,,
,,2349,錸德,,,69242,,,,,,,,,,-0.44,4,,上市,112,232583,,,,,,,,-378617,,-309375,,,,,,-303314,-75303,,,-373292,,227258,6433353,7629550,1196197,1196197,1569489,,-146034,,-346570,37195,-378617,,,,,
,,2351,順德,,,-20824,,,,,,,,,,4.08,4,,上市,112,220058,,,,,,,,780820,,759996,,,,,,742758,38062,,,979214,,21664,9002214,10856531,1854317,1854317,875103,,1000878,,722269,37727,780820,,,,,
,,2352,佳世達,,,1977906,,,,,,,,,,1.51,4,,上市,112,1803661,,,,,,,,4516079,,6493985,,,,,,2975733,1540346,,,5011172,,1308568,170518878,203594781,33075903,33075903,28064731,,6319740,,4920533,1573452,4516079,,,,,
,,2353,宏碁,60032,,8187761,,,,,,,,,,1.64,4,,上市,112,2167631,,,,,,,,5631164,,13818925,,,,,,4931944,699220,,,4225411,,3573384,215484917,241308142,25823225,25823225,21657846,,7798795,,13141580,677345,5631164,,,,,
,,2354,鴻準,,,52115,,,,,,,,,,3.01,4,,上市,112,1034095,,,,,,,,4314046,,4366161,,,,,,4260720,53326,,,1468050,,3880091,68806707,74533131,5726424,5726424,4258374,,5348141,,4311667,54494,4314046,,,,,
,,2355,敬鵬,,,-176513,,,,,,,,,,1.92,4,,上市,112,388840,,,,,,,,762753,,586240,,,,,,763033,-280,,,822746,,328847,14559833,16749415,2189582,2189582,1366836,,1151593,,586424,-184,762753,,,,,
,,2356,英業達,,,801105,,,,,,,,,,1.71,4,,上市,112,1214059,,,,,,,,6020885,,6821990,,,,,,6130732,-109847,,,7463224,,-228280,488408057,514746200,26338143,26338143,18874919,,7234944,,6935510,-113520,6020885,,,,,
,,2357,華碩,,,23267123,,,,,,,,,,21.44,4,,上市,112,4203772,,,,,,-10604,,17889851,,41156974,,,,,,15928283,1961568,,,11164032,,10929591,409920293,482314429,72394136,72404740,61240708,,22093623,,37940261,3216713,17889851,,,,,
,,2359,所羅門,,,-27616,,,,,,,,,,3.11,4,,上市,112,80737,,,,,,,,557787,,530171,,,,,,532241,25546,,,143145,,495379,3251184,4219903,968719,968719,825574,,638524,,524776,5395,557787,,,,,
,,2360,致茂,,,-100241,,,,,,,,,,9.45,4,,上市,112,1070409,,,,,,229,,4095674,,3995433,,,,,,3979247,116427,,,4672837,,493246,7918828,18676043,10757215,10756986,6084149,,5166083,,3877351,118082,4095674,,,,,
,,2362,藍天,,,-789606,,,,,,,,,,1.81,4,,上市,112,42012,,,,,,,,1060090,,270484,,,,,,1060090,,,,1733706,,-631604,19494238,24379753,4885515,4885515,3151809,,1102102,,270484,,1060090,,,,,
,,2363,矽統,,,3810487,,,,,,,,,,0.76,4,,上市,112,59164,,,,,,,,558841,,4369328,,,,,,571261,-12420,,,-451166,,1069171,130508,187184,56676,56676,507842,,618005,,4381748,-12420,558841,,,,,
,,2364,倫飛,,,-896,,,,,,,,,,3.51,4,,上市,112,6702,,,,,,,,103387,,102491,,,,,,108816,-5429,,,72189,,37900,683843,1080619,396776,396776,324587,,110089,,107838,-5347,103387,,,,,
,,2365,昆盈,,,15960,,,,,,,,,,0.33,4,,上市,112,20604,,,,,,,,71573,,87533,,,,,,72201,-628,,,6632,,85545,478921,769549,290628,290628,283996,,92177,,88174,-641,71573,,,,,
,,2367,燿華,,,-353507,,,,,,,,,,-0.51,4,,上市,112,-323,,,,,,,,-344241,,-697748,,,,,,-344241,,,,-387587,,43023,13606823,14960822,1353999,1353999,1741586,,-344564,,-697748,,-344241,,,,,
,,2368,金像電,36852,,-198531,,,,,,,,,,7.25,4,,上市,112,1689315,,,,,,,,3528592,,3330061,,,,,,3528592,,,,5136067,,81840,22320154,30043950,7723796,7723796,2624581,,5217907,,3330061,,3528592,,,,,
,,2369,菱生,,,3977,,,,,,,,,,-0.42,4,,上市,112,-30945,,,,,,,,-160131,,-156154,,,,,,-156458,-3673,,,-224128,,33052,5443612,5660171,216559,216559,440687,,-191076,,-152481,-3673,-160131,,,,,
,,2371,大同,7293,,1003729,,,,,,,,,,1.13,4,,上市,112,-646169,,,,,,,,2819831,,3823560,,,,,,2626671,193160,,,1247541,,926121,42280216,50351118,8070902,8070902,6830654,,2173662,,3652046,171514,2819831,,,,,
,,2373,震旦行,,,-181836,,,,,,,,,,4.86,4,11755,上市,112,308215,,,,,,,,1174289,,992453,,,,,,1091507,82782,,,1031535,,450969,6213223,11533332,5320109,5331864,4300329,,1482504,,928528,63925,1174289,,,,,
,,2374,佳能,,,39608,,,,,,,,,,0.96,4,,上市,112,59446,,,,,,,,242589,,282197,,,,,,274625,-32036,,,122297,,179738,3625112,4933155,1308043,1308043,1185746,,302035,,328161,-45964,242589,,,,,
,,2375,凱美,,,44510,,,,,,,,,,2.44,4,,上市,112,166307,,,,,,,,265481,,309991,,,,,,265481,0,,,195670,,236118,4080638,4810823,730185,730185,534515,,431788,,309991,0,265481,,,,,
,,2376,技嘉,,,120095,,,,,,,,,,7.46,4,,上市,112,1323536,,,,,,,,4781085,,4901180,,,,,,4742979,38106,,,4895175,,1209446,120197968,136773409,16575441,16575441,11680266,,6104621,,4863074,38106,4781085,,,,,
,,2377,微星,,,-175510,,,,,,,,,,8.92,4,,上市,112,1643791,,,,,,,,7532896,,7357386,,,,,,7532896,,,,8810029,,366658,160120037,182965688,22845651,22845651,14035622,,9176687,,7357386,,7532896,,,,,
,,2379,瑞昱,,,160010,,,,,,,,,,17.85,4,,上市,112,391797,,,,,,,,9152838,,9312848,,,,,,9152772,66,,,6654992,,2889643,54431219,95179276,40748057,40748057,34093065,,9544635,,9312782,66,9152838,,,,,
,,2380,虹光,,,-19041,,,,,,,,,,-1.88,4,,上市,112,3488,,,,,,,,-410204,,-429245,,,,,,-404723,-5481,,,-422886,,16170,1576264,1965189,388925,388925,811811,,-406716,,-413837,-15408,-410204,,,,,
,,2382,廣達,,,536312,,,,,,,,,,10.29,4,5446,上市,112,11242886,,,,,,0,,40488586,,41024898,,,,,,39676394,812192,,,43549597,,8181875,1000728093,1085611052,84882959,84888405,41338808,,51731472,,40154065,870833,40488586,,,,,
,,2383,台光電,,,-311653,,,,,,,,,,16.35,4,,上市,112,1931239,,,,,,,,5488309,,5176656,,,,,,5488309,0,,,7345991,,73557,29963502,41296217,11332715,11332715,3986724,,7419548,,5176656,0,5488309,,,,,
,,2385,群光,,,139749,,,,,,,,,,10.35,4,,上市,112,2273203,,,,,,,,8999714,,9139463,,,,,,7463959,1535755,,,9409004,,1863913,79294233,98322545,19028312,19028312,9619308,,11272917,,7658454,1481009,8999714,,,,,
,,2387,精元,,,-198920,,,,,,,,,,6.50,4,,上市,112,562478,,,,,,,,1227216,,1028296,,,,,,1253569,-26353,,,1656816,,132878,18220442,21614782,3394340,3394340,1737524,,1789694,,1074899,-46603,1227216,,,,,
,,2388,威盛,,,-108165,,,,,,,,,,0.82,4,,上市,112,228388,,,,,,,,492432,,384267,,,,,,410602,81830,,,-25631,,746451,9443755,12639087,3195332,3195332,3220963,,720820,,308944,75323,492432,,,,,
,,2390,云辰,,,-11379,,,,,,,,,,-0.42,4,,上市,112,20592,,,,,,,,-80486,,-91865,,,,,,-80481,-5,,,-14222,,-45672,485478,648324,162846,162846,177068,,-59894,,-91860,-5,-80486,,,,,
,,2392,正崴,118111,,-760444,,,,,,,,,,3.09,4,,上市,112,1034479,,,,,,,,2101822,,1341378,,,,,,1457132,644690,,,3018133,,118168,78856852,90550764,11693912,11693912,8793890,,3136301,,863292,478086,2101822,,,,,
,,2393,億光,,,-186550,,,,,,,,,,3.32,4,,上市,112,519036,,,,,,,,1508696,,1322146,,,,,,1472137,36559,,,1793338,,234394,12656193,17845424,5189231,5189231,3395893,,2027732,,1300783,21363,1508696,,,,,
,,2395,研華,,,1053348,,,,,,,,,,12.65,4,,上市,112,2477366,,,,,,,,10789333,,11842681,,,,,,10837530,-48197,,,12128250,,1138449,38405883,64567697,26161814,26161814,14033564,,13266699,,11894582,-51901,10789333,,,,,
,-16494,2397,友通,,,49514,,,,,,,,,,3.16,4,,上市,112,140346,,,,,,,,350444,,399958,,,,,0,361685,-11241,,,544786,,-37502,6749159,9184172,2435013,2435013,1890227,,507284,0,388016,11942,366938,,,,,
,,2399,映泰,,,11472,,,,,,,,,,-0.64,4,,上市,112,-3663,,,,,,,,-113360,,-101888,,,,,,-113360,,,,-129806,,12783,2209087,2344435,135348,135348,265154,,-117023,,-101888,,-113360,,,,,
,,2401,凌陽,-475,,87665,,,,,,,,,,-0.84,4,,上市,112,135103,,,,,,,,-221273,,-133608,,,,,,-493147,271874,,,-247354,,161184,3011176,5535421,2524245,2524245,2771124,,-86170,,-404437,270829,-221273,,,,,
,,2402,毅嘉,,,-105843,,,,,,,,,,1.56,4,,上市,112,83222,,,,,,,,465261,,359418,,,,,,465261,,,,482612,,65871,7287462,8561414,1273952,1273952,791340,,548483,,359418,,465261,,,,,
,,2404,漢唐,,,-133869,,,,,,,,,,24.82,4,,上市,112,1631926,,,,,,,,4847498,,4713629,,,,,,4655215,192283,,,6061509,,417915,61358489,68889680,7531191,7531191,1469682,,6479424,,4528791,184838,4847498,,,,,
,,2405,輔信,,,44471,,,,,,,,,,0.04,4,,上市,112,15991,,,,,,,,14235,,58706,,,,,,12370,1865,,,-21003,,51229,1013161,1709935,696774,696774,717777,,30226,,56925,1781,14235,,,,,
,,2406,國碩,,,-156478,,,,,,,,,,-0.99,4,,上市,112,37857,,,,,,10556,,-1234271,,-1390749,,,,,,-347720,-886551,,,-995910,,-200504,3946414,3940087,-6327,-16883,979027,,-1196414,,-410185,-980564,-1234271,,,,,
,,2408,南亞科,,,1883,,,,,,,,,,-2.40,4,,上市,112,-3265043,,,,,,,,-7439634,,-7437751,,,,,,-7439634,,,,-14460191,,3755514,34375146,29892306,-4482840,-4482840,9977351,,-10704677,,-7437751,,-7439634,,,,,
,,2409,友達,,,-910831,,,,,,,,,,-2.37,4,,上市,112,-3530906,,,,,,,,-18151154,,-19061985,,,,,,-18203274,52120,,,-21962015,,279955,243354069,247964437,4610368,4610368,26572383,,-21682060,,-19043606,-18379,-18151154,,,,,
,,2412,中華電,-635367,,669213,,,,,,,,,,4.76,4,,上市,112,9002110,,,,,,,,37990536,,38659749,,,,,,36916708,1073828,,,46353235,,639411,141766718,223199260,81432542,81432542,34443940,,46992646,,37616527,1043222,37990536,,,,,
,,2413,環科,,,-60786,,,,,,,,,,0.84,4,,上市,112,24326,,,,,,,,106046,,45260,,,,,,106486,-440,,,85554,,44818,3918917,4603781,684864,684864,599310,,130372,,45700,-440,106046,,,,,
,,2414,精技,0,,-862,,,,,,,,,,2.38,4,,上市,112,102070,,,,,,,,409502,,408640,,,,,,384880,24622,,,507747,,3825,21198401,23120363,1921962,1921962,1414215,,511572,,384398,24242,409502,,,,,
,,2415,錩新,-158464,,-51854,,,,,,,,,,-0.22,4,,上市,112,9859,,,,,,,,10261,,-41593,,,,,,-19657,29918,,,175669,,-155549,1641187,2263807,622620,622620,288487,,20120,,-44765,3172,10261,,,,,
,,2417,圓剛,,,-8252,,,,,,,,,,0.01,4,,上市,112,587,,,,,,,,126945,,118693,,,,,,1770,125175,,,-89387,,216919,1451589,3240236,1788647,1788647,1878034,,127532,,-7632,126325,126945,,,,,
,,2419,仲琦,,,32497,,,,,,,,,,0.02,4,,上市,112,24900,,,,,,,,163814,,196311,,,,,,4879,158935,,,257922,,-69208,7375511,9403662,2028151,2028151,1770229,,188714,,37376,158935,163814,,,,,
,,2420,新巨,,,-5030,,,,,,,,,,3.55,4,,上市,112,141079,,,,,,,,538494,,533464,,,,,,541605,-3111,,,535250,,144323,1220249,2126487,906238,906238,370988,,679573,,536553,-3089,538494,,,,,
,,2421,建準,,,-42291,,,,,,,,,,5.16,4,,上市,112,417654,,,,,,,,1333934,,1291643,,,,,,1333934,0,,,1530375,,221213,9313327,12914685,3601358,3601358,2070983,,1751588,,1291643,0,1333934,,,,,
,,2423,固緯,,,-30355,,,,,,,,,,2.95,4,,上市,112,126882,,,,,,,,428271,,397916,,,,,,428271,,,,543492,,11661,1467187,3024731,1557544,1557544,1014052,,555153,,397916,,428271,,,,,
,,2424,隴華,,,518,,,,,,,,,,-3.95,4,,上市,112,0,,,,,,,,-198942,,-198424,,,,,,-194560,-4382,,,-188820,,-10122,168306,106671,-61635,-61635,127185,,-198942,,-194133,-4291,-198942,,,,,
,,2425,承啟,,,66225,,,,,,,,,,1.68,4,,上市,112,70313,,,,,,,,233205,,299430,,,,,,161901,71304,,,225121,,78397,6140927,6823399,682472,682472,457351,,303518,,234458,64972,233205,,,,,
,,2426,鼎元,551,,8776,,,,,,,,,,-0.44,4,,上市,112,-25308,,,,,,,,-135695,,-126919,,,,,,-131954,-3741,,,-143225,,-17778,2035398,2267637,232239,232239,376015,,-161003,,-123027,-3892,-135695,,,,,
,,2427,三商電,,,90259,,,,,,,,,,1.36,4,,上市,112,62922,,,,,,,,251798,,342057,,,,,,251831,-33,,,306882,,7838,2571255,3971077,1399822,1399822,1092940,,314720,,342090,-33,251798,,,,,
,,2428,興勤,,,-114984,,,,,,,,,,10.21,4,,上市,112,411388,,,,,,,,1311159,,1196175,,,,,,1307803,3356,,,1592445,,130102,4333369,7077136,2743767,2743767,1151322,,1722547,,1192506,3669,1311159,,,,,
,,2429,銘旺科,,,1936,,,,,,,,,,-0.56,4,,上市,112,11263,,,,,,,,-49340,,-47404,,,,,,-24309,-25031,,,-80482,,42405,488554,512544,23990,23990,104472,,-38077,,-24007,-23397,-49340,,,,,
,,2430,燦坤,,,14903,,,,,,,,,,2.39,4,,上市,112,73279,,,,,,,,278736,,293639,,,,,,278736,,,,356775,,-4760,17004399,19984883,2980484,2980484,2623709,,352015,,293639,,278736,,,,,
,,2431,聯昌,,,-4417,,,,,,,,,,-0.85,4,,上市,112,11868,,,,,,,,-94093,,-98510,,,,,,-94093,,,,-142006,,59781,613217,589537,-23680,-23680,118326,,-82225,,-98510,,-94093,,,,,
,,2432,倚天酷碁-創,,,155823,,,,,,,,,,1.98,4,,上市,112,9816,,,,,,,,121263,,277086,,,,,0,121263,,,,108011,,23068,1760547,2085866,325319,325319,217308,,131079,0,277086,,121263,,,,,
,,2433,互盛電,,,-103275,,,,,,,,,,3.39,4,,上市,112,100970,,,,,,,,510363,,407088,,,,,,490289,20074,,,440874,,170459,1902465,2893725,991260,991260,550386,,611333,,399925,7163,510363,,,,,
,,2434,統懋,,,-956,,,,,,,,,,-0.98,4,,上市,112,0,,,,,,,,-36309,,-37265,,,,,,-36309,,,,-49716,,13407,58189,63079,4890,4890,54606,,-36309,,-37265,,-36309,,,,,
,,2436,偉詮電,,,113712,,,,,,,,,,1.18,4,,上市,112,19400,,,,,,,,207086,,320798,,,,,,209240,-2154,,,41830,,184656,2103785,2885560,781775,781775,739945,,226486,,322539,-1741,207086,,,,,
,,2438,翔耀,,,-7752,,,,,,,,,,-1.00,4,,上市,112,10885,,,,,,,,-70696,,-78448,,,,,,-57692,-13004,,,-68940,,9129,133159,117867,-15292,-15292,53648,,-59811,,-65444,-13004,-70696,,,,,
,,2439,美律,,,-169990,,,,,,,,,,6.16,4,,上市,112,467598,,,,,,,,1417897,,1247907,,,,,,1320318,97579,,,1137923,,747572,31948416,36690383,4741967,4741967,3604044,,1885495,,1170680,77227,1417897,,,,,
,,2440,太空梭,,,-24990,,,,,,,,,,-0.99,4,,上市,112,13536,,,,,,,,-137476,,-162466,,,,,,-137476,,,,-78860,,-45080,2888134,2957327,69193,69193,148053,,-123940,,-162466,,-137476,,,,,
,,2441,超豐,,,731766,,,,,,,,,,3.51,4,,上市,112,514136,,,,,,,,1996618,,2728384,,,,,,1997124,-506,,,2283819,,226935,10740105,13570076,2829971,2829971,546152,,2510754,,2728890,-506,1996618,,,,,
,,2442,新美齊,,,57306,,,,,,,,,,1.67,4,,上市,112,103782,,,,,,,,426866,,484172,,,,,,425655,1211,,,346101,,184547,1827399,2502578,675179,675179,329078,,530648,,482961,1211,426866,,,,,
,,2444,兆勁,,,2986,,,,,,,,,,-0.16,4,,上市,112,9345,,,,,,,,-15871,,-12885,,,,,0,-15871,0,,,1714,,-8240,1629535,1822164,192629,192629,190915,,-6526,0,-12885,0,-15871,,,,,
,,2449,京元電子,,,1233125,,,,,,,,,,4.78,4,,上市,112,1467549,,,,,,,,6016370,,7249495,,,,,,5840365,176005,,,7363529,,120390,21883515,33025307,11141792,11141792,3778263,,7483919,,7090917,158578,6016370,,,,,
,,2450,神腦,-93,,-31550,,,,,,,,,,2.73,4,,上市,112,108719,,,,,,,,704598,,673048,,,,,,705677,-1079,,,425488,,387829,27859481,31269132,3409651,3409651,2984070,,813317,,674127,-1079,704598,,,,,
,,2451,創見,,,135997,,,,,,,,,,4.63,4,,上市,112,485999,,,,,,,,1984835,,2120832,,,,,,1984835,,,,1889646,,581188,7451567,10496172,3044605,3044605,1154959,,2470834,,2120832,,1984835,,,,,
,,2453,凌群,,,5961,,,,,,,,,,2.78,4,,上市,112,52869,,,,,,,,276638,,282599,,,,,,278293,-1655,,,285459,,44048,4722942,6383820,1660878,1660878,1375419,,329507,,284112,-1513,276638,,,,,
,,2454,聯發科,,,6782875,,,,,,,,,,48.51,4,,上市,112,9591498,,,,,,,,77190944,,83973819,,,,,,76978637,212307,,,71799506,,14982936,226079292,433446330,207367038,207367038,135567532,,86782442,,83781837,191982,77190944,,,,,
,,2455,全新,,,-38197,,,,,,,,,,2.43,4,,上市,112,91490,,,,,,,,450232,,412035,,,,,,,,,,542069,,-347,1585190,2694104,1108914,1108914,566845,,541722,,,,450232,,,,,
,,2457,飛宏,,,-37706,,,,,,,,,,0.68,4,,上市,112,201892,,,,,,,,262514,,224808,,,,,,262551,-37,,,354743,,109663,9119641,12332397,3212756,3212756,2858013,,464406,,224838,-30,262514,,,,,
,,2458,義隆,,,118479,,,,,,,,,,7.53,4,1425,上市,112,487771,,,,,,,,1985030,,2103509,,,,,,2143520,-158490,,,2434475,,38326,6627903,12058515,5430612,5432037,2997562,,2472801,,2262470,-158961,1985030,,,,,
,,2459,敦吉,,,-73590,,,,,,,,,,5.46,4,,上市,112,327722,,,,,,,,602774,,529184,,,,,,576835,25939,,,729942,,200554,5967538,7420156,1452618,1452618,722676,,930496,,512032,17152,602774,,,,,
,,2460,建通,,,-34327,,,,,,,,,,-1.05,4,,上市,112,-101420,,,,,,,,-173438,,-207765,,,,,,-173438,,,,-267175,,-7683,2514614,2590481,75867,75867,343042,,-274858,,-207765,,-173438,,,,,
,,2461,光群雷,,,-55547,,,,,,,,,,0.66,4,,上市,112,45707,,,,,,,,-83293,,-138840,,,,,,104098,-187391,,,-3538,,-34048,4470195,5679188,1208993,1208993,1212531,,-37586,,62165,-201005,-83293,,,,,
,,2462,良得電,,,-32647,,,,,,,,,,1.86,4,,上市,112,15475,,,,,,,,269429,,236782,,,,,,269825,-396,,,240360,,44544,3284032,3921191,637159,637159,396799,,284904,,237523,-741,269429,,,,,
,,2464,盟立,6946,,17441,,,,,,,,,,0.89,4,,上市,112,61268,,,,,,72780,,182762,,200203,,,,,,174971,7791,,,13357,,230673,7289725,8812743,1523018,1450238,1443827,,244030,,192412,7791,182762,,,,,
,,2465,麗臺,,,-8319,,,,,,,,,,-2.53,4,,上市,112,27190,,,,,,,,-159986,,-168305,,,,,,-159729,-257,,,-98521,,-34275,3647838,4276117,628279,628279,726800,,-132796,,-168048,-257,-159986,,,,,
,,2466,冠西電,,,-16538,,,,,,,,,,0.18,4,,上市,112,26116,,,,,,,,30083,,13545,,,,,,30083,,,,-112724,,168923,897585,1053420,155835,155835,268559,,56199,,13545,,30083,,,,,
,,2467,志聖,,,396705,,,,,,,,,,3.12,4,,上市,112,53911,,,,,,,,530121,,926826,,,,,,486324,43797,,,402656,,181376,2119643,3625801,1506158,1506158,1103502,,584032,,888725,38101,530121,,,,,
,,2468,華經,,,-876,,,,,,,,,,1.12,4,,上市,112,20742,,,,,,,,78378,,77502,,,,,,78378,,,,89798,,9322,2067618,2338371,270753,270753,180955,,99120,,77502,,78378,,,,,
,,2471,資通,,,-427,,,,,,,,,,3.66,4,,上市,112,22665,,,,,,,,173014,,172587,,,,,,172965,49,,,101490,,94189,498045,841834,343789,343789,242299,,195679,,172568,19,173014,,,,,
,,2472,立隆電,,,-194971,,,,,,,,,,5.60,4,,上市,112,342454,,,,,,,,1248384,,1053413,,,,,,922333,326051,,,1473056,,117782,6417467,8998265,2580798,2580798,1107742,,1590838,,795343,258070,1248384,,,,,
,,2474,可成,,,-425108,,,,,,,,,,13.33,4,,上市,112,3141502,,,,,,,,9151545,,8726437,,,,,,9151193,352,,,1626894,,10666153,13139923,18073884,4933961,4933961,3307067,,12293047,,8726089,348,9151545,,,,,
,,2476,鉅祥,383,,-20991,,,,,,,,,,3.54,4,,上市,112,291595,,,,,,,,761997,,741006,,,,,,675040,86957,,,757965,,295627,4081875,5746318,1664443,1664443,906861,,1053592,,665831,75175,761997,,,,,
,,2477,美隆電,,,-25231,,,,,,,,,,0.24,4,,上市,112,32832,,,,,,,,25511,,280,,,,,,37351,-11840,,,-175613,,233956,2008634,2330720,322086,322086,497699,,58343,,10434,-10154,25511,,,,,
,,2478,大毅,,,-61837,,,,,,,,,,2.56,4,,上市,112,157951,,,,,,,,374123,,312286,,,,,,369935,4188,,,477380,,54694,3642024,4594781,952757,952757,475377,,532074,,312108,178,374123,,,,,
,,2480,敦陽科,,,27198,,,,,,,,,,7.36,4,,上市,112,189306,,,,,,,,783241,,810439,,,,,,783241,0,,,863681,,108866,5484495,7270862,1786367,1786367,922686,,972547,,810439,0,783241,,,,,
,,2481,強茂,,,-31264,,,,,,,,,,2.15,4,,上市,112,152145,,,,,,,,1012951,,981687,,,,,,820782,192169,,,833734,,331362,9499258,12707319,3208061,3208061,2374327,,1165096,,779584,202103,1012951,,,,,
,,2482,連宇,,,116515,,,,,,,,,,2.40,4,,上市,112,57821,,,,,,,,186780,,303295,,,,,,186785,-5,,,224328,,20273,825890,1440437,614547,614547,390219,,244601,,303300,-5,186780,,,,,
,,2483,百容,,,-9496,,,,,,,,,,0.32,4,,上市,112,-11664,,,,,,,,37036,,27540,,,,,,35280,1756,,,-31521,,56893,1546745,1796452,249707,249707,281228,,25372,,24213,3327,37036,,,,,
,,2484,希華,,,76564,,,,,,,,,,1.64,4,,上市,112,82615,,,,,,,,260742,,337306,,,,,,260988,-246,,,279148,,64209,1709033,2355394,646361,646361,367213,,343357,,337566,-260,260742,,,,,
,,2485,兆赫,,,-30597,,,,,,,,,,-0.23,4,,上市,112,17937,,,,,,,,-287315,,-317912,,,,,,-72130,-215185,,,-149143,,-120235,5236211,5816835,580624,580624,729767,,-269378,,-102727,-215185,-287315,,,,,
,,2486,一詮,,,-36866,,,,,,,,,,0.92,4,,上市,112,45527,,,,,,,,198908,,162042,,,,,,200887,-1979,,,176500,,67935,4351582,5068696,717114,717114,540614,,244435,,164021,-1979,198908,,,,,
,,2488,漢平,,,-15157,,,,,,,,,,4.39,4,,上市,112,103860,,,,,,,,351127,,335970,,,,,,351127,0,,,367799,,87188,1803977,2461954,657977,657977,290178,,454987,,335970,0,351127,,,,,
,,2489,瑞軒,,,26791,,,,,,,,,,0.58,4,,上市,112,112234,,,,,,,,456943,,483734,,,,,,446155,10788,,,-18206,,587383,14993300,16583775,1590475,1590475,1608681,,569177,,473107,10627,456943,,,,,
,,2491,吉祥全,,,-6438,,,,,,,,,,0.45,4,,上市,112,3,,,,,,,,60060,,53622,,,,,,37249,22811,,,-135712,,195775,141235,192545,51310,51310,187022,,60063,,30811,22811,60060,,,,,
,,2492,華新科,,,1555362,,,,,,,,,,4.09,4,,上市,112,826883,,,,,,,,2657922,,4213284,,,,,,1984596,673326,,,1795311,,1689494,26960516,32797671,5837155,5837155,4041844,,3484805,,3474997,738287,2657922,,,,,
,,2493,揚博,,,3028,,,,,,,,,,6.03,4,,上市,112,182998,,,,,,,,690310,,693338,,,,,,690310,,,,836161,,37147,2134577,3354285,1219708,1219708,383547,,873308,,693338,,690310,,,,,
,,2495,普安,,,-868,,,,,,,,,,0.88,4,,上市,112,46158,,,,,,,,241446,,240578,,,,,,241446,0,,,198626,,88978,680183,1390974,710791,710791,512165,,287604,,240578,0,241446,,,,,
,,2496,卓越,,,-237,,,,,,,,,,5.48,4,,上市,112,21845,,,,,,,,103487,,103250,,,,,,103644,-157,,,122007,,3325,362649,764815,402166,402166,280159,,125332,,103502,-252,103487,,,,,
,,2497,怡利電,,,-8496,,,,,,,,,,1.89,4,,上市,112,40738,,,,,,,,232592,,224096,,,,,,232592,,,,249047,,24283,2867240,3766293,899053,899053,650006,,273330,,224096,,232592,,,,,
,,2498,宏達電,,,506133,,,,,,,,,,-4.09,4,,上市,112,-2921,,,,,,,,-3395757,,-2889624,,,,,,-3395757,,,,-4294681,,896003,2594222,4417932,1823710,1823710,6118391,,-3398678,,-2889624,,-3395757,,,,,
,,2501,國建,,,213236,,,,,,,,,,1.87,4,,上市,112,255235,,,,,,,,2219985,,2433221,,,,,,2164437,55548,,,2572562,,-97342,11120260,15480974,4360714,4360714,1788152,,2475220,,2377676,55545,2219985,,,,,
,0,2504,國產,,,42967,,,,,,,,,,3.00,4,,上市,112,965075,,,,,,,,3621076,,3664043,,,,,,3530978,90098,,,4036535,,549616,16055231,21041131,4985900,4985900,949365,,4586151,,3574257,89786,3621076,,,,,
,,2505,國揚,,,285901,,,,,,,,,,0.80,4,,上市,112,28835,,,,,,,,304876,,590777,,,,,,304198,678,,,10735,,322976,443914,735459,291545,291545,280810,,333711,,590099,678,304876,,,,,
,,2506,太設,7426,,-321333,,,,,,,,,,0.12,4,,上市,112,92552,,,,,,,,121265,,-200068,,,,,,43492,77773,,,113887,,99930,929647,1486341,556694,556694,450233,,213817,,-290573,90505,121265,,,,,
,,2509,全坤建,,,31241,,,,,,,,,,-1.09,4,,上市,112,310,,,,,,,,-239428,,-208187,,,,,,-245635,6207,,,-85645,,-153473,148474,223470,74996,74996,160641,,-239118,,-213467,5280,-239428,,,,,
,,2511,太子,,,221332,,,,,,,,,,0.37,4,,上市,112,140578,,,,,,,,584987,,806319,,,,,,592617,-7630,,,627617,,97948,5981704,8485229,2503525,2503525,1875908,,725565,,813949,-7630,584987,,,,,
,,2514,龍邦,,,-163079,,,,,,,,,,2.44,4,,上市,112,271212,,,,,,,,989133,,826054,,,,,,884091,105042,,,464066,,796279,16178955,17822819,1643864,1643864,1179798,,1260345,,849736,-23682,989133,,,,,
,,2515,中工,,,16898,,,,,,,,,,0.41,4,,上市,112,155657,,,,,,,,625637,,642535,,,,,,624719,918,,,931564,,-150270,17436809,18959339,1522530,1522530,590966,,781294,,643243,-708,625637,,,,,
,,2516,新建,,,-3279,,,,,,,,,,0.77,4,,上市,112,36637,,,,,,,,174423,,171144,,,,,,174423,,,,150356,,60704,8318074,8629594,311520,311520,161164,,211060,,171144,,174423,,,,,
,,2520,冠德,,,-688,,,,,,,,,,4.42,4,,上市,112,759690,,,,,,,,3067425,,3066737,,,,,,2395148,672277,,,3932235,,-105120,13571128,19442501,5871373,5871373,1939138,,3827115,,2394295,672442,3067425,,,,,
,,2524,京城,,,-766,,,,,,,,,,1.20,4,,上市,112,52733,,,,,,,,442041,,441275,,,,,,442041,,,,805167,,-310393,1276115,2553746,1277631,1277631,472464,,494774,,441275,,442041,,,,,
,,2527,宏璟,,,1828423,,,,,,,,,,2.22,4,,上市,112,97605,,,,,,,,563869,,2392292,,,,,,580013,-16144,,,358494,,302980,1640147,2315375,675228,675228,316734,,661474,,2408365,-16073,563869,,,,,
,,2528,皇普,,,,,,,,,,,,,0.64,4,,上市,112,65308,,,,,,,,241599,,241599,,,,,,,,,,312281,,-5374,1350166,1849978,499812,499812,187531,,306907,,,,241599,,,,,
,,2530,華建,,,685,,,,,,,,,,0.61,4,,上市,112,146219,,,,,,,,503603,,504288,,,,,,511043,-7440,,,646884,,2938,1099437,1951453,852016,852016,205132,,649822,,511728,-7440,503603,,,,,
,,2534,宏盛,,,65372,,,,,,,,,,1.10,4,,上市,112,82525,,,,,,,,520871,,586243,,,,,,520871,,,,676461,,-73065,1402126,2553116,1150990,1150990,474529,,603396,,586243,,520871,,,,,
,,2535,達欣工,,,48640,,,,,,,,,,3.77,4,,上市,112,277194,,,,,,,,1161874,,1210514,,,,,,1188531,-26657,,,1208579,,230489,12784147,14506524,1722377,1722377,513798,,1439068,,1253698,-43184,1161874,,,,,
,,2536,宏普,,,0,,,,,,,,,,0.69,4,,上市,112,23220,,,,,,,,219945,,219945,,,,,,231042,-11097,,,671107,,-427942,2324443,3233143,908700,908700,237593,,243165,,231042,-11097,219945,,,,,
,,2537,聯上發,,,-38,,,,,,,,,,-0.20,4,,上市,112,-7123,,,,,,,,-60134,,-60172,,,,,,,,,,37288,,-104545,401070,545850,144780,144780,107492,,-67257,,,,-60134,,,,,
,,2538,基泰,,,-3739,,,,,,,,,,0.94,4,,上市,112,88096,,,,,,,,1617798,,1614059,,,,,,411270,1206528,,,44448,,1661446,106724,376267,269543,269543,225095,,1705894,,407531,1206528,1617798,,,,,
,,2539,櫻花建,,,,,,,,,,,,,2.24,4,,上市,112,556854,,,,,,,,1914869,,1914869,,,,,,,,,,2467047,,4676,3830484,7062994,3232510,3232510,765463,,2471723,,,,1914869,,,,,
,,2540,愛山林,,,,,,,,,,,,,3.91,4,,上市,112,473833,,,,,,,,1507668,,1507668,,,,,,1507668,0,,,2272308,,-290807,4779984,8102882,3322898,3322898,1050590,,1981501,,1507668,0,1507668,,,,,
,,2542,興富發,,,5713,,,,,,,,,,1.33,4,,上市,112,1917585,,,,,,,,8834939,,8840652,,,,,,2437372,6397567,,,11712132,,-959608,28647295,44067193,15419898,15419898,3707766,,10752524,,2443085,6397567,8834939,,,,,
,,2543,皇昌,,,-8470,,,,,,,,,,2.15,4,,上市,112,117351,,,,,,,,585276,,576806,,,,,,510029,75247,,,742819,,-40192,10266477,11275084,1008607,1008607,265788,,702627,,501901,74905,585276,,,,,
,,2545,皇翔,,,143,,,,,,,,,,2.32,4,,上市,112,156045,,,,,,,,761770,,761913,,,,,,761770,,,,1253297,,-335482,2797400,4746091,1948691,1948691,695394,,917815,,761913,,761770,,,,,
,,2546,根基,,,113068,,,,,,,,,,8.20,4,,上市,112,264524,,,,,,,,990357,,1103425,,,,,,990345,12,,,1169946,,84935,12785961,14292411,1506450,1506450,336504,,1254881,,1103387,38,990357,,,,,
,,2547,日勝生,,,-3600,,,,,,,,,,-0.11,4,,上市,112,283438,,,,,,,,-16581,,-20181,,,,,,-92525,75944,,,1070729,,-803872,4457659,7481324,3023665,3023665,1952936,,266857,,-96171,75990,-16581,,,,,
,,2548,華固,,,-237,,,,,,,,,,12.95,4,,上市,112,715820,,,,,,,,3571958,,3571721,,,,,,3581783,-9825,,,4350337,,-62559,10584980,15804993,5220013,5220013,869676,,4287778,,3581461,-9740,3571958,,,,,
,,2597,潤弘,,,-120523,,,,,,,,,,10.28,4,,上市,112,471622,,,,,,,,2038025,,1917502,,,,,,1902201,135824,,,2454124,,55523,19039748,22502526,3462778,3462778,1008654,,2509647,,1786222,131280,2038025,,,,,
,,2601,益航,,,-90953,,,,,,,,,,-2.02,4,,上市,112,227531,,,,,,,,-2532407,,-2623360,,,,,,-1669494,-862913,,,-250809,,-2054067,1893928,5501923,3607995,3607995,3858804,,-2304876,,-1719708,-903652,-2532407,,,,,
,,2603,長榮,1634048,,-727208,,,,,,,,,,16.70,4,20989,上市,112,24196256,,,,,,0,,39975701,,39248493,,,,,,35337051,4638650,,,34750086,,29421871,226805671,276714825,49909154,49930143,16814105,,64171957,,34601401,4647092,39975701,,,,,
,14288,2605,新興,,,27376,,,,,,,,,,0.76,4,,上市,112,50312,,,,,,,,523232,,550608,,,,,,444298,78934,,,425704,,133552,3529655,4229875,700220,700220,274516,,559256,,431257,119351,508944,,,,,
,,2606,裕民,,,788491,,,,,,,,,,3.24,4,,上市,112,-16882,,,,,,,,2668870,,3457361,,,,,,2738915,-70045,,,2707935,,-55947,10993363,14375473,3382110,3382110,674175,,2651988,,3527406,-70045,2668870,,,,,
,,2607,榮運,,,626641,,,,,,,,,,2.55,4,,上市,112,942614,,,,,,,,2832412,,3459053,,,,,,2723072,109340,,,2606584,,1168442,12301528,16394054,4092526,4092526,1485942,,3775026,,3344072,114981,2832412,,,,,
,,2608,嘉里大榮,,,-57002,,,,,,,,,,3.63,4,,上市,112,352681,,,,,,,,1832289,,1775287,,,,,,1695695,136594,,,1538957,,646013,9845780,12032914,2187134,2187134,648177,,2184970,,1639052,136235,1832289,,,,,
,,2609,陽明,203389,,-85776,,,,,,,,,,1.37,4,,上市,112,6218624,,,,,,,,5077624,,4991848,,,,,,4774106,303518,,,-1665694,,12961942,134383170,140623713,6240543,6240543,8109626,,11296248,,4755146,236702,5077624,,,,,
,,2610,華航,,,-902960,,,,,,,,,,1.13,4,,上市,112,1834271,,,,,,,,7471201,,6568241,,,,,,6818552,652649,,,10157421,,-851949,160986016,184816790,23830774,23830774,13673353,,9305472,,6049509,518732,7471201,,,,,
,,2611,志信,,,61159,,,,,,,,,,2.48,4,,上市,112,4069,,,,,,,,475831,,536990,,,,,,467964,7867,,,-47947,,527847,471448,617327,145879,145879,193826,,479900,,527595,9395,475831,,,,,
,,2612,中航,,,44381,,,,,,,,,,1.66,4,,上市,112,108695,,,,,,,,323868,,368249,,,,,0,328329,-4461,,,374274,,58289,3157517,4014892,857375,857375,483101,,432563,0,372710,-4461,323868,,,,,
,,2613,中櫃,,,3481,,,,,,,,,,0.71,4,,上市,112,28962,,,,,,,,101978,,105459,,,,,,97653,4325,,,269120,,-138180,2680592,3148316,467724,467724,198604,,130940,,101134,4325,101978,,,,,
,,2614,東森,,,36880,,,,,,,,,,-0.91,4,,上市,112,53111,,,,,,,,-346082,,-309202,,,,,,-272765,-73317,,,-90069,,-202902,4129952,5841598,1711646,1711646,1801715,,-292971,,-235770,-73432,-346082,,,,,
,,2615,萬海,1796360,,224437,,,,,,,,,,-2.07,4,,上市,112,3288688,,,,,,,,-5783195,,-5558758,,,,,,-5796413,13218,,,-6302558,,3808051,101726018,100220040,-1505978,-1505978,6592940,,-2494507,,-5573737,14979,-5783195,,,,,
,,2616,山隆,,,219512,,,,,,,,,,0.48,4,,上市,112,5333,,,,,,,,82656,,302168,,,,,,65250,17406,,,-35697,,123686,15204944,16423894,1218950,1218950,1254647,,87989,,289212,12956,82656,,,,,
,,2617,台航,,,-486843,,,,,,,,,,3.98,4,,上市,112,337600,,,,,,,,1662890,,1176047,,,,,,1662890,,,,1235554,,764936,2549642,3990109,1440467,1440467,204913,,2000490,,1176047,,1662890,,,,,
,,2618,長榮航,,,285517,,,,,,,,,,4.01,4,,上市,112,5736501,,,,,,,,23103254,,23388771,,,,,,21594425,1508829,,,29566265,,-726510,157079650,200356523,43276873,43276873,13710608,,28839755,,21986245,1402526,23103254,,,,,
,,2630,亞航,,,13461,,,,,,,,,,0.31,4,,上市,112,11717,,,,,,,,57120,,70581,,,,,,57120,,,,95113,,-26276,4526256,4863682,337426,337426,242313,,68837,,70581,,57120,,,,,
,,2633,台灣高鐵,,,-7094,,,,,,,,,,1.39,4,,上市,112,1913538,,,,,,,,7824283,,7817189,,,,,,,,,,20532021,,-10794200,27618817,49812023,22193206,22193206,1661185,,9737821,,,,7824283,,,,,
,,2634,漢翔,,,50987,,,,,,,,,,2.36,4,,上市,112,616060,,,,,,,,2225899,,2276886,,,,,,2225899,,,,2790664,,51295,34742053,39100002,4357949,4357949,1567285,,2841959,,2276886,,2225899,,,,,
,,2636,台驊控股,,,-496983,,,,,,,,,,10.76,4,,上市,112,428952,,,,,,,,1548734,,1051751,,,,,,1473056,75678,,,904128,,1073558,11703775,14621253,2917478,2917478,2013350,,1977686,,991687,60064,1548734,,,,,
,,2637,慧洋-KY,,,-510467,,,,,,,,,,4.38,4,,上市,112,24525,,,,,,,,3270134,,2759667,,,,,,3270134,,,,3476222,,-181563,13353081,16995451,3642370,3642370,166148,,3294659,,2759667,,3270134,,,,,
,,2642,宅配通,,,75579,,,,,,,,,,0.99,4,,上市,112,21092,,,,,,,,94496,,170075,,,,,,94496,,,,107081,,8507,3633035,4188461,555426,555426,448345,,115588,,170075,,94496,,,,,
,,2645,長榮航太,,,-72037,,,,,,,,,,4.95,4,,上市,112,405827,,,,,,,,1833032,,1760995,,,,,,,,,,1918246,,320613,12141693,14781798,2640105,2640105,721859,,2238859,,,,1833032,,,,,
,,2646,星宇航空,,,-208283,,,,,,,,,,0.08,4,,上市,112,-264411,,,,,,,,149196,,-59087,,,,,,,,,,479498,,-594713,18550979,22472128,3921149,3921149,3441651,,-115215,,,,149196,,,,,
,,2701,萬企,,,239076,,,,,,,,,,0.53,4,,上市,112,52654,,,,,,,,237340,,476416,,,,,,,,,,166777,,123217,97562,297185,199623,199623,32846,,289994,,,,237340,,,,,
,,2702,華園,,,1094,,,,,,,,,,0.16,4,,上市,112,-101513,,,,,,,,25749,,26843,,,,,,25749,,,,72024,,-147788,267371,1433125,1165754,1165754,1093730,,-75764,,26843,,25749,,,,,
,,2704,國賓,,,6042769,,,,,,,,,,1.34,4,,上市,112,180823,,,,,,,,493483,,6536252,,,,,,492981,502,,,-255398,,929704,909477,1278949,369472,369472,624870,,674306,,6535750,502,493483,,,,,
,,2705,六福,,,8930,,,,,,,,,,-0.51,4,,上市,112,0,,,,,,,,-97744,,-88814,,,,,,-97744,,,,75942,,-173686,1458294,2211095,752801,752801,676859,,-97744,,-88814,,-97744,,,,,
,,2706,第一店,,,147837,,,,,,,,,,0.60,4,,上市,112,73919,,,,,,,,300695,,448532,,,,,,,,,,235647,,138967,78437,343296,264859,264859,29212,,374614,,,,300695,,,,,
,,2707,晶華,,,-21644,,,,,,,,,,11.11,4,,上市,112,382012,,,,,,,,1526673,,1505029,,,,,,1415555,111118,,,1843137,,65548,4250900,6765042,2514142,2514142,671005,,1908685,,1394308,110721,1526673,,,,,
,,2712,遠雄來,,,-251,,,,,,,,,,0.47,4,,上市,112,11362,,,,,,,,49028,,48777,,,,,,,,,,57088,,3302,459002,656114,197112,197112,140024,,60390,,,,49028,,,,,
,,2722,夏都,499,,28133,,,,,,,,,,0.69,4,,上市,112,18771,,,,,,,,79182,,107315,,,,,,81328,-2146,,,78551,,19402,418075,764875,346800,346800,268748,,97953,,109461,-2146,79182,,,,,
,,2723,美食-KY,,,-110334,,,,,,,,,,4.20,4,,上市,112,310740,,,,,,,,743341,,633007,,,,,,756605,-13264,,,1101060,,-46979,8398604,20423522,12024918,12024918,10923858,,1054081,,646020,-13013,743341,,,,,
,,2727,王品,,,-31465,,,,,,,,,,16.79,4,,上市,112,348582,,,,,,,,1380250,,1348785,,,,,,1380510,-260,,,1782762,,-53930,11885460,22317707,10432247,10432247,8649485,,1728832,,1356402,-7617,1380250,,,,,
,,2731,雄獅,,,-39879,,,,,,,,,,15.21,4,,上市,112,83696,,,,,,,,1435287,,1395408,,,,,,1392466,42821,,,933737,,585246,18270845,21512163,3241318,3241318,2307581,,1518983,,1351832,43576,1435287,,,,,
,,2739,寒舍,165290,,53086,,,,,,,,,,4.52,4,,上市,112,59202,,,,,,,,414019,,467105,,,,,,414019,,,,625770,,-152549,2966454,4831135,1864681,1864681,1404201,,473221,,467105,,414019,,,,,
,,2748,雲品,,,8851,,,,,,,,,,2.76,4,,上市,112,71484,,,,,,,,283172,,292023,,,,,,283172,,,,322390,,32266,1576611,2359844,783233,783233,460843,,354656,,292023,,283172,,,,,
,,2753,八方雲集,,,2190,,,,,,,,,,8.35,4,,上市,112,139987,,,,,,,,537755,,539945,,,,,,554172,-16417,,,668633,,9109,4787287,7339890,2552603,2552603,1883970,,677742,,556166,-16221,537755,,,,,
,,2762,世界健身-KY,,,,,,,,,,,,,3.50,4,,上市,112,94390,,,,,,,,349531,,349531,,,,,,349531,,,,511183,,-67262,7877019,9428163,1551144,1551144,1039961,,443921,,349531,,349531,,,,,
,,2801,彰銀,,,,,11814097,16337498,,22232574,,,,3241455,1.20,4,,上市,112,3254446,,,,,,,,,12982142,,24796239,,12982142,,,,,,,,,,,,,,19092029,,,,24796239,,,12982142,,,16236588,
,,2812,台中銀,,,,,1968558,6172894,,11324777,,,,1667977,1.31,4,,上市,112,1412115,,,,,,,,,6821434,,8789992,,6821434,,,,,,,,,,,,,,7596145,,,,8789992,,,6821434,,,8233549,
,,2816,旺旺保,,,,95448,,,,,,,,,5.37,4,,上市,112,109263,,,,,,,,1200346,,1295794,,,,,,,,,,1302095,,7514,6703382,10177513,,,2172036,,,,,,,,1200346,,,1309609
,,2820,華票,,,,,2336400,1774179,,244948,,,,-17941,0.96,4,,上市,112,234002,,,,,,,,,1288522,,3624922,,,,,,,,,,,,,,,,514544,,,,,,,1288522,,,1522524,
,,2832,台產,,,,627970,,,,,,,,,2.70,4,,上市,112,199985,,,,,,,,978269,,1606239,,,,,,,,,,1180457,,-2203,4115988,6768286,,,1471841,,,,,,,,978269,,,1178254
,0,2834,臺企銀,,,,,6250321,13208034,,18705510,,,,4226518,1.29,4,,上市,112,1860132,,,,,,,,,10567675,,16817996,0,10567675,0,,,,,,,,,,,,,15259219,,,,16817996,,,10567675,,,12427807,
,,2836,高雄銀,,,,,1643124,1277277,,2543497,,,,-92090,0.70,4,,上市,112,340076,,,,,,,,,865213,,2508337,,,,,,,,,,,,,,,,2707575,,,,,,,865213,,,1205289,
,,2838,聯邦銀,,,,,3784705,9582640,,8351987,,,,628393,1.02,4,,上市,112,914717,,,,,,,,,4320680,,8105385,,4317286,3394,,,,,,,,,,,,,12070837,,,,8101987,3398,,4320680,,,5235397,
,,2845,遠東銀,,,,,1392282,6288637,,6505038,,,,540238,1.03,4,,上市,112,532863,,,,,,,,,4174209,,5566491,,4174209,,,,,,,,,,,,,,7546365,,,,5566491,,,4174209,,,4707072,
,0,2849,安泰銀,,,,,491515,2445284,,3377521,,,,1397355,0.56,4,,上市,112,149122,,,,,,,,,1101027,,1592542,,,,,,,,,,,,,,,,3175301,,,,,,,1101027,,,1250149,
,,2850,新產,,,,377238,,,,,,,,,9.22,4,,上市,112,608514,,,,,,,,2914183,,3291421,,,,,,,,,,3514711,,7986,12723662,19938669,,,3700296,,,,,,,,2914183,,,3522697
,,2851,中再保,,,,-33383,,,,,,,,,2.61,4,,上市,112,404841,,,,,,,,2089944,,2056561,,,,,,,,,,2489620,,5165,18806326,21978208,,,682262,,,,,,,,2089944,,,2494785
,,2852,第一保,,,,145694,,,,,,,,,2.11,4,,上市,112,118227,,,,,,,,636241,,781935,,,,,,,,,,755111,,-643,5105494,7394603,,,1533998,,,,,,,,636241,,,754468
,,2855,統一證,,,,,,,,,,,,,1.98,4,,上市,112,324740,,,7221061,,9542583,,18506,2889755,,2908261,,,2878951,10804,,,,,2321522,,892973,,,,,,,,3214495,,2898174,10087,2889755,,,,,
187812,,2880,華南金,,,,,,,31599499,27867948,,,,2294134,1.58,4,,上市,112,,4576885,,,,,,9413303,,21618420,31031723,,,,,,21618294,126,59467447,,,,,,,,,30790196,,,,31031554,169,21618420,,,26195305,,
920622,,2881,富邦金,,,,,,,-1218611,169017304,,,,9983327,4.80,4,,上市,112,,9401537,,,,,,195969492,,65042302,261011794,,,,,,66016737,-974435,167798693,,,,,,,,,82450905,,,,260129919,881875,65042302,,,74443839,,
139103681,,2882,國泰金,,,,,,,58542955,245629684,,,,4103185,3.24,4,,上市,112,,6955472,,,,,,154704106,,51513817,206217923,,,,,,50928865,584952,304172639,,,,,,,,,102496484,,,,205111048,1106875,51513817,,,58469289,,
-12962007,,2883,凱基金,,,,,,,-33739528,73291575,,,,361310,1.13,4,,上市,112,,1628763,,,,,,34903011,,18948119,53851130,,,,,,18942700,5419,39552047,,,,,,,,,31575862,,,,53847488,3642,18948119,,,20576882,,
,,2884,玉山金,,,,,,,37595392,29100179,,,,2681784,1.41,4,,上市,112,,4764244,,,,,,3543746,,21747767,25291513,,,,,,21726249,21518,66695571,,,,,,,,,37501776,,,,25269230,22283,21747767,,,26512011,,
14470939,,2885,元大金,,,,,,,67757803,30332080,,,,472519,2.09,4,,上市,112,,5457422,,,,,,13678215,,28528229,42206444,,,,,,26566198,1962031,98089883,,,,,,,,,49160774,,,,40462499,1743945,28528229,,,33985651,,
-2339213,,2886,兆豐金,,,,,,,41260343,36061577,,,,9114960,2.37,4,,上市,112,,3800988,,,,,,18340489,,33246977,51587466,,,,,0,33246977,0,77321920,,,,,,,,,33498208,,,0,51587466,0,33246977,,,37047965,,
17526812,,2887,台新新光金,,,,,,,39590161,30327889,,,,1768802,1.01,4,,上市,112,,3119042,,,,,,7018231,,14603877,21622108,,,,,,14601692,2185,69918050,,,,,,,,,32899517,,,,21619933,2175,14603877,,,17722919,,
,,2889,國票金,,,,,,,5821354,1272956,,,,57135,0.58,4,,上市,112,,665018,,,,,,3991686,,2486991,6478677,,,,,,2000270,486721,7094310,,,,,,,,,3885166,,,,5287382,1191295,2486991,,,3152009,,
,,2890,永豐金,,,,,,,29457382,24443630,,,,2304219,1.62,4,,上市,112,,3306504,,,,,,10432508,,19764390,30196898,,,,,,19764390,0,53901012,,,,,,,,,28525899,,,,30196898,0,19764390,,,23070894,,
-26689524,,2891,中信金,,,,,,,4510004,132066423,,,,9673667,2.82,4,,上市,112,,9360191,,,,,,35264760,,57574146,92838906,,,,,,56081479,1492667,136576427,,,,,,,,,86657947,,,,92495609,343297,57574146,,,66934337,,
2793310,,2892,第一金,,,,,,,34730187,32524945,,,,5817638,1.65,4,,上市,112,,5801255,,,,,,12439581,,22461001,34900582,,,,,,22461001,,67255132,,,,,,,,,30381928,,,,34900582,,22461001,,,28262256,,
,,2897,王道銀行,,,,,2865588,7417668,,2126277,,,,897034,0.87,4,,上市,112,602681,,,,,,,,,3426059,,6291647,,2492420,933639,,,,,,,,,,,,,4618171,,,,3683548,2608099,,3426059,,,4028740,
,,2901,欣欣,,,-213,,,,,,,,,,0.41,4,,上市,112,7446,,,,,,,,29620,,29407,,,,,,,,,,26481,,10585,20737,133318,112581,112581,86100,,37066,,,,29620,,,,,
,,2903,遠百,,,306417,,,,,,,,,,1.95,4,,上市,112,1211035,,,,,,,,3962531,,4268948,,,,,,2752303,1210228,,,5500612,,-327046,16180018,36725103,20545085,20545085,15044473,,5173566,,3055547,1213401,3962531,,,,,
,,2904,匯僑,,,-63,,,,,,,,,,0.84,4,,上市,112,15624,,,,,,,,65223,,65160,,,,,,65233,-10,,,61971,,18876,314567,441518,126951,126951,64980,,80847,,65170,-10,65223,,,,,
,,2905,三商,,15859340,,,,,,,,,,,-3.09,4,,上市,112,-3227491,,178045424,,166300752,,,,-8517181,,7342159,,,,,,-2874182,-5642999,,,,,,,,,,,,,,3075864,4266295,-8517181,,,,-11744672,
,,2906,高林,,,32771,,,,,,,,,,0.57,4,,上市,112,136598,,,,,,,,348075,,380846,,,,,,118777,229298,,,455167,,29506,5615164,8001065,2385901,2385901,1930734,,484673,,154020,226826,348075,,,,,
,,2908,特力,,,41247,,,,,,,,,,0.52,4,,上市,112,-19902,,,,,,,,280928,,322175,,,,,,257699,23229,,,470197,,-209171,26518378,35410589,8892211,8892211,8422014,,261026,,298804,23371,280928,,,,,
,,2910,統領,,,-2791,,,,,,,,,,1.17,4,0,上市,112,27501,,,,,,0,,204909,,202118,,,,,,204909,0,,,208928,,23482,284357,684079,399722,399722,190794,,232410,,202118,0,204909,,,,,
,,2911,麗嬰房,,,5839,,,,,,,,,,-3.83,4,,上市,112,8793,,,,,,,,-523307,,-517468,,,,,,-529190,5883,,,-561235,,46721,1834272,3073059,1238787,1238787,1800022,,-514514,,-529925,12457,-523307,,,,,
,,2912,統一超,,,114899,,,,,,,,,,10.21,4,,上市,112,3696228,,,,,,,,12661131,,12776030,,,,,,10613914,2047217,,,13750476,,2606883,208869628,317041854,108172226,108172226,94421750,,16357359,,10737269,2038761,12661131,,,,,
,,2913,農林,,,6589,,,,,,,,,,-0.36,4,,上市,112,-4919,,,,,,,,-287470,,-280881,,,,,,,,,,-124577,,-167812,241460,379507,138047,138047,262624,,-292389,,,,-287470,,,,,
,,2915,潤泰全,,,10567108,,,,,,,,,,7.19,4,,上市,112,90104,,,,,,,,7574805,,18141913,,,,,,7499620,75185,,,65808,,7599101,1744227,2680640,936413,936413,870605,,7664909,,18580553,-438640,7574805,,,,,
,,2923,鼎固-KY,-160743,,-971833,,,,,,,,,,0.32,4,,上市,112,3917422,,,,,,,,564999,,-406834,,,,,,565351,-352,,,5748493,,-1266072,5218896,11732608,6513712,6513712,604476,,4482421,,-405038,-1796,564999,,,,,
,,2929,淘帝-KY,,,-52635,,,,,,,,,,-0.63,4,,上市,112,43008,,,,,,,,-68208,,-120843,,,,,,-68208,,,,-3957,,-21243,1993953,2386276,392323,392323,396280,,-25200,,-120843,,-68208,,,,,
,,2939,永邑-KY,,,-1572,,,,,,,,,,-1.76,4,,上市,112,9419,,,,,,,,-80004,,-81576,,,,,,-80004,0,,,-142060,,71475,309459,403711,94252,94252,236312,,-70585,,-81576,0,-80004,,,,,
,,2945,三商家購,,,,,,,,,,,,,1.50,4,,上市,112,24359,,,,,,,,82612,,82612,,,,,0,101146,-18534,,,121266,,-14295,10402276,14041914,3639638,3639638,3518372,,106971,0,101146,-18534,82612,,,,,
,,3002,歐格,,,19187,,,,,,,,,,0.11,4,,上市,112,126,,,,,,,,5986,,25173,,,,,,11319,-5333,,,-21224,,27336,468628,599741,131113,131113,152337,,6112,,32514,-7341,5986,,,,,
,,3003,健和興,,,-20872,,,,,,,,,,3.49,4,,上市,112,220832,,,,,,,,549103,,528231,,,,,,543441,5662,,,689214,,80721,2888105,4169674,1281569,1281569,592355,,769935,,522144,6087,549103,,,,,
,,3004,豐達科,,,-9598,,,,,,,,,,5.77,4,,上市,112,47670,,,,,,,,307603,,298005,,,,,,307603,0,,,343409,,11864,2258080,3070624,812544,812544,469135,,355273,,298005,0,307603,,,,,
,,3005,神基,,,-51105,,,,,,,,,,6.17,4,,上市,112,966538,,,,,,,,3957417,,3906312,,,,,,3744542,212875,,,3966563,,957392,25057128,34792557,9735429,9735429,5768866,,4923955,,3711151,195161,3957417,,,,,
,,3006,晶豪科,,,10031,,,,,,,,,,-4.36,4,,上市,112,-19300,,,,,,,,-1208961,,-1198930,,,,,,-1222845,13884,,,-1638552,,410291,11559380,11884121,324741,324741,1963293,,-1228261,,-1212814,13884,-1208961,,,,,
,,3008,大立光,,,2170731,,,,,,,,,,134.13,4,,上市,112,4199659,,,,,,11867,,17902322,,20073053,,,,,,17902322,,,,17807413,,4294568,25036696,48842247,23805551,23793684,5986271,,22101981,,20073053,,17902322,,,,,
,,3010,華立,,,1090603,,,,,,,,,,8.96,4,,上市,112,762437,,,,,,,,2316175,,3406778,,,,,,2113717,202458,,,2501555,,577057,61256065,66782410,5526345,5526345,3024790,,3078612,,3242378,164400,2316175,,,,,
,,3011,今皓,,,-10324,,,,,,,,,,-1.17,4,,上市,112,-44598,,,,,,,,-131396,,-141720,,,,,,-131396,,,,-156265,,-19729,1007204,1150689,143485,143485,299750,,-175994,,-141720,,-131396,,,,,
,,3013,晟銘電,,,-21135,,,,,,,,,,1.29,4,,上市,112,39022,,,,,,,,253144,,232009,,,,,,253144,0,,,227614,,64552,5698434,6461562,763128,763128,535514,,292166,,232009,0,253144,,,,,
,,3014,聯陽,,,412255,,,,,,,,,,9.86,4,,上市,112,340751,,,,,,,,1587808,,2000063,,,,,,1587808,0,,,1762655,,165904,2852442,6276443,3424001,3424001,1661346,,1928559,,2000063,0,1587808,,,,,
,,3015,全漢,,,1049661,,,,,,,,,,3.20,4,,上市,112,142825,,,,,,2051,,639684,,1689345,,,,,,599238,40446,,,468813,,313696,10773503,13179581,2406078,2404027,1935214,,782509,,1649780,39565,639684,,,,,
,,3016,嘉晶,,,6597,,,,,,,,,,0.57,4,,上市,112,41576,,,,,,,,164039,,170636,,,,,,164039,,,,182969,,22646,3741029,4236502,495473,495473,312504,,205615,,170636,,164039,,,,,
,,3017,奇鋐,,,-369068,,,,,,,,,,14.11,4,,上市,112,2210618,,,,,,,,5814464,,5445396,,,,,,5304713,509751,,,7421099,,603983,46806236,59194356,12388120,12388120,4967021,,8025082,,4970146,475250,5814464,,,,,
,,3018,隆銘綠能,,,632,,,,,,,,,,-1.72,4,,上市,112,-21192,,,,,,,,-113887,,-113255,,,,,0,-113887,0,,,-125315,,-9764,575705,599882,24177,24177,149492,,-135079,,-113255,0,-113887,,,,,
,,3019,亞光,,,-115095,,,,,,,,,,2.78,4,,上市,112,232256,,,,,,,,1087584,,972489,,,,,,776955,310629,,,913648,,406192,14645356,17830192,3184836,3184836,2271188,,1319840,,684222,288267,1087584,,,,,
,,3021,鴻名,,,-12505,,,,,,,,,,1.25,4,,上市,112,58684,,,,,,,,119744,,107239,,,,,,119656,88,,,179704,,-1276,2411683,2978383,566700,566700,386996,,178428,,107151,88,119744,,,,,
,,3022,威強電,,,68701,,,,,,,,,,7.83,4,1526,上市,112,362559,,,,,,2446,,1382156,,1450857,,,,,,1382156,0,,,1155829,,588886,4772467,7577793,2805326,2804406,1648577,,1744715,,1450857,0,1382156,,,,,
,,3023,信邦,,,-145461,,,,,,,,,,13.71,4,,上市,112,826295,,,,,,,,3091892,,2946431,,,,,,3283914,-192022,,,3396863,,521324,24356555,32762285,8405730,8405730,5008867,,3918187,,3152463,-206032,3091892,,,,,
,,3024,憶聲,,,-66563,,,,,,,,,,0.39,4,,上市,112,41191,,,,,,,,108993,,42430,,,,,,108993,,,,106197,,43987,1103735,1526678,422943,422943,316746,,150184,,42430,,108993,,,,,
,,3025,星通,,,4213,,,,,,,,,,3.00,4,,上市,112,47106,,,,,,,,199659,,203872,,,,,,199659,0,,,193270,,53495,203043,649097,446054,446054,252784,,246765,,203872,0,199659,,,,,
,,3026,禾伸堂,,,-3564,,,,,,,,,,5.13,4,,上市,112,174382,,,,,,,,658460,,654896,,,,,,850500,-192040,,,711502,,121340,10948628,13240300,2291672,2291672,1580170,,832842,,840333,-185437,658460,,,,,
,,3027,盛達,0,,16696,,,,,,,,,,0.64,4,0,上市,112,22105,,,,,,0,,112253,,128949,,,,,,71148,41105,,,-2343,,136701,1429142,1828751,399609,399609,401952,,134358,,87850,41099,112253,,,,,
,,3028,增你強,,,97287,,,,,,,,,,2.03,4,,上市,112,148971,,,,,,,,455974,,553261,,,,,,455974,,,,922425,,-317480,30182703,32574018,2391315,2391315,1468890,,604945,,553261,,455974,,,,,
,,3029,零壹,,,27403,,,,,,,,,,4.50,4,,上市,112,162484,,,,,,,,700942,,728345,,,,,,691517,9425,,,791324,,72102,12277628,13920657,1643029,1643029,851705,,863426,,719115,9230,700942,,,,,
,,3030,德律,,,-19579,,,,,,,,,,4.24,4,,上市,112,253982,,,,,,,,1001254,,981675,,,,,,1001254,,,,1208346,,46890,1804486,4435101,2630615,2630615,1422269,,1255236,,981675,,1001254,,,,,
,,3031,佰鴻,,,41822,,,,,,,,,,1.05,4,,上市,112,45483,,,,,,,,178052,,219874,,,,,,181547,-3495,,,68478,,155057,826067,1132587,306520,306520,238042,,223535,,223680,-3806,178052,,,,,
,,3032,偉訓,,,-80791,,,,,,,,,,5.41,4,,上市,112,186412,,,,,,,,747506,,666715,,,,,,605857,141649,,,847840,,86078,6262020,8134733,1872713,1872713,1024873,,933918,,544051,122664,747506,,,,,
,,3033,威健,,,-17939,,,,,,,,,,1.85,4,,上市,112,260569,,,,,,,,786767,,768828,,,,,,786767,,,,1845851,,-798515,66401232,70892413,4491181,4491181,2645330,,1047336,,768828,,786767,,,,,
,,3034,聯詠,,,843972,,,,,,,,,,38.32,4,,上市,112,4913533,,,,,,,,23317509,,24161481,,,,,,23317509,0,,,26661677,,1569365,64216805,110428698,46211893,46211893,19550216,,28231042,,24161481,0,23317509,,,,,
,,3035,智原,,,583114,,,,,,,,,,6.39,4,,上市,112,509060,,,,,,,,1561284,,2144398,,,,,,1589472,-28188,,,1955760,,114584,6658432,11965574,5307142,5307142,3351382,,2070344,,2176957,-32559,1561284,,,,,
,,3036,文曄,,,10914983,,,,,,,,,,4.24,4,,上市,112,1216531,,,,,,,,3978834,,14893817,,,,,,4012142,-33308,,,8199923,,-3004558,576112549,594518813,18406264,18406264,10206341,,5195365,,14929690,-35873,3978834,,,,,
,,3037,欣興,95685,,-455654,,,,,,,,,,7.88,4,,上市,112,3349830,,,,,,,,12225102,,11769448,,,,,,11980052,245050,,,8919919,,6655013,83734548,104036151,20301603,20301603,11477369,,15574932,,11617688,151760,12225102,,,,,
,,3038,全台,4344,,118999,,,,,,,,,,2.81,4,,上市,112,86388,,,,,,,,418595,,537594,,,,,,418153,442,,,449918,,55065,3376002,4386724,1010722,1010722,565148,,504983,,560552,-22958,418595,,,,,
,,3040,遠見,,,102895,,,,,,,,,,1.02,4,,上市,112,35285,,,,,,,,64208,,167103,,,,,,64208,,,,73736,,25757,46614,158645,112031,112031,38295,,99493,,167103,,64208,,,,,
,,3041,揚智,,,-9072,,,,,,,,,,-8.75,4,,上市,112,476108,,,,,,,,-1691435,,-1700507,,,,,,-1691509,74,,,-653317,,-562010,1140555,1445754,305199,305199,958516,,-1215327,,-1700568,61,-1691435,,,,,
,,3042,晶技,,,-153718,,,,,,,,,,5.53,4,,上市,112,349544,,,,,,,,1713702,,1559984,,,,,,1713702,,,,1869021,,194225,6990395,10850402,3860007,3860007,1990986,,2063246,,1559984,,1713702,,,,,
,,3043,科風,,,-1420,,,,,,,,,,-0.12,4,,上市,112,8876,,,,,,,,-716,,-2136,,,,,,-4822,4106,,,50335,,-42175,1047283,1326941,279658,279658,229323,,8160,,-6195,4059,-716,,,,,
,,3044,健鼎,,,-765471,,,,,,,,,,11.53,4,,上市,112,2015361,,,,,,,,6061899,,5296428,,,,,,6061791,108,,,6623806,,1453454,47475521,58862104,11386583,11386583,4762777,,8077260,,5296320,108,6061899,,,,,
,,3045,台灣大,868863,,-50117,,,,,,,,,,4.33,4,,上市,112,3136360,,,,,,,,14335004,,14284887,,,,,,12274109,2060895,,,17544704,,-73340,148585572,183347825,34762253,34762253,18086412,,17471364,,12221272,2063615,14335004,,,,,
,,3046,建碁,,,-21364,,,,,,,,,,3.14,4,,上市,112,-17139,,,,,,,,228903,,207539,,,,,,232207,-3304,,,165138,,46626,5254009,5666834,412825,412825,247687,,211764,,210829,-3290,228903,,,,,
,,3047,訊舟,,,55741,,,,,,,,,,-0.15,4,,上市,112,31925,,,,,,,,-260964,,-205223,,,,,,-30958,-230006,,,-240990,,11951,3204930,4260412,1055482,1055482,1296472,,-229039,,20709,-225932,-260964,,,,,
,,3048,益登,,,-16780,,,,,,,,,,0.02,4,,上市,112,35966,,,,,,,,6126,,-10654,,,,,,6126,0,,,1513817,,-1471725,103871247,107195148,3323901,3323901,1810084,,42092,,-10654,0,6126,,,,,
,,3049,精金,,,33942,,,,,,,,,,-1.12,4,,上市,112,3601,,,,,,,,-951167,,-917225,,,,,,-899775,-51392,,,-1065640,,118074,2151502,1331826,-819676,-819676,245964,,-947566,,-865833,-51392,-951167,,,,,
,0,3050,鈺德,,,-1443,,,,,,,,,,0.50,4,0,上市,112,10676,,,,,,0,,90045,,88602,,,,,0,72497,17548,,,111489,,-10768,694108,1136435,442327,442327,330838,,100721,0,71050,17552,90045,,,,,
,,3051,力特,,,39225,,,,,,,,,,1.03,4,,上市,112,25065,,,,,,,,172532,,211757,,,,,,172532,0,,,204133,,-6536,1471481,2004664,533183,533183,329050,,197597,,211757,0,172532,,,,,
,,3052,夆典,,,-2602,,,,,,,,,,1.04,4,,上市,112,66074,,,,,,,,207176,,204574,,,,,,204792,2384,,,221679,,51571,3096150,3484066,387916,387916,166237,,273250,,202216,2358,207176,,,,,
,,3054,立萬利,,,13049,,,,,,,,,,0.06,4,,上市,112,-382,,,,,,,,5103,,18152,,,,,,5103,,,,-39783,,44504,23804,38887,15083,15083,54866,,4721,,18152,,5103,,,,,
,0,3055,蔚華科,-1559,,35021,,,,,,,,,,-0.49,4,,上市,112,10221,,,,,,,,-55232,,-20211,,,,,,-56085,853,,,-191397,,146386,1104293,1342715,238422,238422,428260,,-45011,,-21320,1109,-55232,,,,,
,,3056,富華新,,,,,,,,,,,,,0.90,4,,上市,112,105623,,,,,,,,306874,,306874,,,,,,306874,,,,350377,,62120,880962,1522239,641277,641277,290900,,412497,,306874,,306874,,,,,
,,3057,喬鼎,,,5075,,,,,,,,,,-1.55,4,,上市,112,2147,,,,,,,,-143406,,-138331,,,,,,-143198,-208,,,-122527,,-18732,382245,584522,202277,202277,324804,,-141259,,-138131,-200,-143406,,,,,
,,3058,立德,,,46164,,,,,,,,,,0.28,4,,上市,112,4948,,,,,,822,,41837,,88001,,,,,,44247,-2410,,,-67673,,114458,3222521,3771506,548985,548163,615836,,46785,,90545,-2544,41837,,,,,
,,3059,華晶科,,,-110907,,,,,,,,,,1.27,4,,上市,112,193809,,,,,,,,409898,,298991,,,,,,350988,58910,,,357983,,245724,6639209,9099248,2460039,2460039,2102056,,603707,,242570,56421,409898,,,,,
,,3060,銘異,,,-73223,,,,,,,,,,-1.57,4,,上市,112,21622,,,,,,,,-233762,,-306985,,,,,,-215646,-18116,,,-217054,,4914,2432649,2655528,222879,222879,439933,,-212140,,-288738,-18247,-233762,,,,,
,,3062,建漢,,,-1886,,,,,,,,,,-0.97,4,,上市,112,-48461,,,,,,,,-316830,,-318716,,,,,,-316830,,,,-466557,,101266,3795451,3805393,9942,9942,476499,,-365291,,-318716,,-316830,,,,,
,0,3090,日電貿,,,59027,,,,,,,,,,3.39,4,,上市,112,202387,,,,,,,,720306,,779333,,,,,,706306,14000,,,873188,,49505,9013500,10655709,1642209,1642209,769021,,922693,,765463,13870,720306,,,,,
,,3092,鴻碩,-3132,,-28610,,,,,,,,,,-1.58,4,,上市,112,-34338,,,,,,,,-165079,,-193689,,,,,,-165079,,,,-189233,,-10184,1845599,2159114,313515,313515,499616,,-199417,,-193689,,-165079,,,,,
,,3094,聯傑,,,317,,,,,,,,,,0.61,4,,上市,112,5606,,,,,,,,50744,,51061,,,,,,50744,,,,14999,,41351,78942,242572,163630,163630,148631,,56350,,51061,,50744,,,,,
,,3130,一零四,,,-1237,,,,,,,,,,13.61,4,,上市,112,98394,,,,,,,,451564,,450327,,,,,,451564,0,,,514994,,34964,305783,2329406,2023623,2023623,1508629,,549958,,450327,0,451564,,,,,
,,3135,凌航,,,,,,,,,,,,,1.30,4,,上市,112,19479,,,,,,,,78087,,78087,,,,,,,,,,106992,,-9426,3997499,4221573,224074,224074,117082,,97566,,,,78087,,,,,
,,3138,耀登,,,-9669,,,,,,,,,,4.42,4,,上市,112,63375,,,,,,,,205759,,196090,,,,,,206407,-648,,,227236,,41898,1001578,1779638,778060,778060,550824,,269134,,196738,-648,205759,,,,,
,,3149,正達,,,-1381,,,,,,,,,,-0.82,4,,上市,112,0,,,,,,,,-117836,,-119217,,,,,,-117836,,,,-199239,,81403,1796468,1859041,62573,62573,261812,,-117836,,-119217,,-117836,,,,,
,,3150,鈺寶-創,,,-48,,,,,,,,,,-0.70,4,,上市,112,-934,,,,,,,,-22507,,-22555,,,,,,,,,,-27354,,3913,116316,219393,103077,103077,130431,,-23441,,,,-22507,,,,,
,,3164,景岳,,,-12881,,,,,,,,,,0.38,4,,上市,112,5732,,,,,,,,22431,,9550,,,,,,32991,-10560,,,6988,,21175,106823,318015,211192,211192,204204,,28163,,22628,-13078,22431,,,,,
,,3167,大量,,,-36066,,,,,,,,,,0.16,4,,上市,112,6273,,,,,,,,11716,,-24350,,,,,,12822,-1106,,,-46202,,64191,965082,1292276,327194,327194,373396,,17989,,-23244,-1106,11716,,,,,
,,3168,眾福科,,,-5333,,,,,,,,,,4.02,4,2476,上市,112,83547,,,,,,0,,314501,,309168,,,,,,278863,35638,,,396709,,1339,2986378,3916245,929867,932343,535634,,398048,,272453,36715,314501,,,,,
,,3189,景碩,,,-98057,,,,,,,,,,0.11,4,,上市,112,255683,,,,,,,,1170402,,1072345,,,,,,47516,1122886,,,1042247,,383838,20074681,26832187,6757506,6757506,5715259,,1426085,,-14497,1086842,1170402,,,,,
,,3209,全科,,,12039,,,,,,,,,,2.61,4,,上市,112,153362,,,,,,,,599430,,611469,,,,,,596104,3326,,,1228488,,-475696,53713108,56018922,2305814,2305814,1077326,,752792,,608145,3324,599430,,,,,
,,3229,晟鈦,,,0,,,,,,,,,,-0.39,4,,上市,112,2243,,,,,,,,-25365,,-25365,,,,,,-25145,-220,,,-31189,,8067,878016,928137,50121,50121,81310,,-23122,,-25145,-220,-25365,,,,,
,,3231,緯創,,,736460,,,,,,,,,,4.08,4,,上市,112,6055409,,,,,,,,18265285,,19001745,,,,,,11471616,6793669,,,27390257,,-3069563,798074134,867057007,68982873,68982873,41592616,,24320694,,12138989,6862756,18265285,,,,,
,,3257,虹冠電,,,16718,,,,,,,,,,3.12,4,,上市,112,44700,,,,,,,,249410,,266128,,,,,,249410,,,,279562,,14548,560213,1073890,513677,513677,234115,,294110,,266128,,249410,,,,,
,,3266,昇陽,,,-9094,,,,,,,,,,1.94,4,,上市,112,81011,,,,,,,,644215,,635121,,,,,,683723,-39508,,,745920,,-20694,3002296,4242350,1240054,1240054,494134,,725226,,680420,-45299,644215,,,,,
,,3296,勝德,,,-18241,,,,,,,,,,-0.91,4,,上市,112,-2705,,,,,,,,-87698,,-105939,,,,,,-87698,,,,-111437,,21034,1199096,1490174,291078,291078,402515,,-90403,,-105939,,-87698,,,,,
,,3305,昇貿,,,-24042,,,,,,,,,,1.74,4,,上市,112,145295,,,,,,,,230272,,206230,,,,,,229624,648,,,384048,,-8481,5231993,6118600,886607,886607,502559,,375567,,205582,648,230272,,,,,
,-26780,3308,聯德,,,-10892,,,,,,,,,,5.94,4,,上市,112,48200,,,,,,,,416499,,405607,,,,,,416515,-16,,,40506,,450973,364523,538650,174127,174127,133621,,491479,,405623,-16,443279,,,,,
,,3311,閎暉,,,-37966,,,,,,,,,,1.75,4,,上市,112,50537,,,,,,,,119328,,81362,,,,,,119328,,,,80616,,89249,1755022,2084426,329404,329404,248788,,169865,,81362,,119328,,,,,
,,3312,弘憶股,,,-7553,,,,,,,,,,1.98,4,,上市,112,79501,,,,,,,,312807,,305254,,,,,,322385,-9578,,,408845,,-16537,14411104,15276756,865652,865652,456807,,392308,,314832,-9578,312807,,,,,
,,3321,同泰,,,-9337,,,,,,,,,,-4.01,4,,上市,112,8043,,,,,,,,-270985,,-280322,,,,,,-270985,,,,-284545,,21603,1553910,1541212,-12698,-12698,271847,,-262942,,-280322,,-270985,,,,,
,,3338,泰碩,,,-24480,,,,,,,,,,2.78,4,,上市,112,75666,,,,,,,,243294,,218814,,,,,,243294,,,,266531,,52429,3024324,3811775,787451,787451,520920,,318960,,218814,,243294,,,,,
,,3346,麗清,0,,-48799,,,,,,,,,,2.83,4,,上市,112,3134,,,,,,,,310800,,262001,,,,,,310800,,,,353974,,-40040,7250200,8473012,1222812,1222812,868838,,313934,,262001,,310800,,,,,
,,3356,奇偶,,,-973,,,,,,,,,,3.20,4,,上市,112,37244,,,,,,,,292737,,291764,,,,,,287177,5560,,,135492,,194489,660348,1264094,603746,603746,468254,,329981,,286286,5478,292737,,,,,
,,3376,新日興,,,-8072,,,,,,,,,,4.30,4,,上市,112,355766,,,,,,,,807404,,799332,,,,,,807404,,,,908884,,254286,8262923,10067747,1804824,1804824,895940,,1163170,,799332,,807404,,,,,
,,3380,明泰,,,-30139,,,,,,,,,,1.01,4,,上市,112,167530,,,,,,,,639867,,609728,,,,,,547920,91947,,,829270,,-21873,23061018,28272191,5211173,5211173,4381903,,807397,,505510,104218,639867,,,,,
,,3406,玉晶光,,,-307181,,,,,,,,,,27.25,4,,上市,112,1412527,,,,,,,,3084955,,2777774,,,,,,3072720,12235,,,4130925,,366557,13943954,21674701,7730747,7730747,3599822,,4497482,,2764382,13392,3084955,,,,,
,,3413,京鼎,,,4358,,,,,,,,,,20.48,4,,上市,112,521961,,,,,,,,1990468,,1994826,,,,,,1990468,0,,,2030033,,482396,9636790,13051357,3414567,3414567,1384534,,2512429,,1994826,0,1990468,,,,,
,,3416,融程電,,,27340,,,,,,,,,,6.62,4,,上市,112,113300,,,,,,125,,505952,,533292,,,,,,505952,,,,577976,,41276,1559529,2598533,1039004,1038879,460903,,619252,,533292,,505952,,,,,
,,3419,譁裕,-51,,-22522,,,,,,,,,,-1.00,4,,上市,112,3140,,,,,,,,-125744,,-148266,,,,,,-120065,-5679,,,-194771,,72167,1180151,1401492,221341,221341,416061,,-122604,,-142587,-5679,-125744,,,,,
,,3432,台端,,,12466,,,,,,,,,,-0.60,4,,上市,112,1970,,,,,,,,-21619,,-9153,,,,,,-21619,,,,-28335,,8686,11267,16567,5300,5300,33635,,-19649,,-9153,,-21619,,,,,
,,3437,榮創,,,63788,,,,,,,,,,-0.70,4,,上市,112,9421,,,,,,,,-147622,,-83834,,,,,,-101333,-46289,,,-165762,,27561,1590023,1972624,382601,382601,548363,,-138201,,-36556,-47278,-147622,,,,,
,,3443,創意,,,-11482,,,,,,,,,,26.18,4,,上市,112,647395,,,,,,,,3507885,,3496403,,,,,,3507885,,,,3968770,,186510,18265019,26240714,7975695,7975695,4006925,,4155280,,3496403,,3507885,,,,,
,,3447,展達,,,-9,,,,,,,,,,-0.86,4,,上市,112,20991,,,,,,,,-66060,,-66069,,,,,,-66060,,,,-90367,,45298,2638896,2868678,229782,229782,320149,,-45069,,-66069,,-66060,,,,,
,,3450,聯鈞,-7609,,-40860,,,,,,,,,,-0.52,4,,上市,112,135509,,,,,,,,131801,,90941,,,,,,-76156,207957,,,181374,,85936,4593894,5399197,805303,805303,616320,,267310,,-95027,185968,131801,,,,,
,,3481,群創,,,-1632336,,,,,,,,,,-2.01,4,,上市,112,2235599,,,,,,,,-18598730,,-20231066,,,,,,-18642539,43809,,,-18708934,,2345803,208631513,211740557,3109044,3109044,21817978,,-16363131,,-20268820,37754,-18598730,,,,,
,,3494,誠研,,,1292,,,,,,,,,,-1.52,4,,上市,112,12081,,,,,,,,-277484,,-276192,,,,,,-203990,-73494,,,-215819,,-49584,637112,675907,38795,38795,254614,,-265403,,-202698,-73494,-277484,,,,,
,,3501,維熹,,,-85254,,,,,,,,,,4.29,4,,上市,112,183634,,,,,,,,507511,,422257,,,,,,507511,,,,612640,,78505,4056348,5328786,1272438,1272438,659798,,691145,,422257,,507511,,,,,
,,3504,揚明光,,,-18440,,,,,,,,,,-2.52,4,,上市,112,-939,,,,,,,,-287747,,-306187,,,,,,-287300,-447,,,-311497,,22811,2693747,3010369,316622,316622,628119,,-288686,,-305712,-475,-287747,,,,,
,,3515,華擎,,,-3167,,,,,,,,,,7.54,4,,上市,112,240351,,,,,,,,977554,,974387,,,,,,919041,58513,,,1147171,,70734,15162327,18991845,3829518,3829518,2682347,,1217905,,915874,58513,977554,,,,,
,,3518,柏騰,,,-17494,,,,,,,,,,-0.59,4,,上市,112,62083,,,,,,,,-49915,,-67409,,,,,,-48409,-1506,,,-56575,,68743,280415,382573,102158,102158,158733,,12168,,-65271,-2138,-49915,,,,,
,,3528,安馳,,,2182,,,,,,,,,,1.65,4,,上市,112,37927,,,,,,,,109829,,112011,,,,,,,,,,378059,,-230303,5600786,6296358,695572,695572,317513,,147756,,,,109829,,,,,
,,3530,晶相光,,,-715,,,,,,,,,,-3.70,4,,上市,112,-61596,,,,,,,,-286716,,-287431,,,,,,-286716,,,,-371452,,23140,1707026,1663499,-43527,-43527,327925,,-348312,,-287431,,-286716,,,,,
,,3532,台勝科,,,-10803,,,,,,,,,,8.92,4,,上市,112,842678,,,,,,,,3458841,,3448038,,,,,,3458841,,,,4078046,,223473,9849138,14876233,5027095,5027095,949049,,4301519,,3448038,,3458841,,,,,
,0,3533,嘉澤,,,-316952,,,,,,,,,,50.65,4,,上市,112,1793447,,,,,,,,5727046,,5410094,,,,,0,5593032,134014,,,6945949,,574544,13002401,24483463,11481062,11481062,4535113,,7520493,,5145430,264664,5727046,,,,,
,,3535,晶彩科,,,-837,,,,,,,,,,-0.42,4,,上市,112,22421,,,,,,,,-33001,,-33838,,,,,,-33001,,,,-19412,,8832,242723,445675,202952,202952,222364,,-10580,,-33838,,-33001,,,,,
,,3543,州巧,,,-31736,,,,,,,,,,0.88,4,,上市,112,48140,,,,,,,,52382,,20646,,,,,,78621,-26239,,,75790,,24732,2679851,3252303,572452,572452,496662,,100522,,51316,-30670,52382,,,,,
,,3545,敦泰,,,-35314,,,,,,,,,,1.74,4,,上市,112,72702,,,,,,,,353015,,317701,,,,,,361919,-8904,,,122645,,303072,10859718,13568371,2708653,2708653,2586008,,425717,,326503,-8802,353015,,,,,
,,3550,聯穎,,,-42474,,,,,,,,,,-4.14,4,,上市,112,7669,,,,,,,,-362607,,-405081,,,,,,-362509,-98,,,-360820,,5882,3279021,3642580,363559,363559,724379,,-354938,,-404833,-248,-362607,,,,,
,,3557,嘉威,,,-22524,,,,,,,,,,4.81,4,,上市,112,115635,,,,,,,,386413,,363889,,,,,,386413,,,,512339,,-10291,2916970,4752422,1835452,1835452,1323113,,502048,,363889,,386413,,,,,
,,3563,牧德,,,-884,,,,,,,,,,8.21,4,,上市,112,93608,,,,,,,,412619,,411735,,,,,,425946,-13327,,,458214,,48013,715893,1760590,1044697,1044697,586483,,506227,,425602,-13867,412619,,,,,
,,3576,聯合再生,,,327722,,,,,,,,,,-2.39,4,,上市,112,222158,,,,,,,,-3914958,,-3587236,,,,,,-3888981,-25977,,,-2979643,,-713157,14284087,12516227,-1767860,-1767860,1211783,,-3692800,,-3566579,-20657,-3914958,,,,,
,,3583,辛耘,,,58294,,,,,,,,,,8.10,4,,上市,112,210042,,,,,,4791,,650302,,708596,,,,,,650302,,,,717722,,142622,4705858,6911981,2206123,2201332,1483610,,860344,,708596,,650302,,,,,
,,3588,通嘉,,,-6388,,,,,,,,,,0.50,4,,上市,112,-4142,,,,,,,,28864,,22476,,,,,,28864,,,,-5705,,30427,712066,1141594,429528,429528,435233,,24722,,22476,,28864,,,,,
,,3591,艾笛森,,,-26263,,,,,,,,,,0.35,4,,上市,112,4911,,,,,,,,44502,,18239,,,,,,47528,-3026,,,47793,,1620,1479712,1991061,511349,511349,463556,,49413,,21199,-2960,44502,,,,,
,,3592,瑞鼎,,,-52016,,,,,,,,,,19.02,4,,上市,112,103950,,,,,,,,1442791,,1390775,,,,,,1442791,,,,1378546,,168195,13035858,18346622,5310764,5310764,3932218,,1546741,,1390775,,1442791,,,,,
,,3593,力銘,,,416,,,,,,,,,,-0.75,4,,上市,112,-3222,,,,,,,,-69779,,-69363,,,,,,-69779,,,,-42562,,-30439,805185,879732,74547,74547,117109,,-73001,,-69363,,-69779,,,,,
,,3596,智易,,,2543,,,,,,,,,,10.98,4,,上市,112,810387,,,,,,,,2389606,,2392149,,,,,,2420569,-30963,,,3164367,,35626,43772840,51158122,7385282,7385282,4220915,,3199993,,2426327,-34178,2389606,,,,,
,,3605,宏致,,,-46476,,,,,,,,,,-1.98,4,,上市,112,-1504,,,,,,,,-268188,,-314664,,,,,,-266543,-1645,,,-330729,,61037,6734424,8486228,1751804,1751804,2082533,,-269692,,-313086,-1578,-268188,,,,,
,,3607,谷崧,,,-32598,,,,,,,,,,-0.36,4,,上市,112,94,,,,,,,,-40512,,-73110,,,,,,-44215,3703,,,-136662,,96244,2408912,2637304,228392,228392,365054,,-40418,,-76209,3099,-40512,,,,,
,,3617,碩天,,,7621,,,,,,,,,,16.58,4,,上市,112,462219,,,,,,,,1474785,,1482406,,,,,,1468530,6255,,,1814197,,122807,6138321,11731168,5592847,5592847,3778650,,1937004,,1476889,5517,1474785,,,,,
,,3622,洋華,,,621877,,,,,,,,,,3.75,4,,上市,112,-24913,,,,,,,,609554,,1231431,,,,,,567534,42020,,,356453,,228188,1040801,1638979,598178,598178,241725,,584641,,1189411,42020,609554,,,,,
,,3645,達邁,,,-2272,,,,,,,,,,-1.06,4,,上市,112,11851,,,,,,,,-153485,,-155757,,,,,,-139268,-14217,,,-126113,,-15521,1351660,1593021,241361,241361,367474,,-141634,,-141540,-14217,-153485,,,,,
,,3652,精聯,,,-548,,,,,,,,,,0.54,4,,上市,112,8788,,,,,,,,40867,,40319,,,,,,40612,255,,,28787,,20868,1514988,2242442,727454,727454,698667,,49655,,40194,125,40867,,,,,
,,3653,健策,,,51355,,,,,,,,,,16.59,4,,上市,112,533839,,,,,,,,2251706,,2303061,,,,,,2298194,-46488,,,2676962,,108583,8020245,12062664,4042419,4042419,1365457,,2785545,,2361175,-58114,2251706,,,,,
,,3661,世芯-KY,,,-19138,,,,,,,,,,45.47,4,,上市,112,877148,,,,,,,,3320516,,3301378,,,,,,3325170,-4654,,,3761272,,436392,23687225,30481576,6794351,6794351,3033079,,4197664,,3306032,-4654,3320516,,,,,
,,3665,貿聯-KY,,,109612,,,,,,,,,,14.37,4,,上市,112,1131643,,,,,,,,2310777,,2420389,,,,,,2317355,-6578,,,4237179,,-794759,38464979,51051791,12586812,12586812,8349633,,3442420,,2427077,-6688,2310777,,,,,
,,3669,圓展,,,289515,,,,,,,,,,2.69,4,,上市,112,8733,,,,,,,,249966,,539481,,,,,,249966,,,,105947,,152752,1070614,2484796,1414182,1414182,1308235,,258699,,539481,,249966,,,,,
,,3673,TPK-KY,,,-405269,,,,,,,,,,0.51,4,,上市,112,366755,,,,,,,,226086,,-179183,,,,,,208390,17696,,,4783,,588058,66630943,69861231,3230288,3230288,3225505,,592841,,-199725,20542,226086,,,,,
,,3679,新至陞,,,-62748,,,,,,,,,,7.77,4,,上市,112,183704,,,,,,,,487097,,424349,,,,,,487097,,,,471260,,199541,2592872,3508729,915857,915857,444597,,670801,,424349,,487097,,,,,
,,3686,達能,,,,,,,,,,,,,-0.38,4,,上市,112,0,,,,,,,,-29354,,-29354,,,,,,-29354,,,,-40572,,11218,41750,40973,-777,-777,39795,,-29354,,-29354,,-29354,,,,,
,,3694,海華,,,-19624,,,,,,,,,,2.18,4,,上市,112,4142,,,,,,,,333439,,313815,,,,,,333439,,,,314310,,23271,8265853,9531300,1265447,1265447,951137,,337581,,313815,,333439,,,,,
,,3701,大眾控,,,-97840,,,,,,,,,,1.49,4,,上市,112,154142,,,,,,,,626727,,528887,,,,,,332140,294587,,,653876,,126993,11227876,13283396,2055520,2055520,1401644,,780869,,284429,244458,626727,,,,,
,,3702,大聯大,,,1891529,,,,,,,,,,4.59,4,,上市,112,2084471,,,,,,,,8197737,,10089266,,,,,,8109407,88330,,,10394708,,-112500,646502451,671888131,25385680,25385680,14990972,,10282208,,10009282,79984,8197737,,,,,
,,3703,欣陸,,,1386449,,,,,,,,,,2.09,4,,上市,112,379875,,,,,,,,1330395,,2716844,,,,,,1716736,-386341,,,2172599,,-462329,26330971,30606844,4275873,4275873,2103274,,1710270,,3087253,-370409,1330395,,,,,
,,3704,合勤控,,,6362,,,,,,,,,,3.38,4,,上市,112,201098,,,,,,,,1355592,,1361954,,,,,,1341161,14431,,,1289242,,267448,23700843,30379982,6679139,6679139,5389897,,1556690,,1346587,15367,1355592,,,,,
,,3705,永信,,,-31142,,,,,,,,,,3.11,4,,上市,112,266314,,,,,,,,871171,,840029,,,,,,827304,43867,,,929613,,207872,4050624,7027937,2977313,2977313,2047700,,1137485,,796455,43574,871171,,,,,
,,3706,神達,,,172013,,,,,,,,,,1.48,4,,上市,112,213815,,,,,,,,1787445,,1959458,,,,,,1783630,3815,,,67705,,1933555,31046205,35536013,4489808,4489808,4422103,,2001260,,1955763,3695,1787445,,,,,
,,3708,上緯投控,,,-93951,,,,,,,,,,12.88,4,,上市,112,166109,,,,,,,,1281998,,1188047,,,,,,1256499,25499,,,230108,,1217999,5960308,7294813,1334505,1334505,1104397,,1448107,,1186181,1866,1281998,,,,,
,,3711,日月光投控,,,854565,,,,,,,,,,7.39,4,,上市,112,9042952,,,,,,,,33557397,,34411962,,,,,,31725403,1831994,,,40327707,,2272642,490157339,581914471,91757132,91757132,51429425,,42600349,,32693288,1718674,33557397,,,,,
,,3712,永崴投控,118111,,209144,,,,,,,,,,2.31,4,,上市,112,208132,,,,,,,,893879,,1103023,,,,,,567916,325963,,,1016909,,85102,15145984,17423002,2277018,2277018,1378220,,1102011,,850051,252972,893879,,,,,
,,3714,富采,30306,,-269770,,,,,,,,,,-9.02,4,-26,上市,112,-62267,,,,,,-13,,-7322732,,-7592502,,,,,,-6782678,-540054,,,-4001278,,-3383721,21137938,22305680,1167742,1167729,5199313,,-7384999,,-7036568,-555934,-7322732,,,,,
,,3715,定穎投控,,,-67213,,,,,,,,,,3.61,4,,上市,112,434870,,,,,,,,1030653,,963440,,,,,,1003398,27255,,,1641266,,-175743,11928381,15713954,3785573,3785573,2144307,,1465523,,937687,25753,1030653,,,,,
,,4104,佳醫,,,319075,,,,,,,,,,4.80,4,95283,上市,112,221230,,,,,,89431,,922850,,1241925,,,,,,746605,176245,,,702880,,441200,6563688,8233404,1669716,1675568,972688,,1144080,,944765,297160,922850,,,,,
,,4106,雃博,,,46074,,,,,,,,,,1.51,4,,上市,112,56841,,,,,,,,153012,,199086,,,,,,152172,840,,,194219,,15634,1508805,2647122,1138317,1138317,944098,,209853,,200491,-1405,153012,,,,,
,,4108,懷特,,,65211,,,,,,,,,,-0.24,4,,上市,112,0,,,,,,,,-74147,,-8936,,,,,,-47117,-27030,,,-121677,,47530,94846,162489,67643,67643,189320,,-74147,,18536,-27472,-74147,,,,,
,,4119,旭富,,,202026,,,,,,,,,,2.70,4,,上市,112,69469,,,,,,,,294721,,496747,,,,,,294721,,,,160300,,203890,853836,1204159,350323,350323,190023,,364190,,496747,,294721,,,,,
,,4133,亞諾法,,,-910,,,,,,,,,,0.72,4,,上市,112,4839,,,,,,,,43678,,42768,,,,,,43678,,,,47194,,1323,208137,382052,173915,173915,126721,,48517,,42768,,43678,,,,,
,,4137,麗豐-KY,,,-94535,,,,,,,,,,13.03,4,,上市,112,411863,,,,,,,,1033554,,939019,,,,,,1033554,,,,1197889,,247528,748113,4534771,3786658,3786658,2588769,,1445417,,939019,,1033554,,,,,
,,4142,國光生,,,5596,,,,,,,,,,-1.52,4,,上市,112,0,,,,,,,,-769979,,-764383,,,,,,-639891,-130088,,,-722747,,-47232,1374159,1785094,410935,410935,1133682,,-769979,,-635618,-128765,-769979,,,,,
,,4148,全宇生技-KY,,,-109478,,,,,,,,,,2.18,4,,上市,112,68321,,,,,,,,189309,,79831,,,,,,139361,49948,,,189895,,67735,2238608,2826587,587979,587979,398084,,257630,,49452,30379,189309,,,,,
,,4155,訊映,,,-18990,,,,,,,,,,0.02,4,13720,上市,112,9620,,,,,,6293,,-1594,,-20584,,,,,,2948,-4542,,,-12062,,20088,995101,1191985,196884,204311,216373,,8026,,-16042,-4542,-1594,,,,,
,,4164,承業醫,,,1692,,,,,,,,,,2.55,4,,上市,112,134192,,,,,,,,425238,,426930,,,,,,418866,6372,,,613476,,-54046,2808977,3877137,1068160,1068160,454684,,559430,,420625,6305,425238,,,,,
,,4169,泰宗,,,-537,,,,,,,,,,0.35,4,,上市,112,3458,,,,,,,,18574,,18037,,,,,,18574,,,,22329,,-297,489451,969619,480168,480168,457839,,22032,,18037,,18574,,,,,
,0,4178,永笙-KY,,,-35773,,,,,,,,,,-2.21,4,,上市,112,-11831,,,,,,,,-319762,,-355535,,,,,,-319762,0,,,-245415,,-86178,257087,362777,105690,105690,351105,,-331593,,-355535,0,-319762,,,,,
,,4190,佐登-KY,160,,-44696,,,,,,,,,,0.00,4,,上市,112,44870,,,,,,,,-258,,-44954,,,,,,-258,,,,30690,,13922,963594,2975720,2012126,2012126,1981596,,44612,,-44954,,-258,,,,,
,,4195,基米-創,,,-347,,,,,,,,,,-2.36,4,,上市,112,125,,,,,,,,-168066,,-168413,,,,,,-168066,,,,-81901,,-86040,276232,429138,152906,152906,234807,,-167941,,-168413,,-168066,,,,,
,0,4306,炎洲,,,363361,,,,,,,,,,1.30,4,,上市,112,139847,,,,,,,,855538,,1218899,,,,,,801205,54333,,,672526,,322859,11045427,13223736,2178309,2178309,1505783,,995385,,1171180,47719,855538,,,,,
,,4414,如興,,,49470,,,,,,,,,,-0.66,4,,上市,112,-6608,,,,,,,,-557653,,-508183,,,,,,-548618,-9035,,,-205635,,-358626,11299094,13517416,2218322,2218322,2423957,,-564261,,-511046,2863,-557653,,,,,
,,4426,利勤,,,2715,,,,,,,,,,-0.24,4,,上市,112,-863,,,,,,,,-41948,,-39233,,,,,,-41804,-144,,,-22028,,-20783,1059891,1292108,232217,232217,254245,,-42811,,-39089,-144,-41948,,,,,
,,4438,廣越,,,-93249,,,,,,,,,,7.10,4,,上市,112,286219,,,,,,,,904396,,811147,,,,,,734190,170206,,,921446,,269169,14066818,16552812,2485994,2485994,1564548,,1190615,,644104,167043,904396,,,,,
,,4439,冠星-KY,,,-37167,,,,,,,,,,10.82,4,,上市,112,115454,,,,,,,,408198,,371031,,,,,,408198,,,,499160,,24492,3948097,5187113,1239016,1239016,739856,,523652,,371031,,408198,,,,,
,,4440,宜新實業,0,,223,,,,,,,,,,0.67,4,,上市,112,7117,,,,,,,,45274,,45497,,,,,,,,,,31813,,20578,905225,994301,89076,89076,57263,,52391,,,,45274,,,,,
,,4441,振大環球,,,-6796,,,,,,,,,,12.33,4,,上市,112,248024,,,,,,,,740011,,733215,,,,,,741588,-1577,,,813557,,174478,3971592,5246728,1275136,1275136,461579,,988035,,734940,-1725,740011,,,,,
,,4526,東台,,,-742,,,,,,,,,,0.20,4,,上市,112,-28351,,,,,,,,121487,,120745,,,,,,50131,71356,,,-156307,,249443,6066156,7620510,1554354,1554354,1710661,,93136,,49634,71111,121487,,,,,
,,4532,瑞智,,,-172988,,,,,,,,,,1.50,4,,上市,112,317019,,,,,,,,801018,,628030,,,,,,750972,50046,,,931202,,186835,14353857,16859695,2505838,2505838,1574636,,1118037,,585812,42218,801018,,,,,
,,4536,拓凱,,,-46670,,,,,,,,,,15.58,4,,上市,112,513321,,,,,,,,1483435,,1436765,,,,,,1415377,68058,,,1703141,,293615,6235759,9266547,3030788,3030788,1327647,,1996756,,1372722,64043,1483435,,,,,
,,4540,全球傳動,,,-2611,,,,,,,,,,-1.09,4,,上市,112,-44183,,,,,,,,-103612,,-106223,,,,,,-103612,,,,-70892,,-76903,2153100,2571194,418094,418094,488986,,-147795,,-106223,,-103612,,,,,
,,4545,銘鈺,,,-2614,,,,,,,,,,1.08,4,,上市,112,34854,,,,,,,,83065,,80451,,,,,,83065,,,,87533,,30386,1692541,2075139,382598,382598,295065,,117919,,80451,,83065,,,,,
,,4551,智伸科,,,-82391,,,,,,,,,,4.47,4,,上市,112,193740,,,,,,,,515540,,433149,,,,,,515540,,,,721504,,-12224,5573913,7121824,1547911,1547911,826407,,709280,,433149,,515540,,,,,
,,4552,力達-KY,,,-111591,,,,,,,,,,3.46,4,,上市,112,212849,,,,,,,,401675,,290084,,,,,,401675,,,,609614,,4910,3930150,5045537,1115387,1115387,505773,,614524,,290084,,401675,,,,,
,,4555,氣立,,,-37519,,,,,,,,,,-0.51,4,,上市,112,7866,,,,,,,,-33673,,-71192,,,,,,-34955,1282,,,-21109,,-4698,1004354,1377230,372876,372876,393985,,-25807,,-70829,-363,-33673,,,,,
,,4557,永新-KY,,,-65365,,,,,,,,,,9.02,4,,上市,112,88940,,,,,,,,389667,,324302,,,,,,378703,10964,,,481796,,-3189,2227816,3234167,1006351,1006351,524555,,478607,,316702,7600,389667,,,,,
,,4560,強信-KY,,,-31564,,,,,,,,,,1.06,4,,上市,112,7146,,,,,,,,72104,,40540,,,,,,72104,,,,61780,,17470,852486,1239857,387371,387371,325591,,79250,,40540,,72104,,,,,
,,4562,穎漢,678,,13045,,,,,,,,,,-0.92,4,,上市,112,3038,,,,,,,,-85841,,-72796,,,,,,-80842,-4999,,,-62664,,-20139,490600,742197,251597,251597,314939,,-82803,,-67840,-4956,-85841,,,,,
,,4564,元翎,,,-138,,,,,,,,,,-1.87,4,,上市,112,-45351,,,,,,,,-371062,,-371200,,,,,,-371062,,,,-337817,,-78596,1406299,1304718,-101581,-101581,236236,,-416413,,-371200,,-371062,,,,,
,,4566,時碩工業,,,-32089,,,,,,,,,,3.04,4,,上市,112,43171,,,,,,,,262253,,230164,,,,,,262253,0,,,220583,,84841,3277842,4208458,930616,930616,710033,,305424,,230164,0,262253,,,,,
,,4569,六方科-KY,,,11538,,,,,,,,,,3.26,4,,上市,112,1783,,,,,,,,94620,,106158,,,,,,94620,,,,58467,,37936,983841,1216208,232367,232367,173900,,96403,,106158,,94620,,,,,
,,4571,鈞興-KY,,,-55399,,,,,,,,,,5.18,4,,上市,112,84485,,,,,,,,273899,,218500,,,,,,273899,,,,280087,,78297,1682452,2348849,666397,666397,386310,,358384,,218500,,273899,,,,,
,,4572,駐龍,,,,,,,,,,,,,6.21,4,,上市,112,71635,,,,,,,,242030,,242030,,,,,,242030,,,,288016,,25649,435026,832658,397632,397632,109616,,313665,,242030,,242030,,,,,
,,4576,大銀微系統,,,-5322,,,,,,,,,,0.04,4,,上市,112,4015,,,,,,,,39279,,33957,,,,,,5101,34178,,,26082,,17212,1501768,2170200,668432,668432,642350,,43294,,6147,27810,39279,,,,,
,,4581,光隆精密-KY,,,-14060,,,,,,,,,,6.00,4,,上市,112,47206,,,,,,,,203267,,189207,,,,,,203306,-39,,,220586,,29887,807823,1197391,389568,389568,168982,,250473,,189313,-106,203267,,,,,
,,4582,聚恆-創,,,,,,,,,,,,,0.25,4,12884,上市,112,-8331,,,,,,13559,,15830,,15830,,,,,,16472,-642,,,-35418,,42917,1587947,1748702,160755,160080,195498,,7499,,16472,-642,15830,,,,,
,,4583,台灣精銳,,,,,,,,,,,,,10.89,4,,上市,112,219383,,,,,,,,873157,,873157,,,,,,873157,,,,905765,,186775,1195994,2686956,1490962,1490962,585197,,1092540,,873157,,873157,,,,,
,,4585,達明,,,-240,,,,,,,,,,0.12,4,,上市,112,220,,,,,,,,11182,,10942,,,,,,11182,,,,-40011,,51413,676206,1260013,583807,583807,623818,,11402,,10942,,11182,,,,,
,,4588,玖鼎電力,,,,,,,,,,,,,4.03,4,,上市,112,39147,,,,,,,,156763,,156763,,,,,,,,,,207016,,-11106,725880,1036959,311079,311079,104063,,195910,,,,156763,,,,,
,,4590,富田-創,,,-120,,,,,,,,,,-3.75,4,,上市,112,-52761,,,,,,,,-173873,,-173993,,,,,,,,,,-233040,,6406,2667502,2863457,195955,195955,428995,,-226634,,,,-173873,,,,,
,,4720,德淵,,,2531,,,,,,,,,,0.74,4,,上市,112,48736,,,,,,50,,61552,,64083,,,,,,76466,-14914,,,30190,,80098,2653870,3310758,656888,656838,626648,,110288,,73610,-9527,61552,,,,,
,,4722,國精化,,,-3447,,,,,,,,,,1.67,4,,上市,112,45824,,,,,,,,167026,,163579,,,,,,167026,,,,165901,,46949,2927080,3454793,527713,527713,361812,,212850,,163579,,167026,,,,,
,,4736,泰博,,,21569,,,,,,,,,,10.67,4,,上市,112,274928,,,,,,,,1052902,,1074471,,,,,,1017371,35531,,,967957,,359873,2734189,4806830,2072641,2072641,1104684,,1327830,,1025700,48771,1052902,,,,,
,,4737,華廣,,,19585,,,,,,,,,,0.10,4,,上市,112,-38406,,,,,,,,6531,,26116,,,,,,6209,322,,,-13339,,-18536,1039917,1755567,715650,715650,728989,,-31875,,26047,69,6531,,,,,
,,4739,康普,,,-6709,,,,,,,,,,-0.93,4,,上市,112,9474,,,,,,,,-74426,,-81135,,,,,,-100229,25803,,,-93485,,28533,5055610,5231731,176121,176121,269606,,-64952,,-115522,34387,-74426,,,,,
,,4746,台耀,,,345,,,,,,,,,,1.05,4,,上市,112,194650,,,,,,,,-52259,,-51914,,,,,,126243,-178502,,,674975,,-532584,2437119,4360448,1923329,1923329,1248354,,142391,,132982,-184896,-52259,,,,,
,,4755,三福化,,,-27874,,,,,,,,,,4.41,4,,上市,112,137346,,,,,,,,443964,,416090,,,,,,444458,-494,,,557917,,23393,3968584,4990961,1022377,1022377,464460,,581310,,416342,-252,443964,,,,,
,,4763,材料*-KY,,,-137103,,,,,,,,,,62.52,4,,上市,112,913179,,,,,,,,5222835,,5085732,,,,,,5175744,47091,,,6048563,,87451,4136950,11025642,6888692,6888692,840129,,6136014,,5036208,49524,5222835,,,,,
,,4764,雙鍵,,,-45070,,,,,,,,,,-1.00,4,,上市,112,-3948,,,,,,,,-85050,,-130120,,,,,,-85907,857,,,-113974,,24976,1970897,2227080,256183,256183,370157,,-88998,,-131059,939,-85050,,,,,
,,4766,南寶,,,-2623573,,,,,,,,,,20.14,4,,上市,112,827329,,,,,,,,2566432,,-57141,,,,,,2428215,138217,,,2964382,,429379,14090728,20581188,6490460,6490460,3526078,,3393761,,-178663,121522,2566432,,,,,
,,4770,上品,,,-47993,,,,,,,,,,21.22,4,,上市,112,397871,,,,,,,,1683253,,1635260,,,,,,1683253,,,,2002947,,78177,3048357,5692353,2643996,2643996,641049,,2081124,,1635260,,1683253,,,,,
,,4771,望隼,,,-19598,,,,,,,,,,10.77,4,,上市,112,178772,,,,,,,,655730,,636132,,,,,,562282,93448,,,832016,,2486,1546863,2572202,1025339,1025339,193323,,834502,,549068,87064,655730,,,,,
,,4807,日成-KY,,,4460,,,,,,,,,,-4.12,4,,上市,112,-51819,,,,,,,,-162920,,-158460,,,,,,-158144,-4776,,,-223107,,8368,1105640,1148730,43090,43090,266197,,-214739,,-154429,-4031,-162920,,,,,
,,4904,遠傳,827426,,-816997,,,,,,,,,,3.42,4,,上市,112,2529564,,,,,,,,11293192,,10476195,,,,,,11185918,107274,,,14056529,,-233773,65060442,93690417,28629975,28629975,15400872,,13822756,,10370364,105831,11293192,,,,,
,,4906,正文,,,-611436,,,,,,,,,,1.55,4,,上市,112,243123,,,,,,,,545545,,-65891,,,,,,609150,-63605,,,463625,,325043,23365192,26136349,2771157,2771157,2307532,,788668,,-2286,-63605,545545,,,,,
,,4912,聯德控股-KY,,,-49154,,,,,,,,,,4.18,4,,上市,112,25071,,,,,,,,274499,,225345,,,,,,260095,14404,,,328523,,-28953,3448732,4664224,1215492,1215492,886969,,299570,,215025,10320,274499,,,,,
,,4915,致伸,,,-288924,,,,,,,,,,5.50,4,,上市,112,632883,,,,,,,,2633489,,2344565,,,,,,2485289,148200,,,2742983,,523389,50907102,60488402,9581300,9581300,6838317,,3266372,,2220824,123741,2633489,,,,,
,,4916,事欣科,,,9701,,,,,,,,,,0.87,4,,上市,112,60351,,,,,,,,80320,,90021,,,,,,80320,,,,157108,,-16437,2935555,3414371,478816,478816,321708,,140671,,90021,,80320,,,,,
,,4919,新唐,,,-440774,,,,,,,,,,5.77,4,,上市,112,306170,,,,,,,,2420434,,1979660,,,,,,2420434,,,,1690183,,1036421,21005496,35348149,14342653,14342653,12652470,,2726604,,1979660,,2420434,,,,,
,,4927,泰鼎-KY,,,83202,,,,,,,,,,-4.20,4,,上市,112,-5655,,,,,,,,-799952,,-716750,,,,,,-796944,-3008,,,-604502,,-201105,11599833,12628251,1028418,1028418,1632920,,-805607,,-714078,-2672,-799952,,,,,
,,4930,燦星網,,,-96967,,,,,,,,,,3.61,4,,上市,112,187009,,,,,,,,604487,,507520,,,,,,288804,315683,,,434233,,357263,5620497,6904816,1284319,1284319,850086,,791496,,240709,266811,604487,,,,,
,,4934,太極,-147740,,-32178,,,,,,,,,,-0.13,4,,上市,112,-188,,,,,,,,-190348,,-222526,,,,,,-28577,-161771,,,-285812,,95276,1894212,2145122,250910,250910,388982,,-190536,,-60755,-161771,-190348,,,,,
,,4935,茂林-KY,,,-46706,,,,,,,,,,2.57,4,,上市,112,74176,,,,,,,,331402,,284696,,,,,,331402,,,,183727,,221851,5058661,5939876,881215,881215,697488,,405578,,284696,,331402,,,,,
,,4938,和碩,,,505275,,,,,,,,,,5.90,4,,上市,112,6894460,,,,,,,,17412793,,17918068,,,,,,15712958,1699835,,,14752658,,9554595,1210677036,1256783394,46106358,46106358,31353700,,24307253,,16252473,1665595,17412793,,,,,
,,4942,嘉彰,,,-80037,,,,,,,,,,4.32,4,,上市,112,317516,,,,,,,,612787,,532750,,,,,,615032,-2245,,,739159,,191144,4598033,6074468,1476435,1476435,737276,,930303,,534995,-2245,612787,,,,,
,,4943,康控-KY,,,-38153,,,,,,,,,,-2.84,4,,上市,112,4351,,,,,,,,-247565,,-285718,,,,,,-248085,520,,,-414074,,170860,1712283,1683814,-28469,-28469,385605,,-243214,,-286922,1204,-247565,,,,,
,,4949,有成精密,,,1876,,,,,,,,,,3.20,4,,上市,112,76711,,,,,,,,194296,,196172,,,,,,194296,,,,265104,,5903,3478880,4502252,1023372,1023372,758268,,271007,,196172,,194296,,,,,
,,4952,凌通,-143,,-9883,,,,,,,,,,1.54,4,,上市,112,18692,,,,,,,,167985,,158102,,,,,,167985,,,,167670,,19007,1344777,2167031,822254,822254,654441,,186677,,158102,,167985,,,,,
,,4956,光鋐,124,,-250,,,,,,,,,,-1.38,4,,上市,112,-28781,,,,,,,,-138752,,-139002,,,,,,-138752,,,,-171537,,4004,1113727,1132459,18732,18732,190393,,-167533,,-139002,,-138752,,,,,
,,4958,臻鼎-KY,,,-1253016,,,,,,,,,,6.55,4,,上市,112,616065,,,,,,,,9431853,,8178837,,,,,,6188729,3243124,,,9159684,,888234,123938549,151398038,27459489,27459489,18299805,,10047918,,3951563,4227274,9431853,,,,,
,,4960,誠美材,,,-44278,,,,,,,,,,-0.99,4,,上市,112,-64388,,,,,,,,-580957,,-625235,,,,,,-580957,,,,-532555,,-112790,8872651,9237663,365012,365012,897567,,-645345,,-625235,,-580957,,,,,
,,4961,天鈺,,,-159661,,,,,,,,,,13.29,4,,上市,112,434562,,,,,,,,2367199,,2207538,,,,,,2150213,216986,,,2346045,,455716,11004044,16286520,5282476,5282476,2936431,,2801761,,2151994,55544,2367199,,,,,
,,4967,十銓,,,-4049,,,,,,,,,,3.38,4,,上市,112,62094,,,,,,,,236842,,232793,,,,,,236842,,,,308964,,-10028,15269251,16566276,1297025,1297025,988061,,298936,,232793,,236842,,,,,
,,4968,立積,,,-1086,,,,,,,,,,-2.46,4,,上市,112,-55842,,,,,,,,-222289,,-223375,,,,,,-222289,,,,-297479,,19348,2182491,2984581,802090,802090,1099569,,-278131,,-223375,,-222289,,,,,
,,4976,佳凌,,,,,,,,,,,,,-1.91,4,,上市,112,0,,,,,,,,-261735,,-261735,,,,,,,,,,-290047,,28312,1051809,923304,-128505,-128505,161542,,-261735,,,,-261735,,,,,
,,4977,眾達-KY,-4326,,-10315,,,,,,,,,,4.26,4,,上市,112,-3318,,,,,,,,329452,,319137,,,,,,340815,-11363,,,175397,,150737,1362837,1743252,380415,380415,200692,,326134,,332126,-12989,329452,,,,,
,,4989,榮科,,,24646,,,,,,,,,,-0.97,4,,上市,112,-32726,,,,,,,,-133765,,-109119,,,,,,-133765,,,,-181511,,15020,3598751,3557969,-40782,-40782,140729,,-166491,,-109119,,-133765,,,,,
,,4994,傳奇,,,144,,,,,,,,,,1.69,4,,上市,112,7030,,,,,,,,156081,,156225,,,,,,156081,,,,137865,,25246,683897,1623649,939752,939752,801887,,163111,,156225,,156081,,,,,
,,4999,鑫禾,,,-18907,,,,,,,,,,0.05,4,,上市,112,27838,,,,,,,,3813,,-15094,,,,,,3813,,,,-22632,,54283,1595435,1908535,313100,313100,335732,,31651,,-15094,,3813,,,,,
,,5007,三星,,,-13400,,,,,,,,,,3.38,4,,上市,112,265622,,,,,,,,1015075,,1001675,,,,,,997082,17993,,,1186229,,94468,5007394,6644926,1637532,1637532,451303,,1280697,,991837,9838,1015075,,,,,
,,5203,訊連,,,-17381,,,,,,,,,,2.81,4,,上市,112,83842,,,,,,,,222036,,204655,,,,,,222036,,,,150115,,155763,269416,1865022,1595606,1595606,1445491,,305878,,204655,,222036,,,,,
,,5215,科嘉-KY,-27986,,-50210,,,,,,,,,,2.75,4,,上市,112,142960,,,,,,,,183685,,133475,,,,,,176890,6795,,,232949,,93696,1842721,2522854,680133,680133,419198,,326645,,128898,4577,183685,,,,,
,,5222,全訊,,,-5371,,,,,,,,,,5.88,4,,上市,112,94705,,,,,,,,436535,,431164,,,,,,,,,,465707,,65533,554943,1250809,695866,695866,230159,,531240,,,,436535,,,,,
,,5225,東科-KY,,,-20854,,,,,,,,,,8.02,4,,上市,112,14448,,,,,,,,533310,,512456,,,,,,533310,,,,571801,,-24043,8987270,10640520,1653250,1653250,1081449,,547758,,512456,,533310,,,,,
,,5234,達興材料,,,1310,,,,,,,,,,5.10,4,,上市,112,82095,,,,,,,,523354,,524664,,,,,,523354,,,,610788,,-5339,2785030,4264121,1479091,1479091,868303,,605449,,524664,,523354,,,,,
,,5236,凌陽創新,-10,,9347,,,,,,,,,,7.36,4,,上市,112,77343,,,,,,,,427789,,437136,,,,,,,,,,474251,,30881,633607,1650050,1016443,1016443,542182,,505132,,,,427789,,,,,
,,5243,乙盛-KY,,,166564,,,,,,,,,,3.55,4,,上市,112,309343,,,,,,,,597466,,764030,,,,,,597466,,,,864472,,42337,9269382,11562007,2292625,2292625,1428153,,906809,,764030,,597466,,,,,
,,5244,弘凱,,,-18448,,,,,,,,,,2.40,4,,上市,112,31348,,,,,,,,162727,,144279,,,,,,162727,,,,168046,,26029,472015,881494,409479,409479,241433,,194075,,144279,,162727,,,,,
,,5258,虹堡,,,5850,,,,,,,,,,8.65,4,,上市,112,292012,,,,,,,,931494,,937344,,,,,,899199,32295,,,1156341,,67165,5363177,8045038,2681861,2681861,1525520,,1223506,,906439,30905,931494,,,,,
,,5269,祥碩,,,2248840,,,,,,,,,,32.19,4,22268,上市,112,340487,,,,,,11665,,2228182,,4477022,,,,,,,,,,1822590,,746079,2877606,6401267,3523661,3534264,1711674,,2568669,,,,2228182,,,,,
,,5283,禾聯碩,,,2128,,,,,,,,,,7.78,4,0,上市,112,135757,,,,,,0,,568055,,570183,,,,,,568055,0,,,608491,,95321,4116360,6192134,2075774,2075774,1467283,,703812,,570183,0,568055,,,,,
,,5284,jpp-KY,,,22753,,,,,,,,,,8.33,4,,上市,112,50182,,,,,,,,398855,,421608,,,,,,399401,-546,,,487268,,-38231,1371524,2249333,877809,877809,390541,,449037,,421254,354,398855,,,,,
,,5285,界霖,,,-68106,,,,,,,,,,1.75,4,,上市,112,97225,,,,,,,,178637,,110531,,,,,,178637,,,,225818,,50044,4414381,5131552,717171,717171,491353,,275862,,110531,,178637,,,,,
,,5288,豐祥-KY,,,-56947,,,,,,,,,,15.60,4,0,上市,112,223562,,,,,,6,,1031525,,974578,,,,,,1032845,-1320,,,1080015,,175072,5744734,7267327,1522593,1522587,442572,,1255087,,976048,-1470,1031525,,,,,
,,5292,華懋,,,-2712,,,,,,,,,,9.75,4,,上市,112,88052,,,,,,,,305145,,302433,,,,,,305145,,,,356394,,36803,1572595,2090028,517433,517433,161039,,393197,,302433,,305145,,,,,
,,5306,桂盟,-1138,,-96433,,,,,,,,,,5.89,4,,上市,112,277244,,,,,,,,741762,,645329,,,,,,741843,-81,,,929670,,89336,2889384,4730461,1841077,1841077,910269,,1019006,,645405,-76,741762,,,,,
,,5388,中磊,,,-85109,,,,,,,,,,9.17,4,,上市,112,599242,,,,,,,,2388791,,2303682,,,,,,2386305,2486,,,3113514,,-125481,52322193,62584493,10262300,10262300,7148786,,2988033,,2301266,2416,2388791,,,,,
,,5434,崇越,,,-10339,,,,,,,,,,15.36,4,,上市,112,1027554,,,,,,12022,,2852914,,2842575,,,,,,2835024,17890,,,3198199,,682269,42854655,49273455,6418800,6406778,3208579,,3880468,,2824626,17949,2852914,,,,,
,0,5469,瀚宇博,,,2062642,,,,,,,,,,5.07,4,,上市,112,2463126,,,,,,,,4536051,,6598693,,,,,,2679653,1856398,,,6919411,,79766,32243956,42975757,10731801,10731801,3812390,,6999177,,4404485,2194208,4536051,,,,,
,,5471,松翰,,,193694,,,,,,,,,,1.11,4,,上市,112,15281,,,,,,,,185882,,379576,,,,,,185882,,,,157929,,43234,1519667,2609937,1090270,1090270,932341,,201163,,379576,,185882,,,,,
,,5484,慧友,,,4788,,,,,,,,,,-0.73,4,,上市,112,17753,,,,,,,,-48977,,-44189,,,,,,-48977,,,,-71149,,39925,289701,369555,79854,79854,151003,,-31224,,-44189,,-48977,,,,,
,,5515,建國,,,22393,,,,,,,,,,1.34,4,,上市,112,56930,,,,,,,,338513,,360906,,,,,,338513,,,,57541,,337902,3797123,4186359,389236,389236,331695,,395443,,360906,,338513,,,,,
,,5519,隆大,,,-2845,,,,,,,,,,3.69,4,,上市,112,167433,,,,,,,,808367,,805522,,,,,,808367,,,,964431,,11369,2978114,4365571,1387457,1387457,423026,,975800,,805522,,808367,,,,,
,,5521,工信,,,48386,,,,,,,,,,0.14,4,,上市,112,2990,,,,,,,,67324,,115710,,,,,,67324,,,,44688,,25626,5028658,5346121,317463,317463,272775,,70314,,115710,,67324,,,,,
,,5522,遠雄,34878,,-20620,,,,,,,,,,4.76,4,4587,上市,112,1065695,,,,,,,,3717627,,3697007,,,,,,3717627,,,,4698249,,85073,15268936,21843378,6574442,6579029,1915658,,4783322,,3697007,,3717627,,,,,
,,5525,順天,,,725,,,,,,,,,,2.50,4,,上市,112,183440,,,,,,,,679823,,680548,,,,,,677692,2131,,,880656,,-17393,3651472,5021223,1369751,1369751,489095,,863263,,678417,2131,679823,,,,,
,,5531,鄉林,,,-54988,,,,,,,,,,-0.20,4,,上市,112,-31707,,,,,,,,-386089,,-441077,,,,,,-195191,-190898,,,-279820,,-137976,2783093,3778781,995688,995688,1275508,,-417796,,-250181,-190896,-386089,,,,,
,,5533,皇鼎,,,6509,,,,,,,,,,3.12,4,,上市,112,158807,,,,,,,,889543,,896052,,,,,,889543,,,,1002391,,45959,2532524,3763838,1231314,1231314,228923,,1048350,,896052,,889543,,,,,
,,5534,長虹,,,0,,,,,,,,,,6.32,4,,上市,112,517500,,,,,,0,,1835927,,1835927,,,,,,1836036,-109,,,2289501,,63926,6853163,9798136,2944973,2944973,655472,,2353427,,1836036,-109,1835927,,,,,
,,5538,東明-KY,,,-128270,,,,,,,,,,0.67,4,,上市,112,-22305,,,,,,,,136282,,8012,,,,,,135170,1112,,,163088,,-49111,11998060,12966040,967980,967980,804892,,113977,,8459,-447,136282,,,,,
,,5546,永固-KY,,,-53853,,,,,,,,,,-4.58,4,,上市,112,-84075,,,,,,,,-392458,,-446311,,,,,,-377531,-14927,,,-416904,,-59629,3462921,3812583,349662,349662,766566,,-476533,,-429771,-16540,-392458,,,,,
,,5607,遠雄港,,,-2106,,,,,,,,,,2.91,4,,上市,112,-126559,,,,,,,,892203,,890097,,,,,,892203,0,,,950870,,-185226,1477873,2908011,1430138,1430138,479268,,765644,,890097,0,892203,,,,,
,,5608,四維航,,,-20497,,,,,,,,,,-1.26,4,,上市,112,78282,,,,,,,,-571888,,-592385,,,,,,-476000,-95888,,,-167208,,-326398,3325045,3461132,136087,136087,303295,,-493606,,-496497,-95888,-571888,,,,,
,0,5706,鳳凰,6113,,79349,,,,,,,,,,2.44,4,,上市,112,36923,,,,,,,,178253,,257602,,,,,,178174,79,,,183269,,31907,1833894,2202650,368756,368756,191600,,215176,,257927,-325,178253,,,,,
,,5871,中租-KY,936142,,-1735095,,,,,,,,,,15.15,4,,上市,112,10168244,,,,,,,,26044704,,24309609,,,,,,25033636,1011068,,,32930617,,3282331,32409578,97525510,65115932,65115932,33121457,,36212948,,23330992,978617,26044704,,,,,
,,5876,上海商銀,,,,,9590866,10159627,,39151574,,,,9882613,3.02,4,,上市,112,3803667,,,,,,,,,17425137,,27016003,,14659995,2765142,,,,,,,,,,,,,18199784,,,,22144340,4871663,,17425137,,,21228804,
2232124,,5880,合庫金,,,,,,,29413945,31963093,,,,7502226,1.17,4,,上市,112,,4196448,,,,,,14315939,,17878215,32194154,,,,,,17263694,614521,61377038,,,,,,,,,29568025,,,,31446812,747342,17878215,,,22074663,,
,,5906,台南-KY,-487,,38142,,,,,,,,,,3.21,4,,上市,112,29420,,,,,,,,111693,,149835,,,,,,107148,4545,,,136294,,4819,991271,2135188,1143917,1143917,1007136,,141113,,145290,4545,111693,,,,,
,,5907,大洋-KY,,,-98451,,,,,,,,,,-10.66,4,,上市,112,222397,,,,,,,,-2083997,,-2182448,,,,,,-2083997,,,,-240066,,-1621534,641318,3820133,3178815,3178815,3418881,,-1861600,,-2182448,,-2083997,,,,,
,,6005,群益證,,,,,,,,,,,,,1.90,4,,上市,112,537783,,,9870663,,12746224,,1225017,4570993,,5796010,,,4131510,439483,,,,,2875561,,2233215,,,,,,,,5108776,,5349029,446981,4570993,,,,,
,,6024,群益期,,,,,,,,,,,,,4.80,4,,上市,112,265806,,,2141891,,2212825,,17335,1011052,,1028387,,,1010196,856,,,,,70934,,1205924,,,,,,,,1276858,,1027583,804,1011052,,,,,
,,6108,競國,,,-27867,,,,,,,,,,0.34,4,,上市,112,24987,,,,,,,,54307,,26440,,,,,,54307,,,,-70046,,149340,5370160,5950962,580802,580802,650848,,79294,,26440,,54307,,,,,
,,6112,邁達特,,,22390,,,,,,,,,,3.14,4,,上市,112,130452,,,,,,,,577725,,600115,,,,,-5788,592342,-8829,,,485378,,222799,17033728,19813720,2779992,2779992,2294614,,708177,6873,602192,-8950,577725,,,,,
,,6115,鎰勝,,,-59482,,,,,,,,,,2.82,4,,上市,112,256493,,,,,,,,519614,,460132,,,,,,529178,-9564,,,598172,,177935,5238639,6329041,1090402,1090402,492230,,776107,,469541,-9409,519614,,,,,
,,6116,彩晶,,,-962275,,,,,,,,,,-1.63,4,,上市,112,-22998,,,,,,1126,,-4677483,,-5639758,,,,,,-4671978,-5505,,,-4855434,,154953,14895991,12352965,-2543026,-2544152,2311282,,-4700481,,-5634253,-5505,-4677483,,,,,
,,6117,迎廣,,,-6983,,,,,,,,,,1.02,4,,上市,112,5227,,,,,,,,88357,,81374,,,,,,90626,-2269,,,115785,,-22201,1815667,2368855,553188,553188,437403,,93584,,83643,-2269,88357,,,,,
,,6120,達運,,,-118716,,,,,,,,,,0.17,4,,上市,112,-136794,,,,,,,,114659,,-4057,,,,,,114659,,,,-277421,,255286,16917772,17769982,852210,852210,1129631,,-22135,,-4057,,114659,,,,,
,,6128,上福,,,25537,,,,,,,,,,3.40,4,,上市,112,110048,,,,,,,,433232,,458769,,,,,,433232,0,,,526248,,17032,3103844,5314527,2210683,2210683,1684435,,543280,,458769,0,433232,,,,,
,,6133,金橋,,,-60625,,,,,,,,,,0.09,4,,上市,112,5248,,,,,,,,11083,,-49542,,,,,,11083,,,,8987,,7344,812306,1007363,195057,195057,186070,,16331,,-49542,,11083,,,,,
,,6136,富爾特,,,1013729,,,,,,,,,,0.90,4,,上市,112,26,,,,,,,,103830,,1117559,,,,,,103663,167,,,-35009,,138865,409468,506228,96760,96760,131769,,103856,,1117559,0,103830,,,,,
,,6139,亞翔,,,64648,,,,,,,,,,12.81,4,,上市,112,993956,,,,,,,,3543341,,3607989,,,,,,2888820,654521,,,4013315,,523982,51748425,56904659,5156234,5156234,1142919,,4537297,,3015629,592360,3543341,,,,,
,,6141,柏承,,,-16619,,,,,,,,,,-3.76,4,,上市,112,-101843,,,,,,,,-462348,,-478967,,,,,,-426554,-35794,,,-547628,,-16563,2705797,2570141,-135656,-135656,411972,,-564191,,-446926,-32041,-462348,,,,,
,,6142,友勁,,,26687,,,,,,,,,,-0.11,4,,上市,112,18669,,,,,,,,-37160,,-10473,,,,,,-37160,,,,-189427,,170936,2366447,2539354,172907,172907,362334,,-18491,,-10473,,-37160,,,,,
,,6152,百一,,,-13171,,,,,,,,,,-0.12,4,,上市,112,-3,,,,,,,,-22119,,-35290,,,,,,-20458,-1661,,,-106906,,84784,1780906,2189249,408343,408343,515249,,-22122,,-33629,-1661,-22119,,,,,
,,6153,嘉聯益,,,631897,,,,,,,,,,-6.04,4,,上市,112,-1838,,,,,,,,-3347781,,-2715884,,,,,,-3347781,,,,-2331531,,-1018088,10778135,9834580,-943555,-943555,1387976,,-3349619,,-2715884,,-3347781,,,,,
,,6155,鈞寶,,,16727,,,,,,,,,,0.85,4,0,上市,112,13197,,,,,,0,,74796,,91523,,,,,,74796,0,,,7061,,80932,427646,544602,116956,116956,109895,,87993,,91523,0,74796,,,,,
,,6164,華興,,,-22502,,,,,,,,,,-0.24,4,,上市,112,-8855,,,,,,,,-25822,,-48324,,,,,,-23970,-1852,,,-62039,,27362,532089,717071,184982,184982,247021,,-34677,,-46266,-2058,-25822,,,,,
,,6165,浪凡,,,1034,,,,,,,,,,0.26,4,,上市,112,8496,,,,,,,,15410,,16444,,,,,,15222,188,,,14962,,8944,2035376,2710539,675163,675163,660201,,23906,,16256,188,15410,,,,,
,,6166,凌華,,,1353,,,,,,,,,,1.51,4,,上市,112,162760,,,,,,279,,293881,,295234,,,,,,328797,-34916,,,323048,,133593,7235231,11414519,4179288,4179009,3855961,,456641,,325063,-29829,293881,,,,,
,,6168,宏齊,,,130113,,,,,,,,,,0.52,4,,上市,112,18953,,,,,,4987,,91779,,221892,,,,,,107089,-15310,,,43004,,67728,1491791,2033098,541307,536320,493316,,110732,,227605,-5713,91779,,,,,
,,6176,瑞儀,140231,,-245804,,,,,,,,,,11.35,4,,上市,112,2266354,,,,,,,,5275963,,5030159,,,,,,5275963,,,,5721551,,1820766,35210978,44088580,8877602,8877602,3296282,,7542317,,5030159,,5275963,,,,,
,,6177,達麗,,,3067,,,,,,,,,,5.08,4,,上市,112,572195,,,,,,,,2075832,,2078899,,,,,,2068023,7809,,,2558259,,89768,11516109,15425734,3909625,3909625,1351366,,2648027,,2071090,7809,2075832,,,,,
,,6183,關貿,-1258,,15129,,,,,,,,,,3.20,4,,上市,112,103629,,,,,,,,480665,,495794,,,,,,480665,,,,559077,,25217,1284798,2297244,1012446,1012446,452111,,584294,,495794,,480665,,,,,
,,6184,大豐電,,,-264,,,,,,,,,,3.52,4,,上市,112,115636,,,,,,,,521547,,521283,,,,,,521547,,,,627908,,9275,1034917,2068613,1033696,1033696,405788,,637183,,521283,,521547,,,,,
,,6189,豐藝,,,-15775,,,,,,,,,,4.00,4,,上市,112,196280,,,,,,,,939305,,923530,,,,,,847418,91887,,,1270970,,-135385,27023072,29513926,2490854,2490854,1219884,,1135585,,835215,88315,939305,,,,,
,,6191,精成科,,,637519,,,,,,,,,,6.73,4,,上市,112,950684,,,,,,,,3164574,,3802093,,,,,,3158956,5618,,,3532475,,582783,17500585,22879225,5378640,5378640,1846165,,4115258,,3796926,5167,3164574,,,,,
,,6192,巨路,,,-21449,,,,,,,,,,8.17,4,,上市,112,322776,,,,,,,,786178,,764729,,,,,,786043,135,,,1057752,,51202,4577827,6728154,2150327,2150327,1092575,,1108954,,764596,133,786178,,,,,
,,6196,帆宣,,,-46685,,,,,,,,,,10.96,4,,上市,112,735931,,,,,,,,2101229,,2054544,,,,,,2161833,-60604,,,2434374,,402786,51032096,56279732,5247636,5247636,2813262,,2837160,,2115141,-60597,2101229,,,,,
,,6197,佳必琪,,,45020,,,,,,,,,,5.20,4,,上市,112,150092,,,,,,,,660319,,705339,,,,,,635395,24924,,,641210,,169201,3525604,4962135,1436531,1436531,795321,,810411,,680843,24496,660319,,,,,
,,6201,亞弘電,,,-30250,,,,,,,,,,4.63,4,,上市,112,99853,,,,,,,,413410,,383160,,,,,,413410,,,,470943,,42320,2540828,3406280,865452,865452,394509,,513263,,383160,,413410,,,,,
,,6202,盛群,,,152678,,,,,,,,,,0.49,4,,上市,112,-36464,,,,,,-208698,,114639,,267317,,,,,,111741,2898,,,99257,,-21082,1495469,2596067,1100598,1309296,1210039,,78175,,265474,1843,114639,,,,,
,,6205,詮欣,,,54401,,,,,,,,,,2.10,4,,上市,112,51341,,,,,,,,169416,,223817,,,,,,170153,-737,,,176065,,44692,857731,1375343,517612,517612,341547,,220757,,224575,-758,169416,,,,,
,,6206,飛捷,,,12785,,,,,,,,,,3.51,4,,上市,112,131748,,,,,,,,472710,,485495,,,,,,501857,-29147,,,559313,,45145,2136863,3488426,1351563,1351563,792250,,604458,,514599,-29104,472710,,,,,
,,6209,今國光,,,-19859,,,,,,,,,,-0.29,4,,上市,112,-28826,,,,,,,,-49788,,-69647,,,,,,-49788,,,,-141857,,63243,2502446,2696985,194539,194539,336396,,-78614,,-69647,,-49788,,,,,
,,6213,聯茂,,,-271922,,,,,,,,,,1.86,4,,上市,112,475670,,,,,,,,676626,,404704,,,,,,676626,,,,994869,,157427,21973402,25079039,3105637,3105637,2110768,,1152296,,404704,,676626,,,,,
,,6214,精誠,,,-120811,,,,,,,,,,6.02,4,,上市,112,346382,,,,,,,,1578888,,1458077,,,,,,1494266,84622,,,1469800,,455470,27276397,35184378,7907981,7907981,6438181,,1925270,,1372799,85278,1578888,,,,,
,,6215,和椿,,,122285,,,,,,,,,,0.95,4,,上市,112,5020,,,,,,,,79408,,201693,,,,,,78773,635,,,22342,,62086,674192,983549,309357,309357,287015,,84428,,201058,635,79408,,,,,
,,6216,居易,,,0,,,,,,,,,,1.34,4,,上市,112,10869,,,,,,,,122968,,122968,,,,,,,,,,82526,,51311,410711,775285,364574,364574,282048,,133837,,,,122968,,,,,
,,6224,聚鼎,,,-21446,,,,,,,,,,1.24,4,,上市,112,61648,,,,,,,,-28969,,-50415,,,,,,106353,-135322,,,-74551,,107230,2092778,2793752,700974,700974,775525,,32679,,83816,-134231,-28969,,,,,
,,6225,天瀚,0,,0,,,,,,,,,,0.31,4,,上市,112,0,,,,,,,,8722,,8722,,,,,0,8722,0,,,386,,8336,43679,53544,9865,9865,9479,,8722,0,8722,0,8722,,,,,
,,6226,光鼎,,,-5360,,,,,,,,,,-0.65,4,,上市,112,-677,,,,,,,,-71902,,-77262,,,,,,-74824,2922,,,-60251,,-12328,576319,759468,183149,183149,243400,,-72579,,-80184,2922,-71902,,,,,
,,6230,尼得科超眾,,,-136491,,,,,,,,,,7.02,4,,上市,112,275183,,,,,,,,605776,,469285,,,,,,605776,,,,701623,,179336,8652765,10759092,2106327,2106327,1404704,,880959,,469285,,605776,,,,,
,,6235,華孚,,,-44298,,,,,,,,,,4.17,4,,上市,112,211757,,,,,,,,802559,,758261,,,,,,802559,,,,909441,,104875,3976441,5774200,1797759,1797759,888318,,1014316,,758261,,802559,,,,,
,,6239,力成,,,-145380,,,,,,,,,,10.72,4,,上市,112,2533978,,,,,,,,9509138,,9363758,,,,,,8008511,1500627,,,8153566,,3889550,57831970,70440945,12608975,12608975,4455409,,12043116,,7807066,1556692,9509138,,,,,
,,6243,迅杰,,,-196,,,,,,,,,,1.50,4,,上市,112,-1790,,,,,,,,66676,,66480,,,,,,66676,,,,52509,,12377,563442,875342,311900,311900,259391,,64886,,66480,,66676,,,,,
,,6257,矽格,,,526383,,,,,,,,,,3.80,4,,上市,112,436199,,,,,,,,2138514,,2664897,,,,,,1737319,401195,,,2078205,,496508,11900735,15479501,3578766,3578766,1500561,,2574713,,2277055,387842,2138514,,,,,
,,6269,台郡,,,-185295,,,,,,,,,,6.45,4,,上市,112,272453,,,,,,,,2055723,,1870428,,,,,,2066725,-11002,,,1637567,,690609,27875335,32728862,4853527,4853527,3215960,,2328176,,1881430,-11002,2055723,,,,,
,0,6271,同欣電,,,16480,,,,,,,,,,5.50,4,,上市,112,244539,,,,,,,,1150513,,1166993,,,,,0,1150513,0,,,1418247,,-23195,8797373,11584909,2787536,2787536,1369289,,1395052,0,1166993,0,1150513,,,,,
,,6272,驊陞,,,-16964,,,,,,,,,,0.82,4,,上市,112,23206,,,,,,,,70983,,54019,,,,,,54679,16304,,,89337,,4852,2069128,2648021,578893,578893,489556,,94189,,39932,14087,70983,,,,,
,,6277,宏正,,,-4986,,,,,,,,,,4.73,4,,上市,112,180698,,,,,,,,572421,,567435,,,,,,565541,6880,,,788020,,-34901,2065366,5156242,3090876,3090876,2302856,,753119,,560962,6473,572421,,,,,
,,6278,台表科,,,-258437,,,,,,,,,,8.57,4,,上市,112,571755,,,,,,,,2513906,,2255469,,,,,,2507016,6890,,,2489252,,596409,41219599,46496015,5276416,5276416,2787164,,3085661,,2248554,6915,2513906,,,,,
,,6281,全國電,,,5678,,,,,,,,,,5.13,4,,上市,112,131219,,,,,,,,509053,,514731,,,,,,,,,,632977,,7295,16384376,20423600,4039224,4039224,3406247,,640272,,,,509053,,,,,
,24093,6282,康舒,,,-20091,,,,,,,,,,0.07,4,,上市,112,296311,,,,,,,,63138,,43047,,,,,,45792,17346,,,538227,,-202871,21830406,27845108,6014702,6014702,5476475,,335356,,30646,12401,39045,,,,,
,,6283,淳安,,,-6962,,,,,,,,,,-1.19,4,,上市,112,-17585,,,,,,,,-198655,,-205617,,,,,,-175062,-23593,,,-194984,,-21256,1199994,1288950,88956,88956,283940,,-216240,,-178140,-27477,-198655,,,,,
,,6285,啟碁,,,1864604,,,,,,,,,,8.98,4,,上市,112,998443,,,,,,,,3802830,,5667434,,,,,,3802830,,,,4671176,,130097,97193472,110787917,13594445,13594445,8923269,,4801273,,5667434,,3802830,,,,,
,,6405,悅城,,,7008,,,,,,,,,,-1.31,4,,上市,112,1873,,,,,,,,-86002,,-78994,,,,,,-86002,,,,-117428,,33299,213428,209016,-4412,-4412,113016,,-84129,,-78994,,-86002,,,,,
,,6409,旭隼,,,-149421,,,,,,,,,,41.52,4,,上市,112,759809,,,,,,,,3622556,,3473135,,,,,,3622556,,,,4137614,,244751,12982371,18950843,5968472,5968472,1830858,,4382365,,3473135,,3622556,,,,,
,,6412,群電,,,-118293,,,,,,,,,,8.27,4,,上市,112,873299,,,,,,,,3294677,,3176384,,,,,,3294677,,,,3961171,,206805,28610901,36310819,7699918,7699918,3738747,,4167976,,3176384,,3294677,,,,,
,82308,6414,樺漢,,,447455,,,,,,,,,,19.01,4,,上市,112,1594621,,,,,,,,5403382,,5850837,,,,,,2260964,3142418,,,5205506,,1710189,98042051,121640976,23598925,23598925,18393419,,6915695,,2053929,3796908,5321074,,,,,
,,6415,矽力*-KY,32934,,-392169,,,,,,,,,,1.96,4,,上市,112,-14820,,,,,,,,637050,,244881,,,,,,746004,-108954,,,-486392,,1108622,8847896,15427335,6579439,6579439,7098765,,622230,,361495,-116614,637050,,,,,
,,6416,瑞祺電通,,,-13426,,,,,,,,,,4.40,4,,上市,112,88374,,,,,,,,321278,,307852,,,,,,322707,-1429,,,377908,,31744,3088923,4082437,993514,993514,615606,,409652,,309952,-2100,321278,,,,,
,,6426,統新,,,-2925,,,,,,,,,,-2.68,4,,上市,112,-32879,,,,,,,,-103355,,-106280,,,,,,-103355,,,,-147435,,11201,326077,362789,36712,36712,184147,,-136234,,-106280,,-103355,,,,,
,0,6431,光麗-KY,,,-10650,,,,,,,,,,-1.82,4,,上市,112,-19511,,,,,,,,-104163,,-114813,,,,,,-104163,0,,,-113652,,-10022,227071,293374,66303,66303,179955,,-123674,,-114813,0,-104163,,,,,
,,6438,迅得,,,4387,,,,,,,,,,8.89,4,,上市,112,172951,,,,,,,,647468,,651855,,,,,,647803,-335,,,768698,,51721,4150145,5810295,1660150,1660150,891452,,820419,,654660,-2805,647468,,,,,
,,6442,光聖,,,29653,,,,,,,,,,2.53,4,,上市,112,79711,,,,,,,,168042,,197695,,,,,,168042,,,,225933,,21820,1686998,2617385,930387,930387,704454,,247753,,197695,,168042,,,,,
,,6443,元晶,-325143,,50,,,,,,,,,,1.07,4,155,上市,112,-5356,,,,,,-5329,,527262,,527312,,,,,,527268,-6,,,472627,,49279,6986706,8260947,1274241,1279725,481955,,521906,,527318,-6,527262,,,,,
,,6446,藥華藥,,,119374,,,,,,,,,,-1.93,4,,上市,112,-363099,,,,,,,,-623835,,-504461,,,,,,-623835,,,,-1913394,,926460,610544,5105615,4495071,4495071,6408465,,-986934,,-504461,,-623835,,,,,
,,6449,鈺邦,,,64814,,,,,,,,,,3.73,4,,上市,112,93412,,,,,,,,328378,,393192,,,,,,328378,,,,377243,,44547,2138060,2934913,796853,796853,419610,,421790,,393192,,328378,,,,,
,,6451,訊芯-KY,,,-236695,,,,,,,,,,4.10,4,,上市,112,99243,,,,,,,,467416,,230721,,,,,,434217,33199,,,283961,,282698,3991035,5212222,1221187,1221187,937226,,566659,,220455,10266,467416,,,,,
,,6456,GIS-KY,,,-730423,,,,,,,,,,-8.11,4,,上市,112,-384647,,,,,,,,-2806193,,-3536616,,,,,,-2741370,-64823,,,-4944813,,1753973,69516897,71344734,1827837,1827837,6772650,,-3190840,,-3470680,-65936,-2806193,,,,,
,,6464,台數科,,,-236775,,,,,,,,,,5.78,4,,上市,112,234943,,,,,,,,759888,,523113,,,,,,738023,21865,,,1349170,,-354339,2017306,4176561,2159255,2159255,810085,,994831,,503932,19181,759888,,,,,
,,6472,保瑞,,,34279,,,,,,,,,,30.20,4,,上市,112,992225,,,,,,,,3071921,,3106200,,,,,,3030142,41779,,,5249139,,-1184993,7208830,14200068,6991238,6991238,1742099,,4064146,,3064856,41344,3071921,,,,,
,,6477,安集,1077,,49223,,,,,,,,,,1.21,4,,上市,112,16565,,,,,,,,134104,,183327,,,,,,149517,-15413,,,317171,,-166502,1069124,1501814,432690,432690,116596,,150669,,198811,-15484,134104,,,,,
,,6491,晶碩,,,-15407,,,,,,,,,,22.83,4,,上市,112,300709,,,,,,,,1677931,,1662524,,,,,,1655902,22029,,,1981111,,-2471,3121577,6789861,3668284,3668284,1687173,,1978640,,1641050,21474,1677931,,,,,
,,6504,南六,,,-47150,,,,,,,,,,1.65,4,,上市,112,83415,,,,,,,,119871,,72721,,,,,,119866,5,,,184215,,19071,5441109,6179040,737931,737931,553716,,203286,,72716,5,119871,,,,,
,,6505,台塑化,,,12439351,,,,,,,,,,2.30,4,,上市,112,2817825,,,,,,,,21875854,,34315205,,,,,,21888842,-12988,,,15404555,,9289124,685553532,712576194,27022662,27022662,11618107,,24693679,,34323663,-8458,21875854,,,,,
,,6515,穎崴,,,-4983,,,,,,,,,,13.52,4,,上市,112,96956,,,,,,,,464038,,459055,,,,,,464038,,,,556760,,4234,2317376,3682049,1364673,1364673,807913,,560994,,459055,,464038,,,,,
,,6525,捷敏-KY,,,-44873,,,,,,,,,,4.39,4,,上市,112,148409,,,,,,,,566094,,521221,,,,,,566094,,,,622857,,91646,3466447,4418989,952542,952542,329685,,714503,,521221,,566094,,,,,
,,6526,達發,,,-58645,,,,,,,,,,6.47,4,,上市,112,224470,,,,,,,,969311,,910666,,,,,,969311,,,,1010613,,183168,7253213,13575561,6322348,6322348,5311735,,1193781,,910666,,969311,,,,,
,,6531,愛普*,,,107,,,,,,,,,,8.93,4,,上市,112,174011,,,,,,,,1444970,,1445077,,,,,,1444970,,,,852781,,766200,2471901,4226907,1755006,1755006,902225,,1618981,,1445077,,1444970,,,,,
,,6533,晶心科,,,-552,,,,,,,,,,-2.01,4,,上市,112,2626,,,,,,,,-101718,,-102270,,,,,,-101718,,,,-268494,,169402,823,1057818,1056995,1056995,1325489,,-99092,,-102270,,-101718,,,,,
,,6534,正瀚-創,,,-554,,,,,,,,,,4.76,4,,上市,112,115643,,,,,,,,463291,,462737,,,,,,463291,,,,565860,,13074,254733,1514829,1260096,1260096,694236,,578934,,462737,,463291,,,,,
,,6541,泰福-KY,,,32916,,,,,,,,,,-16.58,4,,上市,112,428,,,,,,,,-2137101,,-2104185,,,,,,-2137101,,,,-2100750,,-35923,1710,61411,59701,59701,2160451,,-2136673,,-2104185,,-2137101,,,,,
,,6550,北極星藥業-KY,,,31111,,,,,,,,,,-2.12,4,,上市,112,15554,,,,,,,,-1592062,,-1560951,,,,,,-1576694,-15368,,,-1847047,,270539,10546,7481,-3065,-3065,1843982,,-1576508,,-1545583,-15368,-1592062,,,,,
,,6552,易華電,,,129936,,,,,,,,,,0.09,4,,上市,112,-5692,,,,,,,,7477,,137413,,,,,,,,,,-101660,,103445,1726407,1765433,39026,39026,140686,,1785,,,,7477,,,,,
,,6558,興能高,,,-12348,,,,,,,,,,-0.48,4,,上市,112,-808,,,,,,,,-44668,,-57016,,,,,,-44668,,,,-63643,,18167,1029381,1196741,167360,167360,231003,,-45476,,-57016,,-44668,,,,,
,,6573,虹揚-KY,,,-11059,,,,,,,,,,-2.91,4,,上市,112,2356,,,,,,,,-239668,,-250727,,,,,,-234136,-5532,,,-203162,,-34150,1134721,1177454,42733,42733,245895,,-237312,,-245186,-5541,-239668,,,,,
,,6579,研揚,,,66750,,,,,,,,,,8.42,4,,上市,112,273523,,,,,,,,1167250,,1234000,,,,,,969345,197905,,,1006423,,434350,5238829,8073203,2834374,2834374,1827951,,1440773,,1042289,191711,1167250,,,,,
,,6581,鋼聯,,,590,,,,,,,,,,4.54,4,,上市,112,129310,,,,,,,,504622,,505212,,,,,,504622,,,,643260,,-9328,1167773,2041441,873668,873668,230408,,633932,,505212,,504622,,,,,
,,6582,申豐,,,169168,,,,,,,,,,-1.02,4,,上市,112,-27643,,,,,,,,-107862,,61306,,,,,,-107862,,,,-216288,,80783,872982,894338,21356,21356,237644,,-135505,,61306,,-107862,,,,,
,,6585,鼎基,,,-1742,,,,,,,,,,6.01,4,,上市,112,114346,,,,,,,,415811,,414069,,,,,,415811,,,,538337,,-8180,1847309,2792380,945071,945071,406734,,530157,,414069,,415811,,,,,
,,6589,台康生技,,,46118,,,,,,,,,,-3.00,4,,上市,112,1558,,,,,,,,-915208,,-869090,,,,,,-915208,,,,-1031977,,118327,785912,1022653,236741,236741,1268718,,-913650,,-869090,,-915208,,,,,
,,6591,動力-KY,,,-23219,,,,,,,,,,3.40,4,,上市,112,57950,,,,,,,,118311,,95092,,,,,,118516,-205,,,122331,,53930,991237,1382210,390973,390973,268642,,176261,,95297,-205,118311,,,,,
,,6592,和潤企業,,,-280445,,,,,,,,,,6.41,4,,上市,112,1439055,,,,,,,,4092156,,3811711,,,,,,3689812,402344,,,5225934,,305277,11967337,28660435,16693098,16693098,11467164,,5531211,,3476588,335123,4092156,,,,,
,,6598,ABC-KY,,,3539,,,,,,,,,,-2.01,4,,上市,112,758,,,,,,,,-164199,,-160660,,,,,,-164199,,,,-186702,,23261,126430,395169,268739,268739,455441,,-163441,,-160660,,-164199,,,,,
,,6605,帝寶,,,-442,,,,,,,,,,14.29,4,,上市,112,859524,,,,,,,,2346972,,2346530,,,,,,2368991,-22019,,,2930706,,275790,12665679,18553094,5887415,5887415,2956709,,3206496,,2376665,-30135,2346972,,,,,
,,6606,建德工業,,,7064,,,,,,,,,,0.95,4,,上市,112,77126,,,,,,,,102892,,109956,,,,,,101990,902,,,160475,,19543,453684,755749,302065,302065,141590,,180018,,109611,345,102892,,,,,
,,6614,資拓宏宇,,,-1445,,,,,,,,,,2.31,4,,上市,112,33838,,,,,,,,168656,,167211,,,,,,168655,1,,,188207,,14287,3828888,4424759,595871,595871,407664,,202494,,167210,1,168656,,,,,
,,6625,必應,,,2816,,,,,,,,,,6.68,4,,上市,112,43325,,,,,,,,291147,,293963,,,,,,294797,-3650,,,273896,,60576,2027525,2558560,531035,531035,257139,,334472,,297613,-3650,291147,,,,,
,,6641,基士德-KY,,,-27231,,,,,,,,,,1.28,4,,上市,112,5465,,,,,,,,38182,,10951,,,,,,46866,-8684,,,-13341,,56988,1204643,1774243,569600,569600,582941,,43647,,19883,-8932,38182,,,,,
,,6645,金萬林-創,,,-183,,,,,,,,,,-2.22,4,,上市,112,-22319,,,,,,,,-102466,,-102649,,,,,,-102466,,,,-125833,,1048,336398,415010,78612,78612,204445,,-124785,,-102649,,-102466,,,,,
,,6655,科定,,,1131,,,,,,,,,,3.52,4,,上市,112,61478,,,,,,,,249975,,251106,,,,,,248604,1371,,,329683,,-18230,1271004,2374947,1103943,1103943,774260,,311453,,249849,1257,249975,,,,,
,,6657,華安,,,,,,,,,,,,,-3.62,4,,上市,112,,,,,,,,,-260382,,-260382,,,,,,,,,,-261837,,1455,1931,7158,5227,5227,267064,,-260382,,,,-260382,,,,,
,,6658,聯策,,,19749,,,,,,,,,,0.99,4,,上市,112,12320,,,,,,,,32513,,52262,,,,,,30087,2426,,,29539,,15294,976849,1283778,306929,306929,277390,,44833,,49777,2485,32513,,,,,
,,6666,羅麗芬-KY,,,-27366,,,,,,,,,,1.86,4,,上市,112,28427,,,,,,,,85492,,58126,,,,,,88235,-2743,,,71782,,42137,370035,971050,601015,601015,529233,,113919,,61672,-3546,85492,,,,,
,,6668,中揚光,,,-30120,,,,,,,,,,-3.24,4,,上市,112,-75,,,,,,,,-275260,,-305380,,,,,,-259722,-15538,,,-280980,,5645,911499,945024,33525,33525,314505,,-275335,,-289819,-15561,-275260,,,,,
,,6669,緯穎,,,123192,,,,,,,,,,68.88,4,,上市,112,3400024,,,,,,,,12043655,,12166847,,,,,,12043655,,,,15870546,,-426867,219243712,241900989,22657277,22657277,6786731,,15443679,,12166847,,12043655,,,,,
,,6670,復盛應用,,,-195266,,,,,,,,,,18.18,4,,上市,112,765108,,,,,,,,2543508,,2348242,,,,,,2404300,139208,,,3041058,,267558,18731741,24381370,5649629,5649629,2608571,,3308616,,2225972,122270,2543508,,,,,
,,6671,三能-KY,,,-29200,,,,,,,,,,2.89,4,,上市,112,76684,,,,,,,,178477,,149277,,,,,,175605,2872,,,220517,,34644,1168835,1905839,737004,737004,516487,,255161,,146616,2661,178477,,,,,
,,6672,騰輝電子-KY,,,-58480,,,,,,,,,,6.08,4,,上市,112,108275,,,,,,,,431659,,373179,,,,,,431659,,,,482653,,57281,3218691,4740441,1521750,1521750,1039097,,539934,,373179,,431659,,,,,
,,6674,鋐寶科技,,,390,,,,,,,,,,-4.84,4,,上市,112,20545,,,,,,,,-326109,,-325719,,,,,,-326109,,,,-318329,,12765,1081197,1164054,82857,82857,401186,,-305564,,-325719,,-326109,,,,,
,,6689,伊雲谷,,,65865,,,,,,,,,,2.70,4,,上市,112,33701,,,,,,,,175477,,241342,,,,,,183927,-8450,,,132897,,76281,8550123,9818613,1268490,1268490,1135593,,209178,,248665,-7323,175477,,,,,
,,6691,洋基工程,,,-19311,,,,,,,,,,20.22,4,,上市,112,454368,,,,,,,,1766185,,1746874,,,,,,1767219,-1034,,,2169981,,50572,12819790,15513571,2693781,2693781,523800,,2220553,,1747933,-1059,1766185,,,,,
,,6695,芯鼎,,,9027,,,,,,,,,,-0.68,4,,上市,112,,,,,,,,,-64498,,-55471,,,,,,-64498,,,,-99410,,34912,645285,1100668,455383,455383,554793,,-64498,,-55471,,-64498,,,,,
,,6698,旭暉應材,,,-9763,,,,,,,,,,-1.30,4,,上市,112,17726,,,,,,,,-28814,,-38577,,,,,,-85571,56757,,,-89716,,78628,914043,1121229,207186,207186,296902,,-11088,,-92766,54189,-28814,,,,,
,,6706,惠特,,,44016,,,,,,,,,,-5.13,4,0,上市,112,-71917,,,,,,,,-377211,,-333195,,,,,,-377211,,,,-509398,,60270,1232560,1333878,101318,101318,610716,,-449128,,-333195,,-377211,,,,,
,,6715,嘉基,,,-7265,,,,,,,,,,6.38,4,,上市,112,127777,,,,,,,,375580,,368315,,,,,,396730,-21150,,,479149,,24208,1568586,2454917,886331,886331,407182,,503357,,389465,-21150,375580,,,,,
,,6719,力智,,,-12265,,,,,,,,,,0.63,4,,上市,112,20697,,,,,,,,50595,,38330,,,,,,50595,,,,-30690,,101982,2202697,3037375,834678,834678,865368,,71292,,38330,,50595,,,,,
,,6722,輝創,,,-14596,,,,,,,,,,4.67,4,,上市,112,32011,,,,,,-2939,,364141,,349545,,,,,,364141,0,,,124383,,271769,3864199,4817810,953611,956550,832167,,396152,,349545,0,364141,,,,,
,,6742,澤米,,,-1129,,,,,,,,,,0.42,4,,上市,112,-8763,,,,,,,,29702,,28573,,,,,,29702,,,,-3197,,24136,449748,546414,96666,96666,99863,,20939,,28573,,29702,,,,,
,,6743,安普新,,,-56811,,,,,,,,,,-0.05,4,,上市,112,15628,,,,,,,,-8231,,-65042,,,,,,-6817,-1414,,,175887,,-168490,3131696,3861301,729605,729605,553718,,7397,,-63429,-1613,-8231,,,,,
,,6753,龍德造船,,,8227,,,,,,,,,,5.43,4,,上市,112,150030,,,,,,,,574998,,583225,,,,,,,,,,804589,,-79561,4033296,4987411,954115,954115,149526,,725028,,,,574998,,,,,
,,6754,匯僑設計,,,-16122,,,,,,,,,,4.25,4,,上市,112,137973,,,,,,,,280454,,264332,,,,,,280454,,,,388315,,30112,3613324,4653172,1039848,1039848,651533,,418427,,264332,,280454,,,,,
,,6756,威鋒電子,,,-1274,,,,,,,,,,2.62,4,,上市,112,33258,,,,,,,,180569,,179295,,,,,,180569,,,,156145,,57682,1103743,2035103,931360,931360,775215,,213827,,179295,,180569,,,,,
,,6757,台灣虎航,,,-3723,,,,,,,,,,4.27,4,,上市,112,461192,,,,,,,,1826847,,1823124,,,,,,,,,,2368425,,-80386,9031044,12468336,3437292,3437292,1068867,,2288039,,,,1826847,,,,,
,0,6768,志強-KY,0,,-108468,,,,,,,,,,2.78,4,0,上市,112,224928,,,,,,0,,539460,,430992,,,,,0,544986,-5526,,,480052,,284336,11840961,14207689,2366728,2366728,1886676,,764388,0,437597,-6605,539460,,,,,
,,6770,力積電,811301,,83886,,,,,,,,,,-0.40,4,,上市,112,-442497,,,,,,,,-1643541,,-1559655,,,,,,-1643541,,,,-3156448,,1070410,38730581,44022552,5291971,5291971,9259720,,-2086038,,-1559655,,-1643541,,,,,
,,6771,平和環保-創,,,,,,,,,,,,,4.76,4,,上市,112,28451,,,,,,,,136238,,136238,,,,,,138846,-2608,,,173266,,-8577,314610,609242,294632,294632,121366,,164689,,138846,-2608,136238,,,,,
,,6776,展碁國際,,,-12781,,,,,,,,,,5.06,4,,上市,112,94967,,,,,,,,411177,,398396,,,,,,412703,-1526,,,493817,,12327,21242983,22788997,1546014,1546014,1052197,,506144,,400952,-2556,411177,,,,,
,,6781,AES-KY,,,-127424,,,,,,,,,,23.04,4,,上市,112,517025,,,,,,,,1968281,,1840857,,,,,,1968225,56,,,2190656,,294650,6265109,10031621,3766512,3766512,1575856,,2485306,,1840810,47,1968281,,,,,
,,6782,視陽,,,-74385,,,,,,,,,,4.79,4,,上市,112,1519,,,,,,,,294562,,220177,,,,,,301613,-7051,,,332096,,-36015,1540519,2397675,857156,857156,525060,,296081,,227228,-7051,294562,,,,,
,,6789,采鈺,71408,,,,,,,,,,,,1.13,4,,上市,112,-40728,,,,,,,,356080,,356080,,,,,,,,,,278136,,37216,6022582,7236928,1214346,1214346,1007618,,315352,,,,356080,,,,,
,,6790,永豐實,,,-39533,,,,,,,,,,3.62,4,,上市,112,235375,,,,,,,,971601,,932068,,,,,-41,965992,5650,,,1129938,,77038,7641458,10264803,2623345,2623345,1493407,,1206976,-41,926459,5650,971601,,,,,
,,6792,詠業,,,72728,,,,,,,,,,4.18,4,,上市,112,26310,,,,,,,,195973,,268701,,,,,,195973,,,,205801,,16482,882660,1380876,498216,498216,292415,,222283,,268701,,195973,,,,,
,,6794,向榮生技,,,,,,,,,,,,,-1.56,4,,上市,112,,,,,,,,,-84108,,-84108,,,,,,,,,,-96280,,12172,6692,24589,17897,17897,114177,,-84108,,,,-84108,,,,,
,,6796,晉弘,,,-508,,,,,,,,,,2.20,4,,上市,112,18927,,,,,,,,74054,,73546,,,,,0,74054,0,,,91917,,1064,229387,537148,307761,307761,215844,,92981,0,73546,0,74054,,,,,
,,6799,來頡,,,-289,,,,,,,,,,5.42,4,,上市,112,53756,,,,,,,,218476,,218187,,,,,,218476,,,,263403,,8829,551374,1022564,471190,471190,207787,,272232,,218187,,218476,,,,,
,,6805,富世達,,,-41104,,,,,,,,,,10.18,4,,上市,112,283147,,,,,,,,627958,,586854,,,,,,627958,,,,880668,,30437,4326085,5643893,1317808,1317808,437140,,911105,,586854,,627958,,,,,
,,6807,峰源-KY,,,-8693,,,,,,,,,,4.41,4,,上市,112,60391,,,,,,,,237927,,229234,,,,,0,237927,0,,,226994,,71324,3058760,3745685,686925,686925,459931,,298318,0,229234,0,237927,,,,,
,,6830,汎銓,,,-11301,,,,,,,,,,5.59,4,,上市,112,77492,,,,,,,,261280,,249979,,,,,,261280,,,,344237,,-5465,1183576,1880575,696999,696999,352762,,338772,,249979,,261280,,,,,
,,6831,邁科,,,-23896,,,,,,,,,,2.03,4,,上市,112,30665,,,,,,,,103423,,79527,,,,,,103423,,,,109006,,25082,1258096,1641580,383484,383484,274478,,134088,,79527,,103423,,,,,
,,6834,天二科技,,,-3053,,,,,,,,,,-1.09,4,,上市,112,-40763,,,,,,,,-96120,,-99173,,,,,,-96120,,,,-162367,,25484,918205,942799,24594,24594,186961,,-136883,,-99173,,-96120,,,,,
,,6835,圓裕,,,-14160,,,,,,,,,,3.57,4,,上市,112,82759,,,,,,,,236132,,221972,,,,,,236132,,,,258008,,60883,1603192,2198295,595103,595103,337095,,318891,,221972,,236132,,,,,
,,6838,台新藥,,,-11824,,,,,,,,,,-2.59,4,,上市,112,21862,,,,,,,,-321927,,-333751,,,,,,-321956,29,,,-283036,,-17029,3825,31172,27347,27347,310383,,-300065,,-333726,-25,-321927,,,,,
,,6854,錼創科技-KY創,,,2153,,,,,,,,,,-4.78,4,,上市,112,0,,,,,,,,-512839,,-510686,,,,,,-512839,,,,-562248,,49409,843212,943004,99792,99792,662040,,-512839,,-510686,,-512839,,,,,
,,6861,睿生光電,,,-11524,,,,,,,,,,3.00,4,,上市,112,6236,,,,,,,,116658,,105134,,,,,,116658,,,,31169,,91725,1334447,1837116,502669,502669,471500,,122894,,105134,,116658,,,,,
,,6862,三集瑞-KY,,,-11796,,,,,,,,,,9.02,4,,上市,112,99527,,,,,,,,392336,,380540,,,,,,392336,,,,486108,,5755,857300,1594621,737321,737321,251213,,491863,,380540,,392336,,,,,
,,6863,永道-KY,,,-78588,,,,,,,,,,6.17,4,,上市,112,83438,,,,,,,,448019,,369431,,,,,,447933,86,,,390911,,140546,1892694,2685946,793252,793252,402341,,531457,,369355,76,448019,,,,,
,,6869,雲豹能源,,,,,,,,,,,,,8.77,4,15153,上市,112,199030,,,,,,62013,,1016456,,1016456,,,,,,1013566,2890,,,831800,,383686,5464395,6783555,1319160,1272300,440500,,1215486,,1013566,2890,1016456,,,,,
,,6873,泓德能源,,,-20685,,,,,,,,,,8.36,4,,上市,112,184321,,,,,,57237,,818412,,797727,,,,,,815411,3001,,,991173,,11560,4331600,5839009,1507409,1450172,458999,,1002733,,794726,3001,818412,,,,,
,,6885,全福生技,,,-439,,,,,,,,,,-6.84,4,,上市,112,,,,,,,,,-688022,,-688461,,,,,,,,,,-694125,,6103,0,90,90,90,694215,,-688022,,,,-688022,,,,,
,,6887,寶綠特-KY,,,-30768,,,,,,,,,,7.02,4,,上市,112,143292,,,,,,,,457419,,426651,,,,,,457419,,,,543203,,57508,3349787,4463717,1113930,1113930,570727,,600711,,426651,,457419,,,,,
,,6890,來億-KY,,,-51959,,,,,,,,,,6.26,4,,上市,112,564482,,,,,,,,1309686,,1257727,,,,,,1378267,-68581,,,1508949,,365219,24242737,28015569,3772832,3772832,2263883,,1874168,,1293778,-36051,1309686,,,,,
,,6901,鑽石投資,,,,,,,,,,,,,-3.32,4,,上市,112,-412,,,,,,,,-2583411,,-2583411,,,,,,,,,,-2601750,,17927,,-2439518,-2439518,-2439518,162232,,-2583823,,,,-2583411,,,,,
,,6902,GOGOLOOK,,,-4972,,,,,,,,,,0.16,4,,上市,112,-93,,,,,,,,5104,,132,,,,,,5104,,,,19836,,-14825,66541,770611,704070,704070,684234,,5011,,132,,5104,,,,,
,,6906,現觀科,,,-1502,,,,,,,,,,3.60,4,,上市,112,26019,,,,,,,,109882,,108380,,,,,,109882,,,,124928,,10973,66129,371188,305059,305059,180131,,135901,,108380,,109882,,,,,
,,6908,宏碁遊戲-創,,,-7404,,,,,,,,,,1.70,4,,上市,112,5503,,,,,,,,74831,,67427,,,,,,59333,15498,,,78072,,2262,4281987,4723769,441782,441782,363710,,80334,,55514,11913,74831,,,,,
,,6909,創控,,,,,,,,,,,,,1.55,4,,上市,112,-24393,,,,,,,,93117,,93117,,,,,,,,,,56962,,11762,152356,406637,254281,254281,197319,,68724,,,,93117,,,,,
,,6914,阜爾運通,,,123,,,,,,,,,,9.11,4,,上市,112,139095,,,,,,,,548425,,548548,,,,,,548425,,,,750451,,-62931,3243356,4273123,1029767,1029767,279316,,687520,,548548,,548425,,,,,
,,6916,華凌,,,-9816,,,,,,,,,,1.33,4,,上市,112,60777,,,,,,,,81031,,71215,,,,,,80809,222,,,126606,,15202,1652635,2229230,576595,576595,449989,,141808,,70997,218,81031,,,,,
,,6918,愛派司,,,-3276,,,,,,,,,,-0.37,4,,上市,112,14343,,,,,,,,-11305,,-14581,,,,,,-11305,,,,167540,,-164502,214373,675047,460674,460674,293134,,3038,,-14581,,-11305,,,,,
,,6919,康霈*,,,320,,,,,,,,,,-3.94,4,,上市,112,0,,,,,,,,-488455,,-488135,,,,,,-488455,,,,-513468,,25013,11463,38932,27469,27469,540937,,-488455,,-488135,,-488455,,,,,
,,6921,嘉雨思-創,,,,,,,,,,,,,0.22,4,,上市,112,527,,,,,,,,6475,,6475,,,,,,,,,,6803,,199,29223,109342,80119,80119,73316,,7002,,,,6475,,,,,
,,6923,中台,11275,,-3963,,,,,,,,,,3.08,4,,上市,112,63251,,,,,,,,254637,,250674,,,,,,254624,13,,,342847,,-24959,861907,1272457,410550,410550,78978,,317888,,250661,13,254637,,,,,
,,6924,榮惠-KY創,,,-1170,,,,,,,,,,6.31,4,,上市,112,32861,,,,,,,,110678,,109508,,,,,,110678,,,,128390,,15149,1106182,1426278,320096,320096,191706,,143539,,109508,,110678,,,,,
,,6928,攸泰科技,,,165,,,,,,,,,,3.44,4,,上市,112,61599,,,,,,,,257868,,258033,,,,,,257868,,,,313647,,5820,2926502,3721340,794838,794838,481191,,319467,,258033,,257868,,,,,
,,6931,青松健康,-75,,-59,,,,,,,,,,1.08,4,,上市,112,20307,,,,,,,,58830,,58771,,,,,,59397,-567,,,53520,,25617,753647,868664,115017,115017,61422,,79137,,59338,-567,58830,,,,,
,,6933,AMAX-KY,,,-36970,,,,,,,,,,6.88,4,,上市,112,58748,,,,,,,,253481,,216511,,,,,,253481,,,,327836,,-15607,5087079,6077297,990218,990218,662382,,312229,,216511,,253481,,,,,
,,6934,心誠鎂,,,-173,,,,,,,,,,-6.25,4,,上市,112,-470,,,,,,,,-165926,,-166099,,,,,,-165926,,,,-143761,,-22635,35383,9235,-26148,-26148,117613,,-166396,,-166099,,-165926,,,,,
,,6936,永鴻生技,,,-555,,,,,,,,,,1.38,4,,上市,112,21430,,,,,,,,91600,,91045,,,,,,,,,,111542,,1488,850745,1207507,356762,356762,245220,,113030,,,,91600,,,,,
,,6937,天虹,,,-3934,,,,,,,,,,5.02,4,,上市,112,57920,,,,,,,,306661,,302727,,,,,,306661,,,,322639,,41942,1115501,1992643,877142,877142,554503,,364581,,302727,,306661,,,,,
,,6944,兆聯實業,,,-5925,,,,,,,,,,17.57,4,,上市,112,372335,,,,,,,,1069898,,1063973,,,,,,1069898,,,,1421571,,20662,7191860,9012888,1821028,1821028,399457,,1442233,,1063973,,1069898,,,,,
,,6947,台鎔科技,,,,,,,,,,,,,1.66,4,,上市,112,57867,,,,,,,,143106,,143106,,,,,,143106,,,,215677,,-14704,336072,694506,358434,358434,142757,,200973,,143106,,143106,,,,,
,,6949,沛爾生醫*-創,,,,,,,,,,,,,-8.62,4,,上市,112,2,,,,,,,,-401240,,-401240,,,,,,-398756,-2484,,,-411246,,10008,44173,18033,-26140,-26140,385106,,-401238,,-398756,-2484,-401240,,,,,
,,6951,青新-創,,,,,,,,,,,,,2.61,4,,上市,112,28230,,,,,,,,103322,,103322,,,,,,104533,-1211,,,131229,,323,231256,487477,256221,256221,124992,,131552,,104533,-1211,103322,,,,,
,,6952,大武山,,,,,,,,,103457,,,,1.23,4,,上市,112,29103,,,,,,,,72559,,72559,,,,,,72082,477,,,137206,,-35544,952657,1148829,299629,299629,162423,,101662,,72082,477,72559,,,,,
,,6955,邦睿生技-創,,,-68,,,,,,,,,,1.51,4,,上市,112,25,,,,,,,,25725,,25657,,,,,,25725,0,,,21340,,4410,39851,159641,119790,119790,98450,,25750,,25657,0,25725,,,,,
,,6957,裕慶-KY,,,-9906,,,,,,,,,,18.11,4,,上市,112,250933,,,,,,,,879854,,869948,,,,,,879854,,,,1100125,,30662,2064331,3863912,1799581,1799581,699456,,1130787,,869948,,879854,,,,,
,,6958,日盛台駿,,,-79655,,,,,,,,,,1.47,4,,上市,112,361836,,,,,,,,516300,,436645,,,,,,516300,,,,554861,,323275,6959881,10602618,3642737,3642737,3087876,,878136,,436645,,516300,,,,,
,,6962,奕力-KY,,,-37270,,,,,,,,,,3.50,4,,上市,112,514056,,,,,,,,1101591,,1064321,,,,,,1101591,,,,1234843,,380804,17850064,22397637,4547573,4547573,3312730,,1615647,,1064321,,1101591,,,,,
,,6965,中傑-KY,,,-212574,,,,,,,,,,13.55,4,,上市,112,384330,,,,,,,,1966807,,1754233,,,,,,1896687,70120,,,2137307,,213830,18516546,22739253,4222707,4222707,2085400,,2351137,,1707186,47047,1966807,,,,,
,,6969,成信實業*-創,,,,,,,,,,,,,-2.74,4,,上市,112,-7950,,,,,,,,-87521,,-87521,,,,,0,-87521,0,,,-93336,,-2135,102169,124764,22595,22595,115931,,-95471,0,-87521,0,-87521,,,,,
,,6988,威力暘-創,,,-5939,,,,,,,,,,0.01,4,,上市,112,0,,,,,,,,371,,-5568,,,,,,371,,,,499,,-128,586489,813207,226718,226718,226219,,371,,-5568,,371,,,,,
,,6994,富威電力,,,,,,,,,,,,,0.94,4,,上市,112,14801,,,,,,,,56201,,56201,,,,,,56201,,,,45630,,25372,768562,879893,111331,111331,65701,,71002,,56201,,56201,,,,,
,,7610,聯友金屬-創,,,,,,,,,,,,,0.14,4,,上市,112,-2607,,,,,,,,4007,,4007,,,,,,4007,,,,15735,,-14335,834553,916373,81820,81820,66085,,1400,,4007,,4007,,,,,
,,7631,聚賢研發-創,,,513,,,,,,,,,,8.74,4,,上市,112,37264,,,,,,,,144345,,144858,,,,,,,,,,179304,,2305,423709,705370,281661,281661,102357,,181609,,,,144345,,,,,
,,7705,三商餐飲,,,88569,,,,,,,,,,3.11,4,,上市,112,4294,,,,,,,,187731,,276300,,,,,,187981,-250,,,291199,,-99174,3602624,5771636,2169012,2169012,1877813,,192025,,276550,-250,187731,,,,,
,,7711,永擎,,,,,,,,,,,,,0.13,4,,上市,112,1977,,,,,,,,7907,,7907,,,,,,,,,,-7780,,17664,1981053,2704691,723638,723638,731418,,9884,,,,7907,,,,,
,,7721,微程式,,,-1019,,,,,,,,,,2.16,4,,上市,112,23926,,,,,,,,92080,,91061,,,,,,92080,,,,99488,,16518,322087,677525,355438,355438,255950,,116006,,91061,,92080,,,,,
,,7722,LINEPAY,,,-104,,,,,,,,,,8.09,4,,上市,112,120100,,,,,,,,492989,,492885,,,,,11381,481608,,,,551328,,61761,3404504,4928238,1523734,1523734,972406,,613089,11064,481821,,492989,,,,,
,,7730,暉盛-創,,,-46,,,,,,,,,,5.00,4,,上市,112,38682,,,,,,,,133261,,133215,,,,,,133261,,,,166599,,5344,478511,762039,283528,283528,116929,,171943,,133215,,133261,,,,,
,,7732,金興精密,,,5150,,,,,,,,,,2.36,4,,上市,112,38726,,,,,,,,126013,,131163,,,,,,126013,,,,148012,,16727,729082,1033173,304091,304091,156079,,164739,,131163,,126013,,,,,
,,7736,虎山,,,-916,,,,,,,,,,4.34,4,,上市,112,77184,,,,,,,,296874,,295958,,,,,,296874,,,,267480,,106578,738690,1164919,426229,426229,158749,,374058,,295958,,296874,,,,,
,,7740,熙特爾-創,,,,,,,,,,,,,1.40,4,39132,上市,112,-1356,,,,,,7063,,5494,,5494,,,,,,4150,1344,,,-4194,,8332,55595,94074,38479,70548,74742,,4138,,4150,1344,5494,,,,,
,,7749,意騰-KY,,,-19801,,,,,,,,,,2.33,4,,上市,112,2535,,,,,,,,93978,,74177,,,,,,93978,,,,161559,,-65046,30139,600388,570249,570249,408690,,96513,,74177,,93978,,,,,
,,7750,新代,,,-36038,,,,,,,,,,10.85,4,,上市,112,198458,,,,,,,,650851,,614813,,,,,,650851,,,,792677,,56632,4635089,7872338,3237249,3237249,2444572,,849309,,614813,,650851,,,,,
,,7760,享溫馨,,,13639,,,,,,,,,,2.93,4,,上市,112,31333,,,,,,,,125125,,138764,,,,,,,,,,154427,,2031,702003,1203552,501549,501549,347122,,156458,,,,125125,,,,,
,,7765,中華資安,,,,,,,,,,,,,7.80,4,,上市,112,69437,,,,,,,,269509,,269509,,,,,,,,,,343374,,-4428,1036479,1696459,659980,659980,316606,,338946,,,,269509,,,,,
,,7768,頌勝科技,,,-2968,,,,,,,,,,0.90,4,,上市,112,35208,,,,,,,,74174,,71206,,,,,24574,47036,2564,,,92359,,17023,963188,1639092,675904,675904,583545,,109382,20846,48038,2322,74174,,,,,
,,7769,鴻勁,,,-8477,,,,,,,,,,19.17,4,,上市,112,818833,,,,,,,,3067812,,3059335,,,,,,3067812,0,,,3765965,,120680,4822871,9489437,4666566,4666566,900601,,3886645,,3059335,0,3067812,,,,,
,,7780,大研生醫*,,,,,,,,,,,,,10.32,4,,上市,112,34995,,,,,,,,160354,,160354,,,,,,,,,,204149,,-8800,376658,1190415,813757,813757,609608,,195349,,,,160354,,,,,
,,7786,東方風能,,,-580,,,,,,,,,,7.07,4,,上市,112,272012,,,,,,,,1004370,,1003790,,,,,,,,,,1309253,,-32871,3556710,5006398,1449688,1449688,140435,,1276382,,,,1004370,,,,,
,,7788,松川精密,,,-23829,,,,,,,,,,6.17,4,,上市,112,25489,,,,,,,,377027,,353198,,,,,0,379998,-2971,,,345947,,56569,3953487,5480327,1526840,1526840,1180893,,402516,0,356087,-2889,377027,,,,,
,,7791,皇家可口,,,222502,,,,,,,,,,3.66,4,,上市,112,49984,,,,,,,,354744,,577246,,,,,,350563,4181,,,319246,,85482,1954214,3031504,1077290,1077290,758044,,404728,,573169,4077,354744,,,,,
,,7795,長廣,,,-51557,,,,,,,,,,5.66,4,,上市,112,254323,,,,,,,,295559,,244002,,,,,0,295559,,,,557535,,-7653,1303001,2360965,1057964,1057964,500429,,549882,0,244002,,295559,,,,,
,,7799,禾榮科,,,,,,,,,,,,,-1.18,4,,上市,112,0,,,,,,,,-126390,,-126390,,,,,,,,,,-129510,,3120,109,238,129,129,129639,,-126390,,,,-126390,,,,,
,,7803,雲象科技-創,,,,,,,,,,,,,-1.27,4,,上市,112,0,,,,,,,,-74064,,-74064,,,,,,,,,,-74897,,833,42072,101824,59752,59752,134649,,-74064,,,,-74064,,,,,
,,7818,溢泰實業,,,41687,,,,,,,,,,4.86,4,,上市,112,170413,,,,,,,,643836,,685523,,,,,25111,618943,-218,,,931769,,-117520,8666560,12004527,3337967,3337967,2406198,,814249,24944,660797,-218,643836,,,,,
,,7821,神數,,,255,,,,,,,,,,1.16,4,,上市,112,16253,,,,,,,,123431,,123686,,,,,,123431,,,,107318,,32366,3517273,4961249,1443976,1443976,1336658,,139684,,123686,,123431,,,,,
,,7822,倍利科,,,,,,,,,,,,,-2.46,4,,上市,112,,,,,,,,,-79273,,-79273,,,,,,-79273,,,,-83982,,4709,89416,208534,119118,119118,203100,,-79273,,-79273,,-79273,,,,,
,,7823,奧義賽博-KY創,,,172,,,,,,,,,,2.10,4,,上市,112,20439,,,,,,,,33754,,33926,,,,,31824,1930,,,,42277,,11916,22882,304794,281912,281912,239635,,54193,31824,2102,,33754,,,,,
,,7827,漢康-KY創,,,7335,,,,,,,,,,-1.85,4,,上市,112,,,,,,,,,-591373,,-584038,,,,,,-591356,-17,,,-538051,,-53322,0,0,0,0,538051,,-591373,,-584021,-17,-591373,,,,,
,,8011,台通,,,591,,,,,,,,,,0.09,4,,上市,112,-5114,,,,,,,,36871,,37462,,,,,,14264,22607,,,53541,,-21784,1718506,2035237,316731,316731,263190,,31757,,14862,22600,36871,,,,,
,,8016,矽創,982,,213466,,,,,,,,,,15.50,4,,上市,112,424021,,,,,,,,2416544,,2630010,,,,,,1858341,558203,,,2503555,,337010,11009189,16722891,5713702,5713702,3211129,,2840565,,2066424,563586,2416544,,,,,
,,8021,尖點,6158,,-58186,,,,,,,,,,-0.25,4,,上市,112,175567,,,,,,,,-38547,,-96733,,,,,,-36026,-2521,,,81802,,55218,2131722,2748486,616764,616764,541120,,137020,,-96859,126,-38547,,,,,
,,8028,昇陽半導體,,,1851,,,,,,,,,,2.02,4,,上市,112,38043,,,,,,,,311994,,313845,,,,,,,,,,229421,,120616,2571184,3327700,756516,756516,527095,,350037,,,,311994,,,,,
,0,8033,雷虎,,,5515,,,,,,,,,,-0.18,4,,上市,112,-893,,,,,,,,-23450,,-17935,,,,,,-25872,2422,,,-56733,,32390,594129,985135,391006,391006,447739,,-24343,,-20342,2407,-23450,,,,,
,,8039,台虹,,,167525,,,,,,,,,,2.02,4,,上市,112,121596,,,,,,,,360723,,528248,,,,,,422974,-62251,,,487598,,-5279,6359012,8150519,1791507,1791507,1303909,,482319,,590966,-62718,360723,,,,,
,,8045,達運光電,,,-1034,,,,,,,,,,5.00,4,,上市,112,148642,,,,,,,,407924,,406890,,,,,,407932,-8,,,566831,,-10265,1302568,2325348,1022780,1022780,455949,,556566,,406900,-10,407924,,,,,
,,8046,南電,,,-269,,,,,,,,,,9.00,4,,上市,112,1290069,,,,,,,,5816589,,5816320,,,,,,5816589,,,,6329982,,776676,34075178,42252578,8177400,8177400,1847418,,7106658,,5816320,,5816589,,,,,
,,8070,長華*,,,3724543,,,,,,,,,,2.19,4,,上市,112,439297,,,,,,,,2248755,,5973298,,,,,,1477214,771541,,,1680410,,1007642,13418254,16490002,3071748,3071748,1391338,,2688052,,5110057,863241,2248755,,,,,
,,8072,陞泰,,,3533,,,,,,,,,,0.73,4,,上市,112,20469,,,,,,,,68870,,72403,,,,,,58603,10267,,,11969,,77370,951991,1159521,207530,207530,195561,,89339,,62628,9775,68870,,,,,
,,8081,致新,,,567417,,,,,,,,,,17.33,4,,上市,112,299450,,,,,,,,1485949,,2053366,,,,,,1486073,-124,,,1585250,,200149,4713060,7910870,3197810,3197810,1612560,,1785399,,1817577,235789,1485949,,,,,
,,8101,華冠,,,-5235,,,,,,,,,,-2.79,4,,上市,112,0,,,,,,,,-203535,,-208770,,,,,,-203449,-86,,,-186626,,-16909,166838,167942,1104,1104,187730,,-203535,,-208684,-86,-203535,,,,,
,,8103,瀚荃,,,-56840,,,,,,,,,,2.76,4,,上市,112,126206,,,,,,,,215018,,158178,,,,,,217909,-2891,,,297059,,44165,1950399,2958621,1008222,1008222,711163,,341224,,160746,-2568,215018,,,,,
,,8104,錸寶,,,-987,,,,,,,,,,-3.08,4,,上市,112,200464,,,,,,,,-204627,,-205614,,,,,,-226908,22281,,,-60560,,56397,2366167,2682217,316050,316050,376610,,-4163,,-227442,21828,-204627,,,,,
,,8105,凌巨,,,-10787,,,,,,,,,,0.53,4,,上市,112,43333,,,,,,,,236156,,225369,,,,,,236156,,,,108646,,170843,8286086,9042115,756029,756029,647383,,279489,,225369,,236156,,,,,
,,8110,華東,,,601516,,,,,,,,,,-0.01,4,,上市,112,-37553,,,,,,,,-112652,,488864,,,,,,-6809,-105843,,,-254731,,104526,7144004,7276069,132065,132065,386796,,-150205,,596716,-107852,-112652,,,,,
,,8112,至上,,,-41169,,,,,,,,,,4.70,4,,上市,112,817215,,,,,,,,2438984,,2397815,,,,,,2162204,276780,,,4479885,,-1223686,145648169,152145178,6497009,6497009,2017124,,3256199,,2125884,271931,2438984,,,,,
,,8114,振樺電,,,-9903,,,,,,,,,,5.55,4,,上市,112,287479,,,,,,-3,,730153,,720250,,,,,,419558,310595,,,1136370,,-118738,6105619,9865732,3760113,3760116,2623746,,1017632,,408690,311560,730153,,,,,
,,8131,福懋科,,,24983,,,,,,,,,,1.20,4,,上市,112,93074,,,,,,,,530215,,555198,,,,,,,,,,337381,,285908,7045693,7648594,602901,602901,265520,,623289,,,,530215,,,,,
,,8150,南茂,85943,,-179057,,,,,,,,,,2.60,4,,上市,112,374798,,,,,,,,1893428,,1714371,,,,,,1893428,,,,1908452,,359774,17806803,21356228,3549425,3549425,1726916,,2268226,,1714371,,1893428,,,,,
,,8162,微矽電子-創,,,956,,,,,,,,,,-0.39,4,,上市,112,-3203,,,,,,,,-26279,,-25323,,,,,,,,,,-38559,,9077,779751,904879,125128,125128,163687,,-29482,,,,-26279,,,,,
,,8163,達方,,,945051,,,,,,,,,,5.91,4,,上市,112,1046631,,,,,,,,1897101,,2842152,,,,,,1650873,246228,,,1164490,,1779242,21190731,25791522,4600791,4600791,3436301,,2943732,,2552371,289781,1897101,,,,,
,,8201,無敵,,,-3782,,,,,,,,,,-1.14,4,,上市,112,0,,,,,,,,-70965,,-74747,,,,,,-70965,,,,-86890,,15925,437342,516232,78890,78890,165780,,-70965,,-74747,,-70965,,,,,
,,8210,勤誠,15182,,5257,,,,,,,,,,9.03,4,,上市,112,322596,,,,,,,,1107040,,1112297,,,,,,1085456,21584,,,1461716,,-32080,8673431,11247258,2573827,2573827,1127293,,1429636,,1090713,21584,1107040,,,,,
,,8213,志超,,,-327364,,,,,,,,,,4.03,4,,上市,112,523494,,,,,,,,1131120,,803756,,,,,,1094091,37029,,,1635102,,19512,16067641,18933840,2866199,2866199,1231097,,1654614,,777369,26387,1131120,,,,,
,,8215,明基材,,,-26098,,,,,,,,,,1.29,4,,上市,112,126918,,,,,,,,503791,,477693,,,,,,414352,89439,,,591705,,39004,13944978,17127523,3182545,3182545,2590840,,630709,,390503,87190,503791,,,,,
,,8222,寶一,,,-593,,,,,,,,,,0.88,4,,上市,112,0,,,,,,,,60626,,60033,,,,,,,,,,36988,,23638,550091,683831,133740,133740,96752,,60626,,,,60626,,,,,
,,8249,菱光,,,1272892,,,,,,,,,,2.18,4,,上市,112,82461,,,,,,,,246790,,1519682,,,,,,246790,,,,237191,,92060,2482393,3056224,573831,573831,336640,,329251,,1519682,,246790,,,,,
,,8261,富鼎,,,12251,,,,,,,,,,2.83,4,,上市,112,64724,,,,,,,,329666,,341917,,,,,,330426,-760,,,308896,,85494,2106147,2851162,745015,745015,436119,,394390,,342634,-717,329666,,,,,
,,8271,宇瞻,,,-5505,,,,,,,,,,4.51,4,,上市,112,143677,,,,,,,,604712,,599207,,,,,,553046,51666,,,710534,,37855,5852804,7631446,1778642,1778642,1068108,,748389,,547541,51666,604712,,,,,
,,8341,日友,,,-50352,,,,,,,,,,3.40,4,,上市,112,121321,,,,,,,,425232,,374880,,,,,,408557,16675,,,602708,,-56155,1914637,3256897,1342260,1342260,739552,,546553,,358846,16034,425232,,,,,
,,8367,建新國際,,,6119,,,,,,,,,,3.25,4,,上市,112,67027,,,,,,,,342010,,348129,,,,,,285033,56977,,,381152,,27885,1624149,2320530,696381,696381,315229,,409037,,290991,57138,342010,,,,,
,,8374,羅昇,,,-137,,,,,,,,,,-0.19,4,,上市,112,10957,,,,,,,,-17080,,-17217,,,,,0,-20946,3866,,,-13473,,7350,2429143,3051803,622660,622660,636133,,-6123,0,-23253,6036,-17080,,,,,
,,8404,百和興業-KY,,,-127495,,,,,,,,,,-1.90,4,,上市,112,45544,,,,,,,,-627318,,-754813,,,,,,-627254,-64,,,-66668,,-515106,3718686,5269433,1550747,1550747,1617415,,-581774,,-754735,-78,-627318,,,,,
,,8411,福貞-KY,,,-134153,,,,,,,,,,0.15,4,,上市,112,74553,,,,,,,,33634,,-100519,,,,,,31803,1831,,,190405,,-82218,7417710,8260364,842654,842654,652249,,108187,,-102350,1831,33634,,,,,
,,8422,可寧衛*,,,-1138,,,,,,,,,,9.12,4,,上市,112,289414,,,,,,,,979339,,978201,,,,,,993987,-14648,,,1260783,,7970,2455881,4265266,1809385,1809385,548602,,1268753,,992849,-14648,979339,,,,,
,,8429,金麗-KY,,,-123538,,,,,,,,,,-0.08,4,,上市,112,1579,,,,,,,,-14483,,-138021,,,,,,-13965,-518,,,-42139,,29235,201582,209995,8413,8413,50552,,-12904,,-137501,-520,-14483,,,,,
,,8438,昶昕,,,-8800,,,,,,,,,,1.28,4,,上市,112,37236,,,,,,,,89292,,80492,,,,,,89292,,,,119909,,6619,2672840,3059344,386504,386504,266595,,126528,,80492,,89292,,,,,
,,8442,威宏-KY,,,-6895,,,,,,,,,,10.07,4,,上市,112,12925,,,,,,,,616566,,609671,,,,,,616566,,,,677052,,-47561,6312860,7921165,1608305,1608305,931253,,629491,,609671,,616566,,,,,
,,8443,阿瘦,,,-18,,,,,,,,,,0.25,4,,上市,112,0,,,,,,,,17011,,16993,,,,,,17020,-9,,,3761,,13250,488069,1178163,690094,690094,686333,,17011,,17002,-9,17011,,,,,
,,8454,富邦媒,162734,,4977,,,,,,,,,,15.10,4,,上市,112,811437,,,,,,,,3628792,,3633769,,,,,,3628069,723,,,4384662,,55567,98700012,109242918,10542906,10542906,6320978,,4440229,,3633062,707,3628792,,,,,
,,8462,柏文,,,6141,,,,,,,,,,1.50,4,,上市,112,31611,,,,,,,,113622,,119763,,,,,,112142,1480,,,218632,,-73399,3263833,4296207,1032374,1032374,813742,,145233,,118283,1480,113622,,,,,
,,8463,潤泰材,,,-7280,,,,,,,,,,0.77,4,,上市,112,43474,,,,,,,,210954,,203674,,,,,,114983,95971,,,290308,,-35880,4875858,5500872,625014,625014,334706,,254428,,109178,94496,210954,,,,,
,,8464,億豐,,,234776,,,,,,,,,,18.73,4,,上市,112,2383012,,,,,,,,5649668,,5884444,,,,,,5487702,161966,,,6970135,,1062545,11981477,26913391,14931914,14931914,7961779,,8032680,,5713406,171038,5649668,,,,,
,,8466,美吉吉-KY,,,-15304,,,,,,,,,,-0.98,4,,上市,112,101917,,,,,,,,-95623,,-110927,,,,,,-64313,-31310,,,-9293,,15587,2284358,2702434,418076,418076,427369,,6294,,-80105,-30822,-95623,,,,,
,,8467,波力-KY,,,-69060,,,,,,,,,,7.69,4,,上市,112,67123,,,,,,,,384806,,315746,,,,,,386868,-2062,,,413484,,38445,1209494,1988058,778564,778564,365080,,451929,,317772,-2026,384806,,,,,
,,8473,山林水,,,48788,,,,,,,,,,0.27,4,,上市,112,121386,,,,,,,,162409,,211197,,,,,,39751,122658,,,406952,,-123157,3060580,3679679,619099,619099,212147,,283795,,89475,121722,162409,,,,,
,,8476,台境*,,,-2410,,,,,,,,,,4.49,4,,上市,112,63776,,,,,,,,367823,,365413,,,,,,362631,5192,,,430508,,1091,979936,1543497,563561,563561,133053,,431599,,360221,5192,367823,,,,,
,,8478,東哥遊艇,,,-30894,,,,,,,,,,23.66,4,,上市,112,133172,,,,,,,,2081427,,2050533,,,,,,2081427,,,,2191914,,22685,3276915,6325111,3048196,3048196,856282,,2214599,,2050533,,2081427,,,,,
,,8481,政伸,,,-4667,,,,,,,,,,1.88,4,,上市,112,29996,,,,,,,,124892,,120225,,,,,,124892,,,,138539,,16349,565327,993686,428359,428359,289820,,154888,,120225,,124892,,,,,
,,8482,商億-KY,,,-26715,,,,,,,,,,2.87,4,,上市,112,96904,,,,,,,,292682,,265967,,,,,,308637,-15955,,,387406,,2180,2330496,3611871,1281375,1281375,893969,,389586,,282415,-16448,292682,,,,,
,,8487,愛爾達-創,,,-929,,,,,,,,,,5.98,4,,上市,112,36148,,,,,,,,136163,,135234,,,,,,,,,,170659,,1652,625544,968411,342867,342867,172208,,172311,,,,136163,,,,,
,,8488,吉源-KY,,,-40531,,,,,,,,,,-1.75,4,,上市,112,46620,,,,,,,,-118051,,-158582,,,,,,-118051,,,,-8740,,-62691,3598840,3833440,234600,234600,243340,,-71431,,-158582,,-118051,,,,,
,,8499,鼎炫-KY,,,-202093,,,,,,,,,,8.97,4,,上市,112,137205,,,,,,,,571004,,368911,,,,,,424472,146532,,,400600,,307609,1079824,1848631,768807,768807,368207,,708209,,285849,83062,571004,,,,,
,,8926,台汽電,,,164,,,,,,,,,,1.82,4,-23699,上市,112,60833,,,,,,,,1242385,,1242549,,,,,,1252275,-9890,,,-16381,,1319599,4805144,5348402,543258,519559,535940,,1303218,,1252439,-9890,1242385,,,,,
,,8940,新天地,409,,-211,,,,,,,,,,1.58,4,,上市,112,37900,,,,,,,,117494,,117283,,,,,,106393,11101,,,165590,,-10196,729063,1540886,811823,811823,646642,,155394,,106182,11101,117494,,,,,
,,8996,高力,,,-20702,,,,,,,,,,6.45,4,,上市,112,153120,,,,,,,,576526,,555824,,,,,,576526,,,,711438,,18208,3101722,4325671,1223949,1223949,512511,,729646,,555824,,576526,,,,,
,,9802,鈺齊-KY,,,-290275,,,,,,,,,,7.87,4,,上市,112,543675,,,,,,,,1496978,,1206703,,,,,,1496978,0,,,1805796,,234857,13698439,16893226,3194787,3194787,1388991,,2040653,,1206703,0,1496978,,,,,
,,9902,台火,,,,,,,,,,,,,0.32,4,,上市,112,112,,,,,,,,31456,,31456,,,,,,31350,106,,,-15017,,46585,276421,291892,15471,15471,30488,,31568,,31350,106,31456,,,,,
,,9904,寶成,,,11257645,,,,,,,,,,3.61,4,,上市,112,3493200,,,,,,,,15973481,,27231126,,,,,,10623608,5349873,,,10215593,,9251088,185522719,246633714,61110995,61110995,50895402,,19466681,,23018261,4212865,15973481,,,,,
,,9905,大華,,,-22028,,,,,,,,,,1.45,4,,上市,112,154392,,,,,,,,438365,,416337,,,,,,442160,-3795,,,468003,,124754,7492921,8404848,911927,911927,443924,,592757,,424858,-8521,438365,,,,,
,,9906,欣巴巴,,,,,,,,,,,,,6.24,4,,上市,112,150503,,,,,,,,520445,,520445,,,,,,520445,,,,704881,,-33933,2648365,3727915,1079550,1079550,374669,,670948,,520445,,520445,,,,,
,,9907,統一實,,,-479526,,,,,,,,,,0.43,4,,上市,112,429692,,,,,,,,594900,,115374,,,,,,681165,-86265,,,1051754,,-27162,31900081,35240202,3340121,3340121,2288367,,1024592,,231377,-116003,594900,,,,,
,,9908,大台北,-4246,,491361,,,,,,,,,,2.32,4,,上市,112,151939,,,,,,,,1215247,,1706608,,,,,,1159898,55349,,,639246,,727940,2576434,3468819,892385,892385,248893,,1367186,,1630265,76343,1215247,,,,,
,,9910,豐泰,,,-48148,,,,,,,,,,5.04,4,,上市,112,1635142,,,,,,,,5445937,,5397789,,,,,,4974908,471029,,,6583652,,497427,67991313,85767264,17775951,17775951,11192299,,7081079,,4953248,444541,5445937,,,,,
,,9911,櫻花,,,54674,,,,,,,,,,4.90,4,,上市,112,296229,,,,,,,,1069107,,1123781,,,,,,1072204,-3097,,,1230103,,135233,5388868,8272415,2883547,2883547,1653444,,1365336,,1126878,-3097,1069107,,,,,
,,9912,偉聯,,,7726,,,,,,,,,,-0.59,4,,上市,112,876,,,,,,,,-56773,,-49047,,,,,,-29820,-26953,,,-41292,,-14605,312110,510587,198477,198477,239769,,-55897,,-22094,-26953,-56773,,,,,
,,9914,美利達,,,157295,,,,,,,,,,5.66,4,,上市,112,950895,,,,,,-509805,,1798762,,1956057,,,,,,1691823,106939,,,3385943,,-636286,22147087,27261117,5114030,5623835,2237892,,2749657,,1814889,141168,1798762,,,,,
,0,9917,中保科,,,43962,,,,,,,,,,5.85,4,,上市,112,569915,,,,,,,,2621994,,2665956,,,,,,2591253,30741,,,2640414,,551495,11495601,17073977,5578376,5578376,2937962,,3191909,,2630249,35707,2621994,,,,,
,,9918,欣天然,,,1539,,,,,,,,,,2.00,4,,上市,112,61045,,,,,,,,355885,,357424,,,,,,355885,,,,295893,,121037,1367465,1932392,564927,564927,269034,,416930,,357424,,355885,,,,,
,,9919,康那香,,,-54978,,,,,,,,,,3.37,4,,上市,112,519185,,,,,,,,658685,,603707,,,,,,658685,,,,-485685,,1663555,2812133,2938256,126123,126123,611808,,1177870,,603707,,658685,,,,,
,,9921,巨大,,,-93534,,,,,,,,,,8.68,4,,上市,112,1232742,,,,,,,,3566392,,3472858,,,,,,3401394,164998,,,4709320,,89814,59980253,76953546,16973293,16973293,12263973,,4799134,,3372923,99935,3566392,,,,,
,,9924,福興,,,-63821,,,,,,,,,,5.03,4,,上市,112,327088,,,,,,,,949623,,885802,,,,,,947274,2349,,,1146812,,129899,7008567,9073439,2064872,2064872,918060,,1276711,,882586,3216,949623,,,,,
,,9925,新保,,,552615,,,,,,,,,,2.43,4,,上市,112,192220,,,,,,,,1007806,,1560421,,,,,,937877,69929,,,875604,,324422,5014024,7712701,2698677,2698677,1823073,,1200026,,1441113,119308,1007806,,,,,
,,9926,新海,-788,,262196,,,,,,,,,,2.61,4,,上市,112,104456,,,,,,,,467741,,729937,,,,,,467741,,,,481837,,90360,1638119,2289495,651376,651376,168751,,572197,,729937,,467741,,,,,
,,9927,泰銘,,,-34980,,,,,,,,,,5.94,4,,上市,112,278887,,,,,,,,996741,,961761,,,,,,993835,2906,,,1136485,,139143,7818245,9215571,1397326,1397326,260841,,1275628,,958676,3085,996741,,,,,
,,9928,中視,,,31462,,,,,,,,,,-0.14,4,,上市,112,894,,,,,,,,-8528,,22934,,,,,,-8528,0,,,-53212,,45578,867085,987532,120447,120447,173659,,-7634,,22934,0,-8528,,,,,
,,9929,秋雨,,,51971,,,,,,,,,,-1.04,4,,上市,112,878,,,,,,,,-141008,,-89037,,,,,,-105606,-35402,,,-6376,,-133754,630898,701308,70410,70410,76786,,-140130,,-53635,-35402,-141008,,,,,
,,9930,中聯資源,,,-63378,,,,,,,,,,3.38,4,,上市,112,201532,,,,,,,,858013,,794635,,,,,,839555,18458,,,1074272,,-14727,10838732,12394902,1556170,1556170,481898,,1059545,,780191,14444,858013,,,,,
,,9931,欣高,,,148434,,,,,,,,,,1.44,4,,上市,112,41157,,,,,,,,174328,,322762,,,,,,173220,1108,,,170610,,44875,995408,1228098,232690,232690,62080,,215485,,318047,4715,174328,,,,,
,,9933,中鼎,,,-270237,,,,,,,,,,2.39,4,,上市,112,646369,,,,,,,,2855326,,2585089,,,,,,1891316,964010,,,3278959,,222736,98169881,103527201,5357320,5357320,2078361,,3501695,,1637578,947511,2855326,,,,,
,,9934,成霖,,,14470,,,,,,,,,,1.52,4,,上市,112,206849,,,,,,,,605101,,619571,,,,,,605101,,,,331056,,480894,12694083,18313929,5619846,5619846,5288790,,811950,,619571,,605101,,,,,
,,9935,慶豐富,,,-29296,,,,,,,,,,0.60,4,,上市,112,50305,,,,,,,,104004,,74708,,,,,,104004,,,,243734,,-89425,3637227,4547224,909997,909997,666263,,154309,,74708,,104004,,,,,
,,9937,全國,,,64691,,,,,,,,,,2.53,4,,上市,112,189977,,,,,,,,782951,,847642,,,,,,782951,0,,,816420,,156508,21807234,24535217,2727983,2727983,1911563,,972928,,847642,0,782951,,,,,
,,9938,百和,,,-98643,,,,,,,,,,1.95,4,,上市,112,193588,,,,,,,,277196,,178553,,,,,,581179,-303983,,,1049798,,-579014,8617228,12445203,3827975,3827975,2778177,,470784,,517648,-339095,277196,,,,,
,,9939,宏全,,,-274114,,,,,,,,,,8.60,4,,上市,112,596780,,,,,,,,2559986,,2285872,,,,,,2474180,85806,,,3181838,,-25072,20789102,26409207,5620105,5620105,2438267,,3156766,,2211477,74395,2559986,,,,,
,,9940,信義,,,-287634,,,,,,,,,,2.39,4,,上市,112,598470,,,,,,,,1771354,,1483720,,,,,,1760980,10374,,,2051988,,317836,10420582,14204918,3784336,3784336,1732348,,2369824,,1473515,10205,1771354,,,,,
,,9941,裕融,,,-208923,,,,,,,,,,11.07,4,,上市,112,2022656,,,,,,,,6403448,,6194525,,,,,,6274510,128938,,,7837707,,588397,18810546,41489371,22678825,22678825,14841118,,8426104,,6106679,87846,6403448,,,,,
,,9942,茂順,,,-19901,,,,,,,,,,11.77,4,-5053,上市,112,348391,,,,,,,,980511,,960610,,,,,,979206,1305,,,1306083,,22819,2810271,4786526,1976255,1971202,665119,,1328902,,959297,1313,980511,,,,,
,,9943,好樂迪,,,33454,,,,,,,,,,8.81,4,,上市,112,137728,,,,,,,,745375,,778829,,,,,,745275,100,,,650917,,232186,1267472,2771639,1504167,1504167,853250,,883103,,778679,150,745375,,,,,
,,9944,新麗,,,-24822,,,,,,,,,,1.49,4,,上市,112,195211,,,,,,,,176466,,151644,,,,,,157614,18852,,,-84116,,455793,1645778,2114906,469128,469128,553244,,371677,,132530,19114,176466,,,,,
,,9945,潤泰新,,,10933397,,,,,,,,,,2.65,4,,上市,112,784957,,,,,,,,9028059,,19961456,,,,,,7744515,1283544,,,5016398,,4796618,20213330,27394143,7180813,7180813,2164415,,9813016,,18690448,1271008,9028059,,,,,
,,9946,三發地產,,,73800,,,,,,,,,,0.27,4,,上市,112,5258,,,,,,,,88856,,162656,,,,,,88856,,,,115475,,-21361,696423,963121,266698,266698,151223,,94114,,162656,,88856,,,,,
,,9955,佳龍,,,-1908,,,,,,,,,,-0.79,4,,上市,112,0,,,,,,,,-81739,,-83647,,,,,,-81739,0,,,-74242,,-7497,1100525,1140082,39557,39557,113799,,-81739,,-83647,0,-81739,,,,,
,,9958,世紀鋼,,,54347,,,,,,,,,,4.46,4,,上市,112,341691,,,,,,,,1339442,,1393789,,,,,,1046617,292825,,,1956074,,-274941,12047361,14515598,2468237,2468237,512163,,1681133,,1100919,292870,1339442,,,,,
