保險負債準備淨變動,停業單位損益,公司代號,公司名稱,其他收益及費損淨額,其他綜合損益,其他綜合損益（淨額）,其他綜合損益（稅後淨額）,其他綜合損益（稅後）,利息以外淨損益,利息以外淨收益,利息淨收益,原始認列生物資產及農產品之利益（損失）,合併前非屬共同控制股權損益,合併前非屬共同控制股權綜合損益淨額,呆帳費用、承諾及保證責任準備提存,基本每股盈餘（元）,季別,已實現銷貨（損）益,市場,年度,所得稅費用（利益）,所得稅（費用）利益,支出,支出及費用,收入,收益,未實現銷貨（損）益,本期其他綜合損益（稅後淨額）,本期淨利（淨損）,本期稅後淨利（淨損）,本期綜合損益總額,本期綜合損益總額（稅後）,淨利（損）歸屬於共同控制下前手權益,淨利（損）歸屬於母公司業主,淨利（損）歸屬於非控制權益,淨利（淨損）歸屬於共同控制下前手權益,淨利（淨損）歸屬於母公司業主,淨利（淨損）歸屬於非控制權益,淨收益,營業利益,營業利益（損失）,營業外損益,營業外收入及支出,營業成本,營業收入,營業毛利（毛損）,營業毛利（毛損）淨額,營業費用,生物資產當期公允價值減出售成本之變動利益（損失）,稅前淨利（淨損）,綜合損益總額歸屬於共同控制下前手權益,綜合損益總額歸屬於母公司業主,綜合損益總額歸屬於非控制權益,繼續營業單位本期淨利（淨損）,繼續營業單位本期稅後淨利（淨損）,繼續營業單位本期純益（純損）,繼續營業單位稅前損益,繼續營業單位稅前淨利（淨損）,繼續營業單位稅前純益（純損）
,,1101,台泥,,,16570238,,,,,,,,,,1.45,4,,上市,113,7203262,,,,,,,,15629497,,32199735,,,,,,11259317,4370180,,,17126617,,5706142,121878486,154606511,32728025,32728025,15601408,,22832759,,25287948,6911787,15629497,,,,,
,,1102,亞泥,,,8294575,,,,,,,,,,3.86,4,,上市,113,3351716,,,,,,,,12653279,,20947854,,,,,,12889728,-236449,,,7963736,,8041259,65190325,76297459,11107134,11107134,3143398,,16004995,,19993277,954577,12653279,,,,,
,,1103,嘉泥,,,-847740,,,,,,,,,,0.48,4,,上市,113,48373,,,,,,,,337411,,-510329,,,,,,319580,17831,,,-151949,,537733,2550390,2985357,434967,434967,586916,,385784,,-497875,-12454,337411,,,,,
,,1104,環泥,,,1518216,,,,,,,,,,2.16,4,,上市,113,276758,,,,,,,,1530338,,3048554,,,,,,1482287,48051,,,1057461,,749635,6355678,7953734,1598056,1598056,540595,,1807096,,3000298,48256,1530338,,,,,
,,1108,幸福,403,,25720,,,,,,,,,,1.22,4,,上市,113,112586,,,,,,,,493937,,519657,,,,,,493938,-1,,,639270,,-32747,3939390,4867094,927704,927704,288837,,606523,,519658,-1,493937,,,,,
,,1109,信大,,,175018,,,,,,,,,,1.38,4,,上市,113,187437,,,,,,,,524281,,699299,,,,,,469398,54883,,,651364,,60354,3664642,4656290,991648,991648,340284,,711718,,590400,108899,524281,,,,,
,,1110,東泥,,,258036,,,,,,,,,,0.61,4,,上市,113,56961,,,,,,,,377223,,635259,,,,,,348485,28738,,,336016,,98168,2349919,2872958,523039,523039,187023,,434184,,606431,28828,377223,,,,,
,,1201,味全,,,128723,,,,,,,,,,0.87,4,,上市,113,177255,,,,,,,,443702,,572425,,,,,,442713,989,,,585722,,35235,17050563,23473804,6423241,6423241,5837519,,620957,,571417,1008,443702,,,,,
,0,1203,味王,,,153905,,,,,,,,,,2.36,4,,上市,113,327122,,,,,,,,864201,,1018106,,,,,,561042,303159,,,1074811,,116512,4163195,6287463,2124268,2124268,1049457,,1191323,,667426,350680,864201,,,,,
,,1210,大成,,,829774,,,,,,,,,,4.21,4,,上市,113,1203589,,,,,,,,4416069,,5245843,,,,,,3529389,886680,,,5336706,,282952,87948997,102749063,14800066,14800066,9463360,,5619658,,4063160,1182683,4416069,,,,,
,,1213,大飲,,,3,,,,,,,,,,8.71,4,,上市,113,25701,,,,,,,,493229,,493232,,,,,,493229,,,,-85318,,604248,233019,190548,-42471,-42471,42847,,518930,,493232,,493229,,,,,
,,1215,卜蜂,35813,,623343,,,,,,,,,,6.55,4,,上市,113,458845,,,,,,,,1896242,,2519585,,,,,,1929846,-33604,,,2293129,,61958,23360580,27957258,4596678,4596678,2339362,,2355087,,2552499,-32914,1896242,,,,,
,,1216,統一,,,7897352,,,,,,,,,,3.64,4,,上市,113,9894897,,,,,,,,32332275,,40229627,,,,,,20673286,11658989,,,33826773,,8400399,442507068,657636534,215129466,215129466,181302693,,42227172,,27334850,12894777,32332275,,,,,
,,1217,愛之味,,,592349,,,,,,,,,,0.58,4,,上市,113,58999,,,,,,,,303272,,895621,,,,,,286939,16333,,,144228,,218043,3663059,5115585,1452526,1452526,1308298,,362271,,857259,38362,303272,,,,,
,,1218,泰山,,,-10696,,,,,,,,,,1.53,4,278,上市,113,138749,,,,,,554,,742641,,731945,,,,,,742411,230,,,617974,,263416,8792097,10682445,1890348,1890072,1272098,,881390,,731865,80,742641,,,,,
,,1219,福壽,,,5951,,,,,,,,,,0.53,4,1100,上市,113,31551,,,,,,396,,107297,,113248,,,,,,181339,-74042,,,112076,,26772,12996332,14329750,1349430,1350134,1238058,16012,138848,,186543,-73295,107297,,,,,
,,1220,台榮,,,-11037,,,,,,,,,,1.18,4,,上市,113,55306,,,,,,,,235765,,224728,,,,,,207408,28357,,,252205,,38866,2922425,3480143,557718,557718,305513,,291071,,196357,28371,235765,,,,,
,,1225,福懋油,0,,8435,,,,,,50999,,,,1.50,4,,上市,113,108948,,,,,,2100,,392474,,400909,,,,,,343986,48488,,,475104,,26318,11792866,12859087,1117220,1115120,640016,,501422,,352421,48488,392474,,,,,
,,1227,佳格,,,437073,,,,,,,,,,1.91,4,,上市,113,489512,,,,,,,,1802096,,2239169,,,,,,1733964,68132,,,1910589,,381019,21815207,28973692,7158485,7158485,5247896,,2291608,,2169065,70104,1802096,,,,,
,,1229,聯華,,,6227894,,,,,,,,,,2.46,4,,上市,113,197028,,,,,,,,4866784,,11094678,,,,,,4190598,676186,,,1330924,,3732888,10254375,12946776,2692401,2692401,1361477,,5063812,,8853700,2240978,4866784,,,,,
,,1231,聯華食,,,28087,,,,,,,,,,4.22,4,,上市,113,248827,,,,,,,,1145603,,1173690,,,,,,1145728,-125,,,1043146,,351284,9668506,12201941,2533435,2533435,1490289,,1394430,,1173182,508,1145603,,,,,
,,1232,大統益,,,24609,,,,,,,,,,8.24,4,,上市,113,338852,,,,,,,,1372514,,1397123,,,,,,1317417,55097,,,1629618,,81748,19315230,22066604,2751374,2751374,1121756,,1711366,,1341451,55672,1372514,,,,,
,,1233,天仁,,,-34028,,,,,,0,,,,0.97,4,0,上市,113,20034,,,,,,0,,87572,,53544,,,,,,88219,-647,,,82524,,25082,907168,2196394,1289226,1289226,1206702,0,107606,,53883,-339,87572,,,,,
,,1234,黑松,,,32796,,,,,,,,,,2.36,4,,上市,113,245099,,,,,,,,947398,,980194,,,,,,947398,,,,694773,,497724,7205148,10251436,3046288,3046288,2351515,,1192497,,980194,,947398,,,,,
,,1235,興泰,,,1700488,,,,,,,,,,0.08,4,,上市,113,19012,,,,,,,,-160977,,1539511,,,,,,7191,-168168,,,-8824,,-133141,75765,112698,36933,36933,45757,,-141965,,1617236,-77725,-160977,,,,,
,,1236,宏亞,,,223616,,,,,,,,,,-0.28,4,,上市,113,-625,,,,,,,,-24077,,199539,,,,,,-24077,,,,-52781,,28079,1468607,1977776,509169,509169,561950,,-24702,,199539,,-24077,,,,,
,,1256,鮮活果汁-KY,,,132045,,,,,,,,,,8.56,4,,上市,113,108430,,,,,,,,297194,,429239,,,,,,289792,7402,,,372585,,33039,2985694,4002127,1016433,1016433,643848,,405624,,412140,17099,297194,,,,,
,,1301,台塑,,,-48363543,,,,,,,,,,-0.19,4,,上市,113,-1182468,,,,,,,,-1231765,,-49595308,,,,,,-1231765,,,,-4161750,,1747517,189891929,200040347,10148418,10148418,14310168,,-2414233,,-49595308,,-1231765,,,,,
,,1303,南亞,,,-10396624,,,,,,,,,,0.42,4,,上市,113,1216300,,,,,,1054,,3307170,,-7089454,,,,,,3340129,-32959,,,447534,,4075936,241033392,259608483,18575091,18574037,18126503,,4523470,,-7350918,261464,3307170,,,,,
,,1304,台聚,,,959330,,,,,,,,,,-2.00,4,,上市,113,-608175,,,,,,,,-4909879,,-3950549,,,,,,-2147470,-2762409,,,-2008714,,-3509340,48710747,51008156,2297409,2297409,4306123,,-5518054,,-2053023,-1897526,-4909879,,,,,
,,1305,華夏,,,71327,,,,,,,,,,-1.22,4,,上市,113,-168591,,,,,,,,-751363,,-680036,,,,,,-709967,-41396,,,-842707,,-77247,10876143,11086725,210582,210582,1053289,,-919954,,-640560,-39476,-751363,,,,,
,,1307,三芳,,,464117,,,,,,,,,,3.72,4,,上市,113,396696,,,,,,,,1479402,,1943519,,,,,,1479402,,,,1560465,,315633,7481145,10779822,3298677,3298677,1738212,,1876098,,1943519,,1479402,,,,,
,,1308,亞聚,,,-838278,,,,,,,,,,-1.26,4,,上市,113,-169852,,,,,,,,-750500,,-1588778,,,,,,-750500,,,,-109442,,-810910,5896273,6031266,134993,134993,244435,,-920352,,-1588778,,-750500,,,,,
,,1309,台達化,,,-7857,,,,,,,,,,-0.56,4,,上市,113,-18730,,,,,,,,-223012,,-230869,,,,,,-223012,,,,-360968,,119226,17744822,18622910,878088,878088,1239056,,-241742,,-230869,,-223012,,,,,
,,1310,台苯,,,799723,,,,,,,,,,-0.72,4,,上市,113,-98873,,,,,,,,-383607,,416116,,,,,,-380846,-2761,,,-552319,,69839,11771760,11422940,-348820,-348820,203499,,-482480,,410436,5680,-383607,,,,,
,,1312,國喬,,,1976659,,,,,,,,,,-1.42,4,,上市,113,-355238,,,,,,,,-1704870,,271789,,,,,,-1559897,-144973,,,-1673054,,-387054,15908338,16418417,510079,510079,2183133,,-2060108,,123542,148247,-1704870,,,,,
,,1313,聯成,,,2040680,,,,,,,,,,-1.79,4,,上市,113,-329722,,,,,,,,-2383855,,-343175,,,,,,-2383855,,,,-2675857,,-37720,73496603,73320280,-176323,-176323,2499534,,-2713577,,-343175,,-2383855,,,,,
,-323042,1314,中石化,,,588680,,,,,,,,,,0.07,4,,上市,113,160643,,,,,,,,219506,,808186,,,,,,247675,-28169,,,-1906985,,2610176,29240367,29442175,201808,201808,2108793,,703191,,836101,-27915,542548,,,,,
,,1315,達新,,,-940605,,,,,,,,,,2.15,4,,上市,113,53123,,,,,,,,208897,,-731708,,,,,,205569,3328,,,-74992,,337012,1858012,2147060,289048,289048,364040,,262020,,-735782,4074,208897,,,,,
,,1316,上曜,,,-1813,,,,,,,,,,-0.79,4,,上市,113,54974,,,,,,,,-141963,,-143776,,,,,,-214390,72427,,,-101855,,14866,1010282,1491234,480952,480952,582807,,-86989,,-214572,70796,-141963,,,,,
,,1319,東陽,,,188829,,,,,,,,,,7.40,4,,上市,113,1074414,,,,,,,,4455271,,4644100,,,,,,4376915,78356,,,4813360,,716325,17065391,25596063,8530672,8530672,3717312,,5529685,,4524392,119708,4455271,,,,,
,,1321,大洋,,,-209670,,,,,,,,,,0.76,4,,上市,113,121252,,,,,,,,166934,,-42736,,,,,,166934,,,,-93054,,381240,4324319,4683170,358851,358851,451905,,288186,,-42736,,166934,,,,,
,,1323,永裕,,,115821,,,,,,,,,,2.58,4,,上市,113,16375,,,,,,,,276199,,392020,,,,,,234570,41629,,,67126,,225448,2217866,2646249,428383,428383,361257,,292574,,350391,41629,276199,,,,,
,,1324,地球,,,4384,,,,,,,,,,0.09,4,,上市,113,-4161,,,,,,,,6832,,11216,,,,,,6832,,,,-5400,,8071,651296,795197,143901,143901,149301,,2671,,11216,,6832,,,,,
,,1325,恆大,,,16972,,,,,,,,,,-0.60,4,,上市,113,375,,,,,,,,-66970,,-49998,,,,,,-51542,-15428,,,-79949,,13354,354089,317389,-36700,-36700,43249,,-66595,,-39223,-10775,-66970,,,,,
,,1326,台化,,,-70175438,,,,,,,,,,0.06,4,,上市,113,-186641,,,,,,,,1123387,,-69052051,,,,,,379411,743976,,,-1554782,,2491528,334552632,348607574,14054942,14054942,15609724,,936746,,-58591137,-10460914,1123387,,,,,
,,1337,再生-KY,,,151310,,,,,,,,,,-1.54,4,,上市,113,,,,,,,,,-414488,,-263178,,,,,,-414488,,,,-336620,,-77868,916248,817359,-98889,-98889,237731,,-414488,,-263178,,-414488,,,,,
,,1338,廣華-KY,,,55617,,,,,,,,,,-1.14,4,,上市,113,59219,,,,,,,,-45829,,9788,,,,,,-95049,49220,,,-90179,,103569,3956748,5087625,1130877,1130877,1221056,,13390,,6878,2910,-45829,,,,,
,,1339,昭輝,,,18482,,,,,,,,,,5.01,4,,上市,113,121186,,,,,,,,355035,,373517,,,,,,371612,-16577,,,362625,,113596,1241874,1932091,690217,690217,327592,,476221,,386331,-12814,355035,,,,,
,,1340,勝悅-KY,,,89181,,,,,,,,,,-5.28,4,,上市,113,-835,,,,,,,,-808030,,-718849,,,,,,-808030,,,,-408249,,-400616,510048,376371,-133677,-133677,274572,,-808865,,-718849,,-808030,,,,,
,,1341,富林-KY,,,20332,,,,,,,,,,5.38,4,,上市,113,80086,,,,,,,,282514,,302846,,,,,,282514,,,,332629,,29971,2199538,2789002,589464,589464,256835,,362600,,302846,,282514,,,,,
,,1342,八貫,0,,,,,,,,,,,,6.27,4,,上市,113,109147,,,,,,,,489578,,489578,,,,,,,,,,524253,,74472,1753754,2511442,757688,757688,233435,,598725,,,,489578,,,,,
,,1402,遠東新,1031735,,6317592,,,,,,,,,,2.00,4,556,上市,113,4999983,,,,,,,,18963658,,25281250,,,,,,10031844,8931814,,,17694405,,6269236,217016352,270953983,53937631,53938187,37275517,,23963641,,16144007,9137243,18963658,,,,,
,,1409,新纖,,783290,,,,,,,,,,,1.06,4,,上市,113,699685,,43026906,,46149165,,,,2422574,,3205864,,,,,,1705920,716654,,,,,,,,,,,,,,2420591,785273,2422574,,,,3122259,
,,1410,南染,,,-621,,,,,,,,,,0.57,4,,上市,113,9042,,,,,,,,36739,,36118,,,,,,35841,898,,,17178,,28603,156103,236718,80615,80615,63437,,45781,,35120,998,36739,,,,,
,,1413,宏洲,0,,0,,,,,,,,,,-0.17,4,,上市,113,143,,,,,,,,-22788,,-22788,,,,,,,,,,-26119,,3474,2282725,2305985,23260,23260,49379,,-22645,,,,-22788,,,,,
,,1414,東和,,,26756,,,,,,,,,,0.26,4,,上市,113,1899,,,,,,,,56666,,83422,,,,,,56666,,,,-15952,,74517,456812,523860,67048,67048,83000,,58565,,83422,,56666,,,,,
,,1416,廣豐,,,732547,,,,,,,,,,0.79,4,,上市,113,54907,,,,,,,,168832,,901379,,,,,,146930,21902,,,3874,,219865,211743,333508,121765,121765,117891,,223739,,879477,21902,168832,,,,,
,0,1417,嘉裕,,,-79491,,,,,,,,,,-0.81,4,,上市,113,23,,,,,,,,-154494,,-233985,,,,,,-154494,0,,,-250112,,95641,466047,603204,137157,137157,387269,,-154471,,-233985,0,-154494,,,,,
,,1418,東華,30786,,3637,,,,,,,,,,0.47,4,,上市,113,18005,,,,,,,,25777,,29414,,,,,,25785,-8,,,-51592,,95374,16652,10248,-6404,-6404,75974,,43782,,29422,-8,25777,,,,,
,,1419,新紡,34,,1844161,,,,,,,,,,2.90,4,,上市,113,242655,,,,,,,,869014,,2713175,,,,,,869014,,,,458306,,653363,2981067,4214489,1233422,1233422,775150,,1111669,,2713175,,869014,,,,,
,,1423,利華,,,353080,,,,,,,,,,0.81,4,,上市,113,-15397,,,,,,,,80802,,433882,,,,,,,,,,-58987,,124392,132238,104444,-27794,-27794,31193,,65405,,,,80802,,,,,
,,1432,大魯閣,,,-6491,,,,,,,,,,-0.47,4,,上市,113,0,,,,,,,,-57224,,-63715,,,,,,-46727,-10497,,,-15479,,-41745,774938,1279091,504153,504153,519632,,-57224,,-53218,-10497,-57224,,,,,
,,1434,福懋,,,-18106450,,,,,,,,,,0.89,4,,上市,113,163382,,,,,,,,1490185,,-16616265,,,,,,1490185,0,,,660581,,992986,25643868,28715705,3071837,3071837,2411256,,1653567,,-16616265,0,1490185,,,,,
,,1435,中福,,,-148902,,,,,,,,,,-0.27,4,,上市,113,0,,,,,,0,,-37053,,-185955,,,,,,,,,,-50837,,13784,1996,10679,8683,8683,59520,,-37053,,,,-37053,,,,,
,,1436,華友聯,,,1215,,,,,,,,,,19.93,4,,上市,113,493533,,,,,,,,2326674,,2327889,,,,,,2330981,-4307,,,2903114,,-82907,3372151,6955263,3583112,3583112,679998,,2820207,,2332196,-4307,2326674,,,,,
,,1437,勤益控,,,234057,,,,,,,,,,3.25,4,,上市,113,-15523,,,,,,,,661618,,895675,,,,,,661327,291,,,379590,,266505,348018,845762,497744,497744,118154,,646095,,895384,291,661618,,,,,
,,1438,三地開發,,,,,,,,,,,,,-1.54,4,,上市,113,-178,,,,,,,,-140926,,-140926,,,,,,,,,,-28973,,-112131,1166372,1166647,275,275,29248,,-141104,,,,-140926,,,,,
,,1439,雋揚,,,35057,,,,,,,,,,1.74,4,,上市,113,19492,,,,,,,,162560,,197617,,,,,,160500,2060,,,-25769,,207821,55821,98128,42307,42307,68076,,182052,,195557,2060,162560,,,,,
,,1440,南紡,,,823621,,,,,,,,,,-0.34,4,,上市,113,-42505,,,,,,,,-516029,,307592,,,,,,-558100,42071,,,-867494,,308960,16312351,17190251,877900,877900,1745394,,-558534,,253645,53947,-516029,,,,,
,,1441,大東,,,17168,,,,,,,,,,1.63,4,,上市,113,35223,,,,,,,,101452,,118620,,,,,,112419,-10967,,,-163276,,299951,1634062,1625979,-8083,-8083,155193,,136675,,128409,-9789,101452,,,,,
,,1442,名軒,,,4993,,,,,,,,,,7.17,4,,上市,113,326323,,,,,,,,2627172,,2632165,,,,,,2627172,,,,3015786,,-62291,5198755,8801948,3603193,3603193,587407,,2953495,,2632165,,2627172,,,,,
,,1443,立益物流,,,-85896,,,,,,,,,,1.81,4,,上市,113,52492,,,,,,,,211222,,125326,,,,,,245518,-34296,,,319868,,-56154,491542,924396,432854,432854,112986,,263714,,185765,-60439,211222,,,,,
,,1444,力麗,,,-98369,,,,,,,,,,0.28,4,4466,上市,113,18156,,,,,,,,246241,,147872,,,,,,272542,-26301,,,-386726,,651123,8034045,8269877,235832,240298,627024,,264397,,171303,-23431,246241,,,,,
,,1445,大宇,,,231937,,,,,,,,,,-1.52,4,,上市,113,46031,,,,,,,,-198601,,33336,,,,,,-198601,,,,-195296,,42726,1002688,989122,-13566,-13566,181730,,-152570,,33336,,-198601,,,,,
,,1446,宏和,,,-3400,,,,,,,,,,9.82,4,,上市,113,163262,,,,,,,,1352507,,1349107,,,,,,1352507,,,,1507874,,7895,1840335,3676403,1836068,1836068,328194,,1515769,,1349107,,1352507,,,,,
,,1447,力鵬,,,-301248,,,,,,,,,,0.04,4,1116,上市,113,1704,,,,,,1211,,73075,,-228173,,,,,,39939,33136,,,-412366,,487145,34439447,34825223,385776,385681,798047,,74779,,-176205,-51968,73075,,,,,
,,1449,佳和,,,-7682,,,,,,,,,,0.93,4,,上市,113,69662,,,,,,,,93052,,85370,,,,,,88336,4716,,,94731,,67983,2311585,2893638,582053,582053,487322,,162714,,82054,3316,93052,,,,,
,,1451,年興,,,163417,,,,,,,,,,1.22,4,,上市,113,75692,,,,,,,,242169,,405586,,,,,,242169,,,,154568,,163293,5723440,6420661,697221,697221,542653,,317861,,405586,,242169,,,,,
,,1452,宏益,,,12731,,,,,,,,,,0.64,4,,上市,113,12137,,,,,,,,84856,,97587,,,,,,84856,,,,-31724,,128717,1623881,1700438,76557,76557,108281,,96993,,97587,,84856,,,,,
,,1453,大將,,,,,,,,,,,,,0.02,4,,上市,113,2076,,,,,,,,1943,,1943,,,,,,1866,77,,,-35258,,39277,-4032,1375,5407,5407,40665,,4019,,1866,77,1943,,,,,
,,1454,台富,-695,,-7322,,,,,,,,,,0.10,4,,上市,113,-2955,,,,,,,,12215,,4893,,,,,,12210,5,,,-49672,,58932,1506959,1623569,116610,116610,165587,,9260,,4888,5,12215,,,,,
,,1455,集盛,,,-3479,,,,,,,,,,0.01,4,,上市,113,-23514,,,,,,,,5250,,1771,,,,,,5250,,,,-266103,,247839,9286778,9427002,140224,140224,406327,,-18264,,1771,,5250,,,,,
,,1456,怡華,270400,,0,,,,,,,,,,1.11,4,,上市,113,29527,,,,,,,,103593,,103593,,,,,,103593,,,,483176,,-350056,688897,1042275,353378,353378,140602,,133120,,103593,,103593,,,,,
,,1457,宜進,370616,,-47014,,,,,,,,,,0.91,4,,上市,113,89499,,,,,,,,318386,,271372,,,,,,211514,106872,,,525057,,-117172,3067243,3389936,322693,322693,168252,,407885,,164869,106503,318386,,,,,
,,1459,聯發,,,85853,,,,,,,,,,0.68,4,,上市,113,5394,,,,,,,,214717,,300570,,,,,,214717,0,,,-206263,,426374,1390669,1314593,-76076,-76076,130187,,220111,,300570,0,214717,,,,,
,,1460,宏遠,-13456,,256689,,,,,,,,,,-0.41,4,,上市,113,122273,,,,,,,,-278265,,-21576,,,,,,-278266,1,,,-201095,,45103,7312222,8263751,951529,951529,1139168,,-155992,,-21577,1,-278265,,,,,
,,1463,強盛新,,,18660,,,,,,,,,,3.28,4,,上市,113,22114,,,,,,,,554859,,573519,,,,,,539139,15720,,,14053,,562920,532337,643160,110823,110823,96770,,576973,,557799,15720,554859,,,,,
,,1464,得力,284438,,221089,,,,,,,,,,1.04,4,,上市,113,170560,,,,,,,,515650,,736739,,,,,,422003,93647,,,592140,,94070,9727851,11994022,2266171,2266171,1958469,,686210,,616479,120260,515650,,,,,
,,1465,偉全,,,424,,,,,,,,,,0.65,4,,上市,113,15754,,,,,,,,67583,,68007,,,,,,,,,,-54695,,138032,465982,494877,28895,28895,83590,,83337,,,,67583,,,,,
,0,1466,聚隆,,,2754,,,,,,0,,,,0.14,4,0,上市,113,-7329,,,,,,0,,17403,,20157,,,,,0,16042,1361,,,2152,,7922,2645601,2942927,297326,297326,295174,0,10074,0,18796,1361,17403,,,,,
,,1467,南緯,,,15690,,,,,,,,,,0.46,4,,上市,113,95009,,,,,,,,79131,,94821,,,,,,108340,-29209,,,65902,,108238,3975688,5037103,1061415,1061415,995513,,174140,,125491,-30670,79131,,,,,
,,1468,昶和,,,29350,,,,,,,,,,0.94,4,,上市,113,35493,,,,,,,,168903,,198253,,,,,,151316,17587,,,41602,,162794,902355,1078244,175889,175889,134287,,204396,,177621,20632,168903,,,,,
,,1470,大統新創,519,,2062,,,,,,,,,,1.13,4,,上市,113,23391,,,,,,,,97309,,99371,,,,,,97309,,,,87887,,32813,588656,788039,199383,199383,112015,,120700,,99371,,97309,,,,,
,,1471,首利,,,24814,,,,,,,,,,0.04,4,,上市,113,388,,,,,,,,6475,,31289,,,,,,6594,-119,,,-79202,,86065,244645,278293,33648,33648,112850,,6863,,28908,2381,6475,,,,,
,,1472,三洋實業,,,11220,,,,,,,,,,3.31,4,,上市,113,41467,,,,,,,,154623,,165843,,,,,,154623,,,,152598,,43492,2048232,2335467,287235,287235,134637,,196090,,165843,,154623,,,,,
,,1473,台南,,,178951,,,,,,,,,,3.02,4,,上市,113,79100,,,,,,,,441322,,620273,,,,,,441322,,,,371601,,148821,6080962,7446360,1365398,1365398,993797,,520422,,620273,,441322,,,,,
,,1474,弘裕,,,26955,,,,,,,,,,0.82,4,,上市,113,6097,,,,,,,,107692,,134647,,,,,,106924,768,,,-62607,,176396,2879221,3168177,288956,288956,351563,,113789,,133631,1016,107692,,,,,
,,1475,業旺,,,,,,,,,,,,,7.22,4,,上市,113,126083,,,,,,,,476870,,476870,,,,,,476870,,,,489079,,113874,1415540,1963371,547831,547831,58752,,602953,,476870,,476870,,,,,
,,1476,儒鴻,,,313928,,,,,,,,,,24.20,4,,上市,113,1710076,,,,,,,,6640852,,6954780,,,,,,6640852,,,,7755425,,595503,25459513,36828499,11368986,11368986,3613561,,8350928,,6954780,,6640852,,,,,
,,1477,聚陽,,,369894,,,,,,,,,,16.68,4,,上市,113,1070727,,,,,,,,4171806,,4541700,,,,,,4114920,56886,,,5299610,,-57077,26532489,35523576,8991087,8991087,3691477,,5242533,,4483729,57971,4171806,,,,,
,,1503,士電,,,3718478,,,,,,,,,,5.81,4,,上市,113,859652,,,,,,,,3143738,,6862216,,,,,,3025741,117997,,,3355058,,648332,28257835,35071161,6813326,6813326,3458268,,4003390,,6689259,172957,3143738,,,,,
,,1504,東元,,,-5745051,,,,,,,,,,2.73,4,10419,上市,113,1828548,,,,,,10953,,6251281,,506230,,,,,,5767637,483644,,,6231605,,1848224,41094708,55234746,14140038,14139504,7907899,,8079829,,52311,453919,6251281,,,,,
,,1506,正道,,,-42722,,,,,,,,,,0.14,4,,上市,113,16328,,,,,,,,40433,,-2289,,,,,,41721,-1288,,,19727,,37034,867891,1036620,168729,168729,149002,,56761,,-7370,5081,40433,,,,,
,,1512,瑞利,,,349112,,,,,,,,,,-0.68,4,,上市,113,947,,,,,,,,-66723,,282389,,,,,,-66723,,,,-113795,,48019,812213,1063449,251236,251236,365031,,-65776,,282389,,-66723,,,,,
,,1513,中興電,,,1384078,,,,,,,,,,7.33,4,,上市,113,833744,,,,,,,,3627150,,5011228,,,,,,3622778,4372,,,4536921,,-76027,18888341,25609456,6721115,6721115,2184194,,4460894,,4999552,11676,3627150,,,,,
,,1514,亞力,,,93713,,,,,,,,,,3.04,4,0,上市,113,181251,,,,,,1347,,810806,,904519,,,,,,801224,9582,,,898560,,93497,7174157,8877878,1703721,1702374,803814,,992057,,893831,10688,810806,,,,,
,,1515,力山,,,50080,,,,,,,,,,1.76,4,,上市,113,83154,,,,,,,,319012,,369092,,,,,,318832,180,,,221867,,180299,5159907,6099286,939379,939379,717512,,402166,,368520,572,319012,,,,,
,,1516,川飛,,,,,,,,,,,,,-6.13,4,,上市,113,-3093,,,,,,,,-245213,,-245213,,,,,,,,,,-266395,,18089,573779,606144,32365,32365,298760,,-248306,,,,-245213,,,,,
,,1517,利奇,,,55288,,,,,,,,,,-0.42,4,,上市,113,-32215,,,,,,,,-92121,,-36833,,,,,,-92804,683,,,-286789,,162453,1954425,2033762,79337,79337,366126,,-124336,,-37088,255,-92121,,,,,
,,1519,華城,,,-63441,,,,,,,,,,14.93,4,,上市,113,1168328,,,,,,,,4270996,,4207555,,,,,,4286020,-15024,,,4890544,,548780,12818086,20202779,7384693,7384693,2494149,,5439324,,4222579,-15024,4270996,,,,,
,,1521,大億,,,60874,,,,,,,,,,1.15,4,730,上市,113,-4528,,,,,,0,,87428,,148302,,,,,,87428,,,,42603,,40297,3183322,3696220,512898,513628,471025,,82900,,148302,,87428,,,,,
,,1522,堤維西,,,130497,,,,,,,,,,4.76,4,0,上市,113,352413,,,,,,5208,,1593355,,1723852,,,,,,1544086,49269,,,2350699,,-404931,14235378,20121705,5886327,5881119,3530420,,1945768,,1671117,52735,1593355,,,,,
,,1524,耿鼎,0,,18439,,,,,,,,,,3.61,4,,上市,113,146597,,,,,,,,597264,,615703,,,,,,,,,,639831,,104030,2052697,3015605,962908,962908,323077,,743861,,,,597264,,,,,
,,1525,江申,,,145842,,,,,,,,,,4.12,4,,上市,113,83631,,,,,,,,302164,,448006,,,,,,302164,,,,54663,,331132,1280131,1458634,178503,178503,123840,,385795,,448006,,302164,,,,,
,,1526,日馳,,,11888,,,,,,,,,,-0.91,4,,上市,113,-14213,,,,,,,,-54704,,-42816,,,,,,-54704,,,,-68269,,-648,569107,720682,151575,151575,219844,,-68917,,-42816,,-54704,,,,,
,,1527,鑽全,,,4552,,,,,,,,,,3.21,4,,上市,113,110686,,,,,,,,444939,,449491,,,,,,,,,,398226,,157399,2292366,3130242,837876,837876,439650,,555625,,,,444939,,,,,
,,1528,恩德,,,-4893,,,,,,,,,,-0.81,4,,上市,113,6318,,,,,,,,-155740,,-160633,,,,,,-155584,-156,,,-129746,,-19676,2744085,3672594,928509,928509,1058255,,-149422,,-160256,-377,-155740,,,,,
,,1529,樂事綠能,0,,-6496,,,,,,,,,,-0.13,4,,上市,113,15646,,,,,,317,,-18569,,-25065,,,,,,-20215,1646,,,71468,,-74391,566883,696439,129556,129239,57771,,-2923,,-23625,-1440,-18569,,,,,
,,1530,亞崴,,,36154,,,,,,,,,,4.68,4,3076,上市,113,10983,,,,,,0,,446497,,482651,,,,,,452501,-6004,,,-84267,,541747,1639155,1917762,278607,281683,365950,,457480,,486376,-3725,446497,,,,,
,1129,1531,高林股,,,93605,,,,,,,,,,0.47,4,,上市,113,22613,,,,,,,,85679,,179284,,,,,,85679,,,,-16850,,124013,1340178,1637783,297605,297605,314455,,107163,,179284,,84550,,,,,
,,1532,勤美,,,317491,,,,,,,,,,3.05,4,,上市,113,304638,,,,,,,,1520997,,1838488,,,,,,1195191,325806,,,1966042,,-140407,13440470,18019849,4579379,4579379,2613337,,1825635,,1460380,378108,1520997,,,,,
,,1533,車王電,,,69597,,,,,,,,,,-1.11,4,,上市,113,12276,,,,,,,,-204256,,-134659,,,,,,-109586,-94670,,,-200141,,8161,2505261,3345244,839983,839983,1040124,,-191980,,-39991,-94668,-204256,,,,,
,,1535,中宇,,,-12203,,,,,,,,,,4.06,4,6826,上市,113,123373,,,,,,3341,,501893,,489690,,,,,,501893,,,,480123,,145143,9851646,10858807,1007161,1010646,530523,,625266,,489690,,501893,,,,,
,,1536,和大,,,114950,,,,,,,,,,0.70,4,,上市,113,38470,,,,,,,,195958,,310908,,,,,,195060,898,,,-113971,,348399,5092735,5774470,681735,681735,795706,,234428,,308465,2443,195958,,,,,
,,1537,廣隆,,,180031,,,,,,,,,,11.75,4,,上市,113,366144,,,,,,,,963328,,1143359,,,,,,963328,,,,1138432,,191040,6348369,8137839,1789470,1789470,651038,,1329472,,1143359,,963328,,,,,
,,1538,正峰,,,25617,,,,,,,,,,-1.70,4,,上市,113,1453,,,,,,,,-54868,,-29251,,,,,,-54868,,,,-54965,,1550,103383,112684,9301,9301,64266,,-53415,,-29251,,-54868,,,,,
,,1539,巨庭,,,2017,,,,,,,,,,1.41,4,,上市,113,23070,,,,,,,,92214,,94231,,,,,,92214,,,,56989,,58295,1181367,1338821,157454,157454,100465,,115284,,94231,,92214,,,,,
,,1540,喬福,,,395,,,,,,,,,,2.12,4,,上市,113,45346,,,,,,,,180954,,181349,,,,,,,,,,103894,,122406,324940,498100,173160,173160,69266,,226300,,,,180954,,,,,
,,1541,錩泰,,,38113,,,,,,,,,,1.06,4,,上市,113,14700,,,,,,,,83704,,121817,,,,,,83704,,,,-1519,,99923,2496385,2988448,492063,492063,493582,,98404,,121817,,83704,,,,,
,,1558,伸興,,,177216,,,,,,,,,,6.81,4,,上市,113,281281,,,,,,,,920353,,1097569,,,,,,453188,467165,,,931208,,270426,5881546,8337227,2455681,2455681,1524473,,1201634,,529171,568398,920353,,,,,
,,1560,中砂,,,66921,,,,,,,,,,7.10,4,,上市,113,226792,,,,,,,,1061990,,1128911,,,,,,1035003,26987,,,1155197,,133585,4831377,7019493,2188116,2188116,1032919,,1288782,,1080954,47957,1061990,,,,,
,,1563,巧新,,,2698,,,,,,,,,,3.30,4,,上市,113,188036,,,,,,,,755484,,758182,,,,,,755484,,,,977858,,-34338,5469886,7473579,2003693,2003693,1025835,,943520,,758182,,755484,,,,,
,0,1568,倉佑,,,-3736,,,,,,,,,,1.59,4,,上市,113,48014,,,,,,,,160577,,156841,,,,,,163150,-2573,,,119601,,88990,757464,1049324,291860,291860,172259,,208591,,161281,-4440,160577,,,,,
,,1582,信錦,,,364574,,,,,,,,,,7.13,4,,上市,113,598856,,,,,,,,1053644,,1418218,,,,,,1021361,32283,,,1373589,,278911,6666063,9404071,2738008,2738008,1364419,,1652500,,1371936,46282,1053644,,,,,
,,1583,程泰,,,247634,,,,,,,,,,11.37,4,,上市,113,65907,,,,,,,,1491094,,1738728,,,,,,1255492,235602,,,4170,,1552831,3466086,4422922,956836,956836,952666,,1557001,,1486071,252657,1491094,,,,,
,,1587,吉茂,,,2679,,,,,,,,,,-0.47,4,,上市,113,-7235,,,,,,,,-33802,,-31123,,,,,,-33802,,,,-31445,,-9592,1702330,2154167,451837,451837,483282,,-41037,,-31123,,-33802,,,,,
,,1589,永冠-KY,,,465407,,,,,,,,,,-5.17,4,,上市,113,470929,,,,,,,,-633289,,-167882,,,,,,-626317,-6972,,,-1179461,,1017101,7253856,7202236,-51620,-51620,1127841,,-162360,,-174895,7013,-633289,,,,,
,,1590,亞德客-KY,,,1274421,,,,,,,,,,38.12,4,,上市,113,2010424,,,,,,,,7623278,,8897699,,,,,,7623677,-399,,,9025514,,608188,16346436,30660133,14313697,14313697,5288183,,9633702,,8898135,-436,7623278,,,,,
,,1597,直得,,,24244,,,,,,,,,,1.08,4,,上市,113,24142,,,,,,,,93813,,118057,,,,,,93813,,,,94977,,22978,612422,1036581,424159,424159,329182,,117955,,118057,,93813,,,,,
,,1598,岱宇,,,110915,,,,,,,,,,0.45,4,,上市,113,8954,,,,,,,,69883,,180798,,,,,,71952,-2069,,,29874,,48963,4639826,7217077,2577251,2577251,2547377,,78837,,172251,8547,69883,,,,,
,0,1603,華電,29343,,353101,,,,,,,,,,2.85,4,,上市,113,110518,,,,,,,,452709,,805810,,,,,,451928,781,,,493455,,69772,3918764,4537973,619209,619209,155097,,563227,,794578,11232,452709,,,,,
,,1604,聲寶,,,236169,,,,,,,,,,2.09,4,,上市,113,158530,,,,,,,,805812,,1041981,,,,,,761700,44112,,,657319,,307023,7636102,9493807,1857705,1857705,1200386,,964342,,994454,47527,805812,,,,,
,,1605,華新,,,-469078,,,,,,,,,,0.69,4,,上市,113,-87499,,,,,,,,2598490,,2129412,,,,,,2790054,-191564,,,2167769,,343222,167633649,179318340,11684691,11684691,9516922,,2510991,,1555997,573415,2598490,,,,,
,,1608,華榮,,,25568,,,,,,,,,,1.55,4,,上市,113,143749,,,,,,,,818849,,844417,,,,,,656053,162796,,,731748,,230850,10376657,11329005,952348,952348,220600,,962598,,682574,161843,818849,,,,,
,,1609,大亞,,,355150,,,,,,,,,,2.09,4,2122,上市,113,554857,,,,,,6092,,2032082,,2387232,,,,,,1609846,422236,,,2214686,,372253,25967054,30084638,4117584,4113614,1898928,,2586939,,1929898,457334,2032082,,,,,
,,1611,中電,,,192985,,,,,,,,,,0.50,4,,上市,113,6675,,,,,,,,160567,,353552,,,,,,160567,,,,85212,,82030,806535,1160834,354299,354299,269087,,167242,,353552,,160567,,,,,
,,1612,宏泰,,,-73812,,,,,,,,,,2.38,4,,上市,113,191676,,,,,,,,753227,,679415,,,,,,753117,110,,,800163,,144740,5541050,6583904,1042854,1042854,242691,,944903,,679306,109,753227,,,,,
,,1614,三洋電,,,67774,,,,,,,,,,0.83,4,,上市,113,63007,,,,,,,,216227,,284001,,,,,,215605,622,,,255557,,23677,4591165,5689785,1098620,1098620,843063,,279234,,283379,622,216227,,,,,
,,1615,大山,,,125990,,,,,,,,,,3.96,4,,上市,113,180442,,,,,,,,741182,,867172,,,,,,741182,,,,890321,,31303,4753226,5869652,1116426,1116426,226105,,921624,,,867172,741182,,,,,
,,1616,億泰,,,15201,,,,,,,,,,2.04,4,,上市,113,161196,,,,,,,,387426,,402627,,,,,,387426,,,,160941,,387681,4094896,4593099,498203,498203,337262,,548622,,402627,,387426,,,,,
,,1617,榮星,,,49674,,,,,,,,,,0.55,4,,上市,113,13882,,,,,,,,78820,,128494,,,,,,89740,-10920,,,37792,,54910,3085728,3395533,309805,309805,272013,,92702,,139414,-10920,78820,,,,,
,,1618,合機,,,485548,,,,,,,,,,3.71,4,,上市,113,176919,,,,,,,,714719,,1200267,,,,,,714719,,,,753377,,138261,3769363,4674925,905562,905562,152185,,891638,,1200267,,714719,,,,,
,,1623,大東電,,,51206,,,,,,,,,,12.58,4,,上市,113,172555,,,,,,,,733007,,784213,,,,,0,733007,,,,841942,,63620,4492746,5482989,990243,990243,148301,,905562,0,784213,,733007,,,,,
,,1626,艾美特-KY,,,116309,,,,,,,,,,-1.05,4,11016,上市,113,-29486,,,,,,11077,,-159210,,-42901,,,,,,-159210,,,,-213974,,25278,6506439,8130776,1624337,1624276,1838250,,-188696,,-42901,,-159210,,,,,
,,1702,南僑,,,837849,,,,,,,,,,4.07,4,,上市,113,529683,,,,,,,,1202440,,2040289,,,,,,1010029,192411,,,1535480,,196643,16821016,23738315,6917299,6917299,5381819,,1732123,,1731659,308630,1202440,,,,,
,,1707,葡萄王,,,50194,,,,,,,,,,9.78,4,,上市,113,502152,,,,,,22,,2171153,,2221347,,,,,,1448299,722854,,,2499835,,173470,2502450,11160005,8657555,8657533,6157698,,2673305,,1497268,724079,2171153,,,,,
,,1708,東鹼,,,331756,,,,,,,,,,3.91,4,,上市,113,290747,,,,,,,,974570,,1306326,,,,,,974570,,,,1184520,,80797,4256021,6366238,2110217,2110217,925697,,1265317,,1306326,,974570,,,,,
,,1709,和益,,,639472,,,,,,,,,,1.54,4,0,上市,113,155222,,,,,,1883,,732705,,1372177,,,,,,733576,-871,,,620126,,267801,8832873,10304487,1471614,1469731,849605,,887927,,1372651,-474,732705,,,,,
,,1710,東聯,,,-705720,,,,,,,,,,0.02,4,,上市,113,-109768,,,,,,,,-164086,,-869806,,,,,,19989,-184075,,,-71309,,-202545,22690338,23784620,1094282,1094282,1165591,,-273854,,-819378,-50428,-164086,,,,,
,,1711,永光,,,34800,,,,,,,,,,0.44,4,,上市,113,32951,,,,,,,,253262,,288062,,,,,,243590,9672,,,175360,,110853,6380955,8168220,1787265,1787265,1611905,,286213,,273550,14512,253262,,,,,
,,1712,興農,,,97556,,,,,,,,,,2.50,4,,上市,113,294175,,,,,,,,1054970,,1152526,,,,,,1049130,5840,,,1290882,,58263,13361390,18927686,5566296,5566296,4275414,,1349145,,1143792,8734,1054970,,,,,
,,1713,國化,,,65094,,,,,,,,,,10.31,4,,上市,113,-7217,,,,,,,,1555981,,1621075,,,,,,,,,,-99158,,1647922,463991,527973,63982,63982,163140,,1548764,,,,1555981,,,,,
,,1714,和桐,,,401721,,,,,,,,,,0.41,4,,上市,113,343284,,,,,,,,717067,,1118788,,,,,,415463,301604,,,909740,,150611,18699696,20619248,1919552,1919552,1009812,,1060351,,657404,461384,717067,,,,,
,,1717,長興,,,1954311,,,,,,,,,,1.56,4,,上市,113,870034,,,,,,,,1874063,,3828374,,,,,,1834552,39511,,,2169818,,574279,35366648,44191125,8824477,8824477,6654659,,2744097,,3788582,39792,1874063,,,,,
,,1718,中纖,,-146802,,,,,,,,,,,0.02,4,,上市,113,1632857,,37446485,,45380155,,,,6300813,,6154011,,,,,,27521,6273292,,,,,,,,,,,,,,335318,5818693,6300813,,,,7933670,
,,1720,生達,,,135175,,,,,,,,,,4.93,4,,上市,113,333049,,,,,,,,1294310,,1429485,,,,,,880501,413809,,,1396316,,231043,3800532,6789223,2988691,2988691,1592375,,1627359,,1012236,417249,1294310,,,,,
,,1721,國慶科技,,,13531,,,,,,,,,,-0.98,4,,上市,113,-3309,,,,,,,,-182576,,-169045,,,,,,-182576,,,,-182784,,-3101,2280331,2286720,6389,6389,189173,,-185885,,-169045,,-182576,,,,,
,,1722,台肥,,,1531884,,,,,,,,,,2.01,4,,上市,113,-327825,,,,,,,,1965649,,3497533,,,,,,1965649,,,,549706,,1088118,10088819,11873258,1784439,1784439,1234733,,1637824,,3497533,,1965649,,,,,
,,1723,中碳,,,-281973,,,,,,,,,,5.20,4,,上市,113,242152,,,,,,,,1206201,,924228,,,,,,1206201,0,,,1241162,,207191,5826594,7647470,1820876,1820876,579714,,1448353,,924228,0,1206201,,,,,
,,1725,元禎,,,780466,,,,,,,,,,1.91,4,,上市,113,42389,,,,,,,,347358,,1127824,,,,,,347358,0,,,182729,,207018,7978876,8389157,410281,410281,227552,,389747,,1127824,0,347358,,,,,
,,1726,永記,,,186682,,,,,,,,,,5.28,4,,上市,113,251139,,,,,,,,856053,,1042735,,,,,,856053,,,,991956,,115236,7051865,9525927,2474062,2474062,1482106,,1107192,,1042735,,856053,,,,,
,0,1727,中華化,,,1422,,,,,,,,,,0.51,4,,上市,113,12000,,,,,,,,63129,,64551,,,,,,63129,0,,,70569,,4560,1812626,2083083,270457,270457,199888,,75129,,64551,0,63129,,,,,
,,1730,花仙子,,,36717,,,,,,,,,,3.95,4,4396,上市,113,72260,,,,,,5836,,280116,,316833,,,,,,250048,30068,,,304526,,47850,1313447,2525253,1211806,1210366,905840,,352376,,286404,30429,280116,,,,,
,,1731,美吾華,-403,,46447,,,,,,,,,,1.30,4,,上市,113,44823,,,,,,,,173232,,219679,,,,,,173232,,,,207238,,10817,524118,1485873,961755,961755,754114,,218055,,219679,,173232,,,,,
,,1732,毛寶,,,4269,,,,,,,,,,0.30,4,,上市,113,9726,,,,,,,,12619,,16888,,,,,,12619,,,,8617,,13728,349677,593170,243493,243493,234876,,22345,,16888,,12619,,,,,
,,1733,五鼎,,,9138,,,,,,,,,,1.28,4,,上市,113,25023,,,,,,,,128104,,137242,,,,,,127998,106,,,128464,,24663,1330869,1852211,521342,521342,392878,,153127,,137108,134,128104,,,,,
,,1734,杏輝,,,30808,,,,,,,,,,1.68,4,,上市,113,21883,,,,,,,,285217,,316025,,,,,,304705,-19488,,,293864,,13236,1913612,3150628,1237016,1237016,943152,,307100,,332585,-16560,285217,,,,,
,,1735,日勝化,,,28730,,,,,,,,,,0.97,4,,上市,113,31721,,,,,,,,96413,,125143,,,,,,96413,,,,106768,,21366,2176756,2646091,469335,469335,362567,,128134,,125143,,96413,,,,,
,,1736,喬山,,,232589,,,,,,,,,,8.02,4,,上市,113,1061681,,,,,,,,2430653,,2663242,,,,,,2430180,473,,,3191818,,300516,23507498,47785398,24277900,24277900,21086082,,3492334,,2662907,335,2430653,,,,,
,,1737,臺鹽,,,41278,,,,,,,,,,1.86,4,,上市,113,115580,,,,,,,,317452,,358730,,,,,,371524,-54072,,,354539,,78493,1917244,3238152,1320908,1320908,966369,,433032,,412802,-54072,317452,,,,,
,,1752,南光,,,3426,,,,,,,,,,2.41,4,,上市,113,59796,,,,,,,,243408,,246834,,,,,,243408,,,,310221,,-7017,1452068,2199861,747793,747793,437572,,303204,,246834,,243408,,,,,
,,1760,寶齡富錦,,,15186,,,,,,,,,,1.45,4,,上市,113,92912,,,,,,9835,,124523,,139709,,,,,,124523,,,,205666,,11769,959373,2029645,1070272,1060437,854771,,217435,,139709,,124523,,,,,
,,1762,中化生,,,15721,,,,,,,,,,0.95,4,,上市,113,4190,,,,,,,,53032,,68753,,,,,,53032,,,,6342,,50880,953057,1347375,394318,394318,387976,,57222,,68753,,53032,,,,,
,,1773,勝一,,,64707,,,,,,,,,,7.21,4,,上市,113,395466,,,,,,,,1803653,,1868360,,,,,,1803653,,,,2116231,,82888,7454524,11056943,3602419,3602419,1486188,,2199119,,1868360,,1803653,,,,,
,,1776,展宇,,,23165,,,,,,,,,,0.78,4,,上市,113,4273,,,,,,,,40248,,63413,,,,,,46671,-6423,,,39536,,4985,1015458,1240041,224583,224583,185047,,44521,,68840,-5427,40248,,,,,
,,1783,和康生,,,-122560,,,,,,,,,,2.13,4,,上市,113,35378,,,,,,,,190167,,67607,,,,,,190167,,,,179906,,45639,197326,680651,483325,483325,303419,,225545,,67607,,190167,,,,,
,,1786,科妍,,,3830,,,,,,,,,,3.51,4,,上市,113,49344,,,,,,,,242254,,246084,,,,,,242254,,,,248110,,43488,227626,883310,655684,655684,407574,,291598,,246084,,242254,,,,,
,,1789,神隆,,,59246,,,,,,,,,,0.43,4,,上市,113,73667,,,,,,,,339350,,398596,,,,,,339350,,,,321041,,91976,2106074,3406284,1300210,1300210,979169,,413017,,398596,,339350,,,,,
,,1795,美時,,,-335939,,,,,,,,,,19.35,4,,上市,113,1294068,,,,,,,,5065510,,4729571,,,,,,5065510,,,,6019979,,339599,7660151,18584227,10924076,10924076,4904097,,6359578,,4729571,,5065510,,,,,
,,1802,台玻,27870,,2611394,,,,,,,,,,-0.54,4,,上市,113,479486,,,,,,,,-1754454,,856940,,,,,,-1571562,-182892,,,-1286126,,11158,38830680,42502810,3672130,3672130,4986126,,-1274968,,881614,-24674,-1754454,,,,,
,,1805,寶徠,0,,2871,,,,,,,,,,2.96,4,,上市,113,10202,,,,,,,,300956,,303827,,,,,,300956,,,,200729,,110429,332069,625467,293398,293398,92669,,311158,0,303827,0,300956,,,,,
,,1806,冠軍,,,46271,,,,,,,,,,0.31,4,,上市,113,60404,,,,,,,,119339,,165610,,,,,,119339,0,,,213164,,-33421,2540467,3429476,889009,889009,675845,,179743,,165610,0,119339,,,,,
,,1808,潤隆,,,123526,,,,,,,,,,2.28,4,,上市,113,495097,,,,,,,,2257970,,2381496,,,,,,2257970,,,,2886128,,-133061,4820023,8787971,3967948,3967948,1081820,,2753067,,2381496,,2257970,,,,,
,,1809,中釉,34250,,68343,,,,,,,,,,0.33,4,,上市,113,13281,,,,,,,,38920,,107263,,,,,,54818,-15898,,,25492,,26709,1932175,2415100,482925,482925,491683,,52201,,108934,-1671,38920,,,,,
,,1810,和成,,,172494,,,,,,,,,,0.19,4,,上市,113,34536,,,,,,,,61205,,233699,,,,,,58418,2787,,,2081,,93660,3645999,4856946,1210947,1210947,1208866,,95741,,230231,3468,61205,,,,,
,,1817,凱撒衛,,,32128,,,,,,,,,,4.37,4,,上市,113,87443,,,,,,,,321109,,353237,,,,,,315233,5876,,,372524,,36028,1800846,2790325,989479,989479,616955,,408552,,347034,6203,321109,,,,,
,,1903,士紙,,,993866,,,,,,,,,,-0.08,4,,上市,113,0,,,,,,,,-21009,,972857,,,,,,-21009,0,,,-48287,,27278,62275,155769,93494,93494,141781,,-21009,,972857,,-21009,,,,,
,,1904,正隆,,,737354,,,,,,,,,,0.55,4,,上市,113,317615,,,,,,,,656905,,1394259,,,,,,605106,51799,,,1543659,,-569139,37811195,45177687,7366492,7366492,5822833,,974520,,1311919,82340,656905,,,,,
,,1905,華紙,,,906815,,,,,,,,,,-0.23,4,,上市,113,-84168,,,,,,,,-222475,,684340,,,,,,-252123,29648,,,-550757,,244114,19223409,20767530,1544938,1544938,2095695,817,-306643,,533228,151112,-222475,,,,,
,,1906,寶隆,,,-995395,,,,,,,,,,0.25,4,,上市,113,-7420,,,,,,,,37750,,-957645,,,,,,,,,,692,,29638,2971382,3211527,240145,240145,239453,,30330,,,,37750,,,,,
,,1907,永豐餘,,,7952902,,,,,,,,,,0.98,4,,上市,113,477441,,,,,,,,2257874,,10210776,,,,,,1631190,626684,,,-153491,,2888806,67985465,78413139,10428491,10428491,10581982,817,2735315,,8915419,1295357,2257874,,,,,
,,1909,榮成,,,-304670,,,,,,,,,,-0.28,4,,上市,113,38368,,,,,,,,-377845,,-682515,,,,,,-373553,-4292,,,197063,,-536540,43134873,47799734,4664861,4664861,4467798,,-339477,,-678799,-3716,-377845,,,,,
,,2002,中鋼,,,714062,,,,,,,,,,0.13,4,,上市,113,701577,,,,,,,,3875988,,4590050,,,,,,1978352,1897636,,,1791995,,2785570,345474550,360535714,15061164,15061164,13269169,,4577565,,1420180,3169870,3875988,,,,,
,0,2006,東和鋼鐵,,,176059,,,,,,,,,,6.13,4,,上市,113,1199072,,,,,,,,4525714,,4701773,,,,,,4479837,45877,,,5704942,,19844,51772427,60162997,8390570,8390570,2685628,,5724786,,4655548,46225,4525714,,,,,
,,2007,燁興,,,28273,,,,,,,,,,-2.04,4,,上市,113,-850,,,,,,,,-1084119,,-1055846,,,,,,,,,,-729867,,-355102,7427223,6899957,-527266,-527266,202601,,-1084969,,,,-1084119,,,,,
,,2008,高興昌,,,236931,,,,,,,,,,0.26,4,,上市,113,20866,,,,,,,,48730,,285661,,,,,,,,,,100574,,-30978,1237533,1458367,220834,220834,120260,,69596,,,,48730,,,,,
,,2009,第一銅,,,926593,,,,,,,,,,0.74,4,,上市,113,-6210,,,,,,,,265565,,1192158,,,,,,,,,,56111,,203244,3009825,3128075,118250,118250,62139,,259355,,,,265565,,,,,
,,2010,春源,,,134515,,,,,,,,,,1.65,4,,上市,113,301482,,,,,,,,1085808,,1220323,,,,,,1069282,16526,,,1202210,,185080,21945625,24014291,2068666,2068666,866456,,1387290,,1219350,973,1085808,,,,,
,,2012,春雨,,,-22967,,,,,,,,,,1.03,4,,上市,113,127491,,,,,,,,401031,,378064,,,,,,287146,113885,,,449676,,78846,7844314,9165105,1320791,1320791,871115,,528522,,245928,132136,401031,,,,,
,,2013,中鋼構,,,-127463,,,,,,,,,,2.70,4,,上市,113,111525,,,,,,,,539479,,412016,,,,,,539479,,,,700268,,-49264,18635059,19695058,1059999,1059999,359731,,651004,,412016,,539479,,,,,
,,2014,中鴻,,,-1028207,,,,,,,,,,-0.62,4,,上市,113,-290515,,,,,,,,-891679,,-1919886,,,,,,-891679,,,,-1240502,,58308,31207294,30461521,-745773,-745773,494729,,-1182194,,-1919886,,-891679,,,,,
,,2015,豐興,,,-101527,,,,,,,,,,4.26,4,,上市,113,523847,,,,,,,,2475019,,2373492,,,,,,2475019,0,,,2772737,,226129,30724826,34379324,3654498,3654498,881761,,2998866,,2373492,0,2475019,,,,,
,,2017,官田鋼,-662,,-389876,,,,,,,,,,0.28,4,,上市,113,12524,,,,,,,,164213,,-225663,,,,,,119485,44728,,,-236272,,413009,3105323,3281159,175836,175836,411446,,176737,,-225085,-578,164213,,,,,
,,2020,美亞,,,111279,,,,,,,,,,3.09,4,5494,上市,113,158013,,,,,,4661,,826942,,938221,,,,,,826068,874,,,488072,,496883,4445533,5241842,796309,797142,309070,,984955,,937096,1125,826942,,,,,
,0,2022,聚亨,,,225682,,,,,,,,,,-0.49,4,,上市,113,44955,,,,,,,,-493984,,-268302,,,,,,-165301,-328683,,,-170170,,-278859,7340970,8003810,662840,662840,833010,,-449029,,-155695,-112607,-493984,,,,,
,,2023,燁輝,,,792577,,,,,,,,,,-0.81,4,,上市,113,-19527,,,,,,,,-2054163,,-1261586,,,,,,-1596120,-458043,,,340432,,-2414122,68074641,73981747,5907106,5907106,5566674,,-2073690,,-815932,-445654,-2054163,,,,,
,,2024,志聯,,,4096,,,,,,,,,,0.16,4,,上市,113,758,,,,,,,,15924,,20020,,,,,,,,,,16504,,178,1011914,1096748,84834,84834,68330,,16682,,,,15924,,,,,
,,2025,千興,-175,,6020,,,,,,,,,,-1.42,4,,上市,113,1801,,,,,,,,-245954,,-239934,,,,,,,,,,-254024,,9871,1263276,1058326,-204950,-204950,48899,,-244153,,,,-245954,,,,,
,,2027,大成鋼,-34394,,4169964,,,,,,,,,,1.53,4,,上市,113,1844086,,,,,,,,4720588,,8890552,,,,,,3538282,1182306,,,6112121,,452553,73310863,90398484,17087621,17087621,10941106,,6564674,,7254879,1635673,4720588,,,,,
,,2028,威致,,,88528,,,,,,,,,,0.98,4,,上市,113,47165,,,,,,,,316203,,404731,,,,,,,,,,376970,,-13602,9639304,10196132,556828,556828,179858,,363368,,,,316203,,,,,
,,2029,盛餘,,,80917,,,,,,,,,,1.81,4,,上市,113,144857,,,,,,,,589947,,670864,,,,,,581233,8714,,,625151,,109653,12376090,13690701,1314611,1314611,689460,,734804,,660440,10424,589947,,,,,
,,2030,彰源,,,192337,,,,,,,,,,0.84,4,,上市,113,75664,,,,,,,,235827,,428164,,,,,,235827,,,,405111,,-93620,11191170,12398284,1207114,1207114,802003,,311491,,428164,,235827,,,,,
,,2031,新光鋼,,,-169303,,,,,,,,,,4.50,4,,上市,113,117061,,,,,,,,1476477,,1307174,,,,,,1444214,32263,,,592558,,1000980,13422235,14592238,1170003,1170003,577445,,1593538,,1274445,32729,1476477,,,,,
,,2032,新鋼,,,2099,,,,,,,,,,0.45,4,,上市,113,4889,,,,,,,,59125,,61224,,,,,,,,,,15965,,48049,2852093,2968738,116645,116645,100680,,64014,,,,59125,,,,,
,,2033,佳大,,,-892,,,,,,,,,,0.19,4,,上市,113,3953,,,,,,,,15722,,14830,,,,,,,,,,16918,,2757,500108,577650,77542,77542,60624,,19675,,,,15722,,,,,
,,2034,允強,,,1008342,,,,,,,,,,-0.22,4,,上市,113,-44052,,,,,,,,-103494,,904848,,,,,,-103494,,,,636550,,-784096,12791107,14522266,1731159,1731159,1094609,,-147546,,904848,,-103494,,,,,
,,2038,海光,,,236411,,,,,,,,,,0.20,4,,上市,113,25256,,,,,,,,19690,,256101,,,,,,37717,-18027,,,33713,,11233,9483808,9724332,240524,240524,206811,,44946,,273046,-16945,19690,,,,,
,,2049,上銀,,,942495,,,,,,,,,,5.57,4,,上市,113,386817,,,,,,,,1862814,,2805309,,,,,,1971948,-109134,,,2058785,,190846,17173869,24391684,7217815,7217815,5159030,,2249631,,2911229,-105920,1862814,,,,,
,,2059,川湖,,,52865,,,,,,,,,,64.59,4,,上市,113,1633292,,,,,,,,6155584,,6208449,,,,,,6155584,,,,6100673,,1688203,3127622,10129301,7001679,7001679,901006,,7788876,,6208449,,6155584,,,,,
,,2062,橋椿,,,267222,,,,,,,,,,2.72,4,,上市,113,144687,,,,,,,,544281,,811503,,,,,,544524,-243,,,507151,,181817,6478658,7572412,1093754,1093754,586603,,688968,,811746,-243,544281,,,,,
,,2069,運錩,,,83471,,,,,,,,,,1.35,4,,上市,113,27509,,,,,,,,225398,,308869,,,,,,225398,,,,370988,,-118081,9679325,10714847,1035522,1035522,664534,,252907,,308869,,225398,,,,,
,,2072,世紀風電,,,,,,,,,,,,,10.62,4,,上市,113,360027,,,,,,,,1504901,,1504901,,,,,,1504894,7,,,1869261,,-4333,7552833,9664454,2111621,2111621,242360,,1864928,,1504894,7,1504901,,,,,
,,2101,南港,,,258827,,,,,,,,,,3.53,4,522,上市,113,411286,,,,,,1214,,2947884,,3206711,,,,,,2947884,0,,,3512842,,-153672,10334065,15223519,4889454,4888762,1375920,,3359170,,3206711,0,2947884,,,,,
,,2102,泰豐,,,18349,,,,,,,,,,-1.01,4,,上市,113,21922,,,,,,,,-465154,,-446805,,,,,,-465154,,,,-226182,,-217050,249931,267380,17449,17449,243631,,-443232,,-446805,,-465154,,,,,
,,2103,台橡,178211,,577029,,,,,,,,,,1.04,4,,上市,113,734205,,,,,,,,1048653,,1625682,,,,,,862265,186388,,,1376981,,405877,33093008,37208665,4115657,4115657,2916887,,1782858,,1390828,234854,1048653,,,,,
,,2104,國際中橡,,,812906,,,,,,,,,,-2.80,4,,上市,113,425913,,,,,,,,-2893237,,-2080331,,,,,,-2712871,-180366,,,-574201,,-1893123,17159258,18059888,900630,900630,1474831,,-2467324,,-2025713,-54618,-2893237,,,,,
,,2105,正新,,,2824434,,,,,,,,,,2.47,4,,上市,113,2714443,,,,,,,,8028188,,10852622,,,,,,8017116,11072,,,10011804,,730827,73003134,96247057,23243923,23243923,13232119,,10742631,,10821577,31045,8028188,,,,,
,,2106,建大,-83933,,1224079,,,,,,,,,,1.30,4,,上市,113,409472,,,,,,,,1240953,,2465032,,,,,,1240953,,,,1469964,,180461,26662976,34202669,7539693,7539693,5985796,,1650425,,2465032,,1240953,,,,,
,,2107,厚生,,,559895,,,,,,,,,,1.89,4,,上市,113,80170,,,,,,,,573460,,1133355,,,,,,573460,,,,247746,,405884,1008435,1481243,472808,472808,225062,,653630,,1133355,,573460,,,,,
,,2108,南帝,,,559249,,,,,,,,,,1.14,4,,上市,113,511462,,,,,,,,879197,,1438446,,,,,,562467,316730,,,786204,,604455,9106743,11364286,2257543,2257543,1471339,,1390659,,1122635,315811,879197,,,,,
,,2109,華豐,,,134047,,,,,,,,,,1.61,4,,上市,113,130374,,,,,,,,616177,,750224,,,,,,449980,166197,,,681959,,64592,3779064,4940875,1161811,1161811,479852,,746551,,461672,288552,616177,,,,,
,,2114,鑫永銓,,,1852,,,,,,,,,,5.11,4,,上市,113,98609,,,,,,,,398227,,400079,,,,,,,,,,444086,,52750,877128,1466396,589268,589268,145182,,496836,,,,398227,,,,,
,,2115,六暉-KY,,,127241,,,,,,,,,,2.05,4,,上市,113,132742,,,,,,,,213516,,340757,,,,,,213516,,,,322764,,23494,2433642,3126341,692699,692699,369935,,346258,,340757,,213516,,,,,
,,2201,裕隆,,,2246129,,,,,,,,,,3.78,4,920,上市,113,2412880,,,,,,0,,6927727,,9173856,,,,,,3954679,2973048,,,7269249,,2071358,58894837,85776046,26881209,26882129,19612880,,9340607,,5621228,3552628,6927727,,,,,
,23260,2204,中華,,,781294,,,,,,,,,,7.34,4,,上市,113,324428,,,,,,4653,,4239631,,5020925,,,,,,4006787,232844,,,1722737,,2818062,33534957,39243196,5708239,5703586,3980849,,4540799,,4700627,320298,4216371,,,,,
,,2206,三陽工業,,,464233,,,,,,,,,,6.02,4,,上市,113,1343318,,,,,,,,5132482,,5596715,,,,,,4770397,362085,,,5856059,,619741,52244077,65624544,13380467,13380467,7524408,,6475800,,5186460,410255,5132482,,,,,
,,2207,和泰車,,2914951,,,,,,,,,,,36.74,4,,上市,113,3931145,,254919934,,282801567,,,,23950488,,26865439,,,,,,20467026,3483462,,,,,,,,,,,,,,23225455,3639984,23950488,,,,27881633,
,,2208,台船,,,193522,,,,,,,,,,-2.20,4,,上市,113,10530,,,,,,,,-2793739,,-2600217,,,,,,-2779850,-13889,,,-3718337,,935128,17551645,14494347,-3057298,-3057298,661039,,-2783209,,-2586328,-13889,-2793739,,,,,
,,2211,長榮鋼,,,4367629,,,,,,,,,,6.12,4,,上市,113,610764,,,,,,,,2903598,,7271227,,,,,,2553063,350535,,,2863933,,650429,9444265,12917338,3473073,3473073,609140,,3514362,,6844005,427222,2903598,,,,,
,,2227,裕日車,-268,,910094,,,,,,,,,,5.57,4,,上市,113,379588,,,,,,,,1670343,,2580437,,,,,,1670343,,,,61271,,1988660,20473909,23132016,2658107,2658107,2596568,,2049931,,2580437,,1670343,,,,,
,,2228,劍麟,,,126005,,,,,,,,,,9.51,4,,上市,113,91747,,,,,,,,731026,,857031,,,,,,731026,,,,527525,,295248,3792915,5041489,1248574,1248574,721049,,822773,,857031,,731026,,,,,
,,2231,為升,,,40350,,,,,,,,,,3.37,4,,上市,113,170365,,,,,,,,519409,,559759,,,,,,474882,44527,,,312983,,376791,3135319,4670759,1535440,1535440,1222457,,689774,,514510,45249,519409,,,,,
,,2233,宇隆,,,133134,,,,,,,,,,10.96,4,,上市,113,128846,,,,,,,,657896,,791030,,,,,,661028,-3132,,,688470,,98272,2298477,3658705,1360228,1360228,671758,,786742,,793486,-2456,657896,,,,,
,,2236,百達-KY,,,75786,,,,,,,,,,7.38,4,,上市,113,27874,,,,,,,,325649,,401435,,,,,,383174,-57525,,,-304370,,657893,1437641,1782271,344630,344630,649000,,353523,,457032,-55597,325649,,,,,
,,2237,華德動能-創,,,8,,,,,,,,,,-1.72,4,,上市,113,211,,,,,,,,-203373,,-203365,,,,,,-200226,-3147,,,-150275,,-52887,1215774,1287215,71441,71441,221716,,-203162,,-200218,-3147,-203373,,,,,
,,2239,英利-KY,,,713818,,,,,,,,,,-0.09,4,,上市,113,27290,,,,,,,,12314,,726132,,,,,,-10690,23004,,,91667,,-52063,18935904,21485452,2549548,2549548,2457881,,39604,,489611,236521,12314,,,,,
,,2241,艾姆勒,,,7691,,,,,,,,,,-1.98,4,,上市,113,1207,,,,,,,,-227565,,-219874,,,,,,-207116,-20449,,,-213276,,-13082,686339,689030,2691,2691,215967,,-226358,,-202563,-17311,-227565,,,,,
,,2243,宏旭-KY,,,48673,,,,,,,,,,0.24,4,,上市,113,13241,,,,,,,,16734,,65407,,,,,,16734,,,,33401,,-3426,1746469,1911540,165071,165071,131670,,29975,,65407,,16734,,,,,
,,2247,汎德永業,25955,,3827,,,,,,,,,,23.93,4,,上市,113,491996,,,,,,,,1931464,,1935291,,,,,,1931464,,,,2340463,,82997,51236662,57639595,6402933,6402933,4088425,,2423460,,1935291,,1931464,,,,,
,,2248,華勝-KY,,,36100,,,,,,,,,,6.42,4,,上市,113,84669,,,,,,,,269787,,305887,,,,,,269787,,,,318604,,35852,1395287,2075263,679976,679976,361372,,354456,,305887,,269787,,,,,
,,2250,IKKA-KY,,,22534,,,,,,,,,,6.17,4,,上市,113,88892,,,,,,,,191666,,214200,,,,,,191666,,,,243727,,36831,2939663,3661555,721892,721892,478165,,280558,,214200,,191666,,,,,
,,2254,巨鎧精密-創,,,235660,,,,,,,,,,-1.06,4,,上市,113,-17378,,,,,,,,-67491,,168169,,,,,,-67491,,,,-76520,,-8349,466722,632839,166117,166117,242637,,-84869,,168169,,-67491,,,,,
,,2258,鴻華先進-創,,,330,,,,,,,,,,-1.23,4,,上市,113,-336351,,,,,,,,-2137329,,-2136999,,,,,,-2137329,,,,-2675568,,201888,6910735,8520611,1609876,1609876,4285444,,-2473680,,-2136999,,-2137329,,,,,
,,2301,光寶科,,,4667938,,,,,,,,,,5.21,4,,上市,113,3674139,,,,,,,,11960496,,16628434,,,,,,11941951,18545,,,12933933,,2700702,107504163,137133894,29629731,29629731,16695798,,15634635,,16581267,47167,11960496,,,,,
,,2302,麗正,0,,-15538,,,,,,,,,,0.75,4,,上市,113,30074,,,,,,,,125531,,109993,,,,,,125531,,,,76771,,78834,481413,757457,276044,276044,199273,,155605,,109993,,125531,,,,,
,,2303,聯電,1323909,,8300984,,,,,,,,,,3.80,4,,上市,113,9113457,,,,,,,,47106256,,55407240,,,,,,47210930,-104674,,,51612570,,4607143,156648504,232302584,75654080,75654080,25365419,,56219713,,55511838,-104598,47106256,,,,,
,,2305,全友,,,51435,,,,,,,,,,0.14,4,,上市,113,3114,,,,,,,,58104,,109539,,,,,,27800,30304,,,-54123,,115341,455986,717115,261129,261129,315252,,61218,,77227,32312,58104,,,,,
,,2308,台達電,,,14650451,,,,,,,,,,13.56,4,,上市,113,10924528,,,,,,,,40391100,,55041551,,,,,,35228577,5162523,,,47651768,,3663860,284567383,421147557,136580174,136580174,88928406,,51315628,,47165181,7876370,40391100,,,,,
,,2312,金寶,,,956675,,,,,,,,,,1.11,4,,上市,113,697574,,,,,,,,2394634,,3351309,,,,,,1646423,748211,,,4349832,,-1257624,154122741,164405392,10282651,10282651,5932819,,3092208,,2322145,1029164,2394634,,,,,
,,2313,華通,,,1405190,,,,,,,,,,4.70,4,,上市,113,1470707,,,,,,,,5599096,,7004286,,,,,,5599096,,,,6127166,,942637,60871618,72464408,11592790,11592790,5465624,,7069803,,7004286,,5599096,,,,,
,,2314,台揚,,,77662,,,,,,,,,,-4.55,4,,上市,113,22049,,,,,,,,-1146172,,-1068510,,,,,,-1146172,,,,-1082225,,-41898,1807829,1669989,-137840,-137840,944385,,-1124123,,-1068510,,-1146172,,,,,
,,2316,楠梓電,,,247103,,,,,,,,,,4.28,4,,上市,113,257566,,,,,,,,777272,,1024375,,,,,,777272,,,,-564007,,1598845,3490575,3332053,-158522,-158522,405485,,1034838,,1024375,,777272,,,,,
,,2317,鴻海,,,78667526,,,,,,,,,,11.01,4,,上市,113,40195922,,,,,,,,171679235,,250346761,,,,,,152705066,18974169,,,200607227,,11267930,6430669575,6859615493,428945918,428945918,228338691,,211875157,,225016794,25329967,171679235,,,,,
,,2321,東訊,,,8371,,,,,,,,,,-1.09,4,,上市,113,-115,,,,,,,,-16848,,-8477,,,,,,-14694,-2154,,,-22434,,5471,440595,631414,190819,190819,213253,,-16963,,-6323,-2154,-16848,,,,,
,,2323,中環,,,169101,,,,,,,,,,-0.27,4,,上市,113,69286,,,,,,,,-312767,,-143666,,,,,,-290103,-22664,,,-387932,,144451,5797910,7435183,1637273,1637273,2025205,,-243481,,-122034,-21632,-312767,,,,,
,,2324,仁寶,,,18178524,,,,,,,,,,2.30,4,,上市,113,3653527,,,,,,,,11694661,,29873185,,,,,,10042410,1652251,,,14842038,,506150,864881775,910253024,45371249,45371249,30529211,,15348188,,28091175,1782010,11694661,,,,,
,,2327,國巨*,,,8630518,,,,,,,,,,38.13,4,,上市,113,7376719,,,,,,,,19486631,,28117149,,,,,,19356484,130147,,,23385531,,3477819,79863840,121667329,41803489,41803489,18417958,,26863350,,27981168,135981,19486631,,,,,
,,2328,廣宇,,,693761,,,,,,,,,,2.00,4,,上市,113,264870,,,,,,,,1201351,,1895112,,,,,,1036672,164679,,,1281916,,184305,18874257,21820835,2946578,2946578,1664662,,1466221,,1546502,348610,1201351,,,,,
,,2329,華泰,161,,-153620,,,,,,,,,,1.71,4,,上市,113,247680,,,,,,,,1228608,,1074988,,,,,,1228608,,,,1157919,,318369,13812162,16277445,2465283,2465283,1307525,,1476288,,1074988,,1228608,,,,,
,,2330,台積電,-1230199,,71585646,,,,,,,,,,45.25,4,,上市,113,233406876,,,,,,,,1172431759,,1244017405,,,,,,1173267703,-835944,,,1322053050,,83785585,1269954135,2894307699,1624353564,1624353564,301070315,,1405838635,,1245836616,-1819211,1172431759,,,,,
,,2331,精英,,,351359,,,,,,,,,,-0.16,4,,上市,113,45640,,,,,,,,-90526,,260833,,,,,,-90495,-31,,,-516094,,471208,15573754,17495705,1921951,1921951,2438045,,-44886,,260206,627,-90526,,,,,
,,2332,友訊,,,237266,,,,,,,,,,0.06,4,,上市,113,230229,,,,,,,,132408,,369674,,,,,,35319,97089,,,-200159,,562796,10690753,14395043,3704290,3704290,3904449,,362637,,235427,134247,132408,,,,,
,,2337,旺宏,,,-207013,,,,,,,,,,-1.73,4,,上市,113,-333945,,,,,,,,-3212284,,-3419297,,,,,,-3213560,1276,,,-3923878,,377649,19784273,25883475,6099202,6099202,10023080,,-3546229,,-3420573,1276,-3212284,,,,,
,,2338,光罩,,,18744,,,,,,,,,,-2.21,4,,上市,113,119962,,,,,,,,-786011,,-767267,,,,,,-472521,-313490,,,221394,,-887443,6140062,7561749,1421687,1421687,1200293,,-666049,,-453777,-313490,-786011,,,,,
,,2340,台亞,,,-169821,,,,,,,,,,-1.16,4,,上市,113,23426,,,,,,,,-535523,,-705344,,,,,,-510087,-25436,,,-614933,,102836,3794646,4299897,505251,505251,1120184,,-512097,,-679908,-25436,-535523,,,,,
,,2342,茂矽,,,-8363,,,,,,,,,,0.58,4,,上市,113,-9,,,,,,,,91184,,82821,,,,,,90849,335,,,45311,,45864,1502060,1893958,391898,391898,346587,,91175,,82486,335,91184,,,,,
,,2344,華邦電,,,-7866252,,,,,,,,,,0.14,4,,上市,113,402043,,,,,,,,709621,,-7156631,,,,,,601001,108620,,,507483,,604181,57608659,81609768,24001109,24001109,23493626,,1111664,,-7252894,96263,709621,,,,,
,,2345,智邦,,,4711211,,,,,,,,,,21.49,4,,上市,113,3135041,,,,,,13395,,11998746,,16709957,,,,,,11999671,-925,,,13601477,,1532310,87633643,110424744,22791101,22777706,9176229,,15133787,,16710867,-910,11998746,,,,,
,,2347,聯強,,,1051162,,,,,,,,,,5.52,4,,上市,113,2424590,,,,,,,,9929466,,10980628,,,,,,9212504,716962,,,10022568,,2331488,407361452,426009116,18647664,18647664,8625096,,12354056,,10323477,657151,9929466,,,,,
,,2348,海悅,0,,261487,,,,,,,,,,14.43,4,,上市,113,635340,,,,,,,,2389204,,2650691,,,,,,2228184,161020,,,2660383,,364161,6417052,10160910,3743858,3743858,1083475,,3024544,,2492376,158315,2389204,,,,,
,,2349,錸德,,,256512,,,,,,,,,,0.07,4,,上市,113,108883,,,,,,,,206141,,462653,,,,,,46748,159393,,,-175094,,490118,5960195,7264439,1304244,1304244,1479338,,315024,,144432,318221,206141,,,,,
,,2351,順德,,,86595,,,,,,,,,,3.71,4,,上市,113,166724,,,,,,,,729828,,816423,,,,,,675097,54731,,,828685,,67867,9093855,10814709,1720854,1720854,892169,,896552,,761404,55019,729828,,,,,
,,2352,佳世達,,,394300,,,,,,,,,,1.11,4,,上市,113,1834199,,,,,,,,2814198,,3208498,,,,,,2163953,650245,,,4519775,,128622,168484780,201666199,33181419,33181419,28661644,,4648397,,2251459,957039,2814198,,,,,
,,2353,宏碁,110736,,1395027,,,,,,,,,,1.84,4,,上市,113,2755588,,,,,,3137,,6218756,,7613783,,,,,,5539329,679427,,,4875822,,4098522,236676566,264682407,28005841,28002704,23237618,,8974344,,6904264,709519,6218756,,,,,
,,2354,鴻準,,,3757886,,,,,,,,,,2.53,4,,上市,113,1134322,,,,,,,,3400310,,7158196,,,,,,3584397,-184087,,,1571150,,2963482,71003743,75823742,4819999,4819999,3248849,,4534632,,7378298,-220102,3400310,,,,,
,,2355,敬鵬,,,493841,,,,,,,,,,2.85,4,,上市,113,465062,,,,,,,,1132477,,1626318,,,,,,1132419,58,,,1028591,,568948,13985049,16355210,2370161,2370161,1341570,,1597539,,1626082,236,1132477,,,,,
,,2356,英業達,,,8343805,,,,,,,,,,2.03,4,,上市,113,1943697,,,,,,,,7266218,,15610023,,,,,,7267407,-1189,,,11816561,,-2606646,612924800,646261954,33337154,33337154,21520593,,9209915,,15599052,10971,7266218,,,,,
,,2357,華碩,,,7207648,,,,,,,,,,42.27,4,,上市,113,7951474,,,,,,-3600,,34238903,,41446551,,,,,,31393856,2845047,,,29595372,,12595005,483616600,587087097,103470497,103474097,73878725,,42190377,,37948233,3498318,34238903,,,,,
,,2359,所羅門,,,24633,,,,,,,,,,0.84,4,,上市,113,127572,,,,,,,,158262,,182895,,,,,,144012,14250,,,-48146,,333980,2711961,3503097,791136,791136,839282,,285834,,169483,13412,158262,,,,,
,,2360,致茂,,,581253,,,,,,,,,,12.49,4,259,上市,113,1308450,,,,,,0,,5400113,,5981366,,,,,,5264251,135862,,,5482166,,1226397,8857861,21603837,12745976,12746235,7264069,,6708563,,5821526,159840,5400113,,,,,
,,2362,藍天,,,2513217,,,,,,,,,,3.02,4,,上市,113,55199,,,,,,,,1767821,,4281038,,,,,,1767821,,,,2182696,,-359676,21309231,26582643,5273412,5273412,3090716,,1823020,,4281038,,1767821,,,,,
,,2363,矽統,,,-2553730,,,,,,,,,,0.81,4,,上市,113,88921,,,,,,,,472898,,-2080832,,,,,,498582,-25684,,,-335292,,897111,481698,738560,256862,256862,592154,,561819,,-2055148,-25684,472898,,,,,
,,2364,倫飛,,,1861,,,,,,,,,,4.09,4,,上市,113,2661,,,,,,,,162772,,164633,,,,,,164724,-1952,,,113946,,51487,779113,1249517,470404,470404,356458,,165433,,168319,-3686,162772,,,,,
,,2365,昆盈,,,35920,,,,,,,,,,0.64,4,,上市,113,37702,,,,,,,,142804,,178724,,,,,,142647,157,,,74135,,106371,584444,978816,394372,394372,320237,,180506,,178693,31,142804,,,,,
,,2367,燿華,,,184806,,,,,,,,,,2.36,4,,上市,113,38277,,,,,,,,1587790,,1772596,,,,,,1587790,,,,1558679,,67388,14950360,18531998,3581638,3581638,2022959,,1626067,,1772596,,1587790,,,,,
,,2368,金像電,-13511,,568794,,,,,,,,,,11.54,4,,上市,113,2874795,,,,,,,,5615607,,6184401,,,,,,5615607,,,,8067043,,423359,27555961,38951890,11395929,11395929,3315375,,8490402,,6184401,,5615607,,,,,
,96491,2369,菱生,,,112561,,,,,,,,,,-0.45,4,,上市,113,-3785,,,,,,,,-201143,,-88582,,,,,,-168228,-32915,,,-383317,,81898,5364740,5372560,7820,7820,391137,,-301419,,-55667,-32915,-297634,,,,,
,,2371,大同,11535246,,897102,,,,,,,,,,6.46,4,,上市,113,571075,,,,,,,,14245306,,15142408,,,,,,14477366,-232060,,,11763487,,3052894,40179177,47477032,7297855,7297855,7069614,,14816381,,15181376,-38968,14245306,,,,,
,,2373,震旦行,,,143442,,,,,,,,,,4.26,4,9205,上市,113,243376,,,,,,,,1018715,,1162157,,,,,,958645,60070,,,823799,,438292,6279940,11292746,5012806,5022011,4198212,,1262091,,1068473,93684,1018715,,,,,
,,2374,佳能,,,339112,,,,,,,,,,1.90,4,,上市,113,121831,,,,,,,,531055,,870167,,,,,,545519,-14464,,,361693,,291193,4395871,6182894,1787023,1787023,1425330,,652886,,876870,-6703,531055,,,,,
,,2375,凱美,,,307629,,,,,,,,,,4.55,4,,上市,113,185299,,,,,,,,494707,,802336,,,,,,494707,,,,411161,,268845,4275856,5263968,988112,988112,576951,,680006,,802336,,494707,,,,,
,,2376,技嘉,,,226312,,,,,,,,,,15.03,4,,上市,113,2842723,,,,,,,,10755148,,10981460,,,,,,9788540,966608,,,12776549,,821322,237056292,265148779,28092487,28092487,15315938,,13597871,,10014984,966476,10755148,,,,,
,,2377,微星,,,462620,,,,,,,,,,8.04,4,,上市,113,1715499,,,,,,,,6792772,,7255392,,,,,,6792772,,,,7117443,,1390828,173676730,197871915,24195185,24195185,17077742,,8508271,,7255392,,6792772,,,,,
,,2379,瑞昱,,,3375582,,,,,,,,,,29.82,4,,上市,113,1049685,,,,,,,,15291525,,18667107,,,,,,15291442,83,,,13501546,,2839664,56231862,113393698,57161836,57161836,43660290,,16341210,,18667024,83,15291525,,,,,
,,2380,虹光,,,-196,,,,,,,,,,-1.94,4,,上市,113,27818,,,,,,,,-426431,,-426627,,,,,,-420178,-6253,,,-381542,,-17071,2225464,2547627,322163,322163,703705,,-398613,,-422552,-4075,-426431,,,,,
,,2382,廣達,,,8406028,,,,,,,,,,15.49,4,0,上市,113,12883718,,,,,,,,60282931,,68688959,,,,,,59701797,581134,,,61622036,,11544613,1299995651,1410755659,110760008,110760008,49137972,,73166649,,67827832,861127,60282931,,,,,
,,2383,台光電,,,823901,,,,,,,,,,27.81,4,,上市,113,2563946,,,,,,,,9568985,,10392886,,,,,,9578449,-9464,,,12151609,,-18678,46407101,64376727,17969626,17969626,5818017,,12132931,,10403148,-10262,9568985,,,,,
,,2385,群光,,,3363592,,,,,,,,,,12.43,4,,上市,113,2591930,,,,,,,,10703886,,14067478,,,,,,9045405,1658481,,,10312633,,2983183,81008683,101478259,20469576,20469576,10156943,,13295816,,12148834,1918644,10703886,,,,,
,,2387,精元,,,310814,,,,,,,,,,7.81,4,,上市,113,976979,,,,,,,,1484652,,1795466,,,,,,1511550,-26898,,,1981656,,479975,19738110,23548015,3809905,3809905,1828249,,2461631,,1784378,11088,1484652,,,,,
,,2388,威盛,,,602390,,,,,,,,,,2.07,4,,上市,113,404830,,,,,,,,1151189,,1753579,,,,,,1066978,84211,,,436065,,1119954,11987064,15910668,3923604,3923604,3487539,,1556019,,1695151,58428,1151189,,,,,
,,2390,云辰,,,-4576,,,,,,,,,,-1.25,4,,上市,113,28465,,,,,,,,-241392,,-245968,,,,,,-241384,-8,,,-9846,,-203081,530785,701507,170722,170722,180568,,-212927,,-245960,-8,-241392,,,,,
,,2392,正崴,0,,1545227,,,,,,,,,,3.65,4,,上市,113,1482680,,,,,,,,2522380,,4067607,,,,,,1687146,835234,,,3517826,,487234,85904391,98397461,12493070,12493070,8975244,,4005060,,2989088,1078519,2522380,,,,,
,,2393,億光,,,192493,,,,,,,,,,6.64,4,,上市,113,869195,,,,,,,,3122796,,3315289,,,,,,2944495,178301,,,2460147,,1531844,14619727,20972903,6353176,6353176,3893029,,3991991,,3145497,169792,3122796,,,,,
,,2395,研華,,,697714,,,,,,,,,,10.45,4,,上市,113,2086310,,,,,,,,8888218,,9585932,,,,,,9005037,-116819,,,9049769,,1924759,35410406,59786293,24375887,24375887,15326118,,10974528,,9718846,-132914,8888218,,,,,
,0,2397,友通,,,44343,,,,,,,,,,3.46,4,,上市,113,158969,,,,,,,,493035,,537378,,,,,,396611,96424,,,657851,,-5847,6909178,9583892,2674714,2674714,2016863,,652004,,424590,112788,493035,,,,,
,,2399,映泰,,,17771,,,,,,,,,,0.04,4,,上市,113,21548,,,,,,,,6619,,24390,,,,,,6619,,,,-106925,,135092,1852747,2018684,165937,165937,272862,,28167,,24390,,6619,,,,,
,,2401,凌陽,-381,,-97312,,,,,,,,,,0.44,4,,上市,113,196176,,,,,,,,596208,,498896,,,,,,258969,337239,,,106548,,685836,3319165,6434086,3114921,3114921,3007992,,792384,,149039,349857,596208,,,,,
,,2402,毅嘉,,,315018,,,,,,,,,,2.36,4,,上市,113,139440,,,,,,,,711214,,1026232,,,,,,711214,,,,773807,,76847,7822192,9531011,1708819,1708819,935012,,850654,,1026232,,711214,,,,,
,,2404,漢唐,,,78294,,,,,,,,,,32.94,4,,上市,113,1640110,,,,,,,,6263271,,6341565,,,,,,6190440,72831,,,6860358,,1043023,38909015,47421600,8512585,8512585,1652227,,7903381,,6256584,84981,6263271,,,,,
,,2405,輔信,,,15476,,,,,,,,,,0.03,4,,上市,113,11364,,,,,,,,9804,,25280,,,,,,10805,-1001,,,-50206,,71374,982756,1667045,684289,684289,734495,,21168,,25949,-669,9804,,,,,
,,2406,國碩,,,19578,,,,,,,,,,-0.86,4,,上市,113,47483,,,,,,14637,,-935332,,-915754,,,,,,-301362,-633970,,,-726295,,-161554,6527277,6912033,384756,370119,1096414,,-887849,,-271718,-644036,-935332,,,,,
,,2408,南亞科,,,3200934,,,,,,,,,,-1.64,4,,上市,113,-1473774,,,,,,,,-5083350,,-1882416,,,,,,-5083350,,,,-10554628,,3997504,34552252,34131667,-420585,-420585,10134043,,-6557124,,-1882416,,-5083350,,,,,
,,2409,友達,,,4154228,,,,,,,,,,-0.40,4,,上市,113,2339594,,,,,,,,-2944382,,1209846,,,,,,-3064167,119785,,,-8465957,,7861169,256029425,280245421,24215996,24215996,32681953,,-604788,,928557,281289,-2944382,,,,,
,,2412,中華電,121853,,2080492,,,,,,,,,,4.80,4,,上市,113,9216287,,,,,,,,38537502,,40617994,,,,,,37220464,1317038,,,46873136,,880653,146582797,229968292,83385495,83385495,36634212,,47753789,,39254340,1363654,38537502,,,,,
,,2413,環科,,,11997,,,,,,,,,,-0.44,4,,上市,113,-26831,,,,,,,,-55860,,-43863,,,,,,-55488,-372,,,-189764,,107073,2838031,3231025,392994,392994,582758,,-82691,,-43491,-372,-55860,,,,,
,,2414,精技,0,,2811,,,,,,,,,,2.67,4,,上市,113,123796,,,,,,,,488506,,491317,,,,,,431833,56673,,,571217,,41085,22008447,24034990,2026543,2026543,1455326,,612302,,432613,58704,488506,,,,,
,,2415,錩新,-8632,,133197,,,,,,,,,,1.14,4,,上市,113,53505,,,,,,,,100743,,233940,,,,,,102757,-2014,,,230096,,-75848,1744305,2287819,543514,543514,304786,,154248,,218629,15311,100743,,,,,
,,2417,圓剛,,,22228,,,,,,,,,,-0.39,4,,上市,113,45999,,,,,,,,43567,,65795,,,,,,-51331,94898,,,-89767,,179333,1406356,3271854,1865498,1865498,1955265,,89566,,-41011,106806,43567,,,,,
,,2419,仲琦,,,163087,,,,,,,,,,-0.16,4,,上市,113,83250,,,,,,,,137185,,300272,,,,,,-52139,189324,,,250503,,-30068,7323415,9088215,1764800,1764800,1514297,,220435,,110653,189619,137185,,,,,
,,2420,新巨,,,46448,,,,,,,,,,4.36,4,,上市,113,162531,,,,,,,,666889,,713337,,,,,,666019,870,,,621437,,207983,1165733,2236740,1071007,1071007,449570,,829420,,712437,900,666889,,,,,
,,2421,建準,,,166494,,,,,,,,,,5.46,4,,上市,113,489641,,,,,,,,1492093,,1658587,,,,,,1492093,0,,,1676671,,305063,10467118,14623817,4156699,4156699,2480028,,1981734,,1658587,0,1492093,,,,,
,,2423,固緯,,,39204,,,,,,,,,,2.42,4,,上市,113,94944,,,,,,,,351131,,390335,,,,,,351131,,,,412051,,34024,1348912,2788781,1439869,1439869,1027818,,446075,,390335,,351131,,,,,
,,2424,隴華,,,816,,,,,,,,,,-3.35,4,,上市,113,0,,,,,,,,-185226,,-184410,,,,,,-187104,1878,,,-191820,,6594,174021,140071,-33950,-33950,157870,,-185226,,-186567,2157,-185226,,,,,
,87345,2425,承啟,,,228560,,,,,,,,,,1.05,4,,上市,113,44382,,,,,,,,144288,,372848,,,,,,101489,42799,,,-5553,,106878,2821272,3043980,222708,222708,228261,,101325,,317874,54974,56943,,,,,
,,2426,鼎元,-8,,17859,,,,,,,,,,0.21,4,,上市,113,18214,,,,,,,,65154,,83013,,,,,,62889,2265,,,-55875,,139243,2075712,2394131,318419,318419,374286,,83368,,80748,2265,65154,,,,,
,,2427,三商電,,,-29040,,,,,,,,,,1.43,4,,上市,113,69735,,,,,,,,283639,,254599,,,,,,281976,1663,,,293276,,60098,3430868,4873350,1442482,1442482,1149206,,353374,,252936,1663,283639,,,,,
,,2428,興勤,,,396789,,,,,,,,,,12.10,4,,上市,113,532287,,,,,,,,1532973,,1929762,,,,,,1550540,-17567,,,1773797,,291463,4539950,7519697,2979747,2979747,1205950,,2065260,,1946360,-16598,1532973,,,,,
,,2429,銘旺科,,,-4829,,,,,,,,,,-2.17,4,,上市,113,19130,,,,,,,,-134128,,-138957,,,,,,-132831,-1297,,,-98973,,-16025,301650,307957,6307,6307,105280,,-114998,,-137660,-1297,-134128,,,,,
,,2430,燦坤,,,10057,,,,,,,,,,1.61,4,,上市,113,47285,,,,,,,,188437,,198494,,,,,,188437,,,,284785,,-49063,16126119,18985720,2859601,2859601,2574816,,235722,,198494,,188437,,,,,
,,2431,聯昌,,,96185,,,,,,,,,,-0.63,4,,上市,113,72,,,,,,,,-70125,,26060,,,,,,-70125,,,,-116415,,46362,415824,403642,-12182,-12182,104233,,-70053,,26060,,-70125,,,,,
,,2432,倚天酷碁-創,,,-45002,,,,,,,,,,1.88,4,,上市,113,35931,,,,,,,,116029,,71027,,,,,,116029,,,,114223,,37737,2261066,2605483,344417,344417,230194,,151960,,71027,,116029,,,,,
,,2433,互盛電,,,-310161,,,,,,,,,,3.28,4,,上市,113,97897,,,,,,,,490646,,180485,,,,,,473390,17256,,,436023,,152520,1780848,2759859,979011,979011,542988,,588543,,138947,41538,490646,,,,,
,,2434,統懋,,,3685,,,,,,,,,,0.14,4,,上市,113,0,,,,,,,,5246,,8931,,,,,,5246,,,,-47328,,52574,44799,50713,5914,5914,53242,,5246,,8931,,5246,,,,,
,,2436,偉詮電,,,-27462,,,,,,,,,,1.57,4,,上市,113,50966,,,,,,,,294865,,267403,,,,,,275562,19303,,,164063,,181768,2172134,3094619,922485,922485,758422,,345831,,247535,19868,294865,,,,,
,,2438,翔耀,,,-27633,,,,,,,,,,-1.71,4,,上市,113,34834,,,,,,,,-122171,,-149804,,,,,,-99522,-22649,,,-84994,,-2343,322247,388172,65925,65925,150919,,-87337,,-131040,-18764,-122171,,,,,
,,2439,美律,,,454696,,,,,,,,,,9.26,4,,上市,113,710455,,,,,,,,2440157,,2894853,,,,,,2143258,296899,,,1861972,,1288640,38006671,43855354,5848683,5848683,3986711,,3150612,,2581407,313446,2440157,,,,,
,,2440,太空梭,,,53929,,,,,,,,,,-0.43,4,,上市,113,19739,,,,,,,,-59496,,-5567,,,,,,-59496,,,,-29941,,-9816,3838956,3984935,145979,145979,175920,,-39757,,-5567,,-59496,,,,,
,,2441,超豐,,,-223133,,,,,,,,,,4.39,4,,上市,113,605016,,,,,,,,2495808,,2272675,,,,,,2496268,-460,,,2730450,,370374,11855811,15213240,3357429,3357429,626979,,3100824,,2273135,-460,2495808,,,,,
,,2442,新美齊,,,-60884,,,,,,,,,,1.20,4,,上市,113,103875,,,,,,,,315175,,254291,,,,,,314953,222,,,227324,,191726,701048,1094451,393403,393403,166079,,419050,,254069,222,315175,,,,,
,,2444,兆勁,,,912,,,,,,,,,,-0.24,4,,上市,113,589,,,,,,,,-24306,,-23394,,,,,,-24306,,,,-72091,,48374,1223411,1392925,169514,169514,241605,,-23717,,-23394,,-24306,,,,,
,3334485,2449,京元電子,,,462471,,,,,,,,,,6.36,4,,上市,113,1210746,,,,,,,,8095286,,8557757,,,,,,7779428,315858,,,6172266,,-200719,17512212,26856031,9343819,9343819,3171553,,5971547,,8183865,373892,4760801,,,,,
,,2450,神腦,286,,41466,,,,,,,,,,1.85,4,,上市,113,98893,,,,,,,,477361,,518827,,,,,,478310,-949,,,401143,,175111,28811176,32307092,3495916,3495916,3095059,,576254,,519776,-949,477361,,,,,
,,2451,創見,,,360468,,,,,,,,,,5.39,4,,上市,113,515319,,,,,,,,2314432,,2674900,,,,,,2314432,,,,1905554,,924197,6991338,10083525,3092187,3092187,1186633,,2829751,,2674900,,2314432,,,,,
,,2453,凌群,,,-3945,,,,,,,,,,3.06,4,,上市,113,65739,,,,,,,,304683,,300738,,,,,,306397,-1714,,,314886,,55536,5143769,6932729,1788960,1788960,1474074,,370422,,302281,-1543,304683,,,,,
,,2454,聯發科,,,15195645,,,,,,,,,,66.92,4,,上市,113,12378157,,,,,,,,107140623,,122336268,,,,,,106386578,754045,,,102411967,,17106813,267200185,530585886,263385701,263385701,160973734,,119518780,,121555605,780663,107140623,,,,,
,,2455,全新,,,-4261,,,,,,,,,,3.63,4,,上市,113,146619,,,,,,,,671055,,666794,,,,,,,,,,721214,,96460,1962253,3241217,1278964,1278964,557750,,817674,,,,671055,,,,,
,,2457,飛宏,,,392346,,,,,,,,,,0.48,4,,上市,113,92676,,,,,,,,206325,,598671,,,,,,206325,0,,,-152832,,451833,7956668,10897729,2941061,2941061,3093893,,299001,,599121,-450,206325,,,,,
,,2458,義隆,,,-114268,,,,,,,,,,9.57,4,-476,上市,113,680196,,,,,,,,2592554,,2478286,,,,,,2735895,-143341,,,3065972,,206778,6490969,12695862,6204893,6204417,3138445,,3272750,,2621113,-142827,2592554,,,,,
,,2459,敦吉,,,242882,,,,,,,,,,5.32,4,,上市,113,396361,,,,,,,,575548,,818430,,,,,,561805,13743,,,765176,,206733,3697810,5168773,1470963,1470963,705787,,971909,,791264,27166,575548,,,,,
,,2460,建通,,,94356,,,,,,,,,,-1.39,4,,上市,113,7314,,,,,,,,-230079,,-135723,,,,,,-230079,,,,-179897,,-42868,3000852,3188136,187284,187284,367181,,-222765,,-135723,,-230079,,,,,
,,2461,光群雷,,,151623,,,,,,,,,,1.59,4,,上市,113,54294,,,,,,,,187396,,339019,,,,,,266646,-79250,,,34127,,207563,4266038,5502593,1236555,1236555,1202428,,241690,,396788,-57769,187396,,,,,
,,2462,良得電,,,93324,,,,,,,,,,1.49,4,,上市,113,60410,,,,,,,,222716,,316040,,,,,,224386,-1670,,,55663,,227463,3563495,4074594,511099,511099,455436,,283126,,316671,-631,222716,,,,,
,,2464,盟立,-1000,,203519,,,,,,,,,,0.52,4,,上市,113,11286,,,,,,20427,,110321,,313840,,,,,,103013,7308,,,45805,,75802,6125314,7502801,1377487,1357060,1310255,,121607,,306557,7283,110321,,,,,
,,2465,麗臺,,,14281,,,,,,,,,,-5.26,4,,上市,113,6681,,,,,,,,-439909,,-425628,,,,,,-441211,1302,,,-430941,,-2287,3927774,4295808,368034,368034,798975,,-433228,,-426931,1303,-439909,,,,,
,,2466,冠西電,,,119973,,,,,,,,,,-0.17,4,,上市,113,15637,,,,,,,,-28958,,91015,,,,,,-28958,,,,-142914,,129593,969123,1107072,137949,137949,280863,,-13321,,91015,,-28958,,,,,
,,2467,志聖,,,1537875,,,,,,,,,,4.80,4,,上市,113,222989,,,,,,,,756575,,2294450,,,,,,719160,37415,,,635996,,343568,2835109,4818209,1983100,1983100,1347104,,979564,,2240007,54443,756575,,,,,
,,2468,華經,,,10579,,,,,,,,,,0.96,4,,上市,113,23366,,,,,,,,66865,,77444,,,,,,66865,,,,72211,,18020,2001170,2246252,245082,245082,172871,,90231,,77444,,66865,,,,,
,,2471,資通,,,3558,,,,,,,,,,3.33,4,,上市,113,33116,,,,,,,,157308,,160866,,,,,,157380,-72,,,110264,,80160,525254,877673,352419,352419,242155,,190424,,160728,138,157308,,,,,
,,2472,立隆電,,,363642,,,,,,,,,,7.01,4,,上市,113,528594,,,,,,,,1709570,,2073212,,,,,,1155486,554084,,,1874064,,364100,7252189,10486953,3234764,3234764,1360700,,2238164,,1404919,668293,1709570,,,,,
,,2474,可成,,,3602764,,,,,,,,,,19.40,4,,上市,113,4291769,,,,,,,,13199016,,16801780,,,,,,13198932,84,,,3294888,,14195897,12218454,18084188,5865734,5865734,2570846,,17490785,,16801371,409,13199016,,,,,
,,2476,鉅祥,383,,373556,,,,,,,,,,5.18,4,,上市,113,458367,,,,,,,,1202918,,1576474,,,,,,1064324,138594,,,1171163,,490122,4459380,6609469,2150089,2150089,979309,,1661285,,1409699,166775,1202918,,,,,
,,2477,美隆電,,,275701,,,,,,,,,,1.50,4,,上市,113,111353,,,,,,,,232617,,508318,,,,,,237943,-5326,,,128717,,215253,1954111,2639478,685367,685367,556650,,343970,,504332,3986,232617,,,,,
,,2478,大毅,,,120018,,,,,,,,,,3.13,4,,上市,113,104120,,,,,,,,454622,,574640,,,,,,453634,988,,,386293,,172449,4094531,5031284,936753,936753,550460,,558742,,564151,10489,454622,,,,,
,,2480,敦陽科,,,79379,,,,,,,,,,7.50,4,,上市,113,205707,,,,,,,,798059,,877438,,,,,,798059,0,,,918149,,85617,5651473,7536746,1885273,1885273,967124,,1003766,,877438,0,798059,,,,,
,,2481,強茂,,,365080,,,,,,,,,,2.40,4,,上市,113,190201,,,,,,,,1077404,,1442484,,,,,,918523,158881,,,812921,,454684,8939137,12536212,3597075,3597075,2784154,,1267605,,1268033,174451,1077404,,,,,
,,2482,連宇,,,-52794,,,,,,,,,,0.81,4,,上市,113,-3807,,,,,,,,63088,,10294,,,,,,63089,-1,,,-24942,,84223,329391,596577,267186,267186,292128,,59281,,10295,-1,63088,,,,,
,,2483,百容,,,10864,,,,,,,,,,0.35,4,,上市,113,-12793,,,,,,,,39591,,50455,,,,,,37910,1681,,,-64132,,90930,1575398,1806366,230968,230968,295100,,26798,,49133,1322,39591,,,,,
,,2484,希華,,,-293561,,,,,,,,,,0.99,4,,上市,113,38035,,,,,,,,157637,,-135924,,,,,,158228,-591,,,86697,,108975,1760535,2189460,428925,428925,342228,,195672,,-135353,-571,157637,,,,,
,,2485,兆赫,,,57885,,,,,,,,,,-2.26,4,,上市,113,26796,,,,,,,,-729946,,-672061,,,,,,-716512,-13434,,,-868607,,165457,2907441,2610480,-296961,-296961,571646,,-703150,,-658627,-13434,-729946,,,,,
,,2486,一詮,,,71585,,,,,,,,,,0.08,4,,上市,113,36484,,,,,,,,29704,,101289,,,,,,18807,10897,,,-22769,,88957,4721507,5492378,770871,770871,793640,,66188,,90420,10869,29704,,,,,
,,2488,漢平,,,67706,,,,,,,,,,5.24,4,,上市,113,122372,,,,,,,,419069,,486775,,,,,,419069,,,,417238,,124203,2403837,3177581,773744,773744,356506,,541441,,486775,,419069,,,,,
,,2489,瑞軒,,,251541,,,,,,,,,,1.80,4,,上市,113,230443,,,,,,,,1302325,,1553866,,,,,,1288335,13990,,,182420,,1350348,21153000,23235700,2082700,2082700,1900280,,1532768,,1532946,20920,1302325,,,,,
,,2491,吉祥全,,,13220,,,,,,,,,,-0.40,4,,上市,113,18,,,,,,,,-66337,,-53117,,,,,,-32781,-33556,,,-112898,,46579,124369,200828,76459,76459,189357,,-66319,,-19561,-33556,-66337,,,,,
,,2492,華新科,,,-21545,,,,,,,,,,6.15,4,,上市,113,1135021,,,,,,,,3828708,,3807163,,,,,,2982507,846201,,,2182197,,2781532,28274425,34755041,6480616,6480616,4298419,,4963729,,3074806,732357,3828708,,,,,
,,2493,揚博,,,28144,,,,,,,,,,6.05,4,,上市,113,171211,,,,,,,,692598,,720742,,,,,,692598,,,,818984,,44825,2420948,3657780,1236832,1236832,417848,,863809,,720742,,692598,,,,,
,,2495,普安,,,4129,,,,,,,,,,2.22,4,,上市,113,54320,,,,,,,,606135,,610264,,,,,,606135,0,,,159566,,500889,652358,1319852,667494,667494,507928,,660455,,610264,0,606135,,,,,
,,2496,卓越,,,-2763,,,,,,,,,,7.02,4,,上市,113,31588,,,,,,,,132359,,129596,,,,,,132849,-490,,,149440,,14507,379872,835832,455960,455960,306520,,163947,,129991,-395,132359,,,,,
,,2497,怡利電,,,70153,,,,,,,,,,3.09,4,,上市,113,89778,,,,,,,,379502,,449655,,,,,,379502,,,,448895,,20385,3425969,4623396,1197427,1197427,748532,,469280,,449655,,379502,,,,,
,,2498,宏達電,,,2019540,,,,,,,,,,-4.11,4,,上市,113,1503,,,,,,,,-3418288,,-1398748,,,,,,-3418288,,,,-4639337,,1222552,1827140,3080984,1253844,1253844,5893181,,-3416785,,-1398748,,-3418288,,,,,
,,2501,國建,,,1473617,,,,,,,,,,1.36,4,,上市,113,539949,,,,,,,,1532230,,3005847,,,,,,1577400,-45170,,,2433788,,-361609,18728117,23858689,5130572,5130572,2696784,,2072179,,3049367,-43520,1532230,,,,,
,0,2504,國產,,,117229,,,,,,,,,,3.90,4,,上市,113,955869,,,,,,,,4604144,,4721373,,,,,,4591187,12957,,,4528904,,1031109,16134794,21718631,5583837,5583837,1054933,,5560013,,4707857,13516,4604144,,,,,
,,2505,國揚,,,11335,,,,,,,,,,0.52,4,,上市,113,11347,,,,,,,,205126,,216461,,,,,,197610,7516,,,-48935,,265408,370256,607692,237436,237436,286371,,216473,,208945,7516,205126,,,,,
,,2506,太設,4154,,141647,,,,,,,,,,2.04,4,,上市,113,159099,,,,,,,,860637,,1002284,,,,,,738280,122357,,,-121122,,1140858,957270,1441466,484196,484196,609472,,1019736,,878299,123985,860637,,,,,
,,2509,全坤建,,,197482,,,,,,,,,,0.21,4,,上市,113,8156,,,,,,,,55892,,253374,,,,,,47302,8590,,,194022,,-129974,981652,1422565,440913,440913,246891,,64048,,225739,27635,55892,,,,,
,,2511,太子,,,314369,,,,,,,,,,0.19,4,,上市,113,71857,,,,,,,,284499,,598868,,,,,,312997,-28498,,,274129,,82227,6334911,8479489,2144578,2144578,1870449,,356356,,627366,-28498,284499,,,,,
,,2514,龍邦,,,12451,,,,,,,,,,2.83,4,,上市,113,345344,,,,,,,,1445693,,1458144,,,,,,1024021,421672,,,1586670,,204367,21552314,24899361,3347047,3347047,1760377,,1791037,,1038916,419228,1445693,,,,,
,,2515,中工,,,-155775,,,,,,,,,,0.47,4,,上市,113,173958,,,,,,,,724409,,568634,,,,,,717244,7165,,,952583,,-54216,22291929,23846587,1554658,1554658,602075,,898367,,510333,58301,724409,,,,,
,,2516,新建,,,20920,,,,,,,,,,0.97,4,,上市,113,3066,,,,,,,,218670,,239590,,,,,,218670,,,,164120,,57616,9277406,9625473,348067,348067,183947,,221736,,239590,,218670,,,,,
,,2520,冠德,,,561,,,,,,,,,,10.25,4,,上市,113,1292009,,,,,,,,6183918,,6184479,,,,,,5550477,633441,,,7509699,,-33772,19010495,28677524,9667029,9667029,2157330,,7475927,,5549617,634862,6183918,,,,,
,,2524,京城,,,1185,,,,,,,,,,7.67,4,,上市,113,309139,,,,,,,,2831693,,2832878,,,,,,2831693,,,,3460655,,-319823,5105455,9283423,4177968,4177968,717313,,3140832,,2832878,,2831693,,,,,
,,2527,宏璟,,,1176202,,,,,,,,,,4.86,4,,上市,113,206916,,,,,,,,1251802,,2428004,,,,,,1272344,-20542,,,1362121,,96597,5468820,7265269,1796449,1796449,434328,,1458718,,2449212,-21208,1251802,,,,,
,,2528,皇普,,,,,,,,,,,,,3.26,4,,上市,113,367963,,,,,,,,1299010,,1299010,,,,,,,,,,1660581,,6392,3125307,5330608,2205301,2205301,544720,,1666973,,,,1299010,,,,,
,,2530,華建,,,435,,,,,,,,,,1.94,4,,上市,113,410537,,,,,,,,1622422,,1622857,,,,,,1629482,-7060,,,2040885,,-7926,3583851,6095261,2511410,2511410,470525,,2032959,,1629917,-7060,1622422,,,,,
,,2534,宏盛,,,75158,,,,,,,,,,0.63,4,,上市,113,32104,,,,,,,,297856,,373014,,,,,,297856,,,,512790,,-182830,1126409,2107712,981303,981303,468513,,329960,,373014,,297856,,,,,
,,2535,達欣工,,,199804,,,,,,,,,,5.21,4,,上市,113,210901,,,,,,,,1316510,,1516314,,,,,,1354451,-37941,,,1031908,,495503,13058588,14690193,1631605,1631605,599697,,1527411,,1546516,-30202,1316510,,,,,
,,2536,宏普,,,0,,,,,,,,,,0.61,4,,上市,113,18884,,,,,,,,190808,,190808,,,,,,204116,-13308,,,308749,,-99057,1892560,2449455,556895,556895,248146,,209692,,204116,-13308,190808,,,,,
,,2537,聯上發,,,38,,,,,,,,,,1.05,4,,上市,113,82289,,,,,,,,314822,,314860,,,,,,,,,,465541,,-68430,1534876,2213711,678835,678835,213294,,397111,,,,314822,,,,,
,,2538,基泰,,,-31640,,,,,,,,,,0.57,4,,上市,113,8825,,,,,,,,252558,,220918,,,,,,252558,0,,,96785,,164598,653660,983496,329836,329836,233051,,261383,,220918,0,252558,,,,,
,,2539,櫻花建,,,,,,,,,,,,,2.85,4,,上市,113,753745,,,,,,,,2830457,,2830457,,,,,,2830457,,,,3568133,,16069,4659650,9018617,4358967,4358967,790834,,3584202,,2830457,,2830457,,,,,
,,2540,愛山林,,,,,,,,,,,,,3.07,4,,上市,113,696699,,,,,,,,1902834,,1902834,,,,,,1902834,0,,,2583913,,15620,7429784,11158269,3728485,3728485,1144572,,2599533,,1902834,0,1902834,,,,,
,,2542,興富發,,,4781,,,,,,,,,,3.13,4,,上市,113,1551025,,,,,,,,8173933,,8178714,,,,,,6287400,1886533,,,9416098,,308860,23940862,36928280,12987418,12987418,3571320,,9724958,,6292181,1886533,8173933,,,,,
,,2543,皇昌,,,-1695,,,,,,,,,,5.25,4,,上市,113,543168,,,,,,,,2043846,,2042151,,,,,,2017813,26033,,,2583891,,3123,9445765,12431138,2985373,2985373,401482,,2587014,,2015865,26286,2043846,,,,,
,,2545,皇翔,,,476,,,,,,,,,,9.05,4,,上市,113,363637,,,,,,,,2966834,,2967310,,,,,,2966834,,,,4065579,,-735108,7030817,12392167,5361350,5361350,1295771,,3330471,,2967310,,2966834,,,,,
,,2546,根基,,,143002,,,,,,,,,,7.10,4,,上市,113,229115,,,,,,,,874374,,1017376,,,,,,874356,18,,,977432,,126057,12916977,14234149,1317172,1317172,339740,,1103489,,1017327,49,874374,,,,,
,,2547,日勝生,,,5686,,,,,,,,,,-0.08,4,,上市,113,306649,,,,,,,,-37240,,-31554,,,,,,-78273,41033,,,1146820,,-877411,4042249,7063759,3021510,3021510,1874690,,269409,,-72215,40661,-37240,,,,,
,,2548,華固,,,19904,,,,,,,,,,4.58,4,,上市,113,445663,,,,,,,,1389575,,1409479,,,,,,1392271,-2696,,,1899145,,-63907,4630768,7212415,2581647,2581647,682502,,1835238,,1404661,4818,1389575,,,,,
,,2597,潤弘,,,542062,,,,,,,,,,10.71,4,,上市,113,702729,,,,,,,,2996958,,3539020,,,,,,2774232,222726,,,3548341,,151346,21573146,26236813,4663667,4663667,1115326,,3699687,,3267757,271263,2996958,,,,,
,,2601,益航,,,673228,,,,,,,,,,-0.35,4,,上市,113,64363,,,,,,,,-517771,,155457,,,,,,-288774,-228997,,,-7528,,-445880,1758916,4849992,3091076,3091076,3098604,,-453408,,291186,-135729,-517771,,,,,
,,2603,長榮,5265760,,19239122,,,,,,,,,,64.87,4,20884,上市,113,36366457,,,,,,,,143984042,,163223164,,,,,,139453293,4530749,,,159945406,,20405093,287463126,463567897,176104771,176125655,21446009,,180350499,,158155265,5067899,143984042,,,,,
,400708,2605,新興,,,1311110,,,,,,,,,,2.56,4,,上市,113,28949,,,,,,,,1499009,,2810119,,,,,,1499009,0,,,981539,,145711,3082587,4412174,1329587,1329587,348048,,1127250,,2810119,0,1098301,,,,,
,,2606,裕民,,,4126932,,,,,,,,,,5.54,4,,上市,113,107542,,,,,,,,4667329,,8794261,,,,,,4681466,-14137,,,4484887,,289984,11121538,16342503,5220965,5220965,736078,,4774871,,8808398,-14137,4667329,,,,,
,,2607,榮運,,,2386404,,,,,,,,,,2.60,4,,上市,113,764363,,,,,,,,2905475,,5291879,,,,,,2777275,128200,,,2651903,,1017935,16965090,21247504,4282414,4282414,1630511,,3669838,,5158588,133291,2905475,,,,,
,,2608,嘉里大榮,,,56196,,,,,,,,,,2.25,4,,上市,113,278381,,,,,,,,1192410,,1248606,,,,,,1048725,143685,,,1565565,,-94774,10358661,12660756,2302095,2302095,736530,,1470791,,1105033,143573,1192410,,,,,
,,2609,陽明,502009,,6489098,,,,,,,,,,18.38,4,,上市,113,15350159,,,,,,,,64469361,,70958459,,,,,,64179071,290290,,,67575335,,12244185,145078257,222705949,77627692,77627692,10554366,,79819520,,70649660,308799,64469361,,,,,
,,2610,華航,,,-851753,,,,,,,,,,2.38,4,,上市,113,3780874,,,,,,,,15495188,,14643435,,,,,,14383345,1111843,,,18202347,,1073715,169719034,203879338,34160304,34160304,15957957,,19276062,,13680658,962777,15495188,,,,,
,,2611,志信,,,77389,,,,,,,,,,1.64,4,,上市,113,10800,,,,,,,,327460,,404849,,,,,,310373,17087,,,-16543,,354803,492531,687138,194607,194607,211150,,338260,,387327,17522,327460,,,,,
,,2612,中航,,,1228251,,,,,,,,,,5.13,4,,上市,113,44460,,,,,,,,1010421,,2238672,,,,,0,1012798,-2377,,,693088,,361793,3453210,4637832,1184622,1184622,491534,,1054881,0,2241049,-2377,1010421,,,,,
,,2613,中櫃,,,26149,,,,,,,,,,0.84,4,,上市,113,53129,,,,,,,,116004,,142153,,,,,,115553,451,,,341073,,-171940,2735427,3285815,550388,550388,209315,,169133,,141654,499,116004,,,,,
,,2614,東森,,,71351,,,,,,,,,,1.24,4,,上市,113,118446,,,,,,,,305244,,376595,,,,,,371841,-66597,,,325085,,98605,3894446,5748993,1854547,1854547,1529462,,423690,,443112,-66517,305244,,,,,
,,2615,萬海,1401243,,12024892,,,,,,,,,,16.89,4,,上市,113,14683890,,,,,,,,47422445,,59447337,,,,,,47408570,13875,,,50529400,,11576935,105331817,161798959,56467142,56467142,7338985,,62106335,,59417686,29651,47422445,,,,,
,,2616,山隆,,,-678109,,,,,,,,,,-3.43,4,,上市,113,-14456,,,,,,,,-446567,,-1124676,,,,,,-466015,19448,,,-537473,,76450,10074105,10841809,767704,767704,1305177,,-461023,,-1150203,25527,-446567,,,,,
,,2617,台航,,,1666880,,,,,,,,,,3.08,4,,上市,113,178100,,,,,,,,1283234,,2950114,,,,,,1283234,,,,1659132,,-197798,2556870,4400046,1843176,1843176,184044,,1461334,,2950114,,1283234,,,,,
,,2618,長榮航,,,-2072221,,,,,,,,,,5.37,4,,上市,113,7972206,,,,,,,,30415983,,28343762,,,,,,29007422,1408561,,,38681578,,-293389,166987179,221009028,54021849,54021849,15340271,,38388189,,26859428,1484334,30415983,,,,,
,,2630,亞航,,,24523,,,,,,,,,,0.67,4,,上市,113,39313,,,,,,,,140609,,165132,,,,,,140609,,,,197399,,-17477,4737697,5200056,462359,462359,264960,,179922,,165132,,140609,,,,,
,,2633,台灣高鐵,,,28119,,,,,,,,,,1.15,4,,上市,113,1589693,,,,,,,,6451428,,6479547,,,,,,,,,,21495626,,-13454505,29828709,53185664,23356955,23356955,1861329,,8041121,,,,6451428,,,,,
,,2634,漢翔,,,309037,,,,,,,,,,2.30,4,,上市,113,612403,,,,,,,,2168067,,2477104,,,,,,2168067,,,,2218623,,561847,35613870,39338315,3724445,3724445,1505822,,2780470,,2477104,,2168067,,,,,
,,2636,台驊控股,,,1061806,,,,,,,,,,9.39,4,,上市,113,396539,,,,,,,,1353673,,2415479,,,,,,1286008,67665,,,1111382,,638830,21559855,25445681,3885826,3885826,2774444,,1750212,,2333346,82133,1353673,,,,,
,,2637,慧洋-KY,,,3422139,,,,,,,,,,8.08,4,,上市,113,22135,,,,,,,,6031415,,9453554,,,,,,6031415,,,,6785286,,-731736,13411298,20370950,6959652,6959652,174366,,6053550,,9453554,,6031415,,,,,
,,2642,宅配通,,,-89453,,,,,,,,,,-0.10,4,,上市,113,-8874,,,,,,,,-9305,,-98758,,,,,,-9305,,,,-39975,,21796,3667938,4051174,383236,383236,423211,,-18179,,-98758,,-9305,,,,,
,,2645,長榮航太,,,128134,,,,,,,,,,4.90,4,,上市,113,455440,,,,,,,,1837104,,1965238,,,,,,,,,,2430720,,-138176,13164239,16284500,3120261,3120261,689541,,2292544,,,,1837104,,,,,
,,2646,星宇航空,,,-1529298,,,,,,,,,,0.53,4,,上市,113,-30937,,,,,,,,1324438,,-204860,,,,,,,,,,2369762,,-1076261,28355417,35546851,7191434,7191434,4821672,,1293501,,,,1324438,,,,,
,,2701,萬企,,,91333,,,,,,,,,,0.51,4,,上市,113,46935,,,,,,,,229644,,320977,,,,,,,,,,165677,,110902,89077,290002,200925,200925,35248,,276579,,,,229644,,,,,
,,2702,華園,,,103405,,,,,,,,,,0.26,4,,上市,113,32850,,,,,,,,40506,,143911,,,,,,40506,,,,108647,,-35291,198723,1441827,1243104,1243104,1134457,,73356,,143911,,40506,,,,,
,,2704,國賓,,,7443049,,,,,,,,,,2.77,4,,上市,113,211949,,,,,,,,1014961,,8458010,,,,,,1014554,407,,,-31957,,1258867,938158,1302587,364429,364429,396386,,1226910,,8457603,407,1014961,,,,,
,,2705,六福,,,-54591,,,,,,,,,,0.46,4,,上市,113,0,,,,,,,,88822,,34231,,,,,,88822,,,,168654,,-79832,1523734,2324483,800749,800749,632095,,88822,,34231,,88822,,,,,
,,2706,第一店,,,177325,,,,,,,,,,0.56,4,,上市,113,65649,,,,,,,,277731,,455056,,,,,,,,,,241822,,101558,82173,355880,273707,273707,31885,,343380,,,,277731,,,,,
,,2707,晶華,,,117352,,,,,,,,,,10.57,4,,上市,113,329144,,,,,,,,1335066,,1452418,,,,,,1346033,-10967,,,1479366,,184844,4149679,6296962,2147283,2147283,667917,,1664210,,1462792,-10374,1335066,,,,,
,,2712,遠雄來,,,1325,,,,,,,,,,-1.42,4,,上市,113,92,,,,,,,,-149157,,-147832,,,,,,,,,,-151215,,2150,379382,354975,-24407,-24407,126808,,-149065,,,,-149157,,,,,
,,2722,夏都,-662,,-91649,,,,,,,,,,0.03,4,,上市,113,1358,,,,,,,,-17142,,-108791,,,,,,3419,-20561,,,-46973,,31189,405159,631447,226288,226288,272599,,-15784,,-81044,-27747,-17142,,,,,
,,2723,美食-KY,,,330107,,,,,,,,,,3.28,4,,上市,113,509471,,,,,,,,600556,,930663,,,,,,589907,10649,,,1142098,,-32071,7724051,18978612,11254561,11254561,10112463,,1110027,,916005,14658,600556,,,,,
,,2727,王品,,,59751,,,,,,,,,,15.66,4,,上市,113,333895,,,,,,,,1303656,,1363407,,,,,,1291838,11818,,,1733310,,-95759,11760189,22290529,10530340,10530340,8797030,,1637551,,1338812,24595,1303656,,,,,
,,2731,雄獅,,,184275,,,,,,,,,,9.81,4,,上市,113,270500,,,,,,,,926324,,1110599,,,,,,915184,11140,,,1102009,,94815,24378452,28326933,3948481,3948481,2846472,,1196824,,1087065,23534,926324,,,,,
,,2739,寒舍,240697,,61376,,,,,,,,,,5.39,4,,上市,113,68723,,,,,,,,493553,,554929,,,,,,493553,,,,705228,,-142952,3046039,5033047,1987008,1987008,1522477,,562276,,554929,,493553,,,,,
,,2748,雲品,,,382,,,,,,,,,,3.13,4,,上市,113,82717,,,,,,,,330913,,331295,,,,,,330913,,,,335864,,77766,1631619,2443594,811975,811975,476111,,413630,,331295,,330913,,,,,
,,2753,八方雲集,,,57635,,,,,,,,,,9.05,4,,上市,113,165510,,,,,,,,591098,,648733,,,,,,602016,-10918,,,721536,,35072,5250164,8027985,2777821,2777821,2056285,,756608,,652221,-3488,591098,,,,,
,,2762,世界健身-KY,,,3898,,,,,,,,,,3.19,4,,上市,113,93860,,,,,,,,351795,,355693,,,,,,351795,,,,526218,,-80563,8231081,9816657,1585576,1585576,1059358,,445655,,355693,,351795,,,,,
,,2801,彰銀,,,,,4425998,18854957,,22964580,,,,3050867,1.33,4,,上市,113,3408216,,,,,,,,,14945371,,19371369,,14945371,,,,,,,,,,,,,,20415083,,,,19371369,,,14945371,,,18353587,
,,2812,台中銀,,,,,-625025,7048557,,12250662,,,,1100726,1.50,4,,上市,113,1610845,,,,,,,,,8291863,,7666838,,8291863,,,,,,,,,,,,,,8295785,,,,7666838,,,8291863,,,9902708,
,,2816,旺旺保,,,,-7194,,,,,,,,,5.46,4,,上市,113,243936,,,,,,,,1221523,,1214329,,,,,,,,,,1438710,,26749,7219117,11016347,,,2358520,,,,,,,,1221523,,,1465459
,,2820,華票,,,,,-106747,1873770,,364760,,,,27899,1.02,4,,上市,113,278973,,,,,,,,,1374335,,1267588,,,,,,,,,,,,,,,,557323,,,,,,,1374335,,,1653308,
,,2832,台產,,,,397966,,,,,,,,,3.21,4,,上市,113,216901,,,,,,,,1162329,,1560295,,,,,,,,,,1380545,,-1315,4452504,7340275,,,1507226,,,,,,,,1162329,,,1379230
,0,2834,臺企銀,,,,,1719048,14998817,,19115770,,,,3441648,1.23,4,,上市,113,2825963,,,,,,,,,11236701,,12955749,0,11236701,0,,,,,,,,,,,,,16610275,,,,12955749,,,11236701,,,14062664,
,,2836,高雄銀,,,,,687046,1456284,,2928312,,,,65713,0.55,4,,上市,113,353122,,,,,,,,,961385,,1648431,,,,,,,,,,,,,,,,3004376,,,,,,,961385,,,1314507,
,,2838,聯邦銀,,,,,4744732,11549050,,8277819,,,,1107084,1.16,4,,上市,113,944591,,,,,,,,,5222513,,9967245,,5215277,7236,,,,,,,,,,,,,12552681,,,,9960003,7242,,5222513,,,6167104,
,,2845,遠東銀,,,,,136946,6936670,,5921043,,,,139568,1.01,4,,上市,113,572738,,,,,,,,,4297190,,4434136,,4297190,,,,,,,,,,,,,,7848217,,,,4434136,,,4297190,,,4869928,
,0,2849,安泰銀,,,,,142402,2398070,,3145629,,,,814463,0.68,4,,上市,113,47714,,,,,,,,,1325814,,1468216,,,,,,,,,,,,,,,,3355708,,,,,,,1325814,,,1373528,
,,2850,新產,,,,-15418,,,,,,,,,10.47,4,,上市,113,699338,,,,,,,,3309280,,3293862,,,,,,,,,,4002742,,5876,12942922,20853743,,,3908079,,,,,,,,3309280,,,4008618
,,2851,中再保,,,,454486,,,,,,,,,3.14,4,,上市,113,449565,,,,,,,,2515177,,2969663,,,,,,,,,,2956232,,8510,19321860,22886773,,,608681,,,,,,,,2515177,,,2964742
,,2852,第一保,,,,5773,,,,,,,,,3.00,4,,上市,113,176328,,,,,,,,903297,,909070,,,,,,,,,,1080498,,-873,5110644,7799051,,,1607909,,,,,,,,903297,,,1079625
,,2855,統一證,,,,,,,,,,,,,3.00,4,,上市,113,542734,,,9368543,,13029981,,794018,4386792,,5180810,,,4373054,13738,,,,,3661438,,1268088,,,,,,,,4929526,,5161110,19700,4386792,,,,,
535597,,2880,華南金,,,,,,,40550670,26228121,,,,3656196,1.68,4,,上市,113,,6023000,,,,,,5774127,,23132775,28906902,,,,,,23132593,182,66778791,,,,,,,,,33431223,,,,28906645,257,23132775,,,29155775,,
68382783,,2881,富邦金,,,,,,,165718655,181744840,,,,12926807,10.77,4,,上市,113,,21446852,,,,,,33389868,,150861039,184250907,,,,,,150820135,40904,347463495,,,,,,,,,93846014,,,,184300033,-49126,150861039,,,172307891,,
114344275,1009965,2882,國泰金,,,,,,,95594970,262121947,,,,9279241,7.29,4,,上市,113,,16625802,,,,,,25876732,,111226918,137103650,,,,,,110269745,957173,357716917,,,,,,,,,107250646,,,,131792634,5311016,110216953,,,126842755,,
-5806041,,2883,凱基金,,,,,,,-1619028,74907797,,,,1463952,1.97,4,,上市,113,,7323901,,,,,,19552307,,33554983,53107290,,,,,,33552462,2521,73288769,,,,,,,,,36751974,,,,53100925,6365,33554983,,,40878884,,
,,2884,玉山金,,,,,,,42147098,33997447,,,,4146556,1.63,4,,上市,113,,6110615,,,,,,9245853,,26148724,35394577,,,,,,26127505,21219,76144545,,,,,,,,,39738650,,,,35372202,22375,26148724,,,32259339,,
12605146,,2885,元大金,,,,,,,87576915,33122767,,,,2174270,2.77,4,,上市,113,,7439717,,,,,,4582855,,38312404,42895259,,,,,,35829914,2482490,120699682,,,,,,,,,60168145,,,,41179720,1715539,38312404,,,45752121,,
453908,,2886,兆豐金,,,,,,,46691204,36793927,,,,7692005,2.35,4,,上市,113,,4325927,,,,,,4621808,,34765886,39387694,,,,,0,34765886,0,83485131,,,,,,,,,36247405,,,0,39387694,0,34765886,,,39091813,,
24814519,,2887,台新新光金,,,,,,,51681546,34926704,,,,1194596,1.39,4,,上市,113,,3591125,,,,,,1787431,,20065000,21852431,,,,,,20064396,604,86608250,,,,,,,,,36943010,,,,21851775,656,20065000,,,23656125,,
,,2889,國票金,,,,,,,6773252,1434135,,,,172971,0.61,4,,上市,113,,676911,,,,,,677590,,2802370,3479960,,,,,,2171129,631241,8207387,,,,,,,,,4555135,,,,2350487,1129473,2802370,,,3479281,,
,,2890,永豐金,,,,,,,38631669,25791706,,,,4570873,1.75,4,,上市,113,,5065587,,,,,,4100343,,22228979,26329322,,,,,,22228979,0,64423375,,,,,,,,,32557936,,,,26329322,0,22228979,,,27294566,,
-3487216,,2891,中信金,,,,,,,56039801,133369772,,,,12114994,3.64,4,,上市,113,,14725655,,,,,,7747426,,73364060,81111486,,,,,,72028449,1335611,189409573,,,,,,,,,92692080,,,,77972273,3139213,73364060,,,88089715,,
2613608,,2892,第一金,,,,,,,40885162,31234313,,,,5763335,1.81,4,,上市,113,,5878259,,,,,,5659154,,25359450,31018604,,,,,,25359450,,72119475,,,,,,,,,32504823,,,,31018604,,25359450,,,31237709,,
,,2897,王道銀行,,,,,295969,8351370,,1827343,,,,53227,1.00,4,,上市,113,1123745,,,,,,,,,3892859,,4188828,,2856199,1036660,,,,,,,,,,,,,5108882,,,,3187590,1001238,,3892859,,,5016604,
,,2901,欣欣,,,-177,,,,,,,,,,0.41,4,,上市,113,9686,,,,,,,,29890,,29713,,,,,,,,,,25122,,14454,18904,133626,114722,114722,89600,,39576,,,,29890,,,,,
,,2903,遠百,,,163240,,,,,,,,,,1.65,4,,上市,113,709985,,,,,,,,2872575,,3035815,,,,,,2325717,546858,,,4068618,,-486058,15173459,35006753,19833294,19833294,15764676,,3582560,,2512110,523705,2872575,,,,,
,,2904,匯僑,,,13060,,,,,,,,,,1.38,4,,上市,113,27036,,,,,,,,107146,,120206,,,,,,107155,-9,,,112835,,21347,311910,492033,180123,180123,67288,,134182,,120215,-9,107146,,,,,
,,2905,三商,,-4653565,,,,,,,,,,,1.42,4,,上市,113,-2139214,,201139182,,202518193,,,,3518225,,-1135340,,,,,,1517530,2000695,,,,,,,,,,,,,,-201838,-933502,3518225,,,,1379011,
,,2906,高林,,,174186,,,,,,,,,,0.52,4,,上市,113,151600,,,,,,,,345931,,520117,,,,,,108045,237886,,,452866,,44665,6274980,8873685,2598705,2598705,2145839,,497531,,300629,219488,345931,,,,,
,,2908,特力,,,251787,,,,,,,,,,0.66,4,,上市,113,138183,,,,,,,,177280,,429067,,,,,,331711,-154431,,,624617,,-309154,27355397,36832049,9476652,9476652,8852035,,315463,,588234,-159167,177280,,,,,
,,2910,統領,,,-7258,,,,,,,,,,1.13,4,0,上市,113,76293,,,,,,0,,197935,,190677,,,,,,197935,0,,,237167,,37061,175011,606041,431030,431030,193863,,274228,,190677,0,197935,,,,,
,,2911,麗嬰房,,,29330,,,,,,,,,,-4.07,4,,上市,113,4484,,,,,,,,-421765,,-392435,,,,,,-427438,5673,,,-437050,,19769,1659432,2806045,1146613,1146613,1583663,,-417281,,-398421,5986,-421765,,,,,
,,2912,統一超,,,2360556,,,,,,,,,,11.10,4,,上市,113,3620148,,,,,,,,13741439,,16101995,,,,,,11538923,2202516,,,13972735,,3388852,222504647,337932397,115427750,115427750,101455015,,17361587,,13779915,2322080,13741439,,,,,
,,2913,農林,,,4008,,,,,,,,,,-0.22,4,,上市,113,-70,,,,,,,,-175090,,-171082,,,,,,,,,,-60365,,-114795,271116,433108,161992,161992,222357,,-175160,,,,-175090,,,,,
,,2915,潤泰全,,,-3938302,,,,,,,,,,13.00,4,,上市,113,297142,,,,,,,,13738591,,9800289,,,,,,13564168,174423,,,207545,,13828188,1792519,2893203,1100684,1100684,893139,,14035733,,8974159,826130,13738591,,,,,
,,2923,鼎固-KY,-929788,,1404260,,,,,,,,,,0.44,4,,上市,113,2580704,,,,,,,,951774,,2356034,,,,,,759299,192475,,,3575833,,-43355,3547701,8563661,5015960,5015960,510339,,3532478,,2154235,201799,951774,,,,,
,,2929,淘帝-KY,,,97835,,,,,,,,,,0.14,4,,上市,113,616,,,,,,,,14801,,112636,,,,,,14801,,,,-6296,,21713,1770542,2120748,350206,350206,356502,,15417,,112636,,14801,,,,,
,,2939,永邑-KY,,,2876,,,,,,,,,,-2.96,4,,上市,113,8190,,,,,,,,-135003,,-132127,,,,,,-135003,0,,,-115863,,-10950,264641,301923,37282,37282,153145,,-126813,,-132127,0,-135003,,,,,
,,2945,三商家購,,,,,,,,,,,,,2.02,4,,上市,113,33515,,,,,,,,119573,,119573,,,,,,136399,-16826,,,177531,,-24443,10419844,14297180,3877336,3877336,3699805,,153088,,136399,-16826,119573,,,,,
,,3002,歐格,-5185,,125617,,,,,,,,,,0.05,4,,上市,113,2310,,,,,,,,4401,,130018,,,,,,5265,-864,,,-35246,,41957,465039,591170,126131,126131,156192,,6711,,124534,5484,4401,,,,,
,,3003,健和興,,,24291,,,,,,,,,,3.88,4,,上市,113,238236,,,,,,,,612984,,637275,,,,,,604622,8362,,,644110,,207110,3238495,4544959,1306464,1306464,662354,,851220,,625259,12016,612984,,,,,
,,3004,豐達科,,,43251,,,,,,,,,,6.88,4,,上市,113,96144,,,,,,,,375976,,419227,,,,,,375976,0,,,467661,,4459,2531968,3501720,969752,969752,502091,,472120,,419227,0,375976,,,,,
,,3005,神基,0,,1465339,,,,,,,,,,7.26,4,,上市,113,1159961,,,,,,,,4695511,,6160850,,,,,,4447803,247708,,,5202118,,653354,24340697,35668386,11327689,11327689,6125571,,5855472,,5850088,310762,4695511,,,,,
,,3006,晶豪科,,,9802,,,,,,,,,,1.80,4,,上市,113,26208,,,,,,,,504639,,514441,,,,,,505115,-476,,,-394891,,925738,11852549,13485168,1632619,1632619,2027510,,530847,,514917,-476,504639,,,,,
,,3008,大立光,,,2915803,,,,,,,,,,194.17,4,,上市,113,5963418,,,,,,0,,26210952,,29126755,,,,,,25915410,295542,,,24032531,,8141839,28248244,59457553,31209309,31209309,7176778,,32174370,,28818649,308106,26210952,,,,,
,,3010,華立,,,1028343,,,,,,,,,,8.89,4,,上市,113,734219,,,,,,,,2539851,,3568194,,,,,,2252904,286947,,,2666224,,607846,74072856,80030914,5958058,5958058,3291834,,3274070,,3201795,366399,2539851,,,,,
,,3011,今皓,,,407460,,,,,,,,,,-2.21,4,,上市,113,-16638,,,,,,,,-254989,,152471,,,,,,-248781,-6208,,,-272230,,603,1067246,1152170,84924,84924,357154,,-271627,,179236,-26765,-254989,,,,,
,,3013,晟銘電,,,60962,,,,,,,,,,3.63,4,,上市,113,186066,,,,,,,,730391,,791353,,,,,,730391,0,,,802877,,113580,7944135,9409586,1465451,1465451,662574,,916457,,791353,0,730391,,,,,
,,3014,聯陽,,,-148094,,,,,,,,,,10.10,4,,上市,113,355309,,,,,,,,1626631,,1478537,,,,,,1626631,0,,,1834532,,147408,2943506,6632578,3689072,3689072,1854540,,1981940,,1478537,0,1626631,,,,,
,,3015,全漢,,,1377633,,,,,,,,,,2.16,4,0,上市,113,84679,,,,,,-598,,438019,,1815652,,,,,,404559,33460,,,49203,,473495,9577853,11601092,2023239,2023837,1974634,,522698,,1777426,38226,438019,,,,,
,,3016,嘉晶,,,3854,,,,,,,,,,0.92,4,,上市,113,53303,,,,,,,,264608,,268462,,,,,,264608,,,,72960,,244951,3725465,4107470,382005,382005,309045,,317911,,268462,,264608,,,,,
,,3017,奇鋐,,,933958,,,,,,,,,,21.21,4,,上市,113,3158934,,,,,,,,9192677,,10126635,,,,,,8172379,1020298,,,10822659,,1528952,54890855,71761296,16870441,16870441,6047782,,12351611,,9028366,1098269,9192677,,,,,
,,3018,隆銘綠能,,,361391,,,,,,,,,,-1.46,4,,上市,113,-8399,,,,,,,,-93363,,268028,,,,,0,-93363,0,,,-30564,,-71198,780009,851422,71413,71413,101977,,-101762,,268028,0,-93363,,,,,
,,3019,亞光,,,1010129,,,,,,,,,,5.79,4,,上市,113,457298,,,,,,,,2028431,,3038560,,,,,,1615785,412646,,,1762414,,723315,18767627,23047473,4279846,4279846,2517432,,2485729,,2506869,531691,2028431,,,,,
,,3021,鴻名,,,80197,,,,,,,,,,0.58,4,,上市,113,95757,,,,,,,,55171,,135368,,,,,,55485,-314,,,196976,,-46048,2889484,3470396,580912,580912,383936,,150928,,135682,-314,55171,,,,,
,,3022,威強電,,,88110,,,,,,,,,,8.72,4,2446,上市,113,359808,,,,,,359,,1559176,,1647286,,,,,,1540670,18506,,,866824,,1052160,4428680,6839832,2411152,2413239,1546415,,1918984,,1628780,18506,1559176,,,,,
,,3023,信邦,,,278314,,,,,,,,,,14.70,4,,上市,113,1022291,,,,,,,,3523445,,3801759,,,,,,3529000,-5555,,,3558030,,987706,24846763,33087505,8240742,8240742,4682712,,4545736,,3802026,-267,3523445,,,,,
,,3024,憶聲,,,70742,,,,,,,,,,0.66,4,,上市,113,74627,,,,,,,,183726,,254468,,,,,,183726,,,,242480,,15873,1910159,2495322,585163,585163,342683,,258353,,254468,,183726,,,,,
,,3025,星通,,,4522,,,,,,,,,,3.68,4,,上市,113,32728,,,,,,,,209057,,213579,,,,,,209057,,,,191899,,49886,204836,649951,445115,445115,253216,,241785,,213579,,209057,,,,,
,,3026,禾伸堂,,,54166,,,,,,,,,,5.87,4,,上市,113,176693,,,,,,,,926355,,980521,,,,,,973274,-46919,,,620741,,482307,10696809,12785820,2089011,2089011,1468270,,1103048,,1027450,-46929,926355,,,,,
,,3027,盛達,0,,5709,,,,,,,,,,-0.22,4,0,上市,113,27745,,,,,,0,,16908,,22617,,,,,,-24753,41661,,,-19675,,64328,1609740,2023935,414195,414195,433870,,44653,,-20174,42791,16908,,,,,
,,3028,增你強,,,338133,,,,,,,,,,2.08,4,,上市,113,96528,,,,,,,,489179,,827312,,,,,,489179,,,,735697,,-149990,34161772,36437253,2275481,2275481,1539784,,585707,,827312,,489179,,,,,
,,3029,零壹,,,101367,,,,,,,,,,5.22,4,,上市,113,252913,,,,,,,,984384,,1085751,,,,,,833769,150615,,,1150302,,86995,16046313,18475761,2429448,2429448,1279146,,1237297,,934627,151124,984384,,,,,
,,3030,德律,,,38311,,,,,,,,,,7.78,4,,上市,113,341148,,,,,,,,1836628,,1874939,,,,,,1836628,,,,2029421,,148355,2571758,6355808,3784050,3784050,1754629,,2177776,,1874939,,1836628,,,,,
,,3031,佰鴻,,,-29709,,,,,,,,,,1.09,4,,上市,113,44083,,,,,,,,185391,,155682,,,,,,188712,-3321,,,98002,,131472,846792,1177756,330964,330964,232962,,229474,,155595,87,185391,,,,,
,,3032,偉訓,,,170877,,,,,,,,,,4.61,4,,上市,113,51329,,,,,,,,639175,,810052,,,,,,517876,121299,,,483307,,207197,5780533,7402013,1621480,1621480,1138173,,690504,,650852,159200,639175,,,,,
,,3033,威健,,,400786,,,,,,,,,,2.56,4,,上市,113,335288,,,,,,,,1141872,,1542658,,,,,,1141872,,,,2525118,,-1047958,84531750,89674523,5142773,5142773,2617655,,1477160,,1542658,,1141872,,,,,
,,3034,聯詠,,,-163044,,,,,,,,,,33.43,4,,上市,113,3784296,,,,,,,,20342021,,20178977,,,,,,20342021,0,,,21806038,,2320279,61315395,102787751,41472356,41472356,19666318,,24126317,,20178977,0,20342021,,,,,
,,3035,智原,,,-112951,,,,,,,,,,4.04,4,,上市,113,271162,,,,,,,,1071892,,958941,,,,,,1041465,30427,,,1070677,,272377,6013493,11064852,5051359,5051359,3980682,,1343054,,920207,38734,1071892,,,,,
,,3036,文曄,,,6069958,,,,,,,,,,8.13,4,,上市,113,2628699,,,,,,,,9206085,,15276043,,,,,,9112156,93929,,,15264320,,-3429536,921829827,959431897,37602070,37602070,22337750,,11834784,,15130332,145711,9206085,,,,,
,,3037,欣興,66166,,2103293,,,,,,,,,,3.34,4,,上市,113,1764696,,,,,,,,5556014,,7659307,,,,,,5082063,473951,,,5116677,,2204033,99058121,115373282,16315161,16315161,11264650,,7320710,,7054605,604702,5556014,,,,,
,,3038,全台,4850,,-7755,,,,,,,,,,2.21,4,,上市,113,65311,,,,,,,,328092,,320337,,,,,,327897,195,,,232302,,161101,2778598,3605552,826954,826954,599502,,393403,,320330,7,328092,,,,,
,,3040,遠見,,,2396,,,,,,,,,,0.73,4,,上市,113,26658,,,,,,,,46126,,48522,,,,,,46126,,,,41197,,31587,54463,138217,83754,83754,42557,,72784,,48522,,46126,,,,,
,,3041,揚智,,,12226,,,,,,,,,,-2.41,4,,上市,113,45597,,,,,,,,-280533,,-268307,,,,,,-280612,79,,,-254602,,19666,1169172,1628224,459052,459052,713654,,-234936,,-268411,104,-280533,,,,,
,,3042,晶技,,,471440,,,,,,,,,,6.55,4,,上市,113,438301,,,,,,,,2136539,,2607979,,,,,,2137415,-876,,,2136484,,438356,8185113,12672258,4487145,4487145,2350661,,2574840,,2608855,-876,2136539,,,,,
,,3043,科風,,,174591,,,,,,,,,,0.95,4,,上市,113,7939,,,,,,,,36307,,210898,,,,,,37185,-878,,,-1794,,46040,693066,882491,189425,189425,191219,,44246,,208460,2438,36307,,,,,
,,3044,健鼎,-140081,,2310759,,,,,,,,,,15.95,4,,上市,113,2613788,,,,,,,,8382701,,10693460,,,,,,8382485,216,,,9730993,,1265496,50516077,65803607,15287530,15287530,5416456,,10996489,,10693244,216,8382701,,,,,
,,3045,台灣大,1202357,,-383384,,,,,,,,,,4.57,4,,上市,113,3736495,,,,,,,,15795545,,15412161,,,,,,13816716,1978829,,,20250476,,-718436,159678771,199373905,39695134,39695134,20647015,,19532040,,13421817,1990344,15795545,,,,,
,,3046,建碁,,,-1460,,,,,,,,,,3.83,4,,上市,113,-10257,,,,,,,,293654,,292194,,,,,,300533,-6879,,,236375,,47022,6439506,6945979,506473,506473,270098,,283397,,298899,-6705,293654,,,,,
,,3047,訊舟,,,27030,,,,,,,,,,0.51,4,,上市,113,112823,,,,,,,,436230,,463260,,,,,,112888,323342,,,353758,,195295,4949021,6815330,1866309,1866309,1512551,,549053,,138546,324714,436230,,,,,
,,3048,益登,,,459263,,,,,,,,,,-2.10,4,,上市,113,-129863,,,,,,,,-565769,,-106506,,,,,,-565769,0,,,1627140,,-2322772,109664153,113256257,3592104,3592104,1964964,,-695632,,-106506,0,-565769,,,,,
,,3049,精金,,,-360678,,,,,,,,,,-1.10,4,,上市,113,9945,,,,,,,,-891366,,-1252044,,,,,,-877982,-13384,,,-938660,,57239,2131369,1466434,-664935,-664935,273725,,-881421,,-1211901,-40143,-891366,,,,,
,0,3050,鈺德,,,-5219,,,,,,,,,,0.55,4,0,上市,113,13657,,,,,,0,,101392,,96173,,,,,0,84839,16553,,,37625,,77424,832315,1252628,420313,420313,382688,,115049,0,79640,16533,101392,,,,,
,,3051,力特,,,6351,,,,,,,,,,2.01,4,,上市,113,36800,,,,,,,,337270,,343621,,,,,,337270,0,,,352702,,21368,1193695,1887383,693688,693688,340986,,374070,,343621,0,337270,,,,,
,,3052,夆典,,,18349,,,,,,,,,,0.98,4,,上市,113,50856,,,,,,,,202942,,221291,,,,,,199727,3215,,,190602,,63196,2298785,2659786,361001,361001,170399,,253798,,218060,3231,202942,,,,,
,,3054,立萬利,,,1518,,,,,,,,,,-0.40,4,,上市,113,1166,,,,,,,,-32074,,-30556,,,,,,-32074,,,,-37346,,6438,78323,99156,20833,20833,58179,,-30908,,-30556,,-32074,,,,,
,,3055,蔚華科,-141,,16484,,,,,,,,,,-2.23,4,,上市,113,-15297,,,,,,,,-275898,,-259414,,,,,,-251519,-24379,,,-267750,,-23445,535513,673273,137760,137760,405369,,-291195,,-235035,-24379,-275898,,,,,
,,3056,富華新,,,,,,,,,,,,,6.15,4,,上市,113,529174,,,,,,,,2188849,,2188849,,,,,,2188849,,,,2645242,,72781,9697906,12753660,3055754,3055754,410512,,2718023,,2188849,,2188849,,,,,
,,3057,喬鼎,,,20825,,,,,,,,,,-1.64,4,,上市,113,46494,,,,,,,,-152478,,-131653,,,,,,-152154,-324,,,-119351,,13367,374852,573192,198340,198340,317691,,-105984,,-131339,-314,-152478,,,,,
,,3058,立德,,,185913,,,,,,,,,,-2.02,4,1897,上市,113,3971,,,,,,0,,-390564,,-204651,,,,,,-388403,-2161,,,-380204,,-6389,2685306,3131586,446280,448177,828381,,-386593,,-202373,-2278,-390564,,,,,
,,3059,華晶科,,,459590,,,,,,,,,,1.15,4,,上市,113,176267,,,,,,,,421430,,881020,,,,,,318005,103425,,,327807,,269890,5104692,7195586,2090894,2090894,1763087,,597697,,768165,112855,421430,,,,,
,,3060,銘異,,,159696,,,,,,,,,,0.45,4,,上市,113,13513,,,,,,,,63881,,223577,,,,,,62442,1439,,,9078,,68316,3050237,3508217,457980,457980,448902,,77394,,222091,1486,63881,,,,,
,,3062,建漢,,,83419,,,,,,,,,,0.01,4,,上市,113,16002,,,,,,,,2717,,86136,,,,,,2717,,,,-227886,,246605,3288051,3595201,307150,307150,535036,,18719,,86136,,2717,,,,,
,,3090,日電貿,,,121808,,,,,,,,,,4.52,4,,上市,113,253168,,,,,,,,965030,,1086838,,,,,,946798,18232,,,1115021,,103177,10193737,12141096,1947359,1947359,832338,,1218198,,1068715,18123,965030,,,,,
,,3092,鴻碩,80421,,49332,,,,,,,,,,-2.08,4,,上市,113,-2134,,,,,,,,-221919,,-172587,,,,,,-221919,,,,-273956,,49903,1701226,1933669,232443,232443,586820,,-224053,,-172587,,-221919,,,,,
,,3094,聯傑,,,9800,,,,,,,,,,0.17,4,,上市,113,1525,,,,,,,,14364,,24164,,,,,,14364,,,,-26125,,42014,54676,165861,111185,111185,137310,,15889,,24164,,14364,,,,,
,,3130,一零四,,,9507,,,,,,,,,,14.14,4,,上市,113,96383,,,,,,,,469356,,478863,,,,,,469356,,,,546622,,19117,320416,2498987,2178571,2178571,1631949,,565739,,478863,,469356,,,,,
,,3135,凌航,0,,,,,,,,,,,,2.37,4,,上市,113,32621,,,,,,,,142410,,142410,,,,,,,,,,134678,,40353,5260936,5507775,246839,246839,112161,,175031,,,,142410,,,,,
,,3138,耀登,,,61677,,,,,,,,,,3.05,4,,上市,113,22814,,,,,,,,150424,,212101,,,,,,152222,-1798,,,86815,,86423,1010176,1707590,697414,697414,610599,,173238,,213899,-1798,150424,,,,,
,,3149,正達,,,5482,,,,,,,,,,-1.45,4,,上市,113,2054,,,,,,,,-240759,,-235277,,,,,,-240759,,,,-289113,,50408,2138719,2163181,24462,24462,313575,,-238705,,-235277,,-240759,,,,,
,,3150,鈺寶-創,,,563,,,,,,,,,,0.72,4,,上市,113,-961,,,,,,,,30771,,31334,,,,,,,,,,19217,,10593,180878,345263,164385,164385,145168,,29810,,,,30771,,,,,
,,3164,景岳,,,26060,,,,,,,,,,0.66,4,,上市,113,16968,,,,,,,,47751,,73811,,,,,,57251,-9500,,,40634,,24085,147194,385373,238179,238179,197545,,64719,,78728,-4917,47751,,,,,
,,3167,大量,,,66602,,,,,,,,,,1.48,4,,上市,113,24215,,,,,,,,124395,,190997,,,,,,124395,0,,,72079,,76531,1848519,2599385,750866,750866,678787,,148610,,190997,0,124395,,,,,
,,3168,眾福科,,,20256,,,,,,,,,,2.93,4,761,上市,113,60327,,,,,,0,,271488,,291744,,,,,,223194,48294,,,326210,,5605,2563645,3418445,854800,855561,529351,,331815,,241924,49820,271488,,,,,
,,3189,景碩,,,201406,,,,,,,,,,0.11,4,,上市,113,272138,,,,,,,,1331050,,1532456,,,,,,48889,1282161,,,1095419,,507769,21867254,30534979,8667725,8667725,7572306,,1603188,,216794,1315662,1331050,,,,,
,,3209,全科,,,183487,,,,,,,,,,3.02,4,,上市,113,261228,,,,,,,,762065,,945552,,,,,,702528,59537,,,1195241,,-171948,43591161,45892739,2301578,2301578,1106337,,1023293,,885979,59573,762065,,,,,
,,3229,晟鈦,,,,,,,,,,,,,0.14,4,,上市,113,871,,,,,,,,8734,,8734,,,,,,8734,0,,,-5698,,15303,852948,918401,65453,65453,71151,,9605,,8734,0,8734,,,,,
,,3231,緯創,,,7847407,,,,,,,,,,6.11,4,,上市,113,9339245,,,,,,,,30636231,,38483638,,,,,,17445591,13190640,,,38978526,,996950,965164938,1049255781,84090843,84090843,45112317,,39975476,,23971464,14512174,30636231,,,,,
,,3257,虹冠電,,,9730,,,,,,,,,,2.45,4,,上市,113,41673,,,,,,,,195796,,205526,,,,,,195796,,,,176447,,61022,413449,816028,402579,402579,226132,,237469,,205526,,195796,,,,,
,,3266,昇陽,,,2952,,,,,,,,,,1.93,4,,上市,113,224596,,,,,,,,686543,,689495,,,,,,679506,7037,,,921887,,-10748,3208241,4679558,1471317,1471317,549430,,911139,,681976,7519,686543,,,,,
,,3296,勝德,,,51707,,,,,,,,,,0.50,4,,上市,113,6140,,,,,,,,48399,,100106,,,,,,48399,,,,-4164,,58703,1264284,1624244,359960,359960,364124,,54539,,100106,,48399,,,,,
,,3305,昇貿,,,97090,,,,,,,,,,3.10,4,,上市,113,208124,,,,,,,,409071,,506161,,,,,,409200,-129,,,572722,,44473,7129085,8210676,1081591,1081591,508869,,617195,,506290,-129,409071,,,,,
,0,3308,聯德,,,33645,,,,,,,,,,0.99,4,,上市,113,37816,,,,,,,,59736,,93381,,,,,,59704,32,,,-34662,,132214,51663,67774,16111,16111,50773,,97552,,93349,32,59736,,,,,
,,3311,閎暉,,,134848,,,,,,,,,,0.81,4,,上市,113,31934,,,,,,,,55078,,189926,,,,,,55078,,,,13668,,73344,2133582,2414203,280621,280621,266953,,87012,,189926,,55078,,,,,
,,3312,弘憶股,,,162064,,,,,,,,,,2.38,4,,上市,113,109472,,,,,,,,358135,,520199,,,,,,386378,-28243,,,349313,,118294,16763564,17709439,945875,945875,596562,,467607,,548442,-28243,358135,,,,,
,,3321,同泰,,,22205,,,,,,,,,,-2.15,4,,上市,113,5678,,,,,,,,-208482,,-186277,,,,,,-208482,,,,-233956,,31152,1921231,1966140,44909,44909,278865,,-202804,,-186277,,-208482,,,,,
,,3338,泰碩,,,44924,,,,,,,,,,3.00,4,,上市,113,67595,,,,,,,,262683,,307607,,,,,,262683,,,,223265,,107013,3000884,3753882,752998,752998,529733,,330278,,307607,,262683,,,,,
,,3346,麗清,525,,96480,,,,,,,,,,2.36,4,,上市,113,31110,,,,,,,,271357,,367837,,,,,,271357,,,,311722,,-9255,8039967,9338397,1298430,1298430,987233,,302467,,367837,,271357,,,,,
,,3356,奇偶,,,26552,,,,,,,,,,7.20,4,,上市,113,52415,,,,,,,,628780,,655332,,,,,,625196,3584,,,113170,,568025,625828,1197847,572019,572019,458849,,681195,,651569,3763,628780,,,,,
,,3376,新日興,,,175134,,,,,,,,,,7.15,4,,上市,113,516151,,,,,,,,1359332,,1534466,,,,,,1359332,,,,1253351,,622132,10865271,13327345,2462074,2462074,1208723,,1875483,,1534466,,1359332,,,,,
,,3380,明泰,,,273987,,,,,,,,,,0.40,4,,上市,113,172957,,,,,,,,341999,,615986,,,,,,218627,123372,,,107587,,407369,17514226,21443625,3929399,3929399,3821812,,514956,,430850,185136,341999,,,,,
,,3406,玉晶光,,,691483,,,,,,,,,,38.35,4,,上市,113,1586966,,,,,,,,4337801,,5029284,,,,,,4323457,14344,,,4755418,,1169349,15129720,23186728,8057008,8057008,3301590,,5924767,,5016976,12308,4337801,,,,,
,,3413,京鼎,,,398282,,,,,,,,,,25.22,4,,上市,113,602010,,,,,,,,2612643,,3010925,,,,,,2612643,,,,2662203,,552450,12165987,16454476,4288489,4288489,1626286,,3214653,,3010925,,2612643,,,,,
,,3416,融程電,,,1749,,,,,,,,,,7.04,4,,上市,113,120518,,,,,,0,,551999,,553748,,,,,,559453,-7454,,,606032,,66485,1835050,3057605,1222555,1222555,616523,,672517,,565056,-11308,551999,,,,,
,,3419,譁裕,196,,21467,,,,,,,,,,-1.21,4,,上市,113,-2604,,,,,,,,-146511,,-125044,,,,,,-145828,-683,,,-197116,,48001,1224386,1479246,254860,254860,452172,,-149115,,-124361,-683,-146511,,,,,
,,3432,台端,,,2900,,,,,,,,,,-0.55,4,,上市,113,169,,,,,,,,-22349,,-19449,,,,,,-22349,,,,-30797,,8617,39924,47157,7233,7233,38030,,-22180,,-19449,,-22349,,,,,
,,3437,榮創,,,167580,,,,,,,,,,-0.94,4,,上市,113,205,,,,,,,,-177255,,-9675,,,,,,-135414,-41841,,,-248348,,71298,1672989,2035208,362219,362219,610567,,-177050,,31222,-40897,-177255,,,,,
,,3443,創意,,,38257,,,,,,,,,,25.75,4,,上市,113,611815,,,,,,,,3450588,,3488845,,,,,,3450588,,,,3802888,,259515,16936638,25044192,8107554,8107554,4304666,,4062403,,3488845,,3450588,,,,,
,,3447,展達,,,43026,,,,,,,,,,1.20,4,,上市,113,25943,,,,,,,,92779,,135805,,,,,,92779,,,,24653,,94069,2259136,2558314,299178,299178,274525,,118722,,135805,,92779,,,,,
,,3450,聯鈞,-8534,,141961,,,,,,,,,,3.82,4,,上市,113,222287,,,,,,,,1072685,,1214646,,,,,,556426,516259,,,1170365,,124607,5506545,7567661,2061116,2061116,882217,,1294972,,622778,591868,1072685,,,,,
,,3481,群創,,,5586510,,,,,,,,,,0.76,4,,上市,113,1501132,,,,,,,,6727332,,12313842,,,,,,6472883,254449,,,-7918921,,16147385,202336942,216509919,14172977,14172977,22091898,,8228464,,12084232,229610,6727332,,,,,
,,3494,誠研,,,2056,,,,,,,,,,-1.08,4,,上市,113,0,,,,,,,,-155712,,-153656,,,,,,-124773,-30939,,,-110079,,-45633,763777,904963,141186,141186,251265,,-155712,,-122717,-30939,-155712,,,,,
,,3501,維熹,,,198155,,,,,,,,,,6.12,4,,上市,113,215916,,,,,,,,723444,,921599,,,,,,723444,,,,703636,,235724,4488559,5922193,1433634,1433634,729998,,939360,,921599,,723444,,,,,
,,3504,揚明光,,,61982,,,,,,,,,,-2.17,4,,上市,113,3780,,,,,,,,-247751,,-185769,,,,,,-247774,23,,,-266650,,22679,2270228,2572028,301800,301800,568450,,-243971,,-185805,36,-247751,,,,,
,,3515,華擎,,,328154,,,,,,,,,,10.54,4,,上市,113,357121,,,,,,,,1580728,,1908882,,,,,,1288775,291953,,,1672347,,265502,20781961,25653837,4871876,4871876,3199529,,1937849,,1616835,292047,1580728,,,,,
,-26388,3518,柏騰,,,40128,,,,,,,,,,-2.39,4,,上市,113,46997,,,,,,,,-212095,,-171967,,,,,,-212095,0,,,-145788,,7078,283109,353985,70876,70876,216664,,-138710,,-171967,0,-185707,,,,,
,,3528,安馳,,,-28087,,,,,,,,,,4.16,4,,上市,113,64654,,,,,,,,277449,,249362,,,,,,,,,,328382,,13721,4604875,5291435,686560,686560,358178,,342103,,,,277449,,,,,
,,3530,晶相光,,,5721,,,,,,,,,,-1.33,4,,上市,113,1538,,,,,,,,-102780,,-97059,,,,,,-102780,,,,-193043,,91801,1606492,1731031,124539,124539,317582,,-101242,,-97059,,-102780,,,,,
,,3532,台勝科,,,-3761,,,,,,,,,,3.35,4,,上市,113,330582,,,,,,,,1299864,,1296103,,,,,,1299864,,,,1606078,,24368,9759800,12421635,2661835,2661835,1055757,,1630446,,1296103,,1299864,,,,,
,0,3533,嘉澤,,,889827,,,,,,,,,,82.77,4,,上市,113,2487788,,,,,,,,9381037,,10270864,,,,,,9276952,104085,,,10244620,,1624205,14319522,30088992,15769470,15769470,5524850,,11868825,,10146370,124494,9381037,,,,,
,,3535,晶彩科,,,2581,,,,,,,,,,0.69,4,,上市,113,-46,,,,,,,,54492,,57073,,,,,,54492,,,,25475,,28971,350186,667587,317401,317401,291926,,54446,,57073,,54492,,,,,
,,3543,州巧,,,100643,,,,,,,,,,-1.14,4,,上市,113,42876,,,,,,,,-138451,,-37808,,,,,,-101021,-37430,,,-96578,,1003,2784749,3228543,443794,443794,540372,,-95575,,-9935,-27873,-138451,,,,,
,,3545,敦泰,,,240717,,,,,,,,,,2.71,4,,上市,113,12275,,,,,,,,568456,,809173,,,,,,574062,-5606,,,166772,,413959,11279954,14538987,3259033,3259033,3092261,,580731,,814747,-5574,568456,,,,,
,,3550,聯穎,,,147563,,,,,,,,,,-2.01,4,,上市,113,16355,,,,,,,,-178069,,-30506,,,,,,-176144,-1925,,,-232824,,71110,2998312,3420294,421982,421982,654806,,-161714,,-30198,-308,-178069,,,,,
,,3557,嘉威,,,84894,,,,,,,,,,6.84,4,,上市,113,153903,,,,,,,,549636,,634530,,,,,,549636,,,,733692,,-30153,3600319,5724758,2124439,2124439,1390747,,703539,,634530,,549636,,,,,
,,3563,牧德,,,6691,,,,,,,,,,5.52,4,,上市,113,76855,,,,,,,,315996,,322687,,,,,,320811,-4815,,,253482,,139369,649702,1531831,882129,882129,628647,,392851,,327106,-4419,315996,,,,,
,,3576,聯合再生,,,450696,,,,,,,,,,-1.31,4,,上市,113,279934,,,,,,,,-2145711,,-1695015,,,,,,-2134357,-11354,,,-228667,,-1637110,5146129,5784135,638006,638006,866673,,-1865777,,-1675896,-19119,-2145711,,,,,
,,3583,辛耘,,,135205,,,,,,,,,,11.54,4,,上市,113,349721,,,,,,-5154,,926983,,1062188,,,,,,926983,,,,1115549,,161155,6787607,9688280,2900673,2905827,1790278,,1276704,,1062188,,926983,,,,,
,,3588,通嘉,,,10757,,,,,,,,,,1.89,4,,上市,113,-461,,,,,,,,111889,,122646,,,,,,111889,,,,84953,,26475,901475,1453906,552431,552431,467478,,111428,,122646,,111889,,,,,
,,3591,艾笛森,,,82142,,,,,,,,,,1.00,4,,上市,113,21910,,,,,,,,152352,,234494,,,,,,141905,10447,,,143279,,30983,1926389,2558790,632401,632401,489122,,174262,,220432,14062,152352,,,,,
,,3592,瑞鼎,,,-71633,,,,,,,,,,27.67,4,,上市,113,325989,,,,,,,,2098989,,2027356,,,,,,2098989,,,,2128583,,296395,17063862,24376802,7312940,7312940,5184357,,2424978,,2027356,,2098989,,,,,
,,3593,力銘,,,17782,,,,,,,,,,-2.19,4,,上市,113,2267,,,,,,,,-203533,,-185751,,,,,,-203533,,,,-201331,,65,928597,877438,-51159,-51159,150172,,-201266,,-185751,,-203533,,,,,
,,3596,智易,,,189794,,,,,,,,,,11.28,4,,上市,113,797883,,,,,,,,2479517,,2669311,,,,,,2486429,-6912,,,3037631,,239769,41551491,48967458,7415967,7415967,4378336,,3277400,,2675447,-6136,2479517,,,,,
,,3605,宏致,,,170414,,,,,,,,,,2.51,4,,上市,113,42858,,,,,,,,344355,,514769,,,,,,344060,295,,,278480,,108733,7449095,9770897,2321802,2321802,2043322,,387213,,514380,389,344355,,,,,
,,3607,谷崧,,,63974,,,,,,,,,,0.17,4,,上市,113,785,,,,,,,,21391,,85365,,,,,,20457,934,,,-63581,,85757,2839924,3136753,296829,296829,360410,,22176,,84676,689,21391,,,,,
,,3617,碩天,,,136387,,,,,,,,,,24.75,4,,上市,113,640401,,,,,,,,2308378,,2444765,,,,,,2283855,24523,,,2427284,,521495,6127250,12492000,6364750,6364750,3937466,,2948779,,2418949,25816,2308378,,,,,
,,3622,洋華,,,195411,,,,,,,,,,4.76,4,,上市,113,37562,,,,,,,,769908,,965319,,,,,,720443,49465,,,469348,,338122,853467,1577292,723825,723825,254477,,807470,,915854,49465,769908,,,,,
,,3645,達邁,,,2297,,,,,,,,,,1.79,4,,上市,113,3690,,,,,,,,224065,,226362,,,,,,236353,-12288,,,210807,,16948,1622630,2246579,623949,623949,413142,,227755,,238650,-12288,224065,,,,,
,,3652,精聯,,,3434,,,,,,,,,,1.25,4,,上市,113,25127,,,,,,,,94214,,97648,,,,,,93852,362,,,64565,,54776,1654679,2438169,783490,783490,718925,,119341,,97359,289,94214,,,,,
,,3653,健策,,,331390,,,,,,,,,,24.15,4,,上市,113,830267,,,,,,,,3415162,,3746552,,,,,,3427777,-12615,,,3798559,,446870,8912721,14278187,5365466,5365466,1566907,,4245429,,3740971,5581,3415162,,,,,
,,3661,世芯-KY,,,1820046,,,,,,,,,,81.34,4,,上市,113,1361607,,,,,,,,6446540,,8266586,,,,,,6445719,821,,,6496367,,1311780,41767567,51968570,10201003,10201003,3704636,,7808147,,8265765,821,6446540,,,,,
,,3665,貿聯-KY,,,1269678,,,,,,,,,,25.41,4,,上市,113,1927918,,,,,,,,4390510,,5660188,,,,,,4396138,-5628,,,6566314,,-247886,38827643,54080481,15252838,15252838,8686524,,6318428,,5664489,-4301,4390510,,,,,
,,3669,圓展,,,328718,,,,,,,,,,2.04,4,,上市,113,62376,,,,,,,,189503,,518221,,,,,,189503,,,,163747,,88132,1045243,2610003,1564760,1564760,1401013,,251879,,518221,,189503,,,,,
,,3673,TPK-KY,,,2335259,,,,,,,,,,1.16,4,,上市,113,551187,,,,,,,,483316,,2818575,,,,,,473062,10254,,,-253171,,1287674,65971716,68873618,2901902,2901902,3155073,,1034503,,2795347,23228,483316,,,,,
,,3679,新至陞,,,129026,,,,,,,,,,13.85,4,,上市,113,378991,,,,,,,,869119,,998145,,,,,,869119,,,,822855,,425255,2944014,4259658,1315644,1315644,492789,,1248110,,998145,,869119,,,,,
,,3686,達能,,,,,,,,,,,,,-0.06,4,,上市,113,-39,,,,,,,,-4360,,-4360,,,,,,-4360,,,,-25836,,21437,83369,82540,-829,-829,25007,,-4399,,-4360,,-4360,,,,,
,,3694,海華,,,180775,,,,,,,,,,2.75,4,,上市,113,14137,,,,,,,,417023,,597798,,,,,,417023,,,,352931,,78229,7907197,9250634,1343437,1343437,990506,,431160,,597798,,417023,,,,,
,,3701,大眾控,,,173237,,,,,,,,,,0.11,4,,上市,113,65393,,,,,,,,246505,,419742,,,,,,26327,220178,,,248728,,63170,11305707,13101747,1796040,1796040,1547312,,311898,,120792,298950,246505,,,,,
,,3702,大聯大,,,7150357,,,,,,,,,,4.07,4,,上市,113,1818083,,,,,,,,7415736,,14566093,,,,,,7245173,170563,,,14700513,,-5466694,849249696,880552335,31302639,31302639,16602126,,9233819,,14365722,200371,7415736,,,,,
,,3703,欣陸,,,46731,,,,,,,,,,1.43,4,,上市,113,343361,,,,,,,,669908,,716639,,,,,,1174632,-504724,,,1248821,,-235552,26973804,30701377,3727573,3727573,2478752,,1013269,,1131479,-414840,669908,,,,,
,,3704,合勤控,,,134954,,,,,,,,,,1.41,4,,上市,113,127286,,,,,,,,591534,,726488,,,,,,569652,21882,,,441109,,277711,19535220,25969435,6434215,6434215,5993106,,718820,,705213,21275,591534,,,,,
,,3705,永信,,,79549,,,,,,,,,,4.39,4,,上市,113,354424,,,,,,,,1269444,,1348993,,,,,,1168508,100936,,,1291400,,332468,4512958,8031903,3518945,3518945,2227545,,1623868,,1243803,105190,1269444,,,,,
,,3706,神達,,,-3605255,,,,,,,,,,3.28,4,,上市,113,589667,,,,,,,,3973809,,368554,,,,,,3958649,15160,,,1783608,,2779868,53991448,61359852,7368404,7368404,5584796,,4563476,,351264,17290,3973809,,,,,
,,3708,上緯投控,,,243934,,,,,,,,,,2.71,4,,上市,113,130168,,,,,,,,371302,,615236,,,,,,284089,87213,,,395741,,105729,6102691,7872159,1769468,1769468,1373727,,501470,,473649,141587,371302,,,,,
,,3711,日月光投控,,,13665237,,,,,,,,,,7.52,4,,上市,113,7757845,,,,,,,,33925642,,47590879,,,,,,32482479,1443163,,,39166385,,2517102,498477841,595409585,96931744,96931744,57765359,,41683487,,45333591,2257288,33925642,,,,,
,,3712,永崴投控,0,,1543451,,,,,,,,,,4.56,4,,上市,113,531655,,,,,,,,1418732,,2962183,,,,,,1124070,294662,,,1765898,,184489,23277055,26903862,3626807,3626807,1860909,,1950387,,2594656,367527,1418732,,,,,
,,3714,富采,85745,,2016417,,,,,,,,,,-1.87,4,-13,上市,113,79346,,,,,,0,,-1767327,,249090,,,,,,-1385074,-382253,,,-1624264,,-63717,21069583,24387261,3317678,3317665,5027674,,-1687981,,595131,-346041,-1767327,,,,,
,,3715,定穎投控,,,507487,,,,,,,,,,3.78,4,,上市,113,492049,,,,,,,,1075539,,1583026,,,,,,1050739,24800,,,1537196,,30392,13676707,17787004,4110297,4110297,2573101,,1567588,,1547132,35894,1075539,,,,,
,,3716,中化控股,,,-86051,,,,,,,,,,2.49,4,,上市,113,66770,,,,,,,,319062,,233011,,,,,,317348,1714,,,299373,,86459,5512100,8918894,3406794,3406794,3107421,,385832,,230974,2037,319062,,,,,
,,4104,佳醫,,,89272,,,,,,,,,,4.72,4,95065,上市,113,203307,,,,,,90924,,971055,,1060327,,,,,,771259,199796,,,753316,,421046,6757223,8538546,1781323,1785464,1032148,,1174362,,854869,205458,971055,,,,,
,,4106,雃博,,,47759,,,,,,,,,,1.14,4,,上市,113,32193,,,,,,,,115651,,163410,,,,,,115239,412,,,131709,,16135,1311804,2386654,1074850,1074850,943141,,147844,,162649,761,115651,,,,,
,,4108,懷特,,,46388,,,,,,,,,,-0.37,4,,上市,113,0,,,,,,,,-108534,,-62146,,,,,,-73501,-35033,,,-160183,,51649,89555,153562,64007,64007,224190,,-108534,,-30438,-31708,-108534,,,,,
,,4119,旭富,,,-8333,,,,,,,,,,4.47,4,,上市,113,112179,,,,,,,,534678,,526345,,,,,,534678,,,,198285,,448572,1113073,1523738,410665,410665,212380,,646857,,526345,,534678,,,,,
,,4133,亞諾法,,,5072,,,,,,,,,,1.02,4,,上市,113,11582,,,,,,,,61607,,66679,,,,,,61607,,,,34270,,38919,191998,355257,163259,163259,128989,,73189,,66679,,61607,,,,,
,,4137,麗豐-KY,,,217367,,,,,,,,,,5.81,4,,上市,113,272399,,,,,,,,472675,,690042,,,,,,472675,,,,752064,,-6990,695128,4066587,3371459,3371459,2619395,,745074,,690042,,472675,,,,,
,,4142,國光生,,,17313,,,,,,,,,,-0.58,4,,上市,113,0,,,,,,,,-336487,,-319174,,,,,,-242750,-93737,,,-298945,,-37542,1108928,1556989,448061,448061,747006,,-336487,,-231450,-87724,-336487,,,,,
,,4148,全宇生技-KY,,,248460,,,,,,,,,,2.01,4,,上市,113,78280,,,,,,,,174490,,422950,,,,,,128588,45902,,,155877,,96893,1790045,2458636,668591,668591,512714,,252770,,323377,99573,174490,,,,,
,,4155,訊映,,,3908,,,,,,,,,,0.66,4,6293,上市,113,20791,,,,,,0,,106319,,110227,,,,,,93975,12344,,,57213,,69897,1394378,1670033,275655,281948,224735,,127110,,97883,12344,106319,,,,,
,,4164,承業醫,,,18085,,,,,,,,,,1.01,4,,上市,113,40430,,,,,,,,182577,,200662,,,,,,168384,14193,,,238710,,-15703,2841449,3600574,759125,759125,520415,,223007,,185552,15110,182577,,,,,
,,4169,泰宗,,,-144,,,,,,,,,,0.36,4,,上市,113,4007,,,,,,,,21010,,20866,,,,,,21010,,,,10696,,14321,339221,666530,327309,327309,316613,,25017,,20866,,21010,,,,,
,0,4178,永笙-KY,,,87870,,,,,,,,,,-1.14,4,,上市,113,742,,,,,,,,-205657,,-117787,,,,,,-205657,,,,-258352,,53437,264705,382687,117982,117982,376334,,-204915,,-117787,,-205657,,,,,
,,4190,佐登-KY,-10827,,60723,,,,,,,,,,-4.87,4,,上市,113,16881,,,,,,,,-291946,,-231223,,,,,,-291946,,,,-286151,,11086,879000,2280569,1401569,1401569,1676893,,-275065,,-231223,,-291946,,,,,
,,4195,基米-創,-1362,,411,,,,,,,,,,-3.08,4,,上市,113,0,,,,,,,,-235345,,-234934,,,,,,-223097,-12248,,,-141652,,-93693,360395,517577,157182,157182,297472,,-235345,,-222686,-12248,-235345,,,,,
,,4306,炎洲,,,897013,,,,,,,,,,1.27,4,,上市,113,254711,,,,,,,,889371,,1786384,,,,,,816889,72482,,,1028298,,115784,13265074,15891082,2626008,2626008,1597710,,1144082,,1697286,89098,889371,,,,,
,,4414,如興,,,65884,,,,,,,,,,0.08,4,,上市,113,34997,,,,,,,,98962,,164846,,,,,,74973,23989,,,186386,,-52427,12390841,14889120,2498279,2498279,2311893,,133959,,128821,36025,98962,,,,,
,,4426,利勤,,,-5345,,,,,,,,,,-1.36,4,,上市,113,12082,,,,,,,,-235507,,-240852,,,,,,-235378,-129,,,-274588,,51163,1004928,969984,-34944,-34944,239644,,-223425,,-240723,-129,-235507,,,,,
,,4438,廣越,,,279845,,,,,,,,,,3.89,4,,上市,113,202830,,,,,,,,479284,,759129,,,,,,401988,77296,,,469317,,212797,14377812,16473128,2095316,2095316,1625999,,682114,,616564,142565,479284,,,,,
,,4439,冠星-KY,,,180784,,,,,,,,,,1.73,4,,上市,113,42047,,,,,,,,65657,,246441,,,,,,65657,,,,172723,,-65019,4535162,5417556,882394,882394,709671,,107704,,246441,,65657,,,,,
,,4440,宜新實業,0,,193,,,,,,,,,,1.76,4,,上市,113,11610,,,,,,,,118786,,118979,,,,,,,,,,75823,,54573,989935,1123724,133789,133789,57966,,130396,,,,118786,,,,,
,,4441,振大環球,,,6301,,,,,,,,,,15.41,4,,上市,113,250315,,,,,,,,929364,,935665,,,,,,928633,731,,,936269,,243410,4386439,5831162,1444723,1444723,508454,,1179679,,934831,834,929364,,,,,
,,4526,東台,,,286324,,,,,,,,,,-3.56,4,289,上市,113,-81913,,,,,,2483,,-910311,,-623987,,,,,,-906836,-3475,,,-1072613,,80389,5236645,5739349,502704,500510,1573123,,-992224,,-621302,-2685,-910311,,,,,
,,4532,瑞智,,,573776,,,,,,,,,,2.02,4,,上市,113,472045,,,,,,,,1073527,,1647303,,,,,,1007539,65988,,,1278357,,267215,18131326,21517109,3385783,3385783,2107426,,1545572,,1521375,125928,1073527,,,,,
,,4536,拓凱,,,253762,,,,,,,,,,18.86,4,,上市,113,635332,,,,,,,,1791737,,2045499,,,,,,1712809,78928,,,1876918,,550151,6170821,9478115,3307294,3307294,1430376,,2427069,,1945610,99889,1791737,,,,,
,,4540,全球傳動,,,-5573,,,,,,,,,,-4.97,4,,上市,113,-77180,,,,,,,,-486652,,-492225,,,,,,-486652,,,,-636714,,72882,2419392,2294281,-125111,-125111,511603,,-563832,,-492225,,-486652,,,,,
,,4545,銘鈺,,,38743,,,,,,,,,,2.37,4,,上市,113,62614,,,,,,,,182775,,221518,,,,,,182775,,,,181304,,64085,1852875,2396125,543250,543250,361946,,245389,,221518,,182775,,,,,
,,4551,智伸科,,,242935,,,,,,,,,,8.29,4,,上市,113,278453,,,,,,,,955244,,1198179,,,,,,955244,,,,789256,,444441,6128917,7691073,1562156,1562156,772900,,1233697,,1198179,,955244,,,,,
,,4552,力達-KY,,,211642,,,,,,,,,,1.19,4,,上市,113,58839,,,,,,,,137779,,349421,,,,,,137779,,,,203230,,-6612,2901454,3632150,730696,730696,527466,,196618,,349421,,137779,,,,,
,,4555,氣立,,,89370,,,,,,,,,,-0.86,4,,上市,113,13445,,,,,,,,-50743,,38627,,,,,,-59908,9165,,,-41072,,3774,1102797,1491488,388691,388691,429763,,-37298,,26395,12232,-50743,,,,,
,,4557,永新-KY,,,143542,,,,,,,,,,10.19,4,,上市,113,123891,,,,,,,,454709,,598251,,,,,,427676,27033,,,563531,,15069,2780461,3915108,1134647,1134647,571116,,578600,,568704,29547,454709,,,,,
,,4560,強信-KY,,,64181,,,,,,,,,,2.04,4,,上市,113,27503,,,,,,,,138677,,202858,,,,,,138677,,,,155824,,10356,1084352,1607273,522921,522921,367097,,166180,,202858,,138677,,,,,
,,4562,穎漢,10,,12426,,,,,,,,,,-0.45,4,,上市,113,-851,,,,,,,,-45554,,-33128,,,,,,-39367,-6187,,,-71354,,24949,500371,776841,276470,276470,347834,,-46405,,-27257,-5871,-45554,,,,,
,,4564,元翎,,,271,,,,,,,,,,-1.74,4,,上市,113,-10180,,,,,,,,-353050,,-352779,,,,,,-353050,,,,-348755,,-14475,1338328,1144554,-193774,-193774,154981,,-363230,,-352779,,-353050,,,,,
,,4566,時碩工業,,,52263,,,,,,,,,,2.56,4,,上市,113,84048,,,,,,,,209368,,261631,,,,,,256357,-46989,,,165035,,128381,3756050,4797370,1041320,1041320,876285,,293416,,308907,-47276,209368,,,,,
,,4569,六方科-KY,,,67131,,,,,,,,,,7.91,4,,上市,113,319,,,,,,,,245103,,312234,,,,,,245129,-26,,,94616,,150806,1130417,1451874,321457,321457,226841,,245422,,312101,133,245103,,,,,
,,4571,鈞興-KY,,,89036,,,,,,,,,,9.21,4,,上市,113,105728,,,,,,,,476674,,565710,,,,,,476674,,,,482946,,99456,2115426,3061903,946477,946477,463531,,582402,,565710,,476674,,,,,
,,4572,駐龍,,,,,,,,,,,,,7.29,4,,上市,113,71153,,,,,,,,284244,,284244,,,,,,284244,,,,311937,,43460,443615,871452,427837,427837,115900,,355397,,284244,,284244,,,,,
,,4576,大銀微系統,,,50011,,,,,,,,,,0.51,4,,上市,113,23748,,,,,,,,90940,,140951,,,,,,60652,30288,,,51203,,63485,1554283,2253707,699424,699424,648221,,114688,,94684,46267,90940,,,,,
,,4581,光隆精密-KY,,,37356,,,,,,,,,,5.02,4,,上市,113,45417,,,,,,,,170127,,207483,,,,,,170194,-67,,,178630,,36914,730705,1082879,352174,352174,173544,,215544,,207429,54,170127,,,,,
,,4582,聚恆-創,,,,,,,,,,,,,-0.10,4,16529,上市,113,-22262,,,,,,-59,,-8030,,-8030,,,,,,-6667,-1363,,,-90098,,59806,818342,922541,104199,120787,210885,,-30292,,-6667,-1363,-8030,,,,,
,,4583,台灣精銳,,,,,,,,,,,,,14.15,4,,上市,113,277661,,,,,,,,1134019,,1134019,,,,,,1134019,,,,994880,,416800,1346459,2958991,1612532,1612532,617652,,1411680,,1134019,,1134019,,,,,
,,4585,達明,,,4146,,,,,,,,,,1.04,4,,上市,113,12960,,,,,,,,93775,,97921,,,,,,93775,,,,21645,,85090,719814,1481037,761223,761223,739578,,106735,,97921,,93775,,,,,
,,4588,玖鼎電力,,,,,,,,,,,,,4.22,4,,上市,113,44753,,,,,,,,179766,,179766,,,,,,,,,,241019,,-16500,695006,1070905,375899,375899,134880,,224519,,,,179766,,,,,
,,4590,富田-創,,,-73,,,,,,,,,,2.75,4,,上市,113,31976,,,,,,,,140410,,140337,,,,,,,,,,79062,,93324,1720165,2199748,479583,479583,400521,,172386,,,,140410,,,,,
,,4720,德淵,,,42336,,,,,,,,,,1.50,4,,上市,113,38390,,,,,,34,,165587,,207923,,,,,,161039,4548,,,173812,,30165,2802965,3679001,876036,876002,702190,,203977,,200125,7798,165587,,,,,
,,4722,國精化,,,5965,,,,,,,,,,2.25,4,,上市,113,65378,,,,,,,,224543,,230508,,,,,,224543,,,,260064,,29857,3362493,4039743,677250,677250,417186,,289921,,230508,,224543,,,,,
,,4736,泰博,,,-35544,,,,,,,,,,12.15,4,,上市,113,262939,,,,,,,,1202889,,1167345,,,,,,1158768,44121,,,811047,,654781,2586977,4640735,2053758,2053758,1242711,,1465828,,1121597,45748,1202889,,,,,
,,4737,華廣,,,123533,,,,,,,,,,-2.09,4,,上市,113,-59712,,,,,,,,-125999,,-2466,,,,,,-127216,1217,,,-155187,,-30524,1165363,1933746,768383,768383,923570,,-185711,,-4459,1993,-125999,,,,,
,,4739,康普,,,22718,,,,,,,,,,1.44,4,,上市,113,67389,,,,,,,,225281,,247999,,,,,,169037,56244,,,166333,,126337,3553715,4095506,541791,541791,375458,,292670,,192387,55612,225281,,,,,
,,4746,台耀,,,-57231,,,,,,,,,,1.31,4,,上市,113,134075,,,,,,,,64076,,6845,,,,,,157268,-93192,,,725896,,-527745,2682330,4731046,2048716,2048716,1322820,,198151,,132237,-125392,64076,,,,,
,,4755,三福化,,,39497,,,,,,,,,,4.10,4,,上市,113,157732,,,,,,,,409618,,449115,,,,,,412574,-2956,,,508156,,59194,4313355,5324424,1011069,1011069,502913,,567350,,452855,-3740,409618,,,,,
,,4763,材料*-KY,,,368906,,,,,,,,,,84.36,4,,上市,113,1645979,,,,,,,,8386762,,8755668,,,,,,8337922,48840,,,8976118,,1056623,5773489,15713325,9939836,9939836,963718,,10032741,,8702250,53418,8386762,,,,,
,,4764,雙鍵,,,61039,,,,,,,,,,-0.44,4,,上市,113,2590,,,,,,,,-34703,,26336,,,,,,-37290,2587,,,-26898,,-5215,2333972,2702450,368478,368478,395376,,-32113,,23641,2695,-34703,,,,,
,,4766,南寶,,,477399,,,,,,,,,,22.26,4,,上市,113,969970,,,,,,,,2786880,,3264279,,,,,,2684261,102619,,,3592749,,164101,15460340,22982598,7522258,7522258,3929509,,3756850,,3124013,140266,2786880,,,,,
,,4770,上品,,,122353,,,,,,,,,,21.68,4,,上市,113,401621,,,,,,,,1732764,,1855117,,,,,,1732764,,,,2004098,,130287,3827467,6457399,2629932,2629932,625834,,2134385,,1855117,,1732764,,,,,
,,4771,望隼,,,37593,,,,,,,,,,11.81,4,,上市,113,191337,,,,,,,,728973,,766566,,,,,,669589,59384,,,887876,,32434,1823088,3002007,1178919,1178919,291043,,920310,,698191,68375,728973,,,,,
,,4807,日成-KY,,,46816,,,,,,,,,,-1.56,4,,上市,113,-15666,,,,,,,,-57291,,-10475,,,,,,-59741,2450,,,-69598,,-3359,1547023,1779357,232334,232334,301932,,-72957,,-18218,7743,-57291,,,,,
,,4904,遠傳,1031735,,-42196,,,,,,,,,,3.56,4,,上市,113,2559445,,,,,,,,12944194,,12901998,,,,,,12842901,101293,,,15503246,,393,72311284,104622553,32311269,32311269,17839758,,15503639,,12797684,104314,12944194,,,,,
,,4906,正文,,,-852539,,,,,,,,,,1.56,4,,上市,113,266623,,,,,,,,634258,,-218281,,,,,,647273,-13015,,,582044,,318837,22594639,25633886,3039247,3039247,2457203,,900881,,-205465,-12816,634258,,,,,
,,4912,聯德控股-KY,,,122288,,,,,,,,,,6.46,4,,上市,113,104867,,,,,,,,429145,,551433,,,,,,401977,27168,,,560084,,-26072,4413097,5799711,1386614,1386614,826530,,534012,,554499,-3066,429145,,,,,
,,4915,致伸,,,975166,,,,,,,,,,5.61,4,,上市,113,679823,,,,,,,,2727124,,3702290,,,,,,2556850,170274,,,2731092,,675855,48362968,58243661,9880693,9880693,7149601,,3406947,,3483087,219203,2727124,,,,,
,,4916,事欣科,,,132429,,,,,,,,,,0.02,4,,上市,113,44629,,,,,,,,1477,,133906,,,,,,1514,-37,,,104464,,-58358,3067878,3573442,505564,505564,401100,,46106,,133926,-20,1477,,,,,
,,4919,新唐,,,-30523,,,,,,,,,,0.52,4,,上市,113,179819,,,,,,,,219849,,189326,,,,,,219849,,,,12833,,386835,19826750,31923290,12096540,12096540,12083707,,399668,,189326,,219849,,,,,
,,4927,泰鼎-KY,,,453254,,,,,,,,,,-9.21,4,,上市,113,-7043,,,,,,,,-1797331,,-1344077,,,,,,-1790603,-6728,,,-1470678,,-333696,12155379,12459179,303800,303800,1774478,,-1804374,,-1339099,-4978,-1797331,,,,,
,,4930,燦星網,,,286862,,,,,,,,,,2.67,4,,上市,113,115419,,,,,,,,428996,,715858,,,,,,213383,215613,,,349870,,194545,6684550,7943788,1259238,1259238,909368,,544415,,315874,399984,428996,,,,,
,,4934,太極,-249340,,33655,,,,,,,,,,-2.07,4,,上市,113,111,,,,,,,,-629978,,-596323,,,,,,-466522,-163456,,,-745357,,115490,506668,367746,-138922,-138922,357095,,-629867,,-432867,-163456,-629978,,,,,
,,4935,茂林-KY,,,248249,,,,,,,,,,4.10,4,,上市,113,-9089,,,,,,,,528935,,777184,,,,,,528935,,,,302863,,216983,5860685,6946030,1085345,1085345,782482,,519846,,777184,,528935,,,,,
,,4938,和碩,,,11631331,,,,,,,,,,6.34,4,,上市,113,8070844,,,,,,,,19153504,,30784835,,,,,,16876878,2276626,,,12500586,,14723762,1079315725,1125348517,46032792,46032792,33532206,,27224348,,28158543,2626292,19153504,,,,,
,,4942,嘉彰,,,338211,,,,,,,,,,4.17,4,,上市,113,157753,,,,,,,,592447,,930658,,,,,,593933,-1486,,,504592,,245608,4347739,5667339,1319600,1319600,815008,,750200,,932144,-1486,592447,,,,,
,,4943,康控-KY,,,-12227,,,,,,,,,,-1.24,4,,上市,113,-82673,,,,,,,,-149304,,-161531,,,,,,-145221,-4083,,,-432952,,200975,1572619,1516445,-56174,-56174,376778,,-231977,,-157124,-4407,-149304,,,,,
,,4949,有成精密,,,2474,,,,,,,,,,-1.40,4,,上市,113,-20233,,,,,,2374,,-90250,,-87776,,,,,,-90250,,,,-94491,,-15992,1796773,2408812,612039,609665,704156,,-110483,,-87776,,-90250,,,,,
,,4952,凌通,-5,,24228,,,,,,,,,,2.27,4,,上市,113,7191,,,,,,,,246887,,271115,,,,,,246887,,,,231086,,22992,1560091,2461895,901804,901804,670713,,254078,,271115,,246887,,,,,
,,4956,光鋐,-136,,-1041,,,,,,,,,,-0.21,4,,上市,113,-3566,,,,,,,,-21263,,-22304,,,,,,-21263,,,,-51548,,26719,1148773,1294749,145976,145976,197388,,-24829,,-22304,,-21263,,,,,
,,4958,臻鼎-KY,,,6987527,,,,,,,,,,9.67,4,,上市,113,1948497,,,,,,,,13096478,,20084005,,,,,,9179689,3916789,,,11585636,,3459339,139203083,171663845,32460762,32460762,20875126,,15044975,,14141861,5942144,13096478,,,,,
,,4960,誠美材,,,-4140,,,,,,,,,,-0.47,4,,上市,113,29383,,,,,,,,-266913,,-271053,,,,,,-266913,,,,-569451,,331921,8483378,8927193,443815,443815,1013266,,-237530,,-271053,,-266913,,,,,
,,4961,天鈺,,,154337,,,,,,,,,,16.08,4,,上市,113,324339,,,,,,,,2491591,,2645928,,,,,,1946074,545517,,,2203496,,612434,13707114,19199740,5492626,5492626,3289130,,2815930,,1958725,687203,2491591,,,,,
,,4967,十銓,,,2145,,,,,,,,,,6.80,4,,上市,113,141317,,,,,,,,527356,,529501,,,,,,527356,,,,537489,,131184,17712405,19938459,2226054,2226054,1688565,,668673,,529501,,527356,,,,,
,,4968,立積,,,4468,,,,,,,,,,1.73,4,,上市,113,40097,,,,,,,,156570,,161038,,,,,,156570,,,,78750,,117917,2445614,3679348,1233734,1233734,1154984,,196667,,161038,,156570,,,,,
,,4976,佳凌,,,137,,,,,,,,,,-0.57,4,,上市,113,28969,,,,,,,,-78655,,-78518,,,,,,,,,,-143454,,93768,1111148,1128847,17699,17699,161153,,-49686,,,,-78655,,,,,
,,4977,眾達-KY,-4263,,-35081,,,,,,,,,,3.28,4,,上市,113,25293,,,,,,,,260623,,225542,,,,,,263331,-2708,,,49968,,235948,848422,1091806,243384,243384,189153,,285916,,230407,-4865,260623,,,,,
,,4989,榮科,,,39673,,,,,,,,,,-2.22,4,,上市,113,-3527,,,,,,,,-305228,,-265555,,,,,,-305228,,,,-408146,,99391,3246752,2993614,-253138,-253138,155008,,-308755,,-265555,,-305228,,,,,
,,4994,傳奇,,,1039,,,,,,,,,,4.78,4,,上市,113,50316,,,,,,,,317591,,318630,,,,,,317591,,,,323843,,44064,540325,1584132,1043807,1043807,719964,,367907,,318630,,317591,,,,,
,,4999,鑫禾,,,28039,,,,,,,,,,0.97,4,,上市,113,17580,,,,,,,,71367,,99406,,,,,,71367,,,,-12179,,101126,1617959,1957025,339066,339066,351245,,88947,,99406,,71367,,,,,
,,5007,三星,,,44444,,,,,,,,,,3.58,4,,上市,113,276612,,,,,,,,1063436,,1107880,,,,,,1056660,6776,,,1219087,,120961,5058808,6819400,1760592,1760592,541505,,1340048,,1080994,26886,1063436,,,,,
,,5203,訊連,,,131068,,,,,,,,,,3.98,4,,上市,113,61829,,,,,,,,314595,,445663,,,,,,314595,,,,175568,,200856,292589,2068359,1775770,1775770,1600202,,376424,,445663,,314595,,,,,
,,5215,科嘉-KY,-8070,,152087,,,,,,,,,,3.74,4,,上市,113,102976,,,,,,,,250855,,402942,,,,,,240813,10042,,,240043,,113788,1974754,2702413,727659,727659,479546,,353831,,386093,16849,250855,,,,,
,,5222,全訊,,,124341,,,,,,,,,,4.84,4,,上市,113,92693,,,,,,,,396322,,520663,,,,,,,,,,443964,,45051,618057,1301687,683630,683630,239666,,489015,,,,396322,,,,,
,,5225,東科-KY,,,143278,,,,,,,,,,12.68,4,,上市,113,117539,,,,,,,,952618,,1095896,,,,,,952618,,,,886130,,184027,10269429,12405466,2136037,2136037,1249907,,1070157,,1095896,,952618,,,,,
,,5234,達興材料,,,0,,,,,,,,,,5.56,4,,上市,113,87975,,,,,,,,570612,,570612,,,,,,570612,,,,607165,,51422,2600000,4117847,1517847,1517847,910682,,658587,,570612,,570612,,,,,
,,5236,凌陽創新,0,,-70,,,,,,,,,,8.25,4,,上市,113,82851,,,,,,,,482067,,481997,,,,,,,,,,519827,,45091,731298,1817927,1086629,1086629,566802,,564918,,,,482067,,,,,
,,5243,乙盛-KY,,,-26897,,,,,,,,,,3.36,4,,上市,113,212341,,,,,,,,566427,,539530,,,,,,566427,,,,766760,,12008,10570254,13094331,2524077,2524077,1757317,,778768,,539530,,566427,,,,,
,,5244,弘凱,,,34079,,,,,,,,,,2.46,4,,上市,113,39199,,,,,,,,166879,,200958,,,,,,166879,,,,143017,,63061,460321,860016,399695,399695,256678,,206078,,200958,,166879,,,,,
,,5258,虹堡,,,50005,,,,,,,,,,6.35,4,,上市,113,281411,,,,,,,,717396,,767401,,,,,,695182,22214,,,766066,,232741,5230753,7825651,2594898,2594898,1828832,,998807,,735565,31836,717396,,,,,
,,5269,祥碩,,,1056915,,,,,,,,,,51.57,4,11665,上市,113,512008,,,,,,8065,,3732625,,4789540,,,,,,,,,,2333288,,1911345,3703945,8081071,4377126,4380726,2047438,,4244633,,,,3732625,,,,,
,,5283,禾聯碩,,,-1607,,,,,,,,,,6.40,4,0,上市,113,94866,,,,,,0,,467497,,465890,,,,,,467497,0,,,441070,,121293,4380103,6417178,2037075,2037075,1596005,,562363,,465890,0,467497,,,,,
,,5284,jpp-KY,,,126474,,,,,,,,,,1.02,4,,上市,113,53099,,,,,,,,53630,,180104,,,,,,49235,4395,,,180006,,-73277,1570817,2388013,817196,817196,637190,,106729,,174372,5732,53630,,,,,
,,5285,界霖,,,74772,,,,,,,,,,2.52,4,,上市,113,66910,,,,,,,,257001,,331773,,,,,,257001,,,,216932,,106979,4331861,5026851,694990,694990,478058,,323911,,331773,,257001,,,,,
,,5288,豐祥-KY,,,255251,,,,,,,,,,17.01,4,8,上市,113,249501,,,,,,0,,1139149,,1394400,,,,,,1141283,-2134,,,1131202,,257448,5665082,7283279,1618197,1618205,487003,,1388650,,1395850,-1450,1139149,,,,,
,,5292,華懋,,,8915,,,,,,,,,,9.86,4,,上市,113,108533,,,,,,,,377313,,386228,,,,,,377313,,,,409808,,76038,1676993,2247746,570753,570753,160945,,485846,,386228,,377313,,,,,
,,5306,桂盟,-3374,,279596,,,,,,,,,,7.27,4,,上市,113,279501,,,,,,,,916508,,1196104,,,,,,916561,-53,,,1078643,,117366,2886557,4959816,2073259,2073259,991242,,1196009,,1196156,-52,916508,,,,,
,,5388,中磊,,,368193,,,,,,,,,,7.74,4,,上市,113,549542,,,,,,,,2273639,,2641832,,,,,,2271006,2633,,,2933838,,-110657,46712533,56788762,10076229,10076229,7142391,,2823181,,2639449,2383,2273639,,,,,
,,5434,崇越,,,454108,,,,,,,,,,19.29,4,,上市,113,1064365,,,,,,-4255,,3665091,,4119199,,,,,,3655935,9156,,,3943393,,786063,49279143,56997113,7717970,7722225,3778832,,4729456,,4109656,9543,3665091,,,,,
,,5469,瀚宇博,,,507860,,,,,,,,,,5.91,4,,上市,113,2843147,,,,,,,,4565850,,5073710,,,,,,3012223,1553627,,,6125690,,1283307,31453874,41632032,10178158,10178158,4052468,,7408997,,2957908,2115802,4565850,,,,,
,,5471,松翰,,,-20207,,,,,,,,,,1.07,4,,上市,113,21149,,,,,,,,179090,,158883,,,,,,179090,,,,85470,,114769,1602620,2744466,1141846,1141846,1056376,,200239,,158883,,179090,,,,,
,,5484,慧友,,,-2917,,,,,,,,,,-0.90,4,,上市,113,8717,,,,,,,,-59792,,-62709,,,,,,-59792,,,,-103166,,52091,328391,460280,131889,131889,235055,,-51075,,-62709,,-59792,,,,,
,,5515,建國,,,160098,,,,,,,,,,2.91,4,,上市,113,129222,,,,,,,,681757,,841855,,,,,,681757,,,,382609,,428370,5336501,6120883,784382,784382,401773,,810979,,841855,,681757,,,,,
,,5519,隆大,,,2310,,,,,,,,,,3.90,4,,上市,113,245672,,,,,,,,855437,,857747,,,,,,855437,,,,1091757,,9352,4698195,6251438,1553243,1553243,461486,,1101109,,857747,,855437,,,,,
,,5521,工信,,,-34192,,,,,,,,,,0.02,4,,上市,113,11134,,,,,,,,9676,,-24516,,,,,,9676,,,,-73170,,93980,6791587,7099106,307519,307519,380689,,20810,,-24516,,9676,,,,,
,,5522,遠雄,0,,195934,,,,,,,,,,4.32,4,6849,上市,113,1050213,,,,,,,,3372810,,3568744,,,,,,3372810,,,,4835849,,-412826,15312605,22399065,7086460,7093309,2257460,,4423023,,3568744,,3372810,,,,,
,,5525,順天,,,1433,,,,,,,,,,2.06,4,,上市,113,123902,,,,,,,,593225,,594658,,,,,,592393,832,,,724742,,-7615,3300662,4516267,1215605,1215605,490863,,717127,,593826,832,593225,,,,,
,,5531,鄉林,,,399395,,,,,,,,,,-0.12,4,,上市,113,-77105,,,,,,,,-382073,,17322,,,,,,-114817,-267256,,,67712,,-526890,2886276,4108112,1221836,1221836,1154124,,-459178,,258680,-241358,-382073,,,,,
,,5533,皇鼎,,,5904,,,,,,,,,,1.48,4,,上市,113,85643,,,,,,,,422963,,428867,,,,,,422963,,,,478237,,30369,1536030,2235793,699763,699763,221526,,508606,,428867,,422963,,,,,
,,5534,長虹,,,0,,,,,,,,,,7.85,4,,上市,113,614810,,,,,,0,,2773562,,2773562,,,,,,2277806,495756,,,3405053,,-16681,7737224,12070767,4333543,4333543,928490,,3388372,,2277806,495756,2773562,,,,,
,,5538,東明-KY,,,225602,,,,,,,,,,2.86,4,,上市,113,116458,,,,,,,,579612,,805214,,,,,,575662,3950,,,656091,,39979,11056456,12543322,1486866,1486866,830775,,696070,,800888,4326,579612,,,,,
,,5546,永固-KY,,,96384,,,,,,,,,,0.17,4,,上市,113,31605,,,,,,,,-14672,,81712,,,,,,13701,-28373,,,94607,,-77674,2421545,2816636,395091,395091,300484,,16933,,107313,-25601,-14672,,,,,
,,5607,遠雄港,,,20388,,,,,,,,,,1.97,4,,上市,113,110011,,,,,,,,717959,,738347,,,,,,716913,1046,,,1141549,,-313579,1829548,3464767,1635219,1635219,493670,,827970,,737301,1046,717959,,,,,
,,5608,四維航,,,868022,,,,,,,,,,-0.69,4,,上市,113,-24939,,,,,,,,-404915,,463107,,,,,,-269253,-135662,,,16398,,-446252,3180361,3492772,312411,312411,296013,,-429854,,598769,-135662,-404915,,,,,
,0,5706,鳳凰,732,,227298,,,,,,,,,,3.75,4,,上市,113,65734,,,,,,,,308367,,535665,,,,,,301724,6643,,,230357,,143744,2684636,3144520,459884,459884,230259,,374101,,528479,7186,308367,,,,,
,,5871,中租-KY,877575,,4219210,,,,,,,,,,13.31,4,,上市,113,8814633,,,,,,,,23435956,,27655166,,,,,,22585782,850174,,,29910090,,2340499,34248777,102291657,68042880,68042880,39010365,,32250589,,26314427,1340739,23435956,,,,,
,,5876,上海商銀,,,,,17444692,12698123,,38705852,,,,15177363,2.78,4,,上市,113,2488350,,,,,,,,,14439308,,31884000,,13478483,960825,,,,,,,,,,,,,19298954,,,,23205023,8678977,,14439308,,,16927658,
3368758,,5880,合庫金,,,,,,,35650155,30173537,,,,5750254,1.26,4,,上市,113,,5170000,,,,,,4664760,,19809261,24474021,,,,,,19219939,589322,65823692,,,,,,,,,31725419,,,,24182865,291156,19809261,,,24979261,,
,,5906,台南-KY,0,,64306,,,,,,,,,,1.67,4,,上市,113,23090,,,,,,,,55402,,119708,,,,,,58689,-3287,,,86022,,-7530,805283,1809168,1003885,1003885,917863,,78492,,122995,-3287,55402,,,,,
,,5907,大洋-KY,,,225397,,,,,,,,,,-2.62,4,,上市,113,64316,,,,,,,,-511891,,-286494,,,,,,-511891,,,,-121278,,-326297,485303,3234915,2749612,2749612,2870890,,-447575,,-286494,,-511891,,,,,
,,6005,群益證,,,,,,,,,,,,,2.25,4,,上市,113,1170296,,,13349871,,17149090,,71499,5402075,,5473574,,,4883776,518299,,,,,3799219,,2773152,,,,,,,,6572371,,4911665,561909,5402075,,,,,
,,6024,群益期,,,,,,,,,,,,,5.66,4,,上市,113,271059,,,2640502,,2639658,,100284,1192126,,1292410,,,1190927,1199,,,,,-844,,1464029,,,,,,,,1463185,,1291095,1315,1192126,,,,,
,,6108,競國,,,92507,,,,,,,,,,0.93,4,,上市,113,8964,,,,,,,,147973,,240480,,,,,,147973,,,,-478894,,635831,4925244,5095425,170181,170181,649075,,156937,,240480,,147973,,,,,
,,6112,邁達特,,,54823,,,,,,,,,,0.60,4,,上市,113,-31248,,,,,,,,-13714,,41109,,,,,0,113561,-127275,,,-136163,,91201,15993919,18377478,2383559,2383559,2519722,,-44962,0,137804,-96695,-13714,,,,,
,,6115,鎰勝,,,233312,,,,,,,,,,3.63,4,,上市,113,265685,,,,,,,,667634,,900946,,,,,,680299,-12665,,,603326,,329993,6253485,7363790,1110305,1110305,506979,,933319,,884034,16912,667634,,,,,
,,6116,彩晶,,,-2189662,,,,,,,,,,-1.86,4,,上市,113,225320,,,,,,,,-5325354,,-7515016,,,,,,-5319434,-5920,,,-5558528,,458494,13562960,9964484,-3598476,-3598476,1960052,,-5100034,,-7509096,-5920,-5325354,,,,,
,,6117,迎廣,,,-413,,,,,,,,,,4.12,4,,上市,113,1379,,,,,,,,368293,,367880,,,,,,368414,-121,,,348890,,20782,2027054,2882727,855673,855673,506783,,369672,,368001,-121,368293,,,,,
,,6120,達運,,,272875,,,,,,,,,,0.28,4,,上市,113,291095,,,,,,,,187021,,459896,,,,,,187021,,,,-147655,,625771,19806768,20872571,1065803,1065803,1213458,,478116,,459896,,187021,,,,,
,,6128,上福,,,172281,,,,,,,,,,2.88,4,,上市,113,-9267,,,,,,,,367148,,539429,,,,,,367148,,,,374061,,-16180,3219873,5510033,2290160,2290160,1916099,,357881,,539429,,367148,,,,,
,,6133,金橋,,,49512,,,,,,,,,,0.65,4,,上市,113,8109,,,,,,,,76328,,125840,,,,,,76328,,,,54613,,29824,947739,1199233,251494,251494,196881,,84437,,125840,,76328,,,,,
,,6136,富爾特,,,-301205,,,,,,,,,,0.90,4,,上市,113,2610,,,,,,,,103924,,-197281,,,,,,103497,427,,,-32833,,139367,388273,492531,104258,104258,137091,,106534,,-198304,1023,103924,,,,,
,,6139,亞翔,,,610617,,,,,,,,,,18.73,4,,上市,113,1647314,,,,,,,,5623493,,6234110,,,,,,4335508,1287985,,,6625132,,645675,56966552,65089892,8123340,8123340,1498208,,7270807,,4798012,1436098,5623493,,,,,
,,6141,柏承,,,44269,,,,,,,,,,-8.05,4,,上市,113,26807,,,,,,,,-1002174,,-957905,,,,,,-912517,-89657,,,-779282,,-196085,2603564,2288680,-314884,-314884,464398,,-975367,,-894774,-63131,-1002174,,,,,
,,6142,友勁,,,47602,,,,,,,,,,-0.50,4,,上市,113,71,,,,,,,,-164556,,-116954,,,,,,-164556,,,,-328772,,164287,1165152,1184288,19136,19136,347908,,-164485,,-116954,,-164556,,,,,
,,6152,百一,,,37272,,,,,,,,,,-0.23,4,,上市,113,634,,,,,,,,-40505,,-3233,,,,,,-39234,-1271,,,-170856,,130985,1893357,2268560,375203,375203,546059,,-39871,,-1962,-1271,-40505,,,,,
,,6153,嘉聯益,,,-55272,,,,,,,,,,-4.41,4,,上市,113,58851,,,,,,,,-2602981,,-2658253,,,,,,-2602981,,,,-2016650,,-527480,8154006,7282327,-871679,-871679,1144971,,-2544130,,-2658253,,-2602981,,,,,
,,6155,鈞寶,,,167001,,,,,,,,,,0.97,4,0,上市,113,16814,,,,,,0,,84771,,251772,,,,,,84771,0,,,7893,,93692,439257,569796,130539,130539,122646,,101585,,251772,0,84771,,,,,
,,6164,華興,,,24719,,,,,,,,,,0.47,4,,上市,113,31862,,,,,,,,43699,,68418,,,,,,43753,-54,,,15620,,59941,541097,822356,281259,281259,265639,,75561,,68256,162,43699,,,,,
,,6165,浪凡,,,3425,,,,,,,,,,1.04,4,,上市,113,-14114,,,,,,,,79983,,83408,,,,,,79400,583,,,41108,,24761,2173231,2848163,674932,674932,633824,,65869,,82825,583,79983,,,,,
,,6166,凌華,,,162122,,,,,,,,,,0.23,4,,上市,113,12295,,,,,,763,,13515,,175637,,,,,,50900,-37385,,,61683,,-35873,6282611,10078338,3795727,3794964,3733281,,25810,,209048,-33411,13515,,,,,
,,6168,宏齊,,,-9520,,,,,,,,,,0.03,4,,上市,113,1845,,,,,,-931,,-20154,,-29674,,,,,,5860,-26014,,,-72526,,54217,1463255,1960579,497324,498255,570781,,-18309,,-10391,-19283,-20154,,,,,
,,6176,瑞儀,147291,,847958,,,,,,,,,,15.63,4,,上市,113,2941216,,,,,,,,7266859,,8114817,,,,,,7266859,,,,6719354,,3488721,40934086,51633070,10698984,10698984,4126921,,10208075,,8114817,,7266859,,,,,
,,6177,達麗,,,119388,,,,,,,,,,5.01,4,,上市,113,708466,,,,,,260287,,2155507,,2274895,,,,,,2149460,6047,,,2750003,,113970,8284719,12320174,4035455,3775168,1025165,,2863973,,2268848,6047,2155507,,,,,
,,6183,關貿,-521,,24729,,,,,,,,,,3.40,4,,上市,113,113928,,,,,,,,510283,,535012,,,,,,510283,,,,588048,,36163,1476314,2554683,1078369,1078369,489800,,624211,,535012,,510283,,,,,
,,6184,大豐電,,,2941,,,,,,,,,,3.59,4,,上市,113,130445,,,,,,,,531900,,534841,,,,,,531900,,,,641848,,20497,1020347,2119300,1098953,1098953,457105,,662345,,534841,,531900,,,,,
,,6189,豐藝,,,6310,,,,,,,,,,6.46,4,,上市,113,388512,,,,,,,,1533264,,1539574,,,,,,1398672,134592,,,1775421,,146355,34874803,37989786,3114983,3114983,1339562,,1921776,,1404660,134914,1533264,,,,,
,,6191,精成科,,,835168,,,,,,,,,,6.01,4,,上市,113,1399030,,,,,,,,2834049,,3669217,,,,,,2844733,-10684,,,3470058,,763021,16026435,21680512,5654077,5654077,2184019,,4233079,,3675282,-6065,2834049,,,,,
,,6192,巨路,,,89968,,,,,,,,,,10.48,4,,上市,113,296206,,,,,,,,1006907,,1096875,,,,,,1007671,-764,,,1165287,,137826,5497641,7827570,2329929,2329929,1164642,,1303113,,1097590,-715,1006907,,,,,
,,6196,帆宣,,,164770,,,,,,,,,,8.94,4,,上市,113,880121,,,,,,,,1757290,,1922060,,,,,,1800125,-42835,,,2182395,,455016,55398732,60675104,5276372,5276372,3093977,,2637411,,1962302,-40242,1757290,,,,,
,,6197,佳必琪,,,291461,,,,,,,,,,8.69,4,,上市,113,270697,,,,,,,,1140009,,1431470,,,,,,1060644,79365,,,1203828,,206878,4522738,6765078,2242340,2242340,1038512,,1410706,,1347142,84328,1140009,,,,,
,,6201,亞弘電,,,36149,,,,,,,,,,4.68,4,,上市,113,109505,,,,,,,,417748,,453897,,,,,,417748,,,,466964,,60289,2462604,3318224,855620,855620,388656,,527253,,453897,,417748,,,,,
,,6202,盛群,,,-187885,,,,,,,,,,-0.66,4,,上市,113,-42565,,,,,,-45165,,-148149,,-336034,,,,,,-149555,1406,,,-236787,,46073,1538786,2501630,962844,1008009,1244796,,-190714,,-339335,3301,-148149,,,,,
,,6205,詮欣,,,42357,,,,,,,,,,2.65,4,,上市,113,53607,,,,,,,,217894,,260251,,,,,,217917,-23,,,157619,,113882,820108,1406550,586442,586442,428823,,271501,,260225,26,217894,,,,,
,,6206,飛捷,,,41510,,,,,,,,,,6.93,4,,上市,113,241617,,,,,,,,958760,,1000270,,,,,,991837,-33077,,,1071585,,128792,2597374,4606032,2008658,2008658,937073,,1200377,,1032304,-32034,958760,,,,,
,,6209,今國光,,,76194,,,,,,,,,,-0.75,4,,上市,113,29777,,,,,,,,-130218,,-54024,,,,,,-130218,,,,-169732,,69291,2229811,2424479,194668,194668,364400,,-100441,,-54024,,-130218,,,,,
,,6213,聯茂,,,916370,,,,,,,,,,2.26,4,,上市,113,495538,,,,,,,,821787,,1738157,,,,,,821787,,,,1350667,,-33342,25687715,29377677,3689962,3689962,2339295,,1317325,,1738157,,821787,,,,,
,,6214,精誠,,,216455,,,,,,,,,,7.66,4,,上市,113,364073,,,,,,,,2032387,,2248842,,,,,,1957431,74956,,,1393103,,1003357,30701936,38950642,8248706,8248706,6855603,,2396460,,2173145,75697,2032387,,,,,
,,6215,和椿,,,-103187,,,,,,,,,,2.11,4,,上市,113,35366,,,,,,,,174788,,71601,,,,,,174876,-88,,,115694,,94460,1183444,1662946,479502,479502,363808,,210154,,71689,-88,174788,,,,,
,,6216,居易,,,,,,,,,,,,,2.88,4,,上市,113,53301,,,,,,,,271627,,271627,,,,,,,,,,216989,,107939,621861,1178472,556611,556611,339622,,324928,,,,271627,,,,,
,,6224,聚鼎,,,84150,,,,,,,,,,2.23,4,,上市,113,72043,,,,,,,,123304,,207454,,,,,,190945,-67641,,,115864,,79483,2012390,2925428,913038,913038,797174,,195347,,281533,-74079,123304,,,,,
,,6225,天瀚,0,,-3932,,,,,,,,,,-0.07,4,,上市,113,0,,,,,,,,-1890,,-5822,,,,,0,-1890,0,,,-1240,,-650,43926,54263,10337,10337,11577,,-1890,0,-5822,0,-1890,,,,,
,,6226,光鼎,,,68013,,,,,,,,,,-0.44,4,,上市,113,10798,,,,,,,,-54654,,13359,,,,,,-51139,-3515,,,-81576,,37720,500067,655374,155307,155307,236883,,-43856,,16874,-3515,-54654,,,,,
,,6230,尼得科超眾,,,226646,,,,,,,,,,1.48,4,,上市,113,90400,,,,,,,,127513,,354159,,,,,,127513,,,,107123,,110790,6653538,8123811,1470273,1470273,1363150,,217913,,354159,,127513,,,,,
,,6235,華孚,,,219061,,,,,,,,,,3.06,4,,上市,113,161761,,,,,,,,593714,,812775,,,,,,593714,,,,629485,,125990,4195281,5830805,1635524,1635524,1006039,,755475,,812775,,593714,,,,,
,,6239,力成,,,362835,,,,,,,,,,9.09,4,,上市,113,2177879,,,,,,,,8499407,,8862242,,,,,,6788607,1710800,,,9382266,,1295020,59323602,73315042,13991440,13991440,4609174,,10677286,,7188285,1673957,8499407,,,,,
,,6243,迅杰,,,0,,,,,,,,,,1.12,4,,上市,113,1014,,,,,,,,49899,,49899,,,,,,49899,,,,-6880,,57793,462150,721222,259072,259072,265952,,50913,,49899,,49899,,,,,
,,6257,矽格,,,153031,,,,,,,,,,5.89,4,,上市,113,736906,,,,,,,,3170737,,3323768,,,,,,2771956,398781,,,3074024,,833619,13462234,18218144,4755910,4755910,1681886,,3907643,,2839728,484040,3170737,,,,,
,,6269,台郡,,,504550,,,,,,,,,,-2.56,4,,上市,113,-383263,,,,,,,,-816918,,-312368,,,,,,-826490,9572,,,-1814030,,613849,24923777,26443782,1520005,1520005,3334035,,-1200181,,-320389,8021,-816918,,,,,
,0,6271,同欣電,,,131704,,,,,,,,,,8.20,4,,上市,113,203984,,,,,,,,1718449,,1850153,,,,,0,1713825,4624,,,1742861,,179572,8765096,12090994,3325898,3325898,1583037,,1922433,0,1845804,4349,1718449,,,,,
,,6272,驊陞,,,20578,,,,,,,,,,2.28,4,,上市,113,70180,,,,,,,,175528,,196106,,,,,,154212,21316,,,194376,,51332,2298963,3083420,784457,784457,590081,,245708,,170494,25612,175528,,,,,
,,6277,宏正,,,41453,,,,,,,,,,4.14,4,,上市,113,151884,,,,,,,,501581,,543034,,,,,,494610,6971,,,668509,,-15044,2009762,4993174,2983412,2983412,2314903,,653465,,537248,5786,501581,,,,,
,,6278,台表科,,,1320959,,,,,,,,,,9.94,4,,上市,113,701845,,,,,,,,2912346,,4233305,,,,,,2906467,5879,,,3009403,,604788,39236290,45287887,6051597,6051597,3042194,,3614191,,4229405,3900,2912346,,,,,
,,6281,全國電,,,40881,,,,,,,,,,4.51,4,,上市,113,104923,,,,,,,,447713,,488594,,,,,,,,,,557629,,-4993,15801863,19789099,3987236,3987236,3429607,,552636,,,,447713,,,,,
,18851,6282,康舒,,,449420,,,,,,,,,,-0.04,4,,上市,113,198483,,,,,,,,-16855,,432565,,,,,,-30150,13295,,,-122774,,285551,24315647,31695098,7379451,7379451,7502225,,162777,,406384,26181,-35706,,,,,
,,6283,淳安,,,89164,,,,,,,,,,0.77,4,,上市,113,33062,,,,,,,,127636,,216800,,,,,,112665,14971,,,-80940,,241638,1461996,1614880,152884,152884,233824,,160698,,190004,26796,127636,,,,,
,,6285,啟碁,,,581905,,,,,,,,,,7.26,4,,上市,113,790850,,,,,,,,3451411,,4033316,,,,,,3451411,,,,3712557,,529704,96832681,110213455,13380774,13380774,9668217,,4242261,,4033316,,3451411,,,,,
,,6405,悅城,,,12405,,,,,,,,,,-0.75,4,,上市,113,12021,,,,,,,,-49481,,-37076,,,,,,-49481,,,,-104587,,67127,138222,131808,-6414,-6414,98173,,-37460,,-37076,,-49481,,,,,
,,6409,旭隼,,,445349,,,,,,,,,,48.13,4,,上市,113,885734,,,,,,,,4204322,,4649671,,,,,,4204322,,,,5114886,,-24830,15790331,22813347,7023016,7023016,1908130,,5090056,,4649671,,4204322,,,,,
,,6412,群電,,,496654,,,,,,,,,,8.34,4,,上市,113,807436,,,,,,,,3341049,,3837703,,,,,,3341049,,,,3794943,,353542,29684689,37176448,7491759,7491759,3696816,,4148485,,3837703,,3341049,,,,,
,108423,6414,樺漢,,,597641,,,,,,,,,,20.03,4,,上市,113,1609821,,,,,,,,6131781,,6729422,,,,,,2739775,3392006,,,5243610,,2389569,117551890,146383720,28831830,28831830,23588220,,7633179,,3150505,3578917,6023358,,,,,
,,6415,矽力*-KY,13031,,1780591,,,,,,,,,,5.95,4,,上市,113,458781,,,,,,,,2124168,,3904759,,,,,,2286178,-162010,,,2266820,,316129,8518673,18454847,9936174,9936174,7682385,,2582949,,4034275,-129516,2124168,,,,,
,,6416,瑞祺電通,,,-19589,,,,,,,,,,4.50,4,,上市,113,86607,,,,,,,,330965,,311376,,,,,,330082,883,,,334322,,83250,3239943,4253669,1013726,1013726,679404,,417572,,320162,-8786,330965,,,,,
,,6426,統新,,,-399,,,,,,,,,,-3.58,4,,上市,113,-2069,,,,,,,,-137943,,-138342,,,,,,-137943,,,,-171491,,31479,327144,329852,2708,2708,174199,,-140012,,-138342,,-137943,,,,,
,,6431,光麗-KY,,,19493,,,,,,,,,,-2.52,4,,上市,113,-9604,,,,,,,,-172791,,-153298,,,,,,-172791,,,,-145055,,-37340,312981,381304,68323,68323,213378,,-182395,,-153298,,-172791,,,,,
,,6438,迅得,,,195577,,,,,,,,,,7.63,4,,上市,113,153157,,,,,,,,558294,,753871,,,,,,574108,-15814,,,401414,,310037,3756615,5121060,1364445,1364445,963031,,711451,,760477,-6606,558294,,,,,
,,6442,光聖,,,78872,,,,,,,,,,14.30,4,,上市,113,366831,,,,,,,,1055455,,1134327,,,,,,1057601,-2146,,,1294608,,127678,2845229,6410405,3565176,3565176,2270568,,1422286,,1136488,-2161,1055455,,,,,
,,6443,元晶,-570254,,386,,,,,,,,,,-1.17,4,940,上市,113,1996,,,,,,-1165,,-600271,,-599885,,,,,,-600253,-18,,,-581408,,-16867,4195036,4514018,318982,321087,332241,,-598275,,-599867,-18,-600271,,,,,
,,6446,藥華藥,,,297086,,,,,,,,,,8.96,4,,上市,113,29149,,,,,,,,2965503,,3262589,,,,,,2965503,,,,1736077,,1258575,1177225,9734814,8557589,8557589,6821512,,2994652,,3262589,,2965503,,,,,
,,6449,鈺邦,,,673964,,,,,,,,,,6.08,4,,上市,113,171181,,,,,,,,511815,,1185779,,,,,,534394,-22579,,,525745,,157251,2450424,3495668,1045244,1045244,519499,,682996,,1208358,-22579,511815,,,,,
,,6451,訊芯-KY,,,520550,,,,,,,,,,0.40,4,,上市,113,-47265,,,,,,,,38949,,559499,,,,,,42656,-3707,,,-226867,,218551,4504402,5188000,683598,683598,910465,,-8316,,548772,10727,38949,,,,,
,,6456,GIS-KY,,,739982,,,,,,,,,,0.46,4,,上市,113,269234,,,,,,,,116061,,856043,,,,,,156338,-40277,,,-401330,,786625,64857046,69986418,5129372,5129372,5530702,,385295,,915431,-59388,116061,,,,,
,,6464,台數科,,,13434,,,,,,,,,,6.97,4,,上市,113,219748,,,,,,,,917479,,930913,,,,,,879078,38401,,,1278959,,-141732,2127758,4367451,2239693,2239693,960734,,1137227,,890225,40688,917479,,,,,
,,6472,保瑞,,,291096,,,,,,,,,,38.69,4,,上市,113,914578,,,,,,,,4040403,,4331499,,,,,,3939009,101394,,,3382621,,1572360,11535632,19245907,7710275,7710275,4327654,,4954981,,4227510,103989,4040403,,,,,
,,6477,安集,0,,8452,,,,,,,,,,-0.67,4,,上市,113,-20332,,,,,,,,-132340,,-123888,,,,,,-82575,-49765,,,88198,,-240870,691026,895634,204608,204608,116410,,-152672,,-73786,-50102,-132340,,,,,
,,6491,晶碩,,,9464,,,,,,,,,,23.47,4,,上市,113,279310,,,,,,,,1853484,,1862948,,,,,,1830676,22808,,,2086790,,46004,2993356,6817305,3823949,3823949,1737159,,2132794,,1838702,24246,1853484,,,,,
,,6504,南六,,,119275,,,,,,,,,,1.39,4,,上市,113,148485,,,,,,,,100847,,220122,,,,,,100963,-116,,,164028,,85304,5883277,6715508,832231,832231,668203,,249332,,220238,-116,100847,,,,,
,,6505,台塑化,,,-25980710,,,,,,,,,,0.63,4,,上市,113,756225,,,,,,,,5810885,,-20169825,,,,,,5970918,-160033,,,-651435,,7218545,653509262,663823047,10313785,10313785,10965220,,6567110,,-20322274,152449,5810885,,,,,
,,6515,穎崴,,,10664,,,,,,,,,,34.31,4,,上市,113,248745,,,,,,,,1185837,,1196501,,,,,,1185837,,,,1368143,,66439,3264561,5798096,2533535,2533535,1165392,,1434582,,1196501,,1185837,,,,,
,,6525,捷敏-KY,,,154293,,,,,,,,,,5.15,4,,上市,113,176708,,,,,,,,664197,,818490,,,,,,664197,,,,684008,,156897,3611569,4670539,1058970,1058970,374962,,840905,,818490,,664197,,,,,
,,6526,達發,,,112394,,,,,,,,,,16.10,4,,上市,113,537731,,,,,,,,2611479,,2723873,,,,,,2691949,-80470,,,2875843,,273367,9117177,19122104,10004927,10004927,7129084,,3149210,,2804343,-80470,2611479,,,,,
,,6531,愛普*,,,8527,,,,,,,,,,9.73,4,,上市,113,454643,,,,,,,,1578232,,1586759,,,,,,1578232,,,,1063090,,969785,2046805,4192378,2145573,2145573,1082483,,2032875,,1586759,,1578232,,,,,
,,6533,晶心科,,,7938,,,,,,,,,,0.04,4,,上市,113,9648,,,,,,,,1893,,9831,,,,,,1893,,,,-276079,,287620,646,1381507,1380861,1380861,1656940,,11541,,9831,,1893,,,,,
,,6534,正瀚-創,,,17777,,,,,,,,,,4.63,4,,上市,113,117272,,,,,,,,475690,,493467,,,,,,476386,-696,,,542295,,50667,270919,1635736,1364817,1364817,822522,,592962,,494163,-696,475690,,,,,
,,6541,泰福-KY,,,16234,,,,,,,,,,-8.90,4,,上市,113,347,,,,,,,,-1381550,,-1365316,,,,,,-1381550,,,,-1356741,,-24462,26386,34678,8292,8292,1365033,,-1381203,,-1365316,,-1381550,,,,,
,,6550,北極星藥業-KY,,,396155,,,,,,,,,,-3.35,4,,上市,113,5210,,,,,,,,-2550753,,-2154598,,,,,,-2502642,-48111,,,-2634885,,89342,183923,107000,-76923,-76923,2557962,,-2545543,,-2106487,-48111,-2550753,,,,,
,,6552,易華電,,,169781,,,,,,,,,,0.16,4,,上市,113,3831,,,,,,,,13187,,182968,,,,,,,,,,-106072,,123090,1911994,1959533,47539,47539,153611,,17018,,,,13187,,,,,
,,6558,興能高,,,32243,,,,,,,,,,0.10,4,,上市,113,6141,,,,,,,,9571,,41814,,,,,,9571,,,,-35252,,50964,941423,1159274,217851,217851,253103,,15712,,41814,,9571,,,,,
,,6573,虹揚-KY,,,15953,,,,,,,,,,-1.94,4,,上市,113,37127,,,,,,,,-83991,,-68038,,,,,,-155877,71886,,,-177854,,130990,927056,962378,35322,35322,213176,,-46864,,-138323,70285,-83991,,,,,
,,6579,研揚,,,107659,,,,,,,,,,7.72,4,,上市,113,210567,,,,,,,,1139420,,1247079,,,,,,966877,172543,,,547848,,802139,4607399,7186031,2578632,2578632,2030784,,1349987,,1050478,196601,1139420,,,,,
,,6581,鋼聯,,,1286,,,,,,,,,,7.47,4,,上市,113,179081,,,,,,,,831085,,832371,,,,,,831085,,,,986681,,23485,1108970,2378461,1269491,1269491,282810,,1010166,,832371,,831085,,,,,
,,6582,申豐,,,199545,,,,,,,,,,0.99,4,,上市,113,-1456,,,,,,,,104911,,304456,,,,,,104911,,,,-64511,,167966,1557441,1706196,148755,148755,213266,,103455,,304456,,104911,,,,,
,,6585,鼎基,,,15190,,,,,,,,,,10.44,4,,上市,113,195155,,,,,,,,738253,,753443,,,,,,738253,,,,859781,,73627,1976859,3283286,1306427,1306427,446646,,933408,,753443,,738253,,,,,
,,6589,台康生技,,,-92762,,,,,,,,,,-2.28,4,,上市,113,1839,,,,,,,,-698344,,-791106,,,,,,-698344,,,,-953801,,257296,789975,1008960,218985,218985,1172786,,-696505,,-791106,,-698344,,,,,
,,6591,動力-KY,,,71257,,,,,,,,,,3.21,4,,上市,113,36831,,,,,,,,118284,,189541,,,,,,119539,-1255,,,59440,,95675,928378,1262815,334437,334437,274997,,155115,,190796,-1255,118284,,,,,
,,6592,和潤企業,,,137748,,,,,,,,,,4.44,4,,上市,113,1139224,,,,,,,,3274326,,3412074,,,,,,3055491,218835,,,3700164,,713386,12374199,28963830,16589631,16589631,12889467,,4413550,,3116741,295333,3274326,,,,,
,,6598,ABC-KY,,,39988,,,,,,,,,,-2.88,4,,上市,113,26,,,,,,,,-260807,,-220819,,,,,,-260807,,,,-277912,,17131,139068,343066,203998,203998,481910,,-260781,,-220819,,-260807,,,,,
,,6605,帝寶,,,32025,,,,,,,,,,18.98,4,,上市,113,914891,,,,,,,,3155996,,3188021,,,,,,3147645,8351,,,3915813,,155074,13289757,20156074,6866317,6866317,2950504,,4070887,,3154687,33334,3155996,,,,,
,39782,6606,建德工業,,,232696,,,,,,,,,,0.92,4,,上市,113,77818,,,,,,,,119660,,352356,,,,,,101827,17833,,,125923,,31773,459028,729140,270112,270112,144189,,157696,,332854,19502,79878,,,,,
,,6614,資拓宏宇,,,1995,,,,,,,,,,1.70,4,,上市,113,21448,,,,,,,,123640,,125635,,,,,,123640,0,,,116103,,28985,4459458,5083494,624036,624036,507933,,145088,,125635,0,123640,,,,,
,,6625,必應,,,5214,,,,,,,,,,5.84,4,,上市,113,67921,,,,,,,,284915,,290129,,,,,,284416,499,,,313413,,39423,2608568,3146147,537579,537579,224166,,352836,,289630,499,284915,,,,,
,,6641,基士德-KY,,,39869,,,,,,,,,,1.40,4,,上市,113,-16,,,,,,,,42469,,82338,,,,,,51214,-8745,,,-30323,,72776,1299869,1818199,518330,518330,548653,,42453,,90847,-8509,42469,,,,,
,,6645,金萬林-創,,,408,,,,,,,,,,-3.02,4,,上市,113,-9622,,,,,,,,-159878,,-159470,,,,,,-159878,,,,-164788,,-4712,445298,501527,56229,56229,221017,,-169500,,-159470,,-159878,,,,,
,,6655,科定,,,671559,,,,,,,,,,4.93,4,,上市,113,86932,,,,,,,,385671,,1057230,,,,,,386374,-703,,,461213,,11390,1202083,2503330,1301247,1301247,840034,,472603,,1057840,-610,385671,,,,,
,,6657,華安,,,94,,,,,,,,,,-3.03,4,,上市,113,,,,,,,,,-231080,,-230986,,,,,,-231080,,,,-255169,,24089,2059,7749,5690,5690,260859,,-231080,,-230986,,-231080,,,,,
,,6658,聯策,,,151232,,,,,,,,,,1.09,4,,上市,113,11121,,,,,,,,50478,,201710,,,,,,35974,14504,,,35312,,26287,1230179,1594667,364488,364488,329176,,61599,,186766,14944,50478,,,,,
,,6666,羅麗芬-KY,,,55898,,,,,,,,,,1.70,4,,上市,113,48629,,,,,,,,86987,,142885,,,,,,80734,6253,,,91458,,44158,423121,1126524,703403,703403,611945,,135616,,135147,7738,86987,,,,,
,,6668,中揚光,,,59885,,,,,,,,,,-1.85,4,,上市,113,1884,,,,,,,,-188092,,-128207,,,,,,-173630,-14462,,,-200304,,14096,797517,921854,124337,124337,324641,,-186208,,-114063,-14144,-188092,,,,,
,,6669,緯穎,,,2258955,,,,,,,,,,126.57,4,,上市,113,6054198,,,,,,,,22776168,,25035123,,,,,,22776168,,,,28098916,,731450,323140697,360541104,37400407,37400407,9301491,,28830366,,25035123,,22776168,,,,,
,,6670,復盛應用,,,327010,,,,,,,,,,28.17,4,,上市,113,1083340,,,,,,,,4059404,,4386414,,,,,,3795669,263735,,,4657934,,484810,20806315,28369692,7563377,7563377,2905443,,5142744,,4099165,287249,4059404,,,,,
,,6671,三能-KY,,,43643,,,,,,,,,,3.18,4,,上市,113,60120,,,,,,,,196898,,240541,,,,,,193339,3559,,,220006,,37012,1268217,2039422,771205,771205,551199,,257018,,236561,3980,196898,,,,,
,,6672,騰輝電子-KY,,,133371,,,,,,,,,,5.01,4,,上市,113,37358,,,,,,,,356799,,490170,,,,,,356799,,,,318497,,75660,2809311,4227622,1418311,1418311,1099814,,394157,,490170,,356799,,,,,
,,6674,鋐寶科技,,,2,,,,,,,,,,-2.46,4,,上市,113,18000,,,,,,,,-165938,,-165936,,,,,,-165938,,,,-142342,,-5596,775118,941934,166816,166816,309158,,-147938,,-165936,,-165938,,,,,
,,6689,伊雲谷,,,99807,,,,,,,,,,2.26,4,,上市,113,48666,,,,,,,,118312,,218119,,,,,,153891,-35579,,,84969,,82009,11328509,12687398,1358889,1358889,1273920,,166978,,253520,-35401,118312,,,,,
,,6691,洋基工程,,,61727,,,,,,,,,,19.36,4,,上市,113,551018,,,,,,,,2030002,,2091729,,,,,,2030002,0,,,2488768,,92252,12177290,15192054,3014764,3014764,525996,,2581020,,2091729,0,2030002,,,,,
,,6695,芯鼎,,,2777,,,,,,,,,,-0.41,4,,上市,113,,,,,,,,,-38913,,-36136,,,,,,-38913,,,,-122935,,84022,588885,1018746,429861,429861,552796,,-38913,,-36136,,-38913,,,,,
,,6698,旭暉應材,,,17683,,,,,,,,,,-0.96,4,,上市,113,21749,,,,,,,,-20116,,-2433,,,,,,-62968,42852,,,-16971,,18604,648055,890710,242655,242655,259626,,1633,,-49898,47465,-20116,,,,,
,,6706,惠特,,,58912,,,,,,,,,,-4.29,4,1900,上市,113,4235,,,,,,4666,,-317607,,-258695,,,,,,-317607,,,,-516005,,202633,846275,927875,81600,78834,594839,,-313372,,-258695,,-317607,,,,,
,,6715,嘉基,,,38848,,,,,,,,,,5.26,4,,上市,113,150136,,,,,,,,296992,,335840,,,,,,343161,-46169,,,383834,,63294,1382982,2243509,860527,860527,476693,,447128,,382009,-46169,296992,,,,,
,,6719,力智,,,-55203,,,,,,,,,,2.42,4,,上市,113,46872,,,,,,,,229993,,174790,,,,,,229993,,,,134424,,142441,2578545,3697963,1119418,1119418,984994,,276865,,174790,,229993,,,,,
,,6722,輝創,,,50622,,,,,,,,,,2.60,4,,上市,113,43465,,,,,,-2284,,202659,,253281,,,,,,202659,,,,163171,,82953,4251638,5244540,992902,995186,832015,,246124,,253281,,202659,,,,,
,,6742,澤米,,,7260,,,,,,,,,,0.30,4,,上市,113,16425,,,,,,,,21492,,28752,,,,,,21492,,,,-10954,,48871,572293,670994,98701,98701,109655,,37917,,28752,,21492,,,,,
,,6743,安普新,,,48581,,,,,,,,,,2.10,4,,上市,113,96953,,,,,,,,308978,,357559,,,,,,309726,-748,,,591268,,-185337,5617491,6881438,1263947,1263947,672679,,405931,,358060,-501,308978,,,,,
,,6753,龍德造船,,,2228,,,,,,,,,,6.25,4,,上市,113,173288,,,,,,,,706623,,708851,,,,,,,,,,1005162,,-125251,3954676,5119080,1164404,1164404,159242,,879911,,,,706623,,,,,
,,6754,匯僑設計,,,31541,,,,,,,,,,6.40,4,,上市,113,142469,,,,,,,,422546,,454087,,,,,,422546,,,,517987,,47028,3902900,5107938,1205038,1205038,687051,,565015,,454087,,422546,,,,,
,,6756,威鋒電子,,,-44884,,,,,,,,,,2.26,4,,上市,113,27689,,,,,,,,152235,,107351,,,,,,157248,-5013,,,14635,,165289,849353,1700310,850957,850957,836322,,179924,,109410,-2059,152235,,,,,
,,6757,台灣虎航,,,-13570,,,,,,,,,,6.16,4,,上市,113,733562,,,,,,,,2771783,,2758213,,,,,,,,,,3674945,,-169600,11280155,16423023,5142868,5142868,1467923,,3505345,,,,2771783,,,,,
,,6768,志強-KY,,,575544,,,,,,,,,,8.15,4,,上市,113,429365,,,,,,,,1596027,,2171571,,,,,,1598113,-2086,,,1607399,,417993,14626754,18443858,3817104,3817104,2209705,,2025392,,2173616,-2045,1596027,,,,,
,,6770,力積電,1329759,,200662,,,,,,,,,,-1.64,4,,上市,113,-54450,,,,,,,,-6777299,,-6576637,,,,,,-6777299,,,,-7965465,,1133716,44200285,44725710,525425,525425,9820649,,-6831749,,-6576637,,-6777299,,,,,
,,6771,平和環保-創,,,,,,,,,,,,,3.89,4,,上市,113,32532,,,,,,,,116541,,116541,,,,,,118280,-1739,,,162416,,-13343,342018,635001,292983,292983,130567,,149073,,118280,-1739,116541,,,,,
,,6776,展碁國際,,,-20454,,,,,,,,,,4.11,4,,上市,113,94979,,,,,,,,349660,,329206,,,,,,335243,14417,,,454642,,-10003,23847789,25513028,1665239,1665239,1210597,,444639,,309392,19814,349660,,,,,
,,6781,AES-KY,,,612466,,,,,,,,,,25.39,4,,上市,113,585048,,,,,,,,2168660,,2781126,,,,,,2168613,47,,,2379311,,374397,6080825,10036842,3956017,3956017,1576706,,2753708,,2781061,65,2168660,,,,,
,,6782,視陽,,,246836,,,,,,,,,,10.10,4,,上市,113,101441,,,,,,,,638327,,885163,,,,,,636471,1856,,,790252,,-50484,2245282,3671640,1426358,1426358,636106,,739768,,883307,1856,638327,,,,,
,,6789,采鈺,155671,,,,,,,,,,,,5.49,4,,上市,113,334661,,,,,,,,1738904,,1738904,,,,,,,,,,2007339,,66226,6952993,10002074,3049081,3049081,1197413,,2073565,,,,1738904,,,,,
,,6790,永豐實,,,189706,,,,,,,,,,2.78,4,,上市,113,198232,,,,,,,,749840,,939546,,,,,0,743113,6727,,,922447,,25625,8412425,10896652,2484227,2484227,1561780,,948072,0,932819,6727,749840,,,,,
,,6792,詠業,,,-63738,,,,,,,,,,2.10,4,,上市,113,6388,,,,,,,,98632,,34894,,,,,,98632,,,,28890,,76130,879362,1229947,350585,350585,321695,,105020,,34894,,98632,,,,,
,,6794,向榮生技,,,,,,,,,,,,,-1.62,4,,上市,113,,,,,,,,,-93072,,-93072,,,,,,,,,,-102920,,9848,11311,31881,20570,20570,123490,,-93072,,,,-93072,,,,,
,,6796,晉弘,,,3046,,,,,,,,,,0.16,4,,上市,113,6606,,,,,,,,5610,,8656,,,,,0,5610,0,,,-3783,,15999,304601,538920,234319,234319,238102,,12216,0,8656,0,5610,,,,,
,,6799,來頡,,,413,,,,,,,,,,2.94,4,,上市,113,70247,,,,,,,,121558,,121971,,,,,,121558,,,,139781,,52024,480113,907178,427065,427065,287284,,191805,,121971,,121558,,,,,
,,6805,富世達,,,93794,,,,,,,,,,17.90,4,,上市,113,267198,,,,,,,,1227364,,1321158,,,,,,1227364,,,,1197373,,297189,6360754,8187690,1826936,1826936,629563,,1494562,,1321158,,1227364,,,,,
,,6807,峰源-KY,,,131325,,,,,,,,,,8.88,4,,上市,113,105270,,,,,,,,479492,,610817,,,,,,479492,,,,475173,,109589,4075197,4999466,924269,924269,449096,,584762,,610817,,479492,,,,,
,,6830,汎銓,,,29339,,,,,,,,,,1.34,4,,上市,113,47527,,,,,,,,64963,,94302,,,,,,64963,,,,134628,,-22138,1442407,1966669,524262,524262,389634,,112490,,94302,,64963,,,,,
,,6831,邁科,,,15416,,,,,,,,,,1.80,4,,上市,113,35466,,,,,,,,105936,,121352,,,,,,105936,,,,127444,,13958,1542214,2005017,462803,462803,335359,,141402,,121352,,105936,,,,,
,,6834,天二科技,,,-7045,,,,,,,,,,0.64,4,,上市,113,10466,,,,,,,,56767,,49722,,,,,,56767,,,,31121,,36112,1043089,1267846,224757,224757,193636,,67233,,49722,,56767,,,,,
,,6835,圓裕,,,50326,,,,,,,,,,4.06,4,,上市,113,96250,,,,,,,,268652,,318978,,,,,,268672,-20,,,272211,,92691,1798995,2437615,638620,638620,366409,,364902,,318678,300,268652,,,,,
,,6838,台新藥,,,-57715,,,,,,,,,,-1.43,4,,上市,113,21359,,,,,,,,-200933,,-258648,,,,,,-201014,81,,,-175629,,-3945,24366,143356,118990,118990,294619,,-179574,,-258701,53,-200933,,,,,
,,6854,錼創科技-KY創,,,42294,,,,,,,,,,0.56,4,,上市,113,0,,,,,,,,60087,,102381,,,,,,60087,,,,10576,,49511,1099523,1768442,668919,668919,658343,,60087,,102381,,60087,,,,,
,,6861,睿生光電,,,-29237,,,,,,,,,,3.75,4,,上市,113,45281,,,,,,,,152939,,123702,,,,,,152939,,,,33422,,164798,1437382,1989666,552284,552284,518862,,198220,,123702,,152939,,,,,
,,6862,三集瑞-KY,,,39215,,,,,,,,,,11.41,4,,上市,113,158181,,,,,,,,515623,,554838,,,,,,515623,,,,544197,,129607,1285173,2200240,915067,915067,370870,,673804,,554838,,515623,,,,,
,,6863,永道-KY,,,244867,,,,,,,,,,11.36,4,,上市,113,156279,,,,,,,,846979,,1091846,,,,,,846813,166,,,853635,,149623,3128804,4612422,1483618,1483618,629983,,1003258,,1091637,209,846979,,,,,
,,6869,雲豹能源,,,-2673,,,,,,,,,,8.89,4,17299,上市,113,-29220,,,,,,27301,,1112527,,1109854,,,,,,1132985,-20458,,,-141037,,1224344,3312244,3793297,481053,471051,612088,,1083307,,1131131,-21277,1112527,,,,,
,,6873,泓德能源,,,158,,,,,,,,,,11.10,4,,上市,113,340496,,,,,,157408,,1179133,,1179291,,,,,,1198860,-19727,,,1624650,,-105021,7440190,10125465,2685275,2527867,903217,,1519629,,1199020,-19729,1179133,,,,,
,,6885,全福生技,,,7964,,,,,,,,,,-2.70,4,,上市,113,,,,,,,,,-315470,,-307506,,,,,,,,,,-344785,,29315,311,333,22,22,344807,,-315470,,,,-315470,,,,,
,,6887,寶綠特-KY,,,68384,,,,,,,,,,7.51,4,,上市,113,149860,,,,,,,,489554,,557938,,,,,,489554,,,,549392,,90022,4277816,5444066,1166250,1166250,616858,,639414,,557938,,489554,,,,,
,,6890,來億-KY,,,543164,,,,,,,,,,16.13,4,,上市,113,1100792,,,,,,,,4169666,,4712830,,,,,,3818318,351348,,,4683861,,586597,30231229,37689899,7458670,7458670,2774809,,5270458,,4360188,352642,4169666,,,,,
,,6901,鑽石投資,,,,,,,,,,,,,-2.96,4,,上市,113,121634,,,,,,,,-2518040,,-2518040,,,,,,,,,,-2409640,,13234,,-2228791,-2228791,-2228791,180849,,-2396406,,,,-2518040,,,,,
,,6902,GOGOLOOK,,,-6733,,,,,,,,,,-1.24,4,,上市,113,2884,,,,,,,,-39658,,-46391,,,,,,-39658,,,,-53418,,16644,81311,866850,785539,785539,838957,,-36774,,-46391,,-39658,,,,,
,,6906,現觀科,,,2247,,,,,,,,,,3.56,4,,上市,113,30101,,,,,,,,119153,,121400,,,,,,119153,,,,121729,,27525,61484,393778,332294,332294,210565,,149254,,121400,,119153,,,,,
,,6908,宏碁遊戲-創,,,36245,,,,,,,,,,1.36,4,,上市,113,5788,,,,,,,,50266,,86511,,,,,,47543,2723,,,4290,,51764,3827884,4302610,474726,474726,470436,,56054,43,77169,9299,50266,,,,,
,,6909,創控,,,,,,,,,,,,,1.55,4,,上市,113,6414,,,,,,,,93316,,93316,,,,,,,,,,78735,,20995,190690,496062,305372,305372,226637,,99730,,,,93316,,,,,
,,6914,阜爾運通,,,1256,,,,,,,,,,7.14,4,,上市,113,123007,,,,,,,,458689,,459945,,,,,,458689,,,,636831,,-55135,3753580,4716986,963406,963406,326575,,581696,,459945,,458689,,,,,
,,6916,華凌,,,22304,,,,,,,,,,0.47,4,,上市,113,10448,,,,,,,,31935,,54239,,,,,,31709,226,,,-10606,,52989,1542961,2033923,490962,490962,501568,,42383,,53948,291,31935,,,,,
,,6918,愛派司,,,6263,,,,,,,,,,4.99,4,,上市,113,36500,,,,,,,,151056,,157319,,,,,,151056,,,,182459,,5097,234813,769591,534778,534778,352319,,187556,,157319,,151056,,,,,
,,6919,康霈*,,,-111,,,,,,,,,,-4.12,4,,上市,113,0,,,,,,,,-588830,,-588941,,,,,,-588830,,,,-717144,,128314,13673,44434,30761,30761,747905,,-588830,,-588941,,-588830,,,,,
,,6921,嘉雨思-創,,,,,,,,,,,,,0.76,4,,上市,113,0,,,,,,,,22858,,22858,,,,,,,,,,11851,,11007,52292,151727,99435,99435,87584,,22858,,,,22858,,,,,
,,6923,中台,11149,,-15126,,,,,,,,,,4.80,4,,上市,113,101318,,,,,,,,408955,,393829,,,,,,408955,0,,,514539,,-4266,1116782,1716745,599963,599963,96573,,510273,,393829,0,408955,,,,,
,,6924,榮惠-KY創,,,19735,,,,,,,,,,7.30,4,,上市,113,44654,,,,,,,,142527,,162262,,,,,,142527,,,,165762,,21419,1357603,1762824,405221,405221,239459,,187181,,162262,,142527,,,,,
,,6928,攸泰科技,,,754,,,,,,,,,,-0.82,4,,上市,113,-22610,,,,,,,,-67157,,-66403,,,,,,-67157,,,,-141850,,52083,1556704,2021425,464721,464721,606571,,-89767,,-66403,,-67157,,,,,
,,6931,青松健康,-6,,916,,,,,,,,,,0.68,4,,上市,113,9961,,,,,,,,40699,,41615,,,,,,40551,148,,,44072,,6588,858741,982561,123820,123820,79742,,50660,,41467,148,40699,,,,,
,,6933,AMAX-KY,,,116070,,,,,,,,,,3.94,4,,上市,113,16063,,,,,,,,163906,,279976,,,,,,163906,,,,133419,,46550,4752492,5492388,739896,739896,606477,,179969,,279976,,163906,,,,,
,,6934,心誠鎂,,,398,,,,,,,,,,-2.60,4,,上市,113,27285,,,,,,,,-78213,,-77815,,,,,,-78213,,,,-37591,,-13337,41961,141612,99651,99651,137242,,-50928,,-77815,,-78213,,,,,
,,6936,永鴻生技,,,-16,,,,,,,,,,2.06,4,,上市,113,33099,,,,,,,,136619,,136603,,,,,,,,,,170733,,-1015,853423,1294112,440689,440689,269956,,169718,,,,136619,,,,,
,,6937,天虹,,,17365,,,,,,,,,,6.03,4,,上市,113,89580,,,,,,,,406803,,424168,,,,,,406803,,,,408505,,87878,1450066,2587641,1137575,1137575,729070,,496383,,424168,,406803,,,,,
,,6944,兆聯實業,,,11818,,,,,,,,,,22.33,4,,上市,113,457675,,,,,,,,1512088,,1523906,,,,,,1512088,,,,1926080,,43683,7951677,10300194,2348517,2348517,422437,,1969763,,1523906,,1512088,,,,,
,,6947,台鎔科技,,,,,,,,,,,,,0.97,4,,上市,113,54924,,,,,,,,89772,,89772,,,,,,89772,,,,196432,,-51736,434710,806851,372141,372141,175709,,144696,,89772,,89772,,,,,
,,6949,沛爾生醫*-創,,,,,,,,,,,,,-6.83,4,,上市,113,0,,,,,,,,-395115,,-395115,,,,,,-389415,-5700,,,-413497,,18382,31958,19631,-12327,-12327,401170,,-395115,,-389415,-5700,-395115,,,,,
,,6951,青新-創,,,,,,,,,,,,,4.87,4,,上市,113,53821,,,,,,,,209973,,209973,,,,,,210742,-769,,,251216,,12578,296421,698725,402304,402304,151088,,263794,,210742,-769,209973,,,,,
,,6952,大武山,,,,,,,,,21200,,,,1.46,4,,上市,113,24513,,,,,,,,95717,,95717,,,,,,94800,917,,,134256,,-14026,903167,1218844,336877,336877,202621,,120230,,94800,917,95717,,,,,
,,6955,邦睿生技-創,,,217,,,,,,,,,,3.45,4,,上市,113,26,,,,,,,,68365,,68582,,,,,,68365,0,,,60951,,7440,47920,222878,174958,174958,114007,,68391,,68582,0,68365,,,,,
,,6957,裕慶-KY,,,71789,,,,,,,,,,14.30,4,,上市,113,198528,,,,,,,,747056,,818845,,,,,,747056,,,,851646,,93938,2271162,4013930,1742768,1742768,891122,,945584,,818845,,747056,,,,,
,,6958,日盛台駿,,,213568,,,,,,,,,,1.13,4,,上市,113,205380,,,,,,,,395878,,609446,,,,,,404898,-9020,,,450110,,151148,7652572,11678174,4025602,4025602,3575492,,601258,,606506,2940,395878,,,,,
,,6962,奕力-KY,,,63167,,,,,,,,,,5.61,4,,上市,113,1119476,,,,,,,,2249289,,2312456,,,,,,2249289,,,,2197416,,1171349,16437777,22461565,6023788,6023788,3826372,,3368765,,2312456,,2249289,,,,,
,,6965,中傑-KY,,,389101,,,,,,,,,,12.22,4,,上市,113,522508,,,,,,,,1821034,,2210135,,,,,,1710942,110092,,,1802475,,541067,22881820,26986539,4104719,4104719,2302244,,2343542,,2102887,107248,1821034,,,,,
,,6969,成信實業*-創,,,,,,,,,,,,,-2.15,4,,上市,113,-9267,,,,,,,,-78869,,-78869,,,,,0,-78869,0,,,-75724,,-12412,180220,200224,20004,20004,95728,,-88136,0,-78869,0,-78869,,,,,
,,6988,威力暘-創,,,11268,,,,,,,,,,0.51,4,,上市,113,0,,,,,,,,23653,,34921,,,,,,23653,,,,18710,,4943,622340,884715,262375,262375,243665,,23653,,34921,,23653,,,,,
,,6994,富威電力,,,,,,,,,,,,,1.42,4,,上市,113,27884,,,,,,,,84554,,84554,,,,,,84929,-375,,,175110,,-62672,1588609,1886585,297976,297976,122866,,112438,,84929,-375,84554,,,,,
,,7610,聯友金屬-創,,,,,,,,,,,,,1.71,4,,上市,113,7226,,,,,,,,58697,,58697,,,,,,58697,,,,62884,,3039,967379,1098913,131534,131534,68650,,65923,,58697,,58697,,,,,
,,7631,聚賢研發-創,,,-3140,,,,,,,,,,5.51,4,,上市,113,26725,,,,,,,,92514,,89374,,,,,,92514,,,,138813,,-19574,584822,850790,265968,265968,127155,,119239,,89374,,92514,,,,,
,,7689,大鵬科CLMX,,,,,,,,,,,,,6.57,4,,上市,113,77336,,,,,,,,316561,,316561,,,,,,,,,,348102,,45795,2719876,3698396,978520,978520,630418,,393897,,,,316561,,,,,
,,7705,三商餐飲,,,-1822,,,,,,,,,,4.10,4,,上市,113,61056,,,,,,,,249989,,248167,,,,,,250165,-176,,,279469,,31576,3991018,6324178,2333160,2333160,2053691,,311045,,248343,-176,249989,,,,,
,,7711,永擎,,,1,,,,,,,,,,8.36,4,,上市,113,126268,,,,,,,,505071,,505072,,,,,,505071,0,,,555307,,76032,7295169,8798781,1503612,1503612,948305,,631339,,505072,0,505071,,,,,
,,7721,微程式,,,6665,,,,,,,,,,3.33,4,,上市,113,29412,,,,,,,,151582,,158247,,,,,,151582,,,,155565,,25429,347765,794306,446541,446541,290976,,180994,,158247,,151582,,,,,
,,7722,LINEPAY,,,11466,,,,,,,,,,10.67,4,,上市,113,222491,,,,,,,,647119,,658585,,,,,0,647119,,,,740934,,128676,4310102,6296000,1985898,1985898,1244964,,869610,0,658585,,647119,,,,,
,,7730,暉盛-創,,,135,,,,,,,,,,3.01,4,,上市,113,26033,,,,,,,,86950,,87085,,,,,,86950,0,,,87039,,25944,332690,547630,214940,214940,127901,,112983,,87085,0,86950,,,,,
,,7732,金興精密,,,41232,,,,,,,,,,2.77,4,,上市,113,31626,,,,,,,,166001,,207233,,,,,,166001,,,,169729,,27898,736227,1085128,348901,348901,179172,,197627,,207233,,166001,,,,,
,,7736,虎山,,,3461,,,,,,,,,,7.19,4,,上市,113,121387,,,,,,,,494120,,497581,,,,,,494120,,,,336220,,279287,825414,1359638,534224,534224,198004,,615507,,497581,,494120,,,,,
,,7740,熙特爾-創,,,9545,,,,,,,,,,-0.90,4,0,上市,113,-2668,,,,,,0,,-12793,,-3248,,,,,,-41702,28909,,,-14554,,-907,327966,428517,100551,100551,115105,,-15461,,-32157,28909,-12793,,,,,
,,7749,意騰-KY,,,24647,,,,,,,,,,7.17,4,,上市,113,40581,,,,,,,,265611,,290258,,,,,,265611,,,,230557,,75635,120148,858732,738584,738584,508027,,306192,,290258,,265611,,,,,
,,7750,新代,,,92112,,,,,,,,,,22.31,4,,上市,113,391606,,,,,,,,1372831,,1464943,,,,,,1372831,,,,1645839,,118598,6068459,10807628,4739169,4739169,3093330,,1764437,,1464943,,1372831,,,,,
,,7760,享溫馨,,,56880,,,,,,,,,,2.00,4,,上市,113,20938,,,,,,,,92470,,149350,,,,,,,,,,126940,,-13532,804142,1317052,512910,512910,385970,,113408,,,,92470,,,,,
,,7765,中華資安,,,,,,,,,,,,,10.47,4,,上市,113,94380,,,,,,,,379186,,379186,,,,,,,,,,464853,,8713,1108104,1973659,865555,865555,400702,,473566,,,,379186,,,,,
,,7768,頌勝科技,,,7397,,,,,,,,,,4.42,4,,上市,113,86447,,,,,,,,238318,,245715,,,,,0,229631,8687,,,254944,,69821,1033437,1921588,888151,888151,633207,,324765,0,236510,9205,238318,,,,,
,,7769,鴻勁,,,36066,,,,,,,,,,32.95,4,,上市,113,1396925,,,,,,,,5285929,,5321995,,,,,,5285929,,,,6284605,,398249,6292694,13992344,7699650,7699650,1415045,,6682854,,5321995,,5285929,,,,,
,,7780,大研生醫*,,,-859,,,,,,,,,,2.43,4,,上市,113,33022,,,,,,,,106579,,105720,,,,,,106579,,,,148915,,-9314,506170,1362387,856217,856217,707302,,139601,,105720,,106579,,,,,
,,7786,東方風能,,,702,,,,,,,,,,7.94,4,,上市,113,340332,,,,,,,,1215089,,1215791,,,,,,,,,,1528596,,26825,5007996,6818357,1810361,1810361,281765,,1555421,,,,1215089,,,,,
,,7788,松川精密,,,54967,,,,,,,,,,6.95,4,,上市,113,151166,,,,,,,,496328,,551295,,,,,,504405,-8077,,,538527,,108967,4309981,5963714,1653733,1653733,1115206,,647494,,559389,-8094,496328,,,,,
,,7791,皇家可口,,,-44215,,,,,,,,,,5.34,4,,上市,113,66591,,,,,,,,376875,,332660,,,,,,377680,-805,,,323028,,120438,1698361,2668039,969678,969678,646650,,443466,,333369,-709,376875,,,,,
,,7795,長廣,,,-39949,,,,,,,,,,4.22,4,,上市,113,260786,,,,,,,,298754,,258805,,,,,,298754,,,,563618,,-4078,1238139,2233812,995673,995673,432055,,559540,,258805,,298754,,,,,
,,7799,禾榮科,,,,,,,,,,,,,-2.04,4,,上市,113,0,,,,,,,,-260077,,-260077,,,,,,,,,,-258996,,-1081,3587,0,-3587,-3587,255409,,-260077,,,,-260077,,,,,
,,7803,雲象科技-創,,,615,,,,,,,,,,-1.60,4,,上市,113,0,,,,,,,,-121750,,-121135,,,,,,-121750,,,,-136149,,14399,27247,100976,73729,73729,209878,,-121750,,-121135,,-121750,,,,,
,,7818,溢泰實業,,,313713,,,,,,,,,,8.12,4,,上市,113,348810,,,,,,,,1186447,,1500160,,,,,0,1186382,65,,,1270151,,265106,9016518,13142958,4126440,4126440,2856289,,1535257,0,1500095,65,1186447,,,,,
,,7821,神數,,,23911,,,,,,,,,,1.61,4,,上市,113,17779,,,,,,,,171102,,195013,,,,,,171102,,,,119427,,69454,5196216,6983065,1786849,1786849,1667422,,188881,,195013,,171102,,,,,
,,7822,倍利科,,,,,,,,,,,,,3.84,4,,上市,113,0,,,,,,,,148198,,148198,,,,,,148198,,,,144653,,3545,293134,721100,427966,427966,283313,,148198,,148198,,148198,,,,,
,,7823,奧義賽博-KY創,,,2448,,,,,,,,,,-0.10,4,,上市,113,7639,,,,,,,,-1838,,610,,,,,1479,-3317,,,,-16883,,22684,33662,300550,266888,266888,283771,,5801,1479,-869,,-1838,,,,,
,0,7827,漢康-KY創,,,-90668,,,,,,,,,,-20.36,4,,上市,113,,,,,,,,,-1354099,,-1444767,,,,,,-1354099,0,,,-952118,,-401981,,,,,952118,,-1354099,,-1444767,0,-1354099,,,,,
,,7835,永悅健康-創,,,-16996,,,,,,,,,,-3.51,4,,上市,113,883,,,,,,,,-145990,,-162986,,,,,,-145635,-355,,,-184726,,39619,261438,424783,163345,163345,348071,,-145107,,-163332,346,-145990,,,,,
,,7855,和運租車,,,76737,,,,,,,,,,5.14,4,,上市,113,344362,,,,,,,,917526,,994263,,,,,-84194,1074815,-73095,,,517397,,744491,25647020,29073752,3426732,3426732,2909335,,1261888,-84194,1151552,-73095,917526,,,,,
,,8011,台通,,,17973,,,,,,,,,,2.43,4,,上市,113,38122,,,,,,,,441437,,459410,,,,,,406789,34648,,,168115,,311444,2011452,2487299,475847,475847,307732,,479559,,424699,34711,441437,,,,,
,,8016,矽創,19822,,238924,,,,,,,,,,15.42,4,,上市,113,385639,,,,,,,,2452442,,2691366,,,,,,1848211,604231,,,2489929,,348152,11748213,17826505,6078292,6078292,3608185,,2838081,,2071112,620254,2452442,,,,,
,,8021,尖點,-3278,,207019,,,,,,,,,,1.45,4,,上市,113,79257,,,,,,,,212725,,419744,,,,,,206018,6707,,,278333,,13649,2613771,3541099,927328,927328,645717,,291982,,401587,18157,212725,,,,,
,,8028,昇陽半導體,,,0,,,,,,,,,,2.85,4,,上市,113,67043,,,,,,,,491902,,491902,,,,,,,,,,534673,,24272,2528305,3551607,1023302,1023302,488629,,558945,,,,491902,,,,,
,0,8033,雷虎,,,19949,,,,,,,,,,0.50,4,,上市,113,29508,,,,,,,,75688,,95637,,,,,,71759,3929,,,32916,,72280,716153,1245153,529000,529000,496084,,105196,,91688,3949,75688,,,,,
,,8039,台虹,,,610398,,,,,,,,,,2.53,4,,上市,113,168512,,,,,,,,532488,,1142886,,,,,,592776,-60288,,,662721,,38279,7800358,9938135,2137777,2137777,1475056,,701000,,1202714,-59828,532488,,,,,
,,8045,達運光電,,,27246,,,,,,,,,,2.45,4,,上市,113,36971,,,,,,,,202893,,230139,,,,,,201666,1227,,,185093,,54771,1148672,1736202,587530,587530,402437,,239864,,228907,1232,202893,,,,,
,,8046,南電,,,892630,,,,,,,,,,0.32,4,,上市,113,-40661,,,,,,,,203727,,1096357,,,,,,203727,,,,-1266656,,1429722,31925633,32283331,357698,357698,1624354,,163066,,1096357,,203727,,,,,
,,8070,長華*,,,1954416,,,,,,,,,,2.32,4,,上市,113,506754,,,,,,,,2519968,,4474384,,,,,,1592225,927743,,,1924736,,1101986,13726478,17231404,3504926,3504926,1580190,,3026722,,3213745,1260639,2519968,,,,,
,,8072,陞泰,,,3019,,,,,,,,,,1.25,4,,上市,113,25435,,,,,,,,110529,,113548,,,,,,100178,10351,,,9145,,126819,777253,938840,161587,161587,152442,,135964,,102908,10640,110529,,,,,
,,8081,致新,,,315649,,,,,,,,,,17.91,4,,上市,113,252880,,,,,,,,1576757,,1892406,,,,,,1535280,41477,,,1586441,,243196,4997281,8252664,3255383,3255383,1668942,,1829637,,1751524,140882,1576757,,,,,
,,8101,華冠,,,21240,,,,,,,,,,-3.27,4,,上市,113,8858,,,,,,,,-151645,,-130405,,,,,,-161193,9548,,,-160191,,17404,104159,146575,42416,42416,202607,,-142787,,-150495,20090,-151645,,,,,
,,8103,瀚荃,,,121663,,,,,,,,,,3.96,4,,上市,113,166830,,,,,,,,337622,,459285,,,,,,338508,-886,,,364648,,139804,2079718,3188144,1108426,1108426,743778,,504452,,453305,5980,337622,,,,,
,,8104,錸寶,,,-2069,,,,,,,,,,0.16,4,,上市,113,37326,,,,,,,,44576,,42507,,,,,,13701,30875,,,23324,,58578,1844763,2298512,453749,453749,430425,,81902,,10653,31854,44576,,,,,
,,8105,凌巨,,,39299,,,,,,,,,,0.15,4,,上市,113,31820,,,,,,,,67117,,106416,,,,,,67117,,,,-269954,,368891,8319398,8767126,447728,447728,717682,,98937,,106416,,67117,,,,,
,,8110,華東,,,-360374,,,,,,,,,,0.26,4,,上市,113,70050,,,,,,,,-27814,,-388188,,,,,,134269,-162083,,,79260,,-37024,7361293,7859456,498163,498163,418903,,42236,,-228799,-159389,-27814,,,,,
,,8112,至上,,,756756,,,,,,,,,,3.49,4,,上市,113,813586,,,,,,,,2148715,,2905471,,,,,,1871216,277499,,,5077432,,-2115131,229717373,237008313,7290940,7290940,2213508,,2962301,,2556301,349170,2148715,,,,,
,,8114,振樺電,,,273080,,,,,,,,,,12.55,4,,上市,113,650334,,,,,,3,,1927113,,2200193,,,,,,1039834,887279,,,2566007,,11440,7641565,13888925,6247360,6247357,3681350,,2577447,,1242275,957918,1927113,,,,,
,,8131,福懋科,,,-1402732,,,,,,,,,,2.04,4,,上市,113,205890,,,,,,,,900345,,-502387,,,,,,,,,,767913,,338322,7790003,8932564,1142561,1142561,374648,,1106235,,,,900345,,,,,
,,8150,南茂,99892,,109619,,,,,,,,,,1.95,4,,上市,113,227058,,,,,,,,1419995,,1529614,,,,,,1419995,,,,1273937,,373116,19751813,22695909,2944096,2944096,1770051,,1647053,,1529614,,1419995,,,,,
,,8162,微矽電子-創,,,3526,,,,,,,,,,1.28,4,,上市,113,6597,,,,,,,,87141,,90667,,,,,,,,,,38921,,54817,851787,1064152,212365,212365,173444,,93738,,,,87141,,,,,
,,8163,達方,,,-281319,,,,,,,,,,2.22,4,,上市,113,223482,,,,,,,,518414,,237095,,,,,,618567,-100153,,,573413,,168483,17714544,21700226,3985682,3985682,3412269,,741896,,384195,-147100,518414,,,,,
,,8201,無敵,,,7918,,,,,,,,,,-0.88,4,,上市,113,3189,,,,,,,,-54587,,-46669,,,,,,-54587,,,,-78483,,27085,376783,465529,88746,88746,167229,,-51398,,-46669,,-54587,,,,,
,,8210,勤誠,62017,,157416,,,,,,,,,,16.05,4,,上市,113,639177,,,,,,,,1971916,,2129332,,,,,,1933531,38385,,,2506276,,104817,10727398,14517185,3789787,3789787,1345528,,2611093,,2090947,38385,1971916,,,,,
,,8213,志超,,,737646,,,,,,,,,,2.75,4,,上市,113,265975,,,,,,,,723294,,1460940,,,,,,746262,-22968,,,866992,,122277,15520337,17707989,2187652,2187652,1320660,,989269,,1466656,-5716,723294,,,,,
,,8215,明基材,,,109866,,,,,,,,,,0.62,4,,上市,113,82126,,,,,,,,248909,,358775,,,,,,199206,49703,,,437294,,-106259,15225893,18588978,3363085,3363085,2925791,,331035,,303466,55309,248909,,,,,
,,8222,寶一,3000,,172,,,,,,,,,,1.49,4,,上市,113,439,,,,,,,,102088,,102260,,,,,,,,,,72506,,30021,638880,824132,185252,185252,115746,,102527,,,,102088,,,,,
,,8249,菱光,,,984082,,,,,,,,,,3.27,4,,上市,113,192390,,,,,,,,361271,,1345353,,,,,,361271,,,,481946,,71715,3341806,4200192,858386,858386,376440,,553661,,1345353,,361271,,,,,
,,8261,富鼎,,,-11930,,,,,,,,,,4.80,4,,上市,113,113807,,,,,,,,565960,,554030,,,,,,565220,740,,,473633,,206134,2084475,2918407,833932,833932,360299,,679767,,553370,660,565960,,,,,
,,8271,宇瞻,,,36143,,,,,,,,,,2.18,4,,上市,113,57062,,,,,,,,291950,,328093,,,,,,278956,12994,,,306911,,42101,6535954,7837159,1301205,1301205,994294,,349012,,315099,12994,291950,,,,,
,,8341,日友,,,90986,,,,,,,,,,3.69,4,,上市,113,113119,,,,,,,,558153,,649139,,,,,,480203,77950,,,717456,,-46184,2130056,3696692,1566636,1566636,849180,,671272,,569980,79159,558153,,,,,
,,8367,建新國際,,,524,,,,,,,,,,3.59,4,,上市,113,117261,,,,,,,,434953,,435477,,,,,,317178,117775,,,635791,,-83577,1931091,2896677,965586,965586,329795,,552214,,318672,116805,434953,,,,,
,,8374,羅昇,,,21036,,,,,,,,,,0.60,4,,上市,113,46116,,,,,,,,146187,,167223,,,,,,67390,78797,,,155757,,36546,2792789,3678183,885394,885394,729637,,192303,,87240,79983,146187,,,,,
,,8404,百和興業-KY,,,241721,,,,,,,,,,0.93,4,,上市,113,171606,,,,,,,,368347,,610068,,,,,,368319,28,,,998064,,-458111,4393492,7000097,2606605,2606605,1608541,,539953,,610027,41,368347,,,,,
,,8411,福貞-KY,,,185316,,,,,,,,,,-0.25,4,,上市,113,71099,,,,,,,,-51784,,133532,,,,,,-53916,2132,,,64854,,-45539,8148896,8954026,805130,805130,740276,,19315,,131410,2122,-51784,,,,,
,,8422,可寧衛*,,,-728,,,,,,,,,,10.70,4,,上市,113,313242,,,,,,,,1175149,,1174421,,,,,,1172133,3016,,,1438954,,49437,3141387,5168906,2027519,2027519,588565,,1488391,,1171405,3016,1175149,,,,,
,,8429,金麗-KY,,,199269,,,,,,,,,,-0.02,4,,上市,113,778,,,,,,,,-3353,,195916,,,,,,-3297,-56,,,-28357,,25782,110087,132576,22489,22489,50846,,-2575,,195972,-56,-3353,,,,,
,,8438,昶昕,,,23347,,,,,,,,,,2.21,4,,上市,113,62387,,,,,,,,154549,,177896,,,,,,154549,,,,197643,,19293,2927728,3406089,478361,478361,280718,,216936,,177896,,154549,,,,,
,,8442,威宏-KY,,,157427,,,,,,,,,,11.12,4,,上市,113,64713,,,,,,,,743686,,901113,,,,,,743686,,,,694831,,113568,6586038,8337428,1751390,1751390,1056559,,808399,,901113,,743686,,,,,
,,8443,阿瘦,,,-5691,,,,,,,,,,-0.73,4,,上市,113,0,,,,,,,,-48481,,-54172,,,,,,-48480,-1,,,-71520,,23039,515155,1136445,621290,621290,692810,,-48481,,-54171,-1,-48481,,,,,
,,8454,富邦媒,147035,,20885,,,,,,,,,,13.69,4,,上市,113,846568,,,,,,,,3454799,,3475684,,,,,,3454035,764,,,4302805,,-1438,102046245,112563635,10517390,10517390,6361620,,4301367,,3474894,790,3454799,,,,,
,,8462,柏文,,,0,,,,,,,,,,4.77,4,,上市,113,93983,,,,,,,,373970,,373970,,,,,,370371,3599,,,515399,,-47446,3677273,5122945,1445672,1445672,930273,,467953,,370371,3599,373970,,,,,
,,8463,潤泰材,,,77095,,,,,,,,,,1.25,4,,上市,113,74002,,,,,,,,338414,,415509,,,,,,187533,150881,,,433486,,-21070,5845109,6667704,822595,822595,389109,,412416,,250952,164557,338414,,,,,
,,8464,億豐,,,247973,,,,,,,,,,23.56,4,,上市,113,2358669,,,,,,,,7118479,,7366452,,,,,,6903073,215406,,,8367675,,1109473,12630101,29535209,16905108,16905108,8537433,,9477148,,7153932,212520,7118479,,,,,
,-7605,8466,美吉吉-KY,,,138394,,,,,,,,,,2.02,4,,上市,113,98968,,,,,,,,132143,,270537,,,,,,135185,-3042,,,197593,,41123,3215754,3861337,645583,645583,447990,,238716,,273535,-2998,139748,,,,,
,,8467,波力-KY,,,45781,,,,,,,,,,11.50,4,,上市,113,116526,,,,,,,,587811,,633592,,,,,,589618,-1807,,,589691,,114646,1459751,2470162,1010411,1010411,420720,,704337,,635494,-1902,587811,,,,,
,,8473,山林水,,,-19182,,,,,,,,,,0.97,4,,上市,113,122972,,,,,,,,310445,,291263,,,,,,167187,143258,,,508225,,-74808,2635185,3386878,751693,751693,243468,,433417,,147751,143512,310445,,,,,
,,8476,台境*,,,19908,,,,,,,,,,1.62,4,,上市,113,79351,,,,,,,,273467,,293375,,,,,,270059,3408,,,235712,,117106,1152112,1520598,368486,368486,132774,,352818,,289967,3408,273467,,,,,
,,8478,東哥遊艇,,,445128,,,,,,,,,,10.37,4,,上市,113,67864,,,,,,,,938073,,1383201,,,,,,938073,,,,948432,,57505,2828432,4943256,2114824,2114824,1166392,,1005937,,1383201,,938073,,,,,
,,8481,政伸,,,40983,,,,,,,,,,3.01,4,,上市,113,50430,,,,,,,,200675,,241658,,,,,,200675,,,,212241,,38864,610599,1124113,513514,513514,301273,,251105,,241658,,200675,,,,,
,,8482,商億-KY,,,208759,,,,,,,,,,4.36,4,,上市,113,69078,,,,,,,,471403,,680162,,,,,,468014,3389,,,437984,,102497,2423688,3695415,1271727,1271727,833743,,540481,,672236,7926,471403,,,,,
,,8487,愛爾達-創,,,177,,,,,,,,,,6.85,4,,上市,113,46386,,,,,,,,179399,,179576,,,,,,,,,,222351,,3434,1098296,1488522,390226,390226,167875,,225785,,,,179399,,,,,
,,8488,吉源-KY,,,123367,,,,,,,,,,-0.39,4,,上市,113,33779,,,,,,,,-28596,,94771,,,,,,-28596,,,,-75274,,80457,3159981,3323651,163670,163670,238944,,5183,,94771,,-28596,,,,,
,,8499,鼎炫-KY,,,543386,,,,,,,,,,11.14,4,,上市,113,146193,,,,,,,,596471,,1139857,,,,,,462229,134242,,,468363,,274301,1152719,2038533,885814,885814,417451,,742664,,848459,291398,596471,,,,,
,-7200,8926,台汽電,,,-5962,,,,,,,,,,1.85,4,32249,上市,113,80186,,,,,,,,1346776,,1340814,,,,,,1349638,-2862,,,435878,,998284,8351545,9132234,780689,812938,377060,,1434162,,1343676,-2862,1353976,,,,,
,,8940,新天地,0,,10784,,,,,,,,,,0.12,4,,上市,113,141288,,,,,,,,24470,,35254,,,,,,8273,16197,,,148111,,17647,830863,1696776,865913,865913,717802,,165758,,19057,16197,24470,,,,,
,,8996,高力,,,47507,,,,,,,,,,6.56,4,,上市,113,156865,,,,,,,,593044,,640551,,,,,,593044,,,,646557,,103352,2808590,4003440,1194850,1194850,548293,,749909,,640551,,593044,,,,,
,,9802,鈺齊-KY,,,424494,,,,,,,,,,7.23,4,,上市,113,366553,,,,,,,,1373846,,1798340,,,,,,1376460,-2614,,,1270943,,469456,11823935,14611471,2787536,2787536,1516593,,1740399,,1800978,-2638,1373846,,,,,
,,9902,台火,14,,,,,,,,,,,,0.58,4,,上市,113,2009,,,,,,,,57165,,57165,,,,,,56859,306,,,13237,,45937,195918,241915,45997,45997,32774,,59174,,56859,306,57165,,,,,
,,9904,寶成,,,6819448,,,,,,,,,,5.44,4,,上市,113,6289832,,,,,,,,23435902,,30255350,,,,,,16035591,7400311,,,15954237,,13771497,198642778,263817827,65175049,65175049,49220812,,29725734,,18141052,12114298,23435902,,,,,
,,9905,大華,,,302520,,,,,,,,,,1.63,4,,上市,113,166910,,,,,,,,492068,,794588,,,,,,498336,-6268,,,503659,,155319,7420352,8368090,947738,947738,444079,,658978,,792064,2524,492068,,,,,
,,9906,欣巴巴,,,,,,,,,,,,,6.55,4,,上市,113,153201,,,,,,,,571979,,571979,,,,,,571979,,,,786250,,-61070,3042325,4374612,1332287,1332287,546037,,725180,,571979,,571979,,,,,
,,9907,統一實,,,791413,,,,,,,,,,0.97,4,,上市,113,766663,,,,,,,,1461109,,2252522,,,,,,1532756,-71647,,,2230897,,-3125,39384395,44859298,5474903,5474903,3244006,,2227772,,2287917,-35395,1461109,,,,,
,,9908,大台北,-1930,,95136,,,,,,,,,,1.71,4,,上市,113,151051,,,,,,,,909220,,1004356,,,,,,856379,52841,,,462280,,597991,2568299,3317860,749561,749561,285351,,1060271,,924732,79624,909220,,,,,
,,9910,豐泰,,,2165363,,,,,,,,,,5.94,4,,上市,113,2316489,,,,,,,,6265557,,8430920,,,,,,5869538,396019,,,7391065,,1190981,67674019,87487470,19813451,19813451,12422386,,8582046,,7930644,500276,6265557,,,,,
,,9911,櫻花,,,101478,,,,,,,,,,5.94,4,,上市,113,334630,,,,,,,,1292120,,1393598,,,,,,1300674,-8554,,,1463603,,163147,6201887,9600869,3398982,3398982,1935379,,1626750,,1402152,-8554,1292120,,,,,
,,9912,偉聯,,,2864,,,,,,,,,,-0.98,4,,上市,113,-595,,,,,,,,-64369,,-61505,,,,,,-51645,-12724,,,-62342,,-2622,306711,504532,197821,197821,260163,,-64964,,-48781,-12724,-64369,,,,,
,,9914,美利達,,,978746,,,,,,,,,,-2.34,4,,上市,113,33516,,,,,,31581,,-766174,,212572,,,,,,-699103,-67071,,,3032975,,-3765633,24252901,29633132,5380231,5348650,2315675,,-732658,,271056,-58484,-766174,,,,,
,0,9917,中保科,,,-168149,,,,,,,,,,6.42,4,,上市,113,611238,,,,,,,,2893200,,2725051,,,,,,2845307,47893,,,2866194,,638244,12043548,17859305,5815757,5815757,2949563,,3504438,,2671386,53665,2893200,,,,,
,,9918,欣天然,,,11206,,,,,,,,,,2.23,4,,上市,113,70496,,,,,,,,397412,,408618,,,,,,397412,,,,320735,,147173,1401206,1992727,591521,591521,270786,,467908,,408618,,397412,,,,,
,,9919,康那香,,,106252,,,,,,,,,,-1.89,4,,上市,113,35344,,,,,,,,-368465,,-262213,,,,,,-368465,,,,-273643,,-59478,2595578,2937257,341679,341679,615322,,-333121,,-262213,,-368465,,,,,
,,9921,巨大,,,852754,,,,,,,,,,3.22,4,,上市,113,876918,,,,,,,,1480104,,2332858,,,,,,1264013,216091,,,1858485,,498537,57744734,71278772,13534038,13534038,11675553,,2357022,,1994808,338050,1480104,,,,,
,,9924,福興,,,151258,,,,,,,,,,4.83,4,,上市,113,306606,,,,,,,,916500,,1067758,,,,,,909515,6985,,,956944,,266162,6129586,8039380,1909794,1909794,952850,,1223106,,1070216,-2458,916500,,,,,
,,9925,新保,,,572303,,,,,,,,,,2.30,4,,上市,113,169248,,,,,,,,941686,,1513989,,,,,,885299,56387,,,794219,,316715,5121678,7845822,2724144,2724144,1929925,,1110934,,1432856,81133,941686,,,,,
,,9926,新海,4059,,96280,,,,,,,,,,2.64,4,,上市,113,101425,,,,,,,,474498,,570778,,,,,,474498,,,,462052,,113871,1702135,2332049,629914,629914,171921,,575923,,570778,,474498,,,,,
,,9927,泰銘,,,40731,,,,,,,,,,6.29,4,,上市,113,270334,,,,,,,,1055040,,1095771,,,,,,1052318,2722,,,962820,,362554,7324463,8553557,1229094,1229094,266274,,1325374,,1093091,2680,1055040,,,,,
,,9928,中視,,,-26636,,,,,,,,,,-0.57,4,,上市,113,1697,,,,,,,,-35217,,-61853,,,,,,-35217,0,,,-73929,,40409,789922,899627,109705,109705,183634,,-33520,,-61853,0,-35217,,,,,
,,9929,秋雨,,,25485,,,,,,,,,,-0.14,4,,上市,113,-511,,,,,,,,-24434,,1051,,,,,,-13859,-10575,,,-15083,,-9862,588430,654870,66440,66440,81523,,-24945,,11626,-10575,-24434,,,,,
,,9930,中聯資源,,,-56452,,,,,,,,,,4.66,4,,上市,113,285403,,,,,,,,1183189,,1126737,,,,,,1159134,24055,,,1474823,,-6231,11293607,13290553,1996946,1996946,522123,,1468592,,1100815,25922,1183189,,,,,
,,9931,欣高,,,191341,,,,,,,,,,2.86,4,,上市,113,65757,,,,,,,,359552,,550893,,,,,,344134,15418,,,296303,,129006,1528160,1948285,420125,420125,123822,,425309,,529625,21268,359552,,,,,
,,9933,中鼎,,,284185,,,,,,,,,,2.43,4,,上市,113,1444724,,,,,,,,2934916,,3219101,,,,,,1942383,992533,,,4330509,,49131,113326658,119924617,6597959,6597959,2267450,,4379640,,2195665,1023436,2934916,,,,,
,,9934,成霖,,,489743,,,,,,,,,,1.15,4,,上市,113,167826,,,,,,,,470013,,959756,,,,,,470013,0,,,583353,,54486,11984959,18161444,6176485,6176485,5593132,,637839,,959756,0,470013,,,,,
,,9935,慶豐富,,,76143,,,,,,,,,,2.39,4,,上市,113,130779,,,,,,,,415463,,491606,,,,,,415463,,,,566928,,-20686,4085112,5399082,1313970,1313970,747042,,546242,,491606,,415463,,,,,
,,9937,全國,,,62296,,,,,,,,,,2.39,4,,上市,113,183758,,,,,,,,738095,,800391,,,,,,738095,0,,,779799,,142054,21261291,24033254,2771963,2771963,1992164,,921853,,800391,0,738095,,,,,
,,9938,百和,,,606399,,,,,,,,,,4.75,4,,上市,113,685241,,,,,,,,1598451,,2204850,,,,,,1416141,182310,,,2756797,,-473105,9816730,15458568,5641838,5641838,2885041,,2283692,,1930653,274197,1598451,,,,,
,,9939,宏全,,,923542,,,,,,,,,,9.80,4,,上市,113,691392,,,,,,,,2959499,,3883041,,,,,,2833665,125834,,,3545059,,105832,22142337,28408164,6265827,6265827,2720768,,3650891,,3745003,138038,2959499,,,,,
,,9940,信義,,,817204,,,,,,,,,,2.42,4,,上市,113,407286,,,,,,,,1806563,,2623767,,,,,,1784390,22173,,,1797729,,416120,9123883,12781951,3658068,3658068,1860339,,2213849,,2601090,22677,1806563,,,,,
,,9941,裕融,,,670463,,,,,,,,,,8.88,4,,上市,113,1840019,,,,,,,,5093190,,5763653,,,,,,5102489,-9299,,,6293612,,639597,21333742,41471247,20137505,20137505,13843893,,6933209,,5672027,91626,5093190,,,,,
,,9942,茂順,,,76204,,,,,,,,,,8.67,4,436,上市,113,317060,,,,,,,,720825,,797029,,,,,,720814,11,,,979332,,58553,2342050,3923456,1581406,1581842,602510,,1037885,,796853,176,720825,,,,,
,,9943,好樂迪,,,10689,,,,,,,,,,7.74,4,,上市,113,109164,,,,,,,,662753,,673442,,,,,,654866,7887,,,459259,,312658,1253367,2602683,1349316,1349316,890057,,771917,,665555,7887,662753,,,,,
,,9944,新麗,,,154865,,,,,,,,,,0.05,4,,上市,113,75630,,,,,,,,28679,,183544,,,,,,5258,23421,,,105293,,-984,1622778,2313098,690320,690320,585027,,104309,,155458,28086,28679,,,,,
,,9945,潤泰新,,,-5199080,,,,,,,,,,6.07,4,,上市,113,2505020,,,,,,,,19904817,,14705737,,,,,,16562974,3341843,,,6296427,,16113410,23202429,31817184,8614755,8614755,2318328,,22409837,,11052644,3653093,19904817,,,,,
,,9946,三發地產,,,82681,,,,,,,,,,1.15,4,,上市,113,97546,,,,,,,,375316,,457997,,,,,,375316,,,,461323,,11539,1315779,2030854,715075,715075,253752,,472862,,457997,,375316,,,,,
,,9955,佳龍,,,3600,,,,,,,,,,-1.58,4,,上市,113,0,,,,,,,,-163225,,-159625,,,,,,-163225,0,,,-134670,,-28555,1193878,1195465,1587,1587,136257,,-163225,,-159625,0,-163225,,,,,
,,9958,世紀鋼,,,218547,,,,,,,,,,6.93,4,,上市,113,574186,,,,,,,,2359872,,2578419,,,,,,1759165,600707,,,2971348,,-37290,8958097,12474553,3516456,3516456,545108,,2934058,,1969968,608451,2359872,,,,,
