保險負債準備淨變動,停業單位損益,公司代號,公司名稱,其他收益及費損淨額,其他綜合損益,其他綜合損益（淨額）,其他綜合損益（稅後淨額）,其他綜合損益（稅後）,利息以外淨損益,利息以外淨收益,利息淨收益,原始認列生物資產及農產品之利益（損失）,合併前非屬共同控制股權損益,合併前非屬共同控制股權綜合損益淨額,呆帳費用、承諾及保證責任準備提存,基本每股盈餘（元）,季別,已實現銷貨（損）益,市場,年度,所得稅費用（利益）,所得稅（費用）利益,支出,支出及費用,收入,收益,未實現銷貨（損）益,本期其他綜合損益（稅後淨額）,本期淨利（淨損）,本期稅後淨利（淨損）,本期綜合損益總額,本期綜合損益總額（稅後）,淨利（損）歸屬於共同控制下前手權益,淨利（損）歸屬於母公司業主,淨利（損）歸屬於非控制權益,淨利（淨損）歸屬於共同控制下前手權益,淨利（淨損）歸屬於母公司業主,淨利（淨損）歸屬於非控制權益,淨收益,營業利益,營業利益（損失）,營業外損益,營業外收入及支出,營業成本,營業收入,營業毛利（毛損）,營業毛利（毛損）淨額,營業費用,生物資產當期公允價值減出售成本之變動利益（損失）,稅前淨利（淨損）,綜合損益總額歸屬於共同控制下前手權益,綜合損益總額歸屬於母公司業主,綜合損益總額歸屬於非控制權益,繼續營業單位本期淨利（淨損）,繼續營業單位本期稅後淨利（淨損）,繼續營業單位本期純益（純損）,繼續營業單位稅前損益,繼續營業單位稅前淨利（淨損）,繼續營業單位稅前純益（純損）
,,1101,台泥,,,-5655220,,,,,,,,,,-1.28,3,,上市,114,3240807,,,,,,,,-10286629,,-15941849,,,,,,-9239402,-1047227,,,8555982,,-15601804,89293046,109377581,20084535,20084535,11528553,,-7045822,,-15754356,-187493,-10286629,,,,,
,,1102,亞泥,,,-9011399,,,,,,,,,,2.42,3,,上市,114,1664903,,,,,,,,8354409,,-656990,,,,,,8085148,269261,,,6608114,,3411198,44417773,53149015,8731242,8731242,2123128,,10019312,,484241,-1141231,8354409,,,,,
,,1103,嘉泥,,,-2854947,,,,,,,,,,0.73,3,,上市,114,-3506,,,,,,,,492849,,-2362098,,,,,,478867,13982,,,-37631,,526974,1882321,2244681,362360,362360,399991,,489343,,-2260667,-101431,492849,,,,,
,,1104,環泥,,,-506021,,,,,,,,,,1.80,3,,上市,114,165011,,,,,,,,1271031,,765010,,,,,,1236838,34193,,,812429,,623613,4565941,5783017,1217076,1217076,404647,,1436042,,730741,34269,1271031,,,,,
,,1108,幸福,563393,,-8866,,,,,,,,,,2.02,3,,上市,114,210140,,,,,,,,815944,,807078,,,,,,815944,,,,1039062,,-12978,2715003,3425383,710380,710380,234711,,1026084,,807078,,815944,,,,,
,,1109,信大,,,-215061,,,,,,,,,,0.80,3,,上市,114,115395,,,,,,,,305045,,89984,,,,,,271774,33271,,,332184,,88256,2767441,3312269,544828,544828,212644,,420440,,128686,-38702,305045,,,,,
,,1110,東泥,,,30705,,,,,,,,,,0.29,3,,上市,114,41789,,,,,,,,195716,,226421,,,,,,163944,31772,,,189994,,47511,1822223,2142289,320066,320066,130072,,237505,,194721,31700,195716,,,,,
,,1201,味全,,,-206729,,,,,,,,,,0.43,3,,上市,114,141378,,,,,,,,216608,,9879,,,,,,215859,749,,,373072,,-15086,12158273,16717790,4559517,4559517,4186445,,357986,,9130,749,216608,,,,,
,,1203,味王,,,-102607,,,,,,,,,,1.28,3,,上市,114,199186,,,,,,,,520326,,417719,,,,,,303103,217223,,,746280,,-26768,2816008,4337935,1521927,1521927,775647,,719512,,210976,206743,520326,,,,,
,,1210,大成,,,-1355466,,,,,,,,,,2.67,3,,上市,114,848791,,,,,,,,2702423,,1346957,,,,,,2235774,466649,,,3422908,,128306,64196717,75015426,10818709,10818709,7395801,,3551214,,1453195,-106238,2702423,,,,,
,0,1213,大飲,,,-15,,,,,,,,,,-0.65,3,,上市,114,4739,,,,,,,,-36849,,-36864,,,,,,-36849,,,,-34205,,2095,231592,226784,-4808,-4808,29397,,-32110,,-36864,,-36849,,,,,
,,1215,卜蜂,42726,,-100607,,,,,,,,,,7.94,3,,上市,114,615269,,,,,,,,2348079,,2247472,,,,,,2340212,7867,,,2840755,,122593,16347614,20852147,4504533,4504533,1706504,,2963348,,2239601,7871,2348079,,,,,
,,1216,統一,,,-8365244,,,,,,,,,,2.93,3,,上市,114,9539974,,,,,,,,26254178,,17888934,,,,,,16664597,9589581,,,30786598,,5007554,342625009,515163655,172538646,172538646,141752048,,35794152,,9555906,8333028,26254178,,,,,
,,1217,愛之味,,,-5460,,,,,,,,,,0.31,3,,上市,114,16187,,,,,,,,163642,,158182,,,,,,154461,9181,,,108895,,70934,2918126,4032264,1114138,1114138,1005243,,179829,,160086,-1904,163642,,,,,
,,1218,泰山,,,13554,,,,,,,,,,1.07,3,554,上市,114,10340,,,,,,339,,520275,,533829,,,,,,519788,487,,,357996,,172619,6346276,7732301,1386025,1386240,1028244,,530615,,534928,-1099,520275,,,,,
,,1219,福壽,,,-6281,,,,,,,,,,0.25,3,396,上市,114,2495,,,,,,-184,,-34601,,-40882,,,,,,85505,-120106,,,-38302,,6196,9738263,10596846,861436,862016,900318,2853,-32106,,80271,-121153,-34601,,,,,
,,1220,台榮,,,-496,,,,,,,,,,0.13,3,,上市,114,15397,,,,,,,,42814,,42318,,,,,,22519,20295,,,37597,,20614,2130580,2405232,274652,274652,237055,,58211,,22342,19976,42814,,,,,
,,1225,福懋油,0,,-5079,,,,,,46358,,,,1.12,3,,上市,114,78948,,,,,,-2008,,323052,,317973,,,,,,271840,51212,,,362645,,39355,8204627,8999764,841495,843503,480858,,402000,,266761,51212,323052,,,,,
,,1227,佳格,,,-135737,,,,,,,,,,0.94,3,,上市,114,260273,,,,,,,,869604,,733867,,,,,,850362,19242,,,1006602,,123275,15224482,20336366,5111884,5111884,4105282,,1129877,,717076,16791,869604,,,,,
,,1229,聯華,,,3958111,,,,,,,,,,2.00,3,,上市,114,300846,,,,,,,,4378391,,8336502,,,,,,3585854,792537,,,1620041,,3059196,7162711,9763221,2600510,2600510,980469,,4679237,,7001404,1335098,4378391,,,,,
,,1231,聯華食,,,-11335,,,,,,,,,,2.24,3,,上市,114,141627,,,,,,,,668461,,657126,,,,,,668586,-125,,,724729,,85359,7605813,9486468,1880655,1880655,1155926,,810088,,658071,-945,668461,,,,,
,,1232,大統益,,,4994,,,,,,,,,,5.84,3,,上市,114,248242,,,,,,,,981257,,986251,,,,,,933556,47701,,,1203365,,26134,13752067,15836433,2084366,2084366,881001,,1229499,,938550,47701,981257,,,,,
,,1233,天仁,,,-86110,,,,,,,,,,0.55,3,,上市,114,9036,,,,,,,,49643,,-36467,,,,,,49858,-215,,,53632,,5047,646549,1599940,953391,953391,899759,,58679,,-36210,-257,49643,,,,,
,,1234,黑松,,,-9577,,,,,,,,,,1.57,3,,上市,114,155587,,,,,,,,631629,,622052,,,,,,631629,,,,296773,,490443,5194134,7308375,2114241,2114241,1817468,,787216,,622052,,631629,,,,,
,,1235,興泰,,,-554018,,,,,,,,,,0.59,3,,上市,114,6051,,,,,,,,18804,,-535214,,,,,,71989,-53185,,,4924,,19931,86655,119659,33004,33004,28080,,24855,,-389845,-145369,18804,,,,,
,,1236,宏亞,,,24802,,,,,,,,,,-0.23,3,,上市,114,5808,,,,,,,,-19677,,5125,,,,,,-19677,,,,-22680,,8811,1026412,1378074,351662,351662,374342,,-13869,,5125,,-19677,,,,,
,,1256,鮮活果汁-KY,,,-157707,,,,,,,,,,9.32,3,,上市,114,134574,,,,,,,,315537,,157830,,,,,,315380,157,,,435814,,14297,2315452,3241472,926020,926020,490206,,450111,,158111,-281,315537,,,,,
,,1301,台塑,,,13153919,,,,,,,,,,-1.13,3,,上市,114,-153403,,,,,,,,-7177387,,5976532,,,,,,-7177387,,,,-5138961,,-2191829,129683090,134307258,4624168,4624168,9763129,,-7330790,,5976532,,-7177387,,,,,
,,1303,南亞,,,-12098046,,,,,,,,,,-0.05,3,,上市,114,852148,,,,,,-6444,,-237090,,-12335136,,,,,,-406808,169718,,,2374369,,-1759311,179822347,195445091,15622744,15629188,13254819,,615058,,-12127939,-207197,-237090,,,,,
,,1304,台聚,,,-926709,,,,,,,,,,-1.85,3,,上市,114,-528051,,,,,,,,-4488177,,-5414886,,,,,,-1982204,-2505973,,,-2223916,,-2792312,33410151,34227460,817309,817309,3041225,,-5016228,,-2465634,-2949252,-4488177,,,,,
,,1305,華夏,,,-37777,,,,,,,,,,-1.34,3,,上市,114,-336239,,,,,,,,-834145,,-871922,,,,,,-777335,-56810,,,-1071301,,-99083,7747248,7385398,-361850,-361850,709451,,-1170384,,-815082,-56840,-834145,,,,,
,,1307,三芳,,,-581615,,,,,,,,,,2.01,3,,上市,114,255251,,,,,,,,798718,,217103,,,,,,798718,,,,1192083,,-138114,5648838,8251584,2602746,2602746,1410663,,1053969,,217103,,798718,,,,,
,,1308,亞聚,,,-194904,,,,,,,,,,-1.16,3,,上市,114,-3278,,,,,,,,-685986,,-880890,,,,,,-685986,,,,-28676,,-660588,4182798,4340671,157873,157873,186549,,-689264,,-880890,,-685986,,,,,
,,1309,台達化,,,-177171,,,,,,,,,,-0.93,3,,上市,114,-72854,,,,,,,,-370840,,-548011,,,,,,-370840,,,,-302168,,-141526,10981453,11474808,493355,493355,795523,,-443694,,-548011,,-370840,,,,,
,,1310,台苯,,,125431,,,,,,,,,,-0.94,3,,上市,114,-39507,,,,,,,,-496860,,-371429,,,,,,-496618,-242,,,-546385,,10018,7376121,6960168,-415953,-415953,130432,,-536367,,-371184,-245,-496860,,,,,
,,1312,國喬,,,-1490618,,,,,,,,,,-2.86,3,,上市,114,-143558,,,,,,,,-3259201,,-4749819,,,,,,-3159907,-99294,,,-2996910,,-405849,17041703,15848483,-1193220,-1193220,1803690,,-3402759,,-4514769,-235050,-3259201,,,,,
,,1313,聯成,,,1172562,,,,,,,,,,-0.56,3,,上市,114,47332,,,,,,,,-743756,,428806,,,,,,-743756,,,,-939457,,243033,43169236,44121423,952187,952187,1891644,,-696424,,428806,,-743756,,,,,
,-227202,1314,中石化,,,-696829,,,,,,,,,,-0.75,3,,上市,114,11247,,,,,,,,-2853730,,-3550559,,,,,,-2839481,-14249,,,-2436286,,-178995,16956992,15851243,-1105749,-1105749,1330537,,-2615281,,-3536058,-14501,-2626528,,,,,
,,1315,達新,,,349840,,,,,,,,,,0.99,3,,上市,114,-22964,,,,,,,,97528,,447368,,,,,,94175,3353,,,-45895,,120459,1521384,1748417,227033,227033,272928,,74564,,445596,1772,97528,,,,,
,,1316,上曜,,,-2496,,,,,,,,,,-0.74,3,,上市,114,331880,,,,,,,,-20081,,-22577,,,,,,-241847,221766,,,352402,,-40603,1590300,2821272,1230972,1230972,878570,,311799,,-243252,220675,-20081,,,,,
,,1319,東陽,,,-349569,,,,,,,,,,4.36,3,,上市,114,605438,,,,,,,,2656525,,2306956,,,,,,2579591,76934,,,3426436,,-164473,12350750,18586567,6235817,6235817,2809381,,3261963,,2247941,59015,2656525,,,,,
,,1321,大洋,,,-4141,,,,,,,,,,-0.74,3,,上市,114,82087,,,,,,,,-162420,,-166561,,,,,,-162420,,,,-68198,,-12135,2542876,2742892,200016,200016,268214,,-80333,,-166561,,-162420,,,,,
,,1323,永裕,,,-125303,,,,,,,,,,0.06,3,,上市,114,6960,,,,,,,,5303,,-120000,,,,,,5303,0,,,-9118,,21381,1330749,1525301,194552,194552,203670,,12263,,-120000,0,5303,,,,,
,,1324,地球,,,-8278,,,,,,,,,,-0.66,3,,上市,114,580,,,,,,,,-49892,,-58170,,,,,,-49892,,,,-50462,,1150,472127,552240,80113,80113,130575,,-49312,,-58170,,-49892,,,,,
,,1325,恆大,,,-20359,,,,,,,,,,-0.65,3,,上市,114,-12557,,,,,,,,-57553,,-77912,,,,,,-55050,-2503,,,-68408,,-1702,262347,227957,-34390,-34390,34018,,-70110,,-70517,-7395,-57553,,,,,
,,1326,台化,,,16342662,,,,,,,,,,-0.94,3,,上市,114,255545,,,,,,,,-5422381,,10920281,,,,,,-5501944,79563,,,-3181371,,-1985465,215335696,222032935,6697239,6697239,9878610,,-5166836,,10548241,372040,-5422381,,,,,
,,1337,再生-KY,,,-187546,,,,,,,,,,-1.24,3,,上市,114,0,,,,,,,,-332274,,-519820,,,,,,-332274,0,,,-295652,,-36622,593348,502010,-91338,-91338,204314,,-332274,,-519820,0,-332274,,,,,
,,1338,廣華-KY,,,-193992,,,,,,,,,,-2.00,3,,上市,114,21114,,,,,,,,-145455,,-339447,,,,,,-163232,17777,,,-26524,,-97817,2960831,3884458,923627,923627,950151,,-124341,,-373224,33777,-145455,,,,,
,,1339,昭輝,,,-55180,,,,,,,,,,1.12,3,,上市,114,49742,,,,,,,,76503,,21323,,,,,,83369,-6866,,,222887,,-96642,839367,1289672,450305,450305,227418,,126245,,33428,-12105,76503,,,,,
,-35363,1340,勝悅-KY,,,-138325,,,,,,,,,,-0.95,3,,上市,114,0,,,,,,,,-145155,,-283480,,,,,,-145155,,,,-103839,,-5953,57734,32737,-24997,-24997,78842,,-109792,,-283480,,-109792,,,,,
,,1341,富林-KY,,,-117339,,,,,,,,,,2.32,3,,上市,114,46430,,,,,,,,122837,,5498,,,,,,122837,,,,193604,,-24337,1456097,1878778,422681,422681,229077,,169267,,5498,,122837,,,,,
,,1342,八貫,,,,,,,,,,,,,4.02,3,,上市,114,67261,,,,,,,,316503,,316503,,,,,,,,,,388776,,-5012,1526959,2099531,572572,572572,183796,,383764,,,,316503,,,,,
,,1402,遠東新,870524,,-8417317,,,,,,,,,,1.08,3,278,上市,114,4073632,,,,,,,,12089218,,3671901,,,,,,5423996,6665222,,,13739879,,2422971,146677933,185299985,38622052,38622330,25752975,,16162850,,-1948962,5620863,12089218,,,,,
,,1409,新纖,,1111488,,,,,,,,,,,0.97,3,,上市,114,170214,,28305974,,30439401,,,,1963213,,3074701,,,,,,1560373,402840,,,,,,,,,,,,,,2637950,436751,1963213,,,,2133427,
,,1410,南染,,,-435,,,,,,,,,,0.41,3,,上市,114,14822,,,,,,,,19130,,18695,,,,,,25811,-6681,,,-8058,,42010,101792,142707,40915,40915,48973,,33952,,25376,-6681,19130,,,,,
,,1413,宏洲,0,,0,,,,,,,,,,0.43,3,,上市,114,6851,,,,,,,,56344,,56344,,,,,,,,,,63977,,-782,1561596,1662012,100416,100416,36439,,63195,,,,56344,,,,,
,,1414,東和,,,-33430,,,,,,,,,,0.12,3,,上市,114,3118,,,,,,,,25949,,-7481,,,,,0,25949,0,,,-12009,,41076,314542,358862,44320,44320,56329,,29067,0,-7481,0,25949,,,,,
,,1416,廣豐,,,-105432,,,,,,,,,,0.65,3,,上市,114,7034,,,,,,,,127995,,22563,,,,,,119646,8349,,,-12426,,147455,165987,249114,83127,83127,95553,,135029,,14214,8349,127995,,,,,
,,1417,嘉裕,,,3444,,,,,,,,,,0.18,3,,上市,114,103,,,,,,,,33859,,37303,,,,,,33859,,,,-43354,,77316,112868,237471,124603,124603,167957,,33962,,37303,,33859,,,,,
,,1418,東華,-117,,-966,,,,,,,,,,-2.24,3,,上市,114,0,,,,,,,,-121481,,-122447,,,,,,-121479,-2,,,-57690,,-63791,3103,3602,499,499,58072,,-121481,,-122445,-2,-121481,,,,,
,,1419,新紡,,,1190987,,,,,,,,,,3.37,3,,上市,114,51803,,,,,,,,1009439,,2200426,,,,,,1009439,0,,,273387,,787855,2397869,3253891,856022,856022,582635,,1061242,,2200426,0,1009439,,,,,
,,1423,利華,,,380580,,,,,,,,,,4.06,3,,上市,114,-7674,,,,,,,,404565,,785145,,,,,,,,,,-53615,,450506,75945,67241,-8704,-8704,44911,,396891,,,,404565,,,,,
,,1432,大魯閣,,,13380,,,,,,,,,,-0.36,3,,上市,114,0,,,,,,,,-49399,,-36019,,,,,,-38880,-10519,,,-17048,,-32351,579828,1026616,446788,446788,463836,,-49399,,-25500,-10519,-49399,,,,,
,,1434,福懋,,,1558446,,,,,,,,,,0.29,3,,上市,114,141747,,,,,,,,484524,,2042970,,,,,,484524,0,,,645025,,-18754,19013289,21439086,2425797,2425797,1780772,,626271,,2042970,0,484524,,,,,
,,1435,中福,,,-997,,,,,,,,,,-0.26,3,,上市,114,0,,,,,,0,,-35838,,-36835,,,,,,,,,,-39112,,3274,1584,4486,2902,2902,42014,,-35838,,,,-35838,,,,,
,,1436,華友聯,,,3466,,,,,,,,,,6.01,3,,上市,114,300106,,,,,,,,1050022,,1053488,,,,,,1056423,-6401,,,1487241,,-137113,1843601,3692164,1848563,1848563,361322,,1350128,,1059889,-6401,1050022,,,,,
,,1437,勤益控,,,-155228,,,,,,,,,,1.60,3,,上市,114,63619,,,,,,,,324859,,169631,,,,,,324691,168,,,321711,,66767,296968,693376,396408,396408,74697,,388478,,169463,168,324859,,,,,
,,1438,三地開發,,,-2446,,,,,,,,,,-0.90,3,0,上市,114,0,,,,,,0,,-99602,,-102048,,,,,,,,,,-19893,,-79709,11885,20616,8731,8731,28624,,-99602,,,,-99602,,,,,
,,1439,雋揚,,,-87847,,,,,,,,,,2.09,3,,上市,114,5389,,,,,,,,193764,,105917,,,,,,192351,1413,,,81623,,117530,373584,515905,142321,142321,60698,,199153,,104504,1413,193764,,,,,
,,1440,南紡,,,-1165664,,,,,,,,,,-0.04,3,,上市,114,-121356,,,,,,,,-24453,,-1190117,,,,,,-66103,41650,,,-433542,,287733,10332459,11143876,811417,811417,1244959,,-145809,,-1196479,6362,-24453,,,,,
,,1441,大東,,,-68069,,,,,,,,,,-0.26,3,,上市,114,-169,,,,,,,,-19099,,-87168,,,,,,-18598,-501,,,-10052,,-9216,1034917,1138089,103172,103172,113224,,-19268,,-86667,-501,-19099,,,,,
,,1442,名軒,,,254,,,,,,,,,,2.49,3,,上市,114,164140,,,,,,,,912016,,912270,,,,,,912016,,,,1074238,,1918,1377010,2694899,1317889,1317889,243651,,1076156,,912270,,912016,,,,,
,,1443,立益物流,,,89547,,,,,,,,,,0.52,3,,上市,114,12341,,,,,,,,62256,,151803,,,,,,70981,-8725,,,271487,,-196890,384852,751410,366558,366558,95071,,74597,,126277,25526,62256,,,,,
,,1444,力麗,,,-492694,,,,,,,,,,-0.68,3,3419,上市,114,-83541,,,,,,,,-770126,,-1262820,,,,,,-675299,-94827,,,-329792,,-523875,5237171,5336567,99396,102815,432607,,-853667,,-1094705,-168115,-770126,,,,,
,,1445,大宇,,,22395,,,,,,,,,,-0.56,3,,上市,114,15813,,,,,,,,-73791,,-51396,,,,,0,-73791,0,,,-46635,,-11343,504667,579169,74502,74502,121137,,-57978,0,-51396,0,-73791,,,,,
,,1446,宏和,,,50510,,,,,,,,,,2.05,3,,上市,114,11561,,,,,,,,281635,,332145,,,,,,281635,,,,355780,,-62584,525222,987854,462632,462632,106852,,293196,,332145,,281635,,,,,
,,1447,力鵬,,,-617236,,,,,,,,,,-0.61,3,,上市,114,-108363,,,,,,-113,,-525921,,-1143157,,,,,,-531880,5959,,,-461039,,-173245,21067717,21160683,92966,93079,554118,,-634284,,-1014658,-128499,-525921,,,,,
,,1449,佳和,,,74756,,,,,,,,,,-0.28,3,,上市,114,35641,,,,,,,,-24305,,50451,,,,,,-30139,5834,,,-64596,,75932,1564532,1805667,241135,241135,305731,,11336,,44283,6168,-24305,,,,,
,,1451,年興,,,25657,,,,,,,,,,1.45,3,,上市,114,39407,,,,,,,,286716,,312373,,,,,,286716,,,,61137,,264986,4174111,4687148,513037,513037,451900,,326123,,312373,,286716,,,,,
,,1452,宏益,,,3652,,,,,,,,,,-0.34,3,,上市,114,172,,,,,,,,-44887,,-41235,,,,,,-44887,,,,-44358,,-357,1022126,1047294,25168,25168,69526,,-44715,,-41235,,-44887,,,,,
,,1453,大將,,,,,,,,,,,,,0.05,3,,上市,114,0,,,,,,,,5287,,5287,,,,,,5227,60,,,-24125,,29412,501,1078,577,577,24702,,5287,,5227,60,5287,,,,,
,,1454,台富,-564,,-19603,,,,,,,,,,-0.70,3,,上市,114,-18692,,,,,,,,-85360,,-104963,,,,,,-85359,-1,,,-86882,,-17170,1147145,1179294,32149,32149,118467,,-104052,,-104962,-1,-85360,,,,,
,,1455,集盛,,,-6676,,,,,,,,,,-0.66,3,,上市,114,-67624,,,,,,,,-351182,,-357858,,,,,,-351182,,,,-379340,,-39466,5107441,4987231,-120210,-120210,259130,,-418806,,-357858,,-351182,,,,,
,,1456,怡華,1990,,,,,,,,,,,,-0.90,3,,上市,114,2088,,,,,,,,-84456,,-84456,,,,,,-84456,,,,133909,,-216277,395652,621617,225965,225965,94046,,-82368,,-84456,,-84456,,,,,
,,1457,宜進,272225,,-46309,,,,,,,,,,0.44,3,,上市,114,62468,,,,,,,,236679,,190370,,,,,,101723,134956,,,385636,,-86489,2098046,2341581,243535,243535,130124,,299147,,61843,128527,236679,,,,,
,-186233,1459,聯發,,,-53182,,,,,,,,,,0.60,3,,上市,114,-504,,,,,,,,187453,,134271,,,,,,189720,-2267,,,34840,,338342,718186,817505,99319,99319,64479,,373182,,136798,-2527,373686,,,,,
,,1460,宏遠,-3533,,-171492,,,,,,,,,,-0.27,3,,上市,114,42653,,,,,,,,-182400,,-353892,,,,,,-182399,-1,,,-95450,,-44297,4680454,5467849,787395,787395,879312,,-139747,,-353891,-1,-182400,,,,,
,,1463,強盛新,,,-41039,,,,,,,,,,0.78,3,,上市,114,50739,,,,,,,,159812,,118773,,,,,,132350,27462,,,109242,,101309,576345,743017,166672,166672,57430,,210551,,91639,27134,159812,,,,,
,,1464,得力,21806,,-500508,,,,,,,,,,0.03,3,,上市,114,134759,,,,,,,,-94856,,-595364,,,,,,13463,-108319,,,280908,,-241005,7532577,9334625,1802048,1802048,1542946,,39903,,-446906,-148458,-94856,,,,,
,,1465,偉全,,,,,,,,,,,,,-0.51,3,,上市,114,-34875,,,,,,,,-53337,,-53337,,,,,,,,,,-49859,,-38353,287755,278425,-9330,-9330,40529,,-88212,,,,-53337,,,,,
,,1466,聚隆,,,-5669,,,,,,,,,,-0.61,3,,上市,114,-7681,,,,,,,,-63505,,-69174,,,,,,-68024,4519,,,-26703,,-44483,1770648,1942707,172059,172059,198762,,-71186,,-73693,4519,-63505,,,,,
,,1467,南緯,,,7140,,,,,,,,,,-0.79,3,,上市,114,57927,,,,,,,,-194760,,-187620,,,,,,-183917,-10843,,,-26620,,-110213,3175562,3863265,687703,687703,714323,,-136833,,-178598,-9022,-194760,,,,,
,,1468,昶和,,,-31406,,,,,,,,,,-0.04,3,,上市,114,-2617,,,,,,,,-6888,,-38294,,,,,,-7149,261,,,-6653,,-2852,573065,646259,73194,73194,79847,,-9505,,-33994,-4300,-6888,,,,,
,,1470,大統新創,12,,-879,,,,,,,,,,0.32,3,,上市,114,5698,,,,,,,,27506,,26627,,,,,,27506,,,,45421,,-12217,462015,592388,130373,130373,84964,,33204,,26627,,27506,,,,,
,,1471,首利,,,-24896,,,,,,,,,,-0.05,3,,上市,114,-31,,,,,,,,-7812,,-32708,,,,,,-7772,-40,,,-71015,,63172,135041,148660,13619,13619,84634,,-7843,,-29205,-3503,-7812,,,,,
,,1472,三洋實業,,,6701,,,,,,,,,,5.10,3,,上市,114,46369,,,,,,,,267652,,274353,,,,,,267652,,,,310230,,3791,2316646,2727820,411174,411174,100944,,314021,,274353,,267652,,,,,
,,1473,台南,,,-216239,,,,,,,,,,0.77,3,,上市,114,36318,,,,,,,,112065,,-104174,,,,,,112065,,,,141493,,6890,4559657,5436551,876894,876894,735401,,148383,,-104174,,112065,,,,,
,,1474,弘裕,,,-60460,,,,,,,,,,0.29,3,,上市,114,-627,,,,,,,,35343,,-25117,,,,,,37271,-1928,,,20306,,14410,1908449,2168930,260481,260481,240175,,34716,,-22569,-2548,35343,,,,,
,,1475,業旺,,,,,,,,,,,,,1.43,3,,上市,114,36106,,,,,,,,94383,,94383,,,,,,94383,,,,196109,,-65620,845640,1106650,261010,261010,64901,,130489,,94383,,94383,,,,,
,,1476,儒鴻,,,-429138,,,,,,,,,,14.33,3,,上市,114,1072458,,,,,,,,3932957,,3503819,,,,,,3932957,,,,5316676,,-311261,20640448,28725625,8085177,8085177,2768501,,5005415,,3503819,,3932957,,,,,
,,1477,聚陽,,,-419477,,,,,,,,,,11.13,3,,上市,114,730069,,,,,,,,2788337,,2368860,,,,,,2744755,43582,,,3613735,,-95329,20056996,26501961,6444965,6444965,2831230,,3518406,,2325812,43048,2788337,,,,,
,,1503,士電,,,-1744915,,,,,,,,,,5.46,3,,上市,114,689496,,,,,,,,2934115,,1189200,,,,,,2846009,88106,,,3617992,,5619,21391795,27493834,6102039,6102039,2484047,,3623611,,1137511,51689,2934115,,,,,
,,1504,東元,,,-3696999,,,,,,,,,,1.98,3,10953,上市,114,1251674,,,,,,11296,,4474495,,777496,,,,,,4188795,285700,,,4295501,,1430668,33251470,43759281,10507811,10507468,6211967,,5726169,,365939,411557,4474495,,,,,
,,1506,正道,,,48604,,,,,,,,,,0.04,3,,上市,114,3979,,,,,,,,14407,,63011,,,,,,13428,979,,,-294,,18680,688404,820000,131596,131596,131890,,18386,,63018,-7,14407,,,,,
,,1512,瑞利,,,-44138,,,,,,,,,,0.04,3,,上市,114,0,,,,,,,,3945,,-40193,,,,,,3945,,,,-15772,,19717,551008,828601,277593,277593,293365,,3945,,-40193,,3945,,,,,
,,1513,中興電,,,-97689,,,,,,,,,,5.99,3,,上市,114,762871,,,,,,,,2960240,,2862551,,,,,,2958082,2158,,,3726596,,-3485,15193520,20342936,5149416,5149416,1422820,,3723111,,2870035,-7484,2960240,,,,,
,0,1514,亞力,,,-24101,,,,,,,,,,2.19,3,723,上市,114,140472,,,,,,0,,601848,,577747,,,,,,591949,9899,,,695226,,47094,6059155,7404959,1345804,1346527,651301,,742320,,566108,11639,601848,,,,,
,,1515,力山,,,-17521,,,,,,,,,,-0.08,3,,上市,114,-7847,,,,,,,,-18515,,-36036,,,,,,-15377,-3138,,,-35083,,8721,3166382,3618159,451777,451777,486860,,-26362,,-32521,-3515,-18515,,,,,
,,1516,川飛,,,,,,,,,,,,,0.10,3,,上市,114,623,,,,,,,,3995,,3995,,,,,,,,,,-8670,,13288,52558,55935,3377,3377,12047,,4618,,,,3995,,,,,
,,1517,利奇,,,-17757,,,,,,,,,,-0.66,3,,上市,114,-35312,,,,,,,,-143355,,-161112,,,,,,-147578,4223,,,-226196,,47529,1469703,1525561,55858,55858,282054,,-178667,,-163665,2553,-143355,,,,,
,,1519,華城,,,-78396,,,,,,,,,,8.68,3,,上市,114,920043,,,,,,,,2709992,,2631596,,,,,,2741184,-31192,,,3670985,,-40950,9858144,16326448,6468304,6468304,2797319,,3630035,,2662788,-31192,2709992,,,,,
,,1521,大億,,,-493,,,,,,,,,,0.34,3,0,上市,114,6611,,,,,,0,,26049,,25556,,,,,,26049,,,,71850,,-39190,2229659,2654236,424577,424577,352727,,32660,,25556,,26049,,,,,
,,1522,堤維西,,,5501,,,,,,,,,,1.17,3,5208,上市,114,162660,,,,,,3312,,455297,,460798,,,,,,425579,29718,,,1188109,,-570152,12042999,16139576,4096577,4098473,2910364,,617957,,446934,13864,455297,,,,,
,,1524,耿鼎,0,,-40960,,,,,,,,,,1.28,3,,上市,114,50557,,,,,,,,211607,,170647,,,,,,,,,,309150,,-46986,1386651,1922403,535752,535752,226602,,262164,,,,211607,,,,,
,,1525,江申,,,-189875,,,,,,,,,,2.48,3,,上市,114,25169,,,,,,,,182267,,-7608,,,,,,182267,,,,19763,,187673,786921,901418,114497,114497,94734,,207436,,-7608,,182267,,,,,
,,1526,日馳,,,774,,,,,,,,,,-0.04,3,,上市,114,1986,,,,,,,,-2588,,-1814,,,,,,-2588,,,,-39581,,38979,491093,611382,120289,120289,159870,,-602,,-1814,,-2588,,,,,
,,1527,鑽全,,,8037,,,,,,,,,,1.04,3,,上市,114,38377,,,,,,,,144739,,152776,,,,,,,,,,170962,,12154,1799771,2302441,502670,502670,331708,,183116,,,,144739,,,,,
,,1528,恩德,,,54420,,,,,,,,,,-0.53,3,,上市,114,13894,,,,,,,,-104376,,-49956,,,,,,-100942,-3434,,,41752,,-132234,1460703,2116380,655677,655677,613925,,-90482,,-46369,-3587,-104376,,,,,
,,1529,樂事綠能,0,,-291,,,,,,,,,,0.97,3,,上市,114,10884,,,,,,-66,,157142,,156851,,,,,,150405,6737,,,53762,,114264,549396,680638,131242,131308,77546,,168026,,150252,6599,157142,,,,,
,,1530,亞崴,,,-42307,,,,,,,,,,-2.81,3,0,上市,114,13358,,,,,,2386,,-269862,,-312169,,,,,,-268315,-1547,,,-74654,,-181850,1259132,1456551,197419,195033,269687,,-256504,,-307668,-4501,-269862,,,,,
,,1531,高林股,,,-98349,,,,,,,,,,-0.23,3,,上市,114,-164,,,,,,,,-42101,,-140450,,,,,,-42101,,,,-21933,,-20332,925113,1161599,236486,236486,258419,,-42265,,-140450,,-42101,,,,,
,,1532,勤美,,,-488994,,,,,,,,,,0.81,3,,上市,114,289518,,,,,,,,604784,,115790,,,,,,342713,262071,,,953424,,-59122,9172528,12058628,2886100,2886100,1932676,,894302,,-68756,184546,604784,,,,,
,,1533,車王電,,,-62429,,,,,,,,,,-0.14,3,,上市,114,13027,,,,,,,,2182,,-60247,,,,,,-14127,16309,,,56444,,-41235,1970013,2800164,830151,830151,773707,,15209,,-76548,16301,2182,,,,,
,,1535,中宇,,,-91321,,,,,,,,,,2.79,3,4916,上市,114,76105,,,,,,989,,345025,,253704,,,,,,345025,,,,311130,,110000,7936515,8678854,742339,746266,435136,,421130,,253704,,345025,,,,,
,,1536,和大,,,-79645,,,,,,,,,,-2.05,3,,上市,114,7329,,,,,,,,-579073,,-658718,,,,,,-573046,-6027,,,-278701,,-293043,3379255,3559162,179907,179907,458608,,-571744,,-652297,-6421,-579073,,,,,
,,1537,廣隆,,,-204500,,,,,,,,,,5.76,3,,上市,114,177469,,,,,,,,472755,,268255,,,,,,472755,,,,640403,,9821,3969861,5017791,1047930,1047930,407527,,650224,,268255,,472755,,,,,
,,1538,正峰,,,-29091,,,,,,,,,,-0.36,3,,上市,114,285,,,,,,,,-11638,,-40729,,,,,,-11638,,,,-38027,,26674,73269,92571,19302,19302,57329,,-11353,,-40729,,-11638,,,,,
,,1539,巨庭,,,-53,,,,,,,,,,-0.08,3,,上市,114,643,,,,,,,,-5265,,-5318,,,,,,-5265,,,,29442,,-34064,947469,1048005,100536,100536,71094,,-4622,,-5318,,-5265,,,,,
,,1540,喬福,,,,,,,,,,,,,0.54,3,,上市,114,13589,,,,,,,,46359,,46359,,,,,,,,,,77614,,-17666,271453,404812,133359,133359,55745,,59948,,,,46359,,,,,
,,1541,錩泰,,,-34763,,,,,,,,,,1.32,3,,上市,114,12700,,,,,,,,103831,,69068,,,,,,103831,,,,186056,,-69525,2360202,2881206,521004,521004,334948,,116531,,69068,,103831,,,,,
,,1558,伸興,,,-403783,,,,,,,,,,4.27,3,,上市,114,181057,,,,,,,,481940,,78157,,,,,,283964,197976,,,624033,,38964,4753160,6472831,1719671,1719671,1095638,,662997,,12385,65772,481940,,,,,
,,1560,中砂,,,-53605,,,,,,,,,,6.02,3,,上市,114,168762,,,,,,,,899600,,845995,,,,,,880619,18981,,,966789,,101573,4073049,5977667,1904618,1904618,937829,,1068362,,832197,13798,899600,,,,,
,,1563,巧新,,,1482,,,,,,,,,,1.47,3,,上市,114,78571,,,,,,,,332112,,333594,,,,,,331947,165,,,508804,,-98121,4151334,5334743,1183409,1183409,674605,,410683,,333429,165,332112,,,,,
,,1568,倉佑,,,-6523,,,,,,,,,,0.88,3,,上市,114,20415,,,,,,,,90433,,83910,,,,,,90558,-125,,,120555,,-9707,541111,792323,251212,251212,130657,,110848,,86370,-2460,90433,,,,,
,,1582,信錦,,,-545072,,,,,,,,,,2.98,3,,上市,114,272323,,,,,,,,463936,,-81136,,,,,,429558,34378,,,643985,,92274,4966768,6564174,1597406,1597406,953421,,736259,,-100494,19358,463936,,,,,
,,1583,程泰,,,-98058,,,,,,,,,,-5.75,3,,上市,114,10012,,,,,,,,-770901,,-868959,,,,,,-631525,-139376,,,-120757,,-640132,2399254,2912667,513413,513413,634170,,-760889,,-710348,-158611,-770901,,,,,
,,1587,吉茂,,,-45669,,,,,,,,,,0.24,3,,上市,114,10851,,,,,,,,19542,,-26127,,,,,,19542,,,,42571,,-12178,1509184,1874085,364901,364901,322330,,30393,,-26127,,19542,,,,,
,,1589,永冠-KY,,,-535224,,,,,,,,,,-5.06,3,,上市,114,59621,,,,,,,,-673942,,-1209166,,,,,,-673307,-635,,,-401389,,-212932,5436329,5845444,409115,409115,810504,,-614321,,-1202897,-6269,-673942,,,,,
,,1590,亞德客-KY,,,-1850951,,,,,,,,,,30.36,3,,上市,114,1616155,,,,,,,,6072055,,4221104,,,,,,6072284,-229,,,7464348,,223862,13804964,25294806,11489842,11489842,4025494,,7688210,,4221283,-179,6072055,,,,,
,,1597,直得,,,-22314,,,,,,,,,,0.50,3,,上市,114,23249,,,,,,,,44058,,21744,,,,,,44058,,,,74942,,-7635,467716,804723,337007,337007,262065,,67307,,21744,,44058,,,,,
,,1598,岱宇,,,-137541,,,,,,,,,,-1.23,3,,上市,114,-77805,,,,,,,,-244530,,-382071,,,,,,-206900,-37630,,,-179855,,-142480,2709820,4447738,1737918,1737918,1917773,,-322335,,-328010,-54061,-244530,,,,,
,,1603,華電,23546,,109186,,,,,,,,,,3.03,3,,上市,114,101702,,,,,,,,482606,,591792,,,,,,481100,1506,,,484465,,99843,3497367,4094303,596936,596936,136017,,584308,,587383,4409,482606,,,,,
,,1604,聲寶,,,-199810,,,,,,,,,,1.29,3,,上市,114,78716,,,,,,,,503875,,304065,,,,,,469843,34032,,,384363,,198228,5628059,6950112,1322053,1322053,937690,,582591,,273180,30885,503875,,,,,
,,1605,華新,,,10051607,,,,,,,,,,0.52,3,,上市,114,-291617,,,,,,,,1645017,,11696624,,,,,,2165856,-520839,,,807322,,546078,123342417,132382690,9040273,9040273,8232951,,1353400,,12278373,-581749,1645017,,,,,
,,1608,華榮,,,-14825,,,,,,,,,,4.75,3,,上市,114,164813,,,,,,,,2087585,,2072760,,,,,,2014026,73559,,,735350,,1517048,7696445,8622964,926519,926519,191169,,2252398,,1999201,73559,2087585,,,,,
,,1609,大亞,,,133794,,,,,,,,,,1.62,3,6092,上市,114,443514,,,,,,6291,,1488362,,1622156,,,,,,1269392,218970,,,2024666,,-92790,19750132,22995092,3244960,3244761,1220095,,1931876,,1428765,193391,1488362,,,,,
,,1611,中電,,,-42005,,,,,,,,,,0.10,3,,上市,114,2074,,,,,,,,30846,,-11159,,,,,,30846,,,,45472,,-12552,572294,817985,245691,245691,200219,,32920,,-11159,,30846,,,,,
,,1612,宏泰,,,284853,,,,,,,,,,2.19,3,,上市,114,144457,,,,,,,,692481,,977334,,,,,,693295,-814,,,664132,,172806,5049648,5901351,851703,851703,187571,,836938,,978148,-814,692481,,,,,
,,1614,三洋電,,,13127,,,,,,,,,,0.66,3,,上市,114,21364,,,,,,,,171977,,185104,,,,,,171099,878,,,156573,,36768,3404943,4199308,794365,794365,637792,,193341,,184226,878,171977,,,,,
,,1615,大山,,,23364,,,,,,,,,,3.34,3,,上市,114,164531,,,,,,,,657457,,680821,,,,,,657457,,,,730584,,91404,3231784,4133965,902181,902181,171597,,821988,,680821,,657457,,,,,
,,1616,億泰,,,-36645,,,,,,,,,,2.22,3,,上市,114,116663,,,,,,,,420561,,383916,,,,,,420561,,,,445018,,92206,3422368,4055777,633409,633409,188391,,537224,,383916,,420561,,,,,
,,1617,榮星,,,-90889,,,,,,,,,,-0.38,3,,上市,114,29705,,,,,,,,-66787,,-157676,,,,,,-64002,-2785,,,-1040,,-36042,2271565,2453291,181726,181726,182766,,-37082,,-154891,-2785,-66787,,,,,
,,1618,合機,,,-138861,,,,,,,,,,3.26,3,,上市,114,155621,,,,,,,,627996,,489135,,,,,,627996,,,,597065,,186552,3112940,3828181,715241,715241,118176,,783617,,489135,,627996,,,,,
,,1623,大東電,,,-6686,,,,,,,,,,9.42,3,,上市,114,133153,,,,,,,,565383,,558697,,,,,,,,,,701166,,-2630,3980832,4836799,855967,855967,154801,,698536,,,,565383,,,,,
,,1626,艾美特-KY,,,-204078,,,,,,,,,,-0.30,3,9379,上市,114,-12281,,,,,,10165,,-45533,,-249611,,,,,,-45533,,,,-71968,,14154,5120714,6348714,1228000,1227214,1299182,,-57814,,-249611,,-45533,,,,,
,,1702,南僑,,,-837441,,,,,,,,,,0.84,3,,上市,114,237784,,,,,,,,345475,,-491966,,,,,,208403,137072,,,452040,,131219,12988180,17261129,4272949,4272949,3820909,,583259,,-502864,10898,345475,,,,,
,,1707,葡萄王,,,-60455,,,,,,,,,,5.22,3,,上市,114,291615,,,,,,1306,,1203998,,1143543,,,,,,773483,430515,,,1396272,,99341,1848341,7249193,5400852,5399546,4003274,,1495613,,716737,426806,1203998,,,,,
,,1708,東鹼,,,-361536,,,,,,,,,,2.20,3,,上市,114,160557,,,,,,,,547823,,186287,,,,,,547823,,,,804365,,-95985,3115323,4524634,1409311,1409311,604946,,708380,,186287,,547823,,,,,
,,1709,和益,,,-265376,,,,,,,,,,0.87,3,1782,上市,114,118080,,,,,,0,,410251,,144875,,,,,,413143,-2892,,,461488,,66843,5977763,6958996,981233,983015,521527,,528331,,147767,-2892,410251,,,,,
,,1710,東聯,,,-491914,,,,,,,,,,-0.58,3,,上市,114,-71608,,,,,,,,-680597,,-1172511,,,,,,-511481,-169116,,,-565271,,-186934,17060913,17337018,276105,276105,841376,,-752205,,-851379,-321132,-680597,,,,,
,,1711,永光,,,-133985,,,,,,,,,,-0.18,3,,上市,114,-1301,,,,,,,,-111227,,-245212,,,,,,-96316,-14911,,,-101037,,-11491,4621591,5733831,1112240,1112240,1213277,,-112528,,-219644,-25568,-111227,,,,,
,,1712,興農,,,-32999,,,,,,,,,,2.07,3,,上市,114,114071,,,,,,,,874787,,841788,,,,,,869565,5222,,,1038452,,-49594,9838136,14234401,4396265,4396265,3357813,,988858,,836566,5222,874787,,,,,
,,1713,國化,,,3969,,,,,,,,,,2.56,3,,上市,114,17066,,,,,,,,385989,,389958,,,,,,,,,,-64268,,467323,311754,323641,11887,11887,76155,,403055,,,,385989,,,,,
,,1714,和桐,,,-1050969,,,,,,,,,,0.37,3,,上市,114,331047,,,,,,,,799321,,-251648,,,,,,364990,434331,,,624426,,505942,15419683,16916499,1496816,1496816,872390,,1130368,,-464077,212429,799321,,,,,
,,1717,長興,,,-1886894,,,,,,,,,,1.09,3,,上市,114,508846,,,,,,,,1312715,,-574179,,,,,,1276642,36073,,,1293364,,528197,24348260,30561709,6213449,6213449,4920085,,1821561,,-606849,32670,1312715,,,,,
,,1718,中纖,,1322789,,,,,,,,,,,0.19,3,,上市,114,1352442,,27470004,,34082553,,,,5260107,,6582896,,,,,,255033,5005074,,,,,,,,,,,,,,835655,5747241,5260107,,,,6612549,
,,1720,生達,,,-153166,,,,,,,,,,3.91,3,,上市,114,178391,,,,,,,,940652,,787486,,,,,,698452,242200,,,1009987,,109056,3064847,5237638,2172791,2172791,1162804,,1119043,,544557,242929,940652,,,,,
,,1721,國慶科技,,,17076,,,,,,,,,,-1.12,3,,上市,114,-2030,,,,,,,,-207891,,-190815,,,,,,-207891,,,,-188285,,-21636,1424418,1374006,-50412,-50412,137873,,-209921,,-190815,,-207891,,,,,
,,1722,台肥,,,-667584,,,,,,,,,,1.11,3,,上市,114,252329,,,,,,,,1091998,,424414,,,,,,1091998,,,,279311,,1065016,8197203,9363271,1166068,1166068,886757,,1344327,,424414,,1091998,,,,,
,,1723,中碳,,,25597,,,,,,,,,,2.14,3,,上市,114,76278,,,,,,,,496463,,522060,,,,,,496463,,,,441382,,131359,3641311,4513683,872372,872372,430990,,572741,,522060,,496463,,,,,
,,1725,元禎,,,594511,,,,,,,,,,1.37,3,,上市,114,14944,,,,,,,,248492,,843003,,,,,,248492,0,,,128176,,135260,5942883,6237505,294622,294622,166446,,263436,,843003,0,248492,,,,,
,,1726,永記,,,-323639,,,,,,,,,,4.28,3,,上市,114,192982,,,,,,,,692645,,369006,,,,,,692645,,,,835440,,50187,5379409,7278673,1899264,1899264,1063824,,885627,,369006,,692645,,,,,
,,1727,中華化,,,,,,,,,,,,,0.03,3,,上市,114,1000,,,,,,,,3582,,3582,,,,,,,,,,1399,,3183,1326558,1485245,158687,158687,157288,,4582,,,,3582,,,,,
,,1730,花仙子,,,-25227,,,,,,,,,,3.42,3,5836,上市,114,72326,,,,,,8126,,239304,,214077,,,,,,215971,23333,,,285846,,25784,890889,1812381,921492,919202,633356,,311630,,191505,22572,239304,,,,,
,,1731,美吾華,,,-8456,,,,,,,,,,1.10,3,,上市,114,37751,,,,,,,,145655,,137199,,,,,,145655,,,,176591,,6815,426849,1169240,742391,742391,565800,,183406,,137199,,145655,,,,,
,,1732,毛寶,,,-1010,,,,,,,,,,0.37,3,,上市,114,7368,,,,,,,,15870,,14860,,,,,,15870,,,,33839,,-10601,298716,506376,207660,207660,173821,,23238,,14860,,15870,,,,,
,,1733,五鼎,,,-2406,,,,,,,,,,1.13,3,,上市,114,18891,,,,,,,,112837,,110431,,,,,,112814,23,,,107485,,24243,1099535,1505913,406378,406378,298893,,131728,,110446,-15,112837,,,,,
,,1734,杏輝,,,-47307,,,,,,,,,,1.39,3,,上市,114,40310,,,,,,,,255362,,208055,,,,,,263800,-8438,,,320816,,-25144,1416870,2491298,1074428,1074428,753612,,295672,,226120,-18065,255362,,,,,
,,1735,日勝化,,,-48563,,,,,,,,,,0.20,3,,上市,114,7842,,,,,,,,20124,,-28439,,,,,,20124,,,,45293,,-17327,1436861,1743200,306339,306339,261046,,27966,,-28439,,20124,,,,,
,,1736,喬山,,,-566693,,,,,,,,,,3.41,3,,上市,114,672179,,,,,,,,1036261,,469568,,,,,,1035980,281,,,1697666,,10774,16897233,34957006,18059773,18059773,16362107,,1708440,,469160,408,1036261,,,,,
,,1737,臺鹽,,,-1183,,,,,,,,,,1.28,3,,上市,114,75159,,,,,,,,250599,,249416,,,,,,256780,-6181,,,342458,,-16700,1471021,2491208,1020187,1020187,677729,,325758,,255597,-6181,250599,,,,,
,,1752,南光,,,-4358,,,,,,,,,,1.69,3,,上市,114,44222,,,,,,,,170599,,166241,,,,,,170598,1,,,232536,,-17715,1056818,1645022,588204,588204,355668,,214821,,166240,1,170599,,,,,
,,1760,寶齡富錦,,,-7413,,,,,,,,,,1.65,3,,上市,114,78903,,,,,,0,,141550,,134137,,,,,,141550,,,,235495,,-15042,686305,1517253,830948,830948,595453,,220453,,134137,,141550,,,,,
,,1762,中化生,,,-7514,,,,,,,,,,-1.84,3,,上市,114,-19750,,,,,,,,-102593,,-110107,,,,,,-102593,,,,-156571,,34228,610933,691461,80528,80528,237099,,-122343,,-110107,,-102593,,,,,
,,1773,勝一,,,-70620,,,,,,,,,,5.01,3,,上市,114,333642,,,,,,,,1502783,,1432163,,,,,,1502783,,,,1765085,,71340,5592153,8521273,2929120,2929120,1164035,,1836425,,1432163,,1502783,,,,,
,,1776,展宇,,,-46105,,,,,,,,,,0.05,3,,上市,114,15584,,,,,,,,-3449,,-49554,,,,,,2739,-6188,,,5998,,6137,649903,768674,118771,118771,112773,,12135,,-42857,-6697,-3449,,,,,
,,1783,和康生,,,-10419,,,,,,,,,,2.02,3,,上市,114,20872,,,,,,,,181571,,171152,,,,,,181571,,,,174547,,27896,188411,586858,398447,398447,223900,,202443,,171152,,181571,,,,,
,,1786,科妍,,,-88,,,,,,,,,,1.38,3,,上市,114,13490,,,,,,,,99154,,99066,,,,,,99154,,,,139991,,-27347,186191,635232,449041,449041,309050,,112644,,99066,,99154,,,,,
,,1789,神隆,,,648231,,,,,,,,,,0.12,3,,上市,114,27742,,,,,,,,95670,,743901,,,,,,95670,,,,100873,,22539,1392015,2155381,763366,763366,662493,,123412,,743901,,95670,,,,,
,,1795,美時,,,-527722,,,,,,,,,,13.82,3,,上市,114,803543,,,,,,,,3598403,,3070681,,,,,,3598403,,,,4411204,,-9258,5804566,14247508,8442942,8442942,4031738,,4401946,,3070681,,3598403,,,,,
,,1802,台玻,100665,,-2831598,,,,,,,,,,-0.33,3,,上市,114,35441,,,,,,,,-1067765,,-3899363,,,,,,-960182,-107583,,,-145769,,-886555,27363050,30702531,3339481,3339481,3585915,,-1032324,,-3625077,-274286,-1067765,,,,,
,,1805,寶徠,,,-51,,,,,,,,,,0.06,3,,上市,114,1324,,,,,,,,8031,,7980,,,,,,8031,,,,7454,,1901,54723,97357,42634,42634,35180,,9355,,7980,,8031,,,,,
,,1806,冠軍,,,-72720,,,,,,,,,,0.23,3,,上市,114,28392,,,,,,,,88674,,15954,,,,,,88674,0,,,124051,,-6985,1947036,2558339,611303,611303,487252,,117066,,15954,0,88674,,,,,
,,1808,潤隆,,,-20968,,,,,,,,,,-0.37,3,,上市,114,9077,,,,,,,,-364335,,-385303,,,,,,-364335,,,,-335168,,-20090,84424,103606,19182,19182,354350,,-355258,,-385303,,-364335,,,,,
,,1809,中釉,25835,,-84690,,,,,,,,,,0.11,3,,上市,114,4553,,,,,,,,10626,,-74064,,,,,,19114,-8488,,,13980,,1199,1500051,1860809,360758,360758,372613,,15179,,-44215,-29849,10626,,,,,
,,1810,和成,,,-21981,,,,,,,,,,0.04,3,,上市,114,21117,,,,,,,,13635,,-8346,,,,,,10869,2766,,,-34576,,69328,2551316,3435071,883755,883755,918331,,34752,,-9699,1353,13635,,,,,
,,1817,凱撒衛,,,-119504,,,,,,,,,,2.75,3,,上市,114,66479,,,,,,,,200466,,80962,,,,,,199903,563,,,241263,,25682,1243840,1946149,702309,702309,461046,,266945,,81379,-417,200466,,,,,
,,1903,士紙,,,-257184,,,,,,,,,,0.54,3,,上市,114,,,,,,,,,139412,,-117772,,,,,,139412,,,,-13525,,152937,39640,114297,74657,74657,88182,,139412,,-117772,,139412,,,,,
,,1904,正隆,,,-990669,,,,,,,,,,0.17,3,,上市,114,124839,,,,,,,,156616,,-834053,,,,,,188427,-31811,,,1072111,,-790656,26269916,31612104,5342188,5342188,4270077,,281455,,-762861,-71192,156616,,,,,
,,1905,華紙,,,-155107,,,,,,,,,,-0.85,3,,上市,114,-224187,,,,,,,,-932752,,-1087859,,,,,,-933279,527,,,-1248140,,91201,13794358,14093778,299334,299334,1547474,-86,-1156939,,-937216,-150643,-932752,,,,,
,,1906,寶隆,,,-514490,,,,,,,,,,-0.15,3,,上市,114,2291,,,,,,,,-23063,,-537553,,,,,,,,,,32225,,-52997,2118750,2306176,187426,187426,155201,,-20772,,,,-23063,,,,,
,,1907,永豐餘,,,1855694,,,,,,,,,,0.87,3,,上市,114,290546,,,,,,,,1429814,,3285508,,,,,,1436813,-6999,,,-825040,,2545400,47837077,54747280,6910117,6910117,7735157,-86,1720360,,3549203,-263695,1429814,,,,,
,,1909,榮成,,,-874538,,,,,,,,,,-0.54,3,,上市,114,69245,,,,,,,,-719967,,-1594505,,,,,,-714002,-5965,,,-318927,,-331795,29772385,32676827,2904442,2904442,3223369,,-650722,,-1586659,-7846,-719967,,,,,
,,2002,中鋼,,,-6123845,,,,,,,,,,-0.27,3,,上市,114,-286386,,,,,,,,-4393520,,-10517365,,,,,,-4138992,-254528,,,-4259736,,-420170,236401499,241782578,5381079,5381079,9640815,,-4679906,,-9298795,-1218570,-4393520,,,,,
,,2006,東和鋼鐵,,,-289949,,,,,,,,,,4.55,3,,上市,114,910646,,,,,,,,3347903,,3057954,,,,,,3323001,24902,,,4349190,,-90641,37650894,44023554,6372660,6372660,2023470,,4258549,,3034240,23714,3347903,,,,,
,,2007,燁興,,,-13720,,,,,,,,,,-1.54,3,,上市,114,19553,,,,,,,,-817661,,-831381,,,,,,,,,,-488000,,-310108,4651317,4312046,-339271,-339271,148729,,-798108,,,,-817661,,,,,
,,2008,高興昌,,,-22397,,,,,,,,,,0.68,3,,上市,114,-109,,,,,,,,130666,,108269,,,,,,,,,,126929,,3628,1216655,1458064,241409,241409,114480,,130557,,,,130666,,,,,
,,2009,第一銅,,,1272239,,,,,,,,,,0.34,3,,上市,114,0,,,,,,,,120526,,1392765,,,,,,,,,,-81541,,202067,2230065,2197029,-33036,-33036,48505,,120526,,,,120526,,,,,
,,2010,春源,,,-206197,,,,,,,,,,1.74,3,,上市,114,262297,,,,,,,,1137049,,930852,,,,,,1124630,12419,,,1308341,,91005,16149369,18159735,2010366,2010366,702025,,1399346,,906667,24185,1137049,,,,,
,,2012,春雨,,,-306716,,,,,,,,,,0.25,3,,上市,114,80850,,,,,,,,124181,,-182535,,,,,,69881,54300,,,260136,,-55105,5498470,6381197,882727,882727,622591,,205031,,-212228,29693,124181,,,,,
,,2013,中鋼構,,,-16488,,,,,,,,,,2.27,3,,上市,114,55564,,,,,,,,453324,,436836,,,,,,453324,,,,474527,,34361,14942126,15696082,753956,753956,279429,,508888,,436836,,453324,,,,,
,,2014,中鴻,,,-45499,,,,,,,,,,-1.10,3,,上市,114,-123482,,,,,,,,-1584316,,-1629815,,,,,,-1584316,,,,-1774077,,66279,16689113,15237391,-1451722,-1451722,322355,,-1707798,,-1629815,,-1584316,,,,,
,,2015,豐興,,,20282,,,,,,,,,,2.94,3,,上市,114,378037,,,,,,,,1706341,,1726623,,,,,,1709192,-2851,,,1944433,,139945,19874298,22456653,2582355,2582355,637922,,2084378,,1729474,-2851,1706341,,,,,
,,2017,官田鋼,419,,-72438,,,,,,,,,,-0.31,3,,上市,114,2782,,,,,,,,-172072,,-244510,,,,,,-132106,-39966,,,-279644,,110354,2092765,2122947,30182,30182,310245,,-169290,,-188061,-56449,-172072,,,,,
,,2020,美亞,,,-108338,,,,,,,,,,1.66,3,4661,上市,114,77113,,,,,,5165,,443758,,335420,,,,,,443273,485,,,257899,,262972,3049085,3735256,686171,685667,427768,,520871,,335277,143,443758,,,,,
,,2022,聚亨,,,-89980,,,,,,,,,,0.02,3,,上市,114,26554,,,,,,,,110767,,20787,,,,,,5729,105038,,,131607,,5714,6023866,6773583,749717,749717,618110,,137321,,-14904,35691,110767,,,,,
,,2023,燁輝,,,-888770,,,,,,,,,,-1.40,3,,上市,114,115848,,,,,,,,-3054289,,-3943059,,,,,,-2711108,-343181,,,394417,,-3332858,48144767,52616657,4471890,4471890,4077473,,-2938441,,-3555006,-388053,-3054289,,,,,
,,2024,志聯,,,,,,,,,,,,,-0.14,3,,上市,114,524,,,,,,,,-13592,,-13592,,,,,,,,,,-417,,-12651,697488,743245,45757,45757,46174,,-13068,,,,-13592,,,,,
,,2025,千興,568,,5776,,,,,,,,,,-0.41,3,,上市,114,12691,,,,,,,,-70593,,-64817,,,,,,,,,,-223785,,165883,770089,580511,-189578,-189578,34775,,-57902,,,,-70593,,,,,
,,2027,大成鋼,-6492,,-5057609,,,,,,,,,,2.08,3,,上市,114,2144310,,,,,,,,5928492,,870883,,,,,,4825341,1103151,,,10614614,,-2541812,58435265,77364139,18928874,18928874,8307768,,8072802,,382620,488263,5928492,,,,,
,,2028,威致,,,-16217,,,,,,,,,,0.09,3,,上市,114,2596,,,,,,,,30605,,14388,,,,,,,,,,67989,,-34788,6108502,6322585,214083,214083,146094,,33201,,,,30605,,,,,
,,2029,盛餘,,,-18553,,,,,,,,,,0.47,3,,上市,114,37749,,,,,,,,161851,,143298,,,,,,152560,9291,,,185364,,14236,9363936,10385309,1021373,1021373,836009,,199600,,136493,6805,161851,,,,,
,,2030,彰源,,,-179485,,,,,,,,,,0.13,3,,上市,114,33196,,,,,,,,35249,,-144236,,,,,,35249,,,,154739,,-86294,6979930,7682856,702926,702926,548187,,68445,,-144236,,35249,,,,,
,,2031,新光鋼,,,-31412,,,,,,,,,,2.67,3,,上市,114,177072,,,,,,,,891343,,859931,,,,,,857355,33988,,,663055,,405360,12387642,13465025,1077383,1077383,414328,,1068415,,825943,33988,891343,,,,,
,,2032,新鋼,,,5028,,,,,,,,,,0.37,3,,上市,114,1203,,,,,,,,48152,,53180,,,,,,,,,,9168,,40187,2256263,2339983,83720,83720,74552,,49355,,,,48152,,,,,
,,2033,佳大,,,0,,,,,,,,,,0.25,3,,上市,114,4746,,,,,,,,20737,,20737,,,,,,,,,,21200,,4283,451623,526649,75026,75026,53826,,25483,,,,20737,,,,,
,,2034,允強,,,-749777,,,,,,,,,,0.33,3,,上市,114,8057,,,,,,,,170299,,-579478,,,,,,170299,,,,244032,,-65676,8992403,9914927,922524,922524,678492,,178356,,-579478,,170299,,,,,
,,2038,海光,,,-45147,,,,,,,,,,-0.12,3,,上市,114,1172,,,,,,,,-38958,,-84105,,,,,,-24222,-14736,,,-17456,,-20330,6684149,6815151,131002,131002,148458,,-37786,,-69156,-14949,-38958,,,,,
,,2049,上銀,,,-330158,,,,,,,,,,3.01,3,,上市,114,259415,,,,,,,,982161,,652003,,,,,,1063886,-81725,,,1327866,,-86290,12540620,17759602,5218982,5218982,3891116,,1241576,,733908,-81905,982161,,,,,
,,2059,川湖,,,-59437,,,,,,,,,,66.35,3,,上市,114,1706564,,,,,,,,6322668,,6263231,,,,,,6322668,,,,8664316,,-635084,3009126,12551587,9542461,9542461,878145,,8029232,,6263231,,6322668,,,,,
,,2062,橋椿,,,-324846,,,,,,,,,,0.19,3,,上市,114,27255,,,,,,,,36891,,-287955,,,,,,37043,-152,,,11572,,52574,4229411,4655316,425905,425905,414333,,64146,,-287803,-152,36891,,,,,
,,2069,運錩,,,-117394,,,,,,,,,,1.10,3,,上市,114,36205,,,,,,,,182223,,64829,,,,,,182223,,,,268732,,-50304,7006148,7711720,705572,705572,436840,,218428,,64829,,182223,,,,,
,,2072,世紀風電,,,0,,,,,,,,,,7.56,3,,上市,114,325894,,,,,,,,1284732,,1284732,,,,,,1284721,11,,,1530298,,80328,5684047,7695904,2011857,2011857,481559,,1610626,,1284721,11,1284732,,,,,
,,2101,南港,,,-291650,,,,,,,,,,-0.37,3,1214,上市,114,155472,,,,,,893,,-305329,,-596979,,,,,,-305329,,,,502530,,-652387,5250960,6695339,1444379,1444700,942170,,-149857,,-596979,,-305329,,,,,
,,2102,泰豐,,,-10343,,,,,,,,,,-2.22,3,,上市,114,-11663,,,,,,,,-1018638,,-1028981,,,,,,-1018638,,,,-115601,,-914700,159097,200129,41032,41032,156633,,-1030301,,-1028981,,-1018638,,,,,
,,2103,台橡,110403,,-902354,,,,,,,,,,0.22,3,,上市,114,387277,,,,,,,,297281,,-605073,,,,,,179681,117600,,,668612,,15946,25377028,28111894,2734866,2734866,2176657,,684558,,-643005,37932,297281,,,,,
,-82475,2104,國際中橡,,,-3807679,,,,,,,,,,-3.40,3,,上市,114,-95908,,,,,,,,-3444912,,-7252591,,,,,,-3293836,-151076,,,-1417015,,-2041330,12384671,12024095,-360576,-360576,1056439,,-3458345,,-6970257,-282334,-3362437,,,,,
,,2105,正新,,,-3942040,,,,,,,,,,1.23,3,,上市,114,1495048,,,,,,,,3976185,,34145,,,,,,3993411,-17226,,,5741183,,-269950,53980651,69825727,15845076,15845076,10103893,,5471233,,78106,-43961,3976185,,,,,
,,2106,建大,0,,-1463486,,,,,,,,,,0.06,3,,上市,114,204087,,,,,,,,59407,,-1404079,,,,,,59407,,,,452589,,-189095,21061106,25940651,4879545,4879545,4426956,,263494,,-1404079,,59407,,,,,
,,2107,厚生,,,-160362,,,,,,,,,,1.52,3,,上市,114,46840,,,,,,,,460762,,300400,,,,,,460762,,,,220851,,286751,644984,1007434,362450,362450,141599,,507602,,300400,,460762,,,,,
,,2108,南帝,,,-663602,,,,,,,,,,0.57,3,,上市,114,188141,,,,,,,,499788,,-163814,,,,,,281275,218513,,,493736,,194193,5691382,7240874,1549492,1549492,1055756,,687929,,-382327,218513,499788,,,,,
,,2109,華豐,,,-137269,,,,,,,,,,0.78,3,,上市,114,69509,,,,,,,,271766,,134497,,,,,,218287,53479,,,357936,,-16661,2611853,3326551,714698,714698,356762,,341275,,118537,15960,271766,,,,,
,,2114,鑫永銓,,,,,,,,,,,,,4.15,3,,上市,114,75929,,,,,,,,323310,,323310,,,,,,,,,,362267,,36972,695283,1157877,462594,462594,100327,,399239,,,,323310,,,,,
,,2115,六暉-KY,,,-210887,,,,,,,,,,1.48,3,,上市,114,65828,,,,,,,,154835,,-56052,,,,,,154835,,,,209344,,11319,1764153,2245950,481797,481797,272453,,220663,,-56052,,154835,,,,,
,,2201,裕隆,,,-1875856,,,,,,,,,,0.77,3,-9,上市,114,1413643,,,,,,,,2901478,,1025622,,,,,,807718,2093760,,,4527325,,-212204,36072399,53835771,17763372,17763363,13236038,,4315121,,-564692,1590314,2901478,,,,,
,0,2204,中華,,,-584182,,,,,,,,,,3.90,3,,上市,114,226608,,,,,,16960,,2265060,,1680878,,,,,,2130732,134328,,,939876,,1551792,19916756,23960066,4043310,4026350,3086474,,2491668,,1653127,27751,2265060,,,,,
,,2206,三陽工業,,,-856633,,,,,,,,,,4.60,3,,上市,114,1024841,,,,,,,,3923619,,3066986,,,,,,3621509,302110,,,4725569,,222891,37672752,47983817,10311065,10311065,5585496,,4948460,,2898843,168143,3923619,,,,,
,,2207,和泰車,,-2132890,,,,,,,,,,,24.86,3,,上市,114,4097968,,191523393,,211936740,,,,16315379,,14182489,,,,,,13847332,2468047,,,,,,,,,,,,,,11964231,2218258,16315379,,,,20413347,
,,2208,台船,,,109550,,,,,,,,,,-1.94,3,,上市,114,16432,,,,,,,,-2477058,,-2367508,,,,,,-2466760,-10298,,,-3236869,,776243,20612935,17941290,-2671645,-2671645,565224,,-2460626,,-2357210,-10298,-2477058,,,,,
,,2211,長榮鋼,,,-2427375,,,,,,,,,,7.36,3,,上市,114,557795,,,,,,,,3457167,,1029792,,,,,,3069979,387188,,,2841550,,1173412,8232989,11509707,3276718,3276718,435168,,4014962,,679290,350502,3457167,,,,,
,,2227,裕日車,0,,-1165578,,,,,,,,,,-0.24,3,,上市,114,24967,,,,,,,,-72313,,-1237891,,,,,,-72313,,,,-451391,,404045,10639551,11733420,1093869,1093869,1545260,,-47346,,-1237891,,-72313,,,,,
,,2228,劍麟,,,-138100,,,,,,,,,,4.06,3,,上市,114,142851,,,,,,,,322784,,184684,,,,,,322784,,,,373599,,92036,2853217,3765298,912081,912081,538482,,465635,,184684,,322784,,,,,
,,2231,為升,,,-36777,,,,,,,,,,-0.06,3,,上市,114,74880,,,,,,,,-187566,,-224343,,,,,,-8236,-179330,,,67511,,-180197,1658222,2601213,942991,942991,875480,,-112686,,-51075,-173268,-187566,,,,,
,,2233,宇隆,,,-178809,,,,,,,,,,5.02,3,,上市,114,58985,,,,,,,,299878,,121069,,,,,,302508,-2630,,,330876,,27987,1728565,2509020,780455,780455,449579,,358863,,123853,-2784,299878,,,,,
,,2236,百達-KY,,,-220338,,,,,,,,,,-2.67,3,,上市,114,102594,,,,,,,,-184011,,-404349,,,,,,-143081,-40930,,,73721,,-155138,6194606,6992876,798270,798270,724549,,-81417,,-359011,-45338,-184011,,,,,
,,2239,英利-KY,,,-959828,,,,,,,,,,-4.74,3,,上市,114,-9195,,,,,,,,-648216,,-1608044,,,,,,-570254,-77962,,,-397725,,-259686,12609500,13955789,1346289,1346289,1744014,,-657411,,-1296032,-312012,-648216,,,,,
,,2241,艾姆勒,,,-12744,,,,,,,,,,-0.60,3,,上市,114,28409,,,,,,,,-69932,,-82676,,,,,,-63138,-6794,,,-125402,,83879,522909,510961,-11948,-11948,113454,,-41523,,-70181,-12495,-69932,,,,,
,,2243,宏旭-KY,,,-51431,,,,,,,,,,-0.11,3,,上市,114,2481,,,,,,,,-7639,,-59070,,,,,,-7639,,,,7650,,-12808,996674,1105965,109291,109291,101641,,-5158,,-59070,,-7639,,,,,
,,2247,汎德永業,23462,,,,,,,,,,,,14.86,3,,上市,114,309143,,,,,,,,1199376,,1199376,,,,,,1199376,,,,1460583,,47936,34822670,39221416,4398746,4398746,2961625,,1508519,,1199376,,1199376,,,,,
,,2248,華勝-KY,,,-82683,,,,,,,,,,3.36,3,,上市,114,33035,,,,,,,,155196,,72513,,,,,,155196,,,,174559,,13672,982379,1406655,424276,424276,249717,,188231,,72513,,155196,,,,,
,,2250,IKKA-KY,,,-85580,,,,,,,,,,3.19,3,,上市,114,28161,,,,,,,,109556,,23976,,,,,,109556,,,,139977,,-2260,2108326,2543469,435143,435143,295166,,137717,,23976,,109556,,,,,
,,2254,巨鎧精密-創,,,0,,,,,,,,,,-0.11,3,,上市,114,-1712,,,,,,,,-6942,,-6942,,,,,,-6942,,,,9694,,-18348,310753,426803,116050,116050,106356,,-8654,,-6942,,-6942,,,,,
,,2258,鴻華先進-創,,,-4355,,,,,,,,,,-1.29,3,,上市,114,-15,,,,,,,,-2253244,,-2257599,,,,,,-2253244,,,,-2428810,,175551,2858724,3573211,714487,714487,3143297,,-2253259,,-2257599,,-2253244,,,,,
,,2301,光寶科,,,-5566853,,,,,,,,,,4.94,3,,上市,114,3246630,,,,,,,,11253858,,5687005,,,,,,11256043,-2185,,,12084703,,2415785,93322019,121728442,28406423,28406423,16321720,,14500488,,5698856,-11851,11253858,,,,,
,,2302,麗正,,,-10441,,,,,,,,,,0.40,3,,上市,114,21796,,,,,,,,66076,,55635,,,,,,66076,,,,93821,,-5949,400794,634424,233630,233630,139809,,87872,,55635,,66076,,,,,
,,2303,聯電,1338596,,-13580538,,,,,,,,,,2.54,3,,上市,114,2609018,,,,,,,,31535438,,17954900,,,,,,31661331,-125893,,,31723249,,2421207,125795593,175743654,49948061,49948061,19563408,,34144456,,18080912,-126012,31535438,,,,,
,,2305,全友,,,-62078,,,,,,,,,,0.02,3,,上市,114,21165,,,,,,,,37383,,-24695,,,,,,3466,33917,,,-840,,59388,307367,528211,220844,220844,221684,,58548,,-54233,29538,37383,,,,,
,,2308,台達電,,,-16029062,,,,,,,,,,16.47,3,,上市,114,13918803,,,,,,,,48298572,,32269510,,,,,,42784710,5513862,,,57513609,,4703766,259018707,393272069,134253362,134253362,76739753,,62217375,,28839821,3429689,48298572,,,,,
,,2312,金寶,,,-2822280,,,,,,,,,,0.85,3,,上市,114,506863,,,,,,,,1680454,,-1141826,,,,,,1269948,410506,,,3276875,,-1089558,112582573,120609061,8026488,8026488,4749613,,2187317,,-908490,-233336,1680454,,,,,
,,2313,華通,,,-1612853,,,,,,,,,,3.61,3,,上市,114,1236077,,,,,,,,4300116,,2687263,,,,,,4300116,,,,5844277,,-308084,44787092,54979500,10192408,10192408,4348131,,5536193,,2687263,,4300116,,,,,
,,2314,台揚,,,-83600,,,,,,,,,,-4.71,3,,上市,114,9270,,,,,,,,-499927,,-583527,,,,,,-499927,,,,-596510,,105853,1052671,1007590,-45081,-45081,551429,,-490657,,-583527,,-499927,,,,,
,,2316,楠梓電,,,-223930,,,,,,,,,,10.81,3,,上市,114,686503,,,,,,,,1960496,,1736566,,,,,,1960496,,,,-409842,,3056841,2700990,2619432,-81558,-81558,328284,,2646999,,1736566,,1960496,,,,,
,,2317,鴻海,,,-106878922,,,,,,,,,,10.38,3,,上市,114,49762078,,,,,,,,161400941,,54522019,,,,,,144141397,17259544,,,173632375,,37530644,5151898671,5496732736,344834065,344834065,171201690,,211163019,,47496384,7025635,161400941,,,,,
,,2321,東訊,,,3814,,,,,,,,,,-0.30,3,,上市,114,4882,,,,,,,,-776,,3038,,,,,,-3767,2991,,,3004,,1102,389139,557685,168546,168546,165542,,4106,,47,2991,-776,,,,,
,,2323,中環,,,-48245,,,,,,,,,,0.37,3,,上市,114,24442,,,,,,,,401969,,353724,,,,,,407570,-5601,,,15358,,411053,3992339,5266430,1274091,1274091,1258733,,426411,,352607,1117,401969,,,,,
,,2324,仁寶,,,-14127405,,,,,,,,,,1.06,3,,上市,114,1916574,,,,,,,,6017261,,-8110144,,,,,,4621030,1396231,,,8001952,,-68117,535021835,566660799,31638964,31638964,23637012,,7933835,,-9333286,1223142,6017261,,,,,
,,2327,國巨*,,,-10077196,,,,,,,,,,8.22,3,,上市,114,5443341,,,,,,,,16970318,,6893122,,,,,,16883453,86865,,,21068850,,1344809,62249193,96961795,34712602,34712602,13643752,,22413659,,6839098,54024,16970318,,,,,
,,2328,廣宇,,,-459726,,,,,,,,,,1.22,3,,上市,114,336890,,,,,,,,721205,,261479,,,,,,631209,89996,,,942195,,115900,14776152,16818482,2042330,2042330,1100135,,1058095,,207773,53706,721205,,,,,
,,2329,華泰,0,,-263255,,,,,,,,,,1.41,3,,上市,114,172541,,,,,,,,1006494,,743239,,,,,,1006494,,,,1089599,,89436,12356609,14529330,2172721,2172721,1083122,,1179035,,743239,,1006494,,,,,
,,2330,台積電,-659039,,-127403017,,,,,,,,,,46.75,3,,上市,114,239318192,,,,,,,,1209981447,,1082578430,,,,,,1212138637,-2157190,,,1371189264,,78110375,1133656708,2762963851,1629307143,1629307143,257458840,,1449299639,,1084587960,-2009530,1209981447,,,,,
,,2331,精英,,,-1260043,,,,,,,,,,1.44,3,,上市,114,393114,,,,,,,,802390,,-457653,,,,,,802677,-287,,,80490,,1115014,12947724,14560853,1613129,1613129,1532639,,1195504,,-456624,-1029,802390,,,,,
,,2332,友訊,,,-325019,,,,,,,,,,-0.48,3,,上市,114,145788,,,,,,,,-183834,,-508853,,,,,,-288870,105036,,,-124216,,86170,7451070,9931578,2480508,2480508,2604724,,-38046,,-514739,5886,-183834,,,,,
,,2337,旺宏,,,1256873,,,,,,,,,,-1.62,3,,上市,114,-320033,,,,,,,,-3010913,,-1754040,,,,,,-3012438,1525,,,-3305287,,-25659,17888238,21150880,3262642,3262642,6567929,,-3330946,,-1755565,1525,-3010913,,,,,
,,2338,光罩,,,-26392,,,,,,,,,,-3.56,3,,上市,114,12661,,,,,,,,-1026311,,-1052703,,,,,,-811161,-215150,,,-405619,,-608031,4268385,4668251,399866,399866,805485,,-1013650,,-837553,-215150,-1026311,,,,,
,,2340,台亞,,,37414,,,,,,,,,,-2.20,3,,上市,114,36845,,,,,,,,-1040466,,-1003052,,,,,,-961486,-78980,,,-930403,,-73218,3299407,3263099,-36308,-36308,894095,,-1003621,,-924072,-78980,-1040466,,,,,
,,2342,茂矽,,,2229,,,,,,,,,,-0.23,3,,上市,114,0,,,,,,,,-35636,,-33407,,,,,,-35597,-39,,,-29808,,-5828,1329575,1590112,260537,260537,290345,,-35636,,-33368,-39,-35636,,,,,
,,2344,華邦電,,,2301814,,,,,,,,,,0.12,3,,上市,114,510884,,,,,,,,82792,,2384606,,,,,,539575,-456783,,,1442596,,-848920,42731184,62781097,20049913,20049913,18607317,,593676,,3223422,-838816,82792,,,,,
,,2345,智邦,,,1449923,,,,,,,,,,32.18,3,,上市,114,4644684,,,,,,52945,,17958033,,19407956,,,,,,17985718,-27685,,,23022414,,-419697,144272226,176301922,32029696,31976751,8954337,,22602717,,19437959,-30003,17958033,,,,,
,,2347,聯強,,,-2197058,,,,,,,,,,3.42,3,,上市,114,1948430,,,,,,,,6098422,,3901364,,,,,,5706451,391971,,,5359200,,2687652,272811348,284942754,12131406,12131406,6772206,,8046852,,3828842,72522,6098422,,,,,
,,2348,海悅,,,-126017,,,,,,,,,,3.61,3,,上市,114,306607,,,,,,,,609677,,483660,,,,,,596494,13183,,,1140217,,-223933,2768068,4415233,1647165,1647165,506948,,916284,,470477,13183,609677,,,,,
,,2349,錸德,,,-241294,,,,,,,,,,-0.34,3,,上市,114,47117,,,,,,,,-164355,,-405649,,,,,,-234181,69826,,,-82632,,-34606,5124945,5871244,746299,746299,828931,,-117238,,-398686,-6963,-164355,,,,,
,,2351,順德,,,-93676,,,,,,,,,,0.86,3,,上市,114,56594,,,,,,,,184330,,90654,,,,,,157513,26817,,,321661,,-80737,6706824,7663519,956695,956695,635034,,240924,,63837,26817,184330,,,,,
,,2352,佳世達,,,-3821412,,,,,,,,,,0.59,3,,上市,114,1031100,,,,,,,,1348578,,-2472834,,,,,,1090442,258136,,,2578615,,-198937,129619496,155743262,26123766,26123766,23545151,,2379678,,-2267813,-205021,1348578,,,,,
,,2353,宏碁,57996,,-1172688,,,,,,,,,,0.90,3,,上市,114,1418164,,,,,,,,4053255,,2880567,,,,,,2709997,1343258,,,3277842,,2193577,179872235,201268726,21396491,21396491,18176645,,5471419,,1440464,1440103,4053255,,,,,
,,2354,鴻準,,,-8030548,,,,,,,,,,1.68,3,,上市,114,1100937,,,,,,,,2334715,,-5695833,,,,,,2373086,-38371,,,1519452,,1916200,109507697,113555634,4047937,4047937,2528485,,3435652,,-5703357,7524,2334715,,,,,
,,2355,敬鵬,,,-473085,,,,,,,,,,0.96,3,,上市,114,160927,,,,,,,,380026,,-93059,,,,,,380061,-35,,,276024,,264929,10532169,11789945,1257776,1257776,981752,,540953,,-92984,-75,380026,,,,,
,,2356,英業達,,,-1573134,,,,,,,,,,1.85,3,,上市,114,2058087,,,,,,,,7210416,,5637282,,,,,,6622451,587965,,,10174730,,-906227,492105721,519897249,27791528,27791528,17616798,,9268503,,5064855,572427,7210416,,,,,
,,2357,華碩,,,-22430751,,,,,,,,,,44.63,3,,上市,114,6240329,,,,,,10039,,35725341,,13294590,,,,,,33152502,2572839,,,30253210,,11712460,456702659,535980845,79278186,79268147,49014937,,41965670,,12761238,533352,35725341,,,,,
,,2359,所羅門,,,-51409,,,,,,,,,,0.10,3,,上市,114,-3923,,,,,,,,24010,,-27399,,,,,,16296,7714,,,38103,,-18016,2474317,3179282,704965,704965,666862,,20087,,-27634,235,24010,,,,,
,,2360,致茂,,,-633681,,,,,,,,,,21.67,3,77,上市,114,1232566,,,,,,,,9277296,,8643615,,,,,,9142112,135184,,,6209641,,4300221,7522786,19730565,12207779,12207856,5998215,,10509862,,8533313,110302,9277296,,,,,
,,2362,藍天,,,-2994267,,,,,,,,,,1.57,3,,上市,114,46633,,,,,,,,910918,,-2083349,,,,,,910918,,,,1322326,,-364775,11758641,15255864,3497223,3497223,2174897,,957551,,-2083349,,910918,,,,,
,,2363,矽統,,,675039,,,,,,,,,,1.46,3,,上市,114,65819,,,,,,,,726865,,1401904,,,,,,751052,-24187,,,-71367,,864051,1346624,1999996,653372,653372,724739,,792684,,1426230,-24326,726865,,,,,
,,2364,倫飛,,,-1199,,,,,,,,,,3.14,3,,上市,114,348,,,,,,,,163793,,162594,,,,,,164592,-799,,,173048,,-8907,700634,1163644,463010,463010,289962,,164141,,161328,1266,163793,,,,,
,,2365,昆盈,,,-34158,,,,,,,,,,0.22,3,,上市,114,14675,,,,,,,,48976,,14818,,,,,,49504,-528,,,49494,,14157,419088,714508,295420,295420,245926,,63651,,15476,-658,48976,,,,,
,,2367,燿華,,,-414477,,,,,,,,,,0.71,3,,上市,114,40333,,,,,,,,505716,,91239,,,,,,505716,,,,637384,,-91335,10451393,12537954,2086561,2086561,1449177,,546049,,91239,,505716,,,,,
,,2368,金像電,-20518,,-706319,,,,,,,,,,13.61,3,,上市,114,3215939,,,,,,,,6675522,,5969203,,,,,,6675522,,,,10056623,,-165162,29436581,43595554,14158973,14158973,4081832,,9891461,,5969203,,6675522,,,,,
,0,2369,菱生,,,-31819,,,,,,,,,,-0.99,3,,上市,114,4758,,,,,,,,-388308,,-420127,,,,,,-368901,-19407,,,-405580,,22030,4143535,4014948,-128587,-128587,276993,,-383550,,-400720,-19407,-388308,,,,,
,,2371,大同,20150,,-442309,,,,,,,,,,0.65,3,,上市,114,569588,,,,,,,,1327858,,885549,,,,,,1384560,-56702,,,1749640,,147806,30653827,37040356,6386529,6386529,4657039,,1897446,,1136766,-251217,1327858,,,,,
,,2373,震旦行,,,-535565,,,,,,,,,,2.79,3,76647,上市,114,132713,,,,,,73709,,667655,,132090,,,,,,626381,41274,,,575978,,224390,4296319,8005137,3708818,3711756,3135778,,800368,,142202,-10112,667655,,,,,
,,2374,佳能,,,296941,,,,,,,,,,1.52,3,,上市,114,137376,,,,,,,,451044,,747985,,,,,,488443,-37399,,,607016,,-18596,4797248,6569844,1772596,1772596,1165580,,588420,,804668,-56683,451044,,,,,
,,2375,凱美,,,-372667,,,,,,,,,,2.77,3,,上市,114,181430,,,,,,,,301131,,-71536,,,,,,301131,,,,389829,,92732,3355313,4205355,850042,850042,460213,,482561,,-71536,,301131,,,,,
,,2376,技嘉,,,-736509,,,,,,,,,,13.77,3,,上市,114,2898881,,,,,,,,10033811,,9297302,,,,,,9221273,812538,,,12969595,,-36903,221590738,247587020,25996282,25996282,13026687,,12932692,,8487346,809956,10033811,,,,,
,,2377,微星,,,-644937,,,,,,,,,,4.87,3,,上市,114,1046458,,,,,,,,4115891,,3470954,,,,,,4115891,,,,4872703,,289646,153777790,172588178,18810388,18810388,13937685,,5162349,,3470954,,4115891,,,,,
,,2379,瑞昱,,,-4527527,,,,,,,,,,23.59,3,,上市,114,2175067,,,,,,,,12099449,,7571922,,,,,,12099400,49,,,12025190,,2249326,47689698,96427898,48738200,48738200,36713010,,14274516,,7571873,49,12099449,,,,,
,,2380,虹光,,,-59347,,,,,,,,,,0.47,3,,上市,114,5161,,,,,,,,103668,,44321,,,,,,102878,790,,,61086,,47743,1410057,2100011,689954,689954,628868,,108829,,43628,693,103668,,,,,
,,2382,廣達,,,-12576657,,,,,,,,,,13.70,3,,上市,114,14392719,,,,,,,,53402339,,40825682,,,,,,52790417,611922,,,63377557,,4417501,1377117744,1485052023,107934279,107934279,44556722,,67795058,,40366860,458822,53402339,,,,,
,,2383,台光電,,,-1234428,,,,,,,,,,31.23,3,,上市,114,3346838,,,,,,,,10908829,,9674401,,,,,,10911847,-3018,,,14173353,,82314,48338010,69333400,20995390,20995390,6822037,,14255667,,9676120,-1719,10908829,,,,,
,,2385,群光,,,-3748013,,,,,,,,,,8.01,3,,上市,114,1292320,,,,,,,,6661316,,2913303,,,,,,5830877,830439,,,6419854,,1533782,59206490,72583888,13377398,13377398,6957544,,7953636,,2380019,533284,6661316,,,,,
,,2387,精元,,,-458870,,,,,,,,,,2.56,3,,上市,114,373493,,,,,,,,442425,,-16445,,,,,,494528,-52103,,,901790,,-85872,12393365,14525453,2132088,2132088,1230298,,815918,,86035,-102480,442425,,,,,
,,2388,威盛,,,-617219,,,,,,,,,,-1.10,3,,上市,114,74557,,,,,,,,-599324,,-1216543,,,,,,-610549,11225,,,-1002252,,477485,4979168,6497895,1518727,1518727,2520979,,-524767,,-1231526,14983,-599324,,,,,
,,2390,云辰,,,-16443,,,,,,,,,,0.07,3,,上市,114,4845,,,,,,,,13782,,-2661,,,,,,13782,0,,,-20828,,39455,398799,509637,110838,110838,131666,,18627,,-2661,0,13782,,,,,
,,2392,正崴,,,-1718912,,,,,,,,,,-4.81,3,,上市,114,599847,,,,,,,,-14854030,,-16572942,,,,,,-2228352,-12625678,,,-13604640,,-649543,75892694,69218999,-6673695,-6673695,6930945,,-14254183,,-3908333,-12664609,-14854030,,,,,
,,2393,億光,,,-336002,,,,,,,,,,3.34,3,,上市,114,522602,,,,,,,,1501434,,1165432,,,,,,1478801,22633,,,2036003,,-11967,10308882,15014731,4705849,4705849,2669846,,2024036,,1137360,28072,1501434,,,,,
,,2395,研華,,,-610525,,,,,,,,,,8.67,3,,上市,114,1602016,,,,,,,,7406863,,6796338,,,,,,7489066,-82203,,,8755786,,253093,31892396,52960953,21068557,21068557,12312771,,9008879,,6871686,-75348,7406863,,,,,
,,2397,友通,,,-50880,,,,,,,,,,2.48,3,,上市,114,125929,,,,,,,,384805,,333925,,,,,,283412,101393,,,568408,,-57674,6102538,8271682,2169144,2169144,1600736,,510734,,250732,83193,384805,,,,,
,,2399,映泰,,,1916,,,,,,,,,,-0.11,3,,上市,114,-12067,,,,,,,,-18849,,-16933,,,,,,-18849,,,,-111748,,80832,1330451,1415670,85219,85219,196967,,-30916,,-16933,,-18849,,,,,
,,2401,凌陽,-1005,,-289248,,,,,,,,,,-0.26,3,,上市,114,115077,,,,,,,,73532,,-215716,,,,,,-152316,225848,,,39879,,148730,2554628,4806272,2251644,2251644,2210760,,188609,,-427489,211773,73532,,,,,
,,2402,毅嘉,,,-415851,,,,,,,,,,1.86,3,,上市,114,142672,,,,,,,,566545,,150694,,,,,,566545,,,,669823,,39394,6595117,8124142,1529025,1529025,859202,,709217,,150694,,566545,,,,,
,,2404,漢唐,,,-219454,,,,,,,,,,34.07,3,,上市,114,1717606,,,,,,,,6519604,,6300150,,,,,,6424996,94608,,,8134783,,102427,35840611,45537722,9697111,9697111,1562328,,8237210,,6216565,83585,6519604,,,,,
,2676,2405,輔信,,,-26885,,,,,,,,,,-0.15,3,,上市,114,1338,,,,,,,,-57166,,-84051,,,,,,-51580,-5586,,,-47529,,-10975,772072,1285305,513233,513233,560762,,-58504,,-78500,-5551,-59842,,,,,
,,2406,國碩,,,167464,,,,,,,,,,-0.92,3,3306,上市,114,33279,,,,,,0,,-892301,,-724837,,,,,,-321168,-571133,,,-447721,,-411301,3675518,4040660,365142,368448,816169,,-859022,,-266797,-458040,-892301,,,,,
,,2408,南亞科,,,-3389236,,,,,,,,,,-1.45,3,0,上市,114,-1021465,,,,,,165,,-4479418,,-7868654,,,,,,-4479418,,,,-6537364,,1036481,36267546,36492902,225356,225191,6762555,,-5500883,,-7868654,,-4479418,,,,,
,,2409,友達,,,-6340537,,,,,,,,,,0.52,3,,上市,114,1486050,,,,,,,,4065811,,-2274726,,,,,,3961338,104473,,,837765,,4714096,186416130,211246176,24830046,24830046,23992281,,5551861,,-2237296,-37430,4065811,,,,,
,,2412,中華電,8219,,486473,,,,,,,,,,3.79,3,,上市,114,7432056,,,,,,,,30655286,,31141759,,,,,,29406456,1248830,,,37167934,,919408,105570809,170463142,64892333,64892333,27732618,,38087342,,29916625,1225134,30655286,,,,,
,,2413,環科,,,-49821,,,,,,,,,,-0.25,3,,上市,114,-2996,,,,,,,,-32493,,-82314,,,,,,-32407,-86,,,-5224,,-30265,2107123,2465722,358599,358599,363823,,-35489,,-82228,-86,-32493,,,,,
,,2414,精技,,,-7138,,,,,,,,,,2.38,3,,上市,114,107046,,,,,,,,428170,,421032,,,,,,385638,42532,,,553578,,-18362,19819699,21516848,1697149,1697149,1143571,,535216,,382803,38229,428170,,,,,
,,2415,錩新,36895,,-333847,,,,,,,,,,1.37,3,,上市,114,78307,,,,,,,,166668,,-167179,,,,,,122885,43783,,,266948,,-21973,1272498,1744000,471502,471502,241449,,244975,,-74850,-92329,166668,,,,,
,,2417,圓剛,,,-19453,,,,,,,,,,-0.80,3,,上市,114,13168,,,,,,,,-90776,,-110229,,,,,,-103409,12633,,,-58498,,-19110,1109632,2489712,1380080,1380080,1438578,,-77608,,-112248,2019,-90776,,,,,
,,2419,仲琦,,,-189405,,,,,,,,,,-0.17,3,,上市,114,-20374,,,,,,,,43818,,-145587,,,,,,-56180,99998,,,55105,,-31661,5220179,6343528,1123349,1123349,1068244,,23444,,-245244,99657,43818,,,,,
,,2420,新巨,,,-48061,,,,,,,,,,2.72,3,,上市,114,111285,,,,,,,,414991,,366930,,,,,,414693,298,,,449190,,77086,911860,1653191,741331,741331,292141,,526276,,366632,298,414991,,,,,
,,2421,建準,,,-265469,,,,,,,,,,5.65,3,,上市,114,454970,,,,,,,,1540574,,1275105,,,,,,1540574,,,,1999172,,-3628,9572308,13759838,4187530,4187530,2188358,,1995544,,1275105,0,1540574,,,,,
,,2423,固緯,,,-27331,,,,,,,,,,2.00,3,,上市,114,87195,,,,,,,,289446,,262115,,,,,,289446,,,,377438,,-797,970103,2082296,1112193,1112193,734755,,376641,,262115,,289446,,,,,
,,2424,隴華,,,1484,,,,,,,,,,-1.30,3,,上市,114,0,,,,,,,,-73970,,-72486,,,,,,-75253,1283,,,-88296,,14326,114330,132724,18394,18394,106690,,-73970,,-74319,1833,-73970,,,,,
,107906,2425,承啟,,,-52637,,,,,,,,,,-0.95,3,,上市,114,29384,,,,,,,,-38461,,-91098,,,,,,-91335,52874,,,-21049,,-95934,2188817,2340705,151888,151888,172937,,-116983,,-125399,34301,-146367,,,,,
,,2426,鼎元,0,,-24522,,,,,,,,,,-0.18,3,,上市,114,7192,,,,,,,,-53525,,-78047,,,,,,-53525,0,,,-23142,,-23191,1587557,1821162,233605,233605,256747,,-46333,,-78047,0,-53525,,,,,
,,2427,三商電,,,-14771,,,,,,,,,,1.11,3,,上市,114,50016,,,,,,,,218584,,203813,,,,,,218584,0,,,274599,,-5999,2870949,4006957,1136008,1136008,861409,,268600,,203813,0,218584,,,,,
,,2428,興勤,,,-453048,,,,,,,,,,8.43,3,,上市,114,523001,,,,,,,,1068605,,615557,,,,,,1080312,-11707,,,1564767,,26839,3587980,6030642,2442662,2442662,877895,,1591606,,627264,-11707,1068605,,,,,
,,2429,銘旺科,,,-823,,,,,,,,,,-0.92,3,,上市,114,6287,,,,,,,,-81923,,-82746,,,,,,-78712,-3211,,,-96207,,20571,312732,321227,8495,8495,104702,,-75636,,-79535,-3211,-81923,,,,,
,,2430,燦坤,,,-8891,,,,,,,,,,0.32,3,,上市,114,9166,,,,,,,,37765,,28874,,,,,,37765,,,,88560,,-41629,11387780,13369850,1982070,1982070,1893510,,46931,,28874,,37765,,,,,
,,2431,聯昌,,,-46427,,,,,,,,,,-0.51,3,,上市,114,21,,,,,,,,-56134,,-102561,,,,,,-56134,,,,-83715,,27602,313895,306825,-7070,-7070,76645,,-56113,,-102561,,-56134,,,,,
,,2432,倚天酷碁-創,,,-48133,,,,,,,,,,0.96,3,,上市,114,18347,,,,,,,,59464,,11331,,,,,-1211,60675,,,,58130,,19681,2043260,2318840,275580,275580,217450,,77811,-40,11371,,59464,,,,,
,,2433,互盛電,,,-276934,,,,,,,,,,2.40,3,,上市,114,66532,,,,,,,,360528,,83594,,,,,,347071,13457,,,298342,,128718,1302946,2025866,722920,722920,424578,,427060,,104250,-20656,360528,,,,,
,,2434,統懋,,,-3704,,,,,,,,,,0.32,3,,上市,114,0,,,,,,,,12022,,8318,,,,,,12022,,,,-42627,,54649,38359,34527,-3832,-3832,38795,,12022,,8318,,12022,,,,,
,,2436,偉詮電,,,-8264,,,,,,,,,,1.45,3,,上市,114,14271,,,,,,,,267138,,258874,,,,,,255823,11315,,,203937,,77472,1862147,2643331,781184,781184,577247,,281409,,247401,11473,267138,,,,,
,,2438,翔耀,,,-4215,,,,,,,,,,-2.11,3,,上市,114,-16,,,,,,,,-145681,,-149896,,,,,,-130995,-14686,,,-61728,,-83969,230331,320233,89902,89902,151630,,-145697,,-131325,-18571,-145681,,,,,
,,2439,美律,,,-817194,,,,,,,,,,3.77,3,,上市,114,110933,,,,,,,,1253008,,435814,,,,,,938704,314304,,,911566,,452375,28335752,32307126,3971374,3971374,3059808,,1363941,,264863,170951,1253008,,,,,
,,2440,太空梭,,,-9025,,,,,,,,,,-0.26,3,,上市,114,8014,,,,,,,,-35990,,-45015,,,,,,-35990,,,,4536,,-32512,2493221,2588874,95653,95653,91117,,-27976,,-45015,,-35990,,,,,
,,2441,超豐,,,477321,,,,,,,,,,3.18,3,,上市,114,378880,,,,,,,,1811455,,2288776,,,,,,1811703,-248,,,2036328,,154007,9938037,12468256,2530219,2530219,493891,,2190335,,2289024,-248,1811455,,,,,
,,2442,新美齊,,,-27133,,,,,,,,,,0.65,3,,上市,114,59256,,,,,,,,174391,,147258,,,,,,174216,175,,,169924,,63723,503638,805390,301752,301752,131828,,233647,,147083,175,174391,,,,,
,,2444,兆勁,,,3849,,,,,,,,,,-1.54,3,,上市,114,0,,,,,,,,-156770,,-152921,,,,,0,-156770,0,,,-130918,,-25852,842136,873468,31332,31332,162250,,-156770,0,-152921,0,-156770,,,,,
,3053084,2449,京元電子,,,-66205,,,,,,,,,,7.17,3,,上市,114,1916607,,,,,,,,8809773,,8743568,,,,,,8767629,42144,,,6190946,,1482350,16199160,24967894,8768734,8768734,2577788,,7673296,,8701864,41704,5756689,,,,,
,,2450,神腦,473,,-26542,,,,,,,,,,1.06,3,,上市,114,45538,,,,,,,,273347,,246805,,,,,,274122,-775,,,157931,,160954,20339574,22791589,2452015,2452015,2294557,,318885,,247580,-775,273347,,,,,
,,2451,創見,,,75925,,,,,,,,,,5.37,3,,上市,114,524999,,,,,,,,2305161,,2381086,,,,,,2305161,,,,2772405,,57755,6495161,10321785,3826624,3826624,1054219,,2830160,,2381086,,2305161,,,,,
,,2453,凌群,,,-4814,,,,,,,,,,2.20,3,,上市,114,43629,,,,,,,,219188,,214374,,,,,,219985,-797,,,243168,,19649,3747344,5031898,1284554,1284554,1041386,,262817,,215470,-1096,219188,,,,,
,,2454,聯發科,,,-21220556,,,,,,,,,,51.76,3,,上市,114,14696288,,,,,,,,83044040,,61823484,,,,,,82394205,649835,,,81619769,,16120559,231978639,445777672,213799033,213799033,132179264,,97740328,,61213177,610307,83044040,,,,,
,,2455,全新,,,,,,,,,,,,,1.92,3,,上市,114,67337,,,,,,,,354060,,354060,,,,,,,,,,460251,,-38854,1558421,2420554,862133,862133,401882,,421397,,,,354060,,,,,
,,2457,飛宏,,,-445187,,,,,,,,,,-0.97,3,,上市,114,2156,,,,,,,,-414233,,-859420,,,,,,-414233,,,,-437629,,25552,5880428,7444505,1564077,1564077,2001706,,-412077,,-859420,0,-414233,,,,,
,,2458,義隆,,,-14597,,,,,,,,,,5.96,3,-1187,上市,114,487327,,,,,,,,1595129,,1580532,,,,,,1706572,-111443,,,2321132,,-238676,4879177,9466577,4587400,4586213,2265081,,2082456,,1692448,-111916,1595129,,,,,
,,2459,敦吉,,,-321777,,,,,,,,,,4.39,3,,上市,114,132388,,,,,,,,473203,,151426,,,,,,463744,9459,,,462526,,143065,2620042,3600785,980743,980743,518217,,605591,,160052,-8626,473203,,,,,
,,2460,建通,,,-125977,,,,,,,,,,-2.59,3,,上市,114,12766,,,,,,,,-429839,,-555816,,,,,,-429839,,,,-369875,,-47198,2264372,2219395,-44977,-44977,324898,,-417073,,-555816,,-429839,,,,,
,,2461,光群雷,,,-222433,,,,,,,,,,-0.32,3,,上市,114,57774,,,,,,,,-70705,,-293138,,,,,,-53956,-16749,,,7660,,-20591,3089965,3925273,835308,835308,827648,,-12931,,-242314,-50824,-70705,,,,,
,,2462,良得電,,,-121239,,,,,,,,,,0.02,3,,上市,114,-2173,,,,,,,,3020,,-118219,,,,,,2658,362,,,116266,,-115419,2709234,3144022,434788,434788,318522,,847,,-117406,-813,3020,,,,,
,,2464,盟立,1956,,-106317,,,,,,,,,,-0.58,3,,上市,114,-44873,,,,,,-7028,,-115057,,-221374,,,,,,-118705,3648,,,-18381,,-141549,4045405,4992315,946910,953938,974275,,-159930,,-224899,3525,-115057,,,,,
,-11042,2465,麗臺,,,-17693,,,,,,,,,,0.09,3,,上市,114,11031,,,,,,,,7384,,-10309,,,,,,7291,93,,,65556,,-36099,3169281,3507986,338705,338705,273149,,29457,,-10306,-3,18426,,,,,
,,2466,冠西電,,,-282097,,,,,,,,,,0.98,3,,上市,114,-295,,,,,,,,169279,,-112818,,,,,,169279,,,,-221929,,390913,822627,832277,9650,9650,231579,,168984,,-112818,,169279,,,,,
,,2467,志聖,,,416754,,,,,,,,,,3.78,3,,上市,114,188332,,,,,,,,605626,,1022380,,,,,,569146,36480,,,606149,,187809,2481899,4355260,1873361,1873361,1267212,,793958,,1009620,12760,605626,,,,,
,,2468,華經,,,-3826,,,,,,,,,,0.77,3,,上市,114,14371,,,,,,,,54092,,50266,,,,,,54092,,,,58418,,10045,1861264,2054226,192962,192962,134544,,68463,,50266,,54092,,,,,
,,2471,資通,,,-2139,,,,,,,,,,1.71,3,,上市,114,12109,,,,,,,,80521,,78382,,,,,,80600,-79,,,92298,,332,405594,684464,278870,278870,186572,,92630,,78701,-319,80521,,,,,
,,2472,立隆電,,,-535048,,,,,,,,,,5.19,3,,上市,114,437406,,,,,,,,1239409,,704361,,,,,,854638,384771,,,1668851,,7964,5729481,8407118,2677637,2677637,1008786,,1676815,,501225,203136,1239409,,,,,
,,2474,可成,,,-8689341,,,,,,,,,,7.45,3,,上市,114,2084958,,,,,,,,4966911,,-3722430,,,,,,4769005,197906,,,2506655,,4545214,9831838,14295685,4463847,4463847,1957192,,7051869,,-3920336,197906,4966911,,,,,
,,2476,鉅祥,287,,-273131,,,,,,,,,,2.72,3,0,上市,114,266705,,,,,,,,665503,,392372,,,,,,574833,90670,,,861441,,70767,3816081,5432901,1616820,1616820,755666,,932208,,326635,65737,665503,,,,,
,,2477,美隆電,,,-440049,,,,,,,,,,1.58,3,,上市,114,72631,,,,,,,,243435,,-196614,,,,,,251276,-7841,,,126631,,189435,1380890,1888231,507341,507341,380710,,316066,,-156666,-39948,243435,,,,,
,,2478,大毅,,,-149639,,,,,,,,,,2.53,3,,上市,114,45544,,,,,,,,365092,,215453,,,,,,363115,1977,,,457818,,-47182,3147760,4052768,905008,905008,447190,,410636,,214855,598,365092,,,,,
,,2480,敦陽科,,,-4353,,,,,,,,,,5.94,3,,上市,114,164574,,,,,,,,631746,,627393,,,,,,631746,0,,,763211,,33109,4692784,6205496,1512712,1512712,749501,,796320,,627393,0,631746,,,,,
,,2481,強茂,,,-646261,,,,,,,,,,2.18,3,,上市,114,215848,,,,,,,,983145,,336884,,,,,,831757,151388,,,849420,,349573,6743869,9741460,2997591,2997591,2148171,,1198993,,222117,114767,983145,,,,,
,,2482,連宇,,,-53353,,,,,,,,,,-0.83,3,,上市,114,-12947,,,,,,,,-64456,,-117809,,,,,,-64450,-6,,,-55788,,-21615,217221,389391,172170,172170,227958,,-77403,,-117803,-6,-64456,,,,,
,,2483,百容,,,-26445,,,,,,,,,,0.68,3,,上市,114,92666,,,,,,,,74580,,48135,,,,,,73777,803,,,-88800,,256046,1202535,1325302,122767,122767,211567,,167246,,46326,1809,74580,,,,,
,,2484,希華,,,69652,,,,,,,,,,0.26,3,,上市,114,5827,,,,,,,,42146,,111798,,,,,,42136,10,,,44058,,3915,1550774,1850761,299987,299987,255929,,47973,,111793,5,42146,,,,,
,,2485,兆赫,,,-56821,,,,,,,,,,-1.33,3,,上市,114,340,,,,,,,,-450870,,-507691,,,,,,-421295,-29575,,,-397981,,-52549,1705864,1675294,-30570,-30570,367411,,-450530,,-478116,-29575,-450870,,,,,
,,2486,一詮,,,-94996,,,,,,,,,,0.16,3,,上市,114,-20191,,,,,,,,48523,,-46473,,,,,,37819,10704,,,97724,,-69392,3886178,4500500,614322,614322,516598,,28332,,-57177,10704,48523,,,,,
,,2488,漢平,,,-78653,,,,,,,,,,3.53,3,,上市,114,51129,,,,,,,,282338,,203685,,,,,,282338,,,,275921,,57546,1632431,2147708,515277,515277,239356,,333467,,203685,,282338,,,,,
,,2489,瑞軒,,,-552967,,,,,,,,,,0.81,3,,上市,114,112184,,,,,,,,548601,,-4366,,,,,,537662,10939,,,396920,,263865,16748046,18585855,1837809,1837809,1440889,,660785,,-8330,3964,548601,,,,,
,,2491,吉祥全,,,7034,,,,,,,,,,0.49,3,,上市,114,-21,,,,,,,,27204,,34238,,,,,,39784,-12580,,,-106980,,134163,104600,131154,26554,26554,133534,,27183,,44105,-9867,27204,,,,,
,,2492,華新科,,,-1490204,,,,,,,,,,2.95,3,,上市,114,425717,,,,,,,,1871458,,381254,,,,,,1428168,443290,,,1548450,,748725,23007628,27707893,4700265,4700265,3151815,,2297175,,-78731,459985,1871458,,,,,
,,2493,揚博,,,-16244,,,,,,,,,,3.16,3,,上市,114,94514,,,,,,,,401117,,384873,,,,,,401117,,,,507344,,-11713,1922774,2776140,853366,853366,346022,,495631,,384873,,401117,,,,,
,,2495,普安,,,-2406,,,,,,,,,,0.45,3,,上市,114,15527,,,,,,,,121961,,119555,,,,,,121961,0,,,28926,,108562,474972,833161,358189,358189,329263,,137488,,119555,0,121961,,,,,
,,2496,卓越,,,-5,,,,,,,,,,4.36,3,,上市,114,22943,,,,,,,,82114,,82109,,,,,,83219,-1105,,,103004,,2053,297048,638467,341419,341419,238415,,105057,,83215,-1106,82114,,,,,
,,2497,怡利電,,,-29961,,,,,,,,,,1.49,3,,上市,114,53967,,,,,,,,182687,,152726,,,,,,182687,,,,334200,,-97546,2486224,3338424,852200,852200,518000,,236654,,152726,,182687,,,,,
,,2498,宏達電,,,-1363688,,,,,,,,,,7.88,3,,上市,114,2343358,,,,,,,,6582225,,5218537,,,,,,6582225,,,,-2833929,,11759512,1347711,2119695,771984,771984,3605913,,8925583,,5218537,,6582225,,,,,
,,2501,國建,,,-247687,,,,,,,,,,1.91,3,,上市,114,385107,,,,,,,,2178383,,1930696,,,,,,2212931,-34548,,,2647633,,-84143,11129533,15557136,4427603,4427603,1779970,,2563490,,1965244,-34548,2178383,,,,,
,,2504,國產,,,-392480,,,,,,,,,,2.45,3,,上市,114,809342,,,,,,,,2987419,,2594939,,,,,,2885726,101693,,,3765657,,31104,12206958,16792486,4585528,4585528,819871,,3796761,,2493246,101693,2987419,,,,,
,,2505,國揚,,,-139938,,,,,,,,,,1.54,3,,上市,114,39034,,,,,,,,588030,,448092,,,,,,585830,2200,,,503300,,123764,1788755,2560341,771586,771586,268286,,627064,,445892,2200,588030,,,,,
,,2506,太設,586,,117914,,,,,,,,,,0.05,3,,上市,114,74171,,,,,,,,103521,,221435,,,,,,17498,86023,,,57893,,119799,505629,920106,414477,414477,357170,,177692,,135089,86346,103521,,,,,
,,2509,全坤建,,,-231206,,,,,,,,,,-0.62,3,,上市,114,2530,,,,,,,,-135535,,-366741,,,,,,-138249,2714,,,-71878,,-61127,149101,194071,44970,44970,116848,,-133005,,-348321,-18420,-135535,,,,,
,,2511,太子,,,-266277,,,,,,,,,,0.20,3,,上市,114,60806,,,,,,,,301715,,35438,,,,,,329714,-27999,,,301165,,61356,4170448,5987062,1816614,1816614,1515449,,362521,,63437,-27999,301715,,,,,
,,2514,龍邦,,,44089,,,,,,,,,,1.43,3,,上市,114,128277,,,,,,,,805441,,849530,,,,,,518229,287212,,,826843,,106875,13953632,16101919,2148287,2148287,1321444,,933718,,555958,293572,805441,,,,,
,,2515,中工,,,-632724,,,,,,,,,,0.27,3,,上市,114,109104,,,,,,,,417679,,-215045,,,,,,411863,5816,,,598706,,-71923,13657643,14675990,1018347,1018347,419641,,526783,,-51392,-163653,417679,,,,,
,,2516,新建,,,-17434,,,,,,,,,,0.57,3,,上市,114,0,,,,,,,,129823,,112389,,,,,,129823,,,,98734,,31089,7193927,7413242,219315,219315,120581,,129823,,112389,,129823,,,,,
,,2520,冠德,,,1565,,,,,,,,,,1.72,3,,上市,114,549377,,,,,,,,1546520,,1548085,,,,,,1026363,520157,,,2101368,,-5471,12606635,16195936,3589301,3589301,1487933,,2095897,,1026777,521308,1546520,,,,,
,,2524,京城,,,0,,,,,,,,,,1.73,3,,上市,114,178518,,,,,,,,636441,,636441,,,,,,636441,,,,1087313,,-272354,1792703,3272392,1479689,1479689,392376,,814959,,636441,,636441,,,,,
,,2527,宏璟,,,106800,,,,,,,,,,0.60,3,,上市,114,55121,,,,,,,,140249,,247049,,,,,,156546,-16297,,,-7077,,202447,262814,460505,197691,197691,204768,,195370,,262513,-15464,140249,,,,,
,,2528,皇普,,,,,,,,,,,,,3.39,3,,上市,114,319950,,,,,,,,1403802,,1403802,,,,,,,,,,1768804,,-45052,8621512,10862639,2241127,2241127,472323,,1723752,,,,1403802,,,,,
,,2530,華建,,,-1831,,,,,,,,,,2.07,3,,上市,114,435772,,,,,,,,1731505,,1729674,,,,,,1736218,-4713,,,2170629,,-3352,3647461,6198441,2550980,2550980,380351,,2167277,,1734387,-4713,1731505,,,,,
,,2534,宏盛,,,-49929,,,,,,,,,,1.85,3,,上市,114,-2166,,,,,,,,877362,,827433,,,,,,877362,,,,1035429,,-160233,2697587,4386019,1688432,1688432,653003,,875196,,827433,,877362,,,,,
,,2535,達欣工,,,-155498,,,,,,,,,,4.37,3,,上市,114,242163,,,,,,,,1120871,,965373,,,,,,1136758,-15887,,,1263824,,99210,14707193,16516268,1809075,1809075,545251,,1363034,,997099,-31726,1120871,,,,,
,,2536,宏普,,,,,,,,,,,,,1.07,3,,上市,114,98733,,,,,,,,354854,,354854,,,,,,355991,-1137,,,704222,,-250635,3197962,4211431,1013469,1013469,309247,,453587,,355991,-1137,354854,,,,,
,,2537,聯上發,,,,,,,,,,,,,0.10,3,,上市,114,25278,,,,,,,,31228,,31228,,,,,,,,,,114419,,-57913,386446,597155,210709,210709,96290,,56506,,,,31228,,,,,
,,2538,基泰,,,-52992,,,,,,,,,,0.56,3,,上市,114,93628,,,,,,,,248090,,195098,,,,,,248090,0,,,-8032,,349750,46816,207431,160615,160615,168647,,341718,,195098,0,248090,,,,,
,,2539,櫻花建,,,,,,,,,,,,,2.34,3,,上市,114,678352,,,,,,,,2788092,,2788092,,,,,,2788092,,,,3441881,,24563,5922409,9912568,3990159,3990159,548278,,3466444,,2788092,,2788092,,,,,
,,2540,愛山林,,,,,,,,,,,,,0.68,3,,上市,114,111836,,,,,,,,630269,,630269,,,,,,630269,,,,929837,,-187732,7498067,9452105,1954038,1954038,1024201,,742105,,630269,,630269,,,,,
,,2542,興富發,,,0,,,,,,,,,,0.95,3,,上市,114,322511,,,,,,,,1666712,,1666712,,,,,,2010091,-343379,,,1862969,,126254,10654655,14371986,3717331,3717331,1854362,,1989223,,2010091,-343379,1666712,,,,,
,,2543,皇昌,0,,0,,,,,,,,,,1.93,3,0,上市,114,275756,,,,,,0,,1055244,,1055244,,,,,,1015184,40060,,,1222260,,108740,6591921,8186168,1594247,1594247,371987,,1331000,,1015184,40060,1055244,,,,,
,,2545,皇翔,,,,,,,,,,,,,2.58,3,,上市,114,166015,,,,,,,,891028,,891028,,,,,,891028,,,,1635311,,-578268,3307783,5682692,2374909,2374909,739598,,1057043,,891028,,891028,,,,,
,,2546,根基,,,-130182,,,,,,,,,,6.59,3,,上市,114,228363,,,,,,,,859929,,729747,,,,,,859916,13,,,995034,,93258,14419870,15698305,1278435,1278435,283401,,1088292,,729763,-16,859929,,,,,
,,2547,日勝生,,,-4474,,,,,,,,,,2.78,3,,上市,114,911054,,,,,,,,2863766,,2859292,,,,,,2822691,41075,,,785706,,2989114,2018666,4198032,2179366,2179366,1393660,,3774820,,2818220,41072,2863766,,,,,
,,2548,華固,,,-1853,,,,,,,,,,1.82,3,,上市,114,183689,,,,,,,,581662,,579809,,,,,,582011,-349,,,765113,,238,3489525,4863270,1373745,1373745,608632,,765351,,580599,-790,581662,,,,,
,,2597,潤弘,,,-1343967,,,,,,,,,,7.25,3,,上市,114,551939,,,,,,,,2518436,,1174469,,,,,,2252643,265793,,,2803946,,266429,18349900,22061708,3711808,3711808,907862,,3070375,,1031237,143232,2518436,,,,,
,,2601,益航,,,-770095,,,,,,,,,,-0.34,3,,上市,114,1338,,,,,,,,-597745,,-1367840,,,,,,-278287,-319458,,,-160536,,-435871,1228382,3147023,1918641,1918641,2079177,,-596407,,-961881,-405959,-597745,,,,,
,,2603,長榮,1609698,,-30679687,,,,,,,,,,27.74,3,12649,上市,114,11054580,,,,,,,,61266886,,30587199,,,,,,60062306,1204580,,,65795356,,6526110,216048651,293375092,77326441,77339090,13153432,,72321466,,30885965,-298766,61266886,,,,,
,0,2605,新興,,,-1535902,,,,,,,,,,0.49,3,,上市,114,99759,,,,,,,,284939,,-1250963,,,,,,284939,,,,276416,,108282,2512016,3025476,513460,513460,237044,,384698,,-1250963,,284939,,,,,
,,2606,裕民,,,-4641373,,,,,,,,,,2.76,3,,上市,114,153338,,,,,,,,2328582,,-2312791,,,,,,2328582,0,,,2416649,,65271,8353642,11344516,2990874,2990874,574225,,2481920,,-2312791,0,2328582,,,,,
,,2607,榮運,,,-1659703,,,,,,,,,,2.72,3,,上市,114,586914,,,,,,,,2506732,,847029,,,,,,2463519,43213,,,1778464,,1315182,10044923,12985171,2940248,2940248,1161784,,3093646,,810676,36353,2506732,,,,,
,,2608,嘉里大榮,,,11923,,,,,,,,,,1.55,3,,上市,114,209450,,,,,,,,859080,,871003,,,,,,724858,134222,,,1173990,,-105460,7857320,9631529,1774209,1774209,600219,,1068530,,737212,133791,859080,,,,,
,,2609,陽明,297764,,-8665065,,,,,,,,,,4.24,3,,上市,114,6343378,,,,,,,,15002572,,6337507,,,,,,14809997,192575,,,15533941,,5812009,103976535,126265473,22288938,22288938,7052761,,21345950,,6190402,147105,15002572,,,,,
,,2610,華航,,,1950179,,,,,,,,,,1.81,3,,上市,114,2894850,,,,,,,,12250585,,14200764,,,,,,10996731,1253854,,,15764679,,-619244,127534996,154976706,27441710,27441710,11677031,,15145435,,12954382,1246382,12250585,,,,,
,,2611,志信,,,-48060,,,,,,,,,,0.39,3,,上市,114,-9543,,,,,,,,82774,,34714,,,,,,72803,9971,,,1662,,71569,348326,495504,147178,147178,145516,,73231,,24698,10016,82774,,,,,
,,2612,中航,,,-1237208,,,,,,,,,,4.21,3,,上市,114,65627,,,,,,,,829715,,-407493,,,,,0,831390,-1675,,,797686,,97656,2461027,3631938,1170911,1170911,373225,,895342,0,-405818,-1675,829715,,,,,
,,2613,中櫃,,,2899,,,,,,,,,,0.85,3,,上市,114,30648,,,,,,,,117359,,120258,,,,,,116597,762,,,266171,,-118164,2086819,2518687,431868,431868,165697,,148007,,119496,762,117359,,,,,
,,2614,東森,,,-52357,,,,,,,,,,1.42,3,,上市,114,37291,,,,,,,,423243,,370886,,,,,,463960,-40717,,,335884,,124650,2688929,4039415,1350486,1350486,1014602,,460534,,411780,-40894,423243,,,,,
,,2615,萬海,514719,,-14789989,,,,,,,,,,7.64,3,,上市,114,5635732,,,,,,,,21468857,,6678868,,,,,,21447781,21076,,,26892296,,212293,75441030,106971577,31530547,31530547,5152970,,27104589,,6662970,15898,21468857,,,,,
,,2616,山隆,,,-109599,,,,,,,,,,-4.41,3,,上市,114,6280,,,,,,,,-594052,,-703651,,,,,,-599629,5577,,,-586764,,-1008,5660014,6067381,407367,407367,994131,,-587772,,-696707,-6944,-594052,,,,,
,,2617,台航,,,-1631936,,,,,,,,,,2.36,3,,上市,114,209320,,,,,,,,985508,,-646428,,,,,,985508,,,,1103364,,91464,1873209,3124888,1251679,1251679,148315,,1194828,,-646428,,985508,,,,,
,,2618,長榮航,,,3084405,,,,,,,,,,3.43,3,,上市,114,4978483,,,,,,,,19599222,,22683627,,,,,,18497916,1101306,,,26704710,,-2127005,124255361,162686685,38431324,38431324,11726614,,24577705,,21593241,1090386,19599222,,,,,
,,2630,亞航,,,-16170,,,,,,,,,,0.89,3,,上市,114,46290,,,,,,,,185518,,169348,,,,,,185518,,,,261764,,-29956,3651416,4102666,451250,451250,189486,,231808,,169348,,185518,,,,,
,,2633,台灣高鐵,,,,,,,,,,,,,0.89,3,,上市,114,1156255,,,,,,,,5011922,,5011922,,,,,,,,,,15855283,,-9687106,22751471,40108105,17356634,17356634,1501351,,6168177,,,,5011922,,,,,
,,2634,漢翔,,,-148755,,,,,,,,,,0.22,3,,上市,114,89696,,,,,,,,206957,,58202,,,,,,206957,,,,674246,,-377593,22917297,24493021,1575724,1575724,901478,,296653,,58202,,206957,,,,,
,,2636,台驊控股,,,-1472735,,,,,,,,,,5.81,3,,上市,114,258371,,,,,,,,807971,,-664764,,,,,,795369,12602,,,573231,,493111,13465579,16043189,2577610,2577610,2004379,,1066342,,-644889,-19875,807971,,,,,
,,2637,慧洋-KY,,,-5347022,,,,,,,,,,2.44,3,,上市,114,15927,,,,,,,,1822769,,-3524253,,,,,,1822769,,,,2172201,,-333505,9502481,11804928,2302447,2302447,130246,,1838696,,-3524253,,1822769,,,,,
,,2642,宅配通,,,236541,,,,,,,,,,-0.64,3,,上市,114,-16851,,,,,,,,-60943,,175598,,,,,,-60943,,,,-98973,,21179,2687675,2896347,208672,208672,307645,,-77794,,175598,,-60943,,,,,
,,2645,長榮航太,,,-14750,,,,,,,,,,4.16,3,,上市,114,389604,,,,,,,,1558414,,1543664,,,,,,,,,,2520053,,-572035,10332862,13347476,3014614,3014614,494561,,1948018,,,,1558414,,,,,
,,2646,星宇航空,,,2020285,,,,,,,,,,0.16,3,,上市,114,-229137,,,,,,,,474641,,2494926,,,,,,,,,,1460055,,-1214551,27486202,32696823,5210621,5210621,3750566,,245504,,,,474641,,,,,
,,2701,萬企,,,-362550,,,,,,,,,,0.49,3,,上市,114,41659,,,,,,,,219952,,-142598,,,,,,,,,,122396,,139215,40793,191645,150852,150852,28456,,261611,,,,219952,,,,,
,,2702,華園,,,-101595,,,,,,,,,,-0.61,3,,上市,114,-69707,,,,,,,,-95220,,-196815,,,,,,-95220,,,,71949,,-236876,143101,1044121,901020,901020,829071,,-164927,,-196815,,-95220,,,,,
,,2704,國賓,,,-1396220,,,,,,,,,,0.97,3,,上市,114,51824,,,,,,,,357386,,-1038834,,,,,,357180,206,,,-16723,,425933,709900,994904,285004,285004,301727,,409210,,-1039040,206,357386,,,,,
,,2705,六福,,,-2479,,,,,,,,,,-0.45,3,,上市,114,1,,,,,,,,-85824,,-88303,,,,,,-85824,,,,38474,,-124297,1136864,1620730,483866,483866,445392,,-85823,,-88303,,-85824,,,,,
,,2706,第一店,,,-496631,,,,,,,,,,0.56,3,,上市,114,62452,,,,,,,,277637,,-218994,,,,,,,,,,196211,,143878,61484,283109,221625,221625,25414,,340089,,,,277637,,,,,
,,2707,晶華,,,-141255,,,,,,,,,,7.93,3,,上市,114,250444,,,,,,,,1007447,,866192,,,,,,1010296,-2849,,,1214529,,43362,3406931,5005191,1598260,1598260,383731,,1257891,,869041,-2849,1007447,,,,,
,,2712,遠雄來,,,,,,,,,,,,,-0.11,3,,上市,114,0,,,,,,,,-11653,,-11653,,,,,,,,,,-6540,,-5113,325598,423319,97721,97721,104261,,-11653,,,,-11653,,,,,
,,2722,夏都,419,,-32177,,,,,,,,,,-0.33,3,,上市,114,195,,,,,,,,-58300,,-90477,,,,,,-46892,-11408,,,-57368,,-737,304090,454813,150723,150723,208510,,-58105,,-76508,-13969,-58300,,,,,
,0,2723,美食-KY,,,-409336,,,,,,,,,,-4.23,3,,上市,114,424809,,,,,,,,-758169,,-1167505,,,,,,-761982,3813,,,331405,,-664765,5589648,13772614,8182966,8182966,7851561,,-333360,,-1172568,5063,-758169,,,,,
,,2727,王品,,,-86744,,,,,,,,,,12.01,3,,上市,114,247777,,,,,,,,1021449,,934705,,,,,,995166,26283,,,1378346,,-109120,9078027,17323177,8245150,8245150,6866804,,1269226,,927074,7631,1021449,,,,,
,,2731,雄獅,,,-15394,,,,,,,,,,13.31,3,,上市,114,261018,,,,,,,,1249552,,1234158,,,,,,1241549,8003,,,1383934,,126636,18636210,22401220,3765010,3765010,2381076,,1510570,,1227130,7028,1249552,,,,,
,,2739,寒舍,-47171,,-30468,,,,,,,,,,1.01,3,,上市,114,35104,,,,,,,,92200,,61732,,,,,,92200,,,,218919,,-91615,2279013,3687220,1408207,1408207,1142117,,127304,,61732,,92200,,,,,
,,2748,雲品,,,34340,,,,,,,,,,1.11,3,,上市,114,32715,,,,,,,,117343,,151683,,,,,,117343,,,,168820,,-18762,1215687,1741349,525662,525662,356842,,150058,,151683,,117343,,,,,
,,2753,八方雲集,,,-92522,,,,,,,,,,9.34,3,,上市,114,153151,,,,,,,,602979,,510457,,,,,,622667,-19688,,,763531,,-7401,4164562,6487544,2322982,2322982,1559451,,756130,,552473,-42016,602979,,,,,
,,2762,世界健身-KY,,,-13967,,,,,,,,,,2.22,3,,上市,114,60571,,,,,,,,242185,,228218,,,,,,242185,,,,410345,,-107589,6804596,8105503,1300907,1300907,890562,,302756,,228218,,242185,,,,,
,,2801,彰銀,,,,,2540629,14681082,,19797974,,,,1664416,1.20,3,,上市,114,2786369,,,,,,,,,14150451,,16691080,,14150451,,,,,,,,,,,,,,15877820,,,,16691080,,,14150451,,,16936820,
,,2812,台中銀,,,,,1138570,5414272,,9787290,,,,269103,1.13,3,,上市,114,1351444,,,,,,,,,6686372,,7824942,,6686372,,,,,,,,,,,,,,6894643,,,,7824942,,,6686372,,,8037816,
,,2816,旺旺保,,,,1484,,,,,,,,,2.67,3,,上市,114,191167,,,,,,,,597413,,598897,,,,,,,,,,759580,,29000,5557848,8101135,,,1783707,,,,,,,,597413,,,788580
,,2820,華票,,,,,1565282,1623644,,630809,,,,14947,1.05,3,,上市,114,369928,,,,,,,,,1411762,,2977044,,,,,,,,,,,,,,,,457816,,,,,,,1411762,,,1781690,
,,2832,台產,,,,134123,,,,,,,,,2.75,3,,上市,114,212733,,,,,,,,934061,,1068184,,,,,,,,,,1148601,,-1807,3073604,5478572,,,1256367,,,,,,,,934061,,,1146794
,,2834,臺企銀,,,,,3871569,11929968,,15097241,,,,2125946,1.01,3,,上市,114,2145850,,,,,,,,,9785900,,13657469,,9785900,,,,,,,,,,,,,,12969513,,,,13657469,,,9785900,,,11931750,
,,2836,高雄銀,,,,,984446,1113949,,2623738,,,,258168,0.49,3,,上市,114,212164,,,,,,,,,939200,,1923646,,,,,,,,,,,,,,,,2328155,,,,,,,939200,,,1151364,
,,2838,聯邦銀,,,,,2558456,8299197,,6974941,,,,617107,0.91,3,,上市,114,860029,,,,,,,,,4461975,,7020431,,4477852,-15877,,,,,,,,,,,,,9335027,,,,7036289,-15858,,4461975,,,5322004,
,,2845,遠東銀,,,,,749208,4650331,,4959768,,,,334107,0.70,3,,上市,114,352896,,,,,,,,,3061336,,3810544,,3061336,,,,,,,,,,,,,,5861760,,,,3810544,,,3061336,,,3414232,
,0,2849,安泰銀,,,,,870817,2065419,,2153486,,,,276507,0.58,3,,上市,114,140699,,,,,,,,,1144510,,2015327,,,,,,,,,,,,,,,,2657189,,,,,,,1144510,,,1285209,
,,2850,新產,,,,-72783,,,,,,,,,8.46,3,,上市,114,547224,,,,,,,,2674439,,2601656,,,,,,,,,,3215827,,5836,10098506,16170116,,,2855783,,,,,,,,2674439,,,3221663
,,2851,中再保,,,,-361078,,,,,,,,,2.00,3,,上市,114,304952,,,,,,,,1599235,,1238157,,,,,,,,,,1903430,,757,13656881,15964282,,,403971,,,,,,,,1599235,,,1904187
,,2852,第一保,,,,78587,,,,,,,,,2.43,3,,上市,114,159146,,,,,,,,731399,,809986,,,,,,,,,,890257,,288,3665311,5681110,,,1125542,,,,,,,,731399,,,890545
,,2855,統一證,,,,,,,,,,,,,1.67,3,,上市,114,388758,,,6730188,,8616160,,352132,2682594,,3034726,,,2667008,15586,,,,,1885972,,1185380,,,,,,,,3071352,,3015984,18742,2682594,,,,,
1015698,,2880,華南金,,,,,,,30427041,21643522,,,,138536,1.43,3,,上市,114,,4714020,,,,,,4836087,,19909862,24745949,,,,,,19909736,126,52070563,,,,,,,,,26292447,,,,24745786,163,19909862,,,24623882,,
55366039,,2881,富邦金,,,,,,,97651300,139785951,,,,8254977,6.23,3,,上市,114,,13726460,,,,,,-36165012,,91023131,54858119,,,,,,90905174,117957,237437251,,,,,,,,,69066644,,,,54674704,183415,91023131,,,104749591,,
80356908,0,2882,國泰金,,,,,,,51664252,198115165,,,,4948860,4.84,3,,上市,114,,7288136,,,,,,-18110312,,74899429,56789117,,,,,,74622032,277397,249779417,,,,,,,,,82286084,,,,58414267,-1625150,74899429,,,82187565,,
-10677788,,2883,凱基金,,,,,,,-20052900,56902668,,,,446573,1.09,3,,上市,114,,1013738,,,,,,-174179,,19052237,18878058,,,,,,19050456,1781,36849768,,,,,,,,,27015008,,,,18881691,-3633,19052237,,,20065975,,
,,2884,玉山金,,,,,,,38152995,29593244,,,,4233266,1.62,3,,上市,114,,5008666,,,,,,-627298,,26222723,25595425,,,,,,26203468,19255,67746239,,,,,,,,,32281584,,,,25576417,19008,26222723,,,31231389,,
7608359,,2885,元大金,,,,,,,60923685,28883797,,,,1128870,2.00,3,,上市,114,,5632976,,,,,,7867977,,28730508,36598485,,,,,,26694596,2035912,89807482,,,,,,,,,46706769,,,,34757329,1841156,28730508,,,34363484,,
162274,,2886,兆豐金,,,,,,,33912763,28280433,,,,2126305,1.91,3,,上市,114,,4585982,,,,,,14124966,,28285399,42410365,,,,,,28285399,,62193196,,,,,,,,,27033236,,,,42410365,,28285399,,,32871381,,
25987078,,2887,台新新光金,,,,,,,38776282,50871571,,,,2455611,1.30,3,,上市,114,,3135107,,,,,,22689827,,22633172,45322999,,,,,,22610779,22393,89647853,,,,,,,,,35436885,,,,45299839,23160,22633172,,,25768279,,
,,2889,國票金,,,,,,,4664877,1368911,,,,224107,0.47,3,,上市,114,,571908,,,,,,2176776,,2016751,4193527,,,,,,1707261,309490,6033788,,,,,,,,,3221022,,,,3769366,424161,2016751,,,2588659,,
,,2890,永豐金,,,,,,,28672202,26777151,,,,2072822,1.57,3,,上市,114,,4273988,,,,,,2247470,,20725524,22972994,,,,,,20541404,184120,55449353,,,,,,,,,28377019,,,,22939601,33393,20725524,,,24999512,,
18928452,,2891,中信金,,,,,,,65278410,108680493,,,,10241105,3.06,3,,上市,114,,7987860,,,,,,-5798968,,61975957,56176989,,,,,,60759332,1216625,173958903,,,,,,,,,74825529,,,,53391032,2785957,61975957,,,69963817,,
2629359,,2892,第一金,,,,,,,32685473,25248521,,,,3678760,1.51,3,,上市,114,,4845987,,,,,,6049006,,21698774,27747780,,,,,,21698774,,57933994,,,,,,,,,25081114,,,,27747780,,21698774,,,26544761,,
,,2897,王道銀行,,,,,1855844,5973373,,1689579,,,,455748,0.53,3,,上市,114,769318,,,,,,,,,2628999,,4484843,,1593250,1035749,,,,,,,,,,,,,3808887,,,,2367143,2117700,,2628999,,,3398317,
,,2901,欣欣,,,38,,,,,,,,,,0.25,3,,上市,114,4632,,,,,,,,18314,,18352,,,,,,,,,,14357,,8589,14198,97031,82833,82833,68476,,22946,,,,18314,,,,,
,,2903,遠百,,,-279336,,,,,,,,,,1.12,3,,上市,114,353172,,,,,,,,1786883,,1507547,,,,,,1571705,215178,,,2731975,,-591920,9625810,23632792,14006982,14006982,11275007,,2140055,,1257975,249572,1786883,,,,,
,,2904,匯僑,,,-20590,,,,,,,,,,1.00,3,,上市,114,16727,,,,,,,,78067,,57477,,,,,,78073,-6,,,78307,,16487,244330,375410,131080,131080,52773,,94794,,57483,-6,78067,,,,,
,,2905,三商,,-2511157,,,,,,,,,,,0.53,3,,上市,114,-394056,,131030605,,132013997,,,,1377448,,-1133709,,,,,,557803,819645,,,,,,,,,,,,,,-355727,-777982,1377448,,,,983392,
,,2906,高林,,,-30793,,,,,,,,,,0.10,3,,上市,114,95924,,,,,,,,170975,,140182,,,,,,20336,150639,,,241791,,25108,4561664,6426589,1864925,1864925,1623134,,266899,,731,139451,170975,,,,,
,,2908,特力,,,-182512,,,,,,,,,,0.07,3,,上市,114,66284,,,,,,,,-101468,,-283980,,,,,,34308,-135776,,,97063,,-132247,19124736,25403752,6279016,6279016,6181953,,-35184,,-146734,-137246,-101468,,,,,
,,2910,統領,,,-2703,,,,,,,,,,0.90,3,0,上市,114,39244,,,,,,0,,157586,,154883,,,,,,157586,0,,,211921,,-15091,45300,388615,343315,343315,131394,,196830,,154883,0,157586,,,,,
,,2911,麗嬰房,,,4010,,,,,,,,,,-3.49,3,,上市,114,4160,,,,,,,,-371310,,-367300,,,,,,-367285,-4025,,,-374519,,7369,1088203,1728988,640785,640785,1015304,,-367150,,-362863,-4437,-371310,,,,,
,,2912,統一超,,,-2429568,,,,,,,,,,8.56,3,,上市,114,2852822,,,,,,,,10449905,,8020337,,,,,,8901373,1548532,,,11281468,,2021259,171000990,260950028,89949038,89949038,78667570,,13302727,,6679608,1340729,10449905,,,,,
,,2913,農林,,,,,,,,,,,,,-0.11,3,,上市,114,279,,,,,,,,-84830,,-84830,,,,,,,,,,-11884,,-72667,226369,364969,138600,138600,150484,,-84551,,,,-84830,,,,,
,,2915,潤泰全,,,-8221007,,,,,,,,,,6.71,3,,上市,114,105612,,,,,,,,7153341,,-1067666,,,,,,7004213,149128,,,128001,,7130952,1191543,1946555,755012,755012,627011,,7258953,,-759107,-308559,7153341,,,,,
,,2923,鼎固-KY,-1094805,,-1959044,,,,,,,,,,-0.45,3,,上市,114,-118545,,,,,,,,-647065,,-2606109,,,,,,-776206,129141,,,-428415,,-337195,1406414,2441673,1035259,1035259,368869,,-765610,,-2735250,129141,-647065,,,,,
,,2929,淘帝-KY,,,-136362,,,,,,,,,,-0.30,3,,上市,114,1104,,,,,,,,-32823,,-169185,,,,,,-32823,,,,-43670,,11951,999822,1195464,195642,195642,239312,,-31719,,-169185,,-32823,,,,,
,,2939,永邑-KY,0,,-3534,,,,,,,,,,-3.20,3,,上市,114,530,,,,,,,,-145850,,-149384,,,,,,-145850,,,,-121865,,-23455,201973,221678,19705,19705,141570,,-145320,,-149384,,-145850,,,,,
,,2945,三商家購,,,,,,,,,,,,,1.44,3,,上市,114,14835,,,,,,,,88801,,88801,,,,,,97330,-8529,,,123200,,-19564,7975091,10969164,2994073,2994073,2870873,,103636,,97330,-8529,88801,,,,,
,,3002,歐格,0,,-118028,,,,,,,,,,0.48,3,,上市,114,7867,,,,,,,,46097,,-71931,,,,,,48085,-1988,,,-26256,,80220,434635,534390,99755,99755,126011,,53964,,-62506,-9425,46097,,,,,
,,3003,健和興,,,-80070,,,,,,,,,,0.50,3,,上市,114,77660,,,,,,,,87722,,7652,,,,,,77140,10582,,,219355,,-53973,2500586,3225995,725409,725409,506054,,165382,,-1864,9516,87722,,,,,
,,3004,豐達科,,,-39542,,,,,,,,,,4.40,3,,上市,114,56125,,,,,,,,245399,,205857,,,,,,245399,0,,,363751,,-62227,2200018,2913092,713074,713074,349323,,301524,,205857,0,245399,,,,,
,,3005,神基,,,-805327,,,,,,,,,,6.36,3,,上市,114,971351,,,,,,,,4121616,,3316289,,,,,,3942766,178850,,,4715445,,377522,19787445,29134542,9347097,9347097,4631652,,5092967,,3204996,111293,4121616,,,,,
,,3006,晶豪科,,,-28249,,,,,,,,,,-2.81,3,,上市,114,-20210,,,,,,,,-789564,,-817813,,,,,,-789594,30,,,-628977,,-180797,8836658,9768470,931812,931812,1560789,,-809774,,-817843,30,-789564,,,,,
,,3008,大立光,,,-4893673,,,,,,,,,,109.06,3,,上市,114,2906437,,,,,,0,,14758266,,9864593,,,,,,14555710,202556,,,17229674,,435029,21352370,43929248,22576878,22576878,5347204,,17664703,,9677289,187304,14758266,,,,,
,,3010,華立,,,-406877,,,,,,,,,,6.28,3,,上市,114,575492,,,,,,,,1860539,,1453662,,,,,,1629206,231333,,,2037329,,398702,53601829,58160779,4558950,4558950,2521621,,2436031,,1293980,159682,1860539,,,,,
,,3011,今皓,,,-36842,,,,,,,,,,-1.53,3,,上市,114,-12703,,,,,,,,-177874,,-214716,,,,,,-172456,-5418,,,-254482,,63905,568841,591404,22563,22563,277045,,-190577,,-213073,-1643,-177874,,,,,
,,3013,晟銘電,,,-72820,,,,,,,,,,2.44,3,,上市,114,169288,,,,,,,,501172,,428352,,,,,,501172,0,,,681630,,-11170,6189468,7499627,1310159,1310159,628529,,670460,,428352,0,501172,,,,,
,,3014,聯陽,,,15465,,,,,,,,,,7.62,3,,上市,114,247024,,,,,,,,1227775,,1243240,,,,,,1227775,0,,,1440653,,34146,2462969,5440004,2977035,2977035,1536382,,1474799,,1243240,0,1227775,,,,,
,,3015,全漢,,,-2747359,,,,,,,,,,1.58,3,,上市,114,75408,,,,,,-169,,316439,,-2430920,,,,,,295911,20528,,,154885,,236962,8439678,10214866,1775188,1775357,1620472,,391847,,-2446625,15705,316439,,,,,
,,3016,嘉晶,,,-197,,,,,,,,,,-0.09,3,,上市,114,-6512,,,,,,,,-26062,,-26259,,,,,,-26062,,,,-34272,,1698,2646196,2826900,180704,180704,214976,,-32574,,-26259,,-26062,,,,,
,,3017,奇鋐,,,-1609245,,,,,,,,,,32.25,3,,上市,114,5041993,,,,,,,,13691457,,12082212,,,,,,12550451,1141006,,,17540757,,1192693,68440211,91864360,23424149,23424149,5883392,,18733450,,11097315,984897,13691457,,,,,
,,3018,隆銘綠能,,,489,,,,,,,,,,-2.36,3,,上市,114,-2039,,,,,,,,-173549,,-173060,,,,,,-173549,,,,-135572,,-40016,416035,394715,-21320,-21320,114252,,-175588,,-173060,,-173549,,,,,
,,3019,亞光,,,-1266916,,,,,,,,,,5.51,3,,上市,114,555469,,,,,,,,1790873,,523957,,,,,,1539878,250995,,,1858616,,487726,15587216,19469403,3882187,3882187,2023571,,2346342,,415199,108758,1790873,,,,,
,,3021,鴻名,,,-103935,,,,,,,,,,0.47,3,,上市,114,39294,,,,,,,,42323,,-61612,,,,,,44527,-2204,,,95998,,-14381,2016593,2410181,393588,393588,297590,,81617,,-56664,-4948,42323,,,,,
,,3022,威強電,,,-264775,,,,,,,,,,2.51,3,359,上市,114,113860,,,,,,224,,442994,,178219,,,,,,442628,366,,,487787,,69067,3293699,4953745,1660046,1660181,1172394,,556854,,177853,366,442994,,,,,
,,3023,信邦,,,-611629,,,,,,,,,,10.06,3,,上市,114,732134,,,,,,,,2405638,,1794009,,,,,,2415391,-9753,,,2564020,,573752,17796354,23446163,5649809,5649809,3085789,,3137772,,1810902,-16893,2405638,,,,,
,,3024,憶聲,,,-78086,,,,,,,,,,0.33,3,,上市,114,44110,,,,,,,,90619,,12533,,,,,,90619,,,,137571,,-2842,1093080,1447029,353949,353949,216378,,134729,,12533,,90619,,,,,
,,3025,星通,,,-227,,,,,,,,,,1.18,3,,上市,114,-2427,,,,,,,,66949,,66722,,,,,,66949,0,,,53827,,10695,112861,349471,236610,236610,182783,,64522,,66722,0,66949,,,,,
,,3026,禾伸堂,,,-67124,,,,,,,,,,4.75,3,,上市,114,165344,,,,,,,,758071,,690947,,,,,,788362,-30291,,,885228,,38187,8171583,10107065,1935482,1935482,1050254,,923415,,718167,-27220,758071,,,,,
,,3027,盛達,,,-11920,,,,,,,,,,0.30,3,,上市,114,20024,,,,,,,,44403,,32483,,,,,,34916,9487,,,26678,,37749,1427317,1772450,345133,345133,318455,,64427,,23727,8756,44403,,,,,
,,3028,增你強,,,-338708,,,,,,,,,,2.00,3,,上市,114,78360,,,,,,,,474124,,135416,,,,,,474124,,,,944532,,-392048,28093955,30265628,2171673,2171673,1227141,,552484,,135416,,474124,,,,,
,,3029,零壹,,,-26593,,,,,,,,,,4.91,3,,上市,114,241839,,,,,,,,970966,,944373,,,,,,820695,150271,,,1134766,,78039,17115863,19355264,2239401,2239401,1104635,,1212805,,795014,149359,970966,,,,,
,,3030,德律,,,-52538,,,,,,,,,,7.59,3,,上市,114,363086,,,,,,,,1792499,,1739961,,,,,,1792499,,,,2280907,,-125322,2707341,6386035,3678694,3678694,1397787,,2155585,,1739961,,1792499,,,,,
,,3031,佰鴻,,,-154796,,,,,,,,,,0.89,3,,上市,114,61149,,,,,,,,154130,,-666,,,,,,154624,-494,,,59699,,155580,595078,833724,238646,238646,178947,,215279,,3744,-4410,154130,,,,,
,,3032,偉訓,,,-167253,,,,,,,,,,-2.17,3,,上市,114,318191,,,,,,,,-324455,,-491708,,,,,,-244480,-79975,,,841841,,-848105,6290872,8130612,1839740,1839740,997899,,-6264,,-369558,-122150,-324455,,,,,
,,3033,威健,,,-425261,,,,,,,,,,1.03,3,,上市,114,221494,,,,,,,,489658,,64397,,,,,,489658,,,,1129222,,-418070,77508547,80696388,3187841,3187841,2058619,,711152,,64397,,489658,,,,,
,,3034,聯詠,,,37962,,,,,,,,,,20.80,3,,上市,114,2460173,,,,,,,,12657883,,12695845,,,,,,12657883,0,,,14375688,,742368,48650750,77845935,29195185,29195185,14819497,,15118056,,12695845,0,12657883,,,,,
,,3035,智原,,,-149062,,,,,,,,,,2.01,3,,上市,114,160603,,,,,,,,551277,,402215,,,,,,523786,27491,,,471965,,239915,11511290,15185048,3673758,3673758,3201793,,711880,,389539,12676,551277,,,,,
,,3036,文曄,,,-16412423,,,,,,,,,,8.11,3,,上市,114,2882284,,,,,,,,9368349,,-7044074,,,,,,9352813,15536,,,14891093,,-2640460,801031916,835862160,34830244,34830244,19939151,,12250633,,-6994724,-49350,9368349,,,,,
,,3037,欣興,75076,,-2441282,,,,,,,,,,2.06,3,,上市,114,1042196,,,,,,,,3634637,,1193355,,,,,,3138640,495997,,,4308716,,368117,83729871,96549996,12820125,12820125,8586485,,4676833,,996280,197075,3634637,,,,,
,,3038,全台,4203,,-25232,,,,,,,,,,0.82,3,,上市,114,21472,,,,,,,,121580,,96348,,,,,,121966,-386,,,156215,,-13163,1780416,2331978,551562,551562,399550,,143052,,96110,238,121580,,,,,
,,3040,遠見,,,-109970,,,,,,,,,,0.31,3,,上市,114,28910,,,,,,,,19402,,-90568,,,,,,19402,,,,5741,,42571,40041,95115,55074,55074,49333,,48312,,-90568,,19402,,,,,
,,3041,揚智,,,-17733,,,,,,,,,,-2.10,3,,上市,114,2626,,,,,,,,-224853,,-242586,,,,,,-272656,47803,,,-230065,,7838,650116,967062,316946,316946,547011,,-222227,,-281393,38807,-224853,,,,,
,,3042,晶技,,,-614708,,,,,,,,,,3.95,3,,上市,114,260339,,,,,,,,1351984,,737276,,,,,,1353204,-1220,,,1556105,,56218,6684512,10024635,3340123,3340123,1784018,,1612323,,752645,-15369,1351984,,,,,
,,3043,科風,,,289954,,,,,,,,,,-0.51,3,,上市,114,210,,,,,,,,-21847,,268107,,,,,,-20041,-1806,,,-12213,,-9424,517105,654348,137243,137243,149456,,-21637,,263289,4818,-21847,,,,,
,,3044,健鼎,0,,-3044978,,,,,,,,,,14.75,3,,上市,114,2756004,,,,,,,,7753429,,4708451,,,,,,7753572,-143,,,9669605,,839828,40262251,54420679,14158428,14158428,4488823,,10509433,,4708594,-143,7753429,,,,,
,,3045,台灣大,959167,,-1015433,,,,,,,,,,3.49,3,,上市,114,2599008,,,,,,,,11758431,,10742998,,,,,,10555090,1203341,,,15442056,,-1084617,112213500,141978174,29764674,29764674,15281785,,14357439,,9574339,1168659,11758431,,,,,
,,3046,建碁,,,-1531,,,,,,,,,,3.33,3,,上市,114,25551,,,,,,,,260217,,258686,,,,,,261442,-1225,,,275422,,10346,5077708,5558323,480615,480615,205193,,285768,,259794,-1108,260217,,,,,
,,3047,訊舟,,,-15439,,,,,,,,,,-0.50,3,,上市,114,37828,,,,,,,,-191149,,-206588,,,,,,-110033,-81116,,,-89201,,-64120,2100516,2940066,839550,839550,928751,,-153321,,-125170,-81418,-191149,,,,,
,,3048,益登,,,-297034,,,,,,,,,,1.14,3,,上市,114,84916,,,,,,,,308181,,11147,,,,,,308181,,,,1305703,,-912606,81395894,84240079,2844185,2844185,1538482,,393097,,11147,0,308181,,,,,
,,3049,精金,,,-77973,,,,,,,,,,-0.66,3,,上市,114,0,,,,,,,,-538617,,-616590,,,,,,-531075,-7542,,,-542801,,4184,1397190,1017424,-379766,-379766,163035,,-538617,,-599344,-17246,-538617,,,,,
,0,3050,鈺德,,,-19896,,,,,,,,,,0.02,3,,上市,114,9763,,,,,,,,19110,,-786,,,,,,2707,16403,,,42276,,-13403,607870,936563,328693,328693,286417,,28873,,-17189,16403,19110,,,,,
,,3051,力特,,,-6381,,,,,,,,,,0.55,3,,上市,114,33182,,,,,,,,91811,,85430,,,,,,91811,0,,,185380,,-60387,923843,1356093,432250,432250,246870,,124993,,85430,0,91811,,,,,
,,3052,夆典,,,-2559,,,,,,,,,,0.95,3,,上市,114,45345,,,,,,,,196654,,194095,,,,,,194504,2150,,,232077,,9922,2281125,2644422,363297,363297,131220,,241999,,191954,2141,196654,,,,,
,,3054,立萬利,,,77552,,,,,,,,,,0.66,3,,上市,114,-243,,,,,,,,53449,,131001,,,,,,53449,,,,-25746,,78952,77366,101642,24276,24276,50022,,53206,,131001,,53449,,,,,
,,3055,蔚華科,997,,-18657,,,,,,,,,,-1.73,3,,上市,114,-6100,,,,,,,,-211729,,-230386,,,,,,-195569,-16160,,,-191938,,-25891,311710,370955,59245,59245,252180,,-217829,,-214226,-16160,-211729,,,,,
,,3056,富華新,,,,,,,,,,,,,1.08,3,,上市,114,121207,,,,,,,,520201,,520201,,,,,,520201,,,,596399,,45009,2936648,3769082,832434,832434,236035,,641408,,520201,,520201,,,,,
,,3057,喬鼎,,,-4436,,,,,,,,,,-0.24,3,,上市,114,1406,,,,,,,,-14368,,-18804,,,,,,-14263,-105,,,-99348,,86386,273310,417472,144162,144162,243510,,-12962,,-18692,-112,-14368,,,,,
,,3058,立德,,,-185300,,,,,,,,,,-0.51,3,0,上市,114,14650,,,,,,0,,-109404,,-294704,,,,,,-101285,-8119,,,-204988,,110234,2091487,2367977,276490,276490,481478,,-94754,,-286349,-8355,-109404,,,,,
,,3059,華晶科,,,-550764,,,,,,,,,,0.98,3,,上市,114,173137,,,,,,,,440937,,-109827,,,,,,298034,142903,,,411323,,202751,4775107,6511511,1736404,1736404,1325081,,614074,,-242206,132379,440937,,,,,
,,3060,銘異,,,-63172,,,,,,,,,,-0.46,3,,上市,114,-2044,,,,,,,,-55636,,-118808,,,,,,-63179,7543,,,-6632,,-51048,2388943,2706129,317186,317186,323818,,-57680,,-125606,6798,-55636,,,,,
,,3062,建漢,,,-638071,,,,,,,,,,1.47,3,,上市,114,-1713,,,,,,,,477907,,-160164,,,,,,477907,,,,-379692,,855886,2870923,3048765,177842,177842,557534,,476194,,-160164,,477907,,,,,
,,3090,日電貿,,,342133,,,,,,,,,,4.21,3,,上市,114,222423,,,,,,,,901264,,1243397,,,,,,886057,15207,,,1175526,,-51839,10010795,11912439,1901644,1901644,726118,,1123687,,1227966,15431,901264,,,,,
,,3092,鴻碩,-84387,,-57249,,,,,,,,,,-4.31,3,,上市,114,-11949,,,,,,,,-470870,,-528119,,,,,,-459308,-11562,,,-487506,,4687,1183980,1249972,65992,65992,469111,,-482819,,-516557,-11562,-470870,,,,,
,,3094,聯傑,,,-8328,,,,,,,,,,0.16,3,,上市,114,3370,,,,,,,,13583,,5255,,,,,,13583,,,,3146,,13807,34643,145466,110823,110823,107677,,16953,,5255,,13583,,,,,
,,3130,一零四,,,4437,,,,,,,,,,11.96,3,,上市,114,91774,,,,,,,,396856,,401293,,,,,,396856,,,,435299,,53331,272163,2012322,1740159,1740159,1304860,,488630,,401293,,396856,,,,,
,,3135,凌航,,,,,,,,,,,,,1.50,3,,上市,114,29560,,,,,,,,102274,,102274,,,,,,,,,,176736,,-44902,4858934,5143000,284066,284066,107330,,131834,,,,102274,,,,,
,,3138,耀登,,,-3700,,,,,,,,,,0.37,3,,上市,114,12596,,,,,,,,17121,,13421,,,,,,18395,-1274,,,36179,,-6462,730288,1225416,495128,495128,458949,,29717,,14695,-1274,17121,,,,,
,,3149,正達,,,-28118,,,,,,,,,,-2.24,3,,上市,114,0,,,,,,,,-463538,,-491656,,,,,,-463538,,,,-411007,,-52531,1788047,1628602,-159445,-159445,251562,,-463538,,-491656,,-463538,,,,,
,,3150,鈺寶-創,,,-255,,,,,,,,,,0.19,3,,上市,114,-52,,,,,,,,8492,,8237,,,,,,,,,,4762,,3678,137038,251475,114437,114437,109675,,8440,,,,8492,,,,,
,,3164,景岳,,,-32309,,,,,,,,,,0.38,3,,上市,114,8535,,,,,,,,25679,,-6630,,,,,,32400,-6721,,,45986,,-11772,111567,300525,188958,188958,142972,,34214,,5929,-12559,25679,,,,,
,,3167,大量,,,-70929,,,,,,,,,,5.45,3,,上市,114,177374,,,,,,,,480060,,409131,,,,,,480060,,,,633965,,23469,2192391,3529065,1336674,1336674,702709,,657434,,409131,,480060,,,,,
,,3168,眾福科,,,-24748,,,,,,,,,,1.94,3,4,上市,114,45197,,,,,,0,,180019,,155271,,,,,,150068,29951,,,230369,,-5153,1941942,2584845,642903,642907,412538,,225216,,125805,29466,180019,,,,,
,,3189,景碩,,,-269083,,,,,,,,,,2.10,3,,上市,114,252372,,,,,,,,1779400,,1510317,,,,,,953603,825797,,,1749080,,282692,22618644,28539658,5921014,5921014,4171934,,2031772,,775173,735144,1779400,,,,,
,,3209,全科,,,-235738,,,,,,,,,,1.58,3,,上市,114,177966,,,,,,,,358047,,122309,,,,,,369719,-11672,,,822256,,-286243,33520509,35455247,1934738,1934738,1112482,,536013,,133981,-11672,358047,,,,,
,,3229,晟鈦,,,0,,,,,,,,,,-0.56,3,,上市,114,-1006,,,,,,,,-35950,,-35950,,,,,,-35950,0,,,-17523,,-19433,698820,733978,35158,35158,52681,,-36956,,-35950,0,-35950,,,,,
,,3231,緯創,,,-10004291,,,,,,,,,,6.43,3,,上市,114,13561187,,,,,,,,41427049,,31422758,,,,,,19241587,22185462,,,53079772,,1908464,1372107904,1465581803,93473899,93473899,40394127,,54988236,,11485905,19936853,41427049,,,,,
,,3257,虹冠電,,,-40634,,,,,,,,,,2.65,3,,上市,114,61136,,,,,,,,211442,,170808,,,,,,211442,,,,244248,,28330,394040,814118,420078,420078,175830,,272578,,170808,,211442,,,,,
,,3266,昇陽,,,-1150,,,,,,,,,,0.24,3,,上市,114,40271,,,,,,,,86730,,85580,,,,,,85473,1257,,,79166,,47835,705999,973971,267972,267972,188806,,127001,,84323,1257,86730,,,,,
,,3296,勝德,,,-118049,,,,,,,,,,0.69,3,,上市,114,9885,,,,,,,,66587,,-51462,,,,,,66587,,,,42391,,34081,935668,1196516,260848,260848,218457,,76472,,-51462,,66587,,,,,
,,3305,昇貿,,,-163076,,,,,,,,,,2.57,3,,上市,114,164730,,,,,,,,335444,,172368,,,,,,335263,181,,,547564,,-47390,6674339,7691399,1017060,1017060,469496,,500174,,172187,181,335444,,,,,
,,3308,聯德,,,-32525,,,,,,,,,,0.23,3,,上市,114,6398,,,,,,,,13598,,-18927,,,,,,13598,0,,,-21450,,41446,1951,4935,2984,2984,24434,,19996,,-18927,0,13598,,,,,
,,3311,閎暉,,,-157881,,,,,,,,,,1.15,3,,上市,114,10136,,,,,,,,84592,,-73289,,,,,,84592,,,,37873,,56855,1588241,1814271,226030,226030,188157,,94728,,-73289,,84592,,,,,
,,3312,弘憶股,,,-179177,,,,,,,,,,0.57,3,,上市,114,36054,,,,,,,,57527,,-121650,,,,,,92175,-34648,,,372672,,-279091,15278018,16111506,833488,833488,460816,,93581,,-87002,-34648,57527,,,,,
,,3321,同泰,,,-21092,,,,,,,,,,-2.52,3,,上市,114,7406,,,,,,,,-133992,,-155084,,,,,,-133992,,,,-104419,,-22167,1523175,1620177,97002,97002,201421,,-126586,,-155084,,-133992,,,,,
,,3338,泰碩,,,-64653,,,,,,,,,,1.44,3,,上市,114,27174,,,,,,,,125811,,61158,,,,,,125811,,,,131927,,21058,2268722,2797244,528522,528522,396595,,152985,,61158,,125811,,,,,
,,3346,麗清,2208,,-138438,,,,,,,,,,-0.61,3,,上市,114,128,,,,,,,,-73463,,-211901,,,,,,-73463,,,,7950,,-81285,5653829,6341470,687641,687641,681899,,-73335,,-211901,,-73463,,,,,
,,3356,奇偶,,,-23650,,,,,,,,,,3.16,3,,上市,114,23018,,,,,,,,252198,,228548,,,,,,252555,-357,,,22907,,252309,367624,743135,375511,375511,352604,,275216,,229133,-585,252198,,,,,
,,3376,新日興,,,-161535,,,,,,,,,,1.23,3,,上市,114,186813,,,,,,,,241383,,79848,,,,,,241383,,,,251919,,176277,7167277,8395360,1228083,1228083,976164,,428196,,79848,,241383,,,,,
,,3380,明泰,,,-363366,,,,,,,,,,-0.37,3,,上市,114,-53247,,,,,,,,-220360,,-583726,,,,,,-200616,-19744,,,-211633,,-61974,13339330,16054783,2715453,2715453,2927086,,-273607,,-492250,-91476,-220360,,,,,
,,3406,玉晶光,,,-1165976,,,,,,,,,,22.41,3,,上市,114,860280,,,,,,,,2528393,,1362417,,,,,,2526155,2238,,,3306442,,82231,12161768,17837292,5675524,5675524,2369082,,3388673,,1357660,4757,2528393,,,,,
,,3413,京鼎,,,-499950,,,,,,,,,,16.22,3,,上市,114,456695,,,,,,,,1813348,,1313398,,,,,,1759548,53800,,,2490157,,-220114,11622727,15614386,3991659,3991659,1501502,,2270043,,1259598,53800,1813348,,,,,
,,3416,融程電,,,-56932,,,,,,,,,,5.30,3,,上市,114,107271,,,,,,,,417834,,360902,,,,,,422539,-4705,,,510836,,14269,1570932,2634248,1063316,1063316,552480,,525105,,365609,-4707,417834,,,,,
,,3419,譁裕,43,,-33317,,,,,,,,,,-1.36,3,,上市,114,52,,,,,,,,-163374,,-196691,,,,,,-163374,0,,,-171149,,7827,1227783,1382164,154381,154381,325573,,-163322,,-196691,0,-163374,,,,,
,,3432,台端,,,-4185,,,,,,,,,,-0.59,3,,上市,114,-203,,,,,,,,-24813,,-28998,,,,,,-24813,,,,-22458,,-2558,83732,100962,17230,17230,39688,,-25016,,-28998,,-24813,,,,,
,,3437,榮創,,,-107142,,,,,,,,,,-2.03,3,,上市,114,-13282,,,,,,,,-302280,,-409422,,,,,,-293745,-8535,,,-345064,,29502,1173147,1226784,53637,53637,398701,,-315562,,-399042,-10380,-302280,,,,,
,,3443,創意,,,-51657,,,,,,,,,,19.48,3,,上市,114,476949,,,,,,,,2609908,,2558251,,,,,,2609908,,,,3093099,,-6242,15648729,21741329,6092600,6092600,2999501,,3086857,,2558251,,2609908,,,,,
,,3447,展達,,,-34455,,,,,,,,,,1.28,3,,上市,114,25582,,,,,,,,98674,,64219,,,,,,98674,,,,96955,,27301,2340447,2665489,325042,325042,228087,,124256,,64219,,98674,,,,,
,,3450,聯鈞,0,,-166398,,,,,,,,,,3.48,3,,上市,114,298984,,,,,,,,890737,,724339,,,,,,506637,384100,,,1270829,,-81108,4473070,6462646,1989576,1989576,718747,,1189721,,431041,293298,890737,,,,,
,,3481,群創,,,-6402333,,,,,,,,,,0.03,3,,上市,114,809478,,,,,,,,599634,,-5802699,,,,,,268301,331333,,,-2991901,,4401013,156476075,169981987,13505912,13505912,16497813,,1409112,,-6162415,359716,599634,,,,,
,,3494,誠研,,,-2846,,,,,,,,,,-1.12,3,,上市,114,0,,,,,,,,-122493,,-125339,,,,,,-105885,-16608,,,-86281,,-36212,631049,725357,94308,94308,180589,,-122493,,-108731,-16608,-122493,,,,,
,,3501,維熹,,,-309294,,,,,,,,,,2.59,3,,上市,114,113194,,,,,,,,305730,,-3564,,,,,,305730,,,,354294,,64630,3414062,4288461,874399,874399,520105,,418924,,-3564,,305730,,,,,
,,3504,揚明光,,,-54103,,,,,,,,,,-0.02,3,,上市,114,1915,,,,,,,,-1864,,-55967,,,,,,-1864,0,,,-74091,,74142,1677709,2001704,323995,323995,398086,,51,,-55967,0,-1864,,,,,
,,3515,華擎,,,-437731,,,,,,,,,,11.25,3,,上市,114,346978,,,,,,,,1709132,,1271401,,,,,,1389993,319139,,,1975432,,80678,29395855,34124996,4729141,4729141,2753709,,2056110,,952258,319143,1709132,,,,,
,2134,3518,柏騰,,,-44713,,,,,,,,,,-0.93,3,,上市,114,22509,,,,,,,,-88503,,-133216,,,,,,-88503,,,,-111041,,42913,220512,243974,23462,23462,134503,,-68128,,-133216,,-90637,,,,,
,,3528,安馳,,,11474,,,,,,,,,,0.27,3,,上市,114,6876,,,,,,,,17898,,29372,,,,,,,,,,382645,,-357871,5453285,6095713,642428,642428,259783,,24774,,,,17898,,,,,
,,3530,晶相光,,,-7087,,,,,,,,,,0.47,3,,上市,114,-3968,,,,,,,,36172,,29085,,,,,,36172,,,,55648,,-23444,958644,1270713,312069,312069,256421,,32204,,29085,,36172,,,,,
,,3532,台勝科,,,-6797,,,,,,,,,,0.80,3,,上市,114,85695,,,,,,,,310541,,303744,,,,,,310541,,,,696919,,-300683,7628124,9065551,1437427,1437427,740508,,396236,,303744,,310541,,,,,
,,3533,嘉澤,,,-1597476,,,,,,,,,,47.64,3,,上市,114,1594718,,,,,,,,5378183,,3780707,,,,,,5343055,35128,,,7573800,,-600899,11962622,24523525,12560903,12560903,4987103,,6972901,,3765990,14717,5378183,,,,,
,,3535,晶彩科,,,-2639,,,,,,,,,,-1.74,3,,上市,114,-262,,,,,,,,-137214,,-139853,,,,,,-137214,,,,-120550,,-16926,116448,214244,97796,97796,218346,,-137476,,-139853,,-137214,,,,,
,,3543,州巧,,,-173812,,,,,,,,,,-1.16,3,,上市,114,9606,,,,,,,,-138950,,-312762,,,,,,-102237,-36713,,,-134311,,4967,2170545,2453659,283114,283114,417425,,-129344,,-246650,-66112,-138950,,,,,
,,3545,敦泰,,,-299827,,,,,,,,,,1.55,3,,上市,114,-20499,,,,,,,,330322,,30495,,,,,,330272,50,,,68140,,241683,6767848,9150930,2383082,2383082,2314942,,309823,,30471,24,330322,,,,,
,,3550,聯穎,,,-167603,,,,,,,,,,-0.69,3,,上市,114,517,,,,,,,,-63395,,-230998,,,,,,-60820,-2575,,,-88207,,25329,2234932,2622757,387825,387825,476032,,-62878,,-227576,-3422,-63395,,,,,
,,3557,嘉威,,,-123979,,,,,,,,,,-0.27,3,,上市,114,13179,,,,,,,,-22691,,-146670,,,,,,-22691,,,,113247,,-122759,2202661,3351734,1149073,1149073,1035826,,-9512,,-146670,,-22691,,,,,
,,3563,牧德,,,-14422,,,,,,,,,,13.28,3,,上市,114,173190,,,,,,,,783580,,769158,,,,,,772040,11540,,,963907,,-7137,969679,2527924,1558245,1558245,594338,,956770,,759706,9452,783580,,,,,
,,3576,聯合再生,,,134916,,,,,,,,,,-0.63,3,,上市,114,2296,,,,,,,,-1020233,,-885317,,,,,,-1021054,821,,,-1138538,,120601,2975096,2427523,-547573,-547573,590965,,-1017937,,-886052,735,-1020233,,,,,
,,3583,辛耘,,,324031,,,,,,,,,,9.71,3,4104,上市,114,274185,,,,,,,,798695,,1122726,,,,,,780089,18606,,,1149367,,-76487,5792847,8556883,2764036,2768140,1618773,,1072880,,1104937,17789,798695,,,,,
,,3588,通嘉,,,-18309,,,,,,,,,,0.37,3,,上市,114,2386,,,,,,,,22538,,4229,,,,,,22538,,,,22939,,1985,661994,1014777,352783,352783,329844,,24924,,4229,,22538,,,,,
,,3591,艾笛森,,,-101225,,,,,,,,,,-0.21,3,,上市,114,13757,,,,,,,,-22732,,-123957,,,,,,-29331,6599,,,18978,,-27953,1383789,1755031,371242,371242,352264,,-8975,,-123995,38,-22732,,,,,
,,3592,瑞鼎,,,-170362,,,,,,,,,,14.09,3,,上市,114,139374,,,,,,,,1068608,,898246,,,,,,1068608,,,,1250376,,-42394,12253658,17103208,4849550,4849550,3599174,,1207982,,898246,,1068608,,,,,
,,3593,力銘,,,-14967,,,,,,,,,,-1.80,3,,上市,114,3153,,,,,,,,-100410,,-115377,,,,,,-100410,,,,-82532,,-14725,875614,895220,19606,19606,102138,,-97257,,-115377,,-100410,,,,,
,,3596,智易,,,-262394,,,,,,,,,,9.52,3,,上市,114,690077,,,,,,,,2093900,,1831506,,,,,,2098229,-4329,,,2679367,,104610,33874852,39973022,6098170,6098170,3418803,,2783977,,1836262,-4756,2093900,,,,,
,,3605,宏致,,,-85241,,,,,,,,,,3.51,3,,上市,114,126317,,,,,,,,527136,,441895,,,,,,527092,44,,,459555,,193898,6050274,8152407,2102133,2102133,1642578,,653453,,441884,11,527136,,,,,
,,3607,谷崧,,,-67400,,,,,,,,,,0.04,3,,上市,114,266,,,,,,,,5288,,-62112,,,,,,5288,0,,,-43227,,48781,1914481,2145653,231172,231172,274399,,5554,,-62112,0,5288,,,,,
,,3617,碩天,,,-217065,,,,,,,,,,11.60,3,,上市,114,342481,,,,,,,,1095749,,878684,,,,,,1092781,2968,,,1636993,,-198763,4166443,9106558,4940115,4940115,3303122,,1438230,,877192,1492,1095749,,,,,
,,3622,洋華,,,241725,,,,,,,,,,4.89,3,,上市,114,42982,,,,,,,,777907,,1019632,,,,,,740144,37763,,,409510,,411379,698907,1294620,595713,595713,186203,,820889,,981869,37763,777907,,,,,
,,3645,達邁,,,-3099,,,,,,,,,,0.94,3,,上市,114,29774,,,,,,,,119752,,116653,,,,,,127771,-8019,,,190501,,-40975,1352169,1814703,462534,462534,272033,,149526,,124672,-8019,119752,,,,,
,,3652,精聯,,,-7138,,,,,,,,,,0.94,3,,上市,114,17949,,,,,,,,70704,,63566,,,,,,70426,278,,,94393,,-5740,1188211,1826261,638050,638050,543657,,88653,,63339,227,70704,,,,,
,,3653,健策,,,-132887,,,,,,,,,,26.92,3,,上市,114,917851,,,,,,,,3872451,,3739564,,,,,,3848150,24301,,,4849831,,-59529,8743950,15003209,6259259,6259259,1409428,,4790302,,3723370,16194,3872451,,,,,
,,3661,世芯-KY,,,-2958998,,,,,,,,,,50.89,3,,上市,114,873836,,,,,,,,4109517,,1150519,,,,,,4114947,-5430,,,3801796,,1181557,20041832,26198712,6156880,6156880,2355084,,4983353,,1155949,-5430,4109517,,,,,
,,3665,貿聯-KY,,,-179147,,,,,,,,,,32.49,3,,上市,114,2196487,,,,,,,,6265755,,6086608,,,,,,6265288,467,,,8824264,,-362022,35178388,51467308,16288920,16288920,7464656,,8462242,,6086356,252,6265755,,,,,
,,3669,圓展,,,-193849,,,,,,,,,,0.27,3,,上市,114,24472,,,,,,,,25228,,-168621,,,,,,25228,,,,62783,,-13083,769767,1877686,1107919,1107919,1045136,,49700,,-168621,,25228,,,,,
,,3673,TPK-KY,,,-2685855,,,,,,,,,,2.56,3,,上市,114,707716,,,,,,,,1037637,,-1648218,,,,,,1042483,-4846,,,825917,,919436,45323623,48435103,3111480,3111480,2285563,,1745353,,-1627948,-20270,1037637,,,,,
,,3679,新至陞,,,-177100,,,,,,,,,,6.15,3,,上市,114,228951,,,,,,,,386456,,209356,,,,,,386456,,,,784797,,-169390,2304328,3442426,1138098,1138098,353301,,615407,,209356,,386456,,,,,
,,3686,達能,,,,,,,,,,,,,-0.31,3,,上市,114,0,,,,,,,,-23412,,-23412,,,,,,-23412,,,,-19952,,-3460,62373,61828,-545,-545,19407,,-23412,,-23412,,-23412,,,,,
,,3694,海華,,,-236742,,,,,,,,,,3.27,3,,上市,114,25373,,,,,,,,498734,,261992,,,,,,498734,,,,469591,,54516,7583471,8861158,1277687,1277687,808096,,524107,,261992,,498734,,,,,
,,3701,大眾控,,,-177536,,,,,,,,,,1.11,3,,上市,114,112148,,,,,,,,278852,,101316,,,,,,261386,17466,,,162019,,228981,6281223,7674182,1392959,1392959,1230940,,391000,,114578,-13262,278852,,,,,
,,3702,大聯大,,,-9881725,,,,,,,,,,4.07,3,,上市,114,2231881,,,,,,,,7514500,,-2367225,,,,,,7262069,252431,,,14540414,,-4794033,715084640,743753191,28668551,28668551,14128137,,9746381,,-2574265,207040,7514500,,,,,
,,3703,欣陸,,,-269735,,,,,,,,,,0.92,3,,上市,114,160937,,,,,,,,689556,,419821,,,,,,753820,-64264,,,764595,,85898,19688907,22119199,2430292,2430292,1665697,,850493,,590259,-170438,689556,,,,,
,,3704,合勤控,,,-213900,,,,,,,,,,1.13,3,,上市,114,194958,,,,,,,,468159,,254259,,,,,,456271,11888,,,778018,,-114901,14625603,19639287,5013684,5013684,4235666,,663117,,239178,15081,468159,,,,,
,,3705,永信,,,-56418,,,,,,,,,,2.31,3,,上市,114,264908,,,,,,,,662339,,605921,,,,,,614705,47634,,,995866,,-68619,3513184,6216359,2703175,2703175,1707309,,927247,,568769,37152,662339,,,,,
,,3706,神達,,,4152619,,,,,,,,,,3.68,3,,上市,114,1151011,,,,,,,,5074369,,9226988,,,,,,4888629,185740,,,4164090,,2061290,66131926,75051207,8919281,8919281,4755191,,6225380,,9096810,130178,5074369,,,,,
,284422,3708,上緯投控,,,-300389,,,,,,,,,,0.53,3,,上市,114,-30229,,,,,,,,97880,,-202509,,,,,,57112,40768,,,-217541,,770,662649,752966,90317,90317,307858,,-216771,,-175592,-26917,-186542,,,,,
,,3711,日月光投控,,,-14157421,,,,,,,,,,5.99,3,,上市,114,6212598,,,,,,,,26828051,,12670630,,,,,,25944680,883371,,,33065080,,-24431,388015475,467472473,79456998,79456998,46391918,,33040649,,12635084,35546,26828051,,,,,
,,3712,永崴投控,,,-1262061,,,,,,,,,,-19.78,3,,上市,114,77366,,,,,,,,-15288681,,-16550742,,,,,,-4870583,-10418098,,,-14327257,,-884058,38824096,25887350,-12936746,-12936746,1390511,,-15211315,,-6240395,-10310347,-15288681,,,,,
,,3714,富采,61882,,-1361002,,,,,,,,,,-2.62,3,0,上市,114,44490,,,,,,0,,-1946497,,-3307499,,,,,,-1933320,-13177,,,-2168542,,266535,15572693,16975085,1402392,1402392,3632816,,-1902007,,-3246948,-60551,-1946497,,,,,
,,3715,定穎投控,,,-417856,,,,,,,,,,2.40,3,,上市,114,272840,,,,,,,,688326,,270470,,,,,,665731,22595,,,974155,,-12989,11227420,14025116,2797696,2797696,1823541,,961166,,256833,13637,688326,,,,,
,,3716,中化控股,,,-46843,,,,,,,,,,1.87,3,,上市,114,78604,,,,,,,,236963,,190120,,,,,,235927,1036,,,344410,,-28843,3931467,6424291,2492824,2492824,2148414,,315567,,189084,1036,236963,,,,,
,,3717,聯嘉投控,,,-63524,,,,,,,,,,-0.29,3,,上市,114,-8530,,,,,,,,-59714,,-123238,,,,,,-59714,,,,-7917,,-60327,3633283,4222725,589442,589442,597359,,-68244,,-123238,,-59714,,,,,
,,4104,佳醫,,,-1489,,,,,,,,,,3.57,3,66102,上市,114,167191,,,,,,66957,,735350,,733861,,,,,,611983,123367,,,561032,,341509,5127585,6508678,1381093,1380238,819206,,902541,,516223,217638,735350,,,,,
,,4106,雃博,,,12397,,,,,,,,,,0.92,3,,上市,114,37543,,,,,,,,93182,,105579,,,,,,92515,667,,,116887,,13838,957003,1779851,822848,822848,705961,,130725,,105004,575,93182,,,,,
,,4108,懷特,,,-15475,,,,,,,,,,-0.21,3,,上市,114,-15,,,,,,,,-79591,,-95066,,,,,,-41159,-38432,,,-132440,,52834,66197,101432,35235,35235,167675,,-79606,,-55105,-39961,-79591,,,,,
,,4119,旭富,,,5073,,,,,,,,,,0.57,3,,上市,114,-8607,,,,,,,,68516,,73589,,,,,0,68516,0,,,112443,,-52534,736820,988248,251428,251428,138985,,59909,0,73589,0,68516,,,,,
,,4133,亞諾法,,,-490,,,,,,,,,,-0.19,3,,上市,114,-3784,,,,,,,,-11690,,-12180,,,,,,-11690,,,,11941,,-27415,150745,267360,116615,116615,104674,,-15474,,-12180,,-11690,,,,,
,,4137,麗豐-KY,,,-348730,,,,,,,,,,5.30,3,,上市,114,175621,,,,,,,,437116,,88386,,,,,,437116,,,,506101,,106636,498156,2775599,2277443,2277443,1771342,,612737,,88386,,437116,,,,,
,,4142,國光生,,,-15049,,,,,,,,,,-1.09,3,,上市,114,0,,,,,,,,-530544,,-545593,,,,,,-460307,-70237,,,-531835,,1291,737015,656039,-80976,-80976,450859,,-530544,,-481134,-64459,-530544,,,,,
,,4148,全宇生技-KY,,,-63139,,,,,,,,,,1.75,3,,上市,114,72560,,,,,,,,147488,,84349,,,,,,117885,29603,,,219375,,673,1523898,2117258,593360,593360,373985,,220048,,65640,18709,147488,,,,,
,,4155,訊映,,,-2791,,,,,,,,,,0.20,3,0,上市,114,-3627,,,,,,0,,37982,,35191,,,,,,28905,9077,,,51377,,-17022,882703,1218713,336010,336010,284633,,34355,,27460,7731,37982,,,,,
,,4164,承業醫,,,-14594,,,,,,,,,,0.64,3,,上市,114,50433,,,,,,,,120132,,105538,,,,,,116291,3841,,,216347,,-45782,2422342,3188836,766494,766494,550147,,170565,,101828,3710,120132,,,,,
,,4169,泰宗,,,-1225,,,,,,,,,,0.40,3,,上市,114,3322,,,,,,,,23589,,22364,,,,,,23589,,,,25276,,1635,270860,510503,239643,239643,214367,,26911,,22364,,23589,,,,,
,,4178,永笙-KY,,,-118717,,,,,,,,,,-0.67,3,,上市,114,530,,,,,,,,-128274,,-246991,,,,,,-128274,,,,-157505,,29761,180234,281702,101468,101468,258973,,-127744,,-246991,,-128274,,,,,
,,4190,佐登-KY,-8366,,-57437,,,,,,,,,,-1.80,3,,上市,114,-32770,,,,,,,,-106566,,-164003,,,,,,-106566,,,,-116800,,-22536,621364,1673545,1052181,1052181,1160615,,-139336,,-164003,,-106566,,,,,
,,4195,基米-創,,,-506,,,,,,,,,,-0.20,3,,上市,114,,,,,,,,,-36103,,-36609,,,,,,-14600,-21503,,,-70722,,34619,326811,488314,161503,161503,232225,,-36103,,-15106,-21503,-36103,,,,,
,,4306,炎洲,,,-300751,,,,,,,,,,0.25,3,,上市,114,113662,,,,,,,,224712,,-76039,,,,,,166821,57891,,,291053,,47321,8070869,9536315,1465446,1465446,1174393,,338374,,-124415,48376,224712,,,,,
,,4414,如興,,,-164530,,,,,,,,,,0.02,3,,上市,114,172542,,,,,,,,4759,,-159771,,,,,,4556,203,,,359151,,-181850,8340104,10367896,2027792,2027792,1668641,,177301,,-154188,-5583,4759,,,,,
,,4426,利勤,,,-47094,,,,,,,,,,-2.33,3,,上市,114,-4942,,,,,,,,-401664,,-448758,,,,,,-401529,-135,,,-275777,,-130829,758829,651557,-107272,-107272,168505,,-406606,,-448623,-135,-401664,,,,,
,0,4438,廣越,,,-450519,,,,,,,,,,3.43,3,,上市,114,173239,,,,,,,,363775,,-86744,,,,,,352916,10859,,,877344,,-340330,12652326,14831960,2179634,2179634,1302290,,537014,,-24692,-62052,363775,,,,,
,,4439,冠星-KY,,,-289880,,,,,,,,,,7.71,3,,上市,114,61116,,,,,,,,293174,,3294,,,,,,293174,,,,407644,,-53354,4583740,5624334,1040594,1040594,632950,,354290,,3294,,293174,,,,,
,,4440,宜新實業,,,-743,,,,,,,,,,0.54,3,,上市,114,7133,,,,,,,,36463,,35720,,,,,,,,,,42849,,747,677504,751060,73556,73556,30707,,43596,,,,36463,,,,,
,,4441,振大環球,,,-13838,,,,,,,,,,11.38,3,,上市,114,178703,,,,,,,,695769,,681931,,,,,,694042,1727,,,888478,,-14006,4404378,5683627,1279249,1279249,390771,,874472,,681011,920,695769,,,,,
,,4526,東台,,,-120296,,,,,,,,,,2.61,3,373,上市,114,148667,,,,,,0,,652465,,532169,,,,,,663079,-10614,,,-415971,,1217103,3243220,3983385,740165,740538,1156509,,801132,,542438,-10269,652465,,,,,
,,4532,瑞智,,,-755174,,,,,,,,,,1.50,3,,上市,114,352609,,,,,,,,810492,,55318,,,,,,742796,67696,,,1072013,,91088,13293242,15924032,2630790,2630790,1558777,,1163101,,45921,9397,810492,,,,,
,,4536,拓凱,,,-317633,,,,,,,,,,12.08,3,,上市,114,431458,,,,,,,,1187745,,870112,,,,,,1097241,90504,,,1524864,,94339,4694295,7333835,2639540,2639540,1114676,,1619203,,807391,62721,1187745,,,,,
,,4540,全球傳動,,,7400,,,,,,,,,,-1.08,3,,上市,114,61588,,,,,,,,-120410,,-113010,,,,,,-120410,,,,-289730,,230908,1669903,1788790,118887,118887,408617,,-58822,,-113010,,-120410,,,,,
,,4545,銘鈺,,,-30862,,,,,,,,,,0.03,3,,上市,114,6084,,,,,,,,2406,,-28456,,,,,,2406,,,,47637,,-39147,1547180,1828617,281437,281437,233800,,8490,,-28456,,2406,,,,,
,,4551,智伸科,,,-301362,,,,,,,,,,3.64,3,,上市,114,179768,,,,,,,,419372,,118010,,,,,,419372,,,,804621,,-205481,4441200,5775281,1334081,1334081,529460,,599140,,118010,,419372,,,,,
,,4552,力達-KY,,,-292797,,,,,,,,,,1.72,3,,上市,114,51897,,,,,,,,200043,,-92754,,,,,,200043,,,,247087,,4853,2106039,2613869,507830,507830,260743,,251940,,-92754,,200043,,,,,
,,4555,氣立,,,-87859,,,,,,,,,,-0.02,3,,上市,114,9656,,,,,,,,9832,,-78027,,,,,,-1318,11150,,,37630,,-18142,838466,1207578,369112,369112,331482,,19488,,-84706,6679,9832,,,,,
,,4557,永新-KY,,,-136807,,,,,,,,,,-2.24,3,,上市,114,-29424,,,,,,,,-105088,,-241895,,,,,,-103824,-1264,,,-88498,,-46014,2125540,3028649,903109,903109,991607,,-134512,,-243617,1722,-105088,,,,,
,,4560,強信-KY,,,-88874,,,,,,,,,,2.16,3,,上市,114,47809,,,,,,,,147167,,58293,,,,,,147167,,,,192888,,2088,801044,1259834,458790,458790,265902,,194976,,58293,,147167,,,,,
,,4562,穎漢,23,,-14197,,,,,,,,,,-0.76,3,,上市,114,285,,,,,,,,-68264,,-82461,,,,,,-66461,-1803,,,-48624,,-19355,361399,579242,217843,217843,266490,,-67979,,-80491,-1970,-68264,,,,,
,,4564,元翎,,,-940,,,,,,,,,,-1.54,3,,上市,114,-4462,,,,,,,,-345887,,-346827,,,,,,-345887,,,,-281932,,-68417,1000121,831367,-168754,-168754,113178,,-350349,,-346827,,-345887,,,,,
,,4566,時碩工業,,,-127923,,,,,,,,,,0.76,3,,上市,114,40111,,,,,,,,60798,,-67125,,,,,,83276,-22478,,,177023,,-76114,2933536,3759798,826262,826262,649239,,100909,,-45055,-22070,60798,,,,,
,,4569,六方科-KY,,,-57171,,,,,,,,,,3.23,3,,上市,114,19,,,,,,,,99113,,41942,,,,,,99139,-26,,,141957,,-42825,1068172,1380680,312508,312508,170551,,99132,,41999,-57,99113,,,,,
,,4571,鈞興-KY,,,-166517,,,,,,,,,,7.33,3,,上市,114,52944,,,,,,,,379729,,213212,,,,,,379729,,,,396444,,36229,1573592,2334360,760768,760768,364324,,432673,,213212,,379729,,,,,
,,4572,駐龍,,,,,,,,,,,,,1.99,3,,上市,114,15852,,,,,,,,79482,,79482,,,,,,79482,,,,102614,,-7280,332961,507219,174258,174258,71644,,95334,,79482,,79482,,,,,
,,4576,大銀微系統,,,44,,,,,,,,,,1.26,3,,上市,114,28683,,,,,,,,164718,,164762,,,,,,151030,13688,,,224338,,-30937,1258330,1959080,700750,700750,476412,,193401,,143512,21250,164718,,,,,
,0,4581,光隆精密-KY,,,-51292,,,,,,,,,,3.91,3,,上市,114,32903,,,,,,,,132466,,81174,,,,,,132493,-27,,,153076,,12293,544491,828788,284297,284297,131221,,165369,,81303,-129,132466,,,,,
,,4582,聚恆-創,,,,,,,,,,,,,0.18,3,11394,上市,114,16045,,,,,,1883,,11678,,11678,,,,,,11871,-193,,,62106,,-34383,622151,821767,199616,209127,147021,,27723,,11871,-193,11678,,,,,
,,4583,台灣精銳,,,,,,,,,,,,,8.37,3,,上市,114,147236,,,,,,,,671348,,671348,,,,,,671348,,,,710664,,107920,1062273,2236022,1173749,1173749,463085,,818584,,671348,,671348,,,,,
,,4585,達明,,,-1456,,,,,,,,,,0.81,3,,上市,114,8953,,,,,,,,73204,,71748,,,,,,73204,,,,83708,,-1551,658387,1346741,688354,688354,604646,,82157,,71748,,73204,,,,,
,,4588,玖鼎電力,,,,,,,,,,,,,1.88,3,,上市,114,19865,,,,,,,,80904,,80904,,,,,,,,,,108203,,-7434,421728,620271,198543,198543,90340,,100769,,,,80904,,,,,
,,4590,富田-創,,,-222,,,,,,,,,,0.67,3,,上市,114,2165,,,,,,,,34290,,34068,,,,,,,,,,3130,,33325,717931,1008349,290418,290418,287288,,36455,,,,34290,,,,,
,,4720,德淵,,,-53601,,,,,,,,,,0.55,3,,上市,114,33961,,,,,,-145,,64785,,11184,,,,,,62927,1858,,,93011,,5735,2044481,2656387,611906,612051,519040,,98746,,12974,-1790,64785,,,,,
,,4722,國精化,,,-32858,,,,,,,,,,1.33,3,,上市,114,46452,,,,,,,,133927,,101069,,,,,,133927,,,,188841,,-8462,2387243,2859429,472186,472186,283345,,180379,,101069,,133927,,,,,
,,4736,泰博,,,137837,,,,,,,,,,11.17,3,,上市,114,188930,,,,,,,,1083091,,1220928,,,,,,1065492,17599,,,776912,,495109,1646721,3175824,1529103,1529103,752191,,1272021,,1198971,21957,1083091,,,,,
,,4737,華廣,,,36751,,,,,,,,,,-1.31,3,,上市,114,-43804,,,,,,,,-87774,,-51023,,,,,,-87829,55,,,-94280,,-37298,952707,1411625,458918,458918,553198,,-131578,,-50962,-61,-87774,,,,,
,,4739,康普,,,-52773,,,,,,,,,,0.54,3,,上市,114,60295,,,,,,,,12019,,-40754,,,,,,63363,-51344,,,271637,,-199323,3703142,4264505,561363,561363,289726,,72314,,12701,-53455,12019,,,,,
,,4746,台耀,,,1127,,,,,,,,,,2.44,3,,上市,114,96018,,,,,,,,269948,,271075,,,,,,293786,-23838,,,524477,,-158511,2057470,3547171,1489701,1489701,965224,,365966,,296542,-25467,269948,,,,,
,,4755,三福化,,,738974,,,,,,,,,,2.39,3,,上市,114,82893,,,,,,,,233908,,972882,,,,,,241080,-7172,,,364646,,-47845,2813244,3585863,772619,772619,407973,,316801,,980054,-7172,233908,,,,,
,,4763,材料*-KY,,,-842468,,,,,,,,,,4.94,3,,上市,114,1047135,,,,,,,,4904672,,4062204,,,,,,4886098,18574,,,5557207,,394600,4309504,10461457,6151953,6151953,594746,,5951807,,4052117,10087,4904672,,,,,
,,4764,雙鍵,42604,,-83251,,,,,,,,,,0.62,3,,上市,114,27834,,,,,,,,54666,,-28585,,,,,,52740,1926,,,104554,,-22054,1683925,2064244,380319,380319,318369,,82500,,-30335,1750,54666,,,,,
,,4766,南寶,,,-1402511,,,,,,,,,,15.60,3,,上市,114,717528,,,,,,,,2023577,,621066,,,,,,1881472,142105,,,2857451,,-116346,11354951,17270158,5915207,5915207,3057756,,2741105,,555938,65128,2023577,,,,,
,,4770,上品,,,-184057,,,,,,,,,,8.40,3,,上市,114,176969,,,,,,,,672006,,487949,,,,,,672006,,,,851297,,-2322,2417554,3675232,1257678,1257678,406381,,848975,,487949,,672006,,,,,
,,4771,望隼,,,-66235,,,,,,,,,,9.20,3,,上市,114,129768,,,,,,,,578274,,512039,,,,,,535236,43038,,,729069,,-21027,1503474,2536498,1033024,1033024,303955,,708042,,484173,27866,578274,,,,,
,,4807,日成-KY,,,-17153,,,,,,,,,,-0.56,3,,上市,114,3381,,,,,,,,-11094,,-28247,,,,,,-21601,10507,,,3276,,-10989,1393607,1606543,212936,212936,209660,,-7713,,-36963,8716,-11094,,,,,
,,4904,遠傳,870524,,12897,,,,,,,,,,2.79,3,,上市,114,2329257,,,,,,,,10138505,,10151402,,,,,,10063543,74962,,,12705417,,-237655,53107800,77661706,24553906,24553906,12719013,,12467762,,10080106,71296,10138505,,,,,
,,4906,正文,,,-548774,,,,,,,,,,-0.45,3,,上市,114,26086,,,,,,,,-200441,,-749215,,,,,,-191282,-9159,,,115686,,-290041,11138214,12908167,1769953,1769953,1654267,,-174355,,-739902,-9313,-200441,,,,,
,,4912,聯德控股-KY,,,-185985,,,,,,,,,,2.73,3,,上市,114,61941,,,,,,,,187237,,1252,,,,,,178351,8886,,,222432,,26746,3447871,4377863,929992,929992,707560,,249178,,-8533,9785,187237,,,,,
,,4915,致伸,,,-1123091,,,,,,,,,,4.76,3,,上市,114,571512,,,,,,,,2184910,,1061819,,,,,,2184910,0,,,2220433,,535989,37448204,45238950,7790746,7790746,5570313,,2756422,,1061819,0,2184910,,,,,
,,4916,事欣科,,,-150253,,,,,,,,,,1.14,3,,上市,114,45284,,,,,,,,117848,,-32405,,,,,,125086,-7238,,,204294,,-41162,1999941,2517850,517909,517909,313615,,163132,,-25199,-7206,117848,,,,,
,,4919,新唐,,,-810180,,,,,,,,,,-2.31,3,,上市,114,187925,,,,,,,,-970654,,-1780834,,,,,,-970654,,,,-544507,,-238222,14676455,23452171,8775716,8775716,9320223,,-782729,,-1780834,,-970654,,,,,
,,4927,泰鼎-KY,,,-114888,,,,,,,,,,-4.90,3,,上市,114,199,,,,,,,,-1092204,,-1207092,,,,,,-1088612,-3592,,,-900707,,-191298,8728630,8936413,207783,207783,1108490,,-1092005,,-1203077,-4015,-1092204,,,,,
,,4930,燦星網,,,-366510,,,,,,,,,,0.54,3,,上市,114,19486,,,,,,,,114972,,-251538,,,,,,43406,71566,,,54067,,80391,4008623,4698614,689991,689991,635924,,134458,,-123874,-127664,114972,,,,,
,,4934,太極,,,-48909,,,,,,,,,,-0.67,3,,上市,114,-92,,,,,,,,-274770,,-323679,,,,,,-150589,-124181,,,-322603,,47741,154527,63602,-90925,-90925,231678,,-274862,,-199498,-124181,-274770,,,,,
,,4935,茂林-KY,,,-720737,,,,,,,,,,1.03,3,,上市,114,19458,,,,,,,,132897,,-587840,,,,,,132897,,,,104894,,47461,3604815,4238288,633473,633473,528579,,152355,,-587840,,132897,,,,,
,,4938,和碩,,,-12671850,,,,,,,,,,3.42,3,,上市,114,4350837,,,,,,,,11724564,,-947286,,,,,,9135648,2588916,,,7171716,,8903685,768187660,797632389,29444729,29444729,22273013,,16075401,,-3060462,2113176,11724564,,,,,
,,4942,嘉彰,,,-493530,,,,,,,,,,1.77,3,,上市,114,119551,,,,,,,,252441,,-241089,,,,,,252420,21,,,355950,,16042,3414086,4416122,1002036,1002036,646086,,371992,,-241110,21,252441,,,,,
,,4943,康控-KY,,,-177,,,,,,,,,,-1.51,3,,上市,114,-129408,,,,,,,,-208530,,-208707,,,,,,-186568,-21962,,,-330252,,-7686,1245975,1196251,-49724,-49724,280528,,-337938,,-183965,-24742,-208530,,,,,
,,4949,有成精密,,,-1211,,,,,,,,,,1.48,3,,上市,114,29169,,,,,,7904,,99493,,98282,,,,,,99493,,,,140841,,-12179,1153274,1781227,627953,620049,479208,,128662,,98282,,99493,,,,,
,,4952,凌通,-100,,-26960,,,,,,,,,,1.01,3,,上市,114,13369,,,,,,,,110032,,83072,,,,,,110032,,,,118594,,4807,1091954,1669971,578017,578017,459323,,123401,,83072,,110032,,,,,
,,4956,光鋐,350,,-234,,,,,,,,,,-1.03,3,,上市,114,-6001,,,,,,,,-103335,,-103569,,,,,,-103335,,,,-94663,,-14673,1004430,1028052,23622,23622,118635,,-109336,,-103569,,-103335,,,,,
,,4958,臻鼎-KY,,,-7481361,,,,,,,,,,3.79,3,,上市,114,2388037,,,,,,,,6001808,,-1479553,,,,,,3629226,2372582,,,8010669,,379176,102345189,125651516,23306327,23306327,15295658,,8389845,,-1581691,102138,6001808,,,,,
,,4960,誠美材,,,-83002,,,,,,,,,,-2.11,3,,上市,114,-26484,,,,,,,,-1200455,,-1283457,,,,,,-1200455,,,,-917870,,-309069,6594192,6391052,-203140,-203140,714730,,-1226939,,-1283457,,-1200455,,,,,
,,4961,天鈺,,,-498651,,,,,,,,,,8.08,3,,上市,114,222740,,,,,,,,1369814,,871163,,,,,,979267,390547,,,1245616,,346938,9987637,14008997,4021360,4021360,2775744,,1592554,,715291,155872,1369814,,,,,
,,4967,十銓,,,-5461,,,,,,,,,,3.47,3,,上市,114,98914,,,,,,,,295060,,289599,,,,,,295060,,,,372116,,21858,12592626,14079501,1486875,1486875,1114759,,393974,,289599,,295060,,,,,
,,4968,立積,,,-3223,,,,,,,,,,1.37,3,,上市,114,25917,,,,,,,,126148,,122925,,,,,,126148,,,,158773,,-6708,1818790,2809730,990940,990940,832167,,152065,,122925,,126148,,,,,
,,4976,佳凌,,,,,,,,,,,,,-1.39,3,,上市,114,-7052,,,,,,,,-192974,,-192974,,,,,,,,,,-180557,,-19469,826931,786873,-40058,-40058,140499,,-200026,,,,-192974,,,,,
,,4977,眾達-KY,-2056,,-138532,,,,,,,,,,3.53,3,,上市,114,18094,,,,,,,,278745,,140213,,,,,,278745,0,,,56886,,239953,620423,823690,203267,203267,144325,,296839,,140213,0,278745,,,,,
,,4989,榮科,,,9811,,,,,,,,,,-3.34,3,,上市,114,-7965,,,,,,,,-460237,,-450426,,,,,,-460237,,,,-440153,,-28049,2209514,1863608,-345906,-345906,94247,,-468202,,-450426,,-460237,,,,,
,,4994,傳奇,,,-115,,,,,,,,,,1.71,3,,上市,114,18354,,,,,,,,113443,,113328,,,,,,113443,,,,141082,,-9285,293714,894349,600635,600635,459553,,131797,,113328,,113443,,,,,
,,4999,鑫禾,,,-57478,,,,,,,,,,-1.35,3,,上市,114,1329,,,,,,,,-99519,,-156997,,,,,,-99519,,,,-32997,,-65193,1218390,1440467,222077,222077,255074,,-98190,,-156997,,-99519,,,,,
,,5007,三星,,,-5375,,,,,,,,,,2.04,3,,上市,114,142264,,,,,,,,601224,,595849,,,,,,602801,-1577,,,702278,,41210,3612242,4697774,1085532,1085532,383254,,743488,,599985,-4136,601224,,,,,
,,5203,訊連,,,-163854,,,,,,,,,,2.58,3,,上市,114,55795,,,,,,,,204094,,40240,,,,,,204094,,,,250570,,9319,273797,1806363,1532566,1532566,1281996,,259889,,40240,,204094,,,,,
,,5215,科嘉-KY,-4973,,-179001,,,,,,,,,,1.40,3,,上市,114,29095,,,,,,,,104416,,-74585,,,,,,90294,14122,,,131602,,1909,1463921,1924564,460643,460643,324068,,133511,,-82916,8331,104416,,,,,
,,5222,全訊,,,3230,,,,,,,,,,1.89,3,,上市,114,28727,,,,,,,,169792,,173022,,,,,,,,,,176007,,22512,333732,691425,357693,357693,181686,,198519,,,,169792,,,,,
,,5225,東科-KY,,,-228465,,,,,,,,,,9.66,3,,上市,114,72771,,,,,,,,751922,,523457,,,,,,751922,,,,740827,,83866,7310065,8853695,1543630,1543630,802803,,824693,,523457,,751922,,,,,
,,5234,達興材料,,,,,,,,,,,,,5.33,3,,上市,114,92576,,,,,,,,547958,,547958,,,,,,547958,,,,636518,,4016,2053481,3443387,1389906,1389906,753388,,640534,,547958,,547958,,,,,
,,5236,凌陽創新,,,,,,,,,,,,,6.47,3,,上市,114,66138,,,,,,,,388475,,388475,,,,,,,,,,439319,,15294,654507,1535870,881363,881363,442044,,454613,,,,388475,,,,,
,,5243,乙盛-KY,,,-219158,,,,,,,,,,3.37,3,,上市,114,193708,,,,,,,,567781,,348623,,,,,,567781,,,,760514,,975,7219094,9188905,1969811,1969811,1209297,,761489,,348623,,567781,,,,,
,,5244,弘凱,,,-58783,,,,,,,,,,0.64,3,,上市,114,14005,,,,,,,,43689,,-15094,,,,,,43689,,,,64313,,-6619,350259,614675,264416,264416,200103,,57694,,-15094,0,43689,,,,,
,,5258,虹堡,,,-34111,,,,,,,,,,1.56,3,,上市,114,135879,,,,,,,,193464,,159353,,,,,,171740,21724,,,340869,,-11526,3616935,5545003,1928068,1928068,1587199,,329343,,145413,13940,193464,,,,,
,,5269,祥碩,,,-3358218,,,,,,,,,,52.62,3,8065,上市,114,630943,,,,,,18105,,3926271,,568053,,,,,0,3926271,0,,,3152288,,1404926,4692209,9894249,5202040,5192000,2039712,,4557214,0,568053,0,3926271,,,,,
,,5283,禾聯碩,,,2118,,,,,,,,,,4.23,3,0,上市,114,94473,,,,,,0,,370391,,372509,,,,,,370391,0,,,444680,,20184,3266194,5017457,1751263,1751263,1306583,,464864,,372509,0,370391,,,,,
,,5284,jpp-KY,,,-38334,,,,,,,,,,9.16,3,,上市,114,126152,,,,,,,,464931,,426597,,,,,,467535,-2604,,,522644,,68439,1665341,2600281,934940,934940,412296,,591083,,429751,-3154,464931,,,,,
,,5285,界霖,,,-90153,,,,,,,,,,1.00,3,,上市,114,51010,,,,,,,,102469,,12316,,,,,,102469,,,,169773,,-16294,3562153,4087099,524946,524946,355173,,153479,,12316,,102469,,,,,
,,5288,豐祥-KY,,,-592731,,,,,,,,,,8.74,3,0,上市,114,190701,,,,,,9,,604564,,11833,,,,,,604039,525,,,696446,,98819,3882076,5000312,1118236,1118227,421781,,795265,,12942,-1109,604564,,,,,
,,5292,華懋,,,-16196,,,,,,,,,,6.88,3,,上市,114,83700,,,,,,,,289606,,273410,,,,,,289606,,,,354757,,18549,1631176,2118443,487267,487267,132510,,373306,,273410,,289606,,,,,
,,5306,桂盟,-7402,,-400526,,,,,,,,,,6.27,3,,上市,114,273552,,,,,,,,789643,,389117,,,,,,789701,-58,,,827778,,235417,2033726,3636912,1603186,1603186,768006,,1063195,,389178,-61,789643,,,,,
,,5388,中磊,,,-596140,,,,,,,,,,3.15,3,,上市,114,247517,,,,,,,,939128,,342988,,,,,,935235,3893,,,1213121,,-26476,32031549,38316510,6284961,6284961,5071840,,1186645,,338551,4437,939128,,,,,
,,5434,崇越,,,91076,,,,,,,,,,15.45,3,,上市,114,949154,,,,,,-936,,2973219,,3064295,,,,,,2957278,15941,,,3377504,,544869,43937846,50284890,6347044,6347980,2970476,,3922373,,3048373,15922,2973219,,,,,
,,5469,瀚宇博,,,-2172976,,,,,,,,,,4.93,3,,上市,114,1698238,,,,,,,,3732548,,1559572,,,,,,2380067,1352481,,,4879959,,550827,33275179,41848549,8573370,8573370,3693411,,5430786,,1298587,260985,3732548,,,,,
,,5471,松翰,,,2818,,,,,,,,,,0.50,3,,上市,114,-7786,,,,,,,,84428,,87246,,,,,,84428,,,,94810,,-18168,1163625,1987443,823818,823818,729008,,76642,,87246,,84428,,,,,
,,5484,慧友,,,5256,,,,,,,,,,-0.69,3,,上市,114,-1127,,,,,,,,-45914,,-40658,,,,,,-45914,,,,-65379,,18338,256180,329308,73128,73128,138507,,-47041,,-40658,,-45914,,,,,
,,5515,建國,,,-248318,,,,,,,,,,2.91,3,,上市,114,143068,,,,,,,,586896,,338578,,,,,,586896,,,,514678,,215286,4230889,5041511,810622,810622,295944,,729964,,338578,,586896,,,,,
,,5519,隆大,,,761,,,,,,,,,,4.31,3,,上市,114,237769,,,,,,,,943961,,944722,,,,,,943961,,,,1170565,,11165,2993040,4456678,1463638,1463638,293073,,1181730,,944722,,943961,,,,,
,,5521,工信,,,-12386,,,,,,,,,,0.37,3,,上市,114,19193,,,,,,,,182472,,170086,,,,,,182472,,,,167070,,34595,6569753,7020993,451240,451240,284170,,201665,,170086,,182472,,,,,
,,5522,遠雄,,,-31058,,,,,,,,,,1.74,3,5441,上市,114,618930,,,,,,,,1356442,,1325384,,,,,,1356442,,,,2041562,,-66190,6296369,9652712,3356343,3361784,1320222,,1975372,,1325384,,1356442,,,,,
,,5525,順天,,,,,,,,,,,,,-0.24,3,,上市,114,-15486,,,,,,,,-72294,,-72294,,,,,,-72251,-43,,,-85580,,-2200,187589,348262,160673,160673,246253,,-87780,,-72251,-43,-72294,,,,,
,,5531,鄉林,,,-450437,,,,,,,,,,-0.13,3,,上市,114,-2964,,,,,,,,-253863,,-704300,,,,,,-127249,-126614,,,-568332,,311505,709995,903657,193662,193662,761994,,-256827,,-566193,-138107,-253863,,,,,
,,5533,皇鼎,,,,,,,,,,,,,0.42,3,,上市,114,26942,,,,,,,,120143,,120143,,,,,,120143,,,,130855,,16230,655699,928708,273009,273009,142154,,147085,,120143,,120143,,,,,
,,5534,長虹,,,0,,,,,,,,,,2.24,3,,上市,114,296397,,,,,,0,,860757,,860757,,,,,,651246,209511,,,1164226,,-7072,1770213,3221094,1450881,1450881,286655,,1157154,,651246,209511,860757,,,,,
,,5538,東明-KY,,,-338913,,,,,,,,,,2.27,3,,上市,114,90784,,,,,,,,457924,,119011,,,,,,455932,1992,,,535589,,13119,8234080,9404202,1170122,1170122,634533,,548708,,118044,967,457924,,,,,
,,5546,永固-KY,,,-133522,,,,,,,,,,-1.06,3,,上市,114,-18760,,,,,,,,-110914,,-244436,,,,,,-86887,-24027,,,-78750,,-50924,1481404,1594746,113342,113342,192092,,-129674,,-217956,-26480,-110914,,,,,
,,5607,遠雄港,,,0,,,,,,,,,,2.13,3,,上市,114,121490,,,,,,,,787526,,787526,,,,,,787526,0,,,1140958,,-231942,1478801,2997909,1519108,1519108,378150,,909016,,787526,0,787526,,,,,
,,5608,四維航,,,-1008887,,,,,,,,,,-0.14,3,,上市,114,29383,,,,,,,,-106377,,-1115264,,,,,,-54267,-52110,,,-157285,,80291,2263751,2326526,62775,62775,220060,,-76994,,-1063154,-52110,-106377,,,,,
,0,5706,鳳凰,549,,27662,,,,,,,,,,2.69,3,,上市,114,44212,,,,,,,,229012,,256674,,,,,0,227951,1061,,,171041,,102183,2034833,2387833,353000,353000,182508,,273224,0,256243,431,229012,,,,,
,,5871,中租-KY,907437,,-5205244,,,,,,,,,,8.45,3,,上市,114,6453337,,,,,,,,15756448,,10551204,,,,,,15032673,723775,,,20157357,,2052428,24967683,73418897,48451214,48451214,29201294,,22209785,,10285116,266088,15756448,,,,,
,,5876,上海商銀,,,,,-8725979,13709277,,26624897,,,,9309241,2.56,3,,上市,114,1631558,,,,,,,,,14370618,,5644639,,12413688,1956930,,,,,,,,,,,,,15022757,,,,7848056,-2203417,,14370618,,,16002176,
7801551,,5880,合庫金,,,,,,,29783415,25419341,,,,2533538,1.03,3,,上市,114,,4011126,,,,,,9002749,,16240627,25243376,,,,,,16193782,46845,55202756,,,,,,,,,24615914,,,,24758014,485362,16240627,,,20251753,,
,,5906,台南-KY,-5092,,-123480,,,,,,,,,,0.78,3,,上市,114,11190,,,,,,,,24285,,-99195,,,,,,27909,-3624,,,26360,,9115,526018,1196845,670827,670827,639375,,35475,,-95571,-3624,24285,,,,,
,,5907,大洋-KY,,,-265151,,,,,,,,,,-3.04,3,,上市,114,1338,,,,,,,,-593798,,-858949,,,,,,-593798,,,,-218230,,-374230,300704,2045528,1744824,1744824,1963054,,-592460,,-858949,,-593798,,,,,
,,6005,群益證,,,,,,,,,,,,,1.87,3,,上市,114,734086,,,10756007,,13935571,,400762,4478927,,4879689,,,4053876,425051,,,,,3179564,,2033449,,,,,,,,5213013,,4486411,393278,4478927,,,,,
,,6024,群益期,,,,,,,,,,,,,4.00,3,,上市,114,212277,,,2300639,,2317336,,-70697,961290,,890593,,,962910,-1620,,,,,16697,,1156870,,,,,,,,1173567,,892362,-1769,961290,,,,,
,,6108,競國,,,-207749,,,,,,,,,,-0.91,3,,上市,114,13281,,,,,,,,-143318,,-351067,,,,,,-143318,,,,-199679,,69642,2937949,3153160,215211,215211,414890,,-130037,,-351067,,-143318,,,,,
,,6112,邁達特,,,-37087,,,,,,,,,,1.20,3,,上市,114,112821,,,,,,,,243036,,205949,,,,,,226916,16120,,,351562,,4295,13967580,16234438,2266858,2266858,1915296,,355857,,216969,-11020,243036,,,,,
,,6115,鎰勝,,,-302936,,,,,,,,,,2.03,3,,上市,114,204910,,,,,,,,377063,,74127,,,,,,381070,-4007,,,576487,,5486,4695611,5613811,918200,918200,341713,,581973,,81420,-7293,377063,,,,,
,,6116,彩晶,,,354429,,,,,,,,,,-0.46,3,,上市,114,68638,,,,,,,,-1306686,,-952257,,,,,,-1306686,0,,,-2335376,,1097328,9890129,8664431,-1225698,-1225698,1109678,,-1238048,,-952257,0,-1306686,,,,,
,,6117,迎廣,,,-33542,,,,,,,,,,2.21,3,,上市,114,80845,,,,,,,,202485,,168943,,,,,,202559,-74,,,334500,,-51170,1666402,2390901,724499,724499,389999,,283330,,169017,-74,202485,,,,,
,,6120,達運,,,-320168,,,,,,,,,,-0.17,3,,上市,114,75019,,,,,,,,-113243,,-433411,,,,,,-113243,,,,-183484,,145260,12419337,13051880,632543,632543,816027,,-38224,,-433411,,-113243,,,,,
,,6128,上福,,,-167657,,,,,,,,,,-9.50,3,,上市,114,-291,,,,,,,,-1212032,,-1379689,,,,,,-1212032,0,,,125187,,-1337510,2405555,3954298,1548743,1548743,1423556,,-1212323,,-1379689,0,-1212032,,,,,
,,6133,金橋,,,215677,,,,,,,,,,0.35,3,,上市,114,21185,,,,,,,,41286,,256963,,,,,,41286,,,,85724,,-23253,774972,1007172,232200,232200,146476,,62471,,256963,,41286,,,,,
,,6136,富爾特,,,-112094,,,,,,,,,,0.95,3,,上市,114,-2143,,,,,,,,104724,,-7370,,,,,,109322,-4598,,,-19708,,122289,328640,458472,129832,129832,149540,,102581,,-1780,-5590,104724,,,,,
,,6139,亞翔,,,-102586,,,,,,,,,,17.33,3,,上市,114,1495461,,,,,,,,5049448,,4946862,,,,,,4052681,996767,,,5963314,,581595,44319690,51623496,7303806,7303806,1340492,,6544909,,4184470,762392,5049448,,,,,
,,6141,柏承,,,-40011,,,,,,,,,,-1.99,3,,上市,114,36318,,,,,,,,-289297,,-329308,,,,,,-225500,-63797,,,-146154,,-106825,1235279,1376632,141353,141353,287507,,-252979,,-257688,-71620,-289297,,,,,
,,6142,友勁,,,-54770,,,,,,,,,,-0.17,3,,上市,114,757,,,,,,,,-55229,,-109999,,,,,,-55229,,,,-113251,,58779,1264872,1426955,162083,162083,275334,,-54472,,-109999,,-55229,,,,,
,,6152,百一,,,-27427,,,,,,,,,,-1.22,3,,上市,114,-14,,,,,,,,-204822,,-232249,,,,,,-204038,-784,,,-229562,,24726,955863,1113629,157766,157766,387328,,-204836,,-231465,-784,-204822,,,,,
,,6153,嘉聯益,,,923793,,,,,,,,,,-2.86,3,,上市,114,1064,,,,,,,,-1801706,,-877913,,,,,,-1801706,,,,-1717525,,-83117,5134469,4204161,-930308,-930308,787217,,-1800642,,-877913,,-1801706,,,,,
,,6155,鈞寶,,,-63236,,,,,,,,,,0.41,3,0,上市,114,8507,,,,,,0,,36107,,-27129,,,,,,36107,0,,,26775,,17839,358010,475617,117607,117607,90832,,44614,,-27129,0,36107,,,,,
,,6164,華興,,,-33889,,,,,,,,,,0.02,3,,上市,114,11427,,,,,,,,1449,,-32440,,,,,,1814,-365,,,14788,,-1912,375855,575641,199786,199786,184998,,12876,,-31563,-877,1449,,,,,
,,6165,浪凡,,,-11965,,,,,,,,,,3.02,3,,上市,114,30919,,,,,,,,236304,,224339,,,,,,230055,6249,,,268170,,-947,1707963,2406888,698925,698925,430755,,267223,,218090,6249,236304,,,,,
,,6166,凌華,,,-198954,,,,,,,,,,1.52,3,763,上市,114,92324,,,,,,0,,321069,,122115,,,,,,331290,-10221,,,454397,,-41004,5609688,8684837,3075149,3075912,2621515,,413393,,133580,-11465,321069,,,,,
,,6168,宏齊,,,-13486,,,,,,,,,,0.04,3,,上市,114,5448,,,,,,-699,,1271,,-12215,,,,,,8985,-7714,,,8096,,-1377,1151704,1573074,421370,422069,413973,,6719,,-5353,-6862,1271,,,,,
,,6176,瑞儀,154598,,-2046863,,,,,,,,,,7.41,3,,上市,114,1685455,,,,,,,,3428688,,1381825,,,,,,3428688,,,,4779029,,335114,29169767,37153779,7984012,7984012,3359581,,5114143,,1381825,,3428688,,,,,
,,6177,達麗,,,-163450,,,,,,,,,,-0.22,3,,上市,114,57499,,,,,,25574,,-93767,,-257217,,,,,,-101724,7957,,,61076,,-97344,2330095,2747809,417714,392140,331064,,-36268,,-265174,7957,-93767,,,,,
,,6183,關貿,-721,,-13555,,,,,,,,,,3.02,3,,上市,114,94674,,,,,,,,453047,,439492,,,,,,453047,,,,527394,,20327,1091466,1956978,865512,865512,337397,,547721,,439492,,453047,,,,,
,,6184,大豐電,,,,,,,,,,,,,2.57,3,,上市,114,104840,,,,,,,,389434,,389434,,,,,,382899,6535,,,468077,,26197,763555,1617945,854390,854390,386313,,494274,,382899,6535,389434,,,,,
,,6189,豐藝,,,-118860,,,,,,,,,,1.82,3,,上市,114,154306,,,,,,,,550829,,431969,,,,,,478552,72277,,,1163686,,-458551,20597810,22594924,1997114,1997114,833428,,705135,,379104,52865,550829,,,,,
,,6191,精成科,,,-1722538,,,,,,,,,,5.02,3,,上市,114,960230,,,,,,,,2375600,,653062,,,,,,2382414,-6814,,,2792043,,543787,19514664,24393164,4878500,4878500,2086457,,3335830,,664853,-11791,2375600,,,,,
,,6192,巨路,,,-76289,,,,,,,,,,7.66,3,,上市,114,184216,,,,,,,,737928,,661639,,,,,,736894,1034,,,927006,,-4862,3545895,5341299,1795404,1795404,868398,,922144,,660648,991,737928,,,,,
,,6196,帆宣,,,-198651,,,,,,,,,,12.00,3,,上市,114,569736,,,,,,,,2412423,,2213772,,,,,,2467816,-55393,,,1626785,,1355374,32816860,36923976,4107116,4107116,2480331,,2982159,,2271261,-57489,2412423,,,,,
,,6197,佳必琪,,,51437,,,,,,,,,,6.10,3,,上市,114,237498,,,,,,,,794922,,846359,,,,,,744641,50281,,,1127117,,-94697,3809927,5729212,1919285,1919285,792168,,1032420,,800753,45606,794922,,,,,
,,6201,亞弘電,,,-54281,,,,,,,,,,3.06,3,,上市,114,72012,,,,,,,,273192,,218911,,,,,,273192,,,,320088,,25116,1967390,2587284,619894,619894,299806,,345204,,218911,,273192,,,,,
,,6202,盛群,,,-79837,,,,,,,,,,0.62,3,,上市,114,-21388,,,,,,-6012,,149124,,69287,,,,,,139897,9227,,,88218,,39518,1474815,2375121,900306,906318,818100,,127736,,62867,6420,149124,,,,,
,,6205,詮欣,,,-32888,,,,,,,,,,1.51,3,,上市,114,38057,,,,,,,,123259,,90371,,,,,,122929,330,,,141865,,19451,645368,1076228,430860,430860,288995,,161316,,90136,235,123259,,,,,
,,6206,飛捷,,,-35348,,,,,,,,,,5.33,3,,上市,114,194407,,,,,,,,744215,,708867,,,,,,762636,-18421,,,1016041,,-77419,2218266,3948535,1730269,1730269,714228,,938622,,727796,-18929,744215,,,,,
,,6209,今國光,,,-90930,,,,,,,,,,0.49,3,,上市,114,22925,,,,,,,,85224,,-5706,,,,,,85224,,,,89345,,18804,1978381,2429297,450916,450916,361571,,108149,,-5706,,85224,,,,,
,,6213,聯茂,,,-1362964,,,,,,,,,,2.98,3,,上市,114,643637,,,,,,,,1081944,,-281020,,,,,,1081944,,,,1755417,,-29836,20657794,24181597,3523803,3523803,1768386,,1725581,,-281020,,1081944,,,,,
,,6214,精誠,,,-263690,,,,,,,,,,5.42,3,,上市,114,382363,,,,,,,,1597668,,1333978,,,,,,1469720,127948,,,1309218,,670813,25771143,32597234,6826091,6826091,5516873,,1980031,,1211277,122701,1597668,,,,,
,,6215,和椿,,,-11362,,,,,,,,,,1.27,3,,上市,114,26167,,,,,,,,105323,,93961,,,,,,105323,0,,,121457,,10033,1356870,1794488,437618,437618,316161,,131490,,93961,0,105323,,,,,
,,6216,居易,,,,,,,,,,,,,0.40,3,,上市,114,-5529,,,,,,,,38902,,38902,,,,,,,,,,63915,,-30542,328023,606331,278308,278308,214393,,33373,,,,38902,,,,,
,,6224,聚鼎,,,-103664,,,,,,,,,,0.98,3,,上市,114,65422,,,,,,,,36437,,-67227,,,,,,83153,-46716,,,45649,,56210,1521759,2170777,649018,649018,603369,,101859,,-11364,-55863,36437,,,,,
,,6225,天瀚,,,-734,,,,,,,,,,-0.19,3,,上市,114,363,,,,,,,,-5282,,-6016,,,,,,-5282,,,,-4838,,-81,19699,32158,12459,12459,17297,,-4919,,-6016,,-5282,,,,,
,-1429,6226,光鼎,,,-39772,,,,,,,,,,-0.17,3,,上市,114,15988,,,,,,,,-20613,,-60385,,,,,,-20157,-456,,,-38451,,35255,332187,464557,132370,132370,170821,,-3196,,-59929,-456,-19184,,,,,
,,6230,尼得科超眾,,,-272229,,,,,,,,,,-1.30,3,,上市,114,-37211,,,,,,,,-111986,,-384215,,,,,,-111986,,,,-77476,,-71721,5645437,6608204,962767,962767,1040243,,-149197,,-384215,,-111986,,,,,
,,6235,華孚,,,-300168,,,,,,,,,,2.35,3,,上市,114,150829,,,,,,,,469155,,168987,,,,,,469155,,,,477345,,142639,3588435,4854404,1265969,1265969,788624,,619984,,168987,,469155,,,,,
,,6239,力成,,,-542211,,,,,,,,,,4.96,3,,上市,114,852978,,,,,,,,4888716,,4346505,,,,,,3672454,1216262,,,5435373,,306321,44784405,53522285,8737880,8737880,3302507,,5741694,,3148926,1197579,4888716,,,,,
,,6243,迅杰,,,,,,,,,,,,,-0.32,3,,上市,114,-8521,,,,,,,,-14234,,-14234,,,,,,,,,,20351,,-43106,288104,506947,218843,218843,198492,,-22755,,,,-14234,,,,,
,,6257,矽格,,,663646,,,,,,,,,,3.94,3,,上市,114,471999,,,,,,,,2156091,,2819737,,,,,,1896632,259459,,,2903904,,-275814,10159813,14317535,4157722,4157722,1253818,,2628090,,2664085,155652,2156091,,,,,
,,6269,台郡,,,-760691,,,,,,,,,,-5.09,3,,上市,114,-497550,,,,,,,,-1632227,,-2392918,,,,,,-1633696,1469,,,-2461205,,331428,16525108,16763695,238587,238587,2699792,,-2129777,,-2393410,492,-1632227,,,,,
,0,6271,同欣電,,,-110423,,,,,,,,,,5.41,3,,上市,114,160149,,,,,,,,1133619,,1023196,,,,,0,1130280,3339,,,1202836,,90932,6353101,8725492,2372391,2372391,1169555,,1293768,0,1019080,4116,1133619,,,,,
,,6272,驊陞,,,-85678,,,,,,,,,,2.94,3,,上市,114,78843,,,,,,,,227753,,142075,,,,,,213355,14398,,,316988,,-10392,2231853,3061912,830059,830059,513071,,306596,,134272,7803,227753,,,,,
,,6277,宏正,,,-26595,,,,,,,,,,2.29,3,,上市,114,88211,,,,,,,,280905,,254310,,,,,,273895,7010,,,383720,,-14604,1452145,3538707,2086562,2086562,1702842,,369116,,247742,6568,280905,,,,,
,,6278,台表科,,,-1626876,,,,,,,,,,6.90,3,,上市,114,539266,,,,,,,,2018855,,391979,,,,,,2017735,1120,,,2722212,,-164091,32982904,37790010,4807106,4807106,2084894,,2558121,,394021,-2042,2018855,,,,,
,,6281,全國電,,,,,,,,,,,,,3.05,3,,上市,114,77853,,,,,,,,302190,,302190,,,,,,,,,,373305,,6738,11824664,14679560,2854896,2854896,2481591,,380043,,,,302190,,,,,
,5965,6282,康舒,,,-516463,,,,,,,,,,-0.38,3,,上市,114,254267,,,,,,,,-330699,,-847162,,,,,,-328572,-2127,,,355235,,-437632,16805565,22529129,5723564,5723564,5368329,,-82397,,-830329,-16833,-336664,,,,,
,,6283,淳安,,,-98880,,,,,,,,,,-0.20,3,,上市,114,-4508,,,,,,,,-36233,,-135113,,,,,,-29571,-6662,,,-47487,,6746,1216728,1419510,202782,202782,250269,,-40741,,-113301,-21812,-36233,,,,,
,,6285,啟碁,,,523569,,,,,,,,,,4.35,3,,上市,114,529756,,,,,,,,2075584,,2599153,,,,,,2075584,,,,2672509,,-67169,73278928,83235287,9956359,9956359,7283850,,2605340,,2599153,,2075584,,,,,
,,6405,悅城,,,156756,,,,,,,,,,-1.03,3,,上市,114,-5960,,,,,,,,-68036,,88720,,,,,,,,,,-83401,,9405,23519,697,-22822,-22822,60579,,-73996,,,,-68036,,,,,
,,6409,旭隼,,,-683394,,,,,,,,,,34.16,3,,上市,114,666768,,,,,,,,2987390,,2303996,,,,,,2987390,,,,3361426,,292732,11269533,15883447,4613914,4613914,1252488,,3654158,,2303996,,2987390,,,,,
,,6412,群電,,,-590179,,,,,,,,,,4.03,3,,上市,114,350809,,,,,,,,1613273,,1023094,,,,,,1613273,,,,1856906,,107176,22071299,26608921,4537622,4537622,2680716,,1964082,,1023094,,1613273,,,,,
,0,6414,樺漢,,,-336300,,,,,,,,,,17.04,3,,上市,114,1444656,,,,,,,,6396865,,6060565,,,,,,2343043,4053822,,,2539502,,5302019,81750707,102776263,21025556,21025556,18486054,,7841521,,1773808,4286757,6396865,,,,,
,,6415,矽力*-KY,12592,,-1456840,,,,,,,,,,4.31,3,,上市,114,98108,,,,,,,,1712974,,256134,,,,,,1668880,44094,,,1397028,,414054,6470112,13420530,6950418,6950418,5565982,,1811082,,247879,8255,1712974,,,,,
,,6416,瑞祺電通,,,-39447,,,,,,,,,,2.91,3,,上市,114,61353,,,,,,,,210871,,171424,,,,,,213444,-2573,,,263550,,8674,2402943,3136716,733773,733773,470223,,272224,,184938,-13514,210871,,,,,
,,6426,統新,,,-2380,,,,,,,,,,-1.08,3,,上市,114,0,,,,,,,,-41525,,-43905,,,,,,-41525,,,,-32906,,-8619,251973,347369,95396,95396,128302,,-41525,,-43905,,-41525,,,,,
,,6431,光麗-KY,,,-38139,,,,,,,,,,-1.44,3,,上市,114,-7418,,,,,,,,-132074,,-170213,,,,,,-132074,,,,-116582,,-22910,216432,262995,46563,46563,163145,,-139492,,-170213,,-132074,,,,,
,,6438,迅得,,,-118844,,,,,,,,,,4.17,3,,上市,114,66329,,,,,,,,329670,,210826,,,,,,335867,-6197,,,412297,,-16298,3703812,4852485,1148673,1148673,736376,,395999,,221552,-10726,329670,,,,,
,,6442,光聖,,,21399,,,,,,,,,,13.87,3,,上市,114,387939,,,,,,,,1045931,,1067330,,,,,,1047296,-1365,,,1731094,,-297224,3175697,7527529,4351832,4351832,2620738,,1433870,,1068796,-1466,1045931,,,,,
,,6443,元晶,-949,,4292,,,,,,,,,,-1.90,3,-1248,上市,114,66379,,,,,,,,-976125,,-971833,,,,,,-976116,-9,,,-772830,,-136916,1994988,1452395,-542593,-543841,228040,,-909746,,-971824,-9,-976125,,,,,
,,6446,藥華藥,,,-1005532,,,,,,,,,,9.66,3,,上市,114,-598682,,,,,,,,3568885,,2563353,,,,,,3568885,,,,3366751,,-396548,1140648,10753539,9612891,9612891,6246140,,2970203,,2563353,,3568885,,,,,
,,6449,鈺邦,,,240766,,,,,,,,,,4.81,3,,上市,114,127328,,,,,,,,403594,,644360,,,,,,422829,-19235,,,586930,,-56008,2112777,3204982,1092205,1092205,505275,,530922,,663595,-19235,403594,,,,,
,,6451,訊芯-KY,,,-1074707,,,,,,,,,,-0.64,3,,上市,114,18258,,,,,,,,-53939,,-1128646,,,,,,-67691,13752,,,-22569,,-13112,4674737,5462405,787668,787668,810237,,-35681,,-1061211,-67435,-53939,,,,,
,,6456,GIS-KY,,,-979330,,,,,,,,,,-0.37,3,,上市,114,388041,,,,,,,,-125270,,-1104600,,,,,,-125548,278,,,-168834,,431605,46950490,50368778,3418288,3418288,3587122,,262771,,-1103507,-1093,-125270,,,,,
,,6464,台數科,,,7739,,,,,,,,,,4.16,3,,上市,114,191467,,,,,,,,529554,,537293,,,,,,520858,8696,,,887823,,-166802,1616782,3280179,1663397,1663397,775574,,721021,,524969,12324,529554,,,,,
,-1339394,6472,保瑞,,,-1010746,,,,,,,,,,21.34,3,124,上市,114,447916,,,,,,637,,2680905,,1670159,,,,,,2649552,31353,,,2737205,,1731010,8072762,14153515,6080753,6080240,3343035,,4468215,,1639761,30398,4020299,,,,,
,,6477,安集,,,-14968,,,,,,,,,,0.12,3,,上市,114,14162,,,,,,,,25280,,10312,,,,,,15435,9845,,,150862,,-111420,416890,652899,236009,236009,85147,,39442,,467,9845,25280,,,,,
,,6491,晶碩,,,-88140,,,,,,,,,,15.38,3,,上市,114,254418,,,,,,,,1216447,,1128307,,,,,,1199379,17068,,,1290173,,180692,2446024,5108998,2662974,2662974,1372801,,1470865,,1113492,14815,1216447,,,,,
,,6504,南六,,,-173975,,,,,,,,,,-2.15,3,,上市,114,68339,,,,,,,,-156335,,-330310,,,,,,-156193,-142,,,120171,,-208167,4310424,4906015,595591,595591,475420,,-87996,,-330355,45,-156335,,,,,
,,6505,台塑化,,,12425244,,,,,,,,,,0.50,3,,上市,114,1235105,,,,,,,,4762909,,17188153,,,,,,4764345,-1436,,,5619904,,378110,468428099,482344031,13915932,13915932,8296028,,5998014,,17535545,-347392,4762909,,,,,
,,6515,穎崴,,,-16999,,,,,,,,,,33.40,3,,上市,114,300153,,,,,,,,1189534,,1172535,,,,,,1189534,,,,1594925,,-105238,2998506,5623525,2625019,2625019,1030094,,1489687,,1172535,,1189534,,,,,
,,6525,捷敏-KY,,,-185297,,,,,,,,,,4.38,3,,上市,114,188857,,,,,,,,565426,,380129,,,,,,565426,,,,804302,,-50019,2897783,3991402,1093619,1093619,289317,,754283,,380129,,565426,,,,,
,,6526,達發,,,-128887,,,,,,,,,,14.00,3,,上市,114,378576,,,,,,,,2292431,,2163544,,,,,,2345863,-53432,,,2430493,,240514,7950762,16375321,8424559,8424559,5994066,,2671007,,2216976,-53432,2292431,,,,,
,,6531,愛普*,,,-9154,,,,,,,,,,3.03,3,,上市,114,119745,,,,,,,,490014,,480860,,,,,,492078,-2064,,,826890,,-217131,2096244,3798394,1702150,1702150,875260,,609759,,485837,-4977,490014,,,,,
,,6533,晶心科,,,-9417,,,,,,,,,,-7.68,3,,上市,114,-51790,,,,,,,,-388933,,-398350,,,,,,-388933,,,,-361177,,-79546,783,1017301,1016518,1016518,1377695,,-440723,,-398350,,-388933,,,,,
,,6534,正瀚-創,,,-22867,,,,,,,,,,4.09,3,,上市,114,89750,,,,,,,,420001,,397134,,,,,,420196,-195,,,581483,,-71732,228987,1490807,1261820,1261820,680337,,509751,,397329,-195,420001,,,,,
,,6541,泰福-KY,,,-150379,,,,,,,,,,-4.53,3,,上市,114,-3050,,,,,,,,-1079620,,-1229999,,,,,,-1079620,,,,-1014615,,-68055,419016,222018,-196998,-196998,817617,,-1082670,,-1229999,,-1079620,,,,,
,,6550,北極星藥業-KY,,,-357132,,,,,,,,,,-2.91,3,,上市,114,390,,,,,,,,-2263425,,-2620557,,,,,,-2245459,-17966,,,-2146550,,-116485,190581,34584,-155997,-155997,1990553,,-2263035,,-2602591,-17966,-2263425,,,,,
,,6552,易華電,,,-59716,,,,,,,,,,-3.50,3,,上市,114,-73753,,,,,,,,-290871,,-350587,,,,,,,,,,-389526,,24902,1405527,1143002,-262525,-262525,127001,,-364624,,,,-290871,,,,,
,,6558,興能高,,,-37156,,,,,,,,,,-0.45,3,,上市,114,-3770,,,,,,,,-41552,,-78708,,,,,,-41552,,,,-28900,,-16422,659656,828244,168588,168588,197488,,-45322,,-78708,,-41552,,,,,
,,6573,虹揚-KY,,,-23390,,,,,,,,,,1.61,3,,上市,114,8952,,,,,,,,129284,,105894,,,,,,129442,-158,,,-92198,,230434,585962,642539,56577,56577,148775,,138236,,106662,-768,129284,,,,,
,,6579,研揚,,,-42094,,,,,,,,,,3.44,3,,上市,114,89695,,,,,,,,504682,,462588,,,,,,431992,72690,,,483112,,111265,4235641,6365753,2130112,2130112,1647000,,594377,,405959,56629,504682,,,,,
,,6581,鋼聯,,,,,,,,,,,,,4.45,3,,上市,114,121982,,,,,,,,495620,,495620,,,,,,495620,,,,617572,,30,800487,1628410,827923,827923,210351,,617602,,495620,,495620,,,,,
,,6582,申豐,,,128318,,,,,,,,,,-0.19,3,,上市,114,-1899,,,,,,,,-19825,,108493,,,,,,-19825,,,,-148202,,126478,726643,695795,-30848,-30848,117354,,-21724,,108493,,-19825,,,,,
,,6585,鼎基,,,-15344,,,,,,,,,,3.81,3,,上市,114,73152,,,,,,,,274056,,258712,,,,,,274056,,,,373206,,-25998,1431474,2119033,687559,687559,314353,,347208,,258712,,274056,,,,,
,,6589,台康生技,,,-9994,,,,,,,,,,-1.94,3,,上市,114,1238,,,,,,,,-588170,,-598164,,,,,,-588170,,,,-537800,,-49132,573438,641534,68096,68096,605896,,-586932,,-598164,,-588170,,,,,
,,6591,動力-KY,,,-85174,,,,,,,,,,4.65,3,,上市,114,76789,,,,,,,,177009,,91835,,,,,,178337,-1328,,,234935,,18863,883360,1370569,487209,487209,252274,,253798,,93163,-1328,177009,,,,,
,,6592,和潤企業,,,-316054,,,,,,,,,,3.16,3,,上市,114,647956,,,,,,,,2430904,,2114850,,,,,,2405738,25166,,,2929833,,149027,7115083,17939839,10824756,10824756,7894923,,3078860,,2240140,-125290,2430904,,,,,
,,6598,ABC-KY,,,-56194,,,,,,,,,,-1.33,3,,上市,114,25,,,,,,,,-136932,,-193126,,,,,,-136932,,,,-154451,,17544,146365,358704,212339,212339,366790,,-136907,,-193126,,-136932,,,,,
,,6605,帝寶,,,-54393,,,,,,,,,,8.84,3,,上市,114,406534,,,,,,,,1465453,,1411060,,,,,,1466062,-609,,,2425765,,-553778,9903827,14418603,4514776,4514776,2089011,,1871987,,1447129,-36069,1465453,,,,,
,-279,6606,建德工業,,,-60932,,,,,,,,,,0.76,3,,上市,114,47353,,,,,,,,84262,,23330,,,,,,83769,493,,,135657,,-3763,354461,599929,245468,245468,109811,,131894,,26757,-3427,84541,,,,,
,,6614,資拓宏宇,,,,,,,,,,,,,0.87,3,,上市,114,6577,,,,,,,,63125,,63125,,,,,,63125,,,,76072,,-6370,2842553,3248090,405537,405537,329465,,69702,,63125,,63125,,,,,
,,6625,必應,,,-21546,,,,,,,,,,6.50,3,,上市,114,83639,,,,,,,,360543,,338997,,,,,,359603,940,,,384340,,59842,2401029,2977448,576419,576419,192079,,444182,,338057,940,360543,,,,,
,,6641,基士德-KY,,,-57368,,,,,,,,,,0.11,3,,上市,114,10492,,,,,,,,477,,-56891,,,,,,3966,-3489,,,-9298,,20267,879208,1277930,398722,398722,408020,,10969,,-53100,-3791,477,,,,,
,,6645,金萬林-創,,,-706,,,,,,,,,,-1.96,3,,上市,114,19,,,,,,,,-119895,,-120601,,,,,,-119061,-834,,,-116501,,-3375,317202,372248,55046,55046,171547,,-119876,,-119767,-834,-119895,,,,,
,,6655,科定,,,68800,,,,,,,,,,2.48,3,,上市,114,46498,,,,,,,,196659,,265459,,,,,,194973,1686,,,276558,,-33401,951387,1870910,919523,919523,642965,,243157,,264133,1326,196659,,,,,
,,6657,華安,,,-286,,,,,,,,,,-2.19,3,,上市,114,,,,,,,,,-193610,,-193896,,,,,,-193610,,,,-205862,,12252,1045,4859,3814,3814,209676,,-193610,,-193896,,-193610,,,,,
,,6658,聯策,,,-63971,,,,,,,,,,0.36,3,,上市,114,32241,,,,,,,,2879,,-61092,,,,,,12975,-10096,,,60651,,-25531,1232797,1580817,348020,348020,287369,,35120,,-50996,-10096,2879,,,,,
,,6666,羅麗芬-KY,,,-78235,,,,,,,,,,2.63,3,,上市,114,40312,,,,,,,,118988,,40753,,,,,,124534,-5546,,,133863,,25437,292949,853680,560731,560731,426868,,159300,,48149,-7396,118988,,,,,
,,6668,中揚光,,,-66650,,,,,,,,,,-1.11,3,,上市,114,330,,,,,,,,-112755,,-179405,,,,,,-112755,0,,,-126353,,13928,656804,804179,147375,147375,273728,,-112425,,-179405,0,-112755,,,,,
,,6669,緯穎,,,-3756309,,,,,,,,,,200.85,3,,上市,114,11268069,,,,,,,,37326652,,33570343,,,,,,37326652,,,,47451645,,1143076,600898272,658222829,57324557,57324557,9872912,,48594721,,33570343,,37326652,,,,,
,,6670,復盛應用,,,-649894,,,,,,,,,,14.55,3,,上市,114,698330,,,,,,,,2218786,,1568892,,,,,,2021535,197251,,,3033937,,-116821,15733250,20946226,5212976,5212976,2179039,,2917116,,1446536,122356,2218786,,,,,
,,6671,三能-KY,,,-72765,,,,,,,,,,1.65,3,,上市,114,40623,,,,,,,,104957,,32192,,,,,,100495,4462,,,138075,,7505,906275,1464149,557874,557874,419799,,145580,,28496,3696,104957,,,,,
,,6672,騰輝電子-KY,,,-147150,,,,,,,,,,3.46,3,,上市,114,38260,,,,,,,,247259,,100109,,,,,,247259,,,,282278,,3241,2140219,3157981,1017762,1017762,735484,,285519,,100109,,247259,,,,,
,,6674,鋐寶科技,,,418,,,,,,,,,,-0.98,3,,上市,114,0,,,,,,,,-65957,,-65539,,,,,,-65957,,,,-79429,,13472,309816,473894,164078,164078,243507,,-65957,,-65539,,-65957,,,,,
,,6689,伊雲谷,,,-116727,,,,,,,,,,1.15,3,,上市,114,25854,,,,,,,,52477,,-64250,,,,,,78002,-25525,,,17307,,61024,8469578,9399707,930129,930129,912822,,78331,,-38310,-25940,52477,,,,,
,,6691,洋基工程,,,-59639,,,,,,,,,,16.64,3,,上市,114,524754,,,,,,,,2006302,,1946663,,,,,,2006302,,,,2522560,,8496,12470411,15377229,2906818,2906818,384258,,2531056,,1946663,,2006302,,,,,
,,6695,芯鼎,,,0,,,,,,,,,,-1.86,3,,上市,114,,,,,,,,,-178637,,-178637,,,,,,-178637,,,,-196218,,17581,521116,843640,322524,322524,518742,,-178637,,-178637,,-178637,,,,,
,,6698,旭暉應材,,,-25634,,,,,,,,,,-1.45,3,,上市,114,38561,,,,,,,,-48805,,-74439,,,,,,-95296,46491,,,9910,,-20154,590053,804570,214517,214517,204607,,-10244,,-114574,40135,-48805,,,,,
,,6706,惠特,,,-31518,,,,,,,,,,-3.69,3,2766,上市,114,-20921,,,,,,413,,-289605,,-321123,,,,,,-289605,,,,-241741,,-68785,649745,778316,128571,130924,372665,,-310526,,-321123,,-289605,,,,,
,,6715,嘉基,,,-37074,,,,,,,,,,1.17,3,,上市,114,25080,,,,,,,,60726,,23652,,,,,,77526,-16800,,,114532,,-28726,781780,1233545,451765,451765,337233,,85806,,40452,-16800,60726,,,,,
,,6719,力智,,,-28264,,,,,,,,,,4.25,3,,上市,114,94423,,,,,,,,447882,,419618,,,,,,447882,,,,487851,,54454,2212383,3391734,1179351,1179351,691500,,542305,,419618,,447882,,,,,
,,6722,輝創,,,-46910,,,,,,,,,,2.02,3,,上市,114,39815,,,,,,1123,,157660,,110750,,,,,,157660,,,,165437,,32038,3033525,3822042,788517,787394,621957,,197475,,110750,,157660,,,,,
,,6742,澤米,,,-7625,,,,,,,,,,-1.50,3,,上市,114,-4819,,,,,,,,-105945,,-113570,,,,,,-105945,,,,-90202,,-20562,443051,436954,-6097,-6097,84105,,-110764,,-113570,,-105945,,,,,
,,6743,安普新,,,-188758,,,,,,,,,,0.39,3,,上市,114,14763,,,,,,,,57562,,-131196,,,,,,57562,0,,,330823,,-258498,3360158,4137065,776907,776907,446084,,72325,,-131196,0,57562,,,,,
,,6753,龍德造船,,,-1874,,,,,,,,,,3.74,3,,上市,114,103697,,,,,,,,424080,,422206,,,,,,,,,,588257,,-60480,2845591,3544805,699214,699214,110957,,527777,,,,424080,,,,,
,,6754,匯僑設計,,,-45680,,,,,,,,,,2.29,3,,上市,114,52766,,,,,,,,150957,,105277,,,,,,150957,,,,177642,,26081,2123965,2731586,607621,607621,429979,,203723,,105277,,150957,,,,,
,,6756,威鋒電子,,,4061,,,,,,,,,,0.71,3,,上市,114,-387,,,,,,,,32295,,36356,,,,,,49817,-17522,,,-70096,,102004,582520,1141731,559211,559211,629307,,31908,,57876,-21520,32295,,,,,
,,6757,台灣虎航,,,5772,,,,,,,,,,4.28,3,,上市,114,492517,,,,,,,,1969086,,1974858,,,,,,,,,,2498259,,-36656,9003269,12587342,3584073,3584073,1085814,,2461603,,,,1969086,,,,,
,,6768,志強-KY,,,-1175204,,,,,,,,,,5.32,3,,上市,114,400312,,,,,,,,1061489,,-113715,,,,,,1061489,0,,,1396818,,64983,12288676,15424539,3135863,3135863,1739045,,1461801,,-113715,0,1061489,,,,,
,,6770,力積電,3117091,,-416,,,,,,,,,,-1.71,3,,上市,114,273857,,,,,,,,-7158577,,-7158993,,,,,,-7158577,,,,-5240729,,-1643991,36566197,34234871,-2331326,-2331326,6026494,,-6884720,,-7158993,,-7158577,,,,,
,,6771,平和環保-創,,,,,,,,,,,,,3.16,3,,上市,114,25620,,,,,,,,97728,,97728,,,,,,98402,-674,,,128122,,-4774,249367,477831,228464,228464,100342,,123348,,98402,-674,97728,,,,,
,,6776,展碁國際,,,-45565,,,,,,,,,,3.18,3,,上市,114,58487,,,,,,,,250269,,204704,,,,,,259323,-9054,,,320677,,-11921,19995612,21243408,1247796,1247796,927119,,308756,,223490,-18786,250269,,,,,
,,6781,AES-KY,,,-845002,,,,,,,,,,28.71,3,,上市,114,660423,,,,,,,,2452306,,1607304,,,,,,2452200,106,,,2897353,,215376,7310091,11539900,4229809,4229809,1332456,,3112729,,1607229,75,2452306,,,,,
,,6782,視陽,,,-47836,,,,,,,,,,10.10,3,,上市,114,174939,,,,,,,,636303,,588467,,,,,,636104,199,,,841356,,-30114,1746572,3155630,1409058,1409058,567702,,811242,,588268,199,636303,,,,,
,,6789,采鈺,218485,,,,,,,,,,,,2.80,3,,上市,114,98660,,,,,,,,888889,,888889,,,,,,,,,,909204,,78345,5051879,6649364,1597485,1597485,906766,,987549,,,,888889,,,,,
,,6790,永豐實,,,-221791,,,,,,,,,,2.23,3,,上市,114,153862,,,,,,,,596566,,374775,,,,,,596147,419,,,710156,,40272,6107620,8097291,1989671,1989671,1279515,,750428,,374356,419,596566,,,,,
,,6792,詠業,,,-22858,,,,,,,,,,1.89,3,,上市,114,24878,,,,,,,,88400,,65542,,,,,,88400,,,,110492,,2786,692962,1024917,331955,331955,221463,,113278,,65542,,88400,,,,,
,,6794,向榮生技,,,,,,,,,,,,,-1.42,3,,上市,114,,,,,,,,,-85091,,-85091,,,,,,,,,,-93991,,8900,7875,23748,15873,15873,109864,,-85091,,,,-85091,,,,,
,,6796,晉弘,,,-903,,,,,,,,,,-0.68,3,,上市,114,-722,,,,,,,,-26040,,-26943,,,,,,-26040,,,,-13344,,-13418,253835,441057,187222,187222,200566,,-26762,,-26943,,-26040,,,,,
,,6799,來頡,,,-343,,,,,,,,,,2.29,3,,上市,114,31979,,,,,,,,96949,,96606,,,,,,96949,,,,158330,,-29402,377194,729501,352307,352307,193977,,128928,,96606,,96949,,,,,
,,6805,富世達,,,-189057,,,,,,,,,,20.04,3,,上市,114,271564,,,,,,,,1373798,,1184741,,,,,,1373798,,,,1655153,,-9791,6322318,8437779,2115461,2115461,460308,,1645362,,1184741,,1373798,,,,,
,,6807,峰源-KY,,,-89472,,,,,,,,,,3.77,3,,上市,114,49397,,,,,,,,203642,,114170,,,,,,203642,,,,247791,,5248,2603197,3197376,594179,594179,346388,,253039,,114170,,203642,,,,,
,,6830,汎銓,,,-76310,,,,,,,,,,-0.64,3,,上市,114,33141,,,,,,,,-33014,,-109324,,,,,,-33014,,,,30182,,-30055,1239440,1586453,347013,347013,316831,,127,,-109324,,-33014,,,,,
,,6831,邁科,,,-17739,,,,,,,,,,3.14,3,,上市,114,73696,,,,,,,,188100,,170361,,,,,,188100,,,,345219,,-83423,2113643,2762686,649043,649043,303824,,261796,,170361,,188100,,,,,
,,6834,天二科技,,,-15360,,,,,,,,,,0.24,3,,上市,114,6504,,,,,,,,21513,,6153,,,,,,21513,,,,46795,,-18778,898068,1100243,202175,202175,155380,,28017,,6153,,21513,,,,,
,,6835,圓裕,,,-31212,,,,,,,,,,0.92,3,,上市,114,25411,,,,,,,,61061,,29849,,,,,,61114,-53,,,149724,,-63252,1433065,1857955,424890,424890,275166,,86472,,29952,-103,61061,,,,,
,,6838,台新藥,,,-2736,,,,,,,,,,-0.24,3,,上市,114,-307,,,,,,,,-35652,,-38388,,,,,,-35600,-52,,,-131231,,95272,8375,6269,-2106,-2106,129125,,-35959,,-38322,-66,-35652,,,,,
,,6854,錼創科技-KY創,,,-3274,,,,,,,,,,-3.06,3,,上市,114,0,,,,,,,,-350333,,-353607,,,,,,-350333,,,,-221156,,-129177,556392,864023,307631,307631,528787,,-350333,,-353607,,-350333,,,,,
,,6861,睿生光電,,,-14489,,,,,,,,,,2.52,3,,上市,114,16582,,,,,,,,104655,,90166,,,,,,104655,,,,95928,,25309,1202398,1642421,440023,440023,344095,,121237,,90166,,104655,,,,,
,,6862,三集瑞-KY,,,-67208,,,,,,,,,,6.02,3,,上市,114,71736,,,,,,,,300817,,233609,,,,,,300817,,,,464628,,-92075,1042252,1762422,720170,720170,255542,,372553,,233609,,300817,,,,,
,,6863,永道-KY,,,-389883,,,,,,,,,,2.95,3,,上市,114,96480,,,,,,,,221224,,-168659,,,,,,221146,78,,,365837,,-48133,2116774,2889158,772384,772384,406547,,317704,,-168673,14,221224,,,,,
,,6869,雲豹能源,,,-16181,,,,,,,,,,1.57,3,12086,上市,114,44264,,,,,,-1060,,217842,,201661,,,,,,214183,3659,,,71901,,190205,4968125,5490773,522648,535794,463893,,262106,,201538,123,217842,,,,,
,,6873,泓德能源,,,90766,,,,,,,,,,1.57,3,,上市,114,89831,,,,,,141165,,209743,,300509,,,,,,218616,-8873,,,446725,,-147151,4038775,5405681,1366906,1225741,779016,,299574,,308654,-8145,209743,,,,,
,,6885,全福生技,,,-1457,,,,,,,,,,-2.08,3,,上市,114,,,,,,,,,-278867,,-280324,,,,,,-275001,-3866,,,-266837,,-12030,1570,2905,1335,1335,268172,,-278867,,-276478,-3846,-278867,,,,,
,,6887,寶綠特-KY,,,-151177,,,,,,,,,,2.54,3,,上市,114,54224,,,,,,,,182604,,31427,,,,,,182604,,,,183530,,53298,2617179,3345020,727841,727841,544311,,236828,,31427,,182604,,,,,
,,6890,來億-KY,,,-2391457,,,,,,,,,,9.16,3,,上市,114,605124,,,,,,,,2411605,,20148,,,,,,2284430,127175,,,2739411,,277318,24347925,29027393,4679468,4679468,1940057,,3016729,,31046,-10898,2411605,,,,,
,,6901,鑽石投資,,,,,,,,,,,,,-1.36,3,,上市,114,918,,,,,,,,-1160104,,-1160104,,,,,,,,,,-1199266,,40080,,-1089714,-1089714,-1089714,109552,,-1159186,,,,-1160104,,,,,
,,6902,GOGOLOOK,,,7135,,,,,,,,,,0.23,3,,上市,114,7103,,,,,,,,7685,,14820,,,,,,7685,,,,26337,,-11549,88892,747564,658672,658672,632335,,14788,,14820,,7685,,,,,
,,6906,現觀科,,,-2015,,,,,,,,,,0.56,3,,上市,114,2366,,,,,,,,18448,,16433,,,,,,18448,,,,18094,,2720,32830,229268,196438,196438,178344,,20814,,16433,,18448,,,,,
,,6908,宏碁遊戲-創,,,-110751,,,,,,,,,,1.05,3,,上市,114,10752,,,,,,,,54871,,-55880,,,,,0,36700,18171,,,61309,,4314,3277713,3722563,444850,444850,383541,,65623,0,-38905,-16975,54871,,,,,
,,6909,創控,,,,,,,,,,,,,0.04,3,,上市,114,943,,,,,,,,2818,,2818,,,,,,,,,,12447,,-8686,144461,336186,191725,191725,179278,,3761,,,,2818,,,,,
,,6914,阜爾運通,,,-336,,,,,,,,,,7.38,3,,上市,114,119128,,,,,,,,488944,,488608,,,,,,488944,,,,681126,,-73054,3286147,4222063,935916,935916,254790,,608072,,488608,,488944,,,,,
,,6916,華凌,,,-20343,,,,,,,,,,-0.98,3,,上市,114,-7132,,,,,,,,-65302,,-85645,,,,,,-65824,522,,,-59881,,-12553,1160487,1519986,359499,359499,419380,,-72434,,-86070,425,-65302,,,,,
,,6918,愛派司,,,-8955,,,,,,,,,,4.05,3,,上市,114,30487,,,,,,,,130513,,121558,,,,,,130391,122,,,158394,,2606,189432,620978,431546,431546,273152,,161000,,121436,122,130513,,,,,
,,6919,康霈*,,,-935,,,,,,,,,,-0.28,3,,上市,114,0,,,,,,,,-432108,,-433043,,,,,,-432108,,,,-586542,,154434,8114,25627,17513,17513,604055,,-432108,,-433043,,-432108,,,,,
,,6921,嘉雨思-創,,,,,,,,,,,,,0.21,3,,上市,114,0,,,,,,,,6210,,6210,,,,,,,,,,13645,,-7435,63942,150295,86353,86353,72708,,6210,,,,6210,,,,,
,,6923,中台,6220,,-10891,,,,,,,,,,2.08,3,,上市,114,47497,,,,,,,,190652,,179761,,,,,,190652,,,,261694,,-23545,537337,859962,322625,322625,67151,,238149,,179761,,190652,,,,,
,,6924,榮惠-KY創,,,-16294,,,,,,,,,,3.23,3,,上市,114,23768,,,,,,,,67374,,51080,,,,,,67374,,,,94512,,-3370,998627,1266695,268068,268068,173556,,91142,,51080,,67374,,,,,
,,6928,攸泰科技,,,9374,,,,,,,,,,-0.10,3,,上市,114,3583,,,,,,,,-8179,,1195,,,,,,-8179,,,,-30490,,25894,1217242,1629408,412166,412166,442656,,-4596,,1195,,-8179,,,,,
,,6931,青松健康,160,,304,,,,,,,,,,0.78,3,,上市,114,12733,,,,,,,,51581,,51885,,,,,,51109,472,,,35118,,29196,723763,824924,101161,101161,66203,,64314,,51413,472,51581,,,,,
,,6933,AMAX-KY,,,-139995,,,,,,,,,,3.69,3,,上市,114,49755,,,,,,,,155769,,15774,,,,,,155769,,,,169099,,36425,4616452,5238794,622342,622342,453243,,205524,,15774,,155769,,,,,
,,6934,心誠鎂,,,-17,,,,,,,,,,-4.17,3,,上市,114,-2618,,,,,,,,-133062,,-133079,,,,,,-133062,,,,-124527,,-11153,46409,17754,-28655,-28655,95872,,-135680,,-133079,,-133062,,,,,
,,6936,永鴻生技,,,,,,,,,,,,,1.19,3,,上市,114,20836,,,,,,,,83605,,83605,,,,,,,,,,107760,,-3319,715624,1043437,327813,327813,220053,,104441,,,,83605,,,,,
,,6937,天虹,,,-23067,,,,,,,,,,1.92,3,,上市,114,22866,,,,,,,,127795,,104728,,,,,,129683,-1888,,,84141,,66520,928270,1522989,594719,594719,510578,,150661,,106616,-1888,127795,,,,,
,,6944,兆聯實業,,,-26011,,,,,,,,,,22.26,3,,上市,114,536345,,,,,,,,1612956,,1586945,,,,,,1612956,,,,2120728,,28573,9014519,11557270,2542751,2542751,422023,,2149301,,1586945,,1612956,,,,,
,,6949,沛爾生醫*-創,,,,,,,,,,,,,-4.65,3,,上市,114,0,,,,,,,,-285438,,-285438,,,,,,-271981,-13457,,,-293185,,7747,31094,25355,-5739,-5739,287446,,-285438,,-271981,-13457,-285438,,,,,
,,6951,青新-創,,,,,,,,,,,,,4.26,3,,上市,114,48746,,,,,,,,196032,,196032,,,,,,196032,0,,,241909,,2869,253846,611463,357617,357617,115708,,244778,,196032,0,196032,,,,,
,,6952,大武山,,,,,,,,,1459,,,,-1.72,3,,上市,114,5812,,,,,,,,-103936,,-103936,,,,,8327,-123973,11710,,,-1753,,-96371,1158671,1395521,238309,238309,240062,,-98124,8327,-123973,11710,-103936,,,,,
,,6955,邦睿生技-創,,,-340,,,,,,,,,,2.93,3,,上市,114,1760,,,,,,,,72688,,72348,,,,,,72688,0,,,73539,,909,48834,224075,175241,175241,101702,,74448,,72348,0,72688,,,,,
,,6957,裕慶-KY,,,-155910,,,,,,,,,,5.41,3,,上市,114,46893,,,,,,,,295443,,139533,,,,,,298376,-2933,,,333122,,9214,1682070,2673591,991521,991521,658399,,342336,,141669,-2136,295443,,,,,
,,6958,日盛台駿,,,-233008,,,,,,,,,,-1.71,3,,上市,114,-455656,,,,,,,,-687397,,-920405,,,,,,-687856,459,,,-1214463,,71410,5706416,8254462,2548046,2548046,3762509,,-1143053,,-922067,1662,-687397,,,,,
,,6962,奕力-KY,,,-80242,,,,,,,,,,2.60,3,,上市,114,468918,,,,,,,,1233005,,1152763,,,,,,1233005,,,,1733801,,-31878,9995082,14355224,4360142,4360142,2626341,,1701923,,1152763,,1233005,,,,,
,,6965,中傑-KY,,,-1059873,,,,,,,,,,2.94,3,,上市,114,128489,,,,,,,,464335,,-595538,,,,,,446771,17564,,,371504,,221320,14786761,16722517,1935756,1935756,1564252,,592824,,-617605,22067,464335,,,,,
,,6969,成信實業*-創,,,,,,,,,,,,,-0.24,3,,上市,114,-42,,,,,,,,-9167,,-9167,,,,,,-9167,,,,6443,,-15652,159050,229807,70757,70757,64314,,-9209,,-9167,,-9167,,,,,
,,6988,威力暘-創,,,-16273,,,,,,,,,,-0.21,3,,上市,114,535,,,,,,,,-9924,,-26197,,,,,,-9924,,,,-7464,,-1925,423989,600863,176874,176874,184338,,-9389,,-26197,,-9924,,,,,
,,6994,富威電力,,,316,,,,,,,,,,1.13,3,,上市,114,26114,,,,,,,,84392,,84708,,,,,,79735,4657,,,163526,,-53020,1246283,1529978,283695,283695,120169,,110506,,79896,4812,84392,,,,,
,,7610,聯友金屬-創,,,,,,,,,,,,,1.75,3,,上市,114,17271,,,,,,,,75069,,75069,,,,,,75069,,,,102547,,-10207,712287,889160,176873,176873,74326,,92340,,75069,,75069,,,,,
,,7631,聚賢研發-創,,,-1648,,,,,,,,,,3.07,3,,上市,114,14737,,,,,,,,58501,,56853,,,,,,58501,0,,,70966,,2272,451176,633512,182336,182336,111370,,73238,,56853,0,58501,,,,,
,,7705,三商餐飲,,,-535,,,,,,,,,,1.35,3,,上市,114,27787,,,,,,,,89117,,88582,,,,,,89204,-87,,,123519,,-6615,3141384,4864101,1722717,1722717,1599198,,116904,,88669,-87,89117,,,,,
,,7711,永擎,,,-7,,,,,,,,,,9.30,3,,上市,114,133536,,,,,,,,562088,,562081,,,,,,562088,0,,,589206,,106418,16128049,17510549,1382500,1382500,793294,,695624,,562081,0,562088,,,,,
,,7721,微程式,,,-5343,,,,,,,,,,0.40,3,,上市,114,8901,,,,,,,,20900,,15557,,,,,,20900,,,,24235,,5566,113402,367835,254433,254433,230198,,29801,,15557,,20900,,,,,
,,7722,LINEPAY,,,-2205,,,,,,,,,,6.06,3,,上市,114,157379,,,,,,,,411848,,409643,,,,,,411848,,,,496185,,73042,3787675,5693726,1906051,1906051,1409866,,569227,,409643,,411848,,,,,
,,7730,暉盛-創,,,-292,,,,,,,,,,0.84,3,,上市,114,7595,,,,,,,,29000,,28708,,,,,,29000,0,,,47717,,-11122,199381,355595,156214,156214,108497,,36595,,28708,0,29000,,,,,
,,7732,金興精密,,,-11120,,,,,,,,,,1.30,3,,上市,114,18885,,,,,,,,84561,,73441,,,,,,84561,,,,119074,,-15628,615228,876819,261591,261591,142517,,103446,,73441,,84561,,,,,
,,7736,虎山,,,-13486,,,,,,,,,,3.40,3,,上市,114,41003,,,,,,,,251297,,237811,,,,,,251297,,,,234557,,57743,898422,1278163,379741,379741,145184,,292300,,237811,,251297,,,,,
,,7740,熙特爾-創,,,-23904,,,,,,,,,,3.22,3,,上市,114,53590,,,,,,,,138584,,114680,,,,,,165195,-26611,,,112060,,80114,863149,1159065,295916,295916,183856,,192174,,141291,-26611,138584,,,,,
,,7749,意騰-KY,,,-33338,,,,,,,,,,9.12,3,,上市,114,89133,,,,,,,,393464,,360126,,,,,,393464,,,,444909,,37688,251976,1142713,890737,890737,445828,,482597,,360126,,393464,,,,,
,,7750,新代,,,-186990,,,,,,,,,,22.80,3,,上市,114,496823,,,,,,,,1445340,,1258350,,,,,0,1445340,0,,,1939993,,2170,5571549,10265482,4693933,4693933,2753940,,1942163,0,1258350,0,1445340,,,,,
,,7760,享溫馨,,,0,,,,,,,,,,0.63,3,,上市,114,3960,,,,,,,,31403,,31403,,,,,,,,,,43195,,-7832,623921,978866,354945,354945,311750,,35363,,,,31403,,,,,
,,7765,中華資安,,,37133,,,,,,,,,,8.52,3,,上市,114,78174,,,,,,,,317140,,354273,,,,,,,,,,387834,,7480,787716,1469233,681517,681517,293683,,395314,,,,317140,,,,,
,,7768,頌勝科技,,,-21880,,,,,,,,,,2.43,3,,上市,114,67384,,,,,,,,149729,,127849,,,,,,142521,7208,,,260711,,-43598,743979,1510624,766645,766645,505934,,217113,,121746,6103,149729,,,,,
,,7769,鴻勁,,,58240,,,,,,,,,,53.54,3,,上市,114,2264683,,,,,,,,8650627,,8708867,,,,,,8650627,,,,10942027,,-26717,8733850,20995036,12261186,12261186,1319159,,10915310,,8708867,,8650627,,,,,
,,7780,大研生醫*,,,-6654,,,,,,,,,,3.44,3,,上市,114,51647,,,,,,,,213223,,206569,,,,,,213223,,,,164394,,100476,434534,1238978,804444,804444,640050,,264870,,206569,,213223,,,,,
,,7786,東方風能,,,,,,,,,,,,,9.06,3,,上市,114,410374,,,,,,,,1418203,,1418203,,,,,,,,,,1920069,,-91492,6252002,8397423,2145421,2145421,225352,,1828577,,,,1418203,,,,,
,,7788,松川精密,,,-74543,,,,,,,,,,2.18,3,,上市,114,67679,,,,,,,,159317,,84774,,,,,,158250,1067,,,403908,,-176912,3458236,4763059,1304823,1304823,900915,,226996,,83894,880,159317,,,,,
,,7791,皇家可口,,,-464796,,,,,,,,,,5.38,3,,上市,114,61115,,,,,,,,376255,,-88541,,,,,,376255,0,,,322057,,115313,1349853,2070171,720318,720318,398261,,437370,,-88541,0,376255,,,,,
,,7795,長廣,,,-12303,,,,,,,,,,2.00,3,,上市,114,131488,,,,,,,,141342,,129039,,,,,,141342,,,,265899,,6931,713422,1262895,549473,549473,283574,,272830,,129039,,141342,,,,,
,,7799,禾榮科,,,,,,,,,,,,,-2.82,3,,上市,114,0,,,,,,,,-399101,,-399101,,,,,,,,,,-405974,,6873,22910,5526,-17384,-17384,388590,,-399101,,,,-399101,,,,,
,,7803,雲象科技-創,,,-2327,,,,,,,,,,-1.71,3,,上市,114,0,,,,,,,,-151939,,-154266,,,,,,-151939,,,,-152798,,859,83033,139421,56388,56388,209186,,-151939,,-154266,,-151939,,,,,
,,7818,溢泰實業,,,-237312,,,,,,,,,,3.83,3,,上市,114,201520,,,,,,,,573687,,336375,,,,,,573616,71,,,937390,,-162183,6657142,9525014,2867872,2867872,1930482,,775207,,336304,71,573687,,,,,
,,7821,神數,,,-37807,,,,,,,,,,1.76,3,,上市,114,40904,,,,,,,,192472,,154665,,,,,-4485,196957,,,,194931,,38445,4505152,5944434,1439282,1439282,1244351,,233376,-11846,166511,,192472,,,,,
,,7822,倍利科,,,,,,,,,,,,,8.86,3,,上市,114,52169,,,,,,,,365904,,365904,,,,,,366860,-956,,,428991,,-10918,496528,1306481,809953,809953,380962,,418073,,366860,-956,365904,,,,,
,,7823,奧義賽博-KY創,,,728,,,,,,,,,,-2.01,3,,上市,114,-6386,,,,,,,,-61850,,-61122,,,,,0,-61850,,,,-56006,,-12230,43865,251075,207210,207210,263216,,-68236,0,-61122,,-61850,,,,,
,,7827,漢康-KY創,,,-6008,,,,,,,,,,-1.32,3,,上市,114,33285,,,,,,,,-158288,,-164296,,,,,,-158288,0,,,-114064,,-10939,0,312223,312223,312223,426287,,-125003,,-164296,0,-158288,,,,,
,,8011,台通,,,-11638,,,,,,,,,,1.00,3,,上市,114,13341,,,,,,,,198304,,186666,,,,,,165497,32807,,,212691,,-1046,1158158,1557911,399753,399753,187062,,211645,,153990,32676,198304,,,,,
,,8016,矽創,997,,12680,,,,,,,,,,10.30,3,,上市,114,162568,,,,,,,,1550585,,1563265,,,,,,1227305,323280,,,1466590,,246563,9492410,13694527,4202117,4202117,2736524,,1713153,,1238000,325265,1550585,,,,,
,,8021,尖點,15214,,-183771,,,,,,,,,,1.69,3,,上市,114,127566,,,,,,,,277664,,93893,,,,,,239598,38066,,,399293,,5937,2175581,3068827,893246,893246,509167,,405230,,70984,22909,277664,,,,,
,,8028,昇陽半導體,,,,,,,,,,,,,3.08,3,,上市,114,82845,,,,,,,,531920,,531920,,,,,,,,,,707776,,-93011,2162954,3290294,1127340,1127340,419564,,614765,,,,531920,,,,,
,,8033,雷虎,,,-14148,,,,,,,,,,0.73,3,,上市,114,6551,,,,,,,,108541,,94393,,,,,,110726,-2185,,,2135,,112957,671321,1079527,408206,408206,406071,,115092,,96567,-2174,108541,,,,,
,,8039,台虹,,,-24603,,,,,,,,,,1.33,3,,上市,114,41821,,,,,,,,332845,,308242,,,,,,341627,-8782,,,383664,,-8998,6360407,7864257,1503850,1503850,1120186,,374666,,315716,-7474,332845,,,,,
,,8045,達運光電,,,-28282,,,,,,,,,,0.43,3,,上市,114,14305,,,,,,,,40205,,11923,,,,,,40831,-626,,,63946,,-9436,654809,999084,344275,344275,280329,,54510,,12590,-667,40205,,,,,
,,8046,南電,,,-1141170,,,,,,,,,,1.15,3,,上市,114,191717,,,,,,,,744916,,-396254,,,,,,744916,,,,1019461,,-82828,26759522,29008401,2248879,2248879,1229418,,936633,,-396254,,744916,,,,,
,,8070,長華*,,,1127223,,,,,,,,,,1.49,3,,上市,114,305259,,,,,,,,1534571,,2661794,,,,,,1049786,484785,,,1595957,,243873,11591937,14241081,2649144,2649144,1053187,,1839830,,2176554,485240,1534571,,,,,
,,8072,陞泰,,,-1554,,,,,,,,,,0.57,3,,上市,114,2272,,,,,,,,52308,,50754,,,,,,45375,6933,,,40312,,14268,750466,906438,155972,155972,115660,,54580,,44082,6672,52308,,,,,
,,8081,致新,,,80092,,,,,,,,,,13.05,3,,上市,114,208048,,,,,,,,1134878,,1214970,,,,,,1118569,16309,,,1346938,,-4012,4022852,6621436,2598584,2598584,1251646,,1342926,,1152818,62152,1134878,,,,,
,,8101,華冠,,,-18199,,,,,,,,,,-2.53,3,,上市,114,9030,,,,,,,,-72777,,-90976,,,,,,-80537,7760,,,-68007,,4260,247553,306436,58883,58883,126890,,-63747,,-96618,5642,-72777,,,,,
,,8103,瀚荃,,,-187787,,,,,,,,,,2.47,3,,上市,114,119711,,,,,,,,221805,,34018,,,,,,221794,11,,,346441,,-4925,1557231,2463503,906272,906272,559831,,341516,,34188,-170,221805,,,,,
,,8104,錸寶,,,-23051,,,,,,,,,,0.14,3,,上市,114,35586,,,,,,,,56848,,33797,,,,,,12689,44159,,,164571,,-72137,2550113,3024672,474559,474559,309988,,92434,,-8564,42361,56848,,,,,
,,8105,凌巨,,,-42643,,,,,,,,,,-0.56,3,,上市,114,29194,,,,,,,,-249418,,-292061,,,,,,-249418,,,,-157052,,-63172,6115972,6467356,351384,351384,508436,,-220224,,-292061,,-249418,,,,,
,,8110,華東,,,122606,,,,,,,,,,1.29,3,,上市,114,95589,,,,,,,,533728,,656334,,,,,,650073,-116345,,,-241484,,870801,5266752,5325555,58803,58803,300287,,629317,,758362,-102028,533728,,,,,
,,8112,至上,,,-900424,,,,,,,,,,1.62,3,,上市,114,417887,,,,,,,,1044819,,144395,,,,,,905601,139218,,,2573773,,-1111067,152015950,156194600,4178650,4178650,1604877,,1462706,,88892,55503,1044819,,,,,
,,8114,振樺電,,,-350613,,,,,,,,,,15.84,3,,上市,114,928938,,,,,,-3,,3065384,,2714771,,,,,,1702584,1362800,,,4045698,,-51376,7735445,15252322,7516877,7516880,3471182,,3994322,,1460973,1253798,3065384,,,,,
,,8131,福懋科,,,379575,,,,,,,,,,0.46,3,,上市,114,37674,,,,,,,,201297,,580872,,,,,,,,,,287065,,-48094,6409096,6966995,557899,557899,270834,,238971,,,,201297,,,,,
,,8150,南茂,96020,,-25118,,,,,,,,,,-0.01,3,,上市,114,-19924,,,,,,,,-4559,,-29677,,,,,,-4559,,,,507133,,-531616,15754896,17411824,1656928,1656928,1245815,,-24483,,-29677,,-4559,,,,,
,,8162,微矽電子-創,,,-238,,,,,,,,,,1.53,3,,上市,114,21416,,,,,,,,104909,,104671,,,,,,,,,,127437,,-1112,713675,986649,272974,272974,145537,,126325,,,,104909,,,,,
,,8163,達方,,,-895310,,,,,,,,,,0.46,3,,上市,114,14429,,,,,,,,-106497,,-1001807,,,,,,128451,-234948,,,-98812,,6744,15879274,18888800,3009526,3009526,3108338,,-92068,,-708973,-292834,-106497,,,,,
,,8201,無敵,,,11412,,,,,,,,,,-0.33,3,,上市,114,0,,,,,,,,-20378,,-8966,,,,,,-20378,,,,-23116,,2738,253231,339342,86111,86111,109227,,-20378,,-8966,,-20378,,,,,
,,8210,勤誠,72591,,-231969,,,,,,,,,,20.45,3,,上市,114,835034,,,,,,,,2552094,,2320125,,,,,,2489062,63032,,,3422182,,-35054,10658984,15261339,4602355,4602355,1252764,,3387128,,2257093,63032,2552094,,,,,
,,8213,志超,,,-1004263,,,,,,,,,,1.77,3,,上市,114,232379,,,,,,,,470763,,-533500,,,,,,481390,-10627,,,690143,,12999,12158910,13767453,1608543,1608543,918400,,703142,,-500215,-33285,470763,,,,,
,,8215,明基材,,,-161308,,,,,,,,,,-0.12,3,,上市,114,48269,,,,,,,,-29252,,-190560,,,,,,-37648,8396,,,-41871,,60888,11411525,13518487,2106962,2106962,2148833,,19017,,-163527,-27033,-29252,,,,,
,,8222,寶一,0,,,,,,,,,,,,0.16,3,,上市,114,1229,,,,,,,,11198,,11198,,,,,,,,,,37786,,-25359,601609,726406,124797,124797,87011,,12427,,,,11198,,,,,
,,8249,菱光,,,1613014,,,,,,,,,,3.80,3,,上市,114,106730,,,,,,,,402598,,2015612,,,,,,402655,-57,,,259466,,249862,2181097,2760275,579178,579178,319712,,509328,,2015669,-57,402598,,,,,
,,8261,富鼎,,,-2074,,,,,,,,,,4.05,3,,上市,114,118837,,,,,,,,480174,,478100,,,,,,479319,855,,,599841,,-830,1484103,2364204,880101,880101,280260,,599011,,477179,921,480174,,,,,
,,8271,宇瞻,,,-38769,,,,,,,,,,3.45,3,,上市,114,96906,,,,,,,,453661,,414892,,,,,,442566,11095,,,492243,,58324,6637328,7986108,1348780,1348780,856537,,550567,,403795,11097,453661,,,,,
,,8341,日友,,,-203395,,,,,,,,,,3.60,3,,上市,114,170148,,,,,,,,551757,,348362,,,,,,468286,83471,,,709351,,12554,1656238,2948899,1292661,1292661,583310,,721905,,264891,83471,551757,,,,,
,,8367,建新國際,,,-13167,,,,,,,,,,2.56,3,,上市,114,79753,,,,,,,,328117,,314950,,,,,,235557,92560,,,484271,,-76401,1639482,2378136,738654,738654,254383,,407870,,227045,87905,328117,,,,,
,,8374,羅昇,,,-26907,,,,,,,,,,0.70,3,,上市,114,51527,,,,,,,,176504,,149597,,,,,,78747,97757,,,247580,,-19549,2642625,3518874,876249,876249,628669,,228031,,53904,95693,176504,,,,,
,,8404,百和興業-KY,,,-352626,,,,,,,,,,1.19,3,,上市,114,176831,,,,,,,,500817,,148191,,,,,,500763,54,,,1035250,,-357602,3472067,5743434,2271367,2271367,1236117,,677648,,148159,32,500817,,,,,
,,8411,福貞-KY,,,-248913,,,,,,,,,,-0.89,3,,上市,114,1082,,,,,,,,-196250,,-445163,,,,,,-194161,-2089,,,-135855,,-59313,6424244,6782691,358447,358447,494302,,-195168,,-443074,-2089,-196250,,,,,
,,8422,可寧衛*,,,-3644,,,,,,,,,,10.47,3,,上市,114,344648,,,,,,,,1150852,,1147208,,,,,,1179335,-28483,,,1591585,,-96085,1739483,3785488,2046005,2046005,454420,,1495500,,1175691,-28483,1150852,,,,,
,,8429,金麗-KY,,,-281301,,,,,,,,,,0.07,3,,上市,114,540,,,,,,,,13520,,-267781,,,,,,13532,-12,,,-9310,,23370,85738,103987,18249,18249,27559,,14060,,-267768,-13,13520,,,,,
,,8438,昶昕,,,9315,,,,,,,,,,1.21,3,,上市,114,46159,,,,,,,,84460,,93775,,,,,,84460,,,,150599,,-19980,2448077,2796546,348469,348469,197870,,130619,,93775,,84460,,,,,
,,8442,威宏-KY,,,-205923,,,,,,,,,,3.46,3,,上市,114,47704,,,,,,,,236228,,30305,,,,,,236228,,,,401569,,-117637,4720282,5890808,1170526,1170526,768957,,283932,,30305,,236228,,,,,
,,8443,阿瘦,,,0,,,,,,,,,,-1.14,3,,上市,114,0,,,,,,,,-76074,,-76074,,,,,,-76071,-3,,,-79449,,3375,348244,824110,475866,475866,555315,,-76074,,-76071,-3,-76074,,,,,
,,8454,富邦媒,70471,,-63048,,,,,,,,,,7.81,3,,上市,114,191786,,,,,,,,2071388,,2008340,,,,,,2070326,1062,,,2204307,,58867,70078167,76991904,6913737,6913737,4779901,,2263174,,2007311,1029,2071388,,,,,
,,8462,柏文,,,-10822,,,,,,,,,,5.69,3,,上市,114,113414,,,,,,,,448812,,437990,,,,,,445787,3025,,,617003,,-54777,3047138,4428444,1381306,1381306,764303,,562226,,434965,3025,448812,,,,,
,,8463,潤泰材,,,-194938,,,,,,,,,,1.84,3,,上市,114,55445,,,,,,,,409739,,214801,,,,,,276534,133205,,,355247,,109937,4738201,5383655,645454,645454,290207,,465184,,113500,101301,409739,,,,,
,,8464,億豐,,,-655825,,,,,,,,,,15.83,3,,上市,114,1545967,,,,,,,,4863463,,4207638,,,,,,4637417,226046,,,6608880,,-199450,9201808,22296942,13095134,13095134,6486254,,6409430,,3957487,250151,4863463,,,,,
,0,8466,美吉吉-KY,,,-174082,,,,,,,,,,0.00,3,,上市,114,49795,,,,,,,,239,,-173843,,,,,,239,0,,,58259,,-8225,2121023,2481717,360694,360694,302435,,50034,,-173843,0,239,,,,,
,,8467,波力-KY,,,-152457,,,,,,,,,,9.42,3,,上市,114,90929,,,,,,,,479565,,327108,,,,,,480979,-1414,,,555987,,14507,1145306,2004766,859460,859460,303473,,570494,,328314,-1206,479565,,,,,
,,8473,山林水,,,-79535,,,,,,,,,,2.05,3,,上市,114,127132,,,,,,,,425956,,346421,,,,,,371633,54323,,,658389,,-105301,2735797,3603998,868201,868201,209812,,553088,,293977,52444,425956,,,,,
,,8476,台境*,,,-17309,,,,,,,,,,0.47,3,,上市,114,24478,,,,,,,,78156,,60847,,,,,,76858,1298,,,102440,,194,730778,919371,188593,188593,86153,,102634,,59549,1298,78156,,,,,
,,8478,東哥遊艇,,,-560030,,,,,,,,,,10.64,3,,上市,114,53941,,,,,,,,1000184,,440154,,,,,,1000184,,,,952436,,101689,2526213,4160960,1634747,1634747,682311,,1054125,,440154,,1000184,,,,,
,,8481,政伸,,,-51019,,,,,,,,,,2.42,3,,上市,114,38390,,,,,,,,161160,,110141,,,,,,161160,,,,205560,,-6010,458519,887150,428631,428631,223071,,199550,,110141,,161160,,,,,
,,8482,商億-KY,,,-253674,,,,,,,,,,1.74,3,,上市,114,79896,,,,,,,,180568,,-73106,,,,,,183752,-3184,,,238654,,21810,1713005,2567791,854786,854786,616132,,260464,,-64479,-8627,180568,,,,,
,,8487,愛爾達-創,,,,,,,,,,,,,3.02,3,,上市,114,19534,,,,,,,,80020,,80020,,,,,,,,,,94924,,4630,604868,802164,197296,197296,102372,,99554,,,,80020,,,,,
,,8488,吉源-KY,,,-152182,,,,,,,,,,-1.75,3,,上市,114,8589,,,,,,,,-128888,,-281070,,,,,,-128888,,,,-97316,,-22983,2080419,2158636,78217,78217,175533,,-120299,,-281070,,-128888,,,,,
,,8499,鼎炫-KY,,,-640174,,,,,,,,,,6.34,3,,上市,114,116827,,,,,,,,389661,,-250513,,,,,,261980,127681,,,409243,,97245,999654,1778752,779098,779098,369855,,506488,,-205510,-45003,389661,,,,,
,0,8926,台汽電,,,-16069,,,,,,,,,,1.86,3,24184,上市,114,95017,,,,,,,,1360710,,1344641,,,,,,1360710,0,,,476087,,979640,4849699,5644100,794401,818585,342498,,1455727,,1344641,0,1360710,,,,,
,,8940,新天地,,,,,,,,,,,,,0.02,3,,上市,114,622,,,,,,,,1587,,1587,,,,,,1552,35,,,12219,,-10010,576949,1107575,530626,530626,518407,,2209,,1552,35,1587,,,,,
,,8996,高力,,,134921,,,,,,,,,,5.62,3,,上市,114,140804,,,,,,,,513579,,648500,,,,,,513579,,,,680066,,-25683,3104516,4287892,1183376,1183376,503310,,654383,,648500,,513579,,,,,
,,9802,鈺齊-KY,,,-1256128,,,,,,,,,,4.26,3,,上市,114,273756,,,,,,,,850701,,-405427,,,,,,853360,-2659,,,1162862,,-38405,10382237,12719347,2337110,2337110,1174248,,1124457,,-402691,-2736,850701,,,,,
,,9902,台火,,,,,,,,,,,,,0.13,3,,上市,114,2652,,,,,,,,13244,,13244,,,,,,13198,46,,,1364,,14532,113824,133982,20158,20158,18794,,15896,,13198,46,13244,,,,,
,,9904,寶成,,,-15388291,,,,,,,,,,3.03,3,,上市,114,3323997,,,,,,,,13432286,,-1956005,,,,,,8936395,4495891,,,8815321,,7940962,144961394,188630908,43669514,43669514,34854193,,16756283,,-1098269,-857736,13432286,,,,,
,,9905,大華,,,-156341,,,,,,,,,,0.98,3,,上市,114,92180,,,,,,,,292075,,135734,,,,,,298167,-6092,,,285703,,98552,5766128,6370113,603985,603985,318282,,384255,,153536,-17802,292075,,,,,
,,9906,欣巴巴,,,,,,,,,,,,,-1.99,3,,上市,114,5470,,,,,,,,-179773,,-179773,,,,,,-179773,,,,-154443,,-19860,336748,421362,84614,84614,239057,,-174303,,-179773,,-179773,,,,,
,,9907,統一實,,,-982135,,,,,,,,,,1.12,3,,上市,114,883127,,,,,,,,1740638,,758503,,,,,,1776125,-35487,,,2765334,,-141569,30666153,35982178,5316025,5316025,2550691,,2623765,,842538,-84035,1740638,,,,,
,,9908,大台北,-2410,,-144781,,,,,,,,,,1.54,3,,上市,114,102053,,,,,,,,840371,,695590,,,,,,772605,67766,,,414391,,528033,1933786,2551568,617782,617782,200981,,942424,,661893,33697,840371,,,,,
,,9910,豐泰,,,-2156840,,,,,,,,,,3.65,3,,上市,114,2029320,,,,,,,,3936126,,1779286,,,,,,3608069,328057,,,5861931,,103515,48354685,62802526,14447841,14447841,8585910,,5965446,,1592448,186838,3936126,,,,,
,,9911,櫻花,,,-89995,,,,,,,,,,4.57,3,,上市,114,253516,,,,,,,,1000496,,910501,,,,,,999154,1342,,,1174683,,79329,5011590,7719192,2707602,2707602,1532919,,1254012,,911174,-673,1000496,,,,,
,,9912,偉聯,,,7557,,,,,,,,,,-1.15,3,,上市,114,112,,,,,,,,-69061,,-61504,,,,,,-61199,-7862,,,-59313,,-9636,214567,362614,148047,148047,207360,,-68949,,-53642,-7862,-69061,,,,,
,,9914,美利達,,,-713567,,,,,,,,,,4.81,3,218605,上市,114,412767,,,,,,,,1502126,,788559,,,,,,1437404,64722,,,1734263,,180630,18520222,21795570,3275348,3493953,1759690,,1914893,,695494,93065,1502126,,,,,
,,9917,中保科,,,-72954,,,,,,,,,,4.99,3,,上市,114,473571,,,,,,,,2259660,,2186706,,,,,,2213965,45695,,,2320170,,413061,9410394,14083655,4673261,4673261,2353091,,2733231,,2146360,40346,2259660,,,,,
,,9918,欣天然,,,,,,,,,,,,,1.30,3,,上市,114,62073,,,,,,,,231938,,231938,,,,,,231938,,,,301618,,-7607,1096639,1601970,505331,505331,203713,,294011,,231938,,231938,,,,,
,,9919,康那香,,,-19414,,,,,,,,,,-1.49,3,,上市,114,2859,,,,,,,,-290316,,-309730,,,,,,-290316,,,,-371032,,83575,1916912,2004758,87846,87846,458878,,-287457,,-309730,,-290316,,,,,
,,9921,巨大,,,-741186,,,,,,,,,,2.31,3,,上市,114,407825,,,,,,,,1021912,,280726,,,,,,907443,114469,,,1259415,,170322,38447028,47960028,9513000,9513000,8253585,,1429737,,343814,-63088,1021912,,,,,
,,9924,福興,,,-144815,,,,,,,,,,2.14,3,,上市,114,124071,,,,,,,,392712,,247897,,,,,,387437,5275,,,606878,,-90095,4418134,5673622,1255488,1255488,648610,,516783,,242622,5275,392712,,,,,
,,9925,新保,,,309593,,,,,,,,,,2.04,3,,上市,114,126811,,,,,,,,845611,,1155204,,,,,,784544,61067,,,580133,,392289,3988243,6024547,2036304,2036304,1456171,,972422,,1060924,94280,845611,,,,,
,,9926,新海,4096,,8441,,,,,,,,,,2.30,3,,上市,114,86700,,,,,,,,412040,,420481,,,,,,412040,,,,380677,,118063,1359310,1876869,517559,517559,140978,,498740,,420481,,412040,,,,,
,,9927,泰銘,,,-184075,,,,,,,,,,2.61,3,,上市,114,112095,,,,,,,,432296,,248221,,,,,,429403,2893,,,559870,,-15479,5184129,5914792,730663,730663,170793,,544391,,245166,3055,432296,,,,,
,,9928,中視,,,-5943,,,,,,,,,,-1.21,3,,上市,114,0,,,,,,,,-85596,,-91539,,,,,,-85596,0,,,-114800,,29204,584593,595922,11329,11329,126129,,-85596,,-91539,0,-85596,,,,,
,,9929,秋雨,,,-28780,,,,,,,,,,-0.19,3,,上市,114,0,,,,,,,,-25670,,-54450,,,,,,-19587,-6083,,,-2369,,-23301,416035,472663,56628,56628,58997,,-25670,,-48367,-6083,-25670,,,,,
,,9930,中聯資源,,,-91934,,,,,,,,,,3.85,3,,上市,114,248286,,,,,,,,970920,,878986,,,,,,955891,15029,,,1210123,,9083,8855085,10465863,1610778,1610778,400655,,1219206,,877250,1736,970920,,,,,
,,9931,欣高,,,68640,,,,,,,,,,1.86,3,,上市,114,60093,,,,,,,,230911,,299551,,,,,,223766,7145,,,153158,,137846,945570,1167632,222062,222062,68904,,291004,,288766,10785,230911,,,,,
,,9933,中鼎,,,-1352862,,,,,,,,,,-0.23,3,,上市,114,1057864,,,,,,,,632752,,-720110,,,,,,-204594,837346,,,1810374,,-119758,61343528,67659529,6316001,6316001,4505627,,1690616,,-1473451,753341,632752,,,,,
,,9934,成霖,,,-471462,,,,,,,,,,-0.12,3,,上市,114,248964,,,,,,,,-50995,,-522457,,,,,,-50995,0,,,240099,,-42130,8500234,13024452,4524218,4524218,4284119,,197969,,-522457,0,-50995,,,,,
,,9935,慶豐富,,,-234556,,,,,,,,,,1.01,3,,上市,114,65948,,,,,,,,179801,,-54755,,,,,,179801,,,,398274,,-152525,2736096,3680150,944054,944054,545780,,245749,,-54755,,179801,,,,,
,,9937,全國,,,71569,,,,,,,,,,1.74,3,,上市,114,135764,,,,,,,,539244,,610813,,,,,,539244,0,,,553776,,121232,14947528,16999822,2052294,2052294,1498518,,675008,,610813,0,539244,,,,,
,,9938,百和,,,-827220,,,,,,,,,,3.37,3,,上市,114,476648,,,,,,,,1252657,,425437,,,,,,1002893,249764,,,2172942,,-443637,7630567,12008423,4377856,4377856,2204914,,1729305,,350376,75061,1252657,,,,,
,,9939,宏全,,,-1727977,,,,,,,,,,7.60,3,,上市,114,623047,,,,,,,,2349340,,621363,,,,,,2246611,102729,,,3146394,,-174007,17713126,22899197,5186071,5186071,2039677,,2972387,,564138,57225,2349340,,,,,
,,9940,信義,,,-432910,,,,,,,,,,0.07,3,,上市,114,144070,,,,,,,,63697,,-369213,,,,,,54828,8869,,,155890,,51877,5374914,6809728,1434814,1434814,1278924,,207767,,-378075,8862,63697,,,,,
,,9941,裕融,,,-544506,,,,,,,,,,5.80,3,,上市,114,1175913,,,,,,,,3458356,,2913850,,,,,,3512490,-54134,,,4290773,,343496,16506165,29739972,13233807,13233807,8943034,,4634269,,2967984,-54134,3458356,,,,,
,,9942,茂順,,,-79985,,,,,,,,,,6.03,3,7801,上市,114,230724,,,,,,,,501849,,421864,,,,,,501679,170,,,734448,,-1875,1815844,2978376,1162532,1170333,435885,,732573,,422133,-269,501849,,,,,
,,9943,好樂迪,,,0,,,,,,,,,,3.05,3,,上市,114,49643,,,,,,,,260547,,260547,,,,,,258424,2123,,,255720,,54470,928569,1817473,888904,888904,633184,,310190,,258424,2123,260547,,,,,
,,9944,新麗,,,-175153,,,,,,,,,,-0.12,3,,上市,114,34591,,,,,,,,5219,,-169934,,,,,0,-12436,17655,,,59378,,-19568,1254558,1760805,506247,506247,446869,,39810,0,-187400,17466,5219,,,,,
,,9945,潤泰新,,,-8846652,,,,,,,,,,2.68,3,,上市,114,955411,,,,,,,,9079103,,232451,,,,,,7323857,1755246,,,4409419,,5625095,18939040,25147881,6208841,6208841,1799422,,10034514,,-766177,998628,9079103,,,,,
,,9946,三發地產,,,-57240,,,,,,,,,,-0.32,3,,上市,114,27483,,,,,,,,-105419,,-162659,,,,,,-105419,,,,-66942,,-10994,46916,92959,46043,46043,112985,,-77936,,-162659,,-105419,,,,,
,,9955,佳龍,,,-3575,,,,,,,,,,-0.37,3,,上市,114,4,,,,,,,,-38568,,-42143,,,,,,-38568,,,,-8409,,-30155,977917,1076697,98780,98780,107189,,-38564,,-42143,,-38568,,,,,
,,9958,世紀鋼,,,-41641,,,,,,,,,,4.78,3,,上市,114,474340,,,,,,,,1875129,,1833488,,,,,,1206679,668450,,,2439011,,-89542,7778354,10904534,3126180,3126180,687169,,2349469,,1173439,660049,1875129,,,,,
