保險其他營業成本,保險服務結果,停業單位損益,公司代號,公司名稱,其他收益及費損淨額,其他營業結果,其他綜合損益,其他綜合損益（淨額）,其他綜合損益（稅後淨額）,其他綜合損益（稅後）,利息以外淨損益,利息以外淨收益,利息淨收益,原始認列生物資產及農產品之利益（損失）,合併前非屬共同控制股權損益,合併前非屬共同控制股權綜合損益淨額,呆帳費用、承諾及保證責任準備提存,基本每股盈餘,基本每股盈餘（元）,季別,已實現銷貨（損）益,市場,年度,所得稅費用（利益）,所得稅（費用）利益,支出,支出及費用,收入,收益,未實現銷貨（損）益,本期其他綜合損益（稅後淨額）,本期淨利（淨損）,本期稅後淨利（淨損）,本期綜合損益總額,本期綜合損益總額（稅後）,淨利（損）歸屬於共同控制下前手權益,淨利（損）歸屬於母公司業主,淨利（損）歸屬於非控制權益,淨利（淨損）歸屬於共同控制下前手權益,淨利（淨損）歸屬於母公司業主,淨利（淨損）歸屬於非控制權益,淨收益,營業利益,營業利益（損失）,營業外損益,營業外收入及支出,營業成本,營業收入,營業毛利（毛損）,營業毛利（毛損）淨額,營業費用,生物資產當期公允價值減出售成本之變動利益（損失）,稅前淨利（淨損）,綜合損益總額歸屬於共同控制下前手權益,綜合損益總額歸屬於母公司業主,綜合損益總額歸屬於非控制權益,繼續營業單位本期淨利（淨損）,繼續營業單位本期稅後淨利（淨損）,繼續營業單位本期純益（純損）,繼續營業單位稅前損益,繼續營業單位稅前淨利（淨損）,繼續營業單位稅前純益（純損）,財務結果
,,,1101,台泥,,,,11050466,,,,,,,,,,,0.10,1,,上市,115,927996,,,,,,,,1204739,,12255205,,,,,,718189,486550,,,2792191,,-659456,26959758,33168148,6208390,6208390,3416199,,2132735,,9579999,2675206,1204739,,,,,,
,,,1102,亞泥,,,,3885773,,,,,,,,,,,0.56,1,,上市,115,350025,,,,,,,,1791302,,5677075,,,,,,1887022,-95720,,,1184173,,957154,12901356,14829491,1928135,1928135,743962,,2141327,,5016509,660566,1791302,,,,,,
,,,1103,嘉泥,,,,-35675,,,,,,,,,,,0.08,1,,上市,115,17068,,,,,,,,51325,,15650,,,,,,51804,-479,,,15792,,52601,542788,688370,145582,145582,129790,,68393,,17445,-1795,51325,,,,,,
,,,1104,環泥,,,,506823,,,,,,,,,,,0.41,1,,上市,115,56881,,,,,,,,290479,,797302,,,,,,284208,6271,,,285740,,61620,1267401,1759047,491646,491646,205906,,347360,,791009,6293,290479,,,,,,
,,,1108,幸福,-27,,,1763,,,,,,,,,,,0.17,1,,上市,115,17242,,,,,,,,68889,,70652,,,,,,68889,,,,88910,,-2779,822468,980706,158238,158238,69301,,86131,,70652,,68889,,,,,,
,,,1109,信大,,,,140596,,,,,,,,,,,0.01,1,,上市,115,3605,,,,,,,,-15757,,124839,,,,,,4151,-19908,,,-15946,,3794,802033,855342,53309,53309,69255,,-12152,,97866,26973,-15757,,,,,,
,,,1110,東泥,,,,-10537,,,,,,,,,,,0.05,1,,上市,115,8657,,,,,,,,25009,,14472,,,,,,25695,-686,,,44070,,-10404,499146,582643,83497,83497,39427,,33666,,15171,-699,25009,,,,,,
,,,1201,味全,,,,117575,,,,,,,,,,,0.20,1,,上市,115,13929,,,,,,,,101752,,219327,,,,,,101516,236,,,39544,,76137,3630283,5001067,1370784,1370784,1331240,,115681,,219091,236,101752,,,,,,
,,,1203,味王,,,,-12697,,,,,,,,,,,0.49,1,0,上市,115,68578,,,,,,0,,180764,,168067,,,,,,116595,64169,,,208493,,40849,867496,1323768,456272,456272,247779,,249342,,130731,37336,180764,,,,,,
,,,1210,大成,,,,636706,,,,,,,,,,,0.94,1,,上市,115,239406,,,,,,,,969025,,1605731,,,,,,788702,180323,,,1180916,,27515,23117808,26901827,3784019,3784019,2603103,,1208431,,1207386,398345,969025,,,,,,
,,,1213,大飲,,,,504,,,,,,,,,,,-0.37,1,,上市,115,781,,,,,,,,-21106,,-20602,,,,,,-21106,,,,-12546,,-7779,78626,77083,-1543,-1543,11003,,-20325,,-20602,,-21106,,,,,,
,,,1215,卜蜂,-62887,,,-159525,,,,,,,,,,,1.26,1,,上市,115,137571,,,,,,,,373172,,213647,,,,,,372755,417,,,573563,,-62820,5902856,7176319,1273463,1273463,637013,,510743,,213230,417,373172,,,,,,
,,,1216,統一,,,,2995939,,,,,,,,,,,1.15,1,,上市,115,3522350,,,,,,,,9763840,,12759779,,,,,,6544541,3219299,,,10253052,,3033138,115892133,175017371,59125238,59125238,48872186,,13286190,,8932866,3826913,9763840,,,,,,
,,,1217,愛之味,,,,-205558,,,,,,,,,,,-0.13,1,,上市,115,6806,,,,,,,,-63994,,-269552,,,,,,-62857,-1137,,,21356,,-78544,858865,1166163,307298,307298,285942,,-57188,,-264316,-5236,-63994,,,,,,
,,,1218,泰山,,,,-1599,,,,,,,,,,,0.32,1,304,上市,115,34861,,,,,,308,,157626,,156027,,,,,,157466,160,,,167473,,25014,2198864,2653792,454928,454924,287451,,192487,,155867,160,157626,,,,,,
,,,1219,福壽,,,,4091,,,,,,,,,,,0.11,1,361,上市,115,13217,,,,,,1280,,-3775,,316,,,,,,36939,-40714,,,2863,,6579,3336631,3634112,283747,282828,279965,-13734,9442,,40349,-40033,-3775,,,,,,
,,,1220,台榮,,,,-608,,,,,,,,,,,-0.17,1,,上市,115,-6012,,,,,,,,-24887,,-25495,,,,,,-29267,4380,,,-26741,,-4158,641251,695415,54164,54164,80905,,-30899,,-29484,3989,-24887,,,,,,
,,,1225,福懋油,,,,3116,,,,,,11919,,,,,0.44,1,,上市,115,28117,,,,,,-103,,126615,,129731,,,,,,107080,19535,,,145105,,9627,2970160,3261472,303231,303334,158229,,154732,,110196,19535,126615,,,,,,
,,,1227,佳格,,,,70258,,,,,,,,,,,0.52,1,,上市,115,141852,,,,,,,,480367,,550625,,,,,,476916,3451,,,534137,,88082,5949148,7770446,1821298,1821298,1287161,,622219,,545887,4738,480367,,,,,,
,,,1229,聯華,,,,2853383,,,,,,,,,,,0.55,1,,上市,115,64821,,,,,,,,1050373,,3903756,,,,,,980784,69589,,,243555,,871639,1934812,2523137,588325,588325,344770,,1115194,,1796185,2107571,1050373,,,,,,
,,,1231,聯華食,,,,7203,,,,,,,,,,,1.00,1,,上市,115,57607,,,,,,,,297044,,304247,,,,,,297767,-723,,,318581,,36070,2623181,3348538,725357,725357,406776,,354651,,304450,-203,297044,,,,,,
,,,1232,大統益,,,,-965,,,,,,,,,,,2.33,1,,上市,115,97456,,,,,,,,389810,,388845,,,,,,372297,17513,,,480031,,7235,5087164,5894059,806895,806895,326864,,487266,,371332,17513,389810,,,,,,
,,,1233,天仁,,,,29147,,,,,,,,,,,0.34,1,,上市,115,7932,,,,,,,,30405,,59552,,,,,,30405,0,,,36343,,1994,221165,568211,347046,347046,310703,,38337,,59482,70,30405,,,,,,
,,,1234,黑松,,,,6520,,,,,,,,,,,0.29,1,,上市,115,45434,,,,,,,,115795,,122315,,,,,,115795,,,,46713,,114516,1770805,2328332,557527,557527,510814,,161229,,122315,,115795,,,,,,
,,,1235,興泰,,,,10689,,,,,,,,,,,-0.54,1,,上市,115,4040,,,,,,,,-125894,,-115205,,,,,,-59140,-66754,,,4050,,-125904,42135,58970,16835,16835,12785,,-121854,,-28448,-86757,-125894,,,,,,
,,,1236,宏亞,,,,54698,,,,,,,,,,,0.23,1,,上市,115,7201,,,,,,,,19977,,74675,,,,,,19977,,,,25153,,2025,392256,545487,153231,153231,128078,,27178,,74675,,19977,,,,,,
,,,1256,鮮活果汁-KY,,,,111343,,,,,,,,,,,3.24,1,,上市,115,58207,,,,,,,,115999,,227342,,,,,,115743,256,,,151285,,22921,794831,1141779,346948,346948,195663,,174206,,226875,467,115999,,,,,,
,,,1301,台塑,,,,26908885,,,,,,,,,,,0.51,1,,上市,115,110089,,,,,,,,3268627,,30177512,,,,,,3268627,,,,-1301844,,4680560,40429654,41985122,1555468,1555468,2857312,,3378716,,30177512,,3268627,,,,,,
,,,1303,南亞,,,,17590918,,,,,,,,,,,1.80,1,,上市,115,1405348,,,,,,2074,,14674818,,32265736,,,,,,14254717,420101,,,3741833,,12338333,60407722,68596393,8188671,8186597,4444764,,16080166,,31660169,605567,14674818,,,,,,
,,,1304,台聚,,,,557649,,,,,,,,,,,-0.41,1,,上市,115,-116686,,,,,,,,-971660,,-414011,,,,,,-439887,-531773,,,-629024,,-459322,10439615,10746648,307033,307033,936057,,-1088346,,47403,-461414,-971660,,,,,,
,,,1305,華夏,,,,34146,,,,,,,,,,,-0.21,1,,上市,115,-32403,,,,,,,,-135159,,-101013,,,,,,-120414,-14745,,,-175550,,7988,2621262,2673905,52643,52643,228193,,-167562,,-86356,-14657,-135159,,,,,,
,,,1307,三芳,,,,182940,,,,,,,,,,,0.97,1,,上市,115,112390,,,,,,,,386040,,568980,,,,,,386040,,,,410564,,87866,1990414,2952809,962395,962395,551831,,498430,,568980,,386040,,,,,,
,,,1308,亞聚,,,,916230,,,,,,,,,,,-0.20,1,,上市,115,4459,,,,,,,,-120235,,795995,,,,,,-120235,,,,13526,,-129302,1228207,1301918,73711,73711,60185,,-115776,,795995,,-120235,,,,,,
,,,1309,台達化,,,,221244,,,,,,,,,,,-0.53,1,,上市,115,-50144,,,,,,,,-212196,,9048,,,,,,-212196,,,,-275206,,12866,3391574,3333032,-58542,-58542,216664,,-262340,,9048,,-212196,,,,,,
,,,1310,台苯,,,,436782,,,,,,,,,,,-0.94,1,,上市,115,30541,,,,,,,,-495637,,-58855,,,,,,-495969,332,,,155538,,-620634,1989335,2184647,195312,195312,39774,,-465096,,-59189,334,-495637,,,,,,
,,,1312,國喬,,,,1050377,,,,,,,,,,,-1.17,1,,上市,115,-33529,,,,,,,,-1328169,,-277792,,,,,,-1295839,-32330,,,-893985,,-467713,7646791,7516970,-129821,-129821,764164,,-1361698,,-366554,88762,-1328169,,,,,,
,,,1313,聯成,,,,-866337,,,,,,,,,,,0.08,1,,上市,115,70351,,,,,,,,102340,,-763997,,,,,,102340,,,,195198,,-22507,13535009,14431164,896155,896155,700957,,172691,,-763997,,102340,,,,,,
,,-4083,1314,中石化,,,,246452,,,,,,,,,,,-0.07,1,,上市,115,25,,,,,,,,-267304,,-20852,,,,,,-263381,-3923,,,-647288,,384092,4383871,4092344,-291527,-291527,355761,,-263196,,-16994,-3858,-263221,,,,,,
,,,1315,達新,,,,394570,,,,,,,,,,,0.15,1,,上市,115,8119,,,,,,,,14551,,409121,,,,,,13937,614,,,-40608,,63278,356517,400564,44047,44047,84655,,22670,,407584,1537,14551,,,,,,
,,,1316,上曜,,,,17367,,,,,,,,,,,-0.19,1,,上市,115,38515,,,,,,,,40968,,58335,,,,,,-63701,104669,,,55716,,23767,1287224,1897267,610043,610043,554327,,79483,,-62204,120539,40968,,,,,,
,,,1319,東陽,,,,146346,,,,,,,,,,,1.62,1,,上市,115,246396,,,,,,,,942021,,1088367,,,,,,956054,-14033,,,887491,,300926,3800450,5630744,1830294,1830294,942803,,1188417,,1089772,-1405,942021,,,,,,
,,,1321,大洋,,,,66801,,,,,,,,,,,0.16,1,,上市,115,58043,,,,,,,,35116,,101917,,,,,,35116,,,,20883,,72276,775417,880894,105477,105477,84594,,93159,,101917,,35116,,,,,,
,,,1323,永裕,,,,62952,,,,,,,,,,,0.36,1,,上市,115,5647,,,,,,,,32509,,95461,,,,,,32509,,,,23645,,14511,431978,530894,98916,98916,75271,,38156,,95461,,32509,,,,,,
,,,1324,地球,,,,4021,,,,,,,,,,,-0.06,1,,上市,115,846,,,,,,,,-4503,,-482,,,,,,-4503,,,,-5261,,1604,142376,169793,27417,27417,32678,,-3657,,-482,,-4503,,,,,,
,,,1325,恆大,,,,10308,,,,,,,,,,,-0.08,1,,上市,115,-850,,,,,,,,-7618,,2690,,,,,,-6822,-796,,,-21793,,13325,68693,57239,-11454,-11454,10339,,-8468,,903,1787,-7618,,,,,,
,,,1326,台化,,,,27374243,,,,,,,,,,,1.07,1,,上市,115,759958,,,,,,,,6534544,,33908787,,,,,,6245039,289505,,,3120431,,4174071,75422038,81749811,6327773,6327773,3207342,,7294502,,31288970,2619817,6534544,,,,,,
,,,1337,再生-KY,,,,106974,,,,,,,,,,,-0.43,1,,上市,115,,,,,,,,,-114955,,-7981,,,,,,-114955,,,,-98278,,-16677,165554,152344,-13210,-13210,85068,,-114955,,-7981,,-114955,,,,,,
,,,1338,廣華-KY,,,,146357,,,,,,,,,,,-1.15,1,,上市,115,7770,,,,,,,,-85547,,60810,,,,,,-93232,7685,,,-54159,,-23618,865674,1155491,289817,289817,343976,,-77777,,50653,10157,-85547,,,,,,
,,,1339,昭輝,,,,15510,,,,,,,,,,,2.78,1,,上市,115,15507,,,,,,,,223783,,239293,,,,,,206388,17395,,,-1039,,240329,297520,394676,97156,97156,98195,,239290,,219264,20029,223783,,,,,,
,,0,1340,勝悅-KY,,,,85964,,,,,,,,,,,-0.30,1,,上市,115,0,,,,,,,,-45640,,40324,,,,,,-45640,,,,-43109,,-2531,32163,11435,-20728,-20728,22381,,-45640,,40324,,-45640,,,,,,
,,,1341,富林-KY,,,,21050,,,,,,,,,,,1.62,1,,上市,115,18948,,,,,,,,85775,,106825,,,,,,85775,,,,103167,,1556,510287,680910,170623,170623,67456,,104723,,106825,,85775,,,,,,
,,,1342,八貫,,,,,,,,,,,,,,,2.08,1,,上市,115,40597,,,,,,,,162191,,162191,,,,,,,,,,186743,,16045,667755,917285,249530,249530,62787,,202788,,,,162191,,,,,,
,,,1402,遠東新,322993,,,2830482,,,,,,,,,,,0.61,1,,上市,115,1579509,,,,,,,,5553344,,8383826,,,,,,3092903,2460441,,,4896381,,2236472,47873266,61298588,13425322,13425322,8851934,,7132853,,5748351,2635475,5553344,,,,,,
,,,1409,新纖,,,1023340,,,,,,,,,,,,0.39,1,,上市,115,209690,,8915242,,10013245,,,,888313,,1911653,,,,,,627489,260824,,,,,,,,,,,,,,1714449,197204,888313,,,,1098003,,
,,,1410,南染,,,,0,,,,,,,,,,,0.03,1,,上市,115,1966,,,,,,,,402,,402,,,,,,1801,-1399,,,-1046,,3414,33874,49535,15661,15661,16707,,2368,,1801,-1399,402,,,,,,
,,,1413,宏洲,,,,0,,,,,,,,,,,-0.13,1,,上市,115,0,,,,,,,,-16971,,-16971,,,,,,,,,,-14752,,-2219,441716,437912,-3804,-3804,10948,,-16971,,,,-16971,,,,,,
,,,1414,東和,,,,-12233,,,,,,,,,,,0.06,1,,上市,115,382,,,,,,,,10995,,-1238,,,,,,10995,,,,-7033,,18410,100856,113452,12596,12596,19629,,11377,,-1238,,10995,,,,,,
,,,1416,廣豐,,,,80951,,,,,,,,,,,0.18,1,,上市,115,10052,,,,,,,,36211,,117162,,,,,,32464,3747,,,-1172,,47435,69135,106290,37155,37155,38327,,46263,,113415,3747,36211,,,,,,
,,,1417,嘉裕,,,,37456,,,,,,,,,,,-0.22,1,,上市,115,,,,,,,,,-42318,,-4862,,,,,,-42318,,,,-1988,,-40330,24480,73795,49315,49315,51303,,-42318,,-4862,,-42318,,,,,,
,,,1418,東華,,,,601,,,,,,,,,,,-0.75,1,,上市,115,0,,,,,,,,-40900,,-40299,,,,,,-40899,-1,,,-22772,,-18128,701,648,-53,-53,22719,,-40900,,-40298,-1,-40900,,,,,,
,,,1419,新紡,,,,117494,,,,,,,,,,,9.37,1,,上市,115,127257,,,,,,,,2805070,,2922564,,,,,,2805070,,,,152661,,2779666,1077282,1453047,375765,375765,223104,,2932327,,2922564,,2805070,,,,,,
,,,1423,利華,,,,14185,,,,,,,,,,,0.15,1,,上市,115,2169,,,,,,,,15353,,29538,,,,,,,,,,-631,,18153,23400,31233,7833,7833,8464,,17522,,,,15353,,,,,,
,,,1432,大魯閣,,,,-8648,,,,,,,,,,,-0.54,1,,上市,115,0,,,,,,,,-62628,,-71276,,,,,,-58165,-4463,,,-52748,,-9880,165389,198079,32690,32690,85438,,-62628,,-66813,-4463,-62628,,,,,,
,,,1434,福懋,,,,3586162,,,,,,,,,,,0.20,1,,上市,115,49552,,,,,,,,336603,,3922765,,,,,,336603,0,,,198663,,187492,6199209,6979321,780112,780112,581449,,386155,,3922765,0,336603,,,,,,
,,,1435,中福,,,,958,,,,,,,,,,,-0.08,1,,上市,115,0,,,,,,,,-11624,,-10666,,,,,,,,,,-9194,,-2430,537,1495,958,958,10152,,-11624,,,,-11624,,,,,,
,,,1436,華友聯,,,,1872,,,,,,,,,,,-0.31,1,,上市,115,-6939,,,,,,,,-60674,,-58802,,,,,,-60198,-476,,,-11695,,-55918,36879,72625,35746,35746,47441,,-67613,,-58326,-476,-60674,,,,,,
,,,1437,勤益控,,,,-31740,,,,,,,,,,,0.68,1,,上市,115,25845,,,,,,,,138276,,106536,,,,,,138012,264,,,81756,,82365,67065,173801,106736,106736,24980,,164121,,106272,264,138276,,,,,,
,,,1438,三地開發,,,,-532,,,,,,,,,,,0.65,1,0,上市,115,15498,,,,,,0,,71826,,71294,,,,,,,,,,122347,,-35023,228136,377477,149341,149341,26994,,87324,,,,71826,,,,,,
,,,1439,雋揚,,,,2420,,,,,,,,,,,0.59,1,,上市,115,1630,,,,,,,,58106,,60526,,,,,,54161,3945,,,4904,,54832,53048,75912,22864,22864,17960,,59736,,56581,3945,58106,,,,,,
,,,1440,南紡,,,,588174,,,,,,,,,,,-0.05,1,,上市,115,8778,,,,,,,,-73553,,514621,,,,,,-78150,4597,,,-129416,,64641,3078389,3372657,294268,294268,423684,,-64775,,503826,10795,-73553,,,,,,
,,,1441,大東,,,,6727,,,,,,,,,,,-0.62,1,,上市,115,0,,,,,,,,-44777,,-38050,,,,,,-44777,0,,,-32285,,-12492,285026,289127,4101,4101,36386,,-44777,,-38050,0,-44777,,,,,,
,,,1442,名軒,,,,77,,,,,,,,,,,0.23,1,,上市,115,19596,,,,,,,,85702,,85779,,,,,,85702,,,,104031,,1267,151443,302076,150633,150633,46602,,105298,,85779,,85702,,,,,,
,,,1443,立益物流,,,,-107703,,,,,,,,,,,0.52,1,,上市,115,14952,,,,,,,,72766,,-34937,,,,,,70109,2657,,,81085,,6633,117817,225243,107426,107426,26341,,87718,,-14491,-20446,72766,,,,,,
,,2690,1444,力麗,,,,16918,,,,,,,,,,,0.07,1,0,上市,115,9996,,,,,,533,,65516,,82434,,,,,,71838,-6322,,,-14004,,86826,2005573,2121686,116113,115580,129584,,72822,,84619,-2185,62826,,,,,,
,,,1445,大宇,,,,11951,,,,,,,,,,,0.03,1,,上市,115,993,,,,,,,,3972,,15923,,,,,0,3972,0,,,4008,,957,128895,171054,42159,42159,38151,,4965,,15923,,3972,,,,,,
,,,1446,宏和,,,,-969,,,,,,,,,,,0.50,1,,上市,115,2584,,,,,,,,68353,,67384,,,,,,68353,,,,40375,,30562,110036,180694,70658,70658,30283,,70937,,67384,,68353,,,,,,
,,,1447,力鵬,,,,29471,,,,,,,,,,,0.10,1,1079,上市,115,16636,,,,,,1170,,90513,,119984,,,,,,85545,4968,,,57979,,49170,7856823,8071598,214775,214684,156705,,107149,,106261,13723,90513,,,,,,
,,,1449,佳和,,,,59117,,,,,,,,,,,-0.23,1,,上市,115,13943,,,,,,,,-27899,,31218,,,,,,-28630,731,,,-60098,,46142,713744,793579,79835,79835,139933,,-13956,,30224,994,-27899,,,,,,
,,,1451,年興,,,,76254,,,,,,,,,,,0.47,1,,上市,115,24897,,,,,,,,92289,,168543,,,,,,92289,,,,90072,,27114,1276616,1528005,251389,251389,161317,,117186,,168543,,92289,,,,,,
,,,1452,宏益,,,,-7454,,,,,,,,,,,-0.09,1,,上市,115,-447,,,,,,,,-11619,,-19073,,,,,,-11619,,,,-11536,,-530,317486,328337,10851,10851,22387,,-12066,,-19073,,-11619,,,,,,
,,,1453,大將,,,,,,,,,,,,,,,-0.05,1,,上市,115,,,,,,,,,-5275,,-5275,,,,,,-5295,20,,,-8463,,3188,136,377,241,241,8704,,-5275,,-5295,20,-5275,,,,,,
,,,1454,台富,-51,,,-7180,,,,,,,,,,,-0.20,1,,上市,115,639,,,,,,,,-23966,,-31146,,,,,,-23966,0,,,-28536,,5209,282992,294179,11187,11187,39672,,-23327,,-31146,0,-23966,,,,,,
,,,1455,集盛,,,,-24627,,,,,,,,,,,-0.05,1,,上市,115,-5368,,,,,,,,-26781,,-51408,,,,,,-26781,,,,-45175,,13026,1238835,1265739,26904,26904,72079,,-32149,,-51408,,-26781,,,,,,
,,,1456,怡華,,,,,,,,,,,,,,,-0.43,1,,上市,115,755,,,,,,,,-40651,,-40651,,,,,,-40651,,,,54719,,-94615,132068,218947,86879,86879,32160,,-39896,,-40651,,-40651,,,,,,
,,,1457,宜進,89665,,,-17396,,,,,,,,,,,0.20,1,,上市,115,29856,,,,,,,,31742,,14346,,,,,,46864,-15122,,,80881,,-19283,608974,647286,38312,38312,47096,,61598,,27907,-13561,31742,,,,,,
,,0,1459,聯發,,,,15988,,,,,,,,,,,0.03,1,,上市,115,11327,,,,,,,,9664,,25652,,,,,,10929,-1265,,,24305,,-3314,187520,231160,43640,43640,19335,,20991,,26856,-1204,9664,,,,,,
,,,1460,宏遠,66,,,19710,,,,,,,,,,,0.02,1,,上市,115,10993,,,,,,,,13270,,32980,,,,,,13270,0,,,11835,,12428,1397693,1697865,300172,300172,288403,,24263,,32980,,13270,,,,,,
,,,1463,強盛新,,,,7731,,,,,,,,,,,-0.01,1,,上市,115,5583,,,,,,,,-2488,,5243,,,,,,-1586,-902,,,-5748,,8843,52098,62815,10717,10717,16465,,3095,,6145,-902,-2488,,,,,,
,,,1464,得力,-324,,,114203,,,,,,,,,,,0.30,1,,上市,115,41031,,,,,,,,124089,,238292,,,,,,128552,-4463,,,105075,,60045,2363881,2987876,623995,623995,518596,,165120,,232519,5773,124089,,,,,,
,,,1465,偉全,,,,,,,,,,,,,,,0.27,1,,上市,115,-18971,,,,,,,,28088,,28088,,,,,,,,,,-13544,,22661,96159,98482,2323,2323,15867,,9117,,,,28088,,,,,,
,,,1466,聚隆,,,,3050,,,,,,,,,,,0.17,1,,上市,115,-2240,,,,,,,,21257,,24307,,,,,,18530,2727,,,8437,,10580,478561,547834,69273,69273,60836,,19017,,21580,2727,21257,,,,,,
,,,1467,南緯,,,,-4313,,,,,,,,,,,0.11,1,,上市,115,15488,,,,,,,,27696,,23383,,,,,,25429,2267,,,6454,,36730,948815,1182469,233654,233654,227200,,43184,,22004,1379,27696,,,,,,
,,,1468,昶和,,,,17289,,,,,,,,,,,0.17,1,,上市,115,10255,,,,,,,,27321,,44610,,,,,,27394,-73,,,6858,,30718,94564,127625,33061,33061,26203,,37576,,42379,2231,27321,,,,,,
,,,1470,大統新創,-9,,,304,,,,,,,,,,,0.31,1,,上市,115,6523,,,,,,,,26671,,26975,,,,,,26671,,,,23476,,9718,139675,191305,51630,51630,28145,,33194,,26975,,26671,,,,,,
,,,1471,首利,,,,1157,,,,,,,,,,,-0.03,1,,上市,115,0,,,,,,,,-3809,,-2652,,,,,,-3799,-10,,,-31799,,27990,26471,22014,-4457,-4457,27342,,-3809,,-4915,2263,-3809,,,,,,
,,,1472,三洋實業,,,,-19858,,,,,,,,,,,1.78,1,,上市,115,16387,,,,,,,,93494,,73636,,,,,,93494,0,,,106392,,3489,780219,914324,134105,134105,27713,,109881,,73636,0,93494,,,,,,
,,,1473,台南,,,,49901,,,,,,,,,,,0.69,1,,上市,115,22323,,,,,,,,100342,,150243,,,,,,100342,,,,103223,,19442,1599084,1959149,360065,360065,256842,,122665,,150243,,100342,,,,,,
,,,1474,弘裕,,,,39778,,,,,,,,,,,0.09,1,,上市,115,-13,,,,,,,,10001,,49779,,,,,,11478,-1477,,,-5242,,15230,615674,691030,75356,75356,80598,,9988,,50870,-1091,10001,,,,,,
,,,1475,業旺,,,,3674,,,,,,,,,,,0.88,1,,上市,115,14573,,,,,,,,57885,,61559,,,,,,57885,,,,42420,,30038,285729,347966,62237,62237,19817,,72458,,61559,,57885,,,,,,
,,,1476,儒鴻,,,,147516,,,,,,,,,,,6.69,1,,上市,115,456173,,,,,,,,1834516,,1982032,,,,,,1834516,,,,2194913,,95776,6526334,9621070,3094736,3094736,899823,,2290689,,1982032,,1834516,,,,,,
,,,1477,聚陽,,,,102550,,,,,,,,,,,4.35,1,,上市,115,279477,,,,,,,,1077406,,1179956,,,,,,1073207,4199,,,1377342,,-20459,6570953,8896989,2326036,2326036,948694,,1356883,,1175335,4621,1077406,,,,,,
,,,1503,士電,,,,231897,,,,,,,,,,,2.79,1,,上市,115,411704,,,,,,,,1515633,,1747530,,,,,,1453522,62111,,,1854855,,72482,8811059,11558778,2747719,2747719,892864,,1927337,,1670657,76873,1515633,,,,,,
,,,1504,東元,,,,-4147248,,,,,,,,,,,0.51,1,9855,上市,115,343200,,,,,,9035,,1238690,,-2908558,,,,,,1188154,50536,,,1178530,,403360,10893613,14235194,3341581,3342401,2163871,,1581890,,-2840360,-68198,1238690,,,,,,
,,,1506,正道,,,,5575,,,,,,,,,,,0.02,1,,上市,115,1390,,,,,,,,5319,,10894,,,,,,5179,140,,,6172,,537,239529,290125,50596,50596,44424,,6709,,8944,1950,5319,,,,,,
,,,1512,瑞利,,,,9431,,,,,,,,,,,0.09,1,,上市,115,0,,,,,,,,8480,,17911,,,,,,8480,,,,-15139,,23619,218987,321113,102126,102126,117265,,8480,,17911,,8480,,,,,,
,,,1513,中興電,,,,-100105,,,,,,,,,,,1.94,1,,上市,115,257948,,,,,,,,960263,,860158,,,,,,956493,3770,,,1203389,,14822,4804662,6490639,1685977,1685977,482588,,1218211,,850137,10021,960263,,,,,,
,,,1514,亞力,,,,7182,,,,,,,,,,,0.73,1,751,上市,115,46932,,,,,,,,200461,,207643,,,,,,198005,2456,,,211127,,36266,2083105,2526342,443237,443988,232861,,247393,,205291,2352,200461,,,,,,
,,,1515,力山,,,,19688,,,,,,,,,,,0.07,1,,上市,115,3226,,,,,,,,11553,,31241,,,,,,12904,-1351,,,-4490,,19269,895526,1050350,154824,154824,159314,,14779,,31131,110,11553,,,,,,
,,,1516,川飛,,,,0,,,,,,,,,,,-0.05,1,,上市,115,-2,,,,,,,,-2088,,-2088,,,,,,,,,,-2315,,225,24618,26221,1603,1603,3918,,-2090,,,,-2088,,,,,,
,,,1517,利奇,,,,21390,,,,,,,,,,,-0.19,1,,上市,115,-13838,,,,,,,,-36778,,-15388,,,,,,-41849,5071,,,-85854,,35238,433236,438193,4957,4957,90811,,-50616,,-20300,4912,-36778,,,,,,
,,,1519,華城,,,,94448,,,,,,,,,,,3.29,1,,上市,115,318757,,,,,,,,1015824,,1110272,,,,,,1038511,-22687,,,1008294,,326287,2682401,4756515,2074114,2074114,1065820,,1334581,,1132959,-22687,1015824,,,,,,
,,,1521,大億,,,,0,,,,,,,,,,,0.44,1,,上市,115,8497,,,,,,,,33328,,33328,,,,,,33328,,,,32036,,9789,852704,1003761,151057,151057,119021,,41825,,33328,,33328,,,,,,
,,,1522,堤維西,,,,96637,,,,,,,,,,,-0.19,1,3819,上市,115,-17405,,,,,,4180,,-24408,,72229,,,,,,-58597,34189,,,-81012,,39199,5641876,6675148,1033272,1032911,1113923,,-41813,,34157,38072,-24408,,,,,,
,,,1524,耿鼎,0,,,12228,,,,,,,,,,,0.53,1,,上市,115,22152,,,,,,,,86973,,99201,,,,,,,,,,93486,,15639,391931,562184,170253,170253,76767,,109125,,,,86973,,,,,,
,,,1525,江申,,,,130127,,,,,,,,,,,-0.82,1,,上市,115,106069,,,,,,,,-59860,,70267,,,,,,-59860,,,,2924,,43285,241080,281735,40655,40655,37731,,46209,,70267,,-59860,,,,,,
,,,1526,日馳,,,,4019,,,,,,,,,,,-0.44,1,,上市,115,-5656,,,,,,,,-26532,,-22513,,,,,,-26532,,,,-31597,,-591,141594,161967,20373,20373,51970,,-32188,,-22513,,-26532,,,,,,
,,,1527,鑽全,,,,20346,,,,,,,,,,,0.32,1,,上市,115,11153,,,,,,,,44613,,64959,,,,,,,,,,24243,,31523,513501,629386,115885,115885,91642,,55766,,,,44613,,,,,,
,,,1528,恩德,,,,22152,,,,,,,,,,,-0.15,1,,上市,115,12622,,,,,,,,-29326,,-7174,,,,,,-29553,227,,,-36032,,19328,495156,712104,216948,216948,252980,,-16704,,-7401,227,-29326,,,,,,
,,,1529,樂事綠能,0,,,0,,,,,,,,,,,0.16,1,,上市,115,2861,,,,,,0,,28506,,28506,,,,,,24361,4145,,,24506,,6861,208550,248511,39961,39961,15455,,31367,,24361,4145,28506,,,,,,
,,,1530,亞崴,,,,23861,,,,,,,,,,,0.18,1,73,上市,115,1721,,,,,,0,,14216,,38077,,,,,,17365,-3149,,,-15685,,31622,387940,444813,56873,56946,72631,,15937,,39355,-1278,14216,,,,,,
,,,1531,高林股,,,,48469,,,,,,,,,,,0.03,1,,上市,115,57,,,,,,,,5391,,53860,,,,,,5391,,,,-22632,,28080,296431,347486,51055,51055,73687,,5448,,53860,,5391,,,,,,
,,,1532,勤美,,,,288746,,,,,,,,,,,-0.09,1,,上市,115,3954,,,,,,,,-23412,,265334,,,,,,-37698,14286,,,47497,,-66955,2511807,3204035,692228,692228,644731,,-19458,,203749,61585,-23412,,,,,,
,,,1533,車王電,,,,27942,,,,,,,,,,,0.84,1,,上市,115,-19289,,,,,,,,136240,,164182,,,,,,82298,53942,,,91711,,25240,930028,1288273,358245,358245,266534,,116951,,110240,53942,136240,,,,,,
,,,1535,中宇,,,,52136,,,,,,,,,,,0.77,1,2279,上市,115,28118,,,,,,2025,,95213,,147349,,,,,,95213,,,,114131,,9200,1946781,2203311,256530,256784,142653,,123331,,147349,,95213,,,,,,
,,0,1536,和大,,,,-6218,,,,,,,,,,,-0.52,1,0,上市,115,-21391,,,,,,0,,-148320,,-154538,,,,,,-145770,-2550,,,-161269,,-8442,1115604,1193410,77806,77806,239075,,-169711,,-151938,-2600,-148320,,,,,,
,,,1537,廣隆,,,,48828,,,,,,,,,,,2.11,1,,上市,115,60963,,,,,,,,172828,,221656,,,,,,172828,,,,194789,,39002,1366310,1713997,347687,347687,152898,,233791,,221656,,172828,,,,,,
,,,1538,正峰,,,,17277,,,,,,,,,,,-1.11,1,,上市,115,0,,,,,,,,-35716,,-18439,,,,,,-35710,-6,,,-16498,,-19218,8740,10367,1627,1627,18125,,-35716,,-18433,-6,-35716,,,,,,
,,,1539,巨庭,,,,13,,,,,,,,,,,0.08,1,,上市,115,1339,,,,,,,,5354,,5367,,,,,,5354,,,,-1673,,8366,221394,241975,20581,20581,22254,,6693,,5367,,5354,,,,,,
,,,1540,喬福,,,,,,,,,,,,,,,0.32,1,,上市,115,7027,,,,,,,,27084,,27084,,,,,,,,,,6859,,27252,65297,86231,20934,20934,14075,,34111,,,,27084,,,,,,
,,,1541,錩泰,,,,6301,,,,,,,,,,,0.48,1,,上市,115,-420,,,,,,,,37894,,44195,,,,,,37894,,,,14876,,22598,486581,598810,112229,112229,97353,,37474,,44195,,37894,,,,,,
,,,1558,伸興,,,,127955,,,,,,,,,,,1.23,1,,上市,115,37396,,,,,,,,153553,,281508,,,,,,79533,74020,,,115500,,75449,1459972,1926175,466203,466203,350703,,190949,,138412,143096,153553,,,,,,
,,,1560,中砂,,,,-39230,,,,,,,,,,,2.94,1,,上市,115,89799,,,,,,,,442152,,402922,,,,,,436359,5793,,,444439,,87512,1490669,2293229,802560,802560,358121,,531951,,405363,-2441,442152,,,,,,
,,,1563,巧新,,,,-157,,,,,,,,,,,0.60,1,,上市,115,32736,,,,,,,,130742,,130585,,,,,,130706,36,,,163156,,322,1460009,1871936,411927,411927,248771,,163478,,130549,36,130742,,,,,,
,,,1568,倉佑,,,,-1082,,,,,,,,,,,0.51,1,,上市,115,11182,,,,,,,,52905,,51823,,,,,,52441,464,,,49416,,14671,157703,250310,92607,92607,43191,,64087,,51307,516,52905,,,,,,
,,,1582,信錦,,,,227558,,,,,,,,,,,0.35,1,,上市,115,32806,,,,,,,,55249,,282807,,,,,,50989,4260,,,111562,,-23507,1692944,2115340,422396,422396,310834,,88055,,270979,11828,55249,,,,,,
,,,1583,程泰,,,,49831,,,,,,,,,,,0.18,1,,上市,115,2021,,,,,,,,28170,,78001,,,,,,19426,8744,,,-45483,,75674,764305,932415,168110,168110,213593,,30191,,58417,19584,28170,,,,,,
,,,1587,吉茂,,,,32419,,,,,,,,,,,0.04,1,,上市,115,-770,,,,,,,,3153,,35572,,,,,,3153,,,,22290,,-19907,627317,754074,126757,126757,104467,,2383,,35572,,3153,,,,,,
,,,1590,亞德客-KY,,,,1314785,,,,,,,,,,,13.35,1,,上市,115,753181,,,,,,,,2670926,,3985711,,,,,,2670974,-48,,,3324875,,99232,5209930,10013502,4803572,4803572,1478697,,3424107,,3985792,-81,2670926,,,,,,
,,,1597,直得,,,,9755,,,,,,,,,,,0.43,1,,上市,115,14180,,,,,,,,37908,,47663,,,,,,37908,,,,44301,,7787,194744,334402,139658,139658,95357,,52088,,47663,,37908,,,,,,
,,,1598,岱宇,,,,45209,,,,,,,,,,,0.25,1,,上市,115,29471,,,,,,,,34633,,79842,,,,,,41640,-7007,,,57360,,6744,948192,1638270,690078,690078,632718,,64104,,75585,4257,34633,,,,,,
,,,1603,華電,9346,,,39101,,,,,,,,,,,0.29,1,,上市,115,22445,,,,,,,,45700,,84801,,,,,,45756,-56,,,71842,,-3697,1189077,1304277,115200,115200,52704,,68145,,85435,-634,45700,,,,,,
,,,1604,聲寶,,,,233651,,,,,,,,,,,0.51,1,,上市,115,32077,,,,,,,,192257,,425908,,,,,,187244,5013,,,152503,,71831,1894667,2372906,478239,478239,325736,,224334,,418928,6980,192257,,,,,,
,,,1605,華新,,,,-3204323,,,,,,,,,,,0.81,1,,上市,115,562012,,,,,,,,3498015,,293692,,,,,,3584927,-86912,,,547321,,3512706,37877563,41070352,3192789,3192789,2645468,,4060027,,381391,-87699,3498015,,,,,,
,,,1608,華榮,,,,3989,,,,,,,,,,,0.37,1,,上市,115,67589,,,,,,,,203171,,207160,,,,,,157429,45742,,,419422,,-148662,2969289,3453119,483830,483830,64408,,270760,,161418,45742,203171,,,,,,
,,,1609,大亞,,,,-126600,,,,,,,,,,,0.66,1,5921,上市,115,208683,,,,,,491,,603557,,476957,,,,,,518017,85540,,,1174452,,-362212,6769117,8341066,1571949,1577379,402927,,812240,,377063,99894,603557,,,,,,
,,,1611,中電,,,,-52238,,,,,,,,,,,0.13,1,,上市,115,1965,,,,,,,,42238,,-10000,,,,,,42238,,,,31774,,12429,155861,252470,96609,96609,64835,,44203,,-10000,,42238,,,,,,
,,,1612,宏泰,,,,182799,,,,,,,,,,,0.82,1,,上市,115,58351,,,,,,,,260733,,443532,,,,,,260746,-13,,,273484,,45600,1585431,1919326,333895,333895,60411,,319084,,443545,-13,260733,,,,,,
,,,1614,三洋電,,,,6327,,,,,,,,,,,0.47,1,,上市,115,29775,,,,,,,,122850,,129177,,,,,,122393,457,,,34894,,117731,1029076,1262257,233181,233181,198287,,152625,,128720,457,122850,,,,,,
,,,1615,大山,,,,283091,,,,,,,,,,,0.94,1,,上市,115,64507,,,,,,,,184775,,467866,,,,,,184775,,,,250732,,-1450,1009323,1317762,308439,308439,57707,,249282,,467866,,184775,,,,,,
,,,1616,億泰,,,,1775,,,,,,,,,,,0.28,1,,上市,115,12756,,,,,,,,53518,,55293,,,,,,53518,,,,70357,,-4083,1174468,1302894,128426,128426,58069,,66274,,55293,,53518,,,,,,
,,,1617,榮星,,,,42531,,,,,,,,,,,0.08,1,,上市,115,3663,,,,,,,,12801,,55332,,,,,,13556,-755,,,14007,,2457,835808,911155,75347,75347,61340,,16464,,56087,-755,12801,,,,,,
,,,1618,合機,,,,-130420,,,,,,,,,,,1.57,1,,上市,115,75657,,,,,,,,302261,,171841,,,,,,302261,0,,,351688,,26230,772694,1166170,393476,393476,41788,,377918,,171841,0,302261,,,,,,
,,,1623,大東電,,,,-2698,,,,,,,,,,,4.33,1,,上市,115,69188,,,,,,,,280064,,277366,,,,,,,,,,367855,,-18603,1453901,1862335,408434,408434,40579,,349252,,,,280064,,,,,,
,,,1626,艾美特-KY,,,,131250,,,,,,,,,,,-1.11,1,3793,上市,115,-29710,,,,,,4747,,-166994,,-35744,,,,,,-166994,,,,-142303,,-54401,1589819,1835215,245396,244442,386745,,-196704,,-35744,,-166994,,,,,,
,,,1702,南僑,,,,364368,,,,,,,,,,,0.12,1,,上市,115,48520,,,,,,,,91243,,455611,,,,,,30589,60654,,,68282,,71481,4413031,5815363,1402332,1402332,1334050,,139763,,314000,141611,91243,,,,,,
,,,1707,葡萄王,,,,39622,,,,,,,,,,,1.18,1,622,上市,115,77018,,,,,,,,286455,,326077,,,,,,174724,111731,,,335331,,28142,690921,2277961,1587040,1587662,1252331,,363473,,211999,114078,286455,,,,,,
,,,1708,東鹼,,,,154618,,,,,,,,,,,1.11,1,,上市,115,63456,,,,,,,,277585,,432203,,,,,,277585,,,,259013,,82028,1078717,1553624,474907,474907,215894,,341041,,432203,,277585,,,,,,
,,,1709,和益,,,,-4906,,,,,,,,,,,0.55,1,-89,上市,115,79982,,,,,,,,264804,,259898,,,,,,264726,78,,,320616,,24170,1931538,2424471,492933,492844,172228,,344786,,259820,78,264804,,,,,,
,,,1710,東聯,,,,247946,,,,,,,,,,,-0.15,1,,上市,115,-8101,,,,,,,,-211190,,36756,,,,,,-127331,-83859,,,-176669,,-42622,5257248,5345825,88577,88577,265246,,-219291,,45198,-8442,-211190,,,,,,
,,,1711,永光,0,,,22760,,,,,,,,,,,0.09,1,,上市,115,13925,,,,,,,,49650,,72410,,,,,,50555,-905,,,37488,,26087,1605345,2045450,440105,440105,402617,,63575,,72409,1,49650,,,,,,
,,,1712,興農,,,,38457,,,,,,,,,,,0.67,1,,上市,115,95797,,,,,,,,285540,,323997,,,,,,283178,2362,,,366591,,14746,3324565,4795226,1470661,1470661,1104070,,381337,,321635,2362,285540,,,,,,
,,,1713,國化,,,,21155,,,,,,,,,,,1.36,1,,上市,115,0,,,,,,,,205623,,226778,,,,,,,,,,-12149,,217772,100890,112434,11544,11544,23693,,205623,,,,205623,,,,,,
,,,1714,和桐,,,,530274,,,,,,,,,,,0.23,1,,上市,115,131252,,,,,,,,404305,,934579,,,,,,223134,181171,,,490214,,45343,6337236,7139550,802314,802314,312100,,535557,,569217,365362,404305,,,,,,
,,,1717,長興,,,,1017202,,,,,,,,,,,0.37,1,,上市,115,192450,,,,,,,,429777,,1446979,,,,,,428283,1494,,,534996,,87231,7973080,10243036,2269956,2269956,1734960,,622227,,1446561,418,429777,,,,,,
,,,1718,中纖,,,-322234,,,,,,,,,,,,0.17,1,,上市,115,475722,,8643523,,11169810,,,,2050565,,1728331,,,,,,228005,1822560,,,,,,,,,,,,,,302841,1425490,2050565,,,,2526287,,
,,,1720,生達,,,,43688,,,,,,,,,,,1.30,1,,上市,115,76669,,,,,,,,298593,,342281,,,,,,231520,67073,,,343566,,31696,931281,1651875,720594,720594,377028,,375262,,273889,68392,298593,,,,,,
,,,1721,國慶科技,,,,25700,,,,,,,,,,,-0.36,1,,上市,115,2037,,,,,,,,-65847,,-40147,,,,,,-65847,,,,-63599,,-211,415375,393220,-22155,-22155,41444,,-63810,,-40147,,-65847,,,,,,
,,,1722,台肥,,,,394533,,,,,,,,,,,0.19,1,,上市,115,41609,,,,,,,,184554,,579087,,,,,,184554,,,,-48610,,274773,3488095,3750158,262063,262063,310673,,226163,,579087,,184554,,,,,,
,,,1723,中碳,,,,53219,,,,,,,,,,,0.77,1,,上市,115,38207,,,,,,,,178879,,232098,,,,,,178879,,,,181223,,35863,958057,1277807,319750,319750,138527,,217086,,232098,,178879,,,,,,
,,,1725,元禎,,,,236433,,,,,,,,,,,0.23,1,,上市,115,15741,,,,,,,,41596,,278029,,,,,,41596,0,,,47412,,9925,2093864,2199773,105909,105909,58497,,57337,,278029,0,41596,,,,,,
,,,1726,永記,,,,125636,,,,,,,,,,,2.03,1,,上市,115,72080,,,,,,,,328089,,453725,,,,,,328089,,,,373182,,26987,1881352,2651076,769724,769724,396542,,400169,,453725,,328089,,,,,,
,,,1727,中華化,,,,,,,,,,,,,,,0.28,1,,上市,115,5200,,,,,,,,35899,,35899,,,,,,,,,,43151,,-2052,426107,519337,93230,93230,50079,,41099,,,,35899,,,,,,
,,,1730,花仙子,,,,5744,,,,,,,,,,,1.48,1,7334,上市,115,31253,,,,,,6753,,102761,,108505,,,,,,93636,9125,,,113396,,20618,321589,651549,329960,330541,217145,,134014,,99065,9440,102761,,,,,,
,,,1731,美吾華,,,,1170,,,,,,,,,,,0.43,1,,上市,115,15989,,,,,,,,57752,,58922,,,,,,57752,,,,74754,,-1013,170568,452346,281778,281778,207024,,73741,,58922,,57752,,,,,,
,,,1732,毛寶,,,,1459,,,,,,,,,,,0.35,1,,上市,115,2287,,,,,,,,15061,,16520,,,,,,15061,,,,13861,,3487,99183,170503,71320,71320,57459,,17348,,16520,,15061,,,,,,
,,,1733,五鼎,,,,883,,,,,,,,,,,0.81,1,,上市,115,5544,,,,,,,,81370,,82253,,,,,,81275,95,,,87211,,-297,344059,519723,175664,175664,88453,,86914,,82138,115,81370,,,,,,
,,,1734,杏輝,,,,25150,,,,,,,,,,,0.39,1,,上市,115,20284,,,,,,,,68246,,93396,,,,,,73805,-5559,,,91276,,-2746,464179,826628,362449,362449,271173,,88530,,93343,53,68246,,,,,,
,,,1735,日勝化,,,,16990,,,,,,,,,,,0.20,1,,上市,115,7912,,,,,,,,19691,,36681,,,,,,19691,,,,29175,,-1572,484199,599713,115514,115514,86339,,27603,,36681,,19691,,,,,,
,,,1736,喬山,,,,328698,,,,,,,,,,,0.08,1,,上市,115,16051,,,,,,,,24124,,352822,,,,,,23921,203,,,-92539,,132714,5739566,11791948,6052382,6052382,6144921,,40175,,352644,178,24124,,,,,,
,,,1737,臺鹽,,,,871,,,,,,,,,,,0.47,1,,上市,115,24754,,,,,,,,94456,,95327,,,,,,94456,0,,,121499,,-2289,470528,789500,318972,318972,197473,,119210,,95327,0,94456,,,,,,
,,,1752,南光,,,,-1,,,,,,,,,,,0.32,1,,上市,115,13186,,,,,,,,32020,,32019,,,,,,32559,-539,,,70757,,-25551,342118,529627,187509,187509,116752,,45206,,32558,-539,32020,,,,,,
,,,1760,寶齡富錦,,,,634,,,,,,,,,,,0.60,1,,上市,115,28856,,,,,,,,51743,,52377,,,,,,51743,,,,83218,,-2619,249911,519291,269380,269380,186162,,80599,,52377,,51743,,,,,,
,,,1762,中化生,,,,2175,,,,,,,,,,,1.64,1,,上市,115,11347,,,,,,,,90601,,92776,,,,,,90601,,,,79612,,22336,210643,361225,150582,150582,70970,,101948,,92776,,90601,,,,,,
,,,1773,勝一,,,,18646,,,,,,,,,,,2.02,1,,上市,115,153398,,,,,,,,605748,,624394,,,,,,605771,-23,,,710998,,48148,1901163,3044317,1143154,1143154,432156,,759146,,624417,-23,605748,,,,,,
,,,1776,展宇,,,,11587,,,,,,,,,,,0.35,1,,上市,115,7189,,,,,,,,22896,,34483,,,,,,21331,1565,,,27030,,3055,211787,275332,63545,63545,36515,,30085,,32614,1869,22896,,,,,,
,,,1783,和康生,,,,35789,,,,,,,,,,,0.59,1,,上市,115,15855,,,,,,,,52793,,88582,,,,,,52793,,,,58409,,10239,56307,190868,134561,134561,76152,,68648,,88582,,52793,,,,,,
,,,1786,科妍,,,,50,,,,,,,,,,,0.29,1,,上市,115,13726,,,,,,,,21956,,22006,,,,,,21956,,,,21302,,14380,60118,205322,145204,145204,123902,,35682,,22006,,21956,,,,,,
,,,1789,神隆,,,,-228423,,,,,,,,,,,0.02,1,,上市,115,2796,,,,,,,,16529,,-211894,,,,,,16529,,,,8488,,10837,438173,659708,221535,221535,213047,,19325,,-211894,,16529,,,,,,
,,,1795,美時,,,,296145,,,,,,,,,,,2.18,1,,上市,115,158698,,,,,,,,567201,,863346,,,,,,567201,,,,1959197,,-1233298,4258787,8644409,4385622,4385622,2426425,,725899,,863346,,567201,,,,,,
,,,1802,台玻,9911,,,1580754,,,,,,,,,,,0.20,1,,上市,115,74078,,,,,,,,585453,,2166207,,,,,,593564,-8111,,,807475,,-147944,8274698,10244189,1969491,1969491,1171927,,659531,,2081649,84558,585453,,,,,,
,,,1805,寶徠,,,,-64,,,,,,,,,,,0.14,1,,上市,115,1441,,,,,,,,18368,,18304,,,,,,18368,,,,19521,,288,67083,103694,36611,36611,17090,,19809,,18304,,18368,,,,,,
,,,1806,冠軍,,,,23749,,,,,,,,,,,-0.10,1,,上市,115,-8347,,,,,,,,-38964,,-15215,,,,,,-38964,0,,,-42730,,-4581,556819,663911,107092,107092,149822,,-47311,,-15215,0,-38964,,,,,,
,,,1808,潤隆,,,,-100121,,,,,,,,,,,1.06,1,,上市,115,211319,,,,,,,,942283,,842162,,,,,,942283,,,,1229561,,-75959,3917305,5392216,1474911,1474911,245350,,1153602,,842162,,942283,,,,,,
,,,1809,中釉,10828,,,32456,,,,,,,,,,,0.05,1,,上市,115,3747,,,,,,,,-389,,32067,,,,,,8923,-9312,,,-256,,3614,477583,592290,114707,114707,125791,,3358,,30584,1483,-389,,,,,,
,,,1810,和成,,,,81352,,,,,,,,,,,3.64,1,,上市,115,120841,,,,,,,,1094013,,1175365,,,,,,1098423,-4410,,,-198009,,1412863,855249,1034852,179603,179603,377612,,1214854,,1179698,-4333,1094013,,,,,,
,,,1817,凱撒衛,,,,24878,,,,,,,,,,,1.21,1,,上市,115,27903,,,,,,,,88416,,113294,,,,,,87774,642,,,117537,,-1218,374104,611528,237424,237424,119887,,116319,,112344,950,88416,,,,,,
,,,1903,士紙,,,,-65664,,,,,,,,,,,-0.07,1,,上市,115,156,,,,,,,,-18980,,-84644,,,,,,-18980,,,,-8436,,-10388,13329,39188,25859,25859,34295,,-18824,,-84644,,-18980,,,,,,
,,,1904,正隆,,,,297426,,,,,,,,,,,0.56,1,,上市,115,51875,,,,,,,,624347,,921773,,,,,,623134,1213,,,696170,,-19948,8272055,10422205,2150150,2150150,1453980,,676222,,901456,20317,624347,,,,,,
,,,1905,華紙,,,,433809,,,,,,,,,,,-0.16,1,,上市,115,107,,,,,,,,-176885,,256924,,,,,,-176549,-336,,,-214982,,38204,4163344,4394312,230376,230376,445358,-592,-176778,,173508,83416,-176885,,,,,,
,,,1906,寶隆,,,,290805,,,,,,,,,,,-0.03,1,,上市,115,-126,,,,,,,,-4159,,286646,,,,,,,,,,17339,,-21624,758053,824072,66019,66019,48680,,-4285,,,,-4159,,,,,,
,,,1907,永豐餘,,,,4902354,,,,,,,,,,,0.13,1,,上市,115,195557,,,,,,,,256580,,5158934,,,,,,208827,47753,,,-77218,,529355,15539186,17964361,2424583,2424583,2501801,-592,452137,,4756972,401962,256580,,,,,,
,,,1909,榮成,,,,515401,,,,,,,,,,,-0.02,1,,上市,115,59036,,,,,,,,-29778,,485623,,,,,,-27240,-2538,,,15988,,13270,9650744,10760215,1109471,1109471,1093483,,29258,,487143,-1520,-29778,,,,,,
,,,2002,中鋼,,,,3831272,,,,,,,,,,,-0.16,1,,上市,115,893225,,,,,,,,-1860153,,1971119,,,,,,-2451833,591680,,,-620543,,-346385,76524791,79161889,2637098,2637098,3257641,,-966928,,740114,1231005,-1860153,,,,,,
,,,2006,東和鋼鐵,,,,9401,,,,,,,,,,,1.66,1,,上市,115,302993,,,,,,,,1218141,,1227542,,,,,,1211982,6159,,,1390762,,130372,11598009,13602390,2004381,2004381,613619,,1521134,,1221157,6385,1218141,,,,,,
,,,2007,燁興,,,,3218,,,,,,,,,,,-0.45,1,,上市,115,15552,,,,,,,,-241218,,-238000,,,,,,,,,,-140810,,-84856,1139060,1050591,-88469,-88469,52341,,-225666,,,,-241218,,,,,,
,,,2008,高興昌,,,,1281,,,,,,,,,,,0.13,1,,上市,115,1897,,,,,,,,23924,,25205,,,,,,,,,,34264,,-8443,289721,349981,60260,60260,25996,,25821,,,,23924,,,,,,
,,,2009,第一銅,,,,-1501660,,,,,,,,,,,0.21,1,,上市,115,0,,,,,,,,76674,,-1424986,,,,,,,,,,74091,,2583,709371,799069,89698,89698,15607,,76674,,,,76674,,,,,,
,,,2010,春源,,,,92169,,,,,,,,,,,0.57,1,,上市,115,98964,,,,,,,,374039,,466208,,,,,,369123,4916,,,464114,,8889,5752233,6434872,682639,682639,218525,,473003,,457119,9089,374039,,,,,,
,,,2012,春雨,,,,64993,,,,,,,,,,,-0.12,1,,上市,115,25642,,,,,,,,-27833,,37160,,,,,,-33827,5994,,,133,,-2324,1595041,1798919,203878,203878,203745,,-2191,,30040,7120,-27833,,,,,,
,,,2013,中鋼構,,,,8320,,,,,,,,,,,0.66,1,,上市,115,25794,,,,,,,,132703,,141023,,,,,,132703,,,,136475,,22022,4398108,4623919,225811,225811,89336,,158497,,141023,,132703,,,,,,
,,,2014,中鴻,,,,7281,,,,,,,,,,,-0.10,1,,上市,115,0,,,,,,,,-147234,,-139953,,,,,,-147234,,,,-134367,,-12867,4557046,4514131,-42915,-42915,91452,,-147234,,-139953,,-147234,,,,,,
,,,2015,豐興,,,,-6323,,,,,,,,,,,0.91,1,,上市,115,122645,,,,,,,,525964,,519641,,,,,,526749,-785,,,589291,,59318,5584096,6404574,820478,820478,231187,,648609,,520426,-785,525964,,,,,,
,,,2017,官田鋼,-1,,,664651,,,,,,,,,,,-0.14,1,,上市,115,9096,,,,,,,,-84500,,580151,,,,,,-59487,-25013,,,-77730,,2326,652897,670622,17725,17725,95454,,-75404,,502540,77611,-84500,,,,,,
,,,2020,美亞,,,,-8557,,,,,,,,,,,0.40,1,5590,上市,115,37472,,,,,,8804,,107122,,98565,,,,,,107154,-32,,,150605,,-6011,792082,1019550,227468,224254,73649,,144594,,98506,59,107122,,,,,,
,,,2022,聚亨,,,,-85232,,,,,,,,,,,-0.09,1,,上市,115,16774,,,,,,,,-22415,,-107647,,,,,,-30532,8117,,,-215,,-5426,3240198,3459605,219407,219407,219622,,-5641,,-51492,-56155,-22415,,,,,,
,,,2023,燁輝,,,,191836,,,,,,,,,,,-0.40,1,,上市,115,73813,,,,,,,,-838078,,-646242,,,,,,-745181,-92897,,,85956,,-850221,14921361,16315401,1394040,1394040,1308084,,-764265,,-557708,-88534,-838078,,,,,,
,,,2024,志聯,,,,,,,,,,,,,,,0.16,1,,上市,115,0,,,,,,,,15606,,15606,,,,,,,,,,5660,,9946,213886,233432,19546,19546,13886,,15606,,,,15606,,,,,,
,,,2025,千興,0,,,131949,,,,,,,,,,,0.47,1,,上市,115,,,,,,,,,81289,,213238,,,,,,,,,,71616,,9673,294672,378787,84115,84115,12499,,81289,,,,81289,,,,,,
,,,2027,大成鋼,-1262,,,1480831,,,,,,,,,,,1.17,1,,上市,115,1204326,,,,,,,,3512537,,4993368,,,,,,2914770,597767,,,5633209,,-916346,22656506,31174326,8517820,8517820,2883349,,4716863,,4191873,801495,3512537,,,,,,
,,,2028,威致,,,,1132,,,,,,,,,,,0.15,1,,上市,115,11803,,,,,,,,48349,,49481,,,,,,,,,,68794,,-8642,2231576,2350263,118687,118687,49893,,60152,,,,48349,,,,,,
,,,2029,盛餘,,,,4443,,,,,,,,,,,0.42,1,,上市,115,32998,,,,,,,,140682,,145125,,,,,,134373,6309,,,145201,,28479,2671438,3111785,440347,440347,295146,,173680,,136777,8348,140682,,,,,,
,,,2030,彰源,,,,84383,,,,,,,,,,,0.61,1,,上市,115,43592,,,,,,,,168547,,252930,,,,,,168547,,,,208556,,3583,2239925,2637279,397354,397354,188798,,212139,,252930,,168547,,,,,,
,,,2031,新光鋼,,,,-458299,,,,,,,,,,,0.22,1,,上市,115,66925,,,,,,,,79808,,-378491,,,,,,70724,9084,,,427931,,-281198,4021241,4589073,567832,567832,139901,,146733,,-387575,9084,79808,,,,,,
,,,2032,新鋼,,,,2552,,,,,,,,,,,0.49,1,,上市,115,12528,,,,,,,,64029,,66581,,,,,,,,,,60930,,15627,690419,783716,93297,93297,32367,,76557,,,,64029,,,,,,
,,,2033,佳大,,,,0,,,,,,,,,,,0.09,1,,上市,115,1877,,,,,,,,7461,,7461,,,,,,,,,,8642,,696,148235,175517,27282,27282,18640,,9338,,,,7461,,,,,,
,,,2034,允強,,,,-81902,,,,,,,,,,,0.00,1,,上市,115,-15456,,,,,,,,1778,,-80124,,,,,,1778,,,,35902,,-49580,2595112,2833548,238436,238436,202534,,-13678,,-80124,,1778,,,,,,
,,,2038,海光,,,,4939,,,,,,,,,,,0.16,1,,上市,115,502,,,,,,,,26658,,31597,,,,,,30209,-3551,,,-9112,,36272,1900619,1937498,36879,36879,45991,,27160,,35148,-3551,26658,,,,,,
,,,2049,上銀,,,,332537,,,,,,,,,,,1.64,1,,上市,115,170229,,,,,,,,548996,,881533,,,,,,579338,-30342,,,630521,,88704,4341614,6379288,2037674,2037674,1407153,,719225,,911873,-30340,548996,,,,,,
,,,2059,川湖,,,,16874,,,,,,,,,,,36.58,1,,上市,115,865950,,,,,,,,3485810,,3502684,,,,,,3485810,,,,3654349,,697411,1213110,5449725,4236615,4236615,582266,,4351760,,3502684,,3485810,,,,,,
,,,2062,橋椿,,,,173805,,,,,,,,,,,0.00,1,,上市,115,12565,,,,,,,,320,,174125,,,,,,460,-140,,,37761,,-24876,1456960,1629689,172729,172729,134968,,12885,,174265,-140,320,,,,,,
,,,2069,運錩,,,,90835,,,,,,,,,,,0.64,1,,上市,115,22373,,,,,,,,106191,,197026,,,,,,106191,,,,137979,,-9415,2025189,2302863,277674,277674,139695,,128564,,197026,,106191,,,,,,
,,,2072,世紀風電,,,,,,,,,,,,,,,5.26,1,,上市,115,254517,,,,,,,,903171,,903171,,,,,,903171,0,,,1118096,,39592,2727521,3948204,1220683,1220683,102587,,1157688,,903171,0,903171,,,,,,
,,,2101,南港,,,,145939,,,,,,,,,,,1.86,1,603,上市,115,93759,,,,,,747,,1344090,,1490029,,,,,,1344090,,,,1648897,,-211048,3186123,5423749,2237626,2237482,588585,,1437849,,1490029,,1344090,,,,,,
,,,2102,泰豐,,,,22328,,,,,,,,,,,0.01,1,,上市,115,1762,,,,,,,,5824,,28152,,,,,,5824,,,,-46782,,54368,34923,41123,6200,6200,52982,,7586,,28152,,5824,,,,,,
,,,2103,台橡,88045,,,356825,,,,,,,,,,,0.53,1,,上市,115,343164,,,,,,,,501754,,858579,,,,,,435719,66035,,,651038,,193880,9065134,10330865,1265731,1265731,702738,,844918,,755878,102701,501754,,,,,,
,,-1506,2104,國際中橡,,,,293454,,,,,,,,,,,-0.81,1,,上市,115,49297,,,,,,,,-989217,,-695763,,,,,,-785313,-203904,,,-888351,,-50063,4100260,3507985,-592275,-592275,296076,,-938414,,-514369,-181394,-987711,,,,,,
,,,2105,正新,,,,1866959,,,,,,,,,,,0.57,1,,上市,115,662587,,,,,,,,1855164,,3722123,,,,,,1861686,-6522,,,2326581,,191170,17608566,23428390,5819824,5819824,3493243,,2517751,,3712012,10111,1855164,,,,,,
,,,2106,建大,,,,543271,,,,,,,,,,,0.12,1,,上市,115,60640,,,,,,,,111183,,654454,,,,,,111183,,,,255513,,-83690,6980582,8698617,1718035,1718035,1462522,,171823,,654454,,111183,,,,,,
,,,2107,厚生,,,,197186,,,,,,,,,,,0.23,1,,上市,115,18672,,,,,,,,70108,,267294,,,,,,70108,,,,61789,,26991,218560,327504,108944,108944,47155,,88780,,267294,,70108,,,,,,
,,,2108,南帝,,,,188529,,,,,,,,,,,0.34,1,,上市,115,120689,,,,,,,,279461,,467990,,,,,,166573,112888,,,322249,,77901,1888697,2595684,706987,706987,384738,,400150,,355102,112888,279461,,,,,,
,,,2109,華豐,,,,-61770,,,,,,,,,,,0.41,1,,上市,115,44674,,,,,,,,143204,,81434,,,,,,113502,29702,,,119153,,68725,840258,1087805,247547,247547,128394,,187878,,86744,-5310,143204,,,,,,
,,,2114,鑫永銓,,,,,,,,,,,,,,,1.41,1,,上市,115,27943,,,,,,,,110342,,110342,,,,,,,,,,125042,,13243,231975,388362,156387,156387,31345,,138285,,,,110342,,,,,,
,,,2115,六暉-KY,,,,87753,,,,,,,,,,,0.27,1,,上市,115,23159,,,,,,,,27614,,115367,,,,,,28129,-515,,,55001,,-4228,649345,795763,146418,146418,91417,,50773,,115786,-419,27614,,,,,,
,,,2201,裕隆,,,,1081428,,,,,,,,,,,0.35,1,260,上市,115,356383,,,,,,,,1054318,,2135746,,,,,,363664,690654,,,1529772,,-119071,11375066,16975232,5600166,5600426,4070654,,1410701,,1206182,929564,1054318,,,,,,
,,,2204,中華,,,,417325,,,,,,,,,,,1.18,1,,上市,115,152749,,,,,,30395,,619617,,1036942,,,,,,642993,-23376,,,435469,,336897,8106288,9416045,1309757,1279362,843893,,772366,,987277,49665,619617,,,,,,
,,,2206,三陽工業,,,,434392,,,,,,,,,,,1.37,1,,上市,115,300076,,,,,,,,1101392,,1535784,,,,,,1061801,39591,,,1407602,,-6134,11778326,14947523,3169197,3169197,1761595,,1401468,,1431928,103856,1101392,,,,,,
,,,2207,和泰車,,,-73880,,,,,,,,,,,,7.95,1,,上市,115,1278339,,64795582,,71331231,,,,5257310,,5183430,,,,,,4429572,827738,,,,,,,,,,,,,,4206094,977336,5257310,,,,6535649,,
,,,2208,台船,,,,64561,,,,,,,,,,,0.07,1,,上市,115,4011,,,,,,,,85964,,150525,,,,,,91374,-5410,,,-179865,,269840,4729721,4731963,2242,2242,182107,,89975,,155935,-5410,85964,,,,,,
,,,2211,長榮鋼,,,,-513943,,,,,,,,,,,1.07,1,,上市,115,121628,,,,,,,,521028,,7085,,,,,,448208,72820,,,620420,,22236,2560051,3331378,771327,771327,150907,,642656,,-73311,80396,521028,,,,,,
,,,2227,裕日車,,,,551423,,,,,,,,,,,-0.89,1,,上市,115,-69157,,,,,,,,-266139,,285284,,,,,,-266139,,,,-132062,,-203234,2809158,3159179,350021,350021,482083,,-335296,,285284,,-266139,,,,,,
,,,2228,劍麟,,,,104559,,,,,,,,,,,0.87,1,,上市,115,31779,,,,,,,,69210,,173769,,,,,,69210,,,,102971,,-1982,952234,1226898,274664,274664,171693,,100989,,173769,,69210,,,,,,
,,,2231,為升,,,,18065,,,,,,,,,,,0.40,1,,上市,115,25273,,,,,,,,16929,,34994,,,,,,53694,-36765,,,22838,,19364,481054,760094,279040,279040,256202,,42202,,73354,-38360,16929,,,,,,
,,,2233,宇隆,,,,93624,,,,,,,,,,,1.59,1,,上市,115,18750,,,,,,,,107508,,201132,,,,,,95703,11805,,,85316,,40942,588854,813177,224323,224323,139007,,126258,,189902,11230,107508,,,,,,
,,,2236,百達-KY,,,,85235,,,,,,,,,,,0.19,1,,上市,115,60480,,,,,,,,8714,,93949,,,,,,11893,-3179,,,132637,,-63443,2360497,2731169,370672,370672,238035,,69194,,94800,-851,8714,,,,,,
,,,2237,華德動能-創,,,,4381,,,,,,,,,,,1.13,1,,上市,115,-26994,,,,,,,,136531,,140912,,,,,,136531,0,,,118918,,-9381,691795,877114,185319,185319,66401,,109537,,140912,0,136531,,,,,,
,,,2239,英利-KY,,,,610942,,,,,,,,,,,-1.68,1,,上市,115,-20080,,,,,,,,-254850,,356092,,,,,,-197568,-57282,,,-263804,,-11126,3735782,4078591,342809,342809,606613,,-274930,,195554,160538,-254850,,,,,,
,,,2241,艾姆勒,,,,10477,,,,,,,,,,,-0.15,1,,上市,115,484,,,,,,,,-10649,,-172,,,,,,-15198,4549,,,-12795,,2630,193712,218145,24433,24433,37228,,-10165,,-9437,9265,-10649,,,,,,
,,,2243,宏旭-KY,,,,35523,,,,,,,,,,,0.66,1,,上市,115,-5312,,,,,,,,46029,,81552,,,,,,46029,,,,43442,,-2725,471899,558167,86268,86268,42826,,40717,,81552,,46029,,,,,,
,,,2247,汎德永業,11278,,,,,,,,,,,,,,2.35,1,,上市,115,49871,,,,,,,,189749,,189749,,,,,,189749,,,,228149,,11471,7883167,8954402,1071235,1071235,854364,,239620,,189749,,189749,,,,,,
,,,2248,華勝-KY,,,,39717,,,,,,,,,,,1.87,1,,上市,115,16593,,,,,,,,89046,,128763,,,,,,89046,,,,97021,,8618,404704,593726,189022,189022,92001,,105639,,128763,,89046,,,,,,
,,,2250,IKKA-KY,,,,12336,,,,,,,,,,,0.64,1,,上市,115,15404,,,,,,,,23246,,35582,,,,,0,23246,0,,,29123,,9527,665434,802397,136963,136963,107840,,38650,0,35582,0,23246,,,,,,
,,,2254,巨鎧精密-創,,,,,,,,,,,,,,,-1.04,1,,上市,115,0,,,,,,,,-66601,,-66601,,,,,,-66601,,,,-62098,,-4503,52646,30398,-22248,-22248,39850,,-66601,,-66601,,-66601,,,,,,
,,,2258,鴻華先進-創,,,,1536,,,,,,,,,,,-0.51,1,,上市,115,39,,,,,,,,-899311,,-897775,,,,,,-899311,,,,-874554,,-24718,707227,819155,111928,111928,986482,,-899272,,-897775,,-899311,,,,,,
,,,2301,光寶科,,,,1347911,,,,,,,,,,,1.66,1,,上市,115,1195242,,,,,,,,3774659,,5122570,,,,,,3775414,-755,,,4099305,,870596,34004359,43407292,9402933,9402933,5303628,,4969901,,5120931,1639,3774659,,,,,,
,,,2302,麗正,,,,-5278,,,,,,,,,,,0.25,1,,上市,115,16844,,,,,,,,41461,,36183,,,,,,41461,,,,16066,,42239,145551,216325,70774,70774,54708,,58305,,36183,,41461,,,,,,
,,,2303,聯電,556561,,,10205040,,,,,,,,,,,1.29,1,,上市,115,526846,,,,,,,,16116984,,26322024,,,,,,16171474,-54490,,,11276411,,5367419,43219412,61037902,17818490,17818490,7098640,,16643830,,26376460,-54436,16116984,,,,,,
,,,2305,全友,,,,35142,,,,,,,,,,,0.16,1,,上市,115,14151,,,,,,,,49848,,84990,,,,,,32176,17672,,,18562,,45437,142697,246934,104237,104237,85675,,63999,,63647,21343,49848,,,,,,
,,,2308,台達電,,,,4678040,,,,,,,,,,,7.91,1,,上市,115,7258274,,,,,,,,23834549,,28512589,,,,,,20555591,3278958,,,28417303,,2675520,100391781,159352652,58960871,58960871,30543568,,31092823,,25520122,2992467,23834549,,,,,,
,,,2312,金寶,,,,506606,,,,,,,,,,,0.35,1,,上市,115,232917,,,,,,,,714778,,1221384,,,,,,526957,187821,,,879426,,68269,33183536,35632632,2449096,2449096,1569670,,947695,,635943,585441,714778,,,,,,
,,,2313,華通,,,,824145,,,,,,,,,,,1.26,1,,上市,115,240964,,,,,,,,1504169,,2328314,,,,,,1504169,,,,1938218,,-193085,16032884,19548062,3515178,3515178,1576960,,1745133,,2328314,,1504169,,,,,,
,,,2314,台揚,,,,23365,,,,,,,,,,,-0.97,1,,上市,115,2840,,,,,,,,-102686,,-79321,,,,,,-102686,,,,-106728,,6882,328197,383603,55406,55406,162134,,-99846,,-79321,,-102686,,,,,,
,,,2316,楠梓電,,,,477513,,,,,,,,,,,3.53,1,,上市,115,181542,,,,,,,,639660,,1117173,,,,,,639660,,,,-73021,,894223,958962,1022324,63362,63362,136383,,821202,,1117173,,639660,,,,,,
,,,2317,鴻海,,,,56082088,,,,,,,,,,,3.56,1,,上市,115,17074953,,,,,,,,56956277,,113038365,,,,,,49919449,7036828,,,75648689,,-1617459,1988552831,2119533391,130980560,130980560,55331871,,74031230,,101920529,11117836,56956277,,,,,,
,,,2321,東訊,,,,-13384,,,,,,,,,,,-0.12,1,,上市,115,316,,,,,,,,2022,,-11362,,,,,,-3670,5692,,,3123,,-785,112783,167589,54806,54806,51683,,2338,,-17054,5692,2022,,,,,,
,,,2323,中環,,,,-29098,,,,,,,,,,,-0.41,1,,上市,115,163412,,,,,,,,-447191,,-476289,,,,,,-447414,223,,,128850,,-412629,1527901,2075463,547562,547562,418712,,-283779,,-478667,2378,-447191,,,,,,
,,,2324,仁寶,,,,1846419,,,,,,,,,,,0.45,1,,上市,115,699988,,,,,,,,2390608,,4237027,,,,,,1967195,423413,,,2644084,,446512,190706041,201303536,10597495,10597495,7953411,,3090596,,3764065,472962,2390608,,,,,,
,,,2327,國巨*,,,,2069757,,,,,,,,,,,3.90,1,,上市,115,2287159,,,,,,,,8037530,,10107287,,,,,,8000823,36707,,,9612910,,711779,23623833,38165648,14541815,14541815,4928905,,10324689,,10066986,40301,8037530,,,,,,
,,,2328,廣宇,,,,234991,,,,,,,,,,,-0.16,1,,上市,115,41488,,,,,,,,-107624,,127367,,,,,,-83972,-23652,,,-14575,,-51561,3921165,4252307,331142,331142,345717,,-66136,,106700,20667,-107624,,,,,,
,,,2329,華泰,,,,509101,,,,,,,,,,,0.33,1,,上市,115,57016,,,,,,,,234630,,743731,,,,,,234630,,,,272602,,19044,4238773,4860476,621703,621703,349101,,291646,,743731,,234630,,,,,,
,,,2330,台積電,1676378,,,53995651,,,,,,,,,,,22.08,1,,上市,115,114998383,,,,,,,,572801304,,626796955,,,,,,572479752,321552,,,658966142,,28833545,382808019,1134103440,751295421,751295421,94005657,,687799687,,626591326,205629,572801304,,,,,,
,,,2331,精英,,,,71097,,,,,,,,,,,0.11,1,,上市,115,25640,,,,,,,,62557,,133654,,,,,,62561,-4,,,21510,,66687,4568063,5002870,434807,434807,413297,,88197,,133489,165,62557,,,,,,
,,,2332,友訊,,,,-60980,,,,,,,,,,,-0.05,1,,上市,115,45353,,,,,,,,-19711,,-80691,,,,,,-29102,9391,,,31548,,-5906,2571368,3440889,869521,869521,837973,,25642,,-61882,-18809,-19711,,,,,,
,,,2337,旺宏,,,,1954312,,,,,,,,,,,0.90,1,,上市,115,286997,,,,,,,,1779369,,3733681,,,,,,1775820,3549,,,1932572,,133794,6197512,10468868,4271356,4271356,2338784,,2066366,,3730132,3549,1779369,,,,,,
,,,2338,光罩,,,,9404,,,,,,,,,,,0.52,1,,上市,115,10354,,,,,,,,158352,,167756,,,,,-1141,149507,9986,,,14240,,154466,1268629,1538711,270082,270082,255842,,168706,-1141,158911,9986,158352,,,,,,
,,,2340,台亞,,,,-54607,,,,,,,,,,,-0.49,1,,上市,115,14681,,,,,,,,-238012,,-292619,,,,,,-215090,-22922,,,-255186,,31855,991846,954029,-37817,-37817,217369,,-223331,,-269697,-22922,-238012,,,,,,
,,,2342,茂矽,,,,-4322,,,,,,,,,,,-0.11,1,,上市,115,0,,,,,,,,-16971,,-21293,,,,,,-17129,158,,,-24520,,7549,409099,486204,77105,77105,101625,,-16971,,-21451,158,-16971,,,,,,
,,,2344,華邦電,,,,54740,,,,,,,,,,,2.25,1,,上市,115,2570746,,,,,,,,10117678,,10172418,,,,,,10114310,3368,,,12550494,,137930,17838062,38253064,20415002,20415002,7864508,,12688424,,10124005,48413,10117678,,,,,,
,,,2345,智邦,,,,-563758,,,,,,,,,,,14.92,1,,上市,115,2028594,,,,,,7930,,8333109,,7769351,,,,,,8341044,-7935,,,10048687,,313016,56411936,70120741,13708805,13700875,3652188,,10361703,,7777509,-8158,8333109,,,,,,
,,,2347,聯強,,,,2453998,,,,,,,,,,,1.77,1,,上市,115,784782,,,,,,,,3091131,,5545129,,,,,,2954386,136745,,,3373256,,502657,120928811,126357648,5428837,5428837,2055581,,3875913,,5408896,136233,3091131,,,,,,
,,,2348,海悅,,,,-2145,,,,,,,,,,,0.16,1,,上市,115,46667,,,,,,,,16125,,13980,,,,,,24394,-8269,,,215863,,-153071,940416,1308225,367809,367809,151946,,62792,,22249,-8269,16125,,,,,,
,,,2349,錸德,,,,301188,,,,,,,,,,,0.02,1,,上市,115,6700,,,,,,,,-18622,,282566,,,,,,16115,-34737,,,56212,,-68134,1267741,1609102,341361,341361,285149,,-11922,,93058,189508,-18622,,,,,,
,,0,2351,順德,,,,52251,,,,,,,,,,,1.22,1,0,上市,115,59272,,,,,,,,232644,,284895,,,,,,221741,10903,,,271819,,20097,2268612,2805040,536428,536428,264609,,291916,,273992,10903,232644,,,,,,
,,,2352,佳世達,,,,2301144,,,,,,,,,,,0.20,1,,上市,115,319139,,,,,,,,375250,,2676394,,,,,,317514,57736,,,692353,,2036,42948624,51541496,8592872,8592872,7900519,,694389,,2374557,301837,375250,,,,,,
,,,2353,宏碁,16520,,,575724,,,,,,,,,,,0.23,1,,上市,115,424878,,,,,,,,1339038,,1914762,,,,,,702042,636996,,,803155,,960761,64337122,72423012,8085890,8085890,7299255,,1763916,,1108205,806557,1339038,,,,,,
,,,2354,鴻準,,,,1089332,,,,,,,,,,,0.47,1,,上市,115,285306,,,,,,,,654563,,1743895,,,,,,663384,-8821,,,373042,,566827,24050433,25274831,1224398,1224398,851356,,939869,,1764888,-20993,654563,,,,,,
,,,2355,敬鵬,,,,197515,,,,,,,,,,,0.62,1,,上市,115,72399,,,,,,,,246717,,444232,,,,,,246720,-3,,,194601,,124515,3565704,4055841,490137,490137,295536,,319116,,444301,-69,246717,,,,,,
,,,2356,英業達,,,,2027983,,,,,,,,,,,0.68,1,,上市,115,872750,,,,,,,,2433866,,4461849,,,,,,2428376,5490,,,3614980,,-308364,190133953,200310505,10176552,10176552,6561572,,3306616,,4446898,14951,2433866,,,,,,
,,,2357,華碩,,,,9444850,,,,,,,,,,,13.19,1,,上市,115,2702804,,,,,,1443,,11156804,,20601654,,,,,,9797017,1359787,,,11895859,,1963749,177399188,208369726,30970538,30969095,19073236,,13859608,,19286253,1315401,11156804,,,,,,
,,,2359,所羅門,,,,15949,,,,,,,,,,,0.78,1,,上市,115,13846,,,,,,,,142932,,158881,,,,,,134073,8859,,,-35808,,192586,699249,890066,190817,190817,226625,,156778,,150735,8146,142932,,,,,,
,,,2360,致茂,,,,215871,,,,,,,,,,,9.12,1,,上市,115,1145979,,,,,,0,,3948092,,4163963,,,,,,3864185,83907,,,4797366,,296705,4435610,11859669,7424059,7424059,2626693,,5094071,,4070348,93615,3948092,,,,,,
,,,2362,藍天,,,,1737054,,,,,,,,,,,0.61,1,,上市,115,109186,,,,,,,,350861,,2087915,,,,,,350861,,,,338299,,121748,3909265,4941226,1031961,1031961,693662,,460047,,2087915,,350861,,,,,,
,,,2363,矽統,,,,1976298,,,,,,,,,,,0.17,1,,上市,115,24013,,,,,,,,87746,,2064044,,,,,,87795,-49,,,75564,,36195,747667,1050018,302351,302351,226787,,111759,,2063978,66,87746,,,,,,
,,,2364,倫飛,,,,1983,,,,,,,,,,,0.83,1,,上市,115,-15,,,,,,,,44083,,46066,,,,,,43646,437,,,30596,,13472,208565,338915,130350,130350,99754,,44068,,46156,-90,44083,,,,,,
,,,2365,昆盈,,,,20390,,,,,,,,,,,0.14,1,,上市,115,6272,,,,,,,,30622,,51012,,,,,,30725,-103,,,17626,,19268,146853,241791,94938,94938,77312,,36894,,50803,209,30622,,,,,,
,,,2367,燿華,,,,135505,,,,,,,,,,,-0.40,1,,上市,115,1525,,,,,,,,-284506,,-149001,,,,,,-284506,,,,-300618,,17637,3673213,3898120,224907,224907,525525,,-282981,,-149001,,-284506,,,,,,
,,,2368,金像電,-5532,,,336611,,,,,,,,,,,6.87,1,,上市,115,1604084,,,,,,,,3483642,,3820253,,,,,,3483642,,,,5184528,,-96802,12590421,19312774,6722353,6722353,1532293,,5087726,,3820253,,3483642,,,,,,
,,,2369,菱生,,,,6658,,,,,,,,,,,0.10,1,,上市,115,6924,,,,,,,,34161,,40819,,,,,,35715,-1554,,,26360,,14725,1566905,1689388,122483,122483,96123,,41085,,42373,-1554,34161,,,,,,
,,,2371,大同,629,,,121613,,,,,,,,,,,-0.05,1,,上市,115,90847,,,,,,,,-77870,,43743,,,,,,-98534,20664,,,433191,,-420214,9599680,11487899,1888219,1888219,1455657,,12977,,-49697,93440,-77870,,,,,,
,,,2373,震旦行,,,,275522,,,,,,,,,,,0.72,1,26225,上市,115,22861,,,,,,24972,,164090,,439612,,,,,,161059,3031,,,116157,,70794,1365757,2488885,1123128,1124381,1008224,,186951,,405247,34365,164090,,,,,,
,,,2374,佳能,,,,-186937,,,,,,,,,,,0.73,1,,上市,115,36256,,,,,,,,238075,,51138,,,,,,235901,2174,,,241433,,32898,2009948,2655782,645834,645834,404401,,274331,,40623,10515,238075,,,,,,
,,,2375,凱美,,,,185444,,,,,,,,,,,0.78,1,,上市,115,44907,,,,,,,,85259,,270703,,,,,,85259,,,,86500,,43666,1196114,1440450,244336,244336,157836,,130166,,270703,,85259,,,,,,
,,,2376,技嘉,,,,203744,,,,,,,,,,,7.86,1,,上市,115,1410189,,,,,,,,5644314,,5848058,,,,,,5268403,375911,,,7413710,,-359207,92442700,105057330,12614630,12614630,5200920,,7054503,,5468583,379475,5644314,,,,,,
,,,2377,微星,,,,443393,,,,,,,,,,,4.04,1,,上市,115,716617,,,,,,,,3416814,,3860207,,,,,,3416814,,,,3876357,,257074,47816332,56256838,8440506,8440506,4564149,,4133431,,3860207,,3416814,,,,,,
,,,2379,瑞昱,,,,1332971,,,,,,,,,,,8.44,1,,上市,115,647630,,,,,,,,4329695,,5662666,,,,,,4329661,34,,,4331688,,645637,18335585,36422566,18086981,18086981,13755293,,4977325,,5662632,34,4329695,,,,,,
,,,2380,虹光,,,,-10813,,,,,,,,,,,0.40,1,,上市,115,-522,,,,,,,,24668,,13855,,,,,,24160,508,,,57692,,-33546,421218,686097,264879,264879,207187,,24146,,13310,545,24668,,,,,,
,,,2382,廣達,,,,3070311,,,,,,,,,,,5.50,1,,上市,115,3230527,,,,,,,,21306113,,24376424,,,,,,21192434,113679,,,23024012,,1512628,770524024,809221055,38697031,38697031,15673019,,24536640,,24168802,207622,21306113,,,,,,
,,,2383,台光電,,,,1104981,,,,,,,,,,,14.90,1,,上市,115,1855381,,,,,,,,5338777,,6443758,,,,,,5339793,-1016,,,7128470,,65688,23338108,33067261,9729153,9729153,2600683,,7194158,,6445153,-1395,5338777,,,,,,
,,,2385,群光,,,,897215,,,,,,,,,,,2.00,1,,上市,115,113186,,,,,,,,1657504,,2554719,,,,,,1456121,201383,,,1726156,,44534,19177750,22871041,3693291,3693291,1967135,,1770690,,2218830,335889,1657504,,,,,,
,,,2387,精元,,,,301208,,,,,,,,,,,0.49,1,,上市,115,94916,,,,,,,,127329,,428537,,,,,,94888,32441,,,93693,,128552,3883350,4395183,511833,511833,418140,,222245,,363414,65123,127329,,,,,,
,,,2388,威盛,,,,483417,,,,,,,,,,,0.08,1,,上市,115,19876,,,,,,,,4647,,488064,,,,,,46146,-41499,,,-514368,,538891,1628336,2141087,512751,512751,1027119,,24523,,499922,-11858,4647,,,,,,
,,,2390,云辰,,,,2862,,,,,,,,,,,0.54,1,,上市,115,2535,,,,,,,,104204,,107066,,,,,,104204,,,,-10060,,116799,113896,148356,34460,34460,44520,,106739,,107066,,104204,,,,,,
,,,2392,正崴,,,,920462,,,,,,,,,,,-0.46,1,474,上市,115,252111,,,,,,671,,1784643,,2705105,,,,,,-210762,1995405,,,2024943,,11811,16366180,20284345,3918165,3917968,1893025,,2036754,,690905,2014200,1784643,,,,,,
,,,2393,億光,,,,192017,,,,,,,,,,,0.91,1,,上市,115,120219,,,,,,,,416065,,608082,,,,,,403048,13017,,,373642,,162642,3793177,5039603,1246426,1246426,872784,,536284,,594770,13312,416065,,,,,,
,,,2395,研華,,,,584800,,,,,,,,,,,3.85,1,,上市,115,750007,,,,,,,,3318280,,3903080,,,,,,3334165,-15885,,,3728486,,339801,12405441,20385264,7979823,7979823,4251337,,4068287,,3917938,-14858,3318280,,,,,,
,,,2397,友通,,,,34121,,,,,,,,,,,0.76,1,,上市,115,40224,,,,,,,,120365,,154486,,,,,,86809,33556,,,168760,,-8171,2276204,3030612,754408,754408,585648,,160589,,105816,48670,120365,,,,,,
,,,2399,映泰,,,,-1116,,,,,,,,,,,1.48,1,,上市,115,30236,,,,,,,,263140,,262024,,,,,,263140,,,,-38003,,331379,363059,434635,71576,71576,109579,,293376,,262024,,263140,,,,,,
,,,2401,凌陽,0,,,18375,,,,,,,,,,,-0.02,1,,上市,115,55276,,,,,,,,92626,,111001,,,,,,-13071,105697,,,136169,,11733,874101,1739082,864981,864981,728812,,147902,,-3700,114701,92626,,,,,,
,,,2402,毅嘉,,,,293395,,,,,,,,,,,0.07,1,,上市,115,18949,,,,,,,,20613,,314008,,,,,,20613,,,,80580,,-41018,2449696,2809995,360299,360299,279719,,39562,,314008,,20613,,,,,,
,,,2404,漢唐,,,,241770,,,,,,,,,,,16.31,1,,上市,115,1328758,,,,,,,,3087011,,3328781,,,,,,3081118,5893,,,3970281,,445488,15557105,20288456,4731351,4731351,761070,,4415769,,3315630,13151,3087011,,,,,,
,,,2405,輔信,,,,-19454,,,,,,,,,,,0.00,1,,上市,115,1760,,,,,,,,374,,-19080,,,,,,1064,-690,,,-1748,,3882,231345,420084,188739,188739,190487,,2134,,-18425,-655,374,,,,,,
,,,2406,國碩,,,,-67889,,,,,,,,,,,0.27,1,0,上市,115,42064,,,,,,3128,,292003,,224114,,,,,,94705,197298,,,279611,,54456,2195814,2717146,521332,518204,238593,,334067,,73082,151032,292003,,,,,,
,,,2408,南亞科,,,,1001959,,,,,,,,,,,8.41,1,1746,上市,115,5659880,,,,,,11103,,26058254,,27060213,,,,,,26059487,-1233,,,30111283,,1606851,15761450,49086932,33325482,33316125,3204842,,31718134,,27061446,-1233,26058254,,,,,,
,,,2409,友達,,,,1961361,,,,,,,,,,,-0.15,1,,上市,115,538028,,,,,,,,-1039450,,921911,,,,,,-1143537,104087,,,-635608,,134186,60847868,69031355,8183487,8183487,8819095,,-501422,,623697,298214,-1039450,,,,,,
,,,2412,中華電,1927,,,-62235,,,,,,,,,,,1.30,1,,上市,115,2573003,,,,,,,,10607722,,10545487,,,,,,10109931,497791,,,13104526,,76199,37238688,59988435,22749747,22749747,9647148,,13180725,,10031589,513898,10607722,,,,,,
,,,2413,環科,,,,-5004,,,,,,,,,,,0.51,1,,上市,115,15195,,,,,,,,65011,,60007,,,,,,65063,-52,,,16288,,63918,701883,831399,129516,129516,113228,,80206,,60059,-52,65011,,,,,,
,,0,2414,精技,,,,3452,,,,,,,,,,,1.17,1,,上市,115,49401,,,,,,,,207780,,211232,,,,,,189595,18185,,,256658,,523,7506352,8173355,667003,667003,410345,,257181,,190977,20255,207780,,,,,,
,,,2415,錩新,-3721,,,70850,,,,,,,,,,,0.35,1,,上市,115,21189,,,,,,,,42554,,113404,,,,,,31052,11502,,,68694,,-4951,463316,616855,153539,153539,81124,,63743,,76752,36652,42554,,,,,,
,,,2417,圓剛,,,,6185,,,,,,,,,,,0.28,1,,上市,115,8099,,,,,,,,67958,,74143,,,,,,35406,32552,,,50739,,25318,375465,893462,517997,517997,467258,,76057,,38516,35627,67958,,,,,,
,,,2419,仲琦,,,,32645,,,,,,,,,,,0.07,1,,上市,115,19669,,,,,,,,41165,,73810,,,,,,22312,18853,,,27589,,33245,1677560,2075187,397627,397627,370038,,60834,,54765,19045,41165,,,,,,
,,,2420,新巨,,,,21184,,,,,,,,,,,1.05,1,,上市,115,41910,,,,,,,,159708,,180892,,,,,,159523,185,,,163599,,38019,286338,548082,261744,261744,98145,,201618,,180707,185,159708,,,,,,
,,,2421,建準,,,,89253,,,,,,,,,,,2.36,1,,上市,115,155735,,,,,,,,649037,,738290,,,,,,649037,0,,,788361,,16411,3430135,5019470,1589335,1589335,800974,,804772,,738290,0,649037,,,,,,
,,,2423,固緯,,,,19492,,,,,,,,,,,1.30,1,,上市,115,55144,,,,,,,,188308,,207800,,,,,,188308,,,,213132,,30320,359622,820800,461178,461178,248046,,243452,,207800,,188308,,,,,,
,,,2424,隴華,,,,-39,,,,,,,,,,,-0.58,1,,上市,115,0,,,,,,,,-38820,,-38859,,,,,,-34736,-4084,,,-42088,,3268,37534,36826,-708,-708,41380,,-38820,,-34760,-4099,-38820,,,,,,
,,107884,2425,承啟,,,,39030,,,,,,,,,,,0.62,1,,上市,115,14929,,,,,,,,112581,,151611,,,,,,59718,52863,,,84,,19542,685143,742329,57186,57186,57102,,19626,,84754,66857,4697,,,,,,
,,,2426,鼎元,,,,4592,,,,,,,,,,,0.06,1,,上市,115,1096,,,,,,,,16634,,21226,,,,,,16634,,,,16725,,1005,438109,545147,107038,107038,90313,,17730,,21226,,16634,,,,,,
,,,2427,三商電,,,,42535,,,,,,,,,,,0.28,1,,上市,115,14029,,,,,,,,55745,,98280,,,,,,55745,,,,67436,,2338,1533220,1890793,357573,357573,290137,,69774,,98280,,55745,,,,,,
,,,2428,興勤,,,,296667,,,,,,,,,,,2.21,1,,上市,115,77885,,,,,,,,284442,,581109,,,,,,283006,1436,,,408603,,-46276,1356021,2053739,697718,697718,289115,,362327,,579673,1436,284442,,,,,,
,,,2429,銘旺科,,,,-900,,,,,,,,,,,-0.45,1,,上市,115,265,,,,,,,,-38364,,-39264,,,,,,-38194,-170,,,-33890,,-4209,104592,109224,4632,4632,38522,,-38099,,-39094,-170,-38364,,,,,,
,,,2430,燦坤,,,,-788,,,,,,,,,,,0.07,1,,上市,115,2229,,,,,,,,8559,,7771,,,,,,8559,,,,23065,,-12277,3661284,4297210,635926,635926,612861,,10788,,7771,,8559,,,,,,
,,,2431,聯昌,,,,2549,,,,,,,,,,,-0.20,1,,上市,115,-2,,,,,,,,-22467,,-19918,,,,,,-22467,,,,-27465,,4996,66540,62551,-3989,-3989,23476,,-22469,,-19918,,-22467,,,,,,
,,,2432,倚天酷碁-創,,,,3697,,,,,,,,,,,0.26,1,,上市,115,4695,,,,,,,,16212,,19909,,,,,0,16212,,,,18274,,2633,847105,950969,103864,103864,85590,,20907,0,19909,,16212,,,,,,
,,,2433,互盛電,,,,62711,,,,,,,,,,,0.51,1,,上市,115,20053,,,,,,,,76691,,139402,,,,,,72981,3710,,,93214,,3530,441549,678056,236507,236507,143293,,96744,,113252,26150,76691,,,,,,
,,,2434,統懋,,,,1130,,,,,,,,,,,-0.13,1,,上市,115,3419,,,,,,,,-4729,,-3599,,,,,,-4729,,,,-16820,,15510,13708,10860,-2848,-2848,13972,,-1310,,-3599,,-4729,,,,,,
,,,2436,偉詮電,,,,54947,,,,,,,,,,,0.70,1,,上市,115,37758,,,,,,,,137461,,192408,,,,,,137922,-461,,,143273,,31946,696345,1047731,351386,351386,208113,,175219,,192788,-380,137461,,,,,,
,,,2438,翔耀,,,,-412,,,,,,,,,,,-0.32,1,,上市,115,0,,,,,,,,-30983,,-31395,,,,,,-20302,-10681,,,-26704,,-4279,145049,170684,25635,25635,52339,,-30983,,-20714,-10681,-30983,,,,,,
,,,2439,美律,,,,216957,,,,,,,,,,,1.03,1,,上市,115,42780,,,,,,,,384982,,601939,,,,,,257754,127228,,,206504,,221258,9673180,10970652,1297472,1297472,1090968,,427762,,447013,154926,384982,,,,,,
,,,2440,太空梭,,,,398146,,,,,,,,,,,0.14,1,,上市,115,3639,,,,,,,,20030,,418176,,,,,,20030,,,,25317,,-1648,950366,1009672,59306,59306,33989,,23669,,418176,,20030,,,,,,
,,,2441,超豐,,,,284900,,,,,,,,,,,1.40,1,,上市,115,210655,,,,,,,,797929,,1082829,,,,,,797945,-16,,,923616,,84968,3606510,4722344,1115834,1115834,192218,,1008584,,1082845,-16,797929,,,,,,
,,,2442,新美齊,,,,-19749,,,,,,,,,,,1.14,1,,上市,115,168597,,,,,,,,589118,,569369,,,,,,363574,225544,,,721594,,36121,2269705,3189806,920101,920101,198507,,757715,,343825,225544,589118,,,,,,
,,,2444,兆勁,,,,1702,,,,,,,,,,,-0.51,1,,上市,115,0,,,,,,,,-52111,,-50409,,,,,0,-52111,0,,,-56175,,4064,201660,203399,1739,1739,57914,,-52111,0,-50409,0,-52111,,,,,,
,,0,2449,京元電子,,,,1713875,,,,,,,,,,,1.87,1,,上市,115,521735,,,,,,,,2286545,,4000420,,,,,,2286437,108,,,2771958,,36322,6141360,10191943,4050583,4050583,1278625,,2808280,,4000325,95,2286545,,,,,,
,,,2450,神腦,-655,,,2832,,,,,,,,,,,0.25,1,,上市,115,15611,,,,,,,,65014,,67846,,,,,,65070,-56,,,61806,,18819,7869993,8712584,842591,842591,780130,,80625,,67902,-56,65014,,,,,,
,,,2451,創見,,,,116857,,,,,,,,,,,18.93,1,,上市,115,1967444,,,,,,,,8122489,,8239346,,,,,,8122489,,,,9785032,,304901,3217780,13628469,10410689,10410689,625657,,10089933,,8239346,,8122489,,,,,,
,,,2453,凌群,,,,-6995,,,,,,,,,,,0.90,1,,上市,115,27107,,,,,,,,89302,,82307,,,,,,90493,-1191,,,108424,,7985,1191771,1583059,391288,391288,282864,,116409,,83324,-1017,89302,,,,,,
,,,2454,聯發科,,,,4109464,,,,,,,,,,,15.17,1,,上市,115,2643006,,,,,,,,24376384,,28485848,,,,,,24153980,222404,,,22890845,,4128545,80095157,149150510,69055353,69055353,46164508,,27019390,,28235217,250631,24376384,,,,,,
,,,2455,全新,,,,,,,,,,,,,,,1.06,1,,上市,115,48510,,,,,,,,195085,,195085,,,,,,,,,,226651,,16944,593879,959310,365431,365431,138780,,243595,,,,195085,,,,,,
,,,2457,飛宏,,,,173743,,,,,,,,,,,-0.34,1,,上市,115,29426,,,,,,,,-145040,,28703,,,,,,-145040,,,,-136133,,20519,1651546,2095359,443813,443813,579946,,-115614,,28703,,-145040,,,,,,
,,,2458,義隆,,,,-26190,,,,,,,,,,,2.46,1,652,上市,115,164027,,,,,,,,675874,,649684,,,,,,705046,-29172,,,778771,,61130,1688895,3224766,1535871,1536523,757752,,839901,,678639,-28955,675874,,,,,,
,,,2459,敦吉,,,,148414,,,,,,,,,,,1.41,1,,上市,115,45242,,,,,,,,149276,,297690,,,,,,148975,301,,,186277,,8241,866140,1246416,380276,380276,193999,,194518,,285768,11922,149276,,,,,,
,,,2460,建通,,,,56455,,,,,,,,,,,0.11,1,,上市,115,21769,,,,,,,,18941,,75396,,,,,,18941,,,,36172,,4538,1001380,1130635,129255,129255,93083,,40710,,75396,,18941,,,,,,
,,,2461,光群雷,,,,87247,,,,,,,,,,,0.30,1,,上市,115,12381,,,,,,,,42147,,129394,,,,,,50019,-7872,,,98193,,-43665,1003227,1366993,363766,363766,265573,,54528,,119873,9521,42147,,,,,,
,,,2462,良得電,,,,79439,,,,,,,,,,,0.01,1,,上市,115,15579,,,,,,,,1340,,80779,,,,,,982,358,,,-21408,,38327,880645,964560,83915,83915,105323,,16919,,66999,13780,1340,,,,,,
,,,2464,盟立,-2,,,78303,,,,,,,,,,,0.24,1,,上市,115,4046,,,,,,-2343,,49482,,127785,,,,,,49169,313,,,41838,,11690,1516786,1864911,348125,350468,308628,,53528,,127444,341,49482,,,,,,
,,,2465,麗臺,,,,10179,,,,,,,,,,,1.15,1,,上市,115,22277,,,,,,,,107791,,117970,,,,,,107791,0,,,92107,,37961,1402067,1569188,167121,167121,75014,,130068,,117970,0,107791,,,,,,
,,,2466,冠西電,,,,24393,,,,,,,,,,,0.03,1,,上市,115,15743,,,,,,,,5218,,29611,,,,,,5218,,,,-51413,,72374,147235,158640,11405,11405,62818,,20961,,29611,,5218,,,,,,
,,,2467,志聖,,,,1609228,,,,,,,,,,,3.06,1,,上市,115,131154,,,,,,,,482406,,2091634,,,,,,466168,16238,,,551124,,62436,1142670,2261506,1118836,1118836,567712,,613560,,2060442,31192,482406,,,,,,
,,,2468,華經,,,,507,,,,,,,,,,,0.30,1,,上市,115,5558,,,,,,,,21302,,21809,,,,,,21302,,,,21895,,4965,561084,628511,67427,67427,45532,,26860,,21809,,21302,,,,,,
,,,2471,資通,,,,1145,,,,,,,,,,,0.49,1,,上市,115,4332,,,,,,,,23238,,24383,,,,,,23354,-116,,,5770,,21800,159940,232263,72323,72323,66553,,27570,,24414,-31,23238,,,,,,
,,,2472,立隆電,,,,396704,,,,,,,,,,,1.60,1,,上市,115,122244,,,,,,,,398183,,794887,,,,,,262833,135350,,,549622,,-29195,2059752,2943086,883334,883334,333712,,520427,,521793,273094,398183,,,,,,
,,,2474,可成,,,,2874966,,,,,,,,,,,2.63,1,,上市,115,315957,,,,,,,,1535534,,4410500,,,,,,1484484,51050,,,243428,,1608063,2686961,3773945,1086984,1086984,843556,,1851491,,4359450,51050,1535534,,,,,,
,,,2476,鉅祥,96,,,144296,,,,,,,,,,,1.14,1,,上市,115,105379,,,,,,,,275660,,419956,,,,,,249094,26566,,,386545,,-5506,1519077,2167648,648571,648571,262122,,381039,,382422,37534,275660,,,,,,
,,,2477,美隆電,,,,92363,,,,,,,,,,,0.11,1,,上市,115,13938,,,,,,,,18154,,110517,,,,,,17501,653,,,7862,,24230,371418,506123,134705,134705,126843,,32092,,108533,1984,18154,,,,,,
,,,2478,大毅,,,,93755,,,,,,,,,,,1.14,1,,上市,115,37625,,,,,,,,162517,,256272,,,,,,162973,-456,,,186036,,14106,1064670,1419768,355098,355098,169062,,200142,,253735,2537,162517,,,,,,
,,,2480,敦陽科,,,,16206,,,,,,,,,,,2.63,1,,上市,115,56799,,,,,,,,279505,,295711,,,,,,279505,0,,,300400,,35904,1852956,2420984,568028,568028,267628,,336304,,295711,0,279505,,,,,,
,,,2481,強茂,,,,234947,,,,,,,,,,,0.75,1,,上市,115,91991,,,,,,,,309301,,544248,,,,,,287830,21471,,,222307,,178985,2301199,3421155,1119956,1119956,897649,,401292,,508737,35511,309301,,,,,,
,,,2482,連宇,,,,-2562,,,,,,,,,,,-0.23,1,,上市,115,-5970,,,,,,,,-18012,,-20574,,,,,,-18238,226,,,-36423,,12441,70337,113886,43549,43549,79972,,-23982,,-20800,226,-18012,,,,,,
,,,2483,百容,,,,47708,,,,,,,,,,,0.15,1,,上市,115,-1757,,,,,,,,16613,,64321,,,,,,16038,575,,,-1427,,16283,416971,480525,63554,63554,64981,,14856,,63480,841,16613,,,,,,
,,,2484,希華,,,,276435,,,,,,,,,,,0.33,1,,上市,115,13230,,,,,,,,51832,,328267,,,,,,51853,-21,,,38190,,26872,434487,558493,124006,124006,85816,,65062,,328285,-18,51832,,,,,,
,,,2485,兆赫,,,,33394,,,,,,,,,,,0.41,1,,上市,115,27109,,,,,,,,134047,,167441,,,,,,129324,4723,,,98162,,62994,810537,1045686,235149,235149,136987,,161156,,162718,4723,134047,,,,,,
,,,2486,一詮,,,,61114,,,,,,,,,,,0.29,1,,上市,115,24265,,,,,,,,61722,,122836,,,,,,66488,-4766,,,113327,,-27340,1279188,1620292,341104,341104,227777,,85987,,127602,-4766,61722,,,,,,
,,,2488,漢平,,,,27071,,,,,,,,,,,0.92,1,,上市,115,20505,,,,,,,,73750,,100821,,,,,,73750,,,,68978,,25277,452958,600007,147049,147049,78071,,94255,,100821,,73750,,,,,,
,,,2489,瑞軒,,,,223075,,,,,,,,,,,0.15,1,,上市,115,15684,,,,,,,,95581,,318656,,,,,,91202,4379,,,62476,,48789,5309614,5814686,505072,505072,442596,,111265,,312565,6091,95581,,,,,,
,,,2491,吉祥全,,,,0,,,,,,,,,,,0.85,1,,上市,115,-67,,,,,,,,117356,,117356,,,,,,70043,47313,,,-45575,,162864,30603,35944,5341,5341,50916,,117289,,70043,47313,117356,,,,,,
,,,2492,華新科,,,,575077,,,,,,,,,,,1.69,1,,上市,115,449211,,,,,,,,987366,,1562443,,,,,,819611,167755,,,718933,,717644,7792432,9538394,1745962,1745962,1027029,,1436577,,1430481,131962,987366,,,,,,
,,,2493,揚博,,,,5997,,,,,,,,,,,1.26,1,,上市,115,32214,,,,,,,,159484,,165481,,,,,,159484,,,,168457,,23241,663875,937502,273627,273627,105170,,191698,,165481,,159484,,,,,,
,,,2495,普安,,,,572,,,,,,,,,,,0.33,1,,上市,115,12200,,,,,,,,90313,,90885,,,,,,90313,0,,,46525,,55988,222774,370134,147360,147360,100835,,102513,,90885,0,90313,,,,,,
,,,2496,卓越,,,,0,,,,,,,,,,,1.65,1,,上市,115,8745,,,,,,,,31153,,31153,,,,,,31564,-411,,,37142,,2756,93584,210338,116754,116754,79612,,39898,,31564,-411,31153,,,,,,
,,,2497,怡利電,,,,-24522,,,,,,,,,,,0.80,1,,上市,115,41992,,,,,,,,100208,,75686,,,,,,100208,,,,91960,,50240,833533,1130838,297305,297305,205345,,142200,,75686,,100208,,,,,,
,,,2498,宏達電,,,,725530,,,,,,,,,,,-0.29,1,,上市,115,13193,,,,,,,,-241674,,483856,,,,,,-241674,,,,-562777,,334296,380452,652623,272171,272171,834948,,-228481,,483856,,-241674,,,,,,
,,,2501,國建,,,,-543967,,,,,,,,,,,1.21,1,,上市,115,302059,,,,,,,,1616462,,1072495,,,,,,1397547,218915,,,1944478,,-25957,8458043,11151303,2693260,2693260,748782,,1918521,,853580,218915,1616462,,,,,,
,,,2504,國產,,,,133007,,,,,,,,,,,0.70,1,,上市,115,231706,,,,,,,,852670,,985677,,,,,,822186,30484,,,1099848,,-15472,3692962,5032863,1339901,1339901,240053,,1084376,,955193,30484,852670,,,,,,
,,,2505,國揚,,,,55616,,,,,,,,,,,0.17,1,,上市,115,19339,,,,,,,,63828,,119444,,,,,,63883,-55,,,33839,,49328,308104,421642,113538,113538,79699,,83167,,119499,-55,63828,,,,,,
,,,2506,太設,0,,,71420,,,,,,,,,,,0.13,1,,上市,115,15305,,,,,,,,53241,,124661,,,,,,45668,7573,,,52334,,16212,155548,324393,168845,168845,116511,,68546,,118142,6519,53241,,,,,,
,,,2509,全坤建,,,,69010,,,,,,,,,,,-0.45,1,,上市,115,440,,,,,,,,-104155,,-35145,,,,,,-100923,-3232,,,-24855,,-78860,46598,64339,17741,17741,42596,,-103715,,-41252,6107,-104155,,,,,,
,,,2511,太子,,,,137221,,,,,,,,,,,0.06,1,,上市,115,17527,,,,,,,,93670,,230891,,,,,,101951,-8281,,,141991,,-30794,1496889,2153305,656416,656416,514425,,111197,,239172,-8281,93670,,,,,,
,,,2514,龍邦,,,,-28999,,,,,,,,,,,0.42,1,,上市,115,74067,,,,,,,,286617,,257618,,,,,,152686,133931,,,351157,,9527,4782377,5519551,737174,737174,386017,,360684,,124546,133072,286617,,,,,,
,,,2515,中工,,,,132180,,,,,,,,,,,0.16,1,,上市,115,67239,,,,,,,,256847,,389027,,,,,,256940,-93,,,346601,,-22515,6388206,6998716,610510,610510,263909,,324086,,391330,-2303,256847,,,,,,
,,,2516,新建,,,,8064,,,,,,,,,,,0.25,1,,上市,115,0,,,,,,,,56516,,64580,,,,,,56516,,,,49137,,7379,1532730,1624343,91613,91613,42476,,56516,,64580,,56516,,,,,,
,,,2520,冠德,,,,258,,,,,,,,,,,0.52,1,,上市,115,162065,,,,,,,,437465,,437723,,,,,,308665,128800,,,658447,,-58917,3720783,4862541,1141758,1141758,483311,,599530,,308763,128960,437465,,,,,,
,,,2524,京城,,,,0,,,,,,,,,,,0.36,1,,上市,115,18274,,,,,,,,131817,,131817,,,,,,131817,,,,233648,,-83557,337862,656590,318728,318728,85080,,150091,,131817,,131817,,,,,,
,,,2527,宏璟,,,,3465862,,,,,,,,,,,3.45,1,,上市,115,166487,,,,,,,,897676,,4363538,,,,,,902888,-5212,,,1127130,,-62967,3326905,4588717,1261812,1261812,134682,,1064163,,4368059,-4521,897676,,,,,,
,,,2528,皇普,,,,0,,,,,,,,,,,-0.11,1,,上市,115,406,,,,,,,,-45691,,-45691,,,,,,,,,,-40999,,-4286,9470,10284,814,814,41813,,-45285,,,,-45691,,,,,,
,,,2530,華建,,,,702,,,,,,,,,,,-0.04,1,,上市,115,2142,,,,,,,,-32773,,-32071,,,,,,-31083,-1690,,,-3896,,-26735,149977,186713,36736,36736,40632,,-30631,,-30381,-1690,-32773,,,,,,
,,,2534,宏盛,,,,35837,,,,,,,,,,,-0.02,1,,上市,115,6236,,,,,,,,-11418,,24419,,,,,,-11418,,,,63221,,-68403,54401,209173,154772,154772,91551,,-5182,,24419,,-11418,,,,,,
,,,2535,達欣工,,,,6360,,,,,,,,,,,2.88,1,,上市,115,168741,,,,,,,,748380,,754740,,,,,,748785,-405,,,759460,,157661,6135097,7158996,1023899,1023899,264439,,917121,,746902,7838,748380,,,,,,
,,,2536,宏普,,,,,,,,,,,,,,,0.15,1,,上市,115,481,,,,,,,,51212,,51212,,,,,,50662,550,,,124933,,-73240,686992,885984,198992,198992,74059,,51693,,50662,550,51212,,,,,,
,,,2537,聯上發,,,,,,,,,,,,,,,0.40,1,,上市,115,30818,,,,,,,,119320,,119320,,,,,,,,,,167409,,-17271,953328,1212617,259289,259289,91880,,150138,,,,119320,,,,,,
,,,2538,基泰,,,,0,,,,,,,,,,,0.02,1,,上市,115,8584,,,,,,,,8360,,8360,,,,,,8360,0,,,38496,,-21552,3054,82552,79498,79498,41002,,16944,,8360,0,8360,,,,,,
,,,2539,櫻花建,,,,,,,,,,,,,,,0.68,1,,上市,115,195023,,,,,,,,814784,,814784,,,,,,814784,0,,,1002985,,6822,1353297,2476909,1123612,1123612,120627,,1009807,,814784,0,814784,,,,,,
,,,2540,愛山林,,,,,,,,,,,,,,,-0.01,1,,上市,115,-12379,,,,,,,,-11300,,-11300,,,,,,-11300,,,,16711,,-40390,1436656,1723776,287120,287120,270409,,-23679,,-11300,,-11300,,,,,,
,,,2542,興富發,,,,798,,,,,,,,,,,1.15,1,,上市,115,698387,,,,,,,,3219948,,3220746,,,,,,2421313,798635,,,3912933,,5402,11317273,16191907,4874634,4874634,961701,,3918335,,2422111,798635,3219948,,,,,,
,,,2543,皇昌,,,,,,,,,,,,,,,0.37,1,,上市,115,40017,,,,,,,,196210,,196210,,,,,,195876,334,,,261739,,-25512,2514660,2901102,386442,386442,124703,,236227,,195876,334,196210,,,,,,
,,,2545,皇翔,,,,,,,,,,,,,,,-0.01,1,,上市,115,9122,,,,,,,,-4486,,-4486,,,,,,-4486,,,,112240,,-107604,1635369,1966951,331582,331582,219342,,4636,,-4486,,-4486,,,,,,
,,,2546,根基,,,,-24840,,,,,,,,,,,1.43,1,,上市,115,50162,,,,,,,,186335,,161495,,,,,,186338,-3,,,227648,,8849,3940654,4271987,331333,331333,103685,,236497,,161503,-8,186335,,,,,,
,,,2547,日勝生,,,,0,,,,,,,,,,,0.06,1,,上市,115,68417,,,,,,,,83236,,83236,,,,,,59312,23924,,,350111,,-198458,792853,1604263,811410,811410,461299,,151653,,59312,23924,83236,,,,,,
,,,2548,華固,,,,911,,,,,,,,,,,2.28,1,,上市,115,181180,,,,,,,,727402,,728313,,,,,,727364,38,,,870350,,38232,3112806,4206418,1093612,1093612,223262,,908582,,728059,254,727402,,,,,,
,,,2597,潤弘,,,,-546366,,,,,,,,,,,2.38,1,,上市,115,195724,,,,,,,,817345,,270979,,,,,,739775,77570,,,991959,,21110,6051045,7352773,1301728,1301728,309769,,1013069,,244707,26272,817345,,,,,,
,,0,2601,益航,,,,167818,,,,,,,,,,,-0.02,1,,上市,115,7038,,,,,,,,11196,,179014,,,,,,-13770,24966,,,126103,,-107869,414935,568015,153080,153080,26977,,18234,,154048,24966,11196,,,,,,
,,,2603,長榮,156434,,,10127823,,,,,,,,,,,3.84,1,3158,上市,115,1948722,,,,,,,,8690656,,18818479,,,,,,8303529,387127,,,8948352,,1691026,73124778,86511471,13386693,13389851,4597933,,10639378,,17966350,852129,8690656,,,,,,
,,0,2605,新興,,,,397197,,,,,,,,,,,0.66,1,,上市,115,149979,,,,,,,,387359,,784556,,,,,,387359,,,,482738,,54600,783918,1366845,582927,582927,100189,,537338,,784556,,387359,,,,,,
,,,2606,裕民,,,,717035,,,,,,,,,,,1.17,1,,上市,115,68,,,,,,,,987731,,1704766,,,,,,987731,,,,987897,,-98,2647779,3891765,1243986,1243986,256089,,987799,,1704766,,987731,,,,,,
,,,2607,榮運,,,,298449,,,,,,,,,,,1.04,1,,上市,115,149297,,,,,,,,560639,,859088,,,,,,553268,7371,,,467559,,242377,3123127,3991930,868803,868803,401244,,709936,,849730,9358,560639,,,,,,
,,,2608,嘉里大榮,,,,386,,,,,,,,,,,0.47,1,,上市,115,69377,,,,,,,,275234,,275620,,,,,,217699,57535,,,371282,,-26671,2525882,3102760,576878,576878,205596,,344611,,217931,57689,275234,,,,,,
,,,2609,陽明,81295,,,1805018,,,,,,,,,,,0.41,1,,上市,115,403937,,,,,,,,1497124,,3302142,,,,,,1435563,61561,,,748244,,1152817,35836720,38660500,2823780,2823780,2156831,,1901061,,3246984,55158,1497124,,,,,,
,,,2610,華航,,,,-332256,,,,,,,,,,,0.85,1,,上市,115,1173546,,,,,,,,5848163,,5515907,,,,,,5169442,678721,,,6436036,,585673,45256107,56997031,11740924,11740924,5304888,,7021709,,4830142,685765,5848163,,,,,,
,,,2611,志信,,,,-10635,,,,,,,,,,,0.28,1,,上市,115,5952,,,,,,,,58474,,47839,,,,,,53112,5362,,,35228,,29198,259720,353426,93706,93706,58478,,64426,,42453,5386,58474,,,,,,
,,,2612,中航,,,,287166,,,,,,,,,,,1.24,1,,上市,115,6735,,,,,,,,244418,,531584,,,,,0,245435,-1017,,,286693,,-35540,825807,1239781,413974,413974,127281,,251153,0,532601,-1017,244418,,,,,,
,,,2613,中櫃,,,,-5518,,,,,,,,,,,0.18,1,,上市,115,6342,,,,,,,,25036,,19518,,,,,,24024,1012,,,60198,,-28820,717162,828689,111527,111527,51329,,31378,,18506,1012,25036,,,,,,
,,,2614,東森,,,,23596,,,,,,,,,,,0.30,1,,上市,115,7668,,,,,,,,84451,,108047,,,,,,98315,-13864,,,43049,,49070,868668,1238745,370077,370077,327028,,92119,,121901,-13854,84451,,,,,,
,,,2615,萬海,74380,,,3626820,,,,,,,,,,,2.73,1,,上市,115,2113020,,,,,,,,7676606,,11303426,,,,,,7671518,5088,,,5825197,,3964429,25984232,33640864,7656632,7656632,1905815,,9789626,,11303926,-500,7676606,,,,,,
,,,2616,山隆,,,,127418,,,,,,,,,,,-1.37,1,,上市,115,2713,,,,,,,,-185023,,-57605,,,,,,-185776,753,,,-176379,,-5931,1839394,1985761,146367,146367,322746,,-182310,,-59586,1981,-185023,,,,,,
,,,2617,台航,,,,155100,,,,,,,,,,,0.71,1,,上市,115,74470,,,,,,,,298044,,453144,,,,,,298044,,,,420156,,-47642,628601,1083585,454984,454984,34828,,372514,,453144,,298044,,,,,,
,,,2618,長榮航,,,,-402413,,,,,,,,,,,1.53,1,,上市,115,2178622,,,,,,,,8864867,,8462454,,,,,,8268012,596855,,,11279920,,-236431,44650277,60515845,15865568,15865568,4585648,,11043489,,7863214,599240,8864867,,,,,,
,,,2630,亞航,,,,3751,,,,,,,,,,,0.09,1,,上市,115,4780,,,,,,,,17999,,21750,,,,,,17999,,,,28684,,-5905,996304,1096139,99835,99835,71151,,22779,,21750,,17999,,,,,,
,,,2633,台灣高鐵,,,,,,,,,,,,,,,0.37,1,,上市,115,361594,,,,,,,,2097812,,2097812,,,,,,,,,,6005315,,-3545909,7382974,13890559,6507585,6507585,502270,,2459406,,,,2097812,,,,,,
,,,2634,漢翔,,,,40504,,,,,,,,,,,0.28,1,,上市,115,82787,,,,,,,,260658,,301162,,,,,,260658,,,,272385,,71060,6995380,7587090,591710,591710,319325,,343445,,301162,,260658,,,,,,
,,,2636,台驊控股,,,,145411,,,,,,,,,,,1.10,1,,上市,115,59894,,,,,,,,148777,,294188,,,,,,150669,-1892,,,125834,,82837,4086914,4846226,759312,759312,633478,,208671,,287471,6717,148777,,,,,,
,,,2637,慧洋-KY,,,,1019172,,,,,,,,,,,1.60,1,,上市,115,6082,,,,,,,,1195201,,2214373,,,,,,1195201,,,,1197473,,3810,3093983,4338022,1244039,1244039,46566,,1201283,,2214373,,1195201,,,,,,
,,,2642,宅配通,,,,-178813,,,,,,,,,,,-0.75,1,,上市,115,2135,,,,,,,,-71180,,-249993,,,,,,-71180,,,,-67616,,-1429,782638,816736,34098,34098,101714,,-69045,,-249993,,-71180,,,,,,
,,,2645,長榮航太,,,,4494,,,,,,,,,,,2.58,1,,上市,115,241407,,,,,,,,965627,,970121,,,,,,,,,,1129183,,77851,3434074,4739309,1305235,1305235,176052,,1207034,,,,965627,,,,,,
,,,2646,星宇航空,,,,-437815,,,,,,,,,,,0.30,1,,上市,115,0,,,,,,,,909756,,471941,,,,,,,,,,1358324,,-448568,10984830,13759797,2774967,2774967,1416643,,909756,,,,909756,,,,,,
,,,2701,萬企,,,,-13801,,,,,,,,,,,0.11,1,,上市,115,12441,,,,,,,,50202,,36401,,,,,,,,,,44352,,18291,12740,65646,52906,52906,8554,,62643,,,,50202,,,,,,
,,,2702,華園,,,,33907,,,,,,,,,,,0.19,1,,上市,115,2515,,,,,,,,30137,,64044,,,,,,30137,,,,34781,,-2129,38674,363520,324846,324846,290065,,32652,,64044,,30137,,,,,,
,,,2704,國賓,,,,739646,,,,,,,,,,,0.16,1,,上市,115,43662,,,,,,,,58836,,798482,,,,,,58697,139,,,11772,,90726,265396,378532,113136,113136,101364,,102498,,798343,139,58836,,,,,,
,,,2705,六福,,,,601,,,,,,,,,,,-0.21,1,,上市,115,0,,,,,,,,-39827,,-39226,,,,,,-39827,,,,721,,-40548,366421,510861,144440,144440,143719,,-39827,,-39226,,-39827,,,,,,
,,,2706,第一店,,,,17226,,,,,,,,,,,0.14,1,,上市,115,17413,,,,,,,,69107,,86333,,,,,,,,,,61056,,25464,20222,89870,69648,69648,8592,,86520,,,,69107,,,,,,
,,,2707,晶華,,,,37200,,,,,,,,,,,5.73,1,,上市,115,182055,,,,,,,,732712,,769912,,,,,,730305,2407,,,562483,,352284,1246576,1946379,699803,699803,137320,,914767,,767505,2407,732712,,,,,,
,,,2712,遠雄來,,,,,,,,,,,,,,,-0.14,1,,上市,115,0,,,,,,,,-14587,,-14587,,,,,,,,,,-14453,,-134,105296,125169,19873,19873,34326,,-14587,,,,-14587,,,,,,
,,,2722,夏都,-1,,,96004,,,,,,,,,,,-0.21,1,,上市,115,751,,,,,,,,-34367,,61637,,,,,,-30147,-4220,,,-32471,,-1145,102328,132188,29860,29860,62330,,-33616,,36933,24704,-34367,,,,,,
,,0,2723,美食-KY,,,,95447,,,,,,,,,,,1.31,1,,上市,115,104497,,,,,,,,240810,,336257,,,,,,236598,4212,,,323703,,21604,1568149,4026808,2458659,2458659,2134956,,345307,,332383,3874,240810,,,,,,
,,,2727,王品,,,,54669,,,,,,,,,,,5.04,1,,上市,115,105149,,,,,,,,423381,,478050,,,,,,417522,5859,,,538057,,-9527,3413291,6518701,3105410,3105410,2567353,,528530,,462143,15907,423381,,,,,,
,,,2731,雄獅,,,,-29466,,,,,,,,,,,4.17,1,,上市,115,96053,,,,,,,,394244,,364778,,,,,,388507,5737,,,414238,,76059,6833306,8129667,1296361,1296361,882123,,490297,,360563,4215,394244,,,,,,
,,,2739,寒舍,-12766,,,860,,,,,,,,,,,1.30,1,,上市,115,31760,,,,,,,,119066,,119926,,,,,,119066,,,,170254,,-19428,845235,1423271,578036,578036,395016,,150826,,119926,,119066,,,,,,
,,,2748,雲品,,,,-5387,,,,,,,,,,,0.94,1,,上市,115,24825,,,,,,,,99299,,93912,,,,,,99299,,,,124856,,-732,515402,776929,261527,261527,136671,,124124,,93912,,99299,,,,,,
,,,2753,八方雲集,,,,20521,,,,,,,,,,,3.56,1,,上市,115,56223,,,,,,,,222979,,243500,,,,,,236960,-13981,,,283918,,-4716,1438050,2262828,824778,824778,540860,,279202,,251283,-7783,222979,,,,,,
,,,2762,世界健身-KY,,,,3739,,,,,,,,,,,2.01,1,,上市,115,49567,,,,,,,,219155,,222894,,,,,,219155,,,,300545,,-31823,2199038,2811384,612346,612346,311801,,268722,,222894,,219155,,,,,,
,,,2801,彰銀,,,,,,428534,4986671,,7418906,,,,699747,,0.44,1,,上市,115,992320,,,,,,,,,5221136,,5649670,,5221136,,,,,,,,,,,,,,5492374,,,,5649670,,,5221136,,,6213456,,
,,,2812,台中銀,,,,,,-590531,2123629,,3375225,,,,297426,,0.40,1,,上市,115,471473,,,,,,,,,2426299,,1835768,,2426299,,,,,,,,,,,,,,2303656,,,,1835768,,,2426299,,,2897772,,
,325748,,2816,旺旺保,,-95789,,,34532,,,,,,,,,1.78,,1,,上市,115,63688,,,,,,,,397970,,432502,,,,,,,,,,460640,,1018,,,,,,,,,,,,,397970,,,461658,230681
,,,2820,華票,,,,,,-595248,768379,,325602,,,,109702,,0.48,1,,上市,115,160963,,,,,,,,,639894,,44646,,,,,,,,,,,,,,,,183422,,,,,,,639894,,,800857,,
,558780,,2832,台產,,-182224,,,-27366,,,,,,,,,1.64,,1,,上市,115,96832,,,,,,,,416962,,389596,,,,,,,,,,514384,,-590,,,,,,,,,,,,,416962,,,513794,137828
,,,2834,臺企銀,,,,,,-1241064,3328230,,5508330,,,,241993,,0.35,1,,上市,115,886677,,,,,,,,,3437983,,2196919,0,3437983,0,,,,,,,,,,,,,4269907,,,0,2196919,0,,3437983,,,4324660,,
,,,2836,高雄銀,,,,,,-51529,345334,,900701,,,,84074,,0.20,1,,上市,115,96508,,,,,,,,,370574,,319045,,,,,,,,,,,,,,,,694879,,,,,,,370574,,,467082,,
,,,2838,聯邦銀,,,,,,-2725483,2757774,,2567362,,,,350909,,0.35,1,,上市,115,280906,,,,,,,,,1504930,,-1220553,,1507841,-2911,,,,,,,,,,,,,3188391,,,,-1217644,-2909,,1504930,,,1785836,,
,,,2845,遠東銀,,,,,,131726,1704598,,1824214,,,,135318,,0.25,1,,上市,115,143704,,,,,,,,,1221472,,1353198,,1221472,,,,,,,,,,,,,,2028318,,,,1353198,,,1221472,,,1365176,,
,,0,2849,安泰銀,,,,,,-149971,719602,,873718,,,,85646,,0.26,1,,上市,115,36199,,,,,,,,,512292,,362321,,,,,,,,,,,,,,,,959183,,,,,,,512292,,,548491,,
,1365605,0,2850,新產,,-79254,,,219133,,,,,,,,,3.99,,1,,上市,115,248433,,,,,,,,1259771,,1478904,,,,,,,,,,1507350,,854,,,,,,,,,,,,,1259771,,,1508204,220999
,707341,,2851,中再保,,-95015,,,-13024,,,,,,,,,2.30,,1,,上市,115,325242,,,,,,,,1839449,,1826425,,,,,,,,,,2142185,,22506,,,,,,,,,,,,,1839449,,,2164691,1529859
,438956,,2852,第一保,,-59498,,,-40810,,,,,,,,,1.00,,1,,上市,115,93803,,,,,,,,301897,,261087,,,,,,,,,,394962,,738,,,,,,,,,,,,,301897,,,395700,15504
,,,2855,統一證,,,,,,,,,,,,,,,1.43,1,,上市,115,218397,,,3387527,,5486108,,109125,2297383,,2406508,,,2291390,5993,,,,,2098581,,417199,,,,,,,,2515780,,2402477,4031,2297383,,,,,,
-19920,,,2880,華南金,,,,,,,,10882474,7844963,,,,532769,,0.55,1,,上市,115,,1664716,,,,,,-569207,,7663270,7094063,,,,,,7663213,57,18727437,,,,,,,,,8886602,,,,7093978,85,7663270,,,9327986,,,
6922527,,,2881,富邦金,,,,,,,,11075297,55117949,,,,3423002,,2.40,1,,上市,115,,5062760,,,,,,89166636,,33562101,122728737,,,,,,33551455,10646,66193246,,,,,,,,,17222856,,,,122526534,202203,33562101,,,38624861,,,
13366691,,,2882,國泰金,,,,,,,,-3877435,76415488,,,,2144227,,2.15,1,,上市,115,,6735806,,,,,,104526822,,31655932,136182754,,,,,,31593811,62121,72538053,,,,,,,,,18635397,,,,136051274,131480,31655932,,,38391738,,,
124833,,,2883,凱基金,,,,,,,,2465851,21099662,,,,-31306,,0.69,1,,上市,115,,1407592,,,,,,27592302,,11692023,39284325,,,,,,11689699,2324,23565513,,,,,,,,,10372371,,,,39279408,4917,11692023,,,13099615,,,
,,,2884,玉山金,,,,,,,,13304278,11865143,,,,1006751,,0.62,1,,上市,115,,2639201,,,,,,1340426,,10067506,11407932,,,,,,10056957,10549,25169421,,,,,,,,,11455963,,,,11397335,10597,10067506,,,12706707,,,
-2007589,,,2885,元大金,,,,,,,,28728437,11256497,,,,691371,,1.08,1,,上市,115,,3129395,,,,,,3679286,,15594458,19273744,,,,,,14409154,1185304,39984934,,,,,,,,,22577299,,,,18889159,384585,15594458,,,18723853,,,
9550,,,2886,兆豐金,,,,,,,,10657076,10111366,,,,413832,,0.63,1,,上市,115,,1822242,,,,,,502924,,9397352,9900276,,,,,,9397352,,20768442,,,,,,,,,9125466,,,,9900276,,9397352,,,11219594,,,
2771663,,,2887,台新新光金,,,,,,,,5324618,42542838,,,,1597271,,0.82,1,,上市,115,,4532177,,,,,,36934756,,21056577,57991333,,,,,,21040510,16067,47867456,,,,,,,,,17909768,,,,57976164,15169,21056577,,,25588754,,,
,,,2889,國票金,,,,,,,,2160382,510235,,,,60641,,0.25,1,,上市,115,,191865,,,,,,-462708,,1127101,664393,,,,,,897373,229728,2670617,,,,,,,,,1291010,,,,407919,256474,1127101,,,1318966,,,
,,1155,2890,永豐金,,,,,,,,14267833,11931484,,,,1456225,,0.76,1,,上市,115,,2157069,,,,,,-997568,,11016577,10019009,,,,,,10973530,43047,26199317,,,,,,,,,11570601,,,,9931307,87702,11015422,,,13172491,,,
2429818,,,2891,中信金,,,,,,,,18302543,41556941,,,,3310133,,1.18,1,,上市,115,,4691107,,,,,,35260425,,23608252,58868677,,,,,,23103564,504688,59859484,,,,,,,,,25820174,,,,59722104,-853427,23608252,,,28299359,,,
186968,,,2892,第一金,,,,,,,,9632261,9664412,,,,898516,,0.57,1,,上市,115,,1792064,,,,,,524194,,8243694,8767888,,,,,,8243694,,19296673,,,,,,,,,8175431,,,,8767888,,8243694,,,10035758,,,
,,,2897,王道銀行,,,,,,-749807,2331593,,838622,,,,259589,,0.28,1,,上市,115,308566,,,,,,,,,1232150,,482343,,766449,465701,,,,,,,,,,,,,1369910,,,,431574,50769,,1232150,,,1540716,,
,,,2901,欣欣,,,,0,,,,,,,,,,,0.11,1,,上市,115,1919,,,,,,,,7677,,7677,,,,,,,,,,6633,,2963,4385,33925,29540,29540,22907,,9596,,,,7677,,,,,,
,,,2903,遠百,,,,-372816,,,,,,,,,,,0.39,1,,上市,115,98348,,,,,,,,613362,,240546,,,,,,552249,61113,,,1258959,,-547249,3550665,8445107,4894442,4894442,3635483,,711710,,194168,46378,613362,,,,,,
,,,2904,匯僑,,,,5035,,,,,,,,,,,-0.09,1,,上市,115,-2228,,,,,,,,-7025,,-1990,,,,,,-7025,0,,,-7386,,-1867,77371,100612,23241,23241,30627,,-9253,,-1990,0,-7025,,,,,,
,,,2905,三商,,,15204710,,,,,,,,,,,,0.03,1,,上市,115,-68929,,29620479,,29552820,,,,1270,,15205980,,,,,,32878,-31608,,,,,,,,,,,,,,5528510,9677470,1270,,,,-67659,,
,,,2906,高林,,,,22383,,,,,,,,,,,0.07,1,,上市,115,33901,,,,,,,,74051,,96434,,,,,,14332,59719,,,87656,,20296,1606640,2284987,678347,678347,590691,,107952,,34478,61956,74051,,,,,,
,,,2908,特力,,,,34471,,,,,,,,,,,0.32,1,,上市,115,54293,,,,,,,,176911,,211382,,,,,,160854,16057,,,276866,,-45662,6621328,9402236,2780908,2780908,2504042,,231204,,191068,20314,176911,,,,,,
,,,2910,統領,,,,10255,,,,,,,,,,,0.29,1,0,上市,115,16123,,,,,,0,,51245,,61500,,,,,,51245,0,,,79615,,-12247,12808,134947,122139,122139,42524,,67368,,61500,0,51245,,,,,,
,,,2911,麗嬰房,,,,550891,,,,,,,,,,,0.66,1,,上市,115,-11614,,,,,,,,67056,,617947,,,,,,69426,-2370,,,-45911,,101353,242694,431046,188352,188352,234263,,55442,,620317,-2370,67056,,,,,,
,,,2912,統一超,,,,786541,,,,,,,,,,,2.97,1,,上市,115,1050028,,,,,,,,3570819,,4357360,,,,,,3090726,480093,,,3773259,,847588,57917330,88527614,30610284,30610284,26837025,,4620847,,3914717,442643,3570819,,,,,,
,,,2913,農林,,,,,,,,,,,,,,,-0.04,1,,上市,115,0,,,,,,,,-33127,,-33127,,,,,,,,,,-1911,,-31216,75783,121939,46156,46156,48067,,-33127,,,,-33127,,,,,,
,,,2915,潤泰全,,,,17736646,,,,,,,,,,,2.59,1,,上市,115,18591,,,,,,,,2717995,,20454641,,,,,,2708283,9712,,,-8207,,2744793,231509,418613,187104,187104,195311,,2736586,,20495069,-40428,2717995,,,,,,
,,,2923,鼎固-KY,,,,1553394,,,,,,,,,,,0.02,1,,上市,115,478663,,,,,,,,29078,,1582472,,,,,,26623,2455,,,1093718,,-585977,844790,2068437,1223647,1223647,129929,,507741,,1580017,2455,29078,,,,,,
,,,2929,淘帝-KY,,,,80755,,,,,,,,,,,-0.22,1,,上市,115,-6689,,,,,,,,-24312,,56443,,,,,,-24312,,,,-34454,,3453,350054,420493,70439,70439,104893,,-31001,,56443,,-24312,,,,,,
,,,2939,永邑-KY,,,,1781,,,,,,,,,,,-0.30,1,,上市,115,82,,,,,,,,-13682,,-11901,,,,,,-13682,,,,-22673,,9073,64440,76237,11797,11797,34470,,-13600,,-11901,,-13682,,,,,,
,,,2945,三商家購,,,,,,,,,,,,,,,0.54,1,,上市,115,9820,,,,,,,,36422,,36422,,,,,,36564,-142,,,47922,,-1680,2802658,3837104,1034446,1034446,986524,,46242,,36564,-142,36422,,,,,,
,,,3002,歐格,,,,30454,,,,,,,,,,,-0.01,1,,上市,115,-4064,,,,,,,,-6981,,23473,,,,,,-1506,-5475,,,-25155,,14110,174791,190898,16107,16107,41262,,-11045,,25075,-1602,-6981,,,,,,
,,,3003,健和興,,,,18352,,,,,,,,,,,0.47,1,,上市,115,40410,,,,,,,,80270,,98622,,,,,0,73811,6459,,,111988,,8692,971769,1263159,291390,291390,179402,,120680,0,94323,4299,80270,,,,,,
,,,3004,豐達科,,,,36721,,,,,,,,,,,1.92,1,,上市,115,36009,,,,,,,,123641,,160362,,,,,,123641,0,,,167853,,-8203,900125,1204086,303961,303961,136108,,159650,,160362,0,123641,,,,,,
,,,3005,神基,,,,458355,,,,,,,,,,,1.74,1,,上市,115,215931,,,,,,,,1175297,,1633652,,,,,,1087413,87884,,,1257624,,133604,6417530,9308269,2890739,2890739,1633115,,1391228,,1497530,136122,1175297,,,,,,
,,,3006,晶豪科,,,,6885,,,,,,,,,,,7.22,1,,上市,115,288641,,,,,,,,2063826,,2070711,,,,,,2063883,-57,,,2254754,,97713,3813452,7266900,3453448,3453448,1198694,,2352467,,2070768,-57,2063826,,,,,,
,,,3008,大立光,,,,1231429,,,,,,,,,,,46.63,1,,上市,115,1112047,,,,,,,,6175912,,7407341,,,,,,6123204,52708,,,5812218,,1475741,7864510,15544079,7679569,7679569,1867351,,7287959,,7350457,56884,6175912,,,,,,
,,,3010,華立,,,,588924,,,,,,,,,,,2.47,1,,上市,115,224352,,,,,,,,743478,,1332402,,,,,,642021,101457,,,835852,,131978,20064796,21842510,1777714,1777714,941862,,967830,,1187757,144645,743478,,,,,,
,,,3011,今皓,,,,71114,,,,,,,,,,,-0.73,1,,上市,115,-9911,,,,,,,,-91634,,-20520,,,,,,-90773,-861,,,-82920,,-18625,143654,147119,3465,3465,86385,,-101545,,-30213,9693,-91634,,,,,,
,,,3013,晟銘電,,,,19446,,,,,,,,,,,1.37,1,,上市,115,86110,,,,,,,,281278,,300724,,,,,,281278,,,,390494,,-23106,2309443,2929028,619585,619585,229091,,367388,,300724,,281278,,,,,,
,,,3014,聯陽,,,,46528,,,,,,,,,,,2.85,1,,上市,115,47858,,,,,,,,458703,,505231,,,,,,458703,0,,,498325,,8236,741953,1734052,992099,992099,493774,,506561,,505231,0,458703,,,,,,
,,,3015,全漢,,,,-378419,,,,,,,,,,,0.37,1,995,上市,115,20288,,,,,,,,79160,,-299259,,,,,,69746,9414,,,26614,,72834,2498679,3045119,546440,547435,520821,,99448,,-309562,10303,79160,,,,,,
,,,3016,嘉晶,,,,-4,,,,,,,,,,,0.35,1,,上市,115,25166,,,,,,,,100656,,100652,,,,,,100656,,,,112229,,13593,870756,1058983,188227,188227,75998,,125822,,100652,,100656,,,,,,
,,,3017,奇鋐,,,,931387,,,,,,,,,,,20.17,1,,上市,115,3304089,,,,,,,,8674971,,9606358,,,,,,7915619,759352,,,12019030,,-39970,34440545,49037946,14597401,14597401,2578371,,11979060,,8707795,898563,8674971,,,,,,
,,,3018,隆銘綠能,,,,-303,,,,,,,,,,,-0.67,1,,上市,115,209,,,,,,,,-50692,,-50995,,,,,,-50692,0,,,-46204,,-4279,83262,81164,-2098,-2098,44106,,-50483,,-50995,0,-50692,,,,,,
,,,3019,亞光,,,,456342,,,,,,,,,,,1.05,1,,上市,115,60805,,,,,,,,354471,,810813,,,,,,294216,60255,,,482047,,-66771,5135323,6209310,1073987,1073987,591940,,415276,,691771,119042,354471,,,,,,
,,,3021,鴻名,,,,14320,,,,,,,,,,,0.19,1,,上市,115,11025,,,,,,,,15849,,30169,,,,,,17948,-2099,,,32332,,-5458,567164,703860,136696,136696,104364,,26874,,33408,-3239,15849,,,,,,
,,,3022,威強電,,,,131313,,,,,,,,,,,0.96,1,82,上市,115,22663,,,,,,138,,166926,,298239,,,,,,168988,-2062,,,36432,,153157,1144074,1592354,448280,448224,411792,,189589,,300301,-2062,166926,,,,,,
,,,3023,信邦,,,,348632,,,,,,,,,,,3.60,1,,上市,115,253177,,,,,,,,862554,,1211186,,,,,,865006,-2452,,,955920,,159811,6260412,8292838,2032426,2032426,1076506,,1115731,,1210319,867,862554,,,,,,
,,,3024,憶聲,,,,40485,,,,,,,,,,,0.02,1,,上市,115,2582,,,,,,,,5995,,46480,,,,,,5995,,,,3797,,4780,191286,257621,66335,66335,62538,,8577,,46480,,5995,,,,,,
,,,3025,星通,,,,39,,,,,,,,,,,0.60,1,,上市,115,5590,,,,,,,,33971,,34010,,,,,,33971,0,,,25842,,13719,41671,123787,82116,82116,56274,,39561,,34010,0,33971,,,,,,
,,,3026,禾伸堂,,,,27696,,,,,,,,,,,2.86,1,,上市,115,113236,,,,,,,,455409,,483105,,,,,,474578,-19169,,,483360,,85285,2741412,3618451,877039,877039,393679,,568645,,501788,-18683,455409,,,,,,
,,,3027,盛達,,,,4034,,,,,,,,,,,0.05,1,,上市,115,9671,,,,,,1461,,1675,,5709,,,,,,6292,-4617,,,-8410,,19756,267043,351288,84245,82784,91194,,11346,,10053,-4344,1675,,,,,,
,,,3028,增你強,,,,57329,,,,,,,,,,,3.05,1,,上市,115,169489,,,,,,,,722644,,779973,,,,,,722644,,,,956219,,-64086,16109855,17721795,1611940,1611940,655721,,892133,,779973,,722644,,,,,,
,,,3029,零壹,,,,-16253,,,,,,,,,,,1.77,1,,上市,115,78018,,,,,,,,346200,,329947,,,,,,295873,50327,,,385472,,38746,6065559,6876938,811379,811379,425907,,424218,,279336,50611,346200,,,,,,
,,,3030,德律,,,,31524,,,,,,,,,,,3.50,1,,上市,115,187014,,,,,,,,826464,,857988,,,,,,826464,,,,931674,,81804,969861,2441415,1471554,1471554,539880,,1013478,,857988,,826464,,,,,,
,,,3031,佰鴻,,,,79810,,,,,,,,,,,0.13,1,,上市,115,3921,,,,,,,,22035,,101845,,,,,,22556,-521,,,17802,,8154,210510,285293,74783,74783,56981,,25956,,100001,1844,22035,,,,,,
,,,3032,偉訓,,,,238342,,,,,,,,,,,0.85,1,,上市,115,72662,,,,,,,,107353,,345695,,,,,,96594,10759,,,275551,,-95536,2086807,2715936,629129,629129,353578,,180015,,321391,24304,107353,,,,,,
,,,3033,威健,,,,135796,,,,,,,,,,,1.52,1,,上市,115,216610,,,,,,,,727877,,863673,,,,,,727877,,,,1051881,,-107394,28949961,30857485,1907524,1907524,855643,,944487,,863673,,727877,,,,,,
,,0,3034,聯詠,,,,421456,,,,,,,,,,,6.19,1,,上市,115,622236,,,,,,,,3767112,,4188568,,,,,,3767112,0,,,4027546,,361802,14105402,23145303,9039901,9039901,5012355,,4389348,,4188568,0,3767112,,,,,,
,,,3035,智原,,,,414148,,,,,,,,,,,0.40,1,,上市,115,44045,,,,,,,,135173,,549321,,,,,,104263,30910,,,95883,,83335,1364067,2588502,1224435,1224435,1128552,,179218,,503585,45736,135173,,,,,,
,,,3036,文曄,,,,4638353,,,,,,,,,,,5.32,1,,上市,115,2027109,,,,,,,,6995243,,11633596,,,,,,7009164,-13921,,,9943829,,-921477,477229010,494272920,17043910,17043910,7100081,,9022352,,11639726,-6130,6995243,,,,,,
,,,3037,欣興,24012,,,1179634,,,,,,,,,,,3.28,1,,上市,115,918107,,,,,,,,5380738,,6560372,,,,,,5042976,337762,,,2756634,,3542211,30720413,37446455,6726042,6726042,3993420,,6298845,,6077305,483067,5380738,,,,,,
,,,3038,全台,1479,,,10984,,,,,,,,,,,0.37,1,,上市,115,8294,,,,,,,,52943,,63927,,,,,,52868,75,,,42021,,19216,565255,732363,167108,167108,126566,,61237,,64234,-307,52943,,,,,,
,,,3040,遠見,,,,23992,,,,,,,,,,,0.04,1,,上市,115,4840,,,,,,,,2628,,26620,,,,,,2628,,,,3280,,4188,14736,35189,20453,20453,17173,,7468,,26620,,2628,,,,,,
,,,3041,揚智,,,,3646,,,,,,,,,,,-0.48,1,,上市,115,-6328,,,,,,,,-137264,,-133618,,,,,,-67784,-69480,,,-139754,,-3838,185146,351835,166689,166689,306443,,-143592,,-66201,-67417,-137264,,,,,,
,,,3042,晶技,,,,385257,,,,,,,,,,,1.32,1,,上市,115,102509,,,,,,,,450805,,836062,,,,,,450359,446,,,503644,,49670,2259510,3339207,1079697,1079697,576053,,553314,,834895,1167,450805,,,,,,
,,,3043,科風,,,,-92228,,,,,,,,,,,0.05,1,,上市,115,13,,,,,,,,694,,-91534,,,,,,1810,-1116,,,-6568,,7275,144338,187425,43087,43087,49655,,707,,-88581,-2953,694,,,,,,
,,,3044,健鼎,,,,1271516,,,,,,,,,,,5.61,1,,上市,115,1160501,,,,,,,,2946299,,4217815,,,,,,2946230,69,,,3845829,,260971,15405578,20964231,5558653,5558653,1712824,,4106800,,4217746,69,2946299,,,,,,
,,,3045,台灣大,313521,,,102388,,,,,,,,,,,1.37,1,,上市,115,1142669,,,,,,,,4526241,,4628629,,,,,,4146321,379920,,,5932746,,-263836,39045908,49778303,10732395,10732395,5113170,,5668910,,4249431,379198,4526241,,,,,,
,,,3046,建碁,,,,17728,,,,,,,,,,,1.20,1,,上市,115,17198,,,,,,,,93783,,111511,,,,,,94001,-218,,,94671,,16310,1653148,1818011,164863,164863,70192,,110981,,111789,-278,93783,,,,,,
,,,3047,訊舟,,,,6930,,,,,,,,,,,-0.10,1,,上市,115,6256,,,,,,,,-63372,,-56442,,,,,,-21326,-42046,,,-85540,,28424,585539,761074,175535,175535,261075,,-57116,,-13419,-43023,-63372,,,,,,
,,,3048,益登,,,,-83962,,,,,,,,,,,1.22,1,,上市,115,85250,,,,,,,,330006,,246044,,,,,,330006,,,,677345,,-262089,32166902,33502237,1335335,1335335,657990,,415256,,246044,,330006,,,,,,
,,-188554,3049,精金,,,,64133,,,,,,,,,,,-0.04,1,,上市,115,17361,,,,,,,,20147,,84280,,,,,,-33615,53762,,,7132,,218930,60133,99550,39417,39417,32285,,226062,,20726,63554,208701,,,,,,
,,,3050,鈺德,,,,-3236,,,,,,,,,,,-0.07,1,,上市,115,7097,,,,,,,,-10083,,-13319,,,,,,-11774,1691,,,-17109,,14123,198218,280845,82627,82627,99736,,-2986,,-15010,1691,-10083,,,,,,
,,0,3051,力特,,,,-1931,,,,,,,,,,,0.45,1,,上市,115,-5152,,,,,,,,74319,,72388,,,,,,74319,0,,,46037,,23130,261629,376381,114752,114752,68715,,69167,,72388,0,74319,,,,,,
,,,3052,夆典,,,,1444,,,,,,,,,,,0.19,1,,上市,115,10109,,,,,,,,39135,,40579,,,,,,39093,42,,,43642,,5602,786518,871124,84606,84606,40964,,49244,,40540,39,39135,,,,,,
,,,3054,立萬利,,,,171184,,,,,,,,,,,1.41,1,,上市,115,9449,,,,,,,,113767,,284951,,,,,,113767,,,,72979,,50237,33111,135881,102770,102770,29791,,123216,,284951,,113767,,,,,,
,,0,3055,蔚華科,0,,,-3063,,,,,,,,,,,-0.15,1,,上市,115,508,,,,,,,,-16492,,-19555,,,,,,-17388,896,,,-54195,,38211,57272,84070,26798,26798,80993,,-15984,,-20451,896,-16492,,,,,,
,,,3056,富華新,,,,,,,,,,,,,,,0.01,1,,上市,115,-823,,,,,,,,3392,,3392,,,,,,3392,,,,-20665,,23234,237788,284525,46737,46737,67402,,2569,,3392,,3392,,,,,,
,,,3057,喬鼎,,,,940,,,,,,,,,,,0.02,1,,上市,115,547,,,,,,,,1024,,1964,,,,,,1030,-6,,,-1046,,2617,92120,167729,75609,75609,76655,,1571,,1966,-2,1024,,,,,,
,,,3058,立德,,,,44336,,,,,,,,,,,-0.19,1,0,上市,115,586,,,,,,0,,-39540,,4796,,,,,,-37474,-2066,,,-46935,,7981,678480,782324,103844,103844,150779,,-38954,,7113,-2317,-39540,,,,,,
,,,3059,華晶科,,,,226152,,,,,,,,,,,0.26,1,,上市,115,41709,,,,,,,,122428,,348580,,,,,,79083,43345,,,100304,,63833,1536566,2020291,483725,483725,383421,,164137,,304952,43628,122428,,,,,,
,,,3060,銘異,,,,43074,,,,,,,,,,,0.33,1,,上市,115,16879,,,,,,,,49380,,92454,,,,,,45734,3646,,,47262,,18997,914712,1081252,166540,166540,119278,,66259,,88739,3715,49380,,,,,,
,,,3062,建漢,,,,1368,,,,,,,,,,,-0.54,1,,上市,115,1714,,,,,,,,-178614,,-177246,,,,,,-178614,,,,-156071,,-20829,1100293,1113318,13025,13025,169096,,-176900,,-177246,,-178614,,,,,,
,,,3090,日電貿,,,,4691194,,,,,,,,,,,1.70,1,,上市,115,124928,,,,,,,,491603,,5182797,,,,,,479574,12029,,,598168,,18363,3600783,4492391,891608,891608,293440,,616531,,5170779,12018,491603,,,,,,
,,,3092,鴻碩,3782,,,13714,,,,,,,,,,,-0.95,1,,上市,115,2469,,,,,,,,-102873,,-89159,,,,,,-101551,-1322,,,-99337,,-1067,376112,414421,38309,38309,141428,,-100404,,-87837,-1322,-102873,,,,,,
,,,3094,聯傑,,,,2073,,,,,,,,,,,0.07,1,,上市,115,1717,,,,,,,,5761,,7834,,,,,,5761,,,,2347,,5131,11811,47206,35395,35395,33048,,7478,,7834,,5761,,,,,,
,,,3130,一零四,,,,-6666,,,,,,,,,,,3.57,1,,上市,115,10084,,,,,,,,118590,,111924,,,,,,118590,,,,114336,,14338,87135,643703,556568,556568,442232,,128674,,111924,,118590,,,,,,
,,,3135,凌航,,,,,,,,,,,,,,,10.76,1,,上市,115,216689,,,,,,,,855970,,855970,,,,,,,,,,1085780,,-13121,2756376,3957692,1201316,1201316,115536,,1072659,,,,855970,,,,,,
,,,3138,耀登,,,,24245,,,,,,,,,,,-0.02,1,,上市,115,1713,,,,,,,,-1585,,22660,,,,,,-1008,-577,,,-12754,,12882,231169,394778,163609,163609,176363,,128,,23237,-577,-1585,,,,,,
,,,3149,正達,,,,7955,,,,,,,,,,,-0.37,1,,上市,115,0,,,,,,,,-84552,,-76597,,,,,,-84552,,,,-93184,,8632,614514,590082,-24432,-24432,68752,,-84552,,-76597,,-84552,,,,,,
,,,3150,鈺寶-創,,,,,,,,,,,,,,,-0.02,1,,上市,115,307,,,,,,,,-714,,-714,,,,,,,,,,-2638,,2231,45232,81088,35856,35856,38494,,-407,,,,-714,,,,,,
,,,3164,景岳,,,,23230,,,,,,,,,,,0.05,1,,上市,115,1577,,,,,,,,1807,,25037,,,,,,4147,-2340,,,-7180,,10564,40948,89170,48222,48222,55402,,3384,,23892,1145,1807,,,,,,
,,,3167,大量,,,,62799,,,,,,,,,,,3.19,1,,上市,115,143361,,,,,,,,282004,,344803,,,,,,282004,,,,409380,,15985,1122153,1946206,824053,824053,414673,,425365,,344803,,282004,,,,,,
,,,3168,眾福科,,,,16310,,,,,,,,,,,0.60,1,105,上市,115,3073,,,,,,0,,57911,,74221,,,,,,45035,12876,,,59008,,1976,671293,869660,198367,198472,139464,,60984,,61689,12532,57911,,,,,,
,,,3189,景碩,,,,107743,,,,,,,,,,,1.17,1,,上市,115,88658,,,,,,,,875803,,983546,,,,,,549232,326571,,,890638,,73823,8755466,11104965,2349499,2349499,1458861,,964461,,632420,351126,875803,,,,,,
,,,3209,全科,,,,63387,,,,,,,,,,,1.52,1,,上市,115,202121,,,,,,,,352332,,415719,,,,,,358232,-5900,,,486971,,67482,16209262,17067413,858151,858151,371180,,554453,,421619,-5900,352332,,,,,,
,,,3229,晟鈦,,,,,,,,,,,,,,,0.55,1,,上市,115,188,,,,,,,,35315,,35315,,,,,,35315,,,,21175,,14328,305323,342922,37599,37599,16424,,35503,,35315,,35315,,,,,,
,,,3231,緯創,,,,2966667,,,,,,,,,,,3.06,1,,上市,115,5486748,,,,,,,,18020763,,20987430,,,,,,9630739,8390024,,,29137265,,-5629754,802209079,846303026,44093947,44093947,14956682,,23507511,,11755446,9231984,18020763,,,,,,
,,,3257,虹冠電,,,,16925,,,,,,,,,,,0.19,1,,上市,115,8650,,,,,,,,15166,,32091,,,,,,15166,,,,1594,,22222,71811,130520,58709,58709,57115,,23816,,32091,,15166,,,,,,
,,,3266,昇陽,,,,0,,,,,,,,,,,0.12,1,,上市,115,13161,,,,,,,,45171,,45171,,,,,,43683,1488,,,60784,,-2452,379642,508760,129118,129118,68334,,58332,,43683,1488,45171,,,,,,
,,,3296,勝德,,,,39355,,,,,,,,,,,-0.37,1,,上市,115,3415,,,,,,,,-35934,,3421,,,,,,-35934,,,,-28246,,-4273,285317,333302,47985,47985,76231,,-32519,,3421,,-35934,,,,,,
,,,3305,昇貿,,,,72518,,,,,,,,,,,1.73,1,,上市,115,142215,,,,,,,,241433,,313951,,,,,,240890,543,,,427445,,-43797,3076878,3764700,687822,687822,260377,,383648,,313408,543,241433,,,,,,
,,,3308,聯德,,,,8703,,,,,,,,,,,0.01,1,,上市,115,-965,,,,,,,,854,,9557,,,,,,854,,,,-10522,,10411,586,1568,982,982,11504,,-111,,9557,,854,,,,,,
,,,3311,閎暉,,,,30817,,,,,,,,,,,0.50,1,,上市,115,2067,,,,,,,,49855,,80672,,,,,,49855,,,,-4421,,56343,469056,527357,58301,58301,62722,,51922,,80672,,49855,,,,,,
,,,3312,弘憶股,,,,24760,,,,,,,,,,,1.03,1,,上市,115,39318,,,,,,,,187350,,212110,,,,,,187350,0,,,160684,,65984,5358913,5660657,301744,301744,141060,,226668,,212110,0,187350,,,,,,
,,,3321,同泰,,,,14370,,,,,,,,,,,-0.69,1,,上市,115,2163,,,,,,,,-59778,,-45408,,,,,,-59778,,,,-58626,,1011,433476,440905,7429,7429,66055,,-57615,,-45408,,-59778,,,,,,
,,,3338,泰碩,,,,33249,,,,,,,,,,,0.27,1,,上市,115,2499,,,,,,,,23262,,56511,,,,,,23262,,,,26759,,-998,696299,859457,163158,163158,136399,,25761,,56511,,23262,,,,,,
,,,3346,麗清,,,,82363,,,,,,,,,,,-0.67,1,,上市,115,6956,,,,,,,,-80942,,1421,,,,,,-80942,,,,-85958,,11972,1543599,1694217,150618,150618,236576,,-73986,,1421,,-80942,,,,,,
,,,3356,奇偶,,,,5807,,,,,,,,,,,2.21,1,,上市,115,20957,,,,,,,,177061,,182868,,,,,,176986,75,,,10233,,187785,141670,281264,139594,139594,129361,,198018,,182758,110,177061,,,,,,
,,,3376,新日興,,,,179175,,,,,,,,,,,0.15,1,,上市,115,13472,,,,,,,,29631,,208806,,,,,,29631,,,,-10275,,53378,2016806,2352701,335895,335895,346170,,43103,,208806,,29631,,,,,,
,,,3380,明泰,,,,192727,,,,,,,,,,,0.10,1,,上市,115,23834,,,,,,,,27262,,219989,,,,,,53175,-25913,,,4414,,46682,4338806,5314548,975742,975742,971328,,51096,,233471,-13482,27262,,,,,,
,,,3406,玉晶光,,,,633854,,,,,,,,,,,7.90,1,,上市,115,347909,,,,,,,,891419,,1525273,,,,,,890873,546,,,1200606,,38722,4079868,6140741,2060873,2060873,860267,,1239328,,1526295,-1022,891419,,,,,,
,,,3413,京鼎,,,,72921,,,,,,,,,,,4.28,1,,上市,115,242471,,,,,,,,518766,,591687,,,,,,473092,45674,,,726995,,34242,4235662,5561563,1325901,1325901,598906,,761237,,546170,45517,518766,,,,,,
,,,3416,融程電,,,,863,,,,,,,,,,,1.80,1,,上市,115,16386,,,,,,,,145526,,146389,,,,,,144945,581,,,142827,,19085,600943,946676,345733,345733,202906,,161912,,145798,591,145526,,,,,,
,,,3419,譁裕,-391,,,14321,,,,,,,,,,,-0.32,1,,上市,115,,,,,,,,,-38851,,-24530,,,,,,-38851,,,,-44963,,6112,382597,435723,53126,53126,97698,,-38851,,-24530,,-38851,,,,,,
,,,3432,台端,,,,2534,,,,,,,,,,,-0.23,1,,上市,115,0,,,,,,,,-9607,,-7073,,,,,,-9607,,,,-10141,,534,57526,67059,9533,9533,19674,,-9607,,-7073,,-9607,,,,,,
,,,3437,榮創,,,,195832,,,,,,,,,,,-0.56,1,,上市,115,-5253,,,,,,,,-72091,,123741,,,,,,-81021,8930,,,-88652,,11308,332866,346453,13587,13587,102239,,-77344,,113152,10589,-72091,,,,,,
,,,3443,創意,,,,24841,,,,,,,,,,,12.28,1,,上市,115,278481,,,,,,,,1646240,,1671081,,,,,,1646240,,,,1824178,,100543,8334505,11447812,3113307,3113307,1289129,,1924721,,1671081,,1646240,,,,,,
,,,3447,展達,,,,5612,,,,,,,,,,,0.17,1,,上市,115,3301,,,,,,,,13358,,18970,,,,,,13358,,,,7863,,8796,746180,823559,77379,77379,69516,,16659,,18970,,13358,,,,,,
,,,3450,聯鈞,,,,114086,,,,,,,,,,,0.69,1,,上市,115,125755,,,,,,,,179441,,293527,,,,,,100381,79060,,,265998,,39198,1569244,2086881,517637,517637,251639,,305196,,152211,141316,179441,,,,,,
,,,3481,群創,,,,3777512,,,,,,,,,,,0.20,1,,上市,115,615513,,,,,,,,1792111,,5569623,,,,,,1629503,162608,,,1498477,,909147,57025738,66644538,9618800,9618800,8120323,,2407624,,5386200,183423,1792111,,,,,,
,,,3494,誠研,,,,803,,,,,,,,,,,-0.29,1,,上市,115,,,,,,,,,-29329,,-28526,,,,,,-27124,-2205,,,-10520,,-18809,211333,248180,36847,36847,47367,,-29329,,-26321,-2205,-29329,,,,,,
,,,3501,維熹,,,,181143,,,,,,,,,,,0.15,1,,上市,115,4151,,,,,,,,17222,,198365,,,,,,17222,,,,34534,,-13161,1066293,1259960,193667,193667,159133,,21373,,198365,,17222,,,,,,
,,,3504,揚明光,,,,27750,,,,,,,,,,,0.05,1,,上市,115,1414,,,,,,,,5979,,33729,,,,,,5979,0,,,-9502,,16895,560114,684957,124843,124843,134345,,7393,,33729,0,5979,,,,,,
,,,3515,華擎,,,,110445,,,,,,,,,,,4.14,1,,上市,115,142487,,,,,,,,851732,,962177,,,,,,511865,339867,,,965368,,28851,11367057,13366639,1999582,1999582,1034214,,994219,,622275,339902,851732,,,,,,
,,-3999,3518,柏騰,,,,19656,,,,,,,,,,,2.81,1,,上市,115,11897,,,,,,,,283367,,303023,,,,,,283367,,,,-65733,,364996,70156,62020,-8136,-8136,57597,,299263,,303023,,287366,,,,,,
,,,3528,安馳,,,,61404,,,,,,,,,,,2.83,1,,上市,115,47093,,,,,,,,188367,,249771,,,,,,,,,,351398,,-115938,3015658,3501682,486024,486024,134626,,235460,,,,188367,,,,,,
,,,3530,晶相光,,,,2665,,,,,,,,,,,0.44,1,,上市,115,8278,,,,,,,,34231,,36896,,,,,,34231,,,,23483,,19026,431049,541943,110894,110894,87411,,42509,,36896,,34231,,,,,,
,,,3532,台勝科,,,,1621,,,,,,,,,,,-0.18,1,,上市,115,-13987,,,,,,,,-68215,,-66594,,,,,,-68215,,,,-105154,,22952,3281146,3308768,27622,27622,132776,,-82202,,-66594,,-68215,,,,,,
,,,3533,嘉澤,,,,727552,,,,,,,,,,,21.37,1,,上市,115,571889,,,,,,,,2431334,,3158886,,,,,,2396522,34812,,,2708466,,294757,4705995,9327579,4621584,4621584,1913118,,3003223,,3120073,38813,2431334,,,,,,
,,,3535,晶彩科,,,,883,,,,,,,,,,,0.99,1,,上市,115,,,,,,,,,78017,,78900,,,,,,78017,,,,68201,,9816,175363,325299,149936,149936,81735,,78017,,78900,,78017,,,,,,
,,,3543,州巧,,,,72919,,,,,,,,,,,-0.16,1,,上市,115,3504,,,,,,,,-23463,,49456,,,,,,-16915,-6548,,,-50443,,30484,758011,836726,78715,78715,129158,,-19959,,45392,4064,-23463,,,,,,
,,,3545,敦泰,,,,106803,,,,,,,,,,,0.02,1,,上市,115,-48601,,,,,,,,4930,,111733,,,,,,4930,0,,,-145545,,101874,1904349,2473850,569501,569501,715046,,-43671,,111793,-60,4930,,,,,,
,,,3550,聯穎,,,,98814,,,,,,,,,,,0.21,1,,上市,115,7399,,,,,,,,21507,,120321,,,,,,23062,-1555,,,19816,,9090,832337,1007809,175472,175472,155656,,28906,,121578,-1257,21507,,,,,,
,,,3557,嘉威,,,,33391,,,,,,,,,,,0.48,1,,上市,115,10340,,,,,,,,40686,,74077,,,,,,40686,0,,,88697,,-37671,939863,1431210,491347,491347,402650,,51026,,74077,0,40686,,,,,,
,,,3563,牧德,,,,8554,,,,,,,,,,,4.61,1,,上市,115,80842,,,,,,,,296350,,304904,,,,,,294766,1584,,,333985,,43207,340330,863415,523085,523085,189100,,377192,,302072,2832,296350,,,,,,
,,,3576,聯合再生,,,,97600,,,,,,,,,,,1.07,1,,上市,115,10661,,,,,,,,1745901,,1843501,,,,,,1745834,67,,,-450612,,2207174,757409,520029,-237380,-237380,213232,,1756562,,1843433,68,1745901,,,,,,
,,,3583,辛耘,,,,1719423,,,,,,,,,,,4.14,1,1368,上市,115,98162,,,,,,,,343045,,2062468,,,,,,332960,10085,,,404203,,37004,2072382,3120325,1047943,1049311,645108,,441207,,2055806,6662,343045,,,,,,
,,,3588,通嘉,,,,12334,,,,,,,,,,,0.37,1,,上市,115,5206,,,,,,,,22727,,35061,,,,,,22727,,,,19255,,8678,263619,397055,133436,133436,114181,,27933,,35061,,22727,,,,,,
,,,3591,艾笛森,,,,44522,,,,,,,,,,,0.12,1,,上市,115,7095,,,,,,,,19283,,63805,,,,,,16630,2653,,,21965,,4413,452208,581640,129432,129432,107467,,26378,,58332,5473,19283,,,,,,
,,,3592,瑞鼎,,,,52883,,,,,,,,,,,3.82,1,,上市,115,47137,,,,,,,,289556,,342439,,,,,,289556,,,,286924,,49769,3883581,5437400,1553819,1553819,1266895,,336693,,342439,,289556,,,,,,
,,,3593,力銘,,,,2481,,,,,,,,,,,-0.70,1,,上市,115,-663,,,,,,,,-42292,,-39811,,,,,,-42292,,,,-41811,,-1144,146477,132981,-13496,-13496,28315,,-42955,,-39811,,-42292,,,,,,
,,,3596,智易,,,,78048,,,,,,,,,,,3.12,1,,上市,115,200249,,,,,,,,688557,,766605,,,,,,688288,269,,,822282,,66524,10846201,12784117,1937916,1937916,1115634,,888806,,766074,531,688557,,,,,,
,,,3605,宏致,,,,174641,,,,,,,,,,,0.67,1,,上市,115,35356,,,,,,,,107665,,282306,,,,,,107659,6,,,147463,,-4442,2127665,2821542,693877,693877,546414,,143021,,282288,18,107665,,,,,,
,,,3607,谷崧,,,,39652,,,,,,,,,,,0.03,1,,上市,115,459,,,,,,,,3367,,43019,,,,,,3367,,,,-5461,,9287,557961,642271,84310,84310,89771,,3826,,43019,,3367,,,,,,
,,,3617,碩天,,,,102986,,,,,,,,,,,4.13,1,,上市,115,118652,,,,,,,,403117,,506103,,,,,,388950,14167,,,476843,,44926,1352678,2931932,1579254,1579254,1102411,,521769,,491419,14684,403117,,,,,,
,,,3622,洋華,,,,-191796,,,,,,,,,,,1.09,1,,上市,115,3952,,,,,,,,170237,,-21559,,,,,,165288,4949,,,76511,,97678,223750,363419,139669,139669,63158,,174189,,-26508,4949,170237,,,,,,
,,,3645,達邁,,,,2141,,,,,,,,,,,0.67,1,,上市,115,31695,,,,,,,,87548,,89689,,,,,,91269,-3721,,,106228,,13015,365987,564138,198151,198151,91923,,119243,,93410,-3721,87548,,,,,,
,,,3652,精聯,,,,3452,,,,,,,,,,,0.40,1,,上市,115,6166,,,,,,,,30237,,33689,,,,,,30132,105,,,32315,,4088,404024,620782,216758,216758,184443,,36403,,33587,102,30237,,,,,,
,,,3653,健策,,,,140382,,,,,,,,,,,9.53,1,,上市,115,371056,,,,,,,,1404530,,1544912,,,,,,1398199,6331,,,1696566,,79020,3088564,5305216,2216652,2216652,520086,,1775586,,1531866,13046,1404530,,,,,,
,,,3661,世芯-KY,,,,788209,,,,,,,,,,,17.55,1,,上市,115,356922,,,,,,,,1427116,,2215325,,,,,,1427893,-777,,,1367609,,416429,2086003,4186855,2100852,2100852,733243,,1784038,,2216102,-777,1427116,,,,,,
,,,3665,貿聯-KY,,,,649176,,,,,,,,,,,11.66,1,,上市,115,769751,,,,,,,,2273476,,2922652,,,,,,2273834,-358,,,3108361,,-65134,14861808,20863649,6001841,6001841,2893480,,3043227,,2923062,-410,2273476,,,,,,
,,,3669,圓展,,,,-148950,,,,,,,,,,,0.70,1,,上市,115,7950,,,,,,,,65005,,-83945,,,,,,65005,,,,65088,,7867,271386,689061,417675,417675,352587,,72955,,-83945,,65005,,,,,,
,,,3673,TPK-KY,,,,662671,,,,,,,,,,,1.33,1,,上市,115,-202875,,,,,,,,578993,,1241664,,,,,,540783,38210,,,-57646,,433764,16209690,17886696,1677006,1677006,1734652,,376118,,1162540,79124,578993,,,,,,
,,,3679,新至陞,,,,116163,,,,,,,,,,,2.67,1,,上市,115,75662,,,,,,,,167919,,284082,,,,,,167919,,,,201675,,41906,706332,1027201,320869,320869,119194,,243581,,284082,,167919,,,,,,
,,,3686,達能,,,,,,,,,,,,,,,-0.01,1,,上市,115,0,,,,,,,,-1050,,-1050,,,,,,-1050,,,,-5812,,4762,23664,23673,9,9,5821,,-1050,,-1050,,-1050,,,,,,
,,,3694,海華,,,,65487,,,,,,,,,,,1.02,1,,上市,115,13093,,,,,,,,155466,,220953,,,,,,155466,,,,144307,,24252,2575913,3021746,445833,445833,301526,,168559,,220953,,155466,,,,,,
,,,3701,大眾控,,,,196546,,,,,,,,,,,-0.59,1,,上市,115,6221,,,,,,,,-153537,,43009,,,,,,-138695,-14842,,,-105444,,-41872,1680272,1960240,279968,279968,385412,,-147316,,32070,10939,-153537,,,,,,
,,,3702,大聯大,,,,2469602,,,,,,,,,,,3.30,1,,上市,115,1455173,,,,,,,,5750788,,8220390,,,,,,5548632,202156,,,8470625,,-1264664,302297279,316500457,14203178,14203178,5732553,,7205961,,7993403,226987,5750788,,,,,,
,,,3703,欣陸,,,,70559,,,,,,,,,,,0.33,1,,上市,115,20798,,,,,,,,295250,,365809,,,,,,271125,24125,,,324449,,-8401,5446392,6361105,914713,914713,590264,,316048,,335333,30476,295250,,,,,,
,,,3704,合勤控,,,,94825,,,,,,,,,,,0.29,1,,上市,115,-4740,,,,,,,,117211,,212036,,,,,,117068,143,,,115260,,-2789,4795050,6310208,1515158,1515158,1399898,,112471,,211583,453,117211,,,,,,
,,,3705,永信,,,,18212,,,,,,,,,,,0.89,1,,上市,115,82504,,,,,,,,253359,,271571,,,,,,237394,15965,,,297411,,38452,1026715,1840865,814150,814150,516739,,335863,,253232,18339,253359,,,,,,
,,,3706,神達,,,,505906,,,,,,,,,,,1.10,1,,上市,115,108264,,,,,,,,1536911,,2042817,,,,,,1460985,75926,,,1186173,,459002,28929876,31863922,2934046,2934046,1747873,,1645175,,1948887,93930,1536911,,,,,,
,,0,3708,上緯投控,,,,3981477,,,,,,,,,,,0.13,1,,上市,115,14402,,,,,,,,-5993,,3975484,,,,,,13023,-19016,,,-71012,,79421,158110,188810,30700,30700,101712,,8409,,3993225,-17741,-5993,,,,,,
,,,3711,日月光投控,,,,10751680,,,,,,,,,,,3.24,1,,上市,115,3635258,,,,,,,,14564995,,25316675,,,,,,14147537,417458,,,17531793,,668460,138812313,173662152,34849839,34849839,17318046,,18200253,,24161895,1154780,14564995,,,,,,
,,,3712,永崴投控,,,,-90045,,,,,,,,,,,-1.94,1,474,上市,115,95514,,,,,,671,,1653908,,1563863,,,,,,-477314,2131222,,,1881231,,-131809,3706191,5952868,2246677,2246480,365249,,1749422,,-496303,2060166,1653908,,,,,,
,,,3714,富采,835,,,459895,,,,,,,,,,,-0.20,1,,上市,115,18834,,,,,,,,-137955,,321940,,,,,,-149358,11403,,,-306588,,187467,4661155,5245484,584329,584329,891752,,-119121,,281636,40304,-137955,,,,,,
,,,3715,定穎投控,,,,118855,,,,,,,,,,,-0.74,1,,上市,115,-163195,,,,,,,,-252911,,-134056,,,,,,-209412,-43499,,,130383,,-546489,4723793,5631562,907769,907769,777386,,-416106,,-107071,-26985,-252911,,,,,,
,,,3716,中化控股,,,,13023,,,,,,,,,,,1.57,1,,上市,115,48842,,,,,,,,192989,,206012,,,,,,195893,-2904,,,207486,,34345,1322637,2228857,906220,906220,698734,,241831,,208916,-2904,192989,,,,,,
,,,3717,聯嘉投控,,,,29523,,,,,,,,,,,0.47,1,,上市,115,10292,,,,,,,,98306,,127829,,,,,,98315,-9,,,106263,,2335,1530732,1850293,319561,319561,213298,,108598,,127838,-9,98306,,,,,,
,,,4104,佳醫,,,,32342,,,,,,,,,,,1.12,1,17396,上市,115,57430,,,,,,20155,,236506,,268848,,,,,,205180,31326,,,180402,,113534,1843672,2342958,499286,496527,316125,,293936,224838,,44010,236506,,,,,,
,,,4106,雃博,,,,4393,,,,,,,,,,,0.46,1,,上市,115,15302,,,,,,,,46423,,50816,,,,,,46423,0,,,58188,,3537,294746,583212,288466,288466,230278,,61725,,50816,0,46423,,,,,,
,,,4108,懷特,,,,-24790,,,,,,,,,,,-0.08,1,,上市,115,0,,,,,,,,-27091,,-51881,,,,,,-15518,-11573,,,-33192,,6101,22312,34519,12207,12207,45399,,-27091,,-36732,-15149,-27091,,,,,,
,,,4119,旭富,,,,-3969,,,,,,,,,,,0.17,1,,上市,115,8480,,,,,,,,20110,,16141,,,,,,20110,,,,33151,,-4561,293473,375798,82325,82325,49174,,28590,,16141,,20110,,,,,,
,,,4133,亞諾法,,,,115,,,,,,,,,,,0.28,1,,上市,115,2273,,,,,,,,16666,,16781,,,,,,16666,,,,10270,,8669,41756,87906,46150,46150,35880,,18939,,16781,,16666,,,,,,
,,,4137,麗豐-KY,,,,183487,,,,,,,,,,,1.41,1,,上市,115,124756,,,,,,,,116316,,299803,,,,,,116316,,,,142602,,98470,186859,918059,731200,731200,588598,,241072,,299803,,116316,,,,,,
,,,4142,國光生,,,,-3794,,,,,,,,,,,-0.44,1,,上市,115,0,,,,,,,,-200467,,-204261,,,,,,-185545,-14922,,,-199219,,-1248,156874,82316,-74558,-74558,124661,,-200467,,-188718,-15543,-200467,,,,,,
,,,4148,全宇生技-KY,,,,68601,,,,,,,,,,,0.08,1,,上市,115,21270,,,,,,,,14708,,83309,,,,,,5266,9442,,,26408,,9570,380487,527663,147176,147176,120768,,35978,,59145,24164,14708,,,,,,
,,,4155,訊映,,,,-4468,,,,,,,,,,,0.39,1,,上市,115,11183,,,,,,,,63570,,59102,,,,,,55352,8218,,,60100,,14653,261136,383779,122643,122643,62543,,74753,,52191,6911,63570,,,,,,
,,,4164,承業醫,,,,6633,,,,,,,,,,,0.13,1,,上市,115,15027,,,,,,,,36246,,42879,,,,,,26195,10051,,,77158,,-25885,892080,1160484,268404,268404,191246,,51273,,32747,10132,36246,,,,,,
,,,4169,泰宗,,,,-38,,,,,,,,,,,-0.45,1,,上市,115,125,,,,,,,,-26340,,-26378,,,,,,-26340,,,,-27821,,1606,95699,172891,77192,77192,105013,,-26215,,-26378,,-26340,,,,,,
,,,4178,永笙-KY,,,,37186,,,,,,,,,,,-0.19,1,,上市,115,59,,,,,,,,-36383,,803,,,,,,-36383,,,,-56069,,19745,63503,87809,24306,24306,80375,,-36324,,803,,-36383,,,,,,
,,,4190,佐登-KY,735,,,39618,,,,,,,,,,,-0.26,1,,上市,115,14477,,,,,,,,-15595,,24023,,,,,,-15595,,,,-2980,,1862,189014,547291,358277,358277,361992,,-1118,,24023,,-15595,,,,,,
,,,4195,基米-創,,,,274,,,,,,,,,,,-0.54,1,,上市,115,0,,,,,,,,-47793,,-47519,,,,,,-39071,-8722,,,-30977,,-16816,107387,151793,44406,44406,75383,,-47793,,-38797,-8722,-47793,,,,,,
,,,4306,炎洲,,,,174035,,,,,,,,,,,0.24,1,,上市,115,119003,,,,,,,,183188,,357223,,,,,,155400,27788,,,165625,,136566,2709932,3266440,556508,556508,390883,,302191,,318218,39005,183188,,,,,,
,,,4414,如興,,,,74619,,,,,,,,,,,-1.20,1,,上市,115,11772,,,,,,,,-312182,,-237563,,,,,,-317664,5482,,,-80486,,-219924,2787223,3299887,512664,512664,593150,,-300410,,-244527,6964,-312182,,,,,,
,,,4426,利勤,,,,5880,,,,,,,,,,,-0.28,1,,上市,115,13756,,,,,,,,-48904,,-43024,,,,,,-48892,-12,,,-48309,,13161,221163,217210,-3953,-3953,44356,,-35148,,-43012,-12,-48904,,,,,,
,,,4438,廣越,,,,158345,,,,,,,,,,,-0.04,1,,上市,115,-7386,,,,,,,,56484,,214829,,,,,,-4994,61478,,,-88891,,137989,2445802,2776631,330829,330829,419720,,49098,,125893,88936,56484,,,,,,
,,,4439,冠星-KY,,,,79061,,,,,,,,,,,2.59,1,,上市,115,21935,,,,,,,,98717,,177778,,,,,,98717,,,,137515,,-16863,1461939,1813173,351234,351234,213719,,120652,,177778,,98717,,,,,,
,,,4440,宜新實業,,,,-603,,,,,,,,,,,0.51,1,,上市,115,7599,,,,,,,,34192,,33589,,,,,,,,,,41087,,704,243686,294726,51040,51040,9953,,41791,,,,34192,,,,,,
,,,4441,振大環球,,,,37634,,,,,,,,,,,4.81,1,,上市,115,85242,,,,,,,,328751,,366385,,,,,,328225,526,,,331588,,82405,1411355,1889968,478613,478613,147025,,413993,,365705,680,328751,,,,,,
,,,4526,東台,,,,144518,,,,,,,,,,,-0.65,1,124,上市,115,-612,,,,,,0,,-166422,,-21904,,,,,,-162552,-3870,,,-172168,,5134,945524,1075681,130157,130281,302449,,-167034,,-17913,-3991,-166422,,,,,,
,,,4532,瑞智,,,,409441,,,,,,,,,,,0.48,1,,上市,115,131699,,,,,,,,252764,,662205,,,,,,231451,21313,,,354579,,29884,5181312,6030902,849590,849590,495011,,384463,,607150,55055,252764,,,,,,
,,,4536,拓凱,,,,130290,,,,,,,,,,,3.61,1,,上市,115,83458,,,,,,,,365489,,495779,,,,,,327949,37540,,,396418,,52529,1522061,2316961,794900,794900,398482,,448947,,444504,51275,365489,,,,,,
,,,4540,全球傳動,,,,8699,,,,,,,,,,,-0.19,1,,上市,115,28327,,,,,,,,-21897,,-13198,,,,,,-21897,,,,-42333,,48763,678387,788261,109874,109874,152207,,6430,,-13198,,-21897,,,,,,
,,,4545,銘鈺,,,,16999,,,,,,,,,,,0.21,1,,上市,115,1385,,,,,,,,16264,,33263,,,,,,16264,,,,2952,,14697,447818,528259,80441,80441,77489,,17649,,33263,,16264,,,,,,
,,,4551,智伸科,,,,171553,,,,,,,,,,,2.70,1,,上市,115,83249,,,,,,,,310536,,482089,,,,,,310536,,,,346991,,46794,1738421,2271946,533525,533525,186534,,393785,,482089,,310536,,,,,,
,,,4552,力達-KY,,,,228726,,,,,,,,,,,0.12,1,,上市,115,10189,,,,,,,,13383,,242109,,,,,,13383,,,,30075,,-6503,608516,739573,131057,131057,100982,,23572,,242109,,13383,,,,,,
,,,4555,氣立,,,,65862,,,,,,,,,,,0.04,1,,上市,115,2102,,,,,,,,5496,,71358,,,,,,2539,2957,,,8347,,-749,283636,405963,122327,122327,113980,,7598,,65098,6260,5496,,,,,,
,,,4557,永新-KY,,,,69686,,,,,,,,,,,0.11,1,,上市,115,7135,,,,,,,,-5684,,64002,,,,,,5153,-10837,,,13627,,-12176,562470,730462,167992,167992,154365,,1451,,67251,-3249,-5684,,,,,,
,,,4560,強信-KY,,,,57927,,,,,,,,,,,0.76,1,,上市,115,19204,,,,,,,,51854,,109781,,,,,,51854,,,,74138,,-3080,288270,452015,163745,163745,89607,,71058,,109781,,51854,,,,,,
,,,4562,穎漢,,,,5333,,,,,,,,,,,0.11,1,,上市,115,1036,,,,,,,,9598,,14931,,,,,,9545,53,,,-11926,,22560,104930,176927,71997,71997,83923,,10634,,15113,-182,9598,,,,,,
,,,4564,元翎,,,,305,,,,,,,,,,,-0.30,1,,上市,115,536,,,,,,,,-68787,,-68482,,,,,,-68787,,,,-76087,,7836,235161,193642,-41519,-41519,34568,,-68251,,-68482,,-68787,,,,,,
,,,4566,時碩工業,,,,47419,,,,,,,,,,,0.37,1,,上市,115,22696,,,,,,,,42792,,90211,,,,,,40409,2383,,,38413,,27075,1058094,1354549,296455,296455,258042,,65488,,88023,2188,42792,,,,,,
,,,4569,六方科-KY,,,,-50553,,,,,,,,,,,3.22,1,,上市,115,0,,,,,,,,97767,,47214,,,,,,97775,-8,,,83034,,14733,358997,499360,140363,140363,57329,,97767,,47269,-55,97767,,,,,,
,,,4571,鈞興-KY,,,,85352,,,,,,,,,,,2.41,1,,上市,115,21734,,,,,,,,124942,,210294,,,,,,124942,,,,148711,,-2035,513507,783926,270419,270419,121708,,146676,,210294,,124942,,,,,,
,,,4572,駐龍,,,,,,,,,,,,,,,0.92,1,,上市,115,9161,,,,,,,,36960,,36960,,,,,,36960,,,,37264,,8857,121782,182818,61036,61036,23772,,46121,,36960,,36960,,,,,,
,,,4576,大銀微系統,,,,24165,,,,,,,,,,,0.96,1,,上市,115,25448,,,,,,,,130888,,155053,,,,,,115509,15379,,,142385,,13951,521466,855045,333579,333579,191194,,156336,,130982,24071,130888,,,,,,
,,,4581,光隆精密-KY,,,,29972,,,,,,,,,,,0.88,1,,上市,115,9452,,,,,,,,29871,,59843,,,,,,29877,-6,,,46646,,-7323,186458,279274,92816,92816,46170,,39323,,59817,26,29871,,,,,,
,,,4582,聚恆-創,,,,,,,,,,,,,,,0.53,1,3063,上市,115,8800,,,,,,1477,,35394,,35394,,,,,,35485,-91,,,30986,,13208,156513,242286,85773,87359,56373,,44194,,35485,-91,35394,,,,,,
,,,4583,台灣精銳,,,,,,,,,,,,,,,3.56,1,,上市,115,66480,,,,,,,,285417,,285417,,,,,,285417,,,,304859,,47038,402330,858339,456009,456009,151150,,351897,,285417,,285417,,,,,,
,,,4585,達明,,,,30601,,,,,,,,,,,0.65,1,,上市,115,8726,,,,,,,,67774,,98375,,,,,,67774,,,,26129,,50371,242279,483436,241157,241157,215028,,76500,,98375,,67774,,,,,,
,,,4588,玖鼎電力,,,,,,,,,,,,,,,0.63,1,,上市,115,6735,,,,,,,,26943,,26943,,,,,,,,,,38565,,-4887,148722,219356,70634,70634,32069,,33678,,,,26943,,,,,,
,,,4590,富田-創,,,,14,,,,,,,,,,,1.21,1,,上市,115,16211,,,,,,,,64918,,64932,,,,,,,,,,-23964,,105093,186802,267545,80743,80743,104707,,81129,,,,64918,,,,,,
,,,4720,德淵,,,,24348,,,,,,,,,,,0.20,1,,上市,115,13722,,,,,,-207,,23626,,47974,,,,,,22832,794,,,34605,,2743,734378,943906,209528,209735,175130,,37348,,45534,2440,23626,,,,,,
,,,4722,國精化,,,,15033,,,,,,,,,,,0.22,1,,上市,115,11429,,,,,,,,22217,,37250,,,,,,22217,,,,27621,,6025,763744,889642,125898,125898,98277,,33646,,37250,,22217,,,,,,
,,,4736,泰博,,,,14439,,,,,,,,,,,2.99,1,,上市,115,69184,,,,,,,,293794,,308233,,,,,,284846,8948,,,272939,,90039,542576,1074466,531890,531890,258951,,362978,,297791,10442,293794,,,,,,
,,,4737,華廣,,,,28439,,,,,,,,,,,-1.09,1,,上市,115,-21625,,,,,,,,-79266,,-50827,,,,,,-79924,658,,,-88509,,-12382,283009,405264,122255,122255,210764,,-100891,,-51719,892,-79266,,,,,,
,,,4739,康普,,,,-4479,,,,,,,,,,,1.51,1,,上市,115,61391,,,,,,,,222536,,218057,,,,,,186025,36511,,,313521,,-29594,1945740,2370728,424988,424988,111467,,283927,,200228,17829,222536,,,,,,
,,,4746,台耀,,,,-869,,,,,,,,,,,0.16,1,,上市,115,35332,,,,,,,,14965,,14096,,,,,,18755,-3790,,,150781,,-100484,606662,1064006,457344,457344,306563,,50297,,18000,-3904,14965,,,,,,
,,,4755,三福化,,,,243716,,,,,,,,,,,1.01,1,,上市,115,35164,,,,,,,,89881,,333597,,,,,,101591,-11710,,,108479,,16566,889062,1140680,251618,251618,143139,,125045,,345307,-11710,89881,,,,,,
,,,4763,材料*-KY,,,,569281,,,,,,,,,,,1.13,1,,上市,115,163292,,,,,,,,1113810,,1683091,,,,,,1114887,-1077,,,1344230,,-67128,1204515,2711414,1506899,1506899,162669,,1277102,,1679129,3962,1113810,,,,,,
,,,4764,雙鍵,0,,,80617,,,,,,,,,,,1.03,1,,上市,115,27069,,,,,,,,88218,,168835,,,,,,88084,134,,,120547,,-5260,604517,822846,218329,218329,97782,,115287,,168706,129,88218,,,,,,
,,,4766,南寶,,,,669247,,,,,,,,,,,6.55,1,,上市,115,294397,,,,,,,,843425,,1512672,,,,,,790102,53323,,,1029134,,108688,3787305,5836439,2049134,2049134,1020000,,1137822,,1433904,78768,843425,,,,,,
,,,4770,上品,,,,126075,,,,,,,,,,,2.52,1,,上市,115,34491,,,,,,,,201626,,327701,,,,,,201626,,,,210485,,25632,688678,1058605,369927,369927,159442,,236117,,327701,,201626,,,,,,
,,,4771,望隼,,,,49304,,,,,,,,,,,3.66,1,,上市,115,69136,,,,,,,,241507,,290811,,,,,,214777,26730,,,298124,,12519,608199,1030727,422528,422528,124404,,310643,,252480,38331,241507,,,,,,
,,,4807,日成-KY,,,,-24718,,,,,,,,,,,1.70,1,,上市,115,25539,,,,,,,,66064,,41346,,,,,,66606,-542,,,87748,,3855,444482,614904,170422,170422,82674,,91603,,44372,-3026,66064,,,,,,
,,,4904,遠傳,322993,,,-14999,,,,,,,,,,,1.03,1,,上市,115,943576,,,,,,,,3774303,,3759304,,,,,,3708354,65949,,,4900562,,-182683,18624435,27804510,9180075,9180075,4602506,,4717879,,3698390,60914,3774303,,,,,,
,,,4906,正文,,,,-307304,,,,,,,,,,,-0.32,1,,上市,115,-12449,,,,,,,,-131144,,-438448,,,,,,-135433,4289,,,-204767,,61174,2790109,3112326,322217,322217,526984,,-143593,,-442848,4400,-131144,,,,,,
,,,4912,聯德控股-KY,,,,132015,,,,,,,,,,,1.35,1,,上市,115,29737,,,,,,,,89768,,221783,,,,,,88059,1709,,,96486,,23019,1392834,1740520,347686,347686,251200,,119505,,218988,2795,89768,,,,,,
,,,4915,致伸,,,,587315,,,,,,,,,,,1.30,1,,上市,115,154766,,,,,,,,600088,,1187403,,,,,,600088,,,,690160,,64694,13387833,15918649,2530816,2530816,1840656,,754854,,1187403,,600088,,,,,,
,,,4916,事欣科,,,,55982,,,,,,,,,,,4.49,1,,上市,115,90227,,,,,,,,550544,,606526,,,,,,555583,-5039,,,73478,,567293,844538,1057619,213081,213081,139603,,640771,,611565,-5039,550544,,,,,,
,,,4919,新唐,,,,95395,,,,,,,,,,,0.02,1,,上市,115,164443,,,,,,,,7134,,102529,,,,,,7134,,,,-111847,,283424,4845639,7987921,3142282,3142282,3254129,,171577,,102529,,7134,,,,,,
,,,4927,泰鼎-KY,,,,-140774,,,,,,,,,,,-3.10,1,,上市,115,,,,,,,,,-825074,,-965848,,,,,,-822592,-2482,,,-734707,,-90367,3103317,2758842,-344475,-344475,390232,,-825074,,-962930,-2918,-825074,,,,,,
,,,4930,燦星網,,,,183648,,,,,,,,,,,-0.50,1,,上市,115,-10719,,,,,,,,-71160,,112488,,,,,,-39720,-31440,,,-84419,,2540,1256150,1399643,143493,143493,227912,,-81879,,45599,66889,-71160,,,,,,
,,,4934,太極,,,,20543,,,,,,,,,,,-0.20,1,,上市,115,37,,,,,,,,-86912,,-66369,,,,,,-45994,-40918,,,-99402,,12527,67079,38401,-28678,-28678,70724,,-86875,,-25451,-40918,-86912,,,,,,
,,,4935,茂林-KY,,,,94085,,,,,,,,,,,0.40,1,,上市,115,5340,,,,,,,,51209,,145294,,,,,,51209,,,,-65719,,122268,931598,1045467,113869,113869,179588,,56549,,145294,,51209,,,,,,
,,,4938,和碩,,,,4236685,,,,,,,,,,,0.58,1,,上市,115,605203,,,,,,,,2859655,,7096340,,,,,,1561454,1298201,,,2829288,,635570,233303921,244105400,10801479,10801479,7972191,,3464858,,5636387,1459953,2859655,,,,,,
,,,4942,嘉彰,,,,239871,,,,,,,,,,,0.52,1,,上市,115,18331,,,,,,,,73362,,313233,,,,,,73569,-207,,,75051,,16642,1076128,1341341,265213,265213,190162,,91693,,313440,-207,73362,,,,,,
,,,4943,康控-KY,,,,13628,,,,,,,,,,,-0.23,1,,上市,115,-66390,,,,,,,,-43365,,-29737,,,,,,-29001,-14364,,,-114759,,5004,550544,531722,-18822,-18822,95937,,-109755,,-18162,-11575,-43365,,,,,,
,,,4949,有成精密,,,,4546,,,,,,,,,,,1.19,1,,上市,115,24104,,,,,,0,,80313,,84859,,,,,,80313,,,,98063,,6354,480099,787617,307518,307518,209455,,104417,,84859,,80313,,,,,,
,,,4952,凌通,0,,,17246,,,,,,,,,,,0.50,1,,上市,115,2716,,,,,,,,54645,,71891,,,,,,54645,,,,50714,,6647,369614,586800,217186,217186,166472,,57361,,71891,,54645,,,,,,
,,,4956,光鋐,-208,,,5675,,,,,,,,,,,0.24,1,,上市,115,5975,,,,,,,,23777,,29452,,,,,,23777,,,,18055,,11697,288139,360756,72617,72617,54354,,29752,,29452,,23777,,,,,,
,,,4958,臻鼎-KY,,,,5624336,,,,,,,,,,,1.33,1,,上市,115,352753,,,,,,,,2047437,,7671773,,,,,,1425634,621803,,,2503378,,-103188,31916500,40728186,8811686,8811686,6308308,,2400190,,5439343,2232430,2047437,,,,,,
,,,4960,誠美材,,,,52403,,,,,,,,,,,-0.27,1,,上市,115,-8946,,,,,,,,-155129,,-102726,,,,,,-155129,,,,-294577,,130502,1891418,1822834,-68584,-68584,225993,,-164075,,-102726,,-155129,,,,,,
,,,4961,天鈺,,,,309583,,,,,,,,,,,1.86,1,,上市,115,58735,,,,,,,,319432,,629015,,,,,,224263,95169,,,294573,,83594,3249939,4501219,1251280,1251280,956707,,378167,,378450,250565,319432,,,,,,
,,,4967,十銓,,,,2027,,,,,,,,,,,27.00,1,,上市,115,570946,,,,,,,,2293904,,2295931,,,,,,2293904,,,,2905058,,-40208,5606600,9044806,3438206,3438206,533148,,2864850,,2295931,,2293904,,,,,,
,,,4968,立積,,,,1967,,,,,,,,,,,0.58,1,,上市,115,7280,,,,,,,,53502,,55469,,,,,,53502,,,,19936,,40846,618990,930198,311208,311208,291272,,60782,,55469,,53502,,,,,,
,,,4976,佳凌,,,,,,,,,,,,,,,-0.49,1,,上市,115,-1135,,,,,,,,-67908,,-67908,,,,,,,,,,-86075,,17032,291064,255023,-36041,-36041,50034,,-69043,,,,-67908,,,,,,
,,,4977,眾達-KY,-43,,,113280,,,,,,,,,,,-1.18,1,,上市,115,5740,,,,,,,,-94055,,19225,,,,,,-94055,0,,,-8317,,-79998,167201,208300,41099,41099,49373,,-88315,,19225,0,-94055,,,,,,
,,,4989,榮科,,,,-8103,,,,,,,,,,,0.13,1,,上市,115,4572,,,,,,,,18294,,10191,,,,,,18294,,,,12236,,10630,928884,977047,48163,48163,35927,,22866,,10191,,18294,,,,,,
,,,4994,傳奇,,,,66,,,,,,,,,,,0.42,1,,上市,115,4848,,,,,,,,28171,,28237,,,,,,28171,,,,35229,,-2210,102393,310457,208064,208064,172835,,33019,,28237,,28171,,,,,,
,,,4999,鑫禾,,,,24203,,,,,,,,,,,-0.54,1,,上市,115,0,,,,,,,,-39730,,-15527,,,,,,-39730,,,,-48070,,8340,349854,389987,40133,40133,88203,,-39730,,-15527,,-39730,,,,,,
,,,5007,三星,,,,11317,,,,,,,,,,,0.91,1,,上市,115,60106,,,,,,,,270767,,282084,,,,,,269490,1277,,,299134,,31739,1105778,1526900,421122,421122,121988,,330873,,275419,6665,270767,,,,,,
,,,5203,訊連,,,,37063,,,,,,,,,,,1.34,1,,上市,115,21765,,,,,,,,105954,,143017,,,,,,105954,,,,78615,,49104,90690,585334,494644,494644,416029,,127719,,143017,,105954,,,,,,
,,,5215,科嘉-KY,0,,,89971,,,,,,,,,,,0.87,1,,上市,115,15002,,,,,,,,61754,,151725,,,,,,56204,5550,,,63045,,13711,574099,745691,171592,171592,108547,,76756,,142641,9084,61754,,,,,,
,,,5222,全訊,,,,99222,,,,,,,,,,,0.22,1,,上市,115,10911,,,,,,,,20201,,119423,,,,,,,,,,30960,,152,81787,177696,95909,95909,64949,,31112,,,,20201,,,,,,
,,,5225,東科-KY,,,,65469,,,,,,,,,,,1.54,1,,上市,115,15198,,,,,,,,121487,,186956,,,,,,121487,,,,114405,,22280,1977207,2323130,345923,345923,231518,,136685,,186956,,121487,,,,,,
,,,5234,達興材料,,,,,,,,,,,,,,,2.21,1,,上市,115,38501,,,,,,,,227028,,227028,,,,,,227028,,,,241412,,24117,683522,1201300,517778,517778,276366,,265529,,227028,,227028,,,,,,
,,,5236,凌陽創新,,,,,,,,,,,,,,,2.97,1,,上市,115,44043,,,,,,,,178039,,178039,,,,,,,,,,205788,,16294,225057,587273,362216,362216,156428,,222082,,,,178039,,,,,,
,,,5243,乙盛-KY,,,,202066,,,,,,,,,,,1.47,1,,上市,115,89285,,,,,,,,247769,,449835,,,,,,247769,,,,345190,,-8136,2360519,3137328,776809,776809,431619,,337054,,449835,,247769,,,,,,
,,,5244,弘凱,,,,37466,,,,,,,,,,,-0.48,1,,上市,115,1149,,,,,,,,-32607,,4859,,,,,,-32607,0,,,-41211,,9753,122261,161195,38934,38934,80145,,-31458,,4859,0,-32607,,,,,,
,,,5258,虹堡,,,,20708,,,,,,,,,,,-0.61,1,,上市,115,21238,,,,,,,,-57213,,-36505,,,,,,-66972,9759,,,-24667,,-11308,1090715,1603796,513081,513081,537748,,-35975,,-48514,12009,-57213,,,,,,
,,,5269,祥碩,,,,559167,,,,,,,,,,,24.85,1,9220,上市,115,82474,,,,,,10663,,1853990,,2413157,,,,,0,1853990,0,,,807599,,1128865,1719895,3497963,1778068,1776625,969026,,1936464,0,2413157,0,1853990,,,,,,
,,,5283,禾聯碩,,,,-7061,,,,,,,,,,,0.16,1,,上市,115,3240,,,,,,,,13670,,6609,,,,,,13670,,,,-7455,,24365,869719,1223404,353685,353685,361140,,16910,,6609,,13670,,,,,,
,,,5284,jpp-KY,,,,-90411,,,,,,,,,,,4.13,1,,上市,115,52187,,,,,,,,214684,,124273,,,,,,218405,-3721,,,245107,,21764,728770,1166233,437463,437463,192356,,266871,,128142,-3869,214684,,,,,,
,,,5285,界霖,,,,61285,,,,,,,,,,,1.00,1,,上市,115,27307,,,,,,,,102064,,163349,,,,,,102064,,,,134024,,-4653,1103797,1357374,253577,253577,119553,,129371,,163349,,102064,,,,,,
,,,5288,豐祥-KY,,,,117744,,,,,,,,,,,3.59,1,-22,上市,115,100630,,,,,,0,,245526,,363270,,,,,,249057,-3531,,,298138,,48018,1582136,2061135,478999,478977,180839,,346156,,366605,-3335,245526,,,,,,
,,,5292,華懋,,,,6627,,,,,,,,,,,2.58,1,,上市,115,35083,,,,,,,,108802,,115429,,,,,,108802,,,,125946,,17939,449604,623564,173960,173960,48014,,143885,,115429,,108802,,,,,,
,,,5306,桂盟,-302,,,256822,,,,,,,,,,,1.79,1,,上市,115,98836,,,,,,,,225662,,482484,,,,,,225673,-11,,,294671,,29827,780268,1341388,561120,561120,266147,,324498,,482495,-11,225662,,,,,,
,,,5388,中磊,,,,170462,,,,,,,,,,,1.01,1,,上市,115,80658,,,,,,,,302282,,472744,,,,,,301579,703,,,490201,,-107261,14371767,16646403,2274636,2274636,1784435,,382940,,471885,859,302282,,,,,,
,,,5434,崇越,,,,256360,,,,,,,,,,,6.86,1,,上市,115,385901,,,,,,-150,,1334653,,1591013,,,,,,1322921,11732,,,1430469,,290085,16019232,18536692,2517460,2517610,1087141,,1720554,,1579220,11793,1334653,,,,,,
,,,5469,瀚宇博,,,,1276033,,,,,,,,,,,1.23,1,,上市,115,569573,,,,,,,,1055346,,2331379,,,,,,597007,458339,,,1237723,,387196,13151922,15693986,2542064,2542064,1304341,,1624919,,1421780,909599,1055346,,,,,,
,,,5471,松翰,,,,-46325,,,,,,,,,,,0.48,1,,上市,115,20035,,,,,,,,80319,,33994,,,,,,80319,,,,69170,,31184,438061,762695,324634,324634,255464,,100354,,33994,,80319,,,,,,
,,,5484,慧友,,,,-606,,,,,,,,,,,0.33,1,,上市,115,58,,,,,,,,22317,,21711,,,,,,22317,,,,-17196,,39571,150330,179881,29551,29551,46747,,22375,,21711,,22317,,,,,,
,,,5515,建國,,,,47267,,,,,,,,,,,1.96,1,,上市,115,82479,,,,,,,,394168,,441435,,,,,,394168,,,,268702,,207945,1624177,2015280,391103,391103,122401,,476647,,441435,,394168,,,,,,
,,,5519,隆大,,,,3,,,,,,,,,,,0.58,1,,上市,115,41702,,,,,,,,127886,,127889,,,,,,127886,,,,168172,,1416,455035,676975,221940,221940,53768,,169588,,127889,,127886,,,,,,
,,,5521,工信,,,,648,,,,,,,,,,,0.13,1,,上市,115,-996,,,,,,,,63393,,64041,,,,,,63393,,,,51483,,10914,2474911,2612835,137924,137924,86441,,62397,,64041,,63393,,,,,,
,,,5522,遠雄,,,,-4910,,,,,,,,,,,1.76,1,1817,上市,115,146437,,,,,,,,1378207,,1373297,,,,,,1378207,,,,1513252,,11392,3576502,5663127,2086625,2088442,575190,,1524644,,1373297,,1378207,,,,,,
,,,5525,順天,,,,,,,,,,,,,,,1.00,1,,上市,115,92567,,,,,,,,306133,,306133,,,,,,306176,-43,,,414941,,-16241,1142773,1698934,556161,556161,141220,,398700,,306176,-43,306133,,,,,,
,,,5531,鄉林,,,,122027,,,,,,,,,,,0.07,1,,上市,115,2529,,,,,,,,7114,,129141,,,,,,64458,-57344,,,-236260,,245903,133339,142618,9279,9279,245539,,9643,,192280,-63139,7114,,,,,,
,,,5533,皇鼎,,,,,,,,,,,,,,,0.16,1,,上市,115,10291,,,,,,,,44961,,44961,,,,,,44961,,,,55259,,-7,244375,342424,98049,98049,42790,,55252,,44961,,44961,,,,,,
,,,5534,長虹,,,,,,,,,,,,,,,0.19,1,,上市,115,16768,,,,,,0,,56653,,56653,,,,,,55886,767,,,75512,,-2091,656177,876904,220727,220727,145215,,73421,,55886,767,56653,,,,,,
,,,5538,東明-KY,0,,,207796,,,,,,,,,,,1.12,1,,上市,115,56625,,,,,,,,226639,,434435,,,,,,225974,665,,,303683,,-20419,2642854,3164547,521693,521693,218010,,283264,,433353,1082,226639,,,,,,
,,,5546,永固-KY,,,,68846,,,,,,,,,,,-0.28,1,,上市,115,4975,,,,,,,,-27248,,41598,,,,,,-23325,-3923,,,-5031,,-17242,200685,198123,-2562,-2562,2469,,-22273,,44757,-3159,-27248,,,,,,
,,,5607,遠雄港,,,,,,,,,,,,,,,0.98,1,,上市,115,84390,,,,,,,,363360,,363360,,,,,,363360,,,,537027,,-89277,590814,1214027,623213,623213,86186,,447750,,363360,,363360,,,,,,
,,,5608,四維航,,,,244052,,,,,,,,,,,-0.11,1,,上市,115,-7798,,,,,,,,-66203,,177849,,,,,,-41753,-24450,,,9188,,-83189,680089,768625,88536,88536,79348,,-74001,,202299,-24450,-66203,,,,,,
,,0,5706,鳳凰,186,,,4163,,,,,,,,,,,0.62,1,,上市,115,10926,,,,,,,,54751,,58914,,,,,,52162,2589,,,52127,,13550,607269,714091,106822,106822,54881,,65677,,55658,3256,54751,,,,,,
,,,5871,中租-KY,519687,,,2393916,,,,,,,,,,,3.26,1,,上市,115,2576665,,,,,,,,5897396,,8291312,,,,,,5571575,325821,,,7424734,,1049327,8011505,23998243,15986738,15986738,9081691,,8474061,,7983853,307459,5897396,,,,,,
,,,5876,上海商銀,,,,,,-887848,4597150,,9109948,,,,721094,,1.05,1,,上市,115,1276742,,,,,,,,,6523440,,5635592,,5109024,1414416,,,,,,,,,,,,,5185822,,,,3472446,2163146,,6523440,,,7800182,,
-46612,,,5880,合庫金,,,,,,,,6966750,9166334,,,,1165653,,0.36,1,,上市,115,,1432147,,,,,,-1842234,,5812235,3970001,,,,,,5589587,222648,16133084,,,,,,,,,7769661,,,,3846885,123116,5812235,,,7244382,,,
,,,5906,台南-KY,-639,,,-13937,,,,,,,,,,,0.11,1,,上市,115,2949,,,,,,,,2683,,-11254,,,,,,3832,-1149,,,12546,,-6914,189808,430263,240455,240455,227270,,5632,,-10105,-1149,2683,,,,,,
,,,5907,大洋-KY,,,,159912,,,,,,,,,,,-1.01,1,,上市,115,11780,,,,,,,,-197235,,-37323,,,,,,-197235,,,,-5974,,-179481,111397,725245,613848,613848,619822,,-185455,,-37323,,-197235,,,,,,
,,,6005,群益證,,,,,,,,,,,,,,,1.34,1,,上市,115,224421,,,4909620,,7131080,,-414650,3102122,,2687472,,,2908675,193447,,,,,2221460,,1105083,,,,,,,,3326543,,2481189,206283,3102122,,,,,,
,,,6024,群益期,,,,,,,,,,,,,,,1.76,1,,上市,115,90392,,,884139,,683774,,28709,438047,,466756,,,441039,-2992,,,,,-200365,,728804,,,,,,,,528439,,469660,-2904,438047,,,,,,
,,,6108,競國,,,,66302,,,,,,,,,,,-1.08,1,,上市,115,2837,,,,,,,,-166764,,-100462,,,,,,-166764,,,,-188023,,24096,1063709,1005533,-58176,-58176,129847,,-163927,,-100462,,-166764,,,,,,
,,,6112,邁達特,,,,227,,,,,,,,,,,0.17,1,,上市,115,48570,,,,,,,,41870,,42097,,,,,,32807,9063,,,167785,,-77345,5183459,6018223,834764,834764,666979,,90440,,24656,17441,41870,,,,,,
,,,6115,鎰勝,,,,190310,,,,,,,,,,,0.71,1,,上市,115,48588,,,,,,,,131302,,321612,,,,,,133545,-2243,,,166346,,13544,1590214,1862840,272626,272626,106280,,179890,,323855,-2243,131302,,,,,,
,,,6116,彩晶,,,,-82472,,,,,,,,,,,-0.06,1,,上市,115,8700,,,,,,,,-182785,,-265257,,,,,,-182785,,,,-330539,,156454,3042160,3015410,-26750,-26750,303789,,-174085,,-265257,,-182785,,,,,,
,,,6117,迎廣,,,,18394,,,,,,,,,,,1.33,1,,上市,115,46125,,,,,,,,122952,,141346,,,,,,122988,-36,,,141916,,27161,524149,839415,315266,315266,173350,,169077,,141382,-36,122952,,,,,,
,,,6120,達運,,,,219285,,,,,,,,,,,-0.15,1,,上市,115,41854,,,,,,,,-91678,,127607,,,,,,-91678,,,,-101665,,51841,4364886,4526331,161445,161445,263110,,-49824,,127607,,-91678,,,,,,
,,,6128,上福,,,,38473,,,,,,,,,,,0.28,1,,上市,115,11058,,,,,,,,36045,,74518,,,,,,36045,0,,,64286,,-17183,805036,1340026,534990,534990,470704,,47103,,74518,0,36045,,,,,,
,,,6133,金橋,,,,-11715,,,,,,,,,,,0.13,1,,上市,115,8071,,,,,,,,14924,,3209,,,,,,14924,,,,27678,,-4683,246483,324191,77708,77708,50030,,22995,,3209,,14924,,,,,,
,,,6136,富爾特,,,,901439,,,,,,,,,,,-0.03,1,,上市,115,312,,,,,,,,-7396,,894043,,,,,,-3345,-4051,,,-8398,,1314,120045,171722,51677,51677,60075,,-7084,,897777,-3734,-7396,,,,,,
,,,6139,亞翔,,,,313290,,,,,,,,,,,9.45,1,,上市,115,771489,,,,,,,,2984270,,3297560,,,,,,2227075,757195,,,3500691,,255068,16535380,20346268,3810888,3810888,310197,,3755759,,2416777,880783,2984270,,,,,,
,,,6141,柏承,,,,-9248,,,,,,,,,,,-0.58,1,,上市,115,15064,,,,,,,,-92868,,-102116,,,,,,-65599,-27269,,,-63612,,-14192,458141,492434,34293,34293,97905,,-77804,,-73495,-28621,-92868,,,,,,
,,,6142,友勁,,,,830,,,,,,,,,,,-0.18,1,,上市,115,0,,,,,,,,-58905,,-58075,,,,,,-58905,0,,,-51151,,-7754,402636,430546,27910,27910,79061,,-58905,,-58075,0,-58905,,,,,,
,,,6152,百一,,,,21000,,,,,,,,,,,-0.22,1,,上市,115,0,,,,,,,,-37067,,-16067,,,,,,-37057,-10,,,-74688,,37621,263694,331599,67905,67905,142593,,-37067,,-16057,-10,-37067,,,,,,
,,,6153,嘉聯益,,,,-263417,,,,,,,,,,,-0.56,1,,上市,115,864,,,,,,,,-355920,,-619337,,,,,,-355920,,,,-360714,,5658,1282853,1180166,-102687,-102687,258027,,-355056,,-619337,,-355920,,,,,,
,,,6155,鈞寶,,,,1689,,,,,,,,,,,0.18,1,,上市,115,4431,,,,,,,,15851,,17540,,,,,,15851,0,,,11817,,8465,120010,163900,43890,43890,32073,,20282,,17540,0,15851,,,,,,
,,,6164,華興,,,,17247,,,,,,,,,,,0.05,1,,上市,115,1454,,,,,,,,4023,,21270,,,,,,4004,19,,,-4775,,10252,128210,183889,55679,55679,60454,,5477,,20964,306,4023,,,,,,
,,,6165,浪凡,,,,3834,,,,,,,,,,,1.09,1,,上市,115,21506,,,,,,,,81003,,84837,,,,,,80227,776,,,99050,,3459,593621,846893,253272,253272,154222,,102509,,84061,776,81003,,,,,,
,,,6166,凌華,,,,86728,,,,,,,,,,,1.57,1,0,上市,115,100613,,,,,,,,339515,,426243,,,,,,342530,-3015,,,417400,,22728,2150786,3443841,1293055,1293055,875655,,440128,,429148,-2905,339515,,,,,,
,,,6168,宏齊,,,,53107,,,,,,,,,,,0.02,1,,上市,115,2206,,,,,,-233,,7095,,60202,,,,,,4900,2195,,,-11310,,20611,383652,502953,119301,119534,130844,,9301,,53830,6372,7095,,,,,,
,,,6176,瑞儀,82780,,,804637,,,,,,,,,,,2.29,1,,上市,115,497467,,,,,,,,1052121,,1856758,,,,,,1052121,,,,1439142,,110446,9349041,12046097,2697056,2697056,1340694,,1549588,,1856758,,1052121,,,,,,
,,,6177,達麗,,,,40792,,,,,,,,,,,3.53,1,,上市,115,400120,,,,,,,,1673813,,1714605,,,,,,1667275,6538,,,2089752,,-15819,2419416,4844225,2424809,2424809,335057,,2073933,,1708067,6538,1673813,,,,,,
,,,6183,關貿,-371,,,11106,,,,,,,,,,,1.07,1,,上市,115,39323,,,,,,,,160138,,171244,,,,,,160138,,,,193194,,6267,364078,663941,299863,299863,106298,,199461,,171244,,160138,,,,,,
,,,6184,大豐電,,,,9425,,,,,,,,,,,0.71,1,,上市,115,39427,,,,,,,,138075,,147500,,,,,,108824,29251,,,176722,,780,251917,550296,298379,298379,121657,,177502,,114495,33005,138075,,,,,,
,,,6189,豐藝,,,,3431,,,,,,,,,,,1.00,1,,上市,115,73903,,,,,,,,297633,,301064,,,,,,263910,33723,,,340237,,31299,6714800,7391885,677085,677085,336848,,371536,,267401,33663,297633,,,,,,
,,,6191,精成科,,,,677617,,,,,,,,,,,1.59,1,,上市,115,385652,,,,,,,,798528,,1476145,,,,,,795802,2726,,,766499,,417681,7801889,9340071,1538182,1538182,771683,,1184180,,1472364,3781,798528,,,,,,
,,,6192,巨路,,,,45921,,,,,,,,,,,2.63,1,,上市,115,84458,,,,,,,,252480,,298401,,,,,,252772,-292,,,307348,,29590,1185642,1797045,611403,611403,304055,,336938,,298677,-276,252480,,,,,,
,,,6196,帆宣,,,,62689,,,,,,,,,,,5.08,1,,上市,115,277186,,,,,,,,1109065,,1171754,,,,,,1112712,-3647,,,1179768,,206483,12367423,14308544,1941121,1941121,761353,,1386251,,1174604,-2850,1109065,,,,,,
,,,6197,佳必琪,,,,3362,,,,,,,,,,,3.21,1,,上市,115,96522,,,,,,,,410084,,413446,,,,,,391675,18409,,,458448,,48158,1301218,2025886,724668,724668,266220,,506606,,396429,17017,410084,,,,,,
,,,6201,亞弘電,,,,13190,,,,,,,,,,,0.64,1,,上市,115,14380,,,,,,,,57503,,70693,,,,,,57503,,,,72724,,-841,534092,697897,163805,163805,91081,,71883,,70693,,57503,,,,,,
,,,6202,盛群,,,,46995,,,,,,,,,,,0.30,1,,上市,115,15086,,,,,,5980,,71371,,118366,,,,,,68431,2940,,,55209,,31248,495230,825585,330355,324375,269166,,86457,,113846,4520,71371,,,,,,
,,,6205,詮欣,,,,27630,,,,,,,,,,,0.38,1,,上市,115,8492,,,,,,,,31237,,58867,,,,,,31016,221,,,26453,,13276,177495,292528,115033,115033,88580,,39729,,58544,323,31237,,,,,,
,,,6206,飛捷,,,,9917,,,,,,,,,,,2.51,1,,上市,115,88742,,,,,,,,354103,,364020,,,,,,359024,-4921,,,424206,,18639,821180,1510237,689057,689057,264851,,442845,,368802,-4782,354103,,,,,,
,,,6209,今國光,,,,40389,,,,,,,,,,,0.81,1,,上市,115,41530,,,,,,,,144062,,184451,,,,,,144062,,,,185538,,54,800205,1158467,358262,358262,172724,,185592,,184451,,144062,,,,,,
,,,6213,聯茂,,,,592240,,,,,,,,,,,0.87,1,,上市,115,168881,,,,,,,,314523,,906763,,,,,,314523,,,,424199,,59205,8098820,9143071,1044251,1044251,620052,,483404,,906763,,314523,,,,,,
,,,6214,精誠,,,,59024,,,,,,,,,,,2.64,1,,上市,115,121622,,,,,,,,774299,,833323,,,,,,718327,55972,,,591731,,304190,9527562,11968686,2441124,2441124,1849393,,895921,,775179,58144,774299,,,,,,
,,,6215,和椿,,,,6944,,,,,,,,,,,1.14,1,,上市,115,22851,,,,,,,,94304,,101248,,,,,,94304,0,,,108781,,8374,541825,773101,231276,231276,122495,,117155,,101248,0,94304,,,,,,
,,,6216,居易,,,,,,,,,,,,,,,-0.12,1,,上市,115,6836,,,,,,,,-11695,,-11695,,,,,,,,,,-19919,,15060,79283,136879,57596,57596,77515,,-4859,,,,-11695,,,,,,
,,,6224,聚鼎,,,,41944,,,,,,,,,,,0.64,1,,上市,115,17642,,,,,,,,49842,,91786,,,,,,53918,-4076,,,42553,,24931,482719,713234,230515,230515,187962,,67484,,94726,-2940,49842,,,,,,
,,,6225,天瀚,,,,56,,,,,,,,,,,-0.11,1,,上市,115,0,,,,,,,,-3081,,-3025,,,,,0,-3081,0,,,-9048,,5967,5271,6077,806,806,9854,,-3081,0,-3025,0,-3081,,,,,,
,,0,6226,光鼎,,,,78709,,,,,,,,,,,0.01,1,,上市,115,-693,,,,,,,,1156,,79865,,,,,,1156,0,,,-9659,,10122,105961,151704,45743,45743,55402,,463,,79865,0,1156,,,,,,
,,,6230,尼得科超眾,,,,134889,,,,,,,,,,,-0.91,1,,上市,115,-3109,,,,,,,,-78432,,56457,,,,,,-78432,,,,16563,,-98104,1825407,2221271,395864,395864,379301,,-81541,,56457,,-78432,,,,,,
,,,6235,華孚,,,,153780,,,,,,,,,,,0.30,1,,上市,115,18623,,,,,,,,60646,,214426,,,,,,60646,,,,107878,,-28609,1240910,1642000,401090,401090,293212,,79269,,214426,,60646,,,,,,
,,,6239,力成,,,,227328,,,,,,,,,,,2.50,1,,上市,115,770277,,,,,,,,2386831,,2614159,,,,,,1844043,542788,,,2760690,,396418,17170249,21314167,4143918,4143918,1383228,,3157108,,2075121,539038,2386831,,,,,,
,,,6243,迅杰,,,,0,,,,,,,,,,,-0.03,1,,上市,115,-162,,,,,,,,-1497,,-1497,,,,,,,,,,-16222,,14563,36229,90026,53797,53797,70019,,-1659,,,,-1497,,,,,,
,,,6257,矽格,,,,910708,,,,,,,,,,,2.10,1,,上市,115,258007,,,,,,,,1121708,,2032416,,,,,,1005655,116053,,,1184017,,195698,3617841,5293776,1675935,1675935,491918,,1379715,,1921842,110574,1121708,,,,,,
,,,6269,台郡,,,,393273,,,,,,,,,,,-2.60,1,,上市,115,-164328,,,,,,,,-817437,,-424164,,,,,,-829726,12289,,,-999753,,17988,5542613,5467013,-75600,-75600,924153,,-981765,,-436809,12645,-817437,,,,,,
,,0,6271,同欣電,,,,-17526,,,,,,,,,,,1.89,1,,上市,115,71043,,,,,,,,394697,,377171,,,,,0,394293,404,,,393499,,72241,2030694,2819237,788543,788543,395044,,465740,0,377034,137,394697,,,,,,
,,,6272,驊陞,,,,47265,,,,,,,,,,,0.13,1,,上市,115,906,,,,,,,,10815,,58080,,,,,,10397,418,,,17567,,-5846,556397,704351,147954,147954,130387,,11721,,52920,5160,10815,,,,,,
,,,6277,宏正,,,,-14195,,,,,,,,,,,1.08,1,,上市,115,52118,,,,,,,,131741,,117546,,,,,,128893,2848,,,186537,,-2678,514324,1293181,778857,778857,592320,,183859,,116084,1462,131741,,,,,,
,,,6278,台表科,,,,574566,,,,,,,,,,,2.17,1,,上市,115,170919,,,,,,,,628121,,1202687,,,,,,627376,745,,,723987,,75053,11135630,12555084,1419454,1419454,695467,,799040,,1204047,-1360,628121,,,,,,
,,,6281,全國電,,,,,,,,,,,,,,,1.13,1,,上市,115,27977,,,,,,,,111909,,111909,,,,,,,,,,137648,,2238,3475968,4414198,938230,938230,800582,,139886,,,,111909,,,,,,
,,0,6282,康舒,,,,354770,,,,,,,,,,,0.27,1,,上市,115,94803,,,,,,,,231311,,586081,,,,,,234317,-3006,,,251481,,74633,6487847,8580758,2092911,2092911,1841430,,326114,,579513,6568,231311,,,,,,
,,,6283,淳安,,,,46008,,,,,,,,,,,-0.07,1,,上市,115,-719,,,,,,,,-10499,,35509,,,,,,-10248,-251,,,-32721,,21503,376946,421680,44734,44734,77455,,-11218,,27349,8160,-10499,,,,,,
,,,6285,啟碁,,,,-544391,,,,,,,,,,,2.36,1,,上市,115,294459,,,,,,,,1132064,,587673,,,,,,1132064,,,,1361560,,64963,25145041,29156181,4011140,4011140,2649580,,1426523,,587673,,1132064,,,,,,
,,,6405,悅城,,,,155821,,,,,,,,,,,-0.26,1,,上市,115,-23,,,,,,,,-17353,,138468,,,,,,,,,,-24742,,7366,9445,77,-9368,-9368,15374,,-17376,,,,-17353,,,,,,
,,,6409,旭隼,,,,384084,,,,,,,,,,,4.46,1,,上市,115,106071,,,,,,,,391509,,775593,,,,,,391509,,,,761311,,-263731,3107311,4204594,1097283,1097283,335972,,497580,,775593,,391509,,,,,,
,,,6412,群電,,,,281886,,,,,,,,,,,1.01,1,,上市,115,70170,,,,,,,,404206,,686092,,,,,,404206,,,,334154,,140222,6543284,7783863,1240579,1240579,906425,,474376,,686092,,404206,,,,,,
,,0,6414,樺漢,,,,199648,,,,,,,,,,,5.15,1,,上市,115,571474,,,,,,,,1842538,,2042186,,,,,,751782,1090756,,,1991965,,422047,29649485,37112748,7463263,7463263,5471298,,2414012,,1122261,919925,1842538,,,,,,
,,,6415,矽力*-KY,-8,,,903179,,,,,,,,,,,1.98,1,,上市,115,48909,,,,,,,,737902,,1641081,,,,,,768710,-30808,,,390077,,396734,2516587,4860017,2343430,2343430,1953345,,786811,,1658510,-17429,737902,,,,,,
,,,6416,瑞祺電通,,,,4263,,,,,,,,,,,1.35,1,,上市,115,38070,,,,,,,,97748,,102011,,,,,,99022,-1274,,,132488,,3330,786246,1057732,271486,271486,138998,,135818,,102754,-743,97748,,,,,,
,,,6426,統新,,,,384,,,,,,,,,,,0.74,1,,上市,115,-977,,,,,,,,28453,,28837,,,,,,28453,,,,19307,,8169,93392,154269,60877,60877,41570,,27476,,28837,,28453,,,,,,
,,,6431,光麗-KY,,,,14883,,,,,,,,,,,-0.40,1,,上市,115,0,,,,,,,,-38222,,-23339,,,,,,-38722,500,,,-32996,,-5226,66289,85846,19557,19557,52553,,-38222,,-23839,500,-38222,,,,,,
,,,6438,迅得,,,,287245,,,,,,,,,,,1.76,1,,上市,115,41884,,,,,,,,142183,,429428,,,,,,144835,-2652,,,193997,,-9930,1283945,1744783,460838,460838,266841,,184067,,432616,-3188,142183,,,,,,
,,,6442,光聖,,,,508877,,,,,,,,,,,7.82,1,,上市,115,209541,,,,,,,,606226,,1115103,,,,,,606763,-537,,,714267,,101500,1206501,2705681,1499180,1499180,784913,,815767,,1115640,-537,606226,,,,,,
,,,6443,元晶,-480,,,3047,,,,,,,,,,,-0.20,1,-107,上市,115,2066,,,,,,,,-100635,,-97588,,,,,,-100631,-4,,,-76327,,-22242,427024,406130,-20894,-21001,54846,,-98569,,-97584,-4,-100635,,,,,,
,,,6446,藥華藥,,,,243020,,,,,,,,,,,5.79,1,,上市,115,185954,,,,,,,,2149627,,2392647,,,,,,2149627,,,,2087077,,248504,621281,5121378,4500097,4500097,2413020,,2335581,,2392647,,2149627,,,,,,
,,,6449,鈺邦,,,,661496,,,,,,,,,,,2.11,1,,上市,115,58463,,,,,,,,181656,,843152,,,,,,186006,-4350,,,216692,,23427,713112,1128235,415123,415123,198431,,240119,,847502,-4350,181656,,,,,,
,,,6451,訊芯-KY,,,,468666,,,,,,,,,,,-1.45,1,,上市,115,62388,,,,,,,,-147212,,321454,,,,,,-153774,6562,,,-80419,,-4405,1367610,1553381,185771,185771,266190,,-84824,,289188,32266,-147212,,,,,,
,,,6456,GIS-KY,,,,794239,,,,,,,,,,,-0.61,1,,上市,115,35055,,,,,,,,-203820,,590419,,,,,,-204281,461,,,-321382,,152617,15277350,16077548,800198,800198,1121580,,-168765,,589152,1267,-203820,,,,,,
,,,6464,台數科,,,,-1504,,,,,,,,,,,1.39,1,,上市,115,51511,,,,,,,,181997,,180493,,,,,,179506,2491,,,288409,,-54901,502683,1039000,536317,536317,247908,,233508,,179020,1473,181997,,,,,,
,,-14449,6472,保瑞,,,,225284,,,,,,,,,,,0.21,1,5564,上市,115,174254,,,,,,6934,,32449,,257733,,,,,,25838,6611,,,407236,,-186084,2558603,4001231,1442628,1441258,1034022,,221152,,251120,6613,46898,,,,,,
,,,6477,安集,,,,-4576,,,,,,,,,,,-0.02,1,,上市,115,2731,,,,,,,,-251,,-4827,,,,,,-1883,1632,,,28969,,-26489,169270,225003,55733,55733,26764,,2480,,-6389,1562,-251,,,,,,
,,,6491,晶碩,,,,25670,,,,,,,,,,,6.06,1,,上市,115,88526,,,,,,,,477885,,503555,,,,,,472275,5610,,,542809,,23602,880120,1885667,1005547,1005547,462738,,566411,,496848,6707,477885,,,,,,
,,,6504,南六,,,,73200,,,,,,,,,,,0.10,1,,上市,115,33038,,,,,,,,7381,,80581,,,,,,7373,8,,,68162,,-27743,1371772,1590980,219208,219208,151046,,40419,,80569,12,7381,,,,,,
,,,6505,台塑化,,,,10378189,,,,,,,,,,,2.14,1,,上市,115,5209581,,,,,,,,20406610,,30784799,,,,,,20407731,-1121,,,24513957,,1102234,134798531,161989437,27190906,27190906,2676949,,25616191,,30704974,79825,20406610,,,,,,
,,,6515,穎崴,,,,15937,,,,,,,,,,,19.54,1,,上市,115,175477,,,,,,,,698551,,714488,,,,,,698551,,,,776696,,97332,1698659,2980415,1281756,1281756,505060,,874028,,714488,,698551,,,,,,
,,,6525,捷敏-KY,,,,127044,,,,,,,,,,,1.62,1,,上市,115,54316,,,,,,,,208716,,335760,,,,,,208716,,,,259528,,3504,1002466,1357265,354799,354799,95271,,263032,,335760,,208716,,,,,,
,,,6526,達發,,,,91370,,,,,,,,,,,4.47,1,,上市,115,149188,,,,,,,,745800,,837170,,,,,,748032,-2232,,,815987,,79001,2578964,5455465,2876501,2876501,2060514,,894988,,839402,-2232,745800,,,,,,
,,,6531,愛普*,,,,48131,,,,,,,,,,,4.15,1,,上市,115,165725,,,,,,,,659966,,708097,,,,,,676217,-16251,,,588249,,237442,1130086,2099951,969865,969865,381616,,825691,,723478,-15381,659966,,,,,,
,,,6533,晶心科,,,,2796,,,,,,,,,,,-3.28,1,,上市,115,-25688,,,,,,,,-166231,,-163435,,,,,,-166231,,,,-202956,,11037,374,326356,325982,325982,528938,,-191919,,-163435,,-166231,,,,,,
,,,6534,正瀚-創,,,,5754,,,,,,,,,,,4.15,1,,上市,115,105548,,,,,,,,426698,,432452,,,,,,426698,0,,,518169,,14077,120107,869503,749396,749396,231227,,532246,,432452,0,426698,,,,,,
,,,6541,泰福-KY,,,,55238,,,,,,,,,,,-1.47,1,,上市,115,27,,,,,,,,-388723,,-333485,,,,,,-388723,,,,-400231,,11535,399358,132827,-266531,-266531,133700,,-388696,,-333485,,-388723,,,,,,
,,,6550,北極星藥業-KY,,,,83341,,,,,,,,,,,-0.64,1,,上市,115,-2099,,,,,,,,-553785,,-470444,,,,,,-553785,0,,,-556353,,469,83052,37091,-45961,-45961,510392,,-555884,,-470444,0,-553785,,,,,,
,,,6552,易華電,,,,31212,,,,,,,,,,,-0.65,1,,上市,115,3211,,,,,,,,-54116,,-22904,,,,,,,,,,-67248,,16343,314984,289330,-25654,-25654,41594,,-50905,,,,-54116,,,,,,
,,,6558,興能高,,,,18677,,,,,,,,,,,-0.35,1,,上市,115,-10,,,,,,,,-32476,,-13799,,,,,,-32476,,,,-41407,,8921,198826,227992,29166,29166,70573,,-32486,,-13799,,-32476,,,,,,
,,,6573,虹揚-KY,,,,15567,,,,,,,,,,,-0.40,1,,上市,115,299,,,,,,,,-31094,,-15527,,,,,0,-31901,807,,,-29218,,-1577,157554,177165,19611,19611,48829,,-30795,0,-16424,897,-31094,,,,,,
,,,6579,研揚,,,,3832,,,,,,,,,,,3.81,1,,上市,115,59278,,,,,,,,520720,,524552,,,,,,478353,42367,,,209639,,370359,1570725,2410208,839483,839483,629844,,579998,,477825,46727,520720,,,,,,
,,,6581,鋼聯,,,,,,,,,,,,,,,1.17,1,,上市,115,37893,,,,,,,,130222,,130222,,,,,,130222,,,,168083,,32,204254,435086,230832,230832,62749,,168115,,130222,,130222,,,,,,
,,,6582,申豐,,,,120749,,,,,,,,,,,-0.26,1,,上市,115,-4693,,,,,,,,-27168,,93581,,,,,,-27168,,,,-45901,,14040,117175,104101,-13074,-13074,32827,,-31861,,93581,,-27168,,,,,,
,,,6585,鼎基,,,,7239,,,,,,,,,,,1.86,1,,上市,115,39071,,,,,,,,134413,,141652,,,,,,134413,,,,148809,,24675,475047,727297,252250,252250,103441,,173484,,141652,,134413,,,,,,
,,,6589,台康生技,,,,-3709,,,,,,,,,,,-0.47,1,,上市,115,406,,,,,,,,-142242,,-145951,,,,,,-142242,,,,-207240,,65404,243479,308435,64956,64956,272196,,-141836,,-145951,,-142242,,,,,,
,,,6591,動力-KY,,,,42993,,,,,,,,,,,0.75,1,,上市,115,8797,,,,,,,,30364,,73357,,,,,,30943,-579,,,-4510,,43671,245731,325120,79389,79389,83899,,39161,,73936,-579,30364,,,,,,
,,,6592,和潤企業,,,,282726,,,,,,,,,,,0.76,1,,上市,115,276772,,,,,,,,922916,,1205642,,,,,,908070,14846,,,1112669,,87019,2216350,5805627,3589277,3589277,2476608,,1199688,,1106762,98880,922916,,,,,,
,,,6598,ABC-KY,,,,10600,,,,,,,,,,,0.20,1,,上市,115,0,,,,,,,,20979,,31579,,,,,,20979,,,,17966,,3013,76934,217115,140181,140181,122215,,20979,,31579,,20979,,,,,,
,,,6605,帝寶,,,,7942,,,,,,,,,,,4.41,1,,上市,115,217734,,,,,,,,733646,,741588,,,,,,732007,1639,,,866034,,85346,3147115,4732845,1585730,1585730,719696,,951380,,722854,18734,733646,,,,,,
,,-270,6606,建德工業,,,,38647,,,,,,,,,,,0.26,1,,上市,115,21113,,,,,,,,29205,,67852,,,,,,29102,103,,,47168,,3420,113493,191808,78315,78315,31147,,50588,,66695,1157,29475,,,,,,
,,,6614,資拓宏宇,,,,,,,,,,,,,,,0.16,1,,上市,115,2772,,,,,,,,12934,,12934,,,,,,12934,,,,14756,,950,1108892,1248020,139128,139128,124372,,15706,,12934,,12934,,,,,,
,,,6625,必應,,,,15028,,,,,,,,,,,1.42,1,,上市,115,23744,,,,,,,,81960,,96988,,,,,,82029,-69,,,101772,,3932,617705,771910,154205,154205,52433,,105704,,97057,-69,81960,,,,,,
,,,6641,基士德-KY,,,,34293,,,,,,,,,,,0.02,1,,上市,115,-13301,,,,,,,,-3248,,31045,,,,,,884,-4132,,,-26485,,9936,263144,380896,117752,117752,144237,,-16549,,35384,-4339,-3248,,,,,,
,,,6645,金萬林-創,,,,223,,,,,,,,,,,-0.76,1,,上市,115,375,,,,,,,,-47713,,-47490,,,,,,-45795,-1918,,,-42376,,-4962,109192,123596,14404,14404,56780,,-47338,,-45572,-1918,-47713,,,,,,
,,,6655,科定,,,,80821,,,,,,,,,,,0.95,1,,上市,115,19876,,,,,,,,75278,,156099,,,,,,74535,743,,,96868,,-1714,346895,687007,340112,340112,243244,,95154,,155356,743,75278,,,,,,
,,,6657,華安,,,,83,,,,,,,,,,,-0.53,1,,上市,115,,,,,,,,,-46308,,-46225,,,,,,-46308,,,,-50802,,4494,349,1391,1042,1042,51844,,-46308,,-46225,,-46308,,,,,,
,,,6658,聯策,,,,48131,,,,,,,,,,,1.63,1,,上市,115,20361,,,,,,,,55013,,103144,,,,,,59134,-4121,,,71812,,3562,470761,619418,148657,148657,76845,,75374,,107265,-4121,55013,,,,,,
,,,6666,羅麗芬-KY,,,,48571,,,,,,,,,,,0.32,1,,上市,115,5516,,,,,,,,10619,,59190,,,,,,14938,-4319,,,8613,,7522,80746,227573,146827,146827,138214,,16135,,62860,-3670,10619,,,,,,
,,,6668,中揚光,,,,52021,,,,,,,,,,,-0.62,1,,上市,115,476,,,,,,,,-66026,,-14005,,,,,,-66026,,,,-64011,,-1539,236178,266191,30013,30013,94024,,-65550,,-14005,,-66026,,,,,,
,,,6669,緯穎,,,,1489626,,,,,,,,,,,75.95,1,,上市,115,3819977,,,,,,,,14114409,,15604035,,,,,,14114409,,,,17458392,,475994,255626566,276507734,20881168,20881168,3422776,,17934386,,15604035,,14114409,,,,,,
,,,6670,復盛應用,,,,328996,,,,,,,,,,,6.96,1,,上市,115,298511,,,,,,,,1034036,,1363032,,,,,,970370,63666,,,1265065,,67482,6436116,8468855,2032739,2032739,767674,,1332547,,1266094,96938,1034036,,,,,,
,,,6671,三能-KY,,,,37392,,,,,,,,,,,0.26,1,,上市,115,5649,,,,,,,,15864,,53256,,,,,,15509,355,,,16408,,5105,224367,365756,141389,141389,124981,,21513,,52328,928,15864,,,,,,
,,,6672,騰輝電子-KY,,,,88979,,,,,,,,,,,1.73,1,,上市,115,24894,,,,,,,,123588,,212567,,,,,,123588,,,,145352,,3130,822050,1245827,423777,423777,278425,,148482,,212567,,123588,,,,,,
,,,6674,鋐寶科技,,,,-47,,,,,,,,,,,-1.04,1,,上市,115,0,,,,,,,,-70039,,-70086,,,,,,-70039,,,,-62844,,-7195,94988,112132,17144,17144,79988,,-70039,,-70086,,-70039,,,,,,
,,,6689,伊雲谷,,,,31681,,,,,,,,,,,0.53,1,,上市,115,5887,,,,,,,,34198,,65879,,,,,,35920,-1722,,,27090,,12995,2702957,2999372,296415,296415,269325,,40085,,67220,-1341,34198,,,,,,
,,,6691,洋基工程,,,,28367,,,,,,,,,,,7.19,1,,上市,115,233735,,,,,,,,866940,,895307,,,,,,866940,,,,1098330,,2345,5693875,6977227,1283352,1283352,185022,,1100675,,895307,,866940,,,,,,
,,,6695,芯鼎,,,,,,,,,,,,,,,-0.68,1,,上市,115,,,,,,,,,-65017,,-65017,,,,,,-65017,,,,-84498,,19481,157019,252749,95730,95730,180228,,-65017,,-65017,,-65017,,,,,,
,,,6698,旭暉應材,,,,12806,,,,,,,,,,,-0.35,1,,上市,115,741,,,,,,,,-24332,,-11526,,,,,,-23244,-1088,,,-27457,,3866,132424,166697,34273,34273,61730,,-23591,,-13683,2157,-24332,,,,,,
,,,6706,惠特,,,,-5177,,,,,,,,,,,-0.96,1,,上市,115,-4889,,,,,,0,,-75349,,-80526,,,,,,-75349,,,,-123330,,43092,163190,159976,-3214,-3214,120116,,-80238,,-80526,,-75349,,,,,,
,,,6715,嘉基,,,,4121,,,,,,,,,,,1.02,1,,上市,115,26914,,,,,,,,59341,,63462,,,,,,67524,-8183,,,81086,,5169,306058,510155,204097,204097,123011,,86255,,71645,-8183,59341,,,,,,
,,,6719,力智,,,,7935,,,,,,,,,,,2.10,1,,上市,115,47304,,,,,,,,221048,,228983,,,,,,221048,,,,180566,,87786,571140,979142,408002,408002,227436,,268352,,228983,,221048,,,,,,
,,,6722,輝創,,,,10714,,,,,,,,,,,0.34,1,,上市,115,14937,,,,,,1151,,29841,,40555,,,,,,29841,,,,18904,,25874,984104,1239132,255028,253877,234973,,44778,,40555,,29841,,,,,,
,,,6742,澤米,,,,1783,,,,,,,,,,,-0.35,1,,上市,115,717,,,,,,,,-24456,,-22673,,,,,,-24456,,,,-30773,,7034,93303,85699,-7604,-7604,23169,,-23739,,-22673,,-24456,,,,,,
,,,6743,安普新,,,,45196,,,,,,,,,,,-0.19,1,,上市,115,13554,,,,,,,,-27701,,17495,,,,,,-27701,,,,20890,,-35037,881380,1083929,202549,202549,181659,,-14147,,17495,,-27701,,,,,,
,,,6753,龍德造船,,,,1691,,,,,,,,,,,2.70,1,,上市,115,80176,,,,,,,,317126,,318817,,,,,,,,,,383922,,13380,886339,1324923,438584,438584,54662,,397302,,,,317126,,,,,,
,,,6754,匯僑設計,,,,22344,,,,,,,,,,,0.12,1,,上市,115,-515,,,,,,,,8198,,30542,,,,,,8198,,,,456,,7227,464387,602033,137646,137646,137190,,7683,,30542,,8198,,,,,,
,,,6756,威鋒電子,,,,68136,,,,,,,,,,,0.64,1,,上市,115,8682,,,,,,,,38308,,106444,,,,,,44595,-6287,,,-50699,,97689,229805,414892,185087,185087,235786,,46990,,111262,-4818,38308,,,,,,
,,,6757,台灣虎航,,,,2929,,,,,,,,,,,2.91,1,,上市,115,333742,,,,,,,,1334954,,1337883,,,,,,,,,,1689426,,-20730,3284854,5537922,2253068,2253068,563642,,1668696,,,,1334954,,,,,,
,,,6768,志強-KY,,,,259448,,,,,,,,,,,1.20,1,,上市,115,114958,,,,,,,,240554,,500002,,,,,,240554,0,,,328815,,26697,4471172,5357007,885835,885835,557020,,355512,,500002,0,240554,,,,,,
,,,6770,力積電,15367559,,,-41,,,,,,,,,,,3.36,1,,上市,115,100704,,,,,,,,14231209,,14231168,,,,,,14231209,,,,14226108,,105805,12184249,13572462,1388213,1388213,2529664,,14331913,,14231168,,14231209,,,,,,
,,,6771,平和環保-創,,,,0,,,,,,,,,,,0.69,1,,上市,115,5509,,,,,,,,21382,,21382,,,,,,21458,-76,,,32282,,-5391,69921,131486,61565,61565,29283,,26891,,21458,-76,21382,,,,,,
,,,6776,展碁國際,,,,14301,,,,,,,,,,,1.14,1,,上市,115,29627,,,,,,,,106313,,120614,,,,,,104144,2169,,,160551,,-24611,7293152,7780255,487103,487103,326552,,135940,,115795,4819,106313,,,,,,
,,,6781,AES-KY,,,,383654,,,,,,,,,,,10.64,1,,上市,115,246955,,,,,,,,908707,,1292361,,,,,,908696,11,,,1094609,,61053,2894382,4529845,1635463,1635463,540854,,1155662,,1292329,32,908707,,,,,,
,,,6782,視陽,,,,79792,,,,,,,,,,,3.82,1,,上市,115,79940,,,,,,,,240589,,320381,,,,,,240471,118,,,345415,,-24886,665635,1228595,562960,562960,217545,,320529,,320263,118,240589,,,,,,
,,,6789,采鈺,138194,,,,,,,,,,,,,,1.50,1,,上市,115,96962,,,,,,,,475899,,475899,,,,,,,,,,536079,,36782,1591323,2348443,757120,757120,359235,,572861,,,,475899,,,,,,
,,,6790,永豐實,,,,95365,,,,,,,,,,,0.83,1,,上市,115,59960,,,,,,,,221950,,317315,,,,,,221950,0,,,259498,,22412,1874943,2624085,749142,749142,489644,,281910,,317315,0,221950,,,,,,
,,,6792,詠業,,,,-5830,,,,,,,,,,,0.53,1,,上市,115,5216,,,,,,,,24668,,18838,,,,,,24668,,,,26461,,3423,229125,338152,109027,109027,82566,,29884,,18838,,24668,,,,,,
,,,6794,向榮生技,,,,,,,,,,,,,,,-0.36,1,,上市,115,,,,,,,,,-23094,,-23094,,,,,,,,,,-26548,,3454,2337,6278,3941,3941,30489,,-23094,,,,-23094,,,,,,
,,,6796,晉弘,,,,342,,,,,,,,,,,-0.32,1,,上市,115,-767,,,,,,,,-12699,,-12357,,,,,,-12699,,,,-19412,,5946,93547,147416,53869,53869,73281,,-13466,,-12357,,-12699,,,,,,
,,,6799,來頡,,,,-133,,,,,,,,,,,1.14,1,,上市,115,13944,,,,,,,,49116,,48983,,,,,,49116,,,,49667,,13393,128900,242388,113488,113488,63821,,63060,,48983,,49116,,,,,,
,,,6805,富世達,,,,167461,,,,,,,,,,,13.38,1,,上市,115,248078,,,,,,,,917260,,1084721,,,,,,917260,,,,1120299,,45039,2832017,4183854,1351837,1351837,231538,,1165338,,1084721,,917260,,,,,,
,,,6807,峰源-KY,,,,6801,,,,,,,,,,,0.63,1,,上市,115,21854,,,,,,,,33788,,40589,,,,,,33788,,,,21290,,34352,675587,816575,140988,140988,119698,,55642,,40589,,33788,,,,,,
,,,6830,汎銓,,,,39015,,,,,,,,,,,-0.61,1,,上市,115,10771,,,,,,,,-31853,,7162,,,,,,-31853,,,,-8825,,-12257,453815,578726,124911,124911,133736,,-21082,,7162,,-31853,,,,,,
,,,6831,邁科,,,,15262,,,,,,,,,,,0.66,1,,上市,115,11147,,,,,,,,44588,,59850,,,,,,44588,,,,55957,,-222,698874,854383,155509,155509,99552,,55735,,59850,,44588,,,,,,
,,,6834,天二科技,,,,-13191,,,,,,,,,,,0.45,1,,上市,115,8226,,,,,,,,39730,,26539,,,,,,39730,,,,35690,,12266,323013,419741,96728,96728,61038,,47956,,26539,,39730,,,,,,
,,,6835,圓裕,,,,-6121,,,,,,,,,,,0.05,1,,上市,115,3261,,,,,,,,3530,,-2591,,,,,,3505,25,,,4507,,2284,481041,576643,95602,95602,91095,,6791,,-2521,-70,3530,,,,,,
,,,6838,台新藥,,,,-190,,,,,,,,,,,-0.10,1,,上市,115,255,,,,,,,,-15252,,-15442,,,,,,-15263,11,,,-10650,,-4347,5933,45422,39489,39489,50139,,-14997,,-15452,10,-15252,,,,,,
,,,6854,錼創科技-KY創,,,,10701,,,,,,,,,,,-2.14,1,,上市,115,21452,,,,,,,,-251877,,-241176,,,,,,-251877,,,,-256333,,25908,172515,135804,-36711,-36711,219622,,-230425,,-241176,,-251877,,,,,,
,,,6861,睿生光電,,,,4495,,,,,,,,,,,2.12,1,,上市,115,24637,,,,,,,,88012,,92507,,,,,,88012,,,,87815,,24834,583306,791041,207735,207735,119920,,112649,,92507,,88012,,,,,,
,,,6862,三集瑞-KY,,,,22702,,,,,,,,,,,1.00,1,,上市,115,20430,,,,,,,,50137,,72839,,,,,,50137,,,,60748,,9819,317837,471241,153404,153404,92656,,70567,,72839,,50137,,,,,,
,,,6863,永道-KY,,,,183224,,,,,,,,,,,0.61,1,,上市,115,34956,,,,,,,,45940,,229164,,,,,,45907,33,,,68416,,12480,933757,1157370,223613,223613,155197,,80896,,229096,68,45940,,,,,,
,,,6869,雲豹能源,,,,-6081,,,,,,,,,,,-0.99,1,4682,上市,115,13133,,,,,,19159,,-101316,,-107397,,,,,,-132550,31234,,,131204,,-219387,1339969,1664428,324459,309982,178778,,-88183,,-137584,30187,-101316,,,,,,
,,,6873,泓德能源,,,,192600,,,,,,,,,,,0.25,1,,上市,115,23061,,,,,,121262,,33744,,226344,,,,,,35347,-1603,,,188431,,-131626,847804,1424144,576340,455078,266647,,56805,,185737,40607,33744,,,,,,
,,,6885,全福生技,,,,64,,,,,,,,,,,-0.50,1,,上市,115,,,,,,,,,-75995,,-75931,,,,,,-65328,-10667,,,-83470,,7475,3143,2823,-320,-320,83150,,-75995,,-65224,-10707,-75995,,,,,,
,,,6887,寶綠特-KY,,,,65836,,,,,,,,,,,-0.62,1,,上市,115,19399,,,,,,,,-46071,,19765,,,,,,-46071,,,,-18684,,-7988,653748,858086,204338,204338,223022,,-26672,,19765,,-46071,,,,,,
,,,6890,來億-KY,,,,395987,,,,,,,,,,,0.75,1,,上市,115,79399,,,,,,,,167660,,563647,,,,,,188095,-20435,,,180410,,66649,6253040,7077691,824651,824651,644241,,247059,,561399,2248,167660,,,,,,
,,,6901,鑽石投資,,,,,,,,,,,,,,,-0.42,1,,上市,115,,,,,,,,,-355932,,-355932,,,,,,,,,,-368333,,12401,,-336282,-336282,-336282,32051,,-355932,,,,-355932,,,,,,
,,,6902,GOGOLOOK,,,,-566,,,,,,,,,,,1.64,1,,上市,115,1440,,,,,,,,58021,,57455,,,,,,58021,,,,54853,,4608,33102,303108,270006,270006,215153,,59461,,57455,,58021,,,,,,
,,,6906,現觀科,,,,542,,,,,,,,,,,0.60,1,,上市,115,2698,,,,,,,,19426,,19968,,,,,,19426,,,,12297,,9827,10951,79546,68595,68595,56298,,22124,,19968,,19426,,,,,,
,,,6908,宏碁遊戲-創,,,,50135,,,,,,,,,,,0.41,1,,上市,115,3471,,,,,,,,-16055,,34080,,,,,0,14334,-30389,,,1174,,-13758,989639,1152294,162655,162655,161481,,-12584,0,46023,-11943,-16055,,,,,,
,,,6909,創控,,,,,,,,,,,,,,,0.07,1,,上市,115,1981,,,,,,,,4772,,4772,,,,,,,,,,2788,,3965,43146,101504,58358,58358,55570,,6753,,,,4772,,,,,,
,,,6914,阜爾運通,,,,-641,,,,,,,,,,,2.34,1,,上市,115,39123,,,,,,,,155210,,154569,,,,,,155210,,,,223320,,-28987,1120486,1436180,315694,315694,92374,,194333,,154569,,155210,,,,,,
,,,6916,華凌,,,,18933,,,,,,,,,,,-0.49,1,,上市,115,-7734,,,,,,,,-32481,,-13548,,,,,,-32787,306,,,-36384,,-3831,404050,505829,101779,101779,138163,,-40215,,-13899,351,-32481,,,,,,
,,,6918,愛派司,,,,6051,,,,,,,,,,,1.39,1,,上市,115,11065,,,,,,,,47690,,53741,,,,,,47501,189,,,52877,,5878,74078,219385,145307,145307,92430,,58755,,53552,189,47690,,,,,,
,,,6919,康霈*,,,,-23070,,,,,,,,,,,-0.07,1,,上市,115,0,,,,,,,,-107754,,-130824,,,,,,-107754,,,,-245831,,138077,1,2,1,1,245832,,-107754,,-130824,,-107754,,,,,,
,,,6921,嘉雨思-創,,,,,,,,,,,,,,,-0.27,1,,上市,115,0,,,,,,,,-8581,,-8581,,,,,,,,,,-10488,,1907,12647,28453,15806,15806,26294,,-8581,,,,-8581,,,,,,
,,,6923,中台,654,,,-9505,,,,,,,,,,,0.84,1,,上市,115,13183,,,,,,,,76603,,67098,,,,,,76603,,,,71709,,18077,210787,304815,94028,94028,22973,,89786,,67098,,76603,,,,,,
,,,6924,榮惠-KY創,,,,1486,,,,,,,,,,,2.26,1,,上市,115,12219,,,,,,,,46626,,48112,,,,,,46626,,,,59395,,-550,347270,472287,125017,125017,65622,,58845,,48112,,46626,,,,,,
,,,6928,攸泰科技,,,,5483,,,,,,,,,,,-0.04,1,,上市,115,1366,,,,,,,,-3353,,2130,,,,,,-3353,,,,-8307,,6320,394506,547857,153351,153351,161658,,-1987,,2130,,-3353,,,,,,
,,,6931,青松健康,0,,,-530,,,,,,,,,,,0.49,1,,上市,115,7325,,,,,,,,33697,,33167,,,,,,32192,1505,,,24486,,16536,258191,304626,46435,46435,21949,,41022,,31662,1505,33697,,,,,,
,,,6933,AMAX-KY,,,,49113,,,,,,,,,,,1.10,1,,上市,115,12357,,,,,,,,46573,,95686,,,,,,46573,,,,75692,,-16762,1571427,1820470,249043,249043,173351,,58930,,95686,,46573,,,,,,
,,,6934,心誠鎂,,,,0,,,,,,,,,,,-1.43,1,,上市,115,0,,,,,,,,-50082,,-50082,,,,,,-50082,,,,-50409,,327,20132,3685,-16447,-16447,33962,,-50082,,-50082,,-50082,,,,,,
,,,6936,永鴻生技,,,,,,,,,,,,,,,0.60,1,,上市,115,9517,,,,,,,,43737,,43737,,,,,,,,,,54731,,-1477,230958,368422,137464,137464,82733,,53254,,,,43737,,,,,,
,,,6937,天虹,,,,9558,,,,,,,,,,,0.96,1,,上市,115,17753,,,,,,,,61756,,71314,,,,,,64817,-3061,,,75551,,3958,339152,582447,243295,243295,167744,,79509,,74375,-3061,61756,,,,,,
,,,6944,兆聯實業,,,,23483,,,,,,,,,,,10.08,1,,上市,115,292637,,,,,,,,773069,,796552,,,,,,773069,,,,1059601,,6105,3429145,4706862,1277717,1277717,218116,,1065706,,796552,,773069,,,,,,
,,,6947,台鎔科技,,,,0,,,,,,,,,,,0.59,1,,上市,115,17499,,,,,,,,55406,,55406,,,,,,55406,,,,109937,,-37032,253769,413132,159363,159363,49426,,72905,,55406,,55406,,,,,,
,,,6949,沛爾生醫*-創,,,,-22,,,,,,,,,,,-1.18,1,,上市,115,0,,,,,,,,-87174,,-87196,,,,,,-76584,-10590,,,-88755,,1581,7573,6368,-1205,-1205,87550,,-87174,,-76606,-10590,-87174,,,,,,
,,,6951,青新-創,,,,,,,,,,,,,,,1.49,1,,上市,115,17218,,,,,,,,68438,,68438,,,,,,68438,,,,84570,,1086,82037,209781,127744,127744,43174,,85656,,68438,,68438,,,,,,
,,,6952,大武山,,,,,,,,,,48164,,,,,0.32,1,,上市,115,5359,,,,,,,,19638,,19638,,,,,0,21318,-1680,,,26679,,-1682,493864,561789,116089,116089,89410,,24997,0,21318,-1680,19638,,,,,,
,,,6955,邦睿生技-創,,,,124,,,,,,,,,,,0.97,1,,上市,115,4041,,,,,,,,23944,,24068,,,,,,23944,0,,,25464,,2521,19930,84385,64455,64455,38991,,27985,,24068,0,23944,,,,,,
,,,6957,裕慶-KY,,,,52918,,,,,,,,,,,1.51,1,,上市,115,25691,,,,,,,,76767,,129685,,,,,,82568,-5801,,,100942,,1516,703668,1008397,304729,304729,203787,,102458,,135446,-5761,76767,,,,,,
,,,6958,日盛台駿,,,,99764,,,,,,,,,,,0.20,1,,上市,115,45628,,,,,,,,82641,,182405,,,,,,82324,317,,,118274,,9995,1839499,2567497,727998,727998,609724,,128269,,186314,-3909,82641,,,,,,
,,,6962,奕力-KY,,,,65521,,,,,,,,,,,0.58,1,,上市,115,1797,,,,,,,,279295,,344816,,,,,,279295,,,,147132,,133960,2847011,3917703,1070692,1070692,923560,,281092,,344816,,279295,,,,,,
,,,6965,中傑-KY,,,,248279,,,,,,,,,,,-0.64,1,,上市,115,38649,,,,,,,,-94357,,153922,,,,,,-100682,6325,,,-80876,,25168,4304340,4785297,480957,480957,561833,,-55708,,142346,11576,-94357,,,,,,
,,,6969,成信實業*-創,,,,,,,,,,,,,,,-0.05,1,126,上市,115,0,,,,,,215,,-2183,,-2183,,,,,0,-2183,0,,,2486,,-4669,53636,77977,24341,24252,21766,,-2183,0,-2183,0,-2183,,,,,,
,,,6988,威力暘-創,,,,10628,,,,,,,,,,,-0.05,1,,上市,115,158,,,,,,,,-2562,,8066,,,,,,-2562,,,,-1887,,-517,116465,169251,52786,52786,54673,,-2404,,8066,,-2562,,,,,,
,,,6994,富威電力,,,,755,,,,,,,,,,,0.48,1,214,上市,115,16320,,,,,,26601,,35375,,36130,,,,,,34451,924,,,76103,,-24408,680124,841600,161476,135089,58986,,51695,,34836,1294,35375,,,,,,
,,,7610,聯友金屬-創,,,,,,,,,,,,,,,10.87,1,,上市,115,140963,,,,,,,,525389,,525389,,,,,,525047,342,,,667242,,-890,261675,1001764,740089,740089,72847,,666352,,525047,342,525389,,,,,,
,,,7631,聚賢研發-創,,,,6254,,,,,,,,,,,1.76,1,,上市,115,12978,,,,,,,,35491,,41745,,,,,,35491,,,,47524,,945,314605,408502,93897,93897,46373,,48469,,41745,,35491,,,,,,
,,,7689,大鵬科CLMX,,,,100,,,,,,,,,,,3.13,1,,上市,115,51972,,,,,,,,165066,,165166,,,,,,165066,0,,,214578,,2460,830718,1230420,399702,399702,185124,,217038,,165166,0,165066,,,,,,
,,,7705,三商餐飲,,,,-7,,,,,,,,,,,0.35,1,,上市,115,854,,,,,,,,23297,,23290,,,,,,23303,-6,,,29990,,-5839,1049602,1604380,554778,554778,524788,,24151,,23296,-6,23297,,,,,,
,,,7711,永擎,,,,1,,,,,,,,,,,7.68,1,,上市,115,134950,,,,,,,,539786,,539787,,,,,,539786,,,,694694,,-19958,7789992,8891334,1101342,1101342,406648,,674736,,539787,,539786,,,,,,
,,,7721,微程式,,,,11443,,,,,,,,,,,0.21,1,,上市,115,2866,,,,,,,,11465,,22908,,,,,,11465,,,,13499,,832,51534,143810,92276,92276,78777,,14331,,22908,,11465,,,,,,
,,,7722,LINEPAY,,,,-4646,,,,,,,,,,,1.97,1,,上市,115,41689,,,,,,,,134190,,129544,,,,,,134190,,,,108794,,67085,1610861,2097389,486528,486528,377734,,175879,,129544,,134190,,,,,,
,,,7730,暉盛-創,,,,163,,,,,,,,,,,0.37,1,,上市,115,3459,,,,,,,,13696,,13859,,,,,,13696,0,,,11150,,6005,49944,92232,42288,42288,31138,,17155,,13859,0,13696,,,,,,
,,,7732,金興精密,,,,-16450,,,,,,,,,,,0.82,1,,上市,115,9417,,,,,,,,52255,,35805,,,,,,52255,,,,41381,,20291,213734,299982,86248,86248,44867,,61672,,35805,,52255,,,,,,
,,,7736,虎山,,,,-3699,,,,,,,,,,,1.18,1,,上市,115,30030,,,,,,,,89139,,85440,,,,,,89139,,,,70235,,48934,257097,361079,103982,103982,33747,,119169,,85440,,89139,,,,,,
,,,7740,熙特爾-創,,,,-7171,,,,,,,,,,,3.64,1,,上市,115,42579,,,,,,,,209590,,202419,,,,,,193825,15765,,,279221,,-27052,2731703,3091362,359659,359659,80438,,252169,,186654,15765,209590,,,,,,
,,,7749,意騰-KY,,,,20001,,,,,,,,,,,3.56,1,,上市,115,33814,,,,,,,,165322,,185323,,,,,,165322,,,,170669,,28467,159059,533313,374254,374254,203585,,199136,,185323,,165322,,,,,,
,,,7750,新代,,,,113240,,,,,,,,,,,15.38,1,,上市,115,320524,,,,,,,,1074073,,1187313,,,,,,1074073,,,,1254204,,140393,2492197,4864503,2372306,2372306,1118102,,1394597,,1187313,,1074073,,,,,,
,,,7760,享溫馨,,,,,,,,,,,,,,,0.70,1,,上市,115,8419,,,,,,,,41969,,41969,,,,,,,,,,56420,,-6032,226779,396972,170193,170193,113773,,50388,,,,41969,,,,,,
,,,7765,中華資安,,,,7322,,,,,,,,,,,3.38,1,,上市,115,34375,,,,,,,,137500,,144822,,,,,,,,,,164586,,7289,304587,597577,292990,292990,128404,,171875,,,,137500,,,,,,
,,,7768,頌勝科技,,,,12821,,,,,,,,,,,1.62,1,,上市,115,42461,,,,,,,,102730,,115551,,,,,,99753,2977,,,115608,,29583,247179,558892,311713,311713,196105,,145191,,111508,4043,102730,,,,,,
,,,7769,鴻勁,,,,63004,,,,,,,,,,,25.70,1,,上市,115,1173975,,,,,,,,4624266,,4687270,,,,,,4624266,,,,5360051,,438190,4693487,10725197,6031710,6031710,671659,,5798241,,4687270,,4624266,,,,,,
,,,7780,大研生醫*,,,,90530,,,,,,,,,,,0.13,1,,上市,115,36054,,,,,,,,104355,,194885,,,,,,104355,,,,62176,,78233,185102,463842,278740,278740,216564,,140409,,194885,,104355,,,,,,
,,,7786,東方風能,,,,-64,,,,,,,,,,,1.20,1,,上市,115,55748,,,,,,,,210720,,210656,,,,,,210720,,,,279918,,-13450,1421759,1772975,351216,351216,71298,,266468,,210656,,210720,,,,,,
,,,7788,松川精密,,,,31876,,,,,,,,,,,2.22,1,,上市,115,52857,,,,,,,,176484,,208360,,,,,,177273,-789,,,178905,,50436,1356894,1857129,500235,500235,321330,,229341,,209221,-861,176484,,,,,,
,,,7791,皇家可口,,,,-128304,,,,,,,,,,,1.87,1,,上市,115,-31411,,,,,,,,149245,,20941,,,,,,,,,,42390,,75444,311902,486306,174404,174404,132014,,117834,,,,149245,,,,,,
,,,7795,長廣,,,,-502,,,,,,,,,,,0.21,1,,上市,115,30360,,,,,,,,16098,,15596,,,,,,16098,,,,45923,,535,253165,417748,164583,164583,118660,,46458,,15596,,16098,,,,,,
,,,7799,禾榮科,,,,-62456,,,,,,,,,,,-0.37,1,,上市,115,0,,,,,,,,-57578,,-120034,,,,,,-57578,,,,-88494,,30916,2902,2885,-17,-17,88477,,-57578,,-120034,,-57578,,,,,,
,,,7803,雲象科技-創,,,,-1243,,,,,,,,,,,-0.78,1,,上市,115,0,,,,,,,,-69378,,-70621,,,,,,-69378,,,,-74584,,5206,5115,10800,5685,5685,80269,,-69378,,-70621,,-69378,,,,,,
,,,7818,溢泰實業,,,,56829,,,,,,,,,,,0.88,1,,上市,115,33338,,,,,,,,132024,,188853,,,,,,132024,0,,,149537,,15825,1976373,2782427,806054,806054,656517,,165362,,188853,0,132024,,,,,,
,,,7821,神數,,,,9207,,,,,,,,,,,0.87,1,,上市,115,25560,,,,,,,,95371,,104578,,,,,0,95371,,,,112541,,8390,1947378,2490635,543257,543257,430716,,120931,0,104578,,95371,,,,,,
,,,7822,倍利科,,,,,,,,,,,,,,,4.93,1,,上市,115,54500,,,,,,,,205277,,205277,,,,,,206086,-809,,,257678,,2099,279428,684442,405014,405014,147336,,259777,,206086,-809,205277,,,,,,
,,,7823,奧義賽博-KY創,,,,-489,,,,,,,,,,,-0.15,1,,上市,115,-966,,,,,,,,-4892,,-5381,,,,,,-4892,,,,-12875,,7017,12416,90953,78537,78537,91412,,-5858,,-5381,,-4892,,,,,,
,,,7827,漢康-KY創,,,,13824,,,,,,,,,,,-2.10,1,,上市,115,9489,,,,,,,,-330348,,-316524,,,,,,-273651,-56697,,,-319867,,-992,0,0,0,0,319867,,-320859,,-265091,-51433,-330348,,,,,,
,,,7835,永悅健康-創,,,,-3955,,,,,,,,,,,-1.22,1,,上市,115,3064,,,,,,,,-53654,,-57609,,,,,,-53817,163,,,-64758,,14168,77359,100171,22812,22812,87570,,-50590,,-57727,118,-53654,,,,,,
,,,7855,和運租車,,,,80475,,,,,,,,,,,1.30,1,,上市,115,78187,,,,,,,,261556,,342031,,,,,,250845,10711,,,238903,,100840,6647207,7593635,946428,946428,707525,,339743,,331320,10711,261556,,,,,,
,,,8011,台通,,,,-3719,,,,,,,,,,,0.02,1,,上市,115,1637,,,,,,,,9616,,5897,,,,,,3688,5928,,,17561,,-6308,360231,434346,74115,74115,56554,,11253,,-103,6000,9616,,,,,,
,,,8016,矽創,328,,,123175,,,,,,,,,,,4.60,1,,上市,115,114691,,,,,,,,680917,,804092,,,,,,541690,139227,,,614352,,181256,3659355,5328772,1669417,1669417,1055393,,795608,,651691,152401,680917,,,,,,
,,,8021,尖點,-2499,,,125694,,,,,,,,,,,1.17,1,,上市,115,80219,,,,,,,,189432,,315126,,,,,,168685,20747,,,269508,,143,849478,1339565,490087,490087,218080,,269651,,287372,27754,189432,,,,,,
,,,8028,昇陽半導體,,,,,,,,,,,,,,,1.61,1,,上市,115,46053,,,,,,,,286345,,286345,,,,,,,,,,332381,,17,813639,1303393,489754,489754,157373,,332398,,,,286345,,,,,,
,,,8033,雷虎,,,,-5009,,,,,,,,,,,0.34,1,,上市,115,1188,,,,,,,,50721,,45712,,,,,,51587,-866,,,-2634,,54543,231739,375050,143311,143311,145945,,51909,,46587,-875,50721,,,,,,
,,,8039,台虹,,,,29179,,,,,,,,,,,0.65,1,,上市,115,44902,,,,,,,,174915,,204094,,,,,,171370,3545,,,146484,,73333,1883307,2415476,532169,532169,385685,,219817,,201318,2776,174915,,,,,,
,,,8045,達運光電,,,,4488,,,,,,,,,,,0.11,1,,上市,115,6770,,,,,,,,10592,,15080,,,,,,10734,-142,,,13945,,3417,323388,443408,120020,120020,106075,,17362,,15226,-146,10592,,,,,,
,,,8046,南電,,,,567381,,,,,,,,,,,2.03,1,,上市,115,289571,,,,,,,,1308626,,1876007,,,,,,1308626,,,,1352237,,245960,9405796,11177241,1771445,1771445,419208,,1598197,,1876007,,1308626,,,,,,
,,,8070,長華*,,,,981681,,,,,,,,,,,0.51,1,,上市,115,152248,,,,,,,,598409,,1580090,,,,,,362396,236013,,,657730,,92927,4418338,5422396,1004058,1004058,346328,,750657,,1214859,365231,598409,,,,,,
,,,8072,陞泰,,,,4280,,,,,,,,,,,0.29,1,,上市,115,13344,,,,,,,,27673,,31953,,,,,,23013,4660,,,18113,,22904,300434,358563,58129,58129,40016,,41017,,27007,4946,27673,,,,,,
,,,8081,致新,,,,290360,,,,,,,,,,,4.62,1,,上市,115,35852,,,,,,,,402259,,692619,,,,,,395524,6735,,,370522,,67589,1274971,2111258,836287,836287,465765,,438111,,492780,199839,402259,,,,,,
,,,8101,華冠,,,,4728,,,,,,,,,,,-0.95,1,,上市,115,998,,,,,,,,-50658,,-45930,,,,,,-46927,-3731,,,-38100,,-11560,81787,82612,825,825,38925,,-49660,,-42203,-3727,-50658,,,,,,
,,,8103,瀚荃,,,,115095,,,,,,,,,,,1.17,1,,上市,115,28319,,,,,,,,90513,,205608,,,,,,90670,-157,,,129570,,-10738,564532,910083,345551,345551,215981,,118832,,205738,-130,90513,,,,,,
,,,8104,錸寶,,,,41008,,,,,,,,,,,-0.39,1,,上市,115,165,,,,,,,,-49735,,-8727,,,,,,-40294,-9441,,,-16219,,-33351,375296,461998,86702,86702,102921,,-49570,,-314,-8413,-49735,,,,,,
,,,8105,凌巨,,,,23917,,,,,,,,,,,0.43,1,,上市,115,3672,,,,,,,,189656,,213573,,,,,,189656,,,,11272,,182056,1943084,2127313,184229,184229,172957,,193328,,213573,,189656,,,,,,
,,,8110,華東,,,,45966,,,,,,,,,,,0.49,1,,上市,115,62996,,,,,,,,245977,,291943,,,,,,249080,-3103,,,103437,,205536,1772250,1969998,197748,197748,94311,,308973,,295046,-3103,245977,,,,,,
,,,8112,至上,,,,250046,,,,,,,,,,,3.91,1,,上市,115,712333,,,,,,,,2179906,,2429952,,,,,,2102790,77116,,,3418168,,-525929,105925922,110164542,4238620,4238620,820452,,2892239,,2328987,100965,2179906,,,,,,
,,,8114,振樺電,,,,109457,,,,,,,,,,,2.75,1,,上市,115,161223,,,,,,1,,518115,,627572,,,,,,295445,222670,,,629447,,49891,1875616,3538762,1663146,1663145,1033698,,679338,,372062,255510,518115,,,,,,
,,,8131,福懋科,,,,371810,,,,,,,,,,,0.96,1,,上市,115,106587,,,,,,,,426351,,798161,,,,,,,,,,474525,,58413,2368865,2944616,575751,575751,101226,,532938,,,,426351,,,,,,
,,,8150,南茂,15978,,,94031,,,,,,,,,,,0.72,1,,上市,115,93257,,,,,,,,504892,,598923,,,,,,504892,,,,519677,,78472,5980163,6935628,955465,955465,451766,,598149,,598923,,504892,,,,,,
,,,8162,微矽電子-創,,,,2350,,,,,,,,,,,0.12,1,,上市,115,1663,,,,,,,,7999,,10349,,,,,,,,,,10055,,-393,233857,283364,49507,49507,39452,,9662,,,,7999,,,,,,
,,,8163,達方,,,,187512,,,,,,,,,,,0.20,1,,上市,115,27879,,,,,,,,32470,,219982,,,,,,56888,-24418,,,78937,,-18588,4941126,6024739,1083613,1083613,1004676,,60349,,234964,-14982,32470,,,,,,
,,,8201,無敵,,,,-4913,,,,,,,,,,,-0.11,1,,上市,115,0,,,,,,,,-6754,,-11667,,,,,,-6754,,,,-12345,,5591,92352,121001,28649,28649,40994,,-6754,,-11667,,-6754,,,,,,
,,,8210,勤誠,9782,,,141454,,,,,,,,,,,10.73,1,,上市,115,426874,,,,,,,,1365005,,1506459,,,,,,1335961,29044,,,1779296,,12583,4774202,7107292,2333090,2333090,563576,,1791879,,1477415,29044,1365005,,,,,,
,,,8213,志超,,,,609296,,,,,,,,,,,0.30,1,,上市,115,37366,,,,,,,,77568,,686864,,,,,,82336,-4768,,,112336,,2598,4332979,4846214,513235,513235,400899,,114934,,675377,11487,77568,,,,,,
,,,8215,明基材,,,,63913,,,,,,,,,,,-0.64,1,,上市,115,5854,,,,,,,,-196190,,-132277,,,,,,-204294,8104,,,-238908,,48572,4005907,4546266,540359,540359,779267,,-190336,,-145565,13288,-196190,,,,,,
,,,8222,寶一,,,,,,,,,,,,,,,0.37,1,,上市,115,6251,,,,,,,,25512,,25512,,,,,,,,,,30441,,1322,175198,234428,59230,59230,28789,,31763,,,,25512,,,,,,
,,,8249,菱光,,,,-1186740,,,,,,,,,,,0.37,1,,上市,115,35963,,,,,,,,40741,,-1145999,,,,,,40804,-63,,,79706,,-3002,823773,989460,165687,165687,85981,,76704,,-1146786,787,40741,,,,,,
,,,8261,富鼎,,,,2125,,,,,,,,,,,1.57,1,,上市,115,48502,,,,,,,,186824,,188949,,,,,,186301,523,,,200572,,34754,483962,781527,297565,297565,96993,,235326,,188430,519,186824,,,,,,
,,,8271,宇瞻,,,,12524,,,,,,,,,,,14.54,1,,上市,115,453946,,,,,,,,1875177,,1887701,,,,,,1862431,12746,,,2313017,,16106,3572832,7042184,3469352,3469352,1156335,,2329123,,1874951,12750,1875177,,,,,,
,,,8341,日友,,,,108261,,,,,,,,,,,1.51,1,,上市,115,119151,,,,,,,,225013,,333274,,,,,,195872,29141,,,345828,,-1664,554787,1094646,539859,539859,194031,,344164,,304133,29141,225013,,,,,,
,,,8367,建新國際,,,,-7416,,,,,,,,,,,0.67,1,,上市,115,20598,,,,,,,,89180,,81764,,,,,,61935,27245,,,123485,,-13707,565624,784501,218877,218877,95392,,109778,,57288,24476,89180,,,,,,
,,,8374,羅昇,,,,22841,,,,,,,,,,,0.43,1,,上市,115,25279,,,,,,,,82696,,105537,,,,,,48427,34269,,,106633,,1342,1031491,1374746,343255,343255,236622,,107975,,70293,35244,82696,,,,,,
,,,8404,百和興業-KY,,,,193765,,,,,,,,,,,0.17,1,,上市,115,33249,,,,,,,,73047,,266812,,,,,,73041,6,,,199399,,-93103,1259196,1903965,644769,644769,445370,,106296,,266789,23,73047,,,,,,
,,,8411,福貞-KY,,,,191012,,,,,,,,,,,0.19,1,,上市,115,19776,,,,,,,,41848,,232860,,,,,,41688,160,,,69628,,-8004,2485882,2726482,240600,240600,170972,,61624,,232700,160,41848,,,,,,
,,,8422,可寧衛*,,,,-843,,,,,,,,,,,0.21,1,,上市,115,88520,,,,,,,,256158,,255315,,,,,,280916,-24758,,,382897,,-38219,576685,1113595,536910,536910,154013,,344678,,280073,-24758,256158,,,,,,
,,,8429,金麗-KY,,,,200917,,,,,,,,,,,0.02,1,,上市,115,415,,,,,,,,3240,,204157,,,,,,3243,-3,,,-6255,,9910,19629,22983,3354,3354,9609,,3655,,204160,-3,3240,,,,,,
,,,8438,昶昕,,,,15008,,,,,,,,,,,1.02,1,,上市,115,28398,,,,,,,,71357,,86365,,,,,,71357,,,,95709,,4046,999553,1166592,167039,167039,71330,,99755,,86365,,71357,,,,,,
,,,8442,威宏-KY,,,,67334,,,,,,,,,,,0.03,1,,上市,115,7672,,,,,,,,2119,,69453,,,,,,2119,,,,14442,,-4651,1674519,1984281,309762,309762,295320,,9791,,69453,,2119,,,,,,
,,,8443,阿瘦,,,,,,,,,,,,,,,-0.37,1,,上市,115,0,,,,,,,,-24660,,-24660,,,,,,-24660,0,,,-33575,,8915,128632,285102,156470,156470,190045,,-24660,,-24660,0,-24660,,,,,,
,,,8454,富邦媒,17159,,,-1314,,,,,,,,,,,2.43,1,,上市,115,163978,,,,,,,,644908,,643594,,,,,,643777,1131,,,788497,,20389,24185921,26593466,2407545,2407545,1636207,,808886,,642463,1131,644908,,,,,,
,,,8462,柏文,,,,1602,,,,,,,,,,,2.42,1,,上市,115,49259,,,,,,,,192576,,194178,,,,,,191204,1372,,,263101,,-21266,1080675,1626910,546235,546235,283134,,241835,,192806,1372,192576,,,,,,
,,,8463,潤泰材,,,,-81396,,,,,,,,,,,0.42,1,,上市,115,20273,,,,,,,,116592,,35196,,,,,,63009,53583,,,118566,,18299,1497213,1710645,213432,213432,94866,,136865,,-4095,39291,116592,,,,,,
,,,8464,億豐,,,,317553,,,,,,,,,,,5.62,1,,上市,115,594429,,,,,,,,1731434,,2048987,,,,,,1647198,84236,,,2053372,,272491,2988856,7305395,4316539,4316539,2263167,,2325863,,1967448,81539,1731434,,,,,,
,,,8466,美吉吉-KY,,,,75525,,,,,,,,,,,-0.89,1,,上市,115,10830,,,,,,,,-70836,,4689,,,,,,-70836,,,,-48009,,-11997,593372,646708,53336,53336,101345,,-60006,,4689,,-70836,,,,,,
,,,8467,波力-KY,,,,102366,,,,,,,,,,,0.83,1,,上市,115,13012,,,,,,,,39781,,142147,,,,,,40574,-793,,,97507,,-44714,353652,561517,207865,207865,110358,,52793,,143133,-986,39781,,,,,,
,,,8473,山林水,,,,-1352,,,,,,,,,,,1.23,1,,上市,115,66567,,,,,,,,244224,,242872,,,,,,222042,22182,,,344100,,-33309,865842,1289826,423984,423984,79884,,310791,,222056,20816,244224,,,,,,
,,,8476,台境*,,,,-199,,,,,,,,,,,0.00,1,,上市,115,4616,,,,,,,,1260,,1061,,,,,,225,1035,,,7631,,-1755,286122,326235,40113,40113,32482,,5876,,26,1035,1260,,,,,,
,,,8478,東哥遊艇,,,,149361,,,,,,,,,,,3.80,1,,上市,115,26460,,,,,,,,357050,,506411,,,,,,357050,,,,369143,,14367,820248,1429685,609437,609437,240294,,383510,,506411,,357050,,,,,,
,,,8481,政伸,,,,25487,,,,,,,,,,,0.77,1,,上市,115,10734,,,,,,,,50953,,76440,,,,,,50953,,,,53505,,8182,148387,279980,131593,131593,78088,,61687,,76440,,50953,,,,,,
,,,8482,商億-KY,,,,75274,,,,,,,,,,,0.66,1,,上市,115,8455,,,,,,,,66820,,142094,,,,,,68874,-2054,,,84423,,-9148,601331,893999,292668,292668,208245,,75275,,142193,-99,66820,,,,,,
,,,8487,愛爾達-創,,,,,,,,,,,,,,,2.58,1,,上市,115,17109,,,,,,,,68435,,68435,,,,,,,,,,87036,,-1492,256834,386584,129750,129750,42714,,85544,,,,68435,,,,,,
,,,8488,吉源-KY,,,,79327,,,,,,,,,,,-0.19,1,,上市,115,3634,,,,,,,,-13966,,65361,,,,,,-13966,,,,-19360,,9028,974282,1012821,38539,38539,57899,,-10332,,65361,,-13966,,,,,,
,,,8499,鼎炫-KY,,,,362589,,,,,,,,,,,2.61,1,,上市,115,47436,,,,,,,,160086,,522675,,,,,,107577,52509,,,166690,,40832,504654,909590,404936,404936,238246,,207522,,348539,174136,160086,,,,,,
,,,8926,台汽電,,,,5512,,,,,,,,,,,2.11,1,314779,上市,115,215282,,,,,,,,1784937,,1790449,,,,,,1543873,241064,,,1158449,,841770,12537736,13705478,1167742,1482521,324072,,2000219,,1548915,241534,1784937,,,,,,
,,,8940,新天地,,,,,,,,,,,,,,,1.34,1,,上市,115,25470,,,,,,,,98296,,98296,,,,,,90250,8046,,,128843,,-5077,291579,624039,332460,332460,203617,,123766,,90250,8046,98296,,,,,,
,,,8996,高力,,,,85372,,,,,,,,,,,6.54,1,,上市,115,154549,,,,,,,,605668,,691040,,,,,,605668,,,,708890,,51327,2429574,3422971,993397,993397,284507,,760217,,691040,,605668,,,,,,
,,,9802,鈺齊-KY,,,,236181,,,,,,,,,,,0.89,1,,上市,115,52137,,,,,,,,178027,,414208,,,,,,178765,-738,,,188685,,41479,3092217,3674610,582393,582393,393708,,230164,,414991,-783,178027,,,,,,
,,,9902,台火,,,,,,,,,,,,,,,0.17,1,,上市,115,129,,,,,,,,16905,,16905,,,,,,16919,-14,,,657,,16377,15504,22713,7209,7209,6552,,17034,,16919,-14,16905,,,,,,
,,,9904,寶成,,,,15752978,,,,,,,,,,,0.76,1,,上市,115,725518,,,,,,,,3068626,,18821604,,,,,,2230126,838500,,,1993963,,1800181,49122087,63091727,13969640,13969640,11975677,,3794144,,16189604,2632000,3068626,,,,,,
,,,9905,大華,,,,190201,,,,,,,,,,,0.35,1,,上市,115,37653,,,,,,,,108430,,298631,,,,,,108152,278,,,110504,,35579,2034482,2262403,227921,227921,117417,,146083,,290957,7674,108430,,,,,,
,,,9906,欣巴巴,,,,,,,,,,,,,,,1.57,1,,上市,115,45564,,,,,,,,141823,,141823,,,,,,141823,,,,201630,,-14243,510107,816381,306274,306274,104644,,187387,,141823,,141823,,,,,,
,,,9907,統一實,,,,610571,,,,,,,,,,,0.17,1,,上市,115,172695,,,,,,,,242189,,852760,,,,,,263276,-21087,,,401115,,13769,9324687,10442730,1118043,1118043,716928,,414884,,846678,6082,242189,,,,,,
,,,9908,大台北,-542,,,514802,,,,,,,,,,,0.33,1,,上市,115,31961,,,,,,,,168871,,683673,,,,,,164533,4338,,,134642,,66190,736529,937492,200963,200963,65779,,200832,,655231,28442,168871,,,,,,
,,,9910,豐泰,,,,310784,,,,,,,,,,,0.68,1,,上市,115,289836,,,,,,,,668608,,979392,,,,,,673975,-5367,,,769321,,189123,15889994,19234899,3344905,3344905,2575584,,958444,,953422,25970,668608,,,,,,
,,,9911,櫻花,,,,22487,,,,,,,,,,,1.87,1,,上市,115,94847,,,,,,,,406886,,429373,,,,,,408467,-1581,,,483006,,18727,1872284,2910126,1037842,1037842,554836,,501733,,430954,-1581,406886,,,,,,
,,,9912,偉聯,,,,-546,,,,,,,,,,,-0.19,1,,上市,115,595,,,,,,,,-12521,,-13067,,,,,,-10227,-2294,,,-11615,,-311,62959,113108,50149,50149,61764,,-11926,,-10773,-2294,-12521,,,,,,
,,,9914,美利達,,,,246868,,,,,,,,,,,1.09,1,,上市,115,86163,,,,,,65828,,327987,,574855,,,,,,325661,2326,,,277586,,136564,4439562,5323065,883503,817675,540089,,414150,,566574,8281,327987,,,,,,
,,,9917,中保科,,,,-23777,,,,,,,,,,,1.60,1,,上市,115,165675,,,,,,,,725628,,701851,,,,,,710138,15490,,,824630,,66673,3095331,4682948,1587617,1587617,762987,,891303,,686309,15542,725628,,,,,,
,,,9918,欣天然,,,,,,,,,,,,,,,0.63,1,,上市,115,22499,,,,,,,,111275,,111275,,,,,,111275,,,,121756,,12018,439605,634691,195086,195086,73330,,133774,,111275,,111275,,,,,,
,,,9919,康那香,,,,12876,,,,,,,,,,,-0.52,1,,上市,115,1098,,,,,,,,-100694,,-87818,,,,,,-100694,,,,-103074,,3478,612257,677599,65342,65342,168416,,-99596,,-87818,,-100694,,,,,,
,,,9921,巨大,,,,561624,,,,,,,,,,,-0.51,1,,上市,115,-23472,,,,,,,,-147091,,414533,,,,,,-199773,52682,,,-191441,,20878,10064738,12523541,2458803,2458803,2650244,,-170563,,275379,139154,-147091,,,,,,
,,,9924,福興,,,,1288,,,,,,,,,,,0.54,1,,上市,115,14976,,,,,,,,82680,,83968,,,,,,81087,1593,,,71217,,26439,1187589,1482990,295401,295401,224184,,97656,,82375,1593,82680,,,,,,
,,,9925,新保,,,,314806,,,,,,,,,,,0.47,1,,上市,115,46267,,,,,,,,190245,,505051,,,,,,180710,9535,,,225981,,10531,1436411,2117745,681334,681334,455353,,236512,,476224,28827,190245,,,,,,
,,,9926,新海,837,,,108081,,,,,,,,,,,0.68,1,,上市,115,30670,,,,,,,,122288,,230369,,,,,,122288,,,,131106,,21852,518439,702290,183851,183851,53582,,152958,,230369,,122288,,,,,,
,,,9927,泰銘,,,,35519,,,,,,,,,,,1.12,1,,上市,115,34649,,,,,,,,134609,,170128,,,,,,134036,573,,,139162,,30096,1978174,2174176,196002,196002,56840,,169258,,169567,561,134609,,,,,,
,,,9928,中視,,,,-3985,,,,,,,,,,,-0.51,1,,上市,115,0,,,,,,,,-35742,,-39727,,,,,,-35742,0,,,-45093,,9351,230409,227172,-3237,-3237,41856,,-35742,,-39727,0,-35742,,,,,,
,,,9929,秋雨,,,,22435,,,,,,,,,,,0.22,1,,上市,115,0,,,,,,,,24936,,47371,,,,,,22658,2278,,,20800,,4136,129978,172802,42824,42824,22024,,24936,,45093,2278,24936,,,,,,
,,,9930,中聯資源,,,,43309,,,,,,,,,,,1.10,1,,上市,115,70022,,,,,,,,278807,,322116,,,,,,272804,6003,,,348246,,583,2793163,3286610,493447,493447,145201,,348829,,312577,9539,278807,,,,,,
,,,9931,欣高,,,,63658,,,,,,,,,,,0.69,1,,上市,115,21897,,,,,,,,86065,,149723,,,,,,83366,2699,,,49459,,58503,357786,429478,71692,71692,22233,,107962,,146943,2780,86065,,,,,,
,,,9933,中鼎,,,,283940,,,,,,,,,,,1.00,1,,上市,115,521286,,,,,,,,1141258,,1425198,,,,,,892046,249212,,,1663896,,-1352,14954414,17199079,2244665,2244665,580769,,1662544,,1167824,257374,1141258,,,,,,
,,,9934,成霖,,,,132145,,,,,,,,,,,0.28,1,,上市,115,65010,,,,,,,,114005,,246150,,,,,,114005,0,,,215608,,-36593,3076378,4675859,1599481,1599481,1383873,,179015,,246150,0,114005,,,,,,
,,,9935,慶豐富,,,,68563,,,,,,,,,,,0.51,1,,上市,115,35715,,,,,,,,89363,,157926,,,,,,89363,,,,129050,,-3972,877653,1207014,329361,329361,200311,,125078,,157926,,89363,,,,,,
,,,9937,全國,,,,-23892,,,,,,,,,,,0.66,1,,上市,115,50938,,,,,,,,202674,,178782,,,,,,202674,0,,,228714,,24898,4682698,5403497,720799,720799,492085,,253612,,178782,0,202674,,,,,,
,,,9938,百和,,,,306550,,,,,,,,,,,0.87,1,,上市,115,129637,,,,,,,,295529,,602079,,,,,,260126,35403,,,520713,,-95547,2754198,4039116,1284918,1284918,764205,,425166,,468315,133764,295529,,,,,,
,,,9939,宏全,,,,9893,,,,,,,,,,,2.25,1,,上市,115,177064,,,,,,,,675746,,685639,,,,,,664457,11289,,,905992,,-53182,5327482,6859793,1532311,1532311,626319,,852810,,764769,-79130,675746,,,,,,
,,,9940,信義,,,,209748,,,,,,,,,,,0.22,1,,上市,115,69452,,,,,,,,163001,,372749,,,,,,159582,3419,,,209493,,22960,2211799,2876811,665012,665012,455519,,232453,,369330,3419,163001,,,,,,
,,,9941,裕融,,,,209399,,,,,,,,,,,1.82,1,,上市,115,301331,,,,,,,,1080699,,1290098,,,,,,1104074,-23375,,,1390166,,-8136,5401057,9588907,4187850,4187850,2797684,,1382030,,1313473,-23375,1080699,,,,,,
,,,9942,茂順,,,,57805,,,,,,,,,,,2.22,1,-829,上市,115,92270,,,,,,,,184440,,242245,,,,,,184517,-77,,,264944,,11766,649978,1082513,432535,431706,166762,,276710,,242400,-155,184440,,,,,,
,,,9943,好樂迪,,,,,,,,,,,,,,,1.88,1,,上市,115,28197,,,,,,,,160357,,160357,,,,,,158837,1520,,,120688,,67866,294984,630741,335757,335757,215069,,188554,,158837,1520,160357,,,,,,
,,,9944,新麗,,,,40139,,,,,,,,,,,0.65,1,,上市,115,40853,,,,,,,,73962,,114101,,,,,,68907,5055,,,98268,,16547,460560,704581,244021,244021,145753,,114815,,111988,2113,73962,,,,,,
,,,9945,潤泰新,,,,17166874,,,,,,,,,,,0.99,1,,上市,115,275592,,,,,,,,3249326,,20416200,,,,,,2706817,542509,,,1558595,,1966323,6624634,8802139,2177505,2177505,618910,,3524918,,20184387,231813,3249326,,,,,,
,,,9946,三發地產,,,,-18000,,,,,,,,,,,2.56,1,,上市,115,218010,,,,,,,,830572,,812572,,,,,,830572,,,,1070680,,-22098,1055694,2286025,1230331,1230331,159651,,1048582,,812572,,830572,,,,,,
,,,9955,佳龍,,,,2237,,,,,,,,,,,0.05,1,,上市,115,0,,,,,,,,5034,,7271,,,,,,5034,0,,,26231,,-21197,385235,445902,60667,60667,34436,,5034,,7271,0,5034,,,,,,
,,,9958,世紀鋼,,,,2157,,,,,,,,,,,2.63,1,,上市,115,303816,,,,,,,,1036683,,1038840,,,,,,650007,386676,,,1316782,,23717,3051932,4568125,1516193,1516193,199411,,1340499,,650736,388104,1036683,,,,,,
