不動產及設備,不動產及設備－淨額,使用權資產,使用權資產－淨額,保留盈餘,保留盈餘（或累積虧損）,保險負債,公司代號,公司名稱,共同控制下前手權益,其他借款,其他權益,其他負債,其他資產,其他資產－淨額,其他金融負債,其他金融資產－淨額,具金融商品性質之保險契約準備,再保險合約資產,再保險合約資產－淨額,分離帳戶保險商品負債,分離帳戶保險商品資產,受限制資產－淨額,合併前非屬共同控制股權,外匯價格變動準備,央行及同業融資,央行及金融同業存款,央行及銀行同業存款,存放央行及拆借金融同業,存放央行及拆借銀行同業,存款及匯款,季別,市場,年度,庫藏股票,待出售資產,待出售資產－淨額,待分配予業主之資產（或處分群組）,待分配予業主之資產－淨額,待註銷股本股數（單位：股）,應付債券,應付公司債,應付商業本票－淨額,應付款項,應付金融債券,應收款項,應收款項－淨額,投資,投資性不動產投資－淨額,投資性不動產－淨額,按攤銷後成本衡量之債務工具投資,採用權益法之投資－淨額,本期所得稅負債,本期所得稅資產,權益─具證券性質之虛擬通貨,權益總計,權益總額,權益－具證券性質之虛擬通貨,歸屬於母公司業主之權益,歸屬於母公司業主之權益合計,歸屬於母公司業主權益合計,母公司暨子公司所持有之母公司庫藏股股數（單位：股）,母公司暨子公司持有之母公司庫藏股股數（單位：股）,每股參考淨值,流動負債,流動資產,無形資產,無形資產－淨額,特別股負債,現金及約當現金,當期所得稅負債,當期所得稅資產,短期債務,租賃負債,股本,與待出售資產直接相關之負債,負債準備,負債總計,負債總額,貼現及放款－淨額,資本公積,資產總計,資產總額,透過其他綜合損益按公允價值衡量之金融資產,透過損益按公允價值衡量之金融負債,透過損益按公允價值衡量之金融資產,遞延所得稅負債,遞延所得稅資產,避險之衍生金融負債,避險之衍生金融負債－淨額,避險之衍生金融資產,避險之衍生金融資產淨額,附買回票券及債券負債,附賣回票券及債券投資,附賣回票券及債券投資淨額,非控制權益,非流動負債,非流動資產,預收股款（權益項下）之約當發行股數（單位：股）
,,,,68806743,,,1101,台泥,,,14822862,,,,,,,,,,,,,,,,,,,,3,上市,112,-732459,,,,,,,,,,,,,,,,,,,,,244726491,,,,222398369,,20000000,,30.32,94338554,163318027,,,,,,,,,73561817,,,228190971,,,65939406,472917462,,,,,,,,,,,,,,22328122,133852417,309599435,0
,,,,116564985,,,1102,亞泥,,,9294095,,,,,,,,,,,,,,,,,,,,3,上市,112,,,,,,,,,,,,,,,,,,,,,,191706450,,,,168143213,,0,,47.41,84451777,121392947,,,,,,,,,35465629,,,144251304,,,6818504,335957754,,,,,,,,,,,,,,23563237,59799527,214564807,0
,,,,10315233,,,1103,嘉泥,,,2859400,,,,,,,,,,,,,,,,,,,,3,上市,112,-1077950,,,,,,,,,,,,,,,,,,,,,21993122,,,,21272466,,131352726,,32.29,3638594,10641592,,,,,,,,,7902474,,,14086940,,,1273309,36080062,,,,,,,,,,,,,,720656,10448346,25438470,0
,,,,13746034,,,1104,環泥,,,1384300,,,,,,,,,,,,,,,,,,,,3,上市,112,,,,,,,,,,,,,,,,,,,,,,22777981,,,,21986008,,0,,32.66,3891311,6529436,,,,,,,,,6732175,,,5550211,,,123499,28328192,,,,,,,,,,,,,,791973,1658900,21798756,0
,,,,1061365,,,1108,幸福,,,-104523,,,,,,,,,,,,,,,,,,,,3,上市,112,,,,,,,,,,,,,,,,,,,,,,5004310,,,,5004240,,0,,12.36,3119415,6005588,,,,,,,,,4047380,,,4800236,,,18,9804546,,,,,,,,,,,,,,70,1680821,3798958,0
,,,,4665202,,,1109,信大,,,-128791,,,,,,,,,,,,,,,,,,,,3,上市,112,0,,,,,0,,,,,,,,,,,,,,,,9847094,,,,7963697,,0,,23.34,1247205,6398519,,,,,,,,,3411589,,,1432555,,,15697,11279649,,,,,,,,,,,,,,1883397,185350,4881130,0
,,,,2312462,,,1110,東泥,,,696469,,,,,,,,,,,,,,,,,,,,3,上市,112,-12185,,,,,,,,,,,,,,,,,,,,,8984191,,,,8905442,,2112865,,15.63,1446110,2300255,,,,,,,,,5720008,,,2478465,,,188688,11462656,,,,,,,,,,,,,,78749,1032355,9162401,0
,,,,2438124,,,1201,味全,,,-142083,,,,,,,,,,,,,,,,,,,,3,上市,112,,,,,,0,,,,,,,,,,,,,,,,7400670,,,,7392785,,0,,14.61,7739745,7445031,,,,,,,,,5060629,,,11533233,,,36115,18933903,,,,,,,,,,,,,,7885,3793488,11488872,0
,,,,3094973,,,1203,味王,,,119011,,,,,,,,,,,,,,,,,,,,3,上市,112,-38464,,,,,0,,,,,,,,,,,,,,,,6528096,,,,5621536,,2293865,,23.65,2129822,4612695,,,,,,,,,2400000,,,3605630,,,46016,10133726,,,,,,,,,,,,,,906560,1475808,5521031,0
,,,,9225370,,,1210,大成,,,1451570,,,,,,,,,,,,,,,,,,,,3,上市,112,-219132,,,,,,,,,,,,,,,,,,,,,31447030,,,,22889773,,49059471,,27.07,29763954,30066408,,,,,,,,,8947673,,,33290366,,,3484292,64737396,,,,,,,,,,,,,,8557257,3526412,34670988,0
,,,,-319001,,,1213,大飲,,,-158,,,,,,,,,,,,,,,,,,,,3,上市,112,,,,,,0,,,,,,,,,,,,,,,,269005,,,,269005,,0,,4.75,330794,117804,,,,,,,,,566226,,,649117,,,21938,918122,,,,,,,,,,,,,,,318323,800318,0
,,,,5534282,,,1215,卜蜂,,,733757,,,,,,,,,,,,,,,,,,,,3,上市,112,,,,,,0,,,,,,,,,,,,,,,,9697384,,,,9226539,,0,,31.30,8599256,7829069,,,,,,,,,2947901,,,16117808,,,10599,25815192,,,,,,,,,,,,,,470845,7518552,17986123,0
,,,,69284141,,,1216,統一,,,-2164314,,,,,,,,,,,,,,,,,,,,3,上市,112,,,,,,0,,,,,,,,,,,,,,,,196651802,,,,126770929,,0,,22.31,245451587,226344013,,,,,,,,,56820154,,,468282181,,,2830948,664933983,,,,,,,,,,,,,,69880873,222830594,438589970,0
,,,,1146930,,,1217,愛之味,,,417757,,,,,,,,,,,,,,,,,,,,3,上市,112,,,,,,0,,,,,,,,,,,,,,,,7541371,,,,6777883,,0,,13.71,3277895,3104834,,,,,,,,,4945134,,,6888293,,,268062,14429664,,,,,,,,,,,,,,763488,3610398,11324830,0
,,,,6169101,,,1218,泰山,,,-15460,,,,,,,,,,,,,,,,,,,,3,上市,112,-203876,,,,,,,,,,,,,,,,,,,,,11969609,,,,11964252,,13680042,,24.60,1820532,5823191,,,,,,,,,4999990,,,2052819,,,1014497,14022428,,,,,,,,,,,,,,5357,232287,8199237,0
,,,,1136851,,,1219,福壽,,,-4827,,,,,,,,,,,,,,,,,,,,3,上市,112,-6735,,,,,,,,,,,,,,,,,,,,,4528676,,,,4456953,,364000,,13.45,3319798,5495931,,,,,,,,,3316634,,,5309192,,,15030,9837868,,,,,,,,,,,,,,71723,1989394,4341937,0
,,,,469748,,,1220,台榮,,,0,,,,,,,,,,,,,,,,,,,,3,上市,112,-10879,,,,,,,,,,,,,,,,,,,,,2464211,,,,2252764,,679000,,12.77,418556,1749442,,,,,,,,,1770779,,,615152,,,23116,3079363,,,,,,,,,,,,,,211447,196596,1329921,0
,,,,1061541,,,1225,福懋油,,,-97859,,,,,,,,,,,,,,,,,,,,3,上市,112,,,,,,,,,,,,,,,,,,,,,,3786209,,,,3383209,,0,,14.73,2831154,4186252,,,,,,,,,2296382,,,4227430,,,123145,8013639,,,,,,,,,,,,,,403000,1396276,3827387,0
,,,,8252284,,,1227,佳格,,,-157174,,,,,,,,,,,,,,,,,,,,3,上市,112,-21182,,,,,0,,,,,,,,,,,,,,,,17658999,,,,17390410,,6669471,,19.14,9265823,18361391,,,,,,,,,9150897,,,9652341,,,165585,27311340,,,,,,,,,,,,,,268589,386518,8949949,0
,,,,14523220,,,1229,聯華,,,11578887,,,,,,,,,,,,,,,,,,,,3,上市,112,-136868,,,,,0,,,,,,,,,,,,,,,,60789808,,,,42955376,,6383000,,27.23,13096218,14204494,,,,,,,,,15837396,,,17031740,,,1152741,77821548,,,,,,,,,,,,,,17834432,3935522,63617054,0
,,,,2718748,,,1231,聯華食,,,10919,,,,,,,,,,,,,,,,,,,,3,上市,112,,,,,,,,,,,,,,,,,,,,,,5308523,,,,5290073,,0,,21.45,3278317,4975113,,,,,,,,,2466566,,,6723284,,,93840,12031807,,,,,,,,,,,,,,18450,3444967,7056694,0
,,,,3448089,,,1232,大統益,,,-8132,,,,,,,,,,,,,,,,,,,,3,上市,112,,,,,,0,,,,,,,,,,,,,,,,5206517,,,,5063490,,0,,31.65,1629555,5801499,,,,,,,,,1599749,,,2650766,,,23784,7857283,,,,,,,,,,,,,,143027,1021211,2055784,0
,,,,482969,,,1233,天仁,0,,52758,,,,,,,,,,,,,,,,,,,,3,上市,112,-1974,,,,,0,,,,,,,,,,,,,,,,1461399,,,,1457856,,43000,,16.10,568133,726085,,,,,,,,,905919,,,880693,,,18184,2342092,,,,,,,,,,,,,,3543,312560,1616007,0
,,,,14159667,,,1234,黑松,,,31418,,,,,,,,,,,,,,,,,,,,3,上市,112,0,,,,,,,,,,,,,,,,,,,,,18395874,,,,18395874,,0,,45.78,2293540,8418432,,,,,,,,,4018711,,,4717342,,,186078,23113216,,,,,,,,,,,,,,0,2423802,14694784,0
,,,,711048,,,1235,興泰,,,96597,,,,,,,,,,,,,,,,,,,,3,上市,112,-841383,,,,,,,,,,,,,,,,,,,,,1866386,,,,1714807,,113226948,,47.06,2037757,865546,,,,,,,,,1496648,,,2469147,,,251897,4335533,,,,,,,,,,,,,,151579,431390,3469987,0
,,,,1011879,,,1236,宏亞,,,485090,,,,,,,,,,,,,,,,,,,,3,上市,112,,,,,,,,,,,,,,,,,,,,,,2397914,,,,2397914,,0,,27.67,789519,689368,,,,,,,,,866740,,,1310031,,,34205,3707945,,,,,,,,,,,,,,,520512,3018577,0
,,,,2453464,,,1256,鮮活果汁-KY,,,-64721,,,,,,,,,,,,,,,,,,,,3,上市,112,,,,,,,,,,,,,,,,,,,,,,4380823,,,,3872727,,0,,114.43,708152,2868997,,,,,,,,,338422,,,791586,,,1145562,5172409,,,,,,,,,,,,,,508096,83434,2303412,0
,,,,213787520,,,1301,台塑,0,,60512407,,,,,,,,,,,,,,,,,,,,3,上市,112,0,,,,,,,,,,,,,,,,,,,,0,349788209,,,,349788209,,0,,54.95,88194824,150183583,,,,,,,,,63657408,,,172039576,,,11830874,521827785,,,,,,,,,,,,,,0,83844752,371644202,0
,,,,229893242,,,1303,南亞,,,28287590,,,,,,,,,,,,,,,,,,,,3,上市,112,,,,,,0,,,,,,,,,,,,,,,,382060208,,,,365223956,,0,,46.05,135736792,220538274,,,,,,,,,79308216,,,276592994,,,27734908,658653202,,,,,,,,,,,,,,16836252,140856202,438114928,0
,,,,11894065,,,1304,台聚,,,139572,,,,,,,,,,,,,,,,,,,,3,上市,112,-475606,,,,,,,,,,,,,,,,,,,,,49313057,,,,23921223,,116465574,,22.31,11438981,29970625,,,,,,,,,11887635,,,26194763,,,475557,75507820,,,,,,,,,,,,,,25391834,14755782,45537195,0
,,,,3760677,,,1305,華夏,,,69725,,,,,,,,,,,,,,,,,,,,3,上市,112,,,,,,,,,,,,,,,,,,,,,,10296761,,,,9656685,,0,,16.62,3133693,6971807,,,,,,,,,5810505,,,7212994,,,15778,17509755,,,,,,,,,,,,,,640076,4079301,10537948,0
,,,,4801516,,,1307,三芳,,,214842,,,,,,,,,,,,,,,,,,,,3,上市,112,,,,,,,,,,,,,,,,,,,,,,9139869,,,,9139869,,0,,22.97,3880127,9723269,,,,,,,,,3978181,,,6886859,,,145330,16026728,,,,,,,,,,,,,,,3006732,6303459,0
,,,,6847869,,,1308,亞聚,,,847756,,,,,,,,,,,,,,,,,,,,3,上市,112,,,,,,,,,,,,,,,,,,,,,,13669961,,,,13669961,,0,,23.02,885576,3269604,,,,,,,,,5937438,,,1600767,,,36898,15270728,,,,,,,,,,,,,,,715191,12001124,0
,,,,2661707,,,1309,台達化,,,224954,,,,,,,,,,,,,,,,,,,,3,上市,112,,,,,,0,,,,,,,,,,,,,,,,6865686,,,,6865686,,0,,17.27,1765092,5600516,,,,,,,,,3975868,,,2133062,,,3157,8998748,,,,,,,,,,,,,,,367970,3398232,0
,,,,930332,,,1310,台苯,,,72464,,,,,,,,,,,,,,,,,,,,3,上市,112,0,,,,,,,,,,,,,,,,,,,,,6615578,,,,6357102,,0,,12.04,2148072,2708017,,,,,,,,,5278698,,,2442202,,,75608,9057780,,,,,,,,,,,,,,258476,294130,6349763,0
,,,,22460538,,,1312,國喬,,,-285318,,,,,,,,,,,,,,,,,,,,3,上市,112,-49858,,,,,,,,,,,,,,,,,,,,,34879245,,,,31585537,,1776000,,34.15,8711012,15642819,,,,,,,,,9266203,,,26889155,,,193972,61768400,,,,,,,,,,,,,,3293708,18178143,46125581,0
,,,,5030198,,,1313,聯成,,,10441799,,,,,,,,,,,,,,,,,,,,3,上市,112,-438941,,,,,,,,,,,,,,,,,,,,,30047664,,,,30047664,,38665000,,22.68,16211304,22472019,,,,,,,,,13625756,,,26788854,,,1388852,56836518,,,,,,,,,,,,,,,10577550,34364499,6676500
,,,,39019976,,,1314,中石化,,,-806216,,,,,,,,,,,,,,,,,,,,3,上市,112,,,,,,0,,,,,,,,,,,,,,,,77756554,,,,77642925,,0,,20.51,28530034,68817054,,,,,,,,,37848502,,,67262318,,,1580663,145018872,,,,,,,,,,,,,,113629,38732284,76201818,0
,,,,7632328,,,1315,達新,,,1751284,,,,,,,,,,,,,,,,,,,,3,上市,112,-83230,,,,,0,,,,,,,,,,,,,,,,10543491,,,,10513241,,3572068,,110.06,513950,7548091,,,,,,,,,990990,,,736377,,,221869,11279868,,,,,,,,,,,,,,30250,222427,3731777,0
,,,,-66012,,,1316,上曜,,,-162,,,,,,,,,,,,,,,,,,,,3,上市,112,-85984,,,,,0,,,,,,,,,,,,,,,,5738799,,,,2919219,,31004800,,11.77,6186273,9916243,,,,,,,,,2790580,,,6661397,,,280797,12400196,,,,,,,,,,,,,,2819580,475124,2483953,0
,,,,14524338,,,1319,東陽,,,286984,,,,,,,,,,,,,,,,,,,,3,上市,112,,,,,,,,,,,,,,,,,,,,,,25333907,,,,24876596,,0,,42.06,6867959,11402363,,,,,,,,,5914771,,,8927845,,,4150503,34261752,,,,,,,,,,,,,,457311,2059886,22859389,0
,,,,3164831,,,1321,大洋,,,342669,,,,,,,,,,,,,,,,,,,,3,上市,112,-36189,,,,,0,,,,,,,,,,,,,,,,5762509,,,,5762509,,6542716,,26.11,1091922,2423857,,,,,,,,,2272283,,,6488814,,,18915,12251323,,,,,,,,,,,,,,,5396892,9827466,0
,,,,1520553,,,1323,永裕,,,-45477,,,,,,,,,,,,,,,,,,,,3,上市,112,-2813,,,,,0,,,,,,,,,,,,,,,,2924348,,,,2445656,,1200017,,27.15,638997,2662361,,,,,,,,,912745,,,2617430,,,60648,5541778,,,,,,,,,,,,,,478692,1978433,2879417,0
,,,,241070,,,1324,地球,,,-20605,,,,,,,,,,,,,,,,,,,,3,上市,112,0,,,,,0,,,,,,,,,,,,,,,,972551,,,,972551,,0,,12.95,214743,840342,,,,,,,,,751219,,,227323,,,867,1199874,,,,,,,,,,,,,,0,12580,359532,0
,,,,1933377,,,1325,恆大,,,2180,,,,,,,,,,,,,,,,,,,,3,上市,112,,,,,,0,,,,,,,,,,,,,,,,2889290,,,,2791823,,0,,32.74,53407,1791611,,,,,,,,,852812,,,116277,,,3454,3005567,,,,,,,,,,,,,,97467,62870,1213956,0
,,,,190965450,,,1326,台化,,,76297335,,,,,,,,,,,,,,,,,,,,3,上市,112,-323952,,,,,0,,,,,,,,,,,,,,,,379678774,,,,334821458,,12169610,,57.24,106427878,216981380,,,,,,,,,58611863,,,185100684,,,9270762,564779458,,,,,,,,,,,,,,44857316,78672806,347798078,0
,,,,285051,,,1337,再生-KY,,,-361725,,,,,,,,,,,,,,,,,,,,3,上市,112,,,,,,,,,,,,,,,,,,,,,,4597377,,,,4597377,,0,,17.09,106678,2315184,,,,,,,,,2689547,,,169493,,,1984504,4766870,,,,,,,,,,,,,,,62815,2451686,0
,,,,3150229,,,1338,廣華-KY,,,-526443,,,,,,,,,,,,,,,,,,,,3,上市,112,,,,,,0,,,,,,,,,,,,,,,,6577790,,,,6249276,,0,,74.54,3466289,5648345,,,,,,,,,838400,,,4508254,,,2787090,11086044,,,,,,,,,,,,,,328514,1041965,5437699,0
,,,,2003363,,,1339,昭輝,,,-112144,,,,,,,,,,,,,,,,,,,,3,上市,112,0,,,,,0,,,,,,,,,,,,,,,,3924133,,,,3825807,,0,,51.61,851435,1808827,,,,,,,,,741239,,,1422221,,,1193349,5346354,,,,,,,,,,,,,,98326,570786,3537527,0
,,,,848348,,,1340,勝悅-KY,0,,-583951,,,,,,,,,,,,,,,,,,,,3,上市,112,,,,,,,,,,,,,,,,,,,,,,4334440,,,,4334440,,0,,28.34,127693,1597266,,,,,,,,,1529229,,,248537,,,2540814,4582977,,,,,,,,,,,,,,0,120844,2985711,0
,,,,731527,,,1341,富林-KY,,,-242123,,,,,,,,,,,,,,,,,,,,3,上市,112,,,,,,,,,,,,,,,,,,,,,,1303706,,,,1303706,,0,,25.23,763338,1407254,,,,,,,,,516636,,,808042,,,297666,2111748,,,,,,,,,,,,,,,44704,704494,0
,,,,774666,,,1342,八貫,,,-22917,,,,,,,,,,,,,,,,,,,,3,上市,112,-180,,,,,,,,,,,,,,,,,,,,,2111272,,,,,,180,,29.62,596999,1957483,,,,,,,,,713475,,,1023605,,,646228,3134877,,,,,,,,,,,,,,,426606,1177394,0
,,,,151686751,,,1402,遠東新,,,5705997,,,,,,,,,,,,,,,,,,,,3,上市,112,-25063,,,,,,,,,,,,,,,,,,,,,280879326,,,,217596290,,779000,,40.66,151225189,132986764,,,,,,,,,53528751,,,355531339,,,6699854,636410665,,,,,,,,,,,,,,63283036,204306150,503423901,0
,,,,13546614,,,1409,新纖,,,4174661,,,,,,,,,,,,,,,,,,,,3,上市,112,-29834,,,,,,,,,,,,,,,,,,,,,,46234925,,,35838080,,4680487,,22.21,119265945,121431657,,,,,,,,,16184093,,,141806466,,,1962546,188041391,,,,,,,,,,,,,,10396845,22540521,66609734,0
,,,,425451,,,1410,南染,,,-2486,,,,,,,,,,,,,,,,,,,,3,上市,112,,,,,,0,,,,,,,,,,,,,,,,1118350,,,,1075323,,0,,17.07,41834,605084,,,,,,,,,630000,,,213025,,,22358,1331375,,,,,,,,,,,,,,43027,171191,726291,0
,,,,-193705,,,1413,宏洲,,,-8703,,,,,,,,,,,,,,,,,,,,3,上市,112,,,,,,,,,,,,,,,,,,,,,,1118716,,,,,,0,,8.47,601531,686391,,,,,,,,,1321124,,,1423619,,,0,2542335,,,,,,,,,,,,,,,822088,1855944,0
,,,,1044876,,,1414,東和,,,-156383,,,,,,,,,,,,,,,,,,,,3,上市,112,0,,,,,,,,,,,,,,,,,,,,,3088493,,,,,,0,,14.04,820070,1235355,,,,,,,,,2200000,,,1506498,,,0,4594991,,,,,,,,,,,,,,,686428,3359636,0
,,,,1448504,,,1416,廣豐,,,213178,,,,,,,,,,,,,,,,,,,,3,上市,112,,,,,,0,,,,,,,,,,,,,,,,3632561,,,,3565183,,0,,19.24,113543,883620,,,,,,,,,1853422,,,850209,,,50079,4482770,,,,,,,,,,,,,,67378,736666,3599150,0
,,,,452738,,,1417,嘉裕,,,310391,,,,,,,,,,,,,,,,,,,,3,上市,112,,,,,,,,,,,,,,,,,,,,,,2662548,,,,2662548,,0,,14.02,879427,2475701,,,,,,,,,1899419,,,1243218,,,,3905766,,,,,,,,,,,,,,,363791,1430065,0
,,,,-892331,,,1418,東華,,,1551007,,,,,,,,,,,,,,,,,,,,3,上市,112,-80333,,,,,0,,,,,,,,,,,,,,,,1154705,,,,1154694,,2522865,,21.26,2619436,767677,,,,,,,,,568343,,,3106592,,,8008,4261297,,,,,,,,,,,,,,11,487156,3493620,0
,,,,4518633,,,1419,新紡,,,4927087,,,,,,,,,,,,,,,,,,,,3,上市,112,-13174,,,,,,,,,,,,,,,,,,,,,12444174,,,,12444174,,803829,,41.59,3727944,4572894,,,,,,,,,3000413,,,5043745,,,11215,17487919,,,,,,,,,,,,,,,1315801,12915025,0
,,,,739044,,,1423,利華,,,912287,,,,,,,,,,,,,,,,,,,,3,上市,112,,,,,,,,,,,,,,,,,,,,,,2753908,,,,,,0,,27.64,448860,1362407,,,,,,,,,996480,,,682262,,,106097,3436170,,,,,,,,,,,,,,,233402,2073763,0
,,,,-223088,,,1432,大魯閣,,,-81908,,,,,,,,,,,,,,,,,,,,3,上市,112,0,,,,,0,,,,,,,,,,,,,,,,806073,,,,794857,,0,,8.83,1481980,1061174,,,,,,,,,900000,,,4204874,,,199853,5010947,,,,,,,,,,,,,,11216,2722894,3949773,0
,,,,19167795,,,1434,福懋,,,17241513,,,,,,,,,,,,,,,,,,,,3,上市,112,-19064,,,,,0,,,,,,,,,,,,,,,,54573010,,,,54573010,,2193228,,32.44,5945939,17213573,,,,,,,,,16846646,,,18291987,,,1336120,72864997,,,,,,,,,,,,,,,12346048,55651424,0
,,,,-413199,,,1435,中福,,,-128835,,,,,,,,,,,,0,,,,,,,,3,上市,112,0,,,,,,,,,,,,,,,,,,,,,980904,,,,,,0,,7.02,9562,462942,,,,,,,,,1397801,,,188498,,,125137,1169402,,,,,,,,,,,,,,,178936,706460,0
,,,,1426566,,,1436,華友聯,,,14231,,,,,,,,,,,,,,,,,,,,3,上市,112,,,,,,0,,,,,,,,,,,,,,,,2904899,,,,2788463,,0,,28.46,7524519,12093075,,,,,,,,,979743,,,11530934,,,367923,14435833,,,,,,,,,,,,,,116436,4006415,2342758,688852
,,,,4680478,,,1437,勤益控,,,420593,,,,,,,,,,,,,,,,,,,,3,上市,112,,,,,,0,,,,,,,,,,,,,,,,7475436,,,,7474486,,0,,36.75,3825889,2259944,,,,,,,,,2033713,,,5433951,,,339702,12909387,,,,,,,,,,,,,,950,1608062,10649443,0
,,,,298652,,,1438,三地開發,,,0,,,,,,,,,,,,,,,,,,,,3,上市,112,,,,,,,,,,,,,,,,,,,,,,1885027,,,,,,0,,20.67,3337692,5386720,,,,,,,,,912058,,,7550493,,,674317,9435520,,,,,,,,,,,,,,,4212801,4048800,0
,,,,1475452,,,1439,雋揚,0,,-165766,,,,,,,,,,,,,,,,,,,,3,上市,112,,,,,,,,,,,,,,,,,,,,,,2967757,,,,2411528,,0,,26.21,1738609,3067697,,,,,,,,,920000,,,2250245,,,181842,5218002,,,,,,,,,,,,,,556229,511636,2150305,0
,,,,10016967,,,1440,南紡,,,376335,,,,,,,,,,,,,,,,,,,,3,上市,112,,,,,,0,,,,,,,,,,,,,,,,27392538,,,,27034051,,0,,16.32,11489025,13321188,,,,,,,,,16568159,,,22237623,,,72590,49630161,,,,,,,,,,,,,,358487,10748598,36308973,0
,,,,-221411,,,1441,大東,,,-13787,,,,,,,,,,,,,,,,,,,,3,上市,112,,,,,,0,,,,,,,,,,,,,,,,440099,,,,416940,,0,,6.59,1243585,652805,,,,,,,,,632952,,,1488940,,,19186,1929039,,,,,,,,,,,,,,23159,245355,1276234,0
,,,,1064895,,,1442,名軒,,,3142,,,,,,,,,,,,,,,,,,,,3,上市,112,,,,,,,,,,,,,,,,,,,,,,5722002,,,,5722002,,0,,15.62,10586591,18760459,,,,,,,,,3662113,,,13628823,,,991852,19350825,,,,,,,,,,,,,,,3042232,590366,0
,,,,-220475,,,1443,立益物流,,,767063,,,,,,,,,,,,,,,,,,,,3,上市,112,,,,,,0,,,,,,,,,,,,,,,,1496817,,,,1900719,,0,,14.04,3117151,556904,,,,,,,,,1353430,,,5415155,,,701,6911972,,,,,,,,,,,,,,-403902,2298004,6355068,0
,,,,799708,,,1444,力麗,,,139168,,,,,,,,,,,,,,,,,,,,3,上市,112,-28470,,,,,,,,,,,,,,,,,,,,,12309754,,,,10961125,,11204989,,11.13,5559876,6669987,,,,,,,,,9955950,,,7333431,,,94769,19643185,,,,,,,,,,,,,,1348629,1773555,12973198,0
,,,,244015,,,1445,大宇,,,197975,,,,,,,,,,,,,,,,,,,,3,上市,112,,,,,,,,,,,,,,,,,,,,,,1750100,,,,1750100,,0,,13.39,679842,1482042,,,,,,,,,1306660,,,824749,,,1450,2574849,,,,,,,,,,,,,,,144907,1092807,0
,,,,26377,,,1446,宏和,,,-25818,,,,,,,,,,,,,,,,,,,,3,上市,112,0,,,,,0,,,,,,,,,,,,,,,,1384238,,,,1384238,,0,,10.05,791691,4335400,,,,,,,,,1377095,,,3524738,,,6584,4908976,,,,,,,,,,,,,,0,2733047,573576,0
,,,,518777,,,1447,力鵬,,,-183224,,,,,,,,,,,,,,,,,,,,3,上市,112,-289292,,,,,,,,,,,,,,,,,,,,,10310590,,,,9335330,,67029106,,11.07,6942731,9176588,,,,,,,,,9100712,,,9267170,,,188357,19577760,,,,,,,,,,,,,,975260,2324439,10401172,0
,,,,126457,,,1449,佳和,,,546048,,,,,,,,,,,,,,,,,,,,3,上市,112,,,,,,,,,,,,,,,,,,,,,,1698503,,,,1641994,,0,,19.90,2034787,2160380,,,,,,,,,849514,,,4377741,,,119975,6076244,,,,,,,,,,,,,,56509,2342954,3915864,1657000
,,,,4991835,,,1451,年興,,,-460494,,,,,,,,,,,,,,,,,,,,3,上市,112,,,,,,,,,,,,,,,,,,,,,,7101793,,,,7101793,,0,,34.40,939539,5591612,,,,,,,,,2063900,,,1296423,,,506552,8398216,,,,,,,,,,,,,,,356884,2806604,0
,,,,1011057,,,1452,宏益,,,157248,,,,,,,,,,,,,,,,,,,,3,上市,112,,,,,,,,,,,,,,,,,,,,,,2649413,,,,2649413,,0,,19.97,103727,1991406,,,,,,,,,1326414,,,154597,,,154694,2804010,,,,,,,,,,,,,,,50870,812604,0
,,,,307920,,,1453,大將,,,,,,,,,,,,,,,,,,,,,,,3,上市,112,,,,,,,,,,,,,,,,,,,,,,1391347,,,,1378107,,0,,12.91,581138,1937826,,,,,,,,,1067425,,,740214,,,2762,2131561,,,,,,,,,,,,,,13240,159076,193735,0
,,,,277411,,,1454,台富,,,41515,,,,,,,,,,,,,,,,,,,,3,上市,112,-77032,,,,,,,,,,,,,,,,,,,,,1606938,,,,1606914,,7714103,,13.16,257192,1029242,,,,,,,,,1298338,,,302923,,,66682,1909861,,,,,,,,,,,,,,24,45731,880619,0
,,,,553377,,,1455,集盛,,,44381,,,,,,,,,,,,,,,,,,,,3,上市,112,,,,,,,,,,,,,,,,,,,,,,6260606,,,,6260606,,0,,11.77,1987515,3666082,,,,,,,,,5316884,,,3510371,,,345964,9770977,,,,,,,,,,,,,,,1522856,6104895,0
,,,,624429,,,1456,怡華,,,,,,,,,,,,,,,,,,,,,,,3,上市,112,,,,,,0,,,,,,,,,,,,,,,,1580006,,,,1580006,,0,,16.86,7757911,9582414,,,,,,,,,937200,,,10491253,,,18377,12071259,,,,,,,,,,,,,,,2733342,2488845,0
,,,,1845874,,,1457,宜進,,,-37470,,,,,,,,,,,,,,,,,,,,3,上市,112,-349848,,,,,0,,,,,,,,,,,,,,,,8333543,,,,4923576,,79248880,,22.14,2799325,2530835,,,,,,,,,3016476,,,11126095,,,448544,19459638,,,,,,,,,,,,,,3409967,8326770,16928803,0
,,,,-38294,,,1459,聯發,,,-454225,,,,,,,,,,,,,,,,,,,,3,上市,112,-528645,,,,,,,,,,,,,,,,,,,,,2807112,,,,2807112,,41144531,,8.84,1231768,1453386,,,,,,,,,3586289,,,1843125,,,241987,4650237,,,,,,,,,,,,,,0,611357,3196851,0
,,,,-59623,,,1460,宏遠,,,-150558,,,,,,,,,,,,,,,,,,,,3,上市,112,-332836,,,,,,,,,,,,,,,,,,,,,6519366,,,,6519360,,20177533,,9.67,5868931,7646492,,,,,,,,,6946434,,,7031682,,,115943,13551048,,,,,,,,,,,,,,6,1162751,5904556,0
,,,,333697,,,1463,強盛新,,,32574,,,,,,,,,,,,,,,,,,,,3,上市,112,-108791,,,,,0,,,,,,,,,,,,,,,,2373198,,,,2267640,,8874795,,13.79,390429,1487765,,,,,,,,,1732684,,,516373,,,277476,2889571,,,,,,,,,,,,,,105558,125944,1401806,0
,,,,734240,,,1464,得力,,,-186358,,,,,,,,,,,,,,,,,,,,3,上市,112,,,,,,,,,,,,,,,,,,,,,,5742050,,,,5205934,,0,,12.77,5857999,8777907,,,,,,,,,4076396,,,10508576,,,581656,16250626,,,,,,,,,,,,,,536116,4650577,7472719,0
,,,,356126,,,1465,偉全,,,-14515,,,,,,,,,,,,,,,,,,,,3,上市,112,,,,,,,,,,,,,,,,,,,,,,1677995,,,,,,0,,16.20,173990,638442,,,,,,,,,1036073,,,254875,,,300311,1932870,,,,,,,,,,,,,,,80885,1294428,0
,,,,-83487,,,1466,聚隆,0,,-3554,,,,,,,,,,,,,,,,,,,,3,上市,112,0,,,,,0,,,,,,,,,,,,,,,,1455685,,,,1455685,,0,,13.10,856733,1552419,,,,,,,,,1111573,,,2094635,,,431153,3550320,,,,,,,,,,,,,,0,1237902,1997901,0
,,,,97179,,,1467,南緯,0,,219987,,,,,,,,,,,,,,,,,,,,3,上市,112,0,,,,,,,,,,,,,,,,,,,,0,3053688,,,,2907680,,0,,12.45,3162035,4452032,,,,,,,,,2336247,,,5516850,,,254267,8570538,,,,,,,,,,,,,,146008,2354815,4118506,0
,,,,-464907,,,1468,昶和,,,93417,,,,,,,,,,,,,,,,,,,,3,上市,112,,,,,,,,,,,,,,,,,,,,,,1313371,,,,1259316,,0,,7.85,1490386,1648451,,,,,,,,,1604053,,,1576092,,,26753,2889463,,,,,,,,,,,,,,54055,85706,1241012,0
,,,,122069,,,1470,大統新創,,,-1760,,,,,,,,,,,,,,,,,,,,3,上市,112,,,,,,,,,,,,,,,,,,,,,,985296,,,,985296,,0,,11.49,134704,642833,,,,,,,,,857670,,,147168,,,7317,1132464,,,,,,,,,,,,,,,12464,489631,0
,,,,-734603,,,1471,首利,,,106724,,,,,,,,,,,,,,,,,,,,3,上市,112,,,,,,0,,,,,,,,,,,,,,,,1536490,,,,1461746,,0,,9.72,97675,1392820,,,,,,,,,1504145,,,136852,,,585480,1673342,,,,,,,,,,,,,,74744,39177,280522,0
,,,,617627,,,1472,三洋實業,,,-8331,,,,,,,,,,,,,,,,,,,,3,上市,112,,,,,,,,,,,,,,,,,,,,,,1372617,,,,1372617,,0,,32.31,709577,1564553,,,,,,,,,424881,,,798660,,,338440,2171277,,,,,,,,,,,,,,,89083,606724,0
,,,,1392989,,,1473,台南,,,82980,,,,,,,,,,,,,,,,,,,,3,上市,112,0,,,,,0,,,,,,,,,,,,,,,,3762035,,,,3762035,,0,,25.74,1405500,3341258,,,,,,,,,1461535,,,1625695,,,824531,5387730,,,,,,,,,,,,,,,220195,2046472,0
,,,,701923,,,1474,弘裕,,,-67522,,,,,,,,,,,,,,,,,,,,3,上市,112,,,,,,0,,,,,,,,,,,,,,,,2006421,,,,1984106,,0,,15.27,1090945,2079697,,,,,,,,,1298970,,,1738380,,,50735,3744801,,,,,,,,,,,,,,22315,647435,1665104,0
,,,,360175,,,1475,業旺,,,,,,,,,,,,,,,,,,,,,,,3,上市,112,,,,,,0,,,,,,,,,,,,,,,,1215194,,,,1215194,,0,,18.41,304147,1520612,,,,,,,,,660168,,,306225,,,194851,1521419,,,,,,,,,,,,,,,2078,807,0
,,,,17717477,,,1476,儒鴻,0,,305921,,,,,,,,,,,,,,,,,,,,3,上市,112,,,,,,,,,,,,,,,,,,,,,,24536616,,,,24536616,,0,,89.43,6148711,15924202,,,,,,,,,2743671,,,6228396,,,3769547,30765012,,,,,,,,,,,,,,,79685,14840810,0
,,,,6293578,,,1477,聚陽,,,219873,,,,,,,,,,,,,,,,,,,,3,上市,112,,,,,,0,,,,,,,,,,,,,,,,15245469,,,,15146721,,0,,62.63,8589618,17633159,,,,,,,,,2418566,,,8976079,,,6214704,24221548,,,,,,,,,,,,,,98748,386461,6588389,0
,,,,20156011,,,1503,士電,,,3859419,,,,,,,,,,,,,,,,,,,,3,上市,112,,,,,,,,,,,,,,,,,,,,,,32608568,,,,31884066,,0,,61.20,17809761,23364821,,,,,,,,,5209722,,,20572393,,,2658914,53180961,,,,,,,,,,,,,,724502,2762632,29816140,0
,,,,33218362,,,1504,東元,,,15227602,,,,,,,,,,,,,,,,,,,,3,上市,112,-511710,,,,,0,,,,,,,,,,,,,,,,85221347,,,,78951568,,29513022,,37.43,21846874,53561855,,,,,,,,,21387966,,,41482160,,,9629348,126703507,,,,,,,,,,,,,,6269779,19635286,73141652,0
,,,,-576444,,,1506,正道,,,-151921,,,,,,,,,,,,,,,,,,,,3,上市,112,,,,,,,,,,,,,,,,,,,,,,2768557,,,,2699219,,0,,8.99,295115,1211969,,,,,,,,,3003762,,,377934,,,423822,3146491,,,,,,,,,,,,,,69338,82819,1934522,199000
,,,,-836617,,,1512,瑞利,,,235152,,,,,,,,,,,,,,,,,,,,3,上市,112,,,,,,0,,,,,,,,,,,,,,,,380370,,,,380370,,0,,3.87,456895,826719,,,,,,,,,981835,,,1911872,,,,2292242,,,,,,,,,,,,,,,1454977,1465523,0
,,,,4991581,,,1513,中興電,,,1889304,,,,,,,,,,,,,,,,,,,,3,上市,112,-116880,,,,,,,,,,,,,,,,,,,,,14961918,,,,14760006,,9038676,,29.87,15707591,20525317,,,,,,,,,5031125,,,29680857,,,2964876,44642775,,,,,,,,,,,,,,201912,13973266,24117458,0
,,,,1499381,,,1514,亞力,,,54183,,,,,,,,,,,,,,,,,,,,3,上市,112,-41616,,,,,,,,,,,,,,,,,,,,,4234194,,,,4140403,,2901701,,16.97,5547734,8256030,,,,,,,,,2469353,,,6831669,,,159102,11065863,,,,,,,,,,,,,,93791,1283935,2809833,0
,,,,1956425,,,1515,力山,,,-128330,,,,,,,,,,,,,,,,,,,,3,上市,112,,,,,,0,,,,,,,,,,,,,,,,3672086,,,,3643416,,0,,20.08,4916599,4744292,,,,,,,,,1814735,,,5226472,,,586,8898558,,,,,,,,,,,,,,28670,309873,4154266,0
,,,,52373,,,1516,川飛,,,-6022,,,,,,,,,,,,,,,,,,,,3,上市,112,,,,,,0,,,,,,,,,,,,,,,,454738,,,,,,0,,11.71,3214,414253,,,,,,,,,388202,,,4031,,,20185,458769,,,,,,,,,,,,,,,817,44516,0
,,,,1603365,,,1517,利奇,,,-118793,,,,,,,,,,,,,,,,,,,,3,上市,112,-20676,,,,,,,,,,,,,,,,,,,,,3914426,,,,3787830,,2385000,,16.96,694944,3377724,,,,,,,,,2256850,,,961174,,,67084,4875600,,,,,,,,,,,,,,126596,266230,1497876,0
,,,,2315677,,,1519,華城,,,-80403,,,,,,,,,,,,,,,,,,,,3,上市,112,,,,,,,,,,,,,,,,,,,,,,5044122,,,,4932832,,0,,18.90,7623111,11279736,,,,,,,,,2610585,,,8853417,,,86973,13897539,,,,,,,,,,,,,,111290,1230306,2617803,0
,,,,1047179,,,1521,大億,,,-34807,,,,,,,,,,,,,,,,,,,,3,上市,112,,,,,,0,,,,,,,,,,,,,,,,1835817,,,,1835817,,0,,24.08,1419811,2346309,,,,,,,,,762300,,,1579997,,,61145,3415814,,,,,,,,,,,,,,,160186,1069505,0
,,,,3218054,,,1522,堤維西,,,-173146,,,,,,,,,,,,,,,,,,,,3,上市,112,-5996,,,,,0,,,,,,,,,,,,,,,,9387475,,,,9048275,,939707,,26.46,8465806,11197663,,,,,,,,,3428979,,,16161522,,,2580384,25548997,,,,,,,,,,,,,,339200,7695716,14351334,0
,,,,914803,,,1524,耿鼎,0,,85464,,,,,,,,,,,,,,,,,,,,3,上市,112,0,,,,,0,,,,,,,,,,,,,,,,2654306,,,,2654306,,0,,16.06,839679,1684551,,,,,,,,,1653104,,,2447929,,,935,5102235,,,,,,,,,,,,,,0,1608250,3417684,0
,,,,4404237,,,1525,江申,,,-332496,,,,,,,,,,,,,,,,,,,,3,上市,112,,,,,,,,,,,,,,,,,,,,,,4806993,,,,4806993,,0,,65.49,629430,1933680,,,,,,,,,734001,,,927771,,,1251,5734764,,,,,,,,,,,,,,,298341,3801084,0
,,,,766740,,,1526,日馳,,,3725,,,,,,,,,,,,,,,,,,,,3,上市,112,,,,,,,,,,,,,,,,,,,,,,1465585,,,,1465585,,0,,24.43,406313,1829026,,,,,,,,,600000,,,1269794,,,95120,2735379,,,,,,,,,,,,,,,863481,906353,0
,,,,3276771,,,1527,鑽全,,,-281,,,,,,,,,,,,,,,,,,,,3,上市,112,,,,,,,,,,,,,,,,,,,,,,4689028,,,,,,0,,33.84,594551,4303931,,,,,,,,,1385706,,,630530,,,26832,5319558,,,,,,,,,,,,,,,35979,1015627,0
,,,,395696,,,1528,恩德,,,-108730,,,,,,,,,,,,,,,,,,,,3,上市,112,0,,,,,,,,,,,,,,,,,,,,,2548563,,,,2441980,,0,,12.76,2778249,4102332,,,,,,,,,1913310,,,3176036,,,241704,5724599,,,,,,,,,,,,,,106583,397787,1622267,0
,,,,117335,,,1529,樂事綠能,0,,-1201,,,,,,,,,,,,,,,,,,,,3,上市,112,0,,,,,,,,,,,,,,,,,,,,0,1767762,,,,1709138,,0,,11.35,496997,1002659,,,,,,,,,1505778,,,1368296,,,87226,3136058,,,,,,,,,,,,,,58624,871299,2133399,0
,,,,2256551,,,1530,亞崴,,,-19428,,,,,,,,,,,,,,,,,,,,3,上市,112,,,,,,0,,,,,,,,,,,,,,,,3400964,,,,3298581,,0,,34.15,2323623,3687307,,,,,,,,,965942,,,2457404,,,95516,5858368,,,,,,,,,,,,,,102383,133781,2171061,0
,,,,1753942,,,1531,高林股,,,-94590,,,,,,,,,,,,,,,,,,,,3,上市,112,-24059,,,,,0,,,,,,,,,,,,,,,,3671027,,,,3671027,,1500000,,20.16,393177,3042579,,,,,,,,,1836081,,,619351,,,199653,4290378,,,,,,,,,,,,,,,226174,1247799,0
,,,,7719222,,,1532,勤美,,,53953,,,,,,,,,,,,,,,,,,,,3,上市,112,,,,,,0,,,,,,,,,,,,,,,,17150355,,,,13122220,,0,,34.76,25534042,34688785,,,,,,,,,3775478,,,35736747,,,1573567,52887102,,,,,,,,,,,,,,4028135,10202705,18198317,0
,,,,1406061,,,1533,車王電,,,-228966,,,,,,,,,,,,,,,,,,,,3,上市,112,,,,,,0,,,,,,,,,,,,,,,,2828011,,,,2557226,,0,,25.95,2513174,4503177,,,,,,,,,985475,,,5878284,,,394656,8706295,,,,,,,,,,,,,,270785,3365110,4203118,0
,,,,1655336,,,1535,中宇,0,,8442,,,,,,,,,,,,,,,,,,,,3,上市,112,0,,,,,,,,,,,,,,,,,,,,,3529833,,,,3529833,,0,,28.53,2800210,4142284,,,,,,,,,1237426,,,3104557,,,628629,6634390,,,,,,,,,,,,,,0,304347,2492106,0
,,,,2286365,,,1536,和大,,,-99039,,,,,,,,,,,,,,,,,,,,3,上市,112,,,,,,,,,,,,,,,,,,,,,,8936405,,,,8816305,,0,,31.54,6104512,7642271,,,,,,,,,2795175,,,13739103,,,3833804,22675508,,,,,,,,,,,,,,120100,7634591,15033237,0
,,,,2425357,,,1537,廣隆,,,186788,,,,,,,,,,,,,,,,,,,,3,上市,112,,,,,,0,,,,,,,,,,,,,,,,4134534,,,,4134534,,0,,50.38,1106655,4626648,,,,,,,,,820648,,,1534468,,,701741,5669002,,,,,,,,,,,,,,,427813,1042354,0
,,,,-252060,,,1538,正峰,,,-56253,,,,,,,,,,,,,,,,,,,,3,上市,112,,,,,,0,,,,,,,,,,,,,,,,230143,,,,230143,,0,,4.27,119368,340744,,,,,,,,,538390,,,151846,,,66,381989,,,,,,,,,,,,,,,32478,41245,0
,,,,922871,,,1539,巨庭,,,3085,,,,,,,,,,,,,,,,,,,,3,上市,112,,,,,,0,,,,,,,,,,,,,,,,1579656,,,,1579656,,0,,24.16,539105,1210757,,,,,,,,,653700,,,837309,,,0,2416965,,,,,,,,,,,,,,0,298204,1206208,0
,,,,405957,,,1540,喬福,,,,,,,,,,,,,,,,,,,,,,,3,上市,112,,,,,,0,,,,,,,,,,,,,,,,1414945,,,,,,0,,16.55,295948,1381782,,,,,,,,,854736,,,311980,,,154252,1726925,,,,,,,,,,,,,,,16032,345143,0
,,,,1094287,,,1541,錩泰,,,18817,,,,,,,,,,,,,,,,,,,,3,上市,112,,,,,,0,,,,,,,,,,,,,,,,1902468,,,,1902468,,0,,24.14,1343407,2598298,,,,,,,,,788000,,,1776491,,,1364,3678959,,,,,,,,,,,,,,,433084,1080661,0
,,,,3016161,,,1558,伸興,,,-164221,,,,,,,,,,,,,,,,,,,,3,上市,112,0,,,,,,,,,,,,,,,,,,,,,8626554,,,,5407557,,0,,81.27,2273893,6054652,,,,,,,,,665356,,,3392362,,,1890261,12018916,,,,,,,,,,,,,,3218997,1118469,5964264,0
,,,,3165032,,,1560,中砂,,,-70049,,,,,,,,,,,,,,,,,,,,3,上市,112,,,,,,,,,,,,,,,,,,,,,,6214151,,,,5917464,,0,,40.90,2541396,4344000,,,,,,,,,1446923,,,3693734,,,1375558,9907885,,,,,,,,,,,,,,296687,1152338,5563885,0
,,,,4496122,,,1563,巧新,,,-8714,,,,,,,,,,,,,,,,,,,,3,上市,112,-63197,,,,,0,,,,,,,,,,,,,,,,7579907,,,,7579907,,1373000,,35.61,4004222,8638013,,,,,,,,,2142551,,,9829676,,,1013145,17409583,,,,,,,,,,,,,,,5825454,8771570,0
,,,,697842,,,1568,倉佑,,,-46788,,,,,,,,,,,,,,,,,,,,3,上市,112,-11780,,,,,0,,,,,,,,,,,,,,,,1820671,,,,1820671,,740000,,17.79,532315,1566980,,,,,,,,,1030865,,,919881,,,150532,2740552,,,,,,,,,,,,,,,387566,1173572,0
,,,,2560765,,,1582,信錦,,,-382130,,,,,,,,,,,,,,,,,,,,3,上市,112,,,,,,,,,,,,,,,,,,,,,,6104426,,,,5777782,,0,,46.70,5706683,8942554,,,,,,,,,1237258,,,6269630,,,2361889,12374056,,,,,,,,,,,,,,326644,562947,3431502,0
,,,,4019541,,,1583,程泰,,,-84664,,,,,,,,,,,,,,,,,,,,3,上市,112,,,,,,,,,,,,,,,,,,,,,,6999501,,,,5362570,,0,,48.57,5051015,9170759,,,,,,,,,1104004,,,6281398,,,323689,13280899,,,,,,,,,,,,,,1636931,1230383,4110140,0
,,,,359394,,,1587,吉茂,,,-18495,,,,,,,,,,,,,,,,,,,,3,上市,112,,,,,,0,,,,,,,,,,,,,,,,1403221,,,,1403221,,0,,20.45,1621125,1961358,,,,,,,,,686244,,,2030792,,,376078,3434013,,,,,,,,,,,,,,,409667,1472655,0
,,,,2473560,,,1589,永冠-KY,,,-1037566,,,,,,,,,,,,,,,,,,,,3,上市,112,,,,,,,,,,,,,,,,,,,,,,9274603,,,,9107819,,0,,77.10,6904960,10600801,,,,,,,,,1181359,,,15509450,,,6490466,24784053,,,,,,,,,,,,,,166784,8604490,14183252,0
,,,,25442907,,,1590,亞德客-KY,,,-704555,,,,,,,,,,,,,,,,,,,,3,上市,112,,,,,,,,,,,,,,,,,,,,,,41591460,,,,41584497,,0,,207.92,16317850,27271912,,,,,,,,,2000000,,,17032155,,,14846145,58623615,,,,,,,,,,,,,,6963,714305,31351703,0
,,,,1188409,,,1597,直得,,,-9927,,,,,,,,,,,,,,,,,,,,3,上市,112,-147570,,,,,0,,,,,,,,,,,,,,,,2369652,,,,2369652,,2000000,,27.16,758470,1885615,,,,,,,,,892619,,,1622993,,,446121,3992645,,,,,,,,,,,,,,,864523,2107030,0
,,,,549974,,,1598,岱宇,,,-30158,,,,,,,,,,,,,,,,,,,,3,上市,112,-408690,,,,,,,,,,,,,,,,,,,,,4842392,,,,4462394,,8963000,,29.62,4099628,5136731,,,,,,,,,1596097,,,6671810,,,2755171,11514202,,,,,,,,,,,,,,379998,2572182,6377471,0
,,,,6028649,,,1603,華電,,,-51364,,,,,,,,,,,,,,,,,,,,3,上市,112,-2244172,,,,,,,,,,,,,,,,,,,,,6264432,,,,6215782,,32841809,,39.13,3452607,5848137,,,,,,,,,1916880,,,4207175,,,565789,10471607,,,,,,,,,,,,,,48650,754568,4623470,0
,,,,5028812,,,1604,聲寶,,,-239143,,,,,,,,,,,,,,,,,,,,3,上市,112,-777873,,,,,,,,,,,,,,,,,,,,,8524276,,,,8124504,,20431605,,22.33,3723800,3604320,,,,,,,,,3842000,,,5724418,,,270708,14248694,,,,,,,,,,,,,,399772,2000618,10644374,0
,,,,60262333,,,1605,華新,,,9521104,,,,,,,,,,,,,,,,,,,,3,上市,112,,,,,,,,,,,,,,,,,,,,,,157790730,,,,143707828,,0,,35.65,53178726,88924991,,,,,,,,,40313329,,,115801627,,,33611062,273592357,,,,,,,,,,,,,,14082902,62622901,184667366,0
,,,,1792754,,,1608,華榮,,,-32737,,,,,,,,,,,,,,,,,,,,3,上市,112,-968671,,,,,,,,,,,,,,,,,,,,,8427184,,,,7390704,,208563824,,17.42,4094291,7076292,,,,,,,,,6327735,,,5082320,,,271623,13509504,,,,,,,,,,,,,,1036480,988029,6433212,0
,,,,4684437,,,1609,大亞,0,,73192,,,,,,,,,,,,,,,,,,,,3,上市,112,-28919,,,,,0,,,,,,,,,,,,,,,0,16105943,,,,13973251,,6556356,,19.13,12732051,18881973,,,,,,,,,7368048,,,28627515,,,1876493,44733458,,,,,,,,,,,,,,2132692,15895464,25851485,18121965
,,,,1043181,,,1611,中電,,,10192,,,,,,,,,,,,,,,,,,,,3,上市,112,,,,,,,,,,,,,,,,,,,,,,4286588,,,,4286588,,0,,13.28,966377,2400725,,,,,,,,,3227358,,,1158872,,,5857,5445460,,,,,,,,,,,,,,0,192495,3044735,0
,,,,3958813,,,1612,宏泰,,,-57516,,,,,,,,,,,,,,,,,,,,3,上市,112,,,,,,,,,,,,,,,,,,,,,,7256443,,,,7253802,,0,,22.95,606803,4913419,,,,,,,,,3160801,,,781700,,,191704,8038143,,,,,,,,,,,,,,2641,174897,3124724,0
,,,,2575150,,,1614,三洋電,,,60215,,,,,,,,,,,,,,,,,,,,3,上市,112,-132298,,,,,0,,,,,,,,,,,,,,,,5534638,,,,5488058,,10182744,,21.20,1070353,2674561,,,,,,,,,2691134,,,1539308,,,293857,7073946,,,,,,,,,,,,,,46580,468955,4399385,0
,,,,1191217,,,1615,大山,,,-41872,,,,,,,,,,,,,,,,,,,,3,上市,112,,,,,,,,,,,,,,,,,,,,,,2786573,,,,2786573,,0,,17.02,1767602,2759344,,,,,,,,,1637228,,,1981447,,,0,4768020,,,,,,,,,,,,,,,213845,2008676,0
,,,,-28120,,,1616,億泰,,,-49344,,,,,,,,,,,,,,,,,,,,3,上市,112,-85077,,,,,,,,,,,,,,,,,,,,,1781424,,,,1781424,,4654499,,9.40,1349227,2358767,,,,,,,,,1941485,,,1497074,,,2480,3278498,,,,,,,,,,,,,,,147847,919731,0
,,,,471993,,,1617,榮星,,,-99611,,,,,,,,,,,,,,,,,,,,3,上市,112,0,,,,,0,,,,,,,,,,,,,,,,2148019,,,,2133017,,0,,13.52,893527,2119354,,,,,,,,,1577978,,,1189252,,,182657,3337271,,,,,,,,,,,,,,15002,295725,1217917,0
,,,,2132923,,,1618,合機,,,501480,,,,,,,,,,,,,,,,,,,,3,上市,112,,,,,,,,,,,,,,,,,,,,,,4757692,,,,4757692,,0,,24.69,1011910,2673181,,,,,,,,,1926917,,,1052783,,,196372,5810475,,,,,,,,,,,,,,,40873,3137294,0
,,,,697641,,,1626,艾美特-KY,,,-229703,,,,,,,,,,,,,,,,,,,,3,上市,112,,,,,,0,,,,,,,,,,,,,,,,3224146,,,,3224146,,0,,21.10,5354415,5657723,,,,,,,,,1528217,,,5622146,,,1227991,8846292,,,,,,,,,,,,,,,267731,3188569,0
,,,,4204179,,,1702,南僑,,,-788042,,,,,,,,,,,,,,,,,,,,3,上市,112,-530114,,,,,,,,,,,,,,,,,,,,,12407058,,,,9653160,,46041259,,38.91,8491598,16131904,,,,,,,,,2941330,,,18236442,,,3825807,30643500,,,,,,,,,,,,,,2753898,9744844,14511596,0
,,,,5231608,,,1707,葡萄王,,,-55825,,,,,,,,,,,,,,,,,,,,3,上市,112,0,,,,,,,,,,,,,,,,,,,,,10954727,,,,9533503,,0,,64.36,2883025,4769800,,,,,,,,,1481374,,,3126171,,,2876346,14080898,,,,,,,,,,,,,,1421224,243146,9311098,0
,,,,3773556,,,1708,東鹼,,,118584,,,,,,,,,,,,,,,,,,,,3,上市,112,,,,,,0,,,,,,,,,,,,,,,,6487521,,,,6487521,,0,,26.05,4250366,3456308,,,,,,,,,2490017,,,7162462,,,105364,13649983,,,,,,,,,,,,,,,2912096,10193675,0
,,,,2329234,,,1709,和益,,,843284,,,,,,,,,,,,,,,,,,,,3,上市,112,,,,,,,,,,,,,,,,,,,,,,8290330,,,,8019771,,0,,16.81,3107182,5575359,,,,,,,,,4770163,,,4229362,,,77090,12519692,,,,,,,,,,,,,,270559,1122180,6944333,0
,,,,3968801,,,1710,東聯,,,-1388186,,,,,,,,,,,,,,,,,,,,3,上市,112,-124373,,,,,,,,,,,,,,,,,,,,,15207667,,,,12401025,,9108554,,14.15,8776390,5492246,,,,,,,,,8857031,,,18406441,,,1087752,33614108,,,,,,,,,,,,,,2806642,9630051,28121862,0
,,,,2333927,,,1711,永光,,,67159,,,,,,,,,,,,,,,,,,,,3,上市,112,,,,,,,,,,,,,,,,,,,,,,8668749,,,,8353166,,0,,15.25,2759857,6673414,,,,,,,,,5477522,,,4238810,,,474558,12907559,,,,,,,,,,,,,,315583,1478953,6234145,0
,,,,3782180,,,1712,興農,,,-164280,,,,,,,,,,,,,,,,,,,,3,上市,112,,,,,,,,,,,,,,,,,,,,,,8342423,,,,8286453,,0,,19.71,5388680,8513371,,,,,,,,,4204926,,,7048300,,,463627,15390723,,,,,,,,,,,,,,55970,1659620,6877352,0
,,,,1164074,,,1713,國化,,,103006,,,,,,,,,,,,,,,,,,,,3,上市,112,0,,,,,0,,,,,,,,,,,,,,,,2780134,,,,,,0,,18.42,58968,509999,,,,,,,,,1509517,,,174244,,,3537,2954378,,,,,,,,,,,,,,,115276,2444379,0
,,,,3076493,,,1714,和桐,,,-708428,,,,,,,,,,,,,,,,,,,,3,上市,112,-78973,,,,,0,,,,,,,,,,,,,,,,16721173,,,,12534655,,10141558,,12.45,3563302,13897592,,,,,,,,,10168248,,,6842594,,,77315,23563767,,,,,,,,,,,,,,4186518,3279292,9666175,0
,,,,13267246,,,1717,長興,,,-366931,,,,,,,,,,,,,,,,,,,,3,上市,112,,,,,,,,,,,,,,,,,,,,,,25342294,,,,25055242,,0,,21.26,15819144,34577309,,,,,,,,,11782655,,,34751050,,,372272,60093344,,,,,,,,,,,,,,287052,18931906,25516035,0
,,,,3407774,,,1718,中纖,0,,506209,,,,,,,,,,,,,,,,,,,,3,上市,112,-1135056,,,,,,,,,,,,,,,,,,,,,,77486358,0,,21356612,,344225645,,15.92,762041927,655133261,,,,,,,,,16859057,,,791417099,,,1718628,868903457,,,,,,,,,,,,,,56129746,29375172,213770196,0
,,,,3110565,,,1720,生達,,,-82528,,,,,,,,,,,,,,,,,,,,3,上市,112,,,,,,0,,,,,,,,,,,,,,,,7826714,,,,5038011,,0,,28.19,2535532,5300676,,,,,,,,,1786961,,,3126810,,,223013,10953524,,,,,,,,,,,,,,2788703,591278,5652848,0
,,,,279252,,,1721,國慶科技,,,-3216,,,,,,,,,,,,,,,,,,,,3,上市,112,0,,,,,,,,,,,,,,,,,,,,,2167132,,,,2167132,,0,,11.72,851292,1794716,,,,,,,,,1848841,,,1543235,,,42255,3710367,,,,,,,,,,,,,,0,691943,1915651,0
,,,,39563052,,,1722,台肥,0,,3095027,,,,,,,,,,,,,,,,,,,,3,上市,112,0,,,,,0,,,,,,,,,,,,,,,0,54703187,,,,54703187,,0,,55.82,2839044,10466587,,,,,,,,,9800000,,,27023761,,,2245108,81726948,,,,,,,,,,,,,,0,24184717,71260361,0
,,,,4769823,,,1723,中碳,,,-85825,,,,,,,,,,,,,,,,,,,,3,上市,112,-117638,,,,,,,,,,,,,,,,,,,,,7866416,,,,7866416,,4753537,,33.88,1671204,3220431,,,,,,,,,2369044,,,2613730,,,931012,10480146,,,,,,,,,,,,,,0,942526,7259715,0
,,,,1045213,,,1725,元禎,,,1469327,,,,,,,,,,,,,,,,,,,,3,上市,112,0,,,,,,,,,,,,,,,,,,,,,4335127,,,,4335127,,0,,23.84,2921197,6286760,,,,,,,,,1818300,,,2998766,,,2287,7333893,,,,,,,,,,,,,,0,77569,1047133,0
,,,,8098790,,,1726,永記,,,-112179,,,,,,,,,,,,,,,,,,,,3,上市,112,,,,,,,,,,,,,,,,,,,,,,9715991,,,,9715991,,0,,59.98,1516722,7334923,,,,,,,,,1620000,,,1648315,,,109380,11364306,,,,,,,,,,,,,,,131593,4029383,0
,,,,429054,,,1727,中華化,,,0,,,,,,,,,,,,,,,,,,,,3,上市,112,,,,,,,,,,,,,,,,,,,,,,1849965,,,,1849965,,0,,15.62,582536,996023,,,,,,,,,1184643,,,897389,,,236268,2747354,,,,,,,,,,,,,,0,314853,1751331,0
,,,,971549,,,1730,花仙子,,,-43881,,,,,,,,,,,,,,,,,,,,3,上市,112,,,,,,,,,,,,,,,,,,,,,,1912593,,,,1794664,,0,,28.38,525717,1781718,,,,,,,,,632339,,,571670,,,234657,2484263,,,,,,,,,,,,,,117929,45953,702545,0
,,,,580674,,,1731,美吾華,,,-84359,,,,,,,,,,,,,,,,,,,,3,上市,112,,,,,,,,,,,,,,,,,,,,,,2013613,,,,2013613,,0,,15.15,351749,1055398,,,,,,,,,1329152,,,758028,,,188146,2771641,,,,,,,,,,,,,,,406279,1716243,0
,,,,59615,,,1732,毛寶,,,-3662,,,,,,,,,,,,,,,,,,,,3,上市,112,,,,,,0,,,,,,,,,,,,,,,,483096,,,,483096,,0,,11.38,126733,404759,,,,,,,,,424439,,,157053,,,2704,640149,,,,,,,,,,,,,,,30320,235390,0
,,,,700633,,,1733,五鼎,,,11716,,,,,,,,,,,,,,,,,,,,3,上市,112,,,,,,,,,,,,,,,,,,,,,,1780861,,,,1780219,,0,,17.81,357507,1437311,,,,,,,,,999502,,,477142,,,68368,2258003,,,,,,,,,,,,,,642,119635,820692,0
,,,,542004,,,1734,杏輝,,,-122115,,,,,,,,,,,,,,,,,,,,3,上市,112,,,,,,0,,,,,,,,,,,,,,,,3268024,,,,3027082,,0,,18.05,1242054,2579601,,,,,,,,,1677221,,,2894079,,,929972,6162103,,,,,,,,,,,,,,240942,1652025,3582502,0
,,,,396110,,,1735,日勝化,,,7114,,,,,,,,,,,,,,,,,,,,3,上市,112,,,,,,,,,,,,,,,,,,,,,,1495121,,,,1495121,,0,,15.04,1450819,1652458,,,,,,,,,993880,,,1849427,,,98017,3344548,,,,,,,,,,,,,,,398608,1692090,0
,,,,7555404,,,1736,喬山,,,-1493918,,,,,,,,,,,,,,,,,,,,3,上市,112,-53612,,,,,,,,,,,,,,,,,,,,,9482127,,,,9475486,,695000,,31.28,18923195,23594299,,,,,,,,,3036166,,,26844672,,,431446,36326799,,,,,,,,,,,,,,6641,7921477,12732500,0
,,,,2020108,,,1737,臺鹽,,,-2954,,,,,,,,,,,,,,,,,,,,3,上市,112,,,,,,,,,,,,,,,,,,,,,,6600904,,,,6518936,,0,,32.59,1040571,3003792,,,,,,,,,2000000,,,1664272,,,2501782,8265176,,,,,,,,,,,,,,81968,623701,5261384,0
,,,,975260,,,1752,南光,,,-32,,,,,,,,,,,,,,,,,,,,3,上市,112,,,,,,0,,,,,,,,,,,,,,,,2411904,,,,2411904,,0,,23.88,1304183,1594833,,,,,,,,,1009885,,,1430979,,,426791,3842883,,,,,,,,,,,,,,,126796,2248050,0
,,,,180796,,,1760,寶齡富錦,,,-16563,,,,,,,,,,,,,,,,,,,,3,上市,112,,,,,,0,,,,,,,,,,,,,,,,1888511,,,,1888511,,0,,22.03,978804,1330438,,,,,,,,,857391,,,1190370,,,866887,3078881,,,,,,,,,,,,,,,211566,1748443,0
,,,,2251909,,,1762,中化生,,,-52058,,,,,,,,,,,,,,,,,,,,3,上市,112,,,,,,0,,,,,,,,,,,,,,,,3309977,,,,3309977,,0,,42.68,740648,1658764,,,,,,,,,775600,,,1726175,,,334526,5036152,,,,,,,,,,,,,,0,985527,3377388,0
,,,,5761889,,,1773,勝一,,,-55192,,,,,,,,,,,,,,,,,,,,3,上市,112,0,,,,,0,,,,,,,,,,,,,,,,8310421,,,,8310421,,0,,33.24,2966838,3572848,,,,,,,,,2500000,,,6223218,,,103724,14533639,,,,,,,,,,,,,,0,3256380,10960791,0
,,,,315514,,,1776,展宇,,,-45799,,,,,,,,,,,,,,,,,,,,3,上市,112,,,,,,,,,,,,,,,,,,,,,,989990,,,,883889,,0,,14.70,491761,1266925,,,,,,,,,601093,,,743343,,,13081,1733333,,,,,,,,,,,,,,106101,251582,466408,0
,,,,230105,,,1783,和康生,,,-46372,,,,,,,,,,,,,,,,,,,,3,上市,112,,,,,,0,,,,,,,,,,,,,,,,1369159,,,,1369159,,0,,15.40,173194,644357,,,,,,,,,889341,,,173692,,,296085,1542851,,,,,,,,,,,,,,,498,898494,0
,,,,209914,,,1786,科妍,,,-846,,,,,,,,,,,,,,,,,,,,3,上市,112,,,,,,,,,,,,,,,,,,,,,,1585729,,,,1585729,,0,,23.57,168498,971716,,,,,,,,,677099,,,561616,,,699562,2147345,,,,,,,,,,,,,,,393118,1175629,0
,,,,1191160,,,1789,神隆,,,-150859,,,,,,,,,,,,,,,,,,,,3,上市,112,,,,,,0,,,,,,,,,,,,,,,,10242382,,,,10242382,,0,,12.95,695813,6161527,,,,,,,,,7907392,,,1324712,,,1294689,11567094,,,,,,,,,,,,,,,628899,5405567,0
,,,,8538829,,,1795,美時,,,-1481805,,,,,,,,,,,,,,,,,,,,3,上市,112,-51097,,,,,0,,,,,,,,,,,,,,,,16786059,,,,16786059,,490000,,63.47,6435356,13153261,,,,,,,,,2649583,,,16163513,,,7130549,32949572,,,,,,,,,,,,,,,9728157,19796311,0
,,,,19897671,,,1802,台玻,,,-2233964,,,,,,,,,,,,,,,,,,,,3,上市,112,,,,,,,,,,,,,,,,,,,,,,51908707,,,,48669533,,0,,16.74,33604077,38739486,,,,,,,,,29080608,,,41189209,,,1925218,93097916,,,,,,,,,,,,,,3239174,7585132,54358430,0
,,,,-205269,,,1805,寶徠,,,-10785,,,,,,,,,,,,,,,,,,,,3,上市,112,0,,,,,,,,,,,,,,,,,,,,,507901,,,,507901,,0,,7.24,828084,1130571,,,,,,,,,701858,,,915983,,,22097,1423884,,,,,,,,,,,,,,0,87899,293313,0
,,,,1020152,,,1806,冠軍,,,384005,,,,,,,,,,,,,,,,,,,,3,上市,112,,,,,,0,,,,,,,,,,,,,,,,5466195,,,,5466195,,0,,14.00,2331897,4098464,,,,,,,,,3904039,,,2659653,,,157999,8125848,,,,,,,,,,,,,,0,327756,4027384,0
,,,,7446580,,,1808,潤隆,,,175333,,,,,,,,,,,,,,,,,,,,3,上市,112,,,,,,,,,,,,,,,,,,,,,,12156027,,,,12156027,,0,,26.95,28454336,43728712,,,,,,,,,4510261,,,34673595,,,23853,46829622,,,,,,,,,,,,,,,6219259,3100910,0
,,,,1230814,,,1809,中釉,,,-109533,,,,,,,,,,,,,,,,,,,,3,上市,112,,,,,,,,,,,,,,,,,,,,,,3388002,,,,2919681,,0,,17.48,1057331,2310341,,,,,,,,,1670419,,,1401012,,,127981,4789014,,,,,,,,,,,,,,468321,343681,2478673,0
,,,,2973246,,,1810,和成,,,588172,,,,,,,,,,,,,,,,,,,,3,上市,112,-4781,,,,,0,,,,,,,,,,,,,,,,6652960,,,,6595978,,445484,,21.85,3132576,4985368,,,,,,,,,3023037,,,4013255,,,16304,10666215,,,,,,,,,,,,,,56982,880679,5680847,0
,,,,1147359,,,1817,凱撒衛,,,-168450,,,,,,,,,,,,,,,,,,,,3,上市,112,-15674,,,,,,,,,,,,,,,,,,,,,2007027,,,,1966938,,524000,,27.29,439331,1489794,,,,,,,,,726000,,,695998,,,277703,2703025,,,,,,,,,,,,,,40089,256667,1213231,0
,,,,156316,,,1903,士紙,,,1308546,,,,,,,,,,,,,,,,,,,,3,上市,112,,,,,,0,,,,,,,,,,,,,,,,4065253,,,,4065253,,0,,15.63,2439469,2191041,,,,,,,,,2600391,,,4279258,,,0,8344511,,,,,,,,,,,,,,,1839789,6153470,0
,,,,16808518,,,1904,正隆,,,-768364,,,,,,,,,,,,,,,,,,,,3,上市,112,,,,,,0,,,,,,,,,,,,,,,,29259572,,,,28280431,,0,,25.52,17348210,23682592,,,,,,,,,11082745,,,41152942,,,1157532,70412514,,,,,,,,,,,,,,979141,23804732,46729922,0
,,,,2860476,,,1905,華紙,,,1195407,,,,,,,,,,,,,,,,,,,,3,上市,112,-136726,,,,,,,,,,,,,,,,,,,,,17365292,,,,14984726,,15944000,,13.79,15065750,16069946,,,,,,,,,11028353,,,17869971,,,37216,35235263,,,,,,,,,,,,,,2380566,2804221,19165317,0
,,,,2648954,,,1906,寶隆,,,183137,,,,,,,,,,,,,,,,,,,,3,上市,112,,,,,,,,,,,,,,,,,,,,,,4350598,,,,,,0,,28.81,2106272,415201,,,,,,,,,1510000,,,2466808,,,8507,6817406,,,,,,,,,,,,,,,360536,6402205,0
,,,,22397751,,,1907,永豐餘,,,13510175,,,,,,,,,,,,,,,,,,,,3,上市,112,,,,,,,,,,,,,,,,,,,,,,71718100,,,,56262212,,0,,33.89,47422288,55949843,,,,,,,,,16603715,,,70731556,,,3750571,142449656,,,,,,,,,,,,,,15455888,23309268,86499813,0
,,,,5582382,,,1909,榮成,,,-939296,,,,,,,,,,,,,,,,,,,,3,上市,112,-31894,,,,,,,,,,,,,,,,,,,,,22275465,,,,22231518,,2038000,,16.77,24886499,18161927,,,,,,,,,13276857,,,53033779,,,4343469,75309244,,,,,,,,,,,,,,43947,28147280,57147317,0
,,,,119350355,,,2002,中鋼,,,-2467786,,,,,,,,,,,,,,,,,,,,3,上市,112,-8771552,,,,,,,,,,,,,,,,,,,,,343055190,,,,306484891,,518556000,,20.09,182763450,199491719,,,,,,,,,157731290,,,335361680,,,40642584,678416870,,,,,,,,,,,,,,36570299,152598230,478925151,0
,,,,14960215,,,2006,東和鋼鐵,,,-159776,,,,,,,,,,,,,,,,,,,,3,上市,112,,,,,,,,,,,,,,,,,,,,,,29895562,,,,29787307,,0,,40.79,24943321,32547764,,,,,,,,,7302138,,,27027271,,,7684730,56922833,,,,,,,,,,,,,,108255,2083950,24375069,0
,,,,-691862,,,2007,燁興,,,9524,,,,,,,,,,,,,,,,,,,,3,上市,112,0,,,,,0,,,,,,,,,,,,,,,,6104049,,,,,,0,,11.50,2434397,2292724,,,,,,,,,5306516,,,6133647,,,1479871,12237696,,,,,,,,,,,,,,,3699250,9944972,0
,,,,1183679,,,2008,高興昌,,,136610,,,,,,,,,,,,,,,,,,,,3,上市,112,0,,,,,,,,,,,,,,,,,,,,,3228812,,,,,,0,,16.92,1843327,2067673,,,,,,,,,1908523,,,4091709,,,0,7320521,,,,,,,,,,,,,,,2248382,5252848,0
,,,,397959,,,2009,第一銅,,,1882064,,,,,,,,,,,,,,,,,,,,3,上市,112,,,,,,0,,,,,,,,,,,,,,,,5876245,,,,,,0,,16.34,1757953,2238344,,,,,,,,,3596222,,,2026376,,,0,7902621,,,,,,,,,,,,,,,268423,5664277,0
,,,,5064782,,,2010,春源,,,-251804,,,,,,,,,,,,,,,,,,,,3,上市,112,,,,,,,,,,,,,,,,,,,,,,11839036,,,,11466710,,0,,17.70,7584957,13437369,,,,,,,,,6476554,,,8853100,,,177178,20692136,,,,,,,,,,,,,,372326,1268143,7254767,0
,,,,1283438,,,2012,春雨,,,-299821,,,,,,,,,,,,,,,,,,,,3,上市,112,-267195,,,,,0,,,,,,,,,,,,,,,,5030383,,,,4239402,,23430172,,15.21,2045761,8306788,,,,,,,,,3021627,,,7262171,,,501353,12292554,,,,,,,,,,,,,,790981,5216410,3985766,0
,,,,1799842,,,2013,中鋼構,,,-12676,,,,,,,,,,,,,,,,,,,,3,上市,112,0,,,,,,,,,,,,,,,,,,,,,5163916,,,,5163916,,0,,25.82,7202664,9200058,,,,,,,,,2000000,,,8346677,,,1376750,13510593,,,,,,,,,,,,,,,1144013,4310535,0
,,,,1965549,,,2014,中鴻,,,-334073,,,,,,,,,,,,,,,,,,,,3,上市,112,,,,,,,,,,,,,,,,,,,,,,15987823,,,,15987823,,0,,11.14,10693144,14548264,,,,,,,,,14355444,,,17959243,,,903,33947066,,,,,,,,,,,,,,,7266099,19398802,0
,,,,15135403,,,2015,豐興,,,-214818,,,,,,,,,,,,,,,,,,,,3,上市,112,,,,,,,,,,,,,,,,,,,,,,21190611,,,,21190611,,0,,36.44,4276807,11812057,,,,,,,,,5815994,,,4678856,,,454032,25869467,,,,,,,,,,,,,,,402049,14057410,0
,,,,75659,,,2017,官田鋼,,,512291,,,,,,,,,,,,,,,,,,,,3,上市,112,-259231,,,,,,,,,,,,,,,,,,,,,6627747,,,,5301622,,19086517,,12.39,2618270,3832673,,,,,,,,,4468747,,,5098027,,,504156,11725774,,,,,,,,,,,,,,1326125,2479757,7893101,0
,,,,1107487,,,2020,美亞,,,19065,,,,,,,,,,,,,,,,,,,,3,上市,112,0,,,,,,,,,,,,,,,,,,,,,3638976,,,,3633435,,0,,16.33,2712311,3865138,,,,,,,,,2225261,,,3600476,,,281622,7239452,,,,,,,,,,,,,,5541,888165,3374314,0
,,,,20611,,,2022,聚亨,,,26301,,,,,,,,,,,,,,,,,,,,3,上市,112,,,,,,0,,,,,,,,,,,,,,,,6758031,,,,3525182,,0,,10.46,2117451,4860349,,,,,,,,,3371682,,,2431470,,,106588,9189501,,,,,,,,,,,,,,3232849,314019,4329152,0
,,,,6981921,,,2023,燁輝,,,-423693,,,,,,,,,,,,,,,,,,,,3,上市,112,-187101,,,,,0,,,,,,,,,,,,,,,,31866676,,,,30863446,,12356000,,15.80,24879052,28245738,,,,,,,,,19658440,,,61008487,,,4833879,92875163,,,,,,,,,,,,,,1003230,36129435,64629425,0
,,,,130942,,,2024,志聯,,,,,,,,,,,,,,,,,,,,,,,3,上市,112,,,,,,,,,,,,,,,,,,,,,,1116524,,,,,,0,,11.45,393175,884957,,,,,,,,,975000,,,787285,,,10582,1903809,,,,,,,,,,,,,,,394110,1018852,0
,,,,-964221,,,2025,千興,,,-29356,,,,,,,,,,,,,,,,,,,,3,上市,112,,,,,,,,,,,,,,,,,,,,,,1818096,,,,,,0,,6.47,38614,1338267,,,,,,,,,2811673,,,44138,,,,1862234,,,,,,,,,,,,,,,5524,523967,0
,,,,17897085,,,2027,大成鋼,,,5297217,,,,,,,,,,,,,,,,,,,,3,上市,112,-4385134,,,,,,,,,,,,,,,,,,,,,77841737,,,,66154459,,290352000,,30.86,31409425,92664996,,,,,,,,,24342606,,,68691731,,,23002685,146533468,,,,,,,,,,,,,,11687278,37282306,53868472,0
,,,,821235,,,2028,威致,,,280379,,,,,,,,,,,,,,,,,,,,3,上市,112,-30229,,,,,,,,,,,,,,,,,,,,,4328533,,,,,,1264000,,13.34,2177183,3890232,,,,,,,,,3257148,,,3613392,,,,7941925,,,,,,,,,,,,,,,1436209,4051693,
,,,,5080621,,,2029,盛餘,,,-9152,,,,,,,,,,,,,,,,,,,,3,上市,112,,,,,,,,,,,,,,,,,,,,,,9903350,,,,9840633,,0,,30.64,806258,7684065,,,,,,,,,3211800,,,889015,,,1557364,10792365,,,,,,,,,,,,,,62717,82757,3108300,0
,,,,1767380,,,2030,彰源,,,-83184,,,,,,,,,,,,,,,,,,,,3,上市,112,,,,,,,,,,,,,,,,,,,,,,4952927,,,,4952927,,0,,17.66,3319970,7234606,,,,,,,,,2805260,,,7100736,,,463471,12053663,,,,,,,,,,,,,,,3780766,4819057,0
,,,,5625761,,,2031,新光鋼,,,772461,,,,,,,,,,,,,,,,,,,,3,上市,112,,,,,,,,,,,,,,,,,,,,,,11257384,,,,10553136,,0,,32.86,11185265,16624684,,,,,,,,,3211463,,,17265865,,,943451,28523249,,,,,,,,,,,,,,704248,6080600,11898565,0
,,,,253622,,,2032,新鋼,,,46,,,,,,,,,,,,,,,,,,,,3,上市,112,,,,,,0,,,,,,,,,,,,,,,,1665894,,,,,,0,,12.76,80860,1080872,,,,,,,,,1305215,,,231907,,,107011,1897801,,,,,,,,,,,,,,,151047,816929,0
,,,,102591,,,2033,佳大,,,92899,,,,,,,,,,,,,,,,,,,,3,上市,112,0,,,,,0,,,,,,,,,,,,,,,,1020473,,,,,,0,,12.65,178874,462189,,,,,,,,,806945,,,195514,,,18038,1215987,,,,,,,,,,,,,,,16640,753798,0
,,,,1756665,,,2034,允強,,,599860,,,,,,,,,,,,,,,,,,,,3,上市,112,,,,,,,,,,,,,,,,,,,,,,8865851,,,,8865851,,0,,19.82,7398213,8715799,,,,,,,,,4475783,,,10236307,,,2033543,19102158,,,,,,,,,,,,,,,2838094,10386359,0
,,,,592163,,,2038,海光,,,816857,,,,,,,,,,,,,,,,,,,,3,上市,112,,,,,,,,,,,,,,,,,,,,,,3960636,,,,3696786,,0,,19.42,4185886,4188858,,,,,,,,,1903277,,,5710017,,,384489,9670653,,,,,,,,,,,,,,263850,1524131,5481795,0
,,,,23267153,,,2049,上銀,,,424969,,,,,,,,,,,,,,,,,,,,3,上市,112,,,,,,,,,,,,,,,,,,,,,,34748854,,,,34709780,,0,,98.11,8863381,20033247,,,,,,,,,3537923,,,17202072,,,7479735,51950926,,,,,,,,,,,,,,39074,8338691,31917679,0
,,,,14141158,,,2059,川湖,,,29861,,,,,,,,,,,,,,,,,,,,3,上市,112,0,,,,,0,,,,,,,,,,,,,,,,15920681,,,,15920681,,0,,167.06,1920041,15603253,,,,,,,,,952971,,,4062679,,,796691,19983360,,,,,,,,,,,,,,0,2142638,4380107,0
,,,,3656127,,,2062,橋椿,,,-152966,,,,,,,,,,,,,,,,,,,,3,上市,112,,,,,,,,,,,,,,,,,,,,,,7416172,,,,7414229,,0,,37.07,2897931,6034726,,,,,,,,,1999942,,,5239483,,,1911126,12655655,,,,,,,,,,,,,,1943,2341552,6620929,0
,,,,974764,,,2069,運錩,,,-160405,,,,,,,,,,,,,,,,,,,,3,上市,112,-20394,,,,,,,,,,,,,,,,,,,,,3785556,,,,3785556,,1350000,,22.94,4987362,4897054,,,,,,,,,1663868,,,5867135,,,1327723,9652691,,,,,,,,,,,,,,,879773,4755637,0
,,,,1521428,,,2101,南港,,,294677,,,,,,,,,,,,,,,,,,,,3,上市,112,0,,,,,,,,,,,,,,,,,,,,,10448678,,,,10448678,,0,,12.53,17408511,27395111,,,,,,,,,8339349,,,29293868,,,293224,39742546,,,,,,,,,,,,,,0,11885357,12347435,0
,,,,-1533754,,,2102,泰豐,,,4743269,,,,,,,,,,,,,,,,,,,,3,上市,112,-183035,,,,,0,,,,,,,,,,,,,,,,7923993,,,,7923993,,13755607,,17.24,903098,1555220,,,,,,,,,4733292,,,6796658,,,164221,14720651,,,,,,,,,,,,,,,5893560,13165431,0
,,,,8571306,,,2103,台橡,,,2870533,,,,,,,,,,,,,,,,,,,,3,上市,112,,,,,,0,,,,,,,,,,,,,,,,22002491,,,,19750782,,0,,23.92,10915162,17462439,,,,,,,,,8257099,,,16088684,,,51844,38091175,,,,,,,,,,,,,,2251709,5173522,20628736,0
,,,,10829599,,,2104,國際中橡,,,5010999,,,,,,,,,,,,,,,,,,,,3,上市,112,-290088,,,,,,,,,,,,,,,,,,,,,36337448,,,,34352171,,14734663,,35.41,13077344,26003944,,,,,,,,,9847336,,,22017710,,,8954325,58355158,,,,,,,,,,,,,,1985277,8940366,32351214,0
,,,,58294761,,,2105,正新,,,-5572211,,,,,,,,,,,,,,,,,,,,3,上市,112,,,,,,0,,,,,,,,,,,,,,,,85776663,,,,85204461,,0,,26.29,19370269,60541941,,,,,,,,,32414155,,,58242242,,,67756,144018905,,,,,,,,,,,,,,572202,38871973,83476964,0
,,,,10648071,,,2106,建大,,,-125919,,,,,,,,,,,,,,,,,,,,3,上市,112,,,,,,,,,,,,,,,,,,,,,,20071093,,,,20071093,,0,,21.02,10606187,24266446,,,,,,,,,9548900,,,25807898,,,41,45878991,,,,,,,,,,,,,,0,15201711,21612545,0
,,,,7988748,,,2107,厚生,,,579131,,,,,,,,,,,,,,,,,,,,3,上市,112,0,,,,,,,,,,,,,,,,,,,,,12053558,,,,12053558,,0,,39.70,1796927,9431750,,,,,,,,,3035934,,,2059023,,,449745,14112581,,,,,,,,,,,,,,,262096,4680831,0
,,,,9133299,,,2108,南帝,,,290179,,,,,,,,,,,,,,,,,,,,3,上市,112,,,,,,0,,,,,,,,,,,,,,,,15404227,,,,14376584,,0,,29.20,1194904,12830857,,,,,,,,,4924167,,,1768001,,,28939,17172228,,,,,,,,,,,,,,1027643,573097,4341371,0
,,,,468918,,,2109,華豐,,,5579,,,,,,,,,,,,,,,,,,,,3,上市,112,,,,,,0,,,,,,,,,,,,,,,,4838832,,,,3305163,,0,,11.83,2767799,4298284,,,,,,,,,2793492,,,3101006,,,37174,7939838,,,,,,,,,,,,,,1533669,333207,3641554,0
,,,,1925481,,,2114,鑫永銓,,,,,,,,,,,,,,,,,,,,,,,3,上市,112,,,,,,0,,,,,,,,,,,,,,,,2958719,,,,,,0,,37.94,300552,2160416,,,,,,,,,779918,,,688523,,,253320,3647242,,,,,,,,,,,,,,,387971,1486826,0
,,,,1938686,,,2115,六暉-KY,,,-297953,,,,,,,,,,,,,,,,,,,,3,上市,112,,,,,,0,,,,,,,,,,,,,,,,3078464,,,,3078464,,0,,30.97,824805,2141439,,,,,,,,,994030,,,1558793,,,443701,4637257,,,,,,,,,,,,,,0,733988,2495818,0
,,,,32166468,,,2201,裕隆,,,1124635,,,,,,,,,,,,,,,,,,,,3,上市,112,-376301,,,,,,,,,,,,,,,,,,,,,84660844,,,,56554446,,7526431,,53.23,274606536,292033754,,,,,,,,,10700013,,,302063276,,,12939631,386724120,,,,,,,,,,,,,,28106398,27456740,94690366,13
,,,,22265961,,,2204,中華,,,-520387,,,,,,,,,,,,,,,,,,,,3,上市,112,,,,,,,,,,,,,,,,,,,,,,37919182,,,,34231994,,0,,61.83,9698233,13950839,,,,,,,,,5536203,,,10692718,,,6950217,48611900,,,,,,,,,,,,,,3687188,994485,34661061,0
,,,,12879965,,,2206,三陽工業,,,-977242,,,,,,,,,,,,,,,,,,,,3,上市,112,-132816,,,,,0,,,,,,,,,,,,,,,,24425950,,,,21458565,,5332452,,27.09,19568539,29441371,,,,,,,,,7974896,,,36294337,,,1713762,60720287,,,,,,,,,,,,,,2967385,16725798,31278916,0
,,,,49354749,,,2207,和泰車,,,4746706,,,,,,,,,,,,,,,,,,,,3,上市,112,,,,,,0,,,,,,,,,,,,,,,,,96093069,,,62569927,,0,,112.31,334665449,334022258,,,,,,,,,5571028,,,369410329,,,2897444,465503398,,,,,,,,,,,,,,33523142,34744880,131481140,0
,,,,-3307943,,,2208,台船,,,,,,,,,,,,,,,,,,,,,,,3,上市,112,,,,,,0,,,,,,,,,,,,,,,,6242048,,,,6244479,,0,,6.69,19383719,19456686,,,,,,,,,9335146,,,31479254,,,217276,37721302,,,,,,,,,,,,,,-2431,12095535,18264616,0
,,,,11906413,,,2211,長榮鋼,,,5649001,,,,,,,,,,,,,,,,,,,,3,上市,112,0,,,,,,,,,,,,,,,,,,,,,26428692,,,,23046003,,0,,55.25,4651793,13577176,,,,,,,,,4170915,,,7761304,,,1319674,34189996,,,,,,,,,,,,,,3382689,3109511,20612820,0
,,,,9941277,,,2227,裕日車,,,-730483,,,,,,,,,,,,,,,,,,,,3,上市,112,,,,,,,,,,,,,,,,,,,,,,18199762,,,,18199762,,0,,60.67,3809800,10549636,,,,,,,,,3000000,,,5750868,,,5988968,23950630,,,,,,,,,,,,,,,1941068,13400994,0
,,,,2963465,,,2228,劍麟,,,-291383,,,,,,,,,,,,,,,,,,,,3,上市,112,,,,,,0,,,,,,,,,,,,,,,,4243358,,,,4243358,,0,,56.00,1026960,3757727,,,,,,,,,757803,,,1632926,,,813473,5876284,,,,,,,,,,,,,,,605966,2118557,0
,,,,2169803,,,2231,為升,,,-22374,,,,,,,,,,,,,,,,,,,,3,上市,112,,,,,,,,,,,,,,,,,,,,,,5326862,,,,4254469,,0,,30.19,2377792,6203085,,,,,,,,,1409176,,,4869767,,,697864,10196629,,,,,,,,,,,,,,1072393,2491975,3993544,0
,,,,2176296,,,2233,宇隆,,,-99767,,,,,,,,,,,,,,,,,,,,3,上市,112,0,,,,,,,,,,,,,,,,,,,,,3507995,,,,3497627,,0,,58.02,863999,2736129,,,,,,,,,602881,,,1335634,,,818217,4843629,,,,,,,,,,,,,,10368,471635,2107500,0
,,,,484675,,,2236,百達-KY,,,-101234,,,,,,,,,,,,,,,,,,,,3,上市,112,,,,,,,,,,,,,,,,,,,,,,1288670,,,,1268393,,,,27.63,616532,1839209,,,,,,,,,466111,,,1131774,,,418841,2420444,,,,,,,,,,,,,,20277,515242,581235,146800
,,,,2851948,,,2239,英利-KY,,,-1356177,,,,,,,,,,,,,,,,,,,,3,上市,112,,,,,,0,,,,,,,,,,,,,,,,15392816,,,,11054316,,0,,91.86,14538429,19146928,,,,,,,,,1203372,,,21454853,,,8355173,36847669,,,,,,,,,,,,,,4338500,6916424,17700741,0
,,,,-454515,,,2241,艾姆勒,,,705,,,,,,,,,,,,,,,,,,,,3,上市,112,,,,,,0,,,,,,,,,,,,,,,,1302344,,,,1258329,,0,,14.04,391014,870303,,,,,,,,,896023,,,1412304,,,816116,2714648,,,,,,,,,,,,,,44015,1021290,1844345,0
,,,,-508720,,,2243,宏旭-KY,,,-32903,,,,,,,,,,,,,,,,,,,,3,上市,112,,,,,,0,,,,,,,,,,,,,,,,775021,,,,775021,,0,,11.17,2651707,3006953,,,,,,,,,693682,,,2988427,,,622962,3763448,,,,,,,,,,,,,,,336720,756495,0
,,,,7317196,,,2247,汎德永業,,,21549,,,,,,,,,,,,,,,,,,,,3,上市,112,,,,,,,,,,,,,,,,,,,,,,12414907,,,,12414907,,0,,153.82,5746323,12700106,,,,,,,,,807087,,,8790550,,,4269075,21205457,,,,,,,,,,,,,,,3044227,8505351,0
,,,,616242,,,2250,IKKA-KY,0,,-52991,,,,,,,,,,,,,,,,,,,,3,上市,112,0,,,,,0,,,,,,,,,,,,,,,,1657129,,,,1657129,,0,,56.43,1311323,2430915,,,,,,,,,293664,,,1819207,,,800214,3476336,,,,,,,,,,,,,,0,507884,1045421,0
,,,,38213,,,2254,巨鎧精密-創,,,128,,,,,,,,,,,,,,,,,,,,3,上市,112,,,,,,0,,,,,,,,,,,,,,,,720207,,,,720207,,0,,11.93,768247,384389,,,,,,,,,603557,,,1526417,,,78309,2246624,,,,,,,,,,,,,,,758170,1862235,0
,,,,-3817067,,,2258,鴻華先進-創,,,-281,,,,,,,,,,,,,,,,,,,,3,上市,112,,,,,,0,,,,,,,,,,,,,,,,12145172,,,,12145172,,0,,7.63,722527,3807428,,,,,,,,,15913140,,,1014077,,,49380,13159249,,,,,,,,,,,,,,,291550,9351821,0
,,,,41287790,,,2301,光寶科,,,-854472,,,,,,,,,,,,,,,,,,,,3,上市,112,-3445820,,,,,,,,,,,,,,,,,,,,,84510049,,,,83838745,,62120090,,36.35,109929257,167110944,,,,,,,,,23682458,,,115947888,,,23168789,200457937,,,,,,,,,,,,,,671304,6018631,33346993,0
,,,,192313,,,2302,麗正,,,-77729,,,,,,,,,,,,,,,,,,,,3,上市,112,,,,,,,,,,,,,,,,,,,,,,1777622,,,,1777622,,0,,10.69,205264,548632,,,,,,,,,1663029,,,282209,,,9,2059831,,,,,,,,,,,,,,0,76945,1511199,0
,,,,203531282,,,2303,聯電,,,7691174,,,,,,,,,,,,,,,,,,,,3,上市,112,,,,,,,,,,,,,,,,,,,,,,350016189,,,,349677213,,0,,27.97,92070238,219280222,,,,,,,,,125031392,,,197254767,,,13423365,547270956,,,,,,,,,,,,,,338976,105184529,327990734,0
,,,,-44588,,,2305,全友,,,258514,,,,,,,,,,,,,,,,,,,,3,上市,112,-49781,,,,,,,,,,,,,,,,,,,,,2273089,,,,2220753,,2934365,,10.95,210737,1379796,,,,,,,,,2056608,,,604982,,,0,2878071,,,,,,,,,,,,,,52336,394245,1498275,0
,,,,113337935,,,2308,台達電,,,3481388,,,,,,,,,,,,,,,,,,,,3,上市,112,,,,,,,,,,,,,,,,,,,,,,240595127,,,,197483224,,0,,76.03,128339648,258890787,,,,,,,,,25975433,,,220512562,,,54688468,461107689,,,,,,,,,,,,,,43111903,92172914,202216902,0
,,,,1970414,,,2312,金寶,0,,2666603,,,,,,,,,,,,,,,,,,,,3,上市,112,-230380,,,,,0,,,,,,,,,,,,,,,0,31672882,,,,20575147,,19750000,,13.91,66922665,78519772,,,,,,,,,14985152,,,91160100,,,1183358,122832982,,,,,,,,,,,,,,11097735,24237435,44313210,0
,,,,25113559,,,2313,華通,,,500274,,,,,,,,,,,,,,,,,,,,3,上市,112,,,,,,0,,,,,,,,,,,,,,,,38592265,,,,38592265,,0,,32.38,26303423,42833222,,,,,,,,,11918206,,,42473058,,,1060226,81065323,,,,,,,,,,,,,,,16169635,38232101,0
,,,,-1175708,,,2314,台揚,,,-285970,,,,,,,,,,,,,,,,,,,,3,上市,112,,,,,,0,,,,,,,,,,,,,,,,1748737,,,,1748737,,0,,7.35,3108431,3718561,,,,,,,,,2380283,,,3983779,,,830132,5732516,,,,,,,,,,,,,,,875348,2013955,0
,,,,6514932,,,2316,楠梓電,,,-506332,,,,,,,,,,,,,,,,,,,,3,上市,112,-93017,,,,,,,,,,,,,,,,,,,,,8196111,,,,8196111,,1306059,,45.17,3116682,4368164,,,,,,,,,1827405,,,5637898,,,453123,13834009,,,,,,,,,,,,,,,2521216,9465845,0
,,,,1215544134,,,2317,鴻海,,,-63459044,,,,,,,,,,,,,,,,,,,,3,上市,112,-15194,,,,,0,,,,,,,,,,,,,,,,1687137913,,,,1484999679,,1483078,,107.13,2012985561,3150562974,,,,,,,,,138629906,,,2376251282,,,194299877,4063389195,,,,,,,,,,,,,,202138234,363265721,912826221,0
,,,,-111186,,,2321,東訊,,,16982,,,,,,,,,,,,,,,,,,,,3,上市,112,-13812,,,,,0,,,,,,,,,,,,,,,,457397,,,,200940,,139032,,6.67,567903,789098,,,,,,,,,302719,,,998095,,,6237,1455492,,,,,,,,,,,,,,256457,430192,666394,0
,,,,252057,,,2323,中環,,,-143873,,,,,,,,,,,,,,,,,,,,3,上市,112,,,,,,,,,,,,,,,,,,,,,,18056811,,,,17716450,,,,16.26,3785969,13042886,,,,,,,,,10893483,,,5695873,,,6714783,23752684,,,,,,,,,,,,,,340361,1909904,10709798,
,,,,71450090,,,2324,仁寶,,,2303153,,,,,,,,,,,,,,,,,,,,3,上市,112,-881247,,,,,,,,,,,,,,,,,,,,,132533301,,,,121213972,,50017431,,27.82,318385238,410655539,,,,,,,,,44071466,,,342628822,,,4270510,475162123,,,,,,,,,,,,,,11319329,24243584,64506584,0
,,,,85809622,,,2327,國巨*,0,,6631241,,,,,,,,,,,,,,,,,,,,3,上市,112,-2030720,,,,,,,,,,,,,,,,,,,,,138743725,,,,136744054,,3985760,,326.23,109546311,134892539,,,,,,,,,4231455,,,175638040,,,42102456,314381765,,,,,,,,,,,,,,1999671,66091729,179489226,0
,,,,7820734,,,2328,廣宇,,,-1195124,,,,,,,,,,,,,,,,,,,,3,上市,112,,,,,,0,,,,,,,,,,,,,,,,15214444,,,,13312678,,0,,25.68,8904100,18558354,,,,,,,,,5183462,,,9387180,,,1503606,24601624,,,,,,,,,,,,,,1901766,483080,6043270,0
,,,,3005914,,,2329,華泰,,,58154,,,,,,,,,,,,,,,,,,,,3,上市,112,,,,,,0,,,,,,,,,,,,,,,,10657338,,,,10657338,,0,,14.49,5381178,10608988,,,,,,,,,7354883,,,7798311,,,238387,18455649,,,,,,,,,,,,,,,2417133,7846661,0
,,,,3010532799,,,2330,台積電,,,8616930,,,,,,,,,,,,,,,,,,,,3,上市,112,0,,,,,,,,,,,,,,,,,,,,,3372818107,,,,3348349657,,0,,129.12,970034816,2082477636,,,,,,,,,259320710,,,2111738274,,,69879218,5484556381,,,,,,,,,,,,,,24468450,1141703458,3402078745,0
,,,,1548848,,,2331,精英,,,-635721,,,,,,,,,,,,,,,,,,,,3,上市,112,,,,,,0,,,,,,,,,,,,,,,,11934787,,,,11924480,,0,,21.39,10412192,17448179,,,,,,,,,5574030,,,10942362,,,5437323,22877149,,,,,,,,,,,,,,10307,530170,5428970,0
,,,,3361305,,,2332,友訊,,,-1454853,,,,,,,,,,,,,,,,,,,,3,上市,112,-82823,,,,,0,,,,,,,,,,,,,,,,11748202,,,,9216329,,5434069,,15.43,4495745,12905174,,,,,,,,,6028365,,,5738047,,,1364335,17486249,,,,,,,,,,,,,,2531873,1242302,4581075,0
,,,,28774590,,,2337,旺宏,,,1418569,,,,,,,,,,,,,,,,,,,,3,上市,112,-159061,,,,,0,,,,,,,,,,,,,,,,48999300,,,,48998560,,1956619,,26.43,10181416,31543658,,,,,,,,,18558264,,,30764739,,,406198,79764039,,,,,,,,,,,,,,740,20583323,48220381,0
,,,,2149455,,,2338,光罩,,,12162,,,,,,,,,,,,,,,,,,,,3,上市,112,-1174484,,,,,0,,,,,,,,,,,,,,,,4669467,,,,4856526,,43293440,,22.78,8902753,6104810,,,,,,,,,2564465,,,16078273,,,1304928,20747740,,,,,,,,,,,,,,-187059,7175520,14642930,0
,,,,2440512,,,2340,台亞,,,166271,,,,,,,,,,,,,,,,,,,,3,上市,112,-23172,,,,,,,,,,,,,,,,,,,,,8613244,,,,8433131,,754543,,19.26,2070652,5002319,,,,,,,,,4386228,,,3439582,,,1463292,12052826,,,,,,,,,,,,,,180113,1368930,7050507,0
,,,,404365,,,2342,茂矽,,,-87978,,,,,,,,,,,,,,,,,,,,3,上市,112,,,,,,0,,,,,,,,,,,,,,,,2471958,,,,2448005,,0,,15.68,572329,2378178,,,,,,,,,1561567,,,1087062,,,570051,3559020,,,,,,,,,,,,,,23953,514733,1180842,0
,,,,27734478,,,2344,華邦電,,,11571111,,,,,,,,,,,,,,,,,,,,3,上市,112,,,,,,,,,,,,,,,,,,,,,,94620715,,,,86783489,,0,,21.80,35068217,69167302,,,,,,,,,39800002,,,88847912,,,7677898,183468627,,,,,,,,,,,,,,7837226,53779695,114301325,0
,,,,16958507,,,2345,智邦,,,-245733,,,,,,,,,,,,,,,,,,,,3,上市,112,-50999,,,,,,,,,,,,,,,,,,,,,23137565,,,,23137565,,2209867,,41.47,25261039,45190516,,,,,,,,,5601589,,,27701436,,,874201,50839001,,,,,,,,,,,,,,,2440397,5648485,0
,,,,47707543,,,2347,聯強,,,-7550195,,,,,,,,,,,,,,,,,,,,3,上市,112,,,,,,0,,,,,,,,,,,,,,,,72907083,,,,70342848,,0,,42.17,119121694,179277218,,,,,,,,,16679470,,,139797137,,,13506030,212704220,,,,,,,,,,,,,,2564235,20675443,33427002,0
,,,,3176196,,,2348,海悅,,,174731,,,,,,,,,,,,,,,,,,,,3,上市,112,-71502,,,,,0,,,,,,,,,,,,,,,,6947589,,,,6035737,,1139000,,41.35,7610502,21978102,,,,,,,,,1471081,,,22357523,,,1285231,29305112,,,,,,,,,,,,,,911852,14747021,7327010,0
,,,,-1799673,,,2349,錸德,,,-748663,,,,,,,,,,,,,,,,,,,,3,上市,112,,,,,,0,,,,,,,,,,,,,,,,10425174,,,,5584317,,0,,8.05,4002619,8990329,,,,,,,,,6936797,,,8901523,,,1195856,19326697,,,,,,,,,,,,,,4840857,4898904,10336368,0
,,,,4485417,,,2351,順德,,,-84975,,,,,,,,,,,,,,,,,,,,3,上市,112,,,,,,0,,,,,,,,,,,,,,,,7049317,,,,6707805,,0,,36.83,3323590,6702705,,,,,,,,,1821403,,,5362329,,,485960,12411646,,,,,,,,,,,,,,341512,2038739,5708941,0
,,,,18288609,,,2352,佳世達,,,-2734391,,,,,,,,,,,,,,,,,,,,3,上市,112,,,,,,,,,,,,,,,,,,,,,,64138278,,,,37201448,,0,,18.91,86110377,107829937,,,,,,,,,19667820,,,124888787,,,1979410,189027065,,,,,,,,,,,,,,26936830,38778410,81197128,0
,,,,17474331,,,2353,宏碁,,,2644708,,,,,,,,,,,,,,,,,,,,3,上市,112,-2914856,,,,,0,,,,,,,,,,,,,,,,80648685,,,,75404609,,46746290,,25.13,117137485,166978766,,,,,,,,,30478538,,,137815018,,,27721888,218463703,,,,,,,,,,,,,,5244076,20677533,51484937,0
,,,,86287439,,,2354,鴻準,,,-3672580,,,,,,,,,,,,,,,,,,,,3,上市,112,,,,,,0,,,,,,,,,,,,,,,,104246520,,,,104330731,,0,,73.76,35426223,79816329,,,,,,,,,14144852,,,36535226,,,7571020,140781746,,,,,,,,,,,,,,-84211,1109003,60965417,0
,,,,10829820,,,2355,敬鵬,,,-279611,,,,,,,,,,,,,,,,,,,,3,上市,112,,,,,,,,,,,,,,,,,,,,,,16105893,,,,16105718,,0,,40.52,5385740,14885635,,,,,,,,,3974954,,,6290843,,,1580555,22396736,,,,,,,,,,,,,,175,905103,7511101,0
,,,,20986501,,,2356,英業達,,,888291,,,,,,,,,,,,,,,,,,,,3,上市,112,,,,,,0,,,,,,,,,,,,,,,,59852453,,,,60649470,,0,,16.91,183174311,205923696,,,,,,,,,35874751,,,193406561,,,2899927,253259014,,,,,,,,,,,,,,-797017,10232250,47335318,0
,,,,159413231,,,2357,華碩,,,54180417,,,,,,,,,,,,,,,,,,,,3,上市,112,,,,,,,,,,,,,,,,,,,,,,250565008,,,,232878300,,0,,313.53,212635400,321737937,,,,,,,,,7427603,,,235783509,,,11857049,486348517,,,,,,,,,,,,,,17686708,23148109,164610580,0
,,,,3386670,,,2359,所羅門,,,-111470,,,,,,,,,,,,,,,,,,,,3,上市,112,-6042,,,,,0,,,,,,,,,,,,,,,,5621115,,,,5199007,,100432,,30.34,2758130,5113976,,,,,,,,,1714711,,,2829223,,,215138,8450338,,,,,,,,,,,,,,422108,71093,3336362,0
,,,,12060272,,,2360,致茂,,,628291,,,,,,,,,,,,,,,,,,,,3,上市,112,-30868,,,,,,,,,,,,,,,,,,,,,22057883,,,,21461595,,1654579,,50.65,10281181,17259615,,,,,,,,,4253644,,,12453355,,,4550256,34511238,,,,,,,,,,,,,,596288,2172174,17251623,0
,,,,39945700,,,2362,藍天,,,-2767821,,,,,,,,,,,,,,,,,,,,3,上市,112,-829200,,,,,0,,,,,,,,,,,,,,,,42768712,,,,42768712,,47047265,,73.08,18820189,18285258,,,,,,,,,6322630,,,54399921,,,97403,97168633,,,,,,,,,,,,,,,35579732,78883375,0
,,,,4302857,,,2363,矽統,,,5250398,,,,,,,,,,,,,,,,,,,,3,上市,112,,,,,,,,,,,,,,,,,,,,,,17180782,,,,17132359,,3,,22.86,122761,4282427,,,,,,,,,7495894,,,127933,,,83210,17308715,,,,,,,,,,,,,,48423,5172,13026288,0
,,,,112244,,,2364,倫飛,,,16642,,,,,,,,,,,,,,,,,,,,3,上市,112,0,,,,,0,,,,,,,,,,,,,,,,414825,,,,438923,,0,,17.70,792819,673253,,,,,,,,,310002,,,809869,,,35,1224694,,,,,,,,,,,,,,-24098,17050,551441,0
,,,,1170642,,,2365,昆盈,,,-604739,,,,,,,,,,,,,,,,,,,,3,上市,112,,,,,,,,,,,,,,,,,,,,,,3039289,,,,3008262,,0,,13.58,266743,1638509,,,,,,,,,2215285,,,566628,,,227074,3605917,,,,,,,,,,,,,,31027,299885,1967408,0
,,,,408373,,,2367,燿華,,,84282,,,,,,,,,,,,,,,,,,,,3,上市,112,,,,,,0,,,,,,,,,,,,,,,,10223873,,,,10223873,,0,,15.27,7171819,7709719,,,,,,,,,6694072,,,12022440,,,3037146,22246313,,,,,,,,,,,,,,,4850621,14536594,0
,,,,8692741,,,2368,金像電,,,398186,,,,,,,,,,,,,,,,,,,,3,上市,112,-92754,,,,,0,,,,,,,,,,,,,,,,15153761,,,,15153761,,5151375,,31.14,12302240,23068314,,,,,,,,,4918391,,,15370078,,,1237197,30523839,,,,,,,,,,,,,,,3067838,7455525,0
,,,,650042,,,2369,菱生,,,-41420,,,,,,,,,,,,,,,,,,,,3,上市,112,-176415,,,,,,,,,,,,,,,,,,,,,5735227,,,,5499983,,5658911,,14.69,1771560,3744590,,,,,,,,,3801023,,,2640737,,,1266753,8375964,,,,,,,,,,,,,,235244,869177,4631374,0
,,,,23413728,,,2371,大同,,,3713047,,,,,,,,,,,,,,,,,,,,3,上市,112,-154430,,,,,0,,,,,,,,,,,,,,,,67384753,,,,53809812,,19666586,,23.20,28137035,56995732,,,,,,,,,23395367,,,67688829,,,3442100,135073582,,,,,,,,,,,,,,13574941,39551794,78077850,0
,,,,3898550,,,2373,震旦行,,,-94476,,,,,,,,,,,,,,,,,,,,3,上市,112,-791826,,,,,,,,,,,,,,,,,,,,,8569072,,,,7249275,,12496797,,32.41,4777093,9760631,,,,,,,,,2362025,,,9332520,,,1875002,17901592,,,,,,,,,,,,,,1319797,4555427,8140961,0
,,,,2693464,,,2374,佳能,,,-459408,,,,,,,,,,,,,,,,,,,,3,上市,112,-120,,,,,0,,,,,,,,,,,,,,,,6766175,,,,6452156,,12000,,22.44,2197196,4732984,,,,,,,,,2875463,,,2293817,,,1342757,9059992,,,,,,,,,,,,,,314019,96621,4327008,0
,,,,3549301,,,2375,凱美,,,-252791,,,,,,,,,,,,,,,,,,,,3,上市,112,,,,,,0,,,,,,,,,,,,,,,,9116194,,,,9116194,,0,,83.88,5403982,8332764,,,,,,,,,1086753,,,5902151,,,4732931,15018345,,,,,,,,,,,,,,0,498169,6685581,0
,,,,25624477,,,2376,技嘉,,,381784,,,,,,,,,,,,,,,,,,,,3,上市,112,0,,,,,0,,,,,,,,,,,,,,,,36106179,,,,36095549,,0,,56.78,41943416,78803502,,,,,,,,,6356889,,,51638980,,,3732399,87745159,,,,,,,,,,,,,,10630,9695564,8941657,0
,,,,41065340,,,2377,微星,,,-628185,,,,,,,,,,,,,,,,,,,,3,上市,112,,,,,,0,,,,,,,,,,,,,,,,49691273,,,,49691273,,0,,58.82,48217922,90535330,,,,,,,,,8448562,,,49287639,,,805556,98978912,,,,,,,,,,,,,,,1069717,8443582,0
,,,,31547568,,,2379,瑞昱,,,5250939,,,,,,,,,,,,,,,,,,,,3,上市,112,,,,,,0,,,,,,,,,,,,,,,,42478678,,,,42468975,,0,,82.81,67136501,91146280,,,,,,,,,5128636,,,72340900,,,541832,114819578,,,,,,,,,,,,,,9703,5204399,23673298,0
,,,,-1336871,,,2380,虹光,,,-75798,,,,,,,,,,,,,,,,,,,,3,上市,112,-6669,,,,,0,,,,,,,,,,,,,,,,855683,,,,850093,,195879,,3.92,1307607,1568365,,,,,,,,,2169341,,,1562068,,,100090,2417751,,,,,,,,,,,,,,5590,254461,849386,0
,,,,124985274,,,2382,廣達,,,3921314,,,,,,,,,,,,,,,,,,,,3,上市,112,-333094,,,,,0,,,,,,,,,,,,,,,,188930317,,,,181480263,,8108885,,47.08,525161974,640365999,,,,,,,,,38626274,,,535086093,,,14280495,724016410,,,,,,,,,,,,,,7450054,9924119,83650411,0
,,,,17891014,,,2383,台光電,,,-457575,,,,,,,,,,,,,,,,,,,,3,上市,112,,,,,,,,,,,,,,,,,,,,,,24864982,,,,24864982,,0,,72.79,23338049,32794903,,,,,,,,,3416111,,,27047754,,,4015432,51912736,,,,,,,,,,,,,,0,3709705,19117833,0
,,,,22706945,,,2385,群光,,,-1658424,,,,,,,,,,,,,,,,,,,,3,上市,112,-311277,,,,,0,,,,,,,,,,,,,,,,44266196,,,,37461102,,37363234,,51.84,44386051,64593683,,,,,,,,,7600532,,,45096600,,,9123326,89362796,,,,,,,,,,,,,,6805094,710549,24769113,0
,,,,8104140,,,2387,精元,,,-857679,,,,,,,,,,,,,,,,,,,,3,上市,112,-30871,,,,,0,,,,,,,,,,,,,,,,10393376,,,,9262342,,2250000,,47.99,10018405,15116748,,,,,,,,,1952510,,,10850555,,,94242,21243931,,,,,,,,,,,,,,1131034,832150,6127183,0
,,,,6604129,,,2388,威盛,,,658246,,,,,,,,,,,,,,,,,,,,3,上市,112,,,,,,,,,,,,,,,,,,,,,,14935952,,,,13518698,,0,,27.08,7329839,17315502,,,,,,,,,5000209,,,10019254,,,1256114,24955206,,,,,,,,,,,,,,1417254,2689415,7639704,739500
,,,,155671,,,2390,云辰,,,-17021,,,,,,,,,,,,,,,,,,,,3,上市,112,,,,,,,,,,,,,,,,,,,,,,2641622,,,,2641329,,0,,13.71,390186,1864723,,,,,,,,,1926194,,,410515,,,576485,3052137,,,,,,,,,,,,,,293,20329,1187414,0
,,,,11534998,,,2392,正崴,,,-2442795,,,,,,,,,,,,,,,,,,,,3,上市,112,-622774,,,,,0,,,,,,,,,,,,,,,,35519787,,,,24273274,,49503000,,52.45,40265028,63156628,,,,,,,,,5123269,,,63911054,,,10680576,99430841,,,,,,,,,,,,,,11246513,23646026,36274213,0
,,,,5728771,,,2393,億光,,,-734875,,,,,,,,,,,,,,,,,,,,3,上市,112,,,,,,0,,,,,,,,,,,,,,,,18895895,,,,18518249,,0,,41.76,6821941,16875967,,,,,,,,,4433931,,,7572057,,,9090422,26467952,,,,,,,,,,,,,,377646,750116,9591985,0
,,,,26952204,,,2395,研華,,,1097072,,,,,,,,,,,,,,,,,,,,3,上市,112,,,,,,,,,,,,,,,,,,,,,,46494680,,,,46147397,,0,,53.80,15984473,39748188,,,,,,,,,8577794,,,20460570,,,9520327,66955250,,,,,,,,,,,,,,347283,4476097,27207062,1047900
,,,,1350788,,,2397,友通,0,,96,,,,,,,,,,,,,,,,,,,,3,上市,112,,,,,,0,,,,,,,,,,,,,,,,5646197,,,,3104489,,0,,27.12,4515075,7338622,,,,,,,,,1144889,,,6069587,,,608716,11715784,,,,,,,,,,,,,,2541708,1554512,4377162,0
,,,,423042,,,2399,映泰,,,-1959,,,,,,,,,,,,,,,,,,,,3,上市,112,,,,,,,,,,,,,,,,,,,,,,2268861,,,,2268861,,0,,12.74,522101,2260238,,,,,,,,,1781000,,,566760,,,66778,2835621,,,,,,,,,,,,,,,44659,575383,0
,,,,1851540,,,2401,凌陽,,,-153458,,,,,,,,,,,,,,,,,,,,3,上市,112,-63401,,,,,,,,,,,,,,,,,,,,,10974074,,,,8715197,,3559996,,14.81,1727606,7686968,,,,,,,,,5919949,,,3223722,,,1160567,14197796,,,,,,,,,,,,,,2258877,1496116,6510828,0
,,,,1343504,,,2402,毅嘉,,,-83152,,,,,,,,,,,,,,,,,,,,3,上市,112,-120422,,,,,,,,,,,,,,,,,,,,,6301732,,,,6301732,,7464000,,21.00,3976911,6957779,,,,,,,,,3075366,,,4244485,,,2086436,10546217,,,,,,,,,,,,,,,267574,3588438,0
,,,,8849217,,,2404,漢唐,,,903555,,,,,,,,,,,,,,,,,,,,3,上市,112,-573943,,,,,0,,,,,,,,,,,,,,,,11672258,,,,11463123,,3000000,,61.11,34553437,42727335,,,,,,,,,1905867,,,35358609,,,378427,47030867,,,,,,,,,,,,,,209135,805172,4303532,0
,,,,246786,,,2405,輔信,,,-41005,,,,,,,,,,,,,,,,,,,,3,上市,112,,,,,,,,,,,,,,,,,,,,,,3719110,,,,3667925,,0,,10.68,748883,2647030,,,,,,,,,3434273,,,956210,,,27871,4675320,,,,,,,,,,,,,,51185,207327,2028290,0
,,,,-651367,,,2406,國碩,,,-211678,,,,,,,,,,,,,,,,,,,,3,上市,112,,,,,,,,,,,,,,,,,,,,,,9572902,,,,4142057,,0,,11.80,2022882,5217297,,,,,,,,,3509057,,,4687671,,,1496045,14260573,,,,,,,,,,,,,,5430845,2664789,9043276,0
,,,,104980504,,,2408,南亞科,,,3222017,,,,,,,,,,,,,,,,,,,,3,上市,112,,,,,,0,,,,,,,,,,,,,,,,172009061,,,,172009061,,0,,55.52,16490237,97986564,,,,,,,,,30981020,,,21959261,,,32825520,193968322,,,,,,,,,,,,,,,5469024,95981758,13000
,,,,33414234,,,2409,友達,,,-2269985,,,,,,,,,,,,,,,,,,,,3,上市,112,-240424,,,,,,,,,,,,,,,,,,,,,169028521,,,,162877643,,31515120,,21.24,99627498,146242804,,,,,,,,,76993961,,,219952936,,,54979857,388981457,,,,,,,,,,,,,,6150878,120325438,242738653,0
,,,,124720340,,,2412,中華電,,,419267,,,,,,,,,,,,,,,,,,,,3,上市,112,,,,,,,,,,,,,,,,,,,,,,386349557,,,,374023397,,0,,48.21,63125441,96905433,,,,,,,,,77574465,,,125853100,,,171309325,512202657,,,,,,,,,,,,,,12326160,62727659,415297224,0
,,,,774523,,,2413,環科,,,-317641,,,,,,,,,,,,,,,,,,,,3,上市,112,-6151,,,,,,,,,,,,,,,,,,,,,2098145,,,,2097399,,538000,,16.54,2340925,3509700,,,,,,,,,1273592,,,3062971,,,373076,5161116,,,,,,,,,,,,,,746,722046,1651416,0
,,,,1052901,,,2414,精技,,,-5199,,,,,,,,,,,,,,,,,,,,3,上市,112,,,,,,0,,,,,,,,,,,,,,,,4055787,,,,2961219,,0,,18.31,4876030,7381724,,,,,,,,,1617358,,,5171319,,,296159,9227106,,,,,,,,,,,,,,1094568,295289,1845382,0
,,,,423183,,,2415,錩新,,,63067,,,,,,,,,,,,,,,,,,,,3,上市,112,,,,,,,,,,,,,,,,,,,,,,2756864,,,,1600104,,0,,17.78,5639793,7557061,,,,,,,,,900000,,,6359841,,,213854,9116705,,,,,,,,,,,,,,1156760,720048,1559644,0
,,,,1233538,,,2417,圓剛,,,-55294,,,,,,,,,,,,,,,,,,,,3,上市,112,-517183,,,,,,,,,,,,,,,,,,,,,4226132,,,,2997910,,20892600,,21.85,1724732,3937780,,,,,,,,,1580689,,,1890217,,,756160,6116349,,,,,,,,,,,,,,1228222,165485,2178569,0
,,,,412130,,,2419,仲琦,,,284901,,,,,,,,,,,,,,,,,,,,3,上市,112,0,,,,,0,,,,,,,,,,,,,,,,5965067,,,,5076305,,0,,15.80,4154350,8045132,,,,,,,,,3213172,,,4755049,,,1166102,10720116,,,,,,,,,,,,,,888762,600699,2674984,0
,,,,1927841,,,2420,新巨,,,-492,,,,,,,,,,,,,,,,,,,,3,上市,112,,,,,,,,,,,,,,,,,,,,,,3620583,,,,3589398,,0,,23.51,553567,1868529,,,,,,,,,1526487,,,1665013,,,135562,5285596,,,,,,,,,,,,,,31185,1111446,3417067,0
,,,,3027154,,,2421,建準,,,-189706,,,,,,,,,,,,,,,,,,,,3,上市,112,,,,,,,,,,,,,,,,,,,,,,7044826,,,,7044826,,0,,28.07,5149594,9890395,,,,,,,,,2725243,,,5974110,,,1482135,13018936,,,,,,,,,,,,,,0,824516,3128541,0
,,,,1290047,,,2423,固緯,,,-109650,,,,,,,,,,,,,,,,,,,,3,上市,112,,,,,,0,,,,,,,,,,,,,,,,2634916,,,,2634916,,0,,18.17,965798,2431498,,,,,,,,,1450472,,,1148405,,,4047,3783321,,,,,,,,,,,,,,,182607,1351823,0
,,,,-614477,,,2424,隴華,,,359,,,,,,,,,,,,,,,,,,,,3,上市,112,,,,,,0,,,,,,,,,,,,,,,,271134,,,,258768,,0,,5.07,214111,256461,,,,,,,,,510250,,,367515,,,362636,638649,,,,,,,,,,,,,,12366,153404,382188,0
,,,,1235653,,,2425,承啟,,,15741,,,,,,,,,,,,,,,,,,,,3,上市,112,0,,,,,0,,,,,,,,,,,,,,,,2552875,,,,2216482,,0,,22.97,1536006,3586755,,,,,,,,,964988,,,1571859,,,100,4124734,,,,,,,,,,,,,,336393,35853,537979,0
,,,,648677,,,2426,鼎元,,,-41018,,,,,,,,,,,,,,,,,,,,3,上市,112,,,,,,,,,,,,,,,,,,,,,,3898200,,,,3859089,,0,,12.84,939715,3031823,,,,,,,,,3006223,,,1433297,,,245207,5331497,,,,,,,,,,,,,,39111,493582,2299674,0
,,,,575442,,,2427,三商電,,,42326,,,,,,,,,,,,,,,,,,,,3,上市,112,,,,,,,,,,,,,,,,,,,,,,2576338,,,,2573691,,0,,13.96,2351216,3951513,,,,,,,,,1843145,,,3382282,,,112778,5958620,,,,,,,,,,,,,,2647,1031066,2007107,0
,,,,7568168,,,2428,興勤,,,25391,,,,,,,,,,,,,,,,,,,,3,上市,112,,,,,,,,,,,,,,,,,,,,,,9369889,,,,9227593,,0,,72.03,1594982,8359427,,,,,,,,,1281127,,,4292399,,,352907,13662288,,,,,,,,,,,,,,142296,2697417,5302861,0
,,,,-281953,,,2429,銘旺科,,,-1643,,,,,,,,,,,,,,,,,,,,3,上市,112,,,,,,0,,,,,,,,,,,,,,,,293280,,,,227421,,0,,5.20,334965,297784,,,,,,,,,437482,,,561593,,,73535,854873,,,,,,,,,,,,,,65859,226628,557089,0
,,,,2114432,,,2430,燦坤,,,-64688,,,,,,,,,,,,,,,,,,,,3,上市,112,,,,,,,,,,,,,,,,,,,,,,4468584,,,,4468584,,0,,38.26,5352326,4546508,,,,,,,,,1168000,,,10081898,,,1250840,14550482,,,,,,,,,,,,,,,4729572,10003974,0
,,,,211582,,,2431,聯昌,,,-76645,,,,,,,,,,,,,,,,,,,,3,上市,112,,,,,,0,,,,,,,,,,,,,,,,1403545,,,,1403545,,0,,12.65,191213,1238947,,,,,,,,,1109270,,,219616,,,159338,1623161,,,,,,,,,,,,,,,28403,384214,0
,,,,170087,,,2432,倚天酷碁-創,0,,-68845,,,,,,,,,,,,,,,,,,,,3,上市,112,,,,,,0,,,,,,,,,,,,,,,,1142215,,,,1142215,,0,,18.46,635615,1503633,,,,,,,,,618600,,,651747,,,422373,1793962,,,,,,,,,,,,,,,16132,290329,0
,,,,1400897,,,2433,互盛電,,,866301,,,,,,,,,,,,,,,,,,,,3,上市,112,,,,,,,,,,,,,,,,,,,,,,4458427,,,,3754801,,0,,25.99,1716433,3855685,,,,,,,,,1444960,,,3195422,,,42643,7653849,,,,,,,,,,,,,,703626,1478989,3798164,0
,,,,-88388,,,2434,統懋,,,-5592,,,,,,,,,,,,,,,,,,,,3,上市,112,,,,,,,,,,,,,,,,,,,,,,469280,,,,469280,,0,,12.68,116889,175412,,,,,,,,,370000,,,199969,,,193260,669249,,,,,,,,,,,,,,,83080,493837,0
,,,,1556094,,,2436,偉詮電,,,-111232,,,,,,,,,,,,,,,,,,,,3,上市,112,-83400,,,,,,,,,,,,,,,,,,,,,3983586,,,,3408449,,905000,,19.25,548185,4186855,,,,,,,,,1780100,,,1812887,,,266887,5796473,,,,,,,,,,,,,,575137,1264702,1609618,0
,,,,-48901,,,2438,翔耀,,,-14150,,,,,,,,,,,,,,,,,,,,3,上市,112,,,,,,,,,,,,,,,,,,,,,,751210,,,,540516,,0,,8.98,40121,262530,,,,,,,,,601956,,,51300,,,1611,802510,,,,,,,,,,,,,,210694,11179,539980,0
,,,,6229240,,,2439,美律,,,-952073,,,,,,,,,,,,,,,,,,,,3,上市,112,,,,,,0,,,,,,,,,,,,,,,,13201929,,,,12337530,,0,,56.25,16673231,21623140,,,,,,,,,2193434,,,20234272,,,4866929,33436201,,,,,,,,,,,,,,864399,3561041,11813061,0
,,,,-81976,,,2440,太空梭,,,7271,,,,,,,,,,,,,,,,,,,,3,上市,112,,,,,,,,,,,,,,,,,,,,,,1321577,,,,1321577,,0,,9.50,799143,1751926,,,,,,,,,1391173,,,919681,,,5109,2241258,,,,,,,,,,,,,,,120538,489332,0
,,,,14813782,,,2441,超豐,,,105156,,,,,,,,,,,,,,,,,,,,3,上市,112,,,,,,,,,,,,,,,,,,,,,,20612610,,,,20609809,,0,,36.23,2738309,8902974,,,,,,,,,5688459,,,3195843,,,2412,23808453,,,,,,,,,,,,,,2801,457534,14905479,0
,,,,1453628,,,2442,新美齊,,,91036,,,,,,,,,,,,,,,,,,,,3,上市,112,0,,,,,0,,,,,,,,,,,,,,,,4755815,,,,4105270,,0,,16.02,11005900,13743530,,,,,,,,,2562888,,,11523590,,,-2282,16279405,,,,,,,,,,,,,,650545,517690,2535875,0
,,,,-117248,,,2444,兆勁,,,-20827,,,,,,,,,,,,,,,,,,,,3,上市,112,0,,,,,0,,,,,,,,,,,,,,,,998664,,,,998664,,0,,9.83,421298,1267013,,,,,,,,,1015696,,,1015552,,,121043,2014216,,,,,,,,,,,,,,,594254,747203,0
,,,,16923368,,,2449,京元電子,,,3110743,,,,,,,,,,,,,,,,,,,,3,上市,112,,,,,,,,,,,,,,,,,,,,,,38397324,,,,37267362,,0,,30.48,7760373,21051484,,,,,,,,,12227451,,,35087931,,,5005800,73485255,,,,,,,,,,,,,,1129962,27327558,52433771,0
,,,,3006055,,,2450,神腦,,,-118,,,,,,,,,,,,,,,,,,,,3,上市,112,,,,,,,,,,,,,,,,,,,,,,6317037,,,,6306128,,0,,24.42,4319623,7779068,,,,,,,,,2582527,,,4823553,,,717664,11140590,,,,,,,,,,,,,,10909,503930,3361522,0
,,,,11630428,,,2451,創見,,,-294244,,,,,,,,,,,,,,,,,,,,3,上市,112,,,,,,0,,,,,,,,,,,,,,,,18671420,,,,18671420,,0,,43.52,2097532,15334564,,,,,,,,,4290617,,,2476393,,,3044619,21147813,,,,,,,,,,,,,,,378861,5813249,0
,,,,1014360,,,2453,凌群,,,11842,,,,,,,,,,,,,,,,,,,,3,上市,112,0,,,,,0,,,,,,,,,,,,,,,,2030577,,,,2027477,,0,,20.27,2631325,3976830,,,,,,,,,1000000,,,2761816,,,1275,4792393,,,,,,,,,,,,,,3100,130491,815563,0
,,,,302224271,,,2454,聯發科,,,48543826,,,,,,,,,,,,,,,,,,,,3,上市,112,-55970,,,,,,,,,,,,,,,,,,,,,394971084,,,,392262645,,7794085,,246.42,194558842,267179994,,,,,,,,,15996681,,,223370479,,,25553837,618341563,,,,,,,,,,,,,,2708439,28811637,351161569,160929
,,,,1053365,,,2455,全新,,,,,,,,,,,,,,,,,,,,,,,3,上市,112,,,,,,0,,,,,,,,,,,,,,,,2919160,,,,,,0,,15.79,807681,1809218,,,,,,,,,1849059,,,1517708,,,16736,4436868,,,,,,,,,,,,,,,710027,2627650,0
,,,,881886,,,2457,飛宏,,,-71259,,,,,,,,,,,,,,,,,,,,3,上市,112,,,,,,,,,,,,,,,,,,,,,,7090464,,,,7100628,,0,,18.74,7581121,11831427,,,,,,,,,3934168,,,9671718,,,2355833,16762182,,,,,,,,,,,,,,-10164,2090597,4930755,3656292
,,,,5243816,,,2458,義隆,0,,21790,,,,,,,,,,,,,,,,,,,,3,上市,112,-1106485,,,,,,,,,,,,,,,,,,,,,8562196,,,,8109354,,19295199,,28.50,3825307,8533152,,,,,,,,,3038804,,,5328503,,,911429,13890699,,,,,,,,,,,,,,452842,1503196,5357547,0
,,,,3886850,,,2459,敦吉,,,177219,,,,,,,,,,,,,,,,,,,,3,上市,112,,,,,,,,,,,,,,,,,,,,,,5698207,,,,5301815,,0,,50.21,3855117,7042557,,,,,,,,,1055956,,,4705809,,,181790,10404016,,,,,,,,,,,,,,396392,850692,3361459,0
,,,,373139,,,2460,建通,,,-78769,,,,,,,,,,,,,,,,,,,,3,上市,112,-43059,,,,,,,,,,,,,,,,,,,,,2214626,,,,2214626,,3301000,,13.35,2062616,2986565,,,,,,,,,1692000,,,2781969,,,271315,4996595,,,,,,,,,,,,,,,719353,2010030,0
,,,,888958,,,2461,光群雷,,,-299532,,,,,,,,,,,,,,,,,,,,3,上市,112,0,,,,,,,,,,,,,,,,,,,,,4254806,,,,3012231,,0,,17.79,2836298,4998589,,,,,,,,,1693030,,,3661703,,,729775,7916509,,,,,,,,,,,,,,1242575,825405,2917920,0
,,,,1385172,,,2462,良得電,,,-168655,,,,,,,,,,,,,,,,,,,,3,上市,112,-38139,,,,,0,,,,,,,,,,,,,,,,2953578,,,,2932559,,1350000,,20.25,1772038,3216090,,,,,,,,,1461521,,,2495038,,,292660,5448616,,,,,,,,,,,,,,21019,723000,2232526,0
,,,,1901262,,,2464,盟立,,,-81269,,,,,,,,,,,,,,,,,,,,3,上市,112,,,,,,0,,,,,,,,,,,,,,,,4086599,,,,4061848,,0,,20.77,6898601,8214592,,,,,,,,,1955312,,,7786727,,,286543,11873326,,,,,,,,,,,,,,24751,888126,3658734,0
,,,,-233530,,,2465,麗臺,,,-6058,,,,,,,,,,,,,,,,,,,,3,上市,112,,,,,,0,,,,,,,,,,,,,,,,349130,,,,350347,,0,,5.94,2073515,2157302,,,,,,,,,589460,,,2210017,,,475,2559147,,,,,,,,,,,,,,-1217,136502,401845,0
,,,,87609,,,2466,冠西電,,,-47134,,,,,,,,,,,,,,,,,,,,3,上市,112,,,,,,0,,,,,,,,,,,,,,,,1898900,,,,1898900,,0,,11.07,1199966,1818988,,,,,,,,,1714587,,,2657434,,,143838,4556334,,,,,,,,,,,,,,,1457468,2737346,0
,,,,1203237,,,2467,志聖,,,271091,,,,,,,,,,,,,,,,,,,,3,上市,112,0,,,,,0,,,,,,,,,,,,,,,,3627228,,,,3315574,,0,,21.15,2427621,4688900,,,,,,,,,1567553,,,4045155,,,273693,7672383,,,,,,,,,,,,,,311654,1617534,2983483,0
,,,,452039,,,2468,華經,,,98,,,,,,,,,,,,,,,,,,,,3,上市,112,,,,,,,,,,,,,,,,,,,,,,1214110,,,,1214110,,0,,17.35,893244,1596224,,,,,,,,,699612,,,904864,,,62361,2118974,,,,,,,,,,,,,,,11620,522750,0
,,,,244536,,,2471,資通,,,-3801,,,,,,,,,,,,,,,,,,,,3,上市,112,,,,,,0,,,,,,,,,,,,,,,,874017,,,,870234,,0,,18.42,422798,1224024,,,,,,,,,472539,,,539823,,,156960,1413840,,,,,,,,,,,,,,3783,117025,189816,0
,,,,3511616,,,2472,立隆電,,,-229226,,,,,,,,,,,,,,,,,,,,3,上市,112,0,,,,,0,,,,,,,,,,,,,,,,10380078,,,,6942906,,0,,42.15,4179497,8248876,,,,,,,,,1647351,,,4358300,,,2013165,14738378,,,,,,,,,,,,,,3437172,178803,6489502,0
,,,,140038516,,,2474,可成,,,-2006032,,,,,,,,,,,,,,,,,,,,3,上市,112,0,,,,,,,,,,,,,,,,,,,,,162724903,,,,162712888,,0,,239.16,93234723,132272563,,,,,,,,,6803641,,,99320487,,,17876763,262045390,,,,,,,,,,,,,,12015,6085764,129772827,0
,,,,3634571,,,2476,鉅祥,,,-61785,,,,,,,,,,,,,,,,,,,,3,上市,112,,,,,,,,,,,,,,,,,,,,,,6632590,,,,5962888,,0,,31.28,1940975,7286114,,,,,,,,,1906543,,,2681906,,,483559,9314496,,,,,,,,,,,,,,669702,740931,2028382,0
,,,,2339293,,,2477,美隆電,,,179667,,,,,,,,,,,,,,,,,,,,3,上市,112,,,,,,,,,,,,,,,,,,,,,,4502048,,,,4110976,,0,,25.92,2173031,5260997,,,,,,,,,1585732,,,3696500,,,6284,8198548,,,,,,,,,,,,,,391072,1523469,2937551,0
,,,,3925655,,,2478,大毅,,,-358844,,,,,,,,,,,,,,,,,,,,3,上市,112,0,,,,,,,,,,,,,,,,,,,,,6642304,,,,6539596,,0,,45.18,2137439,5220883,,,,,,,,,1447313,,,2681219,,,1525472,9323523,,,,,,,,,,,,,,102708,543780,4102640,0
,,,,1815514,,,2480,敦陽科,,,35501,,,,,,,,,,,,,,,,,,,,3,上市,112,0,,,,,0,,,,,,,,,,,,,,,,3081132,,,,3081132,,0,,28.97,2946982,5297467,,,,,,,,,1063603,,,3059802,,,166514,6140934,,,,,,,,,,,,,,0,112820,843467,0
,,,,3884578,,,2481,強茂,,,-269779,,,,,,,,,,,,,,,,,,,,3,上市,112,0,,,,,,,,,,,,,,,,,,,,,14780342,,,,13441456,,0,,35.18,7953585,14232659,,,,,,,,,3821149,,,13922855,,,6005508,28703197,,,,,,,,,,,,,,1338886,5969270,14470538,0
,,,,335872,,,2482,連宇,,,74850,,,,,,,,,,,,,,,,,,,,3,上市,112,,,,,,,,,,,,,,,,,,,,,,1336119,,,,1336114,,0,,17.16,359591,1304386,,,,,,,,,778827,,,415655,,,146565,1751774,,,,,,,,,,,,,,5,56064,447388,0
,,,,1114205,,,2483,百容,,,146580,,,,,,,,,,,,,,,,,,,,3,上市,112,0,,,,,,,,,,,,,,,,,,,,,2595099,,,,2578860,,0,,23.64,1095443,1619143,,,,,,,,,1090938,,,1738448,,,227137,4333547,,,,,,,,,,,,,,16239,643005,2714404,0
,,,,1382648,,,2484,希華,,,67613,,,,,,,,,,,,,,,,,,,,3,上市,112,,,,,,,,,,,,,,,,,,,,,,3853529,,,,3846944,,0,,24.13,720632,2683304,,,,,,,,,1594210,,,1268416,,,802473,5121945,,,,,,,,,,,,,,6585,547784,2438641,0
,,,,2644845,,,2485,兆赫,,,-131960,,,,,,,,,,,,,,,,,,,,3,上市,112,,,,,,0,,,,,,,,,,,,,,,,6569297,,,,6239467,,0,,19.64,2390720,5721766,,,,,,,,,3176890,,,2547287,,,549692,9116584,,,,,,,,,,,,,,329830,156567,3394818,0
,,,,306987,,,2486,一詮,,,-172921,,,,,,,,,,,,,,,,,,,,3,上市,112,-39538,,,,,0,,,,,,,,,,,,,,,,4352807,,,,4178546,,1757000,,18.98,2233679,5398200,,,,,,,,,2219586,,,3691278,,,1864432,8044085,,,,,,,,,,,,,,174261,1457599,2645885,0
,,,,1640491,,,2488,漢平,,,-28195,,,,,,,,,,,,,,,,,,,,3,上市,112,,,,,,0,,,,,,,,,,,,,,,,2446175,,,,2446175,,0,,30.58,959240,2714846,,,,,,,,,799994,,,1279917,,,33885,3726092,,,,,,,,,,,,,,0,320677,1011246,0
,,,,3783612,,,2489,瑞軒,,,-16230,,,,,,,,,,,,,,,,,,,,3,上市,112,,,,,,0,,,,,,,,,,,,,,,,13595788,,,,13430045,,0,,18.15,7017928,16691782,,,,,,,,,7401000,,,7550230,,,2261663,21146018,,,,,,,,,,,,,,165743,532302,4454236,0
,,,,-103907,,,2491,吉祥全,,,1547,,,,,,,,,,,,,,,,,,,,3,上市,112,,,,,,0,,,,,,,,,,,,,,,,1218069,,,,799863,,0,,9.75,166874,1222910,,,,,,,,,820080,,,203864,,,82143,1421933,,,,,,,,,,,,,,418206,36990,199023,0
,,,,35529878,,,2492,華新科,,,4149111,,,,,,,,,,,,,,,,,,,,3,上市,112,-236380,,,,,,,,,,,,,,,,,,,,,57393372,,,,47423792,,1000000,,97.82,25563855,43578204,,,,,,,,,4858043,,,38680013,,,3123140,96073385,,,,,,,,,,,,,,9969580,13116158,52495181,0
,,,,1325537,,,2493,揚博,,,59540,,,,,,,,,,,,,,,,,,,,3,上市,112,,,,,,0,,,,,,,,,,,,,,,,2851473,,,,2851473,,0,,24.92,1552568,3893991,,,,,,,,,1144373,,,1664594,,,322023,4516067,,,,,,,,,,,,,,,112026,622076,0
,,,,1380263,,,2495,普安,,,15262,,,,,,,,,,,,,,,,,,,,3,上市,112,,,,,,0,,,,,,,,,,,,,,,,4219900,,,,4219900,,0,,15.43,2282161,5794908,,,,,,,,,2735515,,,2360588,,,88860,6580488,,,,,,,,,,,,,,0,78427,785580,0
,,,,345485,,,2496,卓越,,,-2506,,,,,,,,,,,,,,,,,,,,3,上市,112,-12406,,,,,,,,,,,,,,,,,,,,,820325,,,,815539,,178000,,43.10,407201,307580,,,,,,,,,191004,,,475480,,,293962,1295805,,,,,,,,,,,,,,4786,68279,988225,0
,,,,517992,,,2497,怡利電,,,-51477,,,,,,,,,,,,,,,,,,,,3,上市,112,,,,,,,,,,,,,,,,,,,,,,2143522,,,,2143522,,0,,17.46,1352982,2809559,,,,,,,,,1227985,,,2060122,,,449022,4203644,,,,,,,,,,,,,,,707140,1394085,0
,,,,2458714,,,2498,宏達電,,,-2567321,,,,,,,,,,,,,,,,,,,,3,上市,112,,,,,,,,,,,,,,,,,,,,,,24430863,,,,24430863,,0,,29.38,14035531,28476125,,,,,,,,,8316425,,,22767211,,,16223045,47198074,,,,,,,,,,,,,,,8731680,18721949,0
,,,,12935103,,,2501,國建,,,291356,,,,,,,,,,,,,,,,,,,,3,上市,112,,,,,,,,,,,,,,,,,,,,,,27155452,,,,24948501,,0,,21.52,27733381,58371836,,,,,,,,,11595611,,,53705780,,,126431,80861232,,,,,,,,,,,,,,2206951,25972399,22489396,0
,,,,10372491,,,2504,國產,,,116694,,,,,,,,,,,,,,,,,,,,3,上市,112,-4789,,,,,,,,,,,,,,,,,,,,,24586144,,,,23480352,,3116108,,19.95,7811425,11324464,,,,,,,,,11800000,,,14111087,,,1195956,38697231,,,,,,,,,,,,,,1105792,6299662,27372767,0
,,,,5371491,,,2505,國揚,,,20551,,,,,,,,,,,,,,,,,,,,3,上市,112,,,,,,0,,,,,,,,,,,,,,,,9924355,,,,9819725,,0,,25.84,8030852,15551617,,,,,,,,,3800000,,,8041006,,,627683,17965361,,,,,,,,,,,,,,104630,10154,2413744,0
,,,,2355255,,,2506,太設,,,948983,,,,,,,,,,,,,,,,,,,,3,上市,112,-193207,,,,,,,,,,,,,,,,,,,,,9203779,,,,7373118,,25443994,,20.39,3986844,8367417,,,,,,,,,3870000,,,4958362,,,392087,14162141,,,,,,,,,,,,,,1830661,971518,5794724,0
,,,,1340168,,,2509,全坤建,,,49245,,,,,,,,,,,,,,,,,,,,3,上市,112,,,,,,0,,,,,,,,,,,,,,,,4560274,,,,4171761,,0,,18.58,3807927,6892830,,,,,,,,,2245505,,,5045967,,,536843,9606241,,,,,,,,,,,,,,388513,1238040,2713411,0
,,,,5616801,,,2511,太子,,,1293054,,,,,,,,,,,,,,,,,,,,3,上市,112,-1003,,,,,0,,,,,,,,,,,,,,,,25652139,,,,25402626,,655424,,15.65,6848475,21076799,,,,,,,,,16233261,,,20100921,,,2260513,45753060,,,,,,,,,,,,,,249513,13252446,24676261,0
,,,,7674631,,,2514,龍邦,,,-149891,,,,,,,,,,,,,,,,,,,,3,上市,112,-614333,,,,,,,,,,,,,,,,,,,,,18154410,,,,11036049,,36609000,,30.82,14401415,17062400,,,,,,,,,3947293,,,18834779,,,178349,36989189,,,,,,,,,,,,,,7118361,4433364,19926789,0
,,,,7547924,,,2515,中工,,,-763914,,,,,,,,,,,,,,,,,,,,3,上市,112,,,,,,0,,,,,,,,,,,,,,,,22286682,,,,22177013,,0,,14.49,18741076,42036723,,,,,,,,,15308998,,,28771130,,,84005,51057812,,,,,,,,,,,,,,109669,10030054,9021089,0
,,,,-794201,,,2516,新建,,,74038,,,,,,,,,,,,,,,,,,,,3,上市,112,0,,,,,,,,,,,,,,,,,,,,,1555778,,,,1555778,,0,,6.88,4835187,4841827,,,,,,,,,2262785,,,4955085,,,13156,6510863,,,,,,,,,,,,,,,119898,1669036,0
,,,,12127682,,,2520,冠德,,,-28413,,,,,,,,,,,,,,,,,,,,3,上市,112,-98702,,,,,0,,,,,,,,,,,,,,,,22171922,,,,19014669,,12690784,,35.12,28754116,46219634,,,,,,,,,5541701,,,35113681,,,1472401,57285603,,,,,,,,,,,,,,3157253,6359565,11065969,0
,,,,13838107,,,2524,京城,,,0,,,,,,,,,,,,,,,,,,,,3,上市,112,0,,,,,0,,,,,,,,,,,,,,,,17540385,,,,17540385,,0,,47.48,9506693,35389583,,,,,,,,,3694196,,,18770864,,,8082,36311249,,,,,,,,,,,,,,,9264171,921666,0
,,,,3880682,,,2527,宏璟,,,3820628,,,,,,,,,,,,,,,,,,,,3,上市,112,-455812,,,,,,,,,,,,,,,,,,,,,10623011,,,,10307277,,8547695,,39.38,10686669,13598850,,,,,,,,,2703060,,,13383764,,,358719,24006775,,,,,,,,,,,,,,315734,2697095,10407925,0
,,,,347988,,,2528,皇普,,,,,,,,,,,,,,,,,,,,,,,3,上市,112,,,,,,,,,,,,,,,,,,,,,,5253264,,,,,,0,,13.82,11189694,20269888,,,,,,,,,3799974,,,15126885,,,1105302,20380149,,,,,,,,,,,,,,,3937191,110261,0
,,,,228058,,,2530,華建,,,850,,,,,,,,,,,,,,,,,,,,3,上市,112,,,,,,,,,,,,,,,,,,,,,,10121769,,,,9886228,,0,,11.77,11220693,22593989,,,,,,,,,8399880,,,12684523,,,1257440,22806292,,,,,,,,,,,,,,235541,1463830,212303,0
,,,,7479992,,,2534,宏盛,,,50658,,,,,,,,,,,,,,,,,,,,3,上市,112,-45822,,,,,,,,,,,,,,,,,,,,,14566821,,,,14566821,,1227150,,30.80,12803336,17183698,,,,,,,,,4742280,,,15916044,,,2339713,30482865,,,,,,,,,,,,,,,3112708,13299167,0
,,,,3719081,,,2535,達欣工,,,83839,,,,,,,,,,,,,,,,,,,,3,上市,112,-151331,,,,,,,,,,,,,,,,,,,,,8956763,,,,8701227,,13627785,,33.84,10543728,21609690,,,,,,,,,2707940,,,14361179,,,2341698,23317942,,,,,,,,,,,,,,255536,3817451,1708252,0
,,,,5822040,,,2536,宏普,,,0,,,,,,,,,,,,,,,,,,,,3,上市,112,,,,,,,,,,,,,,,,,,,,,,11790381,,,,11192475,,0,,33.63,25898475,38499242,,,,,,,,,3328087,,,29966919,,,2042348,41757300,,,,,,,,,,,,,,597906,4068444,3258058,0
,,,,507366,,,2537,聯上發,,,0,,,,,,,,,,,,,,,,,,,,3,上市,112,,,,,,,,,,,,,,,,,,,,,,4077677,,,,,,0,,13.57,9477596,14686403,,,,,,,,,3005579,,,11499775,,,564732,15577452,,,,,,,,,,,,,,,2022179,891049,0
,,,,1846175,,,2538,基泰,,,-111730,,,,,,,,,,,,,,,,,,,,3,上市,112,,,,,,0,,,,,,,,,,,,,,,,6177412,,,,6177412,,0,,14.09,13565449,18507255,,,,,,,,,4384488,,,13608036,,,58479,19785448,,,,,,,,,,,,,,0,42587,1278193,0
,,,,2252327,,,2539,櫻花建,,,0,,,,,,,,,,,,,,,,,,,,3,上市,112,0,,,,,0,,,,,,,,,,,,,,,,10918286,,,,,,0,,12.74,10167670,23007770,,,,,,,,,8571139,,,12180845,,,94820,23099131,,,,,,,,,,,,,,,2013175,91361,0
,,,,2026994,,,2540,愛山林,,,0,,,,,,,,,,,,,,,,,,,,3,上市,112,,,,,,,,,,,,,,,,,,,,,,8161654,,,,8161654,,0,,20.84,22589070,29894464,,,,,,,,,3916067,,,25365084,,,2218593,33526738,,,,,,,,,,,,,,0,2776014,3632274,0
,,,,19885929,,,2542,興富發,0,,277,,,,,,,,,,,,,,,,,,,,3,上市,112,-970933,,,,,,,,,,,,,,,,,,,,0,56233769,,,,46593266,,55479102,,28.08,148180587,206435128,,,,,,,,,18841415,,,170495454,,,8836578,226729223,,,,,,,,,,,,,,9640503,22314867,20294095,0
,,,,393758,,,2543,皇昌,,,0,,,,,,,,,,,,,,,,,,,,3,上市,112,0,,,,,,,,,,,,,,,,,,,,,3073233,,,,2806296,,0,,11.82,10479932,9457663,,,,,,,,,2374837,,,11115054,,,37701,14188287,,,,,,,,,,,,,,266937,635122,4730624,0
,,,,7380913,,,2545,皇翔,,,,,,,,,,,,,,,,,,,,,,,3,上市,112,,,,,,,,,,,,,,,,,,,,,,10675391,,,,10675391,,0,,32.57,27237652,34362966,,,,,,,,,3277348,,,41164839,,,17130,51840230,,,,,,,,,,,,,,,13927187,17477264,0
,,,,2525167,,,2546,根基,,,174603,,,,,,,,,,,,,,,,,,,,3,上市,112,,,,,,,,,,,,,,,,,,,,,,4425825,,,,4425620,,0,,36.66,7168858,11089807,,,,,,,,,1207216,,,7357423,,,518634,11783248,,,,,,,,,,,,,,205,188565,693441,0
,,,,623315,,,2547,日勝生,,,-3835,,,,,,,,,,,,,,,,,,,,3,上市,112,0,,,,,,,,,,,,,,,,,,,,,11553872,,,,10710643,,0,,12.17,19028763,15021036,,,,,,,,,8800946,,,47104604,,,1290217,58658476,,,,,,,,,,,,,,843229,28075841,43637440,0
,,,,16444259,,,2548,華固,,,13216,,,,,,,,,,,,,,,,,,,,3,上市,112,-850,,,,,0,,,,,,,,,,,,,,,,19329575,,,,19305479,,174354,,69.79,19785433,39248121,,,,,,,,,2768127,,,22957204,,,80727,42286779,,,,,,,,,,,,,,24096,3171771,3038658,0
,,,,1965682,,,2597,潤弘,,,842516,,,,,,,,,,,,,,,,,,,,3,上市,112,,,,,,0,,,,,,,,,,,,,,,,6977267,,,,5437097,,0,,29.40,7930391,10407668,,,,,,,,,1849500,,,13319861,,,779399,20297128,,,,,,,,,,,,,,1540170,5389470,9889460,0
,,,,189480,,,2601,益航,,,97464,,,,,,,,,,,,,,,,,,,,3,上市,112,0,,,,,0,,,,,,,,,,,,,,,,13349835,,,,10466926,,0,,12.69,8257883,5909365,,,,,,,,,8247761,,,25612791,,,1932221,38962626,,,,,,,,,,,,,,2882909,17354908,33053261,0
,,,,382745111,,,2603,長榮,,,32241773,,,,,,,,,,,,,,,,,,,,3,上市,112,,,,,,0,,,,,,,,,,,,,,,,486449863,,,,452211566,,0,,213.67,123591085,297695775,,,,,,,,,21164201,,,296246277,,,16060481,782696140,,,,,,,,,,,,,,34238297,172655192,485000365,0
,,,,10665240,,,2605,新興,,,53194,,,,,,,,,,,,,,,,,,,,3,上市,112,,,,,,0,,,,,,,,,,,,,,,,18573129,,,,16816305,,0,,28.73,3948236,7168508,,,,,,,,,5853533,,,5352294,,,244338,23925423,,,,,,,,,,,,,,1756824,1404058,16756915,0
,,,,20747371,,,2606,裕民,,,5207598,,,,,,,,,,,,,,,,,,,,3,上市,112,,,,,,,,,,,,,,,,,,,,,,34690802,,,,34524796,,0,,40.86,17820551,25654684,,,,,,,,,8450557,,,47979828,,,119270,82670630,,,,,,,,,,,,,,166006,30159277,57015946,0
,,,,12803783,,,2607,榮運,,,3664677,,,,,,,,,,,,,,,,,,,,3,上市,112,,,,,,0,,,,,,,,,,,,,,,,31700756,,,,31435834,,0,,29.46,3728294,12155175,,,,,,,,,10671411,,,11546985,,,4295963,43247741,,,,,,,,,,,,,,264922,7818691,31092566,0
,,,,7421390,,,2608,嘉里大榮,,,35742,,,,,,,,,,,,,,,,,,,,3,上市,112,,,,,,,,,,,,,,,,,,,,,,12741938,,,,12129445,,0,,25.97,3185523,3552495,,,,,,,,,4670005,,,11736315,,,2308,24478253,,,,,,,,,,,,,,612493,8550792,20925758,0
,,,,216312662,,,2609,陽明,,,3066043,,,,,,,,,,,,,,,,,,,,3,上市,112,,,,,,,,,,,,,,,,,,,,,,282967648,,,,282274778,,0,,80.83,57208920,248960003,,,,,,,,,34921043,,,132562010,,,27975030,415529658,,,,,,,,,,,,,,692870,75353090,166569655,0
,,,,11435127,,,2610,華航,,,-1215548,,,,,,,,,,,,,,,,,,,,3,上市,112,-30875,,,,,,,,,,,,,,,,,,,,,77458987,,,,74585140,,2074268,,12.33,91827052,70693980,,,,,,,,,60511130,,,213362692,,,3885306,290821679,,,,,,,,,,,,,,2873847,121535640,220127699,0
,,,,731613,,,2611,志信,,,110881,,,,,,,,,,,,,,,,,,,,3,上市,112,,,,,,,,,,,,,,,,,,,,,,2983759,,,,2753370,,0,,14.57,466053,2309453,,,,,,,,,1890023,,,1021339,,,20853,4005098,,,,,,,,,,,,,,230389,555286,1695645,0
,,,,9425433,,,2612,中航,0,,623257,,,,,,,,,,,,,,,,,,,,3,上市,112,0,,,,,0,,,,,,,,,,,,,,,,12143105,,,,12076947,,0,,61.15,4140026,5372738,,,,,,,,,1974846,,,11995947,,,53411,24139052,,,,,,,,,,,,,,66158,7855921,18766314,0
,,,,1991078,,,2613,中櫃,,,18455,,,,,,,,,,,,,,,,,,,,3,上市,112,-505487,,,,,0,,,,,,,,,,,,,,,,3126471,,,,3118775,,11821000,,22.83,1416567,1469952,,,,,,,,,1484235,,,7252605,,,130494,10379076,,,,,,,,,,,,,,7696,5836038,8909124,0
,,,,742931,,,2614,東森,,,-58920,,,,,,,,,,,,,,,,,,,,3,上市,112,0,,,,,0,,,,,,,,,,,,,,,,4421755,,,,3702434,,0,,12.33,3346761,4151700,,,,,,,,,3002431,,,11720653,,,15992,16142408,,,,,,,,,,,,,,719321,8373892,11990708,0
,,,,170573678,,,2615,萬海,,,18498119,,,,,,,,,,,,,,,,,,,,3,上市,112,,,,,,,,,,,,,,,,,,,,,,218769025,,,,218405036,,0,,77.83,37772596,156621171,,,,,,,,,28061464,,,130294386,,,1271775,349063411,,,,,,,,,,,,,,363989,92521790,192442240,0
,,,,1745704,,,2616,山隆,,,1064872,,,,,,,,,,,,,,,,,,,,3,上市,112,-31863,,,,,0,,,,,,,,,,,,,,,,4947966,,,,4740439,,1353454,,34.87,3078657,2998072,,,,,,,,,1372818,,,5259467,,,588908,10207433,,,,,,,,,,,,,,207527,2180810,7209361,0
,,,,9478728,,,2617,台航,,,2023768,,,,,,,,,,,,,,,,,,,,3,上市,112,,,,,,,,,,,,,,,,,,,,,,16009823,,,,16009823,,0,,38.37,1661368,3003580,,,,,,,,,4172945,,,8882866,,,334382,24892689,,,,,,,,,,,,,,,7221498,21889109,0
,,,,32717472,,,2618,長榮航,,,-1225939,,,,,,,,,,,,,,,,,,,,3,上市,112,,,,,,,,,,,,,,,,,,,,,,109218581,,,,99331034,,0,,18.39,94325324,94064147,,,,,,,,,54004443,,,213638709,,,13835058,322857290,,,,,,,,,,,,,,9887547,119313385,228793143,1102695
,,,,158319,,,2630,亞航,,,8310,,,,,,,,,,,,,,,,,,,,3,上市,112,,,,,,,,,,,,,,,,,,,,,,3414016,,,,3414016,,0,,16.30,1974398,4505748,,,,,,,,,2094382,,,2330142,,,1153005,5744158,,,,,,,,,,,,,,,355744,1238410,0
,,,,12060932,,,2633,台灣高鐵,,,,,,,,,,,,,,,,,,,,,,,3,上市,112,,,,,,,,,,,,,,,,,,,,,,68516843,,,,,,0,,12.17,34070744,34413904,,,,,,,,,56282930,,,327008439,,,172981,395525282,,,,,,,,,,,,,,,292937695,361111378,0
,,,,7394169,,,2634,漢翔,,,60845,,,,,,,,,,,,,,,,,,,,3,上市,112,,,,,,0,,,,,,,,,,,,,,,,16882316,,,,16882316,,0,,17.92,28370175,38129791,,,,,,,,,9418671,,,34623033,,,8631,51505349,,,,,,,,,,,,,,,6252858,13375558,0
,,,,4588326,,,2636,台驊控股,,,507496,,,,,,,,,,,,,,,,,,,,3,上市,112,-397530,,,,,0,,,,,,,,,,,,,,,,8985027,,,,8662713,,6430000,,63.25,7610270,14882505,,,,,,,,,1433912,,,8278479,,,2530509,17263506,,,,,,,,,,,,,,322314,668209,2381001,0
,,,,27330056,,,2637,慧洋-KY,,,12473231,,,,,,,,,,,,,,,,,,,,3,上市,112,0,,,,,0,,,,,,,,,,,,,,,,47301927,,,,47301927,,0,,63.37,11064275,6459262,,,,,,,,,7464092,,,45126375,,,34548,92428302,,,,,,,,,,,,,,,34062100,85969040,0
,,,,496465,,,2642,宅配通,,,489160,,,,,,,,,,,,,,,,,,,,3,上市,112,,,,,,0,,,,,,,,,,,,,,,,2240377,,,,2240377,,0,,23.47,994155,1644496,,,,,,,,,954670,,,2130835,,,300082,4371212,,,,,,,,,,,,,,,1136680,2726716,0
,,,,6897376,,,2645,長榮航太,,,19613,,,,,,,,,,,,,,,,,,,,3,上市,112,,,,,,0,,,,,,,,,,,,,,,,12794347,,,,,,0,,34.16,4292064,11598438,,,,,,,,,3745709,,,10603768,,,2131649,23398115,,,,,,,,,,,,,,,6311704,11799677,0
,,,,2686689,,,2701,萬企,,,1125757,,,,,,,,,,,,,,,,,,,,3,上市,112,0,,,,,0,,,,,,,,,,,,,,,,8312124,,,,,,0,,18.47,265658,1852796,,,,,,,,,4499678,,,1408896,,,0,9721020,,,,,,,,,,,,,,,1143238,7868224,0
,,,,1675935,,,2702,華園,,,78340,,,,,,,,,,,,,,,,,,,,3,上市,112,,,,,,,,,,,,,,,,,,,,,,3322577,,,,3322577,,0,,21.22,890485,3929743,,,,,,,,,1566133,,,5514509,,,2169,8837086,,,,,,,,,,,,,,,4624024,4907343,0
,,,,5043960,,,2704,國賓,,,7836875,,,,,,,,,,,,,,,,,,,,3,上市,112,0,,,,,0,,,,,,,,,,,,,,,,19496565,,,,19491916,,0,,53.12,1560214,14539669,,,,,,,,,3669234,,,5413480,,,2941847,24910045,,,,,,,,,,,,,,4649,3853266,10370376,0
,,,,-625240,,,2705,六福,,,3440228,,,,,,,,,,,,,,,,,,,,3,上市,112,,,,,,,,,,,,,,,,,,,,,,4759352,,,,4759352,,0,,24.88,1208128,519045,,,,,,,,,1913128,,,10851572,,,31236,15610924,,,,,,,,,,,,,,,9643444,15091879,0
,,,,3480541,,,2706,第一店,,,1310815,,,,,,,,,,,,,,,,,,,,3,上市,112,,,,,,,,,,,,,,,,,,,,,,9867371,,,,,,0,,19.73,323490,3014499,,,,,,,,,4999984,,,1705958,,,76031,11573329,,,,,,,,,,,,,,,1382468,8558830,0
,,,,2967584,,,2707,晶華,,,-209634,,,,,,,,,,,,,,,,,,,,3,上市,112,,,,,,0,,,,,,,,,,,,,,,,4586142,,,,4254365,,0,,33.39,2411038,3793495,,,,,,,,,1274032,,,5326318,,,222383,9912460,,,,,,,,,,,,,,331777,2915280,6118965,0
,,,,100369,,,2712,遠雄來,,,,,,,,,,,,,,,,,,,,,,,3,上市,112,,,,,,0,,,,,,,,,,,,,,,,1258761,,,,,,0,,11.99,247611,140314,,,,,,,,,1050000,,,536536,,,108392,1795297,,,,,,,,,,,,,,,288925,1654983,0
,,,,567603,,,2722,夏都,,,38994,,,,,,,,,,,,,,,,,,,,3,上市,112,,,,,,,,,,,,,,,,,,,,,,2239823,,,,1959403,,0,,16.58,450510,547108,,,,,,,,,1182143,,,655372,,,170663,2895195,,,,,,,,,,,,,,280420,204862,2348087,0
,,,,7283276,,,2723,美食-KY,,,-255593,,,,,,,,,,,,,,,,,,,,3,上市,112,,,,,,,,,,,,,,,,,,,,,,11151446,,,,11204288,,0,,62.25,5711009,6934797,,,,,,,,,1800000,,,9003900,,,2376605,20155346,,,,,,,,,,,,,,-52842,3292891,13220549,0
,,,,1840953,,,2727,王品,,,-102586,,,,,,,,,,,,,,,,,,,,3,上市,112,-309066,,,,,,,,,,,,,,,,,,,,,4601960,,,,4161210,,1998000,,50.47,7438110,8428603,,,,,,,,,844511,,,11236778,,,1887398,15838738,,,,,,,,,,,,,,440750,3798668,7410135,0
,,,,647148,,,2731,雄獅,,,-128831,,,,,,,,,,,,,,,,,,,,3,上市,112,,,,,,,,,,,,,,,,,,,,,,3221113,,,,2961878,,0,,31.77,4934012,7083092,,,,,,,,,932279,,,6003235,,,1511282,9224348,,,,,,,,,,,,,,259235,1069223,2141256,7742
,,,,-659876,,,2739,寒舍,,,114554,,,,,,,,,,,,,,,,,,,,3,上市,112,,,,,,0,,,,,,,,,,,,,,,,1026376,,,,1026376,,0,,10.11,2171863,844246,,,,,,,,,1015260,,,12480450,,,556438,13506826,,,,,,,,,,,,,,,10308587,12662580,0
,,,,429436,,,2748,雲品,,,8385,,,,,,,,,,,,,,,,,,,,3,上市,112,,,,,,,,,,,,,,,,,,,,,,2732312,,,,2732312,,0,,25.83,694648,1804600,,,,,,,,,1057787,,,2031029,,,1236704,4763341,,,,,,,,,,,,,,,1336381,2958741,0
,,,,1594036,,,2753,八方雲集,,,25315,,,,,,,,,,,,,,,,,,,,3,上市,112,,,,,,,,,,,,,,,,,,,,,,3353772,,,,3278220,,0,,49.36,1565790,2075620,,,,,,,,,664198,,,2644093,,,994671,5997865,,,,,,,,,,,,,,75552,1078303,3922245,0
,21080949,,1981520,69836059,,,2801,彰銀,,,2495325,9901237,,902786,1058654,1271216,,,,,,,,,,,104295032,,149185869,2358249476,3,上市,112,0,,,,,,,,,44702477,49175313,,21253194,,13841371,,442350214,,,,,,180914314,,,180914314,,0,,16.66,,,,1020276,,46871267,1326225,114084,,1830662,108582930,,3229937,,2604768895,1751222737,,,2785683209,259633178,2642949,70659697,10811746,4294851,,,,,17545187,,,,,,0
,17624890,,964620,19199484,,,2812,台中銀,,,310460,1251742,,2524628,7846100,240918,,,,,,194687,,,11908724,,10820880,,40448490,701610444,3,上市,112,0,,,,,0,,,,11937005,16500000,,21423389,,605606,,112590484,173028,,,,,73299153,,,73299153,,0,,14.03,,,,258763,,14352521,315526,,,1006600,52260953,,1280059,,769978119,528371024,1528256,,843277272,59546480,1462358,32336006,109486,655639,,,,,3929195,,10966099,0,,,0
1279926,,19364,,3682150,,12626680,2816,旺旺保,,,-18306,19339,721175,,,,,4545632,,,,,,,,,,,,,3,上市,112,,,,,,,,,,1347563,,842962,,8693664,,,,,58243,7234,,5899924,,,,,,0,,26.39,,,161048,,,3870173,,,,19537,2236080,,105972,14241254,,,0,20141178,,,,,63920,,,,,,,,,,,,0
,145685,,21122,11681745,,,2820,華票,,,-1748796,222395,,578155,0,96579,,,,,,,,,,,21010235,,,,3,上市,112,,,,,,,,,,469207,,,1563952,,,,1686035,,,,,,23376058,,,,,0,,17.41,,,,,,431817,,288868,,21368,13429600,,1387831,,193915513,,13509,,217291571,92623148,101709,115867644,25639,462837,,,,,170677129,,3525729,,,,0
365729,,57879,,7061863,,9804773,2832,台產,,,95514,97293,735437,,,,,2452653,,,,,,,,,,,,,3,上市,112,,,,,,,,,,1033466,,854713,,14697463,,,,,164681,,,10878343,,,,,,0,,30.03,,,13850,,,3194675,,,,67637,3622004,,55789,11516145,,,98962,22394488,,,,,292506,22089,,,,,,,,,,,0
,14083708,,1240731,33529398,,,2834,臺企銀,,,-1357442,3336844,,20137102,2764254,8611,,,,,,,,,1260983,,179626817,,139191834,1784675542,3,上市,112,,,,,,0,,,,29068525,56550000,,11233469,,,,255721072,0,,,,,115211917,,,115211917,,0,,14.01,,,,811505,,40656689,32190,349355,,1264404,82224061,,2633006,,2074894410,1438494076,815900,,2190106327,187717051,10217421,71292765,892930,1753604,,,,,2571494,,7414755,,,,0
,3031892,,380060,4801597,,,2836,高雄銀,,,-1318367,219439,,233262,,230452,,,,,,,,,0,,9742488,,12758500,243118365,3,上市,112,,,,,,,,,,4932750,5377000,,1379106,,,,50882449,,,,,,17283344,,,,,0,,13.56,,,,106930,,4649707,26825,0,,379982,12742981,,422949,,277187591,179505269,1057133,,294470935,35883653,11017,2099599,,87323,,,,,12956776,,3242733,,,,0
,15020021,,1559769,17296299,,,2838,聯邦銀,,,587434,3722490,,9262007,11384660,1623235,,,,,,,,,1310006,,9020298,,34892914,745950452,3,上市,112,,,,,,,,924196,,11068166,5000000,,37685125,,4662629,,83046400,1938276,,,,,68009917,,,65798990,,0,,16.54,,,,2169412,375000,10635835,736590,667074,,1548652,39789525,,411500,,864314786,563485333,8125732,,932324703,60404588,554985,58033444,2029432,637623,,,,,70278359,,46601018,2210927,,,0
,5095018,,859720,17382389,,,2845,遠東銀,,,-665833,511433,,401744,37203814,8258336,,,,,,,,,,,41769,,47654404,665476242,3,上市,112,,,,,,,,,,7599104,16901900,,19670542,,,,126012509,2638101,,,,,57714320,,,57714320,,0,,14.18,,,,1578558,,6251167,46196,,,872043,40694838,,715563,,741542405,458350583,302926,,799256725,72348933,11423637,47617726,,52330,,,,,750704,,2467054,,,,0
,659681,,825578,14490058,,,2849,安泰銀,,,-1844785,115693,,1282563,545227,423961,,,,,,,,,,,979997,,13874013,300934722,3,上市,112,0,,,,,,,,,2906560,,,4272161,,59005,,36742780,,,,,,32624189,,,,,0,,16.67,,,,226669,,2562895,0,131880,,817638,19576094,,271817,,308237337,220123914,402822,,340861526,40824417,409830,15749305,71585,741018,,,,,1184268,,2361686,,,,0
1149035,,19963,,12734500,,26287169,2850,新產,,,674759,154029,929673,,,,,7885993,,,0,,,,,,,,,,3,上市,112,0,,,,,,,,,2788533,,2201755,,22535779,,,,,171260,0,,16633692,,,,,,0,,52.64,,,21626,,,11459156,,,,20458,3159633,,46872,29779547,,,64800,46413239,,,222206,,89020,210259,,,,,,,,,,,0
290148,,1402,,8669387,,33740958,2851,中再保,,,26696,181057,2341258,,,,,7733534,,,,,,,,,,,,,3,上市,112,,,,,,,,,,782937,,443074,,26067752,,,,,23034,14360,,18259971,,,,,,0,,22.81,,,12358,,,16535842,,,,1424,8003888,,1118,35512204,,,1560000,53772175,,,465799,,315877,332447,,,,,,,,,,,0
630875,,5425,,4605552,,10378033,2852,第一保,,,258931,109078,572166,,,,,3149953,,,,,,,,,,,,,3,上市,112,,,,,,,,,,740507,,442728,,12832195,,,,,48579,,,7876121,,,,,,0,,26.15,,,36905,,,1598004,,,,5498,3011638,,38470,11415859,,,0,19291980,,,,,95694,23729,,,,,,,,,,,0
,,,,,15668657,,2855,統一證,,,1298087,,,,,,,,,,,,,,,,,,,,3,上市,112,,,,,,0,,,,,,,,,,,,,,,,31709373,,,,,31616318,,0,21.72,96635467,118696931,,,,,,,,,14558313,,,96728612,,,91261,128437985,,,,,,,,,,,,,,93055,93145,9741054,0
,31790619,,2185907,59086761,,,2880,華南金,,2350206,-17593443,18198609,,6290760,77046230,18453752,,,7868797,,,,,,,185791317,,239830446,,2997347970,3,上市,112,,,,,,,79586346,,35622195,49218114,,,62724085,,,14431595,692470021,353802,,,,,195681970,,195679763,,,0,,14.34,,,,939575,,39642395,3004968,312303,,2244676,136427459,,25776650,,3599505758,2159752429,17758986,,3795187728,378435011,5098289,133396419,6168207,3860658,,,,,112051981,2449154,,2207,,,0
,66075205,,8752046,527779585,,,2881,富邦金,,18396478,-101546379,88672141,,75639763,625427149,524857155,,,39689962,,,,,,2310484,164181426,,394697006,,3805374515,3,上市,112,,,0,,,0,306401315,,67995137,169523453,,,292002798,,,312634937,3852305863,58948577,,,,,750372264,,737434749,,,0,,50.46,,,,33621753,,291155379,3651903,3259864,,20351091,146149632,,4759869364,,10331930023,2736696256,165051911,,11082302287,662945550,120141601,1498955737,50671302,61851100,13548912,,23035130,,115413752,145178206,,12937515,,,0
,109414585,,5563649,509024258,,,2882,國泰金,0,12649530,-202099251,23851917,,100693125,796096952,726362169,,,16367985,,,,,,,142938408,,429038758,,3468942419,3,上市,112,0,,,,,,169846284,,77867315,101266006,,,237017722,,,453345231,4803998449,34512366,,,,,685451884,,671789763,,,0,,41.46,,,,50994886,,309038429,838599,5285015,,20054417,162025102,,7008140409,,12212374678,2653305958,202839654,,12897826562,909146207,265212124,1907776389,78178856,109164037,5675255,,1750,,40816187,36799852,,13662121,,,0
,32030274,,12134751,83004041,,,2883,凱基金,,27684109,-65435269,68515616,,108338055,214997143,172714153,,,1167552,,,,,,,7770686,,37891645,,520001310,3,上市,112,0,,,,,4708000,101281435,,35699235,98274863,,,141309673,,,59112149,1704659083,21577622,,,,,235365312,,235242038,,,0,,12.77,,,,17888303,,65654409,225789,137575,,4267276,184167230,,2119496501,,3475457223,430997759,33506036,,3710822535,252903153,106763190,557825480,22628706,25333111,838437,,2356619,,147012927,66791169,,123274,,,0
,34796576,,6980412,40897541,,,2884,玉山金,,650021,-3807311,4140173,,21603170,111857075,7438331,,,,,,,,,,41016586,,175383873,,2967067682,3,上市,112,,,,,,,44250000,,8051629,45194633,,,144754579,,,1791864,442706623,,,,,,228695036,,228530727,,,0,,14.59,,,,6327267,,55196811,1971267,15676,,4199715,156640000,,1047332,,3362067193,2006332479,34800497,,3590762229,358002255,106786090,321221235,2438604,3619361,,,44316,,23396386,4547401,,164309,,,0
,26396596,,11429298,114634062,,,2885,元大金,,51022688,-1392730,77063460,,69320461,129867651,108200863,,,1215470,,,3239418,,,,14402244,,75583339,,1504819310,3,上市,112,,,80998,,,0,98328614,,87444402,169075296,,,258746988,,,10689960,532691730,3346992,,,,,299285596,,278306045,,,0,,21.93,,,,30823679,,76414702,4339970,2624070,,4678984,126890824,,379569361,,2889416818,1049855988,38173889,,3188702414,325664281,146639977,514605127,6951848,6641175,,,,,215213013,81131279,,20979551,,,0
,21572230,,1941480,117024154,,,2886,兆豐金,0,10940276,-7360776,21137221,,8730957,24477585,6404738,,,14946282,,,,,,3143497,504353012,,434847329,,2844393892,3,上市,112,0,,0,,,,30500000,,39686566,95340707,,,107240916,,,1981469,643696014,4985996,,,,,318370993,,318370993,,,0,,22.66,,,,1245524,,72566790,10919651,341897,,2007482,140513382,,29171861,,3925619511,2121879428,68194233,,4243990504,562101980,25098070,231594363,2467652,7413111,,,,,281982039,500000,,0,,,0
,25689222,,2366706,40894227,,,2887,台新新光金,,10782084,-5253037,8285528,,24766958,145286824,35961458,,,557784,,,,,,,16768302,,97191256,,2053251743,3,上市,112,,,,,,,68113250,,28612616,45896502,,,172154031,,,3867626,730800581,494023,,,,,209637478,,209609586,,,0,,15.44,,,,3586004,,37234576,2425046,0,,2478590,135770618,,240898394,,2779625546,1486436069,38197778,,2989263024,133270249,69805976,211875561,1797088,6704760,,,,,85223603,16306160,,27892,,,0
,7048319,,129578,6100197,,,2889,國票金,,,-1492332,4585579,,4643643,9030751,11739408,,,,,,,,,36475248,,,484,,,3,上市,112,0,,,,,0,,,20506236,16140012,,,37542313,,,406379,699366,5813223,,,,,45476639,,39315922,,,0,,11.40,,,,255428,,3523308,433845,1069,,128126,34473840,,1727727,,309179239,,234217,,354655878,128267525,1901609,153567520,32028,746434,,,,,218218078,271881,,6160717,,,0
,13179873,,3838766,59492107,,,2890,永豐金,,6728474,-11162525,16340401,,26995339,84289803,46182444,,,,,,,,,,88617358,,174154417,,2004085525,3,上市,112,,,,,,,73246278,,47760111,65060888,,,124550173,,,2271836,302058548,1130676,,,,,178223342,,178223342,,,0,,14.40,,,,2390818,18437,31804498,1825462,581456,,3358274,123764399,,2955411,,2557468555,1436103087,6129361,,2735691897,345622025,80082439,154122048,1750130,2049981,,,,,81349564,68655912,,,,,0
,48493111,,17913564,211095532,,,2891,中信金,,,-57770136,34781230,,64929573,216327966,156630292,,,4614658,,,,,,33142547,88102087,,495949397,,4824169901,3,上市,112,,,,,,0,145378470,,35606804,114111581,,,259996517,,,106586542,2110662667,17944791,,,,,436338646,,413555745,,,0,,20.59,,,,39092464,,89408319,3268621,2036279,,17563932,200832871,,1875380652,,7751847365,3477799708,59397478,,8188186011,489797613,112623266,774971789,17032653,22644950,257311,,86119,,234100344,8627658,,22782901,,,0
,27406977,,2505086,65695444,,,2892,第一金,,3650000,14004974,15710206,,5342051,92746109,17940141,,,57403,,,,,,1742740,273418101,,302796124,,3441148197,3,上市,112,,,,,,0,62350000,,30893234,67192819,,,62511941,,,12244390,916176501,3230796,,,,,242009091,,242009091,,,0,,17.77,,,,946547,,58843247,5100639,1657921,,2372189,136201455,,72552074,,4123561086,2395313167,26107218,,4365570177,362299015,16361075,191292981,8255863,4005889,,,,,30067840,1000000,,0,,,0
,2387019,,413686,11403295,,,2897,王道銀行,,,-2271715,343924,,1475909,4211280,1153810,,,,,,,,,,,36744811,,20248101,314203891,3,上市,112,-116128,,,,,,,,,4328203,12950000,,5095851,,,,25321815,7092525,,,,,56704027,,,39364329,,12813000,,13.03,,,,1751674,,7777593,416211,530665,,431258,30330063,,2020760,,563922850,224044809,18814,,620626877,167482826,786270,151203755,810078,1121110,,,,,186676164,,3525729,17339698,,,0
,,,,138930,,,2901,欣欣,,,2819,,,,,,,,,,,,,,,,,,,,3,上市,112,0,,,,,0,,,,,,,,,,,,,,,,872685,,,,,,0,,11.95,57394,454440,,,,,,,,,730433,,,126894,,,503,999579,,,,,,,,,,,,,,,69500,545139,0
,,,,9862499,,,2903,遠百,,,4791074,,,,,,,,,,,,,,,,,,,,3,上市,112,-97110,,,,,,,,,,,,,,,,,,,,,41244164,,,,32069464,,8207004,,22.76,42914767,22842871,,,,,,,,,14169406,,,78778735,,,3343595,120022899,,,,,,,,,,,,,,9174700,35863968,97180028,0
,,,,351258,,,2904,匯僑,,,14851,,,,,,,,,,,,,,,,,,,,3,上市,112,,,,,,0,,,,,,,,,,,,,,,,1213845,,,,1213392,,0,,15.59,277956,187308,,,,,,,,,778344,,,776076,,,68939,1989921,,,,,,,,,,,,,,453,498120,1802613,0
,,,,5972479,,,2905,三商,0,,-3875766,,,,,,,,,,,,,,,,,,,,3,上市,112,-592930,,,,,0,,,,,,,,,,,,,,,,,45439572,0,,17142721,,57093000,,16.09,20201225,113471622,,,,,,,,,11224957,,,1526780316,,,4413981,1572219888,,,,,,,,,,,,,,28296851,1506579091,1458748266,0
,,,,952658,,,2906,高林,,,-39375,,,,,,,,,,,,,,,,,,,,3,上市,112,,,,,,0,,,,,,,,,,,,,,,,6453941,,,,3274590,,0,,15.66,2795600,4856405,,,,,,,,,2091111,,,4917275,,,270196,11371216,,,,,,,,,,,,,,3179351,2121675,6514811,0
,,,,2087313,,,2908,特力,,,-244195,,,,,,,,,,,,,,,,,,,,3,上市,112,-313256,,,,,,,,,,,,,,,,,,,,,6852278,,,,6629995,,14306000,,13.38,13092811,16837934,,,,,,,,,5098875,,,30927413,,,1258,37779691,,,,,,,,,,,,,,222283,17834602,20941757,0
,,,,750470,,,2910,統領,,,-39837,,,,,,,,,,,,,,,,,,,,3,上市,112,0,,,,,0,,,,,,,,,,,,,,,,2524352,,,,2524352,,0,,14.39,946545,1154391,,,,,,,,,1754030,,,3156348,,,59689,5680700,,,,,,,,,,,,,,0,2209803,4526309,0
,,,,-881220,,,2911,麗嬰房,,,-172445,,,,,,,,,,,,,,,,,,,,3,上市,112,,,,,,,,,,,,,,,,,,,,,,1083586,,,,1025673,,0,,5.27,2153007,1968353,,,,,,,,,1946778,,,2955320,,,132560,4038906,,,,,,,,,,,,,,57913,802313,2070553,0
,,,,25086121,,,2912,統一超,,,1265116,,,,,,,,,,,,,,,,,,,,3,上市,112,,,,,,,,,,,,,,,,,,,,,,46321875,,,,36835070,,0,,35.43,113234951,94042491,,,,,,,,,10396223,,,207873660,,,87610,254195535,,,,,,,,,,,,,,9486805,94638709,160153044,0
,,,,2783185,,,2913,農林,,,-51175,,,,,,,,,,,,,,,,,,,,3,上市,112,,,,,,,,,,,,,,,,,,,,,,12829958,,,,,,0,,16.24,436395,1147889,,,,,,,,,7900000,,,8811042,,,2197948,21641000,,,,,,,,,,,,,,,8374647,20493111,0
,,,,91376441,,,2915,潤泰全,,,-43442411,,,,,,,,,,,,,,,,,,,,3,上市,112,-552479,,,,,0,,,,,,,,,,,,,,,,88989784,,,,86596207,,36593388,,81.10,3279880,10625199,,,,,,,,,11043188,,,20549944,,,28171468,109539728,,,,,,,,,,,,,,2393577,17270064,98914529,0
,,,,35662072,,,2923,鼎固-KY,,,-4243635,,,,,,,,,,,,,,,,,,,,3,上市,112,,,,,,,,,,,,,,,,,,,,,,50053710,,,,49023268,,0,,28.17,17988793,64639842,,,,,,,,,17402970,,,62822536,,,201861,112876246,,,,,,,,,,,,,,1030442,44833743,48236404,0
,,,,717088,,,2929,淘帝-KY,,,-442854,,,,,,,,,,,,,,,,,,,,3,上市,112,-17152,,,,,,,,,,,,,,,,,,,,,2872042,,,,2872042,,507000,,26.35,710455,3581983,,,,,,,,,1094938,,,1008354,,,1520022,3880396,,,,,,,,,,,,,,,297899,298413,0
,,,,129096,,,2939,永邑-KY,,,-6647,,,,,,,,,,,,,,,,,,,,3,上市,112,,,,,,,,,,,,,,,,,,,,,,908246,,,,908246,,0,,19.94,89356,935519,,,,,,,,,455487,,,111885,,,330310,1020131,,,,,,,,,,,,,,0,22529,84612,0
,,,,136786,,,2945,三商家購,0,,,,,,,,,,,,,,,,,,,,,,3,上市,112,,,,,,0,,,,,,,,,,,,,,,,1860904,,,,1813096,,0,,26.86,2663448,2880949,,,,,,,,,675000,,,4062988,,,1001310,5923892,,,,,,,,,,,,,,47808,1399540,3042943,0
,,,,288421,,,3002,歐格,,,-12727,,,,,,,,,,,,,,,,,,,,3,上市,112,-22546,,,,,,,,,,,,,,,,,,,,,1427008,,,,1288092,,1827000,,12.86,135595,1606076,,,,,,,,,1020000,,,455939,,,14944,1882947,,,,,,,,,,,,,,138916,320344,276871,0
,,,,4717416,,,3003,健和興,,,-116355,,,,,,,,,,,,,,,,,,,,3,上市,112,,,,,,0,,,,,,,,,,,,,,,,6232375,,,,6184891,,0,,39.73,737679,5681153,,,,,,,,,1556549,,,1490624,,,27281,7722999,,,,,,,,,,,,,,47484,752945,2041846,0
,,,,1202859,,,3004,豐達科,0,,-29115,,,,,,,,,,,,,,,,,,,,3,上市,112,0,,,,,0,,,,,,,,,,,,,,,,2227903,,,,2227903,,0,,41.41,1289501,1981042,,,,,,,,,538022,,,2744917,,,516137,4972820,,,,,,,,,,,,,,0,1455416,2991778,0
,,,,10976328,,,3005,神基,,,449541,,,,,,,,,,,,,,,,,,,,3,上市,112,,,,,,0,,,,,,,,,,,,,,,,23411720,,,,21255647,,0,,34.89,13337727,25792300,,,,,,,,,6092074,,,17181463,,,3737704,40593183,,,,,,,,,,,,,,2156073,3843736,14800883,0
,,,,7446705,,,3006,晶豪科,,,-35812,,,,,,,,,,,,,,,,,,,,3,上市,112,-147700,,,,,0,,,,,,,,,,,,,,,,10275523,,,,10392703,,13709000,,38.14,8473150,15844793,,,,,,,,,2861711,,,9295666,,,267799,19571189,,,,,,,,,,,,,,-117180,822516,3726396,0
,,,,155912933,,,3008,大立光,,,1476691,,,,,,,,,,,,,,,,,,,,3,上市,112,0,,,,,0,,,,,,,,,,,,,,,,160284118,,,,160284118,,0,,1200.92,29043880,128689908,,,,,,,,,1334682,,,29791742,,,1559812,190075860,,,,,,,,,,,,,,,747862,61385952,0
,,,,13070842,,,3010,華立,,,555714,,,,,,,,,,,,,,,,,,,,3,上市,112,,,,,,,,,,,,,,,,,,,,,,19899768,,,,18077098,,0,,76.59,24109892,35144415,,,,,,,,,2360202,,,31047917,,,2090340,50947685,,,,,,,,,,,,,,1822670,6938025,15803270,2340
,,,,-290787,,,3011,今皓,,,-68546,,,,,,,,,,,,,,,,,,,,3,上市,112,,,,,,,,,,,,,,,,,,,,,,994556,,,,994556,,0,,8.82,569301,1072747,,,,,,,,,1127192,,,662726,,,226697,1657282,,,,,,,,,,,,,,,93425,584535,0
,,,,920321,,,3013,晟銘電,,,-48223,,,,,,,,,,,,,,,,,,,,3,上市,112,0,,,,,0,,,,,,,,,,,,,,,,3145011,,,,3145011,,0,,16.05,2125656,3567957,,,,,,,,,1959350,,,3202741,,,313563,6347752,,,,,,,,,,,,,,0,1077085,2779795,0
,,,,2707334,,,3014,聯陽,,,486523,,,,,,,,,,,,,,,,,,,,3,上市,112,0,,,,,0,,,,,,,,,,,,,,,,6034482,,,,6034482,,0,,37.46,1573531,5078595,,,,,,,,,1610801,,,1762843,,,1229824,7797325,,,,,,,,,,,,,,0,189312,2718730,0
,,,,5295914,,,3015,全漢,,,5739367,,,,,,,,,,,,,,,,,,,,3,上市,112,0,,,,,0,,,,,,,,,,,,,,,,14165799,,,,13769108,,0,,73.53,5883917,11489669,,,,,,,,,1872620,,,6384030,,,861207,20549829,,,,,,,,,,,,,,396691,500113,9060160,0
,,,,347178,,,3016,嘉晶,,,-1989,,,,,,,,,,,,,,,,,,,,3,上市,112,,,,,,0,,,,,,,,,,,,,,,,4845361,,,,4845361,,0,,16.79,1282568,4545809,,,,,,,,,2885394,,,2162368,,,1614778,7007729,,,,,,,,,,,,,,,879800,2461920,0
,,,,14115454,,,3017,奇鋐,,,-1002686,,,,,,,,,,,,,,,,,,,,3,上市,112,,,,,,,,,,,,,,,,,,,,,,22648240,,,,20545698,,0,,53.60,34519134,49708855,,,,,,,,,3833101,,,43504358,,,3599829,66152598,,,,,,,,,,,,,,2102542,8985224,16443743,0
,,,,-412102,,,3018,隆銘綠能,,,-1087,,,,,,,,,,,,,,,,,,,,3,上市,112,,,,,,0,,,,,,,,,,,,,,,,47020,,,,47020,,0,,1.20,678497,668173,,,,,,,,,390736,,,940007,,,69473,987027,,,,,,,,,,,,,,,261510,318854,0
,,,,4489640,,,3019,亞光,,,274345,,,,,,,,,,,,,,,,,,,,3,上市,112,0,,,,,0,,,,,,,,,,,,,,,,15231455,,,,12921744,,0,,46.27,5977687,17799135,,,,,,,,,2792439,,,6293443,,,5365320,21524898,,,,,,,,,,,,,,2309711,315756,3725763,0
,,,,657280,,,3021,鴻名,,,-92694,,,,,,,,,,,,,,,,,,,,3,上市,112,0,,,,,0,,,,,,,,,,,,,,,,1531191,,,,1531011,,0,,15.97,1414430,2445348,,,,,,,,,958900,,,1496362,,,7525,3027553,,,,,,,,,,,,,,180,81932,582205,0
,,,,7692685,,,3022,威強電,,,-311419,,,,,,,,,,,,,,,,,,,,3,上市,112,,,,,,0,,,,,,,,,,,,,,,,9994706,,,,9992430,,0,,56.58,3215975,10038866,,,,,,,,,1765978,,,4280114,,,845186,14274820,,,,,,,,,,,,,,2276,1064139,4235954,0
,,,,8104747,,,3023,信邦,,,-144575,,,,,,,,,,,,,,,,,,,,3,上市,112,,,,,,,,,,,,,,,,,,,,,,13498445,,,,13416285,,0,,56.01,16322081,25861617,,,,,,,,,2400332,,,17917180,,,3055781,31415625,,,,,,,,,,,,,,82160,1595099,5554008,0
,,,,521491,,,3024,憶聲,,,-439049,,,,,,,,,,,,,,,,,,,,3,上市,112,,,,,,0,,,,,,,,,,,,,,,,2855619,,,,2855619,,0,,10.30,1982106,2795635,,,,,,,,,2771575,,,2201134,,,1602,5056753,,,,,,,,,,,,,,,219028,2261118,0
,,,,139713,,,3025,星通,,,-2734,,,,,,,,,,,,,,,,,,,,3,上市,112,,,,,,0,,,,,,,,,,,,,,,,748297,,,,748297,,0,,13.19,376953,913751,,,,,,,,,567365,,,454067,,,43953,1202364,,,,,,,,,,,,,,,77114,288613,0
,,,,5036475,,,3026,禾伸堂,,,-103482,,,,,,,,,,,,,,,,,,,,3,上市,112,,,,,,,,,,,,,,,,,,,,,,10069486,,,,9801715,,0,,59.09,3879581,10159812,,,,,,,,,1658903,,,5725982,,,3209819,15795468,,,,,,,,,,,,,,267771,1846401,5635656,0
,,,,427148,,,3027,盛達,,,-38565,,,,,,,,,,,,,,,,,,,,3,上市,112,-25438,,,,,,,,,,,,,,,,,,,,,2392439,,,,2208418,,1166000,,19.34,895454,2163150,,,,,,,,,1153461,,,1049829,,,691812,3442268,,,,,,,,,,,,,,184021,154375,1279118,376800
,,,,1814679,,,3028,增你強,,,397842,,,,,,,,,,,,,,,,,,,,3,上市,112,,,,,,0,,,,,,,,,,,,,,,,5763208,,,,5763208,,0,,25.43,16071031,20760133,,,,,,,,,2282388,,,16306173,,,1268299,22069381,,,,,,,,,,,,,,,235142,1309248,0
,,,,1121715,,,3029,零壹,,,59487,,,,,,,,,,,,,,,,,,,,3,上市,112,,,,,,,,,,,,,,,,,,,,,,4016545,,,,3972150,,0,,25.75,3589484,6322945,,,,,,,,,1542737,,,3610539,,,1248211,7627084,,,,,,,,,,,,,,44395,21055,1304139,0
,,,,4560074,,,3030,德律,,,-46693,,,,,,,,,,,,,,,,,,,,3,上市,112,,,,,,0,,,,,,,,,,,,,,,,6928831,,,,6928831,,0,,29.33,1019525,4485160,,,,,,,,,2362160,,,1318029,,,53290,8246860,,,,,,,,,,,,,,,298504,3761700,0
,,,,663109,,,3031,佰鴻,,,197922,,,,,,,,,,,,,,,,,,,,3,上市,112,0,,,,,,,,,,,,,,,,,,,,,3087067,,,,2988349,,0,,17.25,443918,1882228,,,,,,,,,1732032,,,551174,,,395286,3638241,,,,,,,,,,,,,,98718,107256,1756013,0
,,,,1625880,,,3032,偉訓,,,-240078,,,,,,,,,,,,,,,,,,,,3,上市,112,-29532,,,,,,,,,,,,,,,,,,,,,4142317,,,,2930893,,1000000,,26.10,3948418,6171689,,,,,,,,,1132856,,,3989014,,,441767,8131331,,,,,,,,,,,,,,1211424,40596,1959642,0
,,,,2741952,,,3033,威健,,,284628,,,,,,,,,,,,,,,,,,,,3,上市,112,,,,,,,,,,,,,,,,,,,,,,8833420,,,,8833420,,0,,20.64,27020225,38023421,,,,,,,,,4280715,,,29931660,,,1526125,38765080,,,,,,,,,,,,,,,2911435,741659,0
,,,,51742280,,,3034,聯詠,,,1454990,,,,,,,,,,,,,,,,,,,,3,上市,112,0,,,,,0,,,,,,,,,,,,,,,,61657439,,,,61657439,,0,,101.33,25959044,77399146,,,,,,,,,6085115,,,39271700,,,2375054,100929139,,,,,,,,,,,,,,0,13312656,23529993,0
,,,,4956663,,,3035,智原,,,843354,,,,,,,,,,,,,,,,,,,,3,上市,112,,,,,,0,,,,,,,,,,,,,,,,9330115,,,,8991220,,0,,36.17,3769578,9118659,,,,,,,,,2485503,,,4140384,,,705700,13470499,,,,,,,,,,,,,,338895,370806,4351840,0
,,,,19081256,,,3036,文曄,,,6367902,,,,,,,,,,,,,,,,,,,,3,上市,112,,,,,,0,,,,,,,,,,,,,,,,62118729,,,,61168170,,0,,59.86,158912388,207495342,,,,,,,,,10223622,,,166896185,,,25495390,229014914,,,,,,,,,,,,,,950559,7983797,21519572,0
,,,,58565958,,,3037,欣興,,,287649,,,,,,,,,,,,,,,,,,,,3,上市,112,-150765,,,,,0,,,,,,,,,,,,,,,,94918783,,,,89119219,,1266935,,58.48,45331406,87743026,,,,,,,,,15251302,,,120630342,,,15165075,215549125,,,,,,,,,,,,,,5799564,75298936,127806099,0
,,,,1092156,,,3038,全台,,,-72097,,,,,,,,,,,,,,,,,,,,3,上市,112,-122282,,,,,0,,,,,,,,,,,,,,,,2578348,,,,2522144,,8794388,,16.97,1084398,3411203,,,,,,,,,1574076,,,1624032,,,50291,4202380,,,,,,,,,,,,,,56204,539634,791177,0
,,,,617548,,,3040,遠見,,,211230,,,,,,,,,,,,,,,,,,,,3,上市,112,,,,,,0,,,,,,,,,,,,,,,,1472151,,,,1472151,,0,,23.37,57093,362625,,,,,,,,,630000,,,131596,,,13373,1603747,,,,,,,,,,,,,,0,74503,1241122,0
,,,,-644594,,,3041,揚智,,,11609,,,,,,,,,,,,,,,,,,,,3,上市,112,-13781,,,,,0,,,,,,,,,,,,,,,,2623629,,,,2623033,,660851,,13.57,602757,1703957,,,,,,,,,1939619,,,625809,,,1330180,3249438,,,,,,,,,,,,,,596,23052,1545481,0
,,,,7033581,,,3042,晶技,,,-113182,,,,,,,,,,,,,,,,,,,,3,上市,112,,,,,,,,,,,,,,,,,,,,,,11736464,,,,11736464,,0,,37.89,4534220,10288864,,,,,,,,,3097570,,,6859926,,,1718495,18596390,,,,,,,,,,,,,,,2325706,8307526,0
,,,,-7588,,,3043,科風,,,82014,,,,,,,,,,,,,,,,,,,,3,上市,112,,,,,,0,,,,,,,,,,,,,,,,432513,,,,464182,,0,,11.91,1020918,983322,,,,,,,,,389756,,,1036051,,,0,1468564,,,,,,,,,,,,,,-31669,15133,485242,0
,,,,39120377,,,3044,健鼎,,,-1532268,,,,,,,,,,,,,,,,,,,,3,上市,112,,,,,,0,,,,,,,,,,,,,,,,43185874,,,,43177946,,0,,82.15,31460088,52727151,,,,,,,,,5256059,,,35861526,,,333778,79047400,,,,,,,,,,,,,,7928,4401438,26320249,0
,,,,42088299,,,3045,台灣大,,,9151,,,,,,,,,,,,,,,,,,,,3,上市,112,-29717344,,,,,,,,,,,,,,,,,,,,,68586097,,,,60684231,,698751601,,21.52,60563307,37951481,,,,,,,,,35192336,,,118972842,,,13111789,187558939,,,,,,,,,,,,,,7901866,58409535,149607458,0
,,,,220126,,,3046,建碁,,,-55390,,,,,,,,,,,,,,,,,,,,3,上市,112,,,,,,0,,,,,,,,,,,,,,,,1364694,,,,1360080,,0,,17.34,1710335,2752971,,,,,,,,,784480,,,1785933,,,410864,3150627,,,,,,,,,,,,,,4614,75598,397656,0
,,,,118500,,,3047,訊舟,,,25421,,,,,,,,,,,,,,,,,,,,3,上市,112,-12931,,,,,,,,,,,,,,,,,,,,,3134266,,,,2517913,,1379604,,11.90,1989148,4025009,,,,,,,,,2129664,,,3820231,,,257259,6954497,,,,,,,,,,,,,,616353,1831083,2929488,680388
,,,,1472624,,,3048,益登,,,334764,,,,,,,,,,,,,,,,,,,,3,上市,112,,,,,,,,,,,,,,,,,,,,,,5242625,,,,5242625,,0,,19.43,24875421,29228565,,,,,,,,,2698298,,,25973204,,,736939,31215829,,,,,,,,,,,,,,0,1097783,1987264,0
,,,,939035,,,3049,精金,,,-68413,,,,,,,,,,,,,,,,,,,,3,上市,112,-30565,,,,,0,,,,,,,,,,,,,,,,9768946,,,,9204467,,3037000,,11.48,806694,3133794,,,,,,,,,8050475,,,4717019,,,313935,14485965,,,,,,,,,,,,,,564479,3910325,11352171,0
,,,,454151,,,3050,鈺德,,,-42357,,,,,,,,,,,,,,,,,,,,3,上市,112,0,,,,,0,,,,,,,,,,,,,,,,2732825,,,,2402634,,0,,16.46,732473,1505127,,,,,,,,,1459845,,,2266893,,,530995,4999718,,,,,,,,,,,,,,330191,1534420,3494591,0
,,,,746314,,,3051,力特,,,-30054,,,,,,,,,,,,,,,,,,,,3,上市,112,-41599,,,,,0,,,,,,,,,,,,,,,,2374661,,,,2374661,,2000000,,14.13,421553,1443813,,,,,,,,,1700000,,,1737734,,,0,4112395,,,,,,,,,,,,,,0,1316181,2668582,0
,,,,911365,,,3052,夆典,,,-13159,,,,,,,,,,,,,,,,,,,,3,上市,112,-276485,,,,,0,,,,,,,,,,,,,,,,3301775,,,,3213446,,30687298,,16.07,5622871,8894943,,,,,,,,,2306723,,,6184786,,,285002,9486561,,,,,,,,,,,,,,88329,561915,591618,0
,,,,38834,,,3054,立萬利,,,-80884,,,,,,,,,,,,,,,,,,,,3,上市,112,-81437,,,,,0,,,,,,,,,,,,,,,,769782,,,,769782,,2760000,,9.54,30549,402864,,,,,,,,,834110,,,34951,,,59159,804733,,,,,,,,,,,,,,,4402,401869,0
,,,,1154752,,,3055,蔚華科,,,-126684,,,,,,,,,,,,,,,,,,,,3,上市,112,-130121,,,,,,,,,,,,,,,,,,,,,2520581,,,,2520581,,4581030,,22.08,624157,2696935,,,,,,,,,1187419,,,862358,,,435215,3382939,,,,,,,,,,,,,,0,238201,686004,0
,,,,2258879,,,3056,富華新,,,,,,,,,,,,,,,,,,,,,,,3,上市,112,,,,,,,,,,,,,,,,,,,,,,6943318,,,,6943318,,0,,20.29,12533635,20629814,,,,,,,,,3422757,,,14817136,,,1261682,21760454,,,,,,,,,,,,,,,2283501,1130640,0
,,,,-102886,,,3057,喬鼎,,,-87785,,,,,,,,,,,,,,,,,,,,3,上市,112,,,,,,,,,,,,,,,,,,,,,,842587,,,,823087,,0,,8.88,379019,977092,,,,,,,,,926787,,,463624,,,86971,1306211,,,,,,,,,,,,,,19500,84605,329119,0
,,,,53791,,,3058,立德,,,-134826,,,,,,,,,,,,,,,,,,,,3,上市,112,-10990,,,,,0,,,,,,,,,,,,,,,,1583211,,,,1571603,,2000000,,9.56,1870266,2709514,,,,,,,,,1663628,,,2787841,,,0,4371052,,,,,,,,,,,,,,11608,917575,1661538,0
,,,,4502919,,,3059,華晶科,,,-292604,,,,,,,,,,,,,,,,,,,,3,上市,112,-38101,,,,,0,,,,,,,,,,,,,,,,9306458,,,,9006608,,2090000,,32.55,5648388,10921996,,,,,,,,,2788000,,,7297431,,,2046394,16603889,,,,,,,,,,,,,,299850,1649043,5681893,0
,,,,601214,,,3060,銘異,,,-809526,,,,,,,,,,,,,,,,,,,,3,上市,112,,,,,,0,,,,,,,,,,,,,,,,2641796,,,,2634044,,0,,19.15,1241238,2328056,,,,,,,,,1375632,,,1546806,,,1466724,4188602,,,,,,,,,,,,,,7752,305568,1860546,0
,,,,1092317,,,3062,建漢,,,-141285,,,,,,,,,,,,,,,,,,,,3,上市,112,-1426,,,,,0,,,,,,,,,,,,,,,,4868432,,,,4868432,,65000,,14.75,2136257,5059421,,,,,,,,,3302254,,,2615114,,,616572,7483546,,,,,,,,,,,,,,,478857,2424125,0
,,,,2421802,,,3090,日電貿,,,-27536,,,,,,,,,,,,,,,,,,,,3,上市,112,,,,,,,,,,,,,,,,,,,,,,6183753,,,,6145871,,0,,28.90,3234335,8265295,,,,,,,,,2126572,,,3356969,,,1625033,9540722,,,,,,,,,,,,,,37882,122634,1275427,0
,,,,419742,,,3092,鴻碩,,,-73737,,,,,,,,,,,,,,,,,,,,3,上市,112,,,,,,0,,,,,,,,,,,,,,,,2265455,,,,2265455,,0,,21.26,1766788,2898326,,,,,,,,,1065493,,,3311708,,,853957,5577163,,,,,,,,,,,,,,,1544920,2678837,0
,,,,153751,,,3094,聯傑,,,-7574,,,,,,,,,,,,,,,,,,,,3,上市,112,-8315,,,,,0,,,,,,,,,,,,,,,,1032630,,,,1032630,,512000,,12.50,37668,758714,,,,,,,,,831171,,,119757,,,63597,1152387,,,,,,,,,,,,,,,82089,393673,0
,,,,855305,,,3130,一零四,,,-3769,,,,,,,,,,,,,,,,,,,,3,上市,112,,,,,,0,,,,,,,,,,,,,,,,1581017,,,,1581017,,0,,47.63,1579972,2814779,,,,,,,,,331907,,,1643026,,,397574,3224043,,,,,,,,,,,,,,0,63054,409264,0
,,,,682072,,,3138,耀登,,,-186,,,,,,,,,,,,,,,,,,,,3,上市,112,,,,,,0,,,,,,,,,,,,,,,,1643219,,,,1637885,,0,,35.00,666405,2055898,,,,,,,,,468004,,,1337158,,,487995,2980377,,,,,,,,,,,,,,5334,670753,924479,0
,,,,-524681,,,3149,正達,,,482736,,,,,,,,,,,,,,,,,,,,3,上市,112,,,,,,0,,,,,,,,,,,,,,,,1422309,,,,1422309,,0,,9.85,1487213,1491107,,,,,,,,,1443296,,,2647930,,,20958,4070239,,,,,,,,,,,,,,,1160717,2579132,0
,,,,36294,,,3150,鈺寶-創,,,-7972,,,,,,,,,,,,,,,,,,,,3,上市,112,,,,,,0,,,,,,,,,,,,,,,,360315,,,,,,0,,11.30,64004,387954,,,,,,,,,318980,,,73497,,,13013,433812,,,,,,,,,,,,,,,9493,45858,0
,,,,92048,,,3164,景岳,,,-3584,,,,,,,,,,,,,,,,,,,,3,上市,112,,,,,,0,,,,,,,,,,,,,,,,1468895,,,,1330680,,0,,15.38,114277,453355,,,,,,,,,865114,,,172334,,,377102,1641229,,,,,,,,,,,,,,138215,58057,1187874,140000
,,,,1248212,,,3167,大量,,,-101750,,,,,,,,,,,,,,,,,,,,3,上市,112,,,,,,,,,,,,,,,,,,,,,,2129553,,,,2129553,,0,,25.80,912572,2568060,,,,,,,,,825381,,,2105582,,,157710,4235135,,,,,,,,,,,,,,0,1193010,1667075,0
,,,,715037,,,3168,眾福科,,,-17181,,,,,,,,,,,,,,,,,,,,3,上市,112,,,,,,,,,,,,,,,,,,,,,,2272086,,,,1451852,,0,,20.92,1121172,2290250,,,,,,,,,693996,,,1177929,,,60000,3450015,,,,,,,,,,,,,,820234,56757,1159765,0
,,,,19858571,,,3189,景碩,,,-106165,,,,,,,,,,,,,,,,,,,,3,上市,112,-75,,,,,0,,,,,,,,,,,,,,,,38529696,,,,31453101,,7500,,69.21,11354789,28988129,,,,,,,,,4544746,,,37867745,,,7156024,76397441,,,,,,,,,,,,,,7076595,26512956,47409312,0
,,,,1407479,,,3209,全科,0,,202723,,,,,,,,,,,,,,,,,,,,3,上市,112,0,,,,,0,,,,,,,,,,,,,,,0,4934711,,,,4754572,,0,,20.58,15795737,20071734,,,,,,,,,2310810,,,16584864,,,833560,21519575,,,,,,,,,,,,,,180139,789127,1447841,0
,,,,-103916,,,3229,晟鈦,,,0,,,,,,,,,,,,,,,,,,,,3,上市,112,,,,,,0,,,,,,,,,,,,,,,,629056,,,,629056,,0,,9.79,197684,538939,,,,,,,,,642630,,,221162,,,90342,850218,,,,,,,,,,,,,,0,23478,311279,0
,,,,37356081,,,3231,緯創,,,2718265,,,,,,,,,,,,,,,,,,,,3,上市,112,-980814,,,,,0,,,,,,,,,,,,,,,,128009505,,,,104895886,,35866000,,36.63,302166950,377927865,,,,,,,,,28998061,,,337287887,,,36804293,465297392,,,,,,,,,,,,,,23113619,35120937,87369527,0
,,,,656000,,,3257,虹冠電,,,-9064,,,,,,,,,,,,,,,,,,,,3,上市,112,-9237,,,,,,,,,,,,,,,,,,,,,1610879,,,,1610879,,163000,,20.18,191932,1365386,,,,,,,,,799866,,,210866,,,173314,1821745,,,,,,,,,,,,,,,18934,456359,0
,,,,1372871,,,3266,昇陽,,,-44916,,,,,,,,,,,,,,,,,,,,3,上市,112,,,,,,0,,,,,,,,,,,,,,,,6035445,,,,5653768,,0,,16.05,7676341,12705172,,,,,,,,,3523143,,,8028746,,,802670,14064191,,,,,,,,,,,,,,381677,352405,1359019,0
,,,,102947,,,3296,勝德,,,-74787,,,,,,,,,,,,,,,,,,,,3,上市,112,,,,,,0,,,,,,,,,,,,,,,,1178768,,,,1178768,,0,,12.19,881413,1592624,,,,,,,,,967244,,,1080536,,,183364,2259304,,,,,,,,,,,,,,,199123,666680,0
,,,,2141904,,,3305,昇貿,,,-68538,,,,,,,,,,,,,,,,,,,,3,上市,112,-103328,,,,,0,,,,,,,,,,,,,,,,4767264,,,,4744336,,2738000,,36.08,2932302,5270721,,,,,,,,,1342375,,,3315645,,,1431923,8082909,,,,,,,,,,,,,,22928,383343,2812188,0
,,,,476979,,,3308,聯德,,,4135,,,,,,,,,,,,,,,,,,,,3,上市,112,,,,,,,,,,,,,,,,,,,,,,1192827,,,,1192860,,0,,16.88,665111,1613754,,,,,,,,,706840,,,908987,,,4906,2101814,,,,,,,,,,,,,,-33,243876,488060,0
,,,,1586110,,,3311,閎暉,,,-238527,,,,,,,,,,,,,,,,,,,,3,上市,112,,,,,,,,,,,,,,,,,,,,,,2657657,,,,2657657,,0,,39.08,677334,1633631,,,,,,,,,680000,,,747925,,,630074,3405582,,,,,,,,,,,,,,,70591,1771951,0
,,,,682094,,,3312,弘憶股,,,136477,,,,,,,,,,,,,,,,,,,,3,上市,112,,,,,,,,,,,,,,,,,,,,,,2733194,,,,2667941,,0,,16.41,5016919,7316189,,,,,,,,,1626254,,,5221377,,,223116,7954571,,,,,,,,,,,,,,65253,204458,638382,0
,,,,-160555,,,3321,同泰,,,-78332,,,,,,,,,,,,,,,,,,,,3,上市,112,,,,,,0,,,,,,,,,,,,,,,,433106,,,,433106,,0,,6.45,1183069,1394534,,,,,,,,,671598,,,1491434,,,395,1924540,,,,,,,,,,,,,,,308365,530006,0
,,,,704558,,,3338,泰碩,,,-58364,,,,,,,,,,,,,,,,,,,,3,上市,112,-17253,,,,,0,,,,,,,,,,,,,,,,1856921,,,,1856921,,450000,,21.23,1709289,3096621,,,,,,,,,879081,,,1862494,,,348899,3719415,,,,,,,,,,,,,,,153205,622794,0
,,,,648934,,,3346,麗清,,,-141283,,,,,,,,,,,,,,,,,,,,3,上市,112,,,,,,,,,,,,,,,,,,,,,,3159835,,,,3159835,,0,,29.22,5222507,7423427,,,,,,,,,1135217,,,6322787,,,1516967,9482622,,,,,,,,,,,,,,,1100280,2059195,0
,,,,837370,,,3356,奇偶,,,10222,,,,,,,,,,,,,,,,,,,,3,上市,112,,,,,,0,,,,,,,,,,,,,,,,1991785,,,,1971222,,0,,21.95,512239,2307013,,,,,,,,,898221,,,615653,,,225409,2607438,,,,,,,,,,,,,,20563,103414,300425,0
,,,,12016786,,,3376,新日興,,,-258249,,,,,,,,,,,,,,,,,,,,3,上市,112,0,,,,,,,,,,,,,,,,,,,,,15443470,,,,15443470,,0,,82.26,5750782,12808790,,,,,,,,,1877483,,,6271105,,,1807450,21714575,,,,,,,,,,,,,,,520323,8905785,0
,,,,2216981,,,3380,明泰,,,-76825,,,,,,,,,,,,,,,,,,,,3,上市,112,,,,,,,,,,,,,,,,,,,,,,13324972,,,,10139670,,0,,18.72,10379866,17433876,,,,,,,,,5417185,,,11340888,,,2582329,24665860,,,,,,,,,,,,,,3185302,961022,7231984,0
,,,,9970367,,,3406,玉晶光,,,-29850,,,,,,,,,,,,,,,,,,,,3,上市,112,0,,,,,0,,,,,,,,,,,,,,,,20275399,,,,20307623,,0,,180.12,10973614,15690813,,,,,,,,,1127431,,,22155023,,,9239675,42430422,,,,,,,,,,,,,,-32224,11181409,26739609,0
,,,,6032251,,,3413,京鼎,,,87223,,,,,,,,,,,,,,,,,,,,3,上市,112,,,,,,0,,,,,,,,,,,,,,,,11099730,,,,11099730,,0,,114.21,4917682,13117088,,,,,,,,,971861,,,7223218,,,4008395,18322948,,,,,,,,,,,,,,0,2305536,5205860,26000
,,,,1134430,,,3416,融程電,,,88275,,,,,,,,,,,,,,,,,,,,3,上市,112,,,,,,,,,,,,,,,,,,,,,,2997970,,,,2997970,,0,,39.02,741797,2279521,,,,,,,,,782048,,,764566,,,993217,3762536,,,,,,,,,,,,,,,22769,1483015,0
,,,,77110,,,3419,譁裕,,,-65981,,,,,,,,,,,,,,,,,,,,3,上市,112,,,,,,,,,,,,,,,,,,,,,,1434722,,,,1417384,,0,,11.76,468151,1343841,,,,,,,,,1204804,,,749785,,,201451,2184507,,,,,,,,,,,,,,17338,281634,840666,0
,,,,-513733,,,3432,台端,,,-17722,,,,,,,,,,,,,,,,,,,,3,上市,112,,,,,,,,,,,,,,,,,,,,,,274914,,,,274914,,0,,4.13,17014,234615,,,,,,,,,665860,,,57369,,,140509,332283,,,,,,,,,,,,,,,40355,97668,0
,,,,131077,,,3437,榮創,,,-40177,,,,,,,,,,,,,,,,,,,,3,上市,112,,,,,,0,,,,,,,,,,,,,,,,2627922,,,,2492989,,0,,17.25,830741,2419770,,,,,,,,,1445480,,,938712,,,956609,3566634,,,,,,,,,,,,,,134933,107971,1146864,0
,,,,7626353,,,3443,創意,,,-11770,,,,,,,,,,,,,,,,,,,,3,上市,112,,,,,,,,,,,,,,,,,,,,,,8987503,,,,8987503,,0,,67.06,9778695,17723876,,,,,,,,,1340119,,,10195481,,,32801,19182984,,,,,,,,,,,,,,,416786,1459108,0
,,,,270778,,,3447,展達,,,-19638,,,,,,,,,,,,,,,,,,,,3,上市,112,,,,,,,,,,,,,,,,,,,,,,1205845,,,,1205845,,0,,15.66,1544444,2460734,,,,,,,,,770662,,,1560141,,,184043,2765986,,,,,,,,,,,,,,,15697,305252,176000
,,,,1981023,,,3450,聯鈞,,,-44714,,,,,,,,,,,,,,,,,,,,3,上市,112,,,,,,,,,,,,,,,,,,,,,,5962739,,,,3846063,,0,,26.40,1998443,3878501,,,,,,,,,1456814,,,3038237,,,452940,9000976,,,,,,,,,,,,,,2116676,1039794,5122475,0
,,,,44360628,,,3481,群創,,,-4356945,,,,,,,,,,,,,,,,,,,,3,上市,112,-580291,,,,,0,,,,,,,,,,,,,,,,234561004,,,,233688597,,42987500,,25.86,120833011,170531405,,,,,,,,,90786334,,,161383944,,,103478871,395944948,,,,,,,,,,,,,,872407,40550933,225413543,0
,,,,-868438,,,3494,誠研,,,-27098,,,,,,,,,,,,,,,,,,,,3,上市,112,,,,,,,,,,,,,,,,,,,,,,689414,,,,557229,,0,,3.87,903008,447006,,,,,,,,,1440000,,,1342795,,,12765,2032209,,,,,,,,,,,,,,132185,439787,1585203,0
,,,,3847464,,,3501,維熹,,,-216973,,,,,,,,,,,,,,,,,,,,3,上市,112,,,,,,0,,,,,,,,,,,,,,,,6558862,,,,6558862,,0,,55.46,920080,5745901,,,,,,,,,1182579,,,1651542,,,1745792,8210404,,,,,,,,,,,,,,,731462,2464503,0
,,,,442975,,,3504,揚明光,,,-111765,,,,,,,,,,,,,,,,,,,,3,上市,112,,,,,,0,,,,,,,,,,,,,,,,3120470,,,,3120013,,0,,27.35,1352731,2335218,,,,,,,,,1140598,,,1818231,,,1648205,4938701,,,,,,,,,,,,,,457,465500,2603483,0
,,,,3560498,,,3515,華擎,,,53018,,,,,,,,,,,,,,,,,,,,3,上市,112,-3345,,,,,,,,,,,,,,,,,,,,,8715468,,,,8016450,,334500,,65.90,5496885,13461022,,,,,,,,,1219804,,,5601258,,,3186475,14316726,,,,,,,,,,,,,,699018,104373,855704,0
,,,,-91146,,,3518,柏騰,,,-163281,,,,,,,,,,,,,,,,,,,,3,上市,112,0,,,,,,,,,,,,,,,,,,,,,1338089,,,,1283858,,0,,15.28,294730,1281349,,,,,,,,,840422,,,340161,,,697863,1678250,,,,,,,,,,,,,,54231,45431,396901,0
,,,,726261,,,3528,安馳,,,81410,,,,,,,,,,,,,,,,,,,,3,上市,112,,,,,,,,,,,,,,,,,,,,,,1769023,,,,,,0,,26.66,5031417,6587746,,,,,,,,,663660,,,5054581,,,297692,6823604,,,,,,,,,,,,,,,23164,235858,0
,,,,578537,,,3530,晶相光,,,3067,,,,,,,,,,,,,,,,,,,,3,上市,112,-96995,,,,,,,,,,,,,,,,,,,,,2468110,,,,2468110,,1000000,,31.86,515987,2852278,,,,,,,,,784559,,,726578,,,1198942,3194688,,,,,,,,,,,,,,,210591,342410,0
,,,,15248900,,,3532,台勝科,,,-68290,,,,,,,,,,,,,,,,,,,,3,上市,112,,,,,,,,,,,,,,,,,,,,,,24798356,,,,24798356,,0,,63.94,11766269,8823029,,,,,,,,,3878483,,,16709730,,,5739263,41508086,,,,,,,,,,,,,,,4943461,32685057,0
,,,,17295277,,,3533,嘉澤,,,-228994,,,,,,,,,,,,,,,,,,,,3,上市,112,0,,,,,0,,,,,,,,,,,,,,,,28555527,,,,26966852,,0,,242.22,7213140,25614649,,,,,,,,,1113298,,,9082949,,,8787271,37638476,,,,,,,,,,,,,,1588675,1869809,12023827,0
,,,,268773,,,3535,晶彩科,,,-3816,,,,,,,,,,,,,,,,,,,,3,上市,112,,,,,,,,,,,,,,,,,,,,,,1153970,,,,1153970,,0,,14.60,543791,1245412,,,,,,,,,790523,,,576805,,,98490,1730775,,,,,,,,,,,,,,,33014,485363,0
,,,,565882,,,3543,州巧,,,-291121,,,,,,,,,,,,,,,,,,,,3,上市,112,,,,,,0,,,,,,,,,,,,,,,,2991408,,,,2833654,,0,,31.74,1130837,3161156,,,,,,,,,892631,,,1632485,,,1666262,4623893,,,,,,,,,,,,,,157754,501648,1462737,0
,,,,1404570,,,3545,敦泰,,,35582,,,,,,,,,,,,,,,,,,,,3,上市,112,-163060,,,,,,,,,,,,,,,,,,,,,9335690,,,,9327034,,1285000,,43.47,4777956,12221776,,,,,,,,,2158720,,,9643337,,,5891222,18979027,,,,,,,,,,,,,,8656,4865381,6757251,0
,,,,744318,,,3550,聯穎,,,-194092,,,,,,,,,,,,,,,,,,,,3,上市,112,,,,,,0,,,,,,,,,,,,,,,,1816228,,,,1806181,,0,,20.63,1802175,2979478,,,,,,,,,875500,,,2774593,,,380455,4590821,,,,,,,,,,,,,,10047,972418,1611343,0
,,,,804921,,,3557,嘉威,,,44618,,,,,,,,,,,,,,,,,,,,3,上市,112,,,,,,,,,,,,,,,,,,,,,,2334681,,,,2334681,,0,,29.07,1621761,2127883,,,,,,,,,803004,,,1837063,,,682138,4171744,,,,,,,,,,,,,,,215302,2043861,0
,,,,2530084,,,3563,牧德,,,-4594,,,,,,,,,,,,,,,,,,,,3,上市,112,,,,,,,,,,,,,,,,,,,,,,5257793,,,,5171361,,0,,88.94,604883,5430988,,,,,,,,,581462,,,693000,,,2064409,5950793,,,,,,,,,,,,,,86432,88117,519805,0
,,,,-1513531,,,3576,聯合再生,,,-65899,,,,,,,,,,,,,,,,,,,,3,上市,112,-18699,,,,,0,,,,,,,,,,,,,,,,15529740,,,,14875450,,1065679,,9.14,6842083,11448033,,,,,,,,,16277954,,,15545262,,,195625,31075002,,,,,,,,,,,,,,654290,8703179,19626969,0
,,,,2304785,,,3583,辛耘,,,65639,,,,,,,,,,,,,,,,,,,,3,上市,112,-50659,,,,,,,,,,,,,,,,,,,,,3847358,,,,3847358,,811000,,47.90,13294152,14864102,,,,,,,,,811390,,,13482240,,,716203,17329598,,,,,,,,,,,,,,,188088,2465496,0
,,,,666607,,,3588,通嘉,,,-11607,,,,,,,,,,,,,,,,,,,,3,上市,112,,,,,,,,,,,,,,,,,,,,,,1607805,,,,1607805,,0,,27.47,193783,1281966,,,,,,,,,585368,,,207255,,,367437,1815060,,,,,,,,,,,,,,,13472,533094,0
,,,,46866,,,3591,艾笛森,,,-126128,,,,,,,,,,,,,,,,,,,,3,上市,112,-57876,,,,,0,,,,,,,,,,,,,,,,2999837,,,,2856592,,3705827,,20.33,548830,1885314,,,,,,,,,1442329,,,731332,,,1551401,3731169,,,,,,,,,,,,,,143245,182502,1845855,0
,,,,5356603,,,3592,瑞鼎,,,-45954,,,,,,,,,,,,,,,,,,,,3,上市,112,,,,,,0,,,,,,,,,,,,,,,,10782134,,,,10782134,,0,,142.14,7412811,17095014,,,,,,,,,758552,,,8494776,,,4712933,19276910,,,,,,,,,,,,,,,1081965,2181896,0
,,,,-493775,,,3593,力銘,,,42343,,,,,,,,,,,,,,,,,,,,3,上市,112,,,,,,,,,,,,,,,,,,,,,,486320,,,,486320,,0,,5.23,754139,574333,,,,,,,,,930425,,,903933,,,7327,1390253,,,,,,,,,,,,,,,149794,815920,0
,,,,8061966,,,3596,智易,,,145886,,,,,,,,,,,,,,,,,,,,3,上市,112,,,,,,,,,,,,,,,,,,,,,,14388534,,,,14283574,,0,,64.82,23495483,31027371,,,,,,,,,2203543,,,23678552,,,3872179,38067086,,,,,,,,,,,,,,104960,183069,7039715,0
,,,,3114586,,,3605,宏致,,,4061,,,,,,,,,,,,,,,,,,,,3,上市,112,,,,,,0,,,,,,,,,,,,,,,,5457921,,,,5456094,,0,,40.59,4279734,6540299,,,,,,,,,1344177,,,7295269,,,993270,12753190,,,,,,,,,,,,,,1827,3015535,6212891,0
,,,,-41914,,,3607,谷崧,,,-736312,,,,,,,,,,,,,,,,,,,,3,上市,112,,,,,,,,,,,,,,,,,,,,,,1889276,,,,1863106,,0,,15.31,913502,1983661,,,,,,,,,1216622,,,1146236,,,1424710,3035512,,,,,,,,,,,,,,26170,232734,1051851,0
,,,,3685654,,,3617,碩天,,,36908,,,,,,,,,,,,,,,,,,,,3,上市,112,,,,,,,,,,,,,,,,,,,,,,7022380,,,,6973880,,0,,79.54,4994279,9192350,,,,,,,,,904328,,,6015681,,,2346990,13038061,,,,,,,,,,,,,,48500,1021402,3845711,0
,,,,1153717,,,3622,洋華,,,1672724,,,,,,,,,,,,,,,,,,,,3,上市,112,,,,,,,,,,,,,,,,,,,,,,6365169,,,,6265577,,0,,41.40,454187,4982969,,,,,,,,,1513276,,,740746,,,1925860,7105915,,,,,,,,,,,,,,99592,286559,2122946,0
,,,,976335,,,3645,達邁,,,-1446,,,,,,,,,,,,,,,,,,,,3,上市,112,,,,,,,,,,,,,,,,,,,,,,2905936,,,,2890397,,0,,21.86,1257923,1441163,,,,,,,,,1322053,,,2097404,,,593455,5003340,,,,,,,,,,,,,,15539,839481,3562177,0
,,,,147813,,,3652,精聯,,,-12998,,,,,,,,,,,,,,,,,,,,3,上市,112,,,,,,,,,,,,,,,,,,,,,,1822974,,,,1821016,,0,,24.25,488072,1833128,,,,,,,,,750975,,,602443,,,935226,2425417,,,,,,,,,,,,,,1958,114371,592289,0
,,,,4454556,,,3653,健策,,,-202649,,,,,,,,,,,,,,,,,,,,3,上市,112,,,,,,0,,,,,,,,,,,,,,,,11916164,,,,11018700,,0,,78.25,2654885,8961225,,,,,,,,,1408168,,,3367462,,,5358625,15283626,,,,,,,,,,,,,,897464,712577,6322401,0
,,,,5005309,,,3661,世芯-KY,0,,1509851,,,,,,,,,,,,,,,,,,,,3,上市,112,0,,,,,0,,,,,,,,,,,,,,,,17554832,,,,17535242,,0,,236.65,9403386,24413168,,,,,,,,,740967,,,9626603,,,10279115,27181435,,,,,,,,,,,,,,19590,223217,2768267,0
,,,,9322436,,,3665,貿聯-KY,,,-1089722,,,,,,,,,,,,,,,,,,,,3,上市,112,,,,,,0,,,,,,,,,,,,,,,,24187674,,,,24173791,,0,,148.02,15455541,33909192,,,,,,,,,1633091,,,32388988,,,14307986,56576662,,,,,,,,,,,,,,13883,16933447,22667470,0
,,,,1787635,,,3669,圓展,,,-431010,,,,,,,,,,,,,,,,,,,,3,上市,112,,,,,,,,,,,,,,,,,,,,,,3020945,,,,3020945,,0,,32.51,1102733,2306648,,,,,,,,,929200,,,1180437,,,735120,4201382,,,,,,,,,,,,,,,77704,1894734,0
,,,,4521206,,,3673,TPK-KY,,,1656943,,,,,,,,,,,,,,,,,,,,3,上市,112,,,,,,,,,,,,,,,,,,,,,,38804076,,,,38475912,,0,,94.61,33934021,73030146,,,,,,,,,4066638,,,57008518,,,28231125,95812594,,,,,,,,,,,,,,328164,23074497,22782448,0
,,,,3166117,,,3679,新至陞,,,-257797,,,,,,,,,,,,,,,,,,,,3,上市,112,,,,,,0,,,,,,,,,,,,,,,,4512853,,,,4512853,,0,,71.58,2563623,5248414,,,,,,,,,630482,,,4200736,,,974051,8713589,,,,,,,,,,,,,,,1637113,3465175,0
,,,,-52806,,,3686,達能,,,,,,,,,,,,,,,,,,,,,,,3,上市,112,,,,,,0,,,,,,,,,,,,,,,,712145,,,,712145,,0,,9.31,5617,709910,,,,,,,,,764951,,,6175,,,,718320,,,,,,,,,,,,,,,558,8410,0
,,,,344734,,,3694,海華,,,45089,,,,,,,,,,,,,,,,,,,,3,上市,112,,,,,,,,,,,,,,,,,,,,,,3018511,,,,3018511,,0,,19.78,3084848,5035919,,,,,,,,,1526304,,,3175575,,,1102384,6194086,,,,,,,,,,,,,,,90727,1158167,0
,,,,1284229,,,3701,大眾控,,,-384855,,,,,,,,,,,,,,,,,,,,3,上市,112,,,,,,0,,,,,,,,,,,,,,,,6544993,,,,4151730,,0,,18.10,4273016,9095027,,,,,,,,,2294208,,,5406853,,,958148,11951846,,,,,,,,,,,,,,2393263,1133837,2856819,0
,,,,34843322,,,3702,大聯大,,,2293406,,,,,,,,,,,,,,,,,,,,3,上市,112,,,,,,,,,,,,,,,,,,,,,,85565591,,,,84590351,,0,,45.02,200656937,278483371,,,,,,,,,18790568,,,238501957,,,28663055,324067548,,,,,,,,,,,,,,975240,37845020,45584177,0
,,,,10036215,,,3703,欣陸,,,1162665,,,,,,,,,,,,,,,,,,,,3,上市,112,,,,,,,,,,,,,,,,,,,,,,29976441,,,,26248238,,0,,31.88,33051037,44313841,,,,,,,,,8232160,,,45772965,,,6817198,75749406,,,,,,,,,,,,,,3728203,12721928,31435565,0
,,,,3502156,,,3704,合勤控,,,-472959,,,,,,,,,,,,,,,,,,,,3,上市,112,-96550,,,,,,,,,,,,,,,,,,,,,10770930,,,,10573080,,7317397,,26.49,9342365,19073963,,,,,,,,,4063930,,,11959602,,,3576503,22730532,,,,,,,,,,,,,,197850,2617237,3656569,3323000
,,,,2474916,,,3705,永信,,,-324338,,,,,,,,,,,,,,,,,,,,3,上市,112,-1439,,,,,0,,,,,,,,,,,,,,,,7741995,,,,7168172,,58059,,26.91,2491499,6366685,,,,,,,,,2664230,,,3734941,,,2354803,11476936,,,,,,,,,,,,,,573823,1243442,5110251,0
,,,,23317020,,,3706,神達,,,154379,,,,,,,,,,,,,,,,,,,,3,上市,112,0,,,,,0,,,,,,,,,,,,,,,,58374332,,,,58321942,,0,,48.34,14618049,26094558,,,,,,,,,12065568,,,23753811,,,22784975,82128143,,,,,,,,,,,,,,52390,9135762,56033585,0
,,,,3315136,,,3708,上緯投控,,,-335716,,,,,,,,,,,,,,,,,,,,3,上市,112,-47301,,,,,0,,,,,,,,,,,,,,,,8812952,,,,7487324,,713000,,76.52,3456161,8601311,,,,,,,,,985601,,,5515785,,,3569604,14328737,,,,,,,,,,,,,,1325628,2059624,5727426,0
,,,,105036237,,,3711,日月光投控,,,4929601,,,,,,,,,,,,,,,,,,,,3,上市,112,-1959107,,,,,,,,,,,,,,,,,,,,,315635738,,,,295610631,,72941505,,68.63,241510865,292688852,,,,,,,,,43805062,,,385448310,,,143798838,701084048,,,,,,,,,,,,,,20025107,143937445,408395196,4145400
,,,,780544,,,3712,永崴投控,,,-253813,,,,,,,,,,,,,,,,,,,,3,上市,112,,,,,,0,,,,,,,,,,,,,,,,14802169,,,,7832604,,0,,31.81,16277655,23506110,,,,,,,,,2462421,,,22565997,,,4843452,37368166,,,,,,,,,,,,,,6969565,6288342,13862056,0
,,,,-2299641,,,3714,富采,,,570261,,,,,,,,,,,,,,,,,,,,3,上市,112,-294810,,,,,0,,,,,,,,,,,,,,,,54018252,,,,52088353,,3125877,,69.30,12070405,32199182,,,,,,,,,7547840,,,16661446,,,46564703,70679698,,,,,,,,,,,,,,1929899,4591041,38480516,0
,,,,1130072,,,3715,定穎投控,,,-202648,,,,,,,,,,,,,,,,,,,,3,上市,112,,,,,,0,,,,,,,,,,,,,,,,6829232,,,,6675607,,0,,24.04,8928850,10719850,,,,,,,,,2776746,,,14613238,,,2971437,21442470,,,,,,,,,,,,,,153625,5684388,10722620,57591
,,,,3315572,,,4104,佳醫,,,417431,,,,,,,,,,,,,,,,,,,,3,上市,112,,,,,,0,,,,,,,,,,,,,,,,10840343,,,,8564868,,0,,55.04,6243415,10135211,,,,,,,,,1556167,,,6741019,,,3275698,17581362,,,,,,,,,,,,,,2275475,497604,7446151,0
,,,,1106425,,,4106,雃博,,,-142170,,,,,,,,,,,,,,,,,,,,3,上市,112,,,,,,,,,,,,,,,,,,,,,,2323446,,,,2319006,,0,,22.98,692885,1663924,,,,,,,,,1009116,,,885081,,,345635,3208527,,,,,,,,,,,,,,4440,192196,1544603,0
,,,,-159189,,,4108,懷特,,,93279,,,,,,,,,,,,,,,,,,,,3,上市,112,,,,,,,,,,,,,,,,,,,,,,2267946,,,,1921106,,0,,9.67,52644,1521568,,,,,,,,,1986189,,,77761,,,827,2345707,,,,,,,,,,,,,,346840,25117,824139,0
,,,,1641389,,,4119,旭富,,,35077,,,,,,,,,,,,,,,,,,,,3,上市,112,,,,,,0,,,,,,,,,,,,,,,,4128823,,,,4128823,,0,,38.40,558092,1111421,,,,,,,,,1075087,,,1426680,,,1377270,5555503,,,,,,,,,,,,,,,868588,4444082,0
,,,,208286,,,4133,亞諾法,0,,-7844,,,,,,,,,,,,,,,,,,,,3,上市,112,0,,,,,0,,,,,,,,,,,,,,,0,1280505,,,,1280505,,0,,21.15,76945,925737,,,,,,,,,605536,,,86046,,,474527,1366551,,,,,,,,,,,,,,0,9101,440814,0
,,,,3305638,,,4137,麗豐-KY,,,-416330,,,,,,,,,,,,,,,,,,,,3,上市,112,0,,,,,0,,,,,,,,,,,,,,,,5072654,,,,5072654,,0,,63.81,3738662,7452895,,,,,,,,,794924,,,4754253,,,1388422,9826907,,,,,,,,,,,,,,,1015591,2374012,0
,,,,1011534,,,4142,國光生,,,39778,,,,,,,,,,,,,,,,,,,,3,上市,112,-292538,,,,,0,,,,,,,,,,,,,,,,6241572,,,,5889258,,8000000,,13.97,1034678,4495798,,,,,,,,,4295078,,,3042692,,,835406,9284264,,,,,,,,,,,,,,352314,2008014,4788466,0
,,,,1353681,,,4148,全宇生技-KY,,,-462335,,,,,,,,,,,,,,,,,,,,3,上市,112,,,,,,,,,,,,,,,,,,,,,,2835377,,,,2313524,,0,,36.13,934269,3036156,,,,,,,,,640340,,,1009391,,,781838,3844768,,,,,,,,,,,,,,521853,75122,808612,0
,,,,181836,,,4155,訊映,,,-35352,,,,,,,,,,,,,,,,,,,,3,上市,112,,,,,,0,,,,,,,,,,,,,,,,2385733,,,,2388364,,0,,17.06,741021,1486615,,,,,,,,,1528589,,,839701,,,713291,3225434,,,,,,,,,,,,,,-2631,98680,1738819,10306778
,,,,1262432,,,4164,承業醫,,,-377541,,,,,,,,,,,,,,,,,,,,3,上市,112,,,,,,0,,,,,,,,,,,,,,,,6570769,,,,6248423,,0,,37.63,1567539,3942290,,,,,,,,,1660503,,,6705986,,,3703029,13276755,,,,,,,,,,,,,,322346,5138447,9334465,0
,,,,930964,,,4190,佐登-KY,,,-108917,,,,,,,,,,,,,,,,,,,,3,上市,112,,,,,,,,,,,,,,,,,,,,,,2157662,,,,2157662,,0,,35.10,3674987,1966036,,,,,,,,,614775,,,5821559,,,720840,7979221,,,,,,,,,,,,,,,2146572,6013185,0
,,,,2642902,,,4306,炎洲,,,145924,,,,,,,,,,,,,,,,,,,,3,上市,112,-414345,,,,,,,,,,,,,,,,,,,,,12321259,,,,11669731,,34143828,,18.80,12481888,17918534,,,,,,,,,6582467,,,18223275,,,2712783,30544534,,,,,,,,,,,,,,651528,5741387,12626000,0
,,,,-7397925,,,4414,如興,,,230998,,,,,,,,,,,,,,,,,,,,3,上市,112,,,,,,,,,,,,,,,,,,,,,,4171266,,,,3763543,,0,,4.45,8638792,7745262,,,,,,,,,8456149,,,9066256,,,2474321,13237522,,,,,,,,,,,,,,407723,427464,5492260,0
,,,,928382,,,4426,利勤,,,43503,,,,,,,,,,,,,,,,,,,,3,上市,112,,,,,,0,,,,,,,,,,,,,,,,2741697,,,,2741517,,0,,15.88,758545,1067908,,,,,,,,,1726773,,,2146363,,,42859,4888060,,,,,,,,,,,,,,180,1387818,3820152,0
,,,,4301524,,,4438,廣越,,,-192867,,,,,,,,,,,,,,,,,,,,3,上市,112,,,,,,,,,,,,,,,,,,,,,,10336835,,,,8226150,,0,,79.54,5640375,12808359,,,,,,,,,1034255,,,8153968,,,3083238,18490803,,,,,,,,,,,,,,2110685,2513593,5682444,0
,,,,1189177,,,4439,冠星-KY,,,61399,,,,,,,,,,,,,,,,,,,,3,上市,112,0,,,,,0,,,,,,,,,,,,,,,,3291625,,,,3291625,,0,,85.96,1495093,2549961,,,,,,,,,382938,,,1860378,,,1658111,5152003,,,,,,,,,,,,,,,365285,2602042,0
,,,,299381,,,4440,宜新實業,,,4352,,,,,,,,,,,,,,,,,,,,3,上市,112,,,,,,,,,,,,,,,,,,,,,,1281896,,,,,,0,,18.96,432635,588305,,,,,,,,,675980,,,931185,,,302183,2213081,,,,,,,,,,,,,,,498550,1624776,0
,,,,1284131,,,4526,東台,,,701,,,,,,,,,,,,,,,,,,,,3,上市,112,,,,,,,,,,,,,,,,,,,,,,5764051,,,,5053762,,0,,19.83,7599099,10138594,,,,,,,,,2548265,,,9072630,,,1220665,14836681,,,,,,,,,,,,,,710289,1473531,4698087,0
,,,,4255498,,,4532,瑞智,,,-722880,,,,,,,,,,,,,,,,,,,,3,上市,112,-93573,,,,,,,,,,,,,,,,,,,,,11264768,,,,9832075,,4920000,,19.66,11836726,18175268,,,,,,,,,5049151,,,13526346,,,1343879,24791114,,,,,,,,,,,,,,1432693,1689620,6615846,0
,,,,5622632,,,4536,拓凱,,,-213046,,,,,,,,,,,,,,,,,,,,3,上市,112,,,,,,,,,,,,,,,,,,,,,,8367970,,,,7957318,,0,,87.62,4873492,9834214,,,,,,,,,908200,,,6137275,,,1639532,14505245,,,,,,,,,,,,,,410652,1263783,4671031,0
,,,,679309,,,4540,全球傳動,,,47742,,,,,,,,,,,,,,,,,,,,3,上市,112,,,,,,0,,,,,,,,,,,,,,,,3403539,,,,3403539,,0,,35.77,1573253,4254351,,,,,,,,,951588,,,4760218,,,1724900,8163757,,,,,,,,,,,,,,,3186965,3909406,0
,,,,520212,,,4545,銘鈺,,,-34408,,,,,,,,,,,,,,,,,,,,3,上市,112,,,,,,0,,,,,,,,,,,,,,,,1898589,,,,1898589,,0,,24.66,921535,1815561,,,,,,,,,770000,,,1240305,,,642785,3138894,,,,,,,,,,,,,,,318770,1323333,0
,,,,3269767,,,4551,智伸科,,,-57102,,,,,,,,,,,,,,,,,,,,3,上市,112,,,,,,,,,,,,,,,,,,,,,,8061605,,,,8061605,,0,,69.97,4622397,7557743,,,,,,,,,1152225,,,5249596,,,3696715,13311201,,,,,,,,,,,,,,,627199,5753458,0
,,,,3694341,,,4552,力達-KY,,,-459926,,,,,,,,,,,,,,,,,,,,3,上市,112,,,,,,0,,,,,,,,,,,,,,,,5942615,,,,5942615,,0,,51.23,1487086,4372356,,,,,,,,,1160000,,,2081885,,,1548200,8024500,,,,,,,,,,,,,,,594799,3652144,0
,,,,1567880,,,4555,氣立,,,-129760,,,,,,,,,,,,,,,,,,,,3,上市,112,,,,,,,,,,,,,,,,,,,,,,2957422,,,,2864771,,0,,41.33,573972,2141708,,,,,,,,,693132,,,1556511,,,733519,4513933,,,,,,,,,,,,,,92651,982539,2372225,0
,,,,898092,,,4557,永新-KY,,,-83461,,,,,,,,,,,,,,,,,,,,3,上市,112,,,,,,0,,,,,,,,,,,,,,,,2236591,,,,2046752,,0,,48.76,1676216,2828022,,,,,,,,,419718,,,1744903,,,812403,3981494,,,,,,,,,,,,,,189839,68687,1153472,0
,,,,722241,,,4560,強信-KY,,,-78393,,,,,,,,,,,,,,,,,,,,3,上市,112,,,,,,,,,,,,,,,,,,,,,,1748622,,,,1748622,,0,,25.68,448292,1442806,,,,,,,,,680972,,,484819,,,423802,2233441,,,,,,,,,,,,,,,36527,790635,0
,,,,-139867,,,4562,穎漢,,,12221,,,,,,,,,,,,,,,,,,,,3,上市,112,,,,,,,,,,,,,,,,,,,,,,1106128,,,,1095407,,0,,12.51,785800,1386079,,,,,,,,,875460,,,1251488,,,347593,2357616,,,,,,,,,,,,,,10721,465688,971537,0
,,,,323362,,,4564,元翎,,,-3861,,,,,,,,,,,,,,,,,,,,3,上市,112,,,,,,,,,,,,,,,,,,,,,,4433241,,,,4433241,,0,,21.86,762608,2209448,,,,,,,,,2027883,,,3703904,,,2085857,8137145,,,,,,,,,,,,,,,2941296,5927697,0
,,,,1030239,,,4566,時碩工業,,,-69431,,,,,,,,,,,,,,,,,,,,3,上市,112,0,,,,,,,,,,,,,,,,,,,,,3881364,,,,3881364,,0,,42.75,2925856,4812330,,,,,,,,,908008,,,4718272,,,2012548,8599636,,,,,,,,,,,,,,,1792416,3787306,0
,,,,416602,,,4569,六方科-KY,,,-113745,,,,,,,,,,,,,,,,,,,,3,上市,112,,,,,,0,,,,,,,,,,,,,,,,2606012,,,,2606012,,0,,84.06,139013,1773159,,,,,,,,,310000,,,232542,,,1993155,2838554,,,,,,,,,,,,,,,93529,1065395,0
,,,,1009689,,,4571,鈞興-KY,,,-85822,,,,,,,,,,,,,,,,,,,,3,上市,112,,,,,,,,,,,,,,,,,,,,,,2636026,,,,2636026,,0,,49.42,868696,2407038,,,,,,,,,533350,,,939516,,,1178809,3575542,,,,,,,,,,,,,,,70820,1168504,0
,,,,1456036,,,4572,駐龍,,,,,,,,,,,,,,,,,,,,,,,3,上市,112,,,,,,0,,,,,,,,,,,,,,,,1846036,,,,1846036,,0,,47.33,183477,1579337,,,,,,,,,390000,,,455236,,,0,2301272,,,,,,,,,,,,,,,271759,721935,0
,,,,1011546,,,4576,大銀微系統,,,-9531,,,,,,,,,,,,,,,,,,,,3,上市,112,,,,,,,,,,,,,,,,,,,,,,4013781,,,,3778214,,0,,31.54,1215198,2184096,,,,,,,,,1198018,,,1930565,,,1578181,5944346,,,,,,,,,,,,,,235567,715367,3760250,0
,,,,372585,,,4581,光隆精密-KY,,,-9331,,,,,,,,,,,,,,,,,,,,3,上市,112,0,,,,,,,,,,,,,,,,,,,,,1038524,,,,1036598,,0,,30.58,464168,991971,,,,,,,,,338990,,,669918,,,334354,1708442,,,,,,,,,,,,,,1926,205750,716471,0
,,,,7571254,,,4583,台灣精銳,,,0,,,,,,,,,,,,,,,,,,,,3,上市,112,,,,,,,,,,,,,,,,,,,,,,9737253,,,,9737253,,0,,121.46,438207,6369848,,,,,,,,,801714,,,1024385,,,1364285,10761638,,,,,,,,,,,,,,,586178,4391790,0
,,,,133169,,,4588,玖鼎電力,,,,,,,,,,,,,,,,,,,,,,,3,上市,112,,,,,,0,,,,,,,,,,,,,,,,597972,,,,,,0,,15.36,733184,1040747,,,,,,,,,389180,,,746764,,,75623,1344736,,,,,,,,,,,,,,,13580,303989,0
,,,,348388,,,4720,德淵,,,-82934,,,,,,,,,,,,,,,,,,,,3,上市,112,,,,,,,,,,,,,,,,,,,,,,1515596,,,,1383784,,0,,13.34,1237231,1924999,,,,,,,,,1037563,,,1698291,,,80767,3213887,,,,,,,,,,,,,,131812,461060,1288888,0
,,,,1435078,,,4722,國精化,,,2831,,,,,,,,,,,,,,,,,,,,3,上市,112,,,,,,0,,,,,,,,,,,,,,,,2855666,,,,2855666,,0,,28.55,799543,2009696,,,,,,,,,1000092,,,1647056,,,417665,4502722,,,,,,,,,,,,,,,847513,2493026,0
,,,,5620545,,,4736,泰博,,,-60408,,,,,,,,,,,,,,,,,,,,3,上市,112,,,,,,,,,,,,,,,,,,,,,,8994630,,,,8669237,,0,,90.90,2905635,7502858,,,,,,,,,953744,,,3281784,,,2155356,12276414,,,,,,,,,,,,,,325393,376149,4773556,0
,,,,134683,,,4737,華廣,,,3219,,,,,,,,,,,,,,,,,,,,3,上市,112,0,,,,,,,,,,,,,,,,,,,,,1961034,,,,1953730,,0,,32.12,1356519,1515163,,,,,,,,,608994,,,3120546,,,1206834,5081580,,,,,,,,,,,,,,7304,1764027,3566417,18000
,,,,988465,,,4739,康普,,,-30399,,,,,,,,,,,,,,,,,,,,3,上市,112,-84658,,,,,0,,,,,,,,,,,,,,,,6405539,,,,5474464,,2098495,,46.82,1599237,5039434,,,,,,,,,1190293,,,3513121,,,3410763,9918660,,,,,,,,,,,,,,931075,1913884,4879226,0
,,,,2632703,,,4746,台耀,,,-10893,,,,,,,,,,,,,,,,,,,,3,上市,112,,,,,,0,,,,,,,,,,,,,,,,8070583,,,,7376121,,0,,61.34,3089762,5040220,,,,,,,,,1202560,,,5229855,,,3551751,13300438,,,,,,,,,,,,,,694462,2140093,8260218,0
,,,,2784738,,,4755,三福化,,,-37062,,,,,,,,,,,,,,,,,,,,3,上市,112,,,,,,,,,,,,,,,,,,,,,,4350539,,,,4319393,,0,,42.89,2867871,3179272,,,,,,,,,1007060,,,3184176,,,564657,7534715,,,,,,,,,,,,,,31146,316305,4355443,0
,,,,3813778,,,4763,材料*-KY,,,-89290,,,,,,,,,,,,,,,,,,,,3,上市,112,-38081,,,,,,,,,,,,,,,,,,,,,8597172,,,,8405329,,382000,,112.16,2807076,9285692,,,,,,,,,858914,,,2807076,,,3860008,11404248,,,,,,,,,,,,,,191843,0,2118556,0
,,,,1106538,,,4764,雙鍵,,,-90104,,,,,,,,,,,,,,,,,,,,3,上市,112,,,,,,,,,,,,,,,,,,,,,,2233323,,,,2228445,,0,,26.05,1642321,2265290,,,,,,,,,855421,,,2433443,,,356590,4666766,,,,,,,,,,,,,,4878,791122,2401476,0
,,,,8290450,,,4766,南寶,,,1332071,,,,,,,,,,,,,,,,,,,,3,上市,112,,,,,,,,,,,,,,,,,,,,,,14311130,,,,12951795,,0,,107.42,6575029,13199826,,,,,,,,,1205707,,,9288895,,,2123567,23600025,,,,,,,,,,,,,,1359335,2713866,10400199,0
,,,,4287897,,,4770,上品,,,-12085,,,,,,,,,,,,,,,,,,,,3,上市,112,,,,,,,,,,,,,,,,,,,,,,7111712,,,,7111712,,0,,89.23,2039520,7821032,,,,,,,,,796970,,,2591251,,,2038930,9702963,,,,,,,,,,,,,,,551731,1881931,0
,,,,434329,,,4771,望隼,,,6394,,,,,,,,,,,,,,,,,,,,3,上市,112,,,,,,,,,,,,,,,,,,,,,,1847556,,,,1617268,,0,,30.83,707053,1665731,,,,,,,,,524547,,,2384201,,,651998,4231757,,,,,,,,,,,,,,230288,1677148,2566026,0
,,,,61952,,,4807,日成-KY,,,-67612,,,,,,,,,,,,,,,,,,,,3,上市,112,,,,,,0,,,,,,,,,,,,,,,,832767,,,,753799,,0,,19.63,462528,957363,,,,,,,,,383960,,,527044,,,375499,1359811,,,,,,,,,,,,,,78968,64516,402448,0
,,,,30187838,,,4904,遠傳,,,-1867003,,,,,,,,,,,,,,,,,,,,3,上市,112,,,,,,0,,,,,,,,,,,,,,,,61917065,,,,60940332,,0,,18.70,37602199,27100404,,,,,,,,,32585008,,,103509399,,,34489,165426464,,,,,,,,,,,,,,976733,65907200,138326060,0
,,,,2906334,,,4906,正文,,,1022401,,,,,,,,,,,,,,,,,,,,3,上市,112,0,,,,,,,,,,,,,,,,,,,,,13547465,,,,13159502,,0,,32.89,8292125,14835308,,,,,,,,,4001211,,,9967051,,,5229556,23514516,,,,,,,,,,,,,,387963,1674926,8679208,1692828
,,,,1320461,,,4912,聯德控股-KY,,,64167,,,,,,,,,,,,,,,,,,,,3,上市,112,0,,,,,,,,,,,,,,,,,,,,,3578670,,,,3469523,,0,,55.79,3581078,4566104,,,,,,,,,621928,,,4245675,,,1462967,7824345,,,,,,,,,,,,,,109147,664597,3258241,0
,,,,10848373,,,4915,致伸,,,-782510,,,,,,,,,,,,,,,,,,,,3,上市,112,,,,,,0,,,,,,,,,,,,,,,,19205881,,,,17061720,,0,,36.84,25596111,34913297,,,,,,,,,4630748,,,29571651,,,2365109,48777532,,,,,,,,,,,,,,2144161,3975540,13864235,0
,,,,458358,,,4916,事欣科,,,66371,,,,,,,,,,,,,,,,,,,,3,上市,112,-29134,,,,,0,,,,,,,,,,,,,,,,2126714,,,,2126714,,1125000,,21.66,860189,2200988,,,,,,,,,992961,,,1604271,,,638158,3730985,,,,,,,,,,,,,,,744082,1529997,0
,,,,5982615,,,4919,新唐,,,-1109898,,,,,,,,,,,,,,,,,,,,3,上市,112,,,,,,,,,,,,,,,,,,,,,,16062620,,,,16062620,,0,,38.27,9410110,20214169,,,,,,,,,4197653,,,16703974,,,6992250,32766594,,,,,,,,,,,,,,,7293864,12552425,0
,,,,3449908,,,4927,泰鼎-KY,,,-675388,,,,,,,,,,,,,,,,,,,,3,上市,112,,,,,,,,,,,,,,,,,,,,,,7110707,,,,7079204,,0,,37.27,7603595,6641493,,,,,,,,,1899380,,,11439699,,,2405304,18550406,,,,,,,,,,,,,,31503,3836104,11908913,0
,,,,894887,,,4930,燦星網,,,-199354,,,,,,,,,,,,,,,,,,,,3,上市,112,,,,,,0,,,,,,,,,,,,,,,,6254837,,,,3281381,,0,,41.02,2959833,9331982,,,,,,,,,800000,,,5669271,,,1785848,11924108,,,,,,,,,,,,,,2973456,2709438,2592126,0
,,,,-188065,,,4934,太極,0,,-437054,,,,,,,,,,,,,,,,,,,,3,上市,112,0,,,,,,,,,,,,,,,,,,,,,2628379,,,,2395999,,0,,10.65,476697,1704978,,,,,,,,,2250000,,,693194,,,771118,3321573,,,,,,,,,,,,,,232380,216497,1616595,0
,,,,4437475,,,4935,茂林-KY,,,133693,,,,,,,,,,,,,,,,,,,,3,上市,112,0,,,,,,,,,,,,,,,,,,,,,8208232,,,,8208232,,0,,63.70,1582972,6614359,,,,,,,,,1288641,,,2297308,,,2348423,10505540,,,,,,,,,,,,,,,714336,3891181,0
,,,,80090849,,,4938,和碩,,,796260,,,,,,,,,,,,,,,,,,,,3,上市,112,-2345,,,,,0,,,,,,,,,,,,,,,,223859158,,,,191591861,,234500,,71.91,330479145,464653601,,,,,,,,,26645804,,,387215814,,,84061293,611074972,,,,,,,,,,,,,,32267297,56736669,146421371,0
,,,,4704721,,,4942,嘉彰,,,-238442,,,,,,,,,,,,,,,,,,,,3,上市,112,,,,,,,,,,,,,,,,,,,,,,8716366,,,,8710752,,0,,61.18,2018995,7297824,,,,,,,,,1423676,,,2230631,,,2820797,10946997,,,,,,,,,,,,,,5614,211636,3649173,0
,,,,-616581,,,4943,康控-KY,,,-405991,,,,,,,,,,,,,,,,,,,,3,上市,112,0,,,,,0,,,,,,,,,,,,,,,,16305,,,,26323,,0,,0.30,2095621,1006739,,,,,,,,,867504,,,2674522,,,181391,2690827,,,,,,,,,,,,,,-10018,578901,1684088,0
,,,,580714,,,4949,有成精密,,,-35592,,,,,,,,,,,,,,,,,,,,3,上市,112,,,,,,0,,,,,,,,,,,,,,,,1593788,,,,1593788,,0,,26.25,889081,2290068,,,,,,,,,607050,,,917673,,,441616,2511461,,,,,,,,,,,,,,,28592,221393,0
,,,,923792,,,4952,凌通,,,-44110,,,,,,,,,,,,,,,,,,,,3,上市,112,,,,,,,,,,,,,,,,,,,,,,2109807,,,,2109807,,0,,19.39,511925,1911956,,,,,,,,,1088158,,,686092,,,141967,2795899,,,,,,,,,,,,,,,174167,883943,0
,,,,405745,,,4956,光鋐,,,-899,,,,,,,,,,,,,,,,,,,,3,上市,112,,,,,,,,,,,,,,,,,,,,,,1798113,,,,1798113,,0,,17.91,433323,1381267,,,,,,,,,1004082,,,1053383,,,389185,2851496,,,,,,,,,,,,,,,620060,1470229,0
,,,,49544195,,,4958,臻鼎-KY,,,-2006324,,,,,,,,,,,,,,,,,,,,3,上市,112,-257489,,,,,0,,,,,,,,,,,,,,,,134470844,,,,95625605,,2093000,,101.20,83303287,117300348,,,,,,,,,9470492,,,113328960,,,38874731,247799804,,,,,,,,,,,,,,38845239,30025673,130499456,0
,,,,3542722,,,4960,誠美材,,,-399873,,,,,,,,,,,,,,,,,,,,3,上市,112,,,,,,0,,,,,,,,,,,,,,,,9450137,,,,9450137,,0,,16.51,3906192,9860040,,,,,,,,,5723727,,,5031261,,,583561,14481398,,,,,,,,,,,,,,,1125069,4621358,0
,,,,6983881,,,4961,天鈺,,,27911,,,,,,,,,,,,,,,,,,,,3,上市,112,-8158,,,,,0,,,,,,,,,,,,,,,,20711785,,,,16835882,,239850,,139.12,3589103,17559121,,,,,,,,,1212545,,,3864914,,,8619703,24576699,,,,,,,,,,,,,,3875903,275811,7017578,0
,,,,211469,,,4967,十銓,,,-10984,,,,,,,,,,,,,,,,,,,,3,上市,112,-35335,,,,,0,,,,,,,,,,,,,,,,2013163,,,,2013163,,1400000,,28.70,6878878,8670205,,,,,,,,,715487,,,7107965,,,1132526,9121128,,,,,,,,,,,,,,,229087,450923,0
,,,,655953,,,4968,立積,,,1094,,,,,,,,,,,,,,,,,,,,3,上市,112,,,,,,,,,,,,,,,,,,,,,,2232620,,,,2232620,,0,,24.68,927553,2718445,,,,,,,,,904554,,,987888,,,671019,3220508,,,,,,,,,,,,,,,60335,502063,172156
,,,,-241980,,,4976,佳凌,,,-59047,,,,,,,,,,,,,,,,,,,,3,上市,112,-35161,,,,,,,,,,,,,,,,,,,,,2641900,,,,,,1357000,,18.96,315253,2044590,,,,,,,,,1406900,,,614250,,,1571188,3256150,,,,,,,,,,,,,,,298997,1211560,0
,,,,1117856,,,4977,眾達-KY,,,-87271,,,,,,,,,,,,,,,,,,,,3,上市,112,0,,,,,,,,,,,,,,,,,,,,,3998831,,,,3936842,,0,,49.09,897913,2832368,,,,,,,,,801898,,,1040934,,,2104359,5039765,,,,,,,,,,,,,,61989,143021,2207397,0
,,,,547124,,,4989,榮科,,,5543,,,,,,,,,,,,,,,,,,,,3,上市,112,,,,,,,,,,,,,,,,,,,,,,2253880,,,,2253880,,0,,16.36,490799,2227128,,,,,,,,,1377765,,,611805,,,323448,2865685,,,,,,,,,,,,,,,121006,638557,0
,,,,231521,,,4994,傳奇,,,-229,,,,,,,,,,,,,,,,,,,,3,上市,112,,,,,,0,,,,,,,,,,,,,,,,1165093,,,,1165093,,0,,17.55,402017,1395192,,,,,,,,,663834,,,444693,,,269967,1609786,,,,,,,,,,,,,,,42676,214594,0
,,,,2310510,,,4999,鑫禾,,,-24798,,,,,,,,,,,,,,,,,,,,3,上市,112,-31100,,,,,0,,,,,,,,,,,,,,,,3438819,,,,3438819,,800000,,46.71,516525,2837786,,,,,,,,,744172,,,657648,,,440035,4096467,,,,,,,,,,,,,,,141123,1258681,0
,,,,3397876,,,5007,三星,,,-47459,,,,,,,,,,,,,,,,,,,,3,上市,112,0,,,,,0,,,,,,,,,,,,,,,,7073442,,,,6729139,,0,,22.82,959116,5236050,,,,,,,,,2949401,,,1296839,,,429321,8370281,,,,,,,,,,,,,,344303,337723,3134231,0
,,,,1590954,,,5203,訊連,,,-66871,,,,,,,,,,,,,,,,,,,,3,上市,112,,,,,,0,,,,,,,,,,,,,,,,4815630,,,,4815630,,0,,61.00,820982,2221441,,,,,,,,,789418,,,1287014,,,2502129,6102644,,,,,,,,,,,,,,,466032,3881203,0
,,,,1289380,,,5215,科嘉-KY,,,-25950,,,,,,,,,,,,,,,,,,,,3,上市,112,,,,,,,,,,,,,,,,,,,,,,3519523,,,,3397105,,0,,52.80,700704,2625484,,,,,,,,,643375,,,934406,,,1490300,4453929,,,,,,,,,,,,,,122418,233702,1828445,0
,,,,414240,,,5222,全訊,,,-6215,,,,,,,,,,,,,,,,,,,,3,上市,112,,,,,,0,,,,,,,,,,,,,,,,2119872,,,,,,0,,28.43,217212,1392869,,,,,,,,,745637,,,359517,,,966210,2479389,,,,,,,,,,,,,,,142305,1086520,0
,,,,960307,,,5225,東科-KY,0,,162865,,,,,,,,,,,,,,,,,,,,3,上市,112,-24019,,,,,,,,,,,,,,,,,,,,,2794116,,,,2794116,,453000,,40.00,3702664,5605064,,,,,,,,,703033,,,3914908,,,991930,6709024,,,,,,,,,,,,,,0,212244,1103960,0
,,,,1956839,,,5234,達興材料,,,-1310,,,,,,,,,,,,,,,,,,,,3,上市,112,,,,,,0,,,,,,,,,,,,,,,,3024502,,,,3024502,,0,,29.45,1202332,2907525,,,,,,,,,1027159,,,1648345,,,41814,4672847,,,,,,,,,,,,,,,446013,1765322,0
,,,,579943,,,5236,凌陽創新,,,-61143,,,,,,,,,,,,,,,,,,,,3,上市,112,,,,,,,,,,,,,,,,,,,,,,2403728,,,,,,0,,41.09,449685,2819638,,,,,,,,,584986,,,467967,,,1299942,2871695,,,,,,,,,,,,,,,18282,52057,0
,,,,3576671,,,5243,乙盛-KY,,,-64283,,,,,,,,,,,,,,,,,,,,3,上市,112,,,,,,,,,,,,,,,,,,,,,,7546926,,,,7546926,,0,,44.78,3689925,6605586,,,,,,,,,1685289,,,4564516,,,2349249,12111442,,,,,,,,,,,,,,,874591,5505856,0
,,,,620963,,,5244,弘凱,,,-62318,,,,,,,,,,,,,,,,,,,,3,上市,112,,,,,,,,,,,,,,,,,,,,,,1625074,,,,1625074,,0,,23.92,246454,1280272,,,,,,,,,679441,,,264056,,,386988,1889130,,,,,,,,,,,,,,,17602,608858,0
,,,,1690301,,,5258,虹堡,,,45278,,,,,,,,,,,,,,,,,,,,3,上市,112,-18051,,,,,0,,,,,,,,,,,,,,,,3620331,,,,3489854,,771000,,35.33,2891025,5890531,,,,,,,,,1077812,,,3280573,,,694514,6900904,,,,,,,,,,,,,,130477,389548,1010373,0
,,,,6281125,,,5269,祥碩,,,1533442,,,,,,,,,,,,,,,,,,,,3,上市,112,,,,,,0,,,,,,,,,,,,,,,,16988241,,,,,,0,,244.92,1400397,5092426,,,,,,,,,693635,,,1430401,,,8480039,18418642,,,,,,,,,,,,,,,30004,13326216,0
,,,,2841598,,,5283,禾聯碩,,,0,,,,,,,,,,,,,,,,,,,,3,上市,112,,,,,,,,,,,,,,,,,,,,,,4396908,,,,4396908,,0,,60.23,1788529,4148660,,,,,,,,,730004,,,2032263,,,825306,6429171,,,,,,,,,,,,,,,243734,2280511,0
,,,,899636,,,5284,jpp-KY,,,-149362,,,,,,,,,,,,,,,,,,,,3,上市,112,,,,,,,,,,,,,,,,,,,,,,2308536,,,,2293212,,0,,47.85,1381616,1960962,,,,,,,,,479289,,,1883063,,,1063649,4191599,,,,,,,,,,,,,,15324,501447,2230637,0
,,,,1359555,,,5285,界霖,,,-162895,,,,,,,,,,,,,,,,,,,,3,上市,112,,,,,,,,,,,,,,,,,,,,,,2885845,,,,2885845,,0,,28.28,1041178,3558008,,,,,,,,,1020409,,,2432621,,,668776,5318466,,,,,,,,,,,,,,,1391443,1760458,0
,,,,3371655,,,5288,豐祥-KY,,,-63103,,,,,,,,,,,,,,,,,,,,3,上市,112,,,,,,,,,,,,,,,,,,,,,,4939880,,,,4923177,,0,,74.16,1672426,3480348,,,,,,,,,663853,,,2108325,,,950772,7048205,,,,,,,,,,,,,,16703,435899,3567857,0
,,,,693956,,,5292,華懋,,,-15283,,,,,,,,,,,,,,,,,,,,3,上市,112,,,,,,,,,,,,,,,,,,,,,,1044679,,,,1044679,,0,,33.92,1431163,2096807,,,,,,,,,308000,,,1470884,,,58006,2515563,,,,,,,,,,,,,,,39721,418756,0
,,,,5332432,,,5306,桂盟,,,-596364,,,,,,,,,,,,,,,,,,,,3,上市,112,,,,,,,,,,,,,,,,,,,,,,7629722,,,,7629606,,0,,60.55,2692243,5819746,,,,,,,,,1260000,,,4345731,,,1633538,11975453,,,,,,,,,,,,,,116,1653488,6155707,0
,,,,5940161,,,5388,中磊,,,-411645,,,,,,,,,,,,,,,,,,,,3,上市,112,-119517,,,,,,,,,,,,,,,,,,,,,11463074,,,,11475329,,1500000,,43.03,28308321,37252155,,,,,,,,,2681781,,,33085522,,,3384549,44548596,,,,,,,,,,,,,,-12255,4777201,7296441,6538938
,,,,9128746,,,5434,崇越,,,708715,,,,,,,,,,,,,,,,,,,,3,上市,112,0,,,,,0,,,,,,,,,,,,,,,,14645298,,,,14413298,,0,,76.38,13892535,21335493,,,,,,,,,1886996,,,17230211,,,2688841,31875509,,,,,,,,,,,,,,232000,3337676,10540016,0
,,,,17649103,,,5469,瀚宇博,,,3313364,,,,,,,,,,,,,,,,,,,,3,上市,112,,,,,,,,,,,,,,,,,,,,,,44366713,,,,30478400,,0,,57.68,26248906,47327894,,,,,,,,,5284413,,,36198978,,,4231520,80565691,,,,,,,,,,,,,,13888313,9950072,33237797,0
,,,,1747102,,,5471,松翰,,,74853,,,,,,,,,,,,,,,,,,,,3,上市,112,,,,,,0,,,,,,,,,,,,,,,,3563386,,,,3563386,,0,,21.23,422008,2848402,,,,,,,,,1678770,,,572659,,,62661,4136045,,,,,,,,,,,,,,,150651,1287643,0
,,,,-129042,,,5484,慧友,,,24390,,,,,,,,,,,,,,,,,,,,3,上市,112,,,,,,0,,,,,,,,,,,,,,,,618670,,,,618670,,0,,9.26,238270,490556,,,,,,,,,668010,,,252399,,,55312,871069,,,,,,,,,,,,,,,14129,380513,0
,,,,1849522,,,5515,建國,,,340932,,,,,,,,,,,,,,,,,,,,3,上市,112,0,,,,,,,,,,,,,,,,,,,,,4897763,,,,4897763,,0,,19.44,2350367,6461303,,,,,,,,,2520001,,,3069716,,,187308,7967479,,,,,,,,,,,,,,,719349,1506176,0
,,,,2638442,,,5519,隆大,,,11937,,,,,,,,,,,,,,,,,,,,3,上市,112,,,,,,0,,,,,,,,,,,,,,,,4892965,,,,4892965,,0,,22.32,3217661,12257746,,,,,,,,,2191972,,,8064733,,,50614,12957698,,,,,,,,,,,,,,,4847072,699952,0
,,,,377470,,,5521,工信,,,55275,,,,,,,,,,,,,,,,,,,,3,上市,112,,,,,,,,,,,,,,,,,,,,,,5356066,,,,5356066,,0,,10.88,3076000,7696884,,,,,,,,,4922802,,,3309016,,,519,8665082,,,,,,,,,,,,,,,233016,968198,0
,,,,26778934,,,5522,遠雄,,,379723,,,,,,,,,,,,,,,,,,,,3,上市,112,,,,,,0,,,,,,,,,,,,,,,,43412075,,,,43412075,,0,,55.54,51524854,85157176,,,,,,,,,7815962,,,53217762,,,8437456,96629837,,,,,,,,,,,,,,,1692908,11472661,0
,,,,2024137,,,5525,順天,,,0,,,,,,,,,,,,,,,,,,,,3,上市,112,-25346,,,,,,,,,,,,,,,,,,,,,5146004,,,,5124393,,9538372,,18.91,10541480,13205926,,,,,,,,,2804668,,,11178890,,,320934,16324894,,,,,,,,,,,,,,21611,637410,3118968,0
,,,,920985,,,5531,鄉林,,,-278617,,,,,,,,,,,,,,,,,,,,3,上市,112,0,,,,,0,,,,,,,,,,,,,,,,10890004,,,,10432395,,0,,10.67,19409447,21857242,,,,,,,,,9775892,,,30746682,,,14135,41636686,,,,,,,,,,,,,,457609,11337235,19779444,0
,,,,6643084,,,5533,皇鼎,,,,,,,,,,,,,,,,,,,,,,,3,上市,112,,,,,,,,,,,,,,,,,,,,,,9516664,,,,9516664,,0,,33.36,1280836,7279913,,,,,,,,,2852450,,,2471034,,,21130,11987698,,,,,,,,,,,,,,,1190198,4707785,0
,,,,14329854,,,5534,長虹,,,-500,,,,,,,,,,,,,,,,,,,,3,上市,112,,,,,,0,,,,,,,,,,,,,,,,18773876,,,,18606511,,0,,64.09,31818262,50228048,,,,,,,,,2903260,,,31893160,,,1373897,50667036,,,,,,,,,,,,,,167365,74898,438988,0
,,,,3062134,,,5538,東明-KY,,,-128920,,,,,,,,,,,,,,,,,,,,3,上市,112,,,,,,,,,,,,,,,,,,,,,,6794847,,,,6772670,,0,,33.66,4363171,9509712,,,,,,,,,2012033,,,6191499,,,1827423,12986346,,,,,,,,,,,,,,22177,1828328,3476634,0
,,,,538422,,,5546,永固-KY,,,-45607,,,,,,,,,,,,,,,,,,,,3,上市,112,,,,,,0,,,,,,,,,,,,,,,,2540389,,,,2456535,,0,,29.83,3920391,4246269,,,,,,,,,823534,,,4221969,,,1140186,6762358,,,,,,,,,,,,,,83854,301578,2516089,0
,,,,1984069,,,5607,遠雄港,,,256995,,,,,,,,,,,,,,,,,,,,3,上市,112,,,,,,0,,,,,,,,,,,,,,,,8473717,,,,8473717,,0,,28.12,4008691,1414742,,,,,,,,,3013770,,,16418018,,,3218883,24891735,,,,,,,,,,,,,,0,12409327,23476993,0
,,,,2280700,,,5608,四維航,,,585720,,,,,,,,,,,,,,,,,,,,3,上市,112,,,,,,0,,,,,,,,,,,,,,,,10169863,,,,10027808,,0,,25.76,6672722,4416038,,,,,,,,,3892671,,,12246752,,,3268717,22416615,,,,,,,,,,,,,,142055,5574030,18000577,0
,,,,455342,,,5706,鳳凰,0,,-27361,,,,,,,,,,,,,,,,,,,,3,上市,112,-18283,,,,,0,,,,,,,,,,,,,,,0,1356394,,,,1330510,,621000,,18.19,1540137,1954378,,,,,,,,,737670,,,1698559,,,183142,3054953,,,,,,,,,,,,,,25884,158422,1100575,0
,,,,92203712,,,5871,中租-KY,,,-1217264,,,,,,,,,,,,,,,,,,,,3,上市,112,,,,,,,,,,,,,,,,,,,,,,159798252,,,,150493511,,0,,85.29,530512603,631415021,,,,,,,,,17645724,,,772213581,,,41861339,932011833,,,,,,,,,,,,,,9304741,241700978,300596812,0
,23193935,,1870868,106802373,,,5876,上海商銀,,,-1295279,4601469,,11502878,7253344,11236,,,,,,,,,0,,45923706,,390642717,2022948174,3,上市,112,-83144,,,,,0,,,,37356501,76891906,,20295052,,7523693,,288249965,2180349,,,0,,244679579,,,181588426,,11397439,,37.44,,,,2064102,,46993126,1529637,250930,,1906500,48616031,,3424848,,2221997089,1271877356,27548445,,2466676668,383361693,7822709,8200547,11619069,4043527,,,,,719226,,4414694,63091153,,,0
,32613951,,1575565,52211684,,,5880,合庫金,,8686372,-15833872,1034727,,3613017,89430524,98016352,,,268024,,,,,,,334587037,,320953697,,3683312934,3,上市,112,,,,,,,81840000,,36294490,70857917,,,53474390,,,10403141,684839156,150227,,,,,234624979,,229122628,,,0,,15.58,,,,4239310,,69666722,407988,3209987,,1556066,147093822,,34422824,,4421149025,2736694603,45650994,,4655774004,500341072,3493362,133252809,6499443,1868926,,,,,68725341,593055,,5502351,,,0
,,,,195200,,,5906,台南-KY,,,63901,,,,,,,,,,,,,,,,,,,,3,上市,112,,,,,,,,,,,,,,,,,,,,,,678771,,,,592821,,0,,17.76,866259,1007287,,,,,,,,,333720,,,1218320,,,,1897091,,,,,,,,,,,,,,85950,352061,889804,0
,,,,539446,,,5907,大洋-KY,,,-861849,,,,,,,,,,,,,,,,,,,,3,上市,112,,,,,,0,,,,,,,,,,,,,,,,6708392,,,,6708392,,0,,34.31,6317017,2524478,,,,,,,,,1955310,,,20188618,,,5075485,26897010,,,,,,,,,,,,,,,13871601,24372532,0
,,,,,12350392,,6005,群益證,,,2037422,,,,,,,,,,,,,,,,,,,,3,上市,112,,,,,,,,,,,,,,,,,,,,,,41873520,,,,,38840151,,0,17.89,182733020,203487868,,,,,,,,,21709081,,,184690270,,,2743256,226563790,,,,,,,,,,,,,,3033369,1957250,23075922,0
,,,,,3176055,,6024,群益期,,,36322,,,,,,,,,,,,,,,,,,,,3,上市,112,,,,,,0,,,,,,,,,,,,,,,,6982655,,,,,6980004,,0,33.17,42685191,48913433,,,,,,,,,2104376,,,42772448,,,1663251,49755103,,,,,,,,,,,,,,2651,87257,841670,0
,,,,1663663,,,6108,競國,,,7224,,,,,,,,,,,,,,,,,,,,3,上市,112,0,,,,,0,,,,,,,,,,,,,,,,3688809,,,,3688809,,0,,23.07,4938666,6803897,,,,,,,,,1598993,,,5271232,,,418929,8960041,,,,,,,,,,,,,,,332566,2156144,0
,,,,1243654,,,6112,邁達特,0,,-10935,,,,,,,,,,,,,,,,,,,,3,上市,112,,,,,,,,,,,,,,,,,,,,,,4540683,,,,4389973,,0,,23.31,5089902,7750113,,,,,,,,,1883573,,,5497923,,,1273681,10038606,,,,,,,,,,,,,,150710,408021,2288493,0
,,,,2473715,,,6115,鎰勝,,,-186974,,,,,,,,,,,,,,,,,,,,3,上市,112,0,,,,,0,,,,,,,,,,,,,,,,5171318,,,,5094163,,0,,27.15,2609385,6313968,,,,,,,,,1876622,,,3578328,,,930800,8749646,,,,,,,,,,,,,,77155,968943,2435678,0
,,,,11587961,,,6116,彩晶,,,2338427,,,,,,,,,,,,,,,,,,,,3,上市,112,-934767,,,,,0,,,,,,,,,,,,,,,,43552043,,,,43254266,,81674000,,15.13,7060861,12476344,,,,,,,,,29403289,,,10532742,,,859356,54084785,,,,,,,,,,,,,,297777,3471881,41608441,0
,,,,-161954,,,6117,迎廣,,,-55338,,,,,,,,,,,,,,,,,,,,3,上市,112,0,,,,,0,,,,,,,,,,,,,,,,1158798,,,,1154277,,0,,13.02,1573529,1773087,,,,,,,,,886500,,,2490276,,,485069,3649074,,,,,,,,,,,,,,4521,916747,1875987,0
,,,,681396,,,6120,達運,,,-1104905,,,,,,,,,,,,,,,,,,,,3,上市,112,,,,,,,,,,,,,,,,,,,,,,9069480,,,,9069480,,0,,13.63,6782035,11682457,,,,,,,,,6655551,,,9981987,,,2837438,19051467,,,,,,,,,,,,,,,3199952,7369010,0
,,,,1451830,,,6128,上福,,,240461,,,,,,,,,,,,,,,,,,,,3,上市,112,,,,,,0,,,,,,,,,,,,,,,,4181977,,,,4181977,,0,,32.78,3009737,3247282,,,,,,,,,1275887,,,3840064,,,1213799,8022041,,,,,,,,,,,,,,,830327,4774759,0
,,,,204753,,,6133,金橋,,,-393042,,,,,,,,,,,,,,,,,,,,3,上市,112,,,,,,0,,,,,,,,,,,,,,,,1150912,,,,1150912,,0,,9.84,788173,995759,,,,,,,,,1170064,,,856914,,,169137,2007826,,,,,,,,,,,,,,,68741,1012067,0
,,,,462523,,,6136,富爾特,0,,1682881,,,,,,,,,,,,,,,,,,,,3,上市,112,0,,,,,0,,,,,,,,,,,,,,,,3330965,,,,3308234,,0,,28.63,74233,624553,,,,,,,,,1155364,,,140446,,,7466,3471411,,,,,,,,,,,,,,22731,66213,2846858,0
,,,,4700597,,,6139,亞翔,,,73188,,,,,,,,,,,,,,,,,,,,3,上市,112,,,,,,,,,,,,,,,,,,,,,,14358247,,,,9882807,,0,,43.82,37388516,48293233,,,,,,,,,2255409,,,39165353,,,2853613,53523600,,,,,,,,,,,,,,4475440,1776837,5230367,0
,,,,806506,,,6141,柏承,,,-126599,,,,,,,,,,,,,,,,,,,,3,上市,112,0,,,,,0,,,,,,,,,,,,,,,,2193209,,,,2094866,,0,,18.48,3719950,2388754,,,,,,,,,1133540,,,5046234,,,281419,7239443,,,,,,,,,,,,,,98343,1326284,4850689,0
,,,,1118,,,6142,友勁,,,-123188,,,,,,,,,,,,,,,,,,,,3,上市,112,,,,,,,,,,,,,,,,,,,,,,3185722,,,,3185722,,0,,9.63,554693,2730720,,,,,,,,,3307792,,,1200596,,,0,4386318,,,,,,,,,,,,,,,645903,1655598,0
,,,,-398393,,,6152,百一,,,-69667,,,,,,,,,,,,,,,,,,,,3,上市,112,,,,,,,,,,,,,,,,,,,,,,1518559,,,,1501224,,0,,8.95,1043776,2066014,,,,,,,,,1677385,,,1174106,,,291899,2692665,,,,,,,,,,,,,,17335,130330,626651,0
,,,,1286697,,,6153,嘉聯益,,,94867,,,,,,,,,,,,,,,,,,,,3,上市,112,-46667,,,,,,,,,,,,,,,,,,,,,12846135,,,,12846135,,2000000,,23.18,4683202,7219567,,,,,,,,,5561777,,,9647400,,,5949461,22493535,,,,,,,,,,,,,,,4964198,15273968,0
,,,,435893,,,6155,鈞寶,,,4664,,,,,,,,,,,,,,,,,,,,3,上市,112,0,,,,,0,,,,,,,,,,,,,,,,1525369,,,,1525369,,0,,17.41,592585,1371820,,,,,,,,,876390,,,608953,,,208422,2134322,,,,,,,,,,,,,,0,16368,762502,0
,,,,208055,,,6164,華興,,,-93953,,,,,,,,,,,,,,,,,,,,3,上市,112,,,,,,,,,,,,,,,,,,,,,,1131177,,,,1119620,,0,,11.20,411556,991316,,,,,,,,,1000002,,,566004,,,5516,1697181,,,,,,,,,,,,,,11557,154448,705865,0
,,,,115782,,,6165,浪凡,,,2079,,,,,,,,,,,,,,,,,,,,3,上市,112,,,,,,0,,,,,,,,,,,,,,,,894959,,,,895199,,0,,14.27,532945,878367,,,,,,,,,627526,,,1166468,,,149812,2061427,,,,,,,,,,,,,,-240,633523,1183060,0
,,,,1998066,,,6166,凌華,,,-80118,,,,,,,,,,,,,,,,,,,,3,上市,112,,,,,,,,,,,,,,,,,,,,,,5455201,,,,5388930,,0,,24.78,4646810,7768953,,,,,,,,,2174973,,,7847071,,,1296009,13302272,,,,,,,,,,,,,,66271,3200261,5533319,0
,,,,355173,,,6168,宏齊,,,174334,,,,,,,,,,,,,,,,,,,,3,上市,112,-5521,,,,,,,,,,,,,,,,,,,,,3228870,,,,3074036,,308000,,14.94,561884,2300298,,,,,,,,,2060698,,,716947,,,489352,3945817,,,,,,,,,,,,,,154834,155063,1645519,0
,,,,27212134,,,6176,瑞儀,,,-2103788,,,,,,,,,,,,,,,,,,,,3,上市,112,,,,,,0,,,,,,,,,,,,,,,,34484644,,,,34484644,,0,,74.16,25994665,59511681,,,,,,,,,4650273,,,30069957,,,4726025,64554601,,,,,,,,,,,,,,,4075292,5042920,0
,,,,2438776,,,6177,達麗,,,118239,,,,,,,,,,,,,,,,,,,,3,上市,112,,,,,,,,,,,,,,,,,,,,,,7751464,,,,7512029,,0,,18.42,28056791,35069176,,,,,,,,,4077402,,,32696668,,,877612,40448132,,,,,,,,,,,,,,239435,4639877,5378956,0
,,,,1086035,,,6183,關貿,,,-57348,,,,,,,,,,,,,,,,,,,,3,上市,112,,,,,,,,,,,,,,,,,,,,,,2528698,,,,2528698,,0,,16.86,808642,2117946,,,,,,,,,1500000,,,953325,,,11,3482023,,,,,,,,,,,,,,,144683,1364077,0
,,,,976763,,,6184,大豐電,,,,,,,,,,,,,,,,,,,,,,,3,上市,112,-436270,,,,,0,,,,,,,,,,,,,,,,4368235,,,,4368235,,9919214,,29.45,2990927,2344777,,,,,,,,,1582306,,,3052789,,,2245436,7421024,,,,,,,,,,,,,,,61862,5076247,0
,,,,1868554,,,6189,豐藝,,,-2031,,,,,,,,,,,,,,,,,,,,3,上市,112,,,,,,,,,,,,,,,,,,,,,,5742335,,,,5344963,,0,,25.16,9686207,14363254,,,,,,,,,2124314,,,10560494,,,1354126,16302829,,,,,,,,,,,,,,397372,874287,1939575,0
,,,,9778835,,,6191,精成科,,,2257761,,,,,,,,,,,,,,,,,,,,3,上市,112,-126187,,,,,,,,,,,,,,,,,,,,,20572769,,,,20380899,,3771000,,43.31,12966626,23302807,,,,,,,,,4743030,,,16968958,,,3727460,37541727,,,,,,,,,,,,,,191870,4002332,14238920,0
,,,,5397693,,,6192,巨路,,,-106687,,,,,,,,,,,,,,,,,,,,3,上市,112,,,,,,0,,,,,,,,,,,,,,,,6364786,,,,6363580,,0,,66.18,3905088,9031067,,,,,,,,,961558,,,4263398,,,111016,10628184,,,,,,,,,,,,,,1206,358310,1597117,0
,,,,6549530,,,6196,帆宣,,,-109552,,,,,,,,,,,,,,,,,,,,3,上市,112,,,,,,0,,,,,,,,,,,,,,,,10824151,,,,10712851,,0,,53.84,26961467,36194261,,,,,,,,,1989892,,,31674495,,,2282981,42498646,,,,,,,,,,,,,,111300,4713028,6304385,0
,,,,1925750,,,6197,佳必琪,,,-185875,,,,,,,,,,,,,,,,,,,,3,上市,112,,,,,,0,,,,,,,,,,,,,,,,3348904,,,,3233302,,0,,26.48,1714111,3789135,,,,,,,,,1220859,,,1956270,,,272568,5305174,,,,,,,,,,,,,,115602,242159,1516039,0
,,,,1532461,,,6201,亞弘電,,,-67154,,,,,,,,,,,,,,,,,,,,3,上市,112,,,,,,0,,,,,,,,,,,,,,,,2690582,,,,2690582,,0,,30.16,769214,2828877,,,,,,,,,892000,,,833755,,,333275,3524337,,,,,,,,,,,,,,0,64541,695460,0
,,,,1297157,,,6202,盛群,,,314964,,,,,,,,,,,,,,,,,,,,3,上市,112,,,,,,0,,,,,,,,,,,,,,,,4076787,,,,4016112,,0,,17.76,1648181,4463724,,,,,,,,,2261682,,,2248071,,,142309,6324858,,,,,,,,,,,,,,60675,599890,1861134,0
,,,,1142290,,,6205,詮欣,,,60424,,,,,,,,,,,,,,,,,,,,3,上市,112,,,,,,0,,,,,,,,,,,,,,,,2488438,,,,2477848,,0,,30.13,385356,1674123,,,,,,,,,822328,,,490676,,,452806,2979114,,,,,,,,,,,,,,10590,105320,1304991,0
,,,,2555008,,,6206,飛捷,,,-20535,,,,,,,,,,,,,,,,,,,,3,上市,112,,,,,,0,,,,,,,,,,,,,,,,4558886,,,,4504034,,0,,31.48,933305,4088916,,,,,,,,,1430623,,,961371,,,538938,5520257,,,,,,,,,,,,,,54852,28066,1431341,0
,,,,600518,,,6209,今國光,,,-104061,,,,,,,,,,,,,,,,,,,,3,上市,112,,,,,,,,,,,,,,,,,,,,,,3145814,,,,3145814,,0,,18.05,1051919,2328237,,,,,,,,,1744052,,,1180203,,,905305,4326017,,,,,,,,,,,,,,,128284,1997780,44900
,,,,6822409,,,6213,聯茂,,,90546,,,,,,,,,,,,,,,,,,,,3,上市,112,0,,,,,,,,,,,,,,,,,,,,,19754609,,,,19754609,,0,,54.43,10741357,21532059,,,,,,,,,3629572,,,14126008,,,9212082,33880617,,,,,,,,,,,,,,,3384651,12348558,0
,,,,5727639,,,6214,精誠,,,-244076,,,,,,,,,,,,,,,,,,,,3,上市,112,-928443,,,,,,,,,,,,,,,,,,,,,14785387,,,,14245881,,21409850,,56.78,10943636,20728880,,,,,,,,,2723033,,,14450840,,,6967728,29236227,,,,,,,,,,,,,,539506,3507204,8507347,0
,,,,422492,,,6215,和椿,,,133452,,,,,,,,,,,,,,,,,,,,3,上市,112,,,,,,0,,,,,,,,,,,,,,,,1481904,,,,1476696,,0,,17.84,240172,1150215,,,,,,,,,827897,,,291209,,,92855,1773113,,,,,,,,,,,,,,5208,51037,622898,0
,,,,502833,,,6216,居易,,,,,,,,,,,,,,,,,,,,,,,3,上市,112,,,,,,0,,,,,,,,,,,,,,,,1704449,,,,,,0,,18.36,334071,1842936,,,,,,,,,928481,,,345044,,,273135,2049493,,,,,,,,,,,,,,,10973,206557,0
,,,,1178292,,,6224,聚鼎,,,10130,,,,,,,,,,,,,,,,,,,,3,上市,112,,,,,,0,,,,,,,,,,,,,,,,2927556,,,,2627610,,0,,30.68,1281882,2732872,,,,,,,,,856453,,,1510888,,,582735,4438444,,,,,,,,,,,,,,299946,229006,1705572,0
,,,,-187577,,,6225,天瀚,,,-4700,,,,,,,,,,,,,,,,,,,,3,上市,112,,,,,,,,,,,,,,,,,,,,,,85723,,,,85723,,0,,3.08,7727,96433,,,,,,,,,278000,,,10954,,,0,96677,,,,,,,,,,,,,,,3227,244,0
,,,,65834,,,6226,光鼎,,,-107395,,,,,,,,,,,,,,,,,,,,3,上市,112,-7936,,,,,0,,,,,,,,,,,,,,,,1258160,,,,1145767,,1085000,,9.92,675268,1290259,,,,,,,,,1166198,,,1154532,,,29066,2412692,,,,,,,,,,,,,,112393,479264,1122433,0
,,,,4489824,,,6230,尼得科超眾,,,-75558,,,,,,,,,,,,,,,,,,,,3,上市,112,,,,,,,,,,,,,,,,,,,,,,5809523,,,,5809523,,0,,67.28,4075832,8205275,,,,,,,,,863434,,,5406342,,,531823,11215865,,,,,,,,,,,,,,,1330510,3010590,0
,,,,1541935,,,6235,華孚,,,44628,,,,,,,,,,,,,,,,,,,,3,上市,112,,,,,,,,,,,,,,,,,,,,,,3915343,,,,3915343,,0,,20.27,3094568,3705418,,,,,,,,,1931610,,,4016737,,,397170,7932080,,,,,,,,,,,,,,,922169,4226662,66580
,,,,44280753,,,6239,力成,,,-529647,,,,,,,,,,,,,,,,,,,,3,上市,112,-468802,,,,,,,,,,,,,,,,,,,,,64945167,,,,51105966,,11800000,,68.38,17882360,48685998,,,,,,,,,7591466,,,46347434,,,232196,111292601,,,,,,,,,,,,,,13839201,28465074,62606603,0
,,,,114656,,,6243,迅杰,,,-13841,,,,,,,,,,,,,,,,,,,,3,上市,112,,,,,,0,,,,,,,,,,,,,,,,830810,,,,830810,,0,,18.34,354206,1102596,,,,,,,,,453048,,,382906,,,276947,1213716,,,,,,,,,,,,,,,28700,111120,0
,,,,10595072,,,6257,矽格,,,769984,,,,,,,,,,,,,,,,,,,,3,上市,112,,,,,,0,,,,,,,,,,,,,,,,19429240,,,,16471762,,0,,36.06,7804459,18061235,,,,,,,,,4567410,,,18367528,,,539296,37796768,,,,,,,,,,,,,,2957478,10563069,19735533,0
,,,,21271239,,,6269,台郡,,,-122948,,,,,,,,,,,,,,,,,,,,3,上市,112,0,,,,,0,,,,,,,,,,,,,,,,25173532,,,,25173532,,0,,78.00,11663518,21097343,,,,,,,,,3227191,,,15189238,,,798050,40362770,,,,,,,,,,,,,,,3525720,19265427,0
,,,,6751255,,,6271,同欣電,0,,67640,,,,,,,,,,,,,,,,,,,,3,上市,112,0,,,,,0,,,,,,,,,,,,,,,,24025352,,,,24025352,,0,,114.92,3670210,8614156,,,,,,,,,2090581,,,9412635,,,15115876,33437987,,,,,,,,,,,,,,0,5742425,24823831,0
,,,,3283951,,,6277,宏正,,,-189426,,,,,,,,,,,,,,,,,,,,3,上市,112,,,,,,0,,,,,,,,,,,,,,,,4670596,,,,4606199,,0,,38.55,1809669,3621481,,,,,,,,,1194711,,,2347343,,,316963,7017939,,,,,,,,,,,,,,64397,537674,3396458,0
,,,,14112601,,,6278,台表科,,,805187,,,,,,,,,,,,,,,,,,,,3,上市,112,,,,,,0,,,,,,,,,,,,,,,,20364239,,,,20347692,,0,,69.59,27553844,39203926,,,,,,,,,2923984,,,32857294,,,2505920,53221533,,,,,,,,,,,,,,16547,5303450,14017607,0
,,,,1344718,,,6281,全國電,,,0,,,,,,,,,,,,,,,,,,,,3,上市,112,0,,,,,,,,,,,,,,,,,,,,,2773002,,,,,,0,,27.96,3551281,4926088,,,,,,,,,991729,,,6084103,,,436555,8857105,,,,,,,,,,,,,,,2532822,3931017,0
,,,,4646609,,,6282,康舒,,,-30298,,,,,,,,,,,,,,,,,,,,3,上市,112,,,,,,,,,,,,,,,,,,,,,,23565922,,,,23169495,,0,,27.26,13055211,24069939,,,,,,,,,8500592,,,22462340,,,10052592,46028262,,,,,,,,,,,,,,396427,9407129,21958323,0
,,,,-213336,,,6283,淳安,,,-48430,,,,,,,,,,,,,,,,,,,,3,上市,112,-55567,,,,,,,,,,,,,,,,,,,,,1930343,,,,1664217,,1400000,,11.36,814032,1909704,,,,,,,,,1479063,,,868548,,,502487,2798891,,,,,,,,,,,,,,266126,54516,889187,0
,,,,12348569,,,6285,啟碁,,,2013099,,,,,,,,,,,,,,,,,,,,3,上市,112,,,,,,129300,,,,,,,,,,,,,,,,25459425,,,,25459425,,0,,58.87,39604441,54670673,,,,,,,,,4324621,,,43568120,,,6773136,69027545,,,,,,,,,,,,,,,3963679,14356872,14524001
,,,,1402068,,,6405,悅城,,,0,,,,,,,,,,,,,,,,,,,,3,上市,112,,,,,,,,,,,,,,,,,,,,,,2520497,,,,2520497,,0,,38.31,54920,1649409,,,,,,,,,658000,,,61209,,,460429,2581706,,,,,,,,,,,,,,,6289,932297,0
,,,,5471545,,,6409,旭隼,,,-449842,,,,,,,,,,,,,,,,,,,,3,上市,112,,,,,,,,,,,,,,,,,,,,,,7678082,,,,7678082,,0,,87.51,5400915,8900638,,,,,,,,,877346,,,6400582,,,1779033,14078664,,,,,,,,,,,,,,,999667,5178026,0
,,,,6970131,,,6412,群電,,,-953032,,,,,,,,,,,,,,,,,,,,3,上市,112,,,,,,0,,,,,,,,,,,,,,,,12973335,,,,12973335,,0,,32.51,15895961,21388940,,,,,,,,,3990401,,,16111009,,,2965835,29084344,,,,,,,,,,,,,,,215048,7695404,0
,,,,6265677,,,6414,樺漢,,,-225731,,,,,,,,,,,,,,,,,,,,3,上市,112,0,,,,,0,,,,,,,,,,,,,,,,49308506,,,,21451156,,0,,167.30,57391272,85351289,,,,,,,,,1282162,,,72952379,,,14129048,122260885,,,,,,,,,,,,,,27857350,15561107,36909596,0
,,,,18460531,,,6415,矽力*-KY,,,278796,,,,,,,,,,,,,,,,,,,,3,上市,112,,,,,,,,,,,,,,,,,,,,,,32481438,,,,31843231,,0,,83.03,1686462,23572892,,,,,,,,,958754,,,3095857,,,12145150,35577295,,,,,,,,,,,,,,638207,1409395,12004403,0
,,,,1224213,,,6416,瑞祺電通,,,-42100,,,,,,,,,,,,,,,,,,,,3,上市,112,,,,,,0,,,,,,,,,,,,,,,,3550723,,,,3360794,,0,,45.82,881093,3436293,,,,,,,,,733485,,,1799745,,,1445196,5350468,,,,,,,,,,,,,,189929,918652,1914175,0
,,,,89261,,,6426,統新,,,-26901,,,,,,,,,,,,,,,,,,,,3,上市,112,,,,,,,,,,,,,,,,,,,,,,1139891,,,,1139891,,0,,29.60,112649,796907,,,,,,,,,385090,,,143905,,,692441,1283796,,,,,,,,,,,,,,,31256,486889,0
,,,,-236040,,,6431,光麗-KY,,,-31458,,,,,,,,,,,,,,,,,,,,3,上市,112,,,,,,,,,,,,,,,,,,,,,,605473,,,,605473,,0,,8.83,298275,347215,,,,,,,,,685688,,,495894,,,187283,1101367,,,,,,,,,,,,,,0,197619,754152,0
,,,,1350126,,,6438,迅得,,,-17025,,,,,,,,,,,,,,,,,,,,3,上市,112,,,,,,,,,,,,,,,,,,,,,,3982256,,,,3939967,,0,,52.34,2574072,5693688,,,,,,,,,752817,,,4090627,,,1854049,8072883,,,,,,,,,,,,,,42289,1516555,2379195,0
,,,,1213175,,,6442,光聖,,,-89070,,,,,,,,,,,,,,,,,,,,3,上市,112,0,,,,,,,,,,,,,,,,,,,,,2012740,,,,2012740,,0,,30.36,900704,2348013,,,,,,,,,663000,,,1220180,,,225635,3232920,,,,,,,,,,,,,,,319476,884907,0
,,,,628007,,,6443,元晶,,,-170573,,,,,,,,,,,,,,,,,,,,3,上市,112,,,,,,,,,,,,,,,,,,,,,,7554032,,,,7551036,,0,,14.73,2128182,4011677,,,,,,,,,5127967,,,4470691,,,1965635,12024723,,,,,,,,,,,,,,2996,2342509,8013046,0
,,,,-739772,,,6446,藥華藥,,,6006,,,,,,,,,,,,,,,,,,,,3,上市,112,-2751406,,,,,,,,,,,,,,,,,,,,,23848165,,,,23848165,,8745000,,72.09,2177936,23903146,,,,,,,,,3395699,,,3032296,,,23937638,26880461,,,,,,,,,,,,,,,854360,2977315,0
,,,,1310788,,,6449,鈺邦,,,10600,,,,,,,,,,,,,,,,,,,,3,上市,112,-40374,,,,,0,,,,,,,,,,,,,,,,2939042,,,,2939042,,1000000,,33.42,1828551,3322255,,,,,,,,,889535,,,2169932,,,768493,5108974,,,,,,,,,,,,,,,341381,1786719,0
,,,,2673635,,,6451,訊芯-KY,,,43989,,,,,,,,,,,,,,,,,,,,3,上市,112,-108347,,,,,,,,,,,,,,,,,,,,,7478554,,,,6584832,,1291000,,62.02,5951314,9868903,,,,,,,,,1074648,,,7694166,,,2900907,15172720,,,,,,,,,,,,,,893722,1742852,5303817,0
,,,,20483454,,,6456,GIS-KY,,,-1986518,,,,,,,,,,,,,,,,,,,,3,上市,112,,,,,,0,,,,,,,,,,,,,,,,30302387,,,,30082916,,0,,89.02,29183150,50842780,,,,,,,,,3379398,,,39590168,,,8206582,69892555,,,,,,,,,,,,,,219471,10407018,19049775,0
,,,,3428904,,,6464,台數科,,,-108951,,,,,,,,,,,,,,,,,,,,3,上市,112,0,,,,,,,,,,,,,,,,,,,,,8183925,,,,7932204,,0,,62.16,2348518,2214716,,,,,,,,,1276131,,,10521909,,,3336120,18705834,,,,,,,,,,,,,,251721,8173391,16491118,0
,,,,4163010,,,6472,保瑞,,,228933,,,,,,,,,,,,,,,,,,,,3,上市,112,-52738,,,,,,,,,,,,,,,,,,,,,8382363,,,,7716847,,298000,,76.40,9611758,11206066,,,,,,,,,1013000,,,15046746,,,2364642,23429109,,,,,,,,,,,,,,665516,5434988,12223043,469194
,,,,911531,,,6477,安集,,,-79342,,,,,,,,,,,,,,,,,,,,3,上市,112,,,,,,,,,,,,,,,,,,,,,,3542587,,,,3419453,,0,,27.62,1046778,1523224,,,,,,,,,1237825,,,4226885,,,1349439,7769472,,,,,,,,,,,,,,123134,3180107,6246248,55801
,,,,4312313,,,6491,晶碩,,,-16341,,,,,,,,,,,,,,,,,,,,3,上市,112,,,,,,,,,,,,,,,,,,,,,,9415154,,,,9345493,,0,,119.81,2552541,7045172,,,,,,,,,780000,,,3021834,,,4269521,12436988,,,,,,,,,,,,,,69661,469293,5391816,0
,,,,2716319,,,6504,南六,,,-294071,,,,,,,,,,,,,,,,,,,,3,上市,112,,,,,,0,,,,,,,,,,,,,,,,3601848,,,,3601715,,0,,49.61,4298925,4572245,,,,,,,,,726000,,,7049816,,,453467,10651664,,,,,,,,,,,,,,133,2750891,6079419,0
,,,,183052873,,,6505,台塑化,,,20823678,,,,,,,,,,,,,,,,,,,,3,上市,112,,,,,,,,,,,,,,,,,,,,,,335676700,,,,330558044,,0,,34.70,61542904,271818486,,,,,,,,,95259597,,,94168910,,,31421896,429845610,,,,,,,,,,,,,,5118656,32626006,158027124,0
,,,,1286618,,,6515,穎崴,,,-215130,,,,,,,,,,,,,,,,,,,,3,上市,112,,,,,,,,,,,,,,,,,,,,,,3411449,,,,3411449,,0,,98.09,1000190,2471908,,,,,,,,,347796,,,1198624,,,1992165,4610073,,,,,,,,,,,,,,,198434,2138165,0
,,,,2379184,,,6525,捷敏-KY,,,-152651,,,,,,,,,,,,,,,,,,,,3,上市,112,,,,,,,,,,,,,,,,,,,,,,4141543,,,,4141543,,0,,32.09,1550722,2871675,,,,,,,,,1290474,,,2112310,,,624536,6253853,,,,,,,,,,,,,,,561588,3382178,0
,,,,3611646,,,6526,達發,0,,298093,,,,,,,,,,,,,,,,,,,,3,上市,112,,,,,,,,,,,,,,,,,,,,,,7422648,,,,7422648,,0,,51.01,7970416,10717745,,,,,,,,,1455057,,,8326389,,,2057852,15749037,,,,,,,,,,,,,,0,355973,5031292,0
,,,,3905828,,,6531,愛普*,,,1570,,,,,,,,,,,,,,,,,,,,3,上市,112,0,,,,,,,,,,,,,,,,,,,,,10933456,,,,10933456,,0,,67.53,732041,10521060,,,,,,,,,811580,,,808114,,,6214478,11741570,,,,,,,,,,,,,,,76073,1220510,19700
,,,,314794,,,6533,晶心科,,,9097,,,,,,,,,,,,,,,,,,,,3,上市,112,,,,,,,,,,,,,,,,,,,,,,4926456,,,,4926456,,0,,97.26,315530,3829511,,,,,,,,,506509,,,458153,,,4096056,5384609,,,,,,,,,,,,,,,142623,1555098,0
,,,,847914,,,6534,正瀚-創,,,18024,,,,,,,,,,,,,,,,,,,,3,上市,112,,,,,,0,,,,,,,,,,,,,,,,2168084,,,,2168084,,0,,22.33,594299,913576,,,,,,,,,970830,,,1139076,,,331316,3307160,,,,,,,,,,,,,,,544777,2393584,0
,,,,-12236923,,,6541,泰福-KY,,,-162815,,,,,,,,,,,,,,,,,,,,3,上市,112,,,,,,0,,,,,,,,,,,,,,,,1370897,,,,1370897,,0,,10.24,378567,1132696,,,,,,,,,1338654,,,2072528,,,12431981,3443425,,,,,,,,,,,,,,,1693961,2310729,0
,,,,-11605369,,,6550,北極星藥業-KY,,,678889,,,,,,,,,,,,,,,,,,,,3,上市,112,,,,,,0,,,,,,,,,,,,,,,,8243882,,,,8155890,,0,,10.97,848095,7412242,,,,,,,,,7436360,,,1151482,,,11646010,9395364,,,,,,,,,,,,,,87992,303387,1983122,172600
,,,,778505,,,6552,易華電,,,250569,,,,,,,,,,,,,,,,,,,,3,上市,112,,,,,,,,,,,,,,,,,,,,,,2499241,,,,,,0,,30.11,795775,1351379,,,,,,,,,830000,,,1944211,,,640167,4443452,,,,,,,,,,,,,,,1148436,3092073,0
,,,,305987,,,6558,興能高,,,-29040,,,,,,,,,,,,,,,,,,,,3,上市,112,,,,,,0,,,,,,,,,,,,,,,,1532130,,,,1532130,,0,,16.34,647492,1324760,,,,,,,,,937509,,,697537,,,317674,2229667,,,,,,,,,,,,,,,50045,904907,0
,,,,-361690,,,6573,虹揚-KY,,,-85518,,,,,,,,,,,,,,,,,,,,3,上市,112,,,,,,0,,,,,,,,,,,,,,,,802113,,,,785749,,0,,9.76,1005345,818392,,,,,,,,,804993,,,1395024,,,427964,2197137,,,,,,,,,,,,,,16364,389679,1378745,0
,,,,1860637,,,6579,研揚,,,88752,,,,,,,,,,,,,,,,,,,,3,上市,112,,,,,,0,,,,,,,,,,,,,,,,12037663,,,,9966675,,0,,62.20,1907158,7534598,,,,,,,,,1602418,,,2502090,,,6414868,14539753,,,,,,,,,,,,,,2070988,594932,7005155,63000
,,,,1809046,,,6581,鋼聯,,,,,,,,,,,,,,,,,,,,,,,3,上市,112,,,,,,,,,,,,,,,,,,,,,,3920971,,,,3920971,,0,,35.24,416561,969976,,,,,,,,,1112709,,,429172,,,999216,4350143,,,,,,,,,,,,,,,12611,3380167,0
,,,,3800037,,,6582,申豐,,,253267,,,,,,,,,,,,,,,,,,,,3,上市,112,,,,,,,,,,,,,,,,,,,,,,5864279,,,,5864279,,0,,55.23,351993,1924904,,,,,,,,,1061741,,,358996,,,749234,6223275,,,,,,,,,,,,,,,7003,4298371,0
,,,,1764162,,,6585,鼎基,,,-5779,,,,,,,,,,,,,,,,,,,,3,上市,112,,,,,,0,,,,,,,,,,,,,,,,3036213,,,,3036213,,0,,43.85,1442346,1886190,,,,,,,,,692430,,,2099959,,,585400,5136172,,,,,,,,,,,,,,,657613,3249982,0
,,,,-509265,,,6589,台康生技,,,56013,,,,,,,,,,,,,,,,,,,,3,上市,112,,,,,,0,,,,,,,,,,,,,,,,10295842,,,,10295842,,0,,33.77,540566,7370115,,,,,,,,,3048997,,,985525,,,7700097,11281367,,,,,,,,,,,,,,,444959,3911252,0
,,,,602548,,,6591,動力-KY,,,-7534,,,,,,,,,,,,,,,,,,,,3,上市,112,,,,,,,,,,,,,,,,,,,,,,1784356,,,,1775261,,0,,49.91,548334,1453951,,,,,,,,,355681,,,886000,,,824566,2670356,,,,,,,,,,,,,,9095,337666,1216405,0
,,,,11637688,,,6592,和潤企業,,,-6156,,,,,,,,,,,,,,,,,,,,3,上市,112,,,,,,0,,,,,,,,,,,,,,,,39201827,,,,35307811,,0,,52.97,261053278,276354679,,,,,,,,,6665004,,,263066305,,,17011275,302268132,,,,,,,,,,,,,,3894016,2013027,25913453,0
,,,,-184586,,,6598,ABC-KY,,,22740,,,,,,,,,,,,,,,,,,,,3,上市,112,,,,,,0,,,,,,,,,,,,,,,,698412,,,,698412,,0,,8.54,112353,963505,,,,,,,,,817684,,,437178,,,42574,1135590,,,,,,,,,,,,,,,324825,172085,0
,,,,12351065,,,6605,帝寶,,,-160117,,,,,,,,,,,,,,,,,,,,3,上市,112,,,,,,,,,,,,,,,,,,,,,,16835353,,,,16349299,,0,,98.60,8747935,13310703,,,,,,,,,1658164,,,15840128,,,2500187,32675481,,,,,,,,,,,,,,486054,7092193,19364778,0
,,,,350771,,,6606,建德工業,,,18494,,,,,,,,,,,,,,,,,,,,3,上市,112,,,,,,0,,,,,,,,,,,,,,,,1707954,,,,1680464,,0,,15.23,331484,1072222,,,,,,,,,1103038,,,484138,,,208161,2192092,,,,,,,,,,,,,,27490,152654,1119870,0
,,,,202874,,,6625,必應,,,-2946,,,,,,,,,,,,,,,,,,,,3,上市,112,0,,,,,,,,,,,,,,,,,,,,,770641,,,,775700,,0,,17.49,729733,1115528,,,,,,,,,443404,,,801360,,,132368,1572001,,,,,,,,,,,,,,-5059,71627,456473,0
,,,,504071,,,6641,基士德-KY,,,-87541,,,,,,,,,,,,,,,,,,,,3,上市,112,-32858,,,,,,,,,,,,,,,,,,,,,1423885,,,,1411370,,500000,,38.67,791616,1297240,,,,,,,,,370000,,,820661,,,657698,2244546,,,,,,,,,,,,,,12515,29045,947306,0
,,,,-50967,,,6645,金萬林-創,,,294,,,,,,,,,,,,,,,,,,,,3,上市,112,,,,,,0,,,,,,,,,,,,,,,,516201,,,,516201,,0,,11.22,149001,293673,,,,,,,,,460000,,,240399,,,106874,756600,,,,,,,,,,,,,,,91398,462927,0
,,,,1479472,,,6655,科定,,,10196,,,,,,,,,,,,,,,,,,,,3,上市,112,-270610,,,,,,,,,,,,,,,,,,,,,2044476,,,,2041255,,4311000,,29.28,2030323,1576925,,,,,,,,,740334,,,4381685,,,81863,6426161,,,,,,,,,,,,,,3221,2351362,4849236,0
,,,,-288338,,,6657,華安,,,,,,,,,,,,,,,,,,,,,,,3,上市,112,,,,,,,,,,,,,,,,,,,,,,861746,,,,,,0,,11.34,21380,772525,,,,,,,,,760802,,,25761,,,389282,887507,,,,,,,,,,,,,,,4381,114982,50000
,,,,338975,,,6658,聯策,,,11102,,,,,,,,,,,,,,,,,,,,3,上市,112,,,,,,,,,,,,,,,,,,,,,,1030989,,,,937913,,0,,31.23,706192,1414008,,,,,,,,,300280,,,1099001,,,287556,2129990,,,,,,,,,,,,,,93076,392809,715982,0
,,,,359518,,,6666,羅麗芬-KY,,,-28599,,,,,,,,,,,,,,,,,,,,3,上市,112,,,,,,0,,,,,,,,,,,,,,,,1668650,,,,1635374,,0,,34.51,337452,1041853,,,,,,,,,473880,,,433224,,,830575,2101874,,,,,,,,,,,,,,33276,95772,1060021,0
,,,,-214389,,,6668,中揚光,0,,-26682,,,,,,,,,,,,,,,,,,,,3,上市,112,0,,,,,,,,,,,,,,,,,,,,,1749181,,,,1687370,,0,,20.28,1301000,1405598,,,,,,,,,832129,,,1712536,,,1096312,3461717,,,,,,,,,,,,,,61811,411536,2056119,0
,,,,26826405,,,6669,緯穎,,,2965968,,,,,,,,,,,,,,,,,,,,3,上市,112,,,,,,0,,,,,,,,,,,,,,,,40380400,,,,40380400,,0,,230.96,32330895,76848063,,,,,,,,,1748408,,,44849819,,,8839619,85230219,,,,,,,,,,,,,,,12518924,8382156,0
,,,,7511478,,,6670,復盛應用,,,-405332,,,,,,,,,,,,,,,,,,,,3,上市,112,,,,,,,,,,,,,,,,,,,,,,11868486,,,,10652584,,0,,80.35,5053635,11487569,,,,,,,,,1325735,,,6663196,,,2220703,18531682,,,,,,,,,,,,,,1215902,1609561,7044113,0
,,,,536916,,,6671,三能-KY,,,-111748,,,,,,,,,,,,,,,,,,,,3,上市,112,,,,,,,,,,,,,,,,,,,,,,1694047,,,,1681483,,0,,27.68,393513,1291434,,,,,,,,,607500,,,489370,,,648815,2183417,,,,,,,,,,,,,,12564,95857,891983,0
,,,,1705785,,,6672,騰輝電子-KY,,,-66954,,,,,,,,,,,,,,,,,,,,3,上市,112,,,,,,,,,,,,,,,,,,,,,,3238039,,,,3238039,,0,,45.33,1273283,3219233,,,,,,,,,714347,,,1646875,,,884861,4884914,,,,,,,,,,,,,,,373592,1665681,0
,,,,225888,,,6674,鋐寶科技,,,-4043,,,,,,,,,,,,,,,,,,,,3,上市,112,,,,,,,,,,,,,,,,,,,,,,1270630,,,,1270630,,0,,18.79,723923,1740283,,,,,,,,,676381,,,767042,,,372404,2037672,,,,,,,,,,,,,,,43119,297389,0
,,,,195703,,,6689,伊雲谷,,,145672,,,,,,,,,,,,,,,,,,,,3,上市,112,,,,,,0,,,,,,,,,,,,,,,,2885698,,,,2885681,,0,,42.44,2380202,4618092,,,,,,,,,680000,,,2514638,,,1864306,5400336,,,,,,,,,,,,,,17,134436,782244,0
,,,,2533303,,,6691,洋基工程,,,8203,,,,,,,,,,,,,,,,,,,,3,上市,112,-169116,,,,,,,,,,,,,,,,,,,,,5259974,,,,5259283,,890000,,60.18,6852357,11795355,,,,,,,,,882793,,,7062469,,,2004100,12322443,,,,,,,,,,,,,,691,210112,527088,0
,,,,-195109,,,6695,芯鼎,,,0,,,,,,,,,,,,,,,,,,,,3,上市,112,,,,,,,,,,,,,,,,,,,,,,1748342,,,,1748342,,0,,18.36,181208,1774245,,,,,,,,,952093,,,207188,,,991358,1955530,,,,,,,,,,,,,,,25980,181285,0
,,,,92176,,,6698,旭暉應材,,,-8630,,,,,,,,,,,,,,,,,,,,3,上市,112,-24187,,,,,0,,,,,,,,,,,,,,,,2028670,,,,1250229,,602000,,19.00,1053106,1736572,,,,,,,,,663898,,,1222058,,,526972,3250728,,,,,,,,,,,,,,778441,168952,1514156,0
,,,,1893518,,,6706,惠特,,,-4618,,,,,,,,,,,,,,,,,,,,3,上市,112,,,,,,,,,,,,,,,,,,,,,,3825441,,,,3825441,,0,,52.02,1613625,4441821,,,,,,,,,735369,,,2695507,,,1201172,6520948,,,,,,,,,,,,,,,1081882,2079127,0
,,,,953048,,,6715,嘉基,,,-28441,,,,,,,,,,,,,,,,,,,,3,上市,112,,,,,,,,,,,,,,,,,,,,,,2955290,,,,2821728,,0,,45.05,561513,2495182,,,,,,,,,626423,,,746285,,,1270698,3701575,,,,,,,,,,,,,,133562,184772,1206393,0
,,,,1846596,,,6719,力智,,,-716,,,,,,,,,,,,,,,,,,,,3,上市,112,,,,,,,,,,,,,,,,,,,,,,8136959,,,,8136959,,0,,100.33,598630,7179192,,,,,,,,,811047,,,638310,,,5480032,8775269,,,,,,,,,,,,,,,39680,1596077,0
,,,,189091,,,6742,澤米,,,3018,,,,,,,,,,,,,,,,,,,,3,上市,112,,,,,,,,,,,,,,,,,,,,,,1173627,,,,1173627,,0,,18.18,452490,1147974,,,,,,,,,645534,,,594662,,,335984,1768289,,,,,,,,,,,,,,,142172,620315,0
,,,,494979,,,6743,安普新,,,-129719,,,,,,,,,,,,,,,,,,,,3,上市,112,-185294,,,,,,,,,,,,,,,,,,,,,2735765,,,,2724803,,2500000,,18.47,4639453,3708299,,,,,,,,,1500000,,,5394884,,,1044837,8130649,,,,,,,,,,,,,,10962,755431,4422350,0
,,,,785627,,,6753,龍德造船,,,2050,,,,,,,,,,,,,,,,,,,,3,上市,112,,,,,,,,,,,,,,,,,,,,,,2785822,,,,,,0,,25.85,2099212,2866333,,,,,,,,,1077500,,,3504702,,,920645,6290524,,,,,,,,,,,,,,,1405490,3424191,0
,,,,829896,,,6754,匯僑設計,,,-89278,,,,,,,,,,,,,,,,,,,,3,上市,112,,,,,,,,,,,,,,,,,,,,,,2087705,,,,2087705,,0,,31.63,2173093,3540385,,,,,,,,,660000,,,2416225,,,687087,4503930,,,,,,,,,,,,,,,243132,963545,0
,,,,602810,,,6756,威鋒電子,,,-6950,,,,,,,,,,,,,,,,,,,,3,上市,112,,,,,,,,,,,,,,,,,,,,,,2862768,,,,2862768,,0,,41.44,624044,2279142,,,,,,,,,691226,,,627015,,,1575682,3489783,,,,,,,,,,,,,,,2971,1210641,65000
,,,,-1731195,,,6757,台灣虎航,,,0,,,,,,,,,,,,,,,,,,,,3,上市,112,,,,,,0,,,,,,,,,,,,,,,,3748886,,,,,,0,,8.35,6030316,5563861,,,,,,,,,4490000,,,12899426,,,990081,16648312,,,,,,,,,,,,,,,6869110,11084451,0
,,,,3442114,,,6768,志強-KY,,,659387,,,,,,,,,,,,,,,,,,,,3,上市,112,0,,,,,,,,,,,,,,,,,,,,0,14017760,,,,14016153,,0,,71.49,3822716,13552366,,,,,,,,,1960456,,,6312185,,,7954196,20329945,,,,,,,,,,,,,,1607,2489469,6777579,0
,,,,28139595,,,6770,力積電,,,-3916,,,,,,,,,,,,,,,,,,,,3,上市,112,,,,,,,,,,,,,,,,,,,,,,95507837,,,,95507837,,0,,23.46,31924296,63766807,,,,,,,,,40716255,,,86708407,,,26655903,182216244,,,,,,,,,,,,,,,54784111,118449437,84000
,,,,247119,,,6771,平和環保-創,,,,,,,,,,,,,,,,,,,,,,,3,上市,112,,,,,,,,,,,,,,,,,,,,,,696183,,,,685635,,0,,23.50,303473,353262,,,,,,,,,291795,,,580304,,,146721,1276487,,,,,,,,,,,,,,10548,276831,923225,0
,,,,625088,,,6776,展碁國際,,,-32681,,,,,,,,,,,,,,,,,,,,3,上市,112,,,,,,0,,,,,,,,,,,,,,,,2283399,,,,2037971,,0,,24.98,4401662,5845777,,,,,,,,,815814,,,4571729,,,629750,6855128,,,,,,,,,,,,,,245428,170067,1009351,0
,,,,5414393,,,6781,AES-KY,,,619038,,,,,,,,,,,,,,,,,,,,3,上市,112,,,,,,,,,,,,,,,,,,,,,,12958107,,,,12957559,,0,,151.69,5262344,13527304,,,,,,,,,854188,,,5701016,,,6069940,18659123,,,,,,,,,,,,,,548,438672,5131819,0
,,,,992143,,,6782,視陽,,,-131345,,,,,,,,,,,,,,,,,,,,3,上市,112,,,,,,0,,,,,,,,,,,,,,,,2942463,,,,2921805,,0,,46.38,797394,1851511,,,,,,,,,630000,,,1712512,,,1431007,4654975,,,,,,,,,,,,,,20658,915118,2803464,0
,,,,6122584,,,6789,采鈺,,,,,,,,,,,,,,,,,,,,,,,3,上市,112,,,,,,,,,,,,,,,,,,,,,,16597570,,,,,,0,,52.44,3517139,13888635,,,,,,,,,3164841,,,8773526,,,7310145,25371096,,,,,,,,,,,,,,,5256387,11482461,0
,,,,1560926,,,6790,永豐實,0,,-6334,,,,,,,,,,,,,,,,,,,,3,上市,112,,,,,,,,,,,,,,,,,,,,,,5486210,,,,5439998,,0,,20.36,2416446,4538315,,,,,,,,,2671290,,,2928884,,,1214116,8415094,,,,,,,,,,,,,,46212,512438,3876779,0
,,,,551711,,,6792,詠業,,,30741,,,,,,,,,,,,,,,,,,,,3,上市,112,-85925,,,,,,,,,,,,,,,,,,,,,1665454,,,,1665454,,1000000,,35.53,351169,1401793,,,,,,,,,478753,,,369204,,,690174,2034658,,,,,,,,,,,,,,,18035,632865,0
,,,,120227,,,6796,晉弘,,,-8344,,,,,,,,,,,,,,,,,,,,3,上市,112,,,,,,0,,,,,,,,,,,,,,,,777175,,,,777175,,0,,22.47,118551,879968,,,,,,,,,345842,,,475700,,,319450,1252875,,,,,,,,,,,,,,,357149,372907,0
,,,,533791,,,6799,來頡,,,671,,,,,,,,,,,,,,,,,,,,3,上市,112,-134835,,,,,,,,,,,,,,,,,,,,,1316312,,,,1316312,,1276000,,32.44,197999,1342497,,,,,,,,,418571,,,201701,,,498114,1518013,,,,,,,,,,,,,,,3702,175516,0
,,,,1321649,,,6805,富世達,,,566,,,,,,,,,,,,,,,,,,,,3,上市,112,,,,,,,,,,,,,,,,,,,,,,2603767,,,,2603767,,0,,43.07,3486726,6103716,,,,,,,,,604539,,,3971110,,,677013,6574877,,,,,,,,,,,,,,,484384,471161,0
,,,,427295,,,6807,峰源-KY,,,88422,,,,,,,,,,,,,,,,,,,,3,上市,112,,,,,,0,,,,,,,,,,,,,,,,2057329,,,,2057329,,0,,38.10,1084495,1784367,,,,,,,,,540000,,,1136535,,,1001612,3193864,,,,,,,,,,,,,,,52040,1409497,0
,,,,658033,,,6830,汎銓,,,-4356,,,,,,,,,,,,,,,,,,,,3,上市,112,,,,,,,,,,,,,,,,,,,,,,2506983,,,,2506983,,0,,53.59,552093,1656645,,,,,,,,,467812,,,1367578,,,1385494,3874561,,,,,,,,,,,,,,,815485,2217916,0
,,,,100943,,,6834,天二科技,,,13920,,,,,,,,,,,,,,,,,,,,3,上市,112,,,,,,,,,,,,,,,,,,,,,,1455249,,,,1455249,,0,,16.45,628978,1070825,,,,,,,,,884711,,,656756,,,455675,2112005,,,,,,,,,,,,,,,27778,1041180,0
,,,,552793,,,6835,圓裕,,,-48470,,,,,,,,,,,,,,,,,,,,3,上市,112,,,,,,,,,,,,,,,,,,,,,,1576414,,,,1576414,,0,,23.82,1234831,2500190,,,,,,,,,661723,,,1278604,,,410368,2855018,,,,,,,,,,,,,,,43773,354828,0
,,,,-1909353,,,6838,台新藥,,,-36542,,,,,,,,,,,,,,,,,,,,3,上市,112,,,,,,0,,,,,,,,,,,,,,,,1175850,,,,1175269,,0,,8.76,252493,1329973,,,,,,,,,1341421,,,595503,,,1779743,1771353,,,,,,,,,,,,,,581,343010,441380,0
,,,,-5634351,,,6854,錼創科技-KY創,,,229271,,,,,,,,,,,,,,,,,,,,3,上市,112,,,,,,0,,,,,,,,,,,,,,,,2109593,,,,2109593,,0,,19.68,253426,1559798,,,,,,,,,1071786,,,275530,,,6442887,2385123,,,,,,,,,,,,,,,22104,825325,0
,,,,454074,,,6861,睿生光電,,,-18011,,,,,,,,,,,,,,,,,,,,3,上市,112,,,,,,,,,,,,,,,,,,,,,,1282974,,,,1282974,,0,,31.89,1082544,2168233,,,,,,,,,406070,,,1187531,,,440841,2470505,,,,,,,,,,,,,,,104987,302272,841100
,,,,470039,,,6863,永道-KY,,,-23418,,,,,,,,,,,,,,,,,,,,3,上市,112,,,,,,,,,,,,,,,,,,,,,,5257681,,,,5256815,,0,,70.73,556989,3031187,,,,,,,,,743180,,,638892,,,4067014,5896573,,,,,,,,,,,,,,866,81903,2865386,0
,,,,1534865,,,6869,雲豹能源,,,,,,,,,,,,,,,,,,,,,,,3,上市,112,,,,,,0,,,,,,,,,,,,,,,,4017940,,,,3736064,,0,,32.15,2892342,4880571,,,,,,,,,1162091,,,4119473,,,1039108,8137413,,,,,,,,,,,,,,281876,1227131,3256842,0
,,,,650583,,,6873,泓德能源,,,0,,,,,,,,,,,,,,,,,,,,3,上市,112,,,,,,0,,,,,,,,,,,,,,,,5340113,,,,5027076,,0,,50.27,2405886,7944039,,,,,,,,,1000000,,,4675215,,,3376493,10015328,,,,,,,,,,,,,,313037,2269329,2071289,0
,,,,641654,,,6901,鑽石投資,,,,,,,,,,,,,,,,,,,,,,,3,上市,112,,,,,,,,,,,,,,,,,,,,,,12660933,,,,,,0,,14.91,56891,11934527,,,,,,,,,8493000,,,56891,,,3526279,12717824,,,,,,,,,,,,,,,,783297,0
,,,,-68367,,,6902,GOGOLOOK,,,-261,,,,,,,,,,,,,,,,,,,,3,上市,112,,,,,,0,,,,,,,,,,,,,,,,487929,,,,487929,,0,,15.26,196596,645885,,,,,,,,,319648,,,202216,,,236909,690145,,,,,,,,,,,,,,,5620,44260,0
,,,,81470,,,6906,現觀科,,,3671,,,,,,,,,,,,,,,,,,,,3,上市,112,,,,,,0,,,,,,,,,,,,,,,,468667,,,,468667,,0,,15.34,124387,583915,,,,,,,,,305424,,,143343,,,78102,612010,,,,,,,,,,,,,,,18956,28095,0
,,,,857042,,,6914,阜爾運通,,,-842,,,,,,,,,,,,,,,,,,,,3,上市,112,,,,,,,,,,,,,,,,,,,,,,2138495,,,,2138495,,0,,35.50,2028534,1082493,,,,,,,,,602320,,,4919048,,,679975,7057543,,,,,,,,,,,,,,,2890514,5975050,0
,,,,320504,,,6916,華凌,,,661,,,,,,,,,,,,,,,,,,,,3,上市,112,,,,,,,,,,,,,,,,,,,,,,990273,,,,987243,,0,,16.45,877368,1343642,,,,,,,,,600000,,,1145765,,,66078,2136038,,,,,,,,,,,,,,3030,268397,792396,0
,,,,273882,,,6928,攸泰科技,,,2488,,,,,,,,,,,,,,,,,,,,3,上市,112,,,,,,0,,,,,,,,,,,,,,,,1340051,,,,1340051,,0,,17.87,1105989,2377111,,,,,,,,,750000,,,1261849,,,313681,2601900,,,,,,,,,,,,,,,155860,224789,0
,,,,235470,,,6933,AMAX-KY,,,26812,,,,,,,,,,,,,,,,,,,,3,上市,112,,,,,,0,,,,,,,,,,,,,,,,1344072,,,,1344072,,0,,37.15,1068904,2251836,,,,,,,,,361758,,,1371904,,,720032,2715976,,,,,,,,,,,,,,,303000,464140,0
,,,,655133,,,6937,天虹,,,25525,,,,,,,,,,,,,,,,,,,,3,上市,112,,,,,,0,,,,,,,,,,,,,,,,1955563,,,,1955563,,0,,32.23,630930,1920842,,,,,,,,,606773,,,982927,,,668132,2938490,,,,,,,,,,,,,,,351997,1017648,0
,,,,108169,,,6951,青新-創,,,,,,,,,,,,,,,,,,,,,,,3,上市,112,,,,,,0,,,,,,,,,,,,,,,,613916,,,,604856,,0,,15.12,365447,480037,,,,,,,,,400000,,,440815,,,96687,1054731,,,,,,,,,,,,,,9060,75368,574694,0
,,,,400445,,,6952,大武山,,,,,,,,,,,,,,,,,,,,,,,3,上市,112,,,,,,,,,,,,,,,,,,,,,,1295705,,,,1238295,,0,,20.38,366300,612991,,,,,,,,,607500,,,921170,,,230350,2216875,,,,,,,,,,,,,,57410,554870,1603884,0
,,,,1040139,,,6958,日盛台駿,,,69930,,,,,,,,,,,,,,,,,,,,3,上市,112,,,,,,,,,,,,,,,,,,,,,,9345806,,,,9345806,,0,,26.61,63364481,63772902,,,,,,,,,3511931,,,75219811,,,4723806,84565617,,,,,,,,,,,,,,,11855330,20792715,0
,,,,24292,,,8011,台通,,,1853,,,,,,,,,,,,,,,,,,,,3,上市,112,,,,,,,,,,,,,,,,,,,,,,3409054,,,,2654356,,0,,17.59,1363128,2084074,,,,,,,,,1509219,,,3933902,,,1118992,7342956,,,,,,,,,,,,,,754698,2570774,5258882,0
,,,,7653772,,,8016,矽創,,,-140445,,,,,,,,,,,,,,,,,,,,3,上市,112,-56009,,,,,,,,,,,,,,,,,,,,,13747715,,,,10376985,,606000,,86.81,4257151,13641696,,,,,,,,,1201369,,,4700201,,,1718298,18447916,,,,,,,,,,,,,,3370730,443050,4806220,0
,,,,2011792,,,8021,尖點,,,-249791,,,,,,,,,,,,,,,,,,,,3,上市,112,,,,,,,,,,,,,,,,,,,,,,4987242,,,,4411444,,0,,31.03,1036663,4342576,,,,,,,,,1421805,,,1740097,,,1227638,6727339,,,,,,,,,,,,,,575798,703434,2384763,0
,,,,756306,,,8028,昇陽半導體,,,,,,,,,,,,,,,,,,,,,,,3,上市,112,,,,,,0,,,,,,,,,,,,,,,,3017342,,,,,,0,,19.77,1409087,2189314,,,,,,,,,1526280,,,5649162,,,734756,8666504,,,,,,,,,,,,,,,4240075,6477190,0
,,,,-604604,,,8033,雷虎,,,28827,,,,,,,,,,,,,,,,,,,,3,上市,112,,,,,,,,,,,,,,,,,,,,,,1359724,,,,1221619,,0,,8.56,455880,1188691,,,,,,,,,1426298,,,633262,,,371098,1992986,,,,,,,,,,,,,,138105,177382,804295,0
,,,,4958777,,,8039,台虹,,,-116961,,,,,,,,,,,,,,,,,,,,3,上市,112,,,,,,,,,,,,,,,,,,,,,,8056442,,,,7956315,,0,,38.05,2604240,7847309,,,,,,,,,2091197,,,5393563,,,1023302,13450005,,,,,,,,,,,,,,100127,2789323,5602696,0
,,,,23239391,,,8046,南電,,,-430906,,,,,,,,,,,,,,,,,,,,3,上市,112,,,,,,0,,,,,,,,,,,,,,,,47395729,,,,47395729,,0,,73.35,10062355,24714641,,,,,,,,,6461655,,,24052302,,,18125589,71448031,,,,,,,,,,,,,,,13989947,46733390,0
,,,,5010591,,,8070,長華*,,,3478354,,,,,,,,,,,,,,,,,,,,3,上市,112,-584384,,,,,,,,,,,,,,,,,,,,,18861347,,,,14138884,,17119850,,21.03,8691336,15814566,,,,,,,,,689422,,,16915325,,,5544901,35776672,,,,,,,,,,,,,,4722463,8223989,19962106,0
,,,,1433749,,,8072,陞泰,,,-9098,,,,,,,,,,,,,,,,,,,,3,上市,112,,,,,,,,,,,,,,,,,,,,,,2345173,,,,2242373,,0,,28.03,231466,1667652,,,,,,,,,800000,,,269907,,,17722,2615080,,,,,,,,,,,,,,102800,38441,947428,0
,,,,4505103,,,8081,致新,,,330849,,,,,,,,,,,,,,,,,,,,3,上市,112,-47131,,,,,0,,,,,,,,,,,,,,,,7771284,,,,6844472,,443433,,79.84,1875433,6938964,,,,,,,,,861721,,,2182013,,,1193930,9953297,,,,,,,,,,,,,,926812,306580,3014333,0
,,,,-624108,,,8101,華冠,,,-12065,,,,,,,,,,,,,,,,,,,,3,上市,112,,,,,,,,,,,,,,,,,,,,,,125552,,,,125077,,0,,1.72,420864,161132,,,,,,,,,728311,,,478781,,,32939,604333,,,,,,,,,,,,,,475,57917,443201,0
,,,,1807390,,,8103,瀚荃,,,-82814,,,,,,,,,,,,,,,,,,,,3,上市,112,,,,,,,,,,,,,,,,,,,,,,3125724,,,,3128080,,0,,39.62,1071887,3881080,,,,,,,,,789561,,,2019263,,,613943,5144987,,,,,,,,,,,,,,-2356,947376,1263907,0
,,,,350246,,,8104,錸寶,,,-4052,,,,,,,,,,,,,,,,,,,,3,上市,112,-51486,,,,,,,,,,,,,,,,,,,,,2123237,,,,1900173,,1000000,,25.80,1907130,2744820,,,,,,,,,746517,,,3254750,,,858948,5377987,,,,,,,,,,,,,,223064,1347620,2633167,0
,,,,985564,,,8105,凌巨,,,-68794,,,,,,,,,,,,,,,,,,,,3,上市,112,,,,,,,,,,,,,,,,,,,,,,7951201,,,,7951201,,0,,18.01,3090316,5729587,,,,,,,,,4415449,,,3943413,,,2618982,11894614,,,,,,,,,,,,,,,853097,6165027,0
,,,,4120275,,,8110,華東,,,646056,,,,,,,,,,,,,,,,,,,,3,上市,112,-25270,,,,,,,,,,,,,,,,,,,,,10403246,,,,10296850,,2000000,,19.97,3871682,6151224,,,,,,,,,5177399,,,7266617,,,378390,17669863,,,,,,,,,,,,,,106396,3394935,11518639,0
,,,,5150109,,,8112,至上,,,55225,,,,,,,,,,,,,,,,,,,,3,上市,112,-112193,,,,,,,,,,,,,,,,,,,,,17513869,,,,16481065,,3000000,,31.36,25871117,47802157,,,,,,,,,5286183,,,31723832,,,6101741,49237701,,,,,,,,,,,,,,1032804,5852715,1435544,0
,,,,2231694,,,8114,振樺電,,,-28999,,,,,,,,,,,,,,,,,,,,3,上市,112,,,,,,0,,,,,,,,,,,,,,,,6469090,,,,3734272,,0,,49.40,3485162,7444682,,,,,,,,,755958,,,8825506,,,775619,15294596,,,,,,,,,,,,,,2734818,5340344,7849914,0
,,,,5487795,,,8131,福懋科,,,-630782,,,,,,,,,,,,,,,,,,,,3,上市,112,,,,,,,,,,,,,,,,,,,,,,11690770,,,,,,0,,26.44,765872,9384458,,,,,,,,,4422222,,,1395294,,,2411535,13086064,,,,,,,,,,,,,,,629422,3701606,0
,,,,10972903,,,8150,南茂,,,164948,,,,,,,,,,,,,,,,,,,,3,上市,112,,,,,,,,,,,,,,,,,,,,,,24474889,,,,24474889,,0,,33.65,6269579,20076065,,,,,,,,,7272401,,,20602743,,,6064637,45077632,,,,,,,,,,,,,,,14333164,25001567,0
,,,,408008,,,8162,微矽電子-創,,,,,,,,,,,,,,,,,,,,,,,3,上市,112,,,,,,0,,,,,,,,,,,,,,,,1197597,,,,,,0,,18.52,282558,608584,,,,,,,,,646600,,,891287,,,142989,2088884,,,,,,,,,,,,,,,608729,1480300,0
,,,,4260163,,,8163,達方,,,1120963,,,,,,,,,,,,,,,,,,,,3,上市,112,-44571,,,,,0,,,,,,,,,,,,,,,,15797546,,,,12273284,,2050000,,44.16,16296470,24011084,,,,,,,,,2800000,,,21470124,,,4136729,37267670,,,,,,,,,,,,,,3524262,5173654,13256586,0
,,,,-46955,,,8201,無敵,,,-116244,,,,,,,,,,,,,,,,,,,,3,上市,112,,,,,,,,,,,,,,,,,,,,,,542623,,,,542623,,0,,8.70,151131,566746,,,,,,,,,623663,,,191729,,,82159,734352,,,,,,,,,,,,,,,40598,167606,0
,,,,3800085,,,8210,勤誠,,,-79069,,,,,,,,,,,,,,,,,,,,3,上市,112,,,,,,0,,,,,,,,,,,,,,,,5128605,,,,5076045,,0,,42.09,4219179,6706852,,,,,,,,,1206070,,,7004637,,,148959,12133242,,,,,,,,,,,,,,52560,2785458,5426390,0
,,,,9839479,,,8213,志超,,,-675698,,,,,,,,,,,,,,,,,,,,3,上市,112,0,,,,,0,,,,,,,,,,,,,,,,15403681,,,,14751900,,0,,54.39,14105120,20177051,,,,,,,,,2712425,,,14613308,,,2875694,30016989,,,,,,,,,,,,,,651781,508188,9839938,0
,,,,2455930,,,8215,明基材,,,-36933,,,,,,,,,,,,,,,,,,,,3,上市,112,,,,,,0,,,,,,,,,,,,,,,,8770273,,,,5818094,,0,,18.14,6718546,8707014,,,,,,,,,3206745,,,11862301,,,192352,20632574,,,,,,,,,,,,,,2952179,5143755,11925560,0
,,,,92905,,,8222,寶一,,,0,,,,,,,,,,,,,,,,,,,,3,上市,112,,,,,,,,,,,,,,,,,,,,,,831904,,,,,,0,,12.13,328641,996489,,,,,,,,,685735,,,690096,,,53264,1522000,,,,,,,,,,,,,,,361455,525511,0
,,,,1898917,,,8249,菱光,,,1271912,,,,,,,,,,,,,,,,,,,,3,上市,112,-179746,,,,,0,,,,,,,,,,,,,,,,5465874,,,,5465874,,6082000,,38.23,2171544,3570813,,,,,,,,,1490550,,,2208537,,,984241,7674411,,,,,,,,,,,,,,,36993,4103598,0
,,,,1160822,,,8261,富鼎,,,-114722,,,,,,,,,,,,,,,,,,,,3,上市,112,,,,,,,,,,,,,,,,,,,,,,5222821,,,,5224696,,0,,44.32,659482,4377503,,,,,,,,,1178905,,,683123,,,2999691,5905944,,,,,,,,,,,,,,-1875,23641,1528441,0
,,,,2081826,,,8271,宇瞻,,,-70151,,,,,,,,,,,,,,,,,,,,3,上市,112,,,,,,,,,,,,,,,,,,,,,,4310105,,,,4164381,,0,,33.94,1782074,4763780,,,,,,,,,1226882,,,1873407,,,925824,6183512,,,,,,,,,,,,,,145724,91333,1419732,0
,,,,1160174,,,8341,日友,,,-62081,,,,,,,,,,,,,,,,,,,,3,上市,112,,,,,,0,,,,,,,,,,,,,,,,5208439,,,,4956913,,0,,38.13,1634932,1666601,,,,,,,,,1300000,,,5144350,,,2558820,10352789,,,,,,,,,,,,,,251526,3509418,8686188,0
,,,,1446142,,,8367,建新國際,,,-2795,,,,,,,,,,,,,,,,,,,,3,上市,112,,,,,,,,,,,,,,,,,,,,,,4024922,,,,2963184,,0,,33.77,1268892,1847579,,,,,,,,,877339,,,8029100,,,642498,12054022,,,,,,,,,,,,,,1061738,6760208,10206443,0
,,,,578666,,,8374,羅昇,0,,-25621,,,,,,,,,,,,,,,,,,,,3,上市,112,,,,,,0,,,,,,,,,,,,,,,,2083561,,,,1987799,,0,,17.71,831184,2143138,,,,,,,,,1122505,,,1004150,,,312249,3087711,,,,,,,,,,,,,,95762,172966,944573,0
,,,,1872329,,,8404,百和興業-KY,,,-600081,,,,,,,,,,,,,,,,,,,,3,上市,112,,,,,,,,,,,,,,,,,,,,,,5038819,,,,5038369,,0,,15.22,9209961,7907999,,,,,,,,,3309370,,,14219014,,,456751,19257833,,,,,,,,,,,,,,450,5009053,11349834,0
,,,,1948427,,,8411,福貞-KY,,,-805706,,,,,,,,,,,,,,,,,,,,3,上市,112,,,,,,0,,,,,,,,,,,,,,,,5967279,,,,5816561,,0,,26.63,3873716,5090403,,,,,,,,,2184043,,,7116961,,,2489797,13084240,,,,,,,,,,,,,,150718,3243245,7993837,0
,,,,3471673,,,8422,可寧衛*,,,-8961,,,,,,,,,,,,,,,,,,,,3,上市,112,,,,,,,,,,,,,,,,,,,,,,6576518,,,,6032000,,0,,55.28,2905394,3394257,,,,,,,,,1091875,,,7587062,,,1477413,14163580,,,,,,,,,,,,,,544518,4681668,10769323,0
,,,,3276977,,,8429,金麗-KY,,,-515125,,,,,,,,,,,,,,,,,,,,3,上市,112,,,,,,,,,,,,,,,,,,,,,,6237363,,,,6236776,,0,,33.58,80905,6048503,,,,,,,,,1857472,,,711727,,,1617452,6949090,,,,,,,,,,,,,,587,630822,900587,0
,,,,405668,,,8438,昶昕,,,-33596,,,,,,,,,,,,,,,,,,,,3,上市,112,0,,,,,,,,,,,,,,,,,,,,,1692318,,,,1692318,,0,,24.20,715169,1172655,,,,,,,,,699430,,,1150398,,,620816,2842716,,,,,,,,,,,,,,,435229,1670061,0
,,,,1200518,,,8442,威宏-KY,,,-70219,,,,,,,,,,,,,,,,,,,,3,上市,112,,,,,,0,,,,,,,,,,,,,,,,2704817,,,,2704817,,0,,44.26,2799225,4681775,,,,,,,,,611125,,,3430320,,,963393,6135137,,,,,,,,,,,,,,,631095,1453362,0
,,,,-176800,,,8443,阿瘦,,,7088,,,,,,,,,,,,,,,,,,,,3,上市,112,,,,,,0,,,,,,,,,,,,,,,,829710,,,,829577,,0,,12.42,625411,857868,,,,,,,,,668000,,,917737,,,331289,1747447,,,,,,,,,,,,,,133,292326,889579,0
,,,,4700017,,,8454,富邦媒,,,-143338,,,,,,,,,,,,,,,,,,,,3,上市,112,,,,,,,,,,,,,,,,,,,,,,9015450,,,,8930011,,0,,37.16,12992450,12180859,,,,,,,,,2403404,,,15374801,,,1969928,24390251,,,,,,,,,,,,,,85439,2382351,12209392,0
,,,,167203,,,8462,柏文,,,-105355,,,,,,,,,,,,,,,,,,,,3,上市,112,-2801,,,,,,,,,,,,,,,,,,,,,1702862,,,,1694324,,20000,,21.35,1996178,1261888,,,,,,,,,793954,,,8027511,,,841323,9730373,,,,,,,,,,,,,,8538,6031333,8468485,0
,,,,182305,,,8463,潤泰材,,,-154434,,,,,,,,,,,,,,,,,,,,3,上市,112,,,,,,0,,,,,,,,,,,,,,,,2494194,,,,2204995,,0,,14.70,2220698,2557295,,,,,,,,,1500000,,,4680120,,,677124,7174314,,,,,,,,,,,,,,289199,2459422,4617019,0
,,,,14972975,,,8464,億豐,,,533626,,,,,,,,,,,,,,,,,,,,3,上市,112,,,,,,,,,,,,,,,,,,,,,,23399724,,,,23008810,,0,,78.52,6373000,20422703,,,,,,,,,2930202,,,8722767,,,4572007,32122491,,,,,,,,,,,,,,390914,2349767,11699788,0
,,,,704758,,,8466,美吉吉-KY,,,-35374,,,,,,,,,,,,,,,,,,,,3,上市,112,-21450,,,,,,,,,,,,,,,,,,,,,2575701,,,,2567845,,380000,,39.10,1298924,2811081,,,,,,,,,660590,,,4060403,,,1259321,6636104,,,,,,,,,,,,,,7856,2761479,3825023,0
,,,,886492,,,8467,波力-KY,,,-227173,,,,,,,,,,,,,,,,,,,,3,上市,112,,,,,,,,,,,,,,,,,,,,,,1948084,,,,1949468,,0,,38.05,1278737,2073807,,,,,,,,,512330,,,1415698,,,777819,3363782,,,,,,,,,,,,,,-1384,136961,1289975,0
,,,,131699,,,8473,山林水,,,-39986,,,,,,,,,,,,,,,,,,,,3,上市,112,,,,,,,,,,,,,,,,,,,,,,7057657,,,,5449455,,0,,37.07,4931502,4959174,,,,,,,,,1470040,,,8057712,,,3887702,15115369,,,,,,,,,,,,,,1608202,3126210,10156195,0
,,,,640337,,,8476,台境*,,,-10799,,,,,,,,,,,,,,,,,,,,3,上市,112,,,,,,0,,,,,,,,,,,,,,,,1934468,,,,1896837,,0,,23.28,781875,2359160,,,,,,,,,814835,,,920706,,,452464,2855174,,,,,,,,,,,,,,37631,138831,496014,0
,,,,3391374,,,8478,東哥遊艇,,,400211,,,,,,,,,,,,,,,,,,,,3,上市,112,-46442,,,,,,,,,,,,,,,,,,,,,5626911,,,,5626911,,914000,,63.96,2685094,8775389,,,,,,,,,888863,,,5130816,,,992905,10757727,,,,,,,,,,,,,,,2445722,1982338,0
,,,,820859,,,8481,政伸,0,,-27935,,,,,,,,,,,,,,,,,,,,3,上市,112,,,,,,,,,,,,,,,,,,,,,,1605838,,,,1605838,,0,,24.11,174406,1165787,,,,,,,,,666019,,,179177,,,146895,1785015,,,,,,,,,,,,,,0,4771,619228,0
,,,,1591561,,,8482,商億-KY,,,-141610,,,,,,,,,,,,,,,,,,,,3,上市,112,-423405,,,,,,,,,,,,,,,,,,,,,3521682,,,,3435199,,3000000,,31.97,1223015,1949057,,,,,,,,,1104440,,,1274047,,,1304213,4795729,,,,,,,,,,,,,,86483,51032,2846672,0
,,,,119153,,,8487,愛爾達-創,,,,,,,,,,,,,,,,,,,,,,,3,上市,112,0,,,,,,,,,,,,,,,,,,,,,494479,,,,,,0,,19.75,325879,784758,,,,,,,,,250350,,,355545,,,124976,850024,,,,,,,,,,,,,,,29666,65266,0
,,,,367783,,,8488,吉源-KY,,,-363400,,,,,,,,,,,,,,,,,,,,3,上市,112,,,,,,0,,,,,,,,,,,,,,,,2459821,,,,2459821,,0,,36.44,2751942,2306589,,,,,,,,,675000,,,2896043,,,1780438,5355864,,,,,,,,,,,,,,,144101,3049275,0
,,,,2171109,,,8499,鼎炫-KY,,,-4770,,,,,,,,,,,,,,,,,,,,3,上市,112,,,,,,,,,,,,,,,,,,,,,,10799706,,,,7714500,,0,,185.96,500934,8990977,,,,,,,,,414856,,,729376,,,5133305,11529082,,,,,,,,,,,,,,3085206,228442,2538105,0
,,,,5347970,,,8926,台汽電,,,807,,,,,,,,,,,,,,,,,,,,3,上市,112,,,,,,,,,,,,,,,,,,,,,,15435021,,,,15278717,,0,,20.92,5030436,5693018,,,,,,,,,7302820,,,10047365,,,2627120,25482386,,,,,,,,,,,,,,156304,5016929,19789368,0
,,,,-155426,,,8940,新天地,,,,,,,,,,,,,,,,,,,,,,,3,上市,112,,,,,,,,,,,,,,,,,,,,,,731544,,,,646947,,0,,9.59,499616,381042,,,,,,,,,674910,,,1331776,,,127463,2063320,,,,,,,,,,,,,,84597,832160,1682278,0
,,,,964117,,,8996,高力,,,-1510,,,,,,,,,,,,,,,,,,,,3,上市,112,,,,,,,,,,,,,,,,,,,,,,2449862,,,,2449862,,0,,27.41,2246727,3053831,,,,,,,,,893841,,,2717092,,,593414,5166954,,,,,,,,,,,,,,,470365,2113123,0
,,,,5828679,,,9802,鈺齊-KY,,,-210464,,,,,,,,,,,,,,,,,,,,3,上市,112,-57583,,,,,0,,,,,,,,,,,,,,,,13172398,,,,13172398,,660000,,69.21,5061940,8935482,,,,,,,,,1909899,,,6654291,,,5701867,19826689,,,,,,,,,,,,,,0,1592351,10891207,0
,,,,207106,,,9902,台火,,,0,,,,,,,,,,,,,,,,,,,,3,上市,112,-2584,,,,,0,,,,,,,,,,,,,,,,1239942,,,,1236012,,35280,,12.61,74519,661161,,,,,,,,,980496,,,108420,,,50994,1348362,,,,,,,,,,,,,,3930,33901,687201,0
,,,,101197753,,,9904,寶成,,,-14455567,,,,,,,,,,,,,,,,,,,,3,上市,112,,,,,,,,,,,,,,,,,,,,,,197783453,,,,120630223,,0,,40.94,85080612,169062131,,,,,,,,,29467872,,,141115425,,,4420165,338898878,,,,,,,,,,,,,,77153230,56034813,169836747,0
,,,,4167999,,,9905,大華,,,299806,,,,,,,,,,,,,,,,,,,,3,上市,112,0,,,,,0,,,,,,,,,,,,,,,,7814803,,,,7542236,,0,,24.73,2934836,8776858,,,,,,,,,3050000,,,3421481,,,24431,11236284,,,,,,,,,,,,,,272567,486645,2459426,0
,,,,652410,,,9906,欣巴巴,,,0,,,,,,,,,,,,,,,,,,,,3,上市,112,,,,,,,,,,,,,,,,,,,,,,1529732,,,,1529732,,0,,18.35,6749979,8820756,,,,,,,,,833439,,,7599899,,,43883,9129631,,,,,,,,,,,,,,,849920,308875,0
,,,,4857670,,,9907,統一實,,,-1497698,,,,,,,,,,,,,,,,,,,,3,上市,112,,,,,,0,,,,,,,,,,,,,,,,20418168,,,,19383470,,0,,12.27,7083394,12489927,,,,,,,,,15791453,,,13142367,,,232045,33560535,,,,,,,,,,,,,,1034698,6058973,21070608,0
,,,,5308151,,,9908,大台北,,,2404413,,,,,,,,,,,,,,,,,,,,3,上市,112,-17944,,,,,,,,,,,,,,,,,,,,,14308647,,,,12972167,,15493101,,25.90,2029421,7289040,,,,,,,,,5163580,,,5366618,,,113967,19675265,,,,,,,,,,,,,,1336480,3337197,12386225,0
,,,,12967244,,,9910,豐泰,,,1076,,,,,,,,,,,,,,,,,,,,3,上市,112,,,,,,,,,,,,,,,,,,,,,,24751290,,,,22893878,,0,,23.18,16812895,23840396,,,,,,,,,9874828,,,27556801,,,50730,52308091,,,,,,,,,,,,,,1857412,10743906,28467695,0
,,,,3297932,,,9911,櫻花,,,51204,,,,,,,,,,,,,,,,,,,,3,上市,112,-21248,,,,,,,,,,,,,,,,,,,,,5722510,,,,5670181,,2312932,,25.91,2606278,4590643,,,,,,,,,2211212,,,2949939,,,131081,8672449,,,,,,,,,,,,,,52329,343661,4081806,0
,,,,-29164,,,9912,偉聯,,,-113150,,,,,,,,,,,,,,,,,,,,3,上市,112,-24831,,,,,0,,,,,,,,,,,,,,,,426029,,,,415637,,2760000,,7.92,327974,426386,,,,,,,,,552186,,,332174,,,30596,758203,,,,,,,,,,,,,,10392,4200,331817,0
,,,,17746103,,,9914,美利達,,,261650,,,,,,,,,,,,,,,,,,,,3,上市,112,,,,,,,,,,,,,,,,,,,,,,22551560,,,,21476225,,0,,71.83,12533203,17418628,,,,,,,,,2989838,,,18377491,,,478634,40929051,,,,,,,,,,,,,,1075335,5844288,23510423,0
,,,,6693629,,,9917,中保科,,,-52406,,,,,,,,,,,,,,,,,,,,3,上市,112,-237581,,,,,0,,,,,,,,,,,,,,,,12347993,,,,11885154,,8029805,,26.82,7141898,9047297,,,,,,,,,4511971,,,13495281,,,969541,25843274,,,,,,,,,,,,,,462839,6353383,16795977,0
,,,,1245749,,,9918,欣天然,,,0,,,,,,,,,,,,,,,,,,,,3,上市,112,-46828,,,,,0,,,,,,,,,,,,,,,,3083885,,,,3083885,,2527863,,17.32,1046310,2556610,,,,,,,,,1805375,,,2461113,,,79589,5544998,,,,,,,,,,,,,,0,1414803,2988388,0
,,,,1080050,,,9919,康那香,,,42119,,,,,,,,,,,,,,,,,,,,3,上市,112,,,,,,0,,,,,,,,,,,,,,,,3102786,,,,3102786,,0,,15.88,1580809,4502644,,,,,,,,,1953628,,,4890212,,,26989,7992998,,,,,,,,,,,,,,,3309403,3490354,0
,,,,26686044,,,9921,巨大,,,-1596607,,,,,,,,,,,,,,,,,,,,3,上市,112,,,,,,,,,,,,,,,,,,,,,,36426922,,,,33726386,,0,,86.02,41145956,69855311,,,,,,,,,3920646,,,52672006,,,4716303,89098928,,,,,,,,,,,,,,2700536,11526050,19243617,0
,,,,4459921,,,9924,福興,,,-111676,,,,,,,,,,,,,,,,,,,,3,上市,112,,,,,,0,,,,,,,,,,,,,,,,6857902,,,,6799880,,0,,36.08,2012491,5571245,,,,,,,,,1884521,,,2590574,,,567114,9448476,,,,,,,,,,,,,,58022,578083,3877231,0
,,,,5542022,,,9925,新保,,,1213067,,,,,,,,,,,,,,,,,,,,3,上市,112,-39521,,,,,,,,,,,,,,,,,,,,,11780379,,,,10755775,,3283811,,27.99,5509778,9019984,,,,,,,,,3874896,,,6291493,,,165311,18071872,,,,,,,,,,,,,,1024604,781715,9051888,0
,,,,1410236,,,9926,新海,,,617865,,,,,,,,,,,,,,,,,,,,3,上市,112,,,,,,,,,,,,,,,,,,,,,,3823142,,,,3823142,,0,,21.30,2134559,3335133,,,,,,,,,1795041,,,4311394,,,,8134536,,,,,,,,,,,,,,,2176835,4799403,0
,,,,3900232,,,9927,泰銘,,,-301974,,,,,,,,,,,,,,,,,,,,3,上市,112,,,,,,,,,,,,,,,,,,,,,,6273669,,,,6246773,,0,,37.33,1056300,6689330,,,,,,,,,1673185,,,1352846,,,975330,7626515,,,,,,,,,,,,,,26896,296546,937185,0
,,,,-205907,,,9928,中視,,,-29558,,,,,,,,,,,,,,,,,,,,3,上市,112,,,,,,0,,,,,,,,,,,,,,,,385566,,,,385537,,0,,6.35,1891504,385181,,,,,,,,,607246,,,3176059,,,13756,3561625,,,,,,,,,,,,,,29,1284555,3176444,0
,,,,89664,,,9929,秋雨,,,-146731,,,,,,,,,,,,,,,,,,,,3,上市,112,,,,,,0,,,,,,,,,,,,,,,,1022290,,,,955733,,0,,9.44,351406,707286,,,,,,,,,1012800,,,1288851,,,,2311141,,,,,,,,,,,,,,66557,937445,1603855,0
,,,,3221360,,,9930,中聯資源,,,-11451,,,,,,,,,,,,,,,,,,,,3,上市,112,,,,,,,,,,,,,,,,,,,,,,6083467,,,,5857337,,0,,23.57,2543945,2612394,,,,,,,,,2485404,,,6093664,,,162024,12177131,,,,,,,,,,,,,,226130,3549719,9564737,0
,,,,1029788,,,9931,欣高,,,268876,,,,,,,,,,,,,,,,,,,,3,上市,112,,,,,,0,,,,,,,,,,,,,,,,2578759,,,,2532470,,0,,21.04,2047257,1949368,,,,,,,,,1203693,,,3373449,,,30113,5952208,,,,,,,,,,,,,,46289,1326192,4002840,0
,,,,5638455,,,9933,中鼎,,,-1468177,,,,,,,,,,,,,,,,,,,,3,上市,112,-11835,,,,,180537,,,,,,,,,,,,,,,,22168075,,,,17603132,,1257634,,21.97,75203149,87871380,,,,,,,,,8025821,,,95227930,,,5418868,117396005,,,,,,,,,,,,,,4564943,20024781,29524625,0
,,,,1275950,,,9934,成霖,,,-415276,,,,,,,,,,,,,,,,,,,,3,上市,112,,,,,,,,,,,,,,,,,,,,,,5931480,,,,5931480,,0,,14.52,6589498,10065323,,,,,,,,,4084140,,,10208907,,,986666,16140387,,,,,,,,,,,,,,,3619409,6075064,0
,,,,576175,,,9935,慶豐富,,,90,,,,,,,,,,,,,,,,,,,,3,上市,112,-19930,,,,,,,,,,,,,,,,,,,,,2307754,,,,2307754,,1000000,,13.35,1466868,3528667,,,,,,,,,1738389,,,4442421,,,13030,6750175,,,,,,,,,,,,,,,2975553,3221508,0
,,,,2223976,,,9937,全國,,,-12514,,,,,,,,,,,,,,,,,,,,3,上市,112,0,,,,,0,,,,,,,,,,,,,,,,5325130,,,,5325130,,0,,17.23,4680573,1049081,,,,,,,,,3090430,,,6698264,,,23238,12023394,,,,,,,,,,,,,,0,2017691,10974313,0
,,,,7964351,,,9938,百和,,,18261,,,,,,,,,,,,,,,,,,,,3,上市,112,,,,,,0,,,,,,,,,,,,,,,,14133103,,,,11690417,,0,,39.23,11894214,13431320,,,,,,,,,2979639,,,19142156,,,728166,33275259,,,,,,,,,,,,,,2442686,7247942,19843939,0
,,,,9736912,,,9939,宏全,,,-1824912,,,,,,,,,,,,,,,,,,,,3,上市,112,,,,,,,,,,,,,,,,,,,,,,16953075,,,,16144192,,0,,56.10,14059526,15632876,,,,,,,,,2877859,,,21808504,,,5354333,38761579,,,,,,,,,,,,,,808883,7748978,23128703,0
,,,,5812358,,,9940,信義,,,-798635,,,,,,,,,,,,,,,,,,,,3,上市,112,,,,,,,,,,,,,,,,,,,,,,12565360,,,,12445978,,0,,16.89,5779202,20007959,,,,,,,,,7368465,,,18532318,,,63790,31097678,,,,,,,,,,,,,,119382,12753116,11089719,0
,,,,15070313,,,9941,裕融,,,-367582,,,,,,,,,,,,,,,,,,,,3,上市,112,,,,,,,,,,,,,,,,,,,,,,38125882,,,,35028343,,0,,54.04,254812740,262856938,,,,,,,,,6482250,,,260718360,,,13843362,298844242,,,,,,,,,,,,,,3097539,5905620,35987304,0
,,,,2904699,,,9942,茂順,,,-166245,,,,,,,,,,,,,,,,,,,,3,上市,112,,,,,,0,,,,,,,,,,,,,,,,3788764,,,,3784810,,0,,45.51,999388,3223946,,,,,,,,,831613,,,1479915,,,214743,5268679,,,,,,,,,,,,,,3954,480527,2044733,0
,,,,2764710,,,9943,好樂迪,,,-87157,,,,,,,,,,,,,,,,,,,,3,上市,112,-2868,,,,,0,,,,,,,,,,,,,,,,3945298,,,,3927169,,48450,,31.37,861167,1744891,,,,,,,,,1252200,,,1798199,,,284,5743497,,,,,,,,,,,,,,18129,937032,3998606,0
,,,,2190037,,,9944,新麗,0,,128028,,,,,,,,,,,,,,,,,,,,3,上市,112,-74888,,,,,0,,,,,,,,,,,,,,,0,3636900,,,,3565022,,3199000,,33.66,1373945,3381380,,,,,,,,,1091071,,,2453657,,,230774,6090557,,,,,,,,,,,,,,71878,1079712,2709177,0
,,,,77732582,,,9945,潤泰新,,,-38790089,,,,,,,,,,,,,,,,,,,,3,上市,112,-81449,,,,,0,,,,,,,,,,,,,,,,91714441,,,,85033591,,9713457,,30.00,34390118,47641510,,,,,,,,,28442251,,,78523719,,,17730296,170238160,,,,,,,,,,,,,,6680850,44133601,122596650,0
,,,,2822989,,,9946,三發地產,,,105480,,,,,,,,,,,,,,,,,,,,3,上市,112,,,,,,0,,,,,,,,,,,,,,,,6379966,,,,6379966,,0,,19.54,6509312,14536963,,,,,,,,,3265542,,,9110745,,,185955,15490711,,,,,,,,,,,,,,,2601433,953748,0
,,,,-633571,,,9955,佳龍,,,-14454,,,,,,,,,,,,,,,,,,,,3,上市,112,,,,,,,,,,,,,,,,,,,,,,1342462,,,,1342462,,0,,13.01,775170,644199,,,,,,,,,1032082,,,1560458,,,958405,2902920,,,,,,,,,,,,,,,785288,2258721,0
,,,,2204964,,,9958,世紀鋼,,,-127626,,,,,,,,,,,,,,,,,,,,3,上市,112,,,,,,,,,,,,,,,,,,,,,,11330201,,,,7895925,,0,,33.59,9002098,13232208,,,,,,,,,2359661,,,23405521,,,3458926,34735722,,,,,,,,,,,,,,3434276,14403423,21503514,0
