不動產及設備,不動產及設備－淨額,使用權資產,使用權資產－淨額,保留盈餘,保留盈餘（或累積虧損）,保險負債,公司代號,公司名稱,共同控制下前手權益,其他借款,其他權益,其他負債,其他資產,其他資產－淨額,其他金融負債,其他金融資產－淨額,具金融商品性質之保險契約準備,再保險合約資產,再保險合約資產－淨額,分離帳戶保險商品負債,分離帳戶保險商品資產,受限制資產－淨額,合併前非屬共同控制股權,外匯價格變動準備,央行及同業融資,央行及金融同業存款,央行及銀行同業存款,存放央行及拆借金融同業,存放央行及拆借銀行同業,存款及匯款,季別,市場,年度,庫藏股票,待出售資產,待出售資產－淨額,待分配予業主之資產（或處分群組）,待分配予業主之資產－淨額,待註銷股本股數（單位：股）,應付債券,應付公司債,應付商業本票－淨額,應付款項,應付金融債券,應收款項,應收款項－淨額,投資,投資性不動產投資－淨額,投資性不動產－淨額,按攤銷後成本衡量之債務工具投資,採用權益法之投資－淨額,本期所得稅負債,本期所得稅資產,權益─具證券性質之虛擬通貨,權益總計,權益總額,權益－具證券性質之虛擬通貨,歸屬於母公司業主之權益,歸屬於母公司業主之權益合計,歸屬於母公司業主權益合計,母公司暨子公司所持有之母公司庫藏股股數（單位：股）,母公司暨子公司持有之母公司庫藏股股數（單位：股）,每股參考淨值,流動負債,流動資產,無形資產,無形資產－淨額,特別股負債,現金及約當現金,當期所得稅負債,當期所得稅資產,短期債務,租賃負債,股本,與待出售資產直接相關之負債,負債準備,負債總計,負債總額,貼現及放款－淨額,資本公積,資產總計,資產總額,透過其他綜合損益按公允價值衡量之金融資產,透過損益按公允價值衡量之金融負債,透過損益按公允價值衡量之金融資產,遞延所得稅負債,遞延所得稅資產,避險之衍生金融負債,避險之衍生金融負債－淨額,避險之衍生金融資產,避險之衍生金融資產淨額,附買回票券及債券負債,附賣回票券及債券投資,附賣回票券及債券投資淨額,非控制權益,非流動負債,非流動資產,預收股款（權益項下）之約當發行股數（單位：股）
,,,,72771952,,,1101,台泥,,,23755725,,,,,,,,,,,,,,,,,,,,4,上市,113,-732459,,,,,,,,,,,,,,,,,,,,,307908264,,,,248097494,,20000000,,32.09,86373382,173380580,,,,,,,,,77511817,,,285505383,,,74790459,593413647,,,,,,,,,,,,,,59810770,199132001,420033067,0
,,,,124445142,,,1102,亞泥,,,13197332,,,,,,,,,,,,,,,,,,,,4,上市,113,,,,,,,,,,,,,,,,,,,,,,204851684,,,,181347447,,0,,51.13,79652998,116609749,,,,,,,,,35465629,,,126975540,,,8239344,331827224,,,,,,,,,,,,,,23504237,47322542,215217475,0
,,,,10190860,,,1103,嘉泥,,,2455605,,,,,,,,,,,,,,,,,,,,4,上市,113,-1055710,,,,,,,,,,,,,,,,,,,,,21589757,,,,20881663,,129917726,,31.62,2925659,9848540,,,,,,,,,7902474,,,13488323,,,1388434,35078080,,,,,,,,,,,,,,708094,10562664,25229540,0
,,,,14358831,,,1104,環泥,,,2308321,,,,,,,,,,,,,,,,,,,,4,上市,113,,,,,,,,,,,,,,,,,,,,,,24455563,,,,23656756,,0,,34.45,3799190,7179390,,,,,,,,,6866818,,,5171943,,,122786,29627506,,,,,,,,,,,,,,798807,1372753,22448116,0
,,,,1164336,,,1108,幸福,,,-26056,,,,,,,,,,,,,,,,,,,,4,上市,113,,,,,,,,,,,,,,,,,,,,,,5185744,,,,5185678,,0,,12.81,4163555,5998794,,,,,,,,,4047380,,,5245523,,,18,10431267,,,,,,,,,,,,,,66,1081968,4432473,0
,,,,4957509,,,1109,信大,,,-86109,,,,,,,,,,,,,,,,,,,,4,上市,113,,,,,,0,,,,,,,,,,,,,,,,10201794,,,,8298713,,0,,24.33,911464,6377807,,,,,,,,,3411589,,,1077440,,,15724,11279234,,,,,,,,,,,,,,1903081,165976,4901427,0
,,,,2530951,,,1110,東泥,,,988179,,,,,,,,,,,,,,,,,,,,4,上市,113,-12185,,,,,,,,,,,,,,,,,,,,,9565953,,,,9415851,,2112865,,16.52,1977822,2954008,,,,,,,,,5720008,,,3155984,,,188898,12721937,,,,,,,,,,,,,,150102,1178162,9767929,0
,,,,2742771,,,1201,味全,,,-118767,,,,,,,,,,,,,,,,,,,,4,上市,113,,,,,,0,,,,,,,,,,,,,,,,7733696,,,,7725640,,0,,15.27,6163936,6404977,,,,,,,,,5060629,,,9887386,,,41007,17621082,,,,,,,,,,,,,,8056,3723450,11216105,0
,,,,3581373,,,1203,味王,,,184577,,,,,,,,,,,,,,,,,,,,4,上市,113,-38464,,,,,0,,,,,,,,,,,,,,,,7210538,,,,6179471,,2293865,,26.00,1725174,4635296,,,,,,,,,2400000,,,3068357,,,51985,10278895,,,,,,,,,,,,,,1031067,1343183,5643599,0
,,,,11713824,,,1210,大成,,,1629555,,,,,,,,,,,,,,,,,,,,4,上市,113,-734821,,,,,,,,,,,,,,,,,,,,,34520683,,,,25650283,,49059471,,30.33,32027413,31296031,,,,,,,,,8947673,,,36234487,,,4094052,70755170,,,,,,,,,,,,,,8870400,4207074,39459139,0
,,,,132433,,,1213,大飲,,,-159,,,,,,,,,,,,,,,,,,,,4,上市,113,,,,,,,,,,,,,,,,,,,,,,720438,,,,720438,,0,,12.72,74498,361486,,,,,,,,,566226,,,75601,,,21938,796039,,,,,,,,,,,,,,,1103,434553,0
,,,,6468725,,,1215,卜蜂,,,1255594,,,,,,,,,,,,,,,,,,,,4,上市,113,,,,,,0,,,,,,,,,,,,,,,,11127574,,,,10684458,,0,,36.24,9299721,7607427,,,,,,,,,2947901,,,18336232,,,12238,29463806,,,,,,,,,,,,,,443116,9036511,21856379,0
,,,,76035175,,,1216,統一,,,-459527,,,,,,,,,,,,,,,,,,,,4,上市,113,,,,,,0,,,,,,,,,,,,,,,,209518594,,,,135200351,,0,,23.79,242798727,238263706,,,,,,,,,56820154,,,500432552,,,2804549,709951146,,,,,,,,,,,,,,74318243,257633825,471687440,0
,,,,1345945,,,1217,愛之味,,,981501,,,,,,,,,,,,,,,,,,,,4,上市,113,,,,,,,,,,,,,,,,,,,,,,8331480,,,,7540724,,0,,15.25,3039709,2775178,,,,,,,,,4945134,,,6536516,,,268144,14867996,,,,,,,,,,,,,,790756,3496807,12092818,0
,,,,7112725,,,1218,泰山,,,-112812,,,,,,,,,,,,,,,,,,,,4,上市,113,-203876,,,,,,,,,,,,,,,,,,,,,12816013,,,,12810524,,13680042,,26.34,1394736,6258367,,,,,,,,,4999990,,,1828398,,,1014497,14644411,,,,,,,,,,,,,,5489,433662,8386044,0
,,,,1134752,,,1219,福壽,,,-3384,,,,,,,,,,,,,,,,,,,,4,上市,113,-6735,,,,,,,,,,,,,,,,,,,,,4616691,,,,4555687,,364000,,13.35,3198773,5422434,,,,,,,,,3416024,,,5389649,,,15030,10006340,,,,,,,,,,,,,,61004,2190876,4583906,0
,,,,661366,,,1220,台榮,,,0,,,,,,,,,,,,,,,,,,,,4,上市,113,-10881,,,,,,,,,,,,,,,,,,,,,2666282,,,,2445379,,679000,,13.86,614021,2140250,,,,,,,,,1770779,,,811771,,,24115,3478053,,,,,,,,,,,,,,220903,197750,1337803,0
,,,,1222069,,,1225,福懋油,,,-98537,,,,,,,,,,,,,,,,,,,,4,上市,113,,,,,,,,,,,,,,,,,,,,,,3985602,,,,3543573,,0,,15.43,4770662,6292151,,,,,,,,,2296382,,,6030008,,,123659,10015610,,,,,,,,,,,,,,442029,1259346,3723459,0
,,,,9106578,,,1227,佳格,,,2282,,,,,,,,,,,,,,,,,,,,4,上市,113,-21182,,,,,0,,,,,,,,,,,,,,,,18726500,,,,18412497,,6669471,,20.27,8277273,19414090,,,,,,,,,9150897,,,8703151,,,173922,27429651,,,,,,,,,,,,,,314003,425878,8015561,0
,,,,16201843,,,1229,聯華,,,18067464,,,,,,,,,,,,,,,,,,,,4,上市,113,-136868,,,,,0,,,,,,,,,,,,,,,,73800187,,,,52387504,,6894000,,30.75,14212842,15965077,,,,,,,,,17104388,,,18302686,,,1150677,92102873,,,,,,,,,,,,,,21412683,4089844,76137796,0
,,,,3716362,,,1231,聯華食,,,15936,,,,,,,,,,,,,,,,,,,,4,上市,113,,,,,,,,,,,,,,,,,,,,,,6557129,,,,6539360,,0,,24.10,3543217,5737009,,,,,,,,,2713222,,,7669432,,,93840,14226561,,,,,,,,,,,,,,17769,4126215,8489552,0
,,,,4059958,,,1232,大統益,,,392,,,,,,,,,,,,,,,,,,,,4,上市,113,,,,,,0,,,,,,,,,,,,,,,,5858611,,,,5683883,,0,,35.53,2026248,6496671,,,,,,,,,1599749,,,3266526,,,23784,9125137,,,,,,,,,,,,,,174728,1240278,2628466,0
,,,,505553,,,1233,天仁,,,30738,,,,,,,,,,,,,,,,,,,,4,上市,113,-1974,,,,,0,,,,,,,,,,,,,,,,1461623,,,,1458420,,43000,,16.11,594577,732988,,,,,,,,,905919,,,896423,,,18184,2358046,,,,,,,,,,,,,,3203,301846,1625058,0
,,,,14511353,,,1234,黑松,,,117797,,,,,,,,,,,,,,,,,,,,4,上市,113,,,,,,,,,,,,,,,,,,,,,,18834797,,,,18834797,,0,,46.87,2507210,8455945,,,,,,,,,4018711,,,4852750,,,186936,23687547,,,,,,,,,,,,,,,2345540,15231602,0
,,,,968504,,,1235,興泰,,,1277001,,,,,,,,,,,,,,,,,,,,4,上市,113,-867269,,,,,,,,,,,,,,,,,,,,,3647562,,,,3272617,,119257643,,86.37,2565335,2112795,,,,,,,,,1571482,,,3002005,,,322899,6649567,,,,,,,,,,,,,,374945,436670,4536772,0
,,,,1134838,,,1236,宏亞,,,518677,,,,,,,,,,,,,,,,,,,,4,上市,113,,,,,,,,,,,,,,,,,,,,,,2554460,,,,2554460,,0,,29.47,796602,863252,,,,,,,,,866740,,,1547922,,,34205,4102382,,,,,,,,,,,,,,,751320,3239130,0
,,,,1962554,,,1256,鮮活果汁-KY,,,-19364,,,,,,,,,,,,,,,,,,,,4,上市,113,,,,,,,,,,,,,,,,,,,,,,3427174,,,,3427174,,0,,101.27,736607,1641238,,,,,,,,,338422,,,810615,,,1145562,4237789,,,,,,,,,,,,,,0,74008,2596551,0
,,,,201420183,,,1301,台塑,0,,12061232,,,,,,,,,,,,,,,,,,,,4,上市,113,0,,,,,,,,,,,,,,,,,,,,0,288980935,,,,288980935,,0,,45.40,116630660,105864994,,,,,,,,,63657408,,,207849143,,,11842112,496830078,,,,,,,,,,,,,,0,91218483,390965084,0
,,,,229117977,,,1303,南亞,,,11114038,,,,,,,,,,,,,,,,,,,,4,上市,113,,,,,,0,,,,,,,,,,,,,,,,362603305,,,,346583223,,0,,43.70,140671073,185501596,,,,,,,,,79308216,,,254870192,,,27042992,617473497,,,,,,,,,,,,,,16020082,114199119,431971901,0
,,,,9034583,,,1304,台聚,,,-138216,,,,,,,,,,,,,,,,,,,,4,上市,113,-475606,,,,,,,,,,,,,,,,,,,,,42770316,,,,20800048,,116465574,,19.40,14696035,28859123,,,,,,,,,11887635,,,29060065,,,491652,71830381,,,,,,,,,,,,,,21970268,14364030,42971258,0
,,,,2874214,,,1305,華夏,,,34845,,,,,,,,,,,,,,,,,,,,4,上市,113,,,,,,,,,,,,,,,,,,,,,,9315840,,,,8739582,,0,,15.04,4924846,6702735,,,,,,,,,5810505,,,8759236,,,20018,18075076,,,,,,,,,,,,,,576258,3834390,11372341,0
,,,,5801748,,,1307,三芳,,,364532,,,,,,,,,,,,,,,,,,,,4,上市,113,,,,,,,,,,,,,,,,,,,,,,10293760,,,,10293760,,0,,25.88,3969143,9560903,,,,,,,,,3978181,,,7073462,,,149299,17367222,,,,,,,,,,,,,,,3104319,7806319,0
,,,,5698855,,,1308,亞聚,,,-190731,,,,,,,,,,,,,,,,,,,,4,上市,113,,,,,,0,,,,,,,,,,,,,,,,11483692,,,,11483692,,0,,19.34,1101984,3294702,,,,,,,,,5937438,,,2114898,,,38130,13598590,,,,,,,,,,,,,,,1012914,10303888,0
,,,,2241016,,,1309,台達化,,,77761,,,,,,,,,,,,,,,,,,,,4,上市,113,,,,,,0,,,,,,,,,,,,,,,,6297887,,,,6297887,,0,,15.84,3195806,6505163,,,,,,,,,3975868,,,3541690,,,3242,9839577,,,,,,,,,,,,,,,345884,3334414,0
,,,,692970,,,1310,台苯,,,1290470,,,,,,,,,,,,,,,,,,,,4,上市,113,,,,,,,,,,,,,,,,,,,,,,7518002,,,,7391801,,0,,14.00,2238344,2477115,,,,,,,,,5278698,,,2502104,,,129663,10020106,,,,,,,,,,,,,,126201,263760,7542991,0
,,,,20435430,,,1312,國喬,,,570372,,,,,,,,,,,,,,,,,,,,4,上市,113,-49858,,,,,,,,,,,,,,,,,,,,,36727880,,,,33293472,,1776000,,29.60,7760945,13579153,,,,,,,,,11266203,,,27283772,,,1071325,64011652,,,,,,,,,,,,,,3434408,19522827,50432499,0
,,,,2231891,,,1313,聯成,,,12620337,,,,,,,,,,,,,,,,,,,,4,上市,113,-438941,,,,,,,,,,,,,,,,,,,,,29465689,,,,29465689,,38665000,,22.17,9918108,20835789,,,,,,,,,13678937,,,27605216,,,1373465,57070905,,,,,,,,,,,,,,,17687108,36235116,206000
,,,,40590496,,,1314,中石化,,,-526313,,,,,,,,,,,,,,,,,,,,4,上市,113,,,,,,0,,,,,,,,,,,,,,,,79574328,,,,79494691,,0,,21.00,34030988,67942293,,,,,,,,,37848502,,,62511565,,,1582006,142085893,,,,,,,,,,,,,,79637,28480577,74143600,0
,,,,7564645,,,1315,達新,,,668849,,,,,,,,,,,,,,,,,,,,4,上市,113,-83230,,,,,0,,,,,,,,,,,,,,,,9410349,,,,9381253,,3572068,,98.21,570777,6403739,,,,,,,,,990990,,,828306,,,239999,10238655,,,,,,,,,,,,,,29096,257529,3834916,0
,,,,-322437,,,1316,上曜,,,-151,,,,,,,,,,,,,,,,,,,,4,上市,113,-46712,,,,,0,,,,,,,,,,,,,,,,8088955,,,,3290551,,19983058,,11.71,8107377,13468445,,,,,,,,,3010160,,,9112115,,,649691,17201070,,,,,,,,,,,,,,4798404,1004738,3732625,0
,,,,17236132,,,1319,東陽,,,308474,,,,,,,,,,,,,,,,,,,,4,上市,113,,,,,,,,,,,,,,,,,,,,,,28156001,,,,27610499,,0,,46.68,7035535,13256842,,,,,,,,,5914771,,,10135580,,,4151122,38291581,,,,,,,,,,,,,,545502,3100045,25034739,0
,,,,3712628,,,1321,大洋,,,92802,,,,,,,,,,,,,,,,,,,,4,上市,113,-36189,,,,,0,,,,,,,,,,,,,,,,6063056,,,,6063056,,6542716,,27.47,1124195,2312164,,,,,,,,,2272283,,,5713684,,,21532,11776740,,,,,,,,,,,,,,,4589489,9464576,0
,,,,1703269,,,1323,永裕,,,-18884,,,,,,,,,,,,,,,,,,,,4,上市,113,0,,,,,0,,,,,,,,,,,,,,,,2667069,,,,2667069,,0,,29.22,736113,2564407,,,,,,,,,912745,,,2243392,,,69939,4910461,,,,,,,,,,,,,,0,1507279,2346054,0
,,,,233010,,,1324,地球,,,-17807,,,,,,,,,,,,,,,,,,,,4,上市,113,0,,,,,0,,,,,,,,,,,,,,,,967289,,,,967289,,0,,12.88,181438,747945,,,,,,,,,751219,,,198117,,,867,1165406,,,,,,,,,,,,,,0,16679,417461,0
,,,,1800604,,,1325,恆大,,,20298,,,,,,,,,,,,,,,,,,,,4,上市,113,,,,,,0,,,,,,,,,,,,,,,,2758761,,,,2677285,,0,,31.39,43153,1726531,,,,,,,,,852812,,,99776,,,3571,2858537,,,,,,,,,,,,,,81476,56623,1132006,0
,,,,183666975,,,1326,台化,,,21280042,,,,,,,,,,,,,,,,,,,,4,上市,113,-323952,,,,,0,,,,,,,,,,,,,,,,305485814,,,,272548270,,12169610,,46.60,127413647,155605460,,,,,,,,,58611863,,,185463813,,,9313342,490949627,,,,,,,,,,,,,,32937544,58050166,335344167,0
,,,,-237910,,,1337,再生-KY,,,-300261,,,,,,,,,,,,,,,,,,,,4,上市,113,,,,,,,,,,,,,,,,,,,,,,4135880,,,,4135880,,0,,15.38,1705085,2221719,,,,,,,,,2689547,,,2165099,,,1984504,6300979,,,,,,,,,,,,,,,460014,4079260,0
,,,,2973961,,,1338,廣華-KY,,,-530688,,,,,,,,,,,,,,,,,,,,4,上市,113,-49515,,,,,0,,,,,,,,,,,,,,,,6349242,,,,6019248,,1500000,,73.10,3307898,5573889,,,,,,,,,838400,,,4317283,,,2787090,10666525,,,,,,,,,,,,,,329994,1009385,5092636,0
,,,,2255868,,,1339,昭輝,,,-80622,,,,,,,,,,,,,,,,,,,,4,上市,113,,,,,,0,,,,,,,,,,,,,,,,4193126,,,,4109854,,0,,55.45,590038,1518914,,,,,,,,,741239,,,919764,,,1193369,5112890,,,,,,,,,,,,,,83272,329726,3593976,0
,,,,-534714,,,1340,勝悅-KY,0,,-530537,,,,,,,,,,,,,,,,,,,,4,上市,113,,,,,,,,,,,,,,,,,,,,,,3004792,,,,3004792,,0,,19.65,137200,969055,,,,,,,,,1529229,,,317291,,,2540814,3322083,,,,,,,,,,,,,,0,180091,2353028,0
,,,,885699,,,1341,富林-KY,,,-275477,,,,,,,,,,,,,,,,,,,,4,上市,113,,,,,,,,,,,,,,,,,,,,,,1447471,,,,1447471,,0,,27.39,1038151,1874487,,,,,,,,,528506,,,1072193,,,308743,2519664,,,,,,,,,,,,,,,34042,645177,0
,,,,967248,,,1342,八貫,,,0,,,,,,,,,,,,,,,,,,,,4,上市,113,,,,,,,,,,,,,,,,,,,,,,2397959,,,,,,0,,30.55,636389,2247060,,,,,,,,,784819,,,1196286,,,645892,3594245,,,,,,,,,,,,,,,559897,1347185,0
,,,,157438312,,,1402,遠東新,,,9535017,,,,,,,,,,,,,,,,,,,,4,上市,113,-25063,,,,,,,,,,,,,,,,,,,,,319434693,,,,233729829,,779000,,43.67,129620698,155793795,,,,,,,,,53528751,,,362635430,,,13252812,682070123,,,,,,,,,,,,,,85704864,233014732,526276328,0
,,,,14860762,,,1409,新纖,,,4903427,,,,,,,,,,,,,,,,,,,,4,上市,113,-29834,,,,,,,,,,,,,,,,,,,,,,49626610,,,38084140,,4680487,,23.60,135661949,146262124,,,,,,,,,16184093,,,164665335,,,2165692,214291945,,,,,,,,,,,,,,11542470,29003386,68029821,0
,,,,438334,,,1410,南染,,,-2946,,,,,,,,,,,,,,,,,,,,4,上市,113,,,,,,,,,,,,,,,,,,,,,,1130653,,,,1087746,,0,,17.27,32323,640532,,,,,,,,,630000,,,202100,,,22358,1332753,,,,,,,,,,,,,,42907,169777,692221,0
,,,,-240036,,,1413,宏洲,,,-8703,,,,,,,,,,,,,,,,,,,,4,上市,113,,,,,,,,,,,,,,,,,,,,,,1072385,,,,,,0,,8.12,570727,764479,,,,,,,,,1321124,,,1495288,,,0,2567673,,,,,,,,,,,,,,,924561,1803194,0
,,,,1083329,,,1414,東和,,,-121642,,,,,,,,,,,,,,,,,,,,4,上市,113,,,,,,0,,,,,,,,,,,,,,,,3161687,,,,3161687,,0,,14.37,510532,1041706,,,,,,,,,2200000,,,1190117,,,0,4351804,,,,,,,,,,,,,,,679585,3310098,0
,,,,1484621,,,1416,廣豐,,,893038,,,,,,,,,,,,,,,,,,,,4,上市,113,,,,,,0,,,,,,,,,,,,,,,,4358568,,,,4281150,,0,,23.10,440312,984470,,,,,,,,,1853422,,,1376133,,,50069,5734701,,,,,,,,,,,,,,77418,935821,4750231,0
,,,,177163,,,1417,嘉裕,,,240422,,,,,,,,,,,,,,,,,,,,4,上市,113,,,,,,,,,,,,,,,,,,,,,,2317004,,,,2317004,,0,,12.20,297883,1659848,,,,,,,,,1899419,,,582412,,,,2899416,,,,,,,,,,,,,,,284529,1239568,0
,,,,-746801,,,1418,東華,,,1551746,,,,,,,,,,,,,,,,,,,,4,上市,113,-80333,,,,,0,,,,,,,,,,,,,,,,1300965,,,,1300963,,2522865,,23.95,27663,1458689,,,,,,,,,568343,,,3963891,,,8008,5264856,,,,,,,,,,,,,,2,3936228,3806167,0
,,,,5130721,,,1419,新紡,,,7368841,,,,,,,,,,,,,,,,,,,,4,上市,113,-13174,,,,,,,,,,,,,,,,,,,,,15501650,,,,15501650,,803829,,51.80,3515897,4501525,,,,,,,,,3000413,,,6027576,,,14849,21529226,,,,,,,,,,,,,,,2511679,17027701,0
,,,,746858,,,1423,利華,,,1383858,,,,,,,,,,,,,,,,,,,,4,上市,113,,,,,,,,,,,,,,,,,,,,,,3233293,,,,,,0,,32.45,24126,885272,,,,,,,,,996480,,,225204,,,106097,3458497,,,,,,,,,,,,,,,201078,2573225,0
,,,,-277464,,,1432,大魯閣,,,-96854,,,,,,,,,,,,,,,,,,,,4,上市,113,0,,,,,0,,,,,,,,,,,,,,,,1084893,,,,995192,,0,,9.21,1661333,1408540,,,,,,,,,1080000,,,4406791,,,289510,5491684,,,,,,,,,,,,,,89701,2745458,4083144,0
,,,,20238088,,,1434,福懋,,,-1108105,,,,,,,,,,,,,,,,,,,,4,上市,113,-19064,,,,,0,,,,,,,,,,,,,,,,36910517,,,,36910517,,2193228,,21.94,5964402,15290355,,,,,,,,,16846646,,,15451582,,,952952,52362099,,,,,,,,,,,,,,,9487180,37071744,0
,,,,-168553,,,1435,中福,,,-194087,,,,,,,,,,,,,,,,,,,,4,上市,113,0,,,,,,,,,,,,,,,,,,,,,1160298,,,,,,0,,8.30,6771,432273,,,,,,,,,1397801,,,184585,,,125137,1344883,,,,,,,,,,,,,,,177814,912610,0
,,,,4029959,,,1436,華友聯,,,15446,,,,,,,,,,,,,,,,,,,,4,上市,113,,,,,,0,,,,,,,,,,,,,,,,6322064,,,,6136229,,0,,47.78,7845439,17006085,,,,,,,,,1284285,,,12770763,,,806539,19092827,,,,,,,,,,,,,,185835,4925324,2086742,2858390
,,,,5241383,,,1437,勤益控,,,683847,,,,,,,,,,,,,,,,,,,,4,上市,113,,,,,,0,,,,,,,,,,,,,,,,8316135,,,,8314737,,0,,40.88,1143949,2496889,,,,,,,,,2033713,,,5431872,,,355794,13748007,,,,,,,,,,,,,,1398,4287923,11251118,0
,,,,130473,,,1438,三地開發,,,,,,,,,,,,,,,,,,,,,,,4,上市,113,,,,,,,,,,,,,,,,,,,,,,2952757,,,,,,0,,23.81,4727869,8209787,,,,,,,,,1112058,,,9841006,,,1710226,12793763,,,,,,,,,,,,,,,5113137,4583976,12793763
,,,,1714198,,,1439,雋揚,,,-87316,,,,,,,,,,,,,,,,,,,,4,上市,113,,,,,,,,,,,,,,,,,,,,,,3181039,,,,2774868,,0,,30.16,2126139,3347043,,,,,,,,,920000,,,2644044,,,227986,5825083,,,,,,,,,,,,,,406171,517905,2478040,0
,,,,11682619,,,1440,南紡,,,812796,,,,,,,,,,,,,,,,,,,,4,上市,113,,,,,,0,,,,,,,,,,,,,,,,29457944,,,,29136259,,0,,17.59,11872369,14257543,,,,,,,,,16568159,,,19457149,,,72685,48915093,,,,,,,,,,,,,,321685,7584780,34657550,0
,,,,-185472,,,1441,大東,,,-8131,,,,,,,,,,,,,,,,,,,,4,上市,113,,,,,,,,,,,,,,,,,,,,,,574761,,,,568593,,0,,7.93,1137639,875050,,,,,,,,,717444,,,1419047,,,44752,1993808,,,,,,,,,,,,,,6168,281408,1118758,0
,,,,3872812,,,1442,名軒,,,15156,,,,,,,,,,,,,,,,,,,,4,上市,113,,,,,,,,,,,,,,,,,,,,,,8541933,,,,8541933,,0,,23.33,3153427,13224278,,,,,,,,,3662113,,,5965157,,,991852,14507090,,,,,,,,,,,,,,,2811730,1282812,0
,,,,25740,,,1443,立益物流,,,781896,,,,,,,,,,,,,,,,,,,,4,上市,113,,,,,,0,,,,,,,,,,,,,,,,1730622,,,,2161767,,0,,15.97,2518132,562975,,,,,,,,,1353430,,,5929039,,,701,7659661,,,,,,,,,,,,,,-431145,3410907,7096686,0
,,,,844880,,,1444,力麗,,,-54980,,,,,,,,,,,,,,,,,,,,4,上市,113,-28470,,,,,,,,,,,,,,,,,,,,,12196963,,,,10832153,,11204989,,11.00,6420201,5824950,,,,,,,,,9955950,,,8140510,,,114773,20337473,,,,,,,,,,,,,,1364810,1720309,14512523,0
,,,,896150,,,1445,大宇,,,196171,,,,,,,,,,,,,,,,,,,,4,上市,113,,,,,,,,,,,,,,,,,,,,,,2400519,,,,2400519,,0,,18.37,287850,923680,,,,,,,,,1306660,,,369418,,,1538,2769937,,,,,,,,,,,,,,,81568,1846257,0
,,,,1418267,,,1446,宏和,,,-27948,,,,,,,,,,,,,,,,,,,,4,上市,113,0,,,,,0,,,,,,,,,,,,,,,,2773998,,,,2773998,,0,,20.14,704065,3074408,,,,,,,,,1377095,,,721650,,,6584,3495648,,,,,,,,,,,,,,0,17585,421240,0
,,,,283929,,,1447,力鵬,,,-428828,,,,,,,,,,,,,,,,,,,,4,上市,113,-287142,,,,,,,,,,,,,,,,,,,,,9810811,,,,8882858,,66529106,,10.53,6794862,8811865,,,,,,,,,9100712,,,8846803,,,214187,18657614,,,,,,,,,,,,,,927953,2051941,9845749,0
,,,,213962,,,1449,佳和,,,543901,,,,,,,,,,,,,,,,,,,,4,上市,113,,,,,,,,,,,,,,,,,,,,,,2009524,,,,1945900,,0,,18.88,2283938,2327975,,,,,,,,,1030939,,,4421380,,,157098,6430904,,,,,,,,,,,,,,63624,2137442,4102929,0
,,,,5215706,,,1451,年興,,,-486208,,,,,,,,,,,,,,,,,,,,4,上市,113,,,,,,,,,,,,,,,,,,,,,,7129214,,,,7129214,,0,,34.75,964163,5832947,,,,,,,,,1980000,,,1295372,,,419716,8424586,,,,,,,,,,,,,,,331209,2591639,0
,,,,1082234,,,1452,宏益,,,228377,,,,,,,,,,,,,,,,,,,,4,上市,113,,,,,,,,,,,,,,,,,,,,,,2792484,,,,2792484,,0,,21.05,139740,2128176,,,,,,,,,1326414,,,186665,,,155459,2979149,,,,,,,,,,,,,,,46925,850973,0
,,,,334169,,,1453,大將,,,,,,,,,,,,,,,,,,,,,,,4,上市,113,,,,,,,,,,,,,,,,,,,,,,1449712,,,,1436379,,0,,13.06,892640,2311183,,,,,,,,,1099448,,,1052385,,,2762,2502097,,,,,,,,,,,,,,13333,159745,190914,0
,,,,258468,,,1454,台富,,,24935,,,,,,,,,,,,,,,,,,,,4,上市,113,-77032,,,,,,,,,,,,,,,,,,,,,1573349,,,,1573320,,7714103,,12.88,336027,1099394,,,,,,,,,1298338,,,355159,,,68611,1928508,,,,,,,,,,,,,,29,19132,829114,0
,,,,596459,,,1455,集盛,,,48441,,,,,,,,,,,,,,,,,,,,4,上市,113,,,,,,,,,,,,,,,,,,,,,,6308330,,,,6308330,,0,,11.86,2260484,4235012,,,,,,,,,5316884,,,4702276,,,346546,11010606,,,,,,,,,,,,,,,2441792,6775594,0
,,,,661730,,,1456,怡華,,,,,,,,,,,,,,,,,,,,,,,4,上市,113,,,,,,0,,,,,,,,,,,,,,,,1617307,,,,1617307,,0,,17.26,8095844,9921113,,,,,,,,,937200,,,10978350,,,18377,12595657,,,,,,,,,,,,,,,2882506,2674544,0
,,,,2137961,,,1457,宜進,,,-39112,,,,,,,,,,,,,,,,,,,,4,上市,113,-349848,,,,,0,,,,,,,,,,,,,,,,8831777,,,,5401141,,83211323,,23.13,2051895,2893538,,,,,,,,,3167300,,,9231625,,,484840,18063402,,,,,,,,,,,,,,3430636,7179730,15169864,0
,,,,61684,,,1459,聯發,,,-264789,,,,,,,,,,,,,,,,,,,,4,上市,113,-528645,,,,,,,,,,,,,,,,,,,,,3158360,,,,3152272,,41144531,,9.93,1262518,1873790,,,,,,,,,3586289,,,1701167,,,297733,4859527,,,,,,,,,,,,,,6088,438649,2985737,0
,,,,-907228,,,1460,宏遠,,,23914,,,,,,,,,,,,,,,,,,,,4,上市,113,-332836,,,,,,,,,,,,,,,,,,,,,5846233,,,,5846227,,20177533,,8.67,5742260,6467779,,,,,,,,,6946434,,,6429186,,,115943,12275419,,,,,,,,,,,,,,6,686926,5807640,0
,,,,792472,,,1463,強盛新,,,50589,,,,,,,,,,,,,,,,,,,,4,上市,113,-108791,,,,,0,,,,,,,,,,,,,,,,2864414,,,,2748866,,8874795,,16.72,595137,2302247,,,,,,,,,1732684,,,713490,,,281912,3577904,,,,,,,,,,,,,,115548,118353,1275657,0
,,,,1104321,,,1464,得力,,,-242791,,,,,,,,,,,,,,,,,,,,4,上市,113,,,,,,,,,,,,,,,,,,,,,,5966815,,,,5519580,,0,,13.54,6979594,9258316,,,,,,,,,4076396,,,10260166,,,581654,16226981,,,,,,,,,,,,,,447235,3280572,6968665,0
,,,,347649,,,1465,偉全,,,-14515,,,,,,,,,,,,,,,,,,,,4,上市,113,,,,,,,,,,,,,,,,,,,,,,1669518,,,,,,0,,16.11,168404,651594,,,,,,,,,1036073,,,251296,,,300311,1920814,,,,,,,,,,,,,,,82892,1269220,0
,,,,-75291,,,1466,聚隆,0,,-5069,,,,,,,,,,,,,,,,,,,,4,上市,113,0,,,,,0,,,,,,,,,,,,,,,,1494126,,,,1462786,,0,,13.16,777312,1455075,,,,,,,,,1111573,,,1959131,,,431573,3453257,,,,,,,,,,,,,,31340,1181819,1998182,0
,,,,205137,,,1467,南緯,,,94353,,,,,,,,,,,,,,,,,,,,4,上市,113,,,,,,0,,,,,,,,,,,,,,,,2996130,,,,2890257,,0,,12.37,3482696,4645624,,,,,,,,,2336247,,,5744309,,,254520,8740439,,,,,,,,,,,,,,105873,2261613,4094815,0
,,,,-336551,,,1468,昶和,,,83233,,,,,,,,,,,,,,,,,,,,4,上市,113,,,,,,,,,,,,,,,,,,,,,,1459589,,,,1377488,,0,,8.59,970131,1652106,,,,,,,,,1604053,,,1477731,,,26753,2937320,,,,,,,,,,,,,,82101,507600,1285214,0
,,,,168331,,,1470,大統新創,,,1628,,,,,,,,,,,,,,,,,,,,4,上市,113,,,,,,,,,,,,,,,,,,,,,,1034946,,,,1034946,,0,,12.07,167275,662447,,,,,,,,,857670,,,177463,,,7317,1212409,,,,,,,,,,,,,,,10188,549962,0
,,,,-739490,,,1471,首利,,,108176,,,,,,,,,,,,,,,,,,,,4,上市,113,,,,,,0,,,,,,,,,,,,,,,,1534000,,,,1458311,,0,,9.70,136511,1430117,,,,,,,,,1504145,,,177513,,,585480,1711513,,,,,,,,,,,,,,75689,41002,281396,0
,,,,736754,,,1472,三洋實業,,,4304,,,,,,,,,,,,,,,,,,,,4,上市,113,,,,,,,,,,,,,,,,,,,,,,2029719,,,,2029719,,0,,38.67,2221123,3587763,,,,,,,,,524881,,,2511442,,,763780,4541161,,,,,,,,,,,,,,,290319,953398,0
,,,,1718276,,,1473,台南,,,139416,,,,,,,,,,,,,,,,,,,,4,上市,113,0,,,,,0,,,,,,,,,,,,,,,,4143758,,,,4143758,,0,,28.35,1517280,3663142,,,,,,,,,1461535,,,1736539,,,824531,5880297,,,,,,,,,,,,,,,219259,2217155,0
,,,,849714,,,1474,弘裕,,,-61775,,,,,,,,,,,,,,,,,,,,4,上市,113,,,,,,0,,,,,,,,,,,,,,,,2173308,,,,2137644,,0,,16.46,1518797,2259928,,,,,,,,,1298970,,,1724000,,,50735,3897308,,,,,,,,,,,,,,35664,205203,1637380,0
,,,,752025,,,1475,業旺,,,,,,,,,,,,,,,,,,,,,,,4,上市,113,,,,,,,,,,,,,,,,,,,,,,1607044,,,,1607044,,0,,24.34,650126,2209902,,,,,,,,,660168,,,799293,,,194851,2406337,,,,,,,,,,,,,,,149167,196435,0
,,,,22080917,,,1476,儒鴻,,,327270,,,,,,,,,,,,,,,,,,,,4,上市,113,,,,,,,,,,,,,,,,,,,,,,28921661,,,,28921661,,0,,105.41,6766856,21508022,,,,,,,,,2743671,,,6943459,,,3769803,35865120,,,,,,,,,,,,,,,176603,14357098,0
,,,,5706320,,,1477,聚陽,,,303977,,,,,,,,,,,,,,,,,,,,4,上市,113,,,,,,0,,,,,,,,,,,,,,,,14768827,,,,14643567,,0,,59.36,8018759,16093287,,,,,,,,,2466937,,,8429424,,,6166333,23198251,,,,,,,,,,,,,,125260,410665,7104964,0
,,,,22049331,,,1503,士電,,,7583567,,,,,,,,,,,,,,,,,,,,4,上市,113,,,,,,,,,,,,,,,,,,,,,,38375083,,,,37537924,,0,,72.05,17372090,24573996,,,,,,,,,5209722,,,20019376,,,2695304,58394459,,,,,,,,,,,,,,837159,2647286,33820463,0
,,,,35593556,,,1504,東元,,,9396006,,,,,,,,,,,,,,,,,,,,4,上市,113,-511710,,,,,0,,,,,,,,,,,,,,,,81673053,,,,75482209,,29513022,,35.79,28496405,57266092,,,,,,,,,21387966,,,42637064,,,9616391,124310117,,,,,,,,,,,,,,6190844,14140659,67044025,0
,,,,-512535,,,1506,正道,,,-199936,,,,,,,,,,,,,,,,,,,,4,上市,113,,,,,,,,,,,,,,,,,,,,,,2789220,,,,2716150,,0,,9.04,290145,1098633,,,,,,,,,3003885,,,376214,,,424736,3165434,,,,,,,,,,,,,,73070,86069,2066801,0
,,,,-901107,,,1512,瑞利,,,571251,,,,,,,,,,,,,,,,,,,,4,上市,113,,,,,,0,,,,,,,,,,,,,,,,651979,,,,651979,,0,,6.64,358783,874538,,,,,,,,,981835,,,1991578,,,,2643557,,,,,,,,,,,,,,,1632795,1769019,0
,,,,7718405,,,1513,中興電,,,3397636,,,,,,,,,,,,,,,,,,,,4,上市,113,-116880,,,,,0,,,,,,,,,,,,,,,,19244921,,,,19037725,,9038676,,38.53,16744978,23103583,,,,,,,,,5031125,,,30022911,,,3007439,49267832,,,,,,,,,,,,,,207196,13277933,26164249,0
,,,,2144459,,,1514,亞力,,,-11378,,,,,,,,,,,,,,,,,,,,4,上市,113,-30866,,,,,0,,,,,,,,,,,,,,,,5866905,,,,5763669,,2194671,,21.72,5045854,8456608,,,,,,,,,2675872,,,5425017,,,985582,11291922,,,,,,,,,,,,,,103236,379163,2835314,0
,,,,2248871,,,1515,力山,,,-119135,,,,,,,,,,,,,,,,,,,,4,上市,113,,,,,,,,,,,,,,,,,,,,,,3973565,,,,3945057,,0,,21.74,3300569,3602617,,,,,,,,,1814735,,,3409186,,,586,7382751,,,,,,,,,,,,,,28508,108617,3780134,0
,,,,-209364,,,1516,川飛,,,-6022,,,,,,,,,,,,,,,,,,,,4,上市,113,,,,,,,,,,,,,,,,,,,,,,204881,,,,,,0,,5.12,9649,161082,,,,,,,,,400082,,,9649,,,20185,214530,,,,,,,,,,,,,,,,53448,0
,,,,1379150,,,1517,利奇,,,-69935,,,,,,,,,,,,,,,,,,,,4,上市,113,-20676,,,,,,,,,,,,,,,,,,,,,3725940,,,,3612473,,2385000,,16.18,619958,3038820,,,,,,,,,2256850,,,831482,,,67084,4557422,,,,,,,,,,,,,,113467,211524,1518602,0
,,,,5889870,,,1519,華城,,,-165746,,,,,,,,,,,,,,,,,,,,4,上市,113,,,,,,,,,,,,,,,,,,,,,,8773863,,,,8682790,,0,,30.24,12448085,18137555,,,,,,,,,2871644,,,13095534,,,87022,21869397,,,,,,,,,,,,,,91073,647449,3731842,0
,,,,1044208,,,1521,大億,,,493,,,,,,,,,,,,,,,,,,,,4,上市,113,,,,,,0,,,,,,,,,,,,,,,,1868279,,,,1868279,,0,,24.51,832709,1811739,,,,,,,,,762300,,,955955,,,61278,2824234,,,,,,,,,,,,,,,123246,1012495,0
,,,,4317578,,,1522,堤維西,,,-159777,,,,,,,,,,,,,,,,,,,,4,上市,113,-5996,,,,,0,,,,,,,,,,,,,,,,10487335,,,,10163231,,939707,,29.72,8905635,11857759,,,,,,,,,3428979,,,16732060,,,2582447,27219395,,,,,,,,,,,,,,324104,7826425,15361636,0
,,,,1387551,,,1524,耿鼎,0,,57173,,,,,,,,,,,,0,,,,,,,,4,上市,113,0,,,,,0,,,,,,,,,,,,,,,,3098835,,,,,,0,,18.75,799328,1768193,,,,,,,,,1653104,,,2131331,,,1007,5230166,,,,,,,,,,,,,,,1332003,3461973,0
,,,,4541113,,,1525,江申,,,-286263,,,,,,,,,,,,,,,,,,,,4,上市,113,,,,,,,,,,,,,,,,,,,,,,4990102,,,,4990102,,0,,67.98,608576,2538720,,,,,,,,,734001,,,865805,,,1251,5855907,,,,,,,,,,,,,,,257229,3317187,0
,,,,651141,,,1526,日馳,,,7080,,,,,,,,,,,,,,,,,,,,4,上市,113,,,,,,,,,,,,,,,,,,,,,,1353341,,,,1353341,,0,,22.56,328190,1551534,,,,,,,,,600000,,,1090797,,,95120,2444138,,,,,,,,,,,,,,,762607,892604,0
,,,,3493733,,,1527,鑽全,,,-9469,,,,,,,,,,,,,,,,,,,,4,上市,113,,,,,,,,,,,,,,,,,,,,,,4896832,,,,,,0,,35.34,644589,3810612,,,,,,,,,1385706,,,661920,,,26862,5558752,,,,,,,,,,,,,,,17331,1748140,0
,,,,184437,,,1528,恩德,,,-101792,,,,,,,,,,,,,,,,,,,,4,上市,113,0,,,,,,,,,,,,,,,,,,,,,2296876,,,,2231745,,0,,11.66,2572014,3638715,,,,,,,,,1913310,,,3008995,,,235790,5305871,,,,,,,,,,,,,,65131,436981,1667156,0
,,,,58301,,,1529,樂事綠能,0,,-2466,,,,,,,,,,,,,,,,,,,,4,上市,113,0,,,,,,,,,,,,,,,,,,,,,1757951,,,,1694012,,0,,10.92,595169,950185,,,,,,,,,1550951,,,1626615,,,87226,3384566,,,,,,,,,,,,,,63939,1031446,2434381,0
,,,,2576623,,,1530,亞崴,,,-2744,,,,,,,,,,,,,,,,,,,,4,上市,113,,,,,,0,,,,,,,,,,,,,,,,3725353,,,,3635337,,0,,37.64,2365299,3947304,,,,,,,,,965942,,,2667905,,,95516,6393258,,,,,,,,,,,,,,90016,302606,2445954,0
,,,,1782304,,,1531,高林股,,,-72125,,,,,,,,,,,,,,,,,,,,4,上市,113,0,,,,,0,,,,,,,,,,,,,,,,3730406,,,,3730406,,0,,20.48,387217,3120856,,,,,,,,,1821081,,,640823,,,199146,4371229,,,,,,,,,,,,,,,253606,1250373,0
,,,,8630577,,,1532,勤美,,,151352,,,,,,,,,,,,,,,,,,,,4,上市,113,,,,,,0,,,,,,,,,,,,,,,,19416571,,,,15335635,,0,,36.80,23797711,33634932,,,,,,,,,4167782,,,33428506,,,2385924,52845077,,,,,,,,,,,,,,4080936,9630795,19210145,0
,,,,1105278,,,1533,車王電,,,-215152,,,,,,,,,,,,,,,,,,,,4,上市,113,,,,,,0,,,,,,,,,,,,,,,,2658216,,,,2238475,,0,,22.71,4151584,4963626,,,,,,,,,985475,,,5966264,,,362874,8624480,,,,,,,,,,,,,,419741,1814680,3660854,0
,,,,1952037,,,1535,中宇,0,,-75604,,,,,,,,,,,,,,,,,,,,4,上市,113,0,,,,,,,,,,,,,,,,,,,,,3742514,,,,3742514,,0,,30.24,3150597,4270726,,,,,,,,,1237426,,,3414916,,,628655,7157430,,,,,,,,,,,,,,0,264319,2886704,0
,,,,2124240,,,1536,和大,,,-798,,,,,,,,,,,,,,,,,,,,4,上市,113,,,,,,,,,,,,,,,,,,,,,,8948267,,,,8827421,,0,,31.58,6419879,7204481,,,,,,,,,2795175,,,13494230,,,3908804,22442497,,,,,,,,,,,,,,120846,7074351,15238016,0
,,,,2954049,,,1537,廣隆,,,245916,,,,,,,,,,,,,,,,,,,,4,上市,113,,,,,,0,,,,,,,,,,,,,,,,4722071,,,,4722071,,0,,57.54,1153377,5249911,,,,,,,,,820628,,,1595899,,,701478,6317970,,,,,,,,,,,,,,,442522,1068059,0
,,,,-88779,,,1538,正峰,,,-45900,,,,,,,,,,,,,,,,,,,,4,上市,113,,,,,,0,,,,,,,,,,,,,,,,188387,,,,188387,,0,,5.83,71074,191447,,,,,,,,,323000,,,83517,,,66,271904,,,,,,,,,,,,,,,12443,80457,0
,,,,980436,,,1539,巨庭,,,3097,,,,,,,,,,,,,,,,,,,,4,上市,113,,,,,,0,,,,,,,,,,,,,,,,1637233,,,,1637233,,0,,25.05,398465,1084312,,,,,,,,,653700,,,615913,,,0,2253146,,,,,,,,,,,,,,0,217448,1168834,0
,,,,511264,,,1540,喬福,,,,,,,,,,,,,,,,,,,,,,,4,上市,113,,,,,,0,,,,,,,,,,,,,,,,1520252,,,,,,0,,17.79,289113,1489921,,,,,,,,,854736,,,308428,,,154252,1828680,,,,,,,,,,,,,,,19315,338759,0
,,,,1177549,,,1541,錩泰,,,26686,,,,,,,,,,,,,,,,,,,,4,上市,113,,,,,,0,,,,,,,,,,,,,,,,1993599,,,,1993599,,0,,25.30,761498,1846137,,,,,,,,,788000,,,1164000,,,1364,3157599,,,,,,,,,,,,,,,402502,1311462,0
,,,,3209633,,,1558,伸興,,,-200145,,,,,,,,,,,,,,,,,,,,4,上市,113,,,,,,,,,,,,,,,,,,,,,,9078111,,,,5565105,,0,,83.64,2881231,6494159,,,,,,,,,665356,,,4062593,,,1890261,13140704,,,,,,,,,,,,,,3513006,1181362,6646545,0
,,,,4053261,,,1560,中砂,,,-15582,,,,,,,,,,,,,,,,,,,,4,上市,113,,,,,,,,,,,,,,,,,,,,,,7426315,,,,7134046,,0,,48.88,1474912,5236594,,,,,,,,,1459504,,,3624548,,,1636863,11050863,,,,,,,,,,,,,,292269,2149636,5814269,0
,,,,4980922,,,1563,巧新,,,-8414,,,,,,,,,,,,,,,,,,,,4,上市,113,-94557,,,,,0,,,,,,,,,,,,,,,,9815338,,,,9815338,,1570000,,41.55,3416754,9329628,,,,,,,,,2377841,,,7704206,,,2559546,17519544,,,,,,,,,,,,,,,4287452,8189916,0
,,,,686549,,,1568,倉佑,,,-1827,,,,,,,,,,,,,,,,,,,,4,上市,113,-11780,,,,,,,,,,,,,,,,,,,,,1900062,,,,1863308,,740000,,18.21,354442,987289,,,,,,,,,1030865,,,426488,,,159501,2326550,,,,,,,,,,,,,,36754,72046,1339261,0
,,,,3189456,,,1582,信錦,,,-272779,,,,,,,,,,,,,,,,,,,,4,上市,113,,,,,,,,,,,,,,,,,,,,,,8076480,,,,7730912,,0,,53.59,4411530,9915871,,,,,,,,,1442686,,,5104319,,,3371549,13180799,,,,,,,,,,,,,,345568,692789,3264928,0
,,,,5147558,,,1583,程泰,,,2268,,,,,,,,,,,,,,,,,,,,4,上市,113,,,,,,0,,,,,,,,,,,,,,,,8413064,,,,6577506,,0,,59.58,4531995,9936503,,,,,,,,,1104004,,,6438173,,,323676,14851237,,,,,,,,,,,,,,1835558,1906178,4914734,0
,,,,260024,,,1587,吉茂,,,-50087,,,,,,,,,,,,,,,,,,,,4,上市,113,0,,,,,0,,,,,,,,,,,,,,,,1557462,,,,1557462,,0,,19.45,1480625,1945548,,,,,,,,,800556,,,1843432,,,546969,3400894,,,,,,,,,,,,,,,362807,1455346,0
,,,,1641693,,,1589,永冠-KY,,,-932269,,,,,,,,,,,,,,,,,,,,4,上市,113,,,,,,,,,,,,,,,,,,,,,,9300196,,,,8981255,,0,,67.46,7729808,9828147,,,,,,,,,1331359,,,16461930,,,6940472,25762126,,,,,,,,,,,,,,318941,8732122,15933979,0
,,,,31173887,,,1590,亞德客-KY,,,-127364,,,,,,,,,,,,,,,,,,,,4,上市,113,,,,,,,,,,,,,,,,,,,,,,47899118,,,,47892668,,0,,239.46,9103465,25418593,,,,,,,,,2000000,,,9661690,,,14846145,57560808,,,,,,,,,,,,,,6450,558225,32142215,0
,,,,1203127,,,1597,直得,,,-2481,,,,,,,,,,,,,,,,,,,,4,上市,113,-147570,,,,,0,,,,,,,,,,,,,,,,2391816,,,,2391816,,2000000,,27.41,678183,1916919,,,,,,,,,892619,,,1768111,,,446121,4159927,,,,,,,,,,,,,,,1089928,2243008,0
,,,,628320,,,1598,岱宇,,,-26103,,,,,,,,,,,,,,,,,,,,4,上市,113,-408690,,,,,0,,,,,,,,,,,,,,,,4951581,,,,4548961,,8963000,,28.76,3932853,5016004,,,,,,,,,1671420,,,6172217,,,2684014,11123798,,,,,,,,,,,,,,402620,2239364,6107794,0
,,,,6367298,,,1603,華電,,,393429,,,,,,,,,,,,,,,,,,,,4,上市,113,-2244172,,,,,,,,,,,,,,,,,,,,,7129408,,,,7040279,,32841809,,44.32,2958524,6360824,,,,,,,,,1916880,,,3713324,,,606844,10842732,,,,,,,,,,,,,,89129,754800,4481908,0
,,,,5338302,,,1604,聲寶,,,-135184,,,,,,,,,,,,,,,,,,,,4,上市,113,-777873,,,,,,,,,,,,,,,,,,,,,8990764,,,,8560622,,20431605,,23.53,4014027,4342543,,,,,,,,,3842000,,,8678470,,,293377,17669234,,,,,,,,,,,,,,430142,4664443,13326691,0
,,,,58959692,,,1605,華新,,,4389826,,,,,,,,,,,,,,,,,,,,4,上市,113,,,,,,,,,,,,,,,,,,,,,,147408548,,,,137255194,,0,,34.05,59759646,83061819,,,,,,,,,40313329,,,126082477,,,33592347,273491025,,,,,,,,,,,,,,10153354,66322831,190429206,0
,,,,2101828,,,1608,華榮,,,-6872,,,,,,,,,,,,,,,,,,,,4,上市,113,-968671,,,,,,,,,,,,,,,,,,,,,8986064,,,,7807900,,208563824,,18.41,3896534,7405001,,,,,,,,,6327735,,,4869887,,,353880,13855951,,,,,,,,,,,,,,1178164,973353,6450950,0
,,,,5455962,,,1609,大亞,0,,281529,,,,,,,,,,,,,,,,,,,,4,上市,113,-12787,,,,,,,,,,,,,,,,,,,,0,18383216,,,,15794230,,2283173,,20.48,19774353,23503545,,,,,,,,,7736571,,,37523965,,,2332955,55907181,,,,,,,,,,,,,,2588986,17749612,32403636,0
,,,,1072932,,,1611,中電,,,214679,,,,,,,,,,,,,,,,,,,,4,上市,113,,,,,,,,,,,,,,,,,,,,,,4520809,,,,4520809,,0,,14.01,833802,2206673,,,,,,,,,3227358,,,1014988,,,5840,5535797,,,,,,,,,,,,,,,181186,3329124,0
,,,,4349081,,,1612,宏泰,,,-103909,,,,,,,,,,,,,,,,,,,,4,上市,113,,,,,,,,,,,,,,,,,,,,,,7600076,,,,7597677,,0,,24.04,902831,4933203,,,,,,,,,3160801,,,1062773,,,191704,8662849,,,,,,,,,,,,,,2399,159942,3729646,0
,,,,2522116,,,1614,三洋電,,,185415,,,,,,,,,,,,,,,,,,,,4,上市,113,-132298,,,,,0,,,,,,,,,,,,,,,,5615260,,,,5570335,,10182744,,21.51,862664,2704268,,,,,,,,,2691134,,,1335319,,,303968,6950579,,,,,,,,,,,,,,44925,472655,4246311,0
,,,,1629274,,,1615,大山,,,81715,,,,,,,,,,,,,,,,,,,,4,上市,113,,,,,,,,,,,,,,,,,,,,,,3583977,,,,3583977,,0,,19.14,1419324,2969091,,,,,,,,,1872988,,,1618812,,,0,5202789,,,,,,,,,,,,,,,199488,2233698,0
,,,,399541,,,1616,億泰,,,-49082,,,,,,,,,,,,,,,,,,,,4,上市,113,-85077,,,,,,,,,,,,,,,,,,,,,2209347,,,,2209347,,4654499,,11.66,2155590,3519866,,,,,,,,,1941485,,,2171278,,,2480,4380625,,,,,,,,,,,,,,,15688,860759,0
,,,,448589,,,1617,榮星,,,-87313,,,,,,,,,,,,,,,,,,,,4,上市,113,0,,,,,0,,,,,,,,,,,,,,,,2325250,,,,2313521,,0,,13.65,1331494,2526161,,,,,,,,,1695147,,,1408672,,,257098,3733922,,,,,,,,,,,,,,11729,77178,1207761,0
,,,,2919298,,,1618,合機,,,1111034,,,,,,,,,,,,,,,,,,,,4,上市,113,,,,,,0,,,,,,,,,,,,,,,,6057275,,,,6057275,,0,,31.44,1630635,3734059,,,,,,,,,1926917,,,1679413,,,100026,7736688,,,,,,,,,,,,,,,48778,4002629,0
,,,,1154020,,,1623,大東電,0,,60597,,,,,,,,,,,,,,,,,,,,4,上市,113,,,,,,0,,,,,,,,,,,,,,,,2528102,,,,2528102,,0,,42.14,2818613,4869826,,,,,,,,,600000,,,3874005,,,713485,6402107,,,,,,,,,,,,,,0,1055392,1532281,0
,,,,486708,,,1626,艾美特-KY,,,-236476,,,,,,,,,,,,,,,,,,,,4,上市,113,,,,,,0,,,,,,,,,,,,,,,,2947079,,,,2947079,,0,,19.67,5812826,5901314,,,,,,,,,1498217,,,6087904,,,1198630,9034983,,,,,,,,,,,,,,,275078,3133669,0
,,,,4802846,,,1702,南僑,,,-216196,,,,,,,,,,,,,,,,,,,,4,上市,113,-530114,,,,,,,,,,,,,,,,,,,,,14839522,,,,11796469,,46041259,,47.55,7924332,15695412,,,,,,,,,2941330,,,18094221,,,4798603,32933743,,,,,,,,,,,,,,3043053,10169889,17238331,0
,,,,5730489,,,1707,葡萄王,,,-34761,,,,,,,,,,,,,,,,,,,,4,上市,113,0,,,,,,,,,,,,,,,,,,,,,11790695,,,,10055699,,0,,67.88,3323043,5596174,,,,,,,,,1481374,,,3532943,,,2878597,15323638,,,,,,,,,,,,,,1734996,209900,9727464,0
,,,,4485474,,,1708,東鹼,,,218528,,,,,,,,,,,,,,,,,,,,4,上市,113,,,,,,,,,,,,,,,,,,,,,,7253189,,,,7253189,,0,,29.13,3461227,4037419,,,,,,,,,2490017,,,6458016,,,59170,13711205,,,,,,,,,,,,,,,2996789,9673786,0
,,,,2941423,,,1709,和益,,,1282913,,,,,,,,,,,,,,,,,,,,4,上市,113,,,,,,,,,,,,,,,,,,,,,,9339793,,,,9070638,,0,,19.02,2030488,5186544,,,,,,,,,4770163,,,3440280,,,76139,12780073,,,,,,,,,,,,,,269155,1409792,7593529,0
,,,,4040214,,,1710,東聯,,,-3074397,,,,,,,,,,,,,,,,,,,,4,上市,113,-118460,,,,,,,,,,,,,,,,,,,,,13353914,,,,10796330,,8675554,,12.31,8953973,5409416,,,,,,,,,8857031,,,18081163,,,1091942,31435077,,,,,,,,,,,,,,2557584,9127190,26025661,0
,,,,2547678,,,1711,永光,,,35704,,,,,,,,,,,,,,,,,,,,4,上市,113,,,,,,0,,,,,,,,,,,,,,,,8809155,,,,8536140,,0,,15.58,3084425,6772950,,,,,,,,,5477522,,,4434046,,,475236,13243201,,,,,,,,,,,,,,273015,1349621,6470251,0
,,,,3967049,,,1712,興農,,,-166147,,,,,,,,,,,,,,,,,,,,4,上市,113,,,,,,,,,,,,,,,,,,,,,,8530882,,,,8470434,,0,,20.14,5295257,8155916,,,,,,,,,4204926,,,6897339,,,464606,15428221,,,,,,,,,,,,,,60448,1602082,7272305,0
,,,,2568332,,,1713,國化,,,175751,,,,,,,,,,,,,,,,,,,,4,上市,113,0,,,,,,,,,,,,,,,,,,,,,4346558,,,,,,0,,28.79,137562,1689486,,,,,,,,,1509517,,,222786,,,92958,4569344,,,,,,,,,,,,,,,85224,2879858,0
,,,,3242824,,,1714,和桐,,,-915251,,,,,,,,,,,,,,,,,,,,4,上市,113,-78973,,,,,0,,,,,,,,,,,,,,,,16928654,,,,12495414,,10141558,,12.41,3818582,14735576,,,,,,,,,10168248,,,6641546,,,78566,23570200,,,,,,,,,,,,,,4433240,2822964,8834624,0
,,,,14917986,,,1717,長興,,,260102,,,,,,,,,,,,,,,,,,,,4,上市,113,,,,,,,,,,,,,,,,,,,,,,28990976,,,,28314411,,0,,24.03,18383855,34218594,,,,,,,,,11782655,,,33428507,,,1353668,62419483,,,,,,,,,,,,,,676565,15044652,28200889,0
,,,,2633385,,,1718,中纖,,,1221655,,,,,,,,,,,,,,,,,,,,4,上市,113,-1135056,,,,,,,,,,,,,,,,,,,,,,84057524,,,21291278,,344225645,,15.87,883413218,745922400,,,,,,,,,16859057,,,912523079,,,1712237,996580603,,,,,,,,,,,,,,62766246,29109861,250658203,0
,,,,3709795,,,1720,生達,,,108131,,,,,,,,,,,,,,,,,,,,4,上市,113,,,,,,0,,,,,,,,,,,,,,,,8976068,,,,5905015,,0,,33.05,1660932,5001892,,,,,,,,,1786961,,,2199477,,,300128,11175545,,,,,,,,,,,,,,3071053,538545,6173653,0
,,,,35199,,,1721,國慶科技,,,12355,,,,,,,,,,,,,,,,,,,,4,上市,113,,,,,,,,,,,,,,,,,,,,,,1938650,,,,1938650,,0,,10.49,713834,1686800,,,,,,,,,1848841,,,1478129,,,42255,3416779,,,,,,,,,,,,,,,764295,1729979,0
,,,,39194342,,,1722,台肥,0,,4449785,,,,,,,,,,,,,,,,,,,,4,上市,113,0,,,,,0,,,,,,,,,,,,,,,,55689235,,,,55689235,,0,,56.83,1775573,9214349,,,,,,,,,9800000,,,25417955,,,2245108,81107190,,,,,,,,,,,,,,0,23642382,71892841,0
,,,,5311067,,,1723,中碳,,,-317861,,,,,,,,,,,,,,,,,,,,4,上市,113,-117638,,,,,,,,,,,,,,,,,,,,,8216596,,,,8216596,,4753537,,35.39,1265142,3771850,,,,,,,,,2369044,,,3248864,,,971984,11465460,,,,,,,,,,,,,,0,1983722,7693610,0
,,,,1262827,,,1725,元禎,,,2475820,,,,,,,,,,,,,,,,,,,,4,上市,113,0,,,,,,,,,,,,,,,,,,,,,5559234,,,,5559234,,0,,30.57,2589215,7166747,,,,,,,,,1818300,,,2665979,,,2287,8225213,,,,,,,,,,,,,,0,76764,1058466,0
,,,,8615199,,,1726,永記,,,-80878,,,,,,,,,,,,,,,,,,,,4,上市,113,,,,,,,,,,,,,,,,,,,,,,10264194,,,,10264194,,0,,63.36,1468820,7858534,,,,,,,,,1620000,,,1582450,,,109873,11846644,,,,,,,,,,,,,,,113630,3988110,0
,,,,449110,,,1727,中華化,,,0,,,,,,,,,,,,,,,,,,,,4,上市,113,,,,,,,,,,,,,,,,,,,,,,2071874,,,,2071874,,0,,16.65,767013,993638,,,,,,,,,1253655,,,963505,,,369109,3035379,,,,,,,,,,,,,,0,196492,2041741,0
,,,,1098993,,,1730,花仙子,,,-17400,,,,,,,,,,,,,,,,,,,,4,上市,113,,,,,,,,,,,,,,,,,,,,,,2079776,,,,1948589,,0,,30.82,525133,1933683,,,,,,,,,632339,,,542606,,,234657,2622382,,,,,,,,,,,,,,131187,17473,688699,0
,,,,647872,,,1731,美吾華,,,-62362,,,,,,,,,,,,,,,,,,,,4,上市,113,,,,,,,,,,,,,,,,,,,,,,2106819,,,,2106819,,0,,15.85,432556,1140097,,,,,,,,,1329152,,,1071487,,,192157,3178306,,,,,,,,,,,,,,,638931,2038209,0
,,,,69175,,,1732,毛寶,,,-2545,,,,,,,,,,,,,,,,,,,,4,上市,113,,,,,,0,,,,,,,,,,,,,,,,493773,,,,493773,,0,,11.63,132748,415557,,,,,,,,,424439,,,162987,,,2704,656760,,,,,,,,,,,,,,,30239,241203,0
,,,,744057,,,1733,五鼎,,,11670,,,,,,,,,,,,,,,,,,,,4,上市,113,,,,,,,,,,,,,,,,,,,,,,1824231,,,,1823597,,0,,18.25,477775,1643061,,,,,,,,,999502,,,595704,,,68368,2419935,,,,,,,,,,,,,,634,117929,776874,0
,,,,648425,,,1734,杏輝,,,-120762,,,,,,,,,,,,,,,,,,,,4,上市,113,,,,,,,,,,,,,,,,,,,,,,3546177,,,,3263201,,0,,18.01,1422809,2624355,,,,,,,,,1811398,,,2752078,,,924140,6298255,,,,,,,,,,,,,,282976,1329269,3673900,0
,,,,466413,,,1735,日勝化,,,14793,,,,,,,,,,,,,,,,,,,,4,上市,113,,,,,,,,,,,,,,,,,,,,,,1573103,,,,1573103,,0,,15.83,1428597,1615118,,,,,,,,,993880,,,1706868,,,98017,3279971,,,,,,,,,,,,,,,278271,1664853,0
,,,,10323436,,,1736,喬山,,,-1750325,,,,,,,,,,,,,,,,,,,,4,上市,113,-5780,,,,,,,,,,,,,,,,,,,,,12044550,,,,12037344,,95000,,39.69,20789156,30307691,,,,,,,,,3033946,,,31570868,,,436067,43615418,,,,,,,,,,,,,,7206,10781712,13307727,0
,,,,2164890,,,1737,臺鹽,,,-2631,,,,,,,,,,,,,,,,,,,,4,上市,113,,,,,,,,,,,,,,,,,,,,,,6667617,,,,6664089,,0,,33.32,1165150,2927423,,,,,,,,,2000000,,,1713556,,,2501830,8381173,,,,,,,,,,,,,,3528,548406,5453750,0
,,,,1086308,,,1752,南光,,,-35,,,,,,,,,,,,,,,,,,,,4,上市,113,,,,,,0,,,,,,,,,,,,,,,,2421961,,,,2421961,,0,,23.98,1142819,1455987,,,,,,,,,1009885,,,1390913,,,325803,3812874,,,,,,,,,,,,,,,248094,2356887,0
,,,,273357,,,1760,寶齡富錦,,,-15437,,,,,,,,,,,,,,,,,,,,4,上市,113,,,,,,0,,,,,,,,,,,,,,,,1922180,,,,1922180,,0,,22.42,1027468,1510457,,,,,,,,,857391,,,1285825,,,806869,3208005,,,,,,,,,,,,,,,258357,1697548,0
,,,,2311979,,,1762,中化生,,,-65165,,,,,,,,,,,,,,,,,,,,4,上市,113,,,,,,0,,,,,,,,,,,,,,,,3356940,,,,3356940,,0,,43.28,425288,1441225,,,,,,,,,775600,,,1405798,,,334526,4762738,,,,,,,,,,,,,,0,980510,3321513,0
,,,,7194008,,,1773,勝一,,,-24766,,,,,,,,,,,,,,,,,,,,4,上市,113,0,,,,,,,,,,,,,,,,,,,,,9772966,,,,9772966,,0,,39.09,3464954,3947648,,,,,,,,,2500000,,,5819147,,,103724,15592113,,,,,,,,,,,,,,0,2354193,11644465,0
,,,,351281,,,1776,展宇,,,-46601,,,,,,,,,,,,,,,,,,,,4,上市,113,,,,,,,,,,,,,,,,,,,,,,1022540,,,,918854,,0,,15.29,340349,1239655,,,,,,,,,601070,,,659900,,,13104,1682440,,,,,,,,,,,,,,103686,319551,442785,0
,,,,344120,,,1783,和康生,,,-192686,,,,,,,,,,,,,,,,,,,,4,上市,113,,,,,,0,,,,,,,,,,,,,,,,1375127,,,,1375127,,0,,15.33,205869,830334,,,,,,,,,896761,,,207362,,,326932,1582489,,,,,,,,,,,,,,,1493,752155,513000
,,,,335247,,,1786,科妍,,,-824,,,,,,,,,,,,,,,,,,,,4,上市,113,,,,,,,,,,,,,,,,,,,,,,1897051,,,,1897051,,0,,26.42,337070,1166418,,,,,,,,,718547,,,457425,,,844081,2354476,,,,,,,,,,,,,,,120355,1188058,0
,,,,1449900,,,1789,神隆,,,-126177,,,,,,,,,,,,,,,,,,,,4,上市,113,,,,,,0,,,,,,,,,,,,,,,,10525804,,,,10525804,,0,,13.31,767682,6608090,,,,,,,,,7907392,,,1416934,,,1294689,11942738,,,,,,,,,,,,,,,649252,5334648,0
,,,,12660106,,,1795,美時,,,-1520836,,,,,,,,,,,,,,,,,,,,4,上市,113,-48386,,,,,0,,,,,,,,,,,,,,,,21180426,,,,21180426,,464000,,79.81,8438124,18098279,,,,,,,,,2658583,,,18920717,,,7430959,40101143,,,,,,,,,,,,,,,10482593,22002864,0
,,,,18838947,,,1802,台玻,,,-1408102,,,,,,,,,,,,,,,,,,,,4,上市,113,,,,,,,,,,,,,,,,,,,,,,51367268,,,,48436671,,0,,16.66,31195281,36395702,,,,,,,,,29080608,,,39008464,,,1925218,90375732,,,,,,,,,,,,,,2930597,7813183,53980030,0
,,,,31972,,,1805,寶徠,,,-8066,,,,,,,,,,,,,,,,,,,,4,上市,113,0,,,,,0,,,,,,,,,,,,,,,,1181964,,,,1181964,,0,,11.26,858066,1836383,,,,,,,,,1049705,,,887523,,,108353,2069487,,,,,,,,,,,,,,0,29457,233104,0
,,,,1147810,,,1806,冠軍,,,403090,,,,,,,,,,,,,,,,,,,,4,上市,113,-46592,,,,,0,,,,,,,,,,,,,,,,5566346,,,,5566346,,3887000,,14.40,1089246,4480403,,,,,,,,,3904039,,,2749632,,,157999,8315978,,,,,,,,,,,,,,0,1660386,3835575,0
,,,,4283399,,,1808,潤隆,,,309213,,,,,,,,,,,,,,,,,,,,4,上市,113,,,,,,,,,,,,,,,,,,,,,,14539924,,,,14539924,,0,,14.65,27053173,46792370,,,,,,,,,9922575,,,36973337,,,24737,51513261,,,,,,,,,,,,,,,9920164,4720891,0
,,,,1256028,,,1809,中釉,,,-98663,,,,,,,,,,,,,,,,,,,,4,上市,113,,,,,,,,,,,,,,,,,,,,,,3376651,,,,2956291,,0,,17.70,975677,2004872,,,,,,,,,1670419,,,1158556,,,128507,4535207,,,,,,,,,,,,,,420360,182879,2530335,0
,,,,3139684,,,1810,和成,,,664715,,,,,,,,,,,,,,,,,,,,4,上市,113,-4781,,,,,,,,,,,,,,,,,,,,,6902158,,,,6839502,,445484,,22.66,2694155,4494463,,,,,,,,,3023037,,,3540915,,,16847,10443073,,,,,,,,,,,,,,62656,846760,5948610,0
,,,,1430445,,,1817,凱撒衛,,,-193592,,,,,,,,,,,,,,,,,,,,4,上市,113,0,,,,,,,,,,,,,,,,,,,,,2287850,,,,2246408,,0,,30.94,298358,1731884,,,,,,,,,726000,,,560438,,,283555,2848288,,,,,,,,,,,,,,41442,262080,1116404,0
,,,,116975,,,1903,士紙,,,2556956,,,,,,,,,,,,,,,,,,,,4,上市,113,,,,,,,,,,,,,,,,,,,,,,5274322,,,,5274322,,0,,20.28,3314361,3594506,,,,,,,,,2600391,,,4990734,,,0,10265056,,,,,,,,,,,,,,,1676373,6670550,0
,,,,17587728,,,1904,正隆,,,-296103,,,,,,,,,,,,,,,,,,,,4,上市,113,,,,,,,,,,,,,,,,,,,,,,30470076,,,,29530770,,0,,26.65,17626254,24846622,,,,,,,,,11082745,,,42039557,,,1156400,72509633,,,,,,,,,,,,,,939306,24413303,47663011,0
,,,,2762028,,,1905,華紙,,,2005942,,,,,,,,,,,,,,,,,,,,4,上市,113,-136726,,,,,,,,,,,,,,,,,,,,,18192706,,,,15698077,,15944000,,14.44,16058702,18795963,,,,,,,,,11028353,,,20425027,,,38480,38617733,,,,,,,,,,,,,,2494629,4366325,19821770,0
,,,,2634940,,,1906,寶隆,,,-786844,,,,,,,,,,,,,,,,,,,,4,上市,113,,,,,,,,,,,,,,,,,,,,,,3367676,,,,,,0,,22.30,2161362,373876,,,,,,,,,1510000,,,2486312,,,9580,5853988,,,,,,,,,,,,,,,324950,5480112,0
,,,,23511661,,,1907,永豐餘,,,22020012,,,,,,,,,,,,,,,,,,,,4,上市,113,,,,,,,,,,,,,,,,,,,,,,82597629,,,,66000458,,0,,39.75,43309885,65154219,,,,,,,,,16603715,,,78803354,,,3865070,161400983,,,,,,,,,,,,,,16597171,35493469,96246764,0
,,,,5279058,,,1909,榮成,,,-1466154,,,,,,,,,,,,,,,,,,,,4,上市,113,-31894,,,,,,,,,,,,,,,,,,,,,21440057,,,,21401721,,2038000,,16.14,20298971,12194500,,,,,,,,,13276857,,,47089622,,,4343854,68529679,,,,,,,,,,,,,,38336,26790651,56335179,0
,,,,118887471,,,2002,中鋼,,,-3478031,,,,,,,,,,,,,,,,,,,,4,上市,113,-12923473,,,,,,,,,,,,,,,,,,,,,341485894,,,,301300171,,674286000,,19.96,146943284,192898503,,,,,,,,,157731290,,,353573443,,,41082914,695059337,,,,,,,,,,,,,,40185723,206630159,502160834,0
,,,,17851792,,,2006,東和鋼鐵,,,-256750,,,,,,,,,,,,,,,,,,,,4,上市,113,,,,,,,,,,,,,,,,,,,,,,32762096,,,,32639488,,0,,44.70,18695482,31108048,,,,,,,,,7302138,,,22118521,,,7742308,54880617,,,,,,,,,,,,,,122608,3423039,23772569,0
,,,,-536365,,,2007,燁興,,,14744,,,,,,,,,,,,,,,,,,,,4,上市,113,0,,,,,0,,,,,,,,,,,,,,,,5324785,,,,,,0,,10.03,3353523,2081875,,,,,,,,,5306516,,,7345568,,,539890,12670353,,,,,,,,,,,,,,,3992045,10588478,0
,,,,1205655,,,2008,高興昌,,,428231,,,,,,,,,,,,,,,,,,,,4,上市,113,0,,,,,,,,,,,,,,,,,,,,,3542409,,,,,,0,,18.56,2010178,2194053,,,,,,,,,1908523,,,4322063,,,0,7864472,,,,,,,,,,,,,,,2311885,5670419,0
,,,,630039,,,2009,第一銅,,,2945739,,,,,,,,,,,,,,,,,,,,4,上市,113,,,,,,0,,,,,,,,,,,,,,,,7172000,,,,,,0,,19.94,1612364,2343677,,,,,,,,,3596222,,,1879542,,,0,9051542,,,,,,,,,,,,,,,267178,6707865,0
,,,,5760474,,,2010,春源,,,-150875,,,,,,,,,,,,,,,,,,,,4,上市,113,,,,,,,,,,,,,,,,,,,,,,12647937,,,,12264117,,0,,18.94,8107959,14537945,,,,,,,,,6476554,,,9697558,,,177964,22345495,,,,,,,,,,,,,,383820,1589599,7807550,0
,,,,1435845,,,2012,春雨,,,-442934,,,,,,,,,,,,,,,,,,,,4,上市,113,-267195,,,,,0,,,,,,,,,,,,,,,,5131368,,,,4270019,,23430172,,15.32,3324535,8133740,,,,,,,,,3021627,,,6991214,,,522676,12122582,,,,,,,,,,,,,,861349,3666679,3988842,0
,,,,2189128,,,2013,中鋼構,,,-136517,,,,,,,,,,,,,,,,,,,,4,上市,113,,,,,,,,,,,,,,,,,,,,,,5428524,,,,5428524,,0,,27.14,8750458,10428826,,,,,,,,,2000000,,,9358680,,,1375913,14787204,,,,,,,,,,,,,,,608222,4358378,0
,,,,998894,,,2014,中鴻,,,-1169961,,,,,,,,,,,,,,,,,,,,4,上市,113,,,,,,,,,,,,,,,,,,,,,,14185367,,,,14185367,,0,,9.88,7775196,11469662,,,,,,,,,14355444,,,16286021,,,990,30471388,,,,,,,,,,,,,,,8510825,19001726,0
,,,,16237037,,,2015,豐興,,,-246525,,,,,,,,,,,,,,,,,,,,4,上市,113,,,,,,,,,,,,,,,,,,,,,,22261178,,,,22261178,,0,,38.28,3673004,12347990,,,,,,,,,5815994,,,4427207,,,454672,26688385,,,,,,,,,,,,,,,754203,14340395,0
,,,,120730,,,2017,官田鋼,,,271345,,,,,,,,,,,,,,,,,,,,4,上市,113,-267966,,,,,,,,,,,,,,,,,,,,,7000394,,,,5172230,,19533437,,12.10,3577094,4257120,,,,,,,,,4468747,,,6235855,,,579374,13236249,,,,,,,,,,,,,,1828164,2658761,8979129,0
,,,,1521279,,,2020,美亞,,,108346,,,,,,,,,,,,,,,,,,,,4,上市,113,,,,,,,,,,,,,,,,,,,,,,4591085,,,,4581560,,0,,17.16,2855394,4938954,,,,,,,,,2670313,,,3695421,,,281622,8286506,,,,,,,,,,,,,,9525,840027,3347552,0
,,,,-150774,,,2022,聚亨,,,43029,,,,,,,,,,,,,,,,,,,,4,上市,113,,,,,,,,,,,,,,,,,,,,,,6670137,,,,3376630,,0,,10.01,2223379,4674853,,,,,,,,,3371682,,,2535622,,,112693,9205759,,,,,,,,,,,,,,3293507,312243,4530906,0
,,,,14403406,,,2023,燁輝,,,-103315,,,,,,,,,,,,,,,,,,,,4,上市,113,-223907,,,,,0,,,,,,,,,,,,,,,,39334674,,,,38494093,,15000000,,19.65,29828865,27950044,,,,,,,,,19742172,,,62019232,,,4675737,101353906,,,,,,,,,,,,,,840581,32190367,73403862,0
,,,,135182,,,2024,志聯,0,,0,,,,,,,,,,,,0,,,,,,,,4,上市,113,,,,,,0,,,,,,,,,,,,,,,,1120831,,,,,,0,,11.50,413606,827352,,,,,,,,,975000,,,671199,,,10649,1792030,,,,,,,,,,,,,,,257593,964678,0
,,,,-257346,,,2025,千興,,,-4709,,,,,,,,,,,,,,,,,,,,4,上市,113,,,,,,,,,,,,,,,,,,,,,,1464550,,,,,,0,,8.48,83033,1065409,,,,,,,,,1726605,,,85396,,,,1549946,,,,,,,,,,,,,,,2363,484537,0
,,,,19024070,,,2027,大成鋼,,,5411695,,,,,,,,,,,,,,,,,,,,4,上市,113,-4388208,,,,,,,,,,,,,,,,,,,,,79770272,,,,67545184,,290352255,,31.51,23489941,75766247,,,,,,,,,24342606,,,57977442,,,23155021,137747714,,,,,,,,,,,,,,12225088,34487501,61981467,0
,,,,1077191,,,2028,威致,,,373427,,,,,,,,,,,,,,,,,,,,4,上市,113,-40711,,,,,,,,,,,,,,,,,,,,,4667055,,,,,,1693000,,14.40,3379253,5235499,,,,,,,,,3257148,,,5245108,,,,9912163,,,,,,,,,,,,,,,1865855,4676664,
,,,,5437058,,,2029,盛餘,,,5496,,,,,,,,,,,,,,,,,,,,4,上市,113,,,,,,0,,,,,,,,,,,,,,,,10285180,,,,10211718,,0,,31.79,1140567,8233940,,,,,,,,,3211800,,,1227728,,,1557364,11512908,,,,,,,,,,,,,,73462,87161,3278968,0
,,,,1866083,,,2030,彰源,,,-26785,,,,,,,,,,,,,,,,,,,,4,上市,113,-40337,,,,,,,,,,,,,,,,,,,,,5067692,,,,5067692,,2314000,,18.22,3770720,7033350,,,,,,,,,2805260,,,7022416,,,463471,12090108,,,,,,,,,,,,,,,3251696,5056758,0
,,,,6613259,,,2031,新光鋼,,,881404,,,,,,,,,,,,,,,,,,,,4,上市,113,,,,,,,,,,,,,,,,,,,,,,12348782,,,,11649571,,0,,36.27,10050923,15967145,,,,,,,,,3211463,,,17202635,,,943445,29551417,,,,,,,,,,,,,,699211,7151712,13584272,0
,,,,304849,,,2032,新鋼,,,398,,,,,,,,,,,,,,,,,,,,4,上市,113,,,,,,0,,,,,,,,,,,,,,,,1717473,,,,,,0,,13.16,106468,1133448,,,,,,,,,1305215,,,254545,,,107011,1972018,,,,,,,,,,,,,,,148077,838570,0
,,,,146675,,,2033,佳大,,,71820,,,,,,,,,,,,,,,,,,,,4,上市,113,0,,,,,0,,,,,,,,,,,,,,,,1043478,,,,,,0,,12.93,138126,466915,,,,,,,,,806945,,,154859,,,18038,1198337,,,,,,,,,,,,,,,16733,731422,0
,,,,1378559,,,2034,允強,,,1473852,,,,,,,,,,,,,,,,,,,,4,上市,113,,,,,,,,,,,,,,,,,,,,,,10511562,,,,10511562,,0,,20.21,7658260,9727799,,,,,,,,,5202256,,,11967010,,,2456895,22478572,,,,,,,,,,,,,,,4308750,12750773,0
,,,,603513,,,2038,海光,,,1080825,,,,,,,,,,,,,,,,,,,,4,上市,113,,,,,,,,,,,,,,,,,,,,,,4205370,,,,3983623,,0,,20.93,3882389,4516645,,,,,,,,,1903277,,,5990510,,,396008,10195880,,,,,,,,,,,,,,221747,2108121,5679235,0
,,,,24549016,,,2049,上銀,,,1362373,,,,,,,,,,,,,,,,,,,,4,上市,113,,,,,,,,,,,,,,,,,,,,,,37074138,,,,36929047,,0,,104.38,8322036,19983435,,,,,,,,,3537923,,,17343463,,,7479735,54417601,,,,,,,,,,,,,,145091,9021427,34434166,0
,,,,19499288,,,2059,川湖,,,43413,,,,,,,,,,,,,,,,,,,,4,上市,113,0,,,,,,,,,,,,,,,,,,,,,21292363,,,,21292363,,0,,223.43,3149137,21948858,,,,,,,,,952971,,,5180084,,,796691,26472447,,,,,,,,,,,,,,0,2030947,4523589,0
,,,,4157998,,,2062,橋椿,,,-72908,,,,,,,,,,,,,,,,,,,,4,上市,113,,,,,,,,,,,,,,,,,,,,,,7998143,,,,7996158,,0,,39.98,2185716,5537255,,,,,,,,,1999942,,,3475169,,,1911126,11473312,,,,,,,,,,,,,,1985,1289453,5936057,0
,,,,1230865,,,2069,運錩,,,-134296,,,,,,,,,,,,,,,,,,,,4,上市,113,0,,,,,,,,,,,,,,,,,,,,,4003567,,,,4003567,,0,,24.06,4323938,4516929,,,,,,,,,1663868,,,5168107,,,1243130,9171674,,,,,,,,,,,,,,,844169,4654745,0
,,,,2047960,,,2072,世紀風電,,,,,,,,,,,,,,,,,,,,,,,4,上市,113,,,,,,,,,,,,,,,,,,,,,,18680668,,,,18678284,,0,,109.87,4030692,12471474,,,,,,,,,1700000,,,5861624,,,14930324,24542292,,,,,,,,,,,,,,2384,1830932,12070818,0
,,,,4575548,,,2101,南港,,,357077,,,,,,,,,,,,,,,,,,,,4,上市,113,0,,,,,,,,,,,,,,,,,,,,,13565196,,,,13565196,,0,,16.27,17132308,32490815,,,,,,,,,8339349,,,30573077,,,293222,44138273,,,,,,,,,,,,,,0,13440769,11647458,0
,,,,-2724394,,,2102,泰豐,,,4752734,,,,,,,,,,,,,,,,,,,,4,上市,113,-183035,,,,,,,,,,,,,,,,,,,,,6742811,,,,6742811,,13755607,,14.67,932474,993078,,,,,,,,,4733292,,,6676699,,,164214,13419510,,,,,,,,,,,,,,,5744225,12426432,0
,,,,9520795,,,2103,台橡,,,2516380,,,,,,,,,,,,,,,,,,,,4,上市,113,,,,,,,,,,,,,,,,,,,,,,21787252,,,,20351493,,0,,24.65,10840280,20117208,,,,,,,,,8257099,,,21429037,,,57219,43216289,,,,,,,,,,,,,,1435759,10588757,23099081,0
,,,,7967086,,,2104,國際中橡,,,4783673,,,,,,,,,,,,,,,,,,,,4,上市,113,-290088,,,,,,,,,,,,,,,,,,,,,33369931,,,,31545020,,14734663,,32.52,12334527,22261661,,,,,,,,,9847336,,,21433974,,,9237013,54803905,,,,,,,,,,,,,,1824911,9099447,32542244,0
,,,,61469417,,,2105,正新,,,-4182315,,,,,,,,,,,,,,,,,,,,4,上市,113,,,,,,0,,,,,,,,,,,,,,,,90376345,,,,89805508,,0,,27.71,25437469,63019749,,,,,,,,,32414155,,,55878118,,,104251,146254463,,,,,,,,,,,,,,570837,30440649,83234714,0
,,,,11440797,,,2106,建大,,,93825,,,,,,,,,,,,,,,,,,,,4,上市,113,,,,,,,,,,,,,,,,,,,,,,21083563,,,,21083563,,0,,22.08,11078017,25231143,,,,,,,,,9548900,,,26097598,,,41,47181161,,,,,,,,,,,,,,0,15019581,21950018,0
,,,,8528654,,,2107,厚生,,,1126622,,,,,,,,,,,,,,,,,,,,4,上市,113,0,,,,,,,,,,,,,,,,,,,,,13140955,,,,13140955,,0,,43.28,1728438,10127617,,,,,,,,,3035934,,,1987258,,,449745,15128213,,,,,,,,,,,,,,,258820,5000596,0
,,,,9368899,,,2108,南帝,,,451165,,,,,,,,,,,,,,,,,,,,4,上市,113,,,,,,0,,,,,,,,,,,,,,,,16092096,,,,14773435,,0,,30.00,1614056,13946840,,,,,,,,,4924167,,,2158472,,,29204,18250568,,,,,,,,,,,,,,1318661,544416,4303728,0
,,,,619397,,,2109,華豐,,,42117,,,,,,,,,,,,,,,,,,,,4,上市,113,,,,,,0,,,,,,,,,,,,,,,,5251830,,,,3492180,,0,,12.50,1632255,4771415,,,,,,,,,2793492,,,3013189,,,37174,8265019,,,,,,,,,,,,,,1759650,1380934,3493604,0
,,,,2063865,,,2114,鑫永銓,,,,,,,,,,,,,,,,,,,,,,,4,上市,113,,,,,,,,,,,,,,,,,,,,,,3105276,,,,,,0,,39.82,311973,2207132,,,,,,,,,779918,,,620873,,,261493,3726149,,,,,,,,,,,,,,,308900,1519017,0
,,,,2089630,,,2115,六暉-KY,,,-258642,,,,,,,,,,,,,,,,,,,,4,上市,113,,,,,,0,,,,,,,,,,,,,,,,3268719,,,,3268719,,0,,31.32,821749,2474788,,,,,,,,,1043732,,,1668186,,,393999,4936905,,,,,,,,,,,,,,0,846437,2462117,0
,,,,35981729,,,2201,裕隆,,,1680354,,,,,,,,,,,,,,,,,,,,4,上市,113,-376301,,,,,,,,,,,,,,,,,,,,,94111390,,,,64053686,,7526431,,60.29,258150299,268911966,,,,,,,,,10700013,,,283703960,,,16067891,377815350,,,,,,,,,,,,,,30057704,25553661,108903384,0
,,,,24230705,,,2204,中華,,,-115190,,,,,,,,,,,,,,,,,,,,4,上市,113,,,,,,,,,,,,,,,,,,,,,,40934931,,,,37106358,,0,,67.02,11565044,15536007,,,,,,,,,5536203,,,12686013,,,7454640,53620944,,,,,,,,,,,,,,3828573,1120969,38084937,0
,,,,16547004,,,2206,三陽工業,,,-985533,,,,,,,,,,,,,,,,,,,,4,上市,113,-132816,,,,,0,,,,,,,,,,,,,,,,28585337,,,,25139404,,5332452,,31.74,22254010,32237236,,,,,,,,,7974896,,,39671812,,,1735853,68257149,,,,,,,,,,,,,,3445933,17417802,36019913,0
,,,,63147078,,,2207,和泰車,,,6694406,,,,,,,,,,,,,,,,,,,,4,上市,113,,,,,,0,,,,,,,,,,,,,,,,,114121996,,,78283817,,0,,140.52,361071093,370575705,,,,,,,,,5571028,,,396437576,,,2871305,510559572,,,,,,,,,,,,,,35838179,35366483,139983867,0
,,,,-6292520,,,2208,台船,,,-109888,,,,,,,,,,,,,,,,,,,,4,上市,113,,,,,,0,,,,,,,,,,,,,,,,9069499,,,,9100026,,0,,7.14,15631396,14793721,,,,,,,,,12745394,,,24947759,,,2757040,34017258,,,,,,,,,,,,,,-30527,9316363,19223537,0
,,,,12068653,,,2211,長榮鋼,,,10784819,,,,,,,,,,,,,,,,,,,,4,上市,113,,,,,,,,,,,,,,,,,,,,,,31791387,,,,28344108,,0,,67.96,6203446,14152165,,,,,,,,,4170915,,,8898029,,,1319721,40689416,,,,,,,,,,,,,,3447279,2694583,26537251,0
,,,,10828581,,,2227,裕日車,,,-549262,,,,,,,,,,,,,,,,,,,,4,上市,113,,,,,,,,,,,,,,,,,,,,,,19268287,,,,19268287,,0,,64.23,2002408,8810601,,,,,,,,,3000000,,,4884508,,,5988968,24152795,,,,,,,,,,,,,,,2882100,15342194,0
,,,,3481465,,,2228,劍麟,,,-211041,,,,,,,,,,,,,,,,,,,,4,上市,113,,,,,,0,,,,,,,,,,,,,,,,5247574,,,,5247574,,0,,65.98,711116,4035098,,,,,,,,,795313,,,1598775,,,1181837,6846349,,,,,,,,,,,,,,,887659,2811251,0
,,,,2480508,,,2231,為升,,,-7491,,,,,,,,,,,,,,,,,,,,4,上市,113,,,,,,0,,,,,,,,,,,,,,,,5615792,,,,4295590,,0,,30.48,4687990,7193788,,,,,,,,,1409176,,,6199606,,,413397,11815398,,,,,,,,,,,,,,1320202,1511616,4621610,0
,,,,2663698,,,2233,宇隆,,,-37648,,,,,,,,,,,,,,,,,,,,4,上市,113,,,,,,,,,,,,,,,,,,,,,,4055081,,,,4047148,,0,,67.13,1436376,3032629,,,,,,,,,602881,,,2032083,,,818217,6087164,,,,,,,,,,,,,,7933,595707,3054535,0
,,,,896412,,,2236,百達-KY,,,-65060,,,,,,,,,,,,,,,,,,,,4,上市,113,,,,,,,,,,,,,,,,,,,,,,2301926,,,,2119629,,0,,39.62,6556715,6701045,,,,,,,,,535050,,,7091276,,,753227,9393202,,,,,,,,,,,,,,182297,534561,2692157,0
,,,,-651096,,,2237,華德動能-創,,,-26693,,,,,,,,,,,,,,,,,,,,4,上市,113,,,,,,0,,,,,,,,,,,,,,,,1063625,,,,1063625,,0,,8.80,1078596,1821705,,,,,,,,,1208289,,,1509384,,,533125,2573009,,,,,,,,,,,,,,0,430788,751304,0
,,,,2945085,,,2239,英利-KY,,,-1151073,,,,,,,,,,,,,,,,,,,,4,上市,113,,,,,,0,,,,,,,,,,,,,,,,17930834,,,,12219365,,0,,101.53,14863008,19801438,,,,,,,,,1203466,,,19840846,,,9221887,37771680,,,,,,,,,,,,,,5711469,4977838,17970242,0
,,,,-730821,,,2241,艾姆勒,,,3463,,,,,,,,,,,,,,,,,,,,4,上市,113,,,,,,0,,,,,,,,,,,,,,,,1487857,,,,1410866,,0,,13.49,220234,1042830,,,,,,,,,1046023,,,911327,,,1092201,2399184,,,,,,,,,,,,,,76991,691093,1356354,0
,,,,-556667,,,2243,宏旭-KY,,,-15364,,,,,,,,,,,,,,,,,,,,4,上市,113,,,,,,0,,,,,,,,,,,,,,,,744013,,,,744013,,0,,10.72,2147738,2565892,,,,,,,,,693736,,,2477747,,,622308,3221760,,,,,,,,,,,,,,,330009,655868,0
,,,,8190834,,,2247,汎德永業,,,27499,,,,,,,,,,,,,,,,,,,,4,上市,113,,,,,,,,,,,,,,,,,,,,,,13294495,,,,13294495,,0,,164.72,6926459,13218447,,,,,,,,,807087,,,9790765,,,4269075,23085260,,,,,,,,,,,,,,,2864306,9866813,0
,,,,578265,,,2248,華勝-KY,,,-1274,,,,,,,,,,,,,,,,,,,,4,上市,113,,,,,,,,,,,,,,,,,,,,,,1233854,,,,1233854,,0,,29.38,1337431,2053636,,,,,,,,,420000,,,1364264,,,236863,2598118,,,,,,,,,,,,,,,26833,544482,0
,,,,769089,,,2250,IKKA-KY,,,-87227,,,,,,,,,,,,,,,,,,,,4,上市,113,0,,,,,0,,,,,,,,,,,,,,,,2056203,,,,2056203,,0,,61.93,1237421,2789359,,,,,,,,,332036,,,1779623,,,1042305,3835826,,,,,,,,,,,,,,,542202,1046467,0
,,,,-57041,,,2254,巨鎧精密-創,,,236214,,,,,,,,,,,,,,,,,,,,4,上市,113,,,,,,0,,,,,,,,,,,,,,,,1161848,,,,1161848,,0,,18.18,662479,341757,,,,,,,,,639077,,,1258862,,,343598,2420710,,,,,,,,,,,,,,,596383,2078953,0
,,,,-6434477,,,2258,鴻華先進-創,,,757,,,,,,,,,,,,,,,,,,,,4,上市,113,,,,,,0,,,,,,,,,,,,,,,,17045977,,,,17045977,,0,,9.79,2562421,7812567,,,,,,,,,17413140,,,3617983,,,6066557,20663960,,,,,,,,,,,,,,,1055562,12851393,0
,,,,46299554,,,2301,光寶科,,,1011497,,,,,,,,,,,,,,,,,,,,4,上市,113,-2726963,,,,,,,,,,,,,,,,,,,,,90910724,,,,90773153,,47004221,,39.46,107869245,169116615,,,,,,,,,23472500,,,113772045,,,22716565,204682769,,,,,,,,,,,,,,137571,5902800,35566154,0
,,,,274294,,,2302,麗正,,,-103296,,,,,,,,,,,,,,,,,,,,4,上市,113,,,,,,,,,,,,,,,,,,,,,,1834036,,,,1834036,,0,,11.03,735239,979725,,,,,,,,,1663029,,,811747,,,9,2645783,,,,,,,,,,,,,,0,76508,1666058,0
,,,,226848505,,,2303,聯電,,,10690246,,,,,,,,,,,,,,,,,,,,4,上市,113,,,,,,,,,,,,,,,,,,,,,,378185004,,,,377928391,,0,,30.09,75260189,189677884,,,,,,,,,125607164,,,192015673,,,14782476,570200677,,,,,,,,,,,,,,256613,116755484,380522793,0
,,,,-33405,,,2305,全友,,,277836,,,,,,,,,,,,,,,,,,,,4,上市,113,-49781,,,,,0,,,,,,,,,,,,,,,,2326554,,,,2251258,,2934365,,11.10,275236,1555152,,,,,,,,,2056608,,,634970,,,0,2961524,,,,,,,,,,,,,,75296,359734,1406372,0
,,,,141467800,,,2308,台達電,,,7546564,,,,,,,,,,,,,,,,,,,,4,上市,113,,,,,,0,,,,,,,,,,,,,,,,279565336,,,,230087286,,0,,88.58,152283126,310924848,,,,,,,,,25975433,,,252332381,,,55097489,531897717,,,,,,,,,,,,,,49478050,100049255,220972869,0
,,,,2587477,,,2312,金寶,0,,4425780,,,,,,,,,,,,,,,,,,,,4,上市,113,-129421,,,,,0,,,,,,,,,,,,,,,0,37591194,,,,23577021,,11095000,,15.79,53135026,75848044,,,,,,,,,15046762,,,79337469,,,1646423,116928663,,,,,,,,,,,,,,14014173,26202443,41080619,0
,,,,30456881,,,2313,華通,,,1033811,,,,,,,,,,,,,,,,,,,,4,上市,113,,,,,,0,,,,,,,,,,,,,,,,44469124,,,,44469124,,0,,37.31,27850668,46234211,,,,,,,,,11918206,,,40791340,,,1060226,85260464,,,,,,,,,,,,,,,12940672,39026253,0
,,,,-2550915,,,2314,台揚,,,-247755,,,,,,,,,,,,,,,,,,,,4,上市,113,,,,,,0,,,,,,,,,,,,,,,,813509,,,,813509,,0,,3.23,2388850,2183643,,,,,,,,,2520283,,,3147584,,,1091896,3961093,,,,,,,,,,,,,,,758734,1777450,0
,,,,7970801,,,2316,楠梓電,,,-340543,,,,,,,,,,,,,,,,,,,,4,上市,113,-93017,,,,,,,,,,,,,,,,,,,,,9905191,,,,9905191,,1306059,,54.59,2253481,4746179,,,,,,,,,1827405,,,5117012,,,540545,15022203,,,,,,,,,,,,,,,2863531,10276024,0
,,,,1350982253,,,2317,鴻海,,,-42604521,,,,,,,,,,,,,,,,,,,,4,上市,113,-15194,,,,,0,,,,,,,,,,,,,,,,1851588048,,,,1645201565,,1483078,,118.45,2174817567,3375765076,,,,,,,,,138917019,,,2542911463,,,197922008,4394499511,,,,,,,,,,,,,,206386483,368093896,1018734435,0
,,,,-106875,,,2321,東訊,,,11027,,,,,,,,,,,,,,,,,,,,4,上市,113,-13812,,,,,,,,,,,,,,,,,,,,,441079,,,,199296,,317689,,6.65,646008,656666,,,,,,,,,302719,,,851757,,,6237,1292836,,,,,,,,,,,,,,241783,205749,636170,
,,,,-29804,,,2323,中環,,,32927,,,,,,,,,,,,,,,,,,,,4,上市,113,,,,,,0,,,,,,,,,,,,,,,,18016191,,,,17681337,,0,,16.23,4239220,16385278,,,,,,,,,10893483,,,8109113,,,6784731,26125304,,,,,,,,,,,,,,334854,3869893,9740026,0
,,,,78213219,,,2324,仁寶,,,17588331,,,,,,,,,,,,,,,,,,,,4,上市,113,-881247,,,,,,,,,,,,,,,,,,,,,156465782,,,,142464710,,50017431,,32.70,283052147,379521641,,,,,,,,,44071466,,,307075925,,,3472941,463541707,,,,,,,,,,,,,,14001072,24023778,84020066,0
,,,,100740766,,,2327,國巨*,,,8723270,,,,,,,,,,,,,,,,,,,,4,上市,113,-2030720,,,,,,,,,,,,,,,,,,,,,162553363,,,,160461209,,4142030,,311.77,113978386,158288050,,,,,,,,,5188164,,,204122544,,,47839729,366675907,,,,,,,,,,,,,,2092154,90144158,208387857,0
,,,,8601904,,,2328,廣宇,,,-1009923,,,,,,,,,,,,,,,,,,,,4,上市,113,,,,,,0,,,,,,,,,,,,,,,,16485867,,,,14279049,,0,,27.55,7618736,17576307,,,,,,,,,5183462,,,8152237,,,1503606,24638104,,,,,,,,,,,,,,2206818,533501,7061797,0
,,,,3934319,,,2329,華泰,,,-245352,,,,,,,,,,,,,,,,,,,,4,上市,113,,,,,,0,,,,,,,,,,,,,,,,11570053,,,,11570053,,0,,15.62,6814117,10691745,,,,,,,,,7404883,,,7965664,,,476203,19535717,,,,,,,,,,,,,,,1151547,8843972,0
,,,,3917252023,,,2330,台積電,,,38705047,,,,,,,,,,,,,,,,,,,,4,上市,113,0,,,,,,,,,,,,,,,,,,,,,4323575865,,,,4288545167,,0,,165.37,1264524964,3088352120,,,,,,,,,259327332,,,2368362135,,,73260765,6691938000,,,,,,,,,,,,,,35030698,1103837171,3603585880,0
,,,,1228603,,,2331,精英,,,-493762,,,,,,,,,,,,,,,,,,,,4,上市,113,,,,,,0,,,,,,,,,,,,,,,,11756619,,,,11746194,,0,,21.07,10865493,13406544,,,,,,,,,5574030,,,11916764,,,5437323,23673383,,,,,,,,,,,,,,10425,1051271,10266839,0
,,,,3110892,,,2332,友訊,,,-1446630,,,,,,,,,,,,,,,,,,,,4,上市,113,-82823,,,,,,,,,,,,,,,,,,,,,11500155,,,,8970548,,5434069,,15.03,4072677,11555383,,,,,,,,,6024275,,,4990410,,,1364834,16490565,,,,,,,,,,,,,,2529607,917733,4935182,0
,,,,23478467,,,2337,旺宏,,,1692467,,,,,,,,,,,,,,,,,,,,4,上市,113,-159061,,,,,,,,,,,,,,,,,,,,,43979723,,,,43977313,,1956619,,23.72,10320395,29253996,,,,,,,,,18558264,,,33896631,,,407176,77876354,,,,,,,,,,,,,,2410,23576236,48622358,0
,,,,1445786,,,2338,光罩,,,20148,,,,,,,,,,,,,,,,,,,,4,上市,113,-1167369,,,,,,,,,,,,,,,,,,,,,4071908,,,,4395168,,42793440,,20.57,9452248,7311214,,,,,,,,,2564562,,,16743237,,,1532041,20815145,,,,,,,,,,,,,,-323260,7290989,13503931,0
,,,,1721914,,,2340,台亞,,,-140117,,,,,,,,,,,,,,,,,,,,4,上市,113,-23172,,,,,,,,,,,,,,,,,,,,,7927939,,,,7526251,,754543,,17.19,3619931,5779584,,,,,,,,,4386228,,,7018613,,,1581398,14946552,,,,,,,,,,,,,,401688,3398682,9166968,0
,,,,375065,,,2342,茂矽,,,-107793,,,,,,,,,,,,,,,,,,,,4,上市,113,,,,,,0,,,,,,,,,,,,,,,,2462052,,,,2441119,,0,,15.51,591207,2063277,,,,,,,,,1573917,,,903150,,,599930,3365202,,,,,,,,,,,,,,20933,311943,1301925,0
,,,,27985033,,,2344,華邦電,,,4967405,,,,,,,,,,,,,,,,,,,,4,上市,113,,,,,,,,,,,,,,,,,,,,,,99159421,,,,91651488,,0,,20.37,41761715,59515489,,,,,,,,,45000002,,,78624727,,,13699048,177784148,,,,,,,,,,,,,,7507933,36863012,118268659,0
,,,,26971350,,,2345,智邦,,,2896153,,,,,,,,,,,,,,,,,,,,4,上市,113,-50999,,,,,,,,,,,,,,,,,,,,,36288669,,,,36326560,,2209867,,65.00,46919790,70639495,,,,,,,,,5611179,,,50031564,,,898877,86320233,,,,,,,,,,,,,,-37891,3111774,15680738,0
,,,,53734264,,,2347,聯強,,,-6810603,,,,,,,,,,,,,,,,,,,,4,上市,113,,,,,,0,,,,,,,,,,,,,,,,80024206,,,,77087147,,0,,46.22,116583203,185464956,,,,,,,,,16679470,,,144943099,,,13484016,224967305,,,,,,,,,,,,,,2937059,28359896,39502349,0
,,,,5056414,,,2348,海悅,,,570828,,,,,,,,,,,,,,,,,,,,4,上市,113,-10295,,,,,0,,,,,,,,,,,,,,,,10589620,,,,8789797,,164000,,48.37,9190509,32266160,,,,,,,,,1818989,,,32225454,,,1353861,42815074,,,,,,,,,,,,,,1799823,23034945,10548914,0
,,,,-1780493,,,2349,錸德,,,-791144,,,,,,,,,,,,,,,,,,,,4,上市,113,,,,,,0,,,,,,,,,,,,,,,,9646964,,,,5688061,,0,,8.20,4167470,7921373,,,,,,,,,6936797,,,7396444,,,1322901,17043408,,,,,,,,,,,,,,3958903,3228974,9122035,0
,,,,4811845,,,2351,順德,,,-64139,,,,,,,,,,,,,,,,,,,,4,上市,113,,,,,,0,,,,,,,,,,,,,,,,7418482,,,,7055226,,0,,38.74,3004199,7048603,,,,,,,,,1821403,,,5116815,,,486117,12535297,,,,,,,,,,,,,,363256,2112616,5486694,0
,,,,17485381,,,2352,佳世達,,,-3437591,,,,,,,,,,,,,,,,,,,,4,上市,113,,,,,,,,,,,,,,,,,,,,,,66360768,,,,35562019,,0,,18.45,94397679,119288463,,,,,,,,,19274470,,,140043757,,,2239759,206404525,,,,,,,,,,,,,,30798749,45646078,87116062,0
,,,,19653833,,,2353,宏碁,,,1532269,,,,,,,,,,,,,,,,,,,,4,上市,113,-2712774,,,,,0,,,,,,,,,,,,,,,,83569722,,,,76828131,,41646290,,25.56,109298658,156697998,,,,,,,,,30478538,,,135905807,,,27876265,219475529,,,,,,,,,,,,,,6741591,26607149,62777531,0
,,,,93386662,,,2354,鴻準,,,-4559908,,,,,,,,,,,,,,,,,,,,4,上市,113,,,,,,0,,,,,,,,,,,,,,,,110203722,,,,110549909,,0,,78.16,55612334,129863970,,,,,,,,,14144852,,,56664252,,,7578303,166867974,,,,,,,,,,,,,,-346187,1051918,37004004,0
,,,,11636343,,,2355,敬鵬,,,39439,,,,,,,,,,,,,,,,,,,,4,上市,113,,,,,,0,,,,,,,,,,,,,,,,17232013,,,,17231327,,0,,43.35,5151823,14537302,,,,,,,,,3974954,,,6359997,,,1580591,23592010,,,,,,,,,,,,,,686,1208174,9054708,0
,,,,24994131,,,2356,英業達,,,7557385,,,,,,,,,,,,,,,,,,,,4,上市,113,,,,,,0,,,,,,,,,,,,,,,,70486783,,,,71320312,,0,,19.88,247482266,274426356,,,,,,,,,35874751,,,265457532,,,2894045,335944315,,,,,,,,,,,,,,-833529,17975266,61517959,0
,,,,182628865,,,2357,華碩,,,62699692,,,,,,,,,,,,,,,,,,,,4,上市,113,,,,,,,,,,,,,,,,,,,,,,297197518,,,,269539644,,,,362.89,231867316,379242975,,,,,,,,,7427603,,,259326117,,,16783484,556523635,,,,,,,,,,,,,,27657874,27458801,177280660,
,,,,3239601,,,2359,所羅門,,,-109147,,,,,,,,,,,,,,,,,,,,4,上市,113,-6042,,,,,0,,,,,,,,,,,,,,,,6247712,,,,5750478,,100432,,33.56,3388615,7878942,,,,,,,,,1714711,,,3695291,,,911355,9943003,,,,,,,,,,,,,,497234,306676,2064061,0
,,,,15163359,,,2360,致茂,,,893566,,,,,,,,,,,,,,,,,,,,4,上市,113,-30868,,,,,,,,,,,,,,,,,,,,,25449701,,,,24876679,,1654579,,58.72,8234785,17425386,,,,,,,,,4253220,,,11857881,,,4597402,37307582,,,,,,,,,,,,,,573022,3623096,19882196,0
,,,,40972298,,,2362,藍天,,,-2078331,,,,,,,,,,,,,,,,,,,,4,上市,113,-829200,,,,,0,,,,,,,,,,,,,,,,44528277,,,,44528277,,47047265,,76.09,16678506,19148751,,,,,,,,,6322630,,,55737005,,,140880,100265282,,,,,,,,,,,,,,,39058499,81116531,0
,,,,4482300,,,2363,矽統,,,4649088,,,,,,,,,,,,,,,,,,,,4,上市,113,,,,,,,,,,,,,,,,,,,,,,14172305,,,,14110699,,1,,28.96,557431,2243892,,,,,,,,,4872331,,,574055,,,106980,14746360,,,,,,,,,,,,,,61606,16624,12502468,0
,,,,187539,,,2364,倫飛,,,30982,,,,,,,,,,,,,,,,,,,,4,上市,113,0,,,,,0,,,,,,,,,,,,,,,,592862,,,,621556,,0,,15.42,827251,881471,,,,,,,,,403000,,,889923,,,35,1482785,,,,,,,,,,,,,,-28694,62672,601314,0
,,,,1244323,,,2365,昆盈,,,-589784,,,,,,,,,,,,,,,,,,,,4,上市,113,,,,,,,,,,,,,,,,,,,,,,3131303,,,,3097272,,0,,13.98,205584,1874936,,,,,,,,,2215285,,,494445,,,227448,3625748,,,,,,,,,,,,,,34031,288861,1750812,0
,,,,1763913,,,2367,燿華,,,103255,,,,,,,,,,,,,,,,,,,,4,上市,113,,,,,,0,,,,,,,,,,,,,,,,12679557,,,,12679557,,0,,17.87,7151211,8698184,,,,,,,,,7094072,,,10656649,,,3718317,23336206,,,,,,,,,,,,,,,3505438,14638022,0
,,,,13707099,,,2368,金像電,,,643705,,,,,,,,,,,,,,,,,,,,4,上市,113,-92754,,,,,,,,,,,,,,,,,,,,,21312205,,,,21312205,,5151375,,43.79,16969401,31474058,,,,,,,,,4918395,,,23272189,,,2135760,44584394,,,,,,,,,,,,,,,6302788,13110336,0
,,,,502140,,,2369,菱生,,,-2426,,,,,,,,,,,,,,,,,,,,4,上市,113,-176415,,,,,,,,,,,,,,,,,,,,,5480018,,,,5278895,,5658911,,14.10,1406762,3589262,,,,,,,,,3801023,,,2019852,,,1154573,7499870,,,,,,,,,,,,,,201123,613090,3910608,0
,,,,39047479,,,2371,大同,,,4200293,,,,,,,,,,,,,,,,,,,,4,上市,113,-2239132,,,,,0,,,,,,,,,,,,,,,,76135247,,,,67869825,,110190961,,30.44,34539905,73046180,,,,,,,,,23395367,,,68553281,,,3465818,144688528,,,,,,,,,,,,,,8265422,34013376,71642348,0
,,,,4190169,,,2373,震旦行,,,-149980,,,,,,,,,,,,,,,,,,,,4,上市,113,-791826,,,,,,,,,,,,,,,,,,,,,8841875,,,,7532082,,12496797,,33.67,5066613,9754052,,,,,,,,,2362025,,,9194324,,,1921694,18036199,,,,,,,,,,,,,,1309793,4127711,8282147,0
,,,,3016237,,,2374,佳能,,,-218517,,,,,,,,,,,,,,,,,,,,4,上市,113,-30,,,,,0,,,,,,,,,,,,,,,,7360242,,,,7073431,,3000,,24.44,2767564,4771732,,,,,,,,,2893805,,,2830538,,,1381936,10190780,,,,,,,,,,,,,,286811,62974,5419048,0
,,,,3894931,,,2375,凱美,,,-21536,,,,,,,,,,,,,,,,,,,,4,上市,113,,,,,,0,,,,,,,,,,,,,,,,9693079,,,,9693079,,0,,89.19,4553246,7160057,,,,,,,,,1086753,,,5163275,,,4732931,14856354,,,,,,,,,,,,,,,610029,7696297,0
,,,,32521925,,,2376,技嘉,,,450866,,,,,,,,,,,,,,,,,,,,4,上市,113,,,,,,0,,,,,,,,,,,,,,,,55080591,,,,53683149,,0,,80.14,37050036,100485803,,,,,,,,,6698889,,,56206317,,,14011469,111286908,,,,,,,,,,,,,,1397442,19156281,10801105,0
,,,,44088787,,,2377,微星,,,-469324,,,,,,,,,,,,,,,,,,,,4,上市,113,,,,,,0,,,,,,,,,,,,,,,,52874054,,,,52874054,,0,,62.58,42651817,87201812,,,,,,,,,8448562,,,43746428,,,806029,96620482,,,,,,,,,,,,,,,1094611,9418670,0
,,,,40934415,,,2379,瑞昱,,,6597430,,,,,,,,,,,,,,,,,,,,4,上市,113,,,,,,0,,,,,,,,,,,,,,,,52957488,,,,52947763,,0,,103.24,57960975,84658007,,,,,,,,,5128636,,,60939242,,,287282,113896730,,,,,,,,,,,,,,9725,2978267,29238723,0
,,,,-1736112,,,2380,虹光,,,-155861,,,,,,,,,,,,,,,,,,,,4,上市,113,-6669,,,,,0,,,,,,,,,,,,,,,,379693,,,,378137,,195879,,1.74,1320297,1212809,,,,,,,,,2169341,,,1485148,,,107438,1864841,,,,,,,,,,,,,,1556,164851,652032,0
,,,,160445670,,,2382,廣達,,,6237615,,,,,,,,,,,,,,,,,,,,4,上市,113,-333094,,,,,0,,,,,,,,,,,,,,,,230305899,,,,222285793,,8108885,,57.67,638698580,840693955,,,,,,,,,38626274,,,702140566,,,17309328,932446465,,,,,,,,,,,,,,8020106,63441986,91752510,0
,,,,25997479,,,2383,台光電,,,-43858,,,,,,,,,,,,,,,,,,,,4,上市,113,,,,,,0,,,,,,,,,,,,,,,,35093850,,,,35110817,,0,,101.29,30181993,51493766,,,,,,,,,3466329,,,40985986,,,5690867,76079836,,,,,,,,,,,,,,-16967,10803993,24586070,0
,,,,27837988,,,2385,群光,,,661517,,,,,,,,,,,,,,,,,,,,4,上市,113,-273574,,,,,0,,,,,,,,,,,,,,,,54209848,,,,46174462,,32363233,,63.45,50292734,78816689,,,,,,,,,7600532,,,51160436,,,10347999,105370284,,,,,,,,,,,,,,8035386,867702,26553595,0
,,,,9282546,,,2387,精元,,,-712936,,,,,,,,,,,,,,,,,,,,4,上市,113,-23737,,,,,0,,,,,,,,,,,,,,,,11723899,,,,10624485,,1730000,,54.90,9815741,16362450,,,,,,,,,1952510,,,10237390,,,126102,21961289,,,,,,,,,,,,,,1099414,421649,5598839,0
,,,,7962617,,,2388,威盛,,,692877,,,,,,,,,,,,,,,,,,,,4,上市,113,,,,,,,,,,,,,,,,,,,,,,22931195,,,,21495681,,0,,38.70,11130485,26863676,,,,,,,,,5555158,,,13112364,,,7285029,36043559,,,,,,,,,,,,,,1435514,1981879,9179883,104000
,,,,-149552,,,2390,云辰,,,-33241,,,,,,,,,,,,,,,,,,,,4,上市,113,,,,,,,,,,,,,,,,,,,,,,2344635,,,,2344635,,0,,12.17,471300,1752256,,,,,,,,,1926194,,,484412,,,601234,2829047,,,,,,,,,,,,,,0,13112,1076791,0
,,,,12280163,,,2392,正崴,,,-1384023,,,,,,,,,,,,,,,,,,,,4,上市,113,-622774,,,,,0,,,,,,,,,,,,,,,,40303083,,,,26211294,,49503000,,56.63,42120726,79927392,,,,,,,,,5123269,,,90208545,,,10814659,130511628,,,,,,,,,,,,,,14091789,48087819,50584236,0
,,,,7669520,,,2393,億光,,,-655408,,,,,,,,,,,,,,,,,,,,4,上市,113,,,,,,,,,,,,,,,,,,,,,,20776683,,,,20266806,,0,,45.71,7957576,20104462,,,,,,,,,4433931,,,9003097,,,8818763,29779780,,,,,,,,,,,,,,509877,1045521,9675318,0
,,,,30125660,,,2395,研華,,,1510795,,,,,,,,,,,,,,,,,,,,4,上市,113,,,,,,,,,,,,,,,,,,,,,,51796862,,,,51428352,,0,,59.55,15569474,42199809,,,,,,,,,8635894,,,19945088,,,11156003,71741950,,,,,,,,,,,,,,368510,4375614,29542141,157200
,,,,1538288,,,2397,友通,,,-69566,,,,,,,,,,,,,,,,,,,,4,上市,113,,,,,,0,,,,,,,,,,,,,,,,5837227,,,,3511742,,0,,30.67,4224426,7166672,,,,,,,,,1144889,,,6501197,,,898131,12338424,,,,,,,,,,,,,,2325485,2276771,5171752,0
,,,,311519,,,2399,映泰,,,10632,,,,,,,,,,,,,,,,,,,,4,上市,113,,,,,,,,,,,,,,,,,,,,,,2169929,,,,2169929,,0,,12.18,396349,2131731,,,,,,,,,1781000,,,445344,,,66778,2615273,,,,,,,,,,,,,,,48995,483542,0
,,,,1875220,,,2401,凌陽,,,-271415,,,,,,,,,,,,,,,,,,,,4,上市,113,-63401,,,,,,,,,,,,,,,,,,,,,11030122,,,,8609181,,3559996,,14.63,1847477,8442952,,,,,,,,,5919949,,,3305603,,,1148828,14335725,,,,,,,,,,,,,,2420941,1458126,5892773,0
,,,,1839617,,,2402,毅嘉,,,-8320,,,,,,,,,,,,,,,,,,,,4,上市,113,-63967,,,,,,,,,,,,,,,,,,,,,6994413,,,,6994413,,3964000,,23.04,5032468,7919164,,,,,,,,,3075366,,,5953052,,,2151717,12947465,,,,,,,,,,,,,,,920584,5028301,0
,,,,12109500,,,2404,漢唐,,,626303,,,,,,,,,,,,,,,,,,,,4,上市,113,-382633,,,,,0,,,,,,,,,,,,,,,,14940717,,,,14724531,,2000000,,78.08,30692800,42546953,,,,,,,,,1905867,,,31691114,,,465494,46631831,,,,,,,,,,,,,,216186,998314,4084878,0
,,,,184659,,,2405,輔信,,,-34894,,,,,,,,,,,,,,,,,,,,4,上市,113,,,,,,,,,,,,,,,,,,,,,,3759959,,,,3626801,,0,,10.56,482612,1906045,,,,,,,,,3434273,,,640423,,,42763,4400382,,,,,,,,,,,,,,133158,157811,2494337,0
,,,,-1188487,,,2406,國碩,,,-166303,,,,,,,,,,,,,,,,,,,,4,上市,113,,,,,,,,,,,,,,,,,,,,,,8492825,,,,3854131,,0,,10.98,2556986,6847749,,,,,,,,,3509057,,,7465485,,,1699864,15958310,,,,,,,,,,,,,,4638694,4908499,9110561,0
,,,,97477979,,,2408,南亞科,,,3754723,,,,,,,,,,,,,,,,,,,,4,上市,113,,,,,,0,,,,,,,,,,,,,,,,165053275,,,,165053275,,0,,53.27,32779981,107945837,,,,,,,,,30986279,,,41653042,,,32834294,206706317,,,,,,,,,,,,,,,8873061,98760480,0
,,,,28699176,,,2409,友達,0,,-355778,,,,,,,,,,,,,,,,,,,,4,上市,113,0,,,,,,,,,,,,,,,,,,,,,159773016,,,,153297720,,0,,19.99,109311962,138130630,,,,,,,,,76678810,,,233096237,,,48275512,392869253,,,,,,,,,,,,,,6475296,123784275,254738623,0
,,,,135203263,,,2412,中華電,,,585683,,,,,,,,,,,,,,,,,,,,4,上市,113,,,,,,,,,,,,,,,,,,,,,,398104856,,,,384950690,,0,,49.62,79893042,112968313,,,,,,,,,77574465,,,136386971,,,171587279,534491827,,,,,,,,,,,,,,13154166,56493929,421523514,0
,,,,667987,,,2413,環科,,,-359330,,,,,,,,,,,,,,,,,,,,4,上市,113,-6151,,,,,,,,,,,,,,,,,,,,,1949422,,,,1949167,,538000,,15.37,1113970,2771239,,,,,,,,,1273592,,,2354276,,,373069,4303698,,,,,,,,,,,,,,255,1240306,1532459,0
,,,,1213750,,,2414,精技,,,-7434,,,,,,,,,,,,,,,,,,,,4,上市,113,,,,,,,,,,,,,,,,,,,,,,4250915,,,,3119833,,0,,19.29,5280913,7989411,,,,,,,,,1617358,,,5503359,,,296159,9754274,,,,,,,,,,,,,,1131082,222446,1764863,0
,,,,565065,,,2415,錩新,,,79081,,,,,,,,,,,,,,,,,,,,4,上市,113,,,,,,,,,,,,,,,,,,,,,,3205844,,,,1758000,,0,,19.53,4340955,7005961,,,,,,,,,900000,,,5144736,,,213854,8350580,,,,,,,,,,,,,,1447844,803781,1344619,0
,,,,1153247,,,2417,圓剛,0,,-28991,,,,,,,,,,,,,,,,,,,,4,上市,113,-554649,,,,,0,,,,,,,,,,,,,,,,4154760,,,,2909598,,22710600,,21.57,1452383,3568899,,,,,,,,,1576189,,,1668995,,,763802,5823755,,,,,,,,,,,,,,1245162,216612,2254856,0
,,,,290043,,,2419,仲琦,,,303733,,,,,,,,,,,,,,,,,,,,4,上市,113,,,,,,0,,,,,,,,,,,,,,,,6326241,,,,4959953,,0,,15.44,3157133,7704458,,,,,,,,,3213172,,,3716609,,,1153005,10042850,,,,,,,,,,,,,,1366288,559476,2338392,0
,,,,2243847,,,2420,新巨,,,13175,,,,,,,,,,,,,,,,,,,,4,上市,113,,,,,,,,,,,,,,,,,,,,,,3950355,,,,3919071,,0,,25.67,669672,2304842,,,,,,,,,1526487,,,1719772,,,135562,5670127,,,,,,,,,,,,,,31284,1050100,3365285,0
,,,,3803699,,,2421,建準,,,-136662,,,,,,,,,,,,,,,,,,,,4,上市,113,,,,,,,,,,,,,,,,,,,,,,7920262,,,,7920262,,0,,28.96,6082219,11438169,,,,,,,,,2734437,,,7078099,,,1518788,14998361,,,,,,,,,,,,,,0,995880,3560192,0
,,,,1489990,,,2423,固緯,,,-131646,,,,,,,,,,,,,,,,,,,,4,上市,113,,,,,,0,,,,,,,,,,,,,,,,2812973,,,,2812973,,0,,19.39,623648,2260527,,,,,,,,,1450472,,,749110,,,4157,3562083,,,,,,,,,,,,,,,125462,1301556,0
,,,,-496419,,,2424,隴華,,,659,,,,,,,,,,,,,,,,,,,,4,上市,113,,,,,,0,,,,,,,,,,,,,,,,309663,,,,290540,,0,,5.04,214130,258603,,,,,,,,,576050,,,286108,,,210250,595771,,,,,,,,,,,,,,19123,71978,337168,0
,,,,1482634,,,2425,承啟,,,5180,,,,,,,,,,,,,,,,,,,,4,上市,113,,,,,,0,,,,,,,,,,,,,,,,2850241,,,,2452902,,0,,25.42,1237519,3984255,,,,,,,,,964988,,,1305889,,,100,4156130,,,,,,,,,,,,,,397339,68370,171875,0
,,,,631052,,,2426,鼎元,,,-23466,,,,,,,,,,,,,,,,,,,,4,上市,113,,,,,,,,,,,,,,,,,,,,,,3859494,,,,3859494,,0,,12.84,831018,2756147,,,,,,,,,3006223,,,1100026,,,245685,4959520,,,,,,,,,,,,,,0,269008,2203373,0
,,,,738051,,,2427,三商電,,,90024,,,,,,,,,,,,,,,,,,,,4,上市,113,,,,,,,,,,,,,,,,,,,,,,3125902,,,,3123695,,0,,15.87,3038211,5574777,,,,,,,,,1968181,,,4599808,,,327439,7725710,,,,,,,,,,,,,,2207,1561597,2150933,0
,,,,8824580,,,2428,興勤,,,131336,,,,,,,,,,,,,,,,,,,,4,上市,113,,,,,,,,,,,,,,,,,,,,,,10711389,,,,10589950,,0,,82.66,2524716,9655848,,,,,,,,,1281127,,,5081140,,,352907,15792529,,,,,,,,,,,,,,121439,2556424,6136681,0
,,,,-402091,,,2429,銘旺科,,,-13078,,,,,,,,,,,,,,,,,,,,4,上市,113,,,,,,0,,,,,,,,,,,,,,,,909050,,,,891030,,0,,10.42,291760,649690,,,,,,,,,855000,,,367269,,,451199,1276319,,,,,,,,,,,,,,18020,75509,626629,0
,,,,2143021,,,2430,燦坤,,,-66233,,,,,,,,,,,,,,,,,,,,4,上市,113,,,,,,,,,,,,,,,,,,,,,,4495628,,,,4495628,,0,,38.49,4747331,4119307,,,,,,,,,1168000,,,9348570,,,1250840,13844198,,,,,,,,,,,,,,,4601239,9724891,0
,,,,100607,,,2431,聯昌,,,-6200,,,,,,,,,,,,,,,,,,,,4,上市,113,,,,,,0,,,,,,,,,,,,,,,,1363015,,,,1363015,,0,,12.29,188869,1155305,,,,,,,,,1109270,,,223342,,,159338,1586357,,,,,,,,,,,,,,,34473,431052,0
,,,,241800,,,2432,倚天酷碁-創,,,-40219,,,,,,,,,,,,,,,,,,,,4,上市,113,,,,,,0,,,,,,,,,,,,,,,,1242554,,,,1242554,,0,,20.09,608636,1590613,,,,,,,,,618600,,,624584,,,422373,1867138,,,,,,,,,,,,,,,15948,276525,0
,,,,1537547,,,2433,互盛電,,,515276,,,,,,,,,,,,,,,,,,,,4,上市,113,,,,,,,,,,,,,,,,,,,,,,4275204,,,,3540426,,0,,24.50,1642147,3766809,,,,,,,,,1444960,,,3114828,,,42643,7390032,,,,,,,,,,,,,,734778,1472681,3623223,0
,,,,5246,,,2434,統懋,,,-4401,,,,,,,,,,,,,,,,,,,,4,上市,113,,,,,,,,,,,,,,,,,,,,,,472264,,,,472264,,0,,12.76,162258,225942,,,,,,,,,370000,,,257009,,,101419,729273,,,,,,,,,,,,,,,94751,503331,0
,,,,1657545,,,2436,偉詮電,,,-104997,,,,,,,,,,,,,,,,,,,,4,上市,113,-206993,,,,,0,,,,,,,,,,,,,,,,3955271,,,,3392642,,3032000,,19.39,1839883,4481627,,,,,,,,,1780116,,,2019053,,,266971,5974324,,,,,,,,,,,,,,562629,179170,1492697,0
,,,,-186621,,,2438,翔耀,0,,-54249,,,,,,,,,,,,,,,,,,,,4,上市,113,-17920,,,,,,,,,,,,,,,,,,,,,732955,,,,465484,,3000000,,7.48,528495,574106,,,,,,,,,651956,,,911618,,,72318,1644573,,,,,,,,,,,,,,267471,383123,1070467,0
,,,,7829752,,,2439,美律,,,-768252,,,,,,,,,,,,,,,,,,,,4,上市,113,,,,,,0,,,,,,,,,,,,,,,,19193367,,,,18018845,,0,,71.08,14100931,26905658,,,,,,,,,2534914,,,19926554,,,8422431,39119921,,,,,,,,,,,,,,1174522,5825623,12214263,0
,,,,-193407,,,2440,太空梭,,,24387,,,,,,,,,,,,,,,,,,,,4,上市,113,,,,,,,,,,,,,,,,,,,,,,1227262,,,,1227262,,0,,8.82,987212,1856991,,,,,,,,,1391173,,,1084053,,,5109,2311315,,,,,,,,,,,,,,,96841,454324,0
,,,,16347072,,,2441,超豐,,,343116,,,,,,,,,,,,,,,,,,,,4,上市,113,,,,,,,,,,,,,,,,,,,,,,22383492,,,,22381313,,0,,39.35,3377680,11599623,,,,,,,,,5688459,,,3687358,,,2666,26070850,,,,,,,,,,,,,,2179,309678,14471227,0
,,,,1924448,,,2442,新美齊,,,18588,,,,,,,,,,,,,,,,,,,,4,上市,113,,,,,,0,,,,,,,,,,,,,,,,5430742,,,,4678120,,0,,17.87,17261679,23194008,,,,,,,,,2618192,,,20221813,,,116892,25652555,,,,,,,,,,,,,,752622,2960134,2458547,0
,,,,-163474,,,2444,兆勁,,,-16179,,,,,,,,,,,,,,,,,,,,4,上市,113,0,,,,,,,,,,,,,,,,,,,,,957086,,,,957086,,0,,9.42,404891,1218911,,,,,,,,,1015696,,,1014666,,,121043,1971752,,,,,,,,,,,,,,,609775,752841,0
,,,,22396262,,,2449,京元電子,,,3594796,,,,,,,,,,,,,,,,,,,,4,上市,113,,,,,,,,,,,,,,,,,,,,,,44711483,,,,43296273,,0,,35.41,16906628,43917988,,,,,,,,,12227451,,,41999303,,,5077764,86710786,,,,,,,,,,,,,,1415210,25092675,42792798,0
,,,,3127030,,,2450,神腦,,,-9318,,,,,,,,,,,,,,,,,,,,4,上市,113,,,,,,,,,,,,,,,,,,,,,,6448059,,,,6438438,,0,,24.93,3549249,6737556,,,,,,,,,2582527,,,3965020,,,738199,10413079,,,,,,,,,,,,,,9621,415771,3675523,0
,,,,12653547,,,2451,創見,,,-26880,,,,,,,,,,,,,,,,,,,,4,上市,113,,,,,,0,,,,,,,,,,,,,,,,19823014,,,,19823014,,0,,46.12,1300387,14448945,,,,,,,,,4298547,,,1577251,,,2897800,21400265,,,,,,,,,,,,,,,276864,6951320,0
,,,,1140816,,,2453,凌群,,,30144,,,,,,,,,,,,,,,,,,,,4,上市,113,0,,,,,0,,,,,,,,,,,,,,,,2184251,,,,2172743,,0,,21.73,2598214,4033567,,,,,,,,,1000000,,,2695279,,,1783,4879530,,,,,,,,,,,,,,11508,97065,845963,0
,,,,299907267,,,2454,聯發科,,,49122847,,,,,,,,,,,,,,,,,,,,4,上市,113,-55970,,,,,,,,,,,,,,,,,,,,,405055347,,,,396627077,,7794085,,248.84,266902326,351025462,,,,,,,,,16016880,,,292812183,,,31636053,697867530,,,,,,,,,,,,,,8428270,25909857,346842068,0
,,,,1505862,,,2455,全新,,,-42315,,,,,,,,,,,,,,,,,,,,4,上市,113,,,,,,0,,,,,,,,,,,,,,,,3329342,,,,,,0,,18.01,746700,2283506,,,,,,,,,1849059,,,1253585,,,16736,4582927,,,,,,,,,,,,,,,506885,2299421,0
,,,,1098793,,,2457,飛宏,,,25371,,,,,,,,,,,,,,,,,,,,4,上市,113,,,,,,,,,,,,,,,,,,,,,,10015631,,,,10015631,,0,,23.23,3876534,9549116,,,,,,,,,4312084,,,4987519,,,4579383,15003150,,,,,,,,,,,,,,0,1110985,5454034,0
,,,,6475387,,,2458,義隆,0,,-31059,,,,,,,,,,,,,,,,,,,,4,上市,113,-848995,,,,,,,,,,,,,,,,,,,,0,10000963,,,,9773280,,17656599,,34.15,3587588,8662355,,,,,,,,,3038804,,,5016143,,,1139143,15017106,,,,,,,,,,,,,,227683,1428555,6354751,0
,,,,4191688,,,2459,敦吉,,,219677,,,,,,,,,,,,,,,,,,,,4,上市,113,,,,,,,,,,,,,,,,,,,,,,6042919,,,,5649216,,0,,53.50,2636382,7015782,,,,,,,,,1055956,,,3597707,,,181895,9640626,,,,,,,,,,,,,,393703,961325,2624844,0
,,,,96524,,,2460,建通,,,-46576,,,,,,,,,,,,,,,,,,,,4,上市,113,-43059,,,,,,,,,,,,,,,,,,,,,1970222,,,,1970222,,3301100,,11.88,2675435,3158527,,,,,,,,,1692000,,,3385731,,,271333,5355953,,,,,,,,,,,,,,,710296,2197426,0
,,,,987171,,,2461,光群雷,,,-218803,,,,,,,,,,,,,,,,,,,,4,上市,113,0,,,,,,,,,,,,,,,,,,,,,4040467,,,,3264214,,0,,18.87,2142316,4112705,,,,,,,,,1729520,,,3657032,,,766326,7697499,,,,,,,,,,,,,,776253,1514716,3584794,0
,,,,1452104,,,2462,良得電,,,-146352,,,,,,,,,,,,,,,,,,,,4,上市,113,0,,,,,0,,,,,,,,,,,,,,,,3200956,,,,3181442,,0,,21.19,2481699,3449437,,,,,,,,,1501440,,,2890954,,,374250,6091910,,,,,,,,,,,,,,19514,409255,2642473,0
,,,,2122949,,,2464,盟立,,,17723,,,,,,,,,,,,,,,,,,,,4,上市,113,,,,,,,,,,,,,,,,,,,,,,5248030,,,,5183792,,0,,25.34,5877366,8608790,,,,,,,,,2045312,,,7311316,,,997808,12559346,,,,,,,,,,,,,,64238,1433950,3950556,0
,,,,-445094,,,2465,麗臺,,,2598,,,,,,,,,,,,,,,,,,,,4,上市,113,,,,,,0,,,,,,,,,,,,,,,,584179,,,,584156,,0,,6.96,2228983,2596419,,,,,,,,,839460,,,2384435,,,187192,2968614,,,,,,,,,,,,,,23,155452,372195,0
,,,,169673,,,2466,冠西電,,,-54911,,,,,,,,,,,,,,,,,,,,4,上市,113,,,,,,0,,,,,,,,,,,,,,,,1973187,,,,1973187,,0,,11.51,1769632,1029341,,,,,,,,,1714587,,,2351163,,,143838,4324350,,,,,,,,,,,,,,,581531,3295009,0
,,,,1587739,,,2467,志聖,,,1818107,,,,,,,,,,,,,,,,,,,,4,上市,113,-524329,,,,,0,,,,,,,,,,,,,,,,5250788,,,,4857404,,6781030,,32.39,3145172,6251277,,,,,,,,,1567553,,,5521706,,,408334,10772494,,,,,,,,,,,,,,393384,2376534,4521217,0
,,,,491769,,,2468,華經,,,1354,,,,,,,,,,,,,,,,,,,,4,上市,113,,,,,,,,,,,,,,,,,,,,,,1255096,,,,1255096,,0,,17.94,882202,1627903,,,,,,,,,699612,,,902164,,,62361,2157260,,,,,,,,,,,,,,,19962,529357,0
,,,,291072,,,2471,資通,,,-4886,,,,,,,,,,,,,,,,,,,,4,上市,113,,,,,,0,,,,,,,,,,,,,,,,923358,,,,919528,,0,,19.46,436394,1211610,,,,,,,,,472539,,,524538,,,160803,1447896,,,,,,,,,,,,,,3830,88144,236286,0
,,,,4459741,,,2472,立隆電,,,-113971,,,,,,,,,,,,,,,,,,,,4,上市,113,0,,,,,0,,,,,,,,,,,,,,,,12282705,,,,8047326,,0,,48.85,4026238,10297741,,,,,,,,,1647351,,,4451384,,,2054205,16734089,,,,,,,,,,,,,,4235379,425146,6436348,0
,,,,140646808,,,2474,可成,,,919839,,,,,,,,,,,,,,,,,,,,4,上市,113,-1672820,,,,,,,,,,,,,,,,,,,,,164575833,,,,164575833,,8810000,,245.07,63073331,121654319,,,,,,,,,6803641,,,69065116,,,17878365,233640949,,,,,,,,,,,,,,0,5991785,111986630,0
,,,,4550759,,,2476,鉅祥,,,219731,,,,,,,,,,,,,,,,,,,,4,上市,113,,,,,,,,,,,,,,,,,,,,,,8896326,,,,8293880,,0,,39.48,2024574,8367513,,,,,,,,,2100960,,,3444614,,,1422430,12340940,,,,,,,,,,,,,,602446,1420040,3973427,320500
,,,,2534790,,,2477,美隆電,,,246228,,,,,,,,,,,,,,,,,,,,4,上市,113,,,,,,,,,,,,,,,,,,,,,,4717217,,,,4373034,,0,,27.58,2020732,5398612,,,,,,,,,1585732,,,3574083,,,6284,8291300,,,,,,,,,,,,,,344183,1553351,2892688,0
,,,,4196167,,,2478,大毅,,,-306878,,,,,,,,,,,,,,,,,,,,4,上市,113,0,,,,,,,,,,,,,,,,,,,,,6973056,,,,6862074,,0,,47.41,2208419,5437333,,,,,,,,,1447313,,,2774631,,,1525472,9747687,,,,,,,,,,,,,,110982,566212,4310354,0
,,,,2200603,,,2480,敦陽科,,,10437,,,,,,,,,,,,,,,,,,,,4,上市,113,0,,,,,0,,,,,,,,,,,,,,,,3441157,,,,3441157,,0,,32.35,3624819,6113691,,,,,,,,,1063603,,,3698857,,,166514,7140014,,,,,,,,,,,,,,0,74038,1026323,0
,,,,4467978,,,2481,強茂,,,-238172,,,,,,,,,,,,,,,,,,,,4,上市,113,0,,,,,,,,,,,,,,,,,,,,,15519844,,,,14123114,,0,,36.96,7205790,14213533,,,,,,,,,3821149,,,13222820,,,6072159,28742664,,,,,,,,,,,,,,1396730,6017030,14529131,0
,,,,318865,,,2482,連宇,,,26706,,,,,,,,,,,,,,,,,,,,4,上市,113,,,,,,,,,,,,,,,,,,,,,,1270966,,,,1270963,,0,,16.32,171697,1083876,,,,,,,,,778827,,,217504,,,146565,1488470,,,,,,,,,,,,,,3,45807,404594,0
,,,,1112571,,,2483,百容,,,106981,,,,,,,,,,,,,,,,,,,,4,上市,113,0,,,,,,,,,,,,,,,,,,,,,2550292,,,,2537627,,0,,23.26,984740,1358305,,,,,,,,,1090938,,,1599973,,,227137,4150265,,,,,,,,,,,,,,12665,615233,2791960,0
,,,,1393941,,,2484,希華,,,-2166,,,,,,,,,,,,,,,,,,,,4,上市,113,,,,,,,,,,,,,,,,,,,,,,3714622,,,,3708747,,0,,23.26,591684,2300353,,,,,,,,,1594210,,,759867,,,722762,4474489,,,,,,,,,,,,,,5875,168183,2174136,0
,,,,1803268,,,2485,兆赫,,,-112738,,,,,,,,,,,,,,,,,,,,4,上市,113,,,,,,0,,,,,,,,,,,,,,,,5614702,,,,5417112,,0,,17.05,1318642,4127096,,,,,,,,,3176890,,,1379284,,,549692,6993986,,,,,,,,,,,,,,197590,60642,2866890,0
,,,,237422,,,2486,一詮,,,-144666,,,,,,,,,,,,,,,,,,,,4,上市,113,0,,,,,0,,,,,,,,,,,,,,,,5385683,,,,5208361,,0,,22.26,2005218,5655836,,,,,,,,,2339586,,,5629644,,,2776019,11015327,,,,,,,,,,,,,,177322,3624426,5359491,0
,,,,1910477,,,2488,漢平,,,-11057,,,,,,,,,,,,,,,,,,,,4,上市,113,,,,,,0,,,,,,,,,,,,,,,,2733415,,,,2733415,,0,,34.17,821465,2857276,,,,,,,,,799994,,,1144915,,,34001,3878330,,,,,,,,,,,,,,,323450,1021054,0
,,,,4770633,,,2489,瑞軒,,,13162,,,,,,,,,,,,,,,,,,,,4,上市,113,,,,,,0,,,,,,,,,,,,,,,,14009247,,,,13845458,,0,,20.36,6807737,16014793,,,,,,,,,6800000,,,7163809,,,2261663,21173056,,,,,,,,,,,,,,163789,356072,5158263,0
,,,,-109494,,,2491,吉祥全,,,15258,,,,,,,,,,,,,,,,,,,,4,上市,113,,,,,,0,,,,,,,,,,,,,,,,1223798,,,,808115,,0,,9.85,172618,1179754,,,,,,,,,820080,,,205232,,,82271,1429030,,,,,,,,,,,,,,415683,32614,249276,0
,,,,37355389,,,2492,華新科,,,3506695,,,,,,,,,,,,,,,,,,,,4,上市,113,-236380,,,,,,,,,,,,,,,,,,,,,58277153,,,,48645703,,1000000,,100.34,23911363,31266210,,,,,,,,,4858048,,,40978034,,,3161951,99255187,,,,,,,,,,,,,,9631450,17066671,67988977,0
,,,,1591011,,,2493,揚博,,,91702,,,,,,,,,,,,,,,,,,,,4,上市,113,,,,,,0,,,,,,,,,,,,,,,,3149109,,,,3149109,,0,,27.52,1127374,3286628,,,,,,,,,1144373,,,1274901,,,322023,4424010,,,,,,,,,,,,,,,147527,1137382,0
,,,,1795058,,,2495,普安,,,16138,,,,,,,,,,,,,,,,,,,,4,上市,113,,,,,,0,,,,,,,,,,,,,,,,4635576,,,,4635576,,0,,16.95,2351901,6299037,,,,,,,,,2735515,,,2431181,,,88865,7066757,,,,,,,,,,,,,,0,79280,767720,0
,,,,420702,,,2496,卓越,,,-2517,,,,,,,,,,,,,,,,,,,,4,上市,113,-12406,,,,,,,,,,,,,,,,,,,,,899486,,,,892262,,178000,,47.15,476203,503411,,,,,,,,,191004,,,529092,,,295479,1428578,,,,,,,,,,,,,,7224,52889,925167,0
,,,,818325,,,2497,怡利電,,,18631,,,,,,,,,,,,,,,,,,,,4,上市,113,,,,,,,,,,,,,,,,,,,,,,2514062,,,,2514062,,0,,20.47,1885779,3128155,,,,,,,,,1227997,,,2206904,,,449109,4720966,,,,,,,,,,,,,,,321125,1592811,0
,,,,-794015,,,2498,宏達電,,,-2390621,,,,,,,,,,,,,,,,,,,,4,上市,113,,,,,,,,,,,,,,,,,,,,,,21428269,,,,21428269,,0,,25.71,12739356,26996749,,,,,,,,,8335340,,,24803201,,,16277565,46231470,,,,,,,,,,,,,,,12063845,19234721,0
,,,,14739089,,,2501,國建,,,1746045,,,,,,,,,,,,,,,,,,,,4,上市,113,,,,,,,,,,,,,,,,,,,,,,30507449,,,,28263625,,0,,24.37,40970617,64158868,,,,,,,,,11595611,,,58901514,,,182880,89408963,,,,,,,,,,,,,,2243824,17930897,25250095,0
,,,,13806881,,,2504,國產,,,-81640,,,,,,,,,,,,,,,,,,,,4,上市,113,-4789,,,,,,,,,,,,,,,,,,,,,27852716,,,,26732760,,3116108,,22.71,7002752,12095088,,,,,,,,,11800000,,,15582971,,,1212308,43435687,,,,,,,,,,,,,,1119956,8580219,31340599,0
,,,,5644995,,,2505,國揚,,,83943,,,,,,,,,,,,,,,,,,,,4,上市,113,,,,,,0,,,,,,,,,,,,,,,,10279152,,,,10156734,,0,,26.73,12037050,19458959,,,,,,,,,3800000,,,12179088,,,627796,22458240,,,,,,,,,,,,,,122418,142038,2999281,0
,,,,3054695,,,2506,太設,,,566248,,,,,,,,,,,,,,,,,,,,4,上市,113,-193207,,,,,,,,,,,,,,,,,,,,,9610284,,,,7697468,,25443994,,21.29,3691775,8412932,,,,,,,,,3870000,,,4629511,,,399732,14239795,,,,,,,,,,,,,,1912816,937736,5826863,0
,,,,1354951,,,2509,全坤建,,,97343,,,,,,,,,,,,,,,,,,,,4,上市,113,,,,,,0,,,,,,,,,,,,,,,,4625595,,,,4235336,,0,,18.86,5800666,8847912,,,,,,,,,2245505,,,7017483,,,537537,11643078,,,,,,,,,,,,,,390259,1216817,2795166,0
,,,,5557696,,,2511,太子,,,1714547,,,,,,,,,,,,,,,,,,,,4,上市,113,-1003,,,,,0,,,,,,,,,,,,,,,,25990954,,,,25765014,,655424,,15.88,4245014,21660738,,,,,,,,,16233261,,,20592012,,,2260513,46582966,,,,,,,,,,,,,,225940,16346998,24922228,0
,,,,8637495,,,2514,龍邦,,,-189590,,,,,,,,,,,,,,,,,,,,4,上市,113,-614333,,,,,,,,,,,,,,,,,,,,,20303221,,,,11981971,,36608592,,33.46,12938780,16220194,,,,,,,,,3947293,,,19455925,,,201106,39759146,,,,,,,,,,,,,,8321250,6517145,23538952,0
,,,,7682699,,,2515,中工,,,-913098,,,,,,,,,,,,,,,,,,,,4,上市,113,,,,,,,,,,,,,,,,,,,,,,23069286,,,,22175131,,0,,14.49,26132660,55693731,,,,,,,,,15308998,,,41962700,,,96532,65031986,,,,,,,,,,,,,,894155,15830040,9338255,0
,,,,-582427,,,2516,新建,,,79586,,,,,,,,,,,,,,,,,,,,4,上市,113,,,,,,0,,,,,,,,,,,,,,,,1773100,,,,1773100,,0,,7.84,5389995,5662939,,,,,,,,,2262785,,,5515563,,,13156,7288663,,,,,,,,,,,,,,,125568,1625724,0
,,,,17629009,,,2520,冠德,,,-28690,,,,,,,,,,,,,,,,,,,,4,上市,113,-98702,,,,,,,,,,,,,,,,,,,,,28199910,,,,24537130,,12690784,,45.31,24164378,47350170,,,,,,,,,5541701,,,29931716,,,1493812,58131626,,,,,,,,,,,,,,3662780,5767338,10781456,0
,,,,16858615,,,2524,京城,,,0,,,,,,,,,,,,,,,,,,,,4,上市,113,0,,,,,0,,,,,,,,,,,,,,,,20560893,,,,20560893,,0,,55.66,9555602,40259894,,,,,,,,,3694196,,,20554203,,,8082,41115096,,,,,,,,,,,,,,,10998601,855202,0
,,,,4585363,,,2527,宏璟,,,6271008,,,,,,,,,,,,,,,,,,,,4,上市,113,-455812,,,,,,,,,,,,,,,,,,,,,13859994,,,,13475159,,8547695,,51.48,11697490,14970981,,,,,,,,,2703060,,,13469478,,,371540,27329472,,,,,,,,,,,,,,384835,1771988,12358491,0
,,,,1416250,,,2528,皇普,,,,,,,,,,,,,,,,,,,,,,,4,上市,113,,,,,,,,,,,,,,,,,,,,,,7100782,,,,,,0,,17.18,19702853,28181355,,,,,,,,,4133585,,,21489245,,,1550947,28590027,,,,,,,,,,,,,,,1786392,408672,0
,,,,841807,,,2530,華建,,,372,,,,,,,,,,,,,,,,,,,,4,上市,113,,,,,,,,,,,,,,,,,,,,,,10725487,,,,10499677,,0,,12.50,15706193,28919296,,,,,,,,,8399880,,,18360483,,,1257618,29085970,,,,,,,,,,,,,,225810,2654290,166674,0
,,,,7485534,,,2534,宏盛,,,62251,,,,,,,,,,,,,,,,,,,,4,上市,113,-45822,,,,,,,,,,,,,,,,,,,,,14585182,,,,14585182,,1227150,,30.84,10900931,17447659,,,,,,,,,4742280,,,17690199,,,2340939,32275381,,,,,,,,,,,,,,,6789268,14827722,0
,,,,4708585,,,2535,達欣工,,,107271,,,,,,,,,,,,,,,,,,,,4,上市,113,-124076,,,,,,,,,,,,,,,,,,,,,9984146,,,,9774125,,10902228,,37.61,13188824,26241577,,,,,,,,,2707940,,,18003169,,,2374405,27987315,,,,,,,,,,,,,,210021,4814345,1745738,0
,,,,6393896,,,2536,宏普,0,,0,,,,,,,,,,,,,,,,,,,,4,上市,113,0,,,,,,,,,,,,,,,,,,,,,12395159,,,,11764331,,0,,35.35,28381712,41661736,,,,,,,,,3328087,,,32374015,,,2042348,44769174,,,,,,,,,,,,,,630828,3992303,3107438,0
,,,,819818,,,2537,聯上發,,,0,,,,,,,,,,,,,,,,,,,,4,上市,113,,,,,,,,,,,,,,,,,,,,,,4390279,,,,,,0,,14.61,11219426,16377802,,,,,,,,,3005579,,,12730614,,,564882,17120893,,,,,,,,,,,,,,,1511188,743091,0
,,,,1563542,,,2538,基泰,,,-143521,,,,,,,,,,,,,,,,,,,,4,上市,113,,,,,,,,,,,,,,,,,,,,,,5928755,,,,5928755,,0,,13.32,12343504,17158966,,,,,,,,,4450255,,,12382012,,,58479,18310767,,,,,,,,,,,,,,0,38508,1151801,0
,,,,4245251,,,2539,櫻花建,,,0,,,,,,,,,,,,,,,,,,,,4,上市,113,,,,,,,,,,,,,,,,,,,,,,14282858,,,,14282858,,0,,14.37,14857715,31423205,,,,,,,,,9942521,,,17250109,,,95086,31532967,,,,,,,,,,,,,,0,2392394,109762,0
,,,,3049966,,,2540,愛山林,,,0,,,,,,,,,,,,,,,,,,,,4,上市,113,0,,,,,,,,,,,,,,,,,,,,,12255768,,,,12255768,,0,,19.61,33412521,44334458,,,,,,,,,6249101,,,36479009,,,2956701,48734777,,,,,,,,,,,,,,0,3066488,4400319,0
,,,,23364140,,,2542,興富發,0,,0,,,,,,,,,,,,,,,,,,,,4,上市,113,-966562,,,,,0,,,,,,,,,,,,,,,0,64066640,,,,52370304,,59186509,,26.04,157208022,223303712,,,,,,,,,20705557,,,181501227,,,9267169,245567867,,,,,,,,,,,,,,11696336,24293205,22264155,0
,,,,1218437,,,2543,皇昌,,,0,,,,,,,,,,,,,,,,,,,,4,上市,113,0,,,,,,,,,,,,,,,,,,,,,7213764,,,,6899768,,0,,16.43,8029948,8839458,,,,,,,,,4200290,,,9467696,,,1481041,16681460,,,,,,,,,,,,,,313996,1437748,7842002,0
,,,,10401275,,,2545,皇翔,,,,,,,,,,,,,,,,,,,,,,,4,上市,113,,,,,,,,,,,,,,,,,,,,,,13695753,,,,13695753,,0,,41.79,22853857,36611915,,,,,,,,,3277348,,,41604334,,,17130,55300087,,,,,,,,,,,,,,,18750477,18688172,0
,,,,3208202,,,2546,根基,,,381918,,,,,,,,,,,,,,,,,,,,4,上市,113,,,,,,0,,,,,,,,,,,,,,,,5340528,,,,5340289,,0,,43.37,7542999,12177260,,,,,,,,,1231360,,,7738470,,,518809,13078998,,,,,,,,,,,,,,239,195471,901738,0
,,,,626837,,,2547,日勝生,,,-893,,,,,,,,,,,,,,,,,,,,4,上市,113,,,,,,,,,,,,,,,,,,,,,,12253446,,,,11141751,,0,,11.67,21005008,19470137,,,,,,,,,9550946,,,50244218,,,964861,62497664,,,,,,,,,,,,,,1111695,29239210,43027527,0
,,,,16944513,,,2548,華固,,,35984,,,,,,,,,,,,,,,,,,,,4,上市,113,-850,,,,,0,,,,,,,,,,,,,,,,20852283,,,,20843572,,191789,,68.50,27208449,53868147,,,,,,,,,3044940,,,35650407,,,818985,56502690,,,,,,,,,,,,,,8711,8441958,2634543,0
,,,,3728974,,,2597,潤弘,,,1640608,,,,,,,,,,,,,,,,,,,,4,上市,113,,,,,,0,,,,,,,,,,,,,,,,10771854,,,,8805074,,0,,34.01,9129458,12114301,,,,,,,,,2589300,,,13767431,,,846192,24539285,,,,,,,,,,,,,,1966780,4637973,12424984,0
,,,,-288220,,,2601,益航,0,,224418,,,,,,,,,,,,,,,,,,,,4,上市,113,0,,,,,,,,,,,,,,,,,,,,,11101139,,,,9020341,,0,,10.94,9618295,4564141,,,,,,,,,8247761,,,23792294,,,836382,34893433,,,,,,,,,,,,,,2080798,14173999,30329292,0
,,,,504164949,,,2603,長榮,,,34066155,,,,,,,,,,,,,,,,,,,,4,上市,113,,,,,,0,,,,,,,,,,,,,,,,602455727,,,,580328393,,0,,268.04,150345441,312872446,,,,,,,,,21650430,,,311757863,,,20446859,914213590,,,,,,,,,,,,,,22127334,161412422,601341144,0
,,,,11833977,,,2605,新興,,,403860,,,,,,,,,,,,,,,,,,,,4,上市,113,,,,,,0,,,,,,,,,,,,,,,,18256946,,,,18256946,,0,,31.19,3862686,7181830,,,,,,,,,5853533,,,4107626,,,165576,22364572,,,,,,,,,,,,,,0,244940,15182742,0
,,,,25418362,,,2606,裕民,,,6475895,,,,,,,,,,,,,,,,,,,,4,上市,113,,,,,,,,,,,,,,,,,,,,,,40460800,,,,40460800,,0,,47.88,14093108,28816341,,,,,,,,,8450557,,,47650631,,,115986,88111431,,,,,,,,,,,,,,0,33557523,59295090,0
,,,,15048054,,,2607,榮運,,,5538499,,,,,,,,,,,,,,,,,,,,4,上市,113,,,,,,0,,,,,,,,,,,,,,,,35918300,,,,35557707,,0,,33.32,3985838,19780347,,,,,,,,,10671411,,,11308705,,,4299743,47227005,,,,,,,,,,,,,,360593,7322867,27446658,0
,,,,7556996,,,2608,嘉里大榮,,,69574,,,,,,,,,,,,,,,,,,,,4,上市,113,,,,,,,,,,,,,,,,,,,,,,12961443,,,,12298883,,0,,26.34,3525994,3877526,,,,,,,,,4670005,,,11611862,,,2308,24573305,,,,,,,,,,,,,,662560,8085868,20695779,0
,,,,272288411,,,2609,陽明,,,5353908,,,,,,,,,,,,,,,,,,,,4,上市,113,,,,,,,,,,,,,,,,,,,,,,341313400,,,,340538392,,0,,97.52,44610875,266557699,,,,,,,,,34921043,,,142819509,,,27975030,484132909,,,,,,,,,,,,,,775008,98208634,217575210,0
,,,,20977498,,,2610,華航,,,-1544819,,,,,,,,,,,,,,,,,,,,4,上市,113,-30875,,,,,,,,,,,,,,,,,,,,,90548857,,,,86000631,,2074628,,14.16,89484009,97806882,,,,,,,,,60769350,,,236834681,,,5829477,327383538,,,,,,,,,,,,,,4548226,147350672,229576656,0
,,,,851429,,,2611,志信,,,184782,,,,,,,,,,,,,,,,,,,,4,上市,113,,,,,,,,,,,,,,,,,,,,,,3172856,,,,2967214,,0,,15.70,448540,2839618,,,,,,,,,1890023,,,1256923,,,40980,4429779,,,,,,,,,,,,,,205642,808383,1590161,0
,,,,10549058,,,2612,中航,0,,1050720,,,,,,,,,,,,,,,,,,,,4,上市,113,0,,,,,0,,,,,,,,,,,,,,,,13648570,,,,13628035,,0,,69.01,6837300,5121034,,,,,,,,,1974846,,,13763831,,,53411,27412401,,,,,,,,,,,,,,20535,6926531,22291367,0
,,,,2084618,,,2613,中櫃,,,30093,,,,,,,,,,,,,,,,,,,,4,上市,113,-476647,,,,,0,,,,,,,,,,,,,,,,3273266,,,,3261311,,11146894,,23.76,1292072,1709125,,,,,,,,,1484235,,,6535232,,,139012,9808498,,,,,,,,,,,,,,11955,5243160,8099373,0
,,,,1287292,,,2614,東森,,,-42898,,,,,,,,,,,,,,,,,,,,4,上市,113,,,,,,,,,,,,,,,,,,,,,,5178478,,,,4252363,,0,,14.16,4089154,4598624,,,,,,,,,3002431,,,14299067,,,5538,19477545,,,,,,,,,,,,,,926115,10209913,14878921,0
,,,,209898523,,,2615,萬海,,,21975179,,,,,,,,,,,,,,,,,,,,4,上市,113,,,,,,,,,,,,,,,,,,,,,,261618592,,,,261206941,,0,,93.08,38977472,165628387,,,,,,,,,28061464,,,149699989,,,1271775,411318581,,,,,,,,,,,,,,411651,110722517,245690194,0
,,,,1231327,,,2616,山隆,,,516033,,,,,,,,,,,,,,,,,,,,4,上市,113,-31863,,,,,0,,,,,,,,,,,,,,,,3885013,,,,3677805,,1353454,,27.06,2891388,2280458,,,,,,,,,1372818,,,4964336,,,589490,8849349,,,,,,,,,,,,,,207208,2072948,6568891,0
,,,,10360016,,,2617,台航,,,3384520,,,,,,,,,,,,,,,,,,,,4,上市,113,,,,,,,,,,,,,,,,,,,,,,18251863,,,,18251863,,0,,43.74,2051887,4261359,,,,,,,,,4172945,,,9718207,,,334382,27970070,,,,,,,,,,,,,,,7666320,23708711,0
,,,,57765901,,,2618,長榮航,,,-1508235,,,,,,,,,,,,,,,,,,,,4,上市,113,,,,,,,,,,,,,,,,,,,,,,131744640,,,,123202410,,0,,22.81,84290590,96044041,,,,,,,,,54004443,,,221939766,,,12940301,353684406,,,,,,,,,,,,,,8542230,137649176,257640365,0
,,,,282612,,,2630,亞航,,,2407,,,,,,,,,,,,,,,,,,,,4,上市,113,0,,,,,,,,,,,,,,,,,,,,,3469405,,,,3469405,,0,,16.57,1742622,4506485,,,,,,,,,2094382,,,2297516,,,1090004,5766921,,,,,,,,,,,,,,,554894,1260436,0
,,,,15619077,,,2633,台灣高鐵,,,,,,,,,,,,,,,,,,,,,,,4,上市,113,,,,,,0,,,,,,,,,,,,,,,,72074988,,,,,,0,,12.81,31379549,25956545,,,,,,,,,56282930,,,311796324,,,172981,383871312,,,,,,,,,,,,,,,280416775,357914767,0
,,,,8711158,,,2634,漢翔,,,97418,,,,,,,,,,,,,,,,,,,,4,上市,113,,,,,,,,,,,,,,,,,,,,,,18245498,,,,18245498,,0,,19.37,22500448,35460810,,,,,,,,,9418671,,,31132236,,,18251,49377734,,,,,,,,,,,,,,,8631788,13916924,0
,,,,5210874,,,2636,台驊控股,,,1284223,,,,,,,,,,,,,,,,,,,,4,上市,113,-397530,,,,,,,,,,,,,,,,,,,,,10480614,,,,10061988,,6430000,,73.47,10203313,18664633,,,,,,,,,1433912,,,10586377,,,2530509,21066991,,,,,,,,,,,,,,418626,383064,2402358,0
,,,,32750151,,,2637,慧洋-KY,,,12147935,,,,,,,,,,,,,,,,,,,,4,上市,113,0,,,,,0,,,,,,,,,,,,,,,,52396726,,,,52396726,,0,,70.20,9138561,7719235,,,,,,,,,7464092,,,38850646,,,34548,91247372,,,,,,,,,,,,,,,29712085,83528137,0
,,,,424365,,,2642,宅配通,,,370839,,,,,,,,,,,,,,,,,,,,4,上市,113,,,,,,0,,,,,,,,,,,,,,,,2049956,,,,2049956,,0,,21.47,927620,1419974,,,,,,,,,954670,,,2220626,,,300082,4270582,,,,,,,,,,,,,,,1293006,2850608,0
,,,,7325172,,,2645,長榮航太,,,36063,,,,,,,,,,,,,,,,,,,,4,上市,113,,,,,,0,,,,,,,,,,,,,,,,13238593,,,,,,0,,35.34,3303053,11781989,,,,,,,,,3745709,,,9761831,,,2131649,23000424,,,,,,,,,,,,,,,6458778,11218435,0
,,,,-7730494,,,2646,星宇航空,,,-2293584,,,,,,,,,,,,,,,,,,,,4,上市,113,,,,,,,,,,,,,,,,,,,,,,29838451,,,,,,0,,9.92,18179698,20602126,,,,,,,,,30087350,,,89226350,,,9775179,119064801,,,,,,,,,,,,,,,71046652,98462675,0
,,,,2835199,,,2701,萬企,,,1144960,,,,,,,,,,,,,,,,,,,,4,上市,113,0,,,,,0,,,,,,,,,,,,,,,,8479837,,,,,,0,,18.85,152988,1877113,,,,,,,,,4499678,,,1302383,,,0,9782220,,,,,,,,,,,,,,,1149395,7905107,0
,,,,1663867,,,2702,華園,,,99169,,,,,,,,,,,,,,,,,,,,4,上市,113,,,,,,0,,,,,,,,,,,,,,,,3331338,,,,3331338,,0,,21.27,1468023,3469276,,,,,,,,,1566133,,,4929939,,,2169,8261277,,,,,,,,,,,,,,,3461916,4792001,0
,,,,5891343,,,2704,國賓,,,15357974,,,,,,,,,,,,,,,,,,,,4,上市,113,0,,,,,0,,,,,,,,,,,,,,,,27865100,,,,27860398,,0,,75.93,2692269,21484471,,,,,,,,,3669234,,,6475216,,,2941847,34340316,,,,,,,,,,,,,,4702,3782947,12855845,0
,,,,-473328,,,2705,六福,,,3388880,,,,,,,,,,,,,,,,,,,,4,上市,113,,,,,,,,,,,,,,,,,,,,,,4859916,,,,4859916,,0,,25.40,952705,499191,,,,,,,,,1913128,,,10567237,,,31236,15427153,,,,,,,,,,,,,,,9614532,14927962,0
,,,,3650380,,,2706,第一店,,,1454564,,,,,,,,,,,,,,,,,,,,4,上市,113,,,,,,0,,,,,,,,,,,,,,,,10180959,,,,,,0,,20.36,136731,2968940,,,,,,,,,4999984,,,1560600,,,76031,11741559,,,,,,,,,,,,,,,1423869,8772619,0
,,,,3292752,,,2707,晶華,,,-189047,,,,,,,,,,,,,,,,,,,,4,上市,113,,,,,,0,,,,,,,,,,,,,,,,4836676,,,,4600120,,0,,36.11,2567435,4048945,,,,,,,,,1274032,,,6113667,,,222383,10950343,,,,,,,,,,,,,,236556,3546232,6901398,0
,,,,-92441,,,2712,遠雄來,,,,,,,,,,,,,,,,,,,,,,,4,上市,113,,,,,,,,,,,,,,,,,,,,,,1065951,,,,,,0,,10.15,365452,151666,,,,,,,,,1050000,,,742931,,,108392,1808882,,,,,,,,,,,,,,,377479,1657216,0
,,,,498678,,,2722,夏都,,,-24115,,,,,,,,,,,,,,,,,,,,4,上市,113,,,,,,,,,,,,,,,,,,,,,,2771039,,,,2521145,,0,,17.61,477625,829762,,,,,,,,,1431697,,,905261,,,614885,3676300,,,,,,,,,,,,,,249894,427636,2846538,0
,,,,7258510,,,2723,美食-KY,,,-132329,,,,,,,,,,,,,,,,,,,,4,上市,113,,,,,,,,,,,,,,,,,,,,,,11240790,,,,11302786,,0,,62.79,4990356,6617537,,,,,,,,,1800000,,,8274140,,,2376605,19514930,,,,,,,,,,,,,,-61996,3283784,12897393,0
,,,,2171883,,,2727,王品,,,-86044,,,,,,,,,,,,,,,,,,,,4,上市,113,-259879,,,,,,,,,,,,,,,,,,,,,4983428,,,,4580770,,1592000,,55.28,7011856,8441906,,,,,,,,,844511,,,11305179,,,1910299,16288607,,,,,,,,,,,,,,402658,4293323,7846701,0
,,,,1621116,,,2731,雄獅,,,5445,,,,,,,,,,,,,,,,,,,,4,上市,113,,,,,,,,,,,,,,,,,,,,,,4193156,,,,4074316,,0,,43.68,5437927,7646852,,,,,,,,,932777,,,6260467,,,1514978,10453623,,,,,,,,,,,,,,118840,822540,2806771,0
,,,,65316,,,2739,寒舍,,,98332,,,,,,,,,,,,,,,,,,,,4,上市,113,,,,,,0,,,,,,,,,,,,,,,,1535346,,,,1535346,,0,,16.77,2441247,1426345,,,,,,,,,915260,,,11303353,,,456438,12838699,,,,,,,,,,,,,,,8862106,11412354,0
,,,,649615,,,2748,雲品,,,8742,,,,,,,,,,,,,,,,,,,,4,上市,113,,,,,,,,,,,,,,,,,,,,,,2952923,,,,2952923,,0,,27.92,826467,2209692,,,,,,,,,1057787,,,2065056,,,1236779,5017979,,,,,,,,,,,,,,,1238589,2808287,0
,,,,1859221,,,2753,八方雲集,,,47148,,,,,,,,,,,,,,,,,,,,4,上市,113,,,,,,,,,,,,,,,,,,,,,,3815840,,,,3573396,,0,,53.62,1657607,1993610,,,,,,,,,666448,,,2907372,,,1000579,6723212,,,,,,,,,,,,,,242444,1249765,4729602,0
,,,,139248,,,2762,世界健身-KY,,,3898,,,,,,,,,,,,,,,,,,,,4,上市,113,-304796,,,,,0,,,,,,,,,,,,,,,,3133851,,,,3133851,,2889000,,28.59,5275690,1410196,,,,,,,,,1125000,,,14219030,,,2170501,17352881,,,,,,,,,,,,,,,8943340,15942685,0
,21413108,,1966622,79363693,,,2801,彰銀,,,9976088,4866812,,1528587,1290231,324530,,,,,,,,,,,234310750,,187983867,2630356510,4,上市,113,0,,,,,,,,,28023911,40805410,,24807709,,13932767,,512721202,,,,,,201397388,,,201397388,,0,,17.97,,,,985194,,41389706,1841194,282646,,1837221,112057583,,2616244,,2971323743,1967920024,24,,3172721131,310155769,2881955,82798865,11089598,4510535,,,,,11403907,,,,,,0
,19411366,,1108080,24836981,,,2812,台中銀,,,538581,1312631,,3071253,8555462,3517,,,,,,106011,,,13369774,,19651215,,49941583,806665136,4,上市,113,0,,,,,0,,,,7899390,13500000,,24363126,,544436,,107749552,192853,,,,,82091384,,,82091384,,0,,14.87,,,,308591,,16133833,823140,0,,1137781,55187566,,1297832,,889987718,603477297,1528256,,972079102,99646519,2821648,36861393,109486,917916,,,,,12844223,,8241776,0,,,0
1486826,,13211,,5127320,,14097745,2816,旺旺保,,,-48424,26148,530034,,,,,5327368,,,,,,,,,,,,,4,上市,113,,,,,,,,,,1463821,,653103,,11861336,,,,,180909,11911,,7314976,,,,,,0,,32.71,,,213969,,,3132839,,,,13351,2236080,,69727,15915621,,,0,23230597,,,,,63920,,,,,,,,,,,,0
,155425,,2840,12464477,,,2820,華票,,,-687135,301039,,598721,,79745,,,,,,,,,,,21105772,,330000,,4,上市,113,,,,,,,,,,617981,,,988667,,,,2190041,,,,,,25222164,,,,,0,,18.78,,,,,,547603,,436938,,2886,13429600,,1401077,,227504745,,15222,,252726909,94715735,23796,150478933,49002,246561,,,,,204003192,,1955700,,,,0
354882,,41768,,8027461,,10825005,2832,台產,,,523618,89332,734933,,,,,2908234,,,,,,,,,,,,,4,上市,113,,,,,,,,,,1263281,,740961,,16323176,,,,,86088,,,12272047,,,,,,0,,33.88,,,10588,,,3778443,,,,44598,3622004,,40229,12637789,,,98964,24909836,,,,,289256,16851,,,,,,,,,,,0
,13883808,,1267030,38600383,,,2834,臺企銀,,,337442,3543962,,12180081,2528132,6837,,,,,,,,,1443506,,240697672,,167755748,1903841852,4,上市,113,,,,,,0,,,,20092502,53460000,,13180282,,,,230242408,,,,,,131433782,,,131433782,,0,,14.34,,,,1203010,,35663893,865240,356852,,1307295,91679828,,2384421,,2243322268,1619036334,816129,,2374756050,185020961,10213236,82805785,933342,1900656,,,,,2011108,,10252365,,,,0
,3296175,,339192,5160305,,,2836,高雄銀,,,166508,307593,,239617,,234759,,,,,,,,,,,14202790,,17004114,288418948,4,上市,113,,,,,,,,,,3867930,5377000,,1735972,,,,58571833,,,,,,25026218,,,,,0,,13.70,,,,109407,,4837717,122090,,,340434,18263271,,369930,,325624220,217145089,1436134,,350650438,34944963,5334,3434712,49369,110946,,,,,12562802,,8645942,,,,0
,16106731,,1745478,20708534,,,2838,聯邦銀,,,5857262,3658193,,9225403,13244765,1562805,,,,,,,,,1405281,,15232374,,41848692,803449537,4,上市,113,,,,,,,,885881,,8504262,5000000,,40464033,,4563187,,81725126,360711,,,,,79452598,,,77234816,,0,,18.17,,,,2200029,375000,10828862,209587,8019,,1747230,42500729,,510926,,916004868,606021210,8168291,,995457466,62897886,468953,56021935,2749178,759038,,,,,58563701,,59118321,2217782,,,0
,5195387,,903588,18271198,,,2845,遠東銀,,,-78332,456599,,354467,43576818,8636128,,,,,,,,,1163333,,2851990,,43705701,698869200,4,上市,113,,,,,,,,,,15328617,16901900,,18553830,,,,146215199,2783101,,,,,61249789,,,61249789,,0,,14.33,,,,1546704,,20587193,138082,,,924169,42753997,,629812,,792213261,488805319,302926,,853463050,59536214,8729116,53134114,,71137,,,,,2643625,,3434968,,,,0
,745889,,772568,15405447,,,2849,安泰銀,,,-1126007,88507,,1730812,2860881,0,,,,,,,,,,,2041889,,15696811,319597158,4,上市,113,0,,,,,0,,,,2637179,,,4385449,,0,,41232726,,,,,,34258356,,,,,0,,17.50,,,,288002,,3340404,11178,264913,,762088,19576094,,233363,,329657873,229539917,402822,,363916229,42448442,514577,21662432,71215,600675,,,,,839838,,1207189,,,,0
1166795,,32633,,15235095,,30725011,2850,新產,,,776506,335983,921275,,,,,10123560,,,,,,,,,,,,,4,上市,113,0,,,,,0,,,,3688499,,2250214,,25007698,,,,,364300,0,,19236073,,,,,,0,,60.88,,,25970,,,14896632,,,,33155,3159633,,19367,35371891,,,64839,54607964,,,108915,,96661,183187,,,,,,,,,,,0
281703,,801,,10622226,,34508361,2851,中再保,,,717314,55187,2516991,,,,,6298100,,,,,,,,,,,,,4,上市,113,,,,,,0,,,,1333363,,743512,,36205294,,,,,182686,13117,,20903428,,,,,,0,,26.12,,,10394,,,11701505,,,,824,8003888,,,36950222,,,1560000,57853650,,,406235,,463566,82233,,,,,,,,,,,0
612125,,2946,,5452120,,10016064,2852,第一保,,,232628,113310,552359,,,,,2723633,,,,,,,,,,,,,4,上市,113,,,,,,,,,,690452,,312502,,13175046,,,,,87818,,,8696386,,,,,,0,,28.88,,,21141,,,2293568,,,,2984,3011638,,0,11010219,,,0,19706605,,,,,99591,13285,,,,,,,,,,,0
,,,,,18418062,,2855,統一證,,,2221269,,,,,,,,,,,,,,,,,,,,4,上市,113,,,,,,0,,,,,,,,,,,,,,,,35393602,,,,,35288905,,0,24.24,157854966,183285113,,,,,,,,,14558313,,,158079595,,,91261,193473197,,,,,,,,,,,,,,104697,224629,10188084,0
,33690460,,2185115,72744449,,,2880,華南金,,2822000,-7952555,8649923,,4492988,83865306,14240547,,,5887139,,,,,,,271436406,,242231622,,3398731515,4,上市,113,,,,,,,71389216,,50860924,46256761,,,84024820,,,13347574,835917351,276595,,,,,220352889,,220350467,,,0,,15.99,,,,960683,,75858073,3085600,334871,,2247642,137791734,,24195446,,4025909007,2391862041,17766839,,4246261896,374241188,5183051,160653672,6201476,3837916,,,,,50983741,2219241,,2422,,,0
,71840154,,13960568,645589960,,,2881,富邦金,,9243640,-6216472,99669257,,62587530,609592672,565223802,,,38420772,,,,,,1341114,142686385,,440314252,,4447223581,4,上市,113,,,3590521,,,,360530634,,88331474,231041142,,,403483429,,,297642364,3856151849,60641958,,,,,965794755,,951125602,,,0,,62.30,,,,33733010,,379050189,11573299,3546918,,21437041,152657119,154973,4826219473,,11101516452,3063157625,159094995,,12067311207,733541220,105790101,1863630999,63177508,59484052,19124183,,14986278,,64379975,102323717,,14669153,,,0
,109547868,,5124668,581517297,,,2882,國泰金,0,39908290,-57994700,35109655,,123282926,855810849,810353665,,,19634708,,,,,,,184682667,,304995700,,3783367486,4,上市,113,0,,,,,,248957330,,91876330,101378430,,,306818735,,,481132365,4905021138,62945904,,,,,906526705,,888691521,,,0,,54.85,,,,33152377,,331924124,6651714,1724232,,19654750,162025102,,7191592811,,12860623632,3081678906,203143822,,13767150337,1032941639,203998439,2029794871,73089394,87844767,2591575,,6615,,21953912,39225129,,17835184,,,0
,30850748,,11657229,110346338,,,2883,凱基金,,25349611,-20827525,72561292,,106877660,240168957,188562747,,,844147,,,,,,,12112909,,37955433,,592785038,4,上市,113,,,,,,163584,109990604,,77793273,105110572,,,172152213,,,56222023,1729065793,28092039,,,,,307293162,,307156466,,,0,,16.70,,,,17274521,,68053348,1550379,875944,,4065014,183900741,,2112697504,,3640951342,509030873,33736912,,3948244504,256148521,81307658,618609889,25926587,21697927,902016,,735637,,178629928,93537812,,136696,,,0
,34419584,,7195102,52685546,,,2884,玉山金,,337737,5559039,5072489,,24565535,120468433,11603150,,,,,,,,,,80524089,,265856363,,3344612917,4,上市,113,,,,,,,47450000,,24706650,49545944,,,157731477,,,1331490,484231582,,,,,,253474357,,253291982,,,0,,15.83,,,,6612127,,62593270,2848292,418276,,4542312,159958000,,1035171,,3814763220,2311873258,35089397,,4068237577,384646204,92053439,282624694,3228060,3187118,79543,,81705,,38258144,29266642,,182375,,,0
,28974811,,10804544,138498008,,,2885,元大金,,63585186,8113916,143238921,,99863945,173232189,132321962,,,1343382,,,8550242,,,,2310340,,98990404,,1684724042,4,上市,113,,,280243,,,0,111032794,,154619336,177196786,,,342512890,,,14705836,554949950,2260465,,,,,335853327,,314238604,,,0,,24.28,,,,30531049,,83226254,5557055,2622447,,5941224,129428640,,391867186,,3379876477,1280633452,38198040,,3715729804,329586158,186040458,601160529,7418066,7363297,,,,,273112894,85047944,,21614723,,,0
,22227252,,1985283,137586961,,,2886,兆豐金,,9101108,1282253,18529638,,8280316,23070614,6235154,,,14846172,,,,,,2655613,557004765,,598175343,,3152660552,4,上市,113,0,,0,,,0,43700000,,37437809,93627240,,,117592363,,,2070487,649383986,5408372,,,,,364043886,,364043886,,,0,,24.54,,,,1522902,,103947126,8421828,2558187,,2056289,148333783,,30112679,,4307562863,2294640812,76840889,,4671606749,580413345,26637926,248660022,2203014,6627546,,,,,300343788,7032081,,,,,0
,25308787,,2218285,50104233,,,2887,台新新光金,,10243711,-116447,10600758,,24302711,148851012,55826062,,,702364,,,,,,,12676083,,108262582,,2320225929,4,上市,113,-89298,,,,,,64533272,,49413465,44764025,,,186735572,,,10856081,812983362,527999,,,,,228884587,,228857709,,,1927518,,16.26,,,,3669396,,33110688,2234377,,,2291981,140761443,,271768851,,3061820757,1660513546,38197778,,3290705344,169292719,56665194,185958931,2578856,7694759,,,,,64973243,2741500,,26878,,,0
,7019755,,200250,5430946,,,2889,國票金,,,820061,5422769,,5563369,12224216,15838014,,,,,,,,,23772414,,,459,,,4,上市,113,0,,,,,,,,27888543,17502455,,,46017303,,,396077,973878,5562988,,,,,49452246,,41976301,,,0,,11.88,,,,266859,,3518995,474779,14184,,192999,35321896,,1747659,,354224819,,403398,,403677065,137348572,3106925,180290817,55381,585680,,,,,261836679,79865,,7475945,,,0
,13594508,,3935185,78085827,,,2890,永豐金,,16031920,-5690749,19914406,,34134246,98610559,75611538,,,,,,,,,0,86467488,,154822373,,2271906962,4,上市,113,,,,,,,68782133,,70671078,64562131,,,163300871,,,2146058,309768426,1043686,,,,,205382948,,205382948,,,0,,16.19,,,,2279114,18437,41540847,2821287,435567,,3495403,126858509,,2945228,,2863392218,1608209108,6129361,,3068775166,385260105,78251402,163694578,1788558,2433035,,,,,77125226,106565921,,0,,,0
,49521556,,17016422,251681841,,,2891,中信金,,,-29882420,34736787,,76481265,207786724,144037071,,,5188789,,,,,,45554927,121047354,,468715108,,5312279829,4,上市,113,,,,,,0,146681887,,61710796,115097059,,,278852368,,,114057192,2213837513,20951153,,,,,510351748,,483947737,,,0,,24.05,,,,40095689,,107976364,5855742,3667345,,17126612,201203059,,1871868563,,8329258201,3835334654,60945257,,8839609949,570798143,124248511,825064164,24091942,21752630,154656,,26847,,241016812,46235676,,26404011,,,0
,27730142,,2708756,78952298,,,2892,第一金,,6470000,22538864,12385065,,6418221,89163708,17365356,,,87493,,,,,,2183708,315267631,,307495238,,3711088087,4,上市,113,,,,,,0,75650000,,31857418,54422602,,,76803713,,,12434184,942310680,3463952,,,,,267885907,,267885907,,,0,,19.10,,,,1301264,,59304501,4111382,1054164,,2569824,140287499,,76034328,,4436536418,2630263569,26107246,,4704422325,412224862,13014872,195475470,8933614,5358680,,,,,33384179,2622080,,0,,,0
,2379140,,409387,13220088,,,2897,王道銀行,,,-1450123,672105,,1809374,11393737,1098205,,,,,,,,,,,38651705,,19486537,331170002,4,上市,113,-87267,,,,,,,,,5996974,13450000,,4088068,,,,25955538,6975022,,,,,61520393,,,42804461,,9357000,,14.05,,,,1743557,,9401107,157788,710461,,428616,30553579,,2006251,,621564761,247488056,568184,,683085154,167848261,1364632,184911881,968320,848532,,,,,215304631,,7932028,18715932,,,0
,,,,150196,,,2901,欣欣,,,2597,,,,,,,,,,,,,,,,,,,,4,上市,113,0,,,,,0,,,,,,,,,,,,,,,,883729,,,,,,0,,12.10,54033,482062,,,,,,,,,730433,,,124807,,,503,1008536,,,,,,,,,,,,,,,70774,526474,0
,,,,8746292,,,2903,遠百,,,5403638,,,,,,,,,,,,,,,,,,,,4,上市,113,-97110,,,,,,,,,,,,,,,,,,,,,37391037,,,,31565826,,8207004,,22.41,48698251,27318271,,,,,,,,,14169406,,,104872178,,,3343600,142263215,,,,,,,,,,,,,,5825211,56173927,114944944,0
,,,,414156,,,2904,匯僑,,,15207,,,,,,,,,,,,,,,,,,,,4,上市,113,,,,,,0,,,,,,,,,,,,,,,,1285546,,,,1285104,,0,,16.51,177265,267100,,,,,,,,,778344,,,684086,,,77397,1969632,,,,,,,,,,,,,,442,506821,1702532,0
,,,,4899582,,,2905,三商,0,,-3327357,,,,,,,,,,,,,,,,,,,,4,上市,113,-592930,,,,,0,,,,,,,,,,,,,,,,,50179325,0,,16660481,,57093000,,15.64,20473141,125547721,,,,,,,,,11224957,,,1607622209,,,4456229,1657801534,,,,,,,,,,,,,,33518844,1587149068,1532253813,0
,,,,1047399,,,2906,高林,,,43151,,,,,,,,,,,,,,,,,,,,4,上市,113,,,,,,0,,,,,,,,,,,,,,,,6777761,,,,3472066,,0,,16.60,4066824,5148013,,,,,,,,,2091167,,,6181806,,,290349,12959567,,,,,,,,,,,,,,3305695,2114982,7811554,0
,,,,2119782,,,2908,特力,,,-66206,,,,,,,,,,,,,,,,,,,,4,上市,113,0,,,,,,,,,,,,,,,,,,,,,7645544,,,,7154897,,0,,14.03,13486415,17568128,,,,,,,,,5098875,,,28468110,,,2446,36113654,,,,,,,,,,,,,,490647,14981695,18545526,0
,,,,1013922,,,2910,統領,,,-46906,,,,,,,,,,,,,,,,,,,,4,上市,113,0,,,,,0,,,,,,,,,,,,,,,,2721046,,,,2721046,,0,,15.51,712116,906838,,,,,,,,,1754030,,,3246863,,,0,5967909,,,,,,,,,,,,,,0,2534747,5061071,0
,,,,-566976,,,2911,麗嬰房,,,-168332,,,,,,,,,,,,,,,,,,,,4,上市,113,,,,,,,,,,,,,,,,,,,,,,514822,,,,450010,,0,,4.28,2442698,2049979,,,,,,,,,1051260,,,3388411,,,134058,3903233,,,,,,,,,,,,,,64812,945713,1853254,0
,,,,29791202,,,2912,統一超,,,1999201,,,,,,,,,,,,,,,,,,,,4,上市,113,,,,,,,,,,,,,,,,,,,,,,52020658,,,,42277693,,0,,40.67,107771441,92767824,,,,,,,,,10396223,,,217761619,,,91067,269782277,,,,,,,,,,,,,,9742965,109990178,177014453,0
,,,,2486831,,,2913,農林,,,-50561,,,,,,,,,,,,,,,,,,,,4,上市,113,,,,,,,,,,,,,,,,,,,,,,12534218,,,,,,0,,15.87,686731,1143027,,,,,,,,,7900000,,,8845780,,,2197948,21379998,,,,,,,,,,,,,,,8159049,20236971,0
,,,,98369352,,,2915,潤泰全,,,-34764850,,,,,,,,,,,,,,,,,,,,4,上市,113,-552479,,,,,0,,,,,,,,,,,,,,,,105230304,,,,102347505,,36593388,,95.86,1733852,5187958,,,,,,,,,11043188,,,12816195,,,28252294,118046499,,,,,,,,,,,,,,2882799,11082343,112858541,0
,,,,36535032,,,2923,鼎固-KY,,,-3470514,,,,,,,,,,,,,,,,,,,,4,上市,113,,,,,,,,,,,,,,,,,,,,,,51802566,,,,50659634,,0,,29.11,23409775,72072844,,,,,,,,,17402970,,,78190646,,,192146,129993212,,,,,,,,,,,,,,1142932,54780871,57920368,0
,,,,718144,,,2929,淘帝-KY,,,-402033,,,,,,,,,,,,,,,,,,,,4,上市,113,-17152,,,,,,,,,,,,,,,,,,,,,2913919,,,,2913919,,507000,,26.74,794936,3785685,,,,,,,,,1094938,,,1100539,,,1520022,4014458,,,,,,,,,,,,,,,305603,228773,0
,,,,-53521,,,2939,永邑-KY,,,-5466,,,,,,,,,,,,,,,,,,,,4,上市,113,,,,,,,,,,,,,,,,,,,,,,730070,,,,730070,,0,,16.03,44190,798217,,,,,,,,,455487,,,264743,,,333570,994813,,,,,,,,,,,,,,0,220553,196596,0
,,,,224499,,,2945,三商家購,,,,,,,,,,,,,,,,,,,,,,,4,上市,113,,,,,,0,,,,,,,,,,,,,,,,2036595,,,,1900809,,0,,28.16,2605256,2566100,,,,,,,,,675000,,,4351839,,,1001310,6388434,,,,,,,,,,,,,,135786,1746583,3822334,0
,,,,272602,,,3002,歐格,,,53332,,,,,,,,,,,,,,,,,,,,4,上市,113,-12255,,,,,,,,,,,,,,,,,,,,,1488259,,,,1350388,,993000,,13.37,176790,1714638,,,,,,,,,1020000,,,494956,,,16709,1983215,,,,,,,,,,,,,,137871,318166,268577,0
,,,,5180230,,,3003,健和興,,,-115510,,,,,,,,,,,,,,,,,,,,4,上市,113,,,,,,,,,,,,,,,,,,,,,,6712808,,,,6648550,,0,,42.71,1314438,6677741,,,,,,,,,1556549,,,1878929,,,27281,8591737,,,,,,,,,,,,,,64258,564491,1913996,0
,,,,1544258,,,3004,豐達科,0,,-6368,,,,,,,,,,,,,,,,,,,,4,上市,113,,,,,,0,,,,,,,,,,,,,,,,2727433,,,,2727433,,0,,49.26,1508524,2941488,,,,,,,,,553717,,,3585020,,,635826,6312453,,,,,,,,,,,,,,0,2076496,3370965,0
,,,,13283885,,,3005,神基,,,1064272,,,,,,,,,,,,,,,,,,,,4,上市,113,,,,,,0,,,,,,,,,,,,,,,,27045172,,,,24510649,,0,,39.65,14624825,30505129,,,,,,,,,6181424,,,19470902,,,3981068,46516074,,,,,,,,,,,,,,2534523,4846077,16010945,0
,,,,7188211,,,3006,晶豪科,,,-27776,,,,,,,,,,,,,,,,,,,,4,上市,113,-140061,,,,,,,,,,,,,,,,,,,,,10287477,,,,10386081,,13000000,,38.02,5041643,14882136,,,,,,,,,2861722,,,7384188,,,503985,17671665,,,,,,,,,,,,,,-98604,2342545,2789529,0
,,,,175969471,,,3008,大立光,,,4652800,,,,,,,,,,,,,,,,,,,,4,上市,113,,,,,,0,,,,,,,,,,,,,,,,185387606,,,,183518942,,0,,1375.00,30578076,145764153,,,,,,,,,1334682,,,31139214,,,1561989,216526820,,,,,,,,,,,,,,1868664,561138,70762667,0
,,,,14725229,,,3010,華立,,,1312715,,,,,,,,,,,,,,,,,,,,4,上市,113,,,,,,,,,,,,,,,,,,,,,,24515527,,,,22537807,,0,,86.87,20821148,35926125,,,,,,,,,2594368,,,27860323,,,3905495,52375850,,,,,,,,,,,,,,1977720,7039175,16449725,0
,,,,50060,,,3011,今皓,,,336631,,,,,,,,,,,,,,,,,,,,4,上市,113,,,,,,,,,,,,,,,,,,,,,,1580719,,,,1514641,,0,,13.44,1112890,1015465,,,,,,,,,1127192,,,1357438,,,758,2938157,,,,,,,,,,,,,,66078,244548,1922692,0
,,,,1642068,,,3013,晟銘電,,,-10641,,,,,,,,,,,,,,,,,,,,4,上市,113,0,,,,,,,,,,,,,,,,,,,,,4447841,,,,4447841,,0,,21.68,3510422,5609322,,,,,,,,,2051389,,,4227772,,,765025,8675613,,,,,,,,,,,,,,0,717350,3066291,0
,,,,3615533,,,3014,聯陽,,,-286177,,,,,,,,,,,,,,,,,,,,4,上市,113,0,,,,,0,,,,,,,,,,,,,,,,6728524,,,,6728524,,0,,40.52,1915548,6306305,,,,,,,,,1660351,,,2073429,,,1738817,8801953,,,,,,,,,,,,,,0,157881,2495648,0
,,,,5793539,,,3015,全漢,,,6918258,,,,,,,,,,,,,,,,,,,,4,上市,113,0,,,,,0,,,,,,,,,,,,,,,,15860475,,,,15445813,,0,,82.48,5470650,11025555,,,,,,,,,1872620,,,6156310,,,861396,22016785,,,,,,,,,,,,,,414662,685660,10991230,0
,,,,523586,,,3016,嘉晶,,,-2321,,,,,,,,,,,,,,,,,,,,4,上市,113,,,,,,0,,,,,,,,,,,,,,,,5057457,,,,5057457,,0,,17.53,1411418,4424395,,,,,,,,,2885418,,,2353758,,,1650774,7411215,,,,,,,,,,,,,,,942340,2986820,0
,,,,22050862,,,3017,奇鋐,,,-609162,,,,,,,,,,,,,,,,,,,,4,上市,113,,,,,,,,,,,,,,,,,,,,,,33472875,,,,28870634,,0,,74.47,58288126,76092357,,,,,,,,,3882530,,,66432686,,,3546404,99905561,,,,,,,,,,,,,,4602241,8144560,23813204,141600
,,,,-449962,,,3018,隆銘綠能,,,361288,,,,,,,,,,,,,,,,,,,,4,上市,113,,,,,,0,,,,,,,,,,,,,,,,708442,,,,708442,,0,,9.69,697585,984992,,,,,,,,,730736,,,946231,,,66380,1654673,,,,,,,,,,,,,,0,248646,669681,0
,,,,5896246,,,3019,亞光,,,507072,,,,,,,,,,,,,,,,,,,,4,上市,113,0,,,,,0,,,,,,,,,,,,,,,,17286789,,,,14672560,,0,,52.54,8164982,21988243,,,,,,,,,2792439,,,8489296,,,5476803,25776085,,,,,,,,,,,,,,2614229,324314,3787842,0
,,,,718389,,,3021,鴻名,,,-52336,,,,,,,,,,,,,,,,,,,,4,上市,113,,,,,,0,,,,,,,,,,,,,,,,1674740,,,,1632478,,0,,17.02,1416921,2560587,,,,,,,,,958900,,,1497687,,,7525,3172427,,,,,,,,,,,,,,42262,80766,611840,0
,,,,8741253,,,3022,威強電,,,-300475,,,,,,,,,,,,,,,,,,,,4,上市,113,,,,,,0,,,,,,,,,,,,,,,,11204016,,,,11044310,,0,,62.54,2647807,10688751,,,,,,,,,1765978,,,3778309,,,837554,14982325,,,,,,,,,,,,,,159706,1130502,4293574,0
,,,,9933518,,,3023,信邦,,,-133090,,,,,,,,,,,,,,,,,,,,4,上市,113,,,,,,,,,,,,,,,,,,,,,,15447605,,,,15280571,,0,,63.65,14353417,24929402,,,,,,,,,2400690,,,15187187,,,3079453,30634792,,,,,,,,,,,,,,167034,833770,5705390,0
,,,,695660,,,3024,憶聲,,,-430389,,,,,,,,,,,,,,,,,,,,4,上市,113,,,,,,0,,,,,,,,,,,,,,,,3038448,,,,3038448,,0,,10.96,1313576,2506050,,,,,,,,,2771575,,,1605385,,,1602,4643833,,,,,,,,,,,,,,,291809,2137783,0
,,,,266546,,,3025,星通,,,-2648,,,,,,,,,,,,,,,,,,,,4,上市,113,,,,,,,,,,,,,,,,,,,,,,875216,,,,875216,,0,,15.43,154826,790104,,,,,,,,,567365,,,206185,,,43953,1081401,,,,,,,,,,,,,,,51359,291297,0
,,,,5258807,,,3026,禾伸堂,,,-94768,,,,,,,,,,,,,,,,,,,,4,上市,113,,,,,,,,,,,,,,,,,,,,,,10379371,,,,9983086,,0,,60.18,3790945,10911852,,,,,,,,,1658903,,,5446349,,,3160144,15825720,,,,,,,,,,,,,,396285,1655404,4913868,0
,,,,313760,,,3027,盛達,,,-29376,,,,,,,,,,,,,,,,,,,,4,上市,113,-25057,,,,,,,,,,,,,,,,,,,,,2479434,,,,2111514,,1146000,,18.38,1295268,2323774,,,,,,,,,1160041,,,1401866,,,692146,3881300,,,,,,,,,,,,,,367920,106598,1557526,471300
,,,,1992921,,,3028,增你強,,,525316,,,,,,,,,,,,,,,,,,,,4,上市,113,,,,,,0,,,,,,,,,,,,,,,,6236641,,,,6236641,,0,,26.29,13454917,18549807,,,,,,,,,2372412,,,13681334,,,1345992,19917975,,,,,,,,,,,,,,,226417,1368168,0
,,,,1608755,,,3029,零壹,,,50746,,,,,,,,,,,,,,,,,,,,4,上市,113,,,,,,,,,,,,,,,,,,,,,,6877234,,,,5540700,,0,,33.18,5919895,10871689,,,,,,,,,1670052,,,6404459,,,2211147,13281693,,,,,,,,,,,,,,1336534,484564,2410004,0
,,,,5899320,,,3030,德律,,,-33764,,,,,,,,,,,,,,,,,,,,4,上市,113,,,,,,0,,,,,,,,,,,,,,,,8281006,,,,8281006,,0,,35.06,1588143,5941625,,,,,,,,,2362160,,,1861846,,,53290,10142852,,,,,,,,,,,,,,,273703,4201227,0
,,,,789447,,,3031,佰鴻,,,46534,,,,,,,,,,,,,,,,,,,,4,上市,113,0,,,,,,,,,,,,,,,,,,,,,3060130,,,,2963214,,0,,17.11,421735,1994337,,,,,,,,,1732032,,,536970,,,395201,3597100,,,,,,,,,,,,,,96916,115235,1602763,0
,,,,1885402,,,3032,偉訓,,,-184008,,,,,,,,,,,,,,,,,,,,4,上市,113,-29532,,,,,,,,,,,,,,,,,,,,,4513595,,,,3246485,,1000000,,28.91,4900282,7463294,,,,,,,,,1132856,,,4952616,,,441767,9466211,,,,,,,,,,,,,,1267110,52334,2002917,0
,,,,3259587,,,3033,威健,,,372451,,,,,,,,,,,,,,,,,,,,4,上市,113,,,,,,,,,,,,,,,,,,,,,,10914808,,,,10914808,,0,,23.01,28493674,42026296,,,,,,,,,4742934,,,31916296,,,2539836,42831104,,,,,,,,,,,,,,,3422622,804808,0
,,,,57989570,,,3034,聯詠,,,1473633,,,,,,,,,,,,,,,,,,,,4,上市,113,,,,,,,,,,,,,,,,,,,,,,67923372,,,,67923372,,0,,111.62,24364348,79040796,,,,,,,,,6085115,,,34477231,,,2375054,102400603,,,,,,,,,,,,,,,10112883,23359807,0
,,,,5207743,,,3035,智原,,,936176,,,,,,,,,,,,,,,,,,,,4,上市,113,,,,,,0,,,,,,,,,,,,,,,,13473332,,,,13074685,,0,,50.18,3872277,11024143,,,,,,,,,2605503,,,4856669,,,4325263,18330001,,,,,,,,,,,,,,398647,984392,7305858,0
,,,,31770578,,,3036,文曄,,,10909959,,,,,,,,,,,,,,,,,,,,4,上市,113,,,,,,0,,,,,,,,,,,,,,,,103863272,,,,102875558,,0,,82.21,240334886,351986234,,,,,,,,,12521537,,,308627014,,,47673484,412490286,,,,,,,,,,,,,,987714,68292128,60504052,0
,,,,61917088,,,3037,欣興,,,452875,,,,,,,,,,,,,,,,,,,,4,上市,113,-150765,,,,,0,,,,,,,,,,,,,,,,99587073,,,,93264763,,1266935,,61.01,58381858,86869090,,,,,,,,,15299937,,,131259873,,,15745628,230846946,,,,,,,,,,,,,,6322310,72878015,143977856,0
,,,,1245143,,,3038,全台,,,-90525,,,,,,,,,,,,,,,,,,,,4,上市,113,-122282,,,,,0,,,,,,,,,,,,,,,,2714942,,,,2675124,,8794388,,18.00,791716,3114870,,,,,,,,,1574076,,,1253912,,,68712,3968854,,,,,,,,,,,,,,39818,462196,853984,0
,,,,616750,,,3040,遠見,,,237247,,,,,,,,,,,,,,,,,,,,4,上市,113,,,,,,,,,,,,,,,,,,,,,,1497370,,,,1497370,,0,,23.77,49721,393078,,,,,,,,,630000,,,102111,,,13373,1599481,,,,,,,,,,,,,,,52390,1206403,0
,,,,-280612,,,3041,揚智,,,13466,,,,,,,,,,,,,,,,,,,,4,上市,113,-13781,,,,,0,,,,,,,,,,,,,,,,1337725,,,,1336903,,396511,,11.46,686131,1551409,,,,,,,,,1170737,,,1263424,,,447093,2601149,,,,,,,,,,,,,,822,577293,1049740,0
,,,,8345148,,,3042,晶技,,,-72860,,,,,,,,,,,,,,,,,,,,4,上市,113,,,,,,,,,,,,,,,,,,,,,,16444179,,,,16324355,,0,,47.59,4198909,12559274,,,,,,,,,3429930,,,5726347,,,4622137,22170526,,,,,,,,,,,,,,119824,1527438,9611252,0
,,,,-38267,,,3043,科風,,,281226,,,,,,,,,,,,,,,,,,,,4,上市,113,,,,,,0,,,,,,,,,,,,,,,,605339,,,,632715,,0,,16.23,980622,912201,,,,,,,,,389756,,,982372,,,0,1587711,,,,,,,,,,,,,,-27376,1750,675510,0
,,,,45389760,,,3044,健鼎,,,-685184,,,,,,,,,,,,,,,,,,,,4,上市,113,,,,,,0,,,,,,,,,,,,,,,,50304094,,,,50296047,,0,,95.69,32397242,60230911,,,,,,,,,5256059,,,37259707,,,335412,87563801,,,,,,,,,,,,,,8047,4862465,27332890,0
,,,,48683292,,,3045,台灣大,,,-135582,,,,,,,,,,,,,,,,,,,,4,上市,113,-29717344,,,,,,,,,,,,,,,,,,,,,93928394,,,,85400360,,698751601,,28.24,81770747,44642472,,,,,,,,,37232618,,,147498771,,,29337376,241427165,,,,,,,,,,,,,,8528034,65728024,196784693,0
,,,,415794,,,3046,建碁,,,-58555,,,,,,,,,,,,,,,,,,,,4,上市,113,,,,,,0,,,,,,,,,,,,,,,,1554005,,,,1566131,,0,,19.96,1346119,2433482,,,,,,,,,784480,,,1430190,,,424412,2984195,,,,,,,,,,,,,,-12126,84071,550713,0
,,,,175534,,,3047,訊舟,,,31915,,,,,,,,,,,,,,,,,,,,4,上市,113,-12931,,,,,,,,,,,,,,,,,,,,,3596592,,,,2727621,,1379692,,12.27,2015709,4378878,,,,,,,,,2237009,,,3705075,,,296094,7301667,,,,,,,,,,,,,,868971,1689366,2922789,0
,,,,673110,,,3048,益登,,,478628,,,,,,,,,,,,,,,,,,,,4,上市,113,,,,,,,,,,,,,,,,,,,,,,4586975,,,,4586975,,0,,17.00,21772414,24676739,,,,,,,,,2698298,,,23119175,,,736939,27706150,,,,,,,,,,,,,,0,1346761,3029411,0
,,,,-284588,,,3049,精金,,,-390438,,,,,,,,,,,,,,,,,,,,4,上市,113,0,,,,,,,,,,,,,,,,,,,,,8184539,,,,7665650,,0,,9.56,940690,1935505,,,,,,,,,8020105,,,4664454,,,320571,12848993,,,,,,,,,,,,,,518889,3723764,10913488,0
,,,,448149,,,3050,鈺德,0,,-56752,,,,,,,,,,,,,,,,,,,,4,上市,113,0,,,,,0,,,,,,,,,,,,,,,,2938550,,,,2529384,,0,,16.32,970163,1642238,,,,,,,,,1549845,,,2637708,,,588142,5576258,,,,,,,,,,,,,,409166,1667545,3934020,0
,,,,942889,,,3051,力特,,,-2376,,,,,,,,,,,,,,,,,,,,4,上市,113,-41599,,,,,0,,,,,,,,,,,,,,,,2588914,,,,2588914,,2000000,,15.50,565009,1621867,,,,,,,,,1690000,,,1661005,,,0,4249919,,,,,,,,,,,,,,0,1095996,2628052,0
,,,,1027615,,,3052,夆典,,,-3175,,,,,,,,,,,,,,,,,,,,4,上市,113,-276485,,,,,0,,,,,,,,,,,,,,,,3486616,,,,3395845,,31261043,,16.65,6009720,9614456,,,,,,,,,2352457,,,6541297,,,295433,10027913,,,,,,,,,,,,,,90771,531577,413457,0
,,,,-32221,,,3054,立萬利,,,-78533,,,,,,,,,,,,,,,,,,,,4,上市,113,0,,,,,0,,,,,,,,,,,,,,,,752957,,,,752957,,0,,9.34,33935,378386,,,,,,,,,806510,,,39232,,,57201,792189,,,,,,,,,,,,,,,5297,413803,0
,,,,784819,,,3055,蔚華科,,,-118890,,,,,,,,,,,,,,,,,,,,4,上市,113,-127617,,,,,,,,,,,,,,,,,,,,,2127347,,,,2078701,,2246030,,18.44,317496,1781054,,,,,,,,,1149749,,,464919,,,390640,2592266,,,,,,,,,,,,,,48646,147423,811212,0
,,,,4122217,,,3056,富華新,,,,,,,,,,,,,,,,,,,,,,,4,上市,113,,,,,,,,,,,,,,,,,,,,,,8947156,,,,8947156,,0,,25.13,8483933,16329847,,,,,,,,,3559667,,,8807508,,,1265272,17754664,,,,,,,,,,,,,,,323575,1424817,0
,,,,-323876,,,3057,喬鼎,,,-85589,,,,,,,,,,,,,,,,,,,,4,上市,113,,,,,,,,,,,,,,,,,,,,,,602680,,,,602288,,0,,6.50,348035,772888,,,,,,,,,926787,,,439312,,,84966,1041992,,,,,,,,,,,,,,392,91277,269104,0
,,,,-220353,,,3058,立德,,,-63503,,,,,,,,,,,,,,,,,,,,4,上市,113,-28888,,,,,0,,,,,,,,,,,,,,,,2028620,,,,1922697,,1988000,,9.60,2023264,2867508,,,,,,,,,2023628,,,2940781,,,211813,4969401,,,,,,,,,,,,,,105923,917517,2101893,0
,,,,4716930,,,3059,華晶科,,,-181774,,,,,,,,,,,,,,,,,,,,4,上市,113,-38101,,,,,0,,,,,,,,,,,,,,,,10563140,,,,10097958,,2090000,,33.25,4698464,10624475,,,,,,,,,3058000,,,6317378,,,2542903,16880518,,,,,,,,,,,,,,465182,1618914,6256043,0
,,,,605301,,,3060,銘異,,,-709764,,,,,,,,,,,,,,,,,,,,4,上市,113,,,,,,0,,,,,,,,,,,,,,,,2708578,,,,2703502,,0,,19.65,1382460,2834935,,,,,,,,,1375632,,,1798218,,,1432333,4506796,,,,,,,,,,,,,,5076,415758,1671861,0
,,,,1007433,,,3062,建漢,,,-64804,,,,,,,,,,,,,,,,,,,,4,上市,113,-205694,,,,,0,,,,,,,,,,,,,,,,4638865,,,,4638865,,6646000,,14.33,1525547,3447658,,,,,,,,,3303254,,,1941044,,,598676,6579909,,,,,,,,,,,,,,,415497,3132251,0
,,,,2936213,,,3090,日電貿,,,-84706,,,,,,,,,,,,,,,,,,,,4,上市,113,,,,,,,,,,,,,,,,,,,,,,6654542,,,,6605224,,0,,31.07,4106189,9205689,,,,,,,,,2125972,,,4227228,,,1627745,10881770,,,,,,,,,,,,,,49318,121039,1676081,0
,,,,100704,,,3092,鴻碩,,,-60794,,,,,,,,,,,,,,,,,,,,4,上市,113,,,,,,0,,,,,,,,,,,,,,,,1959475,,,,1959475,,0,,18.39,1982961,2497206,,,,,,,,,1065520,,,3131065,,,854045,5090540,,,,,,,,,,,,,,,1148104,2593334,0
,,,,131408,,,3094,聯傑,,,-5714,,,,,,,,,,,,,,,,,,,,4,上市,113,-8315,,,,,0,,,,,,,,,,,,,,,,1007191,,,,1007191,,512000,,12.19,33256,727430,,,,,,,,,831171,,,108433,,,58641,1115624,,,,,,,,,,,,,,,75177,388194,0
,,,,957681,,,3130,一零四,,,-1861,,,,,,,,,,,,,,,,,,,,4,上市,113,,,,,,0,,,,,,,,,,,,,,,,1685301,,,,1685301,,0,,50.78,1945233,3247224,,,,,,,,,331907,,,2052377,,,397574,3737678,,,,,,,,,,,,,,,107144,490454,0
,,,,388434,,,3135,凌航,,,0,,,,,,,,,,,,,,,,,,,,4,上市,113,-11718,,,,,,,,,,,,,,,,,,,,,1196761,,,,,,350000,,19.94,922068,2012855,,,,,,,,,603734,,,1348911,,,216311,2545672,,,,,,,,,,,,,,,426843,532817,0
,,,,743242,,,3138,耀登,,,32932,,,,,,,,,,,,,,,,,,,,4,上市,113,,,,,,0,,,,,,,,,,,,,,,,2172581,,,,2169591,,0,,43.12,1397140,2359724,,,,,,,,,503104,,,1564774,,,890313,3737355,,,,,,,,,,,,,,2990,167634,1377631,0
,,,,-821325,,,3149,正達,,,484149,,,,,,,,,,,,,,,,,,,,4,上市,113,,,,,,0,,,,,,,,,,,,,,,,1961850,,,,1961850,,0,,10.53,1428011,1967663,,,,,,,,,1862336,,,2714484,,,436690,4676334,,,,,,,,,,,,,,,1286473,2708671,0
,,,,47511,,,3150,鈺寶-創,,,-1268,,,,,,,,,,,,,,,,,,,,4,上市,113,,,,,,0,,,,,,,,,,,,,,,,702372,,,,,,0,,15.82,53581,581292,,,,,,,,,443980,,,53741,,,212149,756113,,,,,,,,,,,,,,,160,174821,0
,,,,128017,,,3164,景岳,,,4904,,,,,,,,,,,,,,,,,,,,4,上市,113,,,,,,0,,,,,,,,,,,,,,,,1479677,,,,1351779,,0,,15.63,140145,541730,,,,,,,,,865114,,,229065,,,353744,1708742,,,,,,,,,,,,,,127898,88920,1167012,0
,,,,1350694,,,3167,大量,,,-78060,,,,,,,,,,,,,,,,,,,,4,上市,113,0,,,,,,,,,,,,,,,,,,,,,2670399,,,,2670399,,0,,30.26,1711273,3162154,,,,,,,,,882528,,,2529531,,,515237,5199930,,,,,,,,,,,,,,0,818258,2037776,0
,,,,698506,,,3168,眾福科,,,-8278,,,,,,,,,,,,,,,,,,,,4,上市,113,,,,,,,,,,,,,,,,,,,,,,2775829,,,,1951751,,0,,24.99,904189,2608849,,,,,,,,,780996,,,978256,,,480527,3754085,,,,,,,,,,,,,,824078,74067,1145236,0
,,,,19820012,,,3189,景碩,,,-91788,,,,,,,,,,,,,,,,,,,,4,上市,113,,,,,,,,,,,,,,,,,,,,,,39878233,,,,31652295,,0,,69.31,16990377,29676727,,,,,,,,,4566494,,,39557064,,,7357577,79435297,,,,,,,,,,,,,,8225938,22566687,49758570,0
,,,,1781729,,,3209,全科,0,,249185,,,,,,,,,,,,,,,,,,,,4,上市,113,0,,,,,0,,,,,,,,,,,,,,,0,5457104,,,,5219353,,0,,22.40,9580799,15965388,,,,,,,,,2330449,,,12456733,,,857990,17913837,,,,,,,,,,,,,,237751,2875934,1948449,0
,,,,-105943,,,3229,晟鈦,,,0,,,,,,,,,,,,,,,,,,,,4,上市,113,,,,,,0,,,,,,,,,,,,,,,,627029,,,,627029,,0,,9.76,198326,557250,,,,,,,,,642630,,,213660,,,90342,840689,,,,,,,,,,,,,,0,15334,283439,0
,,,,50581390,,,3231,緯創,,,4689050,,,,,,,,,,,,,,,,,,,,4,上市,113,-77356,,,,,0,,,,,,,,,,,,,,,,186785310,,,,132787456,,2832600,,45.89,349587214,480211528,,,,,,,,,28963651,,,403055388,,,48630721,589840698,,,,,,,,,,,,,,53997854,53468174,109629170,0
,,,,660319,,,3257,虹冠電,,,-998,,,,,,,,,,,,,,,,,,,,4,上市,113,-9237,,,,,,,,,,,,,,,,,,,,,1675308,,,,1675308,,163000,,20.99,129742,1244750,,,,,,,,,799866,,,602518,,,225358,2277826,,,,,,,,,,,,,,,472776,1033076,0
,,,,2088813,,,3266,昇陽,,,639,,,,,,,,,,,,,,,,,,,,4,上市,113,,,,,,0,,,,,,,,,,,,,,,,6450807,,,,6415266,,0,,18.21,5786639,11403598,,,,,,,,,3523143,,,6101019,,,802671,12551826,,,,,,,,,,,,,,35541,314380,1148228,0
,,,,148133,,,3296,勝德,,,-54545,,,,,,,,,,,,,,,,,,,,4,上市,113,,,,,,0,,,,,,,,,,,,,,,,1244196,,,,1244196,,0,,12.86,944926,1678544,,,,,,,,,967244,,,986349,,,183364,2230545,,,,,,,,,,,,,,,41423,552001,0
,,,,2378421,,,3305,昇貿,,,-72837,,,,,,,,,,,,,,,,,,,,4,上市,113,-103328,,,,,0,,,,,,,,,,,,,,,,4981307,,,,4961523,,2149000,,37.56,4225843,6802485,,,,,,,,,1342375,,,4634322,,,1416892,9615629,,,,,,,,,,,,,,19784,408479,2813144,0
,,,,477688,,,3308,聯德,,,13582,,,,,,,,,,,,,,,,,,,,4,上市,113,,,,,,,,,,,,,,,,,,,,,,1096176,,,,1096176,,0,,18.27,624499,1620576,,,,,,,,,600000,,,1162160,,,4906,2258336,,,,,,,,,,,,,,0,537661,637760,0
,,,,1588824,,,3311,閎暉,,,-173591,,,,,,,,,,,,,,,,,,,,4,上市,113,,,,,,,,,,,,,,,,,,,,,,2725307,,,,2725307,,0,,40.08,802641,1820733,,,,,,,,,680000,,,902392,,,630074,3627699,,,,,,,,,,,,,,,99751,1806966,0
,,,,958490,,,3312,弘憶股,,,194251,,,,,,,,,,,,,,,,,,,,4,上市,113,,,,,,,,,,,,,,,,,,,,,,3183078,,,,3088063,,0,,18.99,6250397,7802518,,,,,,,,,1626254,,,7207376,,,309068,10390454,,,,,,,,,,,,,,95015,956979,2587936,0
,,,,-440461,,,3321,同泰,,,-65731,,,,,,,,,,,,,,,,,,,,4,上市,113,,,,,,0,,,,,,,,,,,,,,,,465801,,,,465801,,0,,4.79,1105334,1410743,,,,,,,,,971598,,,1407599,,,395,1873400,,,,,,,,,,,,,,,302265,462657,0
,,,,858825,,,3338,泰碩,,,-39747,,,,,,,,,,,,,,,,,,,,4,上市,113,-17253,,,,,0,,,,,,,,,,,,,,,,2029835,,,,2029835,,450000,,23.21,1579235,3126431,,,,,,,,,879081,,,1724070,,,348929,3753905,,,,,,,,,,,,,,,144835,627474,0
,,,,869635,,,3346,麗清,,,-98088,,,,,,,,,,,,,,,,,,,,4,上市,113,,,,,,,,,,,,,,,,,,,,,,3516887,,,,3516887,,0,,30.54,5728779,8441426,,,,,,,,,1151590,,,7063022,,,1593750,10579909,,,,,,,,,,,,,,,1334243,2138483,0
,,,,1276951,,,3356,奇偶,,,12606,,,,,,,,,,,,,,,,,,,,4,上市,113,,,,,,0,,,,,,,,,,,,,,,,2328062,,,,2314383,,0,,28.95,362067,2517316,,,,,,,,,799417,,,432959,,,225409,2761021,,,,,,,,,,,,,,13679,70892,243705,0
,,,,13116334,,,3376,新日興,,,-183526,,,,,,,,,,,,,,,,,,,,4,上市,113,,,,,,,,,,,,,,,,,,,,,,17968541,,,,17968541,,0,,91.79,4093026,13784294,,,,,,,,,1957483,,,5299744,,,3078250,23268285,,,,,,,,,,,,,,,1206718,9483991,0
,,,,1971439,,,3380,明泰,,,-87993,,,,,,,,,,,,,,,,,,,,4,上市,113,,,,,,,,,,,,,,,,,,,,,,13982701,,,,9914908,,0,,18.30,8339907,15703504,,,,,,,,,5417185,,,9261815,,,2614277,23244516,,,,,,,,,,,,,,4067793,921908,7541012,0
,,,,14096659,,,3406,玉晶光,,,327329,,,,,,,,,,,,,,,,,,,,4,上市,113,,,,,,,,,,,,,,,,,,,,,,24764520,,,,24791094,,0,,219.89,8875843,18786375,,,,,,,,,1127431,,,18270830,,,9239675,43035350,,,,,,,,,,,,,,-26574,9394987,24248975,0
,,,,8075885,,,3413,京鼎,,,338316,,,,,,,,,,,,,,,,,,,,4,上市,113,,,,,,0,,,,,,,,,,,,,,,,15207447,,,,15207447,,0,,143.24,5549264,16145309,,,,,,,,,1077941,,,7921072,,,5715305,23128519,,,,,,,,,,,,,,,2371808,6983210,169160
,,,,1465927,,,3416,融程電,,,51282,,,,,,,,,,,,,,,,,,,,4,上市,113,,,,,,,,,,,,,,,,,,,,,,3355207,,,,3352717,,0,,42.04,867286,2772215,,,,,,,,,797465,,,1365082,,,1038043,4720289,,,,,,,,,,,,,,2490,497796,1948074,0
,,,,-39101,,,3419,譁裕,,,-67216,,,,,,,,,,,,,,,,,,,,4,上市,113,,,,,,,,,,,,,,,,,,,,,,1188755,,,,1188755,,0,,9.87,484693,1050433,,,,,,,,,1204804,,,689882,,,90268,1878637,,,,,,,,,,,,,,0,205189,828204,0
,,,,-211330,,,3432,台端,,,-44989,,,,,,,,,,,,,,,,,,,,4,上市,113,,,,,,,,,,,,,,,,,,,,,,344182,,,,344182,,0,,8.15,8168,287277,,,,,,,,,422300,,,8495,,,178201,352677,,,,,,,,,,,,,,,327,65400,0
,,,,-65749,,,3437,榮創,,,174284,,,,,,,,,,,,,,,,,,,,4,上市,113,,,,,,0,,,,,,,,,,,,,,,,2576133,,,,2510736,,0,,17.37,722551,2149186,,,,,,,,,1445480,,,741991,,,956721,3318124,,,,,,,,,,,,,,65397,19440,1168938,0
,,,,9924451,,,3443,創意,,,-3134,,,,,,,,,,,,,,,,,,,,4,上市,113,,,,,,,,,,,,,,,,,,,,,,11294279,,,,11294279,,0,,84.28,14668647,24480186,,,,,,,,,1340119,,,15014980,,,32843,26309259,,,,,,,,,,,,,,,346333,1829073,0
,,,,265926,,,3447,展達,,,3772,,,,,,,,,,,,,,,,,,,,4,上市,113,,,,,,0,,,,,,,,,,,,,,,,1229403,,,,1229403,,0,,15.90,1883481,2856495,,,,,,,,,773383,,,1893895,,,186322,3123298,,,,,,,,,,,,,,,10414,266803,21000
,,,,2538558,,,3450,聯鈞,,,-23078,,,,,,,,,,,,,,,,,,,,4,上市,113,,,,,,,,,,,,,,,,,,,,,,6966088,,,,4428767,,0,,30.40,3049553,6394141,,,,,,,,,1456814,,,4183460,,,456473,11149548,,,,,,,,,,,,,,2537321,1133907,4755407,0
,,,,49425254,,,3481,群創,,,-3408678,,,,,,,,,,,,,,,,,,,,4,上市,113,-56914,,,,,,,,,,,,,,,,,,,,,233540559,,,,231771346,,4072200,,29.03,97282921,153420052,,,,,,,,,79891974,,,124547447,,,105919710,358088006,,,,,,,,,,,,,,1769213,27264526,204667954,0
,,,,-305830,,,3494,誠研,,,-27668,,,,,,,,,,,,,,,,,,,,4,上市,113,,,,,,,,,,,,,,,,,,,,,,859784,,,,752367,,0,,7.94,434310,563282,,,,,,,,,948000,,,1171344,,,137865,2031128,,,,,,,,,,,,,,107417,737034,1467846,0
,,,,4323858,,,3501,維熹,,,-144805,,,,,,,,,,,,,,,,,,,,4,上市,113,,,,,,0,,,,,,,,,,,,,,,,7107434,,,,7107434,,0,,60.10,1211122,6395190,,,,,,,,,1182579,,,2075197,,,1745802,9182631,,,,,,,,,,,,,,,864075,2787441,0
,,,,132875,,,3504,揚明光,,,-111873,,,,,,,,,,,,,,,,,,,,4,上市,113,,,,,,0,,,,,,,,,,,,,,,,2809805,,,,2809805,,0,,24.63,953344,2115521,,,,,,,,,1140598,,,1626264,,,1648205,4436069,,,,,,,,,,,,,,0,672920,2320548,0
,,,,4347609,,,3515,華擎,,,-1668,,,,,,,,,,,,,,,,,,,,4,上市,113,-70,,,,,,,,,,,,,,,,,,,,,10361642,,,,9299996,,7000,,75.25,9187833,17674496,,,,,,,,,1235870,,,9275743,,,3718255,19637385,,,,,,,,,,,,,,1061646,87910,1962889,0
,,,,-201884,,,3518,柏騰,,,-156603,,,,,,,,,,,,,,,,,,,,4,上市,113,,,,,,,,,,,,,,,,,,,,,,1454589,,,,1454589,,0,,15.00,314554,1608781,,,,,,,,,969622,,,728503,,,843454,2183092,,,,,,,,,,,,,,0,413949,574311,0
,,,,953065,,,3528,安馳,,,47165,,,,,,,,,,,,,,,,,,,,4,上市,113,,,,,,,,,,,,,,,,,,,,,,1968385,,,,,,0,,29.54,4745277,6558711,,,,,,,,,666392,,,4771167,,,301763,6739552,,,,,,,,,,,,,,,25890,180841,0
,,,,382651,,,3530,晶相光,,,4846,,,,,,,,,,,,,,,,,,,,4,上市,113,0,,,,,,,,,,,,,,,,,,,,,2308828,,,,2308828,,0,,29.80,265732,2186920,,,,,,,,,774759,,,275458,,,1146572,2584286,,,,,,,,,,,,,,,9726,397366,0
,,,,15266991,,,3532,台勝科,,,-79070,,,,,,,,,,,,,,,,,,,,4,上市,113,,,,,,,,,,,,,,,,,,,,,,24805725,,,,24805725,,0,,63.96,6270558,10588256,,,,,,,,,3878483,,,28615771,,,5739321,53421496,,,,,,,,,,,,,,,22345213,42833240,0
,,,,24935301,,,3533,嘉澤,,,78419,,,,,,,,,,,,,,,,,,,,4,上市,113,,,,,,0,,,,,,,,,,,,,,,,37959872,,,,35970017,,0,,319.63,11181974,35761737,,,,,,,,,1125347,,,12251177,,,9830950,50211049,,,,,,,,,,,,,,1989855,1069203,14449312,0
,,,,274020,,,3535,晶彩科,,,-3223,,,,,,,,,,,,,,,,,,,,4,上市,113,,,,,,,,,,,,,,,,,,,,,,1159810,,,,1159810,,0,,14.67,282801,1168067,,,,,,,,,790523,,,479616,,,98490,1639426,,,,,,,,,,,,,,,196815,471359,0
,,,,422757,,,3543,州巧,,,-280708,,,,,,,,,,,,,,,,,,,,4,上市,113,-25619,,,,,0,,,,,,,,,,,,,,,,2855557,,,,2631191,,1000000,,29.81,1087575,2748144,,,,,,,,,892631,,,1436779,,,1622130,4292336,,,,,,,,,,,,,,224366,349204,1544192,0
,,,,1829577,,,3545,敦泰,,,112201,,,,,,,,,,,,,,,,,,,,4,上市,113,-163060,,,,,,,,,,,,,,,,,,,,,10121581,,,,10121128,,1285000,,46.44,5798568,13679462,,,,,,,,,2192168,,,8541299,,,6150242,18662880,,,,,,,,,,,,,,453,2742731,4983418,0
,,,,347438,,,3550,聯穎,,,-152175,,,,,,,,,,,,,,,,,,,,4,上市,113,,,,,,0,,,,,,,,,,,,,,,,1473427,,,,1451218,,0,,16.58,1490078,2690234,,,,,,,,,875500,,,2834016,,,380455,4307443,,,,,,,,,,,,,,22209,1343938,1617209,0
,,,,1196275,,,3557,嘉威,,,71833,,,,,,,,,,,,,,,,,,,,4,上市,113,,,,,,,,,,,,,,,,,,,,,,2753250,,,,2753250,,0,,34.29,2306168,2677344,,,,,,,,,803004,,,3207105,,,682138,5960355,,,,,,,,,,,,,,,900937,3283011,0
,,,,2479957,,,3563,牧德,,,1600,,,,,,,,,,,,,,,,,,,,4,上市,113,,,,,,,,,,,,,,,,,,,,,,5093427,,,,5011147,,0,,86.18,585044,4889229,,,,,,,,,581462,,,690479,,,1948128,5783906,,,,,,,,,,,,,,82280,105435,894677,0
,,,,-5806951,,,3576,聯合再生,,,424626,,,,,,,,,,,,,,,,,,,,4,上市,113,-18699,,,,,0,,,,,,,,,,,,,,,,11323237,,,,11290116,,1065679,,6.94,7068105,10696864,,,,,,,,,16277954,,,16309681,,,413186,27632918,,,,,,,,,,,,,,33121,9241576,16936054,0
,,,,3080882,,,3583,辛耘,,,160066,,,,,,,,,,,,,,,,,,,,4,上市,113,0,,,,,,,,,,,,,,,,,,,,,4962005,,,,4962005,,0,,61.77,16987268,20094282,,,,,,,,,803280,,,18521736,,,917777,23483741,,,,,,,,,,,,,,,1534468,3389459,0
,,,,800788,,,3588,通嘉,,,-35710,,,,,,,,,,,,,,,,,,,,4,上市,113,,,,,,,,,,,,,,,,,,,,,,1765792,,,,1765792,,0,,29.21,242666,1555386,,,,,,,,,604421,,,302583,,,396293,2068375,,,,,,,,,,,,,,,59917,512989,0
,,,,181492,,,3591,艾笛森,,,-103274,,,,,,,,,,,,,,,,,,,,4,上市,113,-34164,,,,,0,,,,,,,,,,,,,,,,3183552,,,,3008024,,2025827,,21.25,676583,2376354,,,,,,,,,1436094,,,1001799,,,1527876,4185351,,,,,,,,,,,,,,175528,325216,1808997,0
,,,,6737706,,,3592,瑞鼎,,,-116686,,,,,,,,,,,,,,,,,,,,4,上市,113,,,,,,0,,,,,,,,,,,,,,,,12092505,,,,12092505,,0,,159.42,7596350,18333466,,,,,,,,,758552,,,8329426,,,4712933,20421931,,,,,,,,,,,,,,,733076,2088465,0
,,,,-703588,,,3593,力銘,,,45523,,,,,,,,,,,,,,,,,,,,4,上市,113,,,,,,,,,,,,,,,,,,,,,,288779,,,,288779,,0,,3.10,887154,544958,,,,,,,,,930425,,,1176597,,,16419,1465376,,,,,,,,,,,,,,,289443,920418,0
,,,,9910030,,,3596,智易,,,169637,,,,,,,,,,,,,,,,,,,,4,上市,113,,,,,,,,,,,,,,,,,,,,,,16026676,,,,15934969,,0,,72.32,23187317,31778953,,,,,,,,,2203543,,,23280138,,,3651759,39306814,,,,,,,,,,,,,,91707,92821,7527861,0
,,,,3372150,,,3605,宏致,,,15478,,,,,,,,,,,,,,,,,,,,4,上市,113,,,,,,21000,,,,,,,,,,,,,,,,6461970,,,,6461160,,0,,43.45,3570428,6968595,,,,,,,,,1487117,,,7134397,,,1586415,13596367,,,,,,,,,,,,,,810,3563969,6627772,6857000
,,,,28218,,,3607,谷崧,,,-712287,,,,,,,,,,,,,,,,,,,,4,上市,113,,,,,,,,,,,,,,,,,,,,,,1828509,,,,1828509,,0,,15.03,1277723,2375702,,,,,,,,,1216622,,,1585546,,,1295956,3414055,,,,,,,,,,,,,,0,307823,1038353,0
,,,,5527075,,,3617,碩天,,,63534,,,,,,,,,,,,,,,,,,,,4,上市,113,,,,,,,,,,,,,,,,,,,,,,9563693,,,,9496646,,0,,100.85,5726405,11549578,,,,,,,,,941660,,,6203215,,,2964377,15766908,,,,,,,,,,,,,,67047,476810,4217330,0
,,,,1799397,,,3622,洋華,,,2004089,,,,,,,,,,,,,,,,,,,,4,上市,113,,,,,,,,,,,,,,,,,,,,,,7251043,,,,7166959,,0,,47.36,450937,5613651,,,,,,,,,1513276,,,759350,,,1850197,8010393,,,,,,,,,,,,,,84084,308413,2396742,0
,,,,1089810,,,3645,達邁,,,-578,,,,,,,,,,,,,,,,,,,,4,上市,113,,,,,,,,,,,,,,,,,,,,,,3005687,,,,3002614,,0,,22.71,1124551,1672976,,,,,,,,,1322053,,,1955233,,,591329,4960920,,,,,,,,,,,,,,3073,830682,3287944,0
,,,,213635,,,3652,精聯,,,-18586,,,,,,,,,,,,,,,,,,,,4,上市,113,,,,,,,,,,,,,,,,,,,,,,1883582,,,,1881250,,0,,25.05,562943,2000224,,,,,,,,,750975,,,664132,,,935226,2547714,,,,,,,,,,,,,,2332,101189,547490,0
,,,,5330803,,,3653,健策,,,70286,,,,,,,,,,,,,,,,,,,,4,上市,113,,,,,,0,,,,,,,,,,,,,,,,14657968,,,,14466420,,0,,101.22,3420289,9494797,,,,,,,,,1429212,,,3803904,,,7636119,18461872,,,,,,,,,,,,,,191548,383615,8967075,63
,,,,10752247,,,3661,世芯-KY,0,,2546513,,,,,,,,,,,,,,,,,,,,4,上市,113,0,,,,,0,,,,,,,,,,,,,,,,39476846,,,,39455722,,0,,489.23,10671689,46183878,,,,,,,,,806485,,,10832509,,,25350477,50309355,,,,,,,,,,,,,,21124,160820,4125477,0
,,,,12704063,,,3665,貿聯-KY,,,115988,,,,,,,,,,,,,,,,,,,,4,上市,113,,,,,,0,,,,,,,,,,,,,,,,36216846,,,,36208816,,0,,191.02,16795037,33667917,,,,,,,,,1895543,,,24697985,,,21493222,60914831,,,,,,,,,,,,,,8030,7902948,27246914,0
,,,,1891697,,,3669,圓展,,,62603,,,,,,,,,,,,,,,,,,,,4,上市,113,,,,,,,,,,,,,,,,,,,,,,3618620,,,,3618620,,0,,38.94,994902,2274076,,,,,,,,,929200,,,1141178,,,735120,4759798,,,,,,,,,,,,,,,146276,2485722,0
,,,,2770224,,,3673,TPK-KY,,,4376254,,,,,,,,,,,,,,,,,,,,4,上市,113,,,,,,,,,,,,,,,,,,,,,,40365065,,,,40123065,,0,,98.66,29482420,68959301,,,,,,,,,4066638,,,48817897,,,28909949,89182962,,,,,,,,,,,,,,242000,19335477,20223661,0
,,,,3614031,,,3679,新至陞,,,-201485,,,,,,,,,,,,,,,,,,,,4,上市,113,,,,,,0,,,,,,,,,,,,,,,,4983667,,,,4983667,,0,,79.08,2363692,5687690,,,,,,,,,630222,,,3948294,,,940899,8931961,,,,,,,,,,,,,,,1584602,3244271,0
,,,,-64529,,,3686,達能,,,,,,,,,,,,,,,,,,,,,,,4,上市,113,,,,,,0,,,,,,,,,,,,,,,,700422,,,,700422,,0,,9.16,6999,490867,,,,,,,,,764951,,,12284,,,,712706,,,,,,,,,,,,,,,5285,221839,0
,,,,667460,,,3694,海華,,,107731,,,,,,,,,,,,,,,,,,,,4,上市,113,,,,,,,,,,,,,,,,,,,,,,3401211,,,,3401211,,0,,22.30,2796308,5170856,,,,,,,,,1525548,,,2874813,,,1100472,6276024,,,,,,,,,,,,,,,78505,1105168,0
,,,,1115540,,,3701,大眾控,,,-342340,,,,,,,,,,,,,,,,,,,,4,上市,113,,,,,,0,,,,,,,,,,,,,,,,6545561,,,,4778066,,0,,20.20,6847633,11169609,,,,,,,,,2365266,,,7700201,,,1639600,14245762,,,,,,,,,,,,,,1767495,852568,3076153,0
,,,,40571188,,,3702,大聯大,,,4006818,,,,,,,,,,,,,,,,,,,,4,上市,113,,,,,,0,,,,,,,,,,,,,,,,84370659,,,,83220535,,0,,49.56,281407240,359544929,,,,,,,,,16790568,,,321622146,,,21851961,405992805,,,,,,,,,,,,,,1150124,40214906,46447876,0
,,,,10420629,,,3703,欣陸,,,1697857,,,,,,,,,,,,,,,,,,,,4,上市,113,,,,,,,,,,,,,,,,,,,,,,29735003,,,,27234661,,0,,33.08,43709831,55023723,,,,,,,,,8232160,,,57656154,,,6884015,87391157,,,,,,,,,,,,,,2500342,13946323,32367434,0
,,,,3761864,,,3704,合勤控,,,-386170,,,,,,,,,,,,,,,,,,,,4,上市,113,-96550,,,,,,,,,,,,,,,,,,,,,11296908,,,,11035111,,7317397,,27.30,8748344,17430912,,,,,,,,,4115175,,,11364422,,,3640792,22661330,,,,,,,,,,,,,,261797,2616078,5230418,175500
,,,,3256061,,,3705,永信,,,-284622,,,,,,,,,,,,,,,,,,,,4,上市,113,-1439,,,,,0,,,,,,,,,,,,,,,,9976372,,,,7969631,,58059,,29.92,2533412,7375437,,,,,,,,,2664230,,,3821770,,,2335401,13798142,,,,,,,,,,,,,,2006741,1288358,6422705,0
,,,,25656303,,,3706,神達,,,-411533,,,,,,,,,,,,,,,,,,,,4,上市,113,0,,,,,0,,,,,,,,,,,,,,,,60486167,,,,60073098,,0,,49.79,45168296,60585982,,,,,,,,,12065568,,,54478564,,,22762760,114964731,,,,,,,,,,,,,,413069,9310268,54378749,0
,,,,3006603,,,3708,上緯投控,,,-265941,,,,,,,,,,,,,,,,,,,,4,上市,113,-64664,,,,,0,,,,,,,,,,,,,,,,9475665,,,,8309432,,713000,,75.79,4430618,8647958,,,,,,,,,1103445,,,5298705,,,4529989,14774370,,,,,,,,,,,,,,1166233,868087,6126412,0
,,,,123946687,,,3711,日月光投控,,,8510211,,,,,,,,,,,,,,,,,,,,4,上市,113,-1959107,,,,,,,,,,,,,,,,,,,,,345786595,,,,323523012,,72941505,,74.50,230939518,275285086,,,,,,,,,44152505,,,394911212,,,148872716,740697807,,,,,,,,,,,,,,22263583,163971694,465412721,3186200
,,,,1408248,,,3712,永崴投控,,,1870001,,,,,,,,,,,,,,,,,,,,4,上市,113,,,,,,0,,,,,,,,,,,,,,,,19957963,,,,10867877,,0,,44.13,17125558,41416060,,,,,,,,,2462421,,,46981498,,,5127207,66939461,,,,,,,,,,,,,,9090086,29855940,25523401,0
,,,,-1422637,,,3714,富采,,,1951165,,,,,,,,,,,,,,,,,,,,4,上市,113,-135163,,,,,,,,,,,,,,,,,,,,,47539218,,,,46175827,,1282377,,62.68,9681943,29771488,,,,,,,,,7379405,,,11938577,,,38403057,59477795,,,,,,,,,,,,,,1363391,2256634,29706307,0
,,,,2016503,,,3715,定穎投控,,,106440,,,,,,,,,,,,,,,,,,,,4,上市,113,,,,,,0,,,,,,,,,,,,,,,,8080337,,,,7887403,,0,,28.41,17571317,12686696,,,,,,,,,2776746,,,22821997,,,2987714,30902334,,,,,,,,,,,,,,192934,5250680,18215638,0
,,,,302582,,,3716,中化控股,,,-222767,,,,,,,,,,,,,,,,,,,,4,上市,113,-32304,,,,,0,,,,,,,,,,,,,,,,7549351,,,,7509519,,526941,,50.56,3415640,5896284,,,,,,,,,1490405,,,5220304,,,5971603,12769655,,,,,,,,,,,,,,39832,1804664,6873371,0
,,,,3619990,,,4104,佳醫,,,333488,,,,,,,,,,,,,,,,,,,,4,上市,113,,,,,,0,,,,,,,,,,,,,,,,11357353,,,,8970241,,0,,54.90,8288661,12220940,,,,,,,,,1633975,,,9010648,,,3382788,20368001,,,,,,,,,,,,,,2387112,721987,8147061,0
,,,,1170300,,,4106,雃博,,,-107151,,,,,,,,,,,,,,,,,,,,4,上市,113,,,,,,,,,,,,,,,,,,,,,,2423651,,,,2418001,,0,,23.96,584121,1644169,,,,,,,,,1009116,,,714229,,,345736,3137880,,,,,,,,,,,,,,5650,130108,1493711,0
,,,,-264607,,,4108,懷特,,,173925,,,,,,,,,,,,,,,,,,,,4,上市,113,,,,,,,,,,,,,,,,,,,,,,2368380,,,,1901360,,0,,9.57,54396,1306393,,,,,,,,,1986189,,,71290,,,5853,2439670,,,,,,,,,,,,,,467020,16894,1133277,0
,,,,2036789,,,4119,旭富,,,10070,,,,,,,,,,,,,,,,,,,,4,上市,113,,,,,,0,,,,,,,,,,,,,,,,5476932,,,,5476932,,0,,45.83,1014378,1660387,,,,,,,,,1195087,,,1723849,,,2234986,7200781,,,,,,,,,,,,,,,709471,5540394,0
,,,,236929,,,4133,亞諾法,0,,-7592,,,,,,,,,,,,,,,,,,,,4,上市,113,0,,,,,,,,,,,,,,,,,,,,0,1309400,,,,1309400,,0,,21.62,64717,967240,,,,,,,,,605536,,,91648,,,474527,1401048,,,,,,,,,,,,,,0,26931,433808,0
,,,,3244088,,,4137,麗豐-KY,,,-423273,,,,,,,,,,,,,,,,,,,,4,上市,113,0,,,,,0,,,,,,,,,,,,,,,,5543957,,,,5543957,,0,,67.21,2055055,6131948,,,,,,,,,824924,,,3349212,,,1898218,8893169,,,,,,,,,,,,,,,1294157,2761221,0
,,,,351190,,,4142,國光生,,,49493,,,,,,,,,,,,,,,,,,,,4,上市,113,-292538,,,,,0,,,,,,,,,,,,,,,,5561691,,,,5232721,,8000000,,12.41,1161310,3610004,,,,,,,,,4295078,,,2919762,,,829498,8481453,,,,,,,,,,,,,,328970,1758452,4871449,0
,,,,1409838,,,4148,全宇生技-KY,,,-317313,,,,,,,,,,,,,,,,,,,,4,上市,113,,,,,,,,,,,,,,,,,,,,,,3130306,,,,2515235,,0,,39.28,478749,2661240,,,,,,,,,640340,,,540268,,,782370,3670574,,,,,,,,,,,,,,615071,61519,1009334,0
,,,,247529,,,4155,訊映,,,-116642,,,,,,,,,,,,,,,,,,,,4,上市,113,,,,,,0,,,,,,,,,,,,,,,,2566917,,,,2492073,,0,,16.95,744764,1472665,,,,,,,,,1470592,,,1128402,,,890594,3695319,,,,,,,,,,,,,,74844,383638,2222654,0
,,,,1297016,,,4164,承業醫,,,-395141,,,,,,,,,,,,,,,,,,,,4,上市,113,,,,,,0,,,,,,,,,,,,,,,,6672484,,,,6303271,,0,,37.77,3493579,4767714,,,,,,,,,1668651,,,7541973,,,3732745,14214457,,,,,,,,,,,,,,369213,4048394,9446743,0
,,,,52873,,,4169,泰宗,,,-52,,,,,,,,,,,,,,,,,,,,4,上市,113,,,,,,0,,,,,,,,,,,,,,,,1059079,,,,1059079,,0,,17.94,81897,811978,,,,,,,,,590486,,,123279,,,415772,1182358,,,,,,,,,,,,,,,41382,370380,0
,,,,-2390394,,,4178,永笙-KY,,,-36779,,,,,,,,,,,,,,,,,,,,4,上市,113,,,,,,,,,,,,,,,,,,,,,,1949206,,,,1949206,,0,,10.15,255151,2864571,,,,,,,,,1927493,,,1418396,,,2448886,3367602,,,,,,,,,,,,,,,1163245,503031,1528495
,,,,564257,,,4190,佐登-KY,,,-75069,,,,,,,,,,,,,,,,,,,,4,上市,113,-108436,,,,,,,,,,,,,,,,,,,,,1770369,,,,1770369,,2000000,,29.53,2962801,1710390,,,,,,,,,619523,,,5618606,,,770094,7388975,,,,,,,,,,,,,,,2655805,5678585,0
,,,,-204060,,,4195,基米-創,,,-1841,,,,,,,,,,,,,,,,,,,,4,上市,113,,,,,,,,,,,,,,,,,,,,,,640727,,,,548733,,0,,7.57,382768,615189,,,,,,,,,724481,,,719636,,,30153,1360363,,,,,,,,,,,,,,91994,336868,745174,0
,,,,3560798,,,4306,炎洲,,,529627,,,,,,,,,,,,,,,,,,,,4,上市,113,-414345,,,,,,,,,,,,,,,,,,,,,13784634,,,,13223862,,34143828,,20.50,12623644,22332210,,,,,,,,,6792085,,,21402592,,,2755697,35187226,,,,,,,,,,,,,,560772,8778948,12855016,0
,,,,-7301230,,,4414,如興,,,236599,,,,,,,,,,,,,,,,,,,,4,上市,113,,,,,,,,,,,,,,,,,,,,,,4304159,,,,4088458,,0,,4.27,8610293,8063300,,,,,,,,,9576149,,,8973374,,,1576940,13277533,,,,,,,,,,,,,,215701,363081,5214233,0
,,,,631074,,,4426,利勤,,,16937,,,,,,,,,,,,,,,,,,,,4,上市,113,,,,,,0,,,,,,,,,,,,,,,,2417932,,,,2417643,,0,,14.00,716635,1004131,,,,,,,,,1726773,,,2200984,,,42859,4618916,,,,,,,,,,,,,,289,1484349,3614785,0
,,,,4012649,,,4438,廣越,,,-172705,,,,,,,,,,,,,,,,,,,,4,上市,113,,,,,,,,,,,,,,,,,,,,,,10154943,,,,8021272,,0,,77.56,5859514,11228665,,,,,,,,,1034255,,,7043388,,,3147073,17198331,,,,,,,,,,,,,,2133671,1183874,5969666,0
,,,,1114325,,,4439,冠星-KY,,,114716,,,,,,,,,,,,,,,,,,,,4,上市,113,0,,,,,,,,,,,,,,,,,,,,,3249689,,,,3249689,,0,,85.44,1647901,2773339,,,,,,,,,380358,,,2516532,,,1640290,5766221,,,,,,,,,,,,,,,868631,2992882,0
,,,,391819,,,4440,宜新實業,,,5650,,,,,,,,,,,,,,,,,,,,4,上市,113,,,,,,,,,,,,,,,,,,,,,,1355353,,,,,,0,,20.05,407621,672913,,,,,,,,,675980,,,913240,,,281904,2268593,,,,,,,,,,,,,,,505619,1595680,0
,,,,3555586,,,4441,振大環球,,,-6638,,,,,,,,,,,,,,,,,,,,4,上市,113,,,,,,,,,,,,,,,,,,,,,,4965064,,,,4957920,,0,,82.06,946919,4747778,,,,,,,,,604176,,,1014261,,,804796,5979325,,,,,,,,,,,,,,7144,67342,1231547,0
,,,,412204,,,4526,東台,,,241263,,,,,,,,,,,,,,,,,,,,4,上市,113,,,,,,,,,,,,,,,,,,,,,,4423983,,,,4422397,,0,,17.35,6273582,7713199,,,,,,,,,2548265,,,7883081,,,1220665,12307064,,,,,,,,,,,,,,1586,1609499,4593865,0
,,,,4905757,,,4532,瑞智,,,-556385,,,,,,,,,,,,,,,,,,,,4,上市,113,-93573,,,,,,,,,,,,,,,,,,,,,11621398,,,,10672679,,4920000,,21.35,16643030,23190261,,,,,,,,,5049151,,,18272457,,,1367729,29893855,,,,,,,,,,,,,,948719,1629427,6703594,0
,,,,6799532,,,4536,拓凱,,,-140145,,,,,,,,,,,,,,,,,,,,4,上市,113,,,,,,,,,,,,,,,,,,,,,,9610505,,,,9207119,,0,,101.38,4920384,10929417,,,,,,,,,908200,,,6567114,,,1639532,16177619,,,,,,,,,,,,,,403386,1646730,5248202,0
,,,,51373,,,4540,全球傳動,,,39351,,,,,,,,,,,,,,,,,,,,4,上市,113,,,,,,,,,,,,,,,,,,,,,,3279581,,,,3279581,,0,,30.05,1565677,3382222,,,,,,,,,1091382,,,3823493,,,2097475,7103074,,,,,,,,,,,,,,,2257816,3720852,9523851
,,,,605757,,,4545,銘鈺,,,-10841,,,,,,,,,,,,,,,,,,,,4,上市,113,,,,,,0,,,,,,,,,,,,,,,,2007701,,,,2007701,,0,,26.07,939375,2008011,,,,,,,,,770000,,,1247377,,,642785,3255078,,,,,,,,,,,,,,,308002,1247067,0
,,,,3988846,,,4551,智伸科,,,2892,,,,,,,,,,,,,,,,,,,,4,上市,113,,,,,,,,,,,,,,,,,,,,,,8840678,,,,8840678,,0,,76.73,4402180,9445147,,,,,,,,,1152225,,,5064070,,,3696715,13904748,,,,,,,,,,,,,,,661890,4459601,0
,,,,3844931,,,4552,力達-KY,,,-376615,,,,,,,,,,,,,,,,,,,,4,上市,113,,,,,,0,,,,,,,,,,,,,,,,6176516,,,,6176516,,0,,53.25,908857,3692536,,,,,,,,,1160000,,,1545445,,,1548200,7721961,,,,,,,,,,,,,,,636588,4029425,0
,,,,1480260,,,4555,氣立,,,-86376,,,,,,,,,,,,,,,,,,,,4,上市,113,,,,,,,,,,,,,,,,,,,,,,2916900,,,,2822765,,0,,40.33,1158384,2141529,,,,,,,,,699840,,,1484629,,,729041,4401529,,,,,,,,,,,,,,94135,326245,2260000,0
,,,,1154698,,,4557,永新-KY,,,-60468,,,,,,,,,,,,,,,,,,,,4,上市,113,,,,,,0,,,,,,,,,,,,,,,,2550453,,,,2326351,,0,,55.43,2414634,3798303,,,,,,,,,419718,,,2638991,,,812403,5189444,,,,,,,,,,,,,,224102,224357,1391141,0
,,,,837641,,,4560,強信-KY,,,-49869,,,,,,,,,,,,,,,,,,,,4,上市,113,,,,,,,,,,,,,,,,,,,,,,1865307,,,,1865307,,0,,27.39,461076,1509807,,,,,,,,,680972,,,484567,,,396563,2349874,,,,,,,,,,,,,,,23491,840067,0
,,,,-223129,,,4562,穎漢,,,21678,,,,,,,,,,,,,,,,,,,,4,上市,113,,,,,,,,,,,,,,,,,,,,,,1040368,,,,1021821,,0,,11.67,881532,1326302,,,,,,,,,875460,,,1232213,,,347812,2272581,,,,,,,,,,,,,,18547,350681,946279,0
,,,,-150296,,,4564,元翎,,,-4368,,,,,,,,,,,,,,,,,,,,4,上市,113,,,,,,,,,,,,,,,,,,,,,,3959621,,,,3959621,,0,,19.53,716012,1765077,,,,,,,,,2027883,,,3213605,,,2086402,7173226,,,,,,,,,,,,,,,2497593,5408149,0
,,,,1083343,,,4566,時碩工業,,,-26425,,,,,,,,,,,,,,,,,,,,4,上市,113,,,,,,,,,,,,,,,,,,,,,,5040047,,,,4959605,,0,,45.20,2644951,5190825,,,,,,,,,1097208,,,5202293,,,2805479,10242340,,,,,,,,,,,,,,80442,2557342,5051515,0
,,,,535078,,,4569,六方科-KY,,,-3777,,,,,,,,,,,,,,,,,,,,4,上市,113,,,,,,0,,,,,,,,,,,,,,,,2789892,,,,2787956,,0,,89.93,357741,1675783,,,,,,,,,310000,,,479735,,,1946655,3269627,,,,,,,,,,,,,,1936,121994,1593844,0
,,,,1387608,,,4571,鈞興-KY,,,-52622,,,,,,,,,,,,,,,,,,,,4,上市,113,-108232,,,,,,,,,,,,,,,,,,,,,2916217,,,,2916217,,1301000,,56.39,893603,2802303,,,,,,,,,530171,,,971051,,,1159292,3887268,,,,,,,,,,,,,,,77448,1084965,0
,,,,1589548,,,4572,駐龍,,,,,,,,,,,,,,,,,,,,,,,4,上市,113,,,,,,0,,,,,,,,,,,,,,,,2089196,,,,2089196,,0,,53.57,254466,2119775,,,,,,,,,390000,,,1018479,,,109648,3107675,,,,,,,,,,,,,,,764013,987900,0
,,,,1063098,,,4576,大銀微系統,,,29082,,,,,,,,,,,,,,,,,,,,4,上市,113,,,,,,,,,,,,,,,,,,,,,,4153685,,,,3868379,,0,,32.29,1145932,2366980,,,,,,,,,1198018,,,2471555,,,1578181,6625240,,,,,,,,,,,,,,285306,1325623,4258260,0
,,,,464890,,,4581,光隆精密-KY,,,7817,,,,,,,,,,,,,,,,,,,,4,上市,113,0,,,,,,,,,,,,,,,,,,,,,1147914,,,,1146051,,0,,33.81,460846,1105540,,,,,,,,,338990,,,656666,,,334354,1804580,,,,,,,,,,,,,,1863,195820,699040,0
,,,,374734,,,4582,聚恆-創,,,,,,,,,,,,,,,,,,,,,,,4,上市,113,,,,,,0,,,,,,,,,,,,,,,,1184849,,,,1171942,,0,,17.60,1422095,1741667,,,,,,,,,666000,,,2504157,,,131208,3689006,,,,,,,,,,,,,,12907,1082062,1947339,0
,,,,8183558,,,4583,台灣精銳,,,0,,,,,,,,,,,,,,,,,,,,4,上市,113,,,,,,,,,,,,,,,,,,,,,,10189214,,,,10189214,,0,,127.09,469473,7083861,,,,,,,,,801714,,,1001758,,,1203942,11190972,,,,,,,,,,,,,,,532285,4107111,0
,,,,260228,,,4585,達明,,,1589,,,,,,,,,,,,,,,,,,,,4,上市,113,,,,,,0,,,,,,,,,,,,,,,,1772234,,,,1772234,,0,,19.69,642250,1749738,,,,,,,,,900000,,,699678,,,610417,2471912,,,,,,,,,,,,,,,57428,722174,0
,,,,217865,,,4588,玖鼎電力,,,,,,,,,,,,,,,,,,,,,,,4,上市,113,,,,,,0,,,,,,,,,,,,,,,,919399,,,,,,0,,21.45,424733,955555,,,,,,,,,428570,,,1050149,,,272964,1969548,,,,,,,,,,,,,,,625416,1013993,0
,,,,530756,,,4590,富田-創,,,-326,,,,,,,,,,,,,,,,,,,,4,上市,113,,,,,,,,,,,,,,,,,,,,,,3318722,,,,,,0,,64.92,819951,2469346,,,,,,,,,511174,,,2372373,,,2277118,5691095,,,,,,,,,,,,,,,1552422,3221749,0
,,,,452364,,,4720,德淵,,,-66031,,,,,,,,,,,,,,,,,,,,4,上市,113,,,,,,,,,,,,,,,,,,,,,,1788051,,,,1655867,,0,,14.46,1194664,1961703,,,,,,,,,1145160,,,1398541,,,124374,3186592,,,,,,,,,,,,,,132184,203877,1224889,0
,,,,1605006,,,4722,國精化,,,-5723,,,,,,,,,,,,,,,,,,,,4,上市,113,,,,,,0,,,,,,,,,,,,,,,,3038174,,,,3038174,,0,,30.38,989039,2306995,,,,,,,,,1009575,,,2298989,,,429316,5337163,,,,,,,,,,,,,,,1309950,3030168,302
,,,,6216860,,,4736,泰博,,,-79918,,,,,,,,,,,,,,,,,,,,4,上市,113,,,,,,,,,,,,,,,,,,,,,,9522569,,,,9085827,,0,,95.26,2394590,7356667,,,,,,,,,953744,,,2717118,,,1995141,12239687,,,,,,,,,,,,,,436742,322528,4883020,0
,,,,13060,,,4737,華廣,,,139145,,,,,,,,,,,,,,,,,,,,4,上市,113,,,,,,,,,,,,,,,,,,,,,,1889016,,,,1879978,,0,,30.78,2310998,1774198,,,,,,,,,612180,,,3892255,,,1115593,5781271,,,,,,,,,,,,,,9038,1581257,4007073,34400
,,,,1052785,,,4739,康普,,,-11194,,,,,,,,,,,,,,,,,,,,4,上市,113,-84658,,,,,0,,,,,,,,,,,,,,,,6546480,,,,5540038,,2098495,,47.38,2298194,4755603,,,,,,,,,1190293,,,3305841,,,3392812,9852321,,,,,,,,,,,,,,1006442,1007647,5096718,0
,,,,2726245,,,4746,台耀,,,-18198,,,,,,,,,,,,,,,,,,,,4,上市,113,,,,,,0,,,,,,,,,,,,,,,,8646772,,,,7684075,,0,,63.90,2355793,5868020,,,,,,,,,1202560,,,5248609,,,3773468,13895381,,,,,,,,,,,,,,962697,2892816,8027361,0
,,,,3131162,,,4755,三福化,,,-37489,,,,,,,,,,,,,,,,,,,,4,上市,113,,,,,,,,,,,,,,,,,,,,,,4563747,,,,4518760,,0,,44.87,2621509,2917179,,,,,,,,,1007060,,,2837992,,,418027,7401739,,,,,,,,,,,,,,44987,216483,4484560,0
,,,,11150708,,,4763,材料*-KY,,,93107,,,,,,,,,,,,,,,,,,,,4,上市,113,0,,,,,,,,,,,,,,,,,,,,,16398693,,,,16221605,,0,,164.00,4580937,16803777,,,,,,,,,989147,,,4580937,,,3988643,20979630,,,,,,,,,,,,,,177088,0,4175853,0
,,,,1041177,,,4764,雙鍵,,,-63242,,,,,,,,,,,,,,,,,,,,4,上市,113,,,,,,,,,,,,,,,,,,,,,,2197677,,,,2190056,,0,,25.60,2000091,2580773,,,,,,,,,855421,,,2672720,,,356700,4870397,,,,,,,,,,,,,,7621,672629,2289624,0
,,,,9722870,,,4766,南寶,,,1439196,,,,,,,,,,,,,,,,,,,,4,上市,113,,,,,,,,,,,,,,,,,,,,,,15936432,,,,14491589,,0,,120.19,7640439,16906412,,,,,,,,,1205707,,,11330116,,,2123816,27266548,,,,,,,,,,,,,,1444843,3689677,10360136,0
,,,,5463448,,,4770,上品,,,36660,,,,,,,,,,,,,,,,,,,,4,上市,113,,,,,,,,,,,,,,,,,,,,,,8345353,,,,8345353,,0,,104.35,1940799,8728140,,,,,,,,,799760,,,2350452,,,2045485,10695805,,,,,,,,,,,,,,0,409653,1967665,0
,,,,1100620,,,4771,望隼,,,19275,,,,,,,,,,,,,,,,,,,,4,上市,113,,,,,,,,,,,,,,,,,,,,,,3849597,,,,3532735,,0,,60.94,810608,2431480,,,,,,,,,584745,,,2090114,,,1828095,5939711,,,,,,,,,,,,,,316862,1279506,3508231,45000
,,,,-11105,,,4807,日成-KY,,,963,,,,,,,,,,,,,,,,,,,,4,上市,113,,,,,,0,,,,,,,,,,,,,,,,838326,,,,749317,,0,,19.52,667602,1131457,,,,,,,,,383960,,,755425,,,375499,1593751,,,,,,,,,,,,,,89009,87823,462294,0
,,,,33875348,,,4904,遠傳,,,-150002,,,,,,,,,,,,,,,,,,,,4,上市,113,,,,,,0,,,,,,,,,,,,,,,,92524813,,,,91145240,,0,,25.28,33820257,32402005,,,,,,,,,36057054,,,94228355,,,21362840,186753168,,,,,,,,,,,,,,1379573,60408098,154351163,0
,,,,2847713,,,4906,正文,,,-150377,,,,,,,,,,,,,,,,,,,,4,上市,113,,,,,,,,,,,,,,,,,,,,,,13076618,,,,12733351,,0,,29.76,8081144,14047176,,,,,,,,,4278886,,,8546572,,,5757129,21623190,,,,,,,,,,,,,,343267,465428,7576014,187900
,,,,1636866,,,4912,聯德控股-KY,,,93456,,,,,,,,,,,,,,,,,,,,4,上市,113,,,,,,,,,,,,,,,,,,,,,,3906107,,,,3815317,,0,,61.35,3007738,5936429,,,,,,,,,621934,,,4508419,,,1463061,8414526,,,,,,,,,,,,,,90790,1500681,2478097,0
,,,,12050294,,,4915,致伸,,,-385724,,,,,,,,,,,,,,,,,,,,4,上市,113,,,,,,0,,,,,,,,,,,,,,,,19834976,,,,19834976,,0,,42.59,26080267,36245818,,,,,,,,,4657448,,,30293441,,,3512958,50128417,,,,,,,,,,,,,,0,4213174,13882599,0
,,,,363974,,,4916,事欣科,,,106649,,,,,,,,,,,,,,,,,,,,4,上市,113,0,,,,,0,,,,,,,,,,,,,,,,2123649,,,,2102520,,0,,21.35,824316,2044809,,,,,,,,,984888,,,1374943,,,647009,3498592,,,,,,,,,,,,,,21129,550627,1453783,0
,,,,5681829,,,4919,新唐,,,-1214038,,,,,,,,,,,,,,,,,,,,4,上市,113,,,,,,,,,,,,,,,,,,,,,,15663037,,,,15663037,,0,,37.31,10430853,17603267,,,,,,,,,4197653,,,14633383,,,6997593,30296420,,,,,,,,,,,,,,,4202530,12693153,0
,,,,1329435,,,4927,泰鼎-KY,,,-69180,,,,,,,,,,,,,,,,,,,,4,上市,113,,,,,,,,,,,,,,,,,,,,,,6786112,,,,6759419,,0,,30.73,11191793,6293509,,,,,,,,,2199380,,,12656804,,,3299784,19442916,,,,,,,,,,,,,,26693,1465011,13149407,0
,,,,970148,,,4930,燦星網,,,-199022,,,,,,,,,,,,,,,,,,,,4,上市,113,,,,,,0,,,,,,,,,,,,,,,,6560140,,,,3356974,,0,,41.96,3290821,7501651,,,,,,,,,800000,,,5972104,,,1785848,12532244,,,,,,,,,,,,,,3203166,2681283,5030593,0
,,,,-466022,,,4934,太極,,,-447442,,,,,,,,,,,,,,,,,,,,4,上市,113,,,,,,,,,,,,,,,,,,,,,,1694363,,,,1679463,,0,,7.46,659370,1160536,,,,,,,,,2250000,,,836825,,,342927,2531188,,,,,,,,,,,,,,14900,177455,1370652,0
,,,,4815435,,,4935,茂林-KY,,,152394,,,,,,,,,,,,,,,,,,,,4,上市,113,,,,,,,,,,,,,,,,,,,,,,8604893,,,,8604893,,0,,66.77,1577282,6728783,,,,,,,,,1288641,,,2077227,,,2348423,10682120,,,,,,,,,,,,,,,499945,3953337,0
,,,,92030517,,,4938,和碩,,,3532316,,,,,,,,,,,,,,,,,,,,4,上市,113,0,,,,,0,,,,,,,,,,,,,,,,241699484,,,,207093133,,0,,77.76,386056991,514817271,,,,,,,,,26631771,,,433052641,,,84898529,674752125,,,,,,,,,,,,,,34606351,46995650,159934854,0
,,,,5064256,,,4942,嘉彰,,,-176910,,,,,,,,,,,,,,,,,,,,4,上市,113,,,,,,,,,,,,,,,,,,,,,,9136441,,,,9131368,,0,,64.14,1963580,6761246,,,,,,,,,1423676,,,2697508,,,2820346,11833949,,,,,,,,,,,,,,5073,733928,5072703,0
,,,,-837229,,,4943,康控-KY,,,-369943,,,,,,,,,,,,,,,,,,,,4,上市,113,,,,,,,,,,,,,,,,,,,,,,399808,,,,330110,,0,,2.71,1593002,1078320,,,,,,,,,1216944,,,2055058,,,320338,2454866,,,,,,,,,,,,,,69698,462056,1376546,0
,,,,357171,,,4949,有成精密,,,-34159,,,,,,,,,,,,,,,,,,,,4,上市,113,,,,,,0,,,,,,,,,,,,,,,,1554336,,,,1554336,,0,,23.19,391057,1785729,,,,,,,,,670240,,,429966,,,561084,1984302,,,,,,,,,,,,,,,38909,198573,157500
,,,,1049665,,,4952,凌通,,,-35993,,,,,,,,,,,,,,,,,,,,4,上市,113,,,,,,,,,,,,,,,,,,,,,,2243797,,,,2243797,,0,,20.62,510167,2034641,,,,,,,,,1088158,,,674121,,,141967,2917918,,,,,,,,,,,,,,,163954,883277,0
,,,,308571,,,4956,光鋐,,,-2260,,,,,,,,,,,,,,,,,,,,4,上市,113,,,,,,,,,,,,,,,,,,,,,,1699578,,,,1699578,,0,,16.93,584549,1479699,,,,,,,,,1004082,,,1077763,,,389185,2777341,,,,,,,,,,,,,,,493214,1297642,0
,,,,59158398,,,4958,臻鼎-KY,,,-189408,,,,,,,,,,,,,,,,,,,,4,上市,113,-257489,,,,,0,,,,,,,,,,,,,,,,152023610,,,,108818238,,2093000,,114.00,69204250,132508624,,,,,,,,,9566525,,,113969682,,,40540212,265993292,,,,,,,,,,,,,,43205372,44765432,133484668,0
,,,,3026197,,,4960,誠美材,,,-429442,,,,,,,,,,,,,,,,,,,,4,上市,113,,,,,,0,,,,,,,,,,,,,,,,8905215,,,,8905215,,0,,15.58,4096808,9471137,,,,,,,,,5717054,,,5511021,,,591406,14416236,,,,,,,,,,,,,,,1414213,4945099,0
,,,,8177979,,,4961,天鈺,,,-14272,,,,,,,,,,,,,,,,,,,,4,上市,113,-7307,,,,,0,,,,,,,,,,,,,,,,22416842,,,,17913492,,214850,,148.00,3486286,18950721,,,,,,,,,1212545,,,4253309,,,8544547,26670151,,,,,,,,,,,,,,4503350,767023,7719430,0
,,,,920157,,,4967,十銓,,,-8408,,,,,,,,,,,,,,,,,,,,4,上市,113,0,,,,,0,,,,,,,,,,,,,,,,3999389,,,,3999389,,0,,47.07,5865100,9532483,,,,,,,,,849633,,,5995368,,,2238007,9994757,,,,,,,,,,,,,,,130268,462274,0
,,,,780335,,,4968,立積,,,1991,,,,,,,,,,,,,,,,,,,,4,上市,113,,,,,,,,,,,,,,,,,,,,,,2560015,,,,2560015,,0,,27.86,710956,2916928,,,,,,,,,918971,,,807910,,,858718,3367925,,,,,,,,,,,,,,,96954,450997,1214641
,,,,-75707,,,4976,佳凌,,,-29127,,,,,,,,,,,,,,,,,,,,4,上市,113,0,,,,,,,,,,,,,,,,,,,,,2503928,,,,,,0,,17.83,363322,1922969,,,,,,,,,1404080,,,492940,,,1204682,2996868,,,,,,,,,,,,,,,129618,1073899,0
,,,,1182795,,,4977,眾達-KY,,,-183645,,,,,,,,,,,,,,,,,,,,4,上市,113,,,,,,,,,,,,,,,,,,,,,,3913341,,,,3913341,,0,,48.80,1071061,2742009,,,,,,,,,801898,,,1206318,,,2112293,5119659,,,,,,,,,,,,,,0,135257,2377650,0
,,,,163488,,,4989,榮科,,,73584,,,,,,,,,,,,,,,,,,,,4,上市,113,,,,,,,,,,,,,,,,,,,,,,1939367,,,,1939367,,0,,14.08,372577,1771687,,,,,,,,,1377765,,,481614,,,324530,2420981,,,,,,,,,,,,,,,109037,649294,0
,,,,403170,,,4994,傳奇,,,70,,,,,,,,,,,,,,,,,,,,4,上市,113,,,,,,0,,,,,,,,,,,,,,,,1224189,,,,1224189,,0,,18.44,398865,1476474,,,,,,,,,663834,,,400118,,,157115,1624307,,,,,,,,,,,,,,,1253,147833,0
,,,,2279934,,,4999,鑫禾,,,-18484,,,,,,,,,,,,,,,,,,,,4,上市,113,-31100,,,,,0,,,,,,,,,,,,,,,,3414557,,,,3414557,,800000,,46.38,489332,2598171,,,,,,,,,744172,,,654501,,,440035,4069058,,,,,,,,,,,,,,,165169,1470887,0
,,,,3815580,,,5007,三星,,,-30711,,,,,,,,,,,,,,,,,,,,4,上市,113,0,,,,,0,,,,,,,,,,,,,,,,7494762,,,,7163674,,0,,24.29,1030792,5688653,,,,,,,,,2949401,,,1357669,,,429404,8852431,,,,,,,,,,,,,,331088,326877,3163778,0
,,,,1695088,,,5203,訊連,,,-55636,,,,,,,,,,,,,,,,,,,,4,上市,113,,,,,,0,,,,,,,,,,,,,,,,4724344,,,,4724344,,0,,59.83,960900,2485661,,,,,,,,,789593,,,1376195,,,2295299,6100539,,,,,,,,,,,,,,,415295,3614878,0
,,,,1454430,,,5215,科嘉-KY,,,23473,,,,,,,,,,,,,,,,,,,,4,上市,113,,,,,,,,,,,,,,,,,,,,,,3741978,,,,3611578,,0,,56.13,804554,2999068,,,,,,,,,643375,,,1020680,,,1490300,4762658,,,,,,,,,,,,,,130400,216126,1763590,0
,,,,645698,,,5222,全訊,,,118427,,,,,,,,,,,,,,,,,,,,4,上市,113,-17448,,,,,0,,,,,,,,,,,,,,,,2475060,,,,,,140000,,30.24,342876,1276014,,,,,,,,,819974,,,484906,,,908409,2959966,,,,,,,,,,,,,,,142030,1683952,0
,,,,1530745,,,5225,東科-KY,0,,196436,,,,,,,,,,,,,,,,,,,,4,上市,113,-24019,,,,,,,,,,,,,,,,,,,,,3615852,,,,3615852,,453000,,47.06,3609925,6145226,,,,,,,,,772807,,,3691914,,,1139883,7307766,,,,,,,,,,,,,,0,81989,1162540,0
,,,,2215144,,,5234,達興材料,,,,,,,,,,,,,,,,,,,,,,,4,上市,113,,,,,,0,,,,,,,,,,,,,,,,3284141,,,,3284141,,0,,31.97,1265873,3259288,,,,,,,,,1027159,,,1665356,,,41838,4949497,,,,,,,,,,,,,,,399483,1690209,0
,,,,788851,,,5236,凌陽創新,,,-61143,,,,,,,,,,,,,,,,,,,,4,上市,113,,,,,,,,,,,,,,,,,,,,,,2598025,,,,,,0,,44.45,450635,3018302,,,,,,,,,584436,,,486246,,,1285881,3084271,,,,,,,,,,,,,,,35611,65969,0
,,,,3957322,,,5243,乙盛-KY,,,-348553,,,,,,,,,,,,,,,,,,,,4,上市,113,,,,,,,,,,,,,,,,,,,,,,7643307,,,,7643307,,0,,45.35,4519098,7483660,,,,,,,,,1685289,,,5304805,,,2349249,12948112,,,,,,,,,,,,,,,785707,5464452,0
,,,,757619,,,5244,弘凱,,,-48437,,,,,,,,,,,,,,,,,,,,4,上市,113,,,,,,,,,,,,,,,,,,,,,,1841773,,,,1841773,,0,,27.11,281697,1768839,,,,,,,,,682376,,,722567,,,450215,2564340,,,,,,,,,,,,,,,440870,795501,0
,,,,2440540,,,5258,虹堡,,,53844,,,,,,,,,,,,,,,,,,,,4,上市,113,-18051,,,,,0,,,,,,,,,,,,,,,,4486064,,,,4340695,,771000,,39.61,3479667,6996215,,,,,,,,,1103649,,,3859510,,,760713,8345574,,,,,,,,,,,,,,145369,379843,1349359,0
,,,,10278703,,,5269,祥碩,,,2433784,,,,,,,,,,,,,,,,,,,,4,上市,113,,,,,,0,,,,,,,,,,,,,,,,33394543,,,,,,0,,447.28,2655479,16765595,,,,,,,,,746622,,,2660996,,,19935434,36055539,,,,,,,,,,,,,,,5517,19289944,0
,,,,2883921,,,5283,禾聯碩,,,-98,,,,,,,,,,,,,,,,,,,,4,上市,113,,,,,,,,,,,,,,,,,,,,,,4366133,,,,4366133,,0,,59.81,1881550,3650971,,,,,,,,,730004,,,2328207,,,752306,6694340,,,,,,,,,,,,,,,446657,3043369,0
,,,,718635,,,5284,jpp-KY,,,22269,,,,,,,,,,,,,,,,,,,,4,上市,113,,,,,,,,,,,,,,,,,,,,,,2656663,,,,2635010,,0,,51.74,2875284,3113519,,,,,,,,,509289,,,3201803,,,1384817,5858466,,,,,,,,,,,,,,21653,326519,2744947,0
,,,,1545486,,,5285,界霖,,,-125449,,,,,,,,,,,,,,,,,,,,4,上市,113,,,,,,,,,,,,,,,,,,,,,,2996977,,,,2996977,,0,,29.37,1489511,3634520,,,,,,,,,1020409,,,2281175,,,556531,5278152,,,,,,,,,,,,,,,791664,1643632,0
,,,,4304627,,,5288,豐祥-KY,,,-53445,,,,,,,,,,,,,,,,,,,,4,上市,113,,,,,,,,,,,,,,,,,,,,,,6127014,,,,6112939,,0,,89.77,1464772,3416860,,,,,,,,,680975,,,1500618,,,1180782,7627632,,,,,,,,,,,,,,14075,35846,4210772,0
,,,,978246,,,5292,華懋,,,-12496,,,,,,,,,,,,,,,,,,,,4,上市,113,,,,,,,,,,,,,,,,,,,,,,1684023,,,,1684023,,0,,43.99,1630413,2899589,,,,,,,,,382800,,,1686034,,,335473,3370057,,,,,,,,,,,,,,,55621,470468,0
,,,,5760623,,,5306,桂盟,,,-458922,,,,,,,,,,,,,,,,,,,,4,上市,113,,,,,,,,,,,,,,,,,,,,,,8322058,,,,8322012,,0,,66.05,3086384,6257379,,,,,,,,,1260008,,,4912854,,,1760303,13234912,,,,,,,,,,,,,,46,1826470,6977533,0
,,,,7449030,,,5388,中磊,,,-356140,,,,,,,,,,,,,,,,,,,,4,上市,113,-119517,,,,,,,,,,,,,,,,,,,,,16319387,,,,16328362,,1500000,,54.69,22121613,33402275,,,,,,,,,3000496,,,25672429,,,6354493,41991816,,,,,,,,,,,,,,-8975,3550816,8589541,0
,,,,11760485,,,5434,崇越,,,1184103,,,,,,,,,,,,,,,,,,,,4,上市,113,0,,,,,0,,,,,,,,,,,,,,,,18006513,,,,17771222,,0,,93.02,14953877,21592174,,,,,,,,,1910393,,,19268399,,,2916241,37274912,,,,,,,,,,,,,,235291,4314522,15682738,0
,,,,20074856,,,5469,瀚宇博,,,3150355,,,,,,,,,,,,,,,,,,,,4,上市,113,-182034,,,,,,,,,,,,,,,,,,,,,47415093,,,,32195827,,2760000,,66.60,32163717,45978891,,,,,,,,,4861660,,,41995875,,,4290990,89410968,,,,,,,,,,,,,,15219266,9832158,43432077,0
,,,,1773658,,,5471,松翰,,,3957,,,,,,,,,,,,,,,,,,,,4,上市,113,,,,,,0,,,,,,,,,,,,,,,,3519046,,,,3519046,,0,,20.96,392134,2828345,,,,,,,,,1678770,,,521342,,,62661,4040388,,,,,,,,,,,,,,,129208,1212043,0
,,,,-215593,,,5484,慧友,,,22305,,,,,,,,,,,,,,,,,,,,4,上市,113,,,,,,0,,,,,,,,,,,,,,,,530034,,,,530034,,0,,7.93,316809,458523,,,,,,,,,668010,,,330728,,,55312,860762,,,,,,,,,,,,,,,13919,402239,0
,,,,2461097,,,5515,建國,,,271203,,,,,,,,,,,,,,,,,,,,4,上市,113,,,,,,,,,,,,,,,,,,,,,,4935609,,,,4935609,,0,,24.48,3371056,6162344,,,,,,,,,2016001,,,4136382,,,187308,9071991,,,,,,,,,,,,,,,765326,2909647,0
,,,,3530976,,,5519,隆大,,,12859,,,,,,,,,,,,,,,,,,,,4,上市,113,,,,,,,,,,,,,,,,,,,,,,5786421,,,,5786421,,0,,26.40,2655411,13132431,,,,,,,,,2191972,,,8081278,,,50614,13867699,,,,,,,,,,,,,,,5425867,735268,0
,,,,419409,,,5521,工信,,,32853,,,,,,,,,,,,,,,,,,,,4,上市,113,,,,,,0,,,,,,,,,,,,,,,,5375583,,,,5375583,,0,,10.92,6509217,11105456,,,,,,,,,4922802,,,6702393,,,519,12077976,,,,,,,,,,,,,,,193176,972520,0
,,,,29436440,,,5522,遠雄,,,569248,,,,,,,,,,,,,,,,,,,,4,上市,113,,,,,,0,,,,,,,,,,,,,,,,46359798,,,,46359798,,0,,59.31,54786908,91440356,,,,,,,,,7815962,,,56978439,,,8538148,103338237,,,,,,,,,,,,,,,2191531,11897881,0
,,,,2096842,,,5525,順天,,,0,,,,,,,,,,,,,,,,,,,,4,上市,113,-25346,,,,,,,,,,,,,,,,,,,,,5396139,,,,5376705,,10110674,,18.72,10488323,14199979,,,,,,,,,2972948,,,11894951,,,332261,17291090,,,,,,,,,,,,,,19434,1406628,3091111,0
,,,,723102,,,5531,鄉林,0,,-172031,,,,,,,,,,,,,,,,,,,,4,上市,113,0,,,,,0,,,,,,,,,,,,,,,,10541547,,,,10335554,,0,,10.57,20872911,21434610,,,,,,,,,9775892,,,32567653,,,8591,43109200,,,,,,,,,,,,,,205993,11694742,21674590,0
,,,,6825949,,,5533,皇鼎,,,,,,,,,,,,,,,,,,,,,,,4,上市,113,,,,,,,,,,,,,,,,,,,,,,9699529,,,,9699529,,0,,34.00,1221936,7327155,,,,,,,,,2852450,,,2227964,,,21130,11927493,,,,,,,,,,,,,,,1006028,4600338,0
,,,,16366871,,,5534,長虹,,,-500,,,,,,,,,,,,,,,,,,,,4,上市,113,,,,,,0,,,,,,,,,,,,,,,,21306428,,,,20643528,,0,,71.10,25262714,46179806,,,,,,,,,2903260,,,25347020,,,1373897,46653448,,,,,,,,,,,,,,662900,84306,473642,0
,,,,3315548,,,5538,東明-KY,,,-38755,,,,,,,,,,,,,,,,,,,,4,上市,113,,,,,,,,,,,,,,,,,,,,,,7145400,,,,7116119,,0,,35.37,4902044,10369351,,,,,,,,,2012033,,,6801661,,,1827293,13947061,,,,,,,,,,,,,,29281,1899617,3577710,0
,,,,424788,,,5546,永固-KY,,,-6594,,,,,,,,,,,,,,,,,,,,4,上市,113,,,,,,,,,,,,,,,,,,,,,,2275115,,,,2217208,,0,,26.92,2515528,2949723,,,,,,,,,823534,,,3255369,,,975480,5530484,,,,,,,,,,,,,,57907,739841,2580761,0
,,,,2435187,,,5607,遠雄港,,,0,,,,,,,,,,,,,,,,,,,,4,上市,113,,,,,,0,,,,,,,,,,,,,,,,10422605,,,,10422605,,0,,28.69,3181423,1316440,,,,,,,,,3632872,,,16352482,,,4354546,26775087,,,,,,,,,,,,,,0,13171059,25458647,0
,,,,2109509,,,5608,四維航,,,803852,,,,,,,,,,,,,,,,,,,,4,上市,113,,,,,,0,,,,,,,,,,,,,,,,10278712,,,,10111704,,0,,25.98,2700542,3255307,,,,,,,,,3892716,,,10583828,,,3305627,20862540,,,,,,,,,,,,,,167008,7883286,17607233,0
,,,,635679,,,5706,鳳凰,0,,191438,,,,,,,,,,,,,,,,,,,,4,上市,113,-18283,,,,,0,,,,,,,,,,,,,,,0,1852929,,,,1802730,,621000,,22.41,1506056,2257453,,,,,,,,,810815,,,1611120,,,183081,3464049,,,,,,,,,,,,,,50199,105064,1206596,0
,,,,109277199,,,5871,中租-KY,,,70734,,,,,,,,,,,,,,,,,,,,4,上市,113,,,,,,,,,,,,,,,,,,,,,,184131838,,,,173094236,,0,,94.70,585753906,662975998,,,,,,,,,18278638,,,798272005,,,45467665,982403843,,,,,,,,,,,,,,11037602,212518099,319427845,0
,24190840,,1854237,111979268,,,5876,上海商銀,,,9710581,5695512,,11218943,9981110,1872,,,,,,,,,,,44597026,,432246360,2046220040,4,上市,113,-83144,,1039030,,,0,,,,36432169,59591987,,24748669,,7978542,,235146758,1559287,,,,,266885010,,,197928663,,11397439,,40.81,,,,2194494,,38522816,956186,185113,,1878459,48616031,,3242924,,2229177901,1221016517,27705927,,2496062911,475245104,5825908,5569510,9973427,4936259,,,,,4783153,,8408560,68956347,,,0
,31999675,,1763850,64054282,,,5880,合庫金,,11033195,-7899270,1235526,,4296553,82358549,88542630,,,216517,,,,,,,438083704,,398748466,,4084423043,4,上市,113,,,,,,,79140000,,38061951,47963415,,,51957450,,,11301781,752203282,144941,,,,,259756943,,254049424,,,0,,16.69,,,,4816577,,79069296,417586,2941790,,1720552,152242106,,37843178,,4905752745,3060868842,45652306,,5165509688,517014504,5578934,156824572,5755226,1483107,,,,,72137886,1315855,,5707519,,,0
,,,,219789,,,5906,台南-KY,,,149422,,,,,,,,,,,,,,,,,,,,4,上市,113,,,,,,,,,,,,,,,,,,,,,,802329,,,,719617,,0,,20.54,914020,951019,,,,,,,,,350406,,,1177582,,,,1979911,,,,,,,,,,,,,,82712,263562,1028892,0
,,,,-511891,,,5907,大洋-KY,,,-825475,,,,,,,,,,,,,,,,,,,,4,上市,113,,,,,,0,,,,,,,,,,,,,,,,4786307,,,,4786307,,0,,24.48,6662622,2037348,,,,,,,,,1955310,,,19429121,,,4168363,24215428,,,,,,,,,,,,,,,12766499,22178080,0
,,,,,15088772,,6005,群益證,,,2730132,,,,,,,,,,,,,,,,,,,,4,上市,113,,,,,,,,,,,,,,,,,,,,,,45636473,,,,,42271242,,0,19.47,256345104,282926897,,,,,,,,,21709081,,,263052029,,,2743257,308688502,,,,,,,,,,,,,,3365231,6706925,25761605,0
,,,,,3885793,,6024,群益期,,,87219,,,,,,,,,,,,,,,,,,,,4,上市,113,,,,,,,,,,,,,,,,,,,,,,7744885,,,,,7740641,,0,36.78,54199619,61070306,,,,,,,,,2104376,,,54256253,,,1663253,62001138,,,,,,,,,,,,,,4244,56634,930832,0
,,,,1683264,,,6108,競國,,,22472,,,,,,,,,,,,,,,,,,,,4,上市,113,0,,,,,0,,,,,,,,,,,,,,,,3723658,,,,3723658,,0,,23.29,3004368,5541756,,,,,,,,,1598993,,,3497134,,,418929,7220792,,,,,,,,,,,,,,,492766,1679036,0
,,,,913983,,,6112,邁達特,0,,53368,,,,,,,,,,,,,,,,,,,,4,上市,113,,,,,,,,,,,,,,,,,,,,,,5066909,,,,4073819,,0,,21.63,7329963,9550698,,,,,,,,,1883573,,,8339381,,,1222895,13406290,,,,,,,,,,,,,,993090,1009418,3855592,0
,,,,2652615,,,6115,鎰勝,,,-73467,,,,,,,,,,,,,,,,,,,,4,上市,113,0,,,,,0,,,,,,,,,,,,,,,,5451947,,,,5386618,,0,,28.70,2690239,6476983,,,,,,,,,1876622,,,3215303,,,930848,8667250,,,,,,,,,,,,,,65329,525064,2190267,0
,,,,4499670,,,6116,彩晶,,,234523,,,,,,,,,,,,,,,,,,,,4,上市,113,-934767,,,,,,,,,,,,,,,,,,,,,34061763,,,,34061763,,81674000,,11.92,6500055,9920225,,,,,,,,,29403289,,,11763115,,,859048,45824878,,,,,,,,,,,,,,0,5263060,35904653,0
,,,,387968,,,6117,迎廣,,,-52788,,,,,,,,,,,,,,,,,,,,4,上市,113,0,,,,,0,,,,,,,,,,,,,,,,1862388,,,,1858096,,0,,20.42,1006023,1792738,,,,,,,,,910154,,,2253358,,,612762,4115746,,,,,,,,,,,,,,4292,1247335,2323008,432126
,,,,1131974,,,6120,達運,,,-943300,,,,,,,,,,,,,,,,,,,,4,上市,113,,,,,,,,,,,,,,,,,,,,,,9615136,,,,9615136,,0,,14.45,5977930,11431862,,,,,,,,,6655551,,,8379492,,,2770911,17994628,,,,,,,,,,,,,,,2401562,6562766,0
,,,,1645554,,,6128,上福,,,236734,,,,,,,,,,,,,,,,,,,,4,上市,113,,,,,,0,,,,,,,,,,,,,,,,4371974,,,,4371974,,0,,34.27,3327889,3688155,,,,,,,,,1275887,,,4282469,,,1213799,8654443,,,,,,,,,,,,,,,954580,4966288,0
,,,,273456,,,6133,金橋,,,-375357,,,,,,,,,,,,,,,,,,,,4,上市,113,,,,,,,,,,,,,,,,,,,,,,1237315,,,,1237315,,0,,10.57,795790,1049185,,,,,,,,,1170064,,,829928,,,169152,2067243,,,,,,,,,,,,,,,34138,1018058,0
,,,,484827,,,6136,富爾特,0,,1837280,,,,,,,,,,,,,,,,,,,,4,上市,113,0,,,,,0,,,,,,,,,,,,,,,,3508525,,,,3485212,,0,,30.17,66666,693523,,,,,,,,,1155364,,,131691,,,7741,3640216,,,,,,,,,,,,,,23313,65025,2946693,0
,,,,8068047,,,6139,亞翔,,,450053,,,,,,,,,,,,,,,,,,,,4,上市,113,,,,,,,,,,,,,,,,,,,,,,20540618,,,,14587612,,0,,62.61,38348080,55348058,,,,,,,,,2330184,,,39956410,,,3739328,60497028,,,,,,,,,,,,,,5953006,1608330,5148970,0
,,,,-292687,,,6141,柏承,,,-149646,,,,,,,,,,,,,,,,,,,,4,上市,113,,,,,,0,,,,,,,,,,,,,,,,1177761,,,,1132831,,0,,9.99,3842542,1596946,,,,,,,,,1133540,,,4852058,,,441624,6029819,,,,,,,,,,,,,,44930,1009516,4432873,0
,,,,-185560,,,6142,友勁,,,-88472,,,,,,,,,,,,,,,,,,,,4,上市,113,0,,,,,,,,,,,,,,,,,,,,,3033760,,,,3033760,,0,,9.17,639727,2205902,,,,,,,,,3307792,,,1097092,,,0,4130852,,,,,,,,,,,,,,0,457365,1924950,0
,,,,-449259,,,6152,百一,,,-30839,,,,,,,,,,,,,,,,,,,,4,上市,113,,,,,,,,,,,,,,,,,,,,,,1505310,,,,1489186,,0,,8.88,1166244,2142542,,,,,,,,,1677385,,,1305767,,,291899,2811077,,,,,,,,,,,,,,16124,139523,668535,0
,,,,-1775577,,,6153,嘉聯益,,,-150282,,,,,,,,,,,,,,,,,,,,4,上市,113,-46667,,,,,,,,,,,,,,,,,,,,,10273706,,,,10273706,,2000000,,17.29,3654673,5535122,,,,,,,,,5961777,,,7551647,,,6284455,17825353,,,,,,,,,,,,,,,3896974,12290231,0
,,,,434671,,,6155,鈞寶,,,165415,,,,,,,,,,,,,,,,,,,,4,上市,113,0,,,,,0,,,,,,,,,,,,,,,,1695084,,,,1695084,,0,,19.30,668894,1425870,,,,,,,,,878113,,,685977,,,216885,2381061,,,,,,,,,,,,,,0,17083,955191,0
,,,,237977,,,6164,華興,,,-88714,,,,,,,,,,,,,,,,,,,,4,上市,113,,,,,,,,,,,,,,,,,,,,,,965925,,,,954779,,0,,11.93,400532,808676,,,,,,,,,800000,,,499651,,,5516,1465576,,,,,,,,,,,,,,11146,99119,656900,0
,,,,195738,,,6165,浪凡,,,3891,,,,,,,,,,,,,,,,,,,,4,上市,113,,,,,,0,,,,,,,,,,,,,,,,1449640,,,,1448790,,0,,18.63,526973,1145575,,,,,,,,,777526,,,915480,,,471635,2365120,,,,,,,,,,,,,,850,388507,1219545,0
,,,,1920905,,,6166,凌華,,,-8808,,,,,,,,,,,,,,,,,,,,4,上市,113,,,,,,,,,,,,,,,,,,,,,,5407444,,,,5377177,,0,,24.72,4515747,7234172,,,,,,,,,2174973,,,7240288,,,1290107,12647732,,,,,,,,,,,,,,30267,2724541,5413560,0
,,,,250838,,,6168,宏齊,,,211149,,,,,,,,,,,,,,,,,,,,4,上市,113,-5521,,,,,,,,,,,,,,,,,,,,,3153204,,,,3008027,,308000,,14.62,764863,2391556,,,,,,,,,2060698,,,913411,,,490863,4066615,,,,,,,,,,,,,,145177,148548,1675059,0
,,,,30241640,,,6176,瑞儀,,,-1816441,,,,,,,,,,,,,,,,,,,,4,上市,113,,,,,,0,,,,,,,,,,,,,,,,37801497,,,,37801497,,0,,81.29,22821956,58330312,,,,,,,,,4650273,,,26600459,,,4726025,64401956,,,,,,,,,,,,,,,3778503,6071644,0
,,,,4711289,,,6177,達麗,,,152246,,,,,,,,,,,,,,,,,,,,4,上市,113,,,,,,,,,,,,,,,,,,,,,,10329103,,,,10049120,,0,,23.43,24879850,34515256,,,,,,,,,4288528,,,29483187,,,897057,39812290,,,,,,,,,,,,,,279983,4603337,5297034,0
,,,,1282286,,,6183,關貿,,,-68269,,,,,,,,,,,,,,,,,,,,4,上市,113,,,,,,,,,,,,,,,,,,,,,,2714028,,,,2714028,,0,,18.09,1501487,2914504,,,,,,,,,1500000,,,1736163,,,11,4450191,,,,,,,,,,,,,,,234676,1535687,0
,,,,1164232,,,6184,大豐電,,,,,,,,,,,,,,,,,,,,,,,4,上市,113,-436270,,,,,0,,,,,,,,,,,,,,,,4637424,,,,4637424,,9919214,,31.27,1130242,2146317,,,,,,,,,1582306,,,2650591,,,2327156,7288015,,,,,,,,,,,,,,,1520349,5141698,0
,,,,2550716,,,6189,豐藝,,,-23675,,,,,,,,,,,,,,,,,,,,4,上市,113,,,,,,,,,,,,,,,,,,,,,,6910541,,,,6379114,,0,,29.15,9239126,15363036,,,,,,,,,2188509,,,9998584,,,1663564,16909125,,,,,,,,,,,,,,531427,759458,1546089,0
,,,,11764721,,,6191,精成科,,,2421678,,,,,,,,,,,,,,,,,,,,4,上市,113,-17799,,,,,,,,,,,,,,,,,,,,,22908063,,,,22755077,,300000,,48.01,12749729,21414366,,,,,,,,,4743030,,,18094590,,,3843447,41002653,,,,,,,,,,,,,,152986,5344861,19588287,0
,,,,6088267,,,6192,巨路,,,-80113,,,,,,,,,,,,,,,,,,,,4,上市,113,,,,,,,,,,,,,,,,,,,,,,7080990,,,,7080741,,0,,73.64,3991479,9658402,,,,,,,,,961558,,,4355127,,,111029,11436117,,,,,,,,,,,,,,249,363648,1777715,0
,,,,7471428,,,6196,帆宣,,,-85078,,,,,,,,,,,,,,,,,,,,4,上市,113,,,,,,0,,,,,,,,,,,,,,,,12025870,,,,11899084,,0,,59.11,29549532,37953602,,,,,,,,,2013162,,,34631453,,,2499572,46657323,,,,,,,,,,,,,,126786,5081921,8703721,0
,,,,2765795,,,6197,佳必琪,,,-11133,,,,,,,,,,,,,,,,,,,,4,上市,113,,,,,,0,,,,,,,,,,,,,,,,4610446,,,,4412618,,0,,36.14,2005862,5512596,,,,,,,,,1220859,,,3113665,,,437097,7724111,,,,,,,,,,,,,,197828,1107803,2211515,0
,,,,1694553,,,6201,亞弘電,,,-57702,,,,,,,,,,,,,,,,,,,,4,上市,113,,,,,,,,,,,,,,,,,,,,,,2862176,,,,2862176,,0,,32.09,738589,2838670,,,,,,,,,892000,,,848513,,,333325,3710689,,,,,,,,,,,,,,0,109924,872019,0
,,,,1244597,,,6202,盛群,,,-49901,,,,,,,,,,,,,,,,,,,,4,上市,113,,,,,,0,,,,,,,,,,,,,,,,3656582,,,,3598687,,0,,15.91,1578998,4495650,,,,,,,,,2261682,,,1961128,,,142309,5617710,,,,,,,,,,,,,,57895,382130,1122060,0
,,,,1266093,,,6205,詮欣,,,75837,,,,,,,,,,,,,,,,,,,,4,上市,113,,,,,,0,,,,,,,,,,,,,,,,2654288,,,,2644056,,0,,32.15,401034,2023957,,,,,,,,,822359,,,1188231,,,479767,3842519,,,,,,,,,,,,,,10232,787197,1818562,0
,,,,3208794,,,6206,飛捷,,,3798,,,,,,,,,,,,,,,,,,,,4,上市,113,,,,,,0,,,,,,,,,,,,,,,,5134996,,,,5120021,,0,,35.79,942383,4703496,,,,,,,,,1430623,,,979607,,,476806,6114603,,,,,,,,,,,,,,14975,37224,1411107,0
,,,,426973,,,6209,今國光,,,-88246,,,,,,,,,,,,,,,,,,,,4,上市,113,,,,,,,,,,,,,,,,,,,,,,2902735,,,,2902735,,0,,16.65,955118,2168242,,,,,,,,,1744008,,,999098,,,820000,3901833,,,,,,,,,,,,,,,43980,1733591,10750
,,,,7430650,,,6213,聯茂,,,358651,,,,,,,,,,,,,,,,,,,,4,上市,113,,,,,,0,,,,,,,,,,,,,,,,20645947,,,,20645947,,0,,56.88,11385054,22258591,,,,,,,,,3629572,,,14198242,,,9227074,34844189,,,,,,,,,,,,,,,2813188,12585598,0
,,,,6530330,,,6214,精誠,,,-215049,,,,,,,,,,,,,,,,,,,,4,上市,113,0,,,,,,,,,,,,,,,,,,,,,18329703,,,,17730382,,0,,65.12,12902245,25387562,,,,,,,,,2722654,,,16402417,,,8692447,34732120,,,,,,,,,,,,,,599321,3500172,9344558,0
,,,,522167,,,6215,和椿,,,66998,,,,,,,,,,,,,,,,,,,,4,上市,113,,,,,,0,,,,,,,,,,,,,,,,1510815,,,,1510815,,0,,18.25,615781,1604919,,,,,,,,,827897,,,677337,,,93753,2188152,,,,,,,,,,,,,,0,61556,583233,0
,,,,656157,,,6216,居易,,,,,,,,,,,,,,,,,,,,,,,4,上市,113,,,,,,0,,,,,,,,,,,,,,,,1887285,,,,,,0,,19.74,212022,1883780,,,,,,,,,955834,,,221432,,,275294,2108717,,,,,,,,,,,,,,,9410,224937,0
,,,,1171821,,,6224,聚鼎,,,-209751,,,,,,,,,,,,,,,,,,,,4,上市,113,,,,,,,,,,,,,,,,,,,,,,2432179,,,,2347247,,0,,27.41,1344818,2783679,,,,,,,,,856453,,,1962149,,,528724,4394328,,,,,,,,,,,,,,84932,617331,1610649,0
,,,,-183845,,,6225,天瀚,,,-4680,,,,,,,,,,,,,,,,,,,,4,上市,113,,,,,,,,,,,,,,,,,,,,,,89475,,,,89475,,0,,3.22,40115,117290,,,,,,,,,278000,,,41073,,,0,130548,,,,,,,,,,,,,,,958,13258,0
,,,,2708,,,6226,光鼎,,,-64773,,,,,,,,,,,,,,,,,,,,4,上市,113,-7936,,,,,0,,,,,,,,,,,,,,,,1236587,,,,1125036,,1085000,,9.74,598708,1213786,,,,,,,,,1166198,,,1098914,,,28839,2335501,,,,,,,,,,,,,,111551,500206,1121715,0
,,,,4593850,,,6230,尼得科超眾,,,9514,,,,,,,,,,,,,,,,,,,,4,上市,113,,,,,,,,,,,,,,,,,,,,,,5998621,,,,5998621,,0,,69.47,3361789,7574832,,,,,,,,,863434,,,4296925,,,531823,10295546,,,,,,,,,,,,,,,935136,2720714,0
,,,,1991784,,,6235,華孚,,,128125,,,,,,,,,,,,,,,,,,,,4,上市,113,,,,,,,,,,,,,,,,,,,,,,4756908,,,,4756908,,0,,23.81,3317543,4070899,,,,,,,,,1998126,,,4844881,,,638873,9601789,,,,,,,,,,,,,,,1527338,5530890,6000
,,,,49756143,,,6239,力成,,,-372090,,,,,,,,,,,,,,,,,,,,4,上市,113,-533313,,,,,,,,,,,,,,,,,,,,,71692551,,,,56762075,,13000000,,76.07,18356037,46986384,,,,,,,,,7591466,,,37498340,,,319869,109190891,,,,,,,,,,,,,,14930476,19142303,62204507,0
,,,,104723,,,6243,迅杰,,,-1711,,,,,,,,,,,,,,,,,,,,4,上市,113,,,,,,0,,,,,,,,,,,,,,,,844758,,,,844758,,0,,18.66,121973,1144813,,,,,,,,,452688,,,422249,,,289058,1267007,,,,,,,,,,,,,,,300276,122194,0
,,,,12449818,,,6257,矽格,,,898858,,,,,,,,,,,,,,,,,,,,4,上市,113,,,,,,0,,,,,,,,,,,,,,,,23048710,,,,19951399,,0,,41.23,7309917,19258396,,,,,,,,,4839123,,,16585938,,,1763600,39634648,,,,,,,,,,,,,,3097311,9276021,20376252,0
,,,,19798840,,,6269,台郡,,,-63923,,,,,,,,,,,,,,,,,,,,4,上市,113,,,,,,0,,,,,,,,,,,,,,,,25587617,,,,23943760,,0,,74.08,7180072,19103442,,,,,,,,,3232010,,,13006509,,,976833,38594126,,,,,,,,,,,,,,1643857,5826437,19490684,0
,,,,8503370,,,6271,同欣電,0,,75693,,,,,,,,,,,,,,,,,,,,4,上市,113,0,,,,,0,,,,,,,,,,,,,,,,25832859,,,,25787285,,0,,123.35,4887570,11187943,,,,,,,,,2090581,,,8782720,,,15117641,34615579,,,,,,,,,,,,,,45574,3895150,23427636,0
,,,,494681,,,6272,驊陞,,,-3747,,,,,,,,,,,,,,,,,,,,4,上市,113,,,,,,,,,,,,,,,,,,,,,,1512474,,,,1371847,,0,,18.88,1510000,2278736,,,,,,,,,726640,,,2293164,,,154273,3805638,,,,,,,,,,,,,,140627,783164,1526902,0
,,,,3451437,,,6277,宏正,,,-151790,,,,,,,,,,,,,,,,,,,,4,上市,113,,,,,,0,,,,,,,,,,,,,,,,4874991,,,,4811321,,0,,40.27,1808141,3693625,,,,,,,,,1194711,,,2248607,,,316963,7123598,,,,,,,,,,,,,,63670,440466,3429973,0
,,,,16239232,,,6278,台表科,,,916395,,,,,,,,,,,,,,,,,,,,4,上市,113,,,,,,0,,,,,,,,,,,,,,,,22609705,,,,22585554,,0,,77.24,24595855,37874253,,,,,,,,,2923984,,,29509341,,,2505943,52119046,,,,,,,,,,,,,,24151,4913486,14244793,0
,,,,1469147,,,6281,全國電,,,0,,,,,,,,,,,,,,,,,,,,4,上市,113,,,,,,,,,,,,,,,,,,,,,,2897495,,,,,,0,,29.22,3758096,5261206,,,,,,,,,991729,,,6468921,,,436619,9366416,,,,,,,,,,,,,,,2710825,4105210,0
,,,,4191477,,,6282,康舒,,,77770,,,,,,,,,,,,,,,,,,,,4,上市,113,,,,,,,,,,,,,,,,,,,,,,23391371,,,,23078214,,0,,26.87,19447893,28759443,,,,,,,,,8587371,,,28629894,,,10221596,52021265,,,,,,,,,,,,,,313157,9182001,23261822,0
,,,,-174972,,,6283,淳安,,,-9720,,,,,,,,,,,,,,,,,,,,4,上市,113,-55567,,,,,0,,,,,,,,,,,,,,,,1993374,,,,1741291,,1400000,,11.89,1007173,2257207,,,,,,,,,1479063,,,1030523,,,502487,3023897,,,,,,,,,,,,,,252083,23350,766690,0
,,,,13772643,,,6285,啟碁,,,1505557,,,,,,,,,,,,,,,,,,,,4,上市,113,,,,,,1044120,,,,,,,,,,,,,,,,31984024,,,,31984024,,0,,66.06,39836005,58819586,,,,,,,,,4841553,,,43376449,,,11864271,75360473,,,,,,,,,,,,,,,3540444,16540887,0
,,,,1307928,,,6405,悅城,,,12087,,,,,,,,,,,,,,,,,,,,4,上市,113,,,,,,0,,,,,,,,,,,,,,,,2431864,,,,2431864,,0,,36.96,18964,673254,,,,,,,,,658000,,,24767,,,453849,2456631,,,,,,,,,,,,,,,5803,1783377,0
,,,,7487523,,,6409,旭隼,,,-16189,,,,,,,,,,,,,,,,,,,,4,上市,113,,,,,,,,,,,,,,,,,,,,,,9929152,,,,9929152,,0,,113.19,6626224,12423432,,,,,,,,,877206,,,7392322,,,1580612,17321474,,,,,,,,,,,,,,,766098,4898042,0
,,,,8892490,,,6412,群電,,,-610543,,,,,,,,,,,,,,,,,,,,4,上市,113,,,,,,0,,,,,,,,,,,,,,,,15526062,,,,15526062,,0,,38.74,18258351,25716839,,,,,,,,,4007691,,,18726402,,,3236424,34252464,,,,,,,,,,,,,,,468051,8535625,0
,,,,7838773,,,6414,樺漢,,,-607389,,,,,,,,,,,,,,,,,,,,4,上市,113,,,,,,0,,,,,,,,,,,,,,,,54265470,,,,24270685,,0,,176.47,66430037,96966298,,,,,,,,,1375372,,,92743573,,,15663929,147009043,,,,,,,,,,,,,,29994785,26313536,50042745,0
,,,,20135094,,,6415,矽力*-KY,,,827018,,,,,,,,,,,,,,,,,,,,4,上市,113,-239746,,,,,,,,,,,,,,,,,,,,,35714367,,,,35207497,,595000,,91.01,3429792,26952462,,,,,,,,,968582,,,4807343,,,13516549,40521710,,,,,,,,,,,,,,506870,1377551,13569248,0
,,,,1398798,,,6416,瑞祺電通,,,-61227,,,,,,,,,,,,,,,,,,,,4,上市,113,,,,,,0,,,,,,,,,,,,,,,,3675984,,,,3516252,,0,,47.94,1171751,3676894,,,,,,,,,733485,,,1990115,,,1445196,5666099,,,,,,,,,,,,,,159732,818364,1989205,0
,,,,-71988,,,6426,統新,,,-28727,,,,,,,,,,,,,,,,,,,,4,上市,113,,,,,,,,,,,,,,,,,,,,,,957562,,,,957562,,0,,24.87,90259,733070,,,,,,,,,385090,,,105091,,,673187,1062653,,,,,,,,,,,,,,,14832,329583,0
,,,,-444933,,,6431,光麗-KY,,,-23414,,,,,,,,,,,,,,,,,,,,4,上市,113,,,,,,,,,,,,,,,,,,,,,,459967,,,,459967,,0,,6.35,307954,249203,,,,,,,,,723988,,,450235,,,204326,910202,,,,,,,,,,,,,,,142281,660999,0
,,,,1701785,,,6438,迅得,,,157728,,,,,,,,,,,,,,,,,,,,4,上市,113,,,,,,,,,,,,,,,,,,,,,,4869411,,,,4722999,,0,,62.74,2634964,5575182,,,,,,,,,778629,,,3755431,,,2084857,8624842,,,,,,,,,,,,,,146412,1120467,3049660,0
,,,,2151617,,,6442,光聖,,,-133240,,,,,,,,,,,,,,,,,,,,4,上市,113,0,,,,,,,,,,,,,,,,,,,,,3697982,,,,3696075,,0,,48.63,2180400,5046558,,,,,,,,,760000,,,3333227,,,917698,7031209,,,,,,,,,,,,,,1907,1152827,1984651,0
,,,,-92398,,,6443,元晶,,,-170510,,,,,,,,,,,,,,,,,,,,4,上市,113,,,,,,,,,,,,,,,,,,,,,,6833581,,,,6830700,,0,,13.32,1310943,3238937,,,,,,,,,5127967,,,3489137,,,1965641,10322718,,,,,,,,,,,,,,2881,2178194,7083781,0
,,,,2973582,,,6446,藥華藥,,,335887,,,,,,,,,,,,,,,,,,,,4,上市,113,-2805108,,,,,,,,,,,,,,,,,,,,,27468844,,,,27468844,,8905000,,82.52,2557232,25417485,,,,,,,,,3417914,,,3592789,,,23546569,31061633,,,,,,,,,,,,,,,1035557,5644148,0
,,,,1704124,,,6449,鈺邦,,,598662,,,,,,,,,,,,,,,,,,,,4,上市,113,-40374,,,,,0,,,,,,,,,,,,,,,,4038760,,,,3920474,,1000000,,44.57,2613430,4065297,,,,,,,,,889535,,,2819586,,,768527,6858346,,,,,,,,,,,,,,118286,206156,2793049,0
,,,,2621594,,,6451,訊芯-KY,,,129907,,,,,,,,,,,,,,,,,,,,4,上市,113,-108347,,,,,,,,,,,,,,,,,,,,,7781517,,,,6664714,,1291000,,62.77,6046131,10511846,,,,,,,,,1074648,,,9002996,,,2946912,16784513,,,,,,,,,,,,,,1116803,2956865,6272667,0
,,,,19731011,,,6456,GIS-KY,,,-1551937,,,,,,,,,,,,,,,,,,,,4,上市,113,,,,,,0,,,,,,,,,,,,,,,,29920446,,,,29765339,,0,,88.08,29853932,54182761,,,,,,,,,3379398,,,41052479,,,8206867,70972925,,,,,,,,,,,,,,155107,11198547,16790164,0
,,,,3342190,,,6464,台數科,,,5086,,,,,,,,,,,,,,,,,,,,4,上市,113,0,,,,,0,,,,,,,,,,,,,,,,8496191,,,,8040689,,0,,64.01,2504801,1975251,,,,,,,,,1256131,,,10034249,,,3437282,18530440,,,,,,,,,,,,,,455502,7529448,16555189,0
,,,,7106920,,,6472,保瑞,,,362308,,,,,,,,,,,,,,,,,,,,4,上市,113,-43181,,,,,,,,,,,,,,,,,,,,,15011565,,,,12867402,,244000,,124.84,13808597,23565691,,,,,,,,,1033119,,,30587369,,,4408236,45598934,,,,,,,,,,,,,,2144163,16778772,22033243,226715
,,,,604028,,,6477,安集,,,-31078,,,,,,,,,,,,,,,,,,,,4,上市,113,,,,,,,,,,,,,,,,,,,,,,3354648,,,,3183783,,0,,25.72,1938574,1462306,,,,,,,,,1237872,,,4730880,,,1372961,8085528,,,,,,,,,,,,,,170865,2792306,6623222,0
,,,,5936623,,,6491,晶碩,,,-19760,,,,,,,,,,,,,,,,,,,,4,上市,113,,,,,,,,,,,,,,,,,,,,,,11058695,,,,10966407,,0,,140.59,2790150,5917524,,,,,,,,,780000,,,3487068,,,4269544,14545763,,,,,,,,,,,,,,92288,696918,8628239,0
,,,,2734714,,,6504,南六,,,-271916,,,,,,,,,,,,,,,,,,,,4,上市,113,,,,,,0,,,,,,,,,,,,,,,,3642288,,,,3642265,,0,,50.17,4177113,4782667,,,,,,,,,726000,,,6609594,,,453467,10251882,,,,,,,,,,,,,,23,2432481,5469215,0
,,,,171714731,,,6505,台塑化,,,-1436249,,,,,,,,,,,,,,,,,,,,4,上市,113,,,,,,,,,,,,,,,,,,,,,,302246645,,,,296960564,,0,,31.17,45932865,207313934,,,,,,,,,95259597,,,68953004,,,31422485,371199649,,,,,,,,,,,,,,5286081,23020139,163885715,0
,,,,2152597,,,6515,穎崴,,,-76919,,,,,,,,,,,,,,,,,,,,4,上市,113,,,,,,,,,,,,,,,,,,,,,,5539904,,,,5539904,,0,,154.64,1812377,5045430,,,,,,,,,358238,,,2040105,,,3105988,7580009,,,,,,,,,,,,,,,227728,2534579,0
,,,,2706700,,,6525,捷敏-KY,,,-99617,,,,,,,,,,,,,,,,,,,,4,上市,113,,,,,,,,,,,,,,,,,,,,,,4522093,,,,4522093,,0,,35.04,1566854,3734968,,,,,,,,,1290474,,,2098833,,,624536,6620926,,,,,,,,,,,,,,,531979,2885958,0
,,,,5672725,,,6526,達發,,,320602,,,,,,,,,,,,,,,,,,,,4,上市,113,,,,,,,,,,,,,,,,,,,,,,20961815,,,,18555718,,0,,110.78,5329443,17016218,,,,,,,,,1675056,,,6149006,,,10887335,27110821,,,,,,,,,,,,,,2406097,819563,10094603,0
,,,,4719073,,,6531,愛普*,,,8184,,,,,,,,,,,,,,,,,,,,4,上市,113,,,,,,,,,,,,,,,,,,,,,,11907057,,,,11907057,,0,,73.34,965019,10786575,,,,,,,,,812108,,,1101231,,,6367692,13008288,,,,,,,,,,,,,,,136212,2221713,2037
,,,,207428,,,6533,晶心科,,,10764,,,,,,,,,,,,,,,,,,,,4,上市,113,,,,,,,,,,,,,,,,,,,,,,4820757,,,,4820757,,0,,95.18,364938,2766652,,,,,,,,,506509,,,480431,,,4096056,5301188,,,,,,,,,,,,,,,115493,2534536,0
,,,,877193,,,6534,正瀚-創,,,22422,,,,,,,,,,,,,,,,,,,,4,上市,113,,,,,,0,,,,,,,,,,,,,,,,2646745,,,,2645875,,0,,25.74,646930,852593,,,,,,,,,1028000,,,982438,,,718260,3629183,,,,,,,,,,,,,,870,335508,2776590,0
,,,,-14136490,,,6541,泰福-KY,,,-177939,,,,,,,,,,,,,,,,,,,,4,上市,113,,,,,,0,,,,,,,,,,,,,,,,893306,,,,893306,,0,,5.44,348140,675624,,,,,,,,,1640714,,,1841831,,,13567021,2735137,,,,,,,,,,,,,,,1493691,2059513,0
,,,,-14567766,,,6550,北極星藥業-KY,,,732294,,,,,,,,,,,,,,,,,,,,4,上市,113,,,,,,,,,,,,,,,,,,,,,,6770595,,,,6695414,,0,,8.69,468894,3325148,,,,,,,,,7702573,,,2319845,,,12828313,9090440,,,,,,,,,,,,,,75181,1850951,5765292,6000
,,,,778354,,,6552,易華電,,,454285,,,,,,,,,,,,,,,,,,,,4,上市,113,,,,,,,,,,,,,,,,,,,,,,2688128,,,,,,0,,32.39,599231,1152146,,,,,,,,,830000,,,1393582,,,625489,4081710,,,,,,,,,,,,,,,794351,2929564,0
,,,,282647,,,6558,興能高,,,-27777,,,,,,,,,,,,,,,,,,,,4,上市,113,,,,,,0,,,,,,,,,,,,,,,,1510927,,,,1510927,,0,,16.12,304998,1006958,,,,,,,,,937509,,,350331,,,318548,1861258,,,,,,,,,,,,,,,45333,854300,0
,,,,-175294,,,6573,虹揚-KY,,,-80298,,,,,,,,,,,,,,,,,,,,4,上市,113,,,,,,0,,,,,,,,,,,,,,,,632207,,,,549401,,0,,6.82,855750,721158,,,,,,,,,804993,,,1148737,,,0,1780944,,,,,,,,,,,,,,82806,292987,1059786,0
,,,,1846093,,,6579,研揚,,,146554,,,,,,,,,,,,,,,,,,,,4,上市,113,,,,,,0,,,,,,,,,,,,,,,,12108467,,,,10099389,,0,,59.60,1650109,7337400,,,,,,,,,1694512,,,2217775,,,6412230,14326242,,,,,,,,,,,,,,2009078,567666,6988842,82000
,,,,2354148,,,6581,鋼聯,,,,,,,,,,,,,,,,,,,,,,,4,上市,113,,,,,,,,,,,,,,,,,,,,,,4466073,,,,4466073,,0,,40.14,441366,1192857,,,,,,,,,1112709,,,969244,,,999216,5435317,,,,,,,,,,,,,,,527878,4242460,0
,,,,3814842,,,6582,申豐,,,537351,,,,,,,,,,,,,,,,,,,,4,上市,113,,,,,,,,,,,,,,,,,,,,,,6163168,,,,6163168,,0,,58.05,366607,1003165,,,,,,,,,1061741,,,381204,,,749234,6544372,,,,,,,,,,,,,,,14597,5541207,0
,,,,2359101,,,6585,鼎基,,,1854,,,,,,,,,,,,,,,,,,,,4,上市,113,,,,,,0,,,,,,,,,,,,,,,,3984474,,,,3984474,,0,,55.77,657601,2172804,,,,,,,,,714507,,,1396099,,,909012,5380573,,,,,,,,,,,,,,,738498,3207769,0
,,,,-698344,,,6589,台康生技,,,230,,,,,,,,,,,,,,,,,,,,4,上市,113,-61010,,,,,0,,,,,,,,,,,,,,,,9258257,,,,9258257,,841000,,30.31,947370,5952002,,,,,,,,,3062492,,,1618159,,,6954889,10876416,,,,,,,,,,,,,,,670789,4924414,33000
,,,,639946,,,6591,動力-KY,,,14519,,,,,,,,,,,,,,,,,,,,4,上市,113,,,,,,,,,,,,,,,,,,,,,,1935109,,,,1927293,,0,,51.09,519822,1445252,,,,,,,,,377223,,,1061020,,,895605,2996129,,,,,,,,,,,,,,7816,541198,1550877,0
,,,,13038659,,,6592,和潤企業,,,-53645,,,,,,,,,,,,,,,,,,,,4,上市,113,,,,,,0,,,,,,,,,,,,,,,,41666583,,,,37356493,,0,,51.66,283713332,302835328,,,,,,,,,7231505,,,286512807,,,17139974,328179390,,,,,,,,,,,,,,4310090,2799475,25344062,0
,,,,-453971,,,6598,ABC-KY,,,32649,,,,,,,,,,,,,,,,,,,,4,上市,113,,,,,,0,,,,,,,,,,,,,,,,878830,,,,878830,,0,,8.55,129830,1104285,,,,,,,,,1027876,,,336072,,,272276,1214902,,,,,,,,,,,,,,,206242,110617,0
,,,,15061733,,,6605,帝寶,,,-137583,,,,,,,,,,,,,,,,,,,,4,上市,113,,,,,,,,,,,,,,,,,,,,,,19594089,,,,19082501,,0,,115.08,8147602,14710409,,,,,,,,,1658164,,,13383183,,,2500187,32977272,,,,,,,,,,,,,,511588,5235581,18266863,0
,,,,645502,,,6606,建德工業,,,-58774,,,,,,,,,,,,,,,,,,,,4,上市,113,,,,,,0,,,,,,,,,,,,,,,,1880861,,,,1835059,,0,,16.64,336059,1271585,,,,,,,,,1103038,,,481226,,,145293,2362087,,,,,,,,,,,,,,45802,145167,1090502,0
,,,,437023,,,6614,資拓宏宇,,,0,,,,,,,,,,,,,,,,,,,,4,上市,113,,,,,,,,,,,,,,,,,,,,,,1211458,,,,1211458,,0,,16.61,2464642,3357846,,,,,,,,,729355,,,2617083,,,45080,3828541,,,,,,,,,,,,,,0,152441,470695,0
,,,,370072,,,6625,必應,,,-7378,,,,,,,,,,,,,,,,,,,,4,上市,113,,,,,,,,,,,,,,,,,,,,,,1002215,,,,1000770,,0,,20.44,918751,1555411,,,,,,,,,489724,,,964553,,,148352,1966768,,,,,,,,,,,,,,1445,45802,411357,0
,,,,550111,,,6641,基士德-KY,,,-71767,,,,,,,,,,,,,,,,,,,,4,上市,113,-32858,,,,,,,,,,,,,,,,,,,,,1476839,,,,1475416,,500000,,40.42,575000,1111923,,,,,,,,,370000,,,623429,,,659930,2100268,,,,,,,,,,,,,,1423,48429,988345,0
,,,,-159897,,,6645,金萬林-創,,,442,,,,,,,,,,,,,,,,,,,,4,上市,113,,,,,,0,,,,,,,,,,,,,,,,636043,,,,636043,,0,,10.45,249139,539073,,,,,,,,,608640,,,503216,,,186858,1139259,,,,,,,,,,,,,,,254077,600186,0
,,,,930740,,,6655,科定,,,979741,,,,,,,,,,,,,,,,,,,,4,上市,113,-337671,,,,,,,,,,,,,,,,,,,,,2475943,,,,2473008,,3688000,,31.51,1622243,1724484,,,,,,,,,821813,,,5961138,,,78385,8437081,,,,,,,,,,,,,,2935,4338895,6712597,0
,,,,-231080,,,6657,華安,,,94,,,,,,,,,,,,,,,,,,,,4,上市,113,,,,,,,,,,,,,,,,,,,,,,739333,,,,739333,,0,,9.31,35832,687746,,,,,,,,,905700,,,41305,,,64619,780638,,,,,,,,,,,,,,,5473,92892,2932498
,,,,342741,,,6658,聯策,,,152601,,,,,,,,,,,,,,,,,,,,4,上市,113,,,,,,,,,,,,,,,,,,,,,,1287087,,,,1183890,,0,,36.02,977650,1599729,,,,,,,,,328700,,,1567060,,,359848,2854147,,,,,,,,,,,,,,103197,589410,1254418,0
,,,,379137,,,6666,羅麗芬-KY,,,-5082,,,,,,,,,,,,,,,,,,,,4,上市,113,,,,,,0,,,,,,,,,,,,,,,,1715429,,,,1678510,,0,,35.42,481001,1052801,,,,,,,,,473880,,,539337,,,830575,2254766,,,,,,,,,,,,,,36919,58336,1201965,0
,,,,-210404,,,6668,中揚光,,,-6436,,,,,,,,,,,,,,,,,,,,4,上市,113,,,,,,,,,,,,,,,,,,,,,,1988554,,,,1988554,,0,,20.55,727414,1256997,,,,,,,,,967561,,,1537345,,,1237833,3525899,,,,,,,,,,,,,,0,809931,2268902,0
,,,,45745536,,,6669,緯穎,,,3592299,,,,,,,,,,,,,,,,,,,,4,上市,113,,,,,,0,,,,,,,,,,,,,,,,88202834,,,,88202834,,0,,474.62,76364414,173682795,,,,,,,,,1858408,,,102475994,,,37006591,190678828,,,,,,,,,,,,,,,26111580,16996033,0
,,,,10318258,,,6670,復盛應用,,,-266902,,,,,,,,,,,,,,,,,,,,4,上市,113,,,,,,,,,,,,,,,,,,,,,,16696402,,,,14673045,,0,,107.37,8695164,17918962,,,,,,,,,1374088,,,9469492,,,3247601,26165894,,,,,,,,,,,,,,2023357,774328,8246932,0
,,,,624535,,,6671,三能-KY,,,-94111,,,,,,,,,,,,,,,,,,,,4,上市,113,,,,,,,,,,,,,,,,,,,,,,1801567,,,,1786823,,0,,29.41,463088,1169136,,,,,,,,,607500,,,537828,,,648899,2339395,,,,,,,,,,,,,,14744,74740,1170259,0
,,,,1892538,,,6672,騰輝電子-KY,,,-18236,,,,,,,,,,,,,,,,,,,,4,上市,113,,,,,,,,,,,,,,,,,,,,,,3473510,,,,3473510,,0,,48.62,1010012,3493581,,,,,,,,,714347,,,1395379,,,884861,4868889,,,,,,,,,,,,,,,385367,1375308,0
,,,,-60856,,,6674,鋐寶科技,,,-196,,,,,,,,,,,,,,,,,,,,4,上市,113,,,,,,0,,,,,,,,,,,,,,,,978764,,,,978764,,0,,14.54,540658,1330429,,,,,,,,,673357,,,567341,,,366459,1546105,,,,,,,,,,,,,,,26683,215676,0
,,,,338309,,,6689,伊雲谷,,,118405,,,,,,,,,,,,,,,,,,,,4,上市,113,-9941,,,,,0,,,,,,,,,,,,,,,,3213963,,,,2994208,,200000,,44.16,2988144,5237728,,,,,,,,,680000,,,3105816,,,1867435,6319779,,,,,,,,,,,,,,219755,117672,1082051,0
,,,,3366563,,,6691,洋基工程,,,30259,,,,,,,,,,,,,,,,,,,,4,上市,113,-169116,,,,,,,,,,,,,,,,,,,,,6291346,,,,6291346,,890000,,59.99,9172197,15084491,,,,,,,,,1057571,,,9401730,,,2006069,15693076,,,,,,,,,,,,,,0,229533,608585,0
,,,,-284795,,,6695,芯鼎,,,-7369,,,,,,,,,,,,,,,,,,,,4,上市,113,,,,,,,,,,,,,,,,,,,,,,1717389,,,,1717389,,0,,17.80,212241,1616900,,,,,,,,,964698,,,237888,,,1044855,1955277,,,,,,,,,,,,,,,25647,338377,0
,,,,3418,,,6698,旭暉應材,,,-4933,,,,,,,,,,,,,,,,,,,,4,上市,113,-24187,,,,,0,,,,,,,,,,,,,,,,1966467,,,,1177514,,602000,,17.90,836585,1419122,,,,,,,,,663898,,,928205,,,539318,2894672,,,,,,,,,,,,,,788953,91620,1475550,0
,,,,1354952,,,6706,惠特,,,70300,,,,,,,,,,,,,,,,,,,,4,上市,113,,,,,,,,,,,,,,,,,,,,,,4149980,,,,4149980,,0,,52.82,1722653,4752414,,,,,,,,,785689,,,3343020,,,1939039,7493000,,,,,,,,,,,,,,,1620367,2740586,0
,,,,1144423,,,6715,嘉基,,,20232,,,,,,,,,,,,,,,,,,,,4,上市,113,,,,,,,,,,,,,,,,,,,,,,3686489,,,,3612845,,0,,54.43,589152,2763860,,,,,,,,,663711,,,1011959,,,1784479,4698448,,,,,,,,,,,,,,73644,422807,1934588,0
,,,,2044107,,,6719,力智,,,-63790,,,,,,,,,,,,,,,,,,,,4,上市,113,,,,,,0,,,,,,,,,,,,,,,,13534929,,,,13534929,,0,,129.28,775023,13436779,,,,,,,,,1046968,,,2532997,,,10507644,16067926,,,,,,,,,,,,,,,1757974,2631147,0
,,,,568507,,,6722,輝創,,,-56904,,,,,,,,,,,,,,,,,,,,4,上市,113,,,,,,0,,,,,,,,,,,,,,,,2050021,,,,2050021,,0,,26.28,1887585,2445453,,,,,,,,,780000,,,2428284,,,758418,4478305,,,,,,,,,,,,,,,540699,2032852,0
,,,,107722,,,6742,澤米,,,15184,,,,,,,,,,,,,,,,,,,,4,上市,113,,,,,,,,,,,,,,,,,,,,,,1433931,,,,1433931,,0,,20.12,367660,1284021,,,,,,,,,712679,,,447484,,,598346,1881415,,,,,,,,,,,,,,,79824,597394,0
,,,,797489,,,6743,安普新,,,-152149,,,,,,,,,,,,,,,,,,,,4,上市,113,-185294,,,,,,,,,,,,,,,,,,,,,2941927,,,,2941927,,2500000,,19.95,5790920,5135979,,,,,,,,,1500000,,,6495027,,,981881,9436954,,,,,,,,,,,,,,0,704107,4300975,0
,,,,1565519,,,6753,龍德造船,,,5656,,,,,,,,,,,,,,,,,,,,4,上市,113,,,,,,,,,,,,,,,,,,,,,,3690778,,,,,,0,,32.62,4246564,5992235,,,,,,,,,1131375,,,6467210,,,988228,10157988,,,,,,,,,,,,,,,2220646,4165753,0
,,,,1103819,,,6754,匯僑設計,,,-76487,,,,,,,,,,,,,,,,,,,,4,上市,113,,,,,,,,,,,,,,,,,,,,,,2374419,,,,2374419,,0,,35.98,2298431,3919763,,,,,,,,,660000,,,2571730,,,687087,4946149,,,,,,,,,,,,,,,273299,1026386,0
,,,,628574,,,6756,威鋒電子,,,-75458,,,,,,,,,,,,,,,,,,,,4,上市,113,,,,,,,,,,,,,,,,,,,,,,2903595,,,,2832727,,0,,40.60,855645,1978392,,,,,,,,,698142,,,884616,,,1581469,3788211,,,,,,,,,,,,,,70868,28971,1809819,51000
,,,,2498382,,,6757,台灣虎航,,,-1395,,,,,,,,,,,,,,,,,,,,4,上市,113,,,,,,0,,,,,,,,,,,,,,,,7626671,,,,,,0,,16.60,7409253,12034308,,,,,,,,,4595300,,,14748436,,,534384,22375107,,,,,,,,,,,,,,,7339183,10340799,0
,,,,4461017,,,6768,志強-KY,0,,641575,,,,,,,,,,,,,,,,,,,,4,上市,113,0,,,,,0,,,,,,,,,,,,,,,0,15237141,,,,15237141,,0,,77.72,5579828,16064225,,,,,,,,,1960456,,,8337626,,,8174093,23574767,,,,,,,,,,,,,,0,2757798,7510542,0
,,,,19534425,,,6770,力積電,,,-4087,,,,,,,,,,,,,,,,,,,,4,上市,113,,,,,,,,,,,,,,,,,,,,,,88645665,,,,88645665,,0,,21.24,30424757,50360937,,,,,,,,,41734862,,,100275185,,,27380465,188920850,,,,,,,,,,,,,,,69850428,138559913,1071750
,,,,288432,,,6771,平和環保-創,,,,,,,,,,,,,,,,,,,,,,,4,上市,113,,,,,,,,,,,,,,,,,,,,,,869778,,,,861442,,0,,27.63,269273,437390,,,,,,,,,311795,,,478941,,,261215,1348719,,,,,,,,,,,,,,8336,209668,911329,0
,,,,796066,,,6776,展碁國際,,,-76510,,,,,,,,,,,,,,,,,,,,4,上市,113,,,,,,0,,,,,,,,,,,,,,,,2448198,,,,2172631,,0,,26.63,6188702,6979183,,,,,,,,,815814,,,6937006,,,637261,9385204,,,,,,,,,,,,,,275567,748304,2406021,0
,,,,7059936,,,6781,AES-KY,,,732229,,,,,,,,,,,,,,,,,,,,4,上市,113,,,,,,,,,,,,,,,,,,,,,,14716907,,,,14716293,,0,,172.28,5363693,17149460,,,,,,,,,854188,,,5862006,,,6069940,20578913,,,,,,,,,,,,,,614,498313,3429453,0
,,,,1621941,,,6782,視陽,,,14099,,,,,,,,,,,,,,,,,,,,4,上市,113,,,,,,0,,,,,,,,,,,,,,,,3716380,,,,3697047,,0,,58.68,1076187,1898817,,,,,,,,,630000,,,1586884,,,1431007,5303264,,,,,,,,,,,,,,19333,510697,3404447,0
,,,,7577036,,,6789,采鈺,,,,,,,,,,,,,,,,,,,,,,,4,上市,113,,,,,,,,,,,,,,,,,,,,,,18063746,,,,,,0,,56.93,4700970,15559523,,,,,,,,,3173081,,,6675790,,,7313629,24739536,,,,,,,,,,,,,,,1974820,9180013,0
,,,,1831986,,,6790,永豐實,0,,46142,,,,,,,,,,,,,,,,,,,,4,上市,113,,,,,,,,,,,,,,,,,,,,,,5812306,,,,5763534,,0,,21.58,2336128,5010507,,,,,,,,,2671290,,,4091977,,,1214116,9904283,,,,,,,,,,,,,,48772,1755849,4893776,0
,,,,517271,,,6792,詠業,,,-9786,,,,,,,,,,,,,,,,,,,,4,上市,113,-85925,,,,,,,,,,,,,,,,,,,,,1590487,,,,1590487,,1000000,,33.93,410205,1566608,,,,,,,,,478753,,,458110,,,690174,2048597,,,,,,,,,,,,,,,47905,481989,0
,,,,-605365,,,6794,向榮生技,,,,,,,,,,,,,,,,,,,,,,,4,上市,113,,,,,,0,,,,,,,,,,,,,,,,684608,,,,,,0,,11.72,27130,592350,,,,,,,,,584108,,,93281,,,705865,777889,,,,,,,,,,,,,,,66151,185539,0
,,,,79180,,,6796,晉弘,,,-5611,,,,,,,,,,,,,,,,,,,,4,上市,113,,,,,,0,,,,,,,,,,,,,,,,742467,,,,742467,,0,,21.36,215600,795521,,,,,,,,,347582,,,613669,,,321316,1356136,,,,,,,,,,,,,,,398069,560615,0
,,,,589159,,,6799,來頡,,,-25016,,,,,,,,,,,,,,,,,,,,4,上市,113,-28425,,,,,0,,,,,,,,,,,,,,,,1555504,,,,1555504,,269000,,36.55,193138,1564726,,,,,,,,,428321,,,197912,,,591465,1753416,,,,,,,,,,,,,,,4774,188690,0
,,,,2347608,,,6805,富世達,,,45991,,,,,,,,,,,,,,,,,,,,4,上市,113,,,,,,,,,,,,,,,,,,,,,,5546436,,,,5546436,,0,,80.91,6532647,11664002,,,,,,,,,685539,,,7211748,,,2467298,12758184,,,,,,,,,,,,,,,679101,1094182,0
,,,,834946,,,6807,峰源-KY,,,199092,,,,,,,,,,,,,,,,,,,,4,上市,113,,,,,,0,,,,,,,,,,,,,,,,2575650,,,,2575650,,0,,47.70,1363643,2381381,,,,,,,,,540000,,,1418555,,,1001612,3994205,,,,,,,,,,,,,,,54912,1612824,0
,,,,584517,,,6830,汎銓,,,12367,,,,,,,,,,,,,,,,,,,,4,上市,113,,,,,,,,,,,,,,,,,,,,,,3148412,,,,3148412,,0,,60.80,616123,2014615,,,,,,,,,517819,,,2778949,,,2033709,5927361,,,,,,,,,,,,,,,2162826,3912746,700
,,,,276052,,,6831,邁科,,,-4313,,,,,,,,,,,,,,,,,,,,4,上市,113,,,,,,0,,,,,,,,,,,,,,,,1572765,,,,1572765,,0,,26.21,999406,1672843,,,,,,,,,600000,,,1256777,,,701026,2829542,,,,,,,,,,,,,,,257371,1156699,0
,,,,116178,,,6834,天二科技,,,7256,,,,,,,,,,,,,,,,,,,,4,上市,113,,,,,,,,,,,,,,,,,,,,,,1463820,,,,1463820,,0,,16.55,647974,1080115,,,,,,,,,884711,,,672632,,,455675,2136452,,,,,,,,,,,,,,,24658,1056337,0
,,,,755838,,,6835,圓裕,,,-13683,,,,,,,,,,,,,,,,,,,,4,上市,113,,,,,,,,,,,,,,,,,,,,,,1895666,,,,1891814,,0,,28.59,1354738,3573771,,,,,,,,,661723,,,2072011,,,487936,3967677,,,,,,,,,,,,,,3852,717273,393906,0
,,,,-2152937,,,6838,台新藥,,,-87594,,,,,,,,,,,,,,,,,,,,4,上市,113,,,,,,0,,,,,,,,,,,,,,,,1548572,,,,1547978,,0,,10.25,197951,1727790,,,,,,,,,1509771,,,563700,,,2278738,2112272,,,,,,,,,,,,,,594,365749,384482,0
,,,,-5702710,,,6854,錼創科技-KY創,,,239100,,,,,,,,,,,,,,,,,,,,4,上市,113,,,,,,0,,,,,,,,,,,,,,,,2058820,,,,2058820,,0,,19.21,431782,1809876,,,,,,,,,1071786,,,513155,,,6450644,2571975,,,,,,,,,,,,,,,81373,762099,0
,,,,568147,,,6861,睿生光電,,,-54990,,,,,,,,,,,,,,,,,,,,4,上市,113,,,,,,,,,,,,,,,,,,,,,,1383227,,,,1383227,,0,,33.33,811766,2072513,,,,,,,,,415046,,,988995,,,455024,2372222,,,,,,,,,,,,,,,177229,299709,1500
,,,,1155705,,,6862,三集瑞-KY,,,28681,,,,,,,,,,,,,,,,,,,,4,上市,113,,,,,,,,,,,,,,,,,,,,,,2886669,,,,2886669,,0,,57.73,920904,2511261,,,,,,,,,500000,,,1085105,,,1202283,3971774,,,,,,,,,,,,,,,164201,1460513,0
,,,,1226726,,,6863,永道-KY,,,41927,,,,,,,,,,,,,,,,,,,,4,上市,113,,,,,,,,,,,,,,,,,,,,,,6291414,,,,6290338,,0,,84.00,1782074,6724736,,,,,,,,,748880,,,2836151,,,4272805,9127565,,,,,,,,,,,,,,1076,1054077,2402829,0
,,,,2088009,,,6869,雲豹能源,,,-1854,,,,,,,,,,,,,,,,,,,,4,上市,113,-160596,,,,,0,,,,,,,,,,,,,,,,6750928,,,,6362372,,898000,,46.46,4298990,4556377,,,,,,,,,1378300,,,7118307,,,3058513,13869235,,,,,,,,,,,,,,388556,2819317,9312858,0
,,,,1917995,,,6873,泓德能源,,,64,,,,,,,,,,,,,,,,,,,,4,上市,113,,,,,,0,,,,,,,,,,,,,,,,9280940,,,,8945271,,0,,75.63,6526304,11037947,,,,,,,,,1182724,,,9252028,,,5844488,18532968,,,,,,,,,,,,,,335669,2725724,7495021,1117226
,,,,-884686,,,6885,全福生技,,,-9976,,,,,,,,,,,,,,,,,,,,4,上市,113,,,,,,0,,,,,,,,,,,,,,,,2056247,,,,,,0,,15.64,350837,1876157,,,,,,,,,1315129,,,354379,,,1635780,2410626,,,,,,,,,,,,,,,3542,534469,10000
,,,,785498,,,6887,寶綠特-KY,,,65148,,,,,,,,,,,,,,,,,,,,4,上市,113,,,,,,0,,,,,,,,,,,,,,,,2213920,,,,2213920,,0,,33.96,1874803,3142300,,,,,,,,,651995,,,1949880,,,711279,4163800,,,,,,,,,,,,,,,75077,1021500,0
,,,,6044030,,,6890,來億-KY,,,539590,,,,,,,,,,,,,,,,,,,,4,上市,113,,,,,,,,,,,,,,,,,,,,,,25329276,,,,24400136,,0,,97.84,8165100,19812057,,,,,,,,,2494000,,,8767817,,,15322516,34097093,,,,,,,,,,,,,,929140,602717,14285036,0
,,,,-1684988,,,6901,鑽石投資,,,,,,,,,,,,,,,,,,,,,,,4,上市,113,,,,,,,,,,,,,,,,,,,,,,10373048,,,,,,0,,12.18,207617,5139634,,,,,,,,,8513900,,,301551,,,3544136,10674599,,,,,,,,,,,,,,,93934,5534965,0
,,,,-129442,,,6902,GOGOLOOK,,,-11675,,,,,,,,,,,,,,,,,,,,4,上市,113,,,,,,0,,,,,,,,,,,,,,,,407907,,,,407907,,0,,12.74,436866,660790,,,,,,,,,320098,,,522849,,,228926,930756,,,,,,,,,,,,,,,85983,269966,0
,,,,153183,,,6906,現觀科,,,4306,,,,,,,,,,,,,,,,,,,,4,上市,113,,,,,,0,,,,,,,,,,,,,,,,954088,,,,954088,,0,,28.45,177919,1126176,,,,,,,,,335374,,,188392,,,461225,1142480,,,,,,,,,,,,,,,10473,16304,0
,,,,17228,,,6908,宏碁遊戲-創,0,,27008,,,,,,,,,,,,,,,,,,,,4,上市,113,,,,,,0,,,,,,,,,,,,,,,,1896028,,,,1162597,,0,,33.22,1544683,2670152,,,,,,,,,350000,,,1684376,,,768361,3580404,,,,,,,,,,,,,,733431,139693,910252,0
,,,,178162,,,6909,創控,,,-17997,,,,,,,,,,,,,,,,,,,,4,上市,113,,,,,,0,,,,,,,,,,,,,,,,843562,,,,,,0,,13.81,154658,877323,,,,,,,,,610640,,,159886,,,72757,1003448,,,,,,,,,,,,,,,5228,126125,0
,,,,1152731,,,6914,阜爾運通,,,763,,,,,,,,,,,,,,,,,,,,4,上市,113,,,,,,,,,,,,,,,,,,,,,,3455895,,,,3455895,,0,,52.18,2319209,2143731,,,,,,,,,662260,,,5699674,,,1640141,9155569,,,,,,,,,,,,,,,3380465,7011838,0
,,,,278459,,,6916,華凌,,,4609,,,,,,,,,,,,,,,,,,,,4,上市,113,,,,,,,,,,,,,,,,,,,,,,1148187,,,,1144363,,0,,16.95,989402,1427098,,,,,,,,,675000,,,1337258,,,186295,2485445,,,,,,,,,,,,,,3824,347856,1058347,0
,,,,300048,,,6918,愛派司,,,6608,,,,,,,,,,,,,,,,,,,,4,上市,113,0,,,,,0,,,,,,,,,,,,,,,,919045,,,,919045,,0,,30.16,163309,896849,,,,,,,,,304710,,,258269,,,307679,1177314,,,,,,,,,,,,,,,94960,280465,0
,,,,-56138,,,6919,康霈*,,,-147469,,,,,,,,,,,,,,,,,,,,4,上市,113,0,,,,,0,,,,,,,,,,,,,,,,9696812,,,,9696812,,0,,63.04,52744,9706053,,,,,,,,,769144,,,73695,,,9131275,9770507,,,,,,,,,,,,,,,20951,64454,0
,,,,-83806,,,6921,嘉雨思-創,,,0,,,,,,,,,,,,,,,,,,,,4,上市,113,,,,,,,,,,,,,,,,,,,,,,217688,,,,,,0,,7.24,82521,173154,,,,,,,,,300679,,,82521,,,815,300209,,,,,,,,,,,,,,,,127055,0
,,,,571114,,,6923,中台,,,-22808,,,,,,,,,,,,,,,,,,,,4,上市,113,,,,,,,,,,,,,,,,,,,,,,2736178,,,,2736178,,0,,29.78,529447,1098814,,,,,,,,,918880,,,1689716,,,1268992,4425894,,,,,,,,,,,,,,0,1160269,3327080,0
,,,,217234,,,6924,榮惠-KY創,,,14953,,,,,,,,,,,,,,,,,,,,4,上市,113,,,,,,0,,,,,,,,,,,,,,,,586874,,,,586874,,0,,28.15,480175,1022120,,,,,,,,,208500,,,499435,,,146187,1086309,,,,,,,,,,,,,,,19260,64189,0
,,,,154393,,,6928,攸泰科技,,,2421,,,,,,,,,,,,,,,,,,,,4,上市,113,,,,,,0,,,,,,,,,,,,,,,,2123432,,,,2123432,,0,,24.69,556009,2511789,,,,,,,,,860000,,,614535,,,1106618,2737967,,,,,,,,,,,,,,,58526,226178,0
,,,,44949,,,6931,青松健康,,,920,,,,,,,,,,,,,,,,,,,,4,上市,113,,,,,,0,,,,,,,,,,,,,,,,672136,,,,646617,,0,,10.77,260070,476616,,,,,,,,,600522,,,1284942,,,226,1957078,,,,,,,,,,,,,,25519,1024872,1480462,0
,,,,353345,,,6933,AMAX-KY,,,39950,,,,,,,,,,,,,,,,,,,,4,上市,113,,,,,,0,,,,,,,,,,,,,,,,2186186,,,,2186186,,0,,52.07,1824208,3841678,,,,,,,,,419873,,,2049364,,,1373018,4235550,,,,,,,,,,,,,,,225156,393872,0
,,,,-538007,,,6934,心誠鎂,,,225,,,,,,,,,,,,,,,,,,,,4,上市,113,,,,,,0,,,,,,,,,,,,,,,,209313,,,,209313,,0,,6.97,32744,187364,,,,,,,,,300337,,,37477,,,446758,246790,,,,,,,,,,,,,,,4733,59426,0
,,,,435322,,,6936,永鴻生技,,,,,,,,,,,,,,,,,,,,,,,4,上市,113,,,,,,0,,,,,,,,,,,,,,,,1130491,,,,,,0,,17.04,288684,757251,,,,,,,,,663390,,,307853,,,31779,1438344,,,,,,,,,,,,,,,19169,681093,0
,,,,1074493,,,6937,天虹,,,31360,,,,,,,,,,,,,,,,,,,,4,上市,113,,,,,,0,,,,,,,,,,,,,,,,3414640,,,,3414640,,0,,50.60,566418,2914482,,,,,,,,,674773,,,805808,,,1634014,4220448,,,,,,,,,,,,,,,239390,1305966,0
,,,,2797875,,,6944,兆聯實業,,,10288,,,,,,,,,,,,,,,,,,,,4,上市,113,,,,,,0,,,,,,,,,,,,,,,,4470156,,,,4470156,,0,,64.70,4746623,7874033,,,,,,,,,690883,,,5283646,,,971110,9753802,,,,,,,,,,,,,,,537023,1879769,0
,,,,462114,,,6947,台鎔科技,,,,,,,,,,,,,,,,,,,,,,,4,上市,113,,,,,,,,,,,,,,,,,,,,,,2182114,,,,2182114,,0,,23.13,1275023,748055,,,,,,,,,943333,,,4273958,,,776667,6456072,,,,,,,,,,,,,,,2998935,5708017,0
,,,,-1207261,,,6949,沛爾生醫*-創,,,,,,,,,,,,,,,,,,,,,,,4,上市,113,-800,,,,,0,,,,,,,,,,,,,,,,1286215,,,,1179924,,40000,,20.32,321350,1157729,,,,,,,,,583946,,,458617,,,1804039,1744832,,,,,,,,,,,,,,106291,137267,587103,276000
,,,,260116,,,6951,青新-創,,,,,,,,,,,,,,,,,,,,,,,4,上市,113,,,,,,0,,,,,,,,,,,,,,,,1076811,,,,1076811,,0,,23.41,410066,840847,,,,,,,,,460000,,,466596,,,356695,1543407,,,,,,,,,,,,,,0,56530,702560,0
,,,,475404,,,6952,大武山,,,0,,,,,,,,,,,,,,,,,,,,4,上市,113,-36511,,,,,,,,,,,,,,,,,,,,,1812320,,,,1707629,,745000,,25.26,241376,516483,,,,,,,,,683450,,,567637,,,585286,2379957,,,,,,,,,,,,,,104691,326261,1863474,0
,,,,75276,,,6955,邦睿生技-創,,,-111,,,,,,,,,,,,,,,,,,,,4,上市,113,,,,,,0,,,,,,,,,,,,,,,,571349,,,,571349,,0,,26.49,44493,577498,,,,,,,,,215659,,,51447,,,280525,622796,,,,,,,,,,,,,,,6954,45298,0
,,,,1100322,,,6957,裕慶-KY,,,66009,,,,,,,,,,,,,,,,,,,,4,上市,113,,,,,,0,,,,,,,,,,,,,,,,2922636,,,,2922636,,0,,52.94,796009,2495485,,,,,,,,,552110,,,1939207,,,1204195,4861843,,,,,,,,,,,,,,,1143198,2366358,0
,,,,1106229,,,6958,日盛台駿,,,194454,,,,,,,,,,,,,,,,,,,,4,上市,113,,,,,,,,,,,,,,,,,,,,,,10415577,,,,10250597,,0,,27.45,68224772,65044240,,,,,,,,,3734161,,,81265311,,,5215753,91680888,,,,,,,,,,,,,,164980,13040539,26636648,0
,,,,9207251,,,6962,奕力-KY,,,-971,,,,,,,,,,,,,,,,,,,,4,上市,113,,,,,,0,,,,,,,,,,,,,,,,19599896,,,,19599896,,0,,39.81,6816202,16226614,,,,,,,,,4923966,,,7628944,,,5469650,27228840,,,,,,,,,,,,,,,812742,11002226,0
,,,,6094448,,,6965,中傑-KY,,,24002,,,,,,,,,,,,,,,,,,,,4,上市,113,,,,,,,,,,,,,,,,,,,,,,10428598,,,,10196357,,0,,72.83,7659802,13428282,,,,,,,,,1400000,,,8190196,,,2677907,18618794,,,,,,,,,,,,,,232241,530394,5190512,0
,,,,-221343,,,6969,成信實業*-創,,,,,,,,,,,,,,,,,,,,,,,4,上市,113,,,,,,0,,,,,,,,,,,,,,,,328018,,,,328018,,0,,8.60,258482,274581,,,,,,,,,549197,,,845717,,,164,1173735,,,,,,,,,,,,,,,587235,899154,0
,,,,28209,,,6988,威力暘-創,,,4758,,,,,,,,,,,,,,,,,,,,4,上市,113,,,,,,0,,,,,,,,,,,,,,,,839883,,,,839883,,0,,17.18,278315,918260,,,,,,,,,488760,,,524964,,,318156,1364847,,,,,,,,,,,,,,,246649,446587,0
,,,,138999,,,6994,富威電力,,,0,,,,,,,,,,,,,,,,,,,,4,上市,113,,,,,,,,,,,,,,,,,,,,,,994003,,,,993334,,0,,16.56,1180035,1060525,,,,,,,,,600000,,,2907218,,,254335,3901221,,,,,,,,,,,,,,669,1727183,2840696,0
,,,,80782,,,7610,聯友金屬-創,,,-2840,,,,,,,,,,,,,,,,,,,,4,上市,113,,,,,,11649,,,,,,,,,,,,,,,,794441,,,,794441,,0,,22.92,599459,761169,,,,,,,,,346639,,,1099617,,,369860,1894058,,,,,,,,,,,,,,,500158,1132889,0
,,,,252964,,,7631,聚賢研發-創,,,-11831,,,,,,,,,,,,,,,,,,,,4,上市,113,,,,,,,,,,,,,,,,,,,,,,509891,,,,509891,,0,,30.35,340945,811477,,,,,,,,,168000,,,498708,,,100758,1008599,,,,,,,,,,,,,,,157763,197122,0
,,,,595814,,,7689,大鵬科CLMX,,,,,,,,,,,,,,,,,,,,,,,4,上市,113,,,,,,,,,,,,,,,,,,,,,,977573,,,,,,0,,25.61,1966524,2359779,,,,,,,,,381759,,,2499326,,,,3476899,,,,,,,,,,,,,,,532802,1117120,0
,,,,477892,,,7705,三商餐飲,,,-5760,,,,,,,,,,,,,,,,,,,,4,上市,113,,,,,,0,,,,,,,,,,,,,,,,1673658,,,,1673473,,0,,25.33,1258111,771982,,,,,,,,,660673,,,1949274,,,540668,3622932,,,,,,,,,,,,,,185,691163,2850950,0
,,,,543610,,,7711,永擎,,,-28107,,,,,,,,,,,,,,,,,,,,4,上市,113,0,,,,,,,,,,,,,,,,,,,,,1341854,,,,1341854,,0,,21.50,3061313,4273532,,,,,,,,,624117,,,3084093,,,202234,4425947,,,,,,,,,,,,,,,22780,152415,0
,,,,187056,,,7721,微程式,,,2507,,,,,,,,,,,,,,,,,,,,4,上市,113,,,,,,0,,,,,,,,,,,,,,,,1023141,,,,1023141,,0,,20.44,165678,1085512,,,,,,,,,500578,,,279248,,,333000,1302389,,,,,,,,,,,,,,,113570,216877,0
,,,,1144599,,,7722,LINEPAY,0,,-4193,,,,,,,,,,,,,,,,,,,,4,上市,113,,,,,,,,,,,,,,,,,,,,,,10296067,,,,10296067,,0,,151.41,5857692,16058436,,,,,,,,,680000,,,6409478,,,8475661,16705545,,,,,,,,,,,,,,,551786,647109,0
,,,,402047,,,7730,暉盛-創,,,17,,,,,,,,,,,,,,,,,,,,4,上市,113,0,,,,,,,,,,,,,,,,,,,,,746052,,,,746052,,0,,25.85,184548,793825,,,,,,,,,288598,,,341087,,,55390,1087139,,,,,,,,,,,,,,0,156539,293314,0
,,,,502580,,,7732,金興精密,,,-8682,,,,,,,,,,,,,,,,,,,,4,上市,113,,,,,,,,,,,,,,,,,,,,,,1667609,,,,1667609,,0,,27.79,331801,1054852,,,,,,,,,600000,,,361238,,,573711,2028847,,,,,,,,,,,,,,,29437,973995,0
,,,,2048148,,,7736,虎山,,,4310,,,,,,,,,,,,,,,,,,,,4,上市,113,,,,,,,,,,,,,,,,,,,,,,2827458,,,,2827458,,0,,41.13,540328,2227508,,,,,,,,,687500,,,616729,,,87500,3444187,,,,,,,,,,,,,,,76401,1216679,0
,,,,-31647,,,7740,熙特爾-創,,,9545,,,,,,,,,,,,,,,,,,,,4,上市,113,,,,,,,,,,,,,,,,,,,,,,684723,,,,491118,,0,,9.82,946780,907993,,,,,,,,,500000,,,1147398,,,13220,1832121,,,,,,,,,,,,,,193605,200618,924128,0
,,,,270319,,,7749,意騰-KY,,,-5552,,,,,,,,,,,,,,,,,,,,4,上市,113,,,,,,0,,,,,,,,,,,,,,,,1241372,,,,1241372,,0,,30.96,235410,1266274,,,,,,,,,400907,,,258542,,,575698,1499914,,,,,,,,,,,,,,,23132,233640,0
,,,,3400763,,,7750,新代,,,-86274,,,,,,,,,,,,,,,,,,,,4,上市,113,-6075,,,,,,,,,,,,,,,,,,,,,4902978,,,,4902978,,81000,,74.92,3394154,7677130,,,,,,,,,655230,,,4529306,,,939334,9432284,,,,,,,,,,,,,,,1135152,1755154,0
,,,,703227,,,7760,享溫馨,,,0,,,,,,,,,,,,,,,,,,,,4,上市,113,,,,,,,,,,,,,,,,,,,,,,1678043,,,,,,0,,34.39,331068,317603,,,,,,,,,488000,,,2641646,,,486816,4319689,,,,,,,,,,,,,,,2310578,4002086,0
,,,,465683,,,7765,中華資安,,,,,,,,,,,,,,,,,,,,,,,4,上市,113,,,,,,,,,,,,,,,,,,,,,,913098,,,,,,0,,25.12,745468,1402661,,,,,,,,,363495,,,778682,,,83920,1691780,,,,,,,,,,,,,,,33214,289119,5000
,,,,269883,,,7768,頌勝科技,0,,6163,,,,,,,,,,,,,,,,,,,,4,上市,113,,,,,,0,,,,,,,,,,,,,,,,1110455,,,,1087926,,0,,20.92,1310623,1648663,,,,,,,,,519920,,,1513225,,,291960,2623680,,,,,,,,,,,,,,22529,202602,975017,0
,,,,11182331,,,7769,鴻勁,,,55079,,,,,,,,,,,,,,,,,,,,4,上市,113,,,,,,,,,,,,,,,,,,,,,,13731810,,,,13731810,,0,,84.97,8028190,19536810,,,,,,,,,1616000,,,8134043,,,878400,21865853,,,,,,,,,,,,,,,105853,2329043,0
,,,,83764,,,7780,大研生醫*,,,-859,,,,,,,,,,,,,,,,,,,,4,上市,113,,,,,,0,,,,,,,,,,,,,,,,1306989,,,,1306989,,0,,21.78,230366,1511468,,,,,,,,,600024,,,230812,,,624060,1537801,,,,,,,,,,,,,,,446,26333,0
,,,,2485596,,,7786,東方風能,,,,,,,,,,,,,,,,,,,,,,,4,上市,113,,,,,,0,,,,,,,,,,,,,,,,5178959,,,,,,0,,33.08,1449802,2715456,,,,,,,,,1565614,,,2740477,,,1127749,7919436,,,,,,,,,,,,,,,1290675,5203980,0
,,,,1441866,,,7788,松川精密,0,,18616,,,,,,,,,,,,,,,,,,,,4,上市,113,,,,,,0,,,,,,,,,,,,,,,,4997762,,,,5010422,,0,,69.00,3099682,5708221,,,,,,,,,726160,,,4683753,,,2823780,9681515,,,,,,,,,,,,,,-12660,1584071,3973294,0
,,,,680599,,,7791,皇家可口,,,1763490,,,,,,,,,,,,,,,,,,,,4,上市,113,,,,,,,,,,,,,,,,,,,,,,3150404,,,,3150404,,0,,45.01,611772,751138,,,,,,,,,700000,,,765371,,,6315,3915775,,,,,,,,,,,,,,0,153599,3164637,0
,,,,452873,,,7795,長廣,,,-367193,,,,,,,,,,,,,,,,,,,,4,上市,113,,,,,,,,,,,,,,,,,,,,,,1607109,,,,1607109,,0,,22.69,1300858,2880530,,,,,,,,,708285,,,1595695,,,813144,3202804,,,,,,,,,,,,,,,294837,322274,0
,,,,-595992,,,7799,禾榮科,,,,,,,,,,,,,,,,,,,,,,,4,上市,113,,,,,,0,,,,,,,,,,,,,,,,1472423,,,,,,0,,10.57,44297,916150,,,,,,,,,1393550,,,71959,,,674865,1544382,,,,,,,,,,,,,,,27662,628232,0
,,,,-121977,,,7803,雲象科技-創,,,599,,,,,,,,,,,,,,,,,,,,4,上市,113,0,,,,,0,,,,,,,,,,,,,,,,814891,,,,814891,,0,,9.17,55072,790188,,,,,,,,,888589,,,90166,,,47680,905057,,,,,,,,,,,,,,,35094,114869,0
,,,,4419214,,,7818,溢泰實業,0,,576118,,,,,,,,,,,,,,,,,,,,4,上市,113,,,,,,,,,,,,,,,,,,,,,,7457094,,,,7437247,,0,,49.60,6546684,9747417,,,,,,,,,1499460,,,8395740,,,942455,15852834,,,,,,,,,,,,,,19847,1849056,6105417,0
,,,,111768,,,7821,神數,,,67626,,,,,,,,,,,,,,,,,,,,4,上市,113,,,,,,0,,,,,,,,,,,,,,,,1845530,,,,1845530,,0,,16.87,4527535,6165998,,,,,,,,,1093883,,,4766040,,,572253,6611570,,,,,,,,,,,,,,0,238505,445572,0
,,,,-195603,,,7822,倍利科,,,0,,,,,,,,,,,,,,,,,,,,4,上市,113,,,,,,,,,,,,,,,,,,,,,0,412160,,,,406111,,0,,10.10,623396,961019,,,,,,,,,402008,,,649615,,,199706,1061775,,,,,,,,,,,,,,6049,26219,100756,0
,,,,-116234,,,7823,奧義賽博-KY創,0,,8899,,,,,,,,,,,,,,,,,,,,4,上市,113,0,,,,,,,,,,,,,,,,,,,,,148940,,,,148940,,0,,1768.88,214558,360430,,,,,,,,,842,,,282910,,,255433,431850,,,,,,,,,,,,,,,68352,71420,0
,,,,-2828461,,,7827,漢康-KY創,,,-129886,,,,,,,,,,,,,,,,,,,,4,上市,113,,,,,,0,,,,,,,,,,,,,,,,231117,,,,231117,,0,,1.93,303113,433183,,,,,,,,,1200000,,,310671,,,1989464,541788,,,,,,,,,,,,,,0,7558,108605,0
,,,,-125918,,,7835,永悅健康-創,,,-18495,,,,,,,,,,,,,,,,,,,,4,上市,113,0,,,,,0,,,,,,,,,,,,,,,,321435,,,,316470,,0,,11.33,367055,451582,,,,,,,,,279223,,,376873,,,181660,698308,,,,,,,,,,,,,,4965,9818,246726,0
,,,,4409912,,,7855,和運租車,0,,-66716,,,,,,,,,,,,,,,,,,,,4,上市,113,,,,,,0,,,,,,,,,,,,,,,,6603674,,,,6319283,,0,,32.82,34961922,4402717,,,,,,,,,1925279,,,52796539,,,50808,59400213,,,,,,,,,,,,,,284391,17834617,54997496,0
,,,,387243,,,8011,台通,,,10615,,,,,,,,,,,,,,,,,,,,4,上市,113,0,,,,,,,,,,,,,,,,,,,,,3924406,,,,3276969,,0,,19.75,729991,1895335,,,,,,,,,1659219,,,3321284,,,1219892,7245690,,,,,,,,,,,,,,647437,2591293,5350355,0
,,,,8504299,,,8016,矽創,,,135603,,,,,,,,,,,,,,,,,,,,4,上市,113,-56009,,,,,,,,,,,,,,,,,,,,,16252212,,,,11860961,,606000,,99.23,4973410,16036440,,,,,,,,,1201369,,,5364862,,,2075699,21617074,,,,,,,,,,,,,,4391251,391452,5580634,0
,,,,2147464,,,8021,尖點,,,-177630,,,,,,,,,,,,,,,,,,,,4,上市,113,,,,,,,,,,,,,,,,,,,,,,5185880,,,,4620511,,0,,32.50,1699361,4493279,,,,,,,,,1421805,,,2089852,,,1228872,7275732,,,,,,,,,,,,,,565369,390491,2782453,0
,,,,1010141,,,8028,昇陽半導體,,,,,,,,,,,,,,,,,,,,,,,4,上市,113,,,,,,0,,,,,,,,,,,,,,,,4116606,,,,,,0,,23.85,1914773,2412944,,,,,,,,,1726280,,,5442654,,,1380185,9559260,,,,,,,,,,,,,,,3527881,7146316,0
,,,,-535031,,,8033,雷虎,,,25942,,,,,,,,,,,,,,,,,,,,4,上市,113,,,,,,,,,,,,,,,,,,,,,,1464059,,,,1288307,,0,,9.03,762408,1542876,,,,,,,,,1426298,,,1167815,,,371098,2631874,,,,,,,,,,,,,,175752,405407,1088998,0
,,,,5584144,,,8039,台虹,,,174798,,,,,,,,,,,,,,,,,,,,4,上市,113,,,,,,,,,,,,,,,,,,,,,,10665525,,,,10644028,,0,,41.53,2825925,8776244,,,,,,,,,2562770,,,3861966,,,2322316,14527491,,,,,,,,,,,,,,21497,1036041,5751247,1365295
,,,,386893,,,8045,達運光電,,,6403,,,,,,,,,,,,,,,,,,,,4,上市,113,,,,,,0,,,,,,,,,,,,,,,,2136546,,,,2135688,,0,,22.86,391894,2219816,,,,,,,,,934348,,,673561,,,808044,2810107,,,,,,,,,,,,,,858,281667,590291,123000
,,,,21187521,,,8046,南電,,,-324428,,,,,,,,,,,,,,,,,,,,4,上市,113,,,,,,0,,,,,,,,,,,,,,,,45450380,,,,45450380,,0,,70.34,6664275,20675154,,,,,,,,,6461655,,,17488031,,,18125632,62938411,,,,,,,,,,,,,,,10823756,42263257,0
,,,,5307729,,,8070,長華*,,,5735892,,,,,,,,,,,,,,,,,,,,4,上市,113,-705024,,,,,,,,,,,,,,,,,,,,,22347967,,,,17457695,,20377550,,24.75,7617304,17507879,,,,,,,,,725648,,,15547653,,,6393450,37895620,,,,,,,,,,,,,,4890272,7930349,20387741,0
,,,,1467685,,,8072,陞泰,,,-111,,,,,,,,,,,,,,,,,,,,4,上市,113,,,,,,,,,,,,,,,,,,,,,,2370522,,,,2285135,,0,,28.56,212495,1628205,,,,,,,,,800000,,,253872,,,17561,2624394,,,,,,,,,,,,,,85387,41377,996189,0
,,,,5152190,,,8081,致新,,,467477,,,,,,,,,,,,,,,,,,,,4,上市,113,-47131,,,,,0,,,,,,,,,,,,,,,,9126194,,,,7857967,,443433,,91.66,1683568,7699377,,,,,,,,,861721,,,1996732,,,1423710,11122926,,,,,,,,,,,,,,1268227,313164,3423549,0
,,,,-228722,,,8101,華冠,,,-9622,,,,,,,,,,,,,,,,,,,,4,上市,113,,,,,,,,,,,,,,,,,,,,,,109935,,,,89402,,0,,3.35,248027,207200,,,,,,,,,266662,,,529205,,,61084,639140,,,,,,,,,,,,,,20533,281178,431940,0
,,,,2042761,,,8103,瀚荃,,,-36215,,,,,,,,,,,,,,,,,,,,4,上市,113,,,,,,,,,,,,,,,,,,,,,,3914056,,,,3910638,,0,,42.38,1221261,4419193,,,,,,,,,922784,,,1685793,,,981308,5599849,,,,,,,,,,,,,,3418,464532,1180656,0
,,,,331356,,,8104,錸寶,,,-11829,,,,,,,,,,,,,,,,,,,,4,上市,113,-51486,,,,,,,,,,,,,,,,,,,,,2872390,,,,2563884,,1000000,,28.28,2879897,3435964,,,,,,,,,916517,,,4239473,,,1379326,7111863,,,,,,,,,,,,,,308506,1359576,3675899,0
,,,,1005169,,,8105,凌巨,,,-59086,,,,,,,,,,,,,,,,,,,,4,上市,113,,,,,,,,,,,,,,,,,,,,,,7980514,,,,7980514,,0,,18.07,2976568,5604202,,,,,,,,,4415449,,,3451541,,,2618982,11432055,,,,,,,,,,,,,,,474973,5827853,0
,,,,4136547,,,8110,華東,,,858903,,,,,,,,,,,,,,,,,,,,4,上市,113,-207468,,,,,,,,,,,,,,,,,,,,,10561220,,,,10426842,,12000000,,20.62,3370891,6218361,,,,,,,,,5177399,,,5612983,,,461461,16174203,,,,,,,,,,,,,,134378,2242092,9955842,0
,,,,5534687,,,8112,至上,,,370041,,,,,,,,,,,,,,,,,,,,4,上市,113,-112193,,,,,,,,,,,,,,,,,,,,,19772581,,,,18650800,,3000000,,33.80,25023105,55908454,,,,,,,,,5547637,,,37311240,,,7310628,57083821,,,,,,,,,,,,,,1121781,12288135,1175367,0
,,,,2904187,,,8114,振樺電,,,20557,,,,,,,,,,,,,,,,,,,,4,上市,113,,,,,,0,,,,,,,,,,,,,,,,7852338,,,,4525159,,0,,59.31,4368643,9644932,,,,,,,,,762948,,,9792427,,,837467,17644765,,,,,,,,,,,,,,3327179,5423784,7999833,57000
,,,,6028962,,,8131,福懋科,,,-1955865,,,,,,,,,,,,,,,,,,,,4,上市,113,,,,,,,,,,,,,,,,,,,,,,10906927,,,,,,0,,24.66,1071051,9369700,,,,,,,,,4422222,,,1616797,,,2411608,12523724,,,,,,,,,,,,,,,545746,3154024,0
,,,,11622494,,,8150,南茂,,,114702,,,,,,,,,,,,,,,,,,,,4,上市,113,,,,,,,,,,,,,,,,,,,,,,25074234,,,,25074234,,0,,34.48,8673445,23643516,,,,,,,,,7272401,,,20305618,,,6064637,45379852,,,,,,,,,,,,,,,11632173,21736336,0
,,,,494134,,,8162,微矽電子-創,,,,,,,,,,,,,,,,,,,,,,,4,上市,113,,,,,,0,,,,,,,,,,,,,,,,1443576,,,,,,0,,21.01,400070,724058,,,,,,,,,687020,,,993751,,,262422,2437327,,,,,,,,,,,,,,,593681,1713269,0
,,,,3979657,,,8163,達方,,,596894,,,,,,,,,,,,,,,,,,,,4,上市,113,-89024,,,,,0,,,,,,,,,,,,,,,,14463923,,,,11416735,,4000000,,41.36,14928752,20894990,,,,,,,,,2800000,,,19770631,,,4129208,34234554,,,,,,,,,,,,,,3047188,4841879,13339564,0
,,,,-51387,,,8201,無敵,,,-113775,,,,,,,,,,,,,,,,,,,,4,上市,113,,,,,,,,,,,,,,,,,,,,,,470548,,,,470548,,0,,7.54,121231,448377,,,,,,,,,623663,,,168200,,,12047,638748,,,,,,,,,,,,,,,46969,190371,0
,,,,5691422,,,8210,勤誠,,,-110471,,,,,,,,,,,,,,,,,,,,4,上市,113,,,,,,0,,,,,,,,,,,,,,,,7263842,,,,7174280,,0,,59.30,6632395,10584996,,,,,,,,,1209877,,,9379969,,,383452,16643811,,,,,,,,,,,,,,89562,2747574,6058815,0
,,,,10663316,,,8213,志超,,,-314625,,,,,,,,,,,,,,,,,,,,4,上市,113,,,,,,0,,,,,,,,,,,,,,,,16578603,,,,15936810,,0,,58.75,11881404,20552929,,,,,,,,,2712425,,,14155820,,,2875694,30734423,,,,,,,,,,,,,,641793,2274416,10181494,0
,,,,2303819,,,8215,明基材,,,11576,,,,,,,,,,,,,,,,,,,,4,上市,113,,,,,,0,,,,,,,,,,,,,,,,8316581,,,,5715254,,0,,17.82,7622778,8796864,,,,,,,,,3206745,,,14316009,,,193114,22632590,,,,,,,,,,,,,,2601327,6693231,13835726,0
,,,,172970,,,8222,寶一,,,0,,,,,,,,,,,,,,,,,,,,4,上市,113,,,,,,0,,,,,,,,,,,,,,,,911969,,,,,,0,,13.30,451524,1093896,,,,,,,,,685735,,,1220246,,,53264,2132215,,,,,,,,,,,,,,,768722,1038319,0
,,,,2127582,,,8249,菱光,,,1928736,,,,,,,,,,,,,,,,,,,,4,上市,113,-145868,,,,,0,,,,,,,,,,,,,,,,6238062,,,,6238062,,4528800,,48.13,2684513,4312223,,,,,,,,,1341495,,,2829848,,,986117,9067910,,,,,,,,,,,,,,,145335,4755687,0
,,,,1499524,,,8261,富鼎,,,-81652,,,,,,,,,,,,,,,,,,,,4,上市,113,,,,,,,,,,,,,,,,,,,,,,5607075,,,,5608173,,0,,47.35,618436,4866944,,,,,,,,,1184432,,,633353,,,3005869,6240428,,,,,,,,,,,,,,-1098,14917,1373484,0
,,,,2122299,,,8271,宇瞻,,,-57043,,,,,,,,,,,,,,,,,,,,4,上市,113,,,,,,,,,,,,,,,,,,,,,,4624654,,,,4507967,,0,,35.02,1506166,4819603,,,,,,,,,1287292,,,1587771,,,1155419,6212425,,,,,,,,,,,,,,116687,81605,1392822,0
,,,,1381429,,,8341,日友,,,-25922,,,,,,,,,,,,,,,,,,,,4,上市,113,,,,,,0,,,,,,,,,,,,,,,,5702439,,,,5243934,,0,,40.34,1260052,2065951,,,,,,,,,1300000,,,4884889,,,2588427,10587328,,,,,,,,,,,,,,458505,3624837,8521377,0
,,,,1640254,,,8367,建新國際,,,-3855,,,,,,,,,,,,,,,,,,,,4,上市,113,,,,,,,,,,,,,,,,,,,,,,4570953,,,,3324406,,0,,36.36,2764757,2293662,,,,,,,,,914320,,,12302666,,,773687,16873619,,,,,,,,,,,,,,1246547,9537909,14579957,0
,,,,606004,,,8374,羅昇,,,-18384,,,,,,,,,,,,,,,,,,,,4,上市,113,,,,,,0,,,,,,,,,,,,,,,,2900800,,,,2088965,,0,,18.61,1487171,3218582,,,,,,,,,1122505,,,2525803,,,378840,5426603,,,,,,,,,,,,,,811835,1038632,2208021,0
,,,,2090207,,,8404,百和興業-KY,,,-494184,,,,,,,,,,,,,,,,,,,,4,上市,113,,,,,,,,,,,,,,,,,,,,,,6611428,,,,6610965,,0,,16.53,7518826,6221761,,,,,,,,,3999370,,,11606458,,,1015572,18217886,,,,,,,,,,,,,,463,4087632,11996125,0
,,,,1891295,,,8411,福貞-KY,,,-701535,,,,,,,,,,,,,,,,,,,,4,上市,113,,,,,,0,,,,,,,,,,,,,,,,6014876,,,,5863600,,0,,26.85,4867089,5351186,,,,,,,,,2184043,,,7382752,,,2489797,13397628,,,,,,,,,,,,,,151276,2515663,8046442,0
,,,,4103885,,,8422,可寧衛*,,,-10860,,,,,,,,,,,,,,,,,,,,4,上市,113,,,,,,,,,,,,,,,,,,,,,,7385742,,,,6832968,,0,,62.07,6128302,4601441,,,,,,,,,1118824,,,12655391,,,1621119,20041133,,,,,,,,,,,,,,552774,6527089,15439692,0
,,,,3276415,,,8429,金麗-KY,,,-430351,,,,,,,,,,,,,,,,,,,,4,上市,113,,,,,,,,,,,,,,,,,,,,,,6321515,,,,6320988,,0,,34.03,98891,6170325,,,,,,,,,1857472,,,711768,,,1617452,7033283,,,,,,,,,,,,,,527,612877,862958,0
,,,,534459,,,8438,昶昕,,,-26836,,,,,,,,,,,,,,,,,,,,4,上市,113,0,,,,,,,,,,,,,,,,,,,,,1827869,,,,1827869,,0,,26.13,694416,1174888,,,,,,,,,699430,,,1094468,,,620816,2922337,,,,,,,,,,,,,,,400052,1747449,0
,,,,1718446,,,8442,威宏-KY,,,1381,,,,,,,,,,,,,,,,,,,,4,上市,113,,,,,,0,,,,,,,,,,,,,,,,3813726,,,,3813726,,0,,56.69,2527920,5181283,,,,,,,,,672748,,,3078245,,,1421151,6891971,,,,,,,,,,,,,,,550325,1710688,0
,,,,-221707,,,8443,阿瘦,,,0,,,,,,,,,,,,,,,,,,,,4,上市,113,,,,,,0,,,,,,,,,,,,,,,,777713,,,,777582,,0,,11.64,630470,855130,,,,,,,,,668000,,,934777,,,331289,1712490,,,,,,,,,,,,,,131,304307,857360,0
,,,,5737398,,,8454,富邦媒,,,-107300,,,,,,,,,,,,,,,,,,,,4,上市,113,,,,,,,,,,,,,,,,,,,,,,10086674,,,,10003430,,0,,39.64,16127320,14202667,,,,,,,,,2523574,,,19010922,,,1849758,29097596,,,,,,,,,,,,,,83244,2883602,14894929,0
,,,,490645,,,8462,柏文,,,-38469,,,,,,,,,,,,,,,,,,,,4,上市,113,-2801,,,,,7000,,,,,,,,,,,,,,,,2033727,,,,2022442,,20000,,25.50,2629333,1550155,,,,,,,,,793191,,,8604929,,,779876,10638656,,,,,,,,,,,,,,11285,5975596,9088501,0
,,,,306206,,,8463,潤泰材,,,-48663,,,,,,,,,,,,,,,,,,,,4,上市,113,,,,,,0,,,,,,,,,,,,,,,,3109169,,,,2503561,,0,,16.69,3491180,3743146,,,,,,,,,1500000,,,6980574,,,746018,10089743,,,,,,,,,,,,,,605608,3489394,6346597,0
,,,,19764887,,,8464,億豐,,,343960,,,,,,,,,,,,,,,,,,,,4,上市,113,,,,,,,,,,,,,,,,,,,,,,28080833,,,,27611056,,0,,94.23,6686757,24560143,,,,,,,,,2930202,,,9777374,,,4572007,37858207,,,,,,,,,,,,,,469777,3090617,13298064,0
,,,,781666,,,8466,美吉吉-KY,,,18251,,,,,,,,,,,,,,,,,,,,4,上市,113,-21450,,,,,,,,,,,,,,,,,,,,,2881124,,,,2881124,,380000,,41.49,996002,3028032,,,,,,,,,698256,,,3730946,,,1404401,6612070,,,,,,,,,,,,,,0,2734944,3584038,0
,,,,1573817,,,8467,波力-KY,,,-193033,,,,,,,,,,,,,,,,,,,,4,上市,113,,,,,,,,,,,,,,,,,,,,,,2845918,,,,2850105,,0,,55.03,704310,2866850,,,,,,,,,517959,,,1389626,,,951362,4235544,,,,,,,,,,,,,,-4187,685316,1368694,0
,,,,278649,,,8473,山林水,,,-58165,,,,,,,,,,,,,,,,,,,,4,上市,113,,,,,,0,,,,,,,,,,,,,,,,7832924,,,,6561947,,0,,36.28,3887336,5947539,,,,,,,,,1808524,,,7845723,,,4532939,15678647,,,,,,,,,,,,,,1270977,3958387,9731108,0
,,,,720492,,,8476,台境*,,,5536,,,,,,,,,,,,,,,,,,,,4,上市,113,,,,,,0,,,,,,,,,,,,,,,,2047302,,,,2009624,,0,,12.09,1013583,2517002,,,,,,,,,831132,,,1192294,,,452464,3239596,,,,,,,,,,,,,,37678,178711,722594,0
,,,,3812376,,,8478,東哥遊艇,,,531820,,,,,,,,,,,,,,,,,,,,4,上市,113,-46442,,,,,,,,,,,,,,,,,,,,,8583230,,,,8583230,,914000,,91.34,1725640,11163034,,,,,,,,,948863,,,5881698,,,3336613,14464928,,,,,,,,,,,,,,,4156058,3301894,0
,,,,897094,,,8481,政伸,,,-15066,,,,,,,,,,,,,,,,,,,,4,上市,113,,,,,,,,,,,,,,,,,,,,,,1694942,,,,1694942,,0,,25.45,204032,1358927,,,,,,,,,666019,,,215913,,,146895,1910855,,,,,,,,,,,,,,,11881,551928,0
,,,,1434224,,,8482,商億-KY,,,-80128,,,,,,,,,,,,,,,,,,,,4,上市,113,0,,,,,,,,,,,,,,,,,,,,,3780694,,,,3697275,,0,,34.41,1308680,2379102,,,,,,,,,1074440,,,1332810,,,1268739,5113504,,,,,,,,,,,,,,83419,24130,2734402,0
,,,,220259,,,8487,愛爾達-創,,,,,,,,,,,,,,,,,,,,,,,4,上市,113,0,,,,,,,,,,,,,,,,,,,,,701285,,,,,,0,,26.43,326070,989376,,,,,,,,,265350,,,333017,,,215676,1034302,,,,,,,,,,,,,,,6947,44926,0
,,,,418424,,,8488,吉源-KY,,,-326740,,,,,,,,,,,,,,,,,,,,4,上市,113,,,,,,,,,,,,,,,,,,,,,,2549598,,,,2549598,,,,34.69,2188034,2595008,,,,,,,,,735000,,,2952074,,,1722914,5501672,,,,,,,,,,,,,,,764040,2906664,0
,,,,2550178,,,8499,鼎炫-KY,,,108430,,,,,,,,,,,,,,,,,,,,4,上市,113,,,,,,,,,,,,,,,,,,,,,,11305629,,,,8182841,,0,,197.25,581735,8741522,,,,,,,,,414856,,,908847,,,5109377,12214476,,,,,,,,,,,,,,3122788,327112,3472954,0
,,,,5491377,,,8926,台汽電,,,-32312,,,,,,,,,,,,,,,,,,,,4,上市,113,,,,,,,,,,,,,,,,,,,,,,15383804,,,,15383804,,0,,21.07,8564680,8018006,,,,,,,,,7302820,,,11899698,,,2621919,27283502,,,,,,,,,,,,,,0,3335018,19265496,0
,,,,-77843,,,8940,新天地,,,,,,,,,,,,,,,,,,,,,,,4,上市,113,,,,,,,,,,,,,,,,,,,,,,827414,,,,724530,,0,,10.74,537638,483082,,,,,,,,,674910,,,1409933,,,127463,2237347,,,,,,,,,,,,,,102884,872295,1754265,0
,,,,1240133,,,8996,高力,,,36372,,,,,,,,,,,,,,,,,,,,4,上市,113,,,,,,,,,,,,,,,,,,,,,,3437008,,,,3437008,,0,,37.58,1877128,3855807,,,,,,,,,914647,,,2665572,,,1245856,6102580,,,,,,,,,,,,,,,788444,2246773,0
,,,,5935795,,,9802,鈺齊-KY,0,,-269057,,,,,,,,,,,,,,,,,,,,4,上市,113,-57583,,,,,0,,,,,,,,,,,,,,,,14070895,,,,14050192,,660000,,70.76,5535503,10139237,,,,,,,,,2535697,,,7694288,,,5905340,21765183,,,,,,,,,,,,,,20703,2158785,11625946,8234179
,,,,246024,,,9902,台火,,,0,,,,,,,,,,,,,,,,,,,,4,上市,113,0,,,,,,,,,,,,,,,,,,,,,1279890,,,,1275638,,0,,13.01,83056,643900,,,,,,,,,980496,,,117262,,,49118,1397152,,,,,,,,,,,,,,4252,34206,753252,0
,,,,114186440,,,9904,寶成,,,-6975656,,,,,,,,,,,,,,,,,,,,4,上市,113,,,,,,,,,,,,,,,,,,,,,,225143378,,,,141195286,,0,,47.91,82737976,165281852,,,,,,,,,29467872,,,126266710,,,4516630,351410088,,,,,,,,,,,,,,83948092,43528734,186128236,0
,,,,4396595,,,9905,大華,,,529391,,,,,,,,,,,,,,,,,,,,4,上市,113,0,,,,,0,,,,,,,,,,,,,,,,8270216,,,,8000417,,0,,26.23,2541104,8970472,,,,,,,,,3050000,,,3040382,,,24431,11310598,,,,,,,,,,,,,,269799,499278,2340126,0
,,,,733488,,,9906,欣巴巴,,,0,,,,,,,,,,,,,,,,,,,,4,上市,113,,,,,,,,,,,,,,,,,,,,,,1898890,,,,1898890,,0,,21.01,5985776,8634132,,,,,,,,,903763,,,7044096,,,261639,8942986,,,,,,,,,,,,,,,1058320,308854,0
,,,,5960768,,,9907,統一實,,,-1223069,,,,,,,,,,,,,,,,,,,,4,上市,113,,,,,,0,,,,,,,,,,,,,,,,21711493,,,,20762220,,0,,13.15,7434510,15419372,,,,,,,,,15791453,,,13211678,,,233068,34923171,,,,,,,,,,,,,,949273,5777168,19503799,0
,,,,5759107,,,9908,大台北,,,2623216,,,,,,,,,,,,,,,,,,,,4,上市,113,-17944,,,,,,,,,,,,,,,,,,,,,15061413,,,,13649528,,15493101,,27.25,2186760,7317692,,,,,,,,,5163580,,,5513796,,,121569,20575209,,,,,,,,,,,,,,1411885,3327036,13257517,0
,,,,16556132,,,9910,豐泰,,,360006,,,,,,,,,,,,,,,,,,,,4,上市,113,,,,,,,,,,,,,,,,,,,,,,28828882,,,,26840051,,0,,27.18,13773681,24885697,,,,,,,,,9874828,,,25563900,,,49085,54392782,,,,,,,,,,,,,,1988831,11790219,29507085,0
,,,,4092889,,,9911,櫻花,,,115947,,,,,,,,,,,,,,,,,,,,4,上市,113,-21248,,,,,,,,,,,,,,,,,,,,,6583566,,,,6539954,,2312932,,29.89,3346050,6054419,,,,,,,,,2211212,,,4045824,,,141154,10629390,,,,,,,,,,,,,,43612,699774,4574971,0
,,,,-34906,,,9912,偉聯,,,-105111,,,,,,,,,,,,,,,,,,,,4,上市,113,0,,,,,,,,,,,,,,,,,,,,,451396,,,,440919,,0,,8.07,364306,424257,,,,,,,,,546566,,,383665,,,34370,835061,,,,,,,,,,,,,,10477,19359,410804,0
,,,,15079045,,,9914,美利達,,,286112,,,,,,,,,,,,,,,,,,,,4,上市,113,,,,,,,,,,,,,,,,,,,,,,20281998,,,,19295453,,0,,64.54,12676986,17749957,,,,,,,,,2989838,,,17299834,,,940458,37581832,,,,,,,,,,,,,,986545,4622848,19831875,0
,,,,7761031,,,9917,中保科,,,-190626,,,,,,,,,,,,,,,,,,,,4,上市,113,-221003,,,,,0,,,,,,,,,,,,,,,,13486428,,,,13014346,,7351805,,29.32,7846521,9975408,,,,,,,,,4511971,,,14778459,,,1152973,28264887,,,,,,,,,,,,,,472082,6931938,18289479,0
,,,,1465829,,,9918,欣天然,,,0,,,,,,,,,,,,,,,,,,,,4,上市,113,-46828,,,,,0,,,,,,,,,,,,,,,,3307757,,,,3307757,,2527863,,18.58,1179690,2278706,,,,,,,,,1805375,,,2665667,,,83381,5973424,,,,,,,,,,,,,,0,1485977,3694718,0
,,,,549536,,,9919,康那香,,,81685,,,,,,,,,,,,,,,,,,,,4,上市,113,,,,,,0,,,,,,,,,,,,,,,,2611838,,,,2611838,,0,,13.37,1805400,3234324,,,,,,,,,1953628,,,4075944,,,26989,6687782,,,,,,,,,,,,,,,2270544,3453458,0
,,,,26376385,,,9921,巨大,,,-1308238,,,,,,,,,,,,,,,,,,,,4,上市,113,,,,,,,,,,,,,,,,,,,,,,36737549,,,,33755471,,0,,86.10,34712283,54090100,,,,,,,,,3920646,,,41965507,,,4766678,78703056,,,,,,,,,,,,,,2982078,7253224,24612956,0
,,,,5049888,,,9924,福興,,,-15551,,,,,,,,,,,,,,,,,,,,4,上市,113,,,,,,0,,,,,,,,,,,,,,,,7537821,,,,7485972,,0,,39.72,1739803,5801664,,,,,,,,,1884521,,,2151210,,,567114,9689031,,,,,,,,,,,,,,51849,411407,3887367,0
,,,,5899679,,,9925,新保,,,1941170,,,,,,,,,,,,,,,,,,,,4,上市,113,-39521,,,,,,,,,,,,,,,,,,,,,12894120,,,,11833570,,3283811,,30.80,5474410,9744046,,,,,,,,,3874896,,,6170580,,,157346,19064700,,,,,,,,,,,,,,1060550,696170,9320654,0
,,,,1604348,,,9926,新海,,,714787,,,,,,,,,,,,,,,,,,,,4,上市,113,,,,,,,,,,,,,,,,,,,,,,4114176,,,,4114176,,0,,22.92,2345346,3713331,,,,,,,,,1795041,,,4552376,,,,8666552,,,,,,,,,,,,,,,2207030,4953221,0
,,,,4261238,,,9927,泰銘,,,-339290,,,,,,,,,,,,,,,,,,,,4,上市,113,,,,,,,,,,,,,,,,,,,,,,6597840,,,,6570463,,0,,39.27,467169,6378866,,,,,,,,,1673185,,,759881,,,975330,7357721,,,,,,,,,,,,,,27377,292712,978855,0
,,,,1133887,,,9928,中視,,,328355,,,,,,,,,,,,,,,,,,,,4,上市,113,,,,,,0,,,,,,,,,,,,,,,,2237373,,,,2237344,,0,,31.63,2471830,408015,,,,,,,,,707246,,,3138343,,,67856,5375716,,,,,,,,,,,,,,29,666513,4967701,0
,,,,-57906,,,9929,秋雨,,,-129819,,,,,,,,,,,,,,,,,,,,4,上市,113,,,,,,,,,,,,,,,,,,,,,,847350,,,,825075,,0,,8.15,398122,585442,,,,,,,,,1012800,,,1152349,,,,1999699,,,,,,,,,,,,,,22275,754227,1414257,0
,,,,3870590,,,9930,中聯資源,,,-104465,,,,,,,,,,,,,,,,,,,,4,上市,113,,,,,,,,,,,,,,,,,,,,,,6654043,,,,6413940,,0,,25.81,2358328,2846985,,,,,,,,,2485404,,,5149231,,,162411,11803274,,,,,,,,,,,,,,240103,2790903,8956289,0
,,,,1295881,,,9931,欣高,,,519775,,,,,,,,,,,,,,,,,,,,4,上市,113,,,,,,0,,,,,,,,,,,,,,,,3118826,,,,3049462,,0,,25.33,2072766,2050731,,,,,,,,,1203693,,,3170845,,,30113,6289671,,,,,,,,,,,,,,69364,1098079,4238940,0
,,,,6665779,,,9933,中鼎,,,-1645414,,,,,,,,,,,,,,,,,,,,4,上市,113,-11835,,,,,87100,,,,,,,,,,,,,,,,24668369,,,,19646302,,1257634,,24.23,74455526,75162402,,,,,,,,,8121700,,,100107396,,,6516072,124775765,,,,,,,,,,,,,,5022067,25651870,49613363,0
,,,,1401609,,,9934,成霖,,,-112419,,,,,,,,,,,,,,,,,,,,4,上市,113,,,,,,,,,,,,,,,,,,,,,,6378552,,,,6378552,,0,,15.57,8089641,10417952,,,,,,,,,4096151,,,9983489,,,993211,16362041,,,,,,,,,,,,,,,1893848,5944089,1000
,,,,933806,,,9935,慶豐富,,,-872,,,,,,,,,,,,,,,,,,,,4,上市,113,0,,,,,,,,,,,,,,,,,,,,,2822421,,,,2822421,,0,,15.87,1946651,4086102,,,,,,,,,1778389,,,4755612,,,111098,7578033,,,,,,,,,,,,,,,2808961,3491931,0
,,,,2584615,,,9937,全國,0,,-1714,,,,,,,,,,,,,,,,,,,,4,上市,113,0,,,,,,,,,,,,,,,,,,,,,5697396,,,,5697396,,0,,18.44,4690951,1009044,,,,,,,,,3090430,,,6770183,,,24065,12467579,,,,,,,,,,,,,,0,2079232,11458535,0
,,,,9260491,,,9938,百和,,,221582,,,,,,,,,,,,,,,,,,,,4,上市,113,,,,,,0,,,,,,,,,,,,,,,,16519358,,,,13203749,,0,,44.31,9611058,11804611,,,,,,,,,2979639,,,16216590,,,742037,32735948,,,,,,,,,,,,,,3315609,6605532,20931337,0
,,,,11414717,,,9939,宏全,,,-1741663,,,,,,,,,,,,,,,,,,,,4,上市,113,,,,,,,,,,,,,,,,,,,,,,20280703,,,,19434830,,0,,65.71,11969399,15606180,,,,,,,,,2957859,,,22799929,,,6803917,43080632,,,,,,,,,,,,,,845873,10830530,27474452,0
,,,,6888361,,,9940,信義,,,-490275,,,,,,,,,,,,,,,,,,,,4,上市,113,,,,,,,,,,,,,,,,,,,,,,13966953,,,,13830341,,0,,18.77,7098622,19325058,,,,,,,,,7368465,,,18458540,,,63790,32425493,,,,,,,,,,,,,,136612,11359918,13100435,0
,,,,17670568,,,9941,裕融,,,-24422,,,,,,,,,,,,,,,,,,,,4,上市,113,,,,,,,,,,,,,,,,,,,,,,39208735,,,,38664929,,0,,59.65,241837988,243626805,,,,,,,,,6482250,,,251131114,,,14536533,290339849,,,,,,,,,,,,,,543806,9293126,46713044,0
,,,,3270516,,,9942,茂順,,,-141419,,,,,,,,,,,,,,,,,,,,4,上市,113,,,,,,0,,,,,,,,,,,,,,,,4179650,,,,4175453,,0,,50.21,665182,3167915,,,,,,,,,831613,,,1136534,,,214743,5316184,,,,,,,,,,,,,,4197,471352,2148269,0
,,,,2879794,,,9943,好樂迪,,,-53889,,,,,,,,,,,,,,,,,,,,4,上市,113,-2868,,,,,0,,,,,,,,,,,,,,,,4099424,,,,4075521,,48450,,32.56,688892,1567524,,,,,,,,,1252200,,,1563015,,,284,5662439,,,,,,,,,,,,,,23903,874123,4094915,0
,,,,2109642,,,9944,新麗,,,168415,,,,,,,,,,,,,,,,,,,,4,上市,113,-74888,,,,,,,,,,,,,,,,,,,,,3620119,,,,3525014,,3199000,,33.28,1750493,3521322,,,,,,,,,1091071,,,2718518,,,230774,6338637,,,,,,,,,,,,,,95105,968025,2817315,0
,,,,86735243,,,9945,潤泰新,,,-31594114,,,,,,,,,,,,,,,,,,,,4,上市,113,-81449,,,,,0,,,,,,,,,,,,,,,,111801881,,,,101319891,,9713457,,35.75,25547465,44451869,,,,,,,,,28442251,,,82162915,,,17817960,193964796,,,,,,,,,,,,,,10481990,56615450,149512927,0
,,,,3195567,,,9946,三發地產,,,211430,,,,,,,,,,,,,,,,,,,,4,上市,113,,,,,,0,,,,,,,,,,,,,,,,6708279,,,,6708279,,0,,20.54,5985424,14939172,,,,,,,,,3265542,,,9798726,,,35740,16507005,,,,,,,,,,,,,,,3813302,1567833,0
,,,,-824328,,,9955,佳龍,,,-43692,,,,,,,,,,,,,,,,,,,,4,上市,113,,,,,,,,,,,,,,,,,,,,,,1170379,,,,1170379,,0,,11.20,810629,453268,,,,,,,,,1045137,,,1513897,,,993262,2684276,,,,,,,,,,,,,,,703268,2231008,0
,,,,3596072,,,9958,世紀鋼,,,11407,,,,,,,,,,,,,,,,,,,,4,上市,113,,,,,,,,,,,,,,,,,,,,,,22466631,,,,12697943,,0,,49.43,5990814,19298266,,,,,,,,,2568967,,,18853036,,,6521497,41319667,,,,,,,,,,,,,,9768688,12862222,22021401,0
