不動產及設備,不動產及設備－淨額,使用權資產,使用權資產－淨額,保留盈餘,保留盈餘（或累積虧損）,保險負債,公司代號,公司名稱,共同控制下前手權益,其他借款,其他權益,其他負債,其他資產,其他資產－淨額,其他金融負債,其他金融資產－淨額,具金融商品性質之保險契約準備,再保險合約資產,再保險合約資產－淨額,分離帳戶保險商品負債,分離帳戶保險商品資產,受限制資產－淨額,合併前非屬共同控制股權,外匯價格變動準備,央行及同業融資,央行及金融同業存款,央行及銀行同業存款,存放央行及拆借金融同業,存放央行及拆借銀行同業,存款及匯款,季別,市場,年度,庫藏股票,待出售資產,待出售資產－淨額,待分配予業主之資產（或處分群組）,待分配予業主之資產－淨額,待註銷股本股數（單位：股）,應付債券,應付公司債,應付商業本票－淨額,應付款項,應付金融債券,應收款項,應收款項－淨額,投資,投資性不動產投資－淨額,投資性不動產－淨額,按攤銷後成本衡量之債務工具投資,採用權益法之投資－淨額,本期所得稅負債,本期所得稅資產,權益─具證券性質之虛擬通貨,權益總計,權益總額,權益－具證券性質之虛擬通貨,歸屬於母公司業主之權益,歸屬於母公司業主之權益合計,歸屬於母公司業主權益合計,母公司暨子公司所持有之母公司庫藏股股數（單位：股）,母公司暨子公司持有之母公司庫藏股股數（單位：股）,每股參考淨值,流動負債,流動資產,無形資產,無形資產－淨額,特別股負債,現金及約當現金,當期所得稅負債,當期所得稅資產,短期債務,租賃負債,股本,與待出售資產直接相關之負債,負債準備,負債總計,負債總額,貼現及放款－淨額,資本公積,資產總計,資產總額,透過其他綜合損益按公允價值衡量之金融資產,透過損益按公允價值衡量之金融負債,透過損益按公允價值衡量之金融資產,遞延所得稅負債,遞延所得稅資產,避險之衍生金融負債,避險之衍生金融負債－淨額,避險之衍生金融資產,避險之衍生金融資產淨額,附買回票券及債券負債,附賣回票券及債券投資,附賣回票券及債券投資淨額,非控制權益,非流動負債,非流動資產,預收股款（權益項下）之約當發行股數（單位：股）
,,,,72518852,,,1101,台泥,,,15565299,,,,,,,,,,,,,,,,,,,,1,上市,113,-732459,,,,,,,,,,,,,,,,,,,,,295927355,,,,238925148,,20000000,,30.90,83624804,176118197,,,,,,,,,77511817,,,272059608,,,74061639,567986963,,,,,,,,,,,,,,57002207,188434804,391868766,0
,,,,113438464,,,1102,亞泥,,,13260100,,,,,,,,,,,,,,,,,,,,1,上市,113,,,,,,,,,,,,,,,,,,,,,,194192319,,,,170738338,,0,,48.14,88921160,126200652,,,,,,,,,35465629,,,150783839,,,8574145,344976158,,,,,,,,,,,,,,23453981,61862679,218775506,0
,,,,10219880,,,1103,嘉泥,,,2498493,,,,,,,,,,,,,,,,,,,,1,上市,113,-1077950,,,,,,,,,,,,,,,,,,,,,21565595,,,,20862006,,131352726,,31.66,2861263,10562877,,,,,,,,,7902474,,,14002279,,,1319109,35567874,,,,,,,,,,,,,,703589,11141016,25004997,0
,,,,14453878,,,1104,環泥,,,1450791,,,,,,,,,,,,,,,,,,,,1,上市,113,,,,,,,,,,,,,,,,,,,,,,23547064,,,,22760563,,0,,33.81,3607841,6635033,,,,,,,,,6732175,,,5026395,,,123719,28573459,,,,,,,,,,,,,,786501,1418554,21938426,0
,,,,777407,,,1108,幸福,,,-43949,,,,,,,,,,,,,,,,,,,,1,上市,113,,,,,,,,,,,,,,,,,,,,,,4780923,,,,4780856,,0,,11.81,3680966,5802834,,,,,,,,,4047380,,,5098778,,,18,9879701,,,,,,,,,,,,,,67,1417812,4076867,0
,,,,5002605,,,1109,信大,,,-135509,,,,,,,,,,,,,,,,,,,,1,上市,113,,,,,,0,,,,,,,,,,,,,,,,10183416,,,,8294409,,0,,24.31,1200617,6660394,,,,,,,,,3411589,,,1339796,,,15724,11523212,,,,,,,,,,,,,,1889007,139179,4862818,0
,,,,2332277,,,1110,東泥,,,803311,,,,,,,,,,,,,,,,,,,,1,上市,113,-12185,,,,,,,,,,,,,,,,,,,,,9150384,,,,9032099,,2112865,,15.85,1846642,2651878,,,,,,,,,5720008,,,2919784,,,188688,12070168,,,,,,,,,,,,,,118285,1073142,9418290,0
,,,,2458153,,,1201,味全,,,-155755,,,,,,,,,,,,,,,,,,,,1,上市,113,,,,,,0,,,,,,,,,,,,,,,,7407428,,,,7399142,,0,,14.62,7021712,6493324,,,,,,,,,5060629,,,10401964,,,36115,17809392,,,,,,,,,,,,,,8286,3380252,11316068,0
,,,,3398311,,,1203,味王,,,104221,,,,,,,,,,,,,,,,,,,,1,上市,113,-38464,,,,,0,,,,,,,,,,,,,,,,6966313,,,,5910084,,2293865,,24.86,1862910,4752926,,,,,,,,,2400000,,,3363144,,,46016,10329457,,,,,,,,,,,,,,1056229,1500234,5576531,0
,,,,9059276,,,1210,大成,,,1536422,,,,,,,,,,,,,,,,,,,,1,上市,113,-283235,,,,,,,,,,,,,,,,,,,,,31687434,,,,22960469,,50698471,,27.20,30215111,28993352,,,,,,,,,8947673,,,33911409,,,3700333,65598843,,,,,,,,,,,,,,8726965,3696298,36605491,0
,,,,-385343,,,1213,大飲,,,-150,,,,,,,,,,,,,,,,,,,,1,上市,113,,,,,,0,,,,,,,,,,,,,,,,202671,,,,202671,,0,,3.58,567236,54989,,,,,,,,,566226,,,614376,,,21938,817047,,,,,,,,,,,,,,,47140,762058,0
,,,,6494841,,,1215,卜蜂,,,501854,,,,,,,,,,,,,,,,,,,,1,上市,113,,,,,,0,,,,,,,,,,,,,,,,10475812,,,,9955054,,0,,33.77,8002314,7940761,,,,,,,,,2947901,,,16826402,,,10458,27302214,,,,,,,,,,,,,,520758,8824088,19361453,0
,,,,76668158,,,1216,統一,,,-2275703,,,,,,,,,,,,,,,,,,,,1,上市,113,,,,,,0,,,,,,,,,,,,,,,,208457245,,,,134042267,,0,,23.59,221155812,222241095,,,,,,,,,56820154,,,466362514,,,2829658,674819759,,,,,,,,,,,,,,74414978,245206702,452578664,0
,,,,1130944,,,1217,愛之味,,,693216,,,,,,,,,,,,,,,,,,,,1,上市,113,,,,,,0,,,,,,,,,,,,,,,,7814855,,,,7037438,,0,,14.23,2936428,2676453,,,,,,,,,4945134,,,6621403,,,268144,14436258,,,,,,,,,,,,,,777417,3684975,11759805,0
,,,,6515199,,,1218,泰山,,,-86780,,,,,,,,,,,,,,,,,,,,1,上市,113,-203876,,,,,,,,,,,,,,,,,,,,,12244540,,,,12239030,,13680042,,25.17,1412128,5723172,,,,,,,,,4999990,,,1650903,,,1014497,13895443,,,,,,,,,,,,,,5510,238775,8172271,0
,,,,1265670,,,1219,福壽,,,-5107,,,,,,,,,,,,,,,,,,,,1,上市,113,-6735,,,,,,,,,,,,,,,,,,,,,4636489,,,,4585492,,364000,,13.84,3491348,5371079,,,,,,,,,3316634,,,5225774,,,15030,9862263,,,,,,,,,,,,,,50997,1734426,4491184,0
,,,,587360,,,1220,台榮,,,0,,,,,,,,,,,,,,,,,,,,1,上市,113,-10879,,,,,,,,,,,,,,,,,,,,,2593126,,,,2371097,,679000,,13.44,386050,1876458,,,,,,,,,1770779,,,602927,,,23837,3196053,,,,,,,,,,,,,,222029,216877,1319595,0
,,,,1267137,,,1225,福懋油,,,-97415,,,,,,,,,,,,,,,,,,,,1,上市,113,,,,,,,,,,,,,,,,,,,,,,4020144,,,,3589766,,0,,15.63,2646160,4381627,,,,,,,,,2296382,,,4180165,,,123662,8200309,,,,,,,,,,,,,,430378,1534005,3818682,0
,,,,8953177,,,1227,佳格,,,-150312,,,,,,,,,,,,,,,,,,,,1,上市,113,-21182,,,,,0,,,,,,,,,,,,,,,,18404668,,,,18098165,,6669471,,19.92,7364615,17673793,,,,,,,,,9150897,,,7746683,,,165585,26151351,,,,,,,,,,,,,,306503,382068,8477558,0
,,,,14355558,,,1229,聯華,,,16844329,,,,,,,,,,,,,,,,,,,,1,上市,113,-136868,,,,,0,,,,,,,,,,,,,,,,69878214,,,,48058414,,6383000,,30.47,15679589,16350326,,,,,,,,,15837396,,,19664778,,,1157999,89542992,,,,,,,,,,,,,,21819800,3985189,73192666,0
,,,,3484390,,,1231,聯華食,,,10245,,,,,,,,,,,,,,,,,,,,1,上市,113,,,,,,,,,,,,,,,,,,,,,,6073417,,,,6055041,,0,,24.55,3728455,5731486,,,,,,,,,2466566,,,7581131,,,93840,13654548,,,,,,,,,,,,,,18376,3852676,7923062,0
,,,,4059060,,,1232,大統益,,,-1648,,,,,,,,,,,,,,,,,,,,1,上市,113,,,,,,0,,,,,,,,,,,,,,,,5848564,,,,5680945,,0,,35.51,1478157,6243318,,,,,,,,,1599749,,,2462728,,,23784,8311292,,,,,,,,,,,,,,167619,984571,2067974,0
,,,,442923,,,1233,天仁,,,12238,,,,,,,,,,,,,,,,,,,,1,上市,113,-1974,,,,,0,,,,,,,,,,,,,,,,1381010,,,,1377290,,43000,,15.21,631780,726308,,,,,,,,,905919,,,935912,,,18184,2316922,,,,,,,,,,,,,,3720,304132,1590614,0
,,,,13739446,,,1234,黑松,,,116321,,,,,,,,,,,,,,,,,,,,1,上市,113,0,,,,,,,,,,,,,,,,,,,,,18061560,,,,18061560,,0,,44.94,2608280,8253048,,,,,,,,,4018711,,,4991088,,,187082,23052648,,,,,,,,,,,,,,0,2382808,14799600,0
,,,,789746,,,1235,興泰,,,566395,,,,,,,,,,,,,,,,,,,,1,上市,113,-841383,,,,,,,,,,,,,,,,,,,,,2662911,,,,2293542,,113226948,,62.94,2053633,1491567,,,,,,,,,1496648,,,2484365,,,282136,5147276,,,,,,,,,,,,,,369369,430732,3655709,0
,,,,1161286,,,1236,宏亞,,,235689,,,,,,,,,,,,,,,,,,,,1,上市,113,,,,,,,,,,,,,,,,,,,,,,2297920,,,,2297920,,0,,26.51,595495,750169,,,,,,,,,866740,,,1257301,,,34205,3555221,,,,,,,,,,,,,,,661806,2805052,0
,,,,2486766,,,1256,鮮活果汁-KY,,,-70446,,,,,,,,,,,,,,,,,,,,1,上市,113,,,,,,,,,,,,,,,,,,,,,,4413603,,,,3900304,,0,,115.25,429195,2181831,,,,,,,,,338422,,,526002,,,1145562,4939605,,,,,,,,,,,,,,513299,96807,2757774,0
,,,,204686884,,,1301,台塑,0,,57214886,,,,,,,,,,,,,,,,,,,,1,上市,113,0,,,,,,,,,,,,,,,,,,,,0,337372683,,,,337372683,,0,,53.00,96142898,155262790,,,,,,,,,63657408,,,193958789,,,11813505,531331472,,,,,,,,,,,,,,0,97815891,376068682,0
,,,,226520153,,,1303,南亞,,,29563154,,,,,,,,,,,,,,,,,,,,1,上市,113,,,,,,0,,,,,,,,,,,,,,,,379047197,,,,363118538,,0,,45.79,126670119,213760894,,,,,,,,,79308216,,,272873864,,,27727015,651921061,,,,,,,,,,,,,,15928659,146203745,438160167,0
,,,,11133002,,,1304,台聚,,,110343,,,,,,,,,,,,,,,,,,,,1,上市,113,-475606,,,,,,,,,,,,,,,,,,,,,47416524,,,,23132152,,116465574,,21.57,12940948,30226377,,,,,,,,,11887635,,,27132933,,,476778,74549457,,,,,,,,,,,,,,24284372,14191985,44323080,0
,,,,3681154,,,1305,華夏,,,45632,,,,,,,,,,,,,,,,,,,,1,上市,113,,,,,,,,,,,,,,,,,,,,,,10190593,,,,9555261,,0,,16.44,4186330,7407279,,,,,,,,,5810505,,,8007388,,,17970,18197981,,,,,,,,,,,,,,635332,3821058,10790702,0
,,,,4717338,,,1307,三芳,,,209833,,,,,,,,,,,,,,,,,,,,1,上市,113,,,,,,,,,,,,,,,,,,,,,,9050682,,,,9050682,,0,,22.75,4554652,9904310,,,,,,,,,3978181,,,7407132,,,145330,16457814,,,,,,,,,,,,,,,2852480,6553504,0
,,,,6508061,,,1308,亞聚,,,462458,,,,,,,,,,,,,,,,,,,,1,上市,113,,,,,,,,,,,,,,,,,,,,,,12945515,,,,12945515,,0,,21.80,951008,3110153,,,,,,,,,5937438,,,1527798,,,37558,14473313,,,,,,,,,,,,,,,576790,11363160,0
,,,,2454285,,,1309,台達化,,,143689,,,,,,,,,,,,,,,,,,,,1,上市,113,,,,,,,,,,,,,,,,,,,,,,6577043,,,,6577043,,0,,16.54,2319439,5893224,,,,,,,,,3975868,,,2667244,,,3201,9244287,,,,,,,,,,,,,,,347805,3351063,0
,,,,821609,,,1310,台苯,,,789731,,,,,,,,,,,,,,,,,,,,1,上市,113,,,,,,0,,,,,,,,,,,,,,,,7195829,,,,6965766,,0,,13.20,2001581,2406293,,,,,,,,,5278698,,,2276693,,,75728,9472522,,,,,,,,,,,,,,230063,275112,7066229,0
,,,,21564898,,,1312,國喬,,,-380172,,,,,,,,,,,,,,,,,,,,1,上市,113,-49858,,,,,,,,,,,,,,,,,,,,,36833327,,,,33472670,,1776000,,29.76,12213704,16133167,,,,,,,,,11266203,,,26326686,,,1071599,63160013,,,,,,,,,,,,,,3360657,14112982,47026846,0
,,,,3815138,,,1313,聯成,,,12537629,,,,,,,,,,,,,,,,,,,,1,上市,113,-438941,,,,,,,,,,,,,,,,,,,,,30951744,,,,30951744,,38665000,,23.31,12529534,24770478,,,,,,,,,13660310,,,30454986,,,1377608,61406730,,,,,,,,,,,,,,,17925452,36636252,1264000
,,,,40573030,,,1314,中石化,,,-772987,,,,,,,,,,,,,,,,,,,,1,上市,113,,,,,,0,,,,,,,,,,,,,,,,79333836,,,,79230551,,0,,20.93,30377808,68409475,,,,,,,,,37848502,,,66977513,,,1582006,146311349,,,,,,,,,,,,,,103285,36599705,77901874,0
,,,,7397212,,,1315,達新,,,1675548,,,,,,,,,,,,,,,,,,,,1,上市,113,-83230,,,,,0,,,,,,,,,,,,,,,,10232046,,,,10202659,,3572068,,106.80,716441,7400668,,,,,,,,,990990,,,980709,,,222139,11212755,,,,,,,,,,,,,,29387,264268,3812087,0
,,,,-177098,,,1316,上曜,,,-146,,,,,,,,,,,,,,,,,,,,1,上市,113,-75783,,,,,0,,,,,,,,,,,,,,,,6754030,,,,3115597,,33298712,,11.68,6060498,10425248,,,,,,,,,2999963,,,6203591,,,368661,12957621,,,,,,,,,,,,,,3638433,143093,2532373,0
,,,,16388882,,,1319,東陽,,,297116,,,,,,,,,,,,,,,,,,,,1,上市,113,,,,,,,,,,,,,,,,,,,,,,27272485,,,,26751891,,0,,45.23,6924066,13363682,,,,,,,,,5914771,,,8918743,,,4151122,36191228,,,,,,,,,,,,,,520594,1994677,22827546,0
,,,,3632147,,,1321,大洋,,,276661,,,,,,,,,,,,,,,,,,,,1,上市,113,-36189,,,,,0,,,,,,,,,,,,,,,,6166434,,,,6166434,,6542716,,27.94,1072240,2286123,,,,,,,,,2272283,,,5881842,,,21532,12048276,,,,,,,,,,,,,,,4809602,9762153,0
,,,,1476469,,,1323,永裕,,,-42514,,,,,,,,,,,,,,,,,,,,1,上市,113,-2813,,,,,0,,,,,,,,,,,,,,,,2934476,,,,2404535,,1200017,,26.69,839346,2612752,,,,,,,,,912745,,,2572027,,,60648,5506503,,,,,,,,,,,,,,529941,1732681,2893751,0
,,,,229189,,,1324,地球,,,-21023,,,,,,,,,,,,,,,,,,,,1,上市,113,0,,,,,0,,,,,,,,,,,,,,,,960252,,,,960252,,0,,12.78,208925,795108,,,,,,,,,751219,,,228994,,,867,1189246,,,,,,,,,,,,,,0,20069,394138,0
,,,,1916674,,,1325,恆大,,,12249,,,,,,,,,,,,,,,,,,,,1,上市,113,,,,,,0,,,,,,,,,,,,,,,,2880173,,,,2785298,,0,,32.66,45131,1777794,,,,,,,,,852812,,,102320,,,3563,2982493,,,,,,,,,,,,,,94875,57189,1204699,0
,,,,185321612,,,1326,台化,,,72945199,,,,,,,,,,,,,,,,,,,,1,上市,113,-323952,,,,,0,,,,,,,,,,,,,,,,367091181,,,,325833538,,12169610,,55.71,125480205,215942277,,,,,,,,,58611863,,,201294214,,,9278816,568385395,,,,,,,,,,,,,,41257643,75814009,352443118,0
,,,,80028,,,1337,再生-KY,,,-370155,,,,,,,,,,,,,,,,,,,,1,上市,113,,,,,,,,,,,,,,,,,,,,,,4383924,,,,4383924,,0,,16.30,109711,1416125,,,,,,,,,2689547,,,625609,,,1984504,5009533,,,,,,,,,,,,,,,515898,3593408,0
,,,,3085783,,,1338,廣華-KY,,,-501358,,,,,,,,,,,,,,,,,,,,1,上市,113,,,,,,0,,,,,,,,,,,,,,,,6553576,,,,6209915,,0,,74.07,3216947,5424410,,,,,,,,,838400,,,4093726,,,2787090,10647302,,,,,,,,,,,,,,343661,876779,5222892,0
,,,,2016150,,,1339,昭輝,,,-82975,,,,,,,,,,,,,,,,,,,,1,上市,113,,,,,,,,,,,,,,,,,,,,,,3967943,,,,3867763,,0,,52.18,1007093,1778652,,,,,,,,,741239,,,1493235,,,1193349,5461178,,,,,,,,,,,,,,100180,486142,3682526,0
,,,,172457,,,1340,勝悅-KY,0,,-532917,,,,,,,,,,,,,,,,,,,,1,上市,113,,,,,,,,,,,,,,,,,,,,,,3709583,,,,3709583,,0,,24.26,135933,1270602,,,,,,,,,1529229,,,350400,,,2540814,4059983,,,,,,,,,,,,,,0,214467,2789381,0
,,,,678709,,,1341,富林-KY,,,-283400,,,,,,,,,,,,,,,,,,,,1,上市,113,,,,,,,,,,,,,,,,,,,,,,1175573,,,,1175573,,0,,22.63,1044524,1600864,,,,,,,,,519408,,,1085143,,,260856,2260716,,,,,,,,,,,,,,,40619,659852,0
,,,,673274,,,1342,八貫,,,-16038,,,,,,,,,,,,,,,,,,,,1,上市,113,,,,,,,,,,,,,,,,,,,,,,2016493,,,,,,0,,28.26,944766,2124132,,,,,,,,,713448,,,1386703,,,645809,3403196,,,,,,,,,,,,,,,441937,1279064,0
,,,,156000563,,,1402,遠東新,,,8230980,,,,,,,,,,,,,,,,,,,,1,上市,113,-25063,,,,,,,,,,,,,,,,,,,,,317987269,,,,231036755,,779000,,43.17,132412099,137368148,,,,,,,,,53528751,,,353587522,,,13301524,671574791,,,,,,,,,,,,,,86950514,221175423,534206643,0
,,,,13279223,,,1409,新纖,,,4265934,,,,,,,,,,,,,,,,,,,,1,上市,113,-29834,,,,,,,,,,,,,,,,,,,,,,46200053,,,35657845,,4680487,,22.10,132246229,136144671,,,,,,,,,16184093,,,157939966,,,1958429,204140019,,,,,,,,,,,,,,10542208,25693737,67995348,0
,,,,416505,,,1410,南染,,,-3055,,,,,,,,,,,,,,,,,,,,1,上市,113,,,,,,0,,,,,,,,,,,,,,,,1108487,,,,1065808,,0,,16.92,64002,628700,,,,,,,,,630000,,,241155,,,22358,1349642,,,,,,,,,,,,,,42679,177153,720942,0
,,,,-231628,,,1413,宏洲,,,-8703,,,,,,,,,,,,,,,,,,,,1,上市,113,,,,,,,,,,,,,,,,,,,,,,1080793,,,,,,0,,8.18,535688,573405,,,,,,,,,1321124,,,1319752,,,0,2400545,,,,,,,,,,,,,,,784064,1827140,0
,,,,1034786,,,1414,東和,,,-95984,,,,,,,,,,,,,,,,,,,,1,上市,113,0,,,,,,,,,,,,,,,,,,,,,3138802,,,,,,0,,14.27,689393,1170829,,,,,,,,,2200000,,,1370976,,,0,4509778,,,,,,,,,,,,,,,681583,3338949,0
,,,,1453293,,,1416,廣豐,,,367740,,,,,,,,,,,,,,,,,,,,1,上市,113,,,,,,0,,,,,,,,,,,,,,,,3799299,,,,3724531,,0,,20.10,313111,984534,,,,,,,,,1853422,,,1055088,,,50076,4854387,,,,,,,,,,,,,,74768,741977,3869853,0
,,,,365309,,,1417,嘉裕,,,355798,,,,,,,,,,,,,,,,,,,,1,上市,113,,,,,,,,,,,,,,,,,,,,,,2620526,,,,2620526,,0,,13.80,469855,2101392,,,,,,,,,1899419,,,764678,,,,3385204,,,,,,,,,,,,,,,294823,1283812,0
,,,,-810946,,,1418,東華,,,1551417,,,,,,,,,,,,,,,,,,,,1,上市,113,-80333,,,,,,,,,,,,,,,,,,,,,1236497,,,,1236489,,2522865,,22.77,2839293,920219,,,,,,,,,568343,,,3325708,,,8008,4562205,,,,,,,,,,,,,,8,486415,3641986,0
,,,,4348850,,,1419,新紡,,,6420801,,,,,,,,,,,,,,,,,,,,1,上市,113,-13174,,,,,,,,,,,,,,,,,,,,,13770275,,,,13770275,,803829,,46.02,3695485,4195691,,,,,,,,,3000413,,,5285360,,,13385,19055635,,,,,,,,,,,,,,,1589875,14859944,0
,,,,730027,,,1423,利華,,,1128695,,,,,,,,,,,,,,,,,,,,1,上市,113,,,,,,,,,,,,,,,,,,,,,,2961299,,,,,,0,,29.72,38167,902446,,,,,,,,,996480,,,269214,,,106097,3230513,,,,,,,,,,,,,,,231047,2328067,0
,,,,-230964,,,1432,大魯閣,,,-100509,,,,,,,,,,,,,,,,,,,,1,上市,113,0,,,,,0,,,,,,,,,,,,,,,,777820,,,,768380,,0,,8.54,1469757,995487,,,,,,,,,900000,,,4203134,,,199853,4980954,,,,,,,,,,,,,,9440,2733377,3985467,0
,,,,19030709,,,1434,福懋,,,12982397,,,,,,,,,,,,,,,,,,,,1,上市,113,-19064,,,,,0,,,,,,,,,,,,,,,,50183745,,,,50183745,,2193228,,29.83,6785126,17000126,,,,,,,,,16846646,,,17946175,,,1343057,68129920,,,,,,,,,,,,,,,11161049,51129794,0
,,,,-136117,,,1435,中福,,,-46887,,,,,,,,,,,,,,,,,,,,1,上市,113,0,,,,,,,,,,,,,,,,,,,,,1339934,,,,,,0,,9.59,5910,468823,,,,,,,,,1397801,,,186095,,,125137,1526029,,,,,,,,,,,,,,,180185,1057206,0
,,,,1762841,,,1436,華友聯,,,15151,,,,,,,,,,,,,,,,,,,,1,上市,113,,,,,,0,,,,,,,,,,,,,,,,3367191,,,,3251862,,0,,31.95,10144991,14564123,,,,,,,,,1017835,,,13321857,,,456035,16689048,,,,,,,,,,,,,,115329,3176866,2124925,2075762
,,,,4731776,,,1437,勤益控,,,594296,,,,,,,,,,,,,,,,,,,,1,上市,113,,,,,,0,,,,,,,,,,,,,,,,7704832,,,,7703686,,0,,37.88,3925710,2186353,,,,,,,,,2033713,,,5489815,,,343901,13194647,,,,,,,,,,,,,,1146,1564105,11008294,0
,,,,261211,,,1438,三地開發,,,0,,,,,,,,,,,,,,,,,,,,1,上市,113,,,,,,,,,,,,,,,,,,,,,,1847586,,,,,,0,,20.26,4942244,7223215,,,,,,,,,912058,,,9424677,,,674317,11272263,,,,,,,,,,,,,,,4482433,4049048,0
,,,,1555890,,,1439,雋揚,,,-37331,,,,,,,,,,,,,,,,,,,,1,上市,113,,,,,,,,,,,,,,,,,,,,,,3043292,,,,2638101,,0,,28.68,1757609,2913255,,,,,,,,,920000,,,2258738,,,199542,5302030,,,,,,,,,,,,,,405191,501129,2388775,0
,,,,12056383,,,1440,南紡,,,275357,,,,,,,,,,,,,,,,,,,,1,上市,113,,,,,,0,,,,,,,,,,,,,,,,29366002,,,,28972489,,0,,17.49,11638009,16622213,,,,,,,,,16568159,,,21504838,,,72590,50870840,,,,,,,,,,,,,,393513,9866829,34248627,0
,,,,-330888,,,1441,大東,,,-18097,,,,,,,,,,,,,,,,,,,,1,上市,113,,,,,,,,,,,,,,,,,,,,,,387463,,,,373153,,0,,5.38,1382859,744263,,,,,,,,,693822,,,1550568,,,28316,1938031,,,,,,,,,,,,,,14310,167709,1193768,0
,,,,3051104,,,1442,名軒,,,10189,,,,,,,,,,,,,,,,,,,,1,上市,113,,,,,,,,,,,,,,,,,,,,,,7715258,,,,7715258,,0,,21.07,6087442,16324992,,,,,,,,,3662113,,,9581683,,,991852,17296941,,,,,,,,,,,,,,,3494241,971949,0
,,,,-119737,,,1443,立益物流,,,780275,,,,,,,,,,,,,,,,,,,,1,上市,113,,,,,,0,,,,,,,,,,,,,,,,1615338,,,,2014669,,0,,14.89,3147696,527597,,,,,,,,,1353430,,,5584667,,,701,7200005,,,,,,,,,,,,,,-399331,2436971,6672408,0
,,,,786435,,,1444,力麗,,,-12985,,,,,,,,,,,,,,,,,,,,1,上市,113,-28470,,,,,,,,,,,,,,,,,,,,,12107580,,,,10799739,,11204989,,10.97,5515971,5900295,,,,,,,,,9955950,,,7143217,,,98809,19250797,,,,,,,,,,,,,,1307841,1627246,13350502,0
,,,,1210203,,,1445,大宇,,,159190,,,,,,,,,,,,,,,,,,,,1,上市,113,,,,,,,,,,,,,,,,,,,,,,2677594,,,,2677594,,0,,20.49,188503,1859707,,,,,,,,,1306660,,,280466,,,1541,2958060,,,,,,,,,,,,,,,91963,1098353,0
,,,,455365,,,1446,宏和,,,-25680,,,,,,,,,,,,,,,,,,,,1,上市,113,0,,,,,0,,,,,,,,,,,,,,,,1813364,,,,1813364,,0,,13.17,2630851,3918096,,,,,,,,,1377095,,,2654997,,,6584,4468361,,,,,,,,,,,,,,0,24146,550265,0
,,,,425238,,,1447,力鵬,,,-366395,,,,,,,,,,,,,,,,,,,,1,上市,113,-289292,,,,,,,,,,,,,,,,,,,,,9971575,,,,9063656,,67029106,,10.75,10779710,13025135,,,,,,,,,9100712,,,12945401,,,193393,22916976,,,,,,,,,,,,,,907919,2165691,9891841,0
,,,,165631,,,1449,佳和,,,499807,,,,,,,,,,,,,,,,,,,,1,上市,113,,,,,,,,,,,,,,,,,,,,,,1699948,,,,1638922,,0,,19.23,2019420,2009166,,,,,,,,,852101,,,4306514,,,121383,6006462,,,,,,,,,,,,,,61026,2287094,3997296,0
,,,,4924366,,,1451,年興,,,-483173,,,,,,,,,,,,,,,,,,,,1,上市,113,,,,,,,,,,,,,,,,,,,,,,7007982,,,,7007982,,0,,33.98,844134,5512969,,,,,,,,,2062100,,,1194703,,,504689,8202685,,,,,,,,,,,,,,,350569,2689716,0
,,,,992123,,,1452,宏益,,,268792,,,,,,,,,,,,,,,,,,,,1,上市,113,,,,,,,,,,,,,,,,,,,,,,2742788,,,,2742788,,0,,20.68,123026,2006880,,,,,,,,,1326414,,,170484,,,155459,2913272,,,,,,,,,,,,,,,47458,906392,0
,,,,380750,,,1453,大將,,,,,,,,,,,,,,,,,,,,,,,1,上市,113,,,,,,,,,,,,,,,,,,,,,,1464210,,,,1450937,,0,,13.59,470479,1906525,,,,,,,,,1067425,,,631246,,,2762,2095456,,,,,,,,,,,,,,13273,160767,188931,0
,,,,258730,,,1454,台富,,,43898,,,,,,,,,,,,,,,,,,,,1,上市,113,-77032,,,,,,,,,,,,,,,,,,,,,1590642,,,,1590616,,7714703,,13.03,370623,1135952,,,,,,,,,1298338,,,408504,,,66682,1999146,,,,,,,,,,,,,,26,37881,863194,0
,,,,663882,,,1455,集盛,,,50087,,,,,,,,,,,,,,,,,,,,1,上市,113,,,,,,,,,,,,,,,,,,,,,,6377196,,,,6377196,,0,,11.99,3289106,4498769,,,,,,,,,5316884,,,4476485,,,346343,10853681,,,,,,,,,,,,,,,1187379,6354912,0
,,,,515085,,,1456,怡華,,,,,,,,,,,,,,,,,,,,,,,1,上市,113,,,,,,0,,,,,,,,,,,,,,,,1470662,,,,1470662,,0,,15.69,7659020,9360063,,,,,,,,,937200,,,10380094,,,18377,11850756,,,,,,,,,,,,,,,2721074,2490693,0
,,,,2080681,,,1457,宜進,,,-30828,,,,,,,,,,,,,,,,,,,,1,上市,113,-349848,,,,,0,,,,,,,,,,,,,,,,8877379,,,,5201742,,79248880,,23.39,4025261,3843813,,,,,,,,,3016476,,,11209014,,,485261,20086393,,,,,,,,,,,,,,3675637,7183753,16242580,0
,,,,-70851,,,1459,聯發,,,-419170,,,,,,,,,,,,,,,,,,,,1,上市,113,-528645,,,,,,,,,,,,,,,,,,,,,2809610,,,,2809610,,41144531,,8.85,1352532,1669912,,,,,,,,,3586289,,,1871134,,,241987,4680744,,,,,,,,,,,,,,,518602,3010832,0
,,,,-662752,,,1460,宏遠,,,-139397,,,,,,,,,,,,,,,,,,,,1,上市,113,-332836,,,,,,,,,,,,,,,,,,,,,5927397,,,,5927392,,20177533,,8.79,5848057,6913820,,,,,,,,,6946434,,,6785341,,,115943,12712738,,,,,,,,,,,,,,5,937284,5798918,0
,,,,381362,,,1463,強盛新,,,19641,,,,,,,,,,,,,,,,,,,,1,上市,113,-108791,,,,,0,,,,,,,,,,,,,,,,2406778,,,,2302372,,8874795,,14.01,414106,1505718,,,,,,,,,1732684,,,541288,,,277476,2948066,,,,,,,,,,,,,,104406,127182,1442348,0
,,,,818814,,,1464,得力,,,-265376,,,,,,,,,,,,,,,,,,,,1,上市,113,,,,,,,,,,,,,,,,,,,,,,5813329,,,,5211488,,0,,12.78,5021426,7589853,,,,,,,,,4076396,,,9068810,,,581654,14882139,,,,,,,,,,,,,,601841,4047384,7292286,0
,,,,317199,,,1465,偉全,,,-14515,,,,,,,,,,,,,,,,,,,,1,上市,113,,,,,,,,,,,,,,,,,,,,,,1639068,,,,,,0,,15.82,230272,674839,,,,,,,,,1036073,,,309787,,,300311,1948855,,,,,,,,,,,,,,,79515,1274016,0
,,,,-111501,,,1466,聚隆,0,,-5061,,,,,,,,,,,,,,,,,,,,1,上市,113,0,,,,,,,,,,,,,,,,,,,,,1426164,,,,1426164,,0,,12.83,775290,1398622,,,,,,,,,1111573,,,1944381,,,431153,3370545,,,,,,,,,,,,,,0,1169091,1971923,0
,,,,122192,,,1467,南緯,0,,136430,,,,,,,,,,,,,,,,,,,,1,上市,113,0,,,,,,,,,,,,,,,,,,,,0,2987571,,,,2849136,,0,,12.20,3218495,4395284,,,,,,,,,2336247,,,5478936,,,254267,8466507,,,,,,,,,,,,,,138435,2260441,4071223,0
,,,,-462050,,,1468,昶和,,,80670,,,,,,,,,,,,,,,,,,,,1,上市,113,,,,,,,,,,,,,,,,,,,,,,1316169,,,,1249426,,0,,7.79,1024666,1590822,,,,,,,,,1604053,,,1530288,,,26753,2846457,,,,,,,,,,,,,,66743,505622,1255635,0
,,,,103306,,,1470,大統新創,,,-1000,,,,,,,,,,,,,,,,,,,,1,上市,113,,,,,,,,,,,,,,,,,,,,,,967293,,,,967293,,0,,11.28,191434,672906,,,,,,,,,857670,,,203100,,,7317,1170393,,,,,,,,,,,,,,,11666,497487,0
,,,,-742675,,,1471,首利,,,102832,,,,,,,,,,,,,,,,,,,,1,上市,113,,,,,,0,,,,,,,,,,,,,,,,1524435,,,,1449782,,0,,9.64,77616,1389247,,,,,,,,,1504145,,,116244,,,585480,1640679,,,,,,,,,,,,,,74653,38628,251432,0
,,,,715038,,,1472,三洋實業,,,-8142,,,,,,,,,,,,,,,,,,,,1,上市,113,,,,,,,,,,,,,,,,,,,,,,1470217,,,,1470217,,0,,34.60,1328866,2407351,,,,,,,,,424881,,,1474412,,,338440,2944629,,,,,,,,,,,,,,,145546,537278,0
,,,,1652445,,,1473,台南,,,72324,,,,,,,,,,,,,,,,,,,,1,上市,113,0,,,,,0,,,,,,,,,,,,,,,,4010835,,,,4010835,,0,,27.44,1665314,3595130,,,,,,,,,1461535,,,1857217,,,824531,5868052,,,,,,,,,,,,,,,191903,2272922,0
,,,,818456,,,1474,弘裕,,,-58696,,,,,,,,,,,,,,,,,,,,1,上市,113,,,,,,,,,,,,,,,,,,,,,,2139391,,,,2109465,,0,,16.24,986496,2070257,,,,,,,,,1298970,,,1579220,,,50735,3718611,,,,,,,,,,,,,,29926,592724,1648354,0
,,,,522151,,,1475,業旺,,,,,,,,,,,,,,,,,,,,,,,1,上市,113,,,,,,0,,,,,,,,,,,,,,,,1377170,,,,1377170,,0,,20.86,426277,1748486,,,,,,,,,660168,,,428730,,,194851,1805900,,,,,,,,,,,,,,,2453,57414,0
,,,,16839156,,,1476,儒鴻,,,259755,,,,,,,,,,,,,,,,,,,,1,上市,113,,,,,,,,,,,,,,,,,,,,,,23612385,,,,23612385,,0,,86.06,10400497,19536446,,,,,,,,,2743671,,,10481094,,,3769803,34093479,,,,,,,,,,,,,,,80597,14557033,0
,,,,4361630,,,1477,聚陽,,,173232,,,,,,,,,,,,,,,,,,,,1,上市,113,,,,,,0,,,,,,,,,,,,,,,,13281483,,,,13168132,,0,,54.45,12064484,19128876,,,,,,,,,2418566,,,12421962,,,6214704,25703445,,,,,,,,,,,,,,113351,357478,6574569,0
,,,,21646988,,,1503,士電,,,10143798,,,,,,,,,,,,,,,,,,,,1,上市,113,,,,,,,,,,,,,,,,,,,,,,40451230,,,,39659575,,0,,76.13,16923172,23795745,,,,,,,,,5209722,,,19751637,,,2659067,60202867,,,,,,,,,,,,,,791655,2828465,36407122,0
,,,,30728210,,,1504,東元,,,13067011,,,,,,,,,,,,,,,,,,,,1,上市,113,-511710,,,,,0,,,,,,,,,,,,,,,,80794722,,,,74354341,,29513022,,35.25,27332556,54501703,,,,,,,,,21387966,,,45672684,,,9682864,126467406,,,,,,,,,,,,,,6440381,18340128,71965703,0
,,,,-551921,,,1506,正道,,,-198451,,,,,,,,,,,,,,,,,,,,1,上市,113,,,,,,,,,,,,,,,,,,,,,,2747199,,,,2678249,,0,,8.92,259117,1153335,,,,,,,,,3003885,,,339176,,,424736,3086375,,,,,,,,,,,,,,68950,80059,1933040,0
,,,,-853412,,,1512,瑞利,,,218625,,,,,,,,,,,,,,,,,,,,1,上市,113,,,,,,0,,,,,,,,,,,,,,,,347048,,,,347048,,0,,3.53,471145,687918,,,,,,,,,981835,,,1838618,,,,2185666,,,,,,,,,,,,,,,1367473,1497748,0
,,,,6717130,,,1513,中興電,,,3921250,,,,,,,,,,,,,,,,,,,,1,上市,113,-116880,,,,,0,,,,,,,,,,,,,,,,18724551,,,,18524969,,9038676,,37.49,13804877,20096555,,,,,,,,,5031125,,,27900043,,,2972344,46624594,,,,,,,,,,,,,,199582,14095166,26528039,0
,,,,2003669,,,1514,亞力,,,-25594,,,,,,,,,,,,,,,,,,,,1,上市,113,-38849,,,,,0,,,,,,,,,,,,,,,,5459855,,,,5355673,,2708817,,21.42,5309415,8585858,,,,,,,,,2601485,,,5811038,,,814962,11270893,,,,,,,,,,,,,,104182,501623,2685035,0
,,,,2156839,,,1515,力山,,,-127787,,,,,,,,,,,,,,,,,,,,1,上市,113,,,,,,0,,,,,,,,,,,,,,,,3873171,,,,3844373,,0,,21.18,5221123,5249482,,,,,,,,,1814735,,,5358664,,,586,9231835,,,,,,,,,,,,,,28798,137541,3982353,0
,,,,65665,,,1516,川飛,,,-6022,,,,,,,,,,,,,,,,,,,,1,上市,113,,,,,,0,,,,,,,,,,,,,,,,468030,,,,,,0,,12.06,5082,430375,,,,,,,,,388202,,,6068,,,20185,474098,,,,,,,,,,,,,,,986,43723,0
,,,,1502834,,,1517,利奇,,,-93451,,,,,,,,,,,,,,,,,,,,1,上市,113,-20676,,,,,,,,,,,,,,,,,,,,,3847025,,,,3712641,,2385000,,16.63,471843,3109453,,,,,,,,,2256850,,,709413,,,67084,4556438,,,,,,,,,,,,,,134384,237570,1446985,0
,,,,2449127,,,1519,華城,,,-71176,,,,,,,,,,,,,,,,,,,,1,上市,113,,,,,,,,,,,,,,,,,,,,,,5177625,,,,5075491,,0,,19.44,11030882,14386231,,,,,,,,,2610585,,,11979858,,,86955,17157483,,,,,,,,,,,,,,102134,948976,2771252,0
,,,,1016784,,,1521,大億,,,-34874,,,,,,,,,,,,,,,,,,,,1,上市,113,,,,,,0,,,,,,,,,,,,,,,,1805488,,,,1805488,,0,,23.68,1263396,2221088,,,,,,,,,762300,,,1421132,,,61278,3226620,,,,,,,,,,,,,,,157736,1005532,0
,,,,4070365,,,1522,堤維西,,,-182208,,,,,,,,,,,,,,,,,,,,1,上市,113,-5996,,,,,0,,,,,,,,,,,,,,,,10254900,,,,9891719,,939707,,28.93,8712564,11521009,,,,,,,,,3428979,,,16227062,,,2580579,26481962,,,,,,,,,,,,,,363181,7514498,14960953,0
,,,,959179,,,1524,耿鼎,0,,63316,,,,,,,,,,,,0,,,,,,,,1,上市,113,0,,,,,0,,,,,,,,,,,,,,,,2676606,,,,,,0,,16.19,1463601,1932314,,,,,,,,,1653104,,,2682325,,,1007,5358931,,,,,,,,,,,,,,,1218724,3426617,0
,,,,4522978,,,1525,江申,,,-351386,,,,,,,,,,,,,,,,,,,,1,上市,113,,,,,,,,,,,,,,,,,,,,,,4906844,,,,4906844,,0,,66.85,629494,2463790,,,,,,,,,734001,,,903316,,,1251,5810160,,,,,,,,,,,,,,,273822,3346370,0
,,,,698776,,,1526,日馳,,,6338,,,,,,,,,,,,,,,,,,,,1,上市,113,,,,,,,,,,,,,,,,,,,,,,1400234,,,,1400234,,0,,23.34,437736,1702211,,,,,,,,,600000,,,1247352,,,95120,2647586,,,,,,,,,,,,,,,809616,945375,0
,,,,3464348,,,1527,鑽全,,,-579,,,,,,,,,,,,,,,,,,,,1,上市,113,,,,,,,,,,,,,,,,,,,,,,4876337,,,,,,0,,35.19,570827,4238576,,,,,,,,,1385706,,,591970,,,26862,5468307,,,,,,,,,,,,,,,21143,1229731,0
,,,,279894,,,1528,恩德,,,-81360,,,,,,,,,,,,,,,,,,,,1,上市,113,0,,,,,,,,,,,,,,,,,,,,,2449600,,,,2353548,,0,,12.30,2663684,3967276,,,,,,,,,1913310,,,3182680,,,241704,5632280,,,,,,,,,,,,,,96052,518996,1665004,0
,,,,151783,,,1529,樂事綠能,0,,920,,,,,,,,,,,,,,,,,,,,1,上市,113,0,,,,,,,,,,,,,,,,,,,,,1811884,,,,1745707,,0,,11.59,513014,929258,,,,,,,,,1505778,,,1442774,,,87226,3254658,,,,,,,,,,,,,,66177,929760,2325400,0
,,,,2284832,,,1530,亞崴,,,-19589,,,,,,,,,,,,,,,,,,,,1,上市,113,,,,,,0,,,,,,,,,,,,,,,,3419467,,,,3326701,,0,,34.44,2410988,3816116,,,,,,,,,965942,,,2713444,,,95516,6132911,,,,,,,,,,,,,,92766,302456,2316795,0
,,,,1741062,,,1531,高林股,,,-91733,,,,,,,,,,,,,,,,,,,,1,上市,113,-24059,,,,,0,,,,,,,,,,,,,,,,3661004,,,,3661004,,1500000,,20.10,383127,3034764,,,,,,,,,1836081,,,605014,,,199653,4266018,,,,,,,,,,,,,,,221887,1231254,0
,,,,7940384,,,1532,勤美,,,43377,,,,,,,,,,,,,,,,,,,,1,上市,113,,,,,,0,,,,,,,,,,,,,,,,17393939,,,,13375461,,0,,35.30,28689682,35837013,,,,,,,,,3788962,,,37028722,,,1602738,54422661,,,,,,,,,,,,,,4018478,8339040,18585648,0
,,,,1129612,,,1533,車王電,,,-231632,,,,,,,,,,,,,,,,,,,,1,上市,113,,,,,,0,,,,,,,,,,,,,,,,2698046,,,,2238837,,0,,22.72,3800363,4608025,,,,,,,,,985475,,,5949457,,,355382,8647503,,,,,,,,,,,,,,459209,2149094,4039478,0
,,,,1966373,,,1535,中宇,0,,-66728,,,,,,,,,,,,,,,,,,,,1,上市,113,0,,,,,,,,,,,,,,,,,,,,,3765700,,,,3765700,,0,,30.43,2838527,4166252,,,,,,,,,1237426,,,3112697,,,628629,6878397,,,,,,,,,,,,,,0,274170,2712145,0
,,,,2295866,,,1536,和大,,,-62107,,,,,,,,,,,,,,,,,,,,1,上市,113,,,,,,,,,,,,,,,,,,,,,,8981080,,,,8862738,,0,,31.71,6731665,7660598,,,,,,,,,2795175,,,13816687,,,3833804,22797767,,,,,,,,,,,,,,118342,7085022,15137169,0
,,,,2773790,,,1537,廣隆,,,171681,,,,,,,,,,,,,,,,,,,,1,上市,113,,,,,,0,,,,,,,,,,,,,,,,4467577,,,,4467577,,0,,54.44,915530,4828513,,,,,,,,,820628,,,1376449,,,701478,5844026,,,,,,,,,,,,,,,460919,1015513,0
,,,,-272355,,,1538,正峰,,,-54333,,,,,,,,,,,,,,,,,,,,1,上市,113,,,,,,0,,,,,,,,,,,,,,,,211768,,,,211768,,0,,3.93,72940,221302,,,,,,,,,538390,,,77665,,,66,289433,,,,,,,,,,,,,,,4725,68131,0
,,,,967330,,,1539,巨庭,,,3079,,,,,,,,,,,,,,,,,,,,1,上市,113,,,,,,0,,,,,,,,,,,,,,,,1624109,,,,1624109,,0,,24.84,491347,1267377,,,,,,,,,653700,,,827123,,,0,2451232,,,,,,,,,,,,,,0,335776,1183855,0
,,,,480323,,,1540,喬福,,,,,,,,,,,,,,,,,,,,,,,1,上市,113,,,,,,0,,,,,,,,,,,,,,,,1489311,,,,,,0,,17.42,291810,1455887,,,,,,,,,854736,,,308545,,,154252,1797856,,,,,,,,,,,,,,,16735,341969,0
,,,,1151759,,,1541,錩泰,,,12917,,,,,,,,,,,,,,,,,,,,1,上市,113,0,,,,,,,,,,,,,,,,,,,,,1954040,,,,1954040,,0,,24.80,1211357,2315474,,,,,,,,,788000,,,1737530,,,1364,3691570,,,,,,,,,,,,,,0,526173,1376096,0
,,,,3152845,,,1558,伸興,,,-207626,,,,,,,,,,,,,,,,,,,,1,上市,113,0,,,,,,,,,,,,,,,,,,,,,8945148,,,,5500836,,0,,82.68,2297208,6420500,,,,,,,,,665356,,,3581318,,,1890261,12526466,,,,,,,,,,,,,,3444312,1284110,6105966,0
,,,,3228398,,,1560,中砂,,,-27008,,,,,,,,,,,,,,,,,,,,1,上市,113,,,,,,,,,,,,,,,,,,,,,,6163484,,,,5852825,,0,,40.34,3079519,4837125,,,,,,,,,1450805,,,4446149,,,1200630,10609633,,,,,,,,,,,,,,310659,1366630,5772508,0
,,,,4472226,,,1563,巧新,,,-8005,,,,,,,,,,,,,,,,,,,,1,上市,113,0,,,,,0,,,,,,,,,,,,,,,,7674220,,,,7674220,,0,,35.82,3652515,8765767,,,,,,,,,2142551,,,9658299,,,1067448,17332519,,,,,,,,,,,,,,,6005784,8566752,0
,,,,602559,,,1568,倉佑,,,-787,,,,,,,,,,,,,,,,,,,,1,上市,113,-11780,,,,,0,,,,,,,,,,,,,,,,1780298,,,,1771389,,740000,,17.31,615325,1453207,,,,,,,,,1030865,,,853655,,,150532,2633953,,,,,,,,,,,,,,8909,238330,1180746,0
,,,,2987569,,,1582,信錦,,,-366621,,,,,,,,,,,,,,,,,,,,1,上市,113,,,,,,,,,,,,,,,,,,,,,,7674300,,,,7337007,,0,,51.32,4055111,9013108,,,,,,,,,1429700,,,4602906,,,3286359,12277206,,,,,,,,,,,,,,337293,547795,3264098,2193110
,,,,4247566,,,1583,程泰,,,-89401,,,,,,,,,,,,,,,,,,,,1,上市,113,,,,,,0,,,,,,,,,,,,,,,,7234721,,,,5585845,,0,,50.60,5762226,9419963,,,,,,,,,1104004,,,6600810,,,323676,13835531,,,,,,,,,,,,,,1648876,838584,4415568,0
,,,,328607,,,1587,吉茂,,,-9336,,,,,,,,,,,,,,,,,,,,1,上市,113,-6171,,,,,0,,,,,,,,,,,,,,,,1375422,,,,1375422,,250000,,20.12,1537401,1829626,,,,,,,,,686244,,,2019539,,,376078,3394961,,,,,,,,,,,,,,,482138,1565335,0
,,,,1721717,,,1589,永冠-KY,,,-1230751,,,,,,,,,,,,,,,,,,,,1,上市,113,,,,,,,,,,,,,,,,,,,,,,8349776,,,,8162797,,0,,69.10,7561577,9714088,,,,,,,,,1181359,,,16540427,,,6490472,24890203,,,,,,,,,,,,,,186979,8978850,15176115,0
,,,,25499893,,,1590,亞德客-KY,,,-740216,,,,,,,,,,,,,,,,,,,,1,上市,113,,,,,,,,,,,,,,,,,,,,,,41612591,,,,41605822,,0,,208.03,15894861,26450425,,,,,,,,,2000000,,,16647274,,,14846145,58259865,,,,,,,,,,,,,,6769,752413,31809440,0
,,,,1143453,,,1597,直得,,,-10351,,,,,,,,,,,,,,,,,,,,1,上市,113,-147570,,,,,0,,,,,,,,,,,,,,,,2324272,,,,2324272,,2000000,,26.64,633373,1818871,,,,,,,,,892619,,,1676383,,,446121,4000655,,,,,,,,,,,,,,,1043010,2181784,0
,,,,588366,,,1598,岱宇,,,-46613,,,,,,,,,,,,,,,,,,,,1,上市,113,-408690,,,,,,,,,,,,,,,,,,,,,4881942,,,,4486673,,8963000,,29.78,3780683,4765081,,,,,,,,,1596097,,,6241360,,,2757513,11123302,,,,,,,,,,,,,,395269,2460677,6358221,0
,,,,6261674,,,1603,華電,,,197148,,,,,,,,,,,,,,,,,,,,1,上市,113,-2244172,,,,,,,,,,,,,,,,,,,,,6750416,,,,6697319,,32841809,,42.16,2919698,5793072,,,,,,,,,1916880,,,3673954,,,565789,10424370,,,,,,,,,,,,,,53097,754256,4631298,0
,,,,4782572,,,1604,聲寶,,,-169538,,,,,,,,,,,,,,,,,,,,1,上市,113,-777873,,,,,,,,,,,,,,,,,,,,,8366422,,,,7951126,,20431605,,21.86,5412523,4004929,,,,,,,,,3842000,,,7823735,,,273965,16190157,,,,,,,,,,,,,,415296,2411212,12185228,0
,,,,56918050,,,1605,華新,,,10719735,,,,,,,,,,,,,,,,,,,,1,上市,113,,,,,,,,,,,,,,,,,,,,,,151479608,,,,141551902,,0,,35.11,53590243,79015575,,,,,,,,,40313329,,,114195826,,,33600788,265675434,,,,,,,,,,,,,,9927706,60605583,186659859,0
,,,,2369803,,,1608,華榮,,,-28964,,,,,,,,,,,,,,,,,,,,1,上市,113,-968671,,,,,,,,,,,,,,,,,,,,,8988616,,,,7971526,,208563824,,18.79,3712451,7245834,,,,,,,,,6327735,,,4680580,,,271623,13669196,,,,,,,,,,,,,,1017090,968129,6423362,0
,,,,5305276,,,1609,大亞,0,,203767,,,,,,,,,,,,,,,,,,,,1,上市,113,-26265,,,,,,,,,,,,,,,,,,,,0,17063682,,,,14731012,,5956356,,20.16,15442629,20606671,,,,,,,,,7368163,,,31067575,,,1880071,48131257,,,,,,,,,,,,,,2332670,15624946,27524586,0
,,,,1130823,,,1611,中電,,,39861,,,,,,,,,,,,,,,,,,,,1,上市,113,,,,,,,,,,,,,,,,,,,,,,4403896,,,,4403896,,0,,13.65,881960,2414258,,,,,,,,,3227358,,,1066569,,,5854,5470465,,,,,,,,,,,,,,0,184609,3056207,0
,,,,4349454,,,1612,宏泰,,,189035,,,,,,,,,,,,,,,,,,,,1,上市,113,,,,,,,,,,,,,,,,,,,,,,7893466,,,,7890994,,0,,24.97,732609,5216426,,,,,,,,,3160801,,,887811,,,191704,8781277,,,,,,,,,,,,,,2472,155202,3564851,0
,,,,2365668,,,1614,三洋電,,,98408,,,,,,,,,,,,,,,,,,,,1,上市,113,-132298,,,,,0,,,,,,,,,,,,,,,,5361382,,,,5316769,,10182744,,20.53,1278378,2722435,,,,,,,,,2691134,,,1730856,,,293857,7092238,,,,,,,,,,,,,,44613,452478,4369803,0
,,,,1519900,,,1615,大山,,,25476,,,,,,,,,,,,,,,,,,,,1,上市,113,,,,,,,,,,,,,,,,,,,,,,3182604,,,,3182604,,0,,19.44,1534512,2819158,,,,,,,,,1637228,,,1742450,,,0,4925054,,,,,,,,,,,,,,,207938,2105896,0
,,,,108870,,,1616,億泰,,,-54719,,,,,,,,,,,,,,,,,,,,1,上市,113,-85077,,,,,,,,,,,,,,,,,,,,,1913039,,,,1913039,,4654499,,10.10,1437459,2600262,,,,,,,,,1941485,,,1584158,,,2480,3497197,,,,,,,,,,,,,,,146699,896935,0
,,,,391794,,,1617,榮星,,,-107518,,,,,,,,,,,,,,,,,,,,1,上市,113,0,,,,,0,,,,,,,,,,,,,,,,2051439,,,,2045392,,0,,12.96,1159535,2065648,,,,,,,,,1578272,,,1243583,,,182844,3295022,,,,,,,,,,,,,,6047,84048,1229374,0
,,,,2317245,,,1618,合機,,,1081713,,,,,,,,,,,,,,,,,,,,1,上市,113,0,,,,,0,,,,,,,,,,,,,,,,5425901,,,,5425901,,0,,28.16,1288758,2819337,,,,,,,,,1926917,,,1334273,,,100026,6760174,,,,,,,,,,,,,,0,45515,3940837,0
,,,,581073,,,1626,艾美特-KY,,,-206173,,,,,,,,,,,,,,,,,,,,1,上市,113,,,,,,0,,,,,,,,,,,,,,,,3120773,,,,3120773,,0,,20.42,5081080,5307595,,,,,,,,,1528217,,,5368638,,,1217656,8489411,,,,,,,,,,,,,,,287558,3181816,0
,,,,4140193,,,1702,南僑,,,-758505,,,,,,,,,,,,,,,,,,,,1,上市,113,-530114,,,,,,,,,,,,,,,,,,,,,12560824,,,,9738031,,46041259,,39.25,8583080,15723772,,,,,,,,,2941330,,,17972908,,,3945127,30533732,,,,,,,,,,,,,,2822793,9389828,14809960,0
,,,,5958017,,,1707,葡萄王,,,-57999,,,,,,,,,,,,,,,,,,,,1,上市,113,0,,,,,,,,,,,,,,,,,,,,,12043213,,,,10259989,,0,,69.26,3324591,6074635,,,,,,,,,1481374,,,3553744,,,2878597,15596957,,,,,,,,,,,,,,1783224,229153,9522322,0
,,,,3698141,,,1708,東鹼,,,74029,,,,,,,,,,,,,,,,,,,,1,上市,113,,,,,,,,,,,,,,,,,,,,,,6368136,,,,6368136,,0,,25.57,4182155,4098032,,,,,,,,,2490017,,,7399135,,,105949,13767271,,,,,,,,,,,,,,,3216980,9669239,0
,,,,2272432,,,1709,和益,,,1077215,,,,,,,,,,,,,,,,,,,,1,上市,113,,,,,,,,,,,,,,,,,,,,,,8466520,,,,8196900,,0,,17.18,3385177,5802884,,,,,,,,,4770163,,,4510352,,,77090,12976872,,,,,,,,,,,,,,269620,1125175,7173988,0
,,,,3985568,,,1710,東聯,,,-1719228,,,,,,,,,,,,,,,,,,,,1,上市,113,-118460,,,,,,,,,,,,,,,,,,,,,14733294,,,,12095118,,8675554,,13.79,8197585,5270824,,,,,,,,,8857031,,,17883141,,,1090207,32616435,,,,,,,,,,,,,,2638176,9685556,27345611,0
,,,,2300039,,,1711,永光,,,93444,,,,,,,,,,,,,,,,,,,,1,上市,113,0,,,,,0,,,,,,,,,,,,,,,,8665944,,,,8345563,,0,,15.24,2951993,6774214,,,,,,,,,5477522,,,4336097,,,474558,13002041,,,,,,,,,,,,,,320381,1384104,6227827,0
,,,,3177607,,,1712,興農,,,-158387,,,,,,,,,,,,,,,,,,,,1,上市,113,,,,,,,,,,,,,,,,,,,,,,7746356,,,,7688722,,0,,18.29,6611753,9120793,,,,,,,,,4204926,,,8169537,,,464576,15915893,,,,,,,,,,,,,,57634,1557784,6795100,0
,,,,1279424,,,1713,國化,,,117052,,,,,,,,,,,,,,,,,,,,1,上市,113,0,,,,,,,,,,,,,,,,,,,,,2909530,,,,,,0,,19.27,40539,737908,,,,,,,,,1509517,,,154313,,,3537,3063843,,,,,,,,,,,,,,,113774,2325935,0
,,,,3426186,,,1714,和桐,,,-874399,,,,,,,,,,,,,,,,,,,,1,上市,113,-78973,,,,,0,,,,,,,,,,,,,,,,16974246,,,,12716586,,10141558,,12.63,3468208,14097232,,,,,,,,,10168248,,,6506381,,,75524,23480627,,,,,,,,,,,,,,4257660,3038173,9383395,0
,,,,13149565,,,1717,長興,,,-55704,,,,,,,,,,,,,,,,,,,,1,上市,113,,,,,,,,,,,,,,,,,,,,,,26039525,,,,25542749,,0,,21.68,19127426,33641566,,,,,,,,,11782655,,,34147011,,,666233,60186536,,,,,,,,,,,,,,496776,15019585,26544970,0
,,,,2561618,,,1718,中纖,0,,1137197,,,,,,,,,,,,,,,,,,,,1,上市,113,-1135056,,,,,,,,,,,,,,,,,,,,,,81488621,0,,21135592,,344225645,,15.75,804017823,686093621,,,,,,,,,16859057,,,833597425,,,1712776,915086046,,,,,,,,,,,,,,60353029,29579602,228992425,0
,,,,3051635,,,1720,生達,,,162477,,,,,,,,,,,,,,,,,,,,1,上市,113,,,,,,0,,,,,,,,,,,,,,,,8047785,,,,5299886,,0,,29.66,2866587,5471516,,,,,,,,,1786961,,,3523836,,,298813,11571621,,,,,,,,,,,,,,2747899,657249,6100105,0
,,,,134965,,,1721,國慶科技,,,2269,,,,,,,,,,,,,,,,,,,,1,上市,113,,,,,,,,,,,,,,,,,,,,,,2028330,,,,2028330,,0,,10.97,745187,1872537,,,,,,,,,1848841,,,1644200,,,42255,3672530,,,,,,,,,,,,,,,899013,1799993,0
,,,,40080991,,,1722,台肥,0,,3502493,,,,,,,,,,,,,,,,,,,,1,上市,113,0,,,,,0,,,,,,,,,,,,,,,0,55628592,,,,55628592,,0,,56.76,2802831,10335088,,,,,,,,,9800000,,,26890296,,,2245108,82518888,,,,,,,,,,,,,,0,24087465,72183800,0
,,,,5333786,,,1723,中碳,,,-130737,,,,,,,,,,,,,,,,,,,,1,上市,113,-117638,,,,,,,,,,,,,,,,,,,,,8383380,,,,8383380,,4753537,,36.11,1290555,3279003,,,,,,,,,2369044,,,2466986,,,928925,10850366,,,,,,,,,,,,,,0,1176431,7571363,0
,,,,958516,,,1725,元禎,,,1896662,,,,,,,,,,,,,,,,,,,,1,上市,113,0,,,,,,,,,,,,,,,,,,,,,4675765,,,,4675765,,0,,25.72,2710660,6412799,,,,,,,,,1818300,,,2782982,,,2287,7458747,,,,,,,,,,,,,,0,72322,1045948,0
,,,,8541293,,,1726,永記,,,-53483,,,,,,,,,,,,,,,,,,,,1,上市,113,,,,,,,,,,,,,,,,,,,,,,10217240,,,,10217240,,0,,63.07,1588613,7955259,,,,,,,,,1620000,,,1727211,,,109430,11944451,,,,,,,,,,,,,,,138598,3989192,0
,,,,383950,,,1727,中華化,,,0,,,,,,,,,,,,,,,,,,,,1,上市,113,,,,,,,,,,,,,,,,,,,,,,1965008,,,,1965008,,0,,16.59,738239,1063920,,,,,,,,,1239394,,,915044,,,341664,2880052,,,,,,,,,,,,,,0,176805,1816132,0
,,,,1075083,,,1730,花仙子,,,-47277,,,,,,,,,,,,,,,,,,,,1,上市,113,,,,,,,,,,,,,,,,,,,,,,2029378,,,,1894802,,0,,29.96,520348,1890298,,,,,,,,,632339,,,558459,,,234657,2587837,,,,,,,,,,,,,,134576,38111,697539,0
,,,,666340,,,1731,美吾華,,,-70416,,,,,,,,,,,,,,,,,,,,1,上市,113,,,,,,,,,,,,,,,,,,,,,,2114471,,,,2114471,,0,,15.91,441423,1220498,,,,,,,,,1329152,,,930002,,,189395,3044473,,,,,,,,,,,,,,,488579,1823975,0
,,,,60371,,,1732,毛寶,,,-3977,,,,,,,,,,,,,,,,,,,,1,上市,113,,,,,,0,,,,,,,,,,,,,,,,483537,,,,483537,,0,,11.39,153050,430067,,,,,,,,,424439,,,182512,,,2704,666049,,,,,,,,,,,,,,,29462,235982,0
,,,,638070,,,1733,五鼎,,,10867,,,,,,,,,,,,,,,,,,,,1,上市,113,,,,,,,,,,,,,,,,,,,,,,1717305,,,,1716807,,0,,17.18,498708,1556205,,,,,,,,,999502,,,616625,,,68368,2333930,,,,,,,,,,,,,,498,117917,777725,0
,,,,744526,,,1734,杏輝,,,-122451,,,,,,,,,,,,,,,,,,,,1,上市,113,,,,,,,,,,,,,,,,,,,,,,3522610,,,,3223436,,0,,19.22,1191399,2646740,,,,,,,,,1677221,,,2819910,,,924140,6342520,,,,,,,,,,,,,,299174,1628511,3695780,0
,,,,449939,,,1735,日勝化,,,1969,,,,,,,,,,,,,,,,,,,,1,上市,113,,,,,,,,,,,,,,,,,,,,,,1543805,,,,1543805,,0,,15.53,1465860,1672091,,,,,,,,,993880,,,1804483,,,98017,3348288,,,,,,,,,,,,,,,338623,1676197,0
,,,,7766832,,,1736,喬山,,,-1762199,,,,,,,,,,,,,,,,,,,,1,上市,113,-53612,,,,,,,,,,,,,,,,,,,,,9424792,,,,9418633,,695000,,31.09,17388495,22549333,,,,,,,,,3036166,,,26038306,,,431446,35463098,,,,,,,,,,,,,,6159,8649811,12913765,0
,,,,2097226,,,1737,臺鹽,,,-2981,,,,,,,,,,,,,,,,,,,,1,上市,113,,,,,,,,,,,,,,,,,,,,,,6635337,,,,6596075,,0,,32.98,977302,2996195,,,,,,,,,2000000,,,1651341,,,2501830,8286678,,,,,,,,,,,,,,39262,674039,5290483,0
,,,,894162,,,1752,南光,,,-33,,,,,,,,,,,,,,,,,,,,1,上市,113,,,,,,0,,,,,,,,,,,,,,,,2229817,,,,2229817,,0,,22.08,1176360,1427721,,,,,,,,,1009885,,,1373122,,,325803,3602939,,,,,,,,,,,,,,,196762,2175218,0
,,,,186142,,,1760,寶齡富錦,,,-18726,,,,,,,,,,,,,,,,,,,,1,上市,113,,,,,,0,,,,,,,,,,,,,,,,1831676,,,,1831676,,0,,21.36,1088546,1406566,,,,,,,,,857391,,,1344763,,,806869,3176439,,,,,,,,,,,,,,,256217,1769873,0
,,,,2336140,,,1762,中化生,,,-66277,,,,,,,,,,,,,,,,,,,,1,上市,113,,,,,,0,,,,,,,,,,,,,,,,3379989,,,,3379989,,0,,43.58,853470,1843459,,,,,,,,,775600,,,1845713,,,334526,5225702,,,,,,,,,,,,,,0,992243,3382243,0
,,,,6573974,,,1773,勝一,,,-56248,,,,,,,,,,,,,,,,,,,,1,上市,113,0,,,,,,,,,,,,,,,,,,,,,9121450,,,,9121450,,0,,36.49,3402329,3414039,,,,,,,,,2500000,,,5304787,,,103724,14426237,,,,,,,,,,,,,,0,1902458,11012198,0
,,,,348300,,,1776,展宇,,,-53882,,,,,,,,,,,,,,,,,,,,1,上市,113,,,,,,,,,,,,,,,,,,,,,,1018600,,,,908592,,0,,15.12,399078,1220669,,,,,,,,,601070,,,667403,,,13104,1686003,,,,,,,,,,,,,,110008,268325,465334,0
,,,,272408,,,1783,和康生,,,-112343,,,,,,,,,,,,,,,,,,,,1,上市,113,,,,,,0,,,,,,,,,,,,,,,,1353249,,,,1353249,,0,,15.19,135991,655139,,,,,,,,,890701,,,136501,,,302483,1489750,,,,,,,,,,,,,,,510,834611,113000
,,,,140919,,,1786,科妍,,,-849,,,,,,,,,,,,,,,,,,,,1,上市,113,,,,,,,,,,,,,,,,,,,,,,1535133,,,,1535133,,0,,22.67,351773,1112277,,,,,,,,,682885,,,716586,,,712178,2251719,,,,,,,,,,,,,,,364813,1139442,0
,,,,1488228,,,1789,神隆,,,-165373,,,,,,,,,,,,,,,,,,,,1,上市,113,,,,,,0,,,,,,,,,,,,,,,,10524936,,,,10524936,,0,,13.31,794921,6607527,,,,,,,,,7907392,,,1449872,,,1294689,11974808,,,,,,,,,,,,,,,654951,5367281,0
,,,,8704697,,,1795,美時,,,-1279016,,,,,,,,,,,,,,,,,,,,1,上市,113,-51097,,,,,0,,,,,,,,,,,,,,,,17154716,,,,17154716,,490000,,64.86,6044030,13735705,,,,,,,,,2649583,,,17132250,,,7130549,34286966,,,,,,,,,,,,,,,11088220,20551261,0
,,,,20156506,,,1802,台玻,,,-1972025,,,,,,,,,,,,,,,,,,,,1,上市,113,,,,,,,,,,,,,,,,,,,,,,52438372,,,,49190307,,0,,16.92,28253441,38533750,,,,,,,,,29080608,,,40622593,,,1925218,93060965,,,,,,,,,,,,,,3248065,12369152,54527215,0
,,,,-248664,,,1805,寶徠,,,-9731,,,,,,,,,,,,,,,,,,,,1,上市,113,0,,,,,,,,,,,,,,,,,,,,,795560,,,,795560,,0,,7.94,708101,1249716,,,,,,,,,1001858,,,793331,,,52097,1588891,,,,,,,,,,,,,,0,85230,339175,0
,,,,1025681,,,1806,冠軍,,,393791,,,,,,,,,,,,,,,,,,,,1,上市,113,,,,,,0,,,,,,,,,,,,,,,,5481510,,,,5481510,,0,,14.04,2295386,4282826,,,,,,,,,3904039,,,2619147,,,157999,8100657,,,,,,,,,,,,,,0,323761,3817831,0
,,,,7775441,,,1808,潤隆,,,186489,,,,,,,,,,,,,,,,,,,,1,上市,113,,,,,,,,,,,,,,,,,,,,,,12496928,,,,12496928,,0,,27.71,28220518,43713655,,,,,,,,,4510261,,,34511665,,,24737,47008593,,,,,,,,,,,,,,,6291147,3294938,0
,,,,1243048,,,1809,中釉,,,-111278,,,,,,,,,,,,,,,,,,,,1,上市,113,,,,,,,,,,,,,,,,,,,,,,3385097,,,,2930170,,0,,17.54,929345,2116345,,,,,,,,,1670419,,,1207998,,,127981,4593095,,,,,,,,,,,,,,454927,278653,2476750,0
,,,,3007214,,,1810,和成,,,721803,,,,,,,,,,,,,,,,,,,,1,上市,113,-4781,,,,,0,,,,,,,,,,,,,,,,6822666,,,,6763860,,445484,,22.41,3255182,4265799,,,,,,,,,3023037,,,3750052,,,16587,10572718,,,,,,,,,,,,,,58806,494870,6306919,0
,,,,1311933,,,1817,凱撒衛,,,-195931,,,,,,,,,,,,,,,,,,,,1,上市,113,-15674,,,,,,,,,,,,,,,,,,,,,2144320,,,,2104031,,524000,,29.19,337868,1584903,,,,,,,,,726000,,,575346,,,277703,2719666,,,,,,,,,,,,,,40289,237478,1134763,0
,,,,124319,,,1903,士紙,,,1151172,,,,,,,,,,,,,,,,,,,,1,上市,113,,,,,,,,,,,,,,,,,,,,,,3875882,,,,3875882,,0,,14.90,2551829,2036883,,,,,,,,,2600391,,,4506275,,,0,8382157,,,,,,,,,,,,,,,1954446,6345274,0
,,,,16948131,,,1904,正隆,,,-472516,,,,,,,,,,,,,,,,,,,,1,上市,113,,,,,,0,,,,,,,,,,,,,,,,29693129,,,,28796036,,0,,25.98,17866077,23785908,,,,,,,,,11082745,,,41040755,,,1237676,70733884,,,,,,,,,,,,,,897093,23174678,46947976,0
,,,,3035961,,,1905,華紙,,,1762414,,,,,,,,,,,,,,,,,,,,1,上市,113,-136726,,,,,,,,,,,,,,,,,,,,,18166207,,,,15730150,,15944000,,14.47,15353535,17326428,,,,,,,,,11028353,,,18310255,,,40148,36476462,,,,,,,,,,,,,,2436057,2956720,19150034,0
,,,,2664196,,,1906,寶隆,,,195297,,,,,,,,,,,,,,,,,,,,1,上市,113,,,,,,,,,,,,,,,,,,,,,,4379976,,,,4378000,,0,,28.99,2097216,413362,,,,,,,,,1510000,,,2436914,,,8507,6816890,,,,,,,,,,,,,,1976,339698,6403528,0
,,,,21998165,,,1907,永豐餘,,,18935189,,,,,,,,,,,,,,,,,,,,1,上市,113,,,,,,,,,,,,,,,,,,,,,,77534873,,,,61307858,,0,,36.92,47888362,56987402,,,,,,,,,16603715,,,71829173,,,3770789,149364046,,,,,,,,,,,,,,16227015,23940811,92376644,0
,,,,5655024,,,1909,榮成,,,-956232,,,,,,,,,,,,,,,,,,,,1,上市,113,-31894,,,,,,,,,,,,,,,,,,,,,22329058,,,,22287224,,2038000,,16.81,21036673,15408404,,,,,,,,,13276857,,,50280452,,,4343469,72609510,,,,,,,,,,,,,,41834,29243779,57201106,0
,,,,122249116,,,2002,中鋼,,,774458,,,,,,,,,,,,,,,,,,,,1,上市,113,-12728712,,,,,,,,,,,,,,,,,,,,,347011293,,,,308714901,,674286000,,20.45,173212998,205157997,,,,,,,,,157731290,,,345634404,,,40688749,692645697,,,,,,,,,,,,,,38296392,172421406,487487700,0
,,,,14342821,,,2006,東和鋼鐵,,,-205225,,,,,,,,,,,,,,,,,,,,1,上市,113,,,,,,,,,,,,,,,,,,,,,,29300758,,,,29179484,,0,,39.96,25658195,32615938,,,,,,,,,7302138,,,27377005,,,7739750,56677763,,,,,,,,,,,,,,121274,1718810,24061825,0
,,,,-665715,,,2007,燁興,,,10525,,,,,,,,,,,,,,,,,,,,1,上市,113,,,,,,,,,,,,,,,,,,,,,,6131197,,,,,,0,,11.55,3090298,2557078,,,,,,,,,5306516,,,7070567,,,1479871,13201764,,,,,,,,,,,,,,,3980269,10644686,0
,,,,1243283,,,2008,高興昌,,,248137,,,,,,,,,,,,,,,,,,,,1,上市,113,0,,,,,,,,,,,,,,,,,,,,,3399943,,,,,,0,,17.81,1856941,2060587,,,,,,,,,1908523,,,4053033,,,0,7452976,,,,,,,,,,,,,,,2196092,5392389,0
,,,,366717,,,2009,第一銅,,,3769566,,,,,,,,,,,,,,,,,,,,1,上市,113,,,,,,0,,,,,,,,,,,,,,,,7732505,,,,,,0,,21.50,1774626,2238430,,,,,,,,,3596222,,,2041477,,,0,9773982,,,,,,,,,,,,,,,266851,7535552,0
,,,,4867685,,,2010,春源,,,-114803,,,,,,,,,,,,,,,,,,,,1,上市,113,,,,,,,,,,,,,,,,,,,,,,11771931,,,,11407072,,0,,17.61,8312457,13853539,,,,,,,,,6476554,,,9725462,,,177636,21497393,,,,,,,,,,,,,,364859,1413005,7643854,0
,,,,1205235,,,2012,春雨,,,-364138,,,,,,,,,,,,,,,,,,,,1,上市,113,-267195,,,,,0,,,,,,,,,,,,,,,,4923346,,,,4118205,,23430173,,14.77,3628877,8201689,,,,,,,,,3021627,,,7323217,,,522676,12246563,,,,,,,,,,,,,,805141,3694340,4044874,0
,,,,2105642,,,2013,中鋼構,,,-36266,,,,,,,,,,,,,,,,,,,,1,上市,113,0,,,,,,,,,,,,,,,,,,,,,5446063,,,,5446063,,0,,27.23,8748087,10887115,,,,,,,,,2000000,,,9899323,,,1376687,15345386,,,,,,,,,,,,,,,1151236,4458271,0
,,,,2046602,,,2014,中鴻,,,-523402,,,,,,,,,,,,,,,,,,,,1,上市,113,,,,,,,,,,,,,,,,,,,,,,15879547,,,,15879547,,0,,11.06,9495373,14331086,,,,,,,,,14355444,,,17578219,,,903,33457766,,,,,,,,,,,,,,,8082846,19126680,0
,,,,14379095,,,2015,豐興,,,-193304,,,,,,,,,,,,,,,,,,,,1,上市,113,,,,,,,,,,,,,,,,,,,,,,20456502,,,,20456502,,0,,35.17,6257256,12921479,,,,,,,,,5815994,,,6653125,,,454717,27109627,,,,,,,,,,,,,,,395869,14188148,0
,,,,260392,,,2017,官田鋼,,,767044,,,,,,,,,,,,,,,,,,,,1,上市,113,-272050,,,,,,,,,,,,,,,,,,,,,7126554,,,,5727626,,20007359,,13.42,2857753,4075318,,,,,,,,,4468747,,,4732665,,,503493,11859219,,,,,,,,,,,,,,1398928,1874912,7783901,0
,,,,1474944,,,2020,美亞,,,105018,,,,,,,,,,,,,,,,,,,,1,上市,113,0,,,,,0,,,,,,,,,,,,,,,,4092414,,,,4086845,,0,,18.37,3236609,5029350,,,,,,,,,2225261,,,4098734,,,281622,8191148,,,,,,,,,,,,,,5569,862125,3161798,0
,,,,143233,,,2022,聚亨,,,-44409,,,,,,,,,,,,,,,,,,,,1,上市,113,0,,,,,0,,,,,,,,,,,,,,,,6901562,,,,3579261,,0,,10.62,2084564,4961860,,,,,,,,,3371682,,,2403242,,,108755,9304804,,,,,,,,,,,,,,3322301,318678,4342944,0
,,,,16670136,,,2023,燁輝,,,-292662,,,,,,,,,,,,,,,,,,,,1,上市,113,0,,,,,0,,,,,,,,,,,,,,,,41723067,,,,40558354,,0,,20.85,29596065,29324859,,,,,,,,,19453110,,,62181466,,,4727770,103904533,,,,,,,,,,,,,,1164713,32585401,74579674,0
,,,,115958,,,2024,志聯,0,,0,,,,,,,,,,,,0,,,,,,,,1,上市,113,,,,,,0,,,,,,,,,,,,,,,,1101607,,,,,,0,,11.30,342631,792522,,,,,,,,,975000,,,687676,,,10649,1789283,,,,,,,,,,,,,,,345045,996761,0
,,,,-1159350,,,2025,千興,,,-21058,,,,,,,,,,,,,,,,,,,,1,上市,113,,,,,,,,,,,,,,,,,,,,,,1631265,,,,,,,,5.80,88061,1199187,,,,,,,,,2811673,,,90757,,,,1722022,,,,,,,,,,,,,,,2696,522835,
,,,,19572032,,,2027,大成鋼,,,4161079,,,,,,,,,,,,,,,,,,,,1,上市,113,-4386159,,,,,,,,,,,,,,,,,,,,,78752774,,,,66690382,,290352255,,31.11,26238169,83544236,,,,,,,,,24342606,,,59237555,,,23000824,137990329,,,,,,,,,,,,,,12062392,32999386,54446093,0
,,,,996928,,,2028,威致,,,287635,,,,,,,,,,,,,,,,,,,,1,上市,113,-40711,,,,,,,,,,,,,,,,,,,,,4501000,,,,,,1693000,,13.89,2597289,4503177,,,,,,,,,3257148,,,4064393,,,,8565393,,,,,,,,,,,,,,,1467104,4062216,
,,,,4945940,,,2029,盛餘,,,398,,,,,,,,,,,,,,,,,,,,1,上市,113,,,,,,0,,,,,,,,,,,,,,,,9781230,,,,9715502,,0,,30.25,1255835,8152868,,,,,,,,,3211800,,,1327927,,,1557364,11109157,,,,,,,,,,,,,,65728,72092,2956289,0
,,,,1727348,,,2030,彰源,,,-78284,,,,,,,,,,,,,,,,,,,,1,上市,113,,,,,,,,,,,,,,,,,,,,,,4917795,,,,4917795,,0,,17.53,3646458,7117761,,,,,,,,,2805260,,,7127415,,,463471,12045210,,,,,,,,,,,,,,,3480957,4927449,0
,,,,5795709,,,2031,新光鋼,,,1925388,,,,,,,,,,,,,,,,,,,,1,上市,113,,,,,,,,,,,,,,,,,,,,,,12601272,,,,11876005,,0,,36.98,9965329,16247606,,,,,,,,,3211463,,,16742602,,,943445,29343874,,,,,,,,,,,,,,725267,6777273,13096268,0
,,,,260327,,,2032,新鋼,,,385,,,,,,,,,,,,,,,,,,,,1,上市,113,,,,,,0,,,,,,,,,,,,,,,,1672938,,,,,,0,,12.82,102064,1100815,,,,,,,,,1305215,,,252435,,,107011,1925373,,,,,,,,,,,,,,,150371,824558,0
,,,,110355,,,2033,佳大,,,97111,,,,,,,,,,,,,,,,,,,,1,上市,113,0,,,,,0,,,,,,,,,,,,,,,,1032449,,,,,,0,,12.79,197323,497191,,,,,,,,,806945,,,213781,,,18038,1246230,,,,,,,,,,,,,,,16458,749039,0
,,,,1529268,,,2034,允強,,,1000158,,,,,,,,,,,,,,,,,,,,1,上市,113,,,,,,,,,,,,,,,,,,,,,,9536946,,,,9536946,,0,,20.29,7708747,8176318,,,,,,,,,4702256,,,9907987,,,2305264,19444933,,,,,,,,,,,,,,,2199240,11268615,0
,,,,609726,,,2038,海光,,,833977,,,,,,,,,,,,,,,,,,,,1,上市,113,,,,,,,,,,,,,,,,,,,,,,3986771,,,,3731469,,0,,19.61,3984774,4090975,,,,,,,,,1903277,,,5584461,,,384489,9571232,,,,,,,,,,,,,,255302,1599687,5480257,0
,,,,23026115,,,2049,上銀,,,604845,,,,,,,,,,,,,,,,,,,,1,上市,113,,,,,,,,,,,,,,,,,,,,,,34803623,,,,34648618,,0,,97.93,8831449,19035009,,,,,,,,,3537923,,,17160644,,,7479735,51964267,,,,,,,,,,,,,,155005,8329195,32929258,0
,,,,16081163,,,2059,川湖,,,23654,,,,,,,,,,,,,,,,,,,,1,上市,113,0,,,,,0,,,,,,,,,,,,,,,,17854479,,,,17854479,,0,,187.36,2228766,17744368,,,,,,,,,952971,,,4338195,,,796691,22192674,,,,,,,,,,,,,,0,2109429,4448306,0
,,,,3753825,,,2062,橋椿,,,-139566,,,,,,,,,,,,,,,,,,,,1,上市,113,,,,,,,,,,,,,,,,,,,,,,7527347,,,,7525327,,0,,37.63,3819833,6503727,,,,,,,,,1999942,,,5348446,,,1911126,12875793,,,,,,,,,,,,,,2020,1528613,6372066,0
,,,,921236,,,2069,運錩,,,-164366,,,,,,,,,,,,,,,,,,,,1,上市,113,0,,,,,,,,,,,,,,,,,,,,,3747061,,,,3747061,,0,,22.52,4560885,4409665,,,,,,,,,1663868,,,5373059,,,1326323,9120120,,,,,,,,,,,,,,,812174,4710455,0
,,,,1615183,,,2101,南港,,,310687,,,,,,,,,,,,,,,,,,,,1,上市,113,0,,,,,,,,,,,,,,,,,,,,,10558443,,,,10558443,,0,,12.66,18805093,30942723,,,,,,,,,8339349,,,32338515,,,293224,42896958,,,,,,,,,,,,,,0,13533422,11954235,0
,,,,-2346985,,,2102,泰豐,,,4743707,,,,,,,,,,,,,,,,,,,,1,上市,113,-183035,,,,,,,,,,,,,,,,,,,,,7111200,,,,7111200,,13755607,,15.47,832930,1313011,,,,,,,,,4733292,,,6618385,,,164221,13729585,,,,,,,,,,,,,,,5785455,12416574,0
,,,,8705192,,,2103,台橡,,,2847262,,,,,,,,,,,,,,,,,,,,1,上市,113,,,,,,,,,,,,,,,,,,,,,,21280699,,,,19865530,,0,,24.06,11332132,18753159,,,,,,,,,8257099,,,19430649,,,55977,40711348,,,,,,,,,,,,,,1415169,8098517,21958189,0
,,,,10429253,,,2104,國際中橡,,,4742192,,,,,,,,,,,,,,,,,,,,1,上市,113,-290088,,,,,,,,,,,,,,,,,,,,,35919215,,,,33965706,,14734663,,35.02,14627252,25944614,,,,,,,,,9847336,,,23440501,,,9237013,59359716,,,,,,,,,,,,,,1953509,8813249,33415102,0
,,,,55606905,,,2105,正新,,,-5766053,,,,,,,,,,,,,,,,,,,,1,上市,113,,,,,,0,,,,,,,,,,,,,,,,82900425,,,,82325848,,0,,25.40,26452662,59040371,,,,,,,,,32414155,,,59235708,,,70841,142136133,,,,,,,,,,,,,,574577,32783046,83095762,0
,,,,10598944,,,2106,建大,,,-271086,,,,,,,,,,,,,,,,,,,,1,上市,113,,,,,,,,,,,,,,,,,,,,,,19876799,,,,19876799,,0,,20.82,10947991,24850257,,,,,,,,,9548900,,,25433750,,,41,45310549,,,,,,,,,,,,,,0,14485759,20460292,0
,,,,7951751,,,2107,厚生,,,1524702,,,,,,,,,,,,,,,,,,,,1,上市,113,0,,,,,0,,,,,,,,,,,,,,,,12962132,,,,12962132,,0,,42.70,1764910,10275285,,,,,,,,,3035934,,,2158700,,,449745,15120832,,,,,,,,,,,,,,0,393790,4845547,0
,,,,8863885,,,2108,南帝,,,249482,,,,,,,,,,,,,,,,,,,,1,上市,113,,,,,,0,,,,,,,,,,,,,,,,15225280,,,,14066473,,0,,28.57,1587662,13137781,,,,,,,,,4924167,,,2185926,,,28939,17411206,,,,,,,,,,,,,,1158807,598264,4273425,0
,,,,499202,,,2109,華豐,,,39676,,,,,,,,,,,,,,,,,,,,1,上市,113,,,,,,0,,,,,,,,,,,,,,,,4903181,,,,3369544,,0,,12.06,1692009,4447913,,,,,,,,,2793492,,,3020843,,,37174,7924024,,,,,,,,,,,,,,1533637,1328834,3476111,0
,,,,2151254,,,2114,鑫永銓,,,,,,,,,,,,,,,,,,,,,,,1,上市,113,,,,,,0,,,,,,,,,,,,,,,,3187855,,,,,,0,,40.87,337173,2327130,,,,,,,,,779918,,,685839,,,256683,3873694,,,,,,,,,,,,,,,348666,1546564,0
,,,,2014791,,,2115,六暉-KY,,,-305076,,,,,,,,,,,,,,,,,,,,1,上市,113,,,,,,0,,,,,,,,,,,,,,,,3147446,,,,3147446,,0,,31.66,1006817,2502748,,,,,,,,,994030,,,1836616,,,443701,4984062,,,,,,,,,,,,,,0,829799,2481314,0
,,,,34151934,,,2201,裕隆,,,1195761,,,,,,,,,,,,,,,,,,,,1,上市,113,-376301,,,,,,,,,,,,,,,,,,,,,91627573,,,,61724703,,7526431,,58.10,271601131,285067273,,,,,,,,,10700013,,,296306453,,,16053296,387934026,,,,,,,,,,,,,,29902870,24705322,102866753,0
,,,,21384820,,,2204,中華,,,-419290,,,,,,,,,,,,,,,,,,,,1,上市,113,,,,,,,,,,,,,,,,,,,,,,37726466,,,,33954018,,0,,61.33,12767549,14756367,,,,,,,,,5536203,,,14006531,,,7452285,51732997,,,,,,,,,,,,,,3772448,1238982,36976630,0
,,,,15583809,,,2206,三陽工業,,,-1139380,,,,,,,,,,,,,,,,,,,,1,上市,113,-132816,,,,,0,,,,,,,,,,,,,,,,27110352,,,,24005748,,5332452,,30.30,19759691,29497263,,,,,,,,,7974896,,,35618700,,,1719239,62729052,,,,,,,,,,,,,,3104604,15859009,33231789,0
,,,,48472934,,,2207,和泰車,,,8778944,,,,,,,,,,,,,,,,,,,,1,上市,113,,,,,,0,,,,,,,,,,,,,,,,,99961159,,,65720278,,0,,117.97,358315320,354715775,,,,,,,,,5571028,,,396139218,,,2897372,496100377,,,,,,,,,,,,,,34240881,37823898,141384602,0
,,,,-4035261,,,2208,台船,,,-87003,,,,,,,,,,,,,,,,,,,,1,上市,113,,,,,,0,,,,,,,,,,,,,,,,11360934,,,,11380424,,0,,8.93,15586036,18160967,,,,,,,,,12745394,,,25617932,,,2757294,36978866,,,,,,,,,,,,,,-19490,10031896,18817899,0
,,,,12788531,,,2211,長榮鋼,,,7009186,,,,,,,,,,,,,,,,,,,,1,上市,113,,,,,,,,,,,,,,,,,,,,,,28908975,,,,25288306,,0,,60.63,5366339,14969828,,,,,,,,,4170915,,,8673281,,,1319674,37582256,,,,,,,,,,,,,,3620669,3306942,22612428,0
,,,,10788431,,,2227,裕日車,,,-806695,,,,,,,,,,,,,,,,,,,,1,上市,113,,,,,,,,,,,,,,,,,,,,,,18970704,,,,18970704,,0,,63.24,2499052,10103344,,,,,,,,,3000000,,,5221396,,,5988968,24192100,,,,,,,,,,,,,,,2722344,14088756,0
,,,,3388525,,,2228,劍麟,,,-253316,,,,,,,,,,,,,,,,,,,,1,上市,113,,,,,,0,,,,,,,,,,,,,,,,4706485,,,,4706485,,0,,62.11,1088764,4212085,,,,,,,,,757803,,,1625104,,,813473,6331589,,,,,,,,,,,,,,,536340,2119504,0
,,,,2280373,,,2231,為升,,,-24987,,,,,,,,,,,,,,,,,,,,1,上市,113,,,,,,0,,,,,,,,,,,,,,,,5425189,,,,4371047,,0,,31.02,2548297,6351027,,,,,,,,,1409176,,,5183168,,,706485,10608357,,,,,,,,,,,,,,1054142,2634871,4257330,0
,,,,2471949,,,2233,宇隆,,,-70863,,,,,,,,,,,,,,,,,,,,1,上市,113,,,,,,,,,,,,,,,,,,,,,,3832497,,,,3822184,,0,,63.40,990254,3093423,,,,,,,,,602881,,,1673008,,,818217,5505505,,,,,,,,,,,,,,10313,682754,2412082,0
,,,,559217,,,2236,百達-KY,,,-92411,,,,,,,,,,,,,,,,,,,,1,上市,113,,,,,,,,,,,,,,,,,,,,,,1660804,,,,1621679,,0,,32.18,510557,1978613,,,,,,,,,503912,,,870325,,,650961,2531129,,,,,,,,,,,,,,39125,359768,552516,0
,,,,3074251,,,2239,英利-KY,,,-1386752,,,,,,,,,,,,,,,,,,,,1,上市,113,,,,,,0,,,,,,,,,,,,,,,,17757946,,,,12112852,,0,,100.65,16012991,20739836,,,,,,,,,1203466,,,20817622,,,9221887,38575568,,,,,,,,,,,,,,5645094,4804631,17835732,0
,,,,-557253,,,2241,艾姆勒,,,1700,,,,,,,,,,,,,,,,,,,,1,上市,113,,,,,,0,,,,,,,,,,,,,,,,1672420,,,,1582466,,0,,15.13,222239,1248875,,,,,,,,,1046023,,,998700,,,1091996,2671120,,,,,,,,,,,,,,89954,776461,1422245,0
,,,,-563816,,,2243,宏旭-KY,,,-32322,,,,,,,,,,,,,,,,,,,,1,上市,113,,,,,,,,,,,,,,,,,,,,,,719906,,,,719906,,0,,10.38,2618056,2874006,,,,,,,,,693736,,,2862001,,,622308,3581907,,,,,,,,,,,,,,,243945,707901,0
,,,,6680979,,,2247,汎德永業,,,23672,,,,,,,,,,,,,,,,,,,,1,上市,113,,,,,,,,,,,,,,,,,,,,,,11780813,,,,11780813,,0,,145.97,7795296,13965072,,,,,,,,,807087,,,10873985,,,4269075,22654798,,,,,,,,,,,,,,,3078689,8689726,0
,,,,710087,,,2250,IKKA-KY,,,-91251,,,,,,,,,,,,,,,,,,,,1,上市,113,0,,,,,0,,,,,,,,,,,,,,,,1855001,,,,1855001,,0,,59.21,1017680,2496311,,,,,,,,,313269,,,1757285,,,922896,3612286,,,,,,,,,,,,,,,739605,1115975,0
,,,,-25077,,,2254,巨鎧精密-創,,,554,,,,,,,,,,,,,,,,,,,,1,上市,113,,,,,,0,,,,,,,,,,,,,,,,955378,,,,955378,,0,,14.95,604973,411524,,,,,,,,,639077,,,1329716,,,340824,2285094,,,,,,,,,,,,,,,724743,1873570,0
,,,,-4874715,,,2258,鴻華先進-創,,,-476,,,,,,,,,,,,,,,,,,,,1,上市,113,,,,,,0,,,,,,,,,,,,,,,,18594853,,,,18594853,,0,,10.68,1449252,9906989,,,,,,,,,17413140,,,2328584,,,6056904,20923437,,,,,,,,,,,,,,,879332,11016448,0
,,,,41300773,,,2301,光寶科,,,-1026724,,,,,,,,,,,,,,,,,,,,1,上市,113,-2726963,,,,,,,,,,,,,,,,,,,,,84176990,,,,83460523,,47004221,,36.28,95300111,152798371,,,,,,,,,23475464,,,101095168,,,22437973,185272158,,,,,,,,,,,,,,716467,5795057,32473787,0
,,,,166409,,,2302,麗正,,,-77130,,,,,,,,,,,,,,,,,,,,1,上市,113,,,,,,,,,,,,,,,,,,,,,,1752317,,,,1752317,,0,,10.54,538986,869090,,,,,,,,,1663029,,,613358,,,9,2365675,,,,,,,,,,,,,,,74372,1496585,0
,,,,227509991,,,2303,聯電,,,10789942,,,,,,,,,,,,,,,,,,,,1,上市,113,,,,,,,,,,,,,,,,,,,,,,378228050,,,,377912126,,0,,30.16,88403119,205162356,,,,,,,,,125290340,,,188844536,,,14321853,567072586,,,,,,,,,,,,,,315924,100441417,361910230,0
,,,,-39978,,,2305,全友,,,257381,,,,,,,,,,,,,,,,,,,,1,上市,113,-49781,,,,,,,,,,,,,,,,,,,,,2286263,,,,2224230,,2934365,,10.97,257904,1477043,,,,,,,,,2056608,,,638578,,,0,2924841,,,,,,,,,,,,,,62033,380674,1447798,0
,,,,128312563,,,2308,台達電,,,2183597,,,,,,,,,,,,,,,,,,,,1,上市,113,,,,,,0,,,,,,,,,,,,,,,,256756400,,,,211108584,,0,,81.27,123528801,262562386,,,,,,,,,25975433,,,215384464,,,54636991,472140864,,,,,,,,,,,,,,45647816,91855663,209578478,0
,,,,1343216,,,2312,金寶,0,,3795175,,,,,,,,,,,,,,,,,,,,1,上市,113,-230380,,,,,0,,,,,,,,,,,,,,,0,35181292,,,,21507196,,19750000,,14.51,52350895,71131655,,,,,,,,,15019882,,,77705413,,,1579303,112886705,,,,,,,,,,,,,,13674096,25354518,41755050,0
,,,,25819495,,,2313,華通,,,554767,,,,,,,,,,,,,,,,,,,,1,上市,113,,,,,,0,,,,,,,,,,,,,,,,39352694,,,,39352694,,0,,33.02,26026496,43118380,,,,,,,,,11918206,,,41270587,,,1060226,80623281,,,,,,,,,,,,,,,15244091,37504901,0
,,,,-1598433,,,2314,台揚,,,-275255,,,,,,,,,,,,,,,,,,,,1,上市,113,,,,,,0,,,,,,,,,,,,,,,,1738491,,,,1738491,,0,,6.90,2768083,3282092,,,,,,,,,2520283,,,3448977,,,1091896,5187468,,,,,,,,,,,,,,,680894,1905376,0
,,,,7455042,,,2316,楠梓電,,,-507987,,,,,,,,,,,,,,,,,,,,1,上市,113,-93017,,,,,,,,,,,,,,,,,,,,,9158781,,,,9158781,,1306059,,50.48,2988117,5154795,,,,,,,,,1827405,,,5370208,,,477338,14528989,,,,,,,,,,,,,,,2382091,9374194,0
,,,,1217490326,,,2317,鴻海,,,-65943663,,,,,,,,,,,,,,,,,,,,1,上市,113,-15194,,,,,0,,,,,,,,,,,,,,,,1690830626,,,,1489731930,,1483078,,107.47,1718150454,2848276739,,,,,,,,,138629906,,,2082809079,,,199570555,3773639705,,,,,,,,,,,,,,201098696,364658625,925362966,0
,,,,-124633,,,2321,東訊,,,21292,,,,,,,,,,,,,,,,,,,,1,上市,113,-13812,,,,,0,,,,,,,,,,,,,,,,451649,,,,191803,,317689,,6.40,672396,682632,,,,,,,,,302719,,,895938,,,6237,1347587,,,,,,,,,,,,,,259846,223542,664955,0
,,,,698886,,,2323,中環,,,47681,,,,,,,,,,,,,,,,,,,,1,上市,113,,,,,,,,,,,,,,,,,,,,,,18708021,,,,18367053,,,,16.86,3531408,14517903,,,,,,,,,10893483,,,6651209,,,6727003,25359230,,,,,,,,,,,,,,340968,3119801,10841327,
,,,,70031501,,,2324,仁寶,,,3544004,,,,,,,,,,,,,,,,,,,,1,上市,113,-881247,,,,,,,,,,,,,,,,,,,,,132830568,,,,120235955,,50017431,,27.60,284752141,372695762,,,,,,,,,44071466,,,310053971,,,3470231,442884539,,,,,,,,,,,,,,12594613,25301830,70188777,0
,,,,86820088,,,2327,國巨*,,,5177011,,,,,,,,,,,,,,,,,,,,1,上市,113,-2030720,,,,,,,,,,,,,,,,,,,,,138475598,,,,136468998,,3985760,,325.27,121447200,140300641,,,,,,,,,4235520,,,204308697,,,42267099,342784295,,,,,,,,,,,,,,2006600,82861497,202483654,0
,,,,7684037,,,2328,廣宇,,,-1201926,,,,,,,,,,,,,,,,,,,,1,上市,113,,,,,,0,,,,,,,,,,,,,,,,15163209,,,,13169179,,0,,25.41,8201859,17086686,,,,,,,,,5183462,,,8815117,,,1503606,23978326,,,,,,,,,,,,,,1994030,613258,6891640,0
,,,,3163250,,,2329,華泰,,,315185,,,,,,,,,,,,,,,,,,,,1,上市,113,,,,,,0,,,,,,,,,,,,,,,,11071705,,,,11071705,,0,,15.05,6885686,11049697,,,,,,,,,7354883,,,8187583,,,238387,19259288,,,,,,,,,,,,,,,1301897,8209591,0
,,,,3294563704,,,2330,台積電,,,10891445,,,,,,,,,,,,,,,,,,,,1,上市,113,,,,,,1401750,,,,,,,,,,,,,,,,3665716254,,,,3635731930,,0,,140.19,1026180079,2452767394,,,,,,,,,259336292,,,2122174828,,,70940489,5787891082,,,,,,,,,,,,,,29984324,1095994749,3335123688,0
,,,,1327977,,,2331,精英,,,180588,,,,,,,,,,,,,,,,,,,,1,上市,113,,,,,,0,,,,,,,,,,,,,,,,12530086,,,,12519918,,0,,22.46,10667369,13507485,,,,,,,,,5574030,,,11755074,,,5437323,24285160,,,,,,,,,,,,,,10168,1087705,10777675,0
,,,,3010256,,,2332,友訊,,,-1468242,,,,,,,,,,,,,,,,,,,,1,上市,113,-82823,,,,,0,,,,,,,,,,,,,,,,11405672,,,,8848802,,5434069,,14.82,4132649,11924162,,,,,,,,,6026555,,,5274751,,,1363056,16680423,,,,,,,,,,,,,,2556870,1142102,4756261,0
,,,,26626581,,,2337,旺宏,,,2370754,,,,,,,,,,,,,,,,,,,,1,上市,113,-159061,,,,,0,,,,,,,,,,,,,,,,47804389,,,,47802736,,1956619,,25.79,9573190,28439588,,,,,,,,,18558264,,,30071312,,,406198,77875701,,,,,,,,,,,,,,1653,20498122,49436113,0
,,,,2592293,,,2338,光罩,,,11621,,,,,,,,,,,,,,,,,,,,1,上市,113,-1167369,,,,,0,,,,,,,,,,,,,,,,5347663,,,,5441755,,42793440,,25.47,9940721,6114791,,,,,,,,,2564465,,,17061006,,,1440745,22408669,,,,,,,,,,,,,,-94092,7120285,16293878,0
,,,,2384742,,,2340,台亞,,,-25477,,,,,,,,,,,,,,,,,,,,1,上市,113,-23172,,,,,,,,,,,,,,,,,,,,,8463374,,,,8226767,,754543,,18.79,1829562,5531101,,,,,,,,,4386228,,,4946945,,,1504446,13410319,,,,,,,,,,,,,,236607,3117383,7879218,0
,,,,274257,,,2342,茂矽,,,-106898,,,,,,,,,,,,,,,,,,,,1,上市,113,,,,,,0,,,,,,,,,,,,,,,,2356961,,,,2333627,,0,,14.85,657677,2194148,,,,,,,,,1571567,,,1013504,,,594701,3370465,,,,,,,,,,,,,,23334,355827,1176317,0
,,,,27011280,,,2344,華邦電,,,12014909,,,,,,,,,,,,,,,,,,,,1,上市,113,,,,,,,,,,,,,,,,,,,,,,98698957,,,,90962066,,0,,21.76,32558467,62956872,,,,,,,,,41800002,,,86900863,,,10135875,185599820,,,,,,,,,,,,,,7736891,54342396,122642948,0
,,,,21448643,,,2345,智邦,,,2435706,,,,,,,,,,,,,,,,,,,,1,上市,113,-50999,,,,,,,,,,,,,,,,,,,,,30312615,,,,30312615,,2209867,,54.30,31774401,54536233,,,,,,,,,5604304,,,34692461,,,874961,65005076,,,,,,,,,,,,,,,2918060,10468843,0
,,,,46688281,,,2347,聯強,,,-6453852,,,,,,,,,,,,,,,,,,,,1,上市,113,,,,,,0,,,,,,,,,,,,,,,,73275074,,,,70446817,,0,,42.24,111380310,176640405,,,,,,,,,16679470,,,138346190,,,13532918,211621264,,,,,,,,,,,,,,2828257,26965880,34980859,0
,,,,4958361,,,2348,海悅,,,394883,,,,,,,,,,,,,,,,,,,,1,上市,113,-71502,,,,,0,,,,,,,,,,,,,,,,9398862,,,,8038090,,1139000,,55.07,9217308,22079283,,,,,,,,,1471081,,,21682477,,,1285267,31081339,,,,,,,,,,,,,,1360772,12465169,9002056,0
,,,,-1853064,,,2349,錸德,,,-830504,,,,,,,,,,,,,,,,,,,,1,上市,113,,,,,,0,,,,,,,,,,,,,,,,10301559,,,,5495933,,0,,7.92,3904763,8467167,,,,,,,,,6936797,,,8717762,,,1242704,19019321,,,,,,,,,,,,,,4805626,4812999,10552154,0
,,,,4761648,,,2351,順德,,,-80672,,,,,,,,,,,,,,,,,,,,1,上市,113,,,,,,,,,,,,,,,,,,,,,,7349923,,,,6988513,,0,,38.37,2953126,6749989,,,,,,,,,1821403,,,4956222,,,486134,12306145,,,,,,,,,,,,,,361410,2003096,5556156,0
,,,,16690125,,,2352,佳世達,,,-2066340,,,,,,,,,,,,,,,,,,,,1,上市,113,,,,,,,,,,,,,,,,,,,,,,63282124,,,,36482642,,0,,18.55,91198660,112160691,,,,,,,,,19667820,,,131848748,,,2191037,195130872,,,,,,,,,,,,,,26799482,40650088,82970181,0
,,,,14828545,,,2353,宏碁,,,3335241,,,,,,,,,,,,,,,,,,,,1,上市,113,-2712774,,,,,0,,,,,,,,,,,,,,,,79352977,,,,73728013,,41646290,,24.53,117609547,161240604,,,,,,,,,30478538,,,139302436,,,27798463,218655413,,,,,,,,,,,,,,5624964,21692889,57414809,0
,,,,86155494,,,2354,鴻準,,,-2517910,,,,,,,,,,,,,,,,,,,,1,上市,113,,,,,,0,,,,,,,,,,,,,,,,105183245,,,,105356900,,0,,74.48,26002143,72817233,,,,,,,,,14144852,,,27016432,,,7574464,132199677,,,,,,,,,,,,,,-173655,1014289,59382444,0
,,,,11317887,,,2355,敬鵬,,,-319570,,,,,,,,,,,,,,,,,,,,1,上市,113,,,,,,0,,,,,,,,,,,,,,,,16554161,,,,16553755,,0,,41.65,5650369,14909958,,,,,,,,,3974954,,,6422245,,,1580484,22976406,,,,,,,,,,,,,,406,771876,8066448,0
,,,,18690302,,,2356,英業達,,,2416500,,,,,,,,,,,,,,,,,,,,1,上市,113,,,,,,0,,,,,,,,,,,,,,,,59034765,,,,59892668,,0,,16.69,177925403,201957803,,,,,,,,,35874751,,,192955961,,,2911115,251990726,,,,,,,,,,,,,,-857903,15030558,50032923,0
,,,,169295249,,,2357,華碩,,,71391436,,,,,,,,,,,,,,,,,,,,1,上市,113,,,,,,0,,,,,,,,,,,,,,,,279412320,,,,260081996,,0,,350.16,197111773,315132396,,,,,,,,,7427603,,,221940174,,,11967708,501352494,,,,,,,,,,,,,,19330324,24828401,186220098,0
,,,,3122206,,,2359,所羅門,,,-114760,,,,,,,,,,,,,,,,,,,,1,上市,113,-6042,,,,,0,,,,,,,,,,,,,,,,5553810,,,,5108358,,100432,,29.81,3461976,5842946,,,,,,,,,1714711,,,3756892,,,392243,9310702,,,,,,,,,,,,,,445452,294916,3467756,0
,,,,11010128,,,2360,致茂,,,572599,,,,,,,,,,,,,,,,,,,,1,上市,113,-30916,,,,,,,,,,,,,,,,,,,,,20936313,,,,20377970,,1659374,,48.09,11047547,16539301,,,,,,,,,4253644,,,13770679,,,4572515,34706992,,,,,,,,,,,,,,558343,2723132,18167691,0
,,,,40007731,,,2362,藍天,,,-2623278,,,,,,,,,,,,,,,,,,,,1,上市,113,-829200,,,,,,,,,,,,,,,,,,,,,42975534,,,,42975534,,47047265,,73.44,21062290,20429571,,,,,,,,,6322630,,,56796978,,,97651,99772512,,,,,,,,,,,,,,,35734688,79342941,0
,,,,4117817,,,2363,矽統,,,7091205,,,,,,,,,,,,,,,,,,,,1,上市,113,0,,,,,,,,,,,,,,,,,,,,,18820193,,,,18788126,,3,,25.06,112883,4122648,,,,,,,,,7495894,,,123502,,,83210,18943695,,,,,,,,,,,,,,32067,10619,14821047,0
,,,,153137,,,2364,倫飛,,,21747,,,,,,,,,,,,,,,,,,,,1,上市,113,,,,,,0,,,,,,,,,,,,,,,,458492,,,,484921,,0,,15.64,824177,744110,,,,,,,,,310002,,,898837,,,35,1357329,,,,,,,,,,,,,,-26429,74660,613219,0
,,,,1200970,,,2365,昆盈,,,-596268,,,,,,,,,,,,,,,,,,,,1,上市,113,,,,,,,,,,,,,,,,,,,,,,3078238,,,,3047140,,0,,13.76,257328,1858660,,,,,,,,,2215285,,,562304,,,227153,3640542,,,,,,,,,,,,,,31098,304976,1781882,0
,,,,451924,,,2367,燿華,,,132810,,,,,,,,,,,,,,,,,,,,1,上市,113,,,,,,,,,,,,,,,,,,,,,,10313955,,,,10313955,,0,,15.41,8425423,8190704,,,,,,,,,6694072,,,12645853,,,3035149,22959808,,,,,,,,,,,,,,,4220430,14769104,0
,,,,9272565,,,2368,金像電,,,417496,,,,,,,,,,,,,,,,,,,,1,上市,113,-92754,,,,,0,,,,,,,,,,,,,,,,16651462,,,,16651462,,5151375,,34.21,12295465,26457861,,,,,,,,,4918395,,,18364110,,,2135760,35015572,,,,,,,,,,,,,,0,6068645,8557711,448
,,,,509355,,,2369,菱生,,,-35153,,,,,,,,,,,,,,,,,,,,1,上市,113,-176415,,,,,,,,,,,,,,,,,,,,,5586983,,,,5365638,,5658911,,14.33,1418851,3539250,,,,,,,,,3801023,,,2170056,,,1266828,7757039,,,,,,,,,,,,,,221345,751205,4217789,0
,,,,25027680,,,2371,大同,,,3787144,,,,,,,,,,,,,,,,,,,,1,上市,113,-1964066,,,,,0,,,,,,,,,,,,,,,,62752055,,,,53711943,,98793961,,23.97,34420720,62083376,,,,,,,,,23395367,,,73104163,,,3465818,135856218,,,,,,,,,,,,,,9040112,38683443,73772842,0
,,,,3395438,,,2373,震旦行,,,-130116,,,,,,,,,,,,,,,,,,,,1,上市,113,-791826,,,,,,,,,,,,,,,,,,,,,8061852,,,,6710523,,12496797,,30.00,5528474,9756893,,,,,,,,,2362025,,,10091293,,,1875002,18153145,,,,,,,,,,,,,,1351329,4562819,8396252,0
,,,,2887171,,,2374,佳能,,,-482970,,,,,,,,,,,,,,,,,,,,1,上市,113,0,,,,,,,,,,,,,,,,,,,,,6930684,,,,6622301,,0,,23.03,2213072,4455532,,,,,,,,,2875343,,,2291214,,,1342757,9221898,,,,,,,,,,,,,,308383,78142,4766366,0
,,,,3477160,,,2375,凱美,,,-266273,,,,,,,,,,,,,,,,,,,,1,上市,113,,,,,,0,,,,,,,,,,,,,,,,9030571,,,,9030571,,0,,83.10,5013956,6454057,,,,,,,,,1086753,,,5585033,,,4732931,14615604,,,,,,,,,,,,,,,571077,8161547,0
,,,,28991752,,,2376,技嘉,,,432582,,,,,,,,,,,,,,,,,,,,1,上市,113,,,,,,0,,,,,,,,,,,,,,,,40190342,,,,39680092,,0,,62.42,61066316,100775387,,,,,,,,,6356889,,,70672777,,,3898869,110863119,,,,,,,,,,,,,,510250,9606461,10087732,0
,,,,39733635,,,2377,微星,,,-612132,,,,,,,,,,,,,,,,,,,,1,上市,113,,,,,,0,,,,,,,,,,,,,,,,48375458,,,,48375458,,0,,57.26,45605320,86254845,,,,,,,,,8448562,,,46597125,,,805393,94972583,,,,,,,,,,,,,,,991805,8717738,0
,,,,36599409,,,2379,瑞昱,,,5310003,,,,,,,,,,,,,,,,,,,,1,上市,113,,,,,,0,,,,,,,,,,,,,,,,47589769,,,,47580096,,0,,92.77,47018365,75048591,,,,,,,,,5128636,,,52391306,,,542048,99981075,,,,,,,,,,,,,,9673,5372941,24932484,0
,,,,-1325775,,,2380,虹光,,,-125525,,,,,,,,,,,,,,,,,,,,1,上市,113,-6669,,,,,0,,,,,,,,,,,,,,,,815325,,,,815160,,195879,,3.76,1410519,1714591,,,,,,,,,2169341,,,1627543,,,103788,2442868,,,,,,,,,,,,,,165,217024,728277,0
,,,,112706690,,,2382,廣達,,,3505268,,,,,,,,,,,,,,,,,,,,1,上市,113,-333094,,,,,0,,,,,,,,,,,,,,,,176180246,,,,168802980,,8108885,,43.79,549397828,658261943,,,,,,,,,38626274,,,564091333,,,14297842,740271579,,,,,,,,,,,,,,7377266,14693505,82009636,0
,,,,18386357,,,2383,台光電,,,-463289,,,,,,,,,,,,,,,,,,,,1,上市,113,,,,,,,,,,,,,,,,,,,,,,25964618,,,,25971467,,0,,75.44,29829734,38353926,,,,,,,,,3442781,,,33312480,,,4605618,59277098,,,,,,,,,,,,,,-6849,3482746,20923172,0
,,,,20602939,,,2385,群光,,,-1317940,,,,,,,,,,,,,,,,,,,,1,上市,113,-273574,,,,,0,,,,,,,,,,,,,,,,43229586,,,,36842890,,32363233,,50.63,51086084,69468044,,,,,,,,,7600532,,,51767081,,,10230933,94996667,,,,,,,,,,,,,,6386696,680997,25528623,0
,,,,8578234,,,2387,精元,,,-851965,,,,,,,,,,,,,,,,,,,,1,上市,113,-23737,,,,,0,,,,,,,,,,,,,,,,10870911,,,,9775954,,1730000,,50.52,8738679,14342476,,,,,,,,,1952510,,,9170410,,,120912,20041321,,,,,,,,,,,,,,1094957,431731,5698845,0
,,,,6968509,,,2388,威盛,,,595042,,,,,,,,,,,,,,,,,,,,1,上市,113,,,,,,,,,,,,,,,,,,,,,,15280397,,,,13874892,,0,,27.76,6243622,15441043,,,,,,,,,5002386,,,8824626,,,1308955,24105023,,,,,,,,,,,,,,1405505,2581004,8663980,483250
,,,,-41377,,,2390,云辰,,,-25631,,,,,,,,,,,,,,,,,,,,1,上市,113,,,,,,,,,,,,,,,,,,,,,,2445655,,,,2445367,,0,,12.70,380327,1752333,,,,,,,,,1926194,,,397631,,,586181,2843286,,,,,,,,,,,,,,288,17304,1090953,0
,,,,10945076,,,2392,正崴,,,-2037571,,,,,,,,,,,,,,,,,,,,1,上市,113,-622774,,,,,0,,,,,,,,,,,,,,,,37170508,,,,24133672,,49503000,,52.14,40889506,66307273,,,,,,,,,5123269,,,67294248,,,10725672,104464756,,,,,,,,,,,,,,13036836,26404742,38157483,0
,,,,6605731,,,2393,億光,,,-685555,,,,,,,,,,,,,,,,,,,,1,上市,113,,,,,,,,,,,,,,,,,,,,,,19841828,,,,19456758,,0,,43.88,6679004,18004891,,,,,,,,,4433931,,,7649464,,,9102651,27491292,,,,,,,,,,,,,,385070,970460,9486401,0
,,,,23069390,,,2395,研華,,,956394,,,,,,,,,,,,,,,,,,,,1,上市,113,,,,,,,,,,,,,,,,,,,,,,43254869,,,,42882337,,0,,49.84,23530660,43056579,,,,,,,,,8604477,,,27791031,,,10252076,71045900,,,,,,,,,,,,,,372532,4260371,27989321,1998300
,,,,1151654,,,2397,友通,,,-37224,,,,,,,,,,,,,,,,,,,,1,上市,113,,,,,,0,,,,,,,,,,,,,,,,4693741,,,,2889185,,0,,25.24,3075562,5330423,,,,,,,,,1144889,,,4247005,,,629866,8940746,,,,,,,,,,,,,,1804556,1171443,3610323,0
,,,,327786,,,2399,映泰,,,6656,,,,,,,,,,,,,,,,,,,,1,上市,113,,,,,,,,,,,,,,,,,,,,,,2182220,,,,2182220,,0,,12.25,494053,2239262,,,,,,,,,1781000,,,537312,,,66778,2719532,,,,,,,,,,,,,,,43259,480270,0
,,,,1823635,,,2401,凌陽,,,-148801,,,,,,,,,,,,,,,,,,,,1,上市,113,-63401,,,,,,,,,,,,,,,,,,,,,10867543,,,,8643524,,3559996,,14.69,1948012,7911307,,,,,,,,,5919949,,,3317567,,,1112142,14185110,,,,,,,,,,,,,,2224019,1369555,6273803,0
,,,,1216273,,,2402,毅嘉,,,-75648,,,,,,,,,,,,,,,,,,,,1,上市,113,-120422,,,,,,,,,,,,,,,,,,,,,6182005,,,,6182005,,7464000,,20.60,4822629,7078654,,,,,,,,,3075366,,,5244016,,,2086436,11426021,,,,,,,,,,,,,,,421387,4347367,0
,,,,7169164,,,2404,漢唐,,,689888,,,,,,,,,,,,,,,,,,,,1,上市,113,-573943,,,,,0,,,,,,,,,,,,,,,,9882493,,,,9569685,,3000000,,51.01,39141691,45990063,,,,,,,,,1905867,,,40135884,,,378709,50018377,,,,,,,,,,,,,,312808,994193,4028314,0
,,,,254992,,,2405,輔信,,,-1369,,,,,,,,,,,,,,,,,,,,1,上市,113,,,,,,,,,,,,,,,,,,,,,,3896564,,,,3740471,,0,,10.89,498428,2138620,,,,,,,,,3434273,,,689141,,,52575,4585705,,,,,,,,,,,,,,156093,190713,2447085,0
,,,,-843022,,,2406,國碩,,,-242113,,,,,,,,,,,,,,,,,,,,1,上市,113,,,,,,,,,,,,,,,,,,,,,,8949716,,,,3956852,,0,,11.28,4217386,6084321,,,,,,,,,3509057,,,7363997,,,1532930,16313713,,,,,,,,,,,,,,4992864,3146611,10229392,0
,,,,101307551,,,2408,南亞科,,,2693638,,,,,,,,,,,,,,,,,,,,1,上市,113,,,,,,0,,,,,,,,,,,,,,,,167821174,,,,167821174,,0,,54.16,21875357,100393288,,,,,,,,,30991647,,,27260579,,,32828338,195081753,,,,,,,,,,,,,,,5385222,94688465,358000
,,,,28134602,,,2409,友達,,,-2825092,,,,,,,,,,,,,,,,,,,,1,上市,113,-240424,,,,,,,,,,,,,,,,,,,,,156663038,,,,150449364,,31515120,,19.62,94226508,146946621,,,,,,,,,76993961,,,226002573,,,48386317,382665611,,,,,,,,,,,,,,6213674,131776065,235718990,0
,,,,142483064,,,2412,中華電,,,1080707,,,,,,,,,,,,,,,,,,,,1,上市,113,,,,,,,,,,,,,,,,,,,,,,404639938,,,,392503575,,0,,50.60,60931371,111239406,,,,,,,,,77574465,,,123738420,,,171365339,528378358,,,,,,,,,,,,,,12136363,62807049,417138952,0
,,,,738979,,,2413,環科,,,-340610,,,,,,,,,,,,,,,,,,,,1,上市,113,-6151,,,,,,,,,,,,,,,,,,,,,2039417,,,,2038886,,538000,,16.08,1388604,2951651,,,,,,,,,1273592,,,2517547,,,373076,4556964,,,,,,,,,,,,,,531,1128943,1605313,0
,,,,1229903,,,2414,精技,,,-7620,,,,,,,,,,,,,,,,,,,,1,上市,113,,,,,,,,,,,,,,,,,,,,,,4217441,,,,3135800,,0,,19.39,4112847,6767207,,,,,,,,,1617358,,,4367385,,,296159,8584826,,,,,,,,,,,,,,1081641,254538,1817619,0
,,,,484084,,,2415,錩新,,,25181,,,,,,,,,,,,,,,,,,,,1,上市,113,,,,,,,,,,,,,,,,,,,,,,2766335,,,,1621865,,0,,18.02,5006873,6983631,,,,,,,,,900000,,,5633142,,,212600,8399477,,,,,,,,,,,,,,1144470,626269,1415846,0
,,,,1225305,,,2417,圓剛,0,,-51686,,,,,,,,,,,,,,,,,,,,1,上市,113,-517183,,,,,0,,,,,,,,,,,,,,,,4248886,,,,2993285,,20892600,,21.82,1441448,3723130,,,,,,,,,1580689,,,1593350,,,756160,5842236,,,,,,,,,,,,,,1255601,151902,2119106,0
,,,,312784,,,2419,仲琦,,,257805,,,,,,,,,,,,,,,,,,,,1,上市,113,,,,,,0,,,,,,,,,,,,,,,,5977180,,,,4923290,,0,,15.32,4361992,8861850,,,,,,,,,3213172,,,5600085,,,1139529,11577265,,,,,,,,,,,,,,1053890,1238093,2715415,0
,,,,2219143,,,2420,新巨,,,-2398,,,,,,,,,,,,,,,,,,,,1,上市,113,,,,,,,,,,,,,,,,,,,,,,3909547,,,,3878794,,0,,25.41,655488,2266689,,,,,,,,,1526487,,,1742010,,,135562,5651557,,,,,,,,,,,,,,30753,1086522,3384868,0
,,,,3592144,,,2421,建準,,,-173781,,,,,,,,,,,,,,,,,,,,1,上市,113,,,,,,,,,,,,,,,,,,,,,,7671588,,,,7671588,,0,,28.06,4941795,10213324,,,,,,,,,2734437,,,5620517,,,1518788,13292105,,,,,,,,,,,,,,0,678722,3078781,0
,,,,1203810,,,2423,固緯,,,-126951,,,,,,,,,,,,,,,,,,,,1,上市,113,,,,,,0,,,,,,,,,,,,,,,,2531405,,,,2531405,,0,,17.45,1017211,2410914,,,,,,,,,1450472,,,1201574,,,4074,3732979,,,,,,,,,,,,,,,184363,1322065,0
,,,,-723801,,,2424,隴華,,,543,,,,,,,,,,,,,,,,,,,,1,上市,113,,,,,,0,,,,,,,,,,,,,,,,300275,,,,289878,,0,,5.15,248325,316349,,,,,,,,,562750,,,399114,,,450386,699389,,,,,,,,,,,,,,10397,150789,383040,0
,,,,1252418,,,2425,承啟,,,31668,,,,,,,,,,,,,,,,,,,,1,上市,113,0,,,,,0,,,,,,,,,,,,,,,,2585256,,,,2249174,,0,,23.31,1089427,3166247,,,,,,,,,964988,,,1140090,,,100,3725346,,,,,,,,,,,,,,336082,50663,559099,0
,,,,548019,,,2426,鼎元,,,-29844,,,,,,,,,,,,,,,,,,,,1,上市,113,,,,,,,,,,,,,,,,,,,,,,3770156,,,,3770156,,0,,12.54,732818,2633976,,,,,,,,,3006223,,,1134541,,,245758,4904697,,,,,,,,,,,,,,0,401723,2270721,0
,,,,737006,,,2427,三商電,,,128337,,,,,,,,,,,,,,,,,,,,1,上市,113,,,,,,,,,,,,,,,,,,,,,,3171343,,,,3168716,,0,,16.10,2171911,4780748,,,,,,,,,1968145,,,3712502,,,335228,6883845,,,,,,,,,,,,,,2627,1540591,2103097,0
,,,,8264918,,,2428,興勤,,,41213,,,,,,,,,,,,,,,,,,,,1,上市,113,,,,,,,,,,,,,,,,,,,,,,10074938,,,,9940165,,0,,77.59,1947475,8562107,,,,,,,,,1281127,,,4471962,,,352907,14546900,,,,,,,,,,,,,,134773,2524487,5984793,0
,,,,-283514,,,2429,銘旺科,,,-6105,,,,,,,,,,,,,,,,,,,,1,上市,113,,,,,,0,,,,,,,,,,,,,,,,235474,,,,221398,,0,,5.06,91212,184634,,,,,,,,,437482,,,161642,,,73535,397116,,,,,,,,,,,,,,14076,70430,212482,0
,,,,1996875,,,2430,燦坤,,,-67067,,,,,,,,,,,,,,,,,,,,1,上市,113,,,,,,,,,,,,,,,,,,,,,,4348648,,,,4348648,,0,,37.23,5897471,5016414,,,,,,,,,1168000,,,10789051,,,1250840,15137699,,,,,,,,,,,,,,,4891580,10121285,0
,,,,148367,,,2431,聯昌,,,-74563,,,,,,,,,,,,,,,,,,,,1,上市,113,,,,,,0,,,,,,,,,,,,,,,,1342412,,,,1342412,,0,,12.10,149794,1146836,,,,,,,,,1109270,,,186324,,,159338,1528736,,,,,,,,,,,,,,,36530,381900,0
,,,,242340,,,2432,倚天酷碁-創,0,,-20164,,,,,,,,,,,,,,,,,,,,1,上市,113,,,,,,0,,,,,,,,,,,,,,,,1263149,,,,1263149,,0,,20.42,531112,1476426,,,,,,,,,618600,,,550814,,,422373,1813963,,,,,,,,,,,,,,,19702,337537,0
,,,,1130207,,,2433,互盛電,,,812433,,,,,,,,,,,,,,,,,,,,1,上市,113,,,,,,,,,,,,,,,,,,,,,,4141439,,,,3430243,,0,,23.74,1993449,3860686,,,,,,,,,1444960,,,3509218,,,42643,7650657,,,,,,,,,,,,,,711196,1515769,3789971,0
,,,,-42558,,,2434,統懋,,,-5934,,,,,,,,,,,,,,,,,,,,1,上市,113,,,,,,,,,,,,,,,,,,,,,,514768,,,,514768,,0,,13.91,116557,224385,,,,,,,,,370000,,,188692,,,193260,703460,,,,,,,,,,,,,,,72135,479075,0
,,,,1644136,,,2436,偉詮電,,,-14091,,,,,,,,,,,,,,,,,,,,1,上市,113,-83400,,,,,0,,,,,,,,,,,,,,,,4146163,,,,3593726,,905000,,20.29,544011,4381555,,,,,,,,,1780116,,,1789659,,,266965,5935822,,,,,,,,,,,,,,552437,1245648,1554267,0
,,,,-111637,,,2438,翔耀,0,,-37330,,,,,,,,,,,,,,,,,,,,1,上市,113,-28303,,,,,,,,,,,,,,,,,,,,,640445,,,,426297,,5000000,,7.72,376139,411867,,,,,,,,,601956,,,745251,,,1611,1385696,,,,,,,,,,,,,,214148,369112,973829,0
,,,,6098659,,,2439,美律,,,-948149,,,,,,,,,,,,,,,,,,,,1,上市,113,,,,,,0,,,,,,,,,,,,,,,,13250944,,,,12328822,,0,,55.94,17493712,22492991,,,,,,,,,2203783,,,20852198,,,4974529,34103142,,,,,,,,,,,,,,922122,3358486,11610151,0
,,,,-139908,,,2440,太空梭,,,25746,,,,,,,,,,,,,,,,,,,,1,上市,113,,,,,,,,,,,,,,,,,,,,,,1282120,,,,1282120,,0,,9.22,867817,1771410,,,,,,,,,1391173,,,977327,,,5109,2259447,,,,,,,,,,,,,,,109510,488037,0
,,,,15791261,,,2441,超豐,,,1273356,,,,,,,,,,,,,,,,,,,,1,上市,113,,,,,,,,,,,,,,,,,,,,,,22758148,,,,22755615,,0,,40.00,2539477,10299882,,,,,,,,,5688459,,,2856045,,,2539,25614193,,,,,,,,,,,,,,2533,316568,15314311,0
,,,,1866736,,,2442,新美齊,,,107651,,,,,,,,,,,,,,,,,,,,1,上市,113,,,,,,0,,,,,,,,,,,,,,,,5276662,,,,4538060,,0,,17.72,10622346,14670342,,,,,,,,,2560783,,,11844555,,,2890,17121217,,,,,,,,,,,,,,738602,1222209,2450875,0
,,,,-131821,,,2444,兆勁,0,,-17091,,,,,,,,,,,,,,,,,,,,1,上市,113,0,,,,,0,,,,,,,,,,,,,,,,987827,,,,987827,,0,,9.73,344015,1224015,,,,,,,,,1015696,,,994223,,,121043,1982050,,,,,,,,,,,,,,0,650208,758035,0
,,,,19880911,,,2449,京元電子,,,3849705,,,,,,,,,,,,,,,,,,,,1,上市,113,,,,,,,,,,,,,,,,,,,,,,42116112,,,,40995236,,0,,33.53,8301417,24385873,,,,,,,,,12227451,,,35197703,,,5037169,77313815,,,,,,,,,,,,,,1120876,26896286,52927942,0
,,,,2765087,,,2450,神腦,,,-3827,,,,,,,,,,,,,,,,,,,,1,上市,113,,,,,,,,,,,,,,,,,,,,,,6071783,,,,6061451,,0,,23.47,3938838,7132733,,,,,,,,,2582527,,,4425972,,,717664,10497755,,,,,,,,,,,,,,10332,487134,3365022,0
,,,,11034364,,,2451,創見,,,-97982,,,,,,,,,,,,,,,,,,,,1,上市,113,,,,,,0,,,,,,,,,,,,,,,,18057087,,,,18057087,,0,,42.09,4825066,16605087,,,,,,,,,4290617,,,5160084,,,2830088,23217171,,,,,,,,,,,,,,,335018,6612084,0
,,,,942623,,,2453,凌群,,,6894,,,,,,,,,,,,,,,,,,,,1,上市,113,0,,,,,,,,,,,,,,,,,,,,,1963266,,,,1951314,,0,,19.51,2240017,3484198,,,,,,,,,1000000,,,2333310,,,1797,4296576,,,,,,,,,,,,,,11952,93293,812378,0
,,,,271443364,,,2454,聯發科,,,52689505,,,,,,,,,,,,,,,,,,,,1,上市,113,-55970,,,,,,,,,,,,,,,,,,,,,374873710,,,,368929013,,7794085,,231.76,247664050,284701422,,,,,,,,,15996234,,,272451640,,,28855880,647325350,,,,,,,,,,,,,,5944697,24787590,362623928,0
,,,,1434647,,,2455,全新,,,-38140,,,,,,,,,,,,,,,,,,,,1,上市,113,,,,,,0,,,,,,,,,,,,,,,,3262302,,,,,,0,,17.64,820892,2230053,,,,,,,,,1849059,,,1429235,,,16736,4691537,,,,,,,,,,,,,,,608343,2461484,0
,,,,953107,,,2457,飛宏,,,-90476,,,,,,,,,,,,,,,,,,,,1,上市,113,,,,,,,,,,,,,,,,,,,,,,9744010,,,,9754098,,0,,22.62,4190555,9997366,,,,,,,,,4312084,,,5182109,,,4579383,14926119,,,,,,,,,,,,,,-10088,991554,4928753,0
,,,,5608393,,,2458,義隆,0,,77159,,,,,,,,,,,,,,,,,,,,1,上市,113,-848995,,,,,,,,,,,,,,,,,,,,0,9143751,,,,8808649,,17656599,,30.78,4397743,9311168,,,,,,,,,3038804,,,5864002,,,933288,15007753,,,,,,,,,,,,,,335102,1466259,5696585,0
,,,,3774220,,,2459,敦吉,,,120798,,,,,,,,,,,,,,,,,,,,1,上市,113,,,,,,,,,,,,,,,,,,,,,,5535469,,,,5132764,,0,,48.61,2778465,6009208,,,,,,,,,1055956,,,3583230,,,181790,9118699,,,,,,,,,,,,,,402705,804765,3109491,0
,,,,255437,,,2460,建通,,,-88134,,,,,,,,,,,,,,,,,,,,1,上市,113,-43059,,,,,,,,,,,,,,,,,,,,,2087559,,,,2087559,,3301000,,12.58,2432368,3341836,,,,,,,,,1692000,,,3318418,,,271315,5405977,,,,,,,,,,,,,,,886050,2064141,0
,,,,770772,,,2461,光群雷,,,-292400,,,,,,,,,,,,,,,,,,,,1,上市,113,0,,,,,,,,,,,,,,,,,,,,,4038855,,,,2944994,,0,,17.16,2907465,5454385,,,,,,,,,1715942,,,4042684,,,750680,8081539,,,,,,,,,,,,,,1093861,1135219,2627154,0
,,,,1465990,,,2462,良得電,,,-170417,,,,,,,,,,,,,,,,,,,,1,上市,113,0,,,,,0,,,,,,,,,,,,,,,,3191978,,,,3171173,,0,,21.12,2054314,3464668,,,,,,,,,1501440,,,2678304,,,374160,5870282,,,,,,,,,,,,,,20805,623990,2405614,0
,,,,1987351,,,2464,盟立,,,-52721,,,,,,,,,,,,,,,,,,,,1,上市,113,,,,,,,,,,,,,,,,,,,,,,4253051,,,,4176485,,0,,21.36,6580783,8102271,,,,,,,,,1955312,,,7262905,,,286543,11515956,,,,,,,,,,,,,,76566,682122,3413685,0
,,,,-316247,,,2465,麗臺,,,-8063,,,,,,,,,,,,,,,,,,,,1,上市,113,,,,,,0,,,,,,,,,,,,,,,,933272,,,,934625,,0,,11.13,2270962,2906322,,,,,,,,,839460,,,2389712,,,419475,3322984,,,,,,,,,,,,,,-1353,118750,416662,0
,,,,128268,,,2466,冠西電,,,-89534,,,,,,,,,,,,,,,,,,,,1,上市,113,,,,,,0,,,,,,,,,,,,,,,,1897159,,,,1897159,,0,,11.06,2094575,1519975,,,,,,,,,1714587,,,2612353,,,143838,4509512,,,,,,,,,,,,,,,517778,2989537,0
,,,,1086184,,,2467,志聖,,,913721,,,,,,,,,,,,,,,,,,,,1,上市,113,-398506,,,,,0,,,,,,,,,,,,,,,,3822963,,,,3479412,,7013000,,23.24,3647499,5393389,,,,,,,,,1567553,,,5318733,,,310460,9141696,,,,,,,,,,,,,,343551,1671234,3748307,0
,,,,494043,,,2468,華經,,,-507,,,,,,,,,,,,,,,,,,,,1,上市,113,,,,,,,,,,,,,,,,,,,,,,1255509,,,,1255509,,0,,17.95,693594,1444989,,,,,,,,,699612,,,705064,,,62361,1960573,,,,,,,,,,,,,,,11470,515584,0
,,,,294427,,,2471,資通,,,-4444,,,,,,,,,,,,,,,,,,,,1,上市,113,,,,,,0,,,,,,,,,,,,,,,,923174,,,,919532,,0,,19.46,390309,1220514,,,,,,,,,472539,,,500252,,,157010,1423426,,,,,,,,,,,,,,3642,109943,202912,0
,,,,4003670,,,2472,立隆電,,,-241353,,,,,,,,,,,,,,,,,,,,1,上市,113,0,,,,,0,,,,,,,,,,,,,,,,11053899,,,,7422833,,0,,45.06,3894901,8802422,,,,,,,,,1647351,,,4170227,,,2013165,15224126,,,,,,,,,,,,,,3631066,275326,6421704,0
,,,,140524203,,,2474,可成,,,1297110,,,,,,,,,,,,,,,,,,,,1,上市,113,0,,,,,,,,,,,,,,,,,,,,,166503262,,,,166503262,,0,,244.73,82235900,116755708,,,,,,,,,6803641,,,88198948,,,17878308,254702210,,,,,,,,,,,,,,0,5963048,137946502,0
,,,,4002403,,,2476,鉅祥,,,13251,,,,,,,,,,,,,,,,,,,,1,上市,113,,,,,,0,,,,,,,,,,,,,,,,8238593,,,,7517858,,0,,36.38,2055109,9669426,,,,,,,,,2066203,,,3829080,,,1436001,12067673,,,,,,,,,,,,,,720735,1773971,2398247,776000
,,,,2305278,,,2477,美隆電,,,141518,,,,,,,,,,,,,,,,,,,,1,上市,113,,,,,,,,,,,,,,,,,,,,,,4394316,,,,4038812,,0,,25.47,2115688,5055959,,,,,,,,,1585732,,,3592979,,,6284,7987295,,,,,,,,,,,,,,355504,1477291,2931336,0
,,,,4089371,,,2478,大毅,,,-352045,,,,,,,,,,,,,,,,,,,,1,上市,113,0,,,,,,,,,,,,,,,,,,,,,6812392,,,,6710111,,0,,46.36,2262245,5381978,,,,,,,,,1447313,,,2871426,,,1525472,9683818,,,,,,,,,,,,,,102281,609181,4301840,0
,,,,1511866,,,2480,敦陽科,,,48320,,,,,,,,,,,,,,,,,,,,1,上市,113,0,,,,,0,,,,,,,,,,,,,,,,2790303,,,,2790303,,0,,26.23,3775851,5778520,,,,,,,,,1063603,,,3856363,,,166514,6646666,,,,,,,,,,,,,,0,80512,868146,0
,,,,3747133,,,2481,強茂,,,-360369,,,,,,,,,,,,,,,,,,,,1,上市,113,0,,,,,,,,,,,,,,,,,,,,,14487358,,,,13232492,,0,,34.63,7955967,14535381,,,,,,,,,3821149,,,14519039,,,6024579,29006397,,,,,,,,,,,,,,1254866,6563072,14471016,0
,,,,388681,,,2482,連宇,,,61535,,,,,,,,,,,,,,,,,,,,1,上市,113,,,,,,,,,,,,,,,,,,,,,,1375612,,,,1375608,,0,,17.66,286349,1275029,,,,,,,,,778827,,,326305,,,146565,1701917,,,,,,,,,,,,,,4,39956,426888,0
,,,,1080376,,,2483,百容,,,127763,,,,,,,,,,,,,,,,,,,,1,上市,113,0,,,,,,,,,,,,,,,,,,,,,2543112,,,,2526214,,0,,23.16,1008574,1552048,,,,,,,,,1090938,,,1682389,,,227137,4225501,,,,,,,,,,,,,,16898,673815,2673453,0
,,,,1433256,,,2484,希華,,,253657,,,,,,,,,,,,,,,,,,,,1,上市,113,,,,,,,,,,,,,,,,,,,,,,4090013,,,,4083596,,0,,25.62,700383,2554202,,,,,,,,,1594210,,,1070391,,,802473,5160404,,,,,,,,,,,,,,6417,370008,2606202,0
,,,,2397670,,,2485,兆赫,,,-134117,,,,,,,,,,,,,,,,,,,,1,上市,113,,,,,,0,,,,,,,,,,,,,,,,6194332,,,,5990135,,0,,18.86,2245826,5473534,,,,,,,,,3176890,,,2338607,,,549692,8532939,,,,,,,,,,,,,,204197,92781,3059405,0
,,,,352516,,,2486,一詮,,,-176452,,,,,,,,,,,,,,,,,,,,1,上市,113,0,,,,,0,,,,,,,,,,,,,,,,4509319,,,,4315480,,0,,19.44,2701556,5456037,,,,,,,,,2219586,,,3468547,,,1919830,7977866,,,,,,,,,,,,,,193839,766991,2521829,0
,,,,1767458,,,2488,漢平,,,-28557,,,,,,,,,,,,,,,,,,,,1,上市,113,,,,,,0,,,,,,,,,,,,,,,,2572896,,,,2572896,,0,,32.16,701208,2791847,,,,,,,,,799994,,,1022227,,,34001,3595123,,,,,,,,,,,,,,,321019,803276,0
,,,,4050918,,,2489,瑞軒,,,-72791,,,,,,,,,,,,,,,,,,,,1,上市,113,,,,,,0,,,,,,,,,,,,,,,,13794578,,,,13640790,,0,,18.43,7584963,17317150,,,,,,,,,7401000,,,8125608,,,2261663,21920186,,,,,,,,,,,,,,153788,540645,4603036,0
,,,,-56216,,,2491,吉祥全,,,858,,,,,,,,,,,,,,,,,,,,1,上市,113,,,,,,0,,,,,,,,,,,,,,,,1285593,,,,846993,,0,,10.33,134826,1258514,,,,,,,,,820080,,,172880,,,82271,1458473,,,,,,,,,,,,,,438600,38054,199959,0
,,,,35987953,,,2492,華新科,,,4811954,,,,,,,,,,,,,,,,,,,,1,上市,113,-236380,,,,,,,,,,,,,,,,,,,,,58908310,,,,48552890,,1000000,,100.15,26818130,36632165,,,,,,,,,4858043,,,38102792,,,3131320,97011102,,,,,,,,,,,,,,10355420,11284662,60378937,0
,,,,1047404,,,2493,揚博,,,84284,,,,,,,,,,,,,,,,,,,,1,上市,113,,,,,,0,,,,,,,,,,,,,,,,2598084,,,,2598084,,0,,22.70,2001412,3715927,,,,,,,,,1144373,,,2238953,,,322023,4837037,,,,,,,,,,,,,,,237541,1121110,0
,,,,1503427,,,2495,普安,,,13966,,,,,,,,,,,,,,,,,,,,1,上市,113,,,,,,0,,,,,,,,,,,,,,,,4341768,,,,4341768,,0,,15.87,2225959,5874819,,,,,,,,,2735515,,,2296417,,,88860,6638185,,,,,,,,,,,,,,0,70458,763366,0
,,,,319430,,,2496,卓越,,,-2587,,,,,,,,,,,,,,,,,,,,1,上市,113,-12406,,,,,,,,,,,,,,,,,,,,,793972,,,,789403,,178000,,41.72,482573,361167,,,,,,,,,191004,,,545078,,,293962,1339050,,,,,,,,,,,,,,4569,62505,977883,0
,,,,623737,,,2497,怡利電,,,-52260,,,,,,,,,,,,,,,,,,,,1,上市,113,,,,,,,,,,,,,,,,,,,,,,2248484,,,,2248484,,0,,18.31,1286232,2779656,,,,,,,,,1227985,,,1921789,,,449022,4170273,,,,,,,,,,,,,,,635557,1390617,0
,,,,1393264,,,2498,宏達電,,,-2793233,,,,,,,,,,,,,,,,,,,,1,上市,113,,,,,,,,,,,,,,,,,,,,,,23200915,,,,23200915,,0,,27.88,12907029,27459986,,,,,,,,,8323191,,,23165653,,,16277693,46366568,,,,,,,,,,,,,,,10258624,18906582,0
,,,,14709112,,,2501,國建,,,586744,,,,,,,,,,,,,,,,,,,,1,上市,113,,,,,,,,,,,,,,,,,,,,,,29240905,,,,27009778,,0,,23.29,33462839,58074923,,,,,,,,,11595611,,,54555915,,,118311,83796820,,,,,,,,,,,,,,2231127,21093076,25721897,0
,,,,12463210,,,2504,國產,,,-62101,,,,,,,,,,,,,,,,,,,,1,上市,113,-4789,,,,,,,,,,,,,,,,,,,,,26619300,,,,25400401,,3116108,,21.58,8647826,12643032,,,,,,,,,11800000,,,14316334,,,1204081,40935634,,,,,,,,,,,,,,1218899,5668508,28292602,0
,,,,5430219,,,2505,國揚,,,199222,,,,,,,,,,,,,,,,,,,,1,上市,113,,,,,,0,,,,,,,,,,,,,,,,10162389,,,,10057237,,0,,26.47,8951673,16535599,,,,,,,,,3800000,,,8963650,,,627796,19126039,,,,,,,,,,,,,,105152,11977,2590440,0
,,,,2228065,,,2506,太設,,,260168,,,,,,,,,,,,,,,,,,,,1,上市,113,-193207,,,,,,,,,,,,,,,,,,,,,8410951,,,,6559657,,25443994,,18.14,3511841,7050190,,,,,,,,,3870000,,,4509315,,,394631,12920266,,,,,,,,,,,,,,1851294,997474,5870076,0
,,,,1207334,,,2509,全坤建,,,67218,,,,,,,,,,,,,,,,,,,,1,上市,113,,,,,,0,,,,,,,,,,,,,,,,4435318,,,,4056900,,0,,18.07,4620070,7436509,,,,,,,,,2245505,,,5818941,,,536843,10254259,,,,,,,,,,,,,,378418,1198871,2817750,0
,,,,5945211,,,2511,太子,,,1179803,,,,,,,,,,,,,,,,,,,,1,上市,113,-1003,,,,,0,,,,,,,,,,,,,,,,25867444,,,,25617785,,655424,,15.79,4292406,21453182,,,,,,,,,16233261,,,20001033,,,2260513,45868477,,,,,,,,,,,,,,249659,15708627,24415295,0
,,,,8071336,,,2514,龍邦,,,-211200,,,,,,,,,,,,,,,,,,,,1,上市,113,-614333,,,,,,,,,,,,,,,,,,,,,19373870,,,,11371445,,36608592,,31.75,14438485,17442738,,,,,,,,,3947293,,,20148738,,,178349,39522608,,,,,,,,,,,,,,8002425,5710253,22079870,0
,,,,7850843,,,2515,中工,,,-655376,,,,,,,,,,,,,,,,,,,,1,上市,113,,,,,,,,,,,,,,,,,,,,,,23403970,,,,22600986,,0,,14.76,19321302,48370140,,,,,,,,,15308998,,,33337565,,,96521,56741535,,,,,,,,,,,,,,802984,14016263,8371395,0
,,,,-753282,,,2516,新建,,,72020,,,,,,,,,,,,,,,,,,,,1,上市,113,,,,,,,,,,,,,,,,,,,,,,1594679,,,,1594679,,0,,7.05,4609145,4666079,,,,,,,,,2262785,,,4733070,,,13156,6327749,,,,,,,,,,,,,,,123925,1661670,0
,,,,12832046,,,2520,冠德,,,-28383,,,,,,,,,,,,,,,,,,,,1,上市,113,-98702,,,,,0,,,,,,,,,,,,,,,,22883570,,,,19719467,,12690784,,36.42,28361597,46156659,,,,,,,,,5541701,,,34192187,,,1472805,57075757,,,,,,,,,,,,,,3164103,5830590,10919098,0
,,,,14223979,,,2524,京城,,,0,,,,,,,,,,,,,,,,,,,,1,上市,113,0,,,,,0,,,,,,,,,,,,,,,,17926257,,,,17926257,,0,,48.53,10061049,36337501,,,,,,,,,3694196,,,19324229,,,8082,37250486,,,,,,,,,,,,,,,9263180,912985,0
,,,,3729740,,,2527,宏璟,,,6234481,,,,,,,,,,,,,,,,,,,,1,上市,113,-455812,,,,,,,,,,,,,,,,,,,,,12972581,,,,12570188,,8547695,,48.02,14114818,17814718,,,,,,,,,2703060,,,17240567,,,358719,30213148,,,,,,,,,,,,,,402393,3125749,12398430,0
,,,,77171,,,2528,皇普,,,,,,,,,,,,,,,,,,,,,,,1,上市,113,,,,,,,,,,,,,,,,,,,,,,5159378,,,,,,0,,13.45,16808691,23250352,,,,,,,,,3883251,,,18196074,,,1198956,23355452,,,,,,,,,,,,,,,1387383,105100,0
,,,,528819,,,2530,華建,,,1293,,,,,,,,,,,,,,,,,,,,1,上市,113,,,,,,,,,,,,,,,,,,,,,,10418990,,,,10187610,,0,,12.13,12603264,24470977,,,,,,,,,8399880,,,14205844,,,1257618,24624834,,,,,,,,,,,,,,231380,1602580,153857,0
,,,,7674556,,,2534,宏盛,,,58059,,,,,,,,,,,,,,,,,,,,1,上市,113,-45822,,,,,,,,,,,,,,,,,,,,,14768786,,,,14768786,,1227150,,31.22,10730104,17609185,,,,,,,,,4742280,,,17643514,,,2339713,32412300,,,,,,,,,,,,,,,6913410,14803115,0
,,,,3451945,,,2535,達欣工,,,113621,,,,,,,,,,,,,,,,,,,,1,上市,113,-124076,,,,,,,,,,,,,,,,,,,,,8757216,,,,8523835,,10902228,,32.80,12411693,23045108,,,,,,,,,2707940,,,16082589,,,2374405,24839805,,,,,,,,,,,,,,233381,3670896,1794697,0
,,,,6336692,,,2536,宏普,,,0,,,,,,,,,,,,,,,,,,,,1,上市,113,,,,,,,,,,,,,,,,,,,,,,12324040,,,,11707127,,0,,35.18,25664278,38806380,,,,,,,,,3328087,,,29732789,,,2042348,42056829,,,,,,,,,,,,,,616913,4068511,3250449,0
,,,,527116,,,2537,聯上發,,,0,,,,,,,,,,,,,,,,,,,,1,上市,113,,,,,,,,,,,,,,,,,,,,,,4097427,,,,,,0,,13.63,10009105,15221648,,,,,,,,,3005579,,,12026974,,,564732,16124401,,,,,,,,,,,,,,,2017869,902753,0
,,,,1814511,,,2538,基泰,,,-117847,,,,,,,,,,,,,,,,,,,,1,上市,113,,,,,,,,,,,,,,,,,,,,,,6139631,,,,6139631,,0,,14.00,13860585,18888051,,,,,,,,,4384488,,,13902757,,,58479,20042388,,,,,,,,,,,,,,0,42172,1154337,0
,,,,3530305,,,2539,櫻花建,,,0,,,,,,,,,,,,,,,,,,,,1,上市,113,0,,,,,,,,,,,,,,,,,,,,,12196530,,,,12196530,,0,,14.23,10496202,26862330,,,,,,,,,8571139,,,14772770,,,95086,26969300,,,,,,,,,,,,,,0,4276568,106970,0
,,,,3414416,,,2540,愛山林,,,0,,,,,,,,,,,,,,,,,,,,1,上市,113,,,,,,,,,,,,,,,,,,,,,,11578701,,,,11578701,,0,,27.79,24263644,34455758,,,,,,,,,4166067,,,26784960,,,3998218,38363661,,,,,,,,,,,,,,0,2521316,3907903,0
,,,,19529794,,,2542,興富發,0,,393,,,,,,,,,,,,,,,,,,,,1,上市,113,-971876,,,,,,,,,,,,,,,,,,,,0,56157859,,,,46247599,,55624101,,25.29,153063490,212102578,,,,,,,,,18841415,,,175436473,,,8847873,231594332,,,,,,,,,,,,,,9910260,22372983,19491754,0
,,,,714254,,,2543,皇昌,,,0,,,,,,,,,,,,,,,,,,,,1,上市,113,0,,,,,,,,,,,,,,,,,,,,,3438555,,,,3126772,,0,,13.17,10284695,8763575,,,,,,,,,2374837,,,11104621,,,37681,14543176,,,,,,,,,,,,,,311783,819926,5779601,0
,,,,8786282,,,2545,皇翔,,,,,,,,,,,,,,,,,,,,,,,1,上市,113,,,,,,,,,,,,,,,,,,,,,,12080760,,,,12080760,,0,,36.86,27851031,35810662,,,,,,,,,3277348,,,41823319,,,17130,53904079,,,,,,,,,,,,,,,13972288,18093417,0
,,,,2476652,,,2546,根基,,,276348,,,,,,,,,,,,,,,,,,,,1,上市,113,,,,,,,,,,,,,,,,,,,,,,4479225,,,,4479025,,0,,37.10,7351922,11232226,,,,,,,,,1207216,,,7542355,,,518809,12021580,,,,,,,,,,,,,,200,190433,789354,0
,,,,606302,,,2547,日勝生,,,-3643,,,,,,,,,,,,,,,,,,,,1,上市,113,,,,,,,,,,,,,,,,,,,,,,12382382,,,,11357234,,0,,11.89,17208911,15151781,,,,,,,,,9550946,,,47251459,,,1203629,59633841,,,,,,,,,,,,,,1025148,30042548,44482060,0
,,,,15765550,,,2548,華固,,,13126,,,,,,,,,,,,,,,,,,,,1,上市,113,-850,,,,,0,,,,,,,,,,,,,,,,18644325,,,,18627849,,174354,,67.34,22372078,40889529,,,,,,,,,2768127,,,25023771,,,81896,43668096,,,,,,,,,,,,,,16476,2651693,2778567,0
,,,,3069712,,,2597,潤弘,,,875321,,,,,,,,,,,,,,,,,,,,1,上市,113,,,,,,0,,,,,,,,,,,,,,,,8207150,,,,6573932,,0,,35.54,8841795,11026091,,,,,,,,,1849500,,,12699134,,,779399,20906284,,,,,,,,,,,,,,1633218,3857339,9880193,0
,,,,-1154181,,,2601,益航,,,30926,,,,,,,,,,,,,,,,,,,,1,上市,113,0,,,,,,,,,,,,,,,,,,,,,11293959,,,,9056727,,0,,10.98,8228104,4929162,,,,,,,,,8247761,,,24551737,,,1932221,35845696,,,,,,,,,,,,,,2237232,16323633,30916534,0
,,,,403331133,,,2603,長榮,,,29397834,,,,,,,,,,,,,,,,,,,,1,上市,113,,,,,,0,,,,,,,,,,,,,,,,505768474,,,,473430119,,0,,221.61,123089322,246716705,,,,,,,,,21502480,,,275931187,,,19198672,781699661,,,,,,,,,,,,,,32338355,152841865,534982956,0
,,,,10685916,,,2605,新興,,,-105835,,,,,,,,,,,,,,,,,,,,1,上市,113,,,,,,0,,,,,,,,,,,,,,,,16599549,,,,16599549,,0,,28.36,5179906,7551168,,,,,,,,,5853533,,,5491399,,,165935,22090948,,,,,,,,,,,,,,0,311493,14539780,0
,,,,22650038,,,2606,裕民,,,6521180,,,,,,,,,,,,,,,,,,,,1,上市,113,,,,,,,,,,,,,,,,,,,,,,37861182,,,,37741079,,0,,44.66,18707541,27645897,,,,,,,,,8450557,,,46857412,,,119304,84718594,,,,,,,,,,,,,,120103,28149871,57072697,0
,,,,13756912,,,2607,榮運,,,4436508,,,,,,,,,,,,,,,,,,,,1,上市,113,,,,,,0,,,,,,,,,,,,,,,,33493959,,,,33160584,,0,,31.07,3542252,16472264,,,,,,,,,10671411,,,11254313,,,4295753,44748272,,,,,,,,,,,,,,333375,7712061,28276008,0
,,,,7964244,,,2608,嘉里大榮,,,60247,,,,,,,,,,,,,,,,,,,,1,上市,113,,,,,,,,,,,,,,,,,,,,,,13371437,,,,12696804,,0,,27.19,3109294,3843930,,,,,,,,,4670005,,,11244200,,,2308,24615637,,,,,,,,,,,,,,674633,8134906,20771707,0
,,,,224370660,,,2609,陽明,,,2743842,,,,,,,,,,,,,,,,,,,,1,上市,113,,,,,,,,,,,,,,,,,,,,,,290803570,,,,290010575,,0,,83.05,48885712,228687205,,,,,,,,,34921043,,,112533612,,,27975030,403337182,,,,,,,,,,,,,,792995,63647900,174649977,0
,,,,14010841,,,2610,華航,,,-1091748,,,,,,,,,,,,,,,,,,,,1,上市,113,-30875,,,,,,,,,,,,,,,,,,,,,80495951,,,,77292207,,2074628,,12.78,93578508,75274930,,,,,,,,,60515407,,,218510613,,,3888582,299006564,,,,,,,,,,,,,,3203744,124932105,223731634,0
,,,,1167892,,,2611,志信,,,220581,,,,,,,,,,,,,,,,,,,,1,上市,113,,,,,,,,,,,,,,,,,,,,,,3533685,,,,3306019,,0,,17.49,351638,2798195,,,,,,,,,1890023,,,900250,,,27523,4433935,,,,,,,,,,,,,,227666,548612,1635740,0
,,,,9394171,,,2612,中航,0,,631312,,,,,,,,,,,,,,,,,,,,1,上市,113,0,,,,,0,,,,,,,,,,,,,,,,12118006,,,,12053740,,0,,61.04,4391676,5264683,,,,,,,,,1974846,,,11817879,,,53411,23935885,,,,,,,,,,,,,,64266,7426203,18671202,0
,,,,1973281,,,2613,中櫃,,,25594,,,,,,,,,,,,,,,,,,,,1,上市,113,-505487,,,,,0,,,,,,,,,,,,,,,,3120273,,,,3108129,,11821894,,22.75,1435345,1423000,,,,,,,,,1484235,,,7033583,,,130506,10153856,,,,,,,,,,,,,,12144,5598238,8730856,0
,,,,391629,,,2614,東森,0,,-51831,,,,,,,,,,,,,,,,,,,,1,上市,113,0,,,,,0,,,,,,,,,,,,,,,,4303020,,,,3347767,,0,,11.15,3145904,3733841,,,,,,,,,3002431,,,13252276,,,5538,17555296,,,,,,,,,,,,,,955253,10106372,13821455,0
,,,,171248259,,,2615,萬海,,,17164902,,,,,,,,,,,,,,,,,,,,1,上市,113,,,,,,,,,,,,,,,,,,,,,,218104858,,,,217746400,,0,,77.60,39682284,136114431,,,,,,,,,28061464,,,133429580,,,1271775,351534438,,,,,,,,,,,,,,358458,93747296,215420007,0
,,,,1741627,,,2616,山隆,,,1177761,,,,,,,,,,,,,,,,,,,,1,上市,113,-31863,,,,,0,,,,,,,,,,,,,,,,5054746,,,,4849251,,1353454,,35.68,2271672,2720836,,,,,,,,,1372818,,,4898669,,,588908,9953415,,,,,,,,,,,,,,205495,2626997,7232579,0
,,,,10071434,,,2617,台航,,,1924892,,,,,,,,,,,,,,,,,,,,1,上市,113,,,,,,,,,,,,,,,,,,,,,,16503653,,,,16503653,,0,,39.55,1577111,3129874,,,,,,,,,4172945,,,8743836,,,334382,25247489,,,,,,,,,,,,,,,7166725,22117615,0
,,,,32581744,,,2618,長榮航,,,-422641,,,,,,,,,,,,,,,,,,,,1,上市,113,,,,,,,,,,,,,,,,,,,,,,109774775,,,,100023742,,0,,18.52,102410611,100501138,,,,,,,,,54004443,,,230749001,,,13860196,340523776,,,,,,,,,,,,,,9751033,128338390,240022638,0
,,,,180539,,,2630,亞航,,,5346,,,,,,,,,,,,,,,,,,,,1,上市,113,0,,,,,,,,,,,,,,,,,,,,,3370271,,,,3370271,,0,,16.09,2324193,4942904,,,,,,,,,2094382,,,2847872,,,1090004,6218143,,,,,,,,,,,,,,,523679,1275239,0
,,,,16987642,,,2633,台灣高鐵,,,,,,,,,,,,,,,,,,,,,,,1,上市,113,,,,,,,,,,,,,,,,,,,,,,73443553,,,,,,0,,13.05,42839371,37883967,,,,,,,,,56282930,,,328458291,,,172981,401901844,,,,,,,,,,,,,,,285618920,364017877,0
,,,,8491326,,,2634,漢翔,,,41689,,,,,,,,,,,,,,,,,,,,1,上市,113,,,,,,,,,,,,,,,,,,,,,,17963432,,,,17963432,,0,,19.07,20889991,30996167,,,,,,,,,9418671,,,26484631,,,11746,44448063,,,,,,,,,,,,,,,5594640,13451896,0
,,,,4588467,,,2636,台驊控股,,,529773,,,,,,,,,,,,,,,,,,,,1,上市,113,-397530,,,,,,,,,,,,,,,,,,,,,9066391,,,,8685131,,6430000,,63.41,8248922,15310726,,,,,,,,,1433912,,,8553883,,,2530509,17620274,,,,,,,,,,,,,,381260,304961,2309548,0
,,,,30256202,,,2637,慧洋-KY,,,10660467,,,,,,,,,,,,,,,,,,,,1,上市,113,0,,,,,0,,,,,,,,,,,,,,,,48415309,,,,48415309,,0,,64.86,10315522,7830074,,,,,,,,,7464092,,,43646491,,,34548,92061800,,,,,,,,,,,,,,,33330969,84231726,0
,,,,528141,,,2642,宅配通,,,441556,,,,,,,,,,,,,,,,,,,,1,上市,113,,,,,,0,,,,,,,,,,,,,,,,2224449,,,,2224449,,0,,23.30,933801,1655014,,,,,,,,,954670,,,2027856,,,300082,4252305,,,,,,,,,,,,,,,1094055,2597291,0
,,,,5921272,,,2645,長榮航太,,,17321,,,,,,,,,,,,,,,,,,,,1,上市,113,,,,,,0,,,,,,,,,,,,,,,,11815951,,,,,,0,,31.55,4879834,12151465,,,,,,,,,3745709,,,11813733,,,2131649,23629684,,,,,,,,,,,,,,,6933899,11478219,0
,,,,-10883298,,,2646,星宇航空,,,-1803958,,,,,,,,,,,,,,,,,,,,1,上市,113,,,,,,,,,,,,,,,,,,,,,,18811966,,,,,,0,,7.41,18625286,15671931,,,,,,,,,25387350,,,73347370,,,6111872,92159336,,,,,,,,,,,,,,,54722084,76487405,0
,,,,2756235,,,2701,萬企,,,1080226,,,,,,,,,,,,,,,,,,,,1,上市,113,0,,,,,0,,,,,,,,,,,,,,,,8336139,,,,,,0,,18.53,180621,1855537,,,,,,,,,4499678,,,1313040,,,0,9649179,,,,,,,,,,,,,,,1132419,7793642,0
,,,,1668050,,,2702,華園,,,61498,,,,,,,,,,,,,,,,,,,,1,上市,113,,,,,,0,,,,,,,,,,,,,,,,3297850,,,,3297850,,0,,21.06,1509371,3816812,,,,,,,,,1566133,,,5289894,,,2169,8587744,,,,,,,,,,,,,,,3780523,4770932,0
,,,,6662552,,,2704,國賓,,,23941037,,,,,,,,,,,,,,,,,,,,1,上市,113,0,,,,,0,,,,,,,,,,,,,,,,37219462,,,,37214670,,0,,101.42,2195369,28950348,,,,,,,,,3669234,,,6344069,,,2941847,43563531,,,,,,,,,,,,,,4792,4148700,14613183,0
,,,,-565749,,,2705,六福,,,3445176,,,,,,,,,,,,,,,,,,,,1,上市,113,,,,,,,,,,,,,,,,,,,,,,4823791,,,,4823791,,0,,25.21,1162150,489368,,,,,,,,,1913128,,,10812300,,,31236,15636091,,,,,,,,,,,,,,,9650150,15146723,0
,,,,3568670,,,2706,第一店,,,1395067,,,,,,,,,,,,,,,,,,,,1,上市,113,,,,,,0,,,,,,,,,,,,,,,,10039752,,,,,,0,,20.08,182090,2982138,,,,,,,,,4999984,,,1573436,,,76031,11613188,,,,,,,,,,,,,,,1391346,8631050,0
,,,,2358105,,,2707,晶華,,,-229430,,,,,,,,,,,,,,,,,,,,1,上市,113,,,,,,0,,,,,,,,,,,,,,,,4006271,,,,3625090,,0,,28.45,3977476,4819440,,,,,,,,,1274032,,,6748677,,,222383,10754948,,,,,,,,,,,,,,381181,2771201,5935508,0
,,,,89495,,,2712,遠雄來,,,,,,,,,,,,,,,,,,,,,,,1,上市,113,,,,,,,,,,,,,,,,,,,,,,1247887,,,,,,0,,11.88,220643,113628,,,,,,,,,1050000,,,518154,,,108392,1766041,,,,,,,,,,,,,,,297511,1652413,0
,,,,578277,,,2722,夏都,,,48022,,,,,,,,,,,,,,,,,,,,1,上市,113,,,,,,,,,,,,,,,,,,,,,,2253222,,,,1979105,,0,,16.74,469581,611618,,,,,,,,,1182143,,,788985,,,170663,3042207,,,,,,,,,,,,,,274117,319404,2430589,0
,,,,7459520,,,2723,美食-KY,,,-304493,,,,,,,,,,,,,,,,,,,,1,上市,113,,,,,,,,,,,,,,,,,,,,,,11279868,,,,11331632,,0,,62.95,5039297,7218199,,,,,,,,,1800000,,,8354440,,,2376605,19634308,,,,,,,,,,,,,,-51764,3315143,12416109,0
,,,,1185488,,,2727,王品,,,-105028,,,,,,,,,,,,,,,,,,,,1,上市,113,-309066,,,,,,,,,,,,,,,,,,,,,3875377,,,,3503913,,1998000,,42.50,7761272,8152256,,,,,,,,,844511,,,11649233,,,1888008,15524610,,,,,,,,,,,,,,371464,3887961,7372354,0
,,,,1776154,,,2731,雄獅,,,-163294,,,,,,,,,,,,,,,,,,,,1,上市,113,,,,,,,,,,,,,,,,,,,,,,4150503,,,,4060615,,0,,43.53,5571534,7894212,,,,,,,,,932777,,,6572161,,,1514978,10722664,,,,,,,,,,,,,,89888,1000627,2828452,0
,,,,-316468,,,2739,寒舍,,,114831,,,,,,,,,,,,,,,,,,,,1,上市,113,,,,,,0,,,,,,,,,,,,,,,,1370061,,,,1370061,,0,,13.49,2275851,1283347,,,,,,,,,1015260,,,12028836,,,556438,13398897,,,,,,,,,,,,,,,9752985,12115550,0
,,,,460948,,,2748,雲品,,,18038,,,,,,,,,,,,,,,,,,,,1,上市,113,,,,,,,,,,,,,,,,,,,,,,2773552,,,,2773552,,0,,26.22,942000,2165425,,,,,,,,,1057787,,,2217511,,,1236779,4991063,,,,,,,,,,,,,,,1275511,2825638,0
,,,,1546397,,,2753,八方雲集,,,22269,,,,,,,,,,,,,,,,,,,,1,上市,113,,,,,,,,,,,,,,,,,,,,,,3324332,,,,3230794,,0,,48.59,1599187,2004433,,,,,,,,,664948,,,2739849,,,997180,6064181,,,,,,,,,,,,,,93538,1140662,4059748,0
,,,,443851,,,2762,世界健身-KY,,,,,,,,,,,,,,,,,,,,,,,1,上市,113,-174002,,,,,0,,,,,,,,,,,,,,,,3900772,,,,3900772,,1490000,,35.14,5044835,2758295,,,,,,,,,1125000,,,14263390,,,2505923,18164162,,,,,,,,,,,,,,,9218555,15405867,0
,20909155,,1853389,76718733,,,2801,彰銀,,,8994170,5436692,,1954483,1361704,1126660,,,,,,,,,,,148752736,,235083796,2549815059,1,上市,113,0,,,,,,,,,41053136,48621710,,23410075,,13930163,,454311970,,,,,,194295833,,,194295833,,0,,17.89,,,,1023558,,49763631,2667429,175771,,1706581,108582930,,3284355,,2836657755,1857165476,,,3030953588,284979748,2035785,83165911,8665588,2099802,,,,,23256980,,,,,,0
,18177425,,1017621,23431817,,,2812,台中銀,,,1702350,1084706,,2659315,8144758,121422,,,,,,150425,,,13093280,,7013656,,46728489,740374045,1,上市,113,0,,,,,0,,,,11262635,16500000,,24199224,,1191063,,109118688,179553,,,,,78923376,,,78923376,,0,,15.10,,,,256339,,16021744,1291363,2,,1050175,52260953,,1352658,,812181363,549377596,1528256,,891104739,77360974,1754013,31684606,109486,905307,,,,,9150588,,11954946,0,,,0
1484380,,15203,,4246982,,12828660,2816,旺旺保,,,43821,20067,654729,,,,,4222280,,,,,,,,,,,,,1,上市,113,,,,,,,,,,1293724,,963288,,10155449,,,,,145560,7234,,6526883,,,,,,0,,29.19,,,166899,,,3323506,,,,15393,2236080,,98761,14466085,,,0,20992968,,,,,63920,,,,,,,,,,,,0
,145862,,13105,12515183,,,2820,華票,,,-555519,231030,,577035,0,39049,,,,,,,,,,,27807535,,,,1,上市,113,,,,,,,,,,2382204,,,2057753,,,,2187421,,,,,,25404568,,,,,0,,18.92,,,,,,340109,,321480,,13302,13429600,,1375398,,206593432,,15304,,231998000,96036606,49760,127366867,48194,268179,,,,,174686009,,2644534,,,,0
359070,,51054,,7601968,,10238236,2832,台產,,,489205,100133,754935,,,,,2599208,,,,,,,,,,,,,1,上市,113,,,,,,,,,,1408899,,1072028,,15504196,,,,,255445,,,11812139,,,,,,0,,32.61,,,10494,,,3844843,,,,57640,3622004,,51610,12400837,,,98962,24212976,,,,,288874,17148,,,,,,,,,,,0
,13962620,,1262548,38942203,,,2834,臺企銀,,,1451419,2789395,,10082939,2199375,7540,,,,,,,,,1510922,,128147722,,125486632,1868427697,1,上市,113,,,,,,0,,,,26998450,53460000,,13175890,,,,248181592,0,,,,,123433583,,,123433583,,0,,15.01,,,,1049242,,34259767,510247,353060,,1285776,82224061,,2601533,,2100384124,1491622754,815900,,2223817707,205508903,9650457,75624403,878623,1823363,,,,,1923927,,1416454,,,,0
,3016440,,392612,5471668,,,2836,高雄銀,,,-319848,136779,,162206,,232083,,,,,,,,,0,,9592148,,13718469,266366743,1,上市,113,,,,,,,,,,4420758,5377000,,1617707,,,,61848069,,,,,,24330936,,,,,0,,13.71,,,,98642,,5044393,190400,,,393089,17742982,,409870,,299324953,192392020,1436134,,323655889,36865685,4181,2583334,22650,116452,,,,,12411335,,5567777,,,,0
,15511259,,1925655,19272377,,,2838,聯邦銀,,,4734597,3586421,,9163765,11382041,1608266,,,,,,,,,1247305,,10811564,,34119340,768255351,1,上市,113,,,,,,,,899354,,10454696,5000000,,37857812,,4602219,,81522338,387793,,,,,74130895,,,71922231,,0,,18.08,,,,2166955,375000,10502357,364897,91039,,1921511,39789525,,412884,,881376045,567618628,8125732,,955506940,64386542,405926,61881778,2415114,782397,,,,,63843981,,61378797,2208664,,,0
,5153848,,1118205,19277030,,,2845,遠東銀,,,251224,548963,,402021,41359375,7459335,,,,,,,,,400000,,594988,,50282746,671474249,1,上市,113,,,,,,,,,,6517093,14401900,,19587981,,,,127156636,2769096,,,,,60526018,,,60526018,,0,,14.87,,,,1565817,,6544260,252967,,,1130909,40694838,,667187,,747321884,475340345,302926,,807847902,65109654,8850582,41871836,,126791,,,,,1123671,,3359331,,,,0
,662861,,794343,15117404,,,2849,安泰銀,,,-1377492,94995,,1391372,1034329,106101,,,,,,,,,,,3523033,,14209951,305114877,1,上市,113,0,,,,,0,,,,2486617,,,4280118,,58888,,39628877,,,,,,33718828,,,,,0,,17.22,,,,260707,,3267213,0,132679,,787491,19576094,,272785,,314734888,220863360,402822,,348453716,43507662,414310,18182213,60183,658477,,,,,946268,,448894,,,,0
1150902,,22198,,14357956,,26270523,2850,新產,,,864225,261596,914713,,,,,7025620,,,,,,,,,,,,,1,上市,113,0,,,,,0,,,,2959714,,2524451,,23167647,,,,,494832,0,,18446614,,,,,,0,,58.38,,,27431,,,13718519,,,,22607,3159633,,50812,30297976,,,64800,48744590,,,157425,,80467,193109,,,,,,,,,,,0
286532,,1131,,10294220,,34099847,2851,中再保,,,803102,105713,2567506,,,,,7298602,,,,,,,,,,,,,1,上市,113,,,,,,0,,,,871788,,432561,,33527764,,,,,64248,13117,,20661210,,,,,,0,,25.81,,,10651,,,12275373,,,,1154,8003888,,0,35810290,,,1560000,56471500,,,299313,,368227,58263,,,,,,,,,,,0
627939,,3455,,5027194,,10456312,2852,第一保,,,367619,85926,544193,,,,,2992224,,,,,,,,,,,,,1,上市,113,,,,,,,,,,730028,,426722,,13639940,,,,,121904,,,8406451,,,,,,0,,27.91,,,29741,,,1642780,,,,3510,3011638,,28769,11522418,,,0,19928869,,,,,95969,21875,,,,,,,,,,,0
,,,,,17691262,,2855,統一證,,,1605111,,,,,,,,,,,,,,,,,,,,1,上市,113,,,,,,0,,,,,,,,,,,,,,,,34042254,,,,,33945947,,0,23.32,146440655,171107548,,,,,,,,,14558313,,,146677399,,,91261,180719653,,,,,,,,,,,,,,96307,236744,9612105,0
,33678200,,2248246,69602629,,,2880,華南金,,4515000,-6337478,9830163,,4666447,80189952,18367947,,,6402262,,,,,,,191027725,,255815808,,3341587212,1,上市,113,,,,,,,76287482,,39600059,54118509,,,74973986,,,13594182,842499484,349705,,,,,217456720,,217454414,,,0,,15.94,,,,897814,,53796307,4684763,375936,,2276906,136427459,,24122987,,3934671005,2276344530,17761804,,4152127725,406199701,4927351,154913805,6170458,3921912,,,,,95332438,3081453,,2306,,,0
,69187126,,13162614,560454588,,,2881,富邦金,,15240420,24811649,95820348,,66088708,642237258,547196776,,,31657536,,,,,,0,142256752,,463510237,,4050648395,1,上市,113,,,,,,0,310350974,,80315841,198028944,,,338938693,,,299595622,3813602693,59318511,,,,,910541936,,896450465,,,0,,61.34,,,,33612924,,249441593,5134015,3213417,,20973651,146149632,,4772295318,,10615843728,2864572718,165034596,,11526385664,679307228,95739001,1798908126,53212037,57447028,15636533,,17477169,,117954241,120146945,,14091471,,,0
,108175655,,5057725,539931595,,,2882,國泰金,0,15942547,-43964560,20960836,,84660842,848873358,788923831,,,15816126,,,,,,,124403847,,297753006,,3449622131,1,上市,113,0,,25955138,,,,187114620,,69363803,99670773,,,281671665,,,468695281,4800968914,34906408,,,,,874865767,,860827224,,,0,,53.13,,,,34268462,,310087265,1111498,5719735,,19365514,162025102,7615778,7080406324,,12206142744,2797404826,202835087,,13081008511,951433283,182038241,1935812010,66123104,87224698,1498788,,70944,,32031582,46402697,,14038543,,,0
,31046889,,11740451,93183893,,,2883,凱基金,,31438133,-20269731,76763033,,95504203,220985280,180308465,,,1093395,,,,,,,7790431,,25495851,,555482314,1,上市,113,,,,,,0,101690131,,45913923,127864754,,,190162909,,,59086562,1712345219,25859255,,,,,290775737,,290639827,,,0,,15.78,,,,17567988,,67497691,550358,900770,,3998382,184143230,,2102824917,,3525605061,457359628,33582435,,3816380798,253322510,76594415,590919743,21121194,21210166,868868,,1042153,,151718928,73916950,,135910,,,0
,34508888,,7291171,53222039,,,2884,玉山金,,363497,312078,4632687,,21161995,111833043,12055600,,,,,,,,,,51021707,,228933944,,3096278699,1,上市,113,,,,,,,45850000,,9785406,45830507,,,142912525,,,1766060,408195410,,,,,,245623157,,245443514,,,0,,15.67,,,,6233779,,51843513,3633837,74219,,4553675,156820000,,1105026,,3489129204,2112899306,35089397,,3734752361,378933973,89251218,314525611,2343549,3223724,93291,,23315,,22553062,10169328,,179643,,,0
,26557286,,13024829,126200803,,,2885,元大金,,70298025,8037243,83874226,,77877337,142286206,117840169,,,1266249,,,3873943,,,,5286411,,77138918,,1620445458,1,上市,113,,,872315,,,0,108694092,,119533903,269418332,,,400304404,,,11650491,543810439,2701129,,,,,321013764,,299316973,,,0,,23.59,,,,30694527,,81968918,6748530,2630306,,6229372,126890824,,385525565,,3214802262,1139228058,38188103,,3535816026,322840253,163307103,595900718,6741835,6666812,,,,,226413204,78968925,,21696791,,,0
,21985758,,2114326,136527509,,,2886,兆豐金,0,15017730,4467415,16031348,,8011090,26977467,6258137,,,13840307,,,,,,10914326,576194740,,625533732,,2912052121,1,上市,113,0,,0,,,0,31500000,,38013256,107572821,,,115345905,,,2076810,587205422,5597379,,,,,361560690,,361560690,,,0,,25.11,,,,1400805,,77153488,11082434,8088,,2182868,144013382,,29494321,,4123195906,2182832402,76552384,,4484756596,588271134,26304789,236757505,2613816,7497344,,,,,317243869,2866964,,0,,,0
,25648104,,2209856,48372650,,,2887,台新新光金,,11153919,-788391,10971297,,28269068,145526900,41861235,,,641177,,,,,,,24329941,,115212600,,2215648292,1,上市,113,,,,,,,68175614,,33730800,45618973,,,179904161,,,5514245,747213370,543307,,,,,221580295,,221552655,,,0,,16.32,,,,3599062,,31000292,4393207,,,2327340,135770618,,250956861,,2981130432,1639357526,38197778,,3202710727,165926106,64935035,195304467,1695034,7811011,,,,,101667219,12695140,,27640,,,0
,7022649,,126215,7124604,,,2889,國票金,,,560033,5381425,,5844979,9146452,12294446,,,,,,,,,42608314,,,59,,,1,上市,113,,,,,,0,,,25615537,24334145,,,49745112,,,405070,699366,5753284,,,,,49458812,,42558407,,,0,,12.35,,,,258780,,3077631,534913,48,,123863,34473840,,1761911,,343942859,,399930,,393401671,136319619,2029127,170641453,33599,515270,,,,,232373573,697690,,6900405,,,0
,13301349,,3617259,72917252,,,2890,永豐金,,12212681,-5642898,18167454,,30289528,87850379,51173386,,,,,,,,,2817136,123836501,,140751496,,2060463364,1,上市,113,,,,,,,71678509,,70242229,71344831,,,147118357,,,2247325,301101119,1064836,,,,,197168114,,197168114,,,0,,15.93,,,,2425920,18437,35352901,2892364,276392,,3133525,123764399,,3275330,,2685423582,1518761812,6129361,,2882591696,398072295,75355846,169767433,1682600,2317110,,,,,80452396,64953178,,0,,,0
,49526718,,17963836,238449824,,,2891,中信金,,,-29641662,35865480,,59916366,219572591,156318545,,,4974134,,,,,,37895175,85559980,,478092494,,5029966944,1,上市,113,,,,,,,145385433,,40138352,100688433,,,253492435,,,109327675,2132863430,19416077,,,,,493439843,,469850774,,,0,,23.35,,,,39706863,,107476246,5016616,4277111,,17574591,201219987,,1859306732,,7882015407,3560984934,59822625,,8375455250,515299819,88902357,814588896,18569330,19220519,238519,,127588,,197334874,31881564,,23589069,,,0
,27474698,,2690670,75891372,,,2892,第一金,,5790000,21155377,9550194,,6231457,92447452,18591073,,,54014,,,,,,1146340,292543351,,329553969,,3592969076,1,上市,113,,,,,,0,63850000,,29944143,62734101,,,68574045,,,12462977,935732696,3254957,,,,,259355422,,259355422,,,0,,19.04,,,,1029725,,60829316,6349925,988927,,2573178,136201455,,74444525,,4289560079,2484079529,26107218,,4548915501,399694295,14321981,192659968,8434469,5013185,,,,,32461344,0,,0,,,0
,2377660,,449459,13111619,,,2897,王道銀行,,,-1660612,462124,,1662883,7108009,1071844,,,,,,,,,,,43354829,,21477952,322798042,1,上市,113,-73183,,,,,,,,,7254047,14450000,,5527665,,,,26794827,7089503,,,,,60515696,,,41732923,,7939000,,13.80,,,,1657119,,7559906,199020,600396,,467510,30330063,,2010522,,587771137,233548232,25036,,648286833,170762410,938570,164065960,807156,996483,,,,,187921308,,2644534,18782773,,,0
,,,,155222,,,2901,欣欣,,,2799,,,,,,,,,,,,,,,,,,,,1,上市,113,0,,,,,0,,,,,,,,,,,,,,,,888957,,,,,,0,,12.17,57483,478625,,,,,,,,,730433,,,127808,,,503,1016765,,,,,,,,,,,,,,,70325,538140,0
,,,,9244969,,,2903,遠百,,,5480956,,,,,,,,,,,,,,,,,,,,1,上市,113,-97110,,,,,,,,,,,,,,,,,,,,,38408079,,,,32141816,,8207004,,22.82,45463245,23694449,,,,,,,,,14169406,,,103776797,,,3343595,142184876,,,,,,,,,,,,,,6266263,58313552,118490427,0
,,,,331450,,,2904,匯僑,,,13873,,,,,,,,,,,,,,,,,,,,1,上市,113,,,,,,0,,,,,,,,,,,,,,,,1201513,,,,1201064,,0,,15.43,211081,206910,,,,,,,,,778344,,,724497,,,77397,1926010,,,,,,,,,,,,,,449,513416,1719100,0
,,,,4432429,,,2905,三商,0,,-945742,,,,,,,,,,,,,,,,,,,,1,上市,113,-592930,,,,,0,,,,,,,,,,,,,,,,,53428978,0,,18855637,,57093000,,17.70,18777269,136338213,,,,,,,,,11224957,,,1548399530,,,4736923,1601828508,,,,,,,,,,,,,,34573341,1529622261,1465490295,0
,,,,1029838,,,2906,高林,,,-56062,,,,,,,,,,,,,,,,,,,,1,上市,113,,,,,,0,,,,,,,,,,,,,,,,6686735,,,,3337273,,0,,15.96,3234000,4899101,,,,,,,,,2091167,,,5426964,,,272330,12113699,,,,,,,,,,,,,,3349462,2192964,7214598,56
,,,,1891447,,,2908,特力,,,-178343,,,,,,,,,,,,,,,,,,,,1,上市,113,-313256,,,,,,,,,,,,,,,,,,,,,6990414,,,,6500201,,14306000,,13.12,13889302,17015498,,,,,,,,,5098875,,,30658172,,,1478,37648586,,,,,,,,,,,,,,490213,16768870,20633088,0
,,,,864549,,,2910,統領,,,-39187,,,,,,,,,,,,,,,,,,,,1,上市,113,0,,,,,0,,,,,,,,,,,,,,,,2639081,,,,2639081,,0,,15.05,917811,1176646,,,,,,,,,1754030,,,3028516,,,59689,5667597,,,,,,,,,,,,,,0,2110705,4490951,0
,,,,-575993,,,2911,麗嬰房,,,-174138,,,,,,,,,,,,,,,,,,,,1,上市,113,,,,,,,,,,,,,,,,,,,,,,843282,,,,785607,,0,,5.60,2078939,1817494,,,,,,,,,1401680,,,2946484,,,134058,3789766,,,,,,,,,,,,,,57675,867545,1972272,0
,,,,30242192,,,2912,統一超,,,1315466,,,,,,,,,,,,,,,,,,,,1,上市,113,,,,,,,,,,,,,,,,,,,,,,52585704,,,,42044186,,0,,40.44,106438180,97497267,,,,,,,,,10396223,,,209436974,,,90305,262022678,,,,,,,,,,,,,,10541518,102998794,164525411,0
,,,,2614188,,,2913,農林,,,-50796,,,,,,,,,,,,,,,,,,,,1,上市,113,,,,,,,,,,,,,,,,,,,,,,12661340,,,,,,0,,16.03,879413,1112850,,,,,,,,,7900000,,,8842276,,,2197948,21503616,,,,,,,,,,,,,,,7962863,20390766,0
,,,,92001906,,,2915,潤泰全,,,-27523513,,,,,,,,,,,,,,,,,,,,1,上市,113,-552479,,,,,0,,,,,,,,,,,,,,,,105344254,,,,103140347,,36593388,,96.60,1953491,4409979,,,,,,,,,11043188,,,10005246,,,28171245,115349500,,,,,,,,,,,,,,2203907,8051755,110939521,0
,,,,36772170,,,2923,鼎固-KY,,,-3988994,,,,,,,,,,,,,,,,,,,,1,上市,113,,,,,,,,,,,,,,,,,,,,,,51418485,,,,50388007,,0,,28.95,20652482,65617643,,,,,,,,,17402970,,,71120599,,,201861,122539084,,,,,,,,,,,,,,1030478,50468117,56921441,0
,,,,693759,,,2929,淘帝-KY,,,-447521,,,,,,,,,,,,,,,,,,,,1,上市,113,-17152,,,,,,,,,,,,,,,,,,,,,2844046,,,,2844046,,507000,,26.10,537653,3454437,,,,,,,,,1094938,,,837943,,,1520022,3681989,,,,,,,,,,,,,,,300290,227552,0
,,,,106202,,,2939,永邑-KY,,,-6768,,,,,,,,,,,,,,,,,,,,1,上市,113,,,,,,,,,,,,,,,,,,,,,,886717,,,,886717,,0,,19.47,46553,863693,,,,,,,,,455487,,,180996,,,331796,1067713,,,,,,,,,,,,,,,134443,204020,0
,,,,198071,,,2945,三商家購,,,,,,,,,,,,,,,,,,,,,,,1,上市,113,,,,,,0,,,,,,,,,,,,,,,,1919890,,,,1874381,,0,,27.77,2529514,2853131,,,,,,,,,675000,,,3967566,,,1001310,5887456,,,,,,,,,,,,,,45509,1438052,3034325,0
,,,,296446,,,3002,歐格,,,8126,,,,,,,,,,,,,,,,,,,,1,上市,113,-17771,,,,,,,,,,,,,,,,,,,,,1459287,,,,1322382,,1440000,,13.15,155108,1662168,,,,,,,,,1020000,,,472361,,,15581,1931648,,,,,,,,,,,,,,136905,317253,269480,0
,,,,4721552,,,3003,健和興,,,-116522,,,,,,,,,,,,,,,,,,,,1,上市,113,,,,,,,,,,,,,,,,,,,,,,6239918,,,,6188860,,0,,39.76,1427093,6444987,,,,,,,,,1556549,,,2236190,,,27281,8476108,,,,,,,,,,,,,,51058,809097,2031121,0
,,,,1267231,,,3004,豐達科,0,,-26128,,,,,,,,,,,,,,,,,,,,1,上市,113,0,,,,,0,,,,,,,,,,,,,,,,2353098,,,,2353098,,0,,43.28,1805812,2568556,,,,,,,,,543702,,,3213959,,,568293,5567057,,,,,,,,,,,,,,0,1408147,2998501,0
,,,,9911946,,,3005,神基,,,551203,,,,,,,,,,,,,,,,,,,,1,上市,113,,,,,,0,,,,,,,,,,,,,,,,22652781,,,,20375609,,0,,33.31,16718273,28452790,,,,,,,,,6117609,,,20623722,,,3794851,43276503,,,,,,,,,,,,,,2277172,3905449,14823713,0
,,,,6623939,,,3006,晶豪科,,,-28798,,,,,,,,,,,,,,,,,,,,1,上市,113,-140320,,,,,0,,,,,,,,,,,,,,,,9732571,,,,9814240,,13024000,,35.93,6015367,13219812,,,,,,,,,2861722,,,8030590,,,497697,17763161,,,,,,,,,,,,,,-81669,2015223,4543349,0
,,,,161510018,,,3008,大立光,,,3553279,,,,,,,,,,,,,,,,,,,,1,上市,113,,,,,,0,,,,,,,,,,,,,,,,167957791,,,,167957791,,0,,1258.41,37257193,139364520,,,,,,,,,1334682,,,37826009,,,1559812,205783800,,,,,,,,,,,,,,,568816,66419280,0
,,,,12664559,,,3010,華立,,,1602540,,,,,,,,,,,,,,,,,,,,1,上市,113,,,,,,,,,,,,,,,,,,,,,,21715435,,,,19959680,,0,,79.59,20921956,32976168,,,,,,,,,2507671,,,27677053,,,3184910,49392488,,,,,,,,,,,,,,1755755,6755097,16416320,14527869
,,,,38940,,,3011,今皓,,,-58671,,,,,,,,,,,,,,,,,,,,1,上市,113,,,,,,,,,,,,,,,,,,,,,,1356902,,,,1337375,,0,,11.86,740651,1018428,,,,,,,,,1127192,,,963817,,,229914,2320719,,,,,,,,,,,,,,19527,223166,1302291,0
,,,,1065993,,,3013,晟銘電,,,-51550,,,,,,,,,,,,,,,,,,,,1,上市,113,0,,,,,,,,,,,,,,,,,,,,,3435514,,,,3435514,,0,,17.36,2146384,3473023,,,,,,,,,1979051,,,2874594,,,442020,6310108,,,,,,,,,,,,,,0,728210,2837085,0
,,,,3576062,,,3014,聯陽,,,376720,,,,,,,,,,,,,,,,,,,,1,上市,113,,,,,,0,,,,,,,,,,,,,,,,6793407,,,,6793407,,0,,42.17,1546478,5889061,,,,,,,,,1610801,,,1723580,,,1229824,8516987,,,,,,,,,,,,,,0,177102,2627926,0
,,,,4999911,,,3015,全漢,,,6437950,,,,,,,,,,,,,,,,,,,,1,上市,113,,,,,,0,,,,,,,,,,,,,,,,14588700,,,,14174906,,0,,75.70,5251499,10511248,,,,,,,,,1872620,,,5608583,,,864425,20197283,,,,,,,,,,,,,,413794,357084,9686035,0
,,,,295338,,,3016,嘉晶,,,-2242,,,,,,,,,,,,,,,,,,,,1,上市,113,,,,,,0,,,,,,,,,,,,,,,,4793564,,,,4793564,,0,,16.61,1839737,4544421,,,,,,,,,2885418,,,2176976,,,1615050,6970540,,,,,,,,,,,,,,,337239,2426119,0
,,,,15428865,,,3017,奇鋐,,,-1143965,,,,,,,,,,,,,,,,,,,,1,上市,113,,,,,,,,,,,,,,,,,,,,,,25226848,,,,21495805,,0,,56.08,40728417,57092658,,,,,,,,,3833101,,,49559401,,,3377804,74786249,,,,,,,,,,,,,,3731043,8830984,17693591,0
,,,,-522866,,,3018,隆銘綠能,,,-1149,,,,,,,,,,,,,,,,,,,,1,上市,113,,,,,,,,,,,,,,,,,,,,,,74938,,,,74938,,0,,1.46,897586,970803,,,,,,,,,513736,,,1201733,,,85217,1276671,,,,,,,,,,,,,,0,304147,305868,0
,,,,4370427,,,3019,亞光,,,215510,,,,,,,,,,,,,,,,,,,,1,上市,113,0,,,,,0,,,,,,,,,,,,,,,,15113124,,,,12855179,,0,,46.04,6781927,18435515,,,,,,,,,2792439,,,7103942,,,5476803,22217066,,,,,,,,,,,,,,2257945,322015,3781551,0
,,,,689974,,,3021,鴻名,,,-95894,,,,,,,,,,,,,,,,,,,,1,上市,113,,,,,,0,,,,,,,,,,,,,,,,1560722,,,,1560505,,0,,16.27,1265654,2351017,,,,,,,,,958900,,,1338964,,,7525,2899686,,,,,,,,,,,,,,217,73310,548669,0
,,,,8287128,,,3022,威強電,,,-312018,,,,,,,,,,,,,,,,,,,,1,上市,113,,,,,,0,,,,,,,,,,,,,,,,10706306,,,,10586560,,0,,59.95,3009808,10412604,,,,,,,,,1765978,,,4100122,,,845472,14806428,,,,,,,,,,,,,,119746,1090314,4393824,0
,,,,9615616,,,3023,信邦,,,-184080,,,,,,,,,,,,,,,,,,,,1,上市,113,,,,,,,,,,,,,,,,,,,,,,15075767,,,,14896615,,0,,62.06,12711803,23232687,,,,,,,,,2400332,,,13674637,,,3064747,28750404,,,,,,,,,,,,,,179152,962834,5517717,0
,,,,560504,,,3024,憶聲,,,-469813,,,,,,,,,,,,,,,,,,,,1,上市,113,,,,,,0,,,,,,,,,,,,,,,,2863868,,,,2863868,,0,,10.33,2174275,3094938,,,,,,,,,2771575,,,2484826,,,1602,5348694,,,,,,,,,,,,,,,310551,2253756,0
,,,,270240,,,3025,星通,,,-2734,,,,,,,,,,,,,,,,,,,,1,上市,113,,,,,,,,,,,,,,,,,,,,,,878824,,,,878824,,0,,15.49,230928,894361,,,,,,,,,567365,,,296610,,,43953,1175434,,,,,,,,,,,,,,,65682,281073,0
,,,,4497958,,,3026,禾伸堂,,,-115134,,,,,,,,,,,,,,,,,,,,1,上市,113,,,,,,,,,,,,,,,,,,,,,,9624823,,,,9196279,,0,,55.44,3739368,9557268,,,,,,,,,1658903,,,5336177,,,3154552,14961000,,,,,,,,,,,,,,428544,1596809,5403732,0
,,,,415522,,,3027,盛達,,,-23941,,,,,,,,,,,,,,,,,,,,1,上市,113,-25057,,,,,,,,,,,,,,,,,,,,,2413577,,,,2214851,,1146000,,19.37,1221995,2515581,,,,,,,,,1155174,,,1354831,,,693153,3768408,,,,,,,,,,,,,,198726,132836,1252827,46000
,,,,1506328,,,3028,增你強,,,432097,,,,,,,,,,,,,,,,,,,,1,上市,113,,,,,,0,,,,,,,,,,,,,,,,5579363,,,,5579363,,0,,23.98,14980624,19409229,,,,,,,,,2340067,,,15202712,,,1300871,20782075,,,,,,,,,,,,,,,222088,1372846,0
,,,,870750,,,3029,零壹,,,103037,,,,,,,,,,,,,,,,,,,,1,上市,113,,,,,,,,,,,,,,,,,,,,,,5083532,,,,3769479,,0,,24.38,4416728,7321121,,,,,,,,,1546092,,,4451491,,,1249600,9535023,,,,,,,,,,,,,,1314053,34763,2213902,0
,,,,5292991,,,3030,德律,,,-48824,,,,,,,,,,,,,,,,,,,,1,上市,113,,,,,,0,,,,,,,,,,,,,,,,7659617,,,,7659617,,0,,32.43,1920144,5652223,,,,,,,,,2362160,,,2191709,,,53290,9851326,,,,,,,,,,,,,,,271565,4199103,0
,,,,630768,,,3031,佰鴻,,,126620,,,,,,,,,,,,,,,,,,,,1,上市,113,0,,,,,0,,,,,,,,,,,,,,,,2982081,,,,2884846,,0,,16.66,583671,1905695,,,,,,,,,1732032,,,675136,,,395426,3657217,,,,,,,,,,,,,,97235,91465,1751522,0
,,,,1916275,,,3032,偉訓,,,-234509,,,,,,,,,,,,,,,,,,,,1,上市,113,-29532,,,,,,,,,,,,,,,,,,,,,4490192,,,,3226857,,1000000,,28.74,3954354,6597186,,,,,,,,,1132856,,,3981983,,,441767,8472175,,,,,,,,,,,,,,1263335,27629,1874989,0
,,,,3140671,,,3033,威健,,,238577,,,,,,,,,,,,,,,,,,,,1,上市,113,,,,,,,,,,,,,,,,,,,,,,9186088,,,,9186088,,0,,21.46,27459874,38783600,,,,,,,,,4280715,,,30311504,,,1526125,39497592,,,,,,,,,,,,,,,2851630,713992,0
,,,,61965891,,,3034,聯詠,,,1672221,,,,,,,,,,,,,,,,,,,,1,上市,113,0,,,,,,,,,,,,,,,,,,,,,72098281,,,,72098281,,0,,118.48,23561055,84579669,,,,,,,,,6085115,,,35508216,,,2375054,107606497,,,,,,,,,,,,,,0,11947161,23026828,0
,,,,5555810,,,3035,智原,,,1120515,,,,,,,,,,,,,,,,,,,,1,上市,113,,,,,,0,,,,,,,,,,,,,,,,13936792,,,,13607091,,0,,52.22,3507175,12638513,,,,,,,,,2605503,,,4201571,,,4325263,18138363,,,,,,,,,,,,,,329701,694396,5499850,0
,,,,26426572,,,3036,文曄,,,9937479,,,,,,,,,,,,,,,,,,,,1,上市,113,,,,,,0,,,,,,,,,,,,,,,,86458047,,,,85561216,,0,,73.89,186556930,274330175,,,,,,,,,11658352,,,209019283,,,37538813,295477330,,,,,,,,,,,,,,896831,22462353,21147155,0
,,,,63936674,,,3037,欣興,,,356076,,,,,,,,,,,,,,,,,,,,1,上市,113,-150765,,,,,0,,,,,,,,,,,,,,,,100626338,,,,94583054,,1266935,,62.07,46275643,90849148,,,,,,,,,15251072,,,122470028,,,15189997,223096366,,,,,,,,,,,,,,6043284,76194385,132247218,0
,,,,1042802,,,3038,全台,,,-53162,,,,,,,,,,,,,,,,,,,,1,上市,113,-122282,,,,,0,,,,,,,,,,,,,,,,2529428,,,,2491782,,8794388,,16.77,1182993,3383447,,,,,,,,,1574076,,,1691814,,,50348,4221242,,,,,,,,,,,,,,37646,508821,837795,0
,,,,643827,,,3040,遠見,,,205474,,,,,,,,,,,,,,,,,,,,1,上市,113,,,,,,0,,,,,,,,,,,,,,,,1492674,,,,1492674,,0,,23.69,57176,384180,,,,,,,,,630000,,,130705,,,13373,1623379,,,,,,,,,,,,,,,73529,1239199,0
,,,,-1811409,,,3041,揚智,,,7247,,,,,,,,,,,,,,,,,,,,1,上市,113,-13781,,,,,0,,,,,,,,,,,,,,,,1481232,,,,1480390,,660851,,7.62,1177459,1587412,,,,,,,,,1949269,,,1197056,,,1349064,2678288,,,,,,,,,,,,,,842,19597,1090876,381000
,,,,8122291,,,3042,晶技,,,-214958,,,,,,,,,,,,,,,,,,,,1,上市,113,,,,,,,,,,,,,,,,,,,,,,12724564,,,,12724564,,0,,41.08,4274336,11519488,,,,,,,,,3097676,,,7072801,,,1719555,19797365,,,,,,,,,,,,,,,2798465,8277877,0
,,,,-64828,,,3043,科風,,,312975,,,,,,,,,,,,,,,,,,,,1,上市,113,,,,,,0,,,,,,,,,,,,,,,,608481,,,,637903,,0,,16.37,885558,792142,,,,,,,,,389756,,,891429,,,0,1499910,,,,,,,,,,,,,,-29422,5871,707768,0
,,,,42781119,,,3044,健鼎,,,-1588907,,,,,,,,,,,,,,,,,,,,1,上市,113,,,,,,,,,,,,,,,,,,,,,,46791513,,,,46783548,,0,,89.01,30215483,54044460,,,,,,,,,5256059,,,34871890,,,335277,81663403,,,,,,,,,,,,,,7965,4656407,27618943,0
,,,,48649293,,,3045,台灣大,,,341271,,,,,,,,,,,,,,,,,,,,1,上市,113,-29717344,,,,,,,,,,,,,,,,,,,,,96995811,,,,87836391,,698751601,,29.04,72320777,42980060,,,,,,,,,37232618,,,142026760,,,31330553,239022571,,,,,,,,,,,,,,9159420,69705983,196042511,0
,,,,189439,,,3046,建碁,,,-57777,,,,,,,,,,,,,,,,,,,,1,上市,113,,,,,,0,,,,,,,,,,,,,,,,1327135,,,,1327006,,0,,16.92,1836575,2809768,,,,,,,,,784480,,,1908618,,,410864,3235753,,,,,,,,,,,,,,129,72043,425985,0
,,,,-4323,,,3047,訊舟,,,28677,,,,,,,,,,,,,,,,,,,,1,上市,113,-12931,,,,,,,,,,,,,,,,,,,,,2975108,,,,2520540,,1379692,,11.41,2418661,4175989,,,,,,,,,2222949,,,4163352,,,286168,7138460,,,,,,,,,,,,,,454568,1744691,2962471,4905176
,,,,1575843,,,3048,益登,,,274448,,,,,,,,,,,,,,,,,,,,1,上市,113,,,,,,,,,,,,,,,,,,,,,,5285528,,,,5285528,,0,,19.59,21044824,25199644,,,,,,,,,2698298,,,22218202,,,736939,27503730,,,,,,,,,,,,,,,1173378,2304086,0
,,,,363506,,,3049,精金,,,-118631,,,,,,,,,,,,,,,,,,,,1,上市,113,0,,,,,,,,,,,,,,,,,,,,,9134496,,,,8578720,,0,,10.70,772502,2643887,,,,,,,,,8020105,,,4496883,,,313740,13631379,,,,,,,,,,,,,,555776,3724381,10987492,0
,,,,425582,,,3050,鈺德,,,-44021,,,,,,,,,,,,,,,,,,,,1,上市,113,0,,,,,0,,,,,,,,,,,,,,,,2900938,,,,2508033,,0,,16.18,967351,1559173,,,,,,,,,1549845,,,2479894,,,576627,5380832,,,,,,,,,,,,,,392905,1512543,3821659,0
,,,,915770,,,3051,力特,,,-29196,,,,,,,,,,,,,,,,,,,,1,上市,113,-41599,,,,,0,,,,,,,,,,,,,,,,2544975,,,,2544975,,2000000,,15.15,254784,1415841,,,,,,,,,1700000,,,1459712,,,0,4004687,,,,,,,,,,,,,,0,1204928,2588846,0
,,,,1020903,,,3052,夆典,,,-9921,,,,,,,,,,,,,,,,,,,,1,上市,113,-276485,,,,,0,,,,,,,,,,,,,,,,3415413,,,,3326221,,30687298,,16.63,5871083,9281575,,,,,,,,,2306723,,,6454748,,,285001,9870161,,,,,,,,,,,,,,89192,583665,588586,0
,,,,42604,,,3054,立萬利,,,-98346,,,,,,,,,,,,,,,,,,,,1,上市,113,-81437,,,,,0,,,,,,,,,,,,,,,,756090,,,,756090,,2760000,,9.37,46987,423555,,,,,,,,,834110,,,51517,,,59159,807607,,,,,,,,,,,,,,,4530,384052,0
,,,,997083,,,3055,蔚華科,,,-131185,,,,,,,,,,,,,,,,,,,,1,上市,113,-90279,,,,,,,,,,,,,,,,,,,,,2435004,,,,2362477,,1832030,,20.88,642824,2494942,,,,,,,,,1149749,,,829508,,,437109,3264512,,,,,,,,,,,,,,72527,186684,769570,0
,,,,2022982,,,3056,富華新,,,,,,,,,,,,,,,,,,,,,,,1,上市,113,,,,,,,,,,,,,,,,,,,,,,6707521,,,,6707521,,0,,19.60,14366446,22143497,,,,,,,,,3422757,,,16647760,,,1261782,23355281,,,,,,,,,,,,,,,2281314,1211784,0
,,,,-188072,,,3057,喬鼎,,,-90401,,,,,,,,,,,,,,,,,,,,1,上市,113,,,,,,,,,,,,,,,,,,,,,,735968,,,,735285,,0,,7.93,347174,866521,,,,,,,,,926787,,,428074,,,86971,1164042,,,,,,,,,,,,,,683,80900,297521,0
,,,,18446,,,3058,立德,,,-80186,,,,,,,,,,,,,,,,,,,,1,上市,113,-9781,,,,,0,,,,,,,,,,,,,,,,2156179,,,,2145335,,1780000,,10.70,2034304,3141358,,,,,,,,,2023628,,,2697066,,,193228,4853245,,,,,,,,,,,,,,10844,662762,1711887,0
,,,,4467713,,,3059,華晶科,,,-314788,,,,,,,,,,,,,,,,,,,,1,上市,113,-38101,,,,,0,,,,,,,,,,,,,,,,9248174,,,,8949218,,2090000,,32.34,4059189,8983420,,,,,,,,,2788000,,,5672019,,,2046394,14920193,,,,,,,,,,,,,,298956,1612830,5936773,0
,,,,550075,,,3060,銘異,,,-822178,,,,,,,,,,,,,,,,,,,,1,上市,113,,,,,,0,,,,,,,,,,,,,,,,2573248,,,,2570253,,0,,18.68,1294370,2420660,,,,,,,,,1375632,,,1723359,,,1466724,4296607,,,,,,,,,,,,,,2995,428989,1875947,0
,,,,1008238,,,3062,建漢,,,-133892,,,,,,,,,,,,,,,,,,,,1,上市,113,-1426,,,,,0,,,,,,,,,,,,,,,,4789285,,,,4789285,,65000,,14.51,1755680,4153355,,,,,,,,,3302354,,,2209243,,,614011,6998528,,,,,,,,,,,,,,,453563,2845173,0
,,,,2240302,,,3090,日電貿,,,-95301,,,,,,,,,,,,,,,,,,,,1,上市,113,,,,,,,,,,,,,,,,,,,,,,5943085,,,,5896669,,0,,27.73,3625324,8041016,,,,,,,,,2126572,,,3760839,,,1625096,9703924,,,,,,,,,,,,,,46416,135515,1662908,0
,,,,313304,,,3092,鴻碩,,,-81667,,,,,,,,,,,,,,,,,,,,1,上市,113,,,,,,0,,,,,,,,,,,,,,,,2151202,,,,2151202,,0,,20.19,1646337,2695500,,,,,,,,,1065520,,,3181500,,,854045,5332702,,,,,,,,,,,,,,,1535163,2637202,0
,,,,116182,,,3094,聯傑,,,-8449,,,,,,,,,,,,,,,,,,,,1,上市,113,-8315,,,,,0,,,,,,,,,,,,,,,,989230,,,,989230,,512000,,11.98,83376,763995,,,,,,,,,831171,,,164249,,,58641,1153479,,,,,,,,,,,,,,,80873,389484,0
,,,,1023320,,,3130,一零四,,,-3842,,,,,,,,,,,,,,,,,,,,1,上市,113,,,,,,0,,,,,,,,,,,,,,,,1748959,,,,1748959,,0,,52.69,1682317,3040081,,,,,,,,,331907,,,1790116,,,397574,3539075,,,,,,,,,,,,,,,107799,498994,0
,,,,606477,,,3138,耀登,,,9284,,,,,,,,,,,,,,,,,,,,1,上市,113,,,,,,0,,,,,,,,,,,,,,,,2011791,,,,2007547,,0,,39.92,1238331,2358965,,,,,,,,,502934,,,1410140,,,888852,3421931,,,,,,,,,,,,,,4244,171809,1062966,0
,,,,-588624,,,3149,正達,,,482290,,,,,,,,,,,,,,,,,,,,1,上市,113,,,,,,0,,,,,,,,,,,,,,,,1374096,,,,1374096,,0,,9.45,1506869,1522889,,,,,,,,,1453406,,,2708818,,,27024,4082914,,,,,,,,,,,,,,,1201949,2560025,735000
,,,,14761,,,3150,鈺寶-創,,,-4083,,,,,,,,,,,,,,,,,,,,1,上市,113,,,,,,0,,,,,,,,,,,,,,,,574475,,,,,,0,,13.71,100258,632257,,,,,,,,,418980,,,106725,,,144817,681200,,,,,,,,,,,,,,,6467,48943,0
,,,,104815,,,3164,景岳,,,-4704,,,,,,,,,,,,,,,,,,,,1,上市,113,,,,,,0,,,,,,,,,,,,,,,,1451963,,,,1318969,,0,,15.25,187701,525954,,,,,,,,,865114,,,269928,,,353744,1721891,,,,,,,,,,,,,,132994,82227,1195937,0
,,,,1251496,,,3167,大量,,,-106030,,,,,,,,,,,,,,,,,,,,1,上市,113,0,,,,,,,,,,,,,,,,,,,,,2128114,,,,2128114,,0,,25.80,1240770,2399487,,,,,,,,,825001,,,2078257,,,157647,4206371,,,,,,,,,,,,,,0,837487,1806884,0
,,,,526996,,,3168,眾福科,,,-15667,,,,,,,,,,,,,,,,,,,,1,上市,113,,,,,,,,,,,,,,,,,,,,,,2569650,,,,1772846,,0,,22.70,1367764,2849157,,,,,,,,,780996,,,1421824,,,480521,3991474,,,,,,,,,,,,,,796804,54060,1142317,0
,,,,19777565,,,3189,景碩,,,-88804,,,,,,,,,,,,,,,,,,,,1,上市,113,,,,,,,,,,,,,,,,,,,,,,38695801,,,,31386065,,0,,69.07,15458463,26922905,,,,,,,,,4544231,,,40352982,,,7153073,79048783,,,,,,,,,,,,,,7309736,24894519,52125878,0
,,,,1193635,,,3209,全科,0,,180555,,,,,,,,,,,,,,,,,,,,1,上市,113,0,,,,,0,,,,,,,,,,,,,,,0,4757457,,,,4566940,,0,,19.65,14145928,18588569,,,,,,,,,2324310,,,15737666,,,868440,20495123,,,,,,,,,,,,,,190517,1591738,1906554,0
,,,,-111946,,,3229,晟鈦,,,0,,,,,,,,,,,,,,,,,,,,1,上市,113,,,,,,0,,,,,,,,,,,,,,,,621026,,,,621026,,0,,9.66,218310,555398,,,,,,,,,642630,,,242339,,,90342,863365,,,,,,,,,,,,,,0,24029,307967,0
,,,,44226557,,,3231,緯創,,,2261068,,,,,,,,,,,,,,,,,,,,1,上市,113,-716596,,,,,0,,,,,,,,,,,,,,,,141020301,,,,112993940,,26205200,,39.36,284712134,366984814,,,,,,,,,28969801,,,320977097,,,38253110,461997398,,,,,,,,,,,,,,28026361,36264963,95012584,0
,,,,527202,,,3257,虹冠電,,,-9140,,,,,,,,,,,,,,,,,,,,1,上市,113,-9237,,,,,,,,,,,,,,,,,,,,,1482005,,,,1482005,,163000,,18.57,434170,1282332,,,,,,,,,799866,,,450856,,,173314,1932861,,,,,,,,,,,,,,,16686,650529,0
,,,,1827326,,,3266,昇陽,,,310,,,,,,,,,,,,,,,,,,,,1,上市,113,,,,,,0,,,,,,,,,,,,,,,,6190006,,,,6153449,,0,,17.47,6425246,11622141,,,,,,,,,3523143,,,6771332,,,802670,12961338,,,,,,,,,,,,,,36557,346086,1339197,0
,,,,101657,,,3296,勝德,,,-78271,,,,,,,,,,,,,,,,,,,,1,上市,113,,,,,,0,,,,,,,,,,,,,,,,1173994,,,,1173994,,0,,12.14,798497,1464413,,,,,,,,,967244,,,952918,,,183364,2126912,,,,,,,,,,,,,,,154421,662499,0
,,,,2273245,,,3305,昇貿,,,-113021,,,,,,,,,,,,,,,,,,,,1,上市,113,-103328,,,,,0,,,,,,,,,,,,,,,,4895796,,,,4872827,,2149000,,36.89,2329916,5566130,,,,,,,,,1342375,,,3433781,,,1473556,8329577,,,,,,,,,,,,,,22969,1103865,2763447,0
,,,,424432,,,3308,聯德,,,-585,,,,,,,,,,,,,,,,,,,,1,上市,113,,,,,,,,,,,,,,,,,,,,,,1028718,,,,1028753,,0,,17.15,711812,1600018,,,,,,,,,600000,,,1066233,,,4906,2094951,,,,,,,,,,,,,,-35,354421,494933,0
,,,,1635861,,,3311,閎暉,,,-256657,,,,,,,,,,,,,,,,,,,,1,上市,113,,,,,,,,,,,,,,,,,,,,,,2689278,,,,2689278,,0,,39.55,659968,1662413,,,,,,,,,680000,,,778392,,,630074,3467670,,,,,,,,,,,,,,,118424,1805257,0
,,,,859147,,,3312,弘憶股,,,119819,,,,,,,,,,,,,,,,,,,,1,上市,113,,,,,,0,,,,,,,,,,,,,,,,2885894,,,,2828336,,0,,17.39,4861956,7038041,,,,,,,,,1626254,,,5036958,,,223116,7922852,,,,,,,,,,,,,,57558,175002,884811,0
,,,,-318613,,,3321,同泰,,,-67076,,,,,,,,,,,,,,,,,,,,1,上市,113,,,,,,0,,,,,,,,,,,,,,,,625311,,,,625311,,0,,6.44,816316,1205673,,,,,,,,,971598,,,1071867,,,39402,1697178,,,,,,,,,,,,,,,255551,491505,0
,,,,838763,,,3338,泰碩,,,-59476,,,,,,,,,,,,,,,,,,,,1,上市,113,-17253,,,,,0,,,,,,,,,,,,,,,,1990014,,,,1990014,,450000,,22.75,1669505,3215163,,,,,,,,,879081,,,1842342,,,348899,3832356,,,,,,,,,,,,,,,172837,617193,0
,,,,799881,,,3346,麗清,,,-144621,,,,,,,,,,,,,,,,,,,,1,上市,113,,,,,,,,,,,,,,,,,,,,,,3374954,,,,3374954,,0,,29.39,4866996,7113963,,,,,,,,,1151590,,,5755497,,,1568104,9130451,,,,,,,,,,,,,,,888501,2016488,0
,,,,881354,,,3356,奇偶,,,4391,,,,,,,,,,,,,,,,,,,,1,上市,113,,,,,,0,,,,,,,,,,,,,,,,2033034,,,,2009375,,0,,22.37,646220,2501507,,,,,,,,,898221,,,725594,,,225409,2758628,,,,,,,,,,,,,,23659,79374,257121,0
,,,,12536741,,,3376,新日興,,,-249375,,,,,,,,,,,,,,,,,,,,1,上市,113,,,,,,,,,,,,,,,,,,,,,,15972299,,,,15972299,,0,,85.07,5422799,13012229,,,,,,,,,1877483,,,5912286,,,1807450,21884585,,,,,,,,,,,,,,,489487,8872356,0
,,,,1787490,,,3380,明泰,,,-83800,,,,,,,,,,,,,,,,,,,,1,上市,113,,,,,,0,,,,,,,,,,,,,,,,12993260,,,,9725947,,0,,17.95,10340011,17625565,,,,,,,,,5417185,,,11933148,,,2605072,24926408,,,,,,,,,,,,,,3267313,1593137,7300843,0
,,,,10858936,,,3406,玉晶光,,,-38069,,,,,,,,,,,,,,,,,,,,1,上市,113,,,,,,,,,,,,,,,,,,,,,,21159502,,,,21187973,,0,,187.93,11400705,18038367,,,,,,,,,1127431,,,21819811,,,9239675,42979313,,,,,,,,,,,,,,-28471,10419106,24940946,0
,,,,6002020,,,3413,京鼎,,,52712,,,,,,,,,,,,,,,,,,,,1,上市,113,,,,,,0,,,,,,,,,,,,,,,,11966824,,,,11966824,,0,,122.54,4798350,14968997,,,,,,,,,1026706,,,8194144,,,4885386,20160968,,,,,,,,,,,,,,,3395794,5191971,219700
,,,,1034830,,,3416,融程電,,,70180,,,,,,,,,,,,,,,,,,,,1,上市,113,,,,,,,,,,,,,,,,,,,,,,2944020,,,,2934985,,0,,37.47,1185460,2869499,,,,,,,,,797465,,,1682583,,,1032510,4626603,,,,,,,,,,,,,,9035,497123,1757104,0
,,,,-40743,,,3419,譁裕,,,-75528,,,,,,,,,,,,,,,,,,,,1,上市,113,,,,,,,,,,,,,,,,,,,,,,1305597,,,,1289984,,0,,10.71,471437,1171529,,,,,,,,,1204804,,,719650,,,201451,2025247,,,,,,,,,,,,,,15613,248213,853718,0
,,,,-193813,,,3432,台端,,,-44159,,,,,,,,,,,,,,,,,,,,1,上市,113,,,,,,,,,,,,,,,,,,,,,,262537,,,,262537,,0,,7.29,18026,248644,,,,,,,,,360000,,,53238,,,140509,315775,,,,,,,,,,,,,,,35212,67131,0
,,,,26325,,,3437,榮創,,,36779,,,,,,,,,,,,,,,,,,,,1,上市,113,,,,,,0,,,,,,,,,,,,,,,,2558121,,,,2465305,,0,,17.06,664516,2123306,,,,,,,,,1445480,,,736456,,,956721,3294577,,,,,,,,,,,,,,92816,71940,1171271,0
,,,,9005295,,,3443,創意,,,-16517,,,,,,,,,,,,,,,,,,,,1,上市,113,,,,,,,,,,,,,,,,,,,,,,10361740,,,,10361740,,0,,77.32,11313004,20574018,,,,,,,,,1340119,,,11777729,,,32843,22139469,,,,,,,,,,,,,,,464725,1565451,0
,,,,139503,,,3447,展達,,,-24410,,,,,,,,,,,,,,,,,,,,1,上市,113,,,,,,0,,,,,,,,,,,,,,,,1071209,,,,1071209,,0,,13.90,1436381,2234130,,,,,,,,,770945,,,1453252,,,185171,2524461,,,,,,,,,,,,,,,16871,290331,30500
,,,,2023164,,,3450,聯鈞,,,-45723,,,,,,,,,,,,,,,,,,,,1,上市,113,,,,,,,,,,,,,,,,,,,,,,5938468,,,,3889504,,0,,26.70,2059097,4300327,,,,,,,,,1456814,,,3119511,,,455249,9057979,,,,,,,,,,,,,,2048964,1060414,4757652,0
,,,,37027150,,,3481,群創,,,-3012565,,,,,,,,,,,,,,,,,,,,1,上市,113,-62467,,,,,0,,,,,,,,,,,,,,,,228984087,,,,228212135,,4627500,,25.15,84365469,128397201,,,,,,,,,90786334,,,122000977,,,103473683,350985064,,,,,,,,,,,,,,771952,37635508,222587863,0
,,,,-1024020,,,3494,誠研,,,-27469,,,,,,,,,,,,,,,,,,,,1,上市,113,,,,,,,,,,,,,,,,,,,,,,532296,,,,401276,,0,,2.79,1021749,369394,,,,,,,,,1440000,,,1352944,,,12765,1885240,,,,,,,,,,,,,,131020,331195,1515846,0
,,,,3786674,,,3501,維熹,,,-209574,,,,,,,,,,,,,,,,,,,,1,上市,113,,,,,,0,,,,,,,,,,,,,,,,6505481,,,,6505481,,0,,55.01,1315182,6070257,,,,,,,,,1182579,,,2078838,,,1745802,8584319,,,,,,,,,,,,,,,763656,2514062,0
,,,,146276,,,3504,揚明光,,,-141073,,,,,,,,,,,,,,,,,,,,1,上市,113,,,,,,0,,,,,,,,,,,,,,,,2794485,,,,2794006,,0,,24.50,968425,1850705,,,,,,,,,1140598,,,1425483,,,1648205,4219968,,,,,,,,,,,,,,479,457058,2369263,0
,,,,3354386,,,3515,華擎,,,12983,,,,,,,,,,,,,,,,,,,,1,上市,113,-6,,,,,,,,,,,,,,,,,,,,,8567723,,,,7772283,,600,,63.90,6506030,14343320,,,,,,,,,1216357,,,6598806,,,3188563,15166529,,,,,,,,,,,,,,795440,92776,823209,0
,,,,-179228,,,3518,柏騰,,,-161193,,,,,,,,,,,,,,,,,,,,1,上市,113,,,,,,,,,,,,,,,,,,,,,,1197864,,,,1197864,,0,,14.25,275604,1130034,,,,,,,,,840422,,,307684,,,697863,1505548,,,,,,,,,,,,,,0,32080,375514,0
,,,,721854,,,3528,安馳,,,67113,,,,,,,,,,,,,,,,,,,,1,上市,113,,,,,,,,,,,,,,,,,,,,,,1756804,,,,,,0,,26.37,4591741,6162193,,,,,,,,,666260,,,4623367,,,301577,6380171,,,,,,,,,,,,,,,31626,217978,0
,,,,471478,,,3530,晶相光,,,2518,,,,,,,,,,,,,,,,,,,,1,上市,113,-96995,,,,,,,,,,,,,,,,,,,,,2380794,,,,2380794,,1000000,,30.74,403502,2622399,,,,,,,,,784559,,,603502,,,1219234,2984296,,,,,,,,,,,,,,,200000,361897,0
,,,,14343327,,,3532,台勝科,,,-74647,,,,,,,,,,,,,,,,,,,,1,上市,113,,,,,,,,,,,,,,,,,,,,,,23886471,,,,23886471,,0,,61.59,10336721,8427971,,,,,,,,,3878483,,,24659576,,,5739308,48546047,,,,,,,,,,,,,,,14322855,40118076,0
,,,,20623386,,,3533,嘉澤,,,-252949,,,,,,,,,,,,,,,,,,,,1,上市,113,0,,,,,0,,,,,,,,,,,,,,,,32579122,,,,30645096,,0,,274.91,7228653,29370965,,,,,,,,,1116969,,,8961762,,,9157690,41540884,,,,,,,,,,,,,,1934026,1733109,12169919,0
,,,,208999,,,3535,晶彩科,,,-3694,,,,,,,,,,,,,,,,,,,,1,上市,113,,,,,,,,,,,,,,,,,,,,,,1094318,,,,1094318,,0,,13.84,347459,1187691,,,,,,,,,790523,,,562132,,,98490,1656450,,,,,,,,,,,,,,,214673,468759,0
,,,,545712,,,3543,州巧,,,-296405,,,,,,,,,,,,,,,,,,,,1,上市,113,-25619,,,,,0,,,,,,,,,,,,,,,,3035692,,,,2782581,,1000000,,31.53,950566,2915470,,,,,,,,,892631,,,1397386,,,1666262,4433078,,,,,,,,,,,,,,253111,446820,1517608,0
,,,,1584240,,,3545,敦泰,,,-147384,,,,,,,,,,,,,,,,,,,,1,上市,113,-163060,,,,,,,,,,,,,,,,,,,,,9652123,,,,9648384,,1285000,,44.24,5159318,13383520,,,,,,,,,2193960,,,9545827,,,6180628,19197950,,,,,,,,,,,,,,3739,4386509,5814430,1557000
,,,,503855,,,3550,聯穎,,,-186165,,,,,,,,,,,,,,,,,,,,1,上市,113,,,,,,0,,,,,,,,,,,,,,,,1596413,,,,1573645,,0,,17.97,1540010,2777741,,,,,,,,,875500,,,2709445,,,380455,4305858,,,,,,,,,,,,,,22768,1169435,1528117,0
,,,,937663,,,3557,嘉威,,,48405,,,,,,,,,,,,,,,,,,,,1,上市,113,,,,,,,,,,,,,,,,,,,,,,2471210,,,,2471210,,0,,30.77,2566060,2747535,,,,,,,,,803004,,,2954755,,,682138,5425965,,,,,,,,,,,,,,,388695,2678430,0
,,,,2247443,,,3563,牧德,,,-4366,,,,,,,,,,,,,,,,,,,,1,上市,113,,,,,,,,,,,,,,,,,,,,,,4860857,,,,4772667,,0,,82.08,833606,5165397,,,,,,,,,581462,,,918432,,,1948128,5779289,,,,,,,,,,,,,,88190,84826,613892,0
,,,,-3947167,,,3576,聯合再生,,,54193,,,,,,,,,,,,,,,,,,,,1,上市,113,-18699,,,,,0,,,,,,,,,,,,,,,,12935792,,,,12577715,,1065679,,7.73,10186175,11877374,,,,,,,,,16277954,,,17309550,,,211434,30245342,,,,,,,,,,,,,,358077,7123375,18367968,0
,,,,2363250,,,3583,辛耘,,,178164,,,,,,,,,,,,,,,,,,,,1,上市,113,0,,,,,,,,,,,,,,,,,,,,,4030595,,,,4030595,,0,,50.18,15621374,17167466,,,,,,,,,803280,,,15844773,,,685901,19875368,,,,,,,,,,,,,,,223399,2707902,0
,,,,710888,,,3588,通嘉,,,-24542,,,,,,,,,,,,,,,,,,,,1,上市,113,,,,,,,,,,,,,,,,,,,,,,1664530,,,,1664530,,0,,28.26,188472,1353230,,,,,,,,,589003,,,203126,,,389181,1867656,,,,,,,,,,,,,,,14654,514426,0
,,,,80983,,,3591,艾笛森,,,-122855,,,,,,,,,,,,,,,,,,,,1,上市,113,-34164,,,,,0,,,,,,,,,,,,,,,,3052835,,,,2922817,,2025827,,20.64,700803,2132647,,,,,,,,,1436094,,,865502,,,1562759,3918337,,,,,,,,,,,,,,130018,164699,1785690,0
,,,,5179865,,,3592,瑞鼎,,,-64948,,,,,,,,,,,,,,,,,,,,1,上市,113,,,,,,0,,,,,,,,,,,,,,,,10586402,,,,10586402,,0,,139.56,8997860,18196999,,,,,,,,,758552,,,9766760,,,4712933,20353162,,,,,,,,,,,,,,,768900,2156163,0
,,,,-513904,,,3593,力銘,,,41462,,,,,,,,,,,,,,,,,,,,1,上市,113,,,,,,,,,,,,,,,,,,,,,,465310,,,,465310,,0,,5.00,797182,558488,,,,,,,,,930425,,,1001834,,,7327,1467144,,,,,,,,,,,,,,,204652,908656,0
,,,,8021900,,,3596,智易,,,114265,,,,,,,,,,,,,,,,,,,,1,上市,113,,,,,,,,,,,,,,,,,,,,,,14086967,,,,13991855,,0,,63.50,28478905,35378608,,,,,,,,,2203543,,,28628896,,,3652147,42715863,,,,,,,,,,,,,,95112,149991,7337255,0
,,,,3027917,,,3605,宏致,,,5771,,,,,,,,,,,,,,,,,,,,1,上市,113,,,,,,0,,,,,,,,,,,,,,,,5372883,,,,5371135,,0,,39.96,4668360,6128078,,,,,,,,,1344177,,,7277935,,,993270,12650818,,,,,,,,,,,,,,1748,2609575,6522740,0
,,,,-90977,,,3607,谷崧,,,-738459,,,,,,,,,,,,,,,,,,,,1,上市,113,,,,,,,,,,,,,,,,,,,,,,1837872,,,,1811948,,0,,14.89,889971,1969880,,,,,,,,,1216622,,,1109927,,,1424762,2947799,,,,,,,,,,,,,,25924,219956,977919,0
,,,,3740384,,,3617,碩天,,,46061,,,,,,,,,,,,,,,,,,,,1,上市,113,,,,,,,,,,,,,,,,,,,,,,7191445,,,,7143979,,0,,78.50,5246513,9409891,,,,,,,,,910356,,,6148393,,,2447178,13339838,,,,,,,,,,,,,,47466,901880,3929947,0
,,,,1465762,,,3622,洋華,,,1942331,,,,,,,,,,,,,,,,,,,,1,上市,113,,,,,,,,,,,,,,,,,,,,,,6943704,,,,6847229,,0,,45.25,467773,5405583,,,,,,,,,1513276,,,755988,,,1925860,7699692,,,,,,,,,,,,,,96475,288215,2294109,0
,,,,921942,,,3645,達邁,,,-1517,,,,,,,,,,,,,,,,,,,,1,上市,113,,,,,,,,,,,,,,,,,,,,,,2842773,,,,2836099,,0,,21.45,1289932,1355391,,,,,,,,,1322053,,,1976044,,,593621,4818817,,,,,,,,,,,,,,6674,686112,3463426,0
,,,,132089,,,3652,精聯,,,-19050,,,,,,,,,,,,,,,,,,,,1,上市,113,,,,,,,,,,,,,,,,,,,,,,1801336,,,,1799240,,0,,23.96,480924,1813924,,,,,,,,,750975,,,582620,,,935226,2383956,,,,,,,,,,,,,,2096,101696,570032,0
,,,,4221647,,,3653,健策,,,-62491,,,,,,,,,,,,,,,,,,,,1,上市,113,,,,,,0,,,,,,,,,,,,,,,,11765244,,,,10916217,,0,,77.52,4469851,10398987,,,,,,,,,1408168,,,5202406,,,5348893,16967650,,,,,,,,,,,,,,849027,732555,6568663,0
,,,,7326915,,,3661,世芯-KY,0,,1648090,,,,,,,,,,,,,,,,,,,,1,上市,113,,,,,,0,,,,,,,,,,,,,,,,33273930,,,,33257611,,0,,421.33,17491673,47558180,,,,,,,,,789352,,,17684296,,,23493254,50958226,,,,,,,,,,,,,,16319,192623,3400046,0
,,,,8882326,,,3665,貿聯-KY,,,-732350,,,,,,,,,,,,,,,,,,,,1,上市,113,,,,,,0,,,,,,,,,,,,,,,,24120974,,,,24110138,,0,,147.53,20471539,32653243,,,,,,,,,1634296,,,32415924,,,14325866,56536898,,,,,,,,,,,,,,10836,11944385,23883655,0
,,,,1845111,,,3669,圓展,,,-95348,,,,,,,,,,,,,,,,,,,,1,上市,113,,,,,,,,,,,,,,,,,,,,,,3414083,,,,3414083,,0,,36.74,1000193,2298174,,,,,,,,,929200,,,1071662,,,735120,4485745,,,,,,,,,,,,,,,71469,2187571,0
,,,,4641440,,,3673,TPK-KY,,,1300958,,,,,,,,,,,,,,,,,,,,1,上市,113,,,,,,,,,,,,,,,,,,,,,,39097841,,,,38826123,,0,,95.47,37865653,72022966,,,,,,,,,4066638,,,53987223,,,28817087,93085064,,,,,,,,,,,,,,271718,16121570,21062098,0
,,,,3457490,,,3679,新至陞,,,-253315,,,,,,,,,,,,,,,,,,,,1,上市,113,,,,,,0,,,,,,,,,,,,,,,,4808126,,,,4808126,,0,,76.27,2009343,5277765,,,,,,,,,630402,,,3849495,,,973549,8657621,,,,,,,,,,,,,,,1840152,3379856,0
,,,,-59767,,,3686,達能,,,,,,,,,,,,,,,,,,,,,,,1,上市,113,,,,,,0,,,,,,,,,,,,,,,,705184,,,,705184,,0,,9.22,10767,708497,,,,,,,,,764951,,,10767,,,,715951,,,,,,,,,,,,,,,0,7454,0
,,,,458764,,,3694,海華,,,29915,,,,,,,,,,,,,,,,,,,,1,上市,113,,,,,,,,,,,,,,,,,,,,,,3115750,,,,3115750,,0,,20.42,2504980,4650192,,,,,,,,,1525688,,,2624017,,,1101383,5739767,,,,,,,,,,,,,,,119037,1089575,0
,,,,1293799,,,3701,大眾控,,,-366161,,,,,,,,,,,,,,,,,,,,1,上市,113,,,,,,0,,,,,,,,,,,,,,,,7507355,,,,4390769,,0,,18.71,3518837,9099654,,,,,,,,,2347142,,,4528978,,,1115989,12036333,,,,,,,,,,,,,,3116586,1010141,2936679,0
,,,,41343526,,,3702,大聯大,,,1518075,,,,,,,,,,,,,,,,,,,,1,上市,113,,,,,,0,,,,,,,,,,,,,,,,91513103,,,,90475112,,0,,48.15,228381324,293598197,,,,,,,,,18790568,,,246735532,,,28822943,338248635,,,,,,,,,,,,,,1037991,18354208,44650438,0
,,,,9331005,,,3703,欣陸,,,2505237,,,,,,,,,,,,,,,,,,,,1,上市,113,,,,,,,,,,,,,,,,,,,,,,30147215,,,,26891663,,0,,32.67,39787500,51369485,,,,,,,,,8232160,,,50049132,,,6823261,80196347,,,,,,,,,,,,,,3255552,10261632,28826862,0
,,,,3814510,,,3704,合勤控,,,-429882,,,,,,,,,,,,,,,,,,,,1,上市,113,-96550,,,,,,,,,,,,,,,,,,,,,11278067,,,,11009813,,7317397,,27.31,9998321,19966599,,,,,,,,,4104940,,,12617675,,,3616795,23895742,,,,,,,,,,,,,,268254,2619354,3929143,1004500
,,,,2345221,,,3705,永信,,,-321784,,,,,,,,,,,,,,,,,,,,1,上市,113,-1439,,,,,0,,,,,,,,,,,,,,,,7623607,,,,7023417,,58059,,26.37,2714232,6421666,,,,,,,,,2664230,,,3908129,,,2337189,11531736,,,,,,,,,,,,,,600190,1193897,5110070,0
,,,,22322186,,,3706,神達,,,2385527,,,,,,,,,,,,,,,,,,,,1,上市,113,0,,,,,0,,,,,,,,,,,,,,,,59723432,,,,59561090,,0,,49.36,18847103,32302971,,,,,,,,,12065568,,,28111813,,,22787809,87835245,,,,,,,,,,,,,,162342,9264710,55532274,0
,,,,3383153,,,3708,上緯投控,,,-310986,,,,,,,,,,,,,,,,,,,,1,上市,113,-47301,,,,,0,,,,,,,,,,,,,,,,9234481,,,,7870824,,713000,,77.84,5062151,8819483,,,,,,,,,1018265,,,5554615,,,3827693,14789096,,,,,,,,,,,,,,1363657,492464,5969613,0
,,,,96901599,,,3711,日月光投控,,,6625796,,,,,,,,,,,,,,,,,,,,1,上市,113,-1959107,,,,,,,,,,,,,,,,,,,,,312168459,,,,290995666,,72941505,,67.36,229043027,273001952,,,,,,,,,43929242,,,369301415,,,145498136,681469874,,,,,,,,,,,,,,21172793,140258388,408467922,8512500
,,,,458562,,,3712,永崴投控,,,479740,,,,,,,,,,,,,,,,,,,,1,上市,113,,,,,,0,,,,,,,,,,,,,,,,17077624,,,,8405935,,0,,34.14,21069217,31645930,,,,,,,,,2462421,,,30133547,,,5005212,47211171,,,,,,,,,,,,,,8671689,9064330,15565241,0
,,,,-6909984,,,3714,富采,,,-290814,,,,,,,,,,,,,,,,,,,,1,上市,113,-135163,,,,,0,,,,,,,,,,,,,,,,48279275,,,,46629510,,1282377,,62.04,10951384,30834129,,,,,,,,,7529405,,,14433995,,,46436066,62713270,,,,,,,,,,,,,,1649765,3482611,31879141,0
,,,,1248344,,,3715,定穎投控,,,-206362,,,,,,,,,,,,,,,,,,,,1,上市,113,,,,,,0,,,,,,,,,,,,,,,,6968243,,,,6800024,,0,,24.49,11846429,12129198,,,,,,,,,2776746,,,17403933,,,2981296,24372176,,,,,,,,,,,,,,168219,5557504,12242978,0
,,,,3094960,,,4104,佳醫,,,409726,,,,,,,,,,,,,,,,,,,,1,上市,113,,,,,,0,,,,,,,,,,,,,,,,10473056,,,,8348429,,0,,53.65,7425759,10836381,,,,,,,,,1556167,,,7941640,,,3287576,18414696,,,,,,,,,,,,,,2124627,515881,7578315,0
,,,,1092576,,,4106,雃博,,,-116607,,,,,,,,,,,,,,,,,,,,1,上市,113,,,,,,,,,,,,,,,,,,,,,,2335185,,,,2330720,,0,,23.10,774512,1746527,,,,,,,,,1009116,,,921193,,,345635,3256378,,,,,,,,,,,,,,4465,146681,1509851,0
,,,,-219070,,,4108,懷特,,,210084,,,,,,,,,,,,,,,,,,,,1,上市,113,,,,,,,,,,,,,,,,,,,,,,2309348,,,,1978616,,0,,9.96,42941,1455955,,,,,,,,,1986189,,,64641,,,1413,2373989,,,,,,,,,,,,,,330732,21700,918034,0
,,,,1690328,,,4119,旭富,,,22893,,,,,,,,,,,,,,,,,,,,1,上市,113,,,,,,0,,,,,,,,,,,,,,,,5141898,,,,5141898,,0,,43.03,466165,1923866,,,,,,,,,1195087,,,1556960,,,2233590,6698858,,,,,,,,,,,,,,,1090795,4774992,0
,,,,201561,,,4133,亞諾法,,,-8635,,,,,,,,,,,,,,,,,,,,1,上市,113,0,,,,,0,,,,,,,,,,,,,,,,1272989,,,,1272989,,0,,21.02,101826,948165,,,,,,,,,605536,,,108802,,,474527,1381791,,,,,,,,,,,,,,,6976,433626,0
,,,,3678246,,,4137,麗豐-KY,,,-490914,,,,,,,,,,,,,,,,,,,,1,上市,113,0,,,,,0,,,,,,,,,,,,,,,,5370678,,,,5370678,,0,,67.56,3412743,6633436,,,,,,,,,794924,,,3759533,,,1388422,9130211,,,,,,,,,,,,,,,346790,2496775,0
,,,,413641,,,4142,國光生,,,53094,,,,,,,,,,,,,,,,,,,,1,上市,113,-292538,,,,,0,,,,,,,,,,,,,,,,5597910,,,,5304681,,8000000,,12.59,1841997,4475508,,,,,,,,,4295078,,,3759265,,,835406,9357175,,,,,,,,,,,,,,293229,1917268,4881667,0
,,,,1308659,,,4148,全宇生技-KY,,,-486340,,,,,,,,,,,,,,,,,,,,1,上市,113,,,,,,,,,,,,,,,,,,,,,,2823383,,,,2244497,,0,,35.05,816034,2789150,,,,,,,,,640340,,,879465,,,781838,3702848,,,,,,,,,,,,,,578886,63431,913698,0
,,,,194160,,,4155,訊映,,,-132941,,,,,,,,,,,,,,,,,,,,1,上市,113,,,,,,0,,,,,,,,,,,,,,,,2420259,,,,2420223,,0,,16.46,602240,1349267,,,,,,,,,1470032,,,694698,,,888972,3114957,,,,,,,,,,,,,,36,92458,1765690,0
,,,,1130990,,,4164,承業醫,,,-372648,,,,,,,,,,,,,,,,,,,,1,上市,113,,,,,,0,,,,,,,,,,,,,,,,6485830,,,,6156910,,0,,36.92,1877269,4432720,,,,,,,,,1667556,,,7281215,,,3731012,13767045,,,,,,,,,,,,,,328920,5403946,9334325,0
,,,,753735,,,4190,佐登-KY,,,-101069,,,,,,,,,,,,,,,,,,,,1,上市,113,,,,,,,,,,,,,,,,,,,,,,1944092,,,,1944092,,0,,31.90,3540336,1895403,,,,,,,,,609497,,,5898587,,,681929,7842679,,,,,,,,,,,,,,,2358251,5947276,0
,,,,2596774,,,4306,炎洲,,,417098,,,,,,,,,,,,,,,,,,,,1,上市,113,-414345,,,,,,,,,,,,,,,,,,,,,12811859,,,,12070373,,34143828,,19.14,15614767,20610815,,,,,,,,,6730561,,,20789872,,,2740285,33601731,,,,,,,,,,,,,,741486,5175105,12990916,0
,,,,-7532368,,,4414,如興,,,243779,,,,,,,,,,,,,,,,,,,,1,上市,113,,,,,,,,,,,,,,,,,,,,,,4162112,,,,3755396,,0,,4.26,7555337,6892614,,,,,,,,,8821149,,,7997204,,,2222836,12159316,,,,,,,,,,,,,,406716,441867,5266702,0
,,,,867999,,,4426,利勤,,,18832,,,,,,,,,,,,,,,,,,,,1,上市,113,,,,,,0,,,,,,,,,,,,,,,,2656734,,,,2656463,,0,,15.38,771621,1000885,,,,,,,,,1726773,,,2059632,,,42859,4716366,,,,,,,,,,,,,,271,1288011,3715481,0
,,,,4030809,,,4438,廣越,,,-218409,,,,,,,,,,,,,,,,,,,,1,上市,113,,,,,,,,,,,,,,,,,,,,,,10078591,,,,7946298,,0,,76.83,4321585,11104965,,,,,,,,,1034255,,,6835625,,,3099643,16914216,,,,,,,,,,,,,,2132293,2514040,5809251,0
,,,,1266401,,,4439,冠星-KY,,,39243,,,,,,,,,,,,,,,,,,,,1,上市,113,0,,,,,0,,,,,,,,,,,,,,,,3346693,,,,3346693,,0,,87.40,1394384,2682605,,,,,,,,,382938,,,2111730,,,1658111,5458423,,,,,,,,,,,,,,,717346,2775818,0
,,,,307552,,,4440,宜新實業,,,5867,,,,,,,,,,,,,,,,,,,,1,上市,113,,,,,,,,,,,,,,,,,,,,,,1271303,,,,,,0,,18.81,442298,604194,,,,,,,,,675980,,,960988,,,281904,2232291,,,,,,,,,,,,,,,518690,1628097,0
,,,,1248655,,,4526,東台,,,52579,,,,,,,,,,,,,,,,,,,,1,上市,113,,,,,,,,,,,,,,,,,,,,,,5072760,,,,5070164,,0,,19.90,6158741,8056736,,,,,,,,,2548265,,,7739342,,,1220665,12812102,,,,,,,,,,,,,,2596,1580601,4755366,0
,,,,4175093,,,4532,瑞智,,,-699188,,,,,,,,,,,,,,,,,,,,1,上市,113,-93573,,,,,,,,,,,,,,,,,,,,,10992005,,,,9786807,,4920000,,19.57,13683928,19718219,,,,,,,,,5049151,,,15183917,,,1355324,26175922,,,,,,,,,,,,,,1205198,1499989,6457703,0
,,,,6249605,,,4536,拓凱,,,-204856,,,,,,,,,,,,,,,,,,,,1,上市,113,,,,,,,,,,,,,,,,,,,,,,9039799,,,,8592481,,0,,94.61,3627482,9086242,,,,,,,,,908200,,,5058260,,,1639532,14098059,,,,,,,,,,,,,,447318,1430778,5011817,0
,,,,375296,,,4540,全球傳動,,,43611,,,,,,,,,,,,,,,,,,,,1,上市,113,,,,,,0,,,,,,,,,,,,,,,,3095395,,,,3095395,,0,,32.53,1265931,3642999,,,,,,,,,951588,,,4405055,,,1724900,7500450,,,,,,,,,,,,,,,3139124,3857451,0
,,,,542234,,,4545,銘鈺,,,-26563,,,,,,,,,,,,,,,,,,,,1,上市,113,,,,,,0,,,,,,,,,,,,,,,,1928456,,,,1928456,,0,,25.04,848174,1856335,,,,,,,,,770000,,,1200868,,,642785,3129324,,,,,,,,,,,,,,,352694,1272989,0
,,,,3200311,,,4551,智伸科,,,-51994,,,,,,,,,,,,,,,,,,,,1,上市,113,,,,,,,,,,,,,,,,,,,,,,7997257,,,,7997257,,0,,69.41,4675527,7671788,,,,,,,,,1152225,,,5225474,,,3696715,13222731,,,,,,,,,,,,,,,549947,5550943,0
,,,,3864140,,,4552,力達-KY,,,-472466,,,,,,,,,,,,,,,,,,,,1,上市,113,,,,,,0,,,,,,,,,,,,,,,,6099874,,,,6099874,,0,,52.59,938821,3933464,,,,,,,,,1160000,,,1552097,,,1548200,7651971,,,,,,,,,,,,,,,613276,3718507,0
,,,,1535917,,,4555,氣立,,,-136035,,,,,,,,,,,,,,,,,,,,1,上市,113,,,,,,,,,,,,,,,,,,,,,,2916870,,,,2826631,,0,,40.78,574808,2134562,,,,,,,,,693150,,,1542558,,,733599,4459428,,,,,,,,,,,,,,90239,967750,2324866,1769
,,,,1051054,,,4557,永新-KY,,,-93994,,,,,,,,,,,,,,,,,,,,1,上市,113,,,,,,0,,,,,,,,,,,,,,,,2387276,,,,2189181,,0,,52.16,1777989,3055825,,,,,,,,,419718,,,1870846,,,812403,4258122,,,,,,,,,,,,,,198095,92857,1202297,0
,,,,757095,,,4560,強信-KY,,,-80872,,,,,,,,,,,,,,,,,,,,1,上市,113,,,,,,,,,,,,,,,,,,,,,,1780997,,,,1780997,,0,,26.15,467132,1478903,,,,,,,,,680972,,,505713,,,423802,2286710,,,,,,,,,,,,,,,38581,807807,0
,,,,-199778,,,4562,穎漢,,,16472,,,,,,,,,,,,,,,,,,,,1,上市,113,,,,,,,,,,,,,,,,,,,,,,1046075,,,,1039747,,0,,11.88,764243,1292195,,,,,,,,,875460,,,1188178,,,347593,2234253,,,,,,,,,,,,,,6328,423935,942058,0
,,,,95718,,,4564,元翎,,,-4719,,,,,,,,,,,,,,,,,,,,1,上市,113,,,,,,,,,,,,,,,,,,,,,,4205284,,,,4205284,,0,,20.74,745946,1848822,,,,,,,,,2027883,,,3363757,,,2086402,7569041,,,,,,,,,,,,,,,2617811,5720219,0
,,,,1010775,,,4566,時碩工業,,,-62241,,,,,,,,,,,,,,,,,,,,1,上市,113,,,,,,,,,,,,,,,,,,,,,,3979215,,,,3979215,,0,,43.59,2370890,5010635,,,,,,,,,912938,,,4848499,,,2117743,8827714,,,,,,,,,,,,,,,2477609,3817079,0
,,,,392154,,,4569,六方科-KY,,,-110805,,,,,,,,,,,,,,,,,,,,1,上市,113,,,,,,0,,,,,,,,,,,,,,,,2539804,,,,2538004,,0,,81.87,266000,1871897,,,,,,,,,310000,,,366030,,,1946655,2905834,,,,,,,,,,,,,,1800,100030,1033937,0
,,,,1187011,,,4571,鈞興-KY,,,-93858,,,,,,,,,,,,,,,,,,,,1,上市,113,-108232,,,,,,,,,,,,,,,,,,,,,2680853,,,,2680853,,1301000,,51.75,858254,2513488,,,,,,,,,531090,,,936765,,,1164842,3617618,,,,,,,,,,,,,,,78511,1104130,0
,,,,1583947,,,4572,駐龍,,,,,,,,,,,,,,,,,,,,,,,1,上市,113,,,,,,0,,,,,,,,,,,,,,,,1973947,,,,1973947,,0,,50.61,212074,1665957,,,,,,,,,390000,,,473028,,,0,2446975,,,,,,,,,,,,,,,260954,781018,0
,,,,978033,,,4576,大銀微系統,,,10006,,,,,,,,,,,,,,,,,,,,1,上市,113,,,,,,,,,,,,,,,,,,,,,,4018225,,,,3764238,,0,,31.42,1192025,2011120,,,,,,,,,1198018,,,2094413,,,1578181,6112638,,,,,,,,,,,,,,253987,902388,4101518,0
,,,,458194,,,4581,光隆精密-KY,,,-10696,,,,,,,,,,,,,,,,,,,,1,上市,113,,,,,,,,,,,,,,,,,,,,,,1122713,,,,1120842,,0,,33.06,452409,1064716,,,,,,,,,338990,,,667448,,,334354,1790161,,,,,,,,,,,,,,1871,215039,725445,0
,,,,7417535,,,4583,台灣精銳,,,0,,,,,,,,,,,,,,,,,,,,1,上市,113,,,,,,,,,,,,,,,,,,,,,,9423191,,,,9423191,,0,,117.54,1357953,7080496,,,,,,,,,801714,,,1920048,,,1203942,11343239,,,,,,,,,,,,,,,562095,4262743,0
,,,,192761,,,4588,玖鼎電力,,,,,,,,,,,,,,,,,,,,,,,1,上市,113,,,,,,0,,,,,,,,,,,,,,,,894185,,,,,,0,,20.86,588974,1119755,,,,,,,,,428570,,,1192397,,,272854,2086582,,,,,,,,,,,,,,,603423,966827,0
,,,,338189,,,4720,德淵,,,-79416,,,,,,,,,,,,,,,,,,,,1,上市,113,,,,,,,,,,,,,,,,,,,,,,1509252,,,,1380277,,0,,13.30,1222281,1768511,,,,,,,,,1039801,,,1484383,,,81703,2993635,,,,,,,,,,,,,,128975,262102,1225124,0
,,,,1439471,,,4722,國精化,,,2342,,,,,,,,,,,,,,,,,,,,1,上市,113,,,,,,0,,,,,,,,,,,,,,,,2864342,,,,2864342,,0,,28.64,1033951,2259679,,,,,,,,,1000092,,,2068518,,,422437,4932860,,,,,,,,,,,,,,,1034567,2673181,0
,,,,6142986,,,4736,泰博,,,-50848,,,,,,,,,,,,,,,,,,,,1,上市,113,,,,,,,,,,,,,,,,,,,,,,9663464,,,,9297150,,0,,97.48,1892790,7122986,,,,,,,,,953744,,,2243153,,,2251268,11906617,,,,,,,,,,,,,,366314,350363,4783631,0
,,,,135237,,,4737,華廣,,,55822,,,,,,,,,,,,,,,,,,,,1,上市,113,,,,,,,,,,,,,,,,,,,,,,1909987,,,,1902655,,0,,31.19,1857784,1527488,,,,,,,,,612994,,,3401253,,,1098602,5311240,,,,,,,,,,,,,,7332,1543469,3783752,66600
,,,,1011686,,,4739,康普,,,-42311,,,,,,,,,,,,,,,,,,,,1,上市,113,-84658,,,,,0,,,,,,,,,,,,,,,,6444103,,,,5475299,,2098495,,46.83,1877946,4409978,,,,,,,,,1190293,,,2988007,,,3400289,9432110,,,,,,,,,,,,,,968804,1110061,5022132,0
,,,,2714136,,,4746,台耀,,,677,,,,,,,,,,,,,,,,,,,,1,上市,113,,,,,,0,,,,,,,,,,,,,,,,8097999,,,,7469709,,0,,62.12,3061195,5297976,,,,,,,,,1202560,,,5299048,,,3552336,13397047,,,,,,,,,,,,,,628290,2237853,8099071,0
,,,,2824040,,,4755,三福化,,,-42430,,,,,,,,,,,,,,,,,,,,1,上市,113,,,,,,,,,,,,,,,,,,,,,,4406286,,,,4358360,,0,,43.28,3102642,3246852,,,,,,,,,1007060,,,3422204,,,569690,7828490,,,,,,,,,,,,,,47926,319562,4581638,0
,,,,7852213,,,4763,材料*-KY,,,-78023,,,,,,,,,,,,,,,,,,,,1,上市,113,-38081,,,,,,,,,,,,,,,,,,,,,12630778,,,,12495218,,382000,,145.46,1360482,11436272,,,,,,,,,862861,,,1360482,,,3896248,13991260,,,,,,,,,,,,,,135560,0,2554988,0
,,,,1051343,,,4764,雙鍵,,,-99439,,,,,,,,,,,,,,,,,,,,1,上市,113,,,,,,,,,,,,,,,,,,,,,,2169020,,,,2164025,,0,,25.30,1684777,2202746,,,,,,,,,855421,,,2386204,,,356700,4555224,,,,,,,,,,,,,,4995,701427,2352478,0
,,,,7805385,,,4766,南寶,,,1088740,,,,,,,,,,,,,,,,,,,,1,上市,113,,,,,,,,,,,,,,,,,,,,,,13652361,,,,12224973,,0,,101.39,8102920,14902698,,,,,,,,,1205707,,,11358053,,,2125141,25010414,,,,,,,,,,,,,,1427388,3255133,10107716,0
,,,,4210262,,,4770,上品,,,-14587,,,,,,,,,,,,,,,,,,,,1,上市,113,,,,,,,,,,,,,,,,,,,,,,7040416,,,,7040416,,0,,88.03,2809872,8418055,,,,,,,,,799760,,,3315363,,,2044981,10355779,,,,,,,,,,,,,,,505491,1937724,0
,,,,801295,,,4771,望隼,,,5809,,,,,,,,,,,,,,,,,,,,1,上市,113,,,,,,,,,,,,,,,,,,,,,,3466204,,,,3199189,,0,,55.63,838752,2706291,,,,,,,,,575117,,,2076359,,,1816968,5542563,,,,,,,,,,,,,,267015,1237607,2836272,0
,,,,29661,,,4807,日成-KY,,,-64716,,,,,,,,,,,,,,,,,,,,1,上市,113,,,,,,0,,,,,,,,,,,,,,,,801819,,,,724404,,0,,18.87,371985,805773,,,,,,,,,383960,,,450068,,,375499,1251887,,,,,,,,,,,,,,77415,78083,446114,0
,,,,33440449,,,4904,遠傳,,,-103918,,,,,,,,,,,,,,,,,,,,1,上市,113,,,,,,0,,,,,,,,,,,,,,,,93976727,,,,92868911,,0,,25.76,48030181,29232147,,,,,,,,,36057054,,,98502343,,,23475326,192479070,,,,,,,,,,,,,,1107816,50472162,163246923,0
,,,,2861462,,,4906,正文,,,695121,,,,,,,,,,,,,,,,,,,,1,上市,113,,,,,,,,,,,,,,,,,,,,,,13484023,,,,13123548,,0,,32.66,8650779,15287864,,,,,,,,,4120118,,,10047973,,,5446847,23531996,,,,,,,,,,,,,,360475,1397194,8244132,1693000
,,,,1394217,,,4912,聯德控股-KY,,,82959,,,,,,,,,,,,,,,,,,,,1,上市,113,,,,,,,,,,,,,,,,,,,,,,3667155,,,,3562071,,0,,57.27,2378545,4113142,,,,,,,,,621928,,,3804703,,,1462967,7471858,,,,,,,,,,,,,,105084,1426158,3358716,0
,,,,11921878,,,4915,致伸,,,-698438,,,,,,,,,,,,,,,,,,,,1,上市,113,,,,,,0,,,,,,,,,,,,,,,,20361983,,,,18209333,,0,,39.33,24496975,34964620,,,,,,,,,4629318,,,28296222,,,2356575,48658205,,,,,,,,,,,,,,2152650,3799247,13693585,0
,,,,401342,,,4916,事欣科,,,60577,,,,,,,,,,,,,,,,,,,,1,上市,113,0,,,,,0,,,,,,,,,,,,,,,,2087846,,,,2087846,,0,,21.22,963226,2109541,,,,,,,,,983789,,,1535323,,,642138,3623169,,,,,,,,,,,,,,,572097,1513628,0
,,,,5878341,,,4919,新唐,,,-1214663,,,,,,,,,,,,,,,,,,,,1,上市,113,,,,,,,,,,,,,,,,,,,,,,15856981,,,,15856981,,0,,37.78,9479665,19259136,,,,,,,,,4197653,,,15927907,,,6995650,31784888,,,,,,,,,,,,,,,6448242,12525752,0
,,,,2809075,,,4927,泰鼎-KY,,,-655170,,,,,,,,,,,,,,,,,,,,1,上市,113,,,,,,,,,,,,,,,,,,,,,,6487728,,,,6458589,,0,,34.00,7504504,5865289,,,,,,,,,1899380,,,11275911,,,2405304,17763639,,,,,,,,,,,,,,29139,3771407,11898350,0
,,,,796636,,,4930,燦星網,,,-197980,,,,,,,,,,,,,,,,,,,,1,上市,113,,,,,,0,,,,,,,,,,,,,,,,6268383,,,,3184504,,0,,39.81,3104089,8782831,,,,,,,,,800000,,,5752004,,,1785848,12020387,,,,,,,,,,,,,,3083879,2647915,3237556,0
,,,,-494315,,,4934,太極,,,-458564,,,,,,,,,,,,,,,,,,,,1,上市,113,,,,,,,,,,,,,,,,,,,,,,2216082,,,,2068239,,0,,9.19,573436,1494333,,,,,,,,,2250000,,,777445,,,771118,2993527,,,,,,,,,,,,,,147843,204009,1499194,0
,,,,4606216,,,4935,茂林-KY,,,106946,,,,,,,,,,,,,,,,,,,,1,上市,113,,,,,,,,,,,,,,,,,,,,,,8350226,,,,8350226,,0,,64.80,1483552,6700004,,,,,,,,,1288641,,,2183031,,,2348423,10533257,,,,,,,,,,,,,,,699479,3833253,0
,,,,77683763,,,4938,和碩,,,99303,,,,,,,,,,,,,,,,,,,,1,上市,113,0,,,,,0,,,,,,,,,,,,,,,,221224026,,,,188744388,,0,,70.85,247472024,377418385,,,,,,,,,26639794,,,298327183,,,84321528,519551209,,,,,,,,,,,,,,32479638,50855159,142132824,0
,,,,4631435,,,4942,嘉彰,,,-240937,,,,,,,,,,,,,,,,,,,,1,上市,113,,,,,,,,,,,,,,,,,,,,,,8639706,,,,8634971,,0,,60.65,2101095,6983334,,,,,,,,,1423676,,,2369896,,,2820797,11009602,,,,,,,,,,,,,,4735,268801,4026268,0
,,,,-646178,,,4943,康控-KY,,,-388409,,,,,,,,,,,,,,,,,,,,1,上市,113,0,,,,,0,,,,,,,,,,,,,,,,347365,,,,349497,,0,,3.02,1679347,1087016,,,,,,,,,1157824,,,2185411,,,226260,2532776,,,,,,,,,,,,,,-2132,506064,1445760,0
,,,,405039,,,4949,有成精密,,,-34920,,,,,,,,,,,,,,,,,,,,1,上市,113,,,,,,0,,,,,,,,,,,,,,,,1424433,,,,1424433,,0,,23.46,683315,1912511,,,,,,,,,607050,,,716508,,,447264,2140941,,,,,,,,,,,,,,,33193,228430,0
,,,,1000637,,,4952,凌通,,,-45020,,,,,,,,,,,,,,,,,,,,1,上市,113,,,,,,,,,,,,,,,,,,,,,,2185742,,,,2185742,,0,,20.09,534310,2023034,,,,,,,,,1088158,,,701854,,,141967,2887596,,,,,,,,,,,,,,,167544,864562,0
,,,,316781,,,4956,光鋐,,,-945,,,,,,,,,,,,,,,,,,,,1,上市,113,,,,,,,,,,,,,,,,,,,,,,1709103,,,,1709103,,0,,17.02,574047,1415714,,,,,,,,,1004082,,,1116235,,,389185,2825338,,,,,,,,,,,,,,,542188,1409624,0
,,,,50924709,,,4958,臻鼎-KY,,,-1551449,,,,,,,,,,,,,,,,,,,,1,上市,113,-257489,,,,,0,,,,,,,,,,,,,,,,138651673,,,,98159437,,2093000,,103.88,62029213,112651696,,,,,,,,,9470492,,,104631683,,,39573174,243283356,,,,,,,,,,,,,,40492236,42602470,130631660,0
,,,,3296538,,,4960,誠美材,,,-392656,,,,,,,,,,,,,,,,,,,,1,上市,113,,,,,,0,,,,,,,,,,,,,,,,9221830,,,,9221830,,0,,16.12,5172635,9694544,,,,,,,,,5721849,,,5335085,,,596099,14556915,,,,,,,,,,,,,,,162450,4862371,0
,,,,7904187,,,4961,天鈺,,,46068,,,,,,,,,,,,,,,,,,,,1,上市,113,-7307,,,,,0,,,,,,,,,,,,,,,,21612832,,,,17701716,,214850,,146.25,3684013,18169064,,,,,,,,,1212545,,,4162986,,,8546223,25775818,,,,,,,,,,,,,,3911116,478973,7606754,0
,,,,701195,,,4967,十銓,,,-9360,,,,,,,,,,,,,,,,,,,,1,上市,113,-35335,,,,,0,,,,,,,,,,,,,,,,2612774,,,,2612774,,1400000,,37.25,6293071,9542740,,,,,,,,,715487,,,7605909,,,1240787,10218683,,,,,,,,,,,,,,,1312838,675943,0
,,,,649761,,,4968,立積,,,868,,,,,,,,,,,,,,,,,,,,1,上市,113,,,,,,,,,,,,,,,,,,,,,,2259928,,,,2259928,,0,,24.92,1017954,2865970,,,,,,,,,906752,,,1072042,,,702547,3331970,,,,,,,,,,,,,,,54088,466000,219780
,,,,-372956,,,4976,佳凌,,,-48845,,,,,,,,,,,,,,,,,,,,1,上市,113,-35161,,,,,,,,,,,,,,,,,,,,,2521126,,,,,,1357000,,18.09,323294,1933528,,,,,,,,,1406900,,,558892,,,1571188,3080018,,,,,,,,,,,,,,,235598,1146490,0
,,,,931626,,,4977,眾達-KY,,,-39653,,,,,,,,,,,,,,,,,,,,1,上市,113,,,,,,,,,,,,,,,,,,,,,,3804339,,,,3798230,,0,,47.37,1763111,3197114,,,,,,,,,801898,,,1915073,,,2104359,5719412,,,,,,,,,,,,,,6109,151962,2522298,0
,,,,447996,,,4989,榮科,,,55283,,,,,,,,,,,,,,,,,,,,1,上市,113,,,,,,,,,,,,,,,,,,,,,,2204975,,,,2204975,,0,,16.00,445477,2084047,,,,,,,,,1377765,,,560971,,,323931,2765946,,,,,,,,,,,,,,,115494,681899,0
,,,,373906,,,4994,傳奇,,,30,,,,,,,,,,,,,,,,,,,,1,上市,113,,,,,,0,,,,,,,,,,,,,,,,1307737,,,,1307737,,0,,19.70,368625,1524303,,,,,,,,,663834,,,391855,,,269967,1699592,,,,,,,,,,,,,,,23230,175289,0
,,,,2226638,,,4999,鑫禾,,,-28060,,,,,,,,,,,,,,,,,,,,1,上市,113,-31100,,,,,0,,,,,,,,,,,,,,,,3351685,,,,3351685,,800000,,45.53,535481,2664096,,,,,,,,,744172,,,652197,,,440035,4003882,,,,,,,,,,,,,,,116716,1339786,0
,,,,3049235,,,5007,三星,,,-50147,,,,,,,,,,,,,,,,,,,,1,上市,113,0,,,,,0,,,,,,,,,,,,,,,,6720975,,,,6377810,,0,,21.62,2040515,5906322,,,,,,,,,2949401,,,2372715,,,429321,9093690,,,,,,,,,,,,,,343165,332200,3187368,0
,,,,1700312,,,5203,訊連,,,-106818,,,,,,,,,,,,,,,,,,,,1,上市,113,,,,,,0,,,,,,,,,,,,,,,,4644638,,,,4644638,,0,,58.84,803222,2289394,,,,,,,,,789418,,,1233241,,,2261726,5877879,,,,,,,,,,,,,,,430019,3588485,0
,,,,1247234,,,5215,科嘉-KY,,,-13936,,,,,,,,,,,,,,,,,,,,1,上市,113,,,,,,,,,,,,,,,,,,,,,,3500729,,,,3366973,,0,,52.33,901796,2897869,,,,,,,,,643375,,,1131653,,,1490300,4632382,,,,,,,,,,,,,,133756,229857,1734513,0
,,,,318314,,,5222,全訊,,,44987,,,,,,,,,,,,,,,,,,,,1,上市,113,,,,,,0,,,,,,,,,,,,,,,,2081778,,,,,,0,,27.92,624573,1400751,,,,,,,,,745637,,,776508,,,972840,2858286,,,,,,,,,,,,,,,151935,1457535,0
,,,,762781,,,5225,東科-KY,0,,145270,,,,,,,,,,,,,,,,,,,,1,上市,113,-24019,,,,,,,,,,,,,,,,,,,,,2749987,,,,2749987,,453000,,36.79,3730661,5406773,,,,,,,,,752071,,,3821151,,,1113884,6571138,,,,,,,,,,,,,,0,90490,1164365,0
,,,,1758533,,,5234,達興材料,,,0,,,,,,,,,,,,,,,,,,,,1,上市,113,,,,,,0,,,,,,,,,,,,,,,,2827506,,,,2827506,,0,,27.53,1540542,3023539,,,,,,,,,1027159,,,1934593,,,41814,4762099,,,,,,,,,,,,,,,394051,1738560,0
,,,,420028,,,5236,凌陽創新,,,-61143,,,,,,,,,,,,,,,,,,,,1,上市,113,,,,,,,,,,,,,,,,,,,,,,2229202,,,,,,0,,38.14,734394,2929251,,,,,,,,,584436,,,772659,,,1285881,3001861,,,,,,,,,,,,,,,38265,72610,0
,,,,3761753,,,5243,乙盛-KY,,,66539,,,,,,,,,,,,,,,,,,,,1,上市,113,,,,,,,,,,,,,,,,,,,,,,7862830,,,,7862830,,0,,46.66,4082879,7084222,,,,,,,,,1685289,,,4821589,,,2349249,12684419,,,,,,,,,,,,,,,738710,5600197,0
,,,,711049,,,5244,弘凱,,,-63534,,,,,,,,,,,,,,,,,,,,1,上市,113,,,,,,,,,,,,,,,,,,,,,,1713944,,,,1713944,,0,,25.23,271360,1310340,,,,,,,,,679441,,,281747,,,386988,1995691,,,,,,,,,,,,,,,10387,685351,0
,,,,2102655,,,5258,虹堡,,,48983,,,,,,,,,,,,,,,,,,,,1,上市,113,-18051,,,,,0,,,,,,,,,,,,,,,,4049854,,,,3905913,,771000,,37.53,3203667,6199330,,,,,,,,,1048438,,,3506715,,,723888,7556569,,,,,,,,,,,,,,143941,303048,1357239,0
,,,,7418040,,,5269,祥碩,,,2283019,,,,,,,,,,,,,,,,,,,,1,上市,113,,,,,,0,,,,,,,,,,,,,,,,19175231,,,,,,0,,276.45,3225084,5169271,,,,,,,,,693635,,,3246948,,,8780537,22422179,,,,,,,,,,,,,,,21864,17252908,0
,,,,2382466,,,5283,禾聯碩,,,-142,,,,,,,,,,,,,,,,,,,,1,上市,113,,,,,,,,,,,,,,,,,,,,,,3864634,,,,3864634,,0,,52.94,2725760,3979446,,,,,,,,,730004,,,3269657,,,752306,7134291,,,,,,,,,,,,,,,543897,3154845,0
,,,,847925,,,5284,jpp-KY,,,-145855,,,,,,,,,,,,,,,,,,,,1,上市,113,,,,,,,,,,,,,,,,,,,,,,2264073,,,,2245008,,0,,46.84,1583573,1920629,,,,,,,,,479289,,,1971979,,,1063649,4236052,,,,,,,,,,,,,,19065,388406,2315423,0
,,,,1345022,,,5285,界霖,,,-176196,,,,,,,,,,,,,,,,,,,,1,上市,113,,,,,,,,,,,,,,,,,,,,,,2745766,,,,2745766,,0,,26.91,1001083,3364824,,,,,,,,,1020409,,,2336528,,,556531,5082294,,,,,,,,,,,,,,,1335445,1717470,0
,,,,3420570,,,5288,豐祥-KY,,,-101982,,,,,,,,,,,,,,,,,,,,1,上市,113,,,,,,,,,,,,,,,,,,,,,,4989683,,,,4974558,,0,,74.60,1698103,3438524,,,,,,,,,666824,,,2099523,,,989146,7089206,,,,,,,,,,,,,,15125,401420,3650682,0
,,,,720429,,,5292,華懋,,,-15809,,,,,,,,,,,,,,,,,,,,1,上市,113,,,,,,,,,,,,,,,,,,,,,,1388093,,,,1388093,,0,,39.89,1505491,2483243,,,,,,,,,348000,,,1539380,,,335473,2927473,,,,,,,,,,,,,,,33889,444230,0
,,,,5436961,,,5306,桂盟,,,-573467,,,,,,,,,,,,,,,,,,,,1,上市,113,,,,,,,,,,,,,,,,,,,,,,7883887,,,,7883805,,0,,62.57,2470256,6125041,,,,,,,,,1260008,,,4343707,,,1760303,12227594,,,,,,,,,,,,,,82,1873451,6102553,772
,,,,5838859,,,5388,中磊,,,-443729,,,,,,,,,,,,,,,,,,,,1,上市,113,-119517,,,,,,,,,,,,,,,,,,,,,14190058,,,,14201133,,1500000,,48.23,29924080,41167626,,,,,,,,,2959306,,,34612168,,,5966214,48802226,,,,,,,,,,,,,,-11075,4688088,7634600,5262
,,,,8834045,,,5434,崇越,,,1053008,,,,,,,,,,,,,,,,,,,,1,上市,113,0,,,,,0,,,,,,,,,,,,,,,,14509006,,,,14274286,,0,,75.65,13798153,18137836,,,,,,,,,1887001,,,18979736,,,2500232,33488742,,,,,,,,,,,,,,234720,5181583,15350906,0
,,,,18424026,,,5469,瀚宇博,,,3836674,,,,,,,,,,,,,,,,,,,,1,上市,113,-25115,,,,,,,,,,,,,,,,,,,,,46711719,,,,31812415,,400000,,60.25,26117401,43464816,,,,,,,,,5284413,,,35312483,,,4292417,82024202,,,,,,,,,,,,,,14899304,9195082,38559386,0
,,,,1836471,,,5471,松翰,,,65546,,,,,,,,,,,,,,,,,,,,1,上市,113,,,,,,0,,,,,,,,,,,,,,,,3643448,,,,3643448,,0,,21.70,391555,2888171,,,,,,,,,1678770,,,520314,,,62661,4163762,,,,,,,,,,,,,,,128759,1275591,0
,,,,-172261,,,5484,慧友,,,25739,,,,,,,,,,,,,,,,,,,,1,上市,113,,,,,,0,,,,,,,,,,,,,,,,576800,,,,576800,,0,,8.63,318352,522689,,,,,,,,,668010,,,335363,,,55312,912163,,,,,,,,,,,,,,,17011,389474,0
,,,,2151335,,,5515,建國,,,300510,,,,,,,,,,,,,,,,,,,,1,上市,113,0,,,,,,,,,,,,,,,,,,,,,5159154,,,,5159154,,0,,20.47,2590858,6492750,,,,,,,,,2520001,,,3333056,,,187308,8492210,,,,,,,,,,,,,,,742198,1999460,0
,,,,2939881,,,5519,隆大,,,12343,,,,,,,,,,,,,,,,,,,,1,上市,113,,,,,,,,,,,,,,,,,,,,,,5194810,,,,5194810,,0,,23.70,3045813,12649429,,,,,,,,,2191972,,,8183685,,,50614,13378495,,,,,,,,,,,,,,,5137872,729066,0
,,,,303676,,,5521,工信,,,84636,,,,,,,,,,,,,,,,,,,,1,上市,113,,,,,,0,,,,,,,,,,,,,,,,5311633,,,,5311633,,0,,10.79,2980663,7433651,,,,,,,,,4922802,,,3146363,,,519,8457996,,,,,,,,,,,,,,,165700,1024345,0
,,,,27273847,,,5522,遠雄,,,409866,,,,,,,,,,,,,,,,,,,,1,上市,113,,,,,,0,,,,,,,,,,,,,,,,43976668,,,,43976668,,0,,56.27,51240454,85096368,,,,,,,,,7815962,,,52986222,,,8476993,96962890,,,,,,,,,,,,,,,1745768,11866522,0
,,,,1971614,,,5525,順天,,,0,,,,,,,,,,,,,,,,,,,,1,上市,113,-25346,,,,,0,,,,,,,,,,,,,,,,5092276,,,,5071887,,9538372,,18.72,11227244,14580379,,,,,,,,,2804668,,,12683074,,,320951,17775350,,,,,,,,,,,,,,20389,1455830,3194971,0
,,,,581605,,,5531,鄉林,0,,-319624,,,,,,,,,,,,,,,,,,,,1,上市,113,0,,,,,0,,,,,,,,,,,,,,,,10382899,,,,10051628,,0,,10.28,18581408,21830376,,,,,,,,,9775892,,,31686246,,,13755,42069145,,,,,,,,,,,,,,331271,13104838,20238769,0
,,,,6440346,,,5533,皇鼎,,,,,,,,,,,,,,,,,,,,,,,1,上市,113,,,,,,,,,,,,,,,,,,,,,,9313926,,,,9313926,,0,,32.65,1422509,7148873,,,,,,,,,2852450,,,2536823,,,21130,11850749,,,,,,,,,,,,,,,1114314,4701876,0
,,,,15772807,,,5534,長虹,,,-500,,,,,,,,,,,,,,,,,,,,1,上市,113,,,,,,0,,,,,,,,,,,,,,,,20216607,,,,20049464,,0,,69.06,25168287,45005562,,,,,,,,,2903260,,,25249700,,,1373897,45466307,,,,,,,,,,,,,,167143,81413,460745,0
,,,,3055110,,,5538,東明-KY,,,-143461,,,,,,,,,,,,,,,,,,,,1,上市,113,,,,,,,,,,,,,,,,,,,,,,6776560,,,,6750975,,0,,33.55,3759948,9433958,,,,,,,,,2012033,,,6179604,,,1827293,12956164,,,,,,,,,,,,,,25585,2419656,3522206,0
,,,,423343,,,5546,永固-KY,,,-50117,,,,,,,,,,,,,,,,,,,,1,上市,113,,,,,,0,,,,,,,,,,,,,,,,2417177,,,,2336946,,0,,28.38,3306426,3671617,,,,,,,,,823534,,,3948137,,,1140186,6365314,,,,,,,,,,,,,,80231,641711,2693697,0
,,,,2253737,,,5607,遠雄港,,,221698,,,,,,,,,,,,,,,,,,,,1,上市,113,,,,,,0,,,,,,,,,,,,,,,,10148057,,,,10148057,,0,,30.17,3086423,1631080,,,,,,,,,3363770,,,15813113,,,4308852,25961170,,,,,,,,,,,,,,,12726690,24330090,0
,,,,2172008,,,5608,四維航,,,474353,,,,,,,,,,,,,,,,,,,,1,上市,113,,,,,,0,,,,,,,,,,,,,,,,9990028,,,,9806861,,0,,25.19,4087457,3146665,,,,,,,,,3892716,,,11320589,,,3267784,21310617,,,,,,,,,,,,,,183167,7233132,18163952,0
,,,,595905,,,5706,鳳凰,0,,24702,,,,,,,,,,,,,,,,,,,,1,上市,113,-18283,,,,,0,,,,,,,,,,,,,,,0,1566652,,,,1523075,,621000,,20.82,1645262,2256133,,,,,,,,,737670,,,1779266,,,183081,3345918,,,,,,,,,,,,,,43577,134004,1089785,0
,,,,103812595,,,5871,中租-KY,,,-1661824,,,,,,,,,,,,,,,,,,,,1,上市,113,,,,,,,,,,,,,,,,,,,,,,171398889,,,,161659971,,0,,91.61,547178191,655759021,,,,,,,,,17645724,,,790730416,,,41863476,962129305,,,,,,,,,,,,,,9738918,243552225,306370284,0
,23669062,,2005215,111357622,,,5876,上海商銀,,,5298310,3906889,,10981279,6993819,0,,,,,,,,,,,34084151,,398513001,1994641671,1,上市,113,-83144,,,,,0,,,,36128384,66557917,,20471467,,7560861,,232681905,2382979,,,,,257145893,,,192737264,,11397439,,39.74,,,,2256892,,51640310,1888105,98340,,2011652,48616031,,2990838,,2168558980,1236580061,27548445,,2425704873,420460059,6012922,7335774,11071350,3766581,,,,,2271282,,5301087,64408629,,,0
,32419010,,1704903,62477109,,,5880,合庫金,,13442782,-8381837,1107585,,4361391,89607472,98892435,,,255338,,,,,,,319235733,,376333305,,3945573370,1,上市,113,,,,,,,77240000,,36794830,61526590,,,56490006,,,11252727,714281885,150359,,,,,252848462,,246839374,,,0,,16.78,,,,4514620,,79013075,3300378,2655775,,1683979,147093822,,35052117,,4666048319,2843990720,45650280,,4918896781,539570195,4472665,149427008,5497682,2891239,,,,,71513136,692790,,6009088,,,0
,,,,250232,,,5906,台南-KY,,,103886,,,,,,,,,,,,,,,,,,,,1,上市,113,,,,,,,,,,,,,,,,,,,,,,774894,,,,687838,,0,,20.61,814427,946394,,,,,,,,,333720,,,1115821,,,,1890715,,,,,,,,,,,,,,87056,301394,944321,0
,,,,-1041684,,,5907,大洋-KY,,,-853929,,,,,,,,,,,,,,,,,,,,1,上市,113,,,,,,0,,,,,,,,,,,,,,,,5135182,,,,5135182,,0,,26.26,6128426,1945750,,,,,,,,,1955310,,,19360653,,,5075485,24495835,,,,,,,,,,,,,,,13232227,22550085,0
,,,,,14560855,,6005,群益證,,,2611358,,,,,,,,,,,,,,,,,,,,1,上市,113,,,,,,,,,,,,,,,,,,,,,,44880812,,,,,41624550,,0,19.17,247027371,269472593,,,,,,,,,21709081,,,248755646,,,2743256,293636458,,,,,,,,,,,,,,3256262,1728275,24163865,0
,,,,,3685410,,6024,群益期,,,37925,,,,,,,,,,,,,,,,,,,,1,上市,113,,,,,,0,,,,,,,,,,,,,,,,7494648,,,,,7490962,,0,35.60,48516936,55208505,,,,,,,,,2104376,,,48602821,,,1663251,56097469,,,,,,,,,,,,,,3686,85885,888964,0
,,,,1606644,,,6108,競國,,,19863,,,,,,,,,,,,,,,,,,,,1,上市,113,0,,,,,0,,,,,,,,,,,,,,,,3644429,,,,3644429,,0,,22.79,4436531,6546173,,,,,,,,,1598993,,,4949356,,,418929,8593785,,,,,,,,,,,,,,,512825,2047612,0
,,,,991993,,,6112,邁達特,0,,92626,,,,,,,,,,,,,,,,,,,,1,上市,113,,,,,,,,,,,,,,,,,,,,,,5254666,,,,4188095,,0,,22.23,6689094,8949210,,,,,,,,,1883573,,,7631750,,,1219903,12886416,,,,,,,,,,,,,,1066571,942656,3937206,0
,,,,2695508,,,6115,鎰勝,,,-198421,,,,,,,,,,,,,,,,,,,,1,上市,113,0,,,,,0,,,,,,,,,,,,,,,,5374745,,,,5304509,,0,,28.27,2474201,6372031,,,,,,,,,1876622,,,3420752,,,930800,8795497,,,,,,,,,,,,,,70236,946551,2423466,0
,,,,8430625,,,6116,彩晶,,,2472240,,,,,,,,,,,,,,,,,,,,1,上市,113,-934767,,,,,0,,,,,,,,,,,,,,,,40525639,,,,40230787,,81674000,,14.07,7136028,12015025,,,,,,,,,29403289,,,12177866,,,859400,52703505,,,,,,,,,,,,,,294852,5041838,40688480,0
,,,,14356,,,6117,迎廣,,,-55571,,,,,,,,,,,,,,,,,,,,1,上市,113,,,,,,0,,,,,,,,,,,,,,,,1334695,,,,1330354,,0,,15.01,1485412,1814636,,,,,,,,,886500,,,2396398,,,485069,3731093,,,,,,,,,,,,,,4341,910986,1916457,0
,,,,860571,,,6120,達運,,,-1097030,,,,,,,,,,,,,,,,,,,,1,上市,113,,,,,,,,,,,,,,,,,,,,,,9256534,,,,9256534,,0,,13.91,6435543,11965358,,,,,,,,,6655551,,,9060350,,,2837442,18316884,,,,,,,,,,,,,,,2624807,6351526,0
,,,,1375580,,,6128,上福,,,214892,,,,,,,,,,,,,,,,,,,,1,上市,113,,,,,,0,,,,,,,,,,,,,,,,4080158,,,,4080158,,0,,31.98,3285977,3653555,,,,,,,,,1275887,,,4387229,,,1213799,8467387,,,,,,,,,,,,,,,1101252,4813832,0
,,,,197923,,,6133,金橋,,,-409206,,,,,,,,,,,,,,,,,,,,1,上市,113,,,,,,,,,,,,,,,,,,,,,,1127933,,,,1127933,,0,,9.64,779522,953946,,,,,,,,,1170064,,,832974,,,169152,1960907,,,,,,,,,,,,,,,53452,1006961,0
,,,,370400,,,6136,富爾特,0,,2624222,,,,,,,,,,,,,,,,,,,,1,上市,113,0,,,,,0,,,,,,,,,,,,,,,,4180573,,,,4157596,,0,,35.99,213745,629154,,,,,,,,,1155364,,,259280,,,7610,4439853,,,,,,,,,,,,,,22977,45535,3810699,0
,,,,6749578,,,6139,亞翔,,,264141,,,,,,,,,,,,,,,,,,,,1,上市,113,,,,,,,,,,,,,,,,,,,,,,17950214,,,,12999536,,0,,55.90,35302982,49572837,,,,,,,,,2325409,,,36845373,,,3660408,54795587,,,,,,,,,,,,,,4950678,1542391,5222750,0
,,,,339745,,,6141,柏承,,,-139349,,,,,,,,,,,,,,,,,,,,1,上市,113,,,,,,0,,,,,,,,,,,,,,,,1565501,,,,1546092,,0,,13.64,4248620,2252044,,,,,,,,,1133540,,,5569383,,,212156,7134884,,,,,,,,,,,,,,19409,1320763,4882840,0
,,,,-93047,,,6142,友勁,,,-132956,,,,,,,,,,,,,,,,,,,,1,上市,113,,,,,,,,,,,,,,,,,,,,,,3081789,,,,3081789,,0,,9.32,482545,2414090,,,,,,,,,3307792,,,1041668,,,0,4123457,,,,,,,,,,,,,,,559123,1709367,0
,,,,-450272,,,6152,百一,,,-65015,,,,,,,,,,,,,,,,,,,,1,上市,113,,,,,,,,,,,,,,,,,,,,,,1471134,,,,1453997,,0,,8.67,1209192,2123277,,,,,,,,,1677385,,,1351808,,,291899,2822942,,,,,,,,,,,,,,17137,142616,699665,0
,,,,273868,,,6153,嘉聯益,,,127015,,,,,,,,,,,,,,,,,,,,1,上市,113,-46667,,,,,,,,,,,,,,,,,,,,,12600448,,,,12600448,,2000000,,21.21,3483005,5374648,,,,,,,,,5961777,,,7160061,,,6284455,19760509,,,,,,,,,,,,,,,3677056,14385861,0
,,,,447632,,,6155,鈞寶,,,15973,,,,,,,,,,,,,,,,,,,,1,上市,113,0,,,,,0,,,,,,,,,,,,,,,,1548417,,,,1548417,,0,,17.67,625459,1381491,,,,,,,,,876390,,,643376,,,208422,2191793,,,,,,,,,,,,,,0,17917,810302,0
,,,,207457,,,6164,華興,,,-96948,,,,,,,,,,,,,,,,,,,,1,上市,113,,,,,,,,,,,,,,,,,,,,,,1127080,,,,1116027,,0,,11.16,465989,1037818,,,,,,,,,1000002,,,600631,,,5516,1727711,,,,,,,,,,,,,,11053,134642,689893,0
,,,,128445,,,6165,浪凡,,,2436,,,,,,,,,,,,,,,,,,,,1,上市,113,,,,,,0,,,,,,,,,,,,,,,,1364241,,,,1364255,,0,,17.55,546107,822268,,,,,,,,,777526,,,599282,,,455848,1963523,,,,,,,,,,,,,,-14,53175,1141255,0
,,,,1782095,,,6166,凌華,,,-66820,,,,,,,,,,,,,,,,,,,,1,上市,113,,,,,,,,,,,,,,,,,,,,,,5244540,,,,5191471,,0,,23.87,4425065,7088071,,,,,,,,,2174973,,,7357157,,,1301223,12601697,,,,,,,,,,,,,,53069,2932092,5513626,0
,,,,244511,,,6168,宏齊,,,265942,,,,,,,,,,,,,,,,,,,,1,上市,113,-5521,,,,,,,,,,,,,,,,,,,,,3236610,,,,3056053,,308000,,14.85,632952,2384088,,,,,,,,,2060698,,,788117,,,490423,4024727,,,,,,,,,,,,,,180557,155165,1640639,0
,,,,29556087,,,6176,瑞儀,,,-2060527,,,,,,,,,,,,,,,,,,,,1,上市,113,,,,,,0,,,,,,,,,,,,,,,,36871858,,,,36871858,,0,,79.29,19871220,55403045,,,,,,,,,4650273,,,23488923,,,4726025,60360781,,,,,,,,,,,,,,,3617703,4957736,0
,,,,4006907,,,6177,達麗,0,,102727,,,,,,,,,,,,,,,,,,,,1,上市,113,0,,,,,,,,,,,,,,,,,,,,,9349230,,,,9064648,,0,,22.23,22215511,30980509,,,,,,,,,4077402,,,26852955,,,877612,36202185,,,,,,,,,,,,,,284582,4637444,5221676,0
,,,,1286781,,,6183,關貿,,,-69137,,,,,,,,,,,,,,,,,,,,1,上市,113,,,,,,,,,,,,,,,,,,,,,,2717655,,,,2717655,,0,,18.12,1238433,2663584,,,,,,,,,1500000,,,1436116,,,11,4153771,,,,,,,,,,,,,,,197683,1490187,0
,,,,754703,,,6184,大豐電,,,,,,,,,,,,,,,,,,,,,,,1,上市,113,-436270,,,,,0,,,,,,,,,,,,,,,,4227900,,,,4227900,,9919214,,28.51,2602772,3235412,,,,,,,,,1582306,,,4103277,,,2327161,8331177,,,,,,,,,,,,,,,1500505,5095765,0
,,,,2386122,,,6189,豐藝,,,-21553,,,,,,,,,,,,,,,,,,,,1,上市,113,,,,,,,,,,,,,,,,,,,,,,6484429,,,,6045302,,0,,28.05,10829964,16351068,,,,,,,,,2155399,,,11658887,,,1525334,18143316,,,,,,,,,,,,,,439127,828923,1792248,0
,,,,11072228,,,6191,精成科,,,2303743,,,,,,,,,,,,,,,,,,,,1,上市,113,0,,,,,,,,,,,,,,,,,,,,,22159955,,,,21962448,,0,,46.30,12165224,23527234,,,,,,,,,4743030,,,16468434,,,3843447,38628389,,,,,,,,,,,,,,197507,4303210,15101155,0
,,,,5321173,,,6192,巨路,,,-112986,,,,,,,,,,,,,,,,,,,,1,上市,113,0,,,,,,,,,,,,,,,,,,,,,6281473,,,,6280761,,0,,65.32,4675510,9701852,,,,,,,,,961558,,,5042548,,,111016,11324021,,,,,,,,,,,,,,712,367038,1622169,0
,,,,7345947,,,6196,帆宣,,,-145302,,,,,,,,,,,,,,,,,,,,1,上市,113,,,,,,0,,,,,,,,,,,,,,,,11870400,,,,11713281,,0,,58.18,27959459,37421327,,,,,,,,,2013154,,,33255469,,,2499482,45125869,,,,,,,,,,,,,,157119,5296010,7704542,0
,,,,1934352,,,6197,佳必琪,,,-155494,,,,,,,,,,,,,,,,,,,,1,上市,113,,,,,,0,,,,,,,,,,,,,,,,3348056,,,,3199033,,0,,26.20,2163857,4080836,,,,,,,,,1220859,,,2445182,,,199316,5793238,,,,,,,,,,,,,,149023,281325,1712402,0
,,,,1326881,,,6201,亞弘電,,,-66177,,,,,,,,,,,,,,,,,,,,1,上市,113,,,,,,0,,,,,,,,,,,,,,,,2486029,,,,2486029,,0,,27.87,1107370,2975399,,,,,,,,,892000,,,1213852,,,333325,3699881,,,,,,,,,,,,,,0,106482,724482,0
,,,,1234602,,,6202,盛群,,,152792,,,,,,,,,,,,,,,,,,,,1,上市,113,,,,,,0,,,,,,,,,,,,,,,,3848192,,,,3791385,,0,,16.76,1548021,4255479,,,,,,,,,2261682,,,2036947,,,142309,5885139,,,,,,,,,,,,,,56807,488926,1629660,0
,,,,1092171,,,6205,詮欣,,,89044,,,,,,,,,,,,,,,,,,,,1,上市,113,,,,,,0,,,,,,,,,,,,,,,,2493646,,,,2483312,,0,,30.20,556377,2339977,,,,,,,,,822359,,,1361088,,,479738,3854734,,,,,,,,,,,,,,10334,804711,1514757,0
,,,,2950075,,,6206,飛捷,,,-11325,,,,,,,,,,,,,,,,,,,,1,上市,113,,,,,,0,,,,,,,,,,,,,,,,4947214,,,,4908311,,0,,34.31,1054985,4607212,,,,,,,,,1430623,,,1089909,,,538938,6037123,,,,,,,,,,,,,,38903,34924,1429911,0
,,,,531759,,,6209,今國光,,,-110928,,,,,,,,,,,,,,,,,,,,1,上市,113,,,,,,,,,,,,,,,,,,,,,,3070492,,,,3070492,,0,,17.61,1016850,2352608,,,,,,,,,1743288,,,1086318,,,906373,4156810,,,,,,,,,,,,,,,69468,1804202,0
,,,,6757894,,,6213,聯茂,,,271990,,,,,,,,,,,,,,,,,,,,1,上市,113,,,,,,,,,,,,,,,,,,,,,,19877274,,,,19877274,,0,,54.76,10481779,21492904,,,,,,,,,3629572,,,14302318,,,9217818,34179592,,,,,,,,,,,,,,,3820539,12686688,0
,,,,6630846,,,6214,精誠,,,-237372,,,,,,,,,,,,,,,,,,,,1,上市,113,-928443,,,,,,,,,,,,,,,,,,,,,15677797,,,,15157843,,21409850,,60.42,10875213,21335618,,,,,,,,,2723033,,,14381853,,,6969779,30059650,,,,,,,,,,,,,,519954,3506640,8724032,0
,,,,377209,,,6215,和椿,,,128127,,,,,,,,,,,,,,,,,,,,1,上市,113,,,,,,0,,,,,,,,,,,,,,,,1431497,,,,1426088,,0,,17.23,389642,1242103,,,,,,,,,827897,,,456432,,,92855,1887929,,,,,,,,,,,,,,5409,66790,645826,0
,,,,563299,,,6216,居易,,,,,,,,,,,,,,,,,,,,,,,1,上市,113,,,,,,0,,,,,,,,,,,,,,,,1770000,,,,,,0,,19.06,231517,1782270,,,,,,,,,928481,,,233336,,,278220,2003336,,,,,,,,,,,,,,,1819,221066,0
,,,,1120979,,,6224,聚鼎,,,25620,,,,,,,,,,,,,,,,,,,,1,上市,113,,,,,,0,,,,,,,,,,,,,,,,2738968,,,,2547036,,0,,29.74,1441192,2755035,,,,,,,,,856453,,,1671884,,,543984,4410852,,,,,,,,,,,,,,191932,230692,1655817,0
,,,,-176742,,,6225,天瀚,,,-4700,,,,,,,,,,,,,,,,,,,,1,上市,113,,,,,,,,,,,,,,,,,,,,,,96558,,,,96558,,0,,3.47,9602,106043,,,,,,,,,278000,,,13929,,,0,110487,,,,,,,,,,,,,,,4327,4444,0
,,,,53195,,,6226,光鼎,,,-108223,,,,,,,,,,,,,,,,,,,,1,上市,113,-7936,,,,,0,,,,,,,,,,,,,,,,1243441,,,,1132300,,1085000,,9.80,655420,1269135,,,,,,,,,1166198,,,1126395,,,29066,2369836,,,,,,,,,,,,,,111141,470975,1100701,0
,,,,4599815,,,6230,尼得科超眾,,,-85235,,,,,,,,,,,,,,,,,,,,1,上市,113,,,,,,,,,,,,,,,,,,,,,,5909837,,,,5909837,,0,,68.45,2652541,6865283,,,,,,,,,863434,,,3878220,,,531823,9788057,,,,,,,,,,,,,,,1225679,2922774,0
,,,,1597703,,,6235,華孚,,,67155,,,,,,,,,,,,,,,,,,,,1,上市,113,,,,,,,,,,,,,,,,,,,,,,3998564,,,,3998564,,0,,20.66,4079840,4062966,,,,,,,,,1936208,,,5184993,,,397498,9183557,,,,,,,,,,,,,,,1105153,5120591,337610
,,,,49978697,,,6239,力成,,,-521350,,,,,,,,,,,,,,,,,,,,1,上市,113,-468802,,,,,,,,,,,,,,,,,,,,,71308523,,,,56817207,,11800000,,76.03,17454778,47647429,,,,,,,,,7591466,,,37919417,,,237196,109227940,,,,,,,,,,,,,,14491316,20464639,61580511,0
,,,,124659,,,6243,迅杰,,,-7949,,,,,,,,,,,,,,,,,,,,1,上市,113,,,,,,0,,,,,,,,,,,,,,,,846634,,,,846634,,0,,18.70,275447,1041385,,,,,,,,,452688,,,298075,,,277236,1144709,,,,,,,,,,,,,,,22628,103324,0
,,,,10401841,,,6257,矽格,,,1309524,,,,,,,,,,,,,,,,,,,,1,上市,113,,,,,,0,,,,,,,,,,,,,,,,20071914,,,,17255292,,0,,37.14,9215805,19078931,,,,,,,,,4645788,,,17976716,,,898139,38048630,,,,,,,,,,,,,,2816622,8760911,18969699,0
,,,,20629744,,,6269,台郡,,,-55884,,,,,,,,,,,,,,,,,,,,1,上市,113,,,,,,0,,,,,,,,,,,,,,,,25921499,,,,24255324,,0,,75.21,12158461,20958388,,,,,,,,,3225010,,,15480379,,,456454,41401878,,,,,,,,,,,,,,1666175,3321918,20443490,0
,,,,7119060,,,6271,同欣電,0,,45861,,,,,,,,,,,,,,,,,,,,1,上市,113,0,,,,,0,,,,,,,,,,,,,,,,24371378,,,,24371378,,0,,116.58,3968192,9356393,,,,,,,,,2090581,,,9700217,,,15115876,34071595,,,,,,,,,,,,,,0,5732025,24715202,0
,,,,3273666,,,6277,宏正,,,-195890,,,,,,,,,,,,,,,,,,,,1,上市,113,,,,,,0,,,,,,,,,,,,,,,,4652562,,,,4589450,,0,,38.41,1744657,3628305,,,,,,,,,1194711,,,2268182,,,316963,6920744,,,,,,,,,,,,,,63112,523525,3292439,0
,,,,14018816,,,6278,台表科,,,584306,,,,,,,,,,,,,,,,,,,,1,上市,113,,,,,,0,,,,,,,,,,,,,,,,20056607,,,,20033049,,0,,68.51,24207303,36239187,,,,,,,,,2923984,,,29939697,,,2505943,49996304,,,,,,,,,,,,,,23558,5732394,13757117,0
,,,,1093929,,,6281,全國電,,,,,,,,,,,,,,,,,,,,,,,1,上市,113,,,,,,,,,,,,,,,,,,,,,,2522213,,,,,,0,,25.43,5047093,6132568,,,,,,,,,991729,,,7734369,,,436555,10256582,,,,,,,,,,,,,,,2687276,4124014,0
,,,,4069674,,,6282,康舒,,,-167879,,,,,,,,,,,,,,,,,,,,1,上市,113,,,,,,0,,,,,,,,,,,,,,,,23218579,,,,22856044,,0,,26.53,14602605,24274752,,,,,,,,,8616256,,,26875183,,,10337993,50093762,,,,,,,,,,,,,,362535,12272578,25819010,0
,,,,-305862,,,6283,淳安,,,-33686,,,,,,,,,,,,,,,,,,,,1,上市,113,-55567,,,,,,,,,,,,,,,,,,,,,1819826,,,,1586435,,1400000,,10.83,619455,1690051,,,,,,,,,1479063,,,634427,,,502487,2454253,,,,,,,,,,,,,,233391,14972,764202,0
,,,,13957541,,,6285,啟碁,,,1660100,,,,,,,,,,,,,,,,,,,,1,上市,113,,,,,,,,,,,,,,,,,,,,,,32413444,,,,32413444,,0,,66.80,34309983,55548673,,,,,,,,,4852534,,,37957111,,,11943269,70370555,,,,,,,,,,,,,,,3647128,14821882,309515
,,,,1351450,,,6405,悅城,,,-7925,,,,,,,,,,,,,,,,,,,,1,上市,113,,,,,,0,,,,,,,,,,,,,,,,2455374,,,,2455374,,0,,37.32,53318,1550473,,,,,,,,,658000,,,56690,,,453849,2512064,,,,,,,,,,,,,,,3372,961591,0
,,,,7111079,,,6409,旭隼,,,-294655,,,,,,,,,,,,,,,,,,,,1,上市,113,,,,,,,,,,,,,,,,,,,,,,9466203,,,,9466203,,0,,107.90,5982667,11251213,,,,,,,,,877306,,,6827978,,,1772473,16294181,,,,,,,,,,,,,,,845311,5042968,0
,,,,6226358,,,6412,群電,,,-922473,,,,,,,,,,,,,,,,,,,,1,上市,113,,,,,,0,,,,,,,,,,,,,,,,12260121,,,,12260121,,0,,30.72,16871005,21287624,,,,,,,,,3990401,,,17085264,,,2965835,29345385,,,,,,,,,,,,,,,214259,8057761,0
,,,,5752333,,,6414,樺漢,,,-367712,,,,,,,,,,,,,,,,,,,,1,上市,113,0,,,,,0,,,,,,,,,,,,,,,,52997661,,,,22576529,,0,,164.76,66425613,95824438,,,,,,,,,1370270,,,90881772,,,15821638,143879433,,,,,,,,,,,,,,30421132,24456159,48054995,0
,,,,17922718,,,6415,矽力*-KY,,,252070,,,,,,,,,,,,,,,,,,,,1,上市,113,-239746,,,,,,,,,,,,,,,,,,,,,32320889,,,,31681703,,595000,,82.43,3005835,24184228,,,,,,,,,962408,,,3967348,,,12784253,36288237,,,,,,,,,,,,,,639186,961513,12104009,0
,,,,1136729,,,6416,瑞祺電通,,,-47644,,,,,,,,,,,,,,,,,,,,1,上市,113,,,,,,0,,,,,,,,,,,,,,,,3452199,,,,3267766,,0,,44.55,1421698,3659649,,,,,,,,,733485,,,2226096,,,1445196,5678295,,,,,,,,,,,,,,184433,804398,2018646,0
,,,,33449,,,6426,統新,,,-28965,,,,,,,,,,,,,,,,,,,,1,上市,113,,,,,,,,,,,,,,,,,,,,,,1082015,,,,1082015,,0,,28.10,71282,736657,,,,,,,,,385090,,,97318,,,692441,1179333,,,,,,,,,,,,,,,26036,442676,0
,,,,-308217,,,6431,光麗-KY,,,-32010,,,,,,,,,,,,,,,,,,,,1,上市,113,,,,,,,,,,,,,,,,,,,,,,588087,,,,588087,,0,,8.12,284243,325379,,,,,,,,,723988,,,502305,,,204326,1090392,,,,,,,,,,,,,,,218062,765013,0
,,,,1410955,,,6438,迅得,,,3171,,,,,,,,,,,,,,,,,,,,1,上市,113,,,,,,,,,,,,,,,,,,,,,,4133019,,,,4020992,,0,,53.41,2557301,5580132,,,,,,,,,752817,,,3956265,,,1854049,8089284,,,,,,,,,,,,,,112027,1398964,2509152,0
,,,,1362472,,,6442,光聖,,,-46200,,,,,,,,,,,,,,,,,,,,1,上市,113,0,,,,,,,,,,,,,,,,,,,,,2757327,,,,2757327,,0,,36.47,999581,2363221,,,,,,,,,756000,,,1047363,,,685055,3804690,,,,,,,,,,,,,,,47782,1441469,0
,,,,745305,,,6443,元晶,,,-170627,,,,,,,,,,,,,,,,,,,,1,上市,113,,,,,,,,,,,,,,,,,,,,,,7671267,,,,7668280,,0,,14.95,1904487,4014857,,,,,,,,,5127967,,,4089420,,,1965635,11760687,,,,,,,,,,,,,,2987,2184933,7745830,0
,,,,-300801,,,6446,藥華藥,,,-1734,,,,,,,,,,,,,,,,,,,,1,上市,113,-2805108,,,,,,,,,,,,,,,,,,,,,24413340,,,,24413340,,8905000,,73.56,1832633,22844283,,,,,,,,,3408104,,,2821463,,,24112879,27234803,,,,,,,,,,,,,,,988830,4390520,0
,,,,1512087,,,6449,鈺邦,,,31859,,,,,,,,,,,,,,,,,,,,1,上市,113,-40374,,,,,0,,,,,,,,,,,,,,,,3300392,,,,3161600,,1000000,,35.95,1961836,3630736,,,,,,,,,889535,,,2296352,,,768493,5596744,,,,,,,,,,,,,,138792,334516,1966008,0
,,,,2754605,,,6451,訊芯-KY,,,14803,,,,,,,,,,,,,,,,,,,,1,上市,113,-108347,,,,,,,,,,,,,,,,,,,,,7584709,,,,6642125,,1291000,,62.56,7015208,9676494,,,,,,,,,1074648,,,7420869,,,2906416,15005578,,,,,,,,,,,,,,942584,405661,5329084,0
,,,,19635100,,,6456,GIS-KY,,,-1864840,,,,,,,,,,,,,,,,,,,,1,上市,113,,,,,,0,,,,,,,,,,,,,,,,29549653,,,,29356240,,0,,86.87,20430427,43337094,,,,,,,,,3379398,,,31364606,,,8206582,60914259,,,,,,,,,,,,,,193413,10934179,17577165,0
,,,,3653770,,,6464,台數科,,,-291172,,,,,,,,,,,,,,,,,,,,1,上市,113,-40475,,,,,0,,,,,,,,,,,,,,,,8486044,,,,8064388,,463000,,63.42,2487852,2565886,,,,,,,,,1276131,,,10300071,,,3466134,18786115,,,,,,,,,,,,,,421656,7812219,16220229,0
,,,,4229956,,,6472,保瑞,,,137859,,,,,,,,,,,,,,,,,,,,1,上市,113,-49729,,,,,,,,,,,,,,,,,,,,,11457556,,,,8691297,,281000,,85.82,13082980,15850166,,,,,,,,,1015501,,,19201988,,,3357710,30659544,,,,,,,,,,,,,,2766259,6119008,14809378,137320
,,,,690694,,,6477,安集,,,-14483,,,,,,,,,,,,,,,,,,,,1,上市,113,,,,,,,,,,,,,,,,,,,,,,3369009,,,,3263399,,0,,26.36,1616097,1433959,,,,,,,,,1237825,,,4651890,,,1349363,8020899,,,,,,,,,,,,,,105610,3035793,6586940,0
,,,,4615793,,,6491,晶碩,,,-15794,,,,,,,,,,,,,,,,,,,,1,上市,113,,,,,,,,,,,,,,,,,,,,,,9728276,,,,9649520,,0,,123.71,3619598,5657442,,,,,,,,,780000,,,4230313,,,4269521,13958589,,,,,,,,,,,,,,78756,610715,8301147,0
,,,,2780533,,,6504,南六,,,-297277,,,,,,,,,,,,,,,,,,,,1,上市,113,,,,,,0,,,,,,,,,,,,,,,,3662888,,,,3662723,,0,,50.45,4409971,4404134,,,,,,,,,726000,,,6589752,,,453467,10252640,,,,,,,,,,,,,,165,2179781,5848506,0
,,,,170528094,,,6505,台塑化,,,23463762,,,,,,,,,,,,,,,,,,,,1,上市,113,,,,,,,,,,,,,,,,,,,,,,325986345,,,,320673467,,0,,33.66,62407830,255407989,,,,,,,,,95259597,,,92848279,,,31422014,418834624,,,,,,,,,,,,,,5312878,30440449,163426635,0
,,,,1166488,,,6515,穎崴,,,-153903,,,,,,,,,,,,,,,,,,,,1,上市,113,,,,,,,,,,,,,,,,,,,,,,3348314,,,,3348314,,0,,96.30,1581979,2918720,,,,,,,,,347691,,,2013574,,,1988038,5361888,,,,,,,,,,,,,,,431595,2443168,0
,,,,2198956,,,6525,捷敏-KY,,,-155124,,,,,,,,,,,,,,,,,,,,1,上市,113,,,,,,,,,,,,,,,,,,,,,,3958842,,,,3958842,,0,,30.68,1817097,3213182,,,,,,,,,1290474,,,2352863,,,624536,6311705,,,,,,,,,,,,,,,535766,3098523,0
,,,,3347626,,,6526,達發,,,316597,,,,,,,,,,,,,,,,,,,,1,上市,113,,,,,,,,,,,,,,,,,,,,,,16204328,,,,16204328,,0,,96.87,4306602,14349737,,,,,,,,,1672847,,,4878345,,,10867258,21082673,,,,,,,,,,,,,,,571743,6732936,1262963
,,,,3509296,,,6531,愛普*,,,3729,,,,,,,,,,,,,,,,,,,,1,上市,113,,,,,,,,,,,,,,,,,,,,,,10625847,,,,10625847,,0,,65.51,2084963,10762099,,,,,,,,,811749,,,2182224,,,6301073,12808071,,,,,,,,,,,,,,,97261,2045972,4450
,,,,154723,,,6533,晶心科,,,7659,,,,,,,,,,,,,,,,,,,,1,上市,113,,,,,,,,,,,,,,,,,,,,,,4764947,,,,4764947,,0,,94.07,325555,3250772,,,,,,,,,506509,,,450740,,,4096056,5215687,,,,,,,,,,,,,,,125185,1964915,0
,,,,872623,,,6534,正瀚-創,,,15557,,,,,,,,,,,,,,,,,,,,1,上市,113,,,,,,0,,,,,,,,,,,,,,,,2633824,,,,2633824,,0,,25.62,1089193,1471500,,,,,,,,,1028000,,,1537574,,,717644,4171398,,,,,,,,,,,,,,,448381,2699898,0
,,,,-13173102,,,6541,泰福-KY,,,-181919,,,,,,,,,,,,,,,,,,,,1,上市,113,,,,,,0,,,,,,,,,,,,,,,,405909,,,,405909,,0,,3.03,760392,562851,,,,,,,,,1340269,,,2359364,,,12420661,2765273,,,,,,,,,,,,,,,1598972,2202422,0
,,,,-12540146,,,6550,北極星藥業-KY,,,635146,,,,,,,,,,,,,,,,,,,,1,上市,113,,,,,,0,,,,,,,,,,,,,,,,7392198,,,,7280839,,0,,9.78,345963,4422006,,,,,,,,,7444208,,,1460561,,,11741631,8852759,,,,,,,,,,,,,,111359,1114598,4430753,0
,,,,766663,,,6552,易華電,,,410023,,,,,,,,,,,,,,,,,,,,1,上市,113,,,,,,,,,,,,,,,,,,,,,,2646853,,,,,,0,,31.89,1174927,1236026,,,,,,,,,830000,,,1681498,,,640167,4328351,,,,,,,,,,,,,,,506571,3092325,0
,,,,272350,,,6558,興能高,,,-27070,,,,,,,,,,,,,,,,,,,,1,上市,113,,,,,,0,,,,,,,,,,,,,,,,1501046,,,,1501046,,0,,16.01,375249,1019780,,,,,,,,,937509,,,381197,,,318257,1882243,,,,,,,,,,,,,,,5948,862463,0
,,,,-495416,,,6573,虹揚-KY,,,-87420,,,,,,,,,,,,,,,,,,,,1,上市,113,,,,,,0,,,,,,,,,,,,,,,,662198,,,,650121,,0,,8.08,987373,682339,,,,,,,,,804993,,,1380292,,,427964,2042490,,,,,,,,,,,,,,12077,392919,1360151,0
,,,,2351139,,,6579,研揚,,,132440,,,,,,,,,,,,,,,,,,,,1,上市,113,,,,,,0,,,,,,,,,,,,,,,,12721135,,,,10546755,,0,,65.55,2068053,8215460,,,,,,,,,1608908,,,2670456,,,6454268,15391591,,,,,,,,,,,,,,2174380,602403,7176131,483000
,,,,1651950,,,6581,鋼聯,,,,,,,,,,,,,,,,,,,,,,,1,上市,113,,,,,,,,,,,,,,,,,,,,,,3763875,,,,3763875,,0,,33.83,878650,1228961,,,,,,,,,1112709,,,888625,,,999216,4652500,,,,,,,,,,,,,,,9975,3423539,0
,,,,3673711,,,6582,申豐,,,452868,,,,,,,,,,,,,,,,,,,,1,上市,113,,,,,,,,,,,,,,,,,,,,,,5937554,,,,5937554,,0,,55.92,316267,1114435,,,,,,,,,1061741,,,323740,,,749234,6261294,,,,,,,,,,,,,,,7473,5146859,0
,,,,1809919,,,6585,鼎基,,,-5658,,,,,,,,,,,,,,,,,,,,1,上市,113,,,,,,0,,,,,,,,,,,,,,,,3293499,,,,3293499,,0,,46.87,1062088,2240537,,,,,,,,,702715,,,2165493,,,786523,5458992,,,,,,,,,,,,,,,1103405,3218455,0
,,,,-1019223,,,6589,台康生技,,,48366,,,,,,,,,,,,,,,,,,,,1,上市,113,,,,,,0,,,,,,,,,,,,,,,,9941459,,,,9941459,,0,,32.47,441773,6916339,,,,,,,,,3061611,,,1238132,,,7850705,11179591,,,,,,,,,,,,,,,796359,4263252,0
,,,,545976,,,6591,動力-KY,,,-2467,,,,,,,,,,,,,,,,,,,,1,上市,113,,,,,,,,,,,,,,,,,,,,,,1819350,,,,1810464,,0,,48.17,564063,1487067,,,,,,,,,375839,,,913204,,,891116,2732554,,,,,,,,,,,,,,8886,349141,1245487,0
,,,,11389552,,,6592,和潤企業,,,-80089,,,,,,,,,,,,,,,,,,,,1,上市,113,,,,,,0,,,,,,,,,,,,,,,,39010655,,,,34985805,,0,,52.49,279144753,291597334,,,,,,,,,6665004,,,281665277,,,17011338,320675932,,,,,,,,,,,,,,4024850,2520524,29078598,0
,,,,-256284,,,6598,ABC-KY,,,16813,,,,,,,,,,,,,,,,,,,,1,上市,113,,,,,,0,,,,,,,,,,,,,,,,618123,,,,618123,,0,,7.56,117787,823256,,,,,,,,,817776,,,344084,,,39818,962207,,,,,,,,,,,,,,,226297,138951,0
,,,,13873518,,,6605,帝寶,,,-156572,,,,,,,,,,,,,,,,,,,,1,上市,113,,,,,,,,,,,,,,,,,,,,,,18372214,,,,17875297,,0,,107.80,7227801,13849788,,,,,,,,,1658164,,,14114896,,,2500187,32487110,,,,,,,,,,,,,,496917,6887095,18637322,0
,,,,296511,,,6606,建德工業,,,103691,,,,,,,,,,,,,,,,,,,,1,上市,113,,,,,,0,,,,,,,,,,,,,,,,1676440,,,,1648528,,0,,14.95,462268,1132108,,,,,,,,,1103038,,,628273,,,145288,2304713,,,,,,,,,,,,,,27912,166005,1172605,0
,,,,341071,,,6625,必應,,,-17777,,,,,,,,,,,,,,,,,,,,1,上市,113,,,,,,,,,,,,,,,,,,,,,,917964,,,,916850,,0,,20.59,648785,1125023,,,,,,,,,445204,,,705447,,,148352,1623411,,,,,,,,,,,,,,1114,56662,498388,0
,,,,557422,,,6641,基士德-KY,,,-89713,,,,,,,,,,,,,,,,,,,,1,上市,113,-32858,,,,,,,,,,,,,,,,,,,,,1470545,,,,1463568,,500000,,40.10,804878,1345648,,,,,,,,,370000,,,846700,,,658717,2317245,,,,,,,,,,,,,,6977,41822,971597,0
,,,,-128192,,,6645,金萬林-創,,,262,,,,,,,,,,,,,,,,,,,,1,上市,113,,,,,,,,,,,,,,,,,,,,,,567162,,,,567162,,0,,11.29,212575,372814,,,,,,,,,502210,,,328451,,,192882,895613,,,,,,,,,,,,,,,115876,522799,0
,,,,1195633,,,6655,科定,,,307495,,,,,,,,,,,,,,,,,,,,1,上市,113,-236661,,,,,,,,,,,,,,,,,,,,,2455660,,,,2452309,,3488000,,31.16,1720587,1613116,,,,,,,,,821813,,,4393084,,,364029,6848744,,,,,,,,,,,,,,3351,2672497,5235628,0
,,,,-393459,,,6657,華安,,,,,,,,,,,,,,,,,,,,,,,1,上市,113,,,,,,,,,,,,,,,,,,,,,,771150,,,,,,0,,10.12,27759,697006,,,,,,,,,768086,,,31917,,,396523,803067,,,,,,,,,,,,,,,4158,106061,161000
,,,,299686,,,6658,聯策,,,34205,,,,,,,,,,,,,,,,,,,,1,上市,113,,,,,,,,,,,,,,,,,,,,,,1120194,,,,1022439,,0,,31.11,798518,1426543,,,,,,,,,328700,,,1206178,,,359848,2326372,,,,,,,,,,,,,,97755,407660,899829,0
,,,,374160,,,6666,羅麗芬-KY,,,-31385,,,,,,,,,,,,,,,,,,,,1,上市,113,,,,,,0,,,,,,,,,,,,,,,,1690245,,,,1647230,,0,,34.76,389306,1041134,,,,,,,,,473880,,,459261,,,830575,2149506,,,,,,,,,,,,,,43015,69955,1108372,0
,,,,-301948,,,6668,中揚光,,,-27902,,,,,,,,,,,,,,,,,,,,1,上市,113,,,,,,,,,,,,,,,,,,,,,,1894006,,,,1841791,,0,,20.19,858575,1237558,,,,,,,,,912129,,,1406035,,,1259512,3300041,,,,,,,,,,,,,,52215,547460,2062483,0
,,,,35043019,,,6669,緯穎,,,2899749,,,,,,,,,,,,,,,,,,,,1,上市,113,,,,,,,,,,,,,,,,,,,,,,48530795,,,,48530795,,0,,277.57,52329263,99924651,,,,,,,,,1748408,,,62981253,,,8839619,111512048,,,,,,,,,,,,,,,10651990,11587397,0
,,,,9124194,,,6670,復盛應用,,,-438049,,,,,,,,,,,,,,,,,,,,1,上市,113,,,,,,,,,,,,,,,,,,,,,,13662581,,,,12323298,,0,,92.95,4887376,13465262,,,,,,,,,1331305,,,6738511,,,2305848,20401092,,,,,,,,,,,,,,1339283,1851135,6935830,0
,,,,471710,,,6671,三能-KY,,,-113693,,,,,,,,,,,,,,,,,,,,1,上市,113,,,,,,,,,,,,,,,,,,,,,,1627098,,,,1614332,,0,,26.57,535150,1202805,,,,,,,,,607500,,,621689,,,648815,2248787,,,,,,,,,,,,,,12766,86539,1045982,0
,,,,1625456,,,6672,騰輝電子-KY,,,-50544,,,,,,,,,,,,,,,,,,,,1,上市,113,,,,,,,,,,,,,,,,,,,,,,3174120,,,,3174120,,0,,44.43,1400389,3470041,,,,,,,,,714347,,,1800984,,,884861,4975104,,,,,,,,,,,,,,,400595,1505063,0
,,,,64240,,,6674,鋐寶科技,,,-2301,,,,,,,,,,,,,,,,,,,,1,上市,113,,,,,,0,,,,,,,,,,,,,,,,1110724,,,,1110724,,0,,16.42,380123,1264113,,,,,,,,,676381,,,418592,,,372404,1529316,,,,,,,,,,,,,,,38469,265203,0
,,,,348397,,,6689,伊雲谷,,,73649,,,,,,,,,,,,,,,,,,,,1,上市,113,-9941,,,,,0,,,,,,,,,,,,,,,,3187199,,,,2956411,,200000,,43.60,2951722,5179694,,,,,,,,,680000,,,3069006,,,1864306,6256205,,,,,,,,,,,,,,230788,117284,1076511,0
,,,,1872435,,,6691,洋基工程,,,10097,,,,,,,,,,,,,,,,,,,,1,上市,113,-169116,,,,,,,,,,,,,,,,,,,,,4602275,,,,4602275,,890000,,52.66,6959569,11229005,,,,,,,,,882793,,,7140731,,,2006066,11743006,,,,,,,,,,,,,,0,181162,514001,0
,,,,-268807,,,6695,芯鼎,,,-13952,,,,,,,,,,,,,,,,,,,,1,上市,113,,,,,,,,,,,,,,,,,,,,,,1686920,,,,1686920,,0,,17.64,133801,1668702,,,,,,,,,956273,,,153532,,,1013406,1840452,,,,,,,,,,,,,,,19731,171750,0
,,,,47626,,,6698,旭暉應材,,,-10679,,,,,,,,,,,,,,,,,,,,1,上市,113,-24187,,,,,0,,,,,,,,,,,,,,,,1944354,,,,1199566,,602000,,18.23,938831,1468406,,,,,,,,,663898,,,1045373,,,522908,2989727,,,,,,,,,,,,,,744788,106542,1521321,0
,,,,1588865,,,6706,惠特,,,39635,,,,,,,,,,,,,,,,,,,,1,上市,113,,,,,,,,,,,,,,,,,,,,,,3567526,,,,3567526,,0,,48.49,1379407,3662526,,,,,,,,,735769,,,2458855,,,1203257,6026381,,,,,,,,,,,,,,,1079448,2363855,0
,,,,1124792,,,6715,嘉基,,,-19531,,,,,,,,,,,,,,,,,,,,1,上市,113,,,,,,,,,,,,,,,,,,,,,,3612266,,,,3499150,,0,,53.05,730239,3453989,,,,,,,,,659576,,,1119446,,,1734313,4731712,,,,,,,,,,,,,,113116,389207,1277723,0
,,,,1971271,,,6719,力智,,,-27623,,,,,,,,,,,,,,,,,,,,1,上市,113,,,,,,0,,,,,,,,,,,,,,,,8290670,,,,8290670,,0,,100.14,750734,7375805,,,,,,,,,827873,,,788199,,,5519149,9078869,,,,,,,,,,,,,,,37465,1703064,0
,,,,173440,,,6742,澤米,,,12531,,,,,,,,,,,,,,,,,,,,1,上市,113,,,,,,,,,,,,,,,,,,,,,,1496994,,,,1496994,,0,,21.01,348511,1374438,,,,,,,,,712679,,,469221,,,598344,1966215,,,,,,,,,,,,,,,120710,591777,0
,,,,465314,,,6743,安普新,,,-164992,,,,,,,,,,,,,,,,,,,,1,上市,113,-185294,,,,,,,,,,,,,,,,,,,,,2670687,,,,2659865,,2500000,,18.03,5327504,4318728,,,,,,,,,1500000,,,6021088,,,1044837,8691775,,,,,,,,,,,,,,10822,693584,4373047,0
,,,,1287615,,,6753,龍德造船,,,2067,,,,,,,,,,,,,,,,,,,,1,上市,113,,,,,,,,,,,,,,,,,,,,,,3287827,,,,,,0,,30.51,4181040,5326901,,,,,,,,,1077500,,,5517018,,,920645,8804845,,,,,,,,,,,,,,,1335978,3477944,0
,,,,740887,,,6754,匯僑設計,,,-90474,,,,,,,,,,,,,,,,,,,,1,上市,113,,,,,,,,,,,,,,,,,,,,,,1997500,,,,1997500,,0,,30.27,2330804,3635107,,,,,,,,,660000,,,2593869,,,687087,4591369,,,,,,,,,,,,,,,263065,956262,0
,,,,523463,,,6756,威鋒電子,,,-7031,,,,,,,,,,,,,,,,,,,,1,上市,113,,,,,,,,,,,,,,,,,,,,,,2867048,,,,2791953,,0,,40.14,812375,2181046,,,,,,,,,697031,,,839580,,,1578490,3706628,,,,,,,,,,,,,,75095,27205,1525582,190000
,,,,-387902,,,6757,台灣虎航,,,5129,,,,,,,,,,,,,,,,,,,,1,上市,113,,,,,,0,,,,,,,,,,,,,,,,5097308,,,,,,0,,11.35,6538830,7736264,,,,,,,,,4490000,,,13890197,,,990081,18987505,,,,,,,,,,,,,,,7351367,11251241,0
,,,,3949026,,,6768,志強-KY,,,455530,,,,,,,,,,,,,,,,,,,,1,上市,113,0,,,,,,,,,,,,,,,,,,,,0,14319165,,,,14319208,,0,,73.04,5041735,13988638,,,,,,,,,1960456,,,6692819,,,7954196,21011984,,,,,,,,,,,,,,-43,1651084,7023346,0
,,,,25671362,,,6770,力積電,,,-4158,,,,,,,,,,,,,,,,,,,,1,上市,113,,,,,,,,,,,,,,,,,,,,,,94025850,,,,94025850,,0,,22.71,31439710,52939281,,,,,,,,,41397165,,,88692399,,,26961481,182718249,,,,,,,,,,,,,,,57252689,129778968,0
,,,,201722,,,6771,平和環保-創,,,,,,,,,,,,,,,,,,,,,,,1,上市,113,,,,,,,,,,,,,,,,,,,,,,649871,,,,640238,,0,,21.94,414154,397095,,,,,,,,,291795,,,667003,,,146721,1316874,,,,,,,,,,,,,,9633,252849,919779,0
,,,,833343,,,6776,展碁國際,,,-44766,,,,,,,,,,,,,,,,,,,,1,上市,113,,,,,,0,,,,,,,,,,,,,,,,2483857,,,,2234141,,0,,27.39,4953687,6015476,,,,,,,,,815814,,,5608835,,,629750,8092692,,,,,,,,,,,,,,249716,655148,2077216,0
,,,,6344490,,,6781,AES-KY,,,494960,,,,,,,,,,,,,,,,,,,,1,上市,113,,,,,,,,,,,,,,,,,,,,,,13764136,,,,13763578,,0,,161.13,6979535,17612140,,,,,,,,,854188,,,7421258,,,6069940,21185394,,,,,,,,,,,,,,558,441723,3573254,0
,,,,1117286,,,6782,視陽,,,-188448,,,,,,,,,,,,,,,,,,,,1,上市,113,,,,,,0,,,,,,,,,,,,,,,,3006172,,,,2989845,,0,,47.46,1123965,1939557,,,,,,,,,630000,,,1964424,,,1431007,4970596,,,,,,,,,,,,,,16327,840459,3031039,0
,,,,6336740,,,6789,采鈺,,,,,,,,,,,,,,,,,,,,,,,1,上市,113,,,,,,,,,,,,,,,,,,,,,,16818509,,,,,,0,,53.06,3940497,14221872,,,,,,,,,3169511,,,7800533,,,7312258,24619042,,,,,,,,,,,,,,,3860036,10397170,0
,,,,2134841,,,6790,永豐實,0,,-7446,,,,,,,,,,,,,,,,,,,,1,上市,113,,,,,,,,,,,,,,,,,,,,,,6060547,,,,6012801,,0,,22.51,2219319,5058426,,,,,,,,,2671290,,,3215566,,,1214116,9276113,,,,,,,,,,,,,,47746,996247,4217687,0
,,,,435180,,,6792,詠業,,,70050,,,,,,,,,,,,,,,,,,,,1,上市,113,-85925,,,,,,,,,,,,,,,,,,,,,1588232,,,,1588232,,1000000,,33.88,427828,1421430,,,,,,,,,478753,,,447688,,,690174,2035920,,,,,,,,,,,,,,,19860,614490,0
,,,,-543805,,,6794,向榮生技,,,,,,,,,,,,,,,,,,,,,,,1,上市,113,,,,,,0,,,,,,,,,,,,,,,,565129,,,,,,0,,10.15,19043,484057,,,,,,,,,556845,,,90087,,,552089,655216,,,,,,,,,,,,,,,71044,171159,0
,,,,125819,,,6796,晉弘,,,-8412,,,,,,,,,,,,,,,,,,,,1,上市,113,,,,,,0,,,,,,,,,,,,,,,,782786,,,,782786,,0,,22.63,205692,831066,,,,,,,,,345842,,,603457,,,319537,1386243,,,,,,,,,,,,,,,397765,555177,0
,,,,506997,,,6799,來頡,,,-53959,,,,,,,,,,,,,,,,,,,,1,上市,113,-134835,,,,,,,,,,,,,,,,,,,,,1310707,,,,1310707,,1276000,,31.70,319150,1447532,,,,,,,,,426201,,,325109,,,566303,1635816,,,,,,,,,,,,,,,5959,188284,0
,,,,1344195,,,6805,富世達,,,1410,,,,,,,,,,,,,,,,,,,,1,上市,113,,,,,,,,,,,,,,,,,,,,,,4498442,,,,4498442,,0,,65.62,4604740,9074725,,,,,,,,,685539,,,5185564,,,2467298,9684006,,,,,,,,,,,,,,,580824,609281,0
,,,,449826,,,6807,峰源-KY,,,98539,,,,,,,,,,,,,,,,,,,,1,上市,113,,,,,,0,,,,,,,,,,,,,,,,2089977,,,,2089977,,0,,38.70,1146124,1844167,,,,,,,,,540000,,,1197205,,,1001612,3287182,,,,,,,,,,,,,,,51081,1443015,0
,,,,720506,,,6830,汎銓,,,-5810,,,,,,,,,,,,,,,,,,,,1,上市,113,,,,,,,,,,,,,,,,,,,,,,2568002,,,,2568002,,0,,54.89,738717,1455211,,,,,,,,,467812,,,2089459,,,1385494,4657461,,,,,,,,,,,,,,,1350742,3202250,0
,,,,64428,,,6834,天二科技,,,15519,,,,,,,,,,,,,,,,,,,,1,上市,113,,,,,,,,,,,,,,,,,,,,,,1420333,,,,1420333,,0,,16.05,604617,1014784,,,,,,,,,884711,,,634287,,,455675,2054620,,,,,,,,,,,,,,,29670,1039836,0
,,,,550611,,,6835,圓裕,,,-53841,,,,,,,,,,,,,,,,,,,,1,上市,113,,,,,,,,,,,,,,,,,,,,,,1572358,,,,1568861,,0,,23.71,1267392,2658875,,,,,,,,,661723,,,1453606,,,410368,3025964,,,,,,,,,,,,,,3497,186214,367089,0
,,,,-1971394,,,6838,台新藥,,,-45805,,,,,,,,,,,,,,,,,,,,1,上市,113,,,,,,,,,,,,,,,,,,,,,,1105812,,,,1105240,,0,,8.24,288792,1322294,,,,,,,,,1341421,,,631439,,,1781018,1737251,,,,,,,,,,,,,,572,342647,414957,0
,,,,-5848725,,,6854,錼創科技-KY創,,,224206,,,,,,,,,,,,,,,,,,,,1,上市,113,,,,,,0,,,,,,,,,,,,,,,,1894181,,,,1894181,,0,,17.67,743010,1896122,,,,,,,,,1071786,,,756484,,,6446914,2650665,,,,,,,,,,,,,,,13474,754543,0
,,,,480057,,,6861,睿生光電,,,-22434,,,,,,,,,,,,,,,,,,,,1,上市,113,,,,,,,,,,,,,,,,,,,,,,1309289,,,,1309289,,0,,32.52,700284,1922471,,,,,,,,,402811,,,919704,,,448855,2228993,,,,,,,,,,,,,,,219420,306522,31300
,,,,966327,,,6862,三集瑞-KY,,,16727,,,,,,,,,,,,,,,,,,,,1,上市,113,,,,,,,,,,,,,,,,,,,,,,1643054,,,,1643054,,0,,37.34,932369,1638644,,,,,,,,,440000,,,1103886,,,220000,2746940,,,,,,,,,,,,,,,171517,1108296,0
,,,,791943,,,6863,永道-KY,,,-4259,,,,,,,,,,,,,,,,,,,,1,上市,113,,,,,,,,,,,,,,,,,,,,,,5601818,,,,5600873,,0,,75.36,1314020,4029252,,,,,,,,,743180,,,1397711,,,4070009,6999529,,,,,,,,,,,,,,945,83691,2970277,0
,,,,1662485,,,6869,雲豹能源,,,,,,,,,,,,,,,,,,,,,,,1,上市,113,,,,,,0,,,,,,,,,,,,,,,,4264568,,,,4018887,,0,,34.58,3068701,3548814,,,,,,,,,1176040,,,5517732,,,1180362,9782300,,,,,,,,,,,,,,245681,2449031,6233486,0
,,,,791932,,,6873,泓德能源,,,-702,,,,,,,,,,,,,,,,,,,,1,上市,113,,,,,,0,,,,,,,,,,,,,,,,5657578,,,,5313386,,0,,52.43,4100911,8645595,,,,,,,,,1013475,,,7000156,,,3508681,12657734,,,,,,,,,,,,,,344192,2899245,4012139,1347483
,,,,-1187220,,,6885,全福生技,,,7602,,,,,,,,,,,,,,,,,,,,1,上市,113,,,,,,0,,,,,,,,,,,,,,,,1705889,,,,,,0,,14.74,31466,1673201,,,,,,,,,1157540,,,31466,,,1727967,1737355,,,,,,,,,,,,,,,0,64154,0
,,,,3624355,,,6890,來億-KY,,,360212,,,,,,,,,,,,,,,,,,,,1,上市,113,,,,,,0,,,,,,,,,,,,,,,,19922223,,,,18846320,,0,,85.67,7892629,15291417,,,,,,,,,2200000,,,8469772,,,12661753,28391995,,,,,,,,,,,,,,1075903,577143,13100578,0
,,,,25801,,,6901,鑽石投資,,,,,,,,,,,,,,,,,,,,,,,1,上市,113,,,,,,,,,,,,,,,,,,,,,,12064628,,,,,,0,,14.19,64733,6826918,,,,,,,,,8503500,,,174809,,,3535327,12239437,,,,,,,,,,,,,,,110076,5412519,0
,,,,-78290,,,6902,GOGOLOOK,,,-4260,,,,,,,,,,,,,,,,,,,,1,上市,113,,,,,,0,,,,,,,,,,,,,,,,465584,,,,465584,,0,,14.55,198526,617117,,,,,,,,,319939,,,249410,,,228195,714994,,,,,,,,,,,,,,,50884,97877,0
,,,,152976,,,6906,現觀科,,,3553,,,,,,,,,,,,,,,,,,,,1,上市,113,,,,,,0,,,,,,,,,,,,,,,,953128,,,,953128,,0,,28.42,150255,1094331,,,,,,,,,335374,,,166190,,,461225,1119318,,,,,,,,,,,,,,,15935,24987,0
,,,,818297,,,6914,阜爾運通,,,-827,,,,,,,,,,,,,,,,,,,,1,上市,113,,,,,,,,,,,,,,,,,,,,,,2099765,,,,2099765,,0,,34.86,2563839,1312352,,,,,,,,,602320,,,5529197,,,679975,7628962,,,,,,,,,,,,,,,2965358,6316610,0
,,,,321090,,,6916,華凌,,,-3514,,,,,,,,,,,,,,,,,,,,1,上市,113,,,,,,,,,,,,,,,,,,,,,,1182111,,,,1178870,,0,,17.46,910642,1502838,,,,,,,,,675000,,,1240353,,,186294,2422464,,,,,,,,,,,,,,3241,329711,919626,0
,,,,-445784,,,6919,康霈*,,,696,,,,,,,,,,,,,,,,,,,,1,上市,113,-60,,,,,0,,,,,,,,,,,,,,,,3528276,,,,3528276,,20000,,50.62,114327,3575717,,,,,,,,,697194,,,123999,,,3276230,3652275,,,,,,,,,,,,,,,9672,76558,0
,,,,473457,,,6923,中台,0,,-8528,,,,,,,,,,,,,,,,,,,,1,上市,113,0,,,,,,,,,,,,,,,,,,,,,1868290,,,,1868290,,0,,22.61,766263,755131,,,,,,,,,826244,,,2115096,,,577117,3983386,,,,,,,,,,,,,,0,1348833,3228255,0
,,,,332274,,,6928,攸泰科技,,,2373,,,,,,,,,,,,,,,,,,,,1,上市,113,,,,,,0,,,,,,,,,,,,,,,,1403328,,,,1403328,,0,,18.71,639845,1888219,,,,,,,,,750000,,,721510,,,318681,2124838,,,,,,,,,,,,,,,81665,236619,0
,,,,378508,,,6933,AMAX-KY,,,19221,,,,,,,,,,,,,,,,,,,,1,上市,113,,,,,,0,,,,,,,,,,,,,,,,2131178,,,,2131178,,0,,51.47,1431111,3403988,,,,,,,,,414054,,,1697560,,,1319395,3828738,,,,,,,,,,,,,,,266449,424750,0
,,,,394787,,,6936,永鴻生技,,,,,,,,,,,,,,,,,,,,,,,1,上市,113,,,,,,0,,,,,,,,,,,,,,,,1089180,,,,,,0,,16.43,285166,693358,,,,,,,,,662920,,,294105,,,31473,1383285,,,,,,,,,,,,,,,8939,689927,0
,,,,751951,,,6937,天虹,,,24080,,,,,,,,,,,,,,,,,,,,1,上市,113,,,,,,0,,,,,,,,,,,,,,,,3084809,,,,3084809,,0,,45.72,623834,2777994,,,,,,,,,674773,,,891883,,,1634005,3976692,,,,,,,,,,,,,,,268049,1198698,0
,,,,-903140,,,6949,沛爾生醫*-創,,,,,,,,,,,,,,,,,,,,,,,1,上市,113,-800,,,,,0,,,,,,,,,,,,,,,,1430767,,,,1420352,,40000,,24.88,78669,1366430,,,,,,,,,571176,,,219714,,,1753116,1650481,,,,,,,,,,,,,,10415,141045,284051,0
,,,,176423,,,6951,青新-創,,,,,,,,,,,,,,,,,,,,,,,1,上市,113,,,,,,0,,,,,,,,,,,,,,,,681693,,,,673110,,0,,16.83,367564,517024,,,,,,,,,400000,,,446712,,,96687,1128405,,,,,,,,,,,,,,8583,79148,611381,0
,,,,492439,,,6952,大武山,,,,,,,,,,,,,,,,,,,,,,,1,上市,113,,,,,,0,,,,,,,,,,,,,,,,1386697,,,,1330289,,0,,21.90,339862,636130,,,,,,,,,607500,,,871893,,,230350,2258590,,,,,,,,,,,,,,56408,532031,1622460,0
,,,,38262,,,6955,邦睿生技-創,,,-231,,,,,,,,,,,,,,,,,,,,1,上市,113,,,,,,0,,,,,,,,,,,,,,,,289402,,,,289402,,0,,16.94,32375,287095,,,,,,,,,170860,,,41778,,,80511,331180,,,,,,,,,,,,,,,9403,44085,0
,,,,576419,,,6957,裕慶-KY,,,20955,,,,,,,,,,,,,,,,,,,,1,上市,113,,,,,,,,,,,,,,,,,,,,,,1303216,,,,1303216,,0,,26.56,1679821,2529321,,,,,,,,,490680,,,2274101,,,215162,3577317,,,,,,,,,,,,,,,594280,1047996,0
,,,,1158424,,,6958,日盛台駿,,,76051,,,,,,,,,,,,,,,,,,,,1,上市,113,,,,,,,,,,,,,,,,,,,,,,9477969,,,,9477969,,0,,26.99,62189917,64757321,,,,,,,,,3511931,,,80071560,,,4731563,89549529,,,,,,,,,,,,,,,17881643,24792208,0
,,,,-164190,,,6969,成信實業*-創,,,,,,,,,,,,,,,,,,,,,,,1,上市,113,,,,,,,,,,,,,,,,,,,,,,309681,,,,309681,,0,,8.63,234229,524497,,,,,,,,,473707,,,709854,,,164,1019535,,,,,,,,,,,,,,,475625,495038,0
,,,,18741,,,6988,威力暘-創,,,-578,,,,,,,,,,,,,,,,,,,,1,上市,113,,,,,,0,,,,,,,,,,,,,,,,765669,,,,765669,,0,,16.64,239909,782851,,,,,,,,,460000,,,450400,,,287506,1216069,,,,,,,,,,,,,,,210491,433218,0
,,,,56613,,,6994,富威電力,,,0,,,,,,,,,,,,,,,,,,,,1,上市,113,,,,,,,,,,,,,,,,,,,,,,909680,,,,909680,,0,,15.16,573067,596379,,,,,,,,,600000,,,2354771,,,253067,3264451,,,,,,,,,,,,,,0,1781704,2668072,0
,,,,497336,,,7705,三商餐飲,,,-5754,,,,,,,,,,,,,,,,,,,,1,上市,113,,,,,,0,,,,,,,,,,,,,,,,1236878,,,,1236747,,0,,20.47,1384738,660788,,,,,,,,,604193,,,2094917,,,140972,3331795,,,,,,,,,,,,,,131,710179,2671007,0
,,,,689470,,,7722,LINEPAY,0,,209,,,,,,,,,,,,,,,,,,,,1,上市,113,,,,,,,,,,,,,,,,,,,,,,5613049,,,,5613049,,0,,93.55,6629841,12213451,,,,,,,,,600000,,,7205612,,,4323370,12818661,,,,,,,,,,,,,,,575771,605210,0
,,,,64146,,,8011,台通,,,4430,,,,,,,,,,,,,,,,,,,,1,上市,113,-89138,,,,,,,,,,,,,,,,,,,,,3569124,,,,2934813,,3450000,,17.52,1355380,2211228,,,,,,,,,1709219,,,3919693,,,1246156,7488817,,,,,,,,,,,,,,634311,2564313,5277589,0
,,,,7080440,,,8016,矽創,,,67846,,,,,,,,,,,,,,,,,,,,1,上市,113,-56009,,,,,,,,,,,,,,,,,,,,,13458786,,,,10133215,,606000,,84.77,6784511,15890508,,,,,,,,,1201369,,,7184382,,,1839569,20643168,,,,,,,,,,,,,,3325571,399871,4752660,0
,,,,1960165,,,8021,尖點,,,-233600,,,,,,,,,,,,,,,,,,,,1,上市,113,,,,,,,,,,,,,,,,,,,,,,4948975,,,,4376174,,0,,30.78,1544042,4479779,,,,,,,,,1421805,,,1926269,,,1227804,6875244,,,,,,,,,,,,,,572801,382227,2395465,0
,,,,822918,,,8028,昇陽半導體,,,,,,,,,,,,,,,,,,,,,,,1,上市,113,,,,,,0,,,,,,,,,,,,,,,,3998434,,,,,,0,,23.16,1105987,2693404,,,,,,,,,1726280,,,5001322,,,1449236,8999756,,,,,,,,,,,,,,,3895335,6306352,0
,,,,-583772,,,8033,雷虎,,,21951,,,,,,,,,,,,,,,,,,,,1,上市,113,,,,,,,,,,,,,,,,,,,,,,1375072,,,,1235575,,0,,8.66,547851,1216024,,,,,,,,,1426298,,,814397,,,371098,2189469,,,,,,,,,,,,,,139497,266546,973445,0
,,,,4957817,,,8039,台虹,,,-85015,,,,,,,,,,,,,,,,,,,,1,上市,113,,,,,,,,,,,,,,,,,,,,,,8066270,,,,7991151,,0,,38.21,4863650,8038778,,,,,,,,,2091197,,,5619803,,,1027152,13686073,,,,,,,,,,,,,,75119,756153,5647295,0
,,,,671589,,,8045,達運光電,,,-5766,,,,,,,,,,,,,,,,,,,,1,上市,113,,,,,,0,,,,,,,,,,,,,,,,1605383,,,,1605790,,0,,19.70,770592,2106407,,,,,,,,,815208,,,1077729,,,124759,2683112,,,,,,,,,,,,,,-407,307137,576705,0
,,,,20726890,,,8046,南電,,,-407094,,,,,,,,,,,,,,,,,,,,1,上市,113,,,,,,0,,,,,,,,,,,,,,,,44907066,,,,44907066,,0,,69.50,11128596,23304498,,,,,,,,,6461655,,,23997382,,,18125615,68904448,,,,,,,,,,,,,,,12868786,45599950,0
,,,,4151139,,,8070,長華*,,,6817774,,,,,,,,,,,,,,,,,,,,1,上市,113,-718386,,,,,,,,,,,,,,,,,,,,,20914277,,,,16185586,,20891151,,24.21,9393790,16295413,,,,,,,,,689422,,,17658747,,,5245637,38573024,,,,,,,,,,,,,,4728691,8264957,22277611,0
,,,,1398350,,,8072,陞泰,,,-3653,,,,,,,,,,,,,,,,,,,,1,上市,113,,,,,,,,,,,,,,,,,,,,,,2284351,,,,2212419,,0,,27.66,226862,1570735,,,,,,,,,800000,,,262348,,,17722,2546699,,,,,,,,,,,,,,71932,35486,975964,0
,,,,3967124,,,8081,致新,,,222077,,,,,,,,,,,,,,,,,,,,1,上市,113,-47131,,,,,0,,,,,,,,,,,,,,,,7452964,,,,6408702,,443000,,74.76,3184434,8207347,,,,,,,,,861721,,,3424364,,,1404911,10877328,,,,,,,,,,,,,,1044262,239930,2669981,0
,,,,-702613,,,8101,華冠,,,-13590,,,,,,,,,,,,,,,,,,,,1,上市,113,,,,,,,,,,,,,,,,,,,,,,45490,,,,45047,,0,,0.62,290627,146680,,,,,,,,,728311,,,575362,,,32939,620852,,,,,,,,,,,,,,443,284735,474172,0
,,,,1785722,,,8103,瀚荃,,,-88583,,,,,,,,,,,,,,,,,,,,1,上市,113,,,,,,,,,,,,,,,,,,,,,,3156307,,,,3152273,,0,,39.27,1591446,4024506,,,,,,,,,802814,,,2054037,,,652320,5210344,,,,,,,,,,,,,,4034,462591,1185838,0
,,,,309790,,,8104,錸寶,,,15290,,,,,,,,,,,,,,,,,,,,1,上市,113,-51486,,,,,,,,,,,,,,,,,,,,,2115062,,,,1888033,,1000000,,25.63,1470883,2134848,,,,,,,,,746517,,,2721566,,,867922,4836628,,,,,,,,,,,,,,227029,1250683,2701780,0
,,,,995452,,,8105,凌巨,,,-66745,,,,,,,,,,,,,,,,,,,,1,上市,113,,,,,,,,,,,,,,,,,,,,,,7963138,,,,7963138,,0,,18.03,2632603,5243175,,,,,,,,,4415449,,,3349143,,,2618982,11312281,,,,,,,,,,,,,,,716540,6069106,0
,,,,4258194,,,8110,華東,,,789913,,,,,,,,,,,,,,,,,,,,1,上市,113,-36150,,,,,,,,,,,,,,,,,,,,,10631422,,,,10567746,,2600000,,20.51,3472571,5555879,,,,,,,,,5177399,,,6160315,,,378390,16791737,,,,,,,,,,,,,,63676,2687744,11235858,0
,,,,4190748,,,8112,至上,,,95168,,,,,,,,,,,,,,,,,,,,1,上市,113,-112193,,,,,,,,,,,,,,,,,,,,,17596761,,,,16514644,,3000000,,30.19,43909612,64671683,,,,,,,,,5501103,,,48416803,,,6839818,66013564,,,,,,,,,,,,,,1082117,4507191,1341881,0
,,,,2368826,,,8114,振樺電,,,-53185,,,,,,,,,,,,,,,,,,,,1,上市,113,,,,,,0,,,,,,,,,,,,,,,,6681620,,,,3849822,,0,,50.93,3299369,7497523,,,,,,,,,755958,,,8731476,,,778223,15413096,,,,,,,,,,,,,,2831798,5432107,7915573,0
,,,,5469521,,,8131,福懋科,,,-831452,,,,,,,,,,,,,,,,,,,,1,上市,113,,,,,,,,,,,,,,,,,,,,,,11471821,,,,,,0,,25.94,1297549,9853061,,,,,,,,,4422222,,,1890134,,,2411530,13361955,,,,,,,,,,,,,,,592585,3508894,0
,,,,11901195,,,8150,南茂,,,44647,,,,,,,,,,,,,,,,,,,,1,上市,113,,,,,,,,,,,,,,,,,,,,,,25282880,,,,25282880,,0,,34.77,7033432,24937360,,,,,,,,,7272401,,,20279937,,,6064637,45562817,,,,,,,,,,,,,,,13246505,20625457,0
,,,,414647,,,8162,微矽電子-創,,,,,,,,,,,,,,,,,,,,,,,1,上市,113,,,,,,0,,,,,,,,,,,,,,,,1364089,,,,,,0,,19.86,356099,726015,,,,,,,,,687020,,,917733,,,262422,2281822,,,,,,,,,,,,,,,561634,1555807,0
,,,,3497678,,,8163,達方,,,985599,,,,,,,,,,,,,,,,,,,,1,上市,113,-44571,,,,,0,,,,,,,,,,,,,,,,14818026,,,,11370998,,2050000,,40.91,15054614,19966010,,,,,,,,,2800000,,,18308667,,,4132292,33126693,,,,,,,,,,,,,,3447028,3254053,13160683,0
,,,,-90248,,,8201,無敵,,,-114641,,,,,,,,,,,,,,,,,,,,1,上市,113,,,,,,,,,,,,,,,,,,,,,,500933,,,,500933,,0,,8.03,102830,450944,,,,,,,,,623663,,,144319,,,82159,645252,,,,,,,,,,,,,,,41489,194308,0
,,,,4723805,,,8210,勤誠,,,-87610,,,,,,,,,,,,,,,,,,,,1,上市,113,,,,,,0,,,,,,,,,,,,,,,,6207682,,,,6145486,,0,,50.96,4895670,8282003,,,,,,,,,1205870,,,7529180,,,303421,13736862,,,,,,,,,,,,,,62196,2633510,5454859,0
,,,,10298230,,,8213,志超,,,-639121,,,,,,,,,,,,,,,,,,,,1,上市,113,,,,,,0,,,,,,,,,,,,,,,,15902553,,,,15247228,,0,,56.21,12407597,19674720,,,,,,,,,2712425,,,13628877,,,2875694,29531430,,,,,,,,,,,,,,655325,1221280,9856710,0
,,,,2141359,,,8215,明基材,,,-37095,,,,,,,,,,,,,,,,,,,,1,上市,113,,,,,,0,,,,,,,,,,,,,,,,8472966,,,,5503361,,0,,17.16,6980214,8641410,,,,,,,,,3206745,,,12980719,,,192352,21453685,,,,,,,,,,,,,,2969605,6000505,12812275,0
,,,,121313,,,8222,寶一,,,0,,,,,,,,,,,,,,,,,,,,1,上市,113,,,,,,0,,,,,,,,,,,,,,,,860312,,,,,,0,,12.55,355621,1029142,,,,,,,,,685735,,,729241,,,53264,1589553,,,,,,,,,,,,,,,373620,560411,0
,,,,1787782,,,8249,菱光,,,1558213,,,,,,,,,,,,,,,,,,,,1,上市,113,-179746,,,,,0,,,,,,,,,,,,,,,,5640976,,,,5640976,,6082000,,39.45,2207939,3507237,,,,,,,,,1490550,,,2270594,,,984177,7911570,,,,,,,,,,,,,,,62655,4404333,0
,,,,1315381,,,8261,富鼎,,,-104059,,,,,,,,,,,,,,,,,,,,1,上市,113,,,,,,,,,,,,,,,,,,,,,,5416746,,,,5418404,,0,,45.66,483951,4479248,,,,,,,,,1186812,,,496971,,,3020270,5913717,,,,,,,,,,,,,,-1658,13020,1434469,0
,,,,2362695,,,8271,宇瞻,,,-70251,,,,,,,,,,,,,,,,,,,,1,上市,113,,,,,,0,,,,,,,,,,,,,,,,4891135,,,,4735119,,0,,36.78,1617632,5195150,,,,,,,,,1287292,,,1706912,,,1155383,6598047,,,,,,,,,,,,,,156016,89280,1402897,0
,,,,961343,,,8341,日友,,,-67377,,,,,,,,,,,,,,,,,,,,1,上市,113,,,,,,0,,,,,,,,,,,,,,,,4887461,,,,4622786,,0,,35.56,1942775,1610950,,,,,,,,,1300000,,,5418862,,,2428820,10306323,,,,,,,,,,,,,,264675,3476087,8695373,0
,,,,1596659,,,8367,建新國際,,,-1518,,,,,,,,,,,,,,,,,,,,1,上市,113,,,,,,,,,,,,,,,,,,,,,,4232535,,,,3114978,,0,,35.50,2241641,2054424,,,,,,,,,877339,,,11739438,,,642498,15971973,,,,,,,,,,,,,,1117557,9497797,13917549,0
,,,,538796,,,8374,羅昇,,,-26610,,,,,,,,,,,,,,,,,,,,1,上市,113,,,,,,0,,,,,,,,,,,,,,,,2044266,,,,1947068,,0,,17.35,796510,2031187,,,,,,,,,1122505,,,928460,,,312377,2972726,,,,,,,,,,,,,,97198,131950,941539,0
,,,,1768784,,,8404,百和興業-KY,,,-591397,,,,,,,,,,,,,,,,,,,,1,上市,113,,,,,,,,,,,,,,,,,,,,,,6192766,,,,6192329,,0,,15.48,8956475,7980933,,,,,,,,,3999370,,,13133038,,,1015572,19325804,,,,,,,,,,,,,,437,4176563,11344871,0
,,,,1932092,,,8411,福貞-KY,,,-774975,,,,,,,,,,,,,,,,,,,,1,上市,113,,,,,,0,,,,,,,,,,,,,,,,5982461,,,,5830957,,0,,26.70,3979178,4656688,,,,,,,,,2184043,,,6572451,,,2489797,12554912,,,,,,,,,,,,,,151504,2593273,7898224,0
,,,,3942379,,,8422,可寧衛*,,,-8942,,,,,,,,,,,,,,,,,,,,1,上市,113,,,,,,,,,,,,,,,,,,,,,,7056831,,,,6503529,,0,,59.56,3408953,3708535,,,,,,,,,1091875,,,9801361,,,1478217,16858192,,,,,,,,,,,,,,553302,6392408,13149657,0
,,,,3265306,,,8429,金麗-KY,,,-520033,,,,,,,,,,,,,,,,,,,,1,上市,113,,,,,,,,,,,,,,,,,,,,,,6220727,,,,6220197,,0,,33.49,84579,6036661,,,,,,,,,1857472,,,708580,,,1617452,6929307,,,,,,,,,,,,,,530,624001,892646,0
,,,,461396,,,8438,昶昕,,,-34325,,,,,,,,,,,,,,,,,,,,1,上市,113,0,,,,,,,,,,,,,,,,,,,,,1747317,,,,1747317,,0,,24.98,687179,1168376,,,,,,,,,699430,,,1069077,,,620816,2816394,,,,,,,,,,,,,,,381898,1648018,0
,,,,1151779,,,8442,威宏-KY,,,-82499,,,,,,,,,,,,,,,,,,,,1,上市,113,,,,,,0,,,,,,,,,,,,,,,,3128141,,,,3128141,,0,,46.85,2304561,4691503,,,,,,,,,667633,,,3217981,,,1391228,6346122,,,,,,,,,,,,,,,913420,1654619,0
,,,,-163742,,,8443,阿瘦,,,6856,,,,,,,,,,,,,,,,,,,,1,上市,113,,,,,,0,,,,,,,,,,,,,,,,842534,,,,842403,,0,,12.61,645907,909496,,,,,,,,,668000,,,944712,,,331289,1787246,,,,,,,,,,,,,,131,298805,877750,0
,,,,6755707,,,8454,富邦媒,,,26606,,,,,,,,,,,,,,,,,,,,1,上市,113,,,,,,,,,,,,,,,,,,,,,,11242896,,,,11155645,,0,,46.42,13686720,14122333,,,,,,,,,2403404,,,16876858,,,1969928,28119754,,,,,,,,,,,,,,87251,3190138,13997421,0
,,,,275954,,,8462,柏文,,,-74907,,,,,,,,,,,,,,,,,,,,1,上市,113,-2801,,,,,36000,,,,,,,,,,,,,,,,1841572,,,,1832003,,20000,,23.10,2107960,1364775,,,,,,,,,793421,,,8279438,,,840336,10121010,,,,,,,,,,,,,,9569,6171478,8756235,0
,,,,272489,,,8463,潤泰材,,,-151830,,,,,,,,,,,,,,,,,,,,1,上市,113,,,,,,0,,,,,,,,,,,,,,,,2640299,,,,2297783,,0,,15.32,1911746,2703588,,,,,,,,,1500000,,,4663461,,,677124,7303760,,,,,,,,,,,,,,342516,2751715,4600172,0
,,,,14312234,,,8464,億豐,,,626528,,,,,,,,,,,,,,,,,,,,1,上市,113,,,,,,,,,,,,,,,,,,,,,,22731754,,,,22440971,,0,,76.59,9501764,23044097,,,,,,,,,2930202,,,12213927,,,4572007,34945681,,,,,,,,,,,,,,290783,2712163,11901584,0
,,,,648748,,,8466,美吉吉-KY,,,-26951,,,,,,,,,,,,,,,,,,,,1,上市,113,-21450,,,,,,,,,,,,,,,,,,,,,2520218,,,,2520258,,380000,,38.37,1240311,2683903,,,,,,,,,660590,,,3869986,,,1259321,6390204,,,,,,,,,,,,,,-40,2629675,3706301,0
,,,,1072250,,,8467,波力-KY,,,-213909,,,,,,,,,,,,,,,,,,,,1,上市,113,,,,,,,,,,,,,,,,,,,,,,2146156,,,,2148490,,0,,41.94,1068991,2112299,,,,,,,,,512330,,,1281863,,,777819,3428019,,,,,,,,,,,,,,-2334,212872,1315720,0
,,,,296564,,,8473,山林水,,,-26450,,,,,,,,,,,,,,,,,,,,1,上市,113,,,,,,0,,,,,,,,,,,,,,,,7825584,,,,6112344,,0,,37.58,5022924,5353459,,,,,,,,,1626295,,,7366994,,,4215935,15192578,,,,,,,,,,,,,,1713240,2344070,9839119,0
,,,,688349,,,8476,台境*,,,-13213,,,,,,,,,,,,,,,,,,,,1,上市,113,,,,,,0,,,,,,,,,,,,,,,,1981438,,,,1942435,,0,,23.84,710215,2419531,,,,,,,,,814835,,,965198,,,452464,2946636,,,,,,,,,,,,,,39003,254983,527105,0
,,,,4462360,,,8478,東哥遊艇,,,359905,,,,,,,,,,,,,,,,,,,,1,上市,113,-46442,,,,,,,,,,,,,,,,,,,,,6657591,,,,6657591,,914000,,75.68,3018667,9662219,,,,,,,,,888863,,,6143555,,,992905,12801146,,,,,,,,,,,,,,,3124888,3138927,0
,,,,734329,,,8481,政伸,,,-30123,,,,,,,,,,,,,,,,,,,,1,上市,113,,,,,,,,,,,,,,,,,,,,,,1517120,,,,1517120,,0,,22.78,303329,1267863,,,,,,,,,666019,,,308130,,,146895,1825250,,,,,,,,,,,,,,,4801,557387,0
,,,,1660878,,,8482,商億-KY,,,-153160,,,,,,,,,,,,,,,,,,,,1,上市,113,-423405,,,,,,,,,,,,,,,,,,,,,3568790,,,,3492966,,3000000,,32.51,1217396,2016081,,,,,,,,,1104440,,,1258695,,,1304213,4827485,,,,,,,,,,,,,,75824,41299,2811404,0
,,,,187236,,,8487,愛爾達-創,,,,,,,,,,,,,,,,,,,,,,,1,上市,113,0,,,,,,,,,,,,,,,,,,,,,668262,,,,,,0,,25.18,451582,1084120,,,,,,,,,265350,,,471951,,,215676,1140213,,,,,,,,,,,,,,,20369,56093,0
,,,,314424,,,8488,吉源-KY,,,-356561,,,,,,,,,,,,,,,,,,,,1,上市,113,,,,,,0,,,,,,,,,,,,,,,,2533738,,,,2533738,,0,,34.47,2197452,2471416,,,,,,,,,735000,,,2993765,,,1840875,5527503,,,,,,,,,,,,,,,796313,3056087,0
,,,,2354303,,,8499,鼎炫-KY,,,16662,,,,,,,,,,,,,,,,,,,,1,上市,113,,,,,,,,,,,,,,,,,,,,,,11036369,,,,7907847,,0,,190.62,548871,9513155,,,,,,,,,414856,,,792588,,,5122026,11828957,,,,,,,,,,,,,,3128522,243717,2315802,0
,,,,5840736,,,8926,台汽電,,,6124,,,,,,,,,,,,,,,,,,,,1,上市,113,,,,,,,,,,,,,,,,,,,,,,15908299,,,,15771599,,0,,21.60,5972167,6032458,,,,,,,,,7302820,,,10603667,,,2621919,26511966,,,,,,,,,,,,,,136700,4631500,20479508,0
,,,,-19093,,,8940,新天地,,,,,,,,,,,,,,,,,,,,,,,1,上市,113,,,,,,,,,,,,,,,,,,,,,,887688,,,,783280,,0,,11.61,458606,468048,,,,,,,,,674910,,,1241372,,,127463,2129060,,,,,,,,,,,,,,104408,782766,1661012,0
,,,,769939,,,8996,高力,,,-10020,,,,,,,,,,,,,,,,,,,,1,上市,113,,,,,,,,,,,,,,,,,,,,,,2560716,,,,2560716,,0,,28.52,1009580,2490403,,,,,,,,,898012,,,2048902,,,902785,4609618,,,,,,,,,,,,,,,1039322,2119215,0
,,,,5222025,,,9802,鈺齊-KY,,,-376356,,,,,,,,,,,,,,,,,,,,1,上市,113,-57583,,,,,0,,,,,,,,,,,,,,,,12399852,,,,12399852,,660000,,65.15,5266504,8266102,,,,,,,,,1909899,,,6666737,,,5701867,19066589,,,,,,,,,,,,,,,1400233,10800487,0
,,,,256343,,,9902,台火,,,0,,,,,,,,,,,,,,,,,,,,1,上市,113,-2584,,,,,,,,,,,,,,,,,,,,,1289203,,,,1285249,,35280,,13.11,58547,645678,,,,,,,,,980496,,,93472,,,50994,1382675,,,,,,,,,,,,,,3954,34925,736997,0
,,,,105719555,,,9904,寶成,,,-2997399,,,,,,,,,,,,,,,,,,,,1,上市,113,,,,,,,,,,,,,,,,,,,,,,215310487,,,,136609596,,0,,46.36,83475779,172457314,,,,,,,,,29467872,,,132297064,,,4419568,347607551,,,,,,,,,,,,,,78700891,48821285,175150237,0
,,,,4336551,,,9905,大華,,,370995,,,,,,,,,,,,,,,,,,,,1,上市,113,0,,,,,0,,,,,,,,,,,,,,,,8052809,,,,7781977,,0,,25.51,2460067,8679196,,,,,,,,,3050000,,,2944798,,,24431,10997607,,,,,,,,,,,,,,270832,484731,2318411,0
,,,,583537,,,9906,欣巴巴,,,0,,,,,,,,,,,,,,,,,,,,1,上市,113,,,,,,,,,,,,,,,,,,,,,,1462272,,,,1462272,,0,,17.54,7442762,9397725,,,,,,,,,833742,,,8253588,,,44993,9715860,,,,,,,,,,,,,,,810826,318135,0
,,,,4975109,,,9907,統一實,,,-1448848,,,,,,,,,,,,,,,,,,,,1,上市,113,,,,,,0,,,,,,,,,,,,,,,,20540201,,,,19550300,,0,,12.38,7462657,13636200,,,,,,,,,15791453,,,13326423,,,232586,33866624,,,,,,,,,,,,,,989901,5863766,20230424,0
,,,,5758785,,,9908,大台北,,,2673241,,,,,,,,,,,,,,,,,,,,1,上市,113,-17944,,,,,,,,,,,,,,,,,,,,,15045072,,,,13691629,,15493101,,27.34,2077891,7137492,,,,,,,,,5163580,,,5430082,,,113967,20475154,,,,,,,,,,,,,,1353443,3352191,13337662,0
,,,,15629619,,,9910,豐泰,,,-152896,,,,,,,,,,,,,,,,,,,,1,上市,113,,,,,,,,,,,,,,,,,,,,,,27122370,,,,25404892,,0,,25.73,14328967,22625612,,,,,,,,,9874828,,,24666821,,,53341,51789191,,,,,,,,,,,,,,1717478,10337854,29163579,0
,,,,3138813,,,9911,櫻花,,,137214,,,,,,,,,,,,,,,,,,,,1,上市,113,-21248,,,,,,,,,,,,,,,,,,,,,5648301,,,,5598296,,2312932,,25.59,3743275,5474150,,,,,,,,,2211212,,,4172913,,,132305,9821214,,,,,,,,,,,,,,50005,429638,4347064,0
,,,,10692,,,9912,偉聯,,,-106400,,,,,,,,,,,,,,,,,,,,1,上市,113,-24831,,,,,,,,,,,,,,,,,,,,,471890,,,,459437,,2760000,,8.76,326293,409926,,,,,,,,,552186,,,348501,,,27790,820391,,,,,,,,,,,,,,12453,22208,410465,0
,,,,17954015,,,9914,美利達,,,111425,,,,,,,,,,,,,,,,,,,,1,上市,113,,,,,,,,,,,,,,,,,,,,,,22856980,,,,21775847,,0,,72.83,11329643,16712346,,,,,,,,,2989838,,,16911690,,,720569,39768670,,,,,,,,,,,,,,1081133,5582047,23056324,0
,,,,7933584,,,9917,中保科,,,-60645,,,,,,,,,,,,,,,,,,,,1,上市,113,-232862,,,,,0,,,,,,,,,,,,,,,,13705228,,,,13215092,,7836805,,29.81,6549912,9177866,,,,,,,,,4511971,,,13314530,,,1063044,27019758,,,,,,,,,,,,,,490136,6764618,17841892,0
,,,,1236926,,,9918,欣天然,,,0,,,,,,,,,,,,,,,,,,,,1,上市,113,-46828,,,,,0,,,,,,,,,,,,,,,,3075062,,,,3075062,,2527863,,17.27,1258832,2839512,,,,,,,,,1805375,,,2764173,,,79589,5839235,,,,,,,,,,,,,,0,1505341,2999723,0
,,,,804972,,,9919,康那香,,,48186,,,,,,,,,,,,,,,,,,,,1,上市,113,,,,,,,,,,,,,,,,,,,,,,2833775,,,,2833775,,0,,14.51,1720295,4048383,,,,,,,,,1953628,,,4688962,,,26989,7522737,,,,,,,,,,,,,,,2968667,3474354,0
,,,,27538189,,,9921,巨大,,,-1487653,,,,,,,,,,,,,,,,,,,,1,上市,113,,,,,,,,,,,,,,,,,,,,,,37461855,,,,34698139,,0,,88.50,35730337,64921174,,,,,,,,,3920646,,,47117993,,,4726957,84579848,,,,,,,,,,,,,,2763716,11387656,19658674,0
,,,,4347358,,,9924,福興,,,-122188,,,,,,,,,,,,,,,,,,,,1,上市,113,,,,,,0,,,,,,,,,,,,,,,,6727581,,,,6676805,,0,,35.43,2234583,5773871,,,,,,,,,1884521,,,2832034,,,567114,9559615,,,,,,,,,,,,,,50776,597451,3785744,0
,,,,5922550,,,9925,新保,,,1471102,,,,,,,,,,,,,,,,,,,,1,上市,113,-39521,,,,,,,,,,,,,,,,,,,,,12435310,,,,11385924,,3283811,,29.63,5226753,9021610,,,,,,,,,3874896,,,5952878,,,156897,18388188,,,,,,,,,,,,,,1049386,726125,9366578,0
,,,,1607578,,,9926,新海,,,723170,,,,,,,,,,,,,,,,,,,,1,上市,113,,,,,,,,,,,,,,,,,,,,,,4125789,,,,4125789,,0,,22.98,2152913,3563414,,,,,,,,,1795041,,,4382128,,,,8507917,,,,,,,,,,,,,,,2229215,4944503,0
,,,,3527014,,,9927,泰銘,,,-339711,,,,,,,,,,,,,,,,,,,,1,上市,113,,,,,,,,,,,,,,,,,,,,,,5864070,,,,5835818,,0,,34.88,1331388,6522732,,,,,,,,,1673185,,,1639555,,,975330,7503625,,,,,,,,,,,,,,28252,308167,980893,0
,,,,1164103,,,9928,中視,,,362040,,,,,,,,,,,,,,,,,,,,1,上市,113,,,,,,,,,,,,,,,,,,,,,,2147174,,,,2147145,,0,,35.36,1871269,416054,,,,,,,,,607246,,,3285834,,,13756,5433008,,,,,,,,,,,,,,29,1414565,5016954,0
,,,,-53855,,,9929,秋雨,,,-147258,,,,,,,,,,,,,,,,,,,,1,上市,113,,,,,,0,,,,,,,,,,,,,,,,840589,,,,811687,,0,,8.01,400181,618716,,,,,,,,,1012800,,,1256911,,,,2097500,,,,,,,,,,,,,,28902,856730,1478784,0
,,,,3722993,,,9930,中聯資源,,,-46942,,,,,,,,,,,,,,,,,,,,1,上市,113,,,,,,,,,,,,,,,,,,,,,,6555922,,,,6323479,,0,,25.44,2556743,2577011,,,,,,,,,2485404,,,5360920,,,162024,11916842,,,,,,,,,,,,,,232443,2804177,9339831,0
,,,,1136195,,,9931,欣高,,,404953,,,,,,,,,,,,,,,,,,,,1,上市,113,,,,,,0,,,,,,,,,,,,,,,,2826622,,,,2774954,,0,,23.05,2429419,2179136,,,,,,,,,1203693,,,3455837,,,30113,6282459,,,,,,,,,,,,,,51668,1026418,4103323,0
,,,,5086951,,,9933,中鼎,,,-1645176,,,,,,,,,,,,,,,,,,,,1,上市,113,-11835,,,,,75665,,,,,,,,,,,,,,,,21579540,,,,17133825,,1257634,,21.21,77023945,85261004,,,,,,,,,8091727,,,93783281,,,5612158,115362821,,,,,,,,,,,,,,4445715,16759336,30101817,0
,,,,1593961,,,9934,成霖,,,-357399,,,,,,,,,,,,,,,,,,,,1,上市,113,,,,,,,,,,,,,,,,,,,,,,6322051,,,,6322051,,0,,15.44,6390884,10139485,,,,,,,,,4094916,,,9645812,,,990573,15967863,,,,,,,,,,,,,,,3254928,5828378,120000
,,,,605850,,,9935,慶豐富,,,-24581,,,,,,,,,,,,,,,,,,,,1,上市,113,-9950,,,,,,,,,,,,,,,,,,,,,2322738,,,,2322738,,500000,,13.40,1854334,3702710,,,,,,,,,1738389,,,4725547,,,13030,7048285,,,,,,,,,,,,,,,2871213,3345575,0
,,,,2633044,,,9937,全國,,,-8025,,,,,,,,,,,,,,,,,,,,1,上市,113,,,,,,,,,,,,,,,,,,,,,,5739531,,,,5739531,,0,,18.57,4544116,1020676,,,,,,,,,3090430,,,6639839,,,24082,12379370,,,,,,,,,,,,,,0,2095723,11358694,0
,,,,8140024,,,9938,百和,,,44741,,,,,,,,,,,,,,,,,,,,1,上市,113,,,,,,,,,,,,,,,,,,,,,,14995824,,,,11888025,,0,,39.90,12571117,13278428,,,,,,,,,2979639,,,18261612,,,723621,33257436,,,,,,,,,,,,,,3107799,5690495,19979008,0
,,,,9323895,,,9939,宏全,,,-2019167,,,,,,,,,,,,,,,,,,,,1,上市,113,,,,,,,,,,,,,,,,,,,,,,16315571,,,,15537044,,0,,53.99,14012567,16032533,,,,,,,,,2877859,,,23700299,,,5354457,40015870,,,,,,,,,,,,,,778527,9687732,23983337,0
,,,,6681125,,,9940,信義,,,-889099,,,,,,,,,,,,,,,,,,,,1,上市,113,,,,,,,,,,,,,,,,,,,,,,13352297,,,,13224281,,0,,17.95,5560143,20036209,,,,,,,,,7368465,,,18351861,,,63790,31704158,,,,,,,,,,,,,,128016,12791718,11667949,0
,,,,17395698,,,9941,裕融,,,-350522,,,,,,,,,,,,,,,,,,,,1,上市,113,,,,,,,,,,,,,,,,,,,,,,41246784,,,,38064457,,0,,58.72,251507827,258750780,,,,,,,,,6482250,,,258139283,,,14537031,299386067,,,,,,,,,,,,,,3182327,6631456,40635287,0
,,,,3300996,,,9942,茂順,,,-165160,,,,,,,,,,,,,,,,,,,,1,上市,113,,,,,,0,,,,,,,,,,,,,,,,4186533,,,,4182192,,0,,50.29,750348,3322836,,,,,,,,,831613,,,1231135,,,214743,5417668,,,,,,,,,,,,,,4341,480787,2094832,0
,,,,2447526,,,9943,好樂迪,,,-62338,,,,,,,,,,,,,,,,,,,,1,上市,113,-2868,,,,,0,,,,,,,,,,,,,,,,3652356,,,,3634804,,48450,,29.04,1458172,1999134,,,,,,,,,1252200,,,2312699,,,284,5965055,,,,,,,,,,,,,,17552,854527,3965921,0
,,,,2265661,,,9944,新麗,0,,108157,,,,,,,,,,,,,,,,,,,,1,上市,113,-74888,,,,,0,,,,,,,,,,,,,,,0,3690828,,,,3620775,,3199000,,34.19,1692590,3597089,,,,,,,,,1091071,,,2698992,,,230774,6389820,,,,,,,,,,,,,,70053,1006402,2792731,0
,,,,81132618,,,9945,潤泰新,,,-24117083,,,,,,,,,,,,,,,,,,,,1,上市,113,-81449,,,,,0,,,,,,,,,,,,,,,,111873227,,,,103106564,,9713457,,36.38,33349719,41348188,,,,,,,,,28442251,,,76410714,,,17730227,188283941,,,,,,,,,,,,,,8766663,43060995,146935753,0
,,,,2938832,,,9946,三發地產,,,246240,,,,,,,,,,,,,,,,,,,,1,上市,113,,,,,,0,,,,,,,,,,,,,,,,6636569,,,,6636569,,0,,20.32,5827587,13815810,,,,,,,,,3265542,,,8433394,,,185955,15069963,,,,,,,,,,,,,,,2605807,1254153,0
,,,,-692669,,,9955,佳龍,,,-14623,,,,,,,,,,,,,,,,,,,,1,上市,113,,,,,,,,,,,,,,,,,,,,,,1283195,,,,1283195,,0,,12.43,816842,587645,,,,,,,,,1032082,,,1573123,,,958405,2856318,,,,,,,,,,,,,,,756281,2268673,0
,,,,2666018,,,9958,世紀鋼,,,216703,,,,,,,,,,,,,,,,,,,,1,上市,113,,,,,,,,,,,,,,,,,,,,,,16682708,,,,11750704,,0,,49.30,7811700,13514654,,,,,,,,,2563865,,,18797710,,,6304118,35480418,,,,,,,,,,,,,,4932004,10986010,21965764,0
