不動產及設備,不動產及設備－淨額,使用權資產,使用權資產－淨額,保留盈餘,保留盈餘（或累積虧損）,保險負債,公司代號,公司名稱,共同控制下前手權益,其他借款,其他權益,其他負債,其他資產,其他資產－淨額,其他金融負債,其他金融資產－淨額,具金融商品性質之保險契約準備,再保險合約資產,再保險合約資產－淨額,分離帳戶保險商品負債,分離帳戶保險商品資產,受限制資產－淨額,合併前非屬共同控制股權,外匯價格變動準備,央行及同業融資,央行及金融同業存款,央行及銀行同業存款,存放央行及拆借金融同業,存放央行及拆借銀行同業,存款及匯款,季別,市場,年度,庫藏股票,待出售資產,待出售資產－淨額,待分配予業主之資產（或處分群組）,待分配予業主之資產－淨額,待註銷股本股數（單位：股）,應付債券,應付公司債,應付商業本票－淨額,應付款項,應付金融債券,應收款項,應收款項－淨額,投資,投資性不動產投資－淨額,投資性不動產－淨額,按攤銷後成本衡量之債務工具投資,採用權益法之投資－淨額,本期所得稅負債,本期所得稅資產,權益─具證券性質之虛擬通貨,權益總計,權益總額,權益－具證券性質之虛擬通貨,歸屬於母公司業主之權益,歸屬於母公司業主之權益合計,歸屬於母公司業主權益合計,母公司暨子公司所持有之母公司庫藏股股數（單位：股）,母公司暨子公司持有之母公司庫藏股股數（單位：股）,每股參考淨值,流動負債,流動資產,無形資產,無形資產－淨額,特別股負債,現金及約當現金,當期所得稅負債,當期所得稅資產,短期債務,租賃負債,股本,與待出售資產直接相關之負債,負債準備,負債總計,負債總額,貼現及放款－淨額,資本公積,資產總計,資產總額,透過其他綜合損益按公允價值衡量之金融資產,透過損益按公允價值衡量之金融負債,透過損益按公允價值衡量之金融資產,遞延所得稅負債,遞延所得稅資產,避險之衍生金融負債,避險之衍生金融負債－淨額,避險之衍生金融資產,避險之衍生金融資產淨額,附買回票券及債券負債,附賣回票券及債券投資,附賣回票券及債券投資淨額,非控制權益,非流動負債,非流動資產,預收股款（權益項下）之約當發行股數（單位：股）
,,,,54358169,,,1101,台泥,,,26382910,,,,,,,,,,,,,,,,,,,,4,上市,114,-1635644,,,,,,,,,,,,,,,,,,,,,292705815,,,,231910589,,58000000,,30.14,85947537,178163742,,,,,,,,,77511817,,,296129659,,,75293337,588835474,,,,,,,,,,,,,,60795226,210182122,410671732,0
,,,,126642400,,,1102,亞泥,,,9928497,,,,,,,,,,,,,,,,,,,,4,上市,114,,,,,,,,,,,,,,,,,,,,,,203421860,,,,180277293,,0,,50.83,59418487,95233368,,,,,,,,,35465629,,,120618599,,,8240767,324040459,,,,,,,,,,,,,,23144567,61200112,228807091,0
,,,,10314342,,,1103,嘉泥,,,-459911,,,,,,,,,,,,,,,,,,,,4,上市,114,-1079060,,,,,,,,,,,,,,,,,,,,,18723052,,,,18135537,,131491726,,27.53,3586317,9277857,,,,,,,,,7902474,,,13894261,,,1457692,32617313,,,,,,,,,,,,,,587515,10307944,23339456,0
,,,,14947950,,,1104,環泥,,,2247160,,,,,,,,,,,,,,,,,,,,4,上市,114,,,,,,,,,,,,,,,,,,,,,,24978228,,,,24181437,,0,,35.21,4715235,7752690,,,,,,,,,6866818,,,6105570,,,119509,31083798,,,,,,,,,,,,,,796791,1390335,23331108,0
,,,,1737848,,,1108,幸福,,,-29545,,,,,,,,,,,,,,,,,,,,4,上市,114,,,,,,,,,,,,,,,,,,,,,,5755767,,,,5755705,,0,,14.22,4056137,5709269,,,,,,,,,4047380,,,4406609,,,22,10162376,,,,,,,,,,,,,,62,350472,4453107,0
,,,,5007238,,,1109,信大,,,-69910,,,,,,,,,,,,,,,,,,,,4,上市,114,,,,,,0,,,,,,,,,,,,,,,,10281946,,,,8364879,,0,,24.52,1009921,5857661,,,,,,,,,3411589,,,1159192,,,15962,11441138,,,,,,,,,,,,,,1917067,149271,5583477,0
,,,,2613006,,,1110,東泥,,,952161,,,,,,,,,,,,,,,,,,,,4,上市,114,-8863,,,,,,,,,,,,,,,,,,,,,9644980,,,,9467253,,1536865,,16.60,2228192,3180784,,,,,,,,,5720008,,,3416509,,,190941,13061489,,,,,,,,,,,,,,177727,1188317,9880705,0
,,,,2733253,,,1201,味全,,,-180809,,,,,,,,,,,,,,,,,,,,4,上市,114,,,,,,0,,,,,,,,,,,,,,,,7670754,,,,7662467,,0,,15.14,6068848,6038693,,,,,,,,,5060629,,,9948683,,,49394,17619437,,,,,,,,,,,,,,8287,3879835,11580744,0
,,,,3764304,,,1203,味王,,,198185,,,,,,,,,,,,,,,,,,,,4,上市,114,-38464,,,,,0,,,,,,,,,,,,,,,,7424477,,,,6380806,,2293865,,26.84,1636386,4767257,,,,,,,,,2400000,,,3061721,,,56781,10486198,,,,,,,,,,,,,,1043671,1425335,5718941,0
,,,,12816296,,,1210,大成,,,1297958,,,,,,,,,,,,,,,,,,,,4,上市,114,-734821,,,,,,,,,,,,,,,,,,,,,35468800,,,,26601894,,58059471,,31.79,36371849,32982839,,,,,,,,,8947673,,,40683581,,,4274788,76152381,,,,,,,,,,,,,,8866906,4311732,43169542,0
,,,,64235,,,1213,大飲,,,-145,,,,,,,,,,,,,,,,,,,,4,上市,114,,,,,,,,,,,,,,,,,,,,,,652254,,,,652254,,0,,11.52,73495,285471,,,,,,,,,566226,,,130125,,,21938,782379,,,,,,,,,,,,,,,56630,496908,0
,,,,8226078,,,1215,卜蜂,,,1229692,,,,,,,,,,,,,,,,,,,,4,上市,114,,,,,,0,,,,,,,,,,,,,,,,12886265,,,,12440743,,0,,42.20,9580121,9197955,,,,,,,,,2947901,,,18978505,,,37072,31864770,,,,,,,,,,,,,,445522,9398384,22666815,0
,,,,79382407,,,1216,統一,,,-3055582,,,,,,,,,,,,,,,,,,,,4,上市,114,,,,,,0,,,,,,,,,,,,,,,,210675151,,,,135782210,,0,,23.90,271227631,237174040,,,,,,,,,56820154,,,526766119,,,2635231,737441270,,,,,,,,,,,,,,74892941,255538488,500267230,0
,,,,1384730,,,1217,愛之味,,,1211660,,,,,,,,,,,,,,,,,,,,4,上市,114,,,,,,,,,,,,,,,,,,,,,,8587540,,,,7807286,,0,,15.79,2825913,2692637,,,,,,,,,4945134,,,7007285,,,265762,15594825,,,,,,,,,,,,,,780254,4181372,12902188,0
,,,,7171841,,,1218,泰山,,,-35258,,,,,,,,,,,,,,,,,,,,4,上市,114,-203876,,,,,,,,,,,,,,,,,,,,,12975143,,,,12966019,,13680042,,26.66,1170610,4914267,,,,,,,,,4999990,,,1546813,,,1033322,14521956,,,,,,,,,,,,,,9124,376203,9607689,0
,,,,1118787,,,1219,福壽,,,-3002,,,,,,,,,,,,,,,,,,,,4,上市,114,0,,,,,,,,,,,,,,,,,,,,,4597050,,,,4589936,,0,,13.45,3164098,4884046,,,,,,,,,3412384,,,5048500,,,61767,9645550,,,,,,,,,,,,,,7114,1884402,4761504,0
,,,,553721,,,1220,台榮,,,-354,,,,,,,,,,,,,,,,,,,,4,上市,114,-10881,,,,,,,,,,,,,,,,,,,,,2562321,,,,2338145,,679000,,13.25,791975,2211176,,,,,,,,,1770779,,,968750,,,24880,3531071,,,,,,,,,,,,,,224176,176775,1319895,0
,,,,1459770,,,1225,福懋油,,,-98335,,,,,,,,,,,,,,,,,,,,4,上市,114,,,,,,,,,,,,,,,,,,,,,,4428480,,,,3908697,,0,,16.13,2852511,4608376,,,,,,,,,2422683,,,3757486,,,124579,8185966,,,,,,,,,,,,,,519783,904975,3577590,0
,,,,9045696,,,1227,佳格,,,199377,,,,,,,,,,,,,,,,,,,,4,上市,114,-21182,,,,,0,,,,,,,,,,,,,,,,18856314,,,,18558047,,6669471,,20.43,8399246,17127067,,,,,,,,,9150897,,,8827548,,,183259,27683862,,,,,,,,,,,,,,298267,428302,10556795,0
,,,,17919323,,,1229,聯華,,,20290782,,,,,,,,,,,,,,,,,,,,4,上市,114,-136868,,,,,0,,,,,,,,,,,,,,,,78537483,,,,57197390,,7238000,,31.98,13468509,15946415,,,,,,,,,17959607,,,17811337,,,1164546,96348820,,,,,,,,,,,,,,21340093,4342828,80402405,0
,,,,4155336,,,1231,聯華食,,,16977,,,,,,,,,,,,,,,,,,,,4,上市,114,,,,,,,,,,,,,,,,,,,,,,7268602,,,,7250697,,0,,24.29,4230574,6163334,,,,,,,,,2984544,,,7703866,,,93840,14972468,,,,,,,,,,,,,,17905,3473292,8809134,0
,,,,4284141,,,1232,大統益,,,-3728,,,,,,,,,,,,,,,,,,,,4,上市,114,,,,,,0,,,,,,,,,,,,,,,,6122477,,,,5903946,,0,,36.91,2657689,7157271,,,,,,,,,1599749,,,3854329,,,23784,9976806,,,,,,,,,,,,,,218531,1196640,2819535,0
,,,,499736,,,1233,天仁,,,-67526,,,,,,,,,,,,,,,,,,,,4,上市,114,-1974,,,,,0,,,,,,,,,,,,,,,,1357493,,,,1354339,,43000,,14.96,591785,710698,,,,,,,,,905919,,,843199,,,18184,2200692,,,,,,,,,,,,,,3154,251414,1489994,0
,,,,14545838,,,1234,黑松,,,97324,,,,,,,,,,,,,,,,,,,,4,上市,114,,,,,,,,,,,,,,,,,,,,,,18848809,,,,18848809,,0,,46.90,2718002,9006138,,,,,,,,,4018711,,,5078450,,,186936,23927259,,,,,,,,,,,,,,,2360448,14921121,0
,,,,1101717,,,1235,興泰,,,409945,,,,,,,,,,,,,,,,,,,,4,上市,114,-867600,,,,,,,,,,,,,,,,,,,,,3161077,,,,2895188,,143117570,,63.69,2345116,1107801,,,,,,,,,1885778,,,2400041,,,365348,5561118,,,,,,,,,,,,,,265889,54925,4453317,0
,,,,1398856,,,1236,宏亞,,,223086,,,,,,,,,,,,,,,,,,,,4,上市,114,,,,,,,,,,,,,,,,,,,,,,2522887,,,,2522887,,0,,29.11,554864,753408,,,,,,,,,866740,,,1012251,,,34205,3535138,,,,,,,,,,,,,,,457387,2781730,0
,,,,2185821,,,1256,鮮活果汁-KY,,,4291,,,,,,,,,,,,,,,,,,,,4,上市,114,,,,,,,,,,,,,,,,,,,,,,3957433,,,,3950400,,0,,110.43,856987,2229303,,,,,,,,,357722,,,942154,,,1402566,4899587,,,,,,,,,,,,,,7033,85167,2670284,0
,,,,197026032,,,1301,台塑,0,,90669647,,,,,,,,,,,,,,,,,,,,4,上市,114,0,,,,,,,,,,,,,,,,,,,,0,363222429,,,,363222429,,0,,57.06,75827629,155423904,,,,,,,,,63657408,,,194279579,,,11869342,557502008,,,,,,,,,,,,,,0,118451950,402078104,0
,,,,230145038,,,1303,南亞,,,19081982,,,,,,,,,,,,,,,,,,,,4,上市,114,,,,,,0,,,,,,,,,,,,,,,,371798965,,,,355665838,,0,,44.85,134700304,177835621,,,,,,,,,79308216,,,238799500,,,27130602,610598465,,,,,,,,,,,,,,16133127,104099196,432762844,0
,,,,6027462,,,1304,台聚,,,-429878,,,,,,,,,,,,,,,,,,,,4,上市,114,-475606,,,,,,,,,,,,,,,,,,,,,35454318,,,,17511084,,116465574,,16.33,12376483,23433699,,,,,,,,,11887635,,,27801547,,,501471,63255865,,,,,,,,,,,,,,17943234,15425064,39822166,0
,,,,1875473,,,1305,華夏,,,18876,,,,,,,,,,,,,,,,,,,,4,上市,114,,,,,,,,,,,,,,,,,,,,,,8238342,,,,7725931,,0,,13.30,4029423,4401466,,,,,,,,,5810505,,,9188787,,,21077,17427129,,,,,,,,,,,,,,512411,5159364,13025663,0
,,,,5875914,,,1307,三芳,,,68849,,,,,,,,,,,,,,,,,,,,4,上市,114,,,,,,,,,,,,,,,,,,,,,,10074023,,,,10074023,,0,,25.32,4541880,9192581,,,,,,,,,3978181,,,7340187,,,151079,17414210,,,,,,,,,,,,,,,2798307,8221629,0
,,,,4521947,,,1308,亞聚,,,-261947,,,,,,,,,,,,,,,,,,,,4,上市,114,,,,,,0,,,,,,,,,,,,,,,,10236406,,,,10236406,,0,,17.24,872781,2653267,,,,,,,,,5937438,,,1470003,,,38968,11706409,,,,,,,,,,,,,,,597222,9053142,0
,,,,1744682,,,1309,台達化,,,29295,,,,,,,,,,,,,,,,,,,,4,上市,114,,,,,,,,,,,,,,,,,,,,,,5753799,,,,5753799,,0,,14.47,2362679,5302070,,,,,,,,,3975868,,,2815134,,,3954,8568933,,,,,,,,,,,,,,,452455,3266863,0
,,,,-28980,,,1310,台苯,,,2020980,,,,,,,,,,,,,,,,,,,,4,上市,114,,,,,,,,,,,,,,,,,,,,,,7527936,,,,7400537,,0,,14.02,2188966,1955075,,,,,,,,,5278698,,,2433824,,,129839,9961760,,,,,,,,,,,,,,127399,244858,8006685,0
,,,,16036295,,,1312,國喬,,,537239,,,,,,,,,,,,,,,,,,,,4,上市,114,-49858,,,,,0,,,,,,,,,,,,,,,,32179957,,,,28865721,,1776000,,25.66,14564736,16954469,,,,,,,,,11266203,,,34341084,,,1075842,66521041,,,,,,,,,,,,,,3314236,19776348,49566572,0
,,,,902271,,,1313,聯成,,,14077335,,,,,,,,,,,,,,,,,,,,4,上市,114,0,,,,,,,,,,,,,,,,,,,,,29430522,,,,29430522,,0,,22.11,6965324,16684685,,,,,,,,,13308461,,,24079393,,,1142455,53509915,,,,,,,,,,,,,,,17114069,36825230,0
,,,,37612091,,,1314,中石化,,,-777602,,,,,,,,,,,,,,,,,,,,4,上市,114,,,,,,0,,,,,,,,,,,,,,,,76321363,,,,76264997,,0,,20.15,27880645,57800566,,,,,,,,,37848502,,,53018888,,,1582006,129340251,,,,,,,,,,,,,,56366,25138243,71539685,0
,,,,7733281,,,1315,達新,,,1229057,,,,,,,,,,,,,,,,,,,,4,上市,114,-83230,,,,,0,,,,,,,,,,,,,,,,10158700,,,,10126439,,3572068,,106.01,442030,6862976,,,,,,,,,990990,,,654282,,,256341,10812982,,,,,,,,,,,,,,32261,212252,3950006,0
,,,,-483221,,,1316,上曜,,,73,,,,,,,,,,,,,,,,,,,,4,上市,114,-56929,,,,,0,,,,,,,,,,,,,,,,13471614,,,,4147432,,36909058,,12.51,10225887,17505237,,,,,,,,,3685312,,,11348182,,,1002197,24819796,,,,,,,,,,,,,,9324182,1122295,7314559,0
,,,,17911844,,,1319,東陽,,,87435,,,,,,,,,,,,,,,,,,,,4,上市,114,,,,,,,,,,,,,,,,,,,,,,28684826,,,,28065768,,0,,47.45,6957545,13192140,,,,,,,,,5914771,,,9907290,,,4151718,38592116,,,,,,,,,,,,,,619058,2949745,25399976,0
,,,,3358872,,,1321,大洋,,,72897,,,,,,,,,,,,,,,,,,,,4,上市,114,-36189,,,,,0,,,,,,,,,,,,,,,,5691881,,,,5691881,,6542716,,25.79,1045267,1974726,,,,,,,,,2272283,,,5690429,,,24018,11382310,,,,,,,,,,,,,,,4645162,9407584,0
,,,,1674188,,,1323,永裕,,,-65748,,,,,,,,,,,,,,,,,,,,4,上市,114,0,,,,,0,,,,,,,,,,,,,,,,2563742,,,,2563742,,0,,28.09,550247,2542306,,,,,,,,,912745,,,2130720,,,42557,4694462,,,,,,,,,,,,,,0,1580473,2152156,0
,,,,157581,,,1324,地球,,,-17116,,,,,,,,,,,,,,,,,,,,4,上市,114,0,,,,,0,,,,,,,,,,,,,,,,892551,,,,892551,,0,,11.88,160578,656465,,,,,,,,,751219,,,189718,,,867,1082269,,,,,,,,,,,,,,0,29140,425804,0
,,,,1715451,,,1325,恆大,,,17353,,,,,,,,,,,,,,,,,,,,4,上市,114,,,,,,0,,,,,,,,,,,,,,,,2665575,,,,2589242,,0,,30.36,43652,1664139,,,,,,,,,852812,,,95244,,,3626,2760819,,,,,,,,,,,,,,76333,51592,1096680,0
,,,,183089007,,,1326,台化,,,95198556,,,,,,,,,,,,,,,,,,,,4,上市,114,-323952,,,,,0,,,,,,,,,,,,,,,,381101877,,,,345866503,,12169610,,59.13,90058494,188580084,,,,,,,,,58611863,,,157840109,,,9291029,538941986,,,,,,,,,,,,,,35235374,67781615,350361902,0
,,,,-704796,,,1337,再生-KY,,,-301155,,,,,,,,,,,,,,,,,,,,4,上市,114,,,,,,,,,,,,,,,,,,,,,,3668100,,,,3668100,,0,,13.64,2209157,1924357,,,,,,,,,2689547,,,2666525,,,1984504,6334625,,,,,,,,,,,,,,,457368,4410268,0
,,,,2728825,,,1338,廣華-KY,,,-439993,,,,,,,,,,,,,,,,,,,,4,上市,114,-92080,,,,,0,,,,,,,,,,,,,,,,6208937,,,,5822242,,3081000,,72.09,3840285,5216339,,,,,,,,,838400,,,7441062,,,2787090,13649999,,,,,,,,,,,,,,386695,3600777,8433660,0
,,,,2218499,,,1339,昭輝,,,-120743,,,,,,,,,,,,,,,,,,,,4,上市,114,,,,,,0,,,,,,,,,,,,,,,,4105664,,,,4032364,,0,,54.40,683649,1464571,,,,,,,,,741239,,,898880,,,1193369,5004544,,,,,,,,,,,,,,73300,215231,3539973,0
,,,,-933124,,,1340,勝悅-KY,0,,-529694,,,,,,,,,,,,,,,,,,,,4,上市,114,,,,,,,,,,,,,,,,,,,,,,2607225,,,,2607225,,0,,17.05,99407,783215,,,,,,,,,1529229,,,333962,,,2540814,2941187,,,,,,,,,,,,,,0,234555,2157972,0
,,,,859769,,,1341,富林-KY,,,-352846,,,,,,,,,,,,,,,,,,,,4,上市,114,,,,,,,,,,,,,,,,,,,,,,1291321,,,,1291321,,0,,24.43,918167,1656347,,,,,,,,,528506,,,948046,,,255892,2239367,,,,,,,,,,,,,,,29879,583020,0
,,,,949654,,,1342,八貫,,,-8998,,,,,,,,,,,,,,,,,,,,4,上市,114,,,,,,,,,,,,,,,,,,,,,,2396408,,,,,,0,,30.72,734050,2237590,,,,,,,,,780009,,,1184686,,,675743,3581094,,,,,,,,,,,,,,,450636,1343504,0
,,,,156441041,,,1402,遠東新,,,6185938,,,,,,,,,,,,,,,,,,,,4,上市,114,-25063,,,,,,,,,,,,,,,,,,,,,315040740,,,,229390115,,779000,,42.86,149777639,156998408,,,,,,,,,53528751,,,355874204,,,13259448,670914944,,,,,,,,,,,,,,85650625,206096565,513916536,0
,,,,16126241,,,1409,新纖,,,7036235,,,,,,,,,,,,,,,,,,,,4,上市,114,-95527,,,,,,,,,,,,,,,,,,,,,,52871862,,,41412909,,13420487,,25.80,147572011,156997110,,,,,,,,,16184093,,,172727228,,,2161867,225599090,,,,,,,,,,,,,,11458953,25155217,68601980,0
,,,,416047,,,1410,南染,,,-3381,,,,,,,,,,,,,,,,,,,,4,上市,114,,,,,,0,,,,,,,,,,,,,,,,1091866,,,,1055761,,0,,17.03,40943,641940,,,,,,,,,620000,,,219529,,,23095,1311395,,,,,,,,,,,,,,36105,178586,669455,0
,,,,-180111,,,1413,宏洲,,,-8703,,,,,,,,,,,,,,,,,,,,4,上市,114,,,,,,,,,,,,,,,,,,,,,,1132310,,,,,,0,,8.57,733949,933881,,,,,,,,,1321124,,,1593839,,,0,2726149,,,,,,,,,,,,,,,859890,1792268,0
,,,,1077775,,,1414,東和,,,-146691,,,,,,,,,,,,,,,,,,,,4,上市,114,,,,,,0,,,,,,,,,,,,,,,,2911084,,,,2911084,,0,,14.70,605327,907402,,,,,,,,,1980000,,,1282557,,,0,4193641,,,,,,,,,,,,,,,677230,3286239,0
,,,,1791790,,,1416,廣豐,,,685188,,,,,,,,,,,,,,,,,,,,4,上市,114,,,,,,0,,,,,,,,,,,,,,,,4452546,,,,4380460,,0,,23.63,540240,1210158,,,,,,,,,1853422,,,1644343,,,50060,6096889,,,,,,,,,,,,,,72086,1104103,4886731,0
,,,,294914,,,1417,嘉裕,,,147901,,,,,,,,,,,,,,,,,,,,4,上市,114,,,,,,,,,,,,,,,,,,,,,,2342234,,,,2342234,,0,,12.33,360135,1669074,,,,,,,,,1899419,,,468631,,,,2810865,,,,,,,,,,,,,,,108496,1141791,0
,,,,-814845,,,1418,東華,,,1550457,,,,,,,,,,,,,,,,,,,,4,上市,114,-80333,,,,,0,,,,,,,,,,,,,,,,1231628,,,,1231630,,2522865,,22.68,3684076,1641640,,,,,,,,,568343,,,4364159,,,8008,5595787,,,,,,,,,,,,,,-2,680083,3954147,0
,,,,6048309,,,1419,新紡,,,8414276,,,,,,,,,,,,,,,,,,,,4,上市,114,-13174,,,,,,,,,,,,,,,,,,,,,17520362,,,,17520362,,803829,,58.55,4960145,6546559,,,,,,,,,3000413,,,7651045,,,70538,25171407,,,,,,,,,,,,,,,2690900,18624848,0
,,,,1133026,,,1423,利華,,,1434388,,,,,,,,,,,,,,,,,,,,4,上市,114,,,,,,,,,,,,,,,,,,,,,,3670005,,,,,,0,,36.83,46331,1282319,,,,,,,,,996480,,,246565,,,106111,3916570,,,,,,,,,,,,,,,200234,2634251,0
,,,,374017,,,1432,大魯閣,,,-84534,,,,,,,,,,,,,,,,,,,,4,上市,114,,,,,,0,,,,,,,,,,,,,,,,1845541,,,,1665679,,,,15.42,1630072,2164406,,,,,,,,,1080000,,,2512332,,,296196,4357873,,,,,,,,,,,,,,179862,882260,2193467,0
,,,,19825464,,,1434,福懋,,,4730160,,,,,,,,,,,,,,,,,,,,4,上市,114,-19064,,,,,0,,,,,,,,,,,,,,,,42338321,,,,42338321,,2193228,,25.16,5330155,14605708,,,,,,,,,16846646,,,14800042,,,955115,57138363,,,,,,,,,,,,,,,9469887,42532655,0
,,,,-226330,,,1435,中福,,,-304253,,,,,,,,,,,,,,,,,,,,4,上市,114,0,,,,,,,,,,,,,,,,,,,,,992355,,,,,,0,,7.10,6029,371184,,,,,,,,,1397801,,,183836,,,125137,1176191,,,,,,,,,,,,,,,177807,805007,0
,,,,3303206,,,1436,華友聯,,,18678,,,,,,,,,,,,,,,,,,,,4,上市,114,,,,,,,,,,,,,,,,,,,,,,6939626,,,,6500595,,0,,33.48,9075258,19855302,,,,,,,,,1941518,,,14733401,,,1237193,21673027,,,,,,,,,,,,,,439031,5658143,1817725,0
,,,,5420532,,,1437,勤益控,,,444305,,,,,,,,,,,,,,,,,,,,4,上市,114,-46289,,,,,0,,,,,,,,,,,,,,,,8266570,,,,8264719,,1381000,,40.92,1260687,2323637,,,,,,,,,2033713,,,5429898,,,412458,13696468,,,,,,,,,,,,,,1851,4169211,11372831,0
,,,,324493,,,1438,三地開發,,,-6018,,,,,,,,,,,,,,,,,,,,4,上市,114,,,,,,,,,,,,,,,,,,,,,,3140759,,,,,,0,,28.24,10086560,13638583,,,,,,,,,1112058,,,11292642,,,1710226,14433401,,,,,,,,,,,,,,,1206082,794818,0
,,,,1982141,,,1439,雋揚,,,-172338,,,,,,,,,,,,,,,,,,,,4,上市,114,,,,,,,,,,,,,,,,,,,,,,3450140,,,,2958678,,0,,32.16,1950937,3426946,,,,,,,,,920000,,,2450868,,,228875,5901008,,,,,,,,,,,,,,491462,499931,2474062,0
,,,,10987210,,,1440,南紡,,,38154,,,,,,,,,,,,,,,,,,,,4,上市,114,,,,,,0,,,,,,,,,,,,,,,,28011946,,,,27662611,,0,,16.70,9887912,12765921,,,,,,,,,16568159,,,17850073,,,69088,45862019,,,,,,,,,,,,,,349335,7962161,33096098,0
,,,,-214957,,,1441,大東,,,-65241,,,,,,,,,,,,,,,,,,,,4,上市,114,,,,,,0,,,,,,,,,,,,,,,,463640,,,,463640,,0,,6.46,661796,674911,,,,,,,,,717444,,,933576,,,26394,1397216,,,,,,,,,,,,,,0,271780,722305,0
,,,,3332758,,,1442,名軒,,,16879,,,,,,,,,,,,,,,,,,,,4,上市,114,,,,,,,,,,,,,,,,,,,,,,8003602,,,,8003602,,0,,21.86,1878095,13018226,,,,,,,,,3662113,,,6289877,,,991852,14293479,,,,,,,,,,,,,,,4411782,1275253,0
,,,,180073,,,1443,立益物流,,,763009,,,,,,,,,,,,,,,,,,,,4,上市,114,,,,,,0,,,,,,,,,,,,,,,,1858034,,,,2297213,,0,,16.97,2621356,626572,,,,,,,,,1353430,,,6065044,,,701,7923078,,,,,,,,,,,,,,-439179,3443688,7296506,0
,,,,22201,,,1444,力麗,,,-481829,,,,,,,,,,,,,,,,,,,,4,上市,114,-28470,,,,,,,,,,,,,,,,,,,,,10841431,,,,9587111,,11204989,,9.74,6490855,6197955,,,,,,,,,9955950,,,8693920,,,119259,19535351,,,,,,,,,,,,,,1254320,2203065,13337396,0
,,,,720285,,,1445,大宇,,,95044,,,,,,,,,,,,,,,,,,,,4,上市,114,,,,,,,,,,,,,,,,,,,,,,2123612,,,,2123612,,0,,16.25,365055,750113,,,,,,,,,1306660,,,2346866,,,1623,4470478,,,,,,,,,,,,,,,1981811,3720365,0
,,,,1366418,,,1446,宏和,,,22773,,,,,,,,,,,,,,,,,,,,4,上市,114,0,,,,,0,,,,,,,,,,,,,,,,2772870,,,,2772870,,0,,20.14,414187,2778373,,,,,,,,,1377095,,,417146,,,6584,3190016,,,,,,,,,,,,,,0,2959,411643,0
,,,,-572912,,,1447,力鵬,,,-959556,,,,,,,,,,,,,,,,,,,,4,上市,114,-287142,,,,,,,,,,,,,,,,,,,,,8268173,,,,7500262,,66529106,,8.89,5683340,7299757,,,,,,,,,9100712,,,7651302,,,219160,15919475,,,,,,,,,,,,,,767911,1967962,8619718,0
,,,,239195,,,1449,佳和,,,622228,,,,,,,,,,,,,,,,,,,,4,上市,114,,,,,,,,,,,,,,,,,,,,,,2924288,,,,2267589,,0,,17.84,2911490,3082270,,,,,,,,,1271146,,,5091705,,,135020,8015993,,,,,,,,,,,,,,656699,2180215,4933723,0
,,,,5474772,,,1451,年興,,,-507741,,,,,,,,,,,,,,,,,,,,4,上市,114,,,,,,,,,,,,,,,,,,,,,,7366747,,,,7366747,,0,,37.21,971328,5396609,,,,,,,,,1980000,,,1325841,,,419716,8692588,,,,,,,,,,,,,,,354513,3295979,0
,,,,962354,,,1452,宏益,,,253572,,,,,,,,,,,,,,,,,,,,4,上市,114,,,,,,,,,,,,,,,,,,,,,,2698512,,,,2698512,,0,,20.34,92319,1988026,,,,,,,,,1326414,,,140673,,,156172,2839185,,,,,,,,,,,,,,,48354,851159,0
,,,,305775,,,1453,大將,,,,,,,,,,,,,,,,,,,,,,,4,上市,114,,,,,,,,,,,,,,,,,,,,,,1454378,,,,1440968,,0,,12.72,1318470,2745710,,,,,,,,,1132431,,,1476789,,,2762,2931167,,,,,,,,,,,,,,13410,158319,185457,0
,,,,97174,,,1454,台富,,,-11542,,,,,,,,,,,,,,,,,,,,4,上市,114,-77032,,,,,,,,,,,,,,,,,,,,,1377478,,,,1377478,,7714103,,11.28,596382,1015586,,,,,,,,,1298338,,,607476,,,70540,1984954,,,,,,,,,,,,,,0,11094,969368,0
,,,,71857,,,1455,集盛,,,64098,,,,,,,,,,,,,,,,,,,,4,上市,114,,,,,,,,,,,,,,,,,,,,,,5799383,,,,5799383,,0,,10.91,1592562,2707130,,,,,,,,,5316884,,,3388368,,,346544,9187751,,,,,,,,,,,,,,,1795806,6480621,0
,,,,981102,,,1456,怡華,,,,,,,,,,,,,,,,,,,,,,,4,上市,114,,,,,,0,,,,,,,,,,,,,,,,1936679,,,,1936679,,0,,20.66,8359893,10181851,,,,,,,,,937200,,,11343253,,,18377,13279932,,,,,,,,,,,,,,,2983360,3098081,0
,,,,2054720,,,1457,宜進,,,3610,,,,,,,,,,,,,,,,,,,,4,上市,114,-349848,,,,,0,,,,,,,,,,,,,,,,8840947,,,,5399581,,83211323,,23.12,2136882,2866869,,,,,,,,,3167300,,,8329647,,,523799,17170594,,,,,,,,,,,,,,3441366,6192765,14303725,0
,,,,325008,,,1459,聯發,,,-166099,,,,,,,,,,,,,,,,,,,,4,上市,114,-528645,,,,,,,,,,,,,,,,,,,,,3516872,,,,3514286,,41144531,,11.07,1068236,1866258,,,,,,,,,3586289,,,1160929,,,297733,4677801,,,,,,,,,,,,,,2586,92693,2811543,0
,,,,-1054724,,,1460,宏遠,,,25513,,,,,,,,,,,,,,,,,,,,4,上市,114,-332836,,,,,,,,,,,,,,,,,,,,,5700335,,,,5700330,,20177533,,8.45,4588588,5790576,,,,,,,,,6946434,,,5633108,,,115943,11333443,,,,,,,,,,,,,,5,1044520,5542867,0
,,,,453111,,,1463,強盛新,,,26056,,,,,,,,,,,,,,,,,,,,4,上市,114,-22714,,,,,0,,,,,,,,,,,,,,,,2731479,,,,2603668,,1676795,,15.17,284977,1954893,,,,,,,,,1732684,,,405028,,,414531,3136507,,,,,,,,,,,,,,127811,120051,1181614,0
,,,,877520,,,1464,得力,,,-534764,,,,,,,,,,,,,,,,,,,,4,上市,114,-27472,,,,,,,,,,,,,,,,,,,,,5749961,,,,5197294,,2548653,,12.29,7348347,8473805,,,,,,,,,4255757,,,11236894,,,626253,16986855,,,,,,,,,,,,,,552667,3888547,8513050,0
,,,,250804,,,1465,偉全,,,-14515,,,,,,,,,,,,,,,,,,,,4,上市,114,,,,,,,,,,,,,,,,,,,,,,1572673,,,,,,0,,15.18,121303,1139539,,,,,,,,,1036073,,,175849,,,300311,1748522,,,,,,,,,,,,,,,54546,608983,0
,,,,-196763,,,1466,聚隆,0,,-8920,,,,,,,,,,,,,,,,,,,,4,上市,114,0,,,,,0,,,,,,,,,,,,,,,,1637127,,,,1546245,,0,,13.91,475079,1657402,,,,,,,,,1111573,,,2045457,,,640355,3682584,,,,,,,,,,,,,,90882,1570378,2025182,0
,,,,170652,,,1467,南緯,,,172317,,,,,,,,,,,,,,,,,,,,4,上市,114,-26145,,,,,0,,,,,,,,,,,,,,,,2974626,,,,2906135,,2950000,,12.60,3578879,4578322,,,,,,,,,2336247,,,5751161,,,253064,8725787,,,,,,,,,,,,,,68491,2172282,4147465,0
,,,,-302819,,,1468,昶和,,,84495,,,,,,,,,,,,,,,,,,,,4,上市,114,,,,,,,,,,,,,,,,,,,,,,1486985,,,,1412482,,0,,8.81,1351383,2032207,,,,,,,,,1604053,,,1762844,,,26753,3249829,,,,,,,,,,,,,,74503,411461,1217622,0
,,,,149477,,,1470,大統新創,,,-975,,,,,,,,,,,,,,,,,,,,4,上市,114,,,,,,,,,,,,,,,,,,,,,,1013489,,,,1013489,,0,,11.82,139266,615402,,,,,,,,,857670,,,146852,,,7317,1160341,,,,,,,,,,,,,,,7586,544939,0
,,,,-146209,,,1471,首利,,,88615,,,,,,,,,,,,,,,,,,,,4,上市,114,,,,,,0,,,,,,,,,,,,,,,,1550124,,,,1446551,,0,,9.62,88101,1390230,,,,,,,,,1504145,,,127476,,,0,1677600,,,,,,,,,,,,,,103573,39375,287370,0
,,,,915265,,,1472,三洋實業,,,20234,,,,,,,,,,,,,,,,,,,,4,上市,114,,,,,,,,,,,,,,,,,,,,,,2298050,,,,2298050,,0,,43.78,2196862,4437949,,,,,,,,,524881,,,3123654,,,837670,5421704,,,,,,,,,,,,,,,926792,983755,0
,,,,1501873,,,1473,台南,,,12128,,,,,,,,,,,,,,,,,,,,4,上市,114,,,,,,0,,,,,,,,,,,,,,,,3800079,,,,3800079,,0,,26.00,1257488,2903713,,,,,,,,,1461535,,,1517422,,,824543,5317501,,,,,,,,,,,,,,,259934,2413788,0
,,,,842038,,,1474,弘裕,,,-56802,,,,,,,,,,,,,,,,,,,,4,上市,114,,,,,,,,,,,,,,,,,,,,,,2168562,,,,2150574,,0,,16.56,879040,2006787,,,,,,,,,1298970,,,1510548,,,66368,3679110,,,,,,,,,,,,,,17988,631508,1672323,0
,,,,694148,,,1475,業旺,,,3849,,,,,,,,,,,,,,,,,,,,4,上市,114,,,,,,0,,,,,,,,,,,,,,,,1553016,,,,1553016,,0,,23.52,604019,1912116,,,,,,,,,660168,,,749997,,,194851,2303013,,,,,,,,,,,,,,,145978,390897,0
,,,,22937042,,,1476,儒鴻,,,186621,,,,,,,,,,,,,,,,,,,,4,上市,114,,,,,,,,,,,,,,,,,,,,,,29637137,,,,29637137,,0,,108.02,5262865,21367075,,,,,,,,,2743671,,,5399776,,,3769803,35036913,,,,,,,,,,,,,,,136911,13669838,0
,,,,5349754,,,1477,聚陽,,,61908,,,,,,,,,,,,,,,,,,,,4,上市,114,,,,,,0,,,,,,,,,,,,,,,,14174153,,,,14044932,,0,,56.93,8564692,15904934,,,,,,,,,2466937,,,9730259,,,6166333,23904412,,,,,,,,,,,,,,129221,1165567,7999478,0
,,,,22874944,,,1503,士電,,,5410338,,,,,,,,,,,,,,,,,,,,4,上市,114,,,,,,,,,,,,,,,,,,,,,,37118782,,,,36292589,,0,,69.66,20937747,29162806,,,,,,,,,5209722,,,23418630,,,2797585,60537412,,,,,,,,,,,,,,826193,2480883,31374606,0
,,,,35966938,,,1504,東元,,,8362965,,,,,,,,,,,,,,,,,,,,4,上市,114,-636762,,,,,0,,,,,,,,,,,,,,,,98363633,,,,91628035,,31636000,,39.08,29544930,59471403,,,,,,,,,23764407,,,46212245,,,24170487,144575878,,,,,,,,,,,,,,6735598,16667315,85104475,0
,,,,-493015,,,1506,正道,,,-143749,,,,,,,,,,,,,,,,,,,,4,上市,114,,,,,,,,,,,,,,,,,,,,,,2869691,,,,2791857,,0,,9.29,335759,908954,,,,,,,,,3003885,,,426915,,,424736,3296606,,,,,,,,,,,,,,77834,91156,2387652,0
,,,,-881287,,,1512,瑞利,,,553659,,,,,,,,,,,,,,,,,,,,4,上市,114,,,,,,0,,,,,,,,,,,,,,,,654207,,,,654207,,0,,6.66,498929,1188252,,,,,,,,,981835,,,2181796,,,,2836003,,,,,,,,,,,,,,,1682867,1647751,0
,,,,9445587,,,1513,中興電,,,3249160,,,,,,,,,,,,,,,,,,,,4,上市,114,-116880,,,,,0,,,,,,,,,,,,,,,,20886357,,,,20676417,,9038676,,41.85,20897672,23017239,,,,,,,,,5031125,,,26812433,,,3067425,47698790,,,,,,,,,,,,,,209940,5914761,24681551,0
,,,,2546329,,,1514,亞力,,,-26289,,,,,,,,,,,,,,,,,,,,4,上市,114,-30866,,,,,0,,,,,,,,,,,,,,,,6407158,,,,6333878,,2238551,,23.38,5435380,10327337,,,,,,,,,2731085,,,6872682,,,1113619,13279840,,,,,,,,,,,,,,73280,1437302,2952503,0
,,,,2268811,,,1515,力山,,,-122146,,,,,,,,,,,,,,,,,,,,4,上市,114,,,,,,,,,,,,,,,,,,,,,,3987984,,,,3961986,,0,,21.83,3678474,4071275,,,,,,,,,1814735,,,4284874,,,586,8272858,,,,,,,,,,,,,,25998,606400,4201583,0
,,,,-207565,,,1516,川飛,,,-6022,,,,,,,,,,,,,,,,,,,,4,上市,114,,,,,,,,,,,,,,,,,,,,,,206680,,,,,,0,,5.17,2226,144148,,,,,,,,,400082,,,2228,,,20185,208908,,,,,,,,,,,,,,,2,64760,0
,,,,1185532,,,1517,利奇,,,-39121,,,,,,,,,,,,,,,,,,,,4,上市,114,0,,,,,,,,,,,,,,,,,,,,,3512017,,,,3414561,,0,,15.52,532681,2899060,,,,,,,,,2200000,,,707567,,,68150,4219584,,,,,,,,,,,,,,97456,174886,1320524,0
,,,,7413374,,,1519,華城,,,-122758,,,,,,,,,,,,,,,,,,,,4,上市,114,,,,,,,,,,,,,,,,,,,,,,10820188,,,,10583171,,0,,33.50,13013734,21541017,,,,,,,,,3158808,,,17390575,,,133747,28210763,,,,,,,,,,,,,,237017,4376841,6669746,0
,,,,1041629,,,1521,大億,,,0,,,,,,,,,,,,,,,,,,,,4,上市,114,,,,,,0,,,,,,,,,,,,,,,,1865341,,,,1865341,,0,,24.47,1023685,2026961,,,,,,,,,762300,,,1127054,,,61412,2992395,,,,,,,,,,,,,,,103369,965434,0
,,,,3936628,,,1522,堤維西,,,75463,,,,,,,,,,,,,,,,,,,,4,上市,114,-5996,,,,,0,,,,,,,,,,,,,,,,10507478,,,,10055164,,939707,,29.40,17556451,18742361,,,,,,,,,3428979,,,28689159,,,2620090,39196637,,,,,,,,,,,,,,452314,11132708,20454276,0
,,,,1329359,,,1524,耿鼎,0,,32233,,,,,,,,,,,,0,,,,,,,,4,上市,114,0,,,,,0,,,,,,,,,,,,,,,,3015785,,,,,,0,,18.24,830393,1654931,,,,,,,,,1653104,,,2183386,,,1089,5199171,,,,,,,,,,,,,,,1352993,3544240,0
,,,,4548503,,,1525,江申,,,-260676,,,,,,,,,,,,,,,,,,,,4,上市,114,,,,,,,,,,,,,,,,,,,,,,5023079,,,,5023079,,0,,68.43,378557,2140325,,,,,,,,,734001,,,683260,,,1251,5706339,,,,,,,,,,,,,,,304703,3566014,0
,,,,645764,,,1526,日馳,,,22069,,,,,,,,,,,,,,,,,,,,4,上市,114,,,,,,,,,,,,,,,,,,,,,,1362953,,,,1362953,,0,,22.72,748144,1463670,,,,,,,,,600000,,,964970,,,95120,2327923,,,,,,,,,,,,,,,216826,864253,0
,,,,3400631,,,1527,鑽全,,,7939,,,,,,,,,,,,,,,,,,,,4,上市,114,,,,,,,,,,,,,,,,,,,,,,4821208,,,,,,0,,34.79,487925,3695594,,,,,,,,,1385706,,,534310,,,26932,5355518,,,,,,,,,,,,,,,46385,1659924,0
,,,,123193,,,1528,恩德,,,-80692,,,,,,,,,,,,,,,,,,,,4,上市,114,,,,,,,,,,,,,,,,,,,,,,2203531,,,,2155256,,0,,11.26,2432244,3396560,,,,,,,,,1913310,,,3033483,,,199445,5237014,,,,,,,,,,,,,,48275,601239,1840454,0
,,,,207518,,,1529,樂事綠能,0,,-9367,,,,,,,,,,,,,,,,,,,,4,上市,114,0,,,,,,,,,,,,,,,,,,,,,1880784,,,,1813064,,0,,11.69,404907,826397,,,,,,,,,1550951,,,1293991,,,63962,3174775,,,,,,,,,,,,,,67720,889084,2348378,0
,,,,2155759,,,1530,亞崴,,,-4555,,,,,,,,,,,,,,,,,,,,4,上市,114,0,,,,,0,,,,,,,,,,,,,,,,3281533,,,,3192535,,0,,33.75,2089391,3189044,,,,,,,,,945942,,,2378721,,,95389,5660254,,,,,,,,,,,,,,88998,289330,2471210,0
,,,,1689294,,,1531,高林股,,,-108555,,,,,,,,,,,,,,,,,,,,4,上市,114,0,,,,,0,,,,,,,,,,,,,,,,3601185,,,,3601185,,0,,19.77,391969,2917240,,,,,,,,,1821081,,,681124,,,199365,4282309,,,,,,,,,,,,,,,289155,1365069,0
,,,,8288561,,,1532,勤美,,,187208,,,,,,,,,,,,,,,,,,,,4,上市,114,-163070,,,,,0,,,,,,,,,,,,,,,,19284801,,,,15072632,,6341000,,36.21,24710303,35099754,,,,,,,,,4226043,,,34154665,,,2533890,53439466,,,,,,,,,,,,,,4212169,9444362,18339712,0
,,,,1164065,,,1533,車王電,,,-221349,,,,,,,,,,,,,,,,,,,,4,上市,114,,,,,,0,,,,,,,,,,,,,,,,2774524,,,,2292365,,0,,23.26,3809764,5676783,,,,,,,,,985475,,,6425162,,,364174,9199686,,,,,,,,,,,,,,482159,2615398,3522903,0
,,,,2086398,,,1535,中宇,,,-132694,,,,,,,,,,,,,,,,,,,,4,上市,114,,,,,,,,,,,,,,,,,,,,,,3822125,,,,3822125,,0,,30.89,3195050,4818792,,,,,,,,,1237426,,,3442855,,,630995,7264980,,,,,,,,,,,,,,,247805,2446188,0
,,,,1081484,,,1536,和大,,,-88534,,,,,,,,,,,,,,,,,,,,4,上市,114,0,,,,,,,,,,,,,,,,,,,,,7838508,,,,7678556,,0,,27.53,6591229,5857162,,,,,,,,,2789595,,,13661525,,,3896011,21500033,,,,,,,,,,,,,,159952,7070296,15642871,0
,,,,2750500,,,1537,廣隆,,,119666,,,,,,,,,,,,,,,,,,,,4,上市,114,,,,,,0,,,,,,,,,,,,,,,,4392272,,,,4392272,,0,,53.52,1027536,4752772,,,,,,,,,820628,,,1408362,,,701478,5800634,,,,,,,,,,,,,,,380826,1047862,0
,,,,-138784,,,1538,正峰,,,-46060,,,,,,,,,,,,,,,,,,,,4,上市,114,,,,,,0,,,,,,,,,,,,,,,,138934,,,,138222,,0,,4.28,92984,115223,,,,,,,,,323000,,,117749,,,66,256683,,,,,,,,,,,,,,712,24765,141460,0
,,,,940147,,,1539,巨庭,,,3067,,,,,,,,,,,,,,,,,,,,4,上市,114,,,,,,0,,,,,,,,,,,,,,,,1596914,,,,1596914,,0,,24.43,366534,997392,,,,,,,,,653700,,,551193,,,0,2148107,,,,,,,,,,,,,,0,184659,1150715,0
,,,,470251,,,1540,喬福,,,,,,,,,,,,,,,,,,,,,,,4,上市,114,,,,,,0,,,,,,,,,,,,,,,,1479239,,,,,,0,,17.31,156311,1309378,,,,,,,,,854736,,,161119,,,154252,1640358,,,,,,,,,,,,,,,4808,330980,0
,,,,1322123,,,1541,錩泰,,,3033,,,,,,,,,,,,,,,,,,,,4,上市,114,,,,,,0,,,,,,,,,,,,,,,,2114520,,,,2114520,,0,,26.83,641394,1961236,,,,,,,,,788000,,,1066520,,,1364,3181040,,,,,,,,,,,,,,,425126,1219804,0
,,,,3159772,,,1558,伸興,,,-361771,,,,,,,,,,,,,,,,,,,,4,上市,114,-182045,,,,,,,,,,,,,,,,,,,,,8554525,,,,5171573,,1811000,,79.90,3335058,6334973,,,,,,,,,665356,,,4444113,,,1890261,12998638,,,,,,,,,,,,,,3382952,1109055,6663665,0
,,,,5016716,,,1560,中砂,,,-33248,,,,,,,,,,,,,,,,,,,,4,上市,114,,,,,,,,,,,,,,,,,,,,,,8488610,,,,8144610,,0,,55.30,2182088,5481904,,,,,,,,,1472919,,,4769401,,,1688223,13258011,,,,,,,,,,,,,,344000,2587313,7776107,0
,,,,4555877,,,1563,巧新,,,-5912,,,,,,,,,,,,,,,,,,,,4,上市,114,-540493,,,,,,,,,,,,,,,,,,,,,8779181,,,,8734174,,9044000,,39.39,4564483,10436980,,,,,,,,,2307821,,,9443435,,,2416881,18222616,,,,,,,,,,,,,,45007,4878952,7785636,0
,,,,703779,,,1568,倉佑,0,,4383,,,,,,,,,,,,,,,,,,,,4,上市,114,0,,,,,,,,,,,,,,,,,,,,0,2026691,,,,1898544,,0,,18.42,313555,894514,,,,,,,,,1030865,,,353630,,,159517,2380321,,,,,,,,,,,,,,128147,40075,1485807,0
,,,,2894353,,,1582,信錦,,,-460011,,,,,,,,,,,,,,,,,,,,4,上市,114,,,,,,,,,,,,,,,,,,,,,,7623270,,,,7254020,,0,,50.28,4764142,9570569,,,,,,,,,1442686,,,5296696,,,3376992,12919966,,,,,,,,,,,,,,369250,532554,3349397,0
,,,,4244077,,,1583,程泰,,,-6772,,,,,,,,,,,,,,,,,,,,4,上市,114,0,,,,,0,,,,,,,,,,,,,,,,7203600,,,,5655336,,0,,51.69,5651833,9136545,,,,,,,,,1094004,,,6989063,,,324027,14192663,,,,,,,,,,,,,,1548264,1337230,5056118,0
,,,,251170,,,1587,吉茂,,,-27787,,,,,,,,,,,,,,,,,,,,4,上市,114,0,,,,,0,,,,,,,,,,,,,,,,1570908,,,,1570908,,0,,19.62,1900444,2317835,,,,,,,,,800556,,,2141492,,,546969,3712400,,,,,,,,,,,,,,,241048,1394565,0
,,,,35572071,,,1590,亞德客-KY,,,161863,,,,,,,,,,,,,,,,,,,,4,上市,114,,,,,,,,,,,,,,,,,,,,,,52587357,,,,52581178,,0,,262.91,4630058,25047260,,,,,,,,,2000000,,,4952827,,,14847244,57540184,,,,,,,,,,,,,,6179,322769,32492924,0
,,,,1220834,,,1597,直得,,,-3699,,,,,,,,,,,,,,,,,,,,4,上市,114,-147570,,,,,0,,,,,,,,,,,,,,,,2408305,,,,2408305,,2000000,,27.60,749056,1860766,,,,,,,,,892619,,,1684969,,,446121,4093274,,,,,,,,,,,,,,,935913,2232508,0
,,,,-17479,,,1598,岱宇,,,-78943,,,,,,,,,,,,,,,,,,,,4,上市,114,-440250,,,,,0,,,,,,,,,,,,,,,,4467681,,,,4131865,,12826000,,24.84,3662516,4143200,,,,,,,,,1791420,,,5759324,,,2877117,10227005,,,,,,,,,,,,,,335816,2096808,6083805,0
,,,,6582783,,,1603,華電,,,568569,,,,,,,,,,,,,,,,,,,,4,上市,114,-2244172,,,,,,,,,,,,,,,,,,,,,7579196,,,,7478275,,32841809,,47.08,3836922,7686608,,,,,,,,,1916880,,,4589840,,,654215,12169036,,,,,,,,,,,,,,100921,752918,4482428,0
,,,,5405749,,,1604,聲寶,,,-121417,,,,,,,,,,,,,,,,,,,,4,上市,114,-777873,,,,,,,,,,,,,,,,,,,,,9049528,,,,8617878,,20431605,,23.69,3298315,3895246,,,,,,,,,3842000,,,9799417,,,269419,18848945,,,,,,,,,,,,,,431650,6501102,14953699,0
,,,,60375913,,,1605,華新,,,23809009,,,,,,,,,,,,,,,,,,,,4,上市,114,,,,,,,,,,,,,,,,,,,,,,176097268,,,,165853234,,0,,37.43,53099355,84873079,,,,,,,,,44313329,,,127319778,,,37354983,303417046,,,,,,,,,,,,,,10244034,74220423,218543967,0
,,,,3804378,,,1608,華榮,,,-20713,,,,,,,,,,,,,,,,,,,,4,上市,114,-968671,,,,,,,,,,,,,,,,,,,,,10722717,,,,9578867,,208563824,,22.58,4854450,8873080,,,,,,,,,6327735,,,5811185,,,436138,16533902,,,,,,,,,,,,,,1143850,956735,7660822,0
,,,,6070147,,,1609,大亞,0,,871007,,,,,,,,,,,,,,,,,,,,4,上市,114,-12787,,,,,,,,,,,,,,,,,,,,0,19759035,,,,17115670,,2317419,,21.86,21167203,26660230,,,,,,,,,7852619,,,43284107,,,2334684,63043142,,,,,,,,,,,,,,2643365,22116904,36382912,0
,,,,823951,,,1611,中電,,,143405,,,,,,,,,,,,,,,,,,,,4,上市,114,,,,,,,,,,,,,,,,,,,,,,4203395,,,,4203395,,0,,13.02,779564,1869490,,,,,,,,,3227358,,,955615,,,8681,5159010,,,,,,,,,,,,,,,176051,3289520,0
,,,,4707926,,,1612,宏泰,,,412884,,,,,,,,,,,,,,,,,,,,4,上市,114,,,,,,,,,,,,,,,,,,,,,,8483034,,,,8481685,,0,,26.83,1036208,5271507,,,,,,,,,3160801,,,1201708,,,200074,9684742,,,,,,,,,,,,,,1349,165500,4413235,0
,,,,2654745,,,1614,三洋電,,,176898,,,,,,,,,,,,,,,,,,,,4,上市,114,-132298,,,,,0,,,,,,,,,,,,,,,,5744819,,,,5699935,,10182744,,22.01,747536,2497272,,,,,,,,,2691134,,,1212843,,,309456,6957662,,,,,,,,,,,,,,44884,465307,4460390,0
,,,,2118979,,,1615,大山,,,327968,,,,,,,,,,,,,,,,,,,,4,上市,114,,,,,,,,,,,,,,,,,,,,,,4413584,,,,4413584,,0,,22.44,1625504,3729062,,,,,,,,,1966637,,,1814884,,,0,6228468,,,,,,,,,,,,,,,189380,2499406,0
,,,,340772,,,1616,億泰,,,9802,,,,,,,,,,,,,,,,,,,,4,上市,114,-85077,,,,,,,,,,,,,,,,,,,,,2217851,,,,2217851,,4654499,,11.70,2046933,3335639,,,,,,,,,1941485,,,2058469,,,10869,4276320,,,,,,,,,,,,,,,11536,940681,0
,,,,479670,,,1617,榮星,,,-98471,,,,,,,,,,,,,,,,,,,,4,上市,114,0,,,,,0,,,,,,,,,,,,,,,,2340619,,,,2333444,,0,,13.77,953574,2230812,,,,,,,,,1695147,,,1029284,,,257098,3369903,,,,,,,,,,,,,,7175,75710,1139091,0
,,,,3441845,,,1618,合機,,,1125457,,,,,,,,,,,,,,,,,,,,4,上市,114,,,,,,,,,,,,,,,,,,,,,,6594245,,,,6594245,,0,,34.22,1769413,3927364,,,,,,,,,1926917,,,1845966,,,100026,8440211,,,,,,,,,,,,,,,76553,4512847,0
,,,,1576476,,,1623,大東電,,,51704,,,,,,,,,,,,,,,,,,,,4,上市,114,,,,,,0,,,,,,,,,,,,,,,,2941665,,,,,,0,,49.03,3027703,5520830,,,,,,,,,600000,,,4177164,,,713485,7118829,,,,,,,,,,,,,,,1149461,1597999,0
,,,,356447,,,1626,艾美特-KY,,,-288474,,,,,,,,,,,,,,,,,,,,4,上市,114,,,,,,0,,,,,,,,,,,,,,,,2764820,,,,2764820,,0,,18.45,5122819,5141070,,,,,,,,,1498217,,,5394668,,,1198630,8159488,,,,,,,,,,,,,,,271849,3018418,0
,,,,4364686,,,1702,南僑,,,-31685,,,,,,,,,,,,,,,,,,,,4,上市,114,-530114,,,,,,,,,,,,,,,,,,,,,15526397,,,,11990559,,46041259,,48.33,9367567,15563908,,,,,,,,,2941330,,,17912294,,,5246342,33438691,,,,,,,,,,,,,,3535838,8544727,17874783,0
,,,,6002887,,,1707,葡萄王,,,-23936,,,,,,,,,,,,,,,,,,,,4,上市,114,,,,,,,,,,,,,,,,,,,,,,12066385,,,,10341829,,0,,69.81,3421232,5660778,,,,,,,,,1481374,,,3671904,,,2881504,15738289,,,,,,,,,,,,,,1724556,250672,10077511,0
,,,,4779120,,,1708,東鹼,,,42872,,,,,,,,,,,,,,,,,,,,4,上市,114,,,,,,,,,,,,,,,,,,,,,,7382645,,,,7382645,,0,,29.65,2990243,3350707,,,,,,,,,2490017,,,5122430,,,70636,12505075,,,,,,,,,,,,,,,2132187,9154368,0
,,,,3342205,,,1709,和益,,,759820,,,,,,,,,,,,,,,,,,,,4,上市,114,,,,,,,,,,,,,,,,,,,,,,9213325,,,,8948329,,0,,18.76,1930579,5555236,,,,,,,,,4770163,,,2908512,,,76141,12121837,,,,,,,,,,,,,,264996,977933,6566601,0
,,,,3149264,,,1710,東聯,,,-3773068,,,,,,,,,,,,,,,,,,,,4,上市,114,-118460,,,,,,,,,,,,,,,,,,,,,11459621,,,,9206709,,8675554,,10.50,9356738,5346664,,,,,,,,,8857031,,,20893661,,,1091942,32353282,,,,,,,,,,,,,,2252912,11536923,27006618,0
,,,,2295102,,,1711,永光,,,-70591,,,,,,,,,,,,,,,,,,,,4,上市,114,,,,,,0,,,,,,,,,,,,,,,,8435579,,,,8177269,,0,,14.93,3098776,6178440,,,,,,,,,5477522,,,4358286,,,475236,12793865,,,,,,,,,,,,,,258310,1259510,6615425,0
,,,,4048173,,,1712,興農,,,-152051,,,,,,,,,,,,,,,,,,,,4,上市,114,,,,,,,,,,,,,,,,,,,,,,8628448,,,,8566815,,0,,20.37,5027494,7899784,,,,,,,,,4204926,,,6742216,,,465767,15370664,,,,,,,,,,,,,,61633,1714722,7470880,0
,,,,2022207,,,1713,國化,,,184039,,,,,,,,,,,,,,,,,,,,4,上市,114,0,,,,,,,,,,,,,,,,,,,,,3808693,,,,,,0,,25.23,81575,641607,,,,,,,,,1509517,,,165654,,,92930,3974347,,,,,,,,,,,,,,,84079,3332740,0
,,,,3533836,,,1714,和桐,,,-1303247,,,,,,,,,,,,,,,,,,,,4,上市,114,-78973,,,,,0,,,,,,,,,,,,,,,,17252925,,,,12191211,,10141558,,12.42,5169129,16759358,,,,,,,,,9918248,,,7746106,,,121347,24999031,,,,,,,,,,,,,,5061714,2576977,8239673,0
,,,,15367419,,,1717,長興,,,-286445,,,,,,,,,,,,,,,,,,,,4,上市,114,0,,,,,,,,,,,,,,,,,,,,,28226196,,,,27675750,,0,,23.61,17003719,30561280,,,,,,,,,11722455,,,31928586,,,872321,60154782,,,,,,,,,,,,,,550446,14924867,29593502,0
,,,,2732618,,,1718,中纖,,,1817914,,,,,,,,,,,,,,,,,,,,4,上市,114,-1182515,,,,,,,,,,,,,,,,,,,,,,91945783,,,21975285,,351674645,,16.47,912922378,789172649,,,,,,,,,16859057,,,946342549,,,1748211,1038288332,,,,,,,,,,,,,,69970498,33420171,249115683,0
,,,,4142763,,,1720,生達,,,-106191,,,,,,,,,,,,,,,,,,,,4,上市,114,,,,,,0,,,,,,,,,,,,,,,,9286809,,,,6124645,,0,,34.27,2156966,5461464,,,,,,,,,1786961,,,2509094,,,301112,11795903,,,,,,,,,,,,,,3162164,352128,6334439,0
,,,,-240557,,,1721,國慶科技,,,-3209,,,,,,,,,,,,,,,,,,,,4,上市,114,,,,,,,,,,,,,,,,,,,,,,1647330,,,,1647330,,0,,8.91,795298,1513669,,,,,,,,,1848841,,,1434046,,,42255,3081376,,,,,,,,,,,,,,,638748,1567707,0
,,,,38163060,,,1722,台肥,0,,4065468,,,,,,,,,,,,,,,,,,,,4,上市,114,0,,,,,0,,,,,,,,,,,,,,,,54274693,,,,54274693,,0,,55.38,2675577,8513218,,,,,,,,,9800000,,,27249941,,,2246165,81524634,,,,,,,,,,,,,,0,24574364,73011416,0
,,,,4885235,,,1723,中碳,,,-307368,,,,,,,,,,,,,,,,,,,,4,上市,114,-117638,,,,,,,,,,,,,,,,,,,,,7818279,,,,7818279,,4753537,,33.68,1979836,3617713,,,,,,,,,2369044,,,3624680,,,989006,11442959,,,,,,,,,,,,,,,1644844,7825246,0
,,,,1370916,,,1725,元禎,,,3446136,,,,,,,,,,,,,,,,,,,,4,上市,114,0,,,,,,,,,,,,,,,,,,,,,6637640,,,,6637639,,0,,36.50,2081515,7752697,,,,,,,,,1818300,,,2162071,,,2287,8799711,,,,,,,,,,,,,,1,80556,1047014,0
,,,,8942222,,,1726,永記,,,-242762,,,,,,,,,,,,,,,,,,,,4,上市,114,,,,,,,,,,,,,,,,,,,,,,10429424,,,,10429424,,0,,64.38,1506050,8224222,,,,,,,,,1620000,,,1678259,,,109964,12107683,,,,,,,,,,,,,,,172209,3883461,0
,,,,393552,,,1727,中華化,,,0,,,,,,,,,,,,,,,,,,,,4,上市,114,,,,,,,,,,,,,,,,,,,,,,2094023,,,,,,0,,16.36,971021,1040290,,,,,,,,,1280196,,,1418940,,,420275,3512963,,,,,,,,,,,,,,,447919,2472673,0
,,,,1194732,,,1730,花仙子,,,-7989,,,,,,,,,,,,,,,,,,,,4,上市,114,,,,,,,,,,,,,,,,,,,,,,2190418,,,,2053739,,0,,32.48,541492,1817433,,,,,,,,,632339,,,584971,,,234657,2775389,,,,,,,,,,,,,,136679,43479,957956,0
,,,,687681,,,1731,美吾華,,,-46191,,,,,,,,,,,,,,,,,,,,4,上市,114,,,,,,,,,,,,,,,,,,,,,,2162931,,,,2162931,,0,,16.27,433201,1209501,,,,,,,,,1329152,,,1074509,,,192289,3237440,,,,,,,,,,,,,,,641308,2027939,0
,,,,78218,,,1732,毛寶,,,-2672,,,,,,,,,,,,,,,,,,,,4,上市,114,,,,,,0,,,,,,,,,,,,,,,,502689,,,,502689,,0,,11.84,141013,437499,,,,,,,,,424439,,,168725,,,2704,671414,,,,,,,,,,,,,,,27712,233915,0
,,,,791234,,,1733,五鼎,,,10612,,,,,,,,,,,,,,,,,,,,4,上市,114,,,,,,,,,,,,,,,,,,,,,,1870490,,,,1869716,,0,,18.71,432046,1673598,,,,,,,,,999502,,,545315,,,68368,2415805,,,,,,,,,,,,,,774,113269,742207,0
,,,,713016,,,1734,杏輝,,,-95251,,,,,,,,,,,,,,,,,,,,4,上市,114,,,,,,,,,,,,,,,,,,,,,,3715177,,,,3443873,,0,,18.11,1011481,2529232,,,,,,,,,1901968,,,2437873,,,924140,6153050,,,,,,,,,,,,,,271304,1426392,3623818,0
,,,,464527,,,1735,日勝化,,,-4028,,,,,,,,,,,,,,,,,,,,4,上市,114,,,,,,,,,,,,,,,,,,,,,,1552396,,,,1552396,,0,,15.62,1240848,1517715,,,,,,,,,993880,,,1402979,,,98017,2955375,,,,,,,,,,,,,,,162131,1437660,0
,,,,11860841,,,1736,喬山,,,-1614366,,,,,,,,,,,,,,,,,,,,4,上市,114,0,,,,,,,,,,,,,,,,,,,,,13737635,,,,13729588,,0,,45.25,25188494,34531272,,,,,,,,,3033946,,,36396707,,,449167,50134342,,,,,,,,,,,,,,8047,11208213,15603070,0
,,,,2325311,,,1737,臺鹽,,,-2393,,,,,,,,,,,,,,,,,,,,4,上市,114,,,,,,,,,,,,,,,,,,,,,,6813768,,,,6813768,,0,,34.07,959885,2756224,,,,,,,,,2000000,,,1448793,,,2490850,8262561,,,,,,,,,,,,,,0,488908,5506337,0
,,,,1229276,,,1752,南光,,,-35,,,,,,,,,,,,,,,,,,,,4,上市,114,,,,,,0,,,,,,,,,,,,,,,,2489672,,,,2484138,,0,,24.60,1064790,1492605,,,,,,,,,1009885,,,1333699,,,245012,3823371,,,,,,,,,,,,,,5534,268909,2330766,0
,,,,347646,,,1760,寶齡富錦,,,-21234,,,,,,,,,,,,,,,,,,,,4,上市,114,,,,,,0,,,,,,,,,,,,,,,,1954662,,,,1954662,,0,,22.80,1009777,1466825,,,,,,,,,857391,,,1272025,,,770859,3226687,,,,,,,,,,,,,,,262248,1759862,0
,,,,2042230,,,1762,中化生,,,-55833,,,,,,,,,,,,,,,,,,,,4,上市,114,0,,,,,0,,,,,,,,,,,,,,,,3087340,,,,3087340,,0,,40.14,356706,1058883,,,,,,,,,769180,,,1230013,,,331763,4317353,,,,,,,,,,,,,,,873307,3258470,0
,,,,8121572,,,1773,勝一,,,9881,,,,,,,,,,,,,,,,,,,,4,上市,114,0,,,,,,,,,,,,,,,,,,,,,11388122,,,,11235177,,0,,37.45,3255701,3934262,,,,,,,,,3000000,,,5660881,,,103724,17049003,,,,,,,,,,,,,,152945,2405180,13114741,0
,,,,321567,,,1776,展宇,,,-70060,,,,,,,,,,,,,,,,,,,,4,上市,114,,,,,,,,,,,,,,,,,,,,,,925639,,,,865681,,0,,14.40,322697,1036124,,,,,,,,,601070,,,540621,,,13104,1466260,,,,,,,,,,,,,,59958,217924,430136,0
,,,,534500,,,1783,和康生,,,-225076,,,,,,,,,,,,,,,,,,,,4,上市,114,,,,,,0,,,,,,,,,,,,,,,,1537599,,,,1537599,,0,,17.14,349109,1121464,,,,,,,,,896881,,,355543,,,331294,1893142,,,,,,,,,,,,,,,6434,771678,8000
,,,,272472,,,1786,科妍,,,-824,,,,,,,,,,,,,,,,,,,,4,上市,114,,,,,,,,,,,,,,,,,,,,,,1980234,,,,1980234,,0,,26.46,174648,1427168,,,,,,,,,748276,,,689345,,,960310,2669579,,,,,,,,,,,,,,,514697,1242411,0
,,,,1310341,,,1789,神隆,,,12315,,,,,,,,,,,,,,,,,,,,4,上市,114,,,,,,0,,,,,,,,,,,,,,,,10524737,,,,10524737,,0,,13.31,709843,5490721,,,,,,,,,7907392,,,1332988,,,1294689,11857725,,,,,,,,,,,,,,,623145,6367004,0
,,,,15903639,,,1795,美時,,,-1609996,,,,,,,,,,,,,,,,,,,,4,上市,114,-824160,,,,,0,,,,,,,,,,,,,,,,23779856,,,,23779856,,4064000,,90.48,16878826,26452718,,,,,,,,,2668738,,,82374075,,,7641635,106153931,,,,,,,,,,,,,,,65495249,79701213,0
,,,,18884134,,,1802,台玻,,,-2259511,,,,,,,,,,,,,,,,,,,,4,上市,114,,,,,,,,,,,,,,,,,,,,,,50324911,,,,47600469,,0,,16.37,29082191,37342131,,,,,,,,,29080608,,,40500414,,,1895238,90825325,,,,,,,,,,,,,,2724442,11418223,53483194,0
,,,,58089,,,1805,寶徠,,,-8427,,,,,,,,,,,,,,,,,,,,4,上市,114,0,,,,,0,,,,,,,,,,,,,,,,1626720,,,,1626720,,0,,12.05,348676,1768999,,,,,,,,,1349705,,,375578,,,227353,2002298,,,,,,,,,,,,,,0,26902,233299,0
,,,,871355,,,1806,冠軍,,,379591,,,,,,,,,,,,,,,,,,,,4,上市,114,-46592,,,,,0,,,,,,,,,,,,,,,,5266392,,,,5266392,,3887000,,13.63,1390064,4330414,,,,,,,,,3904039,,,2908455,,,157999,8174847,,,,,,,,,,,,,,0,1518391,3844433,0
,,,,3600236,,,1808,潤隆,,,287317,,,,,,,,,,,,,,,,,,,,4,上市,114,,,,,,,,,,,,,,,,,,,,,,12844606,,,,12844606,,0,,14.38,33648207,51396465,,,,,,,,,8930317,,,43494400,,,26736,56339006,,,,,,,,,,,,,,,9846193,4942541,0
,,,,1251022,,,1809,中釉,,,-120542,,,,,,,,,,,,,,,,,,,,4,上市,114,,,,,,,,,,,,,,,,,,,,,,3305298,,,,2929459,,0,,17.54,1079464,2089338,,,,,,,,,1670419,,,1206427,,,128560,4511725,,,,,,,,,,,,,,375839,126963,2422387,0
,,,,3195572,,,1810,和成,,,637896,,,,,,,,,,,,,,,,,,,,4,上市,114,-4781,,,,,,,,,,,,,,,,,,,,,6943109,,,,6868770,,445484,,22.75,2667217,4216289,,,,,,,,,3023037,,,3427808,,,17046,10370917,,,,,,,,,,,,,,74339,760591,6154628,0
,,,,1518415,,,1817,凱撒衛,,,-280576,,,,,,,,,,,,,,,,,,,,4,上市,114,0,,,,,,,,,,,,,,,,,,,,,2291629,,,,2246696,,0,,30.95,379832,1821945,,,,,,,,,726000,,,637717,,,282857,2929346,,,,,,,,,,,,,,44933,257885,1107401,0
,,,,452882,,,1903,士紙,,,2472604,,,,,,,,,,,,,,,,,,,,4,上市,114,,,,,,,,,,,,,,,,,,,,,,5525877,,,,5525877,,0,,21.25,3265805,3677394,,,,,,,,,2600391,,,5034181,,,0,10560058,,,,,,,,,,,,,,,1768376,6882664,0
,,,,17970824,,,1904,正隆,,,-916025,,,,,,,,,,,,,,,,,,,,4,上市,114,,,,,,,,,,,,,,,,,,,,,,30033681,,,,29304125,,0,,26.44,18646952,23055877,,,,,,,,,11082745,,,41949614,,,1166581,71983295,,,,,,,,,,,,,,729556,23302662,48927418,0
,,,,2194273,,,1905,華紙,,,2737703,,,,,,,,,,,,,,,,,,,,4,上市,114,0,,,,,,,,,,,,,,,,,,,,,18587141,,,,16128834,,0,,14.62,17573778,20212472,,,,,,,,,11028353,,,21854206,,,168505,40441347,,,,,,,,,,,,,,2458307,4280428,20228875,0
,,,,2617734,,,1906,寶隆,,,-1353457,,,,,,,,,,,,,,,,,,,,4,上市,114,,,,,,,,,,,,,,,,,,,,,,2792580,,,,,,0,,18.49,2423401,453824,,,,,,,,,1510000,,,2752521,,,18303,5545101,,,,,,,,,,,,,,,329120,5091277,0
,,,,24372050,,,1907,永豐餘,,,30130426,,,,,,,,,,,,,,,,,,,,4,上市,114,,,,,,,,,,,,,,,,,,,,,,91950309,,,,75084053,,0,,45.22,44107917,66203247,,,,,,,,,16603715,,,80307713,,,3977862,172258022,,,,,,,,,,,,,,16866256,36199796,106054775,0
,,,,4756869,,,1909,榮成,,,-1871705,,,,,,,,,,,,,,,,,,,,4,上市,114,-214615,,,,,,,,,,,,,,,,,,,,,20326681,,,,20294382,,21929000,,15.54,21698245,13704223,,,,,,,,,13276857,,,48426543,,,4346976,68753224,,,,,,,,,,,,,,32299,26728298,55049001,0
,,,,108837625,,,2002,中鋼,,,-2006778,,,,,,,,,,,,,,,,,,,,4,上市,114,-13118233,,,,,,,,,,,,,,,,,,,,,329919005,,,,292633521,,674286000,,19.38,128948463,177774877,,,,,,,,,157731290,,,343927968,,,41189617,673846973,,,,,,,,,,,,,,37285484,214979505,496072096,0
,,,,19702932,,,2006,東和鋼鐵,,,-404143,,,,,,,,,,,,,,,,,,,,4,上市,114,,,,,,,,,,,,,,,,,,,,,,34462346,,,,34345972,,0,,47.04,15662886,28467305,,,,,,,,,7302138,,,17534863,,,7745045,51997209,,,,,,,,,,,,,,116374,1871977,23529904,0
,,,,-1381384,,,2007,燁興,,,4969,,,,,,,,,,,,,,,,,,,,4,上市,114,0,,,,,0,,,,,,,,,,,,,,,,4225548,,,,,,0,,7.96,4580634,1876532,,,,,,,,,5306516,,,8123114,,,295447,12348662,,,,,,,,,,,,,,,3542480,10472130,0
,,,,1337296,,,2008,高興昌,,,494291,,,,,,,,,,,,,,,,,,,,4,上市,114,,,,,,,,,,,,,,,,,,,,,,3740110,,,,,,0,,19.60,1904280,2301331,,,,,,,,,1908523,,,4494272,,,0,8234382,,,,,,,,,,,,,,,2589992,5933051,0
,,,,575333,,,2009,第一銅,,,5542359,,,,,,,,,,,,,,,,,,,,4,上市,114,,,,,,,,,,,,,,,,,,,,,,9713914,,,,,,0,,27.01,1642828,2322911,,,,,,,,,3596222,,,1911308,,,0,11625222,,,,,,,,,,,,,,,268480,9302311,0
,,,,6477085,,,2010,春源,,,-219454,,,,,,,,,,,,,,,,,,,,4,上市,114,,,,,,,,,,,,,,,,,,,,,,13299129,,,,12912149,,0,,19.94,8773415,15483042,,,,,,,,,6476554,,,10925075,,,177964,24224204,,,,,,,,,,,,,,386980,2151660,8741162,0
,,,,1176028,,,2012,春雨,,,-618523,,,,,,,,,,,,,,,,,,,,4,上市,114,-267195,,,,,0,,,,,,,,,,,,,,,,4588316,,,,3871641,,23430173,,13.89,3031476,6952881,,,,,,,,,3021627,,,6958611,,,559704,11546927,,,,,,,,,,,,,,716675,3927135,4594046,0
,,,,2457171,,,2013,中鋼構,,,-163725,,,,,,,,,,,,,,,,,,,,4,上市,114,,,,,,,,,,,,,,,,,,,,,,5676777,,,,5676777,,0,,28.38,8601098,10548110,,,,,,,,,2000000,,,9282988,,,1383331,14959765,,,,,,,,,,,,,,,681890,4411655,0
,,,,-951605,,,2014,中鴻,,,-1293389,,,,,,,,,,,,,,,,,,,,4,上市,114,,,,,,,,,,,,,,,,,,,,,,12111353,,,,12111353,,0,,8.44,5650496,8290243,,,,,,,,,14355444,,,14774799,,,903,26886152,,,,,,,,,,,,,,,9124303,18595909,0
,,,,16538652,,,2015,豐興,,,-210712,,,,,,,,,,,,,,,,,,,,4,上市,114,,,,,,,,,,,,,,,,,,,,,,22612819,,,,22599759,,0,,38.86,2536259,11548041,,,,,,,,,5815994,,,3227792,,,455825,25840611,,,,,,,,,,,,,,13060,691533,14292570,0
,,,,-106110,,,2017,官田鋼,,,70690,,,,,,,,,,,,,,,,,,,,4,上市,114,-269970,,,,,,,,,,,,,,,,,,,,,6431794,,,,4739115,,19752931,,11.10,3733834,3983505,,,,,,,,,4468747,,,7220290,,,575758,13652084,,,,,,,,,,,,,,1692679,3486456,9668579,0
,,,,1512738,,,2020,美亞,,,10548,,,,,,,,,,,,,,,,,,,,4,上市,114,,,,,,,,,,,,,,,,,,,,,,4487979,,,,4475221,,0,,16.76,3860353,6068622,,,,,,,,,2670313,,,4607868,,,281622,9095847,,,,,,,,,,,,,,12758,747515,3027225,0
,,,,-156343,,,2022,聚亨,,,102603,,,,,,,,,,,,,,,,,,,,4,上市,114,,,,,,,,,,,,,,,,,,,,,,6975350,,,,3434036,,0,,10.18,2938695,5549318,,,,,,,,,3371682,,,3484091,,,116094,10459441,,,,,,,,,,,,,,3541314,545396,4910123,0
,,,,10168246,,,2023,燁輝,,,-507039,,,,,,,,,,,,,,,,,,,,4,上市,114,-363358,,,,,0,,,,,,,,,,,,,,,,33099794,,,,32720195,,24535000,,17.42,26675770,25487563,,,,,,,,,19032402,,,66425798,,,4389944,99525592,,,,,,,,,,,,,,379599,39750028,74038029,0
,,,,129044,,,2024,志聯,0,,0,,,,,,,,,,,,0,,,,,,,,4,上市,114,,,,,,,,,,,,,,,,,,,,,,1114752,,,,,,0,,11.43,335318,720313,,,,,,,,,975000,,,539436,,,10708,1654188,,,,,,,,,,,,,,,204118,933875,0
,,,,-288434,,,2025,千興,,,5193,,,,,,,,,,,,,,,,,,,,4,上市,114,,,,,,,,,,,,,,,,,,,,,,1443364,,,,,,0,,8.36,716466,1404077,,,,,,,,,1726605,,,718113,,,,2161477,,,,,,,,,,,,,,,1647,757400,0
,,,,23031556,,,2027,大成鋼,,,3140379,,,,,,,,,,,,,,,,,,,,4,上市,114,-3530662,,,,,,,,,,,,,,,,,,,,,88516384,,,,75043896,,232022155,,31.90,23666446,88298240,,,,,,,,,25842606,,,65000463,,,26560017,153516847,,,,,,,,,,,,,,13472488,41334017,65218607,0
,,,,1170123,,,2028,威致,,,341643,,,,,,,,,,,,,,,,,,,,4,上市,114,-40711,,,,,,,,,,,,,,,,,,,,,4728203,,,,,,1693000,,14.59,1905395,3764551,,,,,,,,,3257148,,,3598237,,,,8326440,,,,,,,,,,,,,,,1692842,4561889,0
,,,,5298480,,,2029,盛餘,,,7105,,,,,,,,,,,,,,,,,,,,4,上市,114,,,,,,0,,,,,,,,,,,,,,,,10154766,,,,10075354,,0,,31.37,1065228,8161293,,,,,,,,,3211800,,,1164893,,,1557969,11319659,,,,,,,,,,,,,,79412,99665,3158366,0
,,,,1766738,,,2030,彰源,,,-57381,,,,,,,,,,,,,,,,,,,,4,上市,114,-75919,,,,,,,,,,,,,,,,,,,,,4902169,,,,4902169,,4560000,,17.76,3873566,6140418,,,,,,,,,2805260,,,6540908,,,463471,11443077,,,,,,,,,,,,,,,2667342,5302659,0
,,,,6836001,,,2031,新光鋼,,,746541,,,,,,,,,,,,,,,,,,,,4,上市,114,,,,,,,,,,,,,,,,,,,,,,12456874,,,,11737450,,0,,36.55,8917653,15194770,,,,,,,,,3211463,,,16261307,,,943445,28718181,,,,,,,,,,,,,,719424,7343654,13523411,0
,,,,332075,,,2032,新鋼,,,8259,,,,,,,,,,,,,,,,,,,,4,上市,114,,,,,,0,,,,,,,,,,,,,,,,1752560,,,,,,0,,13.43,270992,1246171,,,,,,,,,1305215,,,411887,,,107011,2164447,,,,,,,,,,,,,,,140895,918276,0
,,,,159582,,,2033,佳大,,,71966,,,,,,,,,,,,,,,,,,,,4,上市,114,0,,,,,0,,,,,,,,,,,,,,,,1056531,,,,,,0,,13.09,159502,434611,,,,,,,,,806945,,,178510,,,18038,1235041,,,,,,,,,,,,,,,19008,800430,0
,,,,1492669,,,2034,允強,,,873144,,,,,,,,,,,,,,,,,,,,4,上市,114,,,,,,,,,,,,,,,,,,,,,,9680556,,,,9680556,,0,,18.49,8193972,9325225,,,,,,,,,5289956,,,12258338,,,2024787,21938894,,,,,,,,,,,,,,,4064366,12613669,0
,,,,458031,,,2038,海光,,,991124,,,,,,,,,,,,,,,,,,,,4,上市,114,,,,,,,,,,,,,,,,,,,,,,3988998,,,,3786506,,0,,19.50,2871802,4171238,,,,,,,,,1941343,,,5659828,,,396008,9648826,,,,,,,,,,,,,,202492,2788026,5477588,0
,,,,25162811,,,2049,上銀,,,1165297,,,,,,,,,,,,,,,,,,,,4,上市,114,,,,,,,,,,,,,,,,,,,,,,37473620,,,,37345766,,0,,105.56,8529746,19863891,,,,,,,,,3537923,,,16702376,,,7479735,54175996,,,,,,,,,,,,,,127854,8172630,34312105,0
,,,,26263649,,,2059,川湖,,,12648,,,,,,,,,,,,,,,,,,,,4,上市,114,,,,,,,,,,,,,,,,,,,,,,28025959,,,,28025959,,0,,294.09,5366945,29989968,,,,,,,,,952971,,,7057477,,,796691,35083436,,,,,,,,,,,,,,,1690532,5093468,0
,,,,3879802,,,2062,橋椿,,,-183545,,,,,,,,,,,,,,,,,,,,4,上市,114,,,,,,,,,,,,,,,,,,,,,,7609145,,,,7607325,,0,,38.04,2338428,5131012,,,,,,,,,1999942,,,3638151,,,1911126,11247296,,,,,,,,,,,,,,1820,1299723,6116284,0
,,,,1350884,,,2069,運錩,,,-98250,,,,,,,,,,,,,,,,,,,,4,上市,114,0,,,,,,,,,,,,,,,,,,,,,4159632,,,,4159632,,0,,25.00,3516342,3773280,,,,,,,,,1663868,,,4858013,,,1243130,9017645,,,,,,,,,,,,,,,1341671,5244365,0
,,,,3058388,,,2072,世紀風電,,,,,,,,,,,,,,,,,,,,,,,4,上市,114,,,,,,,,,,,,,,,,,,,,,,19691204,,,,19688804,,0,,115.82,3018213,11977889,,,,,,,,,1700000,,,4627991,,,14930416,24319195,,,,,,,,,,,,,,2400,1609778,12341306,0
,,,,4981547,,,2101,南港,,,290498,,,,,,,,,,,,,,,,,,,,4,上市,114,-238143,,,,,,,,,,,,,,,,,,,,,12666473,,,,12666473,,5807595,,17.40,26917183,42473461,,,,,,,,,7339349,,,41613774,,,293222,54280247,,,,,,,,,,,,,,0,14696591,11806786,0
,,,,160238,,,2102,泰豐,,,4772855,,,,,,,,,,,,,,,,,,,,4,上市,114,-183035,,,,,,,,,,,,,,,,,,,,,9647564,,,,9647564,,13755607,,20.99,319673,3443464,,,,,,,,,4733292,,,2637644,,,164214,12285208,,,,,,,,,,,,,,,2317971,8841744,0
,,,,9387027,,,2103,台橡,,,2253334,,,,,,,,,,,,,,,,,,,,4,上市,114,,,,,,,,,,,,,,,,,,,,,,21511862,,,,19955226,,0,,24.17,10542917,19733163,,,,,,,,,8257099,,,21747069,,,57766,43258931,,,,,,,,,,,,,,1556636,11204152,23525768,0
,,,,3818417,,,2104,國際中橡,,,1519439,,,,,,,,,,,,,,,,,,,,4,上市,114,-290088,,,,,,,,,,,,,,,,,,,,,25507920,,,,24132117,,14734663,,24.88,16268325,22159863,,,,,,,,,9847336,,,23677664,,,9237013,49185584,,,,,,,,,,,,,,1375803,7409339,27025721,0
,,,,58558675,,,2105,正新,,,-4108122,,,,,,,,,,,,,,,,,,,,4,上市,114,,,,,,0,,,,,,,,,,,,,,,,87534713,,,,86981084,,0,,26.83,21964566,70082889,,,,,,,,,32414155,,,55346811,,,116376,142881524,,,,,,,,,,,,,,553629,33382245,72798635,0
,,,,10525370,,,2106,建大,,,-515321,,,,,,,,,,,,,,,,,,,,4,上市,114,,,,,,,,,,,,,,,,,,,,,,19558990,,,,19558990,,0,,20.48,8994066,24410111,,,,,,,,,9548900,,,25934133,,,41,45493123,,,,,,,,,,,,,,,16940067,21083012,0
,,,,9044961,,,2107,厚生,,,952315,,,,,,,,,,,,,,,,,,,,4,上市,114,,,,,,,,,,,,,,,,,,,,,,13482955,,,,13482955,,0,,44.41,1455890,10661095,,,,,,,,,3035934,,,1931874,,,449745,15414829,,,,,,,,,,,,,,,475984,4753734,0
,,,,9325274,,,2108,南帝,,,135787,,,,,,,,,,,,,,,,,,,,4,上市,114,,,,,,0,,,,,,,,,,,,,,,,16480168,,,,14436649,,0,,29.32,1290712,13777847,,,,,,,,,4924167,,,1877415,,,51421,18357583,,,,,,,,,,,,,,2043519,586703,4579736,0
,,,,582208,,,2109,華豐,,,42027,,,,,,,,,,,,,,,,,,,,4,上市,114,,,,,,0,,,,,,,,,,,,,,,,5228047,,,,3501228,,0,,12.53,2018384,4988886,,,,,,,,,2793492,,,3326473,,,83501,8554520,,,,,,,,,,,,,,1726819,1308089,3565634,0
,,,,2123677,,,2114,鑫永銓,,,,,,,,,,,,,,,,,,,,,,,4,上市,114,,,,,,0,,,,,,,,,,,,,,,,3171634,,,,,,0,,40.67,402549,2361037,,,,,,,,,779918,,,633885,,,268039,3805519,,,,,,,,,,,,,,,231336,1444482,0
,,,,2098229,,,2115,六暉-KY,,,-313925,,,,,,,,,,,,,,,,,,,,4,上市,114,,,,,,0,,,,,,,,,,,,,,,,3240590,,,,3222039,,0,,30.87,715434,2268512,,,,,,,,,1043732,,,1400712,,,394003,4641302,,,,,,,,,,,,,,18551,685278,2372790,0
,,,,35595757,,,2201,裕隆,,,1232454,,,,,,,,,,,,,,,,,,,,4,上市,114,-376301,,,,,,,,,,,,,,,,,,,,,93903393,,,,63245566,,7526431,,59.53,257086727,257376995,,,,,,,,,10700013,,,273043159,,,16093643,366946552,,,,,,,,,,,,,,30657827,15956432,109569557,0
,,,,24982900,,,2204,中華,,,-88877,,,,,,,,,,,,,,,,,,,,4,上市,114,,,,,,,,,,,,,,,,,,,,,,41752925,,,,37889020,,0,,68.44,11151762,14331334,,,,,,,,,5536203,,,12288287,,,7458794,54041212,,,,,,,,,,,,,,3863905,1136525,39709878,0
,,,,17902162,,,2206,三陽工業,,,-1005652,,,,,,,,,,,,,,,,,,,,4,上市,114,-132816,,,,,0,,,,,,,,,,,,,,,,42302178,,,,26317859,,5332452,,33.81,23537929,35774386,,,,,,,,,7836756,,,54836012,,,1717409,97138190,,,,,,,,,,,,,,15984319,31298083,61363804,0
,,,,70959055,,,2207,和泰車,,,6708911,,,,,,,,,,,,,,,,,,,,4,上市,114,,,,,,0,,,,,,,,,,,,,,,,,123755878,,,86158179,,0,,154.65,355893585,370773845,,,,,,,,,5571028,,,397269077,,,2919185,521024955,,,,,,,,,,,,,,37597699,41375492,150251110,0
,,,,-5637910,,,2208,台船,,,74119,,,,,,,,,,,,,,,,,,,,4,上市,114,,,,,,0,,,,,,,,,,,,,,,,7138450,,,,7181603,,0,,5.63,23693987,26999483,,,,,,,,,12745394,,,39279075,,,0,46417525,,,,,,,,,,,,,,-43153,15585088,19418042,0
,,,,13578273,,,2211,長榮鋼,,,8251502,,,,,,,,,,,,,,,,,,,,4,上市,114,,,,,,,,,,,,,,,,,,,,,,30954760,,,,27320497,,0,,65.50,5974392,15725713,,,,,,,,,4170915,,,8497106,,,1319807,39451866,,,,,,,,,,,,,,3634263,2522714,23726153,0
,,,,10068246,,,2227,裕日車,,,-966075,,,,,,,,,,,,,,,,,,,,4,上市,114,,,,,,,,,,,,,,,,,,,,,,18091139,,,,18091139,,0,,60.30,1669310,7115242,,,,,,,,,3000000,,,4753183,,,5988968,22844322,,,,,,,,,,,,,,,3083873,15729080,0
,,,,3179939,,,2228,劍麟,,,-148767,,,,,,,,,,,,,,,,,,,,4,上市,114,,,,,,0,,,,,,,,,,,,,,,,5028518,,,,5028518,,0,,63.03,740475,3742265,,,,,,,,,797797,,,1706454,,,1199549,6734972,,,,,,,,,,,,,,,965979,2992707,0
,,,,1608127,,,2231,為升,,,-8933,,,,,,,,,,,,,,,,,,,,4,上市,114,0,,,,,0,,,,,,,,,,,,,,,,4444954,,,,3367537,,0,,24.77,3886429,6048231,,,,,,,,,1359319,,,6488184,,,409024,10933138,,,,,,,,,,,,,,1077417,2601755,4884907,0
,,,,2645442,,,2233,宇隆,,,-105796,,,,,,,,,,,,,,,,,,,,4,上市,114,,,,,,,,,,,,,,,,,,,,,,3965077,,,,3960744,,0,,65.70,2092941,3292592,,,,,,,,,602881,,,2659494,,,818217,6624571,,,,,,,,,,,,,,4333,566553,3331979,0
,,,,479427,,,2236,百達-KY,,,-151012,,,,,,,,,,,,,,,,,,,,4,上市,114,,,,,,,,,,,,,,,,,,,,,,2306116,,,,2190289,,0,,35.67,3609647,5239510,,,,,,,,,614017,,,5724237,,,1247857,8030353,,,,,,,,,,,,,,115827,2114590,2790843,0
,,,,28240,,,2237,華德動能-創,,,-39158,,,,,,,,,,,,,,,,,,,,4,上市,114,,,,,,0,,,,,,,,,,,,,,,,1223900,,,,1223900,,0,,10.05,2028180,2897137,,,,,,,,,1217729,,,2338559,,,17089,3562459,,,,,,,,,,,,,,0,310379,665322,0
,,,,1998472,,,2239,英利-KY,,,-1076876,,,,,,,,,,,,,,,,,,,,4,上市,114,-64027,,,,,0,,,,,,,,,,,,,,,,17459288,,,,11433137,,1874000,,96.50,12149524,18804515,,,,,,,,,1203466,,,18391184,,,9372102,35850472,,,,,,,,,,,,,,6026151,6241660,17045957,0
,,,,-803885,,,2241,艾姆勒,,,5916,,,,,,,,,,,,,,,,,,,,4,上市,114,,,,,,0,,,,,,,,,,,,,,,,1517728,,,,1342487,,0,,12.83,375711,834871,,,,,,,,,1046023,,,766108,,,1094433,2283836,,,,,,,,,,,,,,175241,390397,1448965,0
,,,,-472076,,,2243,宏旭-KY,,,-36875,,,,,,,,,,,,,,,,,,,,4,上市,114,,,,,,0,,,,,,,,,,,,,,,,807093,,,,807093,,0,,11.63,2402303,2765574,,,,,,,,,693736,,,2574124,,,622308,3381217,,,,,,,,,,,,,,,171821,615643,0
,,,,7651873,,,2247,汎德永業,,,33851,,,,,,,,,,,,,,,,,,,,4,上市,114,,,,,,,,,,,,,,,,,,,,,,12847486,,,,12847486,,0,,159.18,4210273,11616737,,,,,,,,,807087,,,8919068,,,4354675,21766554,,,,,,,,,,,,,,,4708795,10149817,0
,,,,695749,,,2248,華勝-KY,,,-3224,,,,,,,,,,,,,,,,,,,,4,上市,114,,,,,,,,,,,,,,,,,,,,,,1661378,,,,1661378,,0,,34.90,1336121,2384081,,,,,,,,,476000,,,1365460,,,492853,3026838,,,,,,,,,,,,,,,29339,642757,0
,,,,782796,,,2250,IKKA-KY,0,,-151381,,,,,,,,,,,,,,,,,,,,4,上市,114,,,,,,0,,,,,,,,,,,,,,,,2105369,,,,2105369,,0,,57.86,1062900,2590251,,,,,,,,,363882,,,1462313,,,1110072,3567682,,,,,,,,,,,,,,0,399413,977431,0
,,,,-53391,,,2254,巨鎧精密-創,,,235872,,,,,,,,,,,,,,,,,,,,4,上市,114,-9942,,,,,0,,,,,,,,,,,,,,,,1100415,,,,1100415,,153000,,17.26,645101,201177,,,,,,,,,639077,,,1077515,,,288799,2177930,,,,,,,,,,,,,,,432414,1976753,0
,,,,-10181151,,,2258,鴻華先進-創,,,-852,,,,,,,,,,,,,,,,,,,,4,上市,114,,,,,,0,,,,,,,,,,,,,,,,13388219,,,,13388219,,0,,7.65,2480815,3645474,,,,,,,,,17493813,,,3570053,,,6076409,16958272,,,,,,,,,,,,,,,1089238,13312798,1125100
,,,,49832936,,,2301,光寶科,,,-2012223,,,,,,,,,,,,,,,,,,,,4,上市,114,-2726963,,,,,,,,,,,,,,,,,,,,,89978793,,,,89822065,,47004221,,39.57,109597232,164020954,,,,,,,,,23167758,,,115708590,,,21560557,205687383,,,,,,,,,,,,,,156728,6111358,41666429,0
,,,,264669,,,2302,麗正,,,-119553,,,,,,,,,,,,,,,,,,,,4,上市,114,,,,,,,,,,,,,,,,,,,,,,1808154,,,,1808154,,0,,10.87,724922,1022283,,,,,,,,,1663029,,,797986,,,9,2606140,,,,,,,,,,,,,,0,73064,1583857,0
,,,,232882973,,,2303,聯電,,,5594129,,,,,,,,,,,,,,,,,,,,4,上市,114,,,,,,,,,,,,,,,,,,,,,,379855440,,,,379768265,,0,,30.17,87598137,204783258,,,,,,,,,125881563,,,199140569,,,15409600,578996009,,,,,,,,,,,,,,87175,111542432,374212751,0
,,,,13231,,,2305,全友,,,268182,,,,,,,,,,,,,,,,,,,,4,上市,114,-49781,,,,,0,,,,,,,,,,,,,,,,2403161,,,,2288240,,2934365,,11.29,314984,1578520,,,,,,,,,2056608,,,634001,,,0,3037162,,,,,,,,,,,,,,114921,319017,1458642,0
,,,,183526435,,,2308,台達電,,,3484011,,,,,,,,,,,,,,,,,,,,4,上市,114,,,,,,0,,,,,,,,,,,,,,,,325389003,,,,268057976,,0,,103.20,209664989,395780787,,,,,,,,,25975433,,,314229597,,,55072097,639618600,,,,,,,,,,,,,,57331027,104564608,243837813,0
,,,,3126079,,,2312,金寶,,,2718648,,,,,,,,,,,,,,,,,,,,4,上市,114,0,,,,,,,,,,,,,,,,,,,,,36612711,,,,22727845,,0,,15.10,65372240,77113479,,,,,,,,,15054852,,,81588122,,,1828266,118200833,,,,,,,,,,,,,,13884866,16215882,41087354,0
,,,,34157929,,,2313,華通,,,726309,,,,,,,,,,,,,,,,,,,,4,上市,114,,,,,,0,,,,,,,,,,,,,,,,47862670,,,,47862670,,0,,40.16,30575905,50935396,,,,,,,,,11918206,,,42634363,,,1060226,90497033,,,,,,,,,,,,,,,12058458,39561637,0
,,,,-1728751,,,2314,台揚,,,-289129,,,,,,,,,,,,,,,,,,,,4,上市,114,,,,,,,,,,,,,,,,,,,,,,135479,,,,135479,,0,,1.28,2584267,1858834,,,,,,,,,1061264,,,3167802,,,1092095,3303281,,,,,,,,,,,,,,,583535,1444447,0
,,,,10319588,,,2316,楠梓電,,,-137829,,,,,,,,,,,,,,,,,,,,4,上市,114,-93017,,,,,,,,,,,,,,,,,,,,,12575793,,,,12575793,,1306059,,69.31,2875394,6806002,,,,,,,,,1827405,,,5850238,,,659646,18426031,,,,,,,,,,,,,,,2974844,11620029,0
,,,,1459373480,,,2317,鴻海,,,-53319814,,,,,,,,,,,,,,,,,,,,4,上市,114,-15194,,,,,0,,,,,,,,,,,,,,,,1970763355,,,,1772771627,,1483078,,126.96,2710848518,3961827499,,,,,,,,,140034032,,,3133908868,,,226699123,5104672223,,,,,,,,,,,,,,197991728,423060350,1142844724,0
,,,,-137169,,,2321,東訊,,,27112,,,,,,,,,,,,,,,,,,,,4,上市,114,0,,,,,0,,,,,,,,,,,,,,,,444159,,,,192662,,0,,6.36,398879,641162,,,,,,,,,302719,,,781714,,,0,1225873,,,,,,,,,,,,,,251497,382835,584711,0
,,,,1733284,,,2323,中環,,,191661,,,,,,,,,,,,,,,,,,,,4,上市,114,,,,,,0,,,,,,,,,,,,,,,,19587317,,,,19250646,,0,,17.67,5354215,18093228,,,,,,,,,10893483,,,9234883,,,6432218,28822200,,,,,,,,,,,,,,336671,3880668,10728972,0
,,,,78307765,,,2324,仁寶,,,6628737,,,,,,,,,,,,,,,,,,,,4,上市,114,-881247,,,,,,,,,,,,,,,,,,,,,147676908,,,,131807890,,50017431,,30.25,268621676,360805145,,,,,,,,,44071466,,,291230369,,,3681169,438907277,,,,,,,,,,,,,,15869018,22608693,78102132,0
,,,,114140896,,,2327,國巨*,,,5717142,,,,,,,,,,,,,,,,,,,,4,上市,114,-2030720,,,,,,,,,,,,,,,,,,,,,173996552,,,,170877823,,16568120,,83.10,136079356,165345817,,,,,,,,,5182415,,,216792603,,,47868090,390789155,,,,,,,,,,,,,,3118729,80713247,225443338,0
,,,,9183576,,,2328,廣宇,,,-957155,,,,,,,,,,,,,,,,,,,,4,上市,114,,,,,,0,,,,,,,,,,,,,,,,17253431,,,,14913489,,0,,28.77,6306505,17403062,,,,,,,,,5183462,,,6803300,,,1503606,24056731,,,,,,,,,,,,,,2339942,496795,6653669,0
,,,,4621252,,,2329,華泰,,,-432243,,,,,,,,,,,,,,,,,,,,4,上市,114,,,,,,0,,,,,,,,,,,,,,,,11154198,,,,11154198,,0,,16.93,7939025,10681781,,,,,,,,,6590043,,,9560032,,,375146,20714230,,,,,,,,,,,,,,,1621007,10032449,0
,,,,5103501560,,,2330,台積電,,,-16676412,,,,,,,,,,,,,,,,,,,,4,上市,114,0,,,,,,,,,,,,,,,,,,,,,5460795283,,,,5419595994,,0,,208.99,1458019289,3817130817,,,,,,,,,259325245,,,2472228595,,,73445601,7933023878,,,,,,,,,,,,,,41199289,1014209306,4115893061,0
,,,,1910418,,,2331,精英,,,-2155996,,,,,,,,,,,,,,,,,,,,4,上市,114,,,,,,0,,,,,,,,,,,,,,,,10775160,,,,10765775,,0,,19.31,11164258,15274125,,,,,,,,,5574030,,,12076006,,,5437323,22851166,,,,,,,,,,,,,,9385,911748,7577041,0
,,,,2524090,,,2332,友訊,,,-1517707,,,,,,,,,,,,,,,,,,,,4,上市,114,-82823,,,,,0,,,,,,,,,,,,,,,,10753290,,,,8295618,,5434069,,13.90,4251770,10421882,,,,,,,,,6022424,,,5070219,,,1349634,15823509,,,,,,,,,,,,,,2457672,818449,5401627,0
,,,,20129654,,,2337,旺宏,,,5049176,,,,,,,,,,,,,,,,,,,,4,上市,114,-159061,,,,,,,,,,,,,,,,,,,,,45807601,,,,45802485,,1956619,,23.74,12403846,29425027,,,,,,,,,19310828,,,32692784,,,1471888,78500385,,,,,,,,,,,,,,5116,20288938,49075358,73734642
,,,,-320925,,,2338,光罩,,,18396,,,,,,,,,,,,,,,,,,,,4,上市,114,-891759,,,,,,,,,,,,,,,,,,,,,4346145,,,,4279353,,39816440,,15.45,8309868,5276718,,,,,,,,,3168492,,,13133952,,,2305149,17480097,,,,,,,,,,,,,,66792,4824084,12203379,0
,,,,424039,,,2340,台亞,,,-41078,,,,,,,,,,,,,,,,,,,,4,上市,114,-23172,,,,,,,,,,,,,,,,,,,,,7066068,,,,6556991,,754543,,14.97,3985559,5589526,,,,,,,,,4386228,,,7634740,,,1810974,14700808,,,,,,,,,,,,,,509077,3649181,9111282,0
,,,,250864,,,2342,茂矽,,,-90702,,,,,,,,,,,,,,,,,,,,4,上市,114,,,,,,0,,,,,,,,,,,,,,,,2357282,,,,2336491,,0,,14.83,511057,1526630,,,,,,,,,1575247,,,791308,,,601082,3148590,,,,,,,,,,,,,,20791,280251,1621960,0
,,,,31692818,,,2344,華邦電,,,17491287,,,,,,,,,,,,,,,,,,,,4,上市,114,,,,,,,,,,,,,,,,,,,,,,114130131,,,,107935967,,0,,23.99,46615224,73191129,,,,,,,,,45000002,,,78061936,,,13751860,192192067,,,,,,,,,,,,,,6194164,31446712,119000938,0
,,,,47196377,,,2345,智邦,,,3867901,,,,,,,,,,,,,,,,,,,,4,上市,114,-50999,,,,,,,,,,,,,,,,,,,,,57635183,,,,57539530,,2209867,,102.95,82183538,121067470,,,,,,,,,5611179,,,85595896,,,915072,143231079,,,,,,,,,,,,,,95653,3412358,22163609,0
,,,,56754973,,,2347,聯強,,,-6724727,,,,,,,,,,,,,,,,,,,,4,上市,114,,,,,,0,,,,,,,,,,,,,,,,83233045,,,,80192290,,0,,48.08,117635002,177512804,,,,,,,,,16679470,,,134190150,,,13482574,217423195,,,,,,,,,,,,,,3040755,16555148,39910391,0
,,,,4738860,,,2348,海悅,,,439515,,,,,,,,,,,,,,,,,,,,4,上市,114,-10295,,,,,0,,,,,,,,,,,,,,,,10517564,,,,8340967,,164000,,45.90,14435262,35452905,,,,,,,,,1818989,,,37419613,,,1353898,47937177,,,,,,,,,,,,,,2176597,22984351,12484272,0
,,,,-2023999,,,2349,錸德,,,-807557,,,,,,,,,,,,,,,,,,,,4,上市,114,,,,,,0,,,,,,,,,,,,,,,,9393552,,,,5396438,,0,,7.78,3540835,7640582,,,,,,,,,6936797,,,8840771,,,1291197,18234323,,,,,,,,,,,,,,3997114,5299936,10593741,0
,,,,4655688,,,2351,順德,,,-95403,,,,,,,,,,,,,,,,,,,,4,上市,114,,,,,,0,,,,,,,,,,,,,,,,7277476,,,,6961221,,0,,38.22,3268823,7068335,,,,,,,,,1821403,,,5458953,,,579533,12736429,,,,,,,,,,,,,,316255,2190130,5668094,0
,,,,16507840,,,2352,佳世達,,,-6252289,,,,,,,,,,,,,,,,,,,,4,上市,114,,,,,,,,,,,,,,,,,,,,,,60431089,,,,28518939,,0,,18.04,101781398,119192644,,,,,,,,,15805065,,,144758949,,,2458323,205190038,,,,,,,,,,,,,,31912150,42977551,85997394,0
,,,,18424400,,,2353,宏碁,,,1446925,,,,,,,,,,,,,,,,,,,,4,上市,114,-2712774,,,,,0,,,,,,,,,,,,,,,,98237747,,,,75600149,,41646290,,25.15,126925047,173578255,,,,,,,,,30478538,,,156375914,,,27963060,254613661,,,,,,,,,,,,,,22637598,29450867,81035406,0
,,,,94457953,,,2354,鴻準,,,-8911924,,,,,,,,,,,,,,,,,,,,4,上市,114,,,,,,0,,,,,,,,,,,,,,,,106799347,,,,107285405,,0,,75.85,50394844,124644080,,,,,,,,,14144852,,,51822674,,,7594524,158622021,,,,,,,,,,,,,,-486058,1427830,33977941,0
,,,,11607434,,,2355,敬鵬,,,106611,,,,,,,,,,,,,,,,,,,,4,上市,114,,,,,,0,,,,,,,,,,,,,,,,17270530,,,,17269767,,0,,43.45,5620563,13238316,,,,,,,,,3974954,,,6895993,,,1580768,24166523,,,,,,,,,,,,,,763,1275430,10928207,0
,,,,38508122,,,2356,英業達,,,-1098291,,,,,,,,,,,,,,,,,,,,4,上市,114,,,,,,0,,,,,,,,,,,,,,,,76448059,,,,76177012,,0,,21.23,236313671,271453681,,,,,,,,,35874751,,,255224056,,,2892430,331672115,,,,,,,,,,,,,,271047,18910385,60218434,0
,,,,202003902,,,2357,華碩,,,41489046,,,,,,,,,,,,,,,,,,,,4,上市,114,,,,,,,,,,,,,,,,,,,,,,297563197,,,,268296918,,,,361.22,307346983,453833805,,,,,,,,,7427603,,,334093522,,,17376367,631656719,,,,,,,,,,,,,,29266279,26746539,177822914,
,,,,3283995,,,2359,所羅門,,,-135037,,,,,,,,,,,,,,,,,,,,4,上市,114,-6042,,,,,0,,,,,,,,,,,,,,,,6271098,,,,5768978,,100432,,33.66,3558783,8026928,,,,,,,,,1714711,,,3830447,,,911351,10101545,,,,,,,,,,,,,,502120,271664,2074617,0
,,,,22825134,,,2360,致茂,,,638429,,,,,,,,,,,,,,,,,,,,4,上市,114,-30868,,,,,,,,,,,,,,,,,,,,,32562571,,,,31897732,,1654579,,75.30,9159193,26125666,,,,,,,,,4252457,,,14587481,,,4212580,47150052,,,,,,,,,,,,,,664839,5428288,21024386,0
,,,,40531589,,,2362,藍天,,,-2648022,,,,,,,,,,,,,,,,,,,,4,上市,114,-873442,,,,,0,,,,,,,,,,,,,,,,43357660,,,,43357660,,44263265,,75.01,15388220,19627723,,,,,,,,,6222630,,,57452348,,,124905,100810008,,,,,,,,,,,,,,,42064128,81182285,0
,,,,5021959,,,2363,矽統,,,6318923,,,,,,,,,,,,,,,,,,,,4,上市,114,,,,,,,,,,,,,,,,,,,,,,18412769,,,,18296355,,1,,35.53,1386634,4604660,,,,,,,,,5149882,,,2039158,,,1805591,20451927,,,,,,,,,,,,,,116414,652524,15847267,0
,,,,286659,,,2364,倫飛,,,29279,,,,,,,,,,,,,,,,,,,,4,上市,114,0,,,,,0,,,,,,,,,,,,,,,,810568,,,,839870,,0,,16.03,651004,923044,,,,,,,,,523897,,,706952,,,35,1517520,,,,,,,,,,,,,,-29302,55948,594476,0
,,,,1198507,,,2365,昆盈,,,-591390,,,,,,,,,,,,,,,,,,,,4,上市,114,,,,,,,,,,,,,,,,,,,,,,3092968,,,,3049919,,0,,13.77,190105,1762559,,,,,,,,,2215285,,,446991,,,227517,3539959,,,,,,,,,,,,,,43049,256886,1777400,0
,,,,1722723,,,2367,燿華,,,26301,,,,,,,,,,,,,,,,,,,,4,上市,114,0,,,,,0,,,,,,,,,,,,,,,,12858221,,,,12858221,,0,,18.21,8046250,8204863,,,,,,,,,7062532,,,11940652,,,4046665,24798873,,,,,,,,,,,,,,,3894402,16594010,0
,,,,20356883,,,2368,金像電,,,472796,,,,,,,,,,,,,,,,,,,,4,上市,114,-92754,,,,,,,,,,,,,,,,,,,,,33481159,,,,33481159,,5151375,,66.25,27553834,56337465,,,,,,,,,5105289,,,42265189,,,7638945,75746348,,,,,,,,,,,,,,,14711355,19408883,5398949
,,,,158115,,,2369,菱生,,,-23823,,,,,,,,,,,,,,,,,,,,4,上市,114,-176415,,,,,,,,,,,,,,,,,,,,,4978495,,,,4801213,,5658911,,12.82,1607142,3828563,,,,,,,,,3801023,,,2618057,,,1042313,7596552,,,,,,,,,,,,,,177282,1010915,3767989,0
,,,,18700293,,,2371,大同,,,4485192,,,,,,,,,,,,,,,,,,,,4,上市,114,-2215590,,,,,0,,,,,,,,,,,,,,,,54148970,,,,46269427,,104778243,,22.61,32644265,73223464,,,,,,,,,21508349,,,91693790,,,3791183,145842760,,,,,,,,,,,,,,7879543,59049525,72619296,0
,,,,4169821,,,2373,震旦行,,,-226905,,,,,,,,,,,,,,,,,,,,4,上市,114,-791826,,,,,,,,,,,,,,,,,,,,,8781031,,,,7476946,,12496797,,33.42,4766622,9686592,,,,,,,,,2362025,,,9042558,,,1963831,17823589,,,,,,,,,,,,,,1304085,4275936,8136997,0
,,,,3281877,,,2374,佳能,,,94189,,,,,,,,,,,,,,,,,,,,4,上市,114,-36,,,,,,,,,,,,,,,,,,,,,8305657,,,,8032030,,3600,,24.75,4051749,6190023,,,,,,,,,3245791,,,4083348,,,1410209,12389005,,,,,,,,,,,,,,273627,31599,6198982,0
,,,,4221778,,,2375,凱美,,,-170226,,,,,,,,,,,,,,,,,,,,4,上市,114,,,,,,0,,,,,,,,,,,,,,,,9871236,,,,9871236,,0,,90.83,4063675,6530483,,,,,,,,,1086753,,,4684056,,,4732931,14555292,,,,,,,,,,,,,,,620381,8024809,0
,,,,37995456,,,2376,技嘉,,,387800,,,,,,,,,,,,,,,,,,,,4,上市,114,,,,,,0,,,,,,,,,,,,,,,,61199203,,,,59100160,,0,,88.22,84483661,144263268,,,,,,,,,6698889,,,94926393,,,14018015,156125596,,,,,,,,,,,,,,2099043,10442732,11862328,0
,,,,45614913,,,2377,微星,,,-267705,,,,,,,,,,,,,,,,,,,,4,上市,114,,,,,,0,,,,,,,,,,,,,,,,54602389,,,,54602389,,0,,64.63,58874927,108601380,,,,,,,,,8448562,,,66352217,,,806619,120954606,,,,,,,,,,,,,,,7477290,12353226,0
,,,,42615429,,,2379,瑞昱,,,2808327,,,,,,,,,,,,,,,,,,,,4,上市,114,,,,,,0,,,,,,,,,,,,,,,,52212086,,,,52202368,,0,,101.26,74755910,97357079,,,,,,,,,5155126,,,77691277,,,1623486,129903363,,,,,,,,,,,,,,9718,2935367,32546284,0
,,,,-1682987,,,2380,虹光,,,-30233,,,,,,,,,,,,,,,,,,,,4,上市,114,-6669,,,,,0,,,,,,,,,,,,,,,,560513,,,,558763,,195879,,2.58,1661275,1691964,,,,,,,,,2169341,,,1932582,,,109311,2493095,,,,,,,,,,,,,,1750,271307,801131,0
,,,,185322339,,,2382,廣達,,,-1194320,,,,,,,,,,,,,,,,,,,,4,上市,114,-333094,,,,,0,,,,,,,,,,,,,,,,255744500,,,,243577029,,8108885,,63.19,1014155284,1232064478,,,,,,,,,38626274,,,1087367243,,,21155830,1343111743,,,,,,,,,,,,,,12167471,73211959,111047265,0
,,,,34744370,,,2383,台光電,,,606572,,,,,,,,,,,,,,,,,,,,4,上市,114,,,,,,0,,,,,,,,,,,,,,,,50435205,,,,50455503,,0,,140.81,46230740,73979669,,,,,,,,,3583211,,,57477331,,,11521350,107912536,,,,,,,,,,,,,,-20298,11246591,33932867,0
,,,,26822817,,,2385,群光,,,-488408,,,,,,,,,,,,,,,,,,,,4,上市,114,-273574,,,,,0,,,,,,,,,,,,,,,,52286169,,,,44332949,,32363233,,60.92,48018775,73393667,,,,,,,,,7600532,,,48709056,,,10671582,100995225,,,,,,,,,,,,,,7953220,690281,27601558,0
,,,,9169542,,,2387,精元,,,-625050,,,,,,,,,,,,,,,,,,,,4,上市,114,-23737,,,,,0,,,,,,,,,,,,,,,,11674422,,,,10606287,,1730000,,54.81,7769264,15452098,,,,,,,,,1952510,,,8457930,,,133022,20132352,,,,,,,,,,,,,,1068135,688666,4680254,0
,,,,7912427,,,2388,威盛,,,584767,,,,,,,,,,,,,,,,,,,,4,上市,114,,,,,,,,,,,,,,,,,,,,,,22793377,,,,21352391,,0,,38.42,11582795,24740041,,,,,,,,,5559083,,,13148246,,,7296114,35941623,,,,,,,,,,,,,,1440986,1565451,11201582,115000
,,,,-175971,,,2390,云辰,,,-44661,,,,,,,,,,,,,,,,,,,,4,上市,114,,,,,,,,,,,,,,,,,,,,,,2322488,,,,2322488,,0,,12.06,372898,1619457,,,,,,,,,1926194,,,384611,,,616926,2707099,,,,,,,,,,,,,,0,11713,1087642,0
,,,,7954261,,,2392,正崴,,,-1824118,,,,,,,,,,,,,,,,,,,,4,上市,114,-622774,,,,,0,,,,,,,,,,,,,,,,24890180,,,,22010120,,49503000,,47.56,75701520,65959979,,,,,,,,,5123269,,,97147808,,,11379482,122037988,,,,,,,,,,,,,,2880060,21446288,56078009,0
,,,,7346684,,,2393,億光,,,-628505,,,,,,,,,,,,,,,,,,,,4,上市,114,,,,,,,,,,,,,,,,,,,,,,20509916,,,,19971082,,0,,45.04,8166316,19640764,,,,,,,,,4433931,,,9089318,,,8818972,29599234,,,,,,,,,,,,,,538834,923002,9958470,0
,,,,33162960,,,2395,研華,,,1069064,,,,,,,,,,,,,,,,,,,,4,上市,114,,,,,,,,,,,,,,,,,,,,,,55049265,,,,54947481,,0,,63.46,16517343,42495527,,,,,,,,,8658303,,,20668259,,,12057154,75717524,,,,,,,,,,,,,,101784,4150916,33221997,640500
,,,,1432841,,,2397,友通,,,-73691,,,,,,,,,,,,,,,,,,,,4,上市,114,,,,,,0,,,,,,,,,,,,,,,,5701940,,,,3402911,,0,,29.72,4635956,7367275,,,,,,,,,1144889,,,6654137,,,898872,12356077,,,,,,,,,,,,,,2299029,2018181,4988802,0
,,,,338618,,,2399,映泰,,,14394,,,,,,,,,,,,,,,,,,,,4,上市,114,,,,,,,,,,,,,,,,,,,,,,2200790,,,,2200790,,0,,12.36,381020,2136029,,,,,,,,,1781000,,,424612,,,66778,2625402,,,,,,,,,,,,,,,43592,489373,0
,,,,1716444,,,2401,凌陽,,,-497699,,,,,,,,,,,,,,,,,,,,4,上市,114,-63401,,,,,,,,,,,,,,,,,,,,,10591578,,,,8211482,,3559996,,13.95,1850364,8324345,,,,,,,,,5919949,,,3407882,,,1136189,13999460,,,,,,,,,,,,,,2380096,1557518,5675115,0
,,,,1988856,,,2402,毅嘉,,,30575,,,,,,,,,,,,,,,,,,,,4,上市,114,0,,,,,,,,,,,,,,,,,,,,,7406949,,,,7406949,,0,,24.08,5278001,8972307,,,,,,,,,3075366,,,7983996,,,2312152,15390945,,,,,,,,,,,,,,,2705995,6418638,0
,,,,15920502,,,2404,漢唐,,,531271,,,,,,,,,,,,,,,,,,,,4,上市,114,-325240,,,,,0,,,,,,,,,,,,,,,,18867445,,,,18624769,,2000000,,98.76,58888523,74746288,,,,,,,,,1905867,,,59955517,,,592369,78822962,,,,,,,,,,,,,,242676,1066994,4076674,0
,,,,57415,,,2405,輔信,,,-44553,,,,,,,,,,,,,,,,,,,,4,上市,114,,,,,,,,,,,,,,,,,,,,,,3594542,,,,3483823,,0,,10.14,663492,1874890,,,,,,,,,3434273,,,794865,,,36688,4389407,,,,,,,,,,,,,,110719,131373,2514517,0
,,,,-154388,,,2406,國碩,,,-137630,,,,,,,,,,,,,,,,,,,,4,上市,114,,,,,,,,,,,,,,,,,,,,,,8380527,,,,3568197,,0,,10.17,3048608,6275187,,,,,,,,,3509057,,,8086024,,,351158,16466551,,,,,,,,,,,,,,4812330,5037416,10191364,0
,,,,104101855,,,2408,南亞科,,,2230933,,,,,,,,,,,,,,,,,,,,4,上市,114,,,,,,0,,,,,,,,,,,,,,,,170538356,,,,170399852,,0,,54.99,19019912,108540791,,,,,,,,,30986279,,,37914362,,,33080785,208452718,,,,,,,,,,,,,,138504,18894450,99911927,0
,,,,34863188,,,2409,友達,0,,-4207576,,,,,,,,,,,,,,,,,,,,4,上市,114,0,,,,,,,,,,,,,,,,,,,,,163840550,,,,151999444,,0,,20.14,123527758,138128946,,,,,,,,,75470990,,,218182497,,,45872842,382023047,,,,,,,,,,,,,,11841106,94654739,243894101,0
,,,,135212191,,,2412,中華電,,,1020169,,,,,,,,,,,,,,,,,,,,4,上市,114,,,,,,,,,,,,,,,,,,,,,,400790076,,,,386257711,,0,,49.79,78942022,117371085,,,,,,,,,77574465,,,135081875,,,172450886,535871951,,,,,,,,,,,,,,14532365,56139853,418500866,0
,,,,728344,,,2413,環科,,,-408916,,,,,,,,,,,,,,,,,,,,4,上市,114,0,,,,,,,,,,,,,,,,,,,,,2014391,,,,2014015,,0,,15.81,1090703,2711573,,,,,,,,,1273592,,,2148382,,,420995,4162773,,,,,,,,,,,,,,376,1057679,1451200,0
,,,,1321709,,,2414,精技,,,-7705,,,,,,,,,,,,,,,,,,,,4,上市,114,,,,,,,,,,,,,,,,,,,,,,4391719,,,,3227521,,0,,19.96,5726326,8554500,,,,,,,,,1617358,,,5952019,,,296159,10343738,,,,,,,,,,,,,,1164198,225693,1789238,0
,,,,618658,,,2415,錩新,,,-39337,,,,,,,,,,,,,,,,,,,,4,上市,114,,,,,,,,,,,,,,,,,,,,,,3088617,,,,1693175,,0,,18.81,6102484,8277257,,,,,,,,,900000,,,6806537,,,213854,9895154,,,,,,,,,,,,,,1395442,704053,1617897,0
,,,,1097767,,,2417,圓剛,0,,-7003,,,,,,,,,,,,,,,,,,,,4,上市,114,-639104,,,,,0,,,,,,,,,,,,,,,,3895291,,,,2765781,,27193600,,21.26,1494716,3357762,,,,,,,,,1572939,,,1817841,,,741182,5713132,,,,,,,,,,,,,,1129510,323125,2355370,0
,,,,184553,,,2419,仲琦,,,190586,,,,,,,,,,,,,,,,,,,,4,上市,114,,,,,,0,,,,,,,,,,,,,,,,6108596,,,,4741782,,0,,14.76,4486510,8866618,,,,,,,,,3213172,,,4885451,,,1153471,10994047,,,,,,,,,,,,,,1366814,398941,2127429,0
,,,,2312051,,,2420,新巨,,,830,,,,,,,,,,,,,,,,,,,,4,上市,114,,,,,,,,,,,,,,,,,,,,,,3995924,,,,3977419,,0,,26.06,628254,2273025,,,,,,,,,1526487,,,1613446,,,138051,5609370,,,,,,,,,,,,,,18505,985192,3336345,0
,,,,4956126,,,2421,建準,0,,-244321,,,,,,,,,,,,,,,,,,,,4,上市,114,-77943,,,,,,,,,,,,,,,,,,,,,8887087,,,,8887087,,904000,,32.61,7189031,13193298,,,,,,,,,2734437,,,8539441,,,1518788,17426528,,,,,,,,,,,,,,0,1350410,4233230,0
,,,,1632956,,,2423,固緯,,,-123869,,,,,,,,,,,,,,,,,,,,4,上市,114,,,,,,0,,,,,,,,,,,,,,,,2963716,,,,2963716,,0,,20.43,653183,2422190,,,,,,,,,1450472,,,774301,,,4157,3738017,,,,,,,,,,,,,,,121118,1315827,0
,,,,-298679,,,2424,隴華,,,2020,,,,,,,,,,,,,,,,,,,,4,上市,114,,,,,,0,,,,,,,,,,,,,,,,333946,,,,310951,,0,,5.22,117963,234968,,,,,,,,,595850,,,159581,,,11760,493527,,,,,,,,,,,,,,22995,41618,258559,0
,,,,1439521,,,2425,承啟,,,18679,,,,,,,,,,,,,,,,,,,,4,上市,114,,,,,,0,,,,,,,,,,,,,,,,2872506,,,,2423288,,0,,25.11,2071475,4854743,,,,,,,,,964988,,,2163649,,,100,5036155,,,,,,,,,,,,,,449218,92174,181412,0
,,,,532250,,,2426,鼎元,,,-35485,,,,,,,,,,,,,,,,,,,,4,上市,114,,,,,,,,,,,,,,,,,,,,,,3769717,,,,3769717,,0,,12.54,782298,2591456,,,,,,,,,3006223,,,864607,,,266729,4634324,,,,,,,,,,,,,,0,82309,2042868,0
,,,,903361,,,2427,三商電,,,63533,,,,,,,,,,,,,,,,,,,,4,上市,114,,,,,,,,,,,,,,,,,,,,,,3290413,,,,3290413,,0,,16.62,2260935,4717654,,,,,,,,,1979996,,,3727871,,,343523,7018284,,,,,,,,,,,,,,0,1466936,2300630,0
,,,,9553162,,,2428,興勤,,,-13137,,,,,,,,,,,,,,,,,,,,4,上市,114,,,,,,,,,,,,,,,,,,,,,,11280988,,,,11174059,,0,,87.22,2870001,10614414,,,,,,,,,1281127,,,5295925,,,352907,16576913,,,,,,,,,,,,,,106929,2425924,5962499,0
,,,,-522015,,,2429,銘旺科,,,-13214,,,,,,,,,,,,,,,,,,,,4,上市,114,,,,,,,,,,,,,,,,,,,,,,783505,,,,770970,,0,,9.02,419354,487995,,,,,,,,,855000,,,965944,,,451199,1749449,,,,,,,,,,,,,,12535,546590,1261454,0
,,,,2060970,,,2430,燦坤,,,-71258,,,,,,,,,,,,,,,,,,,,4,上市,114,,,,,,,,,,,,,,,,,,,,,,4408552,,,,4408552,,0,,37.74,4237975,3652551,,,,,,,,,1168000,,,8417150,,,1250840,12825702,,,,,,,,,,,,,,,4179175,9173151,0
,,,,-132931,,,2431,聯昌,,,-48225,,,,,,,,,,,,,,,,,,,,4,上市,114,,,,,,0,,,,,,,,,,,,,,,,1087452,,,,1087452,,0,,9.80,184661,1000795,,,,,,,,,1109270,,,209065,,,159338,1296517,,,,,,,,,,,,,,,24404,295722,0
,,,,254064,,,2432,倚天酷碁-創,0,,-109550,,,,,,,,,,,,,,,,,,,,4,上市,114,,,,,,0,,,,,,,,,,,,,,,,1185487,,,,1185487,,0,,19.16,488430,1488076,,,,,,,,,618600,,,514900,,,422373,1700387,,,,,,,,,,,,,,,26470,212311,0
,,,,1535358,,,2433,互盛電,,,324297,,,,,,,,,,,,,,,,,,,,4,上市,114,,,,,,,,,,,,,,,,,,,,,,4104217,,,,3347258,,0,,23.17,1790249,3711568,,,,,,,,,1444960,,,3226226,,,42643,7330443,,,,,,,,,,,,,,756959,1435977,3618875,0
,,,,6014,,,2434,統懋,,,-5977,,,,,,,,,,,,,,,,,,,,4,上市,114,,,,,,,,,,,,,,,,,,,,,,471456,,,,471456,,0,,12.74,113831,159774,,,,,,,,,370000,,,232066,,,101419,703522,,,,,,,,,,,,,,,118235,543748,0
,,,,979265,,,2436,偉詮電,,,-40597,,,,,,,,,,,,,,,,,,,,4,上市,114,-193745,,,,,0,,,,,,,,,,,,,,,,4153804,,,,4142361,,2822000,,21.02,1818570,4705956,,,,,,,,,1999281,,,1979023,,,1398157,6132827,,,,,,,,,,,,,,11443,160453,1426871,0
,,,,-334426,,,2438,翔耀,,,-52604,,,,,,,,,,,,,,,,,,,,4,上市,114,-17920,,,,,,,,,,,,,,,,,,,,,564276,,,,324334,,3000000,,5.21,766653,723861,,,,,,,,,651956,,,1240023,,,77328,1804299,,,,,,,,,,,,,,239942,473370,1080438,0
,,,,7310841,,,2439,美律,,,-780006,,,,,,,,,,,,,,,,,,,,4,上市,114,,,,,,0,,,,,,,,,,,,,,,,19087825,,,,17549321,,0,,69.14,20331321,31548152,,,,,,,,,2538269,,,25706744,,,8480217,44794569,,,,,,,,,,,,,,1538504,5375423,13246417,0
,,,,-225873,,,2440,太空梭,,,406116,,,,,,,,,,,,,,,,,,,,4,上市,114,,,,,,,,,,,,,,,,,,,,,,1576525,,,,1576525,,0,,11.33,1165031,2005592,,,,,,,,,1391173,,,1251364,,,5109,2827889,,,,,,,,,,,,,,,86333,822297,0
,,,,17091073,,,2441,超豐,,,1369887,,,,,,,,,,,,,,,,,,,,4,上市,114,,,,,,,,,,,,,,,,,,,,,,24154028,,,,24152194,,0,,42.46,3589259,11474881,,,,,,,,,5688459,,,3874974,,,2775,28029002,,,,,,,,,,,,,,1834,285715,16554121,0
,,,,3279726,,,2442,新美齊,,,-56842,,,,,,,,,,,,,,,,,,,,4,上市,114,,,,,,0,,,,,,,,,,,,,,,,7807668,,,,6186816,,0,,22.48,16312790,23091884,,,,,,,,,2752321,,,17620190,,,211611,25427858,,,,,,,,,,,,,,1620852,1307400,2335974,0
,,,,-356565,,,2444,兆勁,0,,-10331,,,,,,,,,,,,,,,,,,,,4,上市,114,0,,,,,,,,,,,,,,,,,,,,,796133,,,,791133,,0,,7.79,546837,1064055,,,,,,,,,1015696,,,1028994,,,142333,1825127,,,,,,,,,,,,,,5000,482157,761072,0
,,,,28247357,,,2449,京元電子,,,4873563,,,,,,,,,,,,,,,,,,,,4,上市,114,,,,,,,,,,,,,,,,,,,,,,50437749,,,,50429320,,0,,41.24,15919138,28919291,,,,,,,,,12227451,,,50740202,,,5080949,101177951,,,,,,,,,,,,,,8429,34821064,72258660,0
,,,,3148517,,,2450,神腦,,,-29116,,,,,,,,,,,,,,,,,,,,4,上市,114,,,,,,,,,,,,,,,,,,,,,,6448811,,,,6440127,,0,,24.94,3889511,7103734,,,,,,,,,2582527,,,4244723,,,738199,10693534,,,,,,,,,,,,,,8684,355212,3589800,0
,,,,15975162,,,2451,創見,,,-18892,,,,,,,,,,,,,,,,,,,,4,上市,114,,,,,,0,,,,,,,,,,,,,,,,23020960,,,,23020960,,0,,53.45,2972836,19684473,,,,,,,,,4307017,,,3205268,,,2757673,26226228,,,,,,,,,,,,,,,232432,6541755,0
,,,,1196124,,,2453,凌群,,,37663,,,,,,,,,,,,,,,,,,,,4,上市,114,0,,,,,0,,,,,,,,,,,,,,,,2246828,,,,2236032,,0,,22.36,2187001,3781670,,,,,,,,,1000000,,,2263764,,,2245,4510592,,,,,,,,,,,,,,10796,76763,728922,0
,,,,319539036,,,2454,聯發科,,,30479076,,,,,,,,,,,,,,,,,,,,4,上市,114,-55970,,,,,,,,,,,,,,,,,,,,,409195021,,,,400600988,,7794085,,250.98,303349808,397456191,,,,,,,,,16039122,,,334589784,,,34599724,743784805,,,,,,,,,,,,,,8594033,31239976,346328614,0
,,,,1462081,,,2455,全新,,,-46200,,,,,,,,,,,,,,,,,,,,4,上市,114,0,,,,,0,,,,,,,,,,,,,,,,3294696,,,,,,0,,17.82,778315,2306884,,,,,,,,,1849059,,,1381959,,,29756,4676655,,,,,,,,,,,,,,,603644,2369771,0
,,,,465123,,,2457,飛宏,,,-225893,,,,,,,,,,,,,,,,,,,,4,上市,114,0,,,,,,,,,,,,,,,,,,,,,8972076,,,,8972076,,0,,21.12,4665927,8312648,,,,,,,,,4247724,,,5001119,,,4485122,13973195,,,,,,,,,,,,,,0,335192,5660547,0
,,,,6995705,,,2458,義隆,0,,-67318,,,,,,,,,,,,,,,,,,,,4,上市,114,-833375,,,,,,,,,,,,,,,,,,,,0,10455522,,,,10316123,,17557199,,36.03,3158020,8009641,,,,,,,,,3038804,,,5116174,,,1182307,15571696,,,,,,,,,,,,,,139399,1958154,7562055,0
,,,,4318561,,,2459,敦吉,,,162240,,,,,,,,,,,,,,,,,,,,4,上市,114,,,,,,,,,,,,,,,,,,,,,,6104868,,,,5718652,,0,,54.16,2340221,6557073,,,,,,,,,1055956,,,3263490,,,181895,9368358,,,,,,,,,,,,,,386216,923269,2811285,0
,,,,-396815,,,2460,建通,,,-80922,,,,,,,,,,,,,,,,,,,,4,上市,114,0,,,,,,,,,,,,,,,,,,,,,1509298,,,,1509298,,0,,8.92,2950090,2840097,,,,,,,,,1692000,,,3463272,,,295035,4972570,,,,,,,,,,,,,,,513182,2132473,0
,,,,746492,,,2461,光群雷,,,-222986,,,,,,,,,,,,,,,,,,,,4,上市,114,-49556,,,,,,,,,,,,,,,,,,,,,3797039,,,,3003192,,2864000,,17.52,2973339,3996097,,,,,,,,,1743139,,,4210236,,,786103,8007275,,,,,,,,,,,,,,793847,1236897,4011178,0
,,,,1371735,,,2462,良得電,,,-194600,,,,,,,,,,,,,,,,,,,,4,上市,114,,,,,,0,,,,,,,,,,,,,,,,3669954,,,,3276227,,0,,21.73,1878766,3313782,,,,,,,,,1507844,,,2190812,,,591248,5860766,,,,,,,,,,,,,,393727,312046,2546984,0
,,,,1901580,,,2464,盟立,,,-57385,,,,,,,,,,,,,,,,,,,,4,上市,114,,,,,,0,,,,,,,,,,,,,,,,5005671,,,,4942260,,0,,23.94,5850293,7567897,,,,,,,,,2064512,,,6289235,,,1033553,11294906,,,,,,,,,,,,,,63411,438942,3727009,0
,,,,-218438,,,2465,麗臺,,,1958,,,,,,,,,,,,,,,,,,,,4,上市,114,,,,,,0,,,,,,,,,,,,,,,,1086602,,,,1086602,,0,,11.57,356865,1148105,,,,,,,,,939460,,,412660,,,363622,1499262,,,,,,,,,,,,,,0,55795,351157,0
,,,,213697,,,2466,冠西電,,,-244713,,,,,,,,,,,,,,,,,,,,4,上市,114,,,,,,,,,,,,,,,,,,,,,,2007409,,,,2007409,,0,,11.57,727498,833715,,,,,,,,,1734587,,,2275420,,,303838,4282829,,,,,,,,,,,,,,,1547922,3449114,0
,,,,1643995,,,2467,志聖,,,2993610,,,,,,,,,,,,,,,,,,,,4,上市,114,-253897,,,,,0,,,,,,,,,,,,,,,,6988660,,,,6539767,,4468143,,42.94,5060637,6800510,,,,,,,,,1567553,,,8324548,,,588506,15313208,,,,,,,,,,,,,,448893,3263911,8512698,0
,,,,514262,,,2468,華經,,,-977,,,,,,,,,,,,,,,,,,,,4,上市,114,,,,,,,,,,,,,,,,,,,,,,1275258,,,,1275258,,0,,18.23,1088958,1741531,,,,,,,,,699612,,,1116065,,,62361,2391323,,,,,,,,,,,,,,,27107,649792,0
,,,,319396,,,2471,資通,,,-3985,,,,,,,,,,,,,,,,,,,,4,上市,114,,,,,,0,,,,,,,,,,,,,,,,948162,,,,944450,,0,,19.99,522569,1295804,,,,,,,,,472539,,,594698,,,156500,1542860,,,,,,,,,,,,,,3712,72129,247056,0
,,,,5388533,,,2472,立隆電,,,-616,,,,,,,,,,,,,,,,,,,,4,上市,114,,,,,,0,,,,,,,,,,,,,,,,13797550,,,,9092932,,0,,55.20,3623303,11369259,,,,,,,,,1647351,,,4410105,,,2057664,18207655,,,,,,,,,,,,,,4704618,786802,6838396,0
,,,,126087934,,,2474,可成,,,-3854876,,,,,,,,,,,,,,,,,,,,4,上市,114,-886617,,,,,,,,,,,,,,,,,,,,,146195212,,,,142844857,,4301000,,242.99,74443113,114372320,,,,,,,,,5921691,,,81822408,,,15576725,228017620,,,,,,,,,,,,,,3350355,7379295,113645300,0
,,,,5282352,,,2476,鉅祥,,,167368,,,,,,,,,,,,,,,,,,,,4,上市,114,,,,,,,,,,,,,,,,,,,,,,9564019,,,,8881235,,0,,40.79,2387447,8925111,,,,,,,,,2177532,,,3570792,,,1253983,13134811,,,,,,,,,,,,,,682784,1183345,4209700,1132296
,,,,2605683,,,2477,美隆電,,,-727,,,,,,,,,,,,,,,,,,,,4,上市,114,,,,,,,,,,,,,,,,,,,,,,4531906,,,,4196972,,0,,26.47,2212048,5445408,,,,,,,,,1585732,,,3773073,,,6284,8304979,,,,,,,,,,,,,,334934,1561025,2859571,0
,,,,4426849,,,2478,大毅,,,-298367,,,,,,,,,,,,,,,,,,,,4,上市,114,-87880,,,,,,,,,,,,,,,,,,,,,7133912,,,,7013387,,2000000,,49.14,2141501,5764957,,,,,,,,,1447313,,,3057537,,,1525472,10191449,,,,,,,,,,,,,,120525,916036,4426492,0
,,,,2288424,,,2480,敦陽科,,,1762,,,,,,,,,,,,,,,,,,,,4,上市,114,0,,,,,0,,,,,,,,,,,,,,,,3520303,,,,3520303,,0,,33.10,4476730,6891371,,,,,,,,,1063603,,,4543270,,,166514,8063573,,,,,,,,,,,,,,0,66540,1172202,0
,,,,5121319,,,2481,強茂,,,-405934,,,,,,,,,,,,,,,,,,,,4,上市,114,,,,,,,,,,,,,,,,,,,,,,16127338,,,,14672558,,0,,38.40,7518948,15762527,,,,,,,,,3821149,,,13391954,,,6136024,29519292,,,,,,,,,,,,,,1454780,5873006,13756765,0
,,,,186871,,,2482,連宇,,,-27114,,,,,,,,,,,,,,,,,,,,4,上市,114,,,,,,,,,,,,,,,,,,,,,,1086880,,,,1086572,,0,,13.95,209354,941994,,,,,,,,,778827,,,232060,,,147988,1318940,,,,,,,,,,,,,,308,22706,376946,0
,,,,1137331,,,2483,百容,,,119114,,,,,,,,,,,,,,,,,,,,4,上市,114,-9223,,,,,,,,,,,,,,,,,,,,,2566396,,,,2553257,,473000,,23.77,965391,1456840,,,,,,,,,1078898,,,1594063,,,227137,4160459,,,,,,,,,,,,,,13139,628672,2703619,0
,,,,1386045,,,2484,希華,,,68280,,,,,,,,,,,,,,,,,,,,4,上市,114,,,,,,,,,,,,,,,,,,,,,,3777173,,,,3771297,,0,,23.66,576955,2364436,,,,,,,,,1594210,,,901225,,,722762,4678398,,,,,,,,,,,,,,5876,324270,2313962,0
,,,,1501390,,,2485,兆赫,,,-111512,,,,,,,,,,,,,,,,,,,,4,上市,114,,,,,,0,,,,,,,,,,,,,,,,5284783,,,,5116460,,0,,16.11,1202994,3949738,,,,,,,,,3176890,,,1257591,,,549692,6542374,,,,,,,,,,,,,,168323,54597,2592636,0
,,,,255347,,,2486,一詮,,,-136567,,,,,,,,,,,,,,,,,,,,4,上市,114,-154397,,,,,0,,,,,,,,,,,,,,,,5482276,,,,5187414,,2000000,,22.36,2588176,5630982,,,,,,,,,2339586,,,6905917,,,2883445,12388193,,,,,,,,,,,,,,294862,4317741,6757211,0
,,,,2020808,,,2488,漢平,,,-47140,,,,,,,,,,,,,,,,,,,,4,上市,114,,,,,,0,,,,,,,,,,,,,,,,2807733,,,,2807733,,0,,35.10,756715,2933990,,,,,,,,,799994,,,997789,,,34071,3805522,,,,,,,,,,,,,,,241074,871532,0
,,,,5257566,,,2489,瑞軒,,,-242158,,,,,,,,,,,,,,,,,,,,4,上市,114,,,,,,0,,,,,,,,,,,,,,,,13540479,,,,13377071,,0,,21.93,7552491,16434206,,,,,,,,,6100000,,,7951336,,,2261663,21491815,,,,,,,,,,,,,,163408,398845,5057609,0
,,,,26923,,,2491,吉祥全,,,0,,,,,,,,,,,,,,,,,,,,4,上市,114,,,,,,0,,,,,,,,,,,,,,,,1333210,,,,929274,,0,,11.33,305505,1543893,,,,,,,,,820080,,,347598,,,82271,1680808,,,,,,,,,,,,,,403936,42093,136915,0
,,,,38521047,,,2492,華新科,,,5757026,,,,,,,,,,,,,,,,,,,,4,上市,114,-236380,,,,,,,,,,,,,,,,,,,,,62789969,,,,52037530,,1000000,,107.34,22283858,33441880,,,,,,,,,4858048,,,41636723,,,3137789,104426692,,,,,,,,,,,,,,10752439,19352865,70984812,0
,,,,1547035,,,2493,揚博,,,108462,,,,,,,,,,,,,,,,,,,,4,上市,114,,,,,,0,,,,,,,,,,,,,,,,3245485,,,,3245485,,0,,25.60,1978485,4108617,,,,,,,,,1267965,,,2145691,,,322023,5391176,,,,,,,,,,,,,,,167206,1282559,0
,,,,1748696,,,2495,普安,,,14551,,,,,,,,,,,,,,,,,,,,4,上市,114,,,,,,0,,,,,,,,,,,,,,,,4587638,,,,4587638,,0,,16.77,2712130,6600242,,,,,,,,,2735515,,,2779378,,,88876,7367016,,,,,,,,,,,,,,0,67248,766774,0
,,,,400267,,,2496,卓越,,,72,,,,,,,,,,,,,,,,,,,,4,上市,114,0,,,,,,,,,,,,,,,,,,,,,891936,,,,886786,,0,,46.43,519648,504403,,,,,,,,,191004,,,596306,,,295443,1488242,,,,,,,,,,,,,,5150,76658,983839,0
,,,,685238,,,2497,怡利電,,,48132,,,,,,,,,,,,,,,,,,,,4,上市,114,0,,,,,,,,,,,,,,,,,,,,,2355329,,,,2355329,,0,,19.95,1728699,2849235,,,,,,,,,1180877,,,1983931,,,441082,4339260,,,,,,,,,,,,,,,255232,1490025,0
,,,,5179943,,,2498,宏達電,,,-3283907,,,,,,,,,,,,,,,,,,,,4,上市,114,,,,,,,,,,,,,,,,,,,,,,26596691,,,,26596691,,0,,31.81,9463557,14429472,,,,,,,,,8360211,,,11858018,,,16340444,38454709,,,,,,,,,,,,,,,2394461,24025237,0
,,,,16829076,,,2501,國建,,,2102827,,,,,,,,,,,,,,,,,,,,4,上市,114,,,,,,,,,,,,,,,,,,,,,,32876635,,,,30698434,,0,,26.47,42769891,66487782,,,,,,,,,11595611,,,58014119,,,170920,90890754,,,,,,,,,,,,,,2178201,15244228,24402972,0
,,,,14051277,,,2504,國產,,,9046,,,,,,,,,,,,,,,,,,,,4,上市,114,-4789,,,,,,,,,,,,,,,,,,,,,28334180,,,,27083832,,3116108,,23.01,9036351,13278348,,,,,,,,,11800000,,,18323573,,,1228298,46657753,,,,,,,,,,,,,,1250348,9287222,33379405,0
,,,,6542120,,,2505,國揚,,,-74970,,,,,,,,,,,,,,,,,,,,4,上市,114,,,,,,0,,,,,,,,,,,,,,,,11065257,,,,10894833,,0,,28.67,11519368,19969135,,,,,,,,,3800000,,,11648641,,,627683,22713898,,,,,,,,,,,,,,170424,129273,2744763,0
,,,,2909809,,,2506,太設,,,802482,,,,,,,,,,,,,,,,,,,,4,上市,114,-193207,,,,,,,,,,,,,,,,,,,,,9721207,,,,7798993,,25443994,,21.57,4281389,8910912,,,,,,,,,3870000,,,4921052,,,409909,14642259,,,,,,,,,,,,,,1922214,639663,5731347,0
,,,,1171013,,,2509,全坤建,,,-45597,,,,,,,,,,,,,,,,,,,,4,上市,114,,,,,,0,,,,,,,,,,,,,,,,4205366,,,,3912359,,0,,17.42,8939337,10903527,,,,,,,,,2245505,,,9426615,,,541438,13631981,,,,,,,,,,,,,,293007,487278,2728454,0
,,,,5606767,,,2511,太子,,,1655615,,,,,,,,,,,,,,,,,,,,4,上市,114,-1003,,,,,0,,,,,,,,,,,,,,,,25944375,,,,25755153,,655424,,15.87,5388669,21016716,,,,,,,,,16233261,,,21203083,,,2260513,47147458,,,,,,,,,,,,,,189222,15814414,26130742,0
,,,,9286359,,,2514,龍邦,,,-157738,,,,,,,,,,,,,,,,,,,,4,上市,114,-614333,,,,,,,,,,,,,,,,,,,,,21000160,,,,12686490,,36608592,,35.43,10114651,14975640,,,,,,,,,3947293,,,17906248,,,224909,38906408,,,,,,,,,,,,,,8313670,7791597,23930768,0
,,,,7960980,,,2515,中工,,,-1537754,,,,,,,,,,,,,,,,,,,,4,上市,114,,,,,,,,,,,,,,,,,,,,,,22727766,,,,22598799,,0,,14.05,27405802,58648089,,,,,,,,,16079041,,,45004709,,,96532,67732475,,,,,,,,,,,,,,128967,17598907,9084386,0
,,,,-314420,,,2516,新建,,,89748,,,,,,,,,,,,,,,,,,,,4,上市,114,,,,,,0,,,,,,,,,,,,,,,,2051269,,,,2051269,,0,,9.07,5792253,6352023,,,,,,,,,2262785,,,5922418,,,13156,7973687,,,,,,,,,,,,,,,130165,1621664,0
,,,,16918197,,,2520,冠德,,,-28453,,,,,,,,,,,,,,,,,,,,4,上市,114,-98702,,,,,,,,,,,,,,,,,,,,,29545099,,,,24416182,,13865008,,40.99,28246463,52646088,,,,,,,,,6094871,,,35296633,,,1530269,64841732,,,,,,,,,,,,,,5128917,7050170,12195644,0
,,,,17332382,,,2524,京城,,,0,,,,,,,,,,,,,,,,,,,,4,上市,114,0,,,,,0,,,,,,,,,,,,,,,,21026445,,,,21026445,,0,,57.45,14280257,39056675,,,,,,,,,3659835,,,18873560,,,34228,39900005,,,,,,,,,,,,,,,4593303,843330,0
,,,,4289438,,,2527,宏璟,,,10225281,,,,,,,,,,,,,,,,,,,,4,上市,114,-455812,,,,,,,,,,,,,,,,,,,,,17515483,,,,17150602,,8547695,,65.52,12029188,15908455,,,,,,,,,2703060,,,15460165,,,388635,32975648,,,,,,,,,,,,,,364881,3430977,17067193,0
,,,,1915472,,,2528,皇普,,,0,,,,,,,,,,,,,,,,,,,,4,上市,114,,,,,,,,,,,,,,,,,,,,,,7890343,,,,,,0,,18.18,11484102,21655367,,,,,,,,,4340264,,,14569687,,,1634607,22460030,,,,,,,,,,,,,,,3085585,804663,0
,,,,638398,,,2530,華建,,,4167,,,,,,,,,,,,,,,,,,,,4,上市,114,,,,,,,,,,,,,,,,,,,,,,10304086,,,,10085747,,0,,12.01,19069681,30448102,,,,,,,,,8412557,,,20393689,,,1030625,30697775,,,,,,,,,,,,,,218339,1324008,249673,0
,,,,7988496,,,2534,宏盛,,,27859,,,,,,,,,,,,,,,,,,,,4,上市,114,-45822,,,,,,,,,,,,,,,,,,,,,15054979,,,,15054979,,1227150,,31.83,12593972,16900057,,,,,,,,,4742280,,,16557090,,,2342166,31612069,,,,,,,,,,,,,,,3963118,14712012,0
,,,,5362667,,,2535,達欣工,,,-24473,,,,,,,,,,,,,,,,,,,,4,上市,114,-124076,,,,,,,,,,,,,,,,,,,,,10682654,,,,10340060,,10902228,,39.79,15959429,28254874,,,,,,,,,2707940,,,19839027,,,2418002,30521681,,,,,,,,,,,,,,342594,3879598,2266807,0
,,,,7288191,,,2536,宏普,0,,0,,,,,,,,,,,,,,,,,,,,4,上市,114,0,,,,,,,,,,,,,,,,,,,,,13583822,,,,12658626,,0,,38.04,23856833,37845988,,,,,,,,,3328087,,,27638277,,,2042348,41222099,,,,,,,,,,,,,,925196,3781444,3376111,0
,,,,863902,,,2537,聯上發,,,0,,,,,,,,,,,,,,,,,,,,4,上市,114,,,,,,,,,,,,,,,,,,,,,,4434363,,,,,,0,,14.75,13249063,17978310,,,,,,,,,3005579,,,14089761,,,564882,18524124,,,,,,,,,,,,,,,840698,545814,0
,,,,1406576,,,2538,基泰,,,-198453,,,,,,,,,,,,,,,,,,,,4,上市,114,,,,,,,,,,,,,,,,,,,,,,5716975,,,,5716975,,0,,12.85,11962744,16829892,,,,,,,,,4450255,,,12017093,,,58597,17734068,,,,,,,,,,,,,,0,54349,904176,0
,,,,5883869,,,2539,櫻花建,,,0,,,,,,,,,,,,,,,,,,,,4,上市,114,,,,,,,,,,,,,,,,,,,,,,17910255,,,,17910255,,0,,15.01,12339423,32382031,,,,,,,,,11931025,,,14570519,,,95361,32480774,,,,,,,,,,,,,,0,2231096,98743,0
,,,,1399461,,,2540,愛山林,,,0,,,,,,,,,,,,,,,,,,,,4,上市,114,0,,,,,,,,,,,,,,,,,,,,,16426798,,,,16426798,,0,,17.39,38275613,54428386,,,,,,,,,9448741,,,43897585,,,5578596,60324383,,,,,,,,,,,,,,0,5621972,5895997,0
,,,,22671543,,,2542,興富發,0,,368,,,,,,,,,,,,,,,,,,,,4,上市,114,-966562,,,,,0,,,,,,,,,,,,,,,0,63022793,,,,52754239,,61145835,,24.98,187440800,250721466,,,,,,,,,21730835,,,213181235,,,9318055,276204028,,,,,,,,,,,,,,10268554,25740435,25482562,0
,,,,1458354,,,2543,皇昌,,,0,,,,,,,,,,,,,,,,,,,,4,上市,114,-143139,,,,,,,,,,,,,,,,,,,,,10327231,,,,9937380,,2359000,,18.75,8268691,9788164,,,,,,,,,5323839,,,10104192,,,3298326,20431423,,,,,,,,,,,,,,389851,1835501,10643259,0
,,,,9608695,,,2545,皇翔,,,,,,,,,,,,,,,,,,,,,,,4,上市,114,,,,,,,,,,,,,,,,,,,,,,14938609,,,,14938609,,0,,39.34,26045697,41540903,,,,,,,,,3797348,,,45379018,,,1532566,60317627,,,,,,,,,,,,,,,19333321,18776724,0
,,,,3986523,,,2546,根基,,,222360,,,,,,,,,,,,,,,,,,,,4,上市,114,,,,,,0,,,,,,,,,,,,,,,,6033362,,,,6033142,,0,,46.22,8807137,14234292,,,,,,,,,1305242,,,9145976,,,519017,15179338,,,,,,,,,,,,,,220,338839,945046,0
,,,,3532964,,,2547,日勝生,,,-3984,,,,,,,,,,,,,,,,,,,,4,上市,114,,,,,,,,,,,,,,,,,,,,,,15403957,,,,14276106,,0,,13.79,20797462,19937389,,,,,,,,,10350946,,,48079036,,,396180,63482993,,,,,,,,,,,,,,1127851,27281574,43545604,0
,,,,18363152,,,2548,華固,,,35743,,,,,,,,,,,,,,,,,,,,4,上市,114,-850,,,,,0,,,,,,,,,,,,,,,,22422585,,,,22415272,,201378,,70.15,23397185,51759382,,,,,,,,,3197187,,,31834496,,,820040,54257081,,,,,,,,,,,,,,7313,8437311,2497699,0
,,,,4553116,,,2597,潤弘,,,559811,,,,,,,,,,,,,,,,,,,,4,上市,114,,,,,,0,,,,,,,,,,,,,,,,11028687,,,,9066291,,0,,29.18,11681090,15091227,,,,,,,,,3107160,,,15912341,,,846204,26941028,,,,,,,,,,,,,,1962396,4231251,11849801,0
,,,,-1699874,,,2601,益航,0,,460686,,,,,,,,,,,,,,,,,,,,4,上市,114,,,,,,,,,,,,,,,,,,,,,,7446943,,,,7364475,,0,,8.93,3096129,3094638,,,,,,,,,8247761,,,4334353,,,355902,11781296,,,,,,,,,,,,,,82468,1238224,8686658,0
,,,,502181391,,,2603,長榮,,,19641592,,,,,,,,,,,,,,,,,,,,4,上市,114,,,,,,0,,,,,,,,,,,,,,,,586223731,,,,563818129,,0,,260.42,146353474,233728195,,,,,,,,,21650430,,,308108445,,,20344716,894332176,,,,,,,,,,,,,,22405602,161754971,660603981,0
,,,,11920296,,,2605,新興,,,-473650,,,,,,,,,,,,,,,,,,,,4,上市,114,,,,,,,,,,,,,,,,,,,,,,17466065,,,,17466065,,0,,29.84,4534891,8763500,,,,,,,,,5853533,,,4547969,,,165886,22014034,,,,,,,,,,,,,,,13078,13250534,0
,,,,26398568,,,2606,裕民,,,3914375,,,,,,,,,,,,,,,,,,,,4,上市,114,,,,,,,,,,,,,,,,,,,,,,38879345,,,,38879345,,0,,46.01,15340876,27640910,,,,,,,,,8450557,,,48541676,,,115845,87421021,,,,,,,,,,,,,,0,33200800,59780111,0
,,,,16579901,,,2607,榮運,,,4345212,,,,,,,,,,,,,,,,,,,,4,上市,114,,,,,,0,,,,,,,,,,,,,,,,30864360,,,,30529709,,0,,57.22,4617585,14577750,,,,,,,,,5335705,,,11443820,,,4268891,42308180,,,,,,,,,,,,,,334651,6826235,27730430,0
,,,,7743308,,,2608,嘉里大榮,,,82491,,,,,,,,,,,,,,,,,,,,4,上市,114,,,,,,,,,,,,,,,,,,,,,,13204024,,,,12498112,,0,,26.76,3376824,3956471,,,,,,,,,4670005,,,11386221,,,2308,24590245,,,,,,,,,,,,,,705912,8009397,20633774,0
,,,,263161704,,,2609,陽明,,,-207107,,,,,,,,,,,,,,,,,,,,4,上市,114,,,,,,,,,,,,,,,,,,,,,,326601953,,,,325850670,,0,,93.31,44069017,207161946,,,,,,,,,34921043,,,127626417,,,27975030,454228370,,,,,,,,,,,,,,751283,83557400,247066424,0
,,,,31098554,,,2610,華航,,,-229921,,,,,,,,,,,,,,,,,,,,4,上市,114,-30875,,,,,,,,,,,,,,,,,,,,,102540218,,,,97583792,,2074628,,16.04,95442655,86902257,,,,,,,,,60853733,,,252283699,,,5892301,354823917,,,,,,,,,,,,,,4956426,156841044,267921660,0
,,,,809184,,,2611,志信,,,-25653,,,,,,,,,,,,,,,,,,,,4,上市,114,,,,,,,,,,,,,,,,,,,,,,2898897,,,,2714812,,0,,14.36,379894,2694260,,,,,,,,,1890023,,,1127762,,,41258,4026659,,,,,,,,,,,,,,184085,747868,1332399,0
,,,,11449974,,,2612,中航,0,,29750,,,,,,,,,,,,,,,,,,,,4,上市,114,0,,,,,0,,,,,,,,,,,,,,,,13527558,,,,13507982,,0,,68.40,2854224,3946712,,,,,,,,,1974846,,,12793796,,,53412,26321354,,,,,,,,,,,,,,19576,9939572,22374642,0
,,,,2104832,,,2613,中櫃,,,36838,,,,,,,,,,,,,,,,,,,,4,上市,114,-476647,,,,,0,,,,,,,,,,,,,,,,3314219,,,,3299724,,11146894,,24.04,1459889,1651175,,,,,,,,,1484235,,,6902785,,,150466,10217004,,,,,,,,,,,,,,14495,5442896,8565829,0
,,,,1083409,,,2614,東森,,,-58172,,,,,,,,,,,,,,,,,,,,4,上市,114,,,,,,,,,,,,,,,,,,,,,,6397099,,,,4297887,,0,,13.13,4067819,5019894,,,,,,,,,3272650,,,14902544,,,0,21299643,,,,,,,,,,,,,,2099212,10834725,16279749,0
,,,,231620487,,,2615,萬海,,,14363481,,,,,,,,,,,,,,,,,,,,4,上市,114,,,,,,,,,,,,,,,,,,,,,,275747158,,,,275317207,,0,,98.11,32671631,142303955,,,,,,,,,28061464,,,133506508,,,1271775,409253666,,,,,,,,,,,,,,429951,100834877,266949711,0
,,,,300503,,,2616,山隆,,,396313,,,,,,,,,,,,,,,,,,,,4,上市,114,-31863,,,,,0,,,,,,,,,,,,,,,,2684132,,,,2627667,,1353454,,19.33,3322690,2431173,,,,,,,,,1372818,,,5723439,,,589896,8407571,,,,,,,,,,,,,,56465,2400749,5976398,0
,,,,11070579,,,2617,台航,,,2261985,,,,,,,,,,,,,,,,,,,,4,上市,114,,,,,,,,,,,,,,,,,,,,,,17839891,,,,17839891,,0,,42.75,1877823,3748743,,,,,,,,,4172945,,,8568663,,,334382,26408554,,,,,,,,,,,,,,,6690840,22659811,0
,,,,70860717,,,2618,長榮航,,,633507,,,,,,,,,,,,,,,,,,,,4,上市,114,,,,,,,,,,,,,,,,,,,,,,147219884,,,,138297661,,0,,25.61,84880608,105401646,,,,,,,,,54004443,,,217601893,,,12798994,364821777,,,,,,,,,,,,,,8922223,132721285,259420131,0
,,,,362368,,,2630,亞航,,,2074,,,,,,,,,,,,,,,,,,,,4,上市,114,,,,,,,,,,,,,,,,,,,,,,3548828,,,,3548828,,0,,16.94,1757194,4514684,,,,,,,,,2094382,,,2168042,,,1090004,5716870,,,,,,,,,,,,,,,410848,1202186,0
,,,,16316852,,,2633,台灣高鐵,,,,,,,,,,,,,,,,,,,,,,,4,上市,114,,,,,,0,,,,,,,,,,,,,,,,72772763,,,,,,0,,12.93,26373772,25552617,,,,,,,,,56282930,,,308029753,,,172981,380802516,,,,,,,,,,,,,,,281655981,355249899,0
,,,,8386180,,,2634,漢翔,,,19462,,,,,,,,,,,,,,,,,,,,4,上市,114,,,,,,,,,,,,,,,,,,,,,,17842564,,,,17842564,,0,,18.94,28776839,39979601,,,,,,,,,9418671,,,36082065,,,18251,53924629,,,,,,,,,,,,,,,7305226,13945028,0
,,,,5871926,,,2636,台驊控股,,,263239,,,,,,,,,,,,,,,,,,,,4,上市,114,-364768,,,,,0,,,,,,,,,,,,,,,,10050488,,,,9841568,,4874000,,71.86,11769797,19848630,,,,,,,,,1418352,,,12470836,,,2652819,22521324,,,,,,,,,,,,,,208920,701039,2672694,0
,,,,32954087,,,2637,慧洋-KY,,,7745087,,,,,,,,,,,,,,,,,,,,4,上市,114,0,,,,,0,,,,,,,,,,,,,,,,48197814,,,,48197814,,0,,64.57,7967943,7784787,,,,,,,,,7464092,,,33036001,,,34548,81233815,,,,,,,,,,,,,,,25068058,73449028,0
,,,,338295,,,2642,宅配通,,,459235,,,,,,,,,,,,,,,,,,,,4,上市,114,,,,,,0,,,,,,,,,,,,,,,,2052282,,,,2052282,,0,,21.50,876222,1322025,,,,,,,,,954670,,,1992408,,,300082,4044690,,,,,,,,,,,,,,,1116186,2722665,0
,,,,7652013,,,2645,長榮航太,,,25547,,,,,,,,,,,,,,,,,,,,4,上市,114,,,,,,0,,,,,,,,,,,,,,,,13561362,,,,,,0,,36.21,4250327,12675307,,,,,,,,,3745709,,,9962232,,,2138093,23523594,,,,,,,,,,,,,,,5711905,10848287,0
,,,,272608,,,2646,星宇航空,,,-1008355,,,,,,,,,,,,,,,,,,,,4,上市,114,,,,,,,,,,,,,,,,,,,,,,31396288,,,,,,0,,10.44,20168535,22330402,,,,,,,,,30087350,,,105901272,,,2044685,137297560,,,,,,,,,,,,,,,85732737,114967158,0
,,,,2959759,,,2701,萬企,,,904207,,,,,,,,,,,,,,,,,,,,4,上市,114,,,,,,,,,,,,,,,,,,,,,,8363644,,,,,,0,,18.59,147300,1978649,,,,,,,,,4499678,,,1274179,,,,9637823,,,,,,,,,,,,,,,1126879,7659174,0
,,,,1609602,,,2702,華園,,,56234,,,,,,,,,,,,,,,,,,,,4,上市,114,,,,,,0,,,,,,,,,,,,,,,,3234138,,,,3234138,,0,,20.65,1154275,2444654,,,,,,,,,1566133,,,3446471,,,2169,6680609,,,,,,,,,,,,,,,2292196,4235955,0
,,,,6102085,,,2704,國賓,,,12832805,,,,,,,,,,,,,,,,,,,,4,上市,114,0,,,,,0,,,,,,,,,,,,,,,,25605590,,,,25600975,,0,,69.77,3724454,21353171,,,,,,,,,3669234,,,7670327,,,2996851,33275917,,,,,,,,,,,,,,4615,3945873,11922746,0
,,,,-304564,,,2705,六福,,,3387463,,,,,,,,,,,,,,,,,,,,4,上市,114,,,,,,,,,,,,,,,,,,,,,,5027399,,,,5027399,,0,,26.28,4901798,570337,,,,,,,,,1913128,,,10767557,,,31372,15794956,,,,,,,,,,,,,,,5865759,15224619,0
,,,,3800836,,,2706,第一店,,,1246408,,,,,,,,,,,,,,,,,,,,4,上市,114,,,,,,0,,,,,,,,,,,,,,,,10123259,,,,,,0,,20.25,136564,3074540,,,,,,,,,4999984,,,1536131,,,76031,11659390,,,,,,,,,,,,,,,1399567,8584850,0
,,,,2925046,,,2707,晶華,,,-281476,,,,,,,,,,,,,,,,,,,,4,上市,114,,,,,,0,,,,,,,,,,,,,,,,4345352,,,,4139985,,0,,32.50,2651433,3838331,,,,,,,,,1274032,,,5859001,,,222383,10204353,,,,,,,,,,,,,,205367,3207568,6366022,0
,,,,-132100,,,2712,遠雄來,,,,,,,,,,,,,,,,,,,,,,,4,上市,114,,,,,,0,,,,,,,,,,,,,,,,1026292,,,,,,0,,9.77,336436,98969,,,,,,,,,1050000,,,647931,,,108392,1674223,,,,,,,,,,,,,,,311495,1575254,0
,,,,428878,,,2722,夏都,,,-91303,,,,,,,,,,,,,,,,,,,,4,上市,114,,,,,,,,,,,,,,,,,,,,,,2595080,,,,2362682,,0,,16.50,499111,774919,,,,,,,,,1431697,,,1006595,,,593410,3601675,,,,,,,,,,,,,,232398,507484,2826756,0
,,,,6191862,,,2723,美食-KY,,,-282524,,,,,,,,,,,,,,,,,,,,4,上市,114,,,,,,,,,,,,,,,,,,,,,,10097916,,,,10085943,,0,,56.03,4990723,6194990,,,,,,,,,1800000,,,7338941,,,2376605,17436857,,,,,,,,,,,,,,11973,2348218,11241867,0
,,,,2291791,,,2727,王品,,,-79628,,,,,,,,,,,,,,,,,,,,4,上市,114,-259879,,,,,,,,,,,,,,,,,,,,,5044132,,,,4707094,,1592000,,56.81,8100771,8369989,,,,,,,,,844511,,,12345495,,,1910299,17389627,,,,,,,,,,,,,,337038,4244724,9019638,0
,,,,2622736,,,2731,雄獅,,,-115124,,,,,,,,,,,,,,,,,,,,4,上市,114,,,,,,,,,,,,,,,,,,,,,,5234682,,,,4955258,,0,,53.12,6441090,9795356,,,,,,,,,932777,,,7289490,,,1514869,12524172,,,,,,,,,,,,,,279424,848400,2728816,0
,,,,269601,,,2739,寒舍,,,5288,,,,,,,,,,,,,,,,,,,,4,上市,114,,,,,,0,,,,,,,,,,,,,,,,1613638,,,,1613638,,0,,17.63,2432061,1666434,,,,,,,,,915260,,,10219667,,,423489,11833305,,,,,,,,,,,,,,,7787606,10166871,0
,,,,666811,,,2748,雲品,,,77031,,,,,,,,,,,,,,,,,,,,4,上市,114,,,,,,,,,,,,,,,,,,,,,,3038408,,,,3038408,,0,,28.72,1343223,2454732,,,,,,,,,1057787,,,1948271,,,1236779,4986679,,,,,,,,,,,,,,,605048,2531947,0
,,,,2048567,,,2753,八方雲集,,,7727,,,,,,,,,,,,,,,,,,,,4,上市,114,,,,,,,,,,,,,,,,,,,,,,4153216,,,,3799496,,0,,57.01,1748520,2999198,,,,,,,,,666448,,,4073174,,,1076754,8226390,,,,,,,,,,,,,,353720,2324654,5227192,0
,,,,278247,,,2762,世界健身-KY,,,-3553,,,,,,,,,,,,,,,,,,,,4,上市,114,-344216,,,,,0,,,,,,,,,,,,,,,,2892595,,,,2892595,,3278000,,26.48,6262554,1868871,,,,,,,,,1125000,,,15842830,,,1837117,18735425,,,,,,,,,,,,,,,9580276,16866554,0
,21962532,,1941470,86507254,,,2801,彰銀,,,16159315,4420022,,1880453,1363223,371614,,,,,,,,,,,333816006,,211749070,2710322674,4,上市,114,0,,,,,,,,,30429530,41785176,,26360804,,14014912,,542424600,,,,,,220327055,,,220327055,,0,,18.73,,,,1013697,,38807540,1241065,116626,,1815412,117660462,,2481891,,3156684183,2067768378,24,,3377011238,319082057,2015551,124312609,11113797,5204876,,,,,15879836,,,,,,0
,21129858,,916291,27757471,,,2812,台中銀,,,1307816,1280709,,3349295,11560692,3888,,,,,,216993,,,11661073,,14856943,,52557909,842858170,4,上市,114,0,,,,,0,,,,9500267,15150000,,23984481,,539881,,103297941,192271,,,,,91749451,,,91749451,,0,,15.24,,,,541533,,13152155,558964,293,,950653,60216258,,1424683,,922762875,633982283,2467906,,1014512326,100481331,2682542,43179450,109486,806263,,,,,10168693,,16180210,0,,,0
1492418,,20271,,5854864,,15640017,2816,旺旺保,,,-41605,18432,451179,,,,,6737972,,,,,,,,,,,,,4,上市,114,,,,,,,,,,1487952,,742188,,12522057,,,,,135859,0,,8049339,,,,,,0,,36.00,,,174478,,,3316260,,,,20455,2236080,,42069,17407484,,,0,25456823,,,,,62700,,,,,,,,,,,,0
,155412,,31066,13106127,,,2820,華票,,,1277984,611447,,607563,,120797,,,,,,,,,,,29965143,,0,,4,上市,114,,,,,,,,,,664458,,,1347172,,,,2691954,,,,,,27830448,,,,,0,,20.72,,,,,,368638,71901,331173,,31231,13429600,,1586500,,237291407,,16737,,265121855,102976196,13360,152103636,48366,82112,,,,,204299001,,4306136,,,,0
2389880,,46885,,8730960,,11670021,2832,台產,,,475591,163645,751641,,,,,3708800,,,,,,,,,,,,,4,上市,114,,,,,,,,,,1391980,,703709,,14727578,,,,,191403,,,11840918,,,,,,0,,46.70,,,5755,,,3270250,,,,49060,2535403,,40798,13778767,,,98964,25619685,,,,,271860,15187,,,,,,,,,,,0
,13735777,,1060862,43543205,,,2834,臺企銀,,,5372754,3167040,,7979846,2472641,5961,,,,,,,,,1551519,,197280651,,161818383,2064224484,4,上市,114,,,,,,0,,,,19268837,53910000,,12551346,,,,279234758,,,,,,146912706,,,146912706,,0,,15.12,,,,1396730,,26812834,472777,364124,,1098882,97180618,,2519764,,2362100079,1669667843,816129,,2509012785,195081160,9877601,105911739,896118,1907393,,,,,5359765,,31484029,,,,0
,3729259,,294027,5251501,,,2836,高雄銀,,,1224163,247184,,416190,,237540,,,,,,,,,0,,12906135,,16806142,295897339,4,上市,114,,,,,,,,,,4154525,6327000,,1402313,,,,56553205,,,,,,26710968,,,,,0,,14.21,,,,120617,,3302998,120266,,,292086,18799170,,490137,,329125230,224511443,1436134,,355836198,33587749,6258,3744699,32181,117558,,,,,8652119,,11012458,,,,0
,17325151,,2204829,23233686,,,2838,聯邦銀,,,8403424,1259817,,6499228,16317054,4569855,,,,,,,,,3670418,,16863758,,43766714,828159910,4,上市,114,,,,,,,,803828,,10865428,6000000,,50045288,,4439815,,79336561,419479,,,,,87326496,,,85279620,,0,,18.78,,,,2168532,375000,7924638,418548,8701,,2213699,45405518,,500772,,970361531,634788461,8236992,,1057688027,68573864,288733,86474283,2632054,668564,,,,,79992512,,48474064,2046876,,,0
,5220517,,1435267,19355365,,,2845,遠東銀,,,1009894,441532,,583363,43973369,11222142,,,,,,,,,3048949,,966213,,50315876,711752762,4,上市,114,,,,,,,,,,6341467,25301720,,19108530,,,,147693446,2979414,,,,,69848666,,,69848666,,0,,14.36,,,,1538210,,5378820,236153,,,1457282,48652847,,659372,,803862226,506589988,830560,,873710892,63132388,7729839,55688152,,121612,,,,,1953568,,2703167,,,,0
,798076,,855167,16230664,,,2849,安泰銀,,,-66635,108760,,1626084,4720409,76114,,,,,,,,,,,4626053,,16351774,337794377,4,上市,114,0,,,,,0,,,,2311040,,,4112026,,,,35353935,,,,,,36146465,,,,,0,,18.46,,,,288556,,2593317,116845,0,,848359,19576094,,227658,,352100833,249356879,406342,,388247298,47549146,982207,27785961,67840,659341,,,,,297285,,840922,,,,0
1064203,,25194,,16879617,,34961283,2850,新產,,,639200,201063,1011705,,,,,13111609,,,,,,,,,,,,,4,上市,114,0,,,,,0,,,,5859329,,3237752,,30930381,,,,,487940,0,,20743289,,,,,,0,,65.65,,,48358,,,12826413,,,,25763,3159633,,0,41684061,,,64839,62427350,,,80758,,67925,171735,,,,,,,,,,,0
271027,,445,,12038043,,36172160,2851,中再保,,,104101,19023,2410995,,,,,5839424,,,,,,,,,,,,,4,上市,114,,47009,,,,0,,,,929191,,1724954,,37032040,,,,,456713,0,,21706032,,,,,,0,,27.12,,,18006,,,12487427,,,,463,8003888,,,38129142,,,1560000,59835174,,,391179,,160413,3847,,,,,,,,,,,0
617658,,3975,,5776906,,10016462,2852,第一保,,,362728,169654,590456,,,,,2248737,,,,,,,,,,,,,4,上市,114,,,,,,,,,,670732,,372778,,14267383,,,,,111896,,,9151272,,,,,,0,,30.39,,,17340,,,2086377,,,,4021,3011638,,,11065699,,,0,20216971,,,,,92934,12267,,,,,,,,,,,0
,,,,,20175153,,2855,統一證,,,3022119,,,,,,,,,,,,,,,,,,,,4,上市,114,,,,,,0,,,,,,,,,,,,,,,,39473543,,,,,39302618,,0,24.54,203895629,238967988,,,,,,,,,16014145,,,210302088,,,91201,249775631,,,,,,,,,,,,,,170925,6406459,10807643,0
,33664412,,2308677,79462691,,,2880,華南金,,3030000,-41633,11085504,,4486464,87727244,18413013,,,6175017,,,,,,,260567938,,263088193,,3414267655,4,上市,114,,,,,,,71391561,,54755562,54764344,,,95583616,,,13889856,819228514,276675,,,,,236360078,,236357548,,,0,,16.98,,,,1027777,,41545842,2661998,218046,,2368437,139169651,,25351211,,4087726381,2405636369,17766839,,4324086459,409995430,5930487,203228059,6169841,3871413,,,,,87654599,1449086,,2530,,,0
,77403337,,14064488,705475148,,,2881,富邦金,,12889821,-34026345,93146695,,57953736,610963919,564981957,,,42239274,,,,,,256109,259008296,,504756300,,4843406367,4,上市,114,,,4168387,,,,478228667,,87852587,285867143,,,417301468,,,312265435,3871063738,63900871,,,,,997807927,,982581684,,,0,,62.96,,,,34500404,,417429421,20914621,3252724,,21673552,156073549,189870,4928081545,,11877670227,3469093531,155059332,,12875478154,1031225888,102085269,1793787041,48269631,51806617,21028745,,8998259,,63807390,135285278,,15226243,,,0
,110058881,,5785403,637808716,,,2882,國泰金,0,47378891,-74666564,23875683,,109303168,916650273,861044551,,,28171081,,,,,,,178790871,,428777214,,4331649468,4,上市,114,0,,,,,,288903582,,85062693,114103621,,,324847287,,,504777190,4777286517,80736244,,,,,934388090,,928286508,,,0,,57.29,,,,31483314,,361911485,23987999,1905715,,20537826,162025102,,7155232073,,13407230263,3308740819,203119254,,14341618353,1287714996,164077562,1997543473,41860708,78667439,919871,,36010,,14199142,42827566,,6101582,,,0
,30554642,,12724671,124067189,,,2883,凱基金,,30107304,-16004202,89164358,,134646566,277288840,229484981,,,1208702,,,,,,,9772012,,57477139,,645674883,4,上市,114,,,,,,0,113976559,,97640997,138103071,,,207156715,,,55691700,1669911034,29857949,,,,,327522498,,327391745,,,0,,17.64,,,,16597957,,65666234,6684346,933027,,5285906,185569894,,2100298607,,3792612298,562242022,33758864,,4120134796,262614523,89112122,694081941,20027529,20773973,889286,,198294,,168586478,68312726,,130753,,,0
,34300791,,8118590,66891244,,,2884,玉山金,,329476,8680388,4461843,,26566120,130792836,11400183,,,,,,,,,,68251061,,362379636,,3778225398,4,上市,114,,,,,,,46620000,,28869614,51894531,,,172188894,,,1297218,523193098,,,,,,273143990,,272743929,,,0,,16.86,,,,7798332,,43839304,2919364,565115,,5533787,161740000,,1330262,,4243389213,2602659198,35432297,,4516533203,414827421,83718947,277486959,2672730,3079968,2474393,,49104,,35294971,26783272,,400061,,,0
,30753064,,10236137,152120637,,,2885,元大金,,89879902,16643929,226285203,,116311728,209239009,173654655,,,1489606,,,7063274,,,,8538935,,119491328,,1925745836,4,上市,114,,,0,,,0,127629866,,158925388,258283014,,,437181167,,,20371654,549296808,2933780,,,,,368226524,,340417373,,,0,,25.54,,,,30507768,,90359817,5582678,2621142,,6658905,133311499,,405210217,,3923917747,1495534208,38341308,,4292144271,364181746,206678102,775873292,6395648,6533130,,,,,288865044,57749967,,27809151,,,0
,23123633,,2053165,149783398,,,2886,兆豐金,,4796947,17402092,14904192,,10179971,24458754,8031465,,,15235806,,,,,,2178941,739867828,,709445698,,3325935975,4,上市,114,,,,,,0,50200000,,51686929,103737545,,,132628590,,,1686729,728597513,5140716,,,,,392369102,,392369102,,,0,,26.45,,,,1636766,,168055070,7740480,1519661,,2114829,148333783,,30615558,,4718886042,2434663850,76849829,,5111255144,587669884,28598754,269201495,2282238,6674072,,,,,329767072,5711060,,,,,0
,86204326,,6932645,64159018,,,2887,台新新光金,,7858402,23225354,21139584,,73063275,310791976,167506565,,,2604822,,,,,,,47884309,,207851113,,3581227317,4,上市,114,-89298,,5272964,,,,148689477,,92136825,124574417,,,310060954,,,229762102,2711655457,3006990,,,,,484103780,,483638224,,,1927518,,18.42,,,,674881130,28322642,75873586,8401212,1516382,,9540928,262610672,,3666478458,,8291388412,2838237093,133732478,,8775492192,579747660,95363679,710743765,40808731,75799329,,,,,108170455,14772034,,465556,,,0
,6928941,,152330,5734634,,,2889,國票金,,,3669000,6199362,,6910217,14564607,19558462,,,,,,,,,24468025,,,177,,,4,上市,114,0,,,,,,,,36999284,30604163,,,63381138,,,393501,699406,5541474,,,,,54101667,,46145319,,,0,,12.70,,,,271376,,3945079,543075,63071,,151051,36335635,,1843594,,394357759,,406050,,448459426,152396275,3788704,187565167,62043,373968,,,,,275133851,278844,,7956348,,,0
,18831381,,4501468,89926639,,,2890,永豐金,,12108999,-6183655,14878453,,35066089,121841920,74791178,,,,,,,,,,136950871,,271089441,,2730043943,4,上市,114,,,12258681,,,,63932072,,124589433,88735403,,,179363016,,,2345101,348958358,1083769,,,,,258099063,,255493304,,,0,,17.63,,,,12988324,18437,31877344,3224237,290713,,4096634,144923223,10417272,2882572,,3436134578,1944987699,26827097,,3694233641,460376300,65538088,188872962,2014725,3834642,,,,,54861519,102717175,,2605759,,,0
,54508306,,17456740,286708242,,,2891,中信金,,,-31461284,42085986,,71646974,223013761,146452473,,,5727798,,,,,,34403413,124993046,,506625535,,5651587386,4,上市,114,,,,,,0,213195412,,90926193,127404496,,,290589904,,,128884650,2118746701,22670309,,,,,549281200,,518343310,,,0,,25.69,,,,40490310,,135123386,11036612,5792253,,27113269,201778069,,1903767505,,8781805470,4236001856,61318283,,9331086670,737464240,114254409,753414304,16656104,20887250,4252994,,209928,,197114884,38393753,,30937890,,,0
,27985152,,2698355,89250110,,,2892,第一金,,380000,33214816,9352575,,6652197,85331142,16719619,,,87911,,,,,,180000,390441307,,332814519,,3954478812,4,上市,114,,,,,,0,75800000,,50050753,59060547,,,90627921,,,12517938,1002220028,3424379,,,,,292366858,,292366858,,,0,,20.33,,,,1354820,,75575338,4930211,1123942,,2585314,143794686,,79489318,,4749386855,2793405592,26107246,,5041753713,439440966,12249129,226713902,8156832,4946334,,,,,16900915,3444800,,0,,,0
,2623501,,396226,13464126,,,2897,王道銀行,,,-159058,1405636,,1678137,15085857,1397050,,,,,,,,,,,48610170,,27572813,328825447,4,上市,114,-221695,,,,,,,,,4366854,14660000,,4053276,,,,29395624,6352298,,,,,64811836,,,44211686,,22939000,,14.58,,,,1704302,,6378883,85784,357959,,414349,30553579,,2198222,,636487261,259183311,574734,,701299097,166608850,678730,177675704,957101,662306,,,,,219199111,,15258857,20600150,,,0
,,,,153380,,,2901,欣欣,,,0,,,,,,,,,,,,,,,,,,,,4,上市,114,0,,,,,0,,,,,,,,,,,,,,,,884316,,,,,,0,,12.11,64539,495575,,,,,,,,,730433,,,196048,,,503,1080364,,,,,,,,,,,,,,,131509,584789,0
,,,,8654899,,,2903,遠百,,,5036349,,,,,,,,,,,,,,,,,,,,4,上市,114,-97110,,,,,,,,,,,,,,,,,,,,,36363760,,,,31107144,,8207004,,22.08,47115123,26668021,,,,,,,,,14169406,,,104187668,,,3343600,140551428,,,,,,,,,,,,,,5256616,57072545,113883407,0
,,,,412798,,,2904,匯僑,,,10757,,,,,,,,,,,,,,,,,,,,4,上市,114,,,,,,0,,,,,,,,,,,,,,,,1289538,,,,1289105,,0,,16.56,221546,213569,,,,,,,,,778344,,,503064,,,87206,1792602,,,,,,,,,,,,,,433,281518,1579033,0
,,,,5601308,,,2905,三商,0,,-4512106,,,,,,,,,,,,,,,,,,,,4,上市,114,-592930,,,,,0,,,,,,,,,,,,,,,,,48927795,0,,15765198,,57093000,,14.97,22138076,173049054,,,,,,,,,11103717,,,1642777238,,,4165209,1691705033,,,,,,,,,,,,,,33162597,1620639162,1518655979,0
,,,,1103996,,,2906,高林,,,-168201,,,,,,,,,,,,,,,,,,,,4,上市,114,,,,,,0,,,,,,,,,,,,,,,,6559922,,,,3321009,,0,,15.88,4158760,5538510,,,,,,,,,2091167,,,6539383,,,294047,13099305,,,,,,,,,,,,,,3238913,2380623,7560795,0
,,,,1859516,,,2908,特力,,,-166964,,,,,,,,,,,,,,,,,,,,4,上市,114,0,,,,,,,,,,,,,,,,,,,,,8771806,,,,6986487,,0,,13.70,14516718,17951609,,,,,,,,,5098875,,,29642437,,,195060,38414243,,,,,,,,,,,,,,1785319,15125719,20462634,0
,,,,1062721,,,2910,統領,,,-58951,,,,,,,,,,,,,,,,,,,,4,上市,114,0,,,,,0,,,,,,,,,,,,,,,,2757800,,,,2757800,,0,,15.72,658706,1044583,,,,,,,,,1754030,,,3614996,,,0,6372796,,,,,,,,,,,,,,0,2956290,5328213,0
,,,,-333409,,,2911,麗嬰房,,,-144043,,,,,,,,,,,,,,,,,,,,4,上市,114,,,,,,,,,,,,,,,,,,,,,,868933,,,,776332,,0,,7.38,1349425,1840376,,,,,,,,,1051260,,,1820223,,,202524,2689156,,,,,,,,,,,,,,92601,470798,848780,0
,,,,31293729,,,2912,統一超,,,779527,,,,,,,,,,,,,,,,,,,,4,上市,114,,,,,,,,,,,,,,,,,,,,,,52926563,,,,42561437,,0,,40.94,120598789,94547458,,,,,,,,,10396223,,,239704065,,,91958,292630628,,,,,,,,,,,,,,10365126,119105276,198083170,0
,,,,2371840,,,2913,農林,,,-50489,,,,,,,,,,,,,,,,,,,,4,上市,114,,,,,,,,,,,,,,,,,,,,,,12419299,,,,,,0,,15.72,585338,1191679,,,,,,,,,7900000,,,8915570,,,2197948,21334869,,,,,,,,,,,,,,,8330232,20143190,0
,,,,105203144,,,2915,潤泰全,,,-41037611,,,,,,,,,,,,,,,,,,,,4,上市,114,-552479,,,,,0,,,,,,,,,,,,,,,,105539296,,,,102967930,,36593388,,96.44,1344090,5600366,,,,,,,,,11043188,,,13262076,,,28311688,118801372,,,,,,,,,,,,,,2571366,11917986,113201006,0
,,,,29813380,,,2923,鼎固-KY,,,-3153799,,,,,,,,,,,,,,,,,,,,4,上市,114,,,,,,,,,,,,,,,,,,,,,,46631518,,,,44254697,,0,,25.43,16588209,44513221,,,,,,,,,17402970,,,70834632,,,192146,117466150,,,,,,,,,,,,,,2376821,54246423,72952929,0
,,,,526995,,,2929,淘帝-KY,,,-398949,,,,,,,,,,,,,,,,,,,,4,上市,114,0,,,,,,,,,,,,,,,,,,,,,2740871,,,,2740871,,0,,25.03,742339,3567150,,,,,,,,,1094938,,,1051703,,,1517887,3792574,,,,,,,,,,,,,,,309364,225424,0
,,,,-221313,,,2939,永邑-KY,,,-5762,,,,,,,,,,,,,,,,,,,,4,上市,114,,,,,,,,,,,,,,,,,,,,,,562618,,,,562618,,0,,12.35,40673,625116,,,,,,,,,455487,,,252218,,,334206,814836,,,,,,,,,,,,,,0,211545,189720,0
,,,,262940,,,2945,三商家購,,,0,,,,,,,,,,,,,,,,,,,,4,上市,114,,,,,,0,,,,,,,,,,,,,,,,2170037,,,,1993175,,0,,29.53,2482130,2274355,,,,,,,,,675000,,,4129254,,,1055235,6299291,,,,,,,,,,,,,,176862,1647124,4024936,0
,,,,239864,,,3002,歐格,,,-936,,,,,,,,,,,,,,,,,,,,4,上市,114,-507,,,,,,,,,,,,,,,,,,,,,1417305,,,,1284976,,41000,,12.60,174504,1634475,,,,,,,,,1020000,,,476892,,,26555,1894197,,,,,,,,,,,,,,132329,302388,259722,0
,,,,5016488,,,3003,健和興,,,-116073,,,,,,,,,,,,,,,,,,,,4,上市,114,,,,,,,,,,,,,,,,,,,,,,6569118,,,,6484245,,0,,41.66,1165643,6326376,,,,,,,,,1556549,,,1566862,,,27281,8135980,,,,,,,,,,,,,,84873,401219,1809604,0
,,,,1709707,,,3004,豐達科,0,,16867,,,,,,,,,,,,,,,,,,,,4,上市,114,,,,,,0,,,,,,,,,,,,,,,,3639036,,,,3639036,,0,,56.63,2489761,3981584,,,,,,,,,642584,,,4418749,,,1269878,8057785,,,,,,,,,,,,,,0,1928988,4076201,0
,,,,14799802,,,3005,神基,,,943101,,,,,,,,,,,,,,,,,,,,4,上市,114,,,,,,0,,,,,,,,,,,,,,,,29310968,,,,26096268,,0,,41.92,15938806,33148454,,,,,,,,,6224787,,,20836282,,,4128578,50147250,,,,,,,,,,,,,,3214700,4897476,16998796,0
,,,,7147009,,,3006,晶豪科,,,-69220,,,,,,,,,,,,,,,,,,,,4,上市,114,-163122,,,,,,,,,,,,,,,,,,,,,10163536,,,,10287062,,14000000,,37.80,5541652,14293602,,,,,,,,,2861722,,,6633416,,,510673,16796952,,,,,,,,,,,,,,-123526,1091764,2503350,0
,,,,185818052,,,3008,大立光,,,1772969,,,,,,,,,,,,,,,,,,,,4,上市,114,-1623219,,,,,0,,,,,,,,,,,,,,,,190867945,,,,188867185,,670000,,1422.21,29748503,154285459,,,,,,,,,1334682,,,29919075,,,1564701,220787020,,,,,,,,,,,,,,2000760,170572,66501561,0
,,,,15734162,,,3010,華立,,,1701482,,,,,,,,,,,,,,,,,,,,4,上市,114,,,,,,,,,,,,,,,,,,,,,,26034167,,,,23877572,,0,,92.04,23024890,38075098,,,,,,,,,2594368,,,30844959,,,3847560,56879126,,,,,,,,,,,,,,2156595,7820069,18804028,0
,,,,-244688,,,3011,今皓,,,290394,,,,,,,,,,,,,,,,,,,,4,上市,114,,,,,,,,,,,,,,,,,,,,,,1341001,,,,1323657,,0,,10.58,400644,683072,,,,,,,,,1251468,,,1278005,,,26483,2619006,,,,,,,,,,,,,,17344,877361,1935934,0
,,,,2345995,,,3013,晟銘電,,,38922,,,,,,,,,,,,,,,,,,,,4,上市,114,0,,,,,,,,,,,,,,,,,,,,,5201331,,,,5201331,,0,,25.36,3677621,6020737,,,,,,,,,2051389,,,4432414,,,765025,9633745,,,,,,,,,,,,,,0,754793,3613008,0
,,,,3748469,,,3014,聯陽,,,-845,,,,,,,,,,,,,,,,,,,,4,上市,114,-330,,,,,0,,,,,,,,,,,,,,,,7057584,,,,7057584,,33000,,42.52,1970064,6625431,,,,,,,,,1660201,,,2102973,,,1650089,9160557,,,,,,,,,,,,,,0,132909,2535126,0
,,,,5890546,,,3015,全漢,,,3900833,,,,,,,,,,,,,,,,,,,,4,上市,114,0,,,,,0,,,,,,,,,,,,,,,,12951822,,,,12526066,,0,,66.89,5616906,10984153,,,,,,,,,1872620,,,6202487,,,862067,19154309,,,,,,,,,,,,,,425756,585581,8170156,0
,,,,406225,,,3016,嘉晶,,,-2777,,,,,,,,,,,,,,,,,,,,4,上市,114,,,,,,0,,,,,,,,,,,,,,,,4939640,,,,4939640,,0,,17.12,1046902,3891214,,,,,,,,,2885418,,,1963407,,,1650774,6903047,,,,,,,,,,,,,,,916505,3011833,0
,,,,38534463,,,3017,奇鋐,,,-644905,,,,,,,,,,,,,,,,,,,,4,上市,114,,,,,,,,,,,,,,,,,,,,,,50564641,,,,44600767,,0,,113.73,97495418,126176263,,,,,,,,,3982728,,,109571884,,,2728481,160136525,,,,,,,,,,,,,,5963874,12076466,33960262,1466050
,,,,-181505,,,3018,隆銘綠能,,,-17031,,,,,,,,,,,,,,,,,,,,4,上市,114,,,,,,0,,,,,,,,,,,,,,,,562200,,,,562200,,0,,7.46,677678,987133,,,,,,,,,753777,,,688473,,,6959,1250673,,,,,,,,,,,,,,0,10795,263540,0
,,,,6617965,,,3019,亞光,,,-23437,,,,,,,,,,,,,,,,,,,,4,上市,114,,,,,,0,,,,,,,,,,,,,,,,17408122,,,,14873481,,0,,53.26,9644294,23388151,,,,,,,,,2792439,,,10000000,,,5486514,27408122,,,,,,,,,,,,,,2534641,355706,4019971,0
,,,,713191,,,3021,鴻名,,,-75025,,,,,,,,,,,,,,,,,,,,4,上市,114,0,,,,,0,,,,,,,,,,,,,,,,1654187,,,,1594727,,0,,16.81,1449182,2488620,,,,,,,,,948900,,,1586921,,,7661,3241108,,,,,,,,,,,,,,59460,137739,752488,0
,,,,8765866,,,3022,威強電,,,-476503,,,,,,,,,,,,,,,,,,,,4,上市,114,,,,,,0,,,,,,,,,,,,,,,,11379454,,,,11190305,,0,,63.37,2591917,9653287,,,,,,,,,1765978,,,3738462,,,1134964,15117916,,,,,,,,,,,,,,189149,1146545,5464629,0
,,,,10602783,,,3023,信邦,,,-267480,,,,,,,,,,,,,,,,,,,,4,上市,114,,,,,,,,,,,,,,,,,,,,,,16487400,,,,16206922,,0,,67.51,14635272,25801676,,,,,,,,,2400690,,,15501734,,,3470929,31989134,,,,,,,,,,,,,,280478,866462,6187458,0
,,,,661516,,,3024,憶聲,,,-447601,,,,,,,,,,,,,,,,,,,,4,上市,114,,,,,,0,,,,,,,,,,,,,,,,2987092,,,,2987092,,0,,10.78,1656786,2435801,,,,,,,,,2771575,,,1761337,,,1602,4748429,,,,,,,,,,,,,,,104551,2312628,0
,,,,277879,,,3025,星通,,,-2853,,,,,,,,,,,,,,,,,,,,4,上市,114,,,,,,,,,,,,,,,,,,,,,,886344,,,,886344,,0,,15.62,357054,1026797,,,,,,,,,567365,,,399522,,,43953,1285866,,,,,,,,,,,,,,,42468,259069,0
,,,,5442381,,,3026,禾伸堂,,,-112953,,,,,,,,,,,,,,,,,,,,4,上市,114,,,,,,,,,,,,,,,,,,,,,,10399318,,,,10147770,,0,,61.17,4931619,11723733,,,,,,,,,1658903,,,5789114,,,3159439,16188432,,,,,,,,,,,,,,251548,857495,4464699,0
,,,,202322,,,3027,盛達,,,-38885,,,,,,,,,,,,,,,,,,,,4,上市,114,-24677,,,,,,,,,,,,,,,,,,,,,2294718,,,,2144587,,1126000,,16.63,457796,1380804,,,,,,,,,1301184,,,552805,,,704643,2847523,,,,,,,,,,,,,,150131,95009,1466719,17800
,,,,2291644,,,3028,增你強,,,292293,,,,,,,,,,,,,,,,,,,,4,上市,114,,,,,,0,,,,,,,,,,,,,,,,6302341,,,,6302341,,0,,26.57,16929039,22219969,,,,,,,,,2372412,,,17127722,,,1345992,23430063,,,,,,,,,,,,,,,198683,1210094,0
,,,,1829137,,,3029,零壹,,,39135,,,,,,,,,,,,,,,,,,,,4,上市,114,,,,,,,,,,,,,,,,,,,,,,7006151,,,,5748947,,0,,34.42,7162448,12391437,,,,,,,,,1670052,,,8152440,,,2210623,15158591,,,,,,,,,,,,,,1257204,989992,2767154,0
,,,,7199058,,,3030,德律,,,-28062,,,,,,,,,,,,,,,,,,,,4,上市,114,,,,,,0,,,,,,,,,,,,,,,,9603898,,,,9603898,,0,,40.66,2242068,7736336,,,,,,,,,2362160,,,2552456,,,70742,12156354,,,,,,,,,,,,,,,310388,4420018,0
,,,,804344,,,3031,佰鴻,,,-52201,,,,,,,,,,,,,,,,,,,,4,上市,114,0,,,,,,,,,,,,,,,,,,,,,3003743,,,,2923214,,0,,16.88,439112,1977816,,,,,,,,,1732032,,,538978,,,439039,3542721,,,,,,,,,,,,,,80529,99866,1564905,0
,,,,682833,,,3032,偉訓,,,38218,,,,,,,,,,,,,,,,,,,,4,上市,114,0,,,,,,,,,,,,,,,,,,,,,3420268,,,,2491096,,0,,21.99,14453591,11873621,,,,,,,,,1132856,,,16975659,,,637189,20395927,,,,,,,,,,,,,,929172,2522068,8522306,0
,,,,3125552,,,3033,威健,,,121051,,,,,,,,,,,,,,,,,,,,4,上市,114,,,,,,,,,,,,,,,,,,,,,,10715184,,,,10715184,,0,,22.31,30024444,43362938,,,,,,,,,4802812,,,33439792,,,2665769,44154976,,,,,,,,,,,,,,,3415348,792038,0
,,,,57297565,,,3034,聯詠,,,1981513,,,,,,,,,,,,,,,,,,,,4,上市,114,,,,,,,,,,,,,,,,,,,,,,67739247,,,,67739247,,0,,111.32,19851367,73540335,,,,,,,,,6085115,,,29626762,,,2375054,97366009,,,,,,,,,,,,,,,9775395,23825674,0
,,,,5165720,,,3035,智原,,,959874,,,,,,,,,,,,,,,,,,,,4,上市,114,,,,,,0,,,,,,,,,,,,,,,,13528800,,,,13056360,,0,,50.11,4684523,11200551,,,,,,,,,2605503,,,5403446,,,4325263,18932246,,,,,,,,,,,,,,472440,718923,7731695,0
,,,,38948814,,,3036,文曄,,,-1737516,,,,,,,,,,,,,,,,,,,,4,上市,114,,,,,,0,,,,,,,,,,,,,,,,117938307,,,,117663019,,0,,84.07,369977067,464077827,,,,,,,,,14004308,,,409621883,,,66447413,527560190,,,,,,,,,,,,,,275288,39644816,63482363,0
,,,,66376818,,,3037,欣興,,,1037660,,,,,,,,,,,,,,,,,,,,4,上市,114,-119230,,,,,0,,,,,,,,,,,,,,,,107007077,,,,100569302,,1001935,,65.16,75454571,105297620,,,,,,,,,17003031,,,148784535,,,16271023,255791612,,,,,,,,,,,,,,6437775,73329964,150493992,14715771
,,,,1205658,,,3038,全台,,,-120826,,,,,,,,,,,,,,,,,,,,4,上市,114,-159396,,,,,0,,,,,,,,,,,,,,,,2619850,,,,2581557,,10394388,,17.56,740044,2961205,,,,,,,,,1574076,,,1268129,,,82045,3887979,,,,,,,,,,,,,,38293,528085,926774,0
,,,,811930,,,3040,遠見,,,-69851,,,,,,,,,,,,,,,,,,,,4,上市,114,,,,,,,,,,,,,,,,,,,,,,1551779,,,,1551779,,0,,23.47,46778,1183890,,,,,,,,,661271,,,430317,,,148429,1982096,,,,,,,,,,,,,,,383539,798206,0
,,,,-433126,,,3041,揚智,,,14939,,,,,,,,,,,,,,,,,,,,4,上市,114,0,,,,,,,,,,,,,,,,,,,,,1462730,,,,1405870,,0,,10.03,1308020,1660876,,,,,,,,,1402237,,,2478869,,,421820,3941599,,,,,,,,,,,,,,56860,1170849,2280723,0
,,,,8605888,,,3042,晶技,,,-474100,,,,,,,,,,,,,,,,,,,,4,上市,114,-264017,,,,,,,,,,,,,,,,,,,,,16036795,,,,15919738,,3000000,,46.82,4069338,12948729,,,,,,,,,3429930,,,5782708,,,4622037,21819503,,,,,,,,,,,,,,117057,1713370,8870774,0
,,,,-108981,,,3043,科風,,,533119,,,,,,,,,,,,,,,,,,,,4,上市,114,,,,,,0,,,,,,,,,,,,,,,,792218,,,,813894,,0,,20.88,982628,809746,,,,,,,,,389756,,,1065911,,,0,1858129,,,,,,,,,,,,,,-21676,83283,1048383,0
,,,,50195199,,,3044,健鼎,,,-1703004,,,,,,,,,,,,,,,,,,,,4,上市,114,,,,,,0,,,,,,,,,,,,,,,,54091857,,,,54083843,,0,,102.90,37290760,67274869,,,,,,,,,5256059,,,44069827,,,335589,98161684,,,,,,,,,,,,,,8014,6779067,30886815,0
,,,,50559034,,,3045,台灣大,,,-966556,,,,,,,,,,,,,,,,,,,,4,上市,114,-29717344,,,,,,,,,,,,,,,,,,,,,94549248,,,,86139857,,698751601,,28.48,62165983,42718185,,,,,,,,,37232618,,,140110319,,,29032105,234659567,,,,,,,,,,,,,,8409391,77944336,191941382,0
,,,,496344,,,3046,建碁,,,-35550,,,,,,,,,,,,,,,,,,,,4,上市,114,,,,,,0,,,,,,,,,,,,,,,,1657933,,,,1666113,,0,,21.24,2105319,3345900,,,,,,,,,784480,,,2178886,,,420839,3836819,,,,,,,,,,,,,,-8180,73567,490919,0
,,,,-68755,,,3047,訊舟,,,25451,,,,,,,,,,,,,,,,,,,,4,上市,114,-12935,,,,,,,,,,,,,,,,,,,,,3184859,,,,2498082,,1380104,,11.19,1163982,3092497,,,,,,,,,2247108,,,2896494,,,307213,6081353,,,,,,,,,,,,,,686777,1732512,2988856,151500
,,,,1218401,,,3048,益登,,,934656,,,,,,,,,,,,,,,,,,,,4,上市,114,,,,,,,,,,,,,,,,,,,,,,5588294,,,,5588294,,0,,20.71,17897386,24163638,,,,,,,,,2698298,,,22372297,,,736939,27960591,,,,,,,,,,,,,,0,4474911,3796953,0
,,,,-798914,,,3049,精金,,,-506061,,,,,,,,,,,,,,,,,,,,4,上市,114,0,,,,,0,,,,,,,,,,,,,,,,7558266,,,,7035680,,0,,8.77,2494048,3381694,,,,,,,,,8020105,,,6340727,,,320550,13898993,,,,,,,,,,,,,,522586,3846679,10517299,0
,,,,379166,,,3050,鈺德,0,,-67102,,,,,,,,,,,,,,,,,,,,4,上市,114,0,,,,,0,,,,,,,,,,,,,,,,2997766,,,,2447624,,0,,15.79,854959,1766630,,,,,,,,,1549845,,,2750776,,,585715,5748542,,,,,,,,,,,,,,550142,1895817,3981912,0
,,,,822294,,,3051,力特,,,28636,,,,,,,,,,,,,,,,,,,,4,上市,114,-41599,,,,,0,,,,,,,,,,,,,,,,2479331,,,,2479331,,2000000,,15.03,1257340,1362077,,,,,,,,,1670000,,,1448701,,,0,3928032,,,,,,,,,,,,,,0,191361,2565955,0
,,,,1135185,,,3052,夆典,,,-7670,,,,,,,,,,,,,,,,,,,,4,上市,114,-255837,,,,,0,,,,,,,,,,,,,,,,3602889,,,,3513960,,29261043,,17.23,9860901,13226688,,,,,,,,,2332457,,,9873335,,,309825,13476224,,,,,,,,,,,,,,88929,12434,249536,0
,,,,150910,,,3054,立萬利,,,98704,,,,,,,,,,,,,,,,,,,,4,上市,114,0,,,,,0,,,,,,,,,,,,,,,,1056124,,,,1056124,,0,,13.09,79441,559815,,,,,,,,,806510,,,85542,,,0,1141666,,,,,,,,,,,,,,,6101,581851,0
,,,,487195,,,3055,蔚華科,,,-139283,,,,,,,,,,,,,,,,,,,,4,上市,114,-138537,,,,,,,,,,,,,,,,,,,,,1672745,,,,1649340,,2170030,,14.62,212155,1240873,,,,,,,,,1149749,,,341593,,,290216,2014338,,,,,,,,,,,,,,23405,129438,773465,0
,,,,2679747,,,3056,富華新,,,,,,,,,,,,,,,,,,,,,,,4,上市,114,,,,,,,,,,,,,,,,,,,,,,8755624,,,,8755624,,0,,18.22,4520762,13646151,,,,,,,,,4805550,,,6321783,,,1270327,15077407,,,,,,,,,,,,,,,1801021,1431256,0
,,,,-51424,,,3057,喬鼎,,,-84844,,,,,,,,,,,,,,,,,,,,4,上市,114,,,,,,,,,,,,,,,,,,,,,,551835,,,,551609,,0,,9.14,285700,754588,,,,,,,,,603258,,,329360,,,84619,881195,,,,,,,,,,,,,,226,43660,126607,0
,,,,-297879,,,3058,立德,,,-185705,,,,,,,,,,,,,,,,,,,,4,上市,114,-25377,,,,,0,,,,,,,,,,,,,,,,1659411,,,,1541774,,1348000,,7.69,2738093,2975921,,,,,,,,,2017228,,,3624940,,,33507,5284351,,,,,,,,,,,,,,117637,886847,2308430,0
,,,,4691835,,,3059,華晶科,,,-360269,,,,,,,,,,,,,,,,,,,,4,上市,114,-2847,,,,,0,,,,,,,,,,,,,,,,10385337,,,,9988015,,100000,,32.52,5476683,10460479,,,,,,,,,3072420,,,6366128,,,2586876,16751465,,,,,,,,,,,,,,397322,889445,6290986,0
,,,,510290,,,3060,銘異,,,-665515,,,,,,,,,,,,,,,,,,,,4,上市,114,,,,,,0,,,,,,,,,,,,,,,,2657253,,,,2652740,,0,,19.28,1495630,2970765,,,,,,,,,1375632,,,1848738,,,1432333,4505991,,,,,,,,,,,,,,4513,353108,1535226,0
,,,,1139959,,,3062,建漢,,,-628794,,,,,,,,,,,,,,,,,,,,4,上市,114,-65282,,,,,0,,,,,,,,,,,,,,,,4307812,,,,4307812,,2040000,,13.13,2207684,3715981,,,,,,,,,3301360,,,2418201,,,560569,6726013,,,,,,,,,,,,,,,210517,3010032,0
,,,,3295368,,,3090,日電貿,,,-133272,,,,,,,,,,,,,,,,,,,,4,上市,114,,,,,,,,,,,,,,,,,,,,,,13870516,,,,13814994,,0,,48.04,6015258,10305913,,,,,,,,,2875672,,,6303955,,,7777226,20174471,,,,,,,,,,,,,,55522,288697,9868558,0
,,,,-446775,,,3092,鴻碩,,,-70464,,,,,,,,,,,,,,,,,,,,4,上市,114,,,,,,0,,,,,,,,,,,,,,,,1462914,,,,1431613,,0,,13.44,2100463,2147200,,,,,,,,,1065520,,,3541320,,,883332,5004234,,,,,,,,,,,,,,31301,1440857,2857034,0
,,,,139360,,,3094,聯傑,,,-10461,,,,,,,,,,,,,,,,,,,,4,上市,114,0,,,,,0,,,,,,,,,,,,,,,,1024655,,,,1024655,,0,,12.33,33785,781406,,,,,,,,,831171,,,103574,,,64585,1128229,,,,,,,,,,,,,,,69789,346823,0
,,,,982988,,,3130,一零四,,,-643,,,,,,,,,,,,,,,,,,,,4,上市,114,,,,,,0,,,,,,,,,,,,,,,,1711826,,,,1711826,,0,,51.58,2173103,3002995,,,,,,,,,331907,,,2258882,,,397574,3970708,,,,,,,,,,,,,,,85779,967713,0
,,,,732304,,,3135,凌航,,,0,,,,,,,,,,,,,,,,,,,,4,上市,114,-11718,,,,,,,,,,,,,,,,,,,,,2123434,,,,,,350000,,27.53,1710358,4630023,,,,,,,,,774934,,,3055466,,,627914,5178900,,,,,,,,,,,,,,,1345108,548877,0
,,,,743373,,,3138,耀登,,,7475,,,,,,,,,,,,,,,,,,,,4,上市,114,-186262,,,,,0,,,,,,,,,,,,,,,,2004592,,,,2001588,,2063000,,41.49,1310642,2291927,,,,,,,,,503045,,,2240616,,,933957,4245208,,,,,,,,,,,,,,3004,929974,1953281,0
,,,,-989242,,,3149,正達,,,472453,,,,,,,,,,,,,,,,,,,,4,上市,114,,,,,,0,,,,,,,,,,,,,,,,2556747,,,,2556747,,0,,11.30,988394,1452759,,,,,,,,,2262336,,,2326545,,,811200,4883292,,,,,,,,,,,,,,,1338151,3430533,0
,,,,20306,,,3150,鈺寶-創,,,-42515,,,,,,,,,,,,,,,,,,,,4,上市,114,,,,,,,,,,,,,,,,,,,,,,608296,,,,,,0,,13.71,49951,438554,,,,,,,,,443770,,,51532,,,186735,659828,,,,,,,,,,,,,,,1581,221274,0
,,,,113340,,,3164,景岳,,,5663,,,,,,,,,,,,,,,,,,,,4,上市,114,0,,,,,0,,,,,,,,,,,,,,,,1449730,,,,1330881,,0,,15.47,129779,555309,,,,,,,,,860104,,,215353,,,351774,1665083,,,,,,,,,,,,,,118849,85574,1109774,0
,,,,1978628,,,3167,大量,,,-50009,,,,,,,,,,,,,,,,,,,,4,上市,114,0,,,,,,,,,,,,,,,,,,,,,3417389,,,,3417389,,0,,38.67,3682231,6026777,,,,,,,,,883902,,,4994411,,,604868,8411800,,,,,,,,,,,,,,,1312180,2385023,0
,,,,565169,,,3168,眾福科,,,-5534,,,,,,,,,,,,,,,,,,,,4,上市,114,0,,,,,,,,,,,,,,,,,,,,,2568311,,,,1772700,,0,,23.60,1042985,2542566,,,,,,,,,750996,,,1111299,,,462069,3679610,,,,,,,,,,,,,,795611,68314,1137044,0
,,,,20964996,,,3189,景碩,,,-176628,,,,,,,,,,,,,,,,,,,,4,上市,114,,,,,,,,,,,,,,,,,,,,,,41373197,,,,32731765,,0,,71.66,20106416,28937637,,,,,,,,,4567920,,,38600083,,,7375477,79973280,,,,,,,,,,,,,,8641432,18493667,51035643,0
,,,,1950620,,,3209,全科,0,,120194,,,,,,,,,,,,,,,,,,,,4,上市,114,0,,,,,0,,,,,,,,,,,,,,,0,5503469,,,,5289641,,0,,22.47,10637556,15331074,,,,,,,,,2353912,,,11757594,,,864915,17261063,,,,,,,,,,,,,,213828,1120038,1929989,0
,,,,-133732,,,3229,晟鈦,,,0,,,,,,,,,,,,,,,,,,,,4,上市,114,,,,,,0,,,,,,,,,,,,,,,,599240,,,,599240,,0,,9.32,258193,622171,,,,,,,,,642630,,,261160,,,90342,860400,,,,,,,,,,,,,,0,2967,238229,0
,,,,66870597,,,3231,緯創,,,-1937996,,,,,,,,,,,,,,,,,,,,4,上市,114,0,,,,,0,,,,,,,,,,,,,,,,253288404,,,,177579316,,0,,55.84,732221109,944131671,,,,,,,,,31804123,,,844437773,,,80842592,1097726177,,,,,,,,,,,,,,75709088,112216664,153594506,0
,,,,773121,,,3257,虹冠電,,,-15403,,,,,,,,,,,,,,,,,,,,4,上市,114,-11409,,,,,,,,,,,,,,,,,,,,,1762296,,,,1762296,,259000,,22.15,230980,1928531,,,,,,,,,798236,,,715015,,,217751,2477311,,,,,,,,,,,,,,,484035,548780,0
,,,,2028931,,,3266,昇陽,,,0,,,,,,,,,,,,,,,,,,,,4,上市,114,,,,,,0,,,,,,,,,,,,,,,,6394468,,,,6354745,,0,,18.04,6638020,12223988,,,,,,,,,3523143,,,6913606,,,802671,13308074,,,,,,,,,,,,,,39723,275586,1084086,0
,,,,208296,,,3296,勝德,,,-101192,,,,,,,,,,,,,,,,,,,,4,上市,114,,,,,,0,,,,,,,,,,,,,,,,1257712,,,,1257712,,0,,13.00,943482,1506048,,,,,,,,,967244,,,965868,,,183364,2223580,,,,,,,,,,,,,,,22386,717532,0
,,,,2500488,,,3305,昇貿,,,-75051,,,,,,,,,,,,,,,,,,,,4,上市,114,-234911,,,,,0,,,,,,,,,,,,,,,,5690086,,,,5670303,,4337000,,40.68,5369182,9224746,,,,,,,,,1437094,,,6841420,,,2042683,12531506,,,,,,,,,,,,,,19783,1472238,3306760,0
,,,,519617,,,3308,聯德,,,-3243,,,,,,,,,,,,,,,,,,,,4,上市,114,,,,,,,,,,,,,,,,,,,,,,1121280,,,,1121280,,0,,18.69,788150,1525243,,,,,,,,,600000,,,1052866,,,4906,2174146,,,,,,,,,,,,,,0,264716,648903,0
,,,,1703464,,,3311,閎暉,,,-257955,,,,,,,,,,,,,,,,,,,,4,上市,114,,,,,,,,,,,,,,,,,,,,,,3638642,,,,3638642,,0,,36.39,1305261,1646306,,,,,,,,,1000000,,,1376179,,,1193133,5014821,,,,,,,,,,,,,,,70918,3368515,0
,,,,1019683,,,3312,弘憶股,,,89383,,,,,,,,,,,,,,,,,,,,4,上市,114,,,,,,0,,,,,,,,,,,,,,,,4171028,,,,3908281,,0,,21.40,6054073,9060862,,,,,,,,,1826268,,,7028599,,,972947,11199627,,,,,,,,,,,,,,262747,974526,2138765,0
,,,,-180133,,,3321,同泰,,,-62342,,,,,,,,,,,,,,,,,,,,4,上市,114,,,,,,0,,,,,,,,,,,,,,,,717928,,,,717928,,0,,8.34,1158191,1649730,,,,,,,,,861138,,,1421768,,,99265,2139696,,,,,,,,,,,,,,,263577,489966,0
,,,,840308,,,3338,泰碩,,,-32762,,,,,,,,,,,,,,,,,,,,4,上市,114,-50634,,,,,0,,,,,,,,,,,,,,,,1984922,,,,1984922,,1082000,,22.86,1359412,2739040,,,,,,,,,879081,,,1497354,,,348929,3482276,,,,,,,,,,,,,,,137942,743236,0
,,,,738042,,,3346,麗清,,,-77977,,,,,,,,,,,,,,,,,,,,4,上市,114,-20122,,,,,,,,,,,,,,,,,,,,,3577281,,,,3577281,,750000,,29.69,4590848,8035312,,,,,,,,,1212284,,,6748632,,,1725054,10325913,,,,,,,,,,,,,,,2157784,2290601,0
,,,,1455353,,,3356,奇偶,,,2762,,,,,,,,,,,,,,,,,,,,4,上市,114,,,,,,0,,,,,,,,,,,,,,,,2493408,,,,2482941,,0,,31.06,233518,2542793,,,,,,,,,799417,,,265426,,,225409,2758834,,,,,,,,,,,,,,10467,31908,216041,0
,,,,12856170,,,3376,新日興,,,-117459,,,,,,,,,,,,,,,,,,,,4,上市,114,,,,,,,,,,,,,,,,,,,,,,17189990,,,,17189990,,0,,87.81,3831316,10994305,,,,,,,,,1957638,,,5036836,,,2493641,22226826,,,,,,,,,,,,,,,1205520,11232521,0
,,,,1510849,,,3380,明泰,,,-158330,,,,,,,,,,,,,,,,,,,,4,上市,114,,,,,,,,,,,,,,,,,,,,,,13039374,,,,9123830,,0,,16.84,10377427,17114366,,,,,,,,,5417185,,,11120571,,,2354126,24159945,,,,,,,,,,,,,,3915544,743144,7045579,0
,,,,15772013,,,3406,玉晶光,,,371259,,,,,,,,,,,,,,,,,,,,4,上市,114,,,,,,,,,,,,,,,,,,,,,,26483807,,,,26510378,,0,,235.14,8645817,21377953,,,,,,,,,1127431,,,17156935,,,9239675,43640742,,,,,,,,,,,,,,-26571,8511118,22262789,0
,,,,8852159,,,3413,京鼎,,,415307,,,,,,,,,,,,,,,,,,,,4,上市,114,,,,,,0,,,,,,,,,,,,,,,,17959772,,,,16539459,,0,,150.41,8026170,14679526,,,,,,,,,1105710,,,10269438,,,6166283,28229210,,,,,,,,,,,,,,1420313,2243268,13549684,145480
,,,,1699130,,,3416,融程電,,,-20632,,,,,,,,,,,,,,,,,,,,4,上市,114,,,,,,,,,,,,,,,,,,,,,,3530864,,,,3533620,,0,,43.88,1405429,2713497,,,,,,,,,804920,,,1445009,,,1050202,4975873,,,,,,,,,,,,,,-2756,39580,2262376,95000
,,,,-165667,,,3419,譁裕,,,-75203,,,,,,,,,,,,,,,,,,,,4,上市,114,,,,,,,,,,,,,,,,,,,,,,964359,,,,964359,,0,,8.00,766177,1092815,,,,,,,,,1204804,,,913648,,,425,1878007,,,,,,,,,,,,,,0,147471,785192,0
,,,,-247972,,,3432,台端,,,-44819,,,,,,,,,,,,,,,,,,,,4,上市,114,,,,,,0,,,,,,,,,,,,,,,,307710,,,,307710,,0,,7.29,25807,273953,,,,,,,,,422300,,,52183,,,178201,359893,,,,,,,,,,,,,,,26376,85940,0
,,,,-383404,,,3437,榮創,,,98960,,,,,,,,,,,,,,,,,,,,4,上市,114,,,,,,0,,,,,,,,,,,,,,,,2112124,,,,2052008,,0,,14.20,647855,1713316,,,,,,,,,1445480,,,668461,,,890972,2780585,,,,,,,,,,,,,,60116,20606,1067269,0
,,,,11555644,,,3443,創意,,,-15867,,,,,,,,,,,,,,,,,,,,4,上市,114,,,,,,,,,,,,,,,,,,,,,,12912792,,,,12912792,,0,,96.36,15033293,25737418,,,,,,,,,1340119,,,15530276,,,32896,28443068,,,,,,,,,,,,,,,496983,2705650,0
,,,,329893,,,3447,展達,,,-92,,,,,,,,,,,,,,,,,,,,4,上市,114,,,,,,0,,,,,,,,,,,,,,,,1291063,,,,1291063,,0,,16.67,1887300,2927760,,,,,,,,,774491,,,1892369,,,186771,3183432,,,,,,,,,,,,,,,5069,255672,0
,,,,3191534,,,3450,聯鈞,,,-41079,,,,,,,,,,,,,,,,,,,,4,上市,114,,,,,,,,,,,,,,,,,,,,,,7822865,,,,5063491,,0,,34.76,3763145,7558893,,,,,,,,,1456814,,,5439040,,,456222,13261905,,,,,,,,,,,,,,2759374,1675895,5703012,0
,,,,43651728,,,3481,群創,,,-6138062,,,,,,,,,,,,,,,,,,,,4,上市,114,-56914,,,,,,,,,,,,,,,,,,,,,223472796,,,,221325097,,4072200,,27.72,127995656,183075388,,,,,,,,,79891974,,,160820401,,,103976371,384293197,,,,,,,,,,,,,,2147699,32824745,201217809,0
,,,,-479940,,,3494,誠研,,,-29303,,,,,,,,,,,,,,,,,,,,4,上市,114,,,,,,,,,,,,,,,,,,,,,,670919,,,,576622,,0,,6.08,489673,433135,,,,,,,,,948000,,,1183876,,,137865,1854795,,,,,,,,,,,,,,94297,694203,1421660,0
,,,,4205564,,,3501,維熹,,,-182818,,,,,,,,,,,,,,,,,,,,4,上市,114,,,,,,0,,,,,,,,,,,,,,,,6951163,,,,6951163,,0,,58.78,1786630,6116630,,,,,,,,,1182579,,,2666089,,,1745838,9617252,,,,,,,,,,,,,,,879459,3500622,0
,,,,125058,,,3504,揚明光,,,-118726,,,,,,,,,,,,,,,,,,,,4,上市,114,,,,,,0,,,,,,,,,,,,,,,,2795135,,,,2795135,,0,,24.51,984347,2216643,,,,,,,,,1140598,,,1435833,,,1648205,4230968,,,,,,,,,,,,,,0,451486,2014325,0
,,,,5580780,,,3515,華擎,,,-158270,,,,,,,,,,,,,,,,,,,,4,上市,114,,,,,,1500,,,,,,,,,,,,,,,,15099360,,,,11989309,,0,,97.04,11970132,25120093,,,,,,,,,1235450,,,12030712,,,5331349,27130072,,,,,,,,,,,,,,3110051,60580,2009979,0
,,,,-148052,,,3518,柏騰,,,-156541,,,,,,,,,,,,,,,,,,,,4,上市,114,,,,,,,,,,,,,,,,,,,,,,1400119,,,,1400119,,0,,13.64,378577,1122341,,,,,,,,,1026622,,,845942,,,678090,2246061,,,,,,,,,,,,,,,467365,1123720,0
,,,,906336,,,3528,安馳,,,55363,,,,,,,,,,,,,,,,,,,,4,上市,114,,,,,,,,,,,,,,,,,,,,,,1929858,,,,,,0,,28.96,7207011,8999049,,,,,,,,,666392,,,7240815,,,301767,9170673,,,,,,,,,,,,,,,33804,171624,0
,,,,517789,,,3530,晶相光,,,2250,,,,,,,,,,,,,,,,,,,,4,上市,114,0,,,,,,,,,,,,,,,,,,,,,2451192,,,,2451192,,0,,31.64,314316,2377566,,,,,,,,,774759,,,324701,,,1156394,2775893,,,,,,,,,,,,,,,10385,398327,0
,,,,15185716,,,3532,台勝科,,,-95370,,,,,,,,,,,,,,,,,,,,4,上市,114,,,,,,,,,,,,,,,,,,,,,,24708235,,,,24708235,,0,,63.71,3200286,8804263,,,,,,,,,3878483,,,26587854,,,5739406,51296089,,,,,,,,,,,,,,,23387568,42491826,0
,,,,28127001,,,3533,嘉澤,,,4202,,,,,,,,,,,,,,,,,,,,4,上市,114,-676152,,,,,0,,,,,,,,,,,,,,,,40414835,,,,38443842,,601000,,343.45,9004924,33234169,,,,,,,,,1125347,,,10018416,,,9863444,50433251,,,,,,,,,,,,,,1970993,1013492,17199082,0
,,,,150388,,,3535,晶彩科,,,-4762,,,,,,,,,,,,,,,,,,,,4,上市,114,,,,,,,,,,,,,,,,,,,,,,1034639,,,,1034639,,0,,13.09,436065,1183170,,,,,,,,,790523,,,616492,,,98490,1651131,,,,,,,,,,,,,,,180427,467961,0
,,,,220695,,,3543,州巧,,,-355248,,,,,,,,,,,,,,,,,,,,4,上市,114,-25619,,,,,0,,,,,,,,,,,,,,,,2684735,,,,2460136,,1000000,,27.40,1059959,2679394,,,,,,,,,946344,,,1693443,,,1673964,4378178,,,,,,,,,,,,,,224599,633484,1698784,1534648
,,,,462544,,,3545,敦泰,,,-22753,,,,,,,,,,,,,,,,,,,,4,上市,114,-269871,,,,,,,,,,,,,,,,,,,,,8628786,,,,8628726,,3598000,,39.66,3873186,8272576,,,,,,,,,2211512,,,4921441,,,6247294,13550227,,,,,,,,,,,,,,60,1048255,5277651,0
,,,,242638,,,3550,聯穎,,,-194788,,,,,,,,,,,,,,,,,,,,4,上市,114,,,,,,0,,,,,,,,,,,,,,,,1565393,,,,1547425,,0,,14.39,1027868,2636754,,,,,,,,,1075500,,,2520444,,,424075,4085837,,,,,,,,,,,,,,17968,1492576,1449083,0
,,,,956094,,,3557,嘉威,,,-2472,,,,,,,,,,,,,,,,,,,,4,上市,114,,,,,,,,,,,,,,,,,,,,,,2478914,,,,2478914,,0,,29.40,2444713,2242835,,,,,,,,,843154,,,4001300,,,682138,6480214,,,,,,,,,,,,,,,1556587,4237379,0
,,,,3197752,,,3563,牧德,,,3847,,,,,,,,,,,,,,,,,,,,4,上市,114,,,,,,,,,,,,,,,,,,,,,,5798454,,,,5676757,,0,,88.75,988842,5926301,,,,,,,,,639608,,,1092391,,,1835550,6890845,,,,,,,,,,,,,,121697,103549,964544,0
,,,,-6079748,,,3576,聯合再生,,,202515,,,,,,,,,,,,,,,,,,,,4,上市,114,-18699,,,,,,,,,,,,,,,,,,,,,10416917,,,,10383895,,1065679,,6.38,9093413,8018591,,,,,,,,,16277954,,,13630124,,,1873,24047041,,,,,,,,,,,,,,33022,4536711,16028450,0
,,,,3824450,,,3583,辛耘,,,512474,,,,,,,,,,,,,,,,,,,,4,上市,114,,,,,,,,,,,,,,,,,,,,,,6410303,,,,6059043,,0,,75.43,18210355,20158200,,,,,,,,,803313,,,18652199,,,918806,25062502,,,,,,,,,,,,,,351260,441844,4904302,0
,,,,771852,,,3588,通嘉,,,-23971,,,,,,,,,,,,,,,,,,,,4,上市,114,,,,,,,,,,,,,,,,,,,,,,1754166,,,,1754166,,0,,28.29,209419,1514290,,,,,,,,,620142,,,233476,,,386143,1987642,,,,,,,,,,,,,,,24057,473352,0
,,,,30425,,,3591,艾笛森,,,-166648,,,,,,,,,,,,,,,,,,,,4,上市,114,-73473,,,,,0,,,,,,,,,,,,,,,,2975578,,,,2803160,,4025827,,19.82,626969,2306441,,,,,,,,,1454824,,,1127832,,,1558032,4103410,,,,,,,,,,,,,,172418,500863,1796969,0
,,,,6462155,,,3592,瑞鼎,,,-413783,,,,,,,,,,,,,,,,,,,,4,上市,114,,,,,,0,,,,,,,,,,,,,,,,11519857,,,,11519857,,0,,151.87,7694303,17335644,,,,,,,,,758552,,,8139386,,,4712933,19659243,,,,,,,,,,,,,,,445083,2323599,0
,,,,-409299,,,3593,力銘,,,76077,,,,,,,,,,,,,,,,,,,,4,上市,114,,,,,,,,,,,,,,,,,,,,,,291455,,,,291455,,0,,4.79,612316,827825,,,,,,,,,608255,,,1041641,,,16422,1333096,,,,,,,,,,,,,,,429325,505271,0
,,,,11249315,,,3596,智易,,,62391,,,,,,,,,,,,,,,,,,,,4,上市,114,,,,,,,,,,,,,,,,,,,,,,17033163,,,,16944704,,0,,76.90,27510239,37352655,,,,,,,,,2203543,,,27777836,,,3429455,44810999,,,,,,,,,,,,,,88459,267597,7458344,0
,,,,3918287,,,3605,宏致,,,176514,,,,,,,,,,,,,,,,,,,,4,上市,114,0,,,,,0,,,,,,,,,,,,,,,,7934226,,,,7933393,,0,,48.44,4015546,7505706,,,,,,,,,1637848,,,6915191,,,2200744,14849417,,,,,,,,,,,,,,833,2899645,7343711,1431700
,,,,30574,,,3607,谷崧,,,-710242,,,,,,,,,,,,,,,,,,,,4,上市,114,,,,,,,,,,,,,,,,,,,,,,1747746,,,,1747746,,0,,14.37,969575,2096479,,,,,,,,,1216622,,,1117908,,,1210792,2865654,,,,,,,,,,,,,,0,148333,769175,0
,,,,5476602,,,3617,碩天,,,66249,,,,,,,,,,,,,,,,,,,,4,上市,114,,,,,,,,,,,,,,,,,,,,,,9674185,,,,9594747,,0,,101.89,2769958,9994262,,,,,,,,,941660,,,4544920,,,3110236,14219105,,,,,,,,,,,,,,79438,1774962,4224843,0
,,,,2494207,,,3622,洋華,,,2166970,,,,,,,,,,,,,,,,,,,,4,上市,114,,,,,,,,,,,,,,,,,,,,,,7878101,,,,7797659,,0,,51.53,603946,6442638,,,,,,,,,1513276,,,866617,,,1623206,8744718,,,,,,,,,,,,,,80442,262671,2302080,0
,,,,1137246,,,3645,達邁,,,-8,,,,,,,,,,,,,,,,,,,,4,上市,114,,,,,,,,,,,,,,,,,,,,,,3316094,,,,3297714,,0,,24.11,783284,1682842,,,,,,,,,1367542,,,1638454,,,792934,4954548,,,,,,,,,,,,,,18380,855170,3271706,0
,,,,269075,,,3652,精聯,,,-19262,,,,,,,,,,,,,,,,,,,,4,上市,114,,,,,,,,,,,,,,,,,,,,,,1938602,,,,1936014,,0,,25.78,599690,2101930,,,,,,,,,750975,,,685424,,,935226,2624026,,,,,,,,,,,,,,2588,85734,522096,0
,,,,8568650,,,3653,健策,,,33836,,,,,,,,,,,,,,,,,,,,4,上市,114,,,,,,,,,,,,,,,,,,,,,,23064713,,,,22837360,,0,,155.64,4453346,18566576,,,,,,,,,1467328,,,4904018,,,12767546,27968731,,,,,,,,,,,,,,227353,450672,9402155,1862754
,,,,13404837,,,3661,世芯-KY,0,,832866,,,,,,,,,,,,,,,,,,,,4,上市,114,0,,,,,0,,,,,,,,,,,,,,,,40824237,,,,40805144,,0,,502.01,16974725,53057047,,,,,,,,,812836,,,17214495,,,25754605,58038732,,,,,,,,,,,,,,19093,239770,4981685,0
,,,,19462899,,,3665,貿聯-KY,,,1714852,,,,,,,,,,,,,,,,,,,,4,上市,114,,,,,,0,,,,,,,,,,,,,,,,46642648,,,,46634452,,0,,239.15,20629691,51411663,,,,,,,,,1954189,,,35670143,,,23502512,82312791,,,,,,,,,,,,,,8196,15040452,30901128,33500
,,,,1838974,,,3669,圓展,,,-191277,,,,,,,,,,,,,,,,,,,,4,上市,114,,,,,,,,,,,,,,,,,,,,,,3312017,,,,3312017,,0,,35.64,1056900,2147056,,,,,,,,,929200,,,1180094,,,735120,4492111,,,,,,,,,,,,,,,123194,2345055,0
,,,,3551105,,,3673,TPK-KY,,,2850447,,,,,,,,,,,,,,,,,,,,4,上市,114,,,,,,,,,,,,,,,,,,,,,,39560810,,,,39363411,,0,,96.80,31462914,62209240,,,,,,,,,4066638,,,45319469,,,28895221,84880279,,,,,,,,,,,,,,197399,13856555,22671039,0
,,,,3599113,,,3679,新至陞,,,-184095,,,,,,,,,,,,,,,,,,,,4,上市,114,,,,,,0,,,,,,,,,,,,,,,,4986139,,,,4986139,,0,,79.12,2359015,6635161,,,,,,,,,630222,,,4162712,,,940899,9148851,,,,,,,,,,,,,,,1803697,2513690,0
,,,,-102600,,,3686,達能,,,,,,,,,,,,,,,,,,,,,,,4,上市,114,,,,,,0,,,,,,,,,,,,,,,,668474,,,,668474,,0,,8.74,7218,403427,,,,,,,,,764951,,,9880,,,6123,678354,,,,,,,,,,,,,,,2662,274927,0
,,,,1054210,,,3694,海華,,,-106859,,,,,,,,,,,,,,,,,,,,4,上市,114,,,,,,,,,,,,,,,,,,,,,,3667601,,,,3667601,,0,,23.67,3463081,6004990,,,,,,,,,1549472,,,3507212,,,1170778,7174813,,,,,,,,,,,,,,,44131,1169823,0
,,,,998353,,,3701,大眾控,,,-261954,,,,,,,,,,,,,,,,,,,,4,上市,114,,,,,,,,,,,,,,,,,,,,,,6512205,,,,4783748,,0,,20.22,3464526,9458611,,,,,,,,,2365422,,,6821910,,,1681927,13334115,,,,,,,,,,,,,,1728457,3357384,3875504,0
,,,,45127942,,,3702,大聯大,,,-1927114,,,,,,,,,,,,,,,,,,,,4,上市,114,,,,,,0,,,,,,,,,,,,,,,,85250255,,,,82845274,,0,,49.34,285941031,364594708,,,,,,,,,16790568,,,325721809,,,22853878,410972064,,,,,,,,,,,,,,2404981,39780778,46377356,0
,,,,11057554,,,3703,欣陸,,,1661521,,,,,,,,,,,,,,,,,,,,4,上市,114,,,,,,,,,,,,,,,,,,,,,,29307954,,,,27835253,,0,,33.81,51878628,62151423,,,,,,,,,8232160,,,67539001,,,6884018,96846955,,,,,,,,,,,,,,1472701,15660373,34695532,0
,,,,4275485,,,3704,合勤控,,,-461742,,,,,,,,,,,,,,,,,,,,4,上市,114,-96550,,,,,,,,,,,,,,,,,,,,,11852497,,,,11586915,,7317397,,28.39,9305524,17112890,,,,,,,,,4154450,,,10011547,,,3715272,21864044,,,,,,,,,,,,,,265582,706023,4751154,0
,,,,3371228,,,3705,永信,,,-257363,,,,,,,,,,,,,,,,,,,,4,上市,114,-1439,,,,,0,,,,,,,,,,,,,,,,8974585,,,,8158691,,58059,,30.63,2019685,7012447,,,,,,,,,2664230,,,3637913,,,2382035,12612498,,,,,,,,,,,,,,815894,1618228,5600051,0
,,,,30846596,,,3706,神達,,,1188237,,,,,,,,,,,,,,,,,,,,4,上市,114,,,,,,0,,,,,,,,,,,,,,,,69643112,,,,68459295,,0,,51.58,43434183,73652228,,,,,,,,,13272125,,,61274350,,,23152337,130917462,,,,,,,,,,,,,,1183817,17840167,57265234,0
,,,,6567785,,,3708,上緯投控,,,2179065,,,,,,,,,,,,,,,,,,,,4,上市,114,-718494,,,,,0,,,,,,,,,,,,,,,,15134086,,,,15252481,,6000000,,149.88,2950792,7553968,,,,,,,,,1077672,,,3463345,,,6146453,18597431,,,,,,,,,,,,,,-118395,512553,11043463,0
,,,,140171237,,,3711,日月光投控,,,7750840,,,,,,,,,,,,,,,,,,,,4,上市,114,-1959107,,,,,,,,,,,,,,,,,,,,,373367633,,,,346899908,,72941505,,79.29,244348583,313795092,,,,,,,,,44479768,,,515965721,,,156457170,889333354,,,,,,,,,,,,,,26467725,271617138,575538262,11834800
,,,,-4947554,,,3712,永崴投控,,,62041,,,,,,,,,,,,,,,,,,,,4,上市,114,,,,,,,,,,,,,,,,,,,,,,3896361,,,,3315239,,0,,13.46,46005785,30402818,,,,,,,,,2462421,,,57992523,,,5738331,61888884,,,,,,,,,,,,,,581122,11986738,31486066,0
,,,,-2686904,,,3714,富采,,,716490,,,,,,,,,,,,,,,,,,,,4,上市,114,-135163,,,,,0,,,,,,,,,,,,,,,,42399420,,,,41408919,,1282377,,56.21,7737565,28342886,,,,,,,,,7379405,,,9356318,,,36135091,51755738,,,,,,,,,,,,,,990501,1618753,23412852,0
,,,,2348972,,,3715,定穎投控,,,167530,,,,,,,,,,,,,,,,,,,,4,上市,114,,,,,,0,,,,,,,,,,,,,,,,12663530,,,,10805393,,0,,38.10,13577864,17781362,,,,,,,,,2835746,,,25981265,,,5453145,38644795,,,,,,,,,,,,,,1858137,12403401,20863433,0
,,,,486623,,,3716,中化控股,,,-173841,,,,,,,,,,,,,,,,,,,,4,上市,114,-146631,,,,,0,,,,,,,,,,,,,,,,7611632,,,,7571654,,3624941,,51.81,4099620,5758197,,,,,,,,,1497656,,,4835557,,,5907847,12447189,,,,,,,,,,,,,,39978,735937,6688992,0
,,,,65197,,,3717,聯嘉投控,,,-13249,,,,,,,,,,,,,,,,,,,,4,上市,114,0,,,,,,,,,,,,,,,,,,,,,3212163,,,,3208234,,0,,15.44,4293222,5104655,,,,,,,,,2078455,,,5152033,,,1077831,8364196,,,,,,,,,,,,,,3929,858811,3259541,0
,,,,3740835,,,4104,佳醫,,,344945,,,,,,,,,,,,,,,,,,,,4,上市,114,,,,,,0,,,,,,,,,,,,,,,,11724607,,,,9192287,,0,,53.58,6192003,10366292,,,,,,,,,1715674,,,7252590,,,3390833,18977197,,,,,,,,,,,,,,2532320,1060587,8610905,0
,,,,1211719,,,4106,雃博,,,-36550,,,,,,,,,,,,,,,,,,,,4,上市,114,,,,,,,,,,,,,,,,,,,,,,2530323,,,,2530021,,0,,25.07,541902,1698085,,,,,,,,,1009116,,,648367,,,345736,3178690,,,,,,,,,,,,,,302,106465,1480605,0
,,,,-282059,,,4108,懷特,,,162306,,,,,,,,,,,,,,,,,,,,4,上市,114,,,,,,,,,,,,,,,,,,,,,,2293653,,,,1872785,,0,,9.43,46119,1263922,,,,,,,,,1986189,,,59424,,,6349,2353077,,,,,,,,,,,,,,420868,13305,1089155,0
,,,,1967847,,,4119,旭富,,,-3438,,,,,,,,,,,,,,,,,,,,4,上市,114,,,,,,0,,,,,,,,,,,,,,,,5394482,,,,5394482,,0,,45.14,1036371,1090422,,,,,,,,,1195087,,,1492364,,,2234986,6886846,,,,,,,,,,,,,,,455993,5796424,0
,,,,181513,,,4133,亞諾法,0,,-5081,,,,,,,,,,,,,,,,,,,,4,上市,114,0,,,,,,,,,,,,,,,,,,,,0,1256495,,,,1256495,,0,,20.75,53787,915458,,,,,,,,,605536,,,70740,,,474527,1327235,,,,,,,,,,,,,,0,16953,411777,0
,,,,3254609,,,4137,麗豐-KY,,,-472148,,,,,,,,,,,,,,,,,,,,4,上市,114,,,,,,,,,,,,,,,,,,,,,,5276810,,,,5276810,,0,,63.97,3536806,6584215,,,,,,,,,824924,,,4247102,,,1669425,9523912,,,,,,,,,,,,,,,710296,2939697,0
,,,,86120,,,4142,國光生,,,26237,,,,,,,,,,,,,,,,,,,,4,上市,114,-292538,,,,,0,,,,,,,,,,,,,,,,5051712,,,,4944395,,8000000,,11.73,1545848,3271118,,,,,,,,,4295078,,,3140920,,,829498,8192632,,,,,,,,,,,,,,107317,1595072,4921514,0
,,,,1498796,,,4148,全宇生技-KY,,,-210437,,,,,,,,,,,,,,,,,,,,4,上市,114,,,,,,,,,,,,,,,,,,,,,,3444921,,,,2743086,,0,,40.80,613699,3062611,,,,,,,,,672357,,,779828,,,782370,4224749,,,,,,,,,,,,,,701835,166129,1162138,0
,,,,263701,,,4155,訊映,,,-83858,,,,,,,,,,,,,,,,,,,,4,上市,114,0,,,,,0,,,,,,,,,,,,,,,,2576108,,,,2513182,,0,,17.35,547601,1249253,,,,,,,,,1448142,,,1273316,,,885197,3849424,,,,,,,,,,,,,,62926,725715,2600171,0
,,,,1231326,,,4164,承業醫,,,-413342,,,,,,,,,,,,,,,,,,,,4,上市,114,,,,,,0,,,,,,,,,,,,,,,,8049745,,,,7629524,,0,,39.06,2670093,4984640,,,,,,,,,1953110,,,7576331,,,4858430,15626076,,,,,,,,,,,,,,420221,4906238,10641436,0
,,,,51631,,,4169,泰宗,,,-2574,,,,,,,,,,,,,,,,,,,,4,上市,114,,,,,,0,,,,,,,,,,,,,,,,1055315,,,,1055315,,0,,17.87,114888,858462,,,,,,,,,590486,,,148860,,,415772,1204175,,,,,,,,,,,,,,,33972,345713,0
,,,,-1367207,,,4178,永笙-KY,,,-115147,,,,,,,,,,,,,,,,,,,,4,上市,114,,,,,,,,,,,,,,,,,,,,,,1738821,,,,1738821,,0,,9.00,250426,2610034,,,,,,,,,1935698,,,1351392,,,1285477,3090213,,,,,,,,,,,,,,,1100966,480179,784000
,,,,441648,,,4190,佐登-KY,,,-63356,,,,,,,,,,,,,,,,,,,,4,上市,114,-108436,,,,,,,,,,,,,,,,,,,,,1635735,,,,1635735,,2000000,,27.41,3363986,1625865,,,,,,,,,616688,,,5158081,,,749191,6793816,,,,,,,,,,,,,,,1794095,5167951,0
,,,,-213334,,,4195,基米-創,,,-1873,,,,,,,,,,,,,,,,,,,,4,上市,114,,,,,,,,,,,,,,,,,,,,,,582065,,,,510344,,0,,7.04,533300,639363,,,,,,,,,724481,,,844068,,,1070,1426133,,,,,,,,,,,,,,71721,310768,786770,0
,,,,3288010,,,4306,炎洲,,,251727,,,,,,,,,,,,,,,,,,,,4,上市,114,-243995,,,,,,,,,,,,,,,,,,,,,13558279,,,,12824734,,18791283,,19.49,13752795,24058991,,,,,,,,,6767572,,,23296800,,,2761420,36855079,,,,,,,,,,,,,,733545,9544005,12796088,0
,,,,243518,,,4414,如興,,,143905,,,,,,,,,,,,,,,,,,,,4,上市,114,,,,,,,,,,,,,,,,,,,,,,4510805,,,,4298307,,0,,16.29,8566726,7903697,,,,,,,,,2637957,,,8902103,,,1272927,13412908,,,,,,,,,,,,,,212498,335377,5509211,0
,,,,120795,,,4426,利勤,,,-16633,,,,,,,,,,,,,,,,,,,,4,上市,114,,,,,,0,,,,,,,,,,,,,,,,1874048,,,,1873794,,0,,10.85,882127,759309,,,,,,,,,1726773,,,2397010,,,42859,4271058,,,,,,,,,,,,,,254,1514883,3511749,0
,,,,4003068,,,4438,廣越,,,-347005,,,,,,,,,,,,,,,,,,,,4,上市,114,-62946,,,,,,,,,,,,,,,,,,,,,10500447,,,,8495510,,754000,,75.40,5669886,11656558,,,,,,,,,1134255,,,7399391,,,3768138,17899838,,,,,,,,,,,,,,2004937,1729505,6243280,0
,,,,1332330,,,4439,冠星-KY,,,-46179,,,,,,,,,,,,,,,,,,,,4,上市,114,0,,,,,,,,,,,,,,,,,,,,,3355977,,,,3355977,,0,,88.09,2139966,3255106,,,,,,,,,380973,,,2846034,,,1688853,6202011,,,,,,,,,,,,,,,706068,2946905,0
,,,,360626,,,4440,宜新實業,,,4907,,,,,,,,,,,,,,,,,,,,4,上市,114,,,,,,,,,,,,,,,,,,,,,,1323417,,,,,,0,,19.58,493350,737547,,,,,,,,,675980,,,974714,,,281904,2298131,,,,,,,,,,,,,,,481364,1560584,0
,,,,3861579,,,4441,振大環球,,,2317,,,,,,,,,,,,,,,,,,,,4,上市,114,,,,,,,,,,,,,,,,,,,,,,6962200,,,,6953992,,0,,102.00,1518588,7064497,,,,,,,,,681756,,,1574947,,,2408340,8537147,,,,,,,,,,,,,,8208,56359,1472650,0
,,,,871520,,,4526,東台,,,210970,,,,,,,,,,,,,,,,,,,,4,上市,114,-76916,,,,,,,,,,,,,,,,,,,,,4842071,,,,4788335,,3000000,,19.01,6221927,7719126,,,,,,,,,2548265,,,7698609,,,1234496,12540680,,,,,,,,,,,,,,53736,1476682,4821554,0
,,,,5188838,,,4532,瑞智,,,-785064,,,,,,,,,,,,,,,,,,,,4,上市,114,-451631,,,,,,,,,,,,,,,,,,,,,11368816,,,,10368760,,19200000,,21.35,15826814,21582783,,,,,,,,,5048951,,,16950723,,,1367666,28319539,,,,,,,,,,,,,,1000056,1123909,6736756,0
,,,,7155106,,,4536,拓凱,,,-278570,,,,,,,,,,,,,,,,,,,,4,上市,114,,,,,,,,,,,,,,,,,,,,,,9863115,,,,9424268,,0,,103.77,2568141,8728526,,,,,,,,,908200,,,4123406,,,1639532,13986521,,,,,,,,,,,,,,438847,1555265,5257995,0
,,,,-22694,,,4540,全球傳動,,,52942,,,,,,,,,,,,,,,,,,,,4,上市,114,,,,,,0,,,,,,,,,,,,,,,,3449278,,,,3449278,,0,,29.95,1873145,3871771,,,,,,,,,1151868,,,4085858,,,2267162,7535136,,,,,,,,,,,,,,,2212713,3663365,2110073
,,,,496418,,,4545,銘鈺,,,-8380,,,,,,,,,,,,,,,,,,,,4,上市,114,,,,,,0,,,,,,,,,,,,,,,,1900823,,,,1900823,,0,,24.69,1095109,1754525,,,,,,,,,770000,,,1222236,,,642785,3123059,,,,,,,,,,,,,,,127127,1368534,0
,,,,4201402,,,4551,智伸科,,,-91400,,,,,,,,,,,,,,,,,,,,4,上市,114,,,,,,,,,,,,,,,,,,,,,,8958942,,,,8958942,,0,,77.75,4336507,9953748,,,,,,,,,1152225,,,4947316,,,3696715,13906258,,,,,,,,,,,,,,,610809,3952510,0
,,,,3969533,,,4552,力達-KY,,,-468597,,,,,,,,,,,,,,,,,,,,4,上市,114,,,,,,0,,,,,,,,,,,,,,,,6209136,,,,6209136,,0,,53.53,1000014,3805991,,,,,,,,,1160000,,,1640403,,,1548200,7849539,,,,,,,,,,,,,,,640389,4043548,0
,,,,1493823,,,4555,氣立,,,-65374,,,,,,,,,,,,,,,,,,,,4,上市,114,-22333,,,,,,,,,,,,,,,,,,,,,2951550,,,,2841207,,500000,,40.89,593320,2272146,,,,,,,,,699876,,,1557215,,,735215,4508765,,,,,,,,,,,,,,110343,963895,2236619,0
,,,,808820,,,4557,永新-KY,,,-133261,,,,,,,,,,,,,,,,,,,,4,上市,114,,,,,,0,,,,,,,,,,,,,,,,2764406,,,,2529280,,0,,52.72,2716908,3684554,,,,,,,,,479718,,,2889794,,,1374003,5654200,,,,,,,,,,,,,,235126,172886,1969646,0
,,,,961623,,,4560,強信-KY,,,-43519,,,,,,,,,,,,,,,,,,,,4,上市,114,,,,,,,,,,,,,,,,,,,,,,1995639,,,,1995639,,0,,29.31,451385,1667667,,,,,,,,,680972,,,474009,,,396563,2469648,,,,,,,,,,,,,,,22624,801981,0
,,,,-335887,,,4562,穎漢,,,17426,,,,,,,,,,,,,,,,,,,,4,上市,114,,,,,,,,,,,,,,,,,,,,,,920635,,,,904811,,0,,10.34,959192,1203677,,,,,,,,,875460,,,1227656,,,347812,2148291,,,,,,,,,,,,,,15824,268464,944614,0
,,,,-416538,,,4564,元翎,,,-4691,,,,,,,,,,,,,,,,,,,,4,上市,114,,,,,,,,,,,,,,,,,,,,,,4117500,,,,4117500,,0,,17.69,1031640,1596302,,,,,,,,,2327883,,,2513464,,,2210846,6630964,,,,,,,,,,,,,,,1481824,5034662,0
,,,,1033661,,,4566,時碩工業,,,2762,,,,,,,,,,,,,,,,,,,,4,上市,114,,,,,,,,,,,,,,,,,,,,,,5036474,,,,4947291,,0,,45.05,2827389,5296255,,,,,,,,,1098118,,,5537882,,,2812750,10574356,,,,,,,,,,,,,,89183,2710493,5278101,0
,,,,494230,,,4569,六方科-KY,,,76988,,,,,,,,,,,,,,,,,,,,4,上市,114,-26557,,,,,0,,,,,,,,,,,,,,,,2781827,,,,2779848,,204000,,91.45,160134,1864320,,,,,,,,,306000,,,783437,,,1929187,3565264,,,,,,,,,,,,,,1979,623303,1700944,0
,,,,1616665,,,4571,鈞興-KY,,,-66185,,,,,,,,,,,,,,,,,,,,4,上市,114,-91290,,,,,,,,,,,,,,,,,,,,,3161462,,,,3161462,,1097000,,60.89,804273,2981274,,,,,,,,,530171,,,855919,,,1172101,4017381,,,,,,,,,,,,,,,51646,1036107,0
,,,,1514611,,,4572,駐龍,,,,,,,,,,,,,,,,,,,,,,,4,上市,114,,,,,,0,,,,,,,,,,,,,,,,2024259,,,,2024259,,0,,50.61,637456,1841136,,,,,,,,,400000,,,940335,,,109648,2964594,,,,,,,,,,,,,,,302879,1123458,0
,,,,1281986,,,4576,大銀微系統,,,44486,,,,,,,,,,,,,,,,,,,,4,上市,114,,,,,,,,,,,,,,,,,,,,,,4435855,,,,4102671,,0,,34.25,1342861,2818593,,,,,,,,,1198018,,,2573502,,,1578181,7009357,,,,,,,,,,,,,,333184,1230641,4190764,0
,,,,516813,,,4581,光隆精密-KY,,,5364,,,,,,,,,,,,,,,,,,,,4,上市,114,0,,,,,,,,,,,,,,,,,,,,,1230093,,,,1228295,,0,,36.23,531193,1750168,,,,,,,,,338990,,,1257765,,,367128,2487858,,,,,,,,,,,,,,1798,726572,737690,0
,,,,463865,,,4582,聚恆-創,,,,,,,,,,,,,,,,,,,,,,,4,上市,114,,,,,,0,,,,,,,,,,,,,,,,1269295,,,,1261136,,0,,18.94,2141556,1957064,,,,,,,,,666000,,,2643094,,,131271,3912389,,,,,,,,,,,,,,8159,501538,1955325,0
,,,,8504030,,,4583,台灣精銳,,,0,,,,,,,,,,,,,,,,,,,,4,上市,114,,,,,,,,,,,,,,,,,,,,,,10189001,,,,10189001,,0,,127.09,410961,7162965,,,,,,,,,801714,,,1063300,,,883257,11252301,,,,,,,,,,,,,,,652339,4089336,0
,,,,396291,,,4585,達明,,,1552,,,,,,,,,,,,,,,,,,,,4,上市,114,,,,,,0,,,,,,,,,,,,,,,,6871195,,,,6871195,,0,,65.75,848776,5919580,,,,,,,,,1125926,,,878141,,,5347426,7749336,,,,,,,,,,,,,,,29365,1829756,1712000
,,,,226303,,,4588,玖鼎電力,,,,,,,,,,,,,,,,,,,,,,,4,上市,114,,,,,,0,,,,,,,,,,,,,,,,929117,,,,,,0,,21.61,572458,1100706,,,,,,,,,429850,,,1200056,,,272964,2129173,,,,,,,,,,,,,,,627598,1028467,0
,,,,516320,,,4590,富田-創,,,-655,,,,,,,,,,,,,,,,,,,,4,上市,114,,,,,,,,,,,,,,,,,,,,,,3320091,,,,,,0,,64.67,1320258,2890988,,,,,,,,,513384,,,2602894,,,2291042,5922985,,,,,,,,,,,,,,,1282636,3031997,0
,,,,423797,,,4720,德淵,,,-67634,,,,,,,,,,,,,,,,,,,,4,上市,114,,,,,,,,,,,,,,,,,,,,,,1784524,,,,1625697,,0,,14.20,1292053,1935705,,,,,,,,,1145160,,,1685816,,,124374,3470340,,,,,,,,,,,,,,158827,393763,1534635,0
,,,,1665503,,,4722,國精化,,,-2832,,,,,,,,,,,,,,,,,,,,4,上市,114,,,,,,0,,,,,,,,,,,,,,,,3200397,,,,3200397,,0,,31.32,1478099,2843405,,,,,,,,,1029011,,,3599087,,,508715,6799484,,,,,,,,,,,,,,,2120988,3956079,342000
,,,,6990051,,,4736,泰博,,,34747,,,,,,,,,,,,,,,,,,,,4,上市,114,,,,,,,,,,,,,,,,,,,,,,10124446,,,,9785652,,0,,102.60,2380909,7572943,,,,,,,,,953744,,,2660012,,,1807110,12784458,,,,,,,,,,,,,,338794,279103,5211515,0
,,,,-167217,,,4737,華廣,,,159995,,,,,,,,,,,,,,,,,,,,4,上市,114,,,,,,,,,,,,,,,,,,,,,,1755612,,,,1745406,,0,,25.94,2078308,1561116,,,,,,,,,673324,,,3948788,,,1079304,5704400,,,,,,,,,,,,,,10206,1870480,4143284,12600
,,,,1120632,,,4739,康普,,,-28495,,,,,,,,,,,,,,,,,,,,4,上市,114,-3268,,,,,0,,,,,,,,,,,,,,,,6717894,,,,5760430,,673495,,48.83,3732055,6664416,,,,,,,,,1186493,,,5860942,,,3485068,12578836,,,,,,,,,,,,,,957464,2128887,5914420,0
,,,,3010582,,,4746,台耀,,,-26339,,,,,,,,,,,,,,,,,,,,4,上市,114,,,,,,0,,,,,,,,,,,,,,,,8670142,,,,7757183,,0,,64.51,2900325,5549100,,,,,,,,,1202560,,,5163175,,,3570380,13833317,,,,,,,,,,,,,,912959,2262850,8284217,0
,,,,3302676,,,4755,三福化,,,685086,,,,,,,,,,,,,,,,,,,,4,上市,114,,,,,,,,,,,,,,,,,,,,,,5384822,,,,5264198,,0,,52.27,2674468,3215912,,,,,,,,,1007060,,,3084686,,,269376,8469508,,,,,,,,,,,,,,120624,410218,5253596,0
,,,,14708590,,,4763,材料*-KY,,,214706,,,,,,,,,,,,,,,,,,,,4,上市,114,0,,,,,,,,,,,,,,,,,,,,,20071913,,,,19901086,,0,,20.12,1765770,17516866,,,,,,,,,989147,,,1765770,,,3988643,21837683,,,,,,,,,,,,,,170827,,4320817,0
,,,,1146505,,,4764,雙鍵,,,-21120,,,,,,,,,,,,,,,,,,,,4,上市,114,,,,,,,,,,,,,,,,,,,,,,2343253,,,,2338921,,0,,27.34,1902165,2590622,,,,,,,,,855421,,,2431750,,,358115,4775003,,,,,,,,,,,,,,4332,529585,2184381,0
,,,,9881165,,,4766,南寶,,,558258,,,,,,,,,,,,,,,,,,,,4,上市,114,,,,,,,,,,,,,,,,,,,,,,15430443,,,,13794492,,0,,114.41,7465665,17526191,,,,,,,,,1205707,,,12301901,,,2149362,27732344,,,,,,,,,,,,,,1635951,4836236,10206153,0
,,,,5322893,,,4770,上品,,,63707,,,,,,,,,,,,,,,,,,,,4,上市,114,,,,,,,,,,,,,,,,,,,,,,8231845,,,,8231845,,0,,102.93,1786477,8288388,,,,,,,,,799760,,,2122426,,,2045485,10354271,,,,,,,,,,,,,,,335949,2065883,0
,,,,1518411,,,4771,望隼,,,29448,,,,,,,,,,,,,,,,,,,,4,上市,114,,,,,,,,,,,,,,,,,,,,,,4408528,,,,3984501,,0,,68.08,1044127,2658436,,,,,,,,,585277,,,2652582,,,1851365,7061110,,,,,,,,,,,,,,424027,1608455,4402674,0
,,,,-11650,,,4807,日成-KY,,,27993,,,,,,,,,,,,,,,,,,,,4,上市,114,,,,,,0,,,,,,,,,,,,,,,,876207,,,,775802,,0,,20.21,584346,1085488,,,,,,,,,383960,,,663176,,,375499,1539383,,,,,,,,,,,,,,100405,78830,453895,0
,,,,36152356,,,4904,遠傳,,,-207149,,,,,,,,,,,,,,,,,,,,4,上市,114,,,,,,0,,,,,,,,,,,,,,,,93672811,,,,92140651,,0,,25.54,33275025,34981474,,,,,,,,,36070254,,,88443627,,,20125190,182116438,,,,,,,,,,,,,,1532160,55168602,147134964,0
,,,,2106872,,,4906,正文,,,-724322,,,,,,,,,,,,,,,,,,,,4,上市,114,,,,,,,,,,,,,,,,,,,,,,11756455,,,,11410914,,0,,26.69,6830453,11649435,,,,,,,,,4275941,,,7214970,,,5752423,18971425,,,,,,,,,,,,,,345541,384517,7321990,0
,,,,1674880,,,4912,聯德控股-KY,,,-50960,,,,,,,,,,,,,,,,,,,,4,上市,114,,,,,,,,,,,,,,,,,,,,,,3911688,,,,3881983,,0,,57.86,3567041,6423130,,,,,,,,,670931,,,5168805,,,1587132,9080493,,,,,,,,,,,,,,29705,1601764,2657363,0
,,,,12707526,,,4915,致伸,,,-790581,,,,,,,,,,,,,,,,,,,,4,上市,114,,,,,,0,,,,,,,,,,,,,,,,20522535,,,,20522535,,0,,43.56,26848416,36374077,,,,,,,,,4711428,,,30701284,,,3894162,51223819,,,,,,,,,,,,,,0,3852868,14849742,0
,,,,523021,,,4916,事欣科,,,-5408,,,,,,,,,,,,,,,,,,,,4,上市,114,,,,,,,,,,,,,,,,,,,,,,3064934,,,,3054358,,0,,24.75,1429155,3305111,,,,,,,,,1233899,,,1923130,,,1302846,4988064,,,,,,,,,,,,,,10576,493975,1682953,0
,,,,3425273,,,4919,新唐,,,-1604910,,,,,,,,,,,,,,,,,,,,4,上市,114,,,,,,,,,,,,,,,,,,,,,,13117836,,,,13117836,,0,,31.25,8842408,18300831,,,,,,,,,4197653,,,16873592,,,7099820,29991428,,,,,,,,,,,,,,,8031184,11690597,0
,,,,-722744,,,4927,泰鼎-KY,,,197821,,,,,,,,,,,,,,,,,,,,4,上市,114,,,,,,,,,,,,,,,,,,,,,,5891548,,,,5870934,,0,,22.16,11525912,6857421,,,,,,,,,2649380,,,13648402,,,3746477,19539950,,,,,,,,,,,,,,20614,2122490,12682529,0
,,,,889871,,,4930,燦星網,,,-262199,,,,,,,,,,,,,,,,,,,,4,上市,114,,,,,,0,,,,,,,,,,,,,,,,6342774,,,,3213520,,0,,40.17,2316103,7731461,,,,,,,,,800000,,,4932316,,,1785848,11275090,,,,,,,,,,,,,,3129254,2616213,3543629,0
,,,,-333367,,,4934,太極,,,-434315,,,,,,,,,,,,,,,,,,,,4,上市,114,,,,,,,,,,,,,,,,,,,,,,1696021,,,,1553627,,0,,6.91,470291,991173,,,,,,,,,2250000,,,709323,,,71309,2405344,,,,,,,,,,,,,,142394,239032,1414171,0
,,,,4706704,,,4935,茂林-KY,,,-395747,,,,,,,,,,,,,,,,,,,,4,上市,114,,,,,,,,,,,,,,,,,,,,,,7948021,,,,7948021,,0,,61.68,1089284,6252931,,,,,,,,,1288641,,,2056651,,,2348423,10004672,,,,,,,,,,,,,,,967367,3751741,0
,,,,95740462,,,4938,和碩,,,-2139757,,,,,,,,,,,,,,,,,,,,4,上市,114,,,,,,0,,,,,,,,,,,,,,,,246457880,,,,207343291,,0,,77.30,345232337,459289488,,,,,,,,,26821651,,,376657299,,,86920935,623115179,,,,,,,,,,,,,,39114589,31424962,163825691,0
,,,,5215180,,,4942,嘉彰,,,-369330,,,,,,,,,,,,,,,,,,,,4,上市,114,,,,,,,,,,,,,,,,,,,,,,9094951,,,,9089872,,0,,63.85,1962191,6820766,,,,,,,,,1423676,,,2724257,,,2820346,11819208,,,,,,,,,,,,,,5079,762066,4998442,0
,,,,-1070993,,,4943,康控-KY,,,-346824,,,,,,,,,,,,,,,,,,,,4,上市,114,,,,,,,,,,,,,,,,,,,,,,291040,,,,193282,,0,,1.53,2284381,1431466,,,,,,,,,1266944,,,2752179,,,344155,3043219,,,,,,,,,,,,,,97758,467798,1611753,0
,,,,411771,,,4949,有成精密,,,5170,,,,,,,,,,,,,,,,,,,,4,上市,114,,,,,,0,,,,,,,,,,,,,,,,1662826,,,,1662826,,0,,24.56,571167,2035918,,,,,,,,,677031,,,620200,,,568854,2283026,,,,,,,,,,,,,,,49033,247108,270500
,,,,916903,,,4952,凌通,,,-33694,,,,,,,,,,,,,,,,,,,,4,上市,114,,,,,,,,,,,,,,,,,,,,,,2113334,,,,2113334,,0,,19.42,485444,1855209,,,,,,,,,1088158,,,646058,,,141967,2759392,,,,,,,,,,,,,,,160614,904183,0
,,,,228287,,,4956,光鋐,,,-96,,,,,,,,,,,,,,,,,,,,4,上市,114,,,,,,,,,,,,,,,,,,,,,,1621458,,,,1621458,,0,,16.15,664504,1496040,,,,,,,,,1004082,,,1091138,,,389185,2712596,,,,,,,,,,,,,,,426634,1216556,0
,,,,61549278,,,4958,臻鼎-KY,,,-1123670,,,,,,,,,,,,,,,,,,,,4,上市,114,-52202,,,,,0,,,,,,,,,,,,,,,,170712652,,,,123981554,,424410,,115.86,72821167,127641143,,,,,,,,,10705659,,,109330358,,,52902489,280043010,,,,,,,,,,,,,,46731098,36509191,152401867,0
,,,,1560647,,,4960,誠美材,,,-447102,,,,,,,,,,,,,,,,,,,,4,上市,114,-78833,,,,,0,,,,,,,,,,,,,,,,7344331,,,,7344331,,5983000,,12.98,3102574,8205988,,,,,,,,,5717054,,,5634251,,,592565,12978582,,,,,,,,,,,,,,,2531677,4772594,0
,,,,7786649,,,4961,天鈺,,,-44185,,,,,,,,,,,,,,,,,,,,4,上市,114,0,,,,,0,,,,,,,,,,,,,,,,22583999,,,,17558298,,0,,144.81,2930568,18750616,,,,,,,,,1212536,,,3755508,,,8603298,26339507,,,,,,,,,,,,,,5025701,824940,7588891,0
,,,,2029985,,,4967,十銓,,,-12084,,,,,,,,,,,,,,,,,,,,4,上市,114,0,,,,,0,,,,,,,,,,,,,,,,4850651,,,,4850651,,0,,57.09,10081453,14418702,,,,,,,,,849633,,,10166407,,,1983117,15017058,,,,,,,,,,,,,,,84954,598356,0
,,,,925900,,,4968,立積,,,2084,,,,,,,,,,,,,,,,,,,,4,上市,114,,,,,,,,,,,,,,,,,,,,,,2750472,,,,2750472,,0,,29.83,863144,3331887,,,,,,,,,922099,,,923593,,,900389,3674065,,,,,,,,,,,,,,,60449,342178,0
,,,,-257817,,,4976,佳凌,,,-30524,,,,,,,,,,,,,,,,,,,,4,上市,114,-29682,,,,,,,,,,,,,,,,,,,,,2237427,,,,,,1056000,,15.95,305953,1615218,,,,,,,,,1413510,,,377348,,,1141940,2614775,,,,,,,,,,,,,,,71395,999557,0
,,,,1354910,,,4977,眾達-KY,,,-241300,,,,,,,,,,,,,,,,,,,,4,上市,114,-26519,,,,,,,,,,,,,,,,,,,,,4020126,,,,4020126,,205000,,50.26,618495,2472907,,,,,,,,,801898,,,725243,,,2131137,4745369,,,,,,,,,,,,,,0,106748,2272462,0
,,,,-316069,,,4989,榮科,,,85601,,,,,,,,,,,,,,,,,,,,4,上市,114,,,,,,,,,,,,,,,,,,,,,,1472941,,,,1472941,,0,,10.69,572675,1520278,,,,,,,,,1377765,,,674986,,,325644,2147927,,,,,,,,,,,,,,,102311,627649,0
,,,,241189,,,4994,傳奇,,,78,,,,,,,,,,,,,,,,,,,,4,上市,114,,,,,,0,,,,,,,,,,,,,,,,1022386,,,,1022386,,0,,15.40,325463,1191423,,,,,,,,,663834,,,435067,,,117285,1457453,,,,,,,,,,,,,,,109604,266030,0
,,,,2082924,,,4999,鑫禾,,,-30775,,,,,,,,,,,,,,,,,,,,4,上市,114,-31100,,,,,0,,,,,,,,,,,,,,,,3205256,,,,3205256,,800000,,43.54,508515,2452313,,,,,,,,,744172,,,631513,,,440035,3836769,,,,,,,,,,,,,,,122998,1384456,0
,,,,3826354,,,5007,三星,,,-15625,,,,,,,,,,,,,,,,,,,,4,上市,114,0,,,,,0,,,,,,,,,,,,,,,,7539206,,,,7189602,,0,,24.38,883911,5532284,,,,,,,,,2949401,,,1215732,,,429472,8754938,,,,,,,,,,,,,,349604,331821,3222654,0
,,,,1663234,,,5203,訊連,,,-159576,,,,,,,,,,,,,,,,,,,,4,上市,114,,,,,,0,,,,,,,,,,,,,,,,4641420,,,,4641420,,0,,58.50,1057162,2600332,,,,,,,,,793426,,,1431268,,,2344336,6072688,,,,,,,,,,,,,,,374106,3472356,0
,,,,1424764,,,5215,科嘉-KY,,,-41122,,,,,,,,,,,,,,,,,,,,4,上市,114,,,,,,,,,,,,,,,,,,,,,,3652829,,,,3559090,,0,,55.32,868352,3384331,,,,,,,,,643375,,,1071920,,,1532073,4724749,,,,,,,,,,,,,,93739,203568,1340418,0
,,,,538779,,,5222,全訊,,,119538,,,,,,,,,,,,,,,,,,,,4,上市,114,0,,,,,0,,,,,,,,,,,,,,,,2493185,,,,,,0,,27.38,337664,973600,,,,,,,,,920227,,,474491,,,914641,2967676,,,,,,,,,,,,,,,136827,1994076,113000
,,,,1515462,,,5225,東科-KY,0,,64838,,,,,,,,,,,,,,,,,,,,4,上市,114,-24019,,,,,,,,,,,,,,,,,,,,,3513493,,,,3513493,,453000,,44.67,2869788,5214425,,,,,,,,,791145,,,3079151,,,1166067,6592644,,,,,,,,,,,,,,0,209363,1378219,0
,,,,2458519,,,5234,達興材料,,,,,,,,,,,,,,,,,,,,,,,4,上市,114,,,,,,0,,,,,,,,,,,,,,,,3527516,,,,3527516,,0,,34.34,1359879,3421619,,,,,,,,,1027159,,,1585975,,,41838,5113491,,,,,,,,,,,,,,,226096,1691872,0
,,,,869816,,,5236,凌陽創新,,,-61143,,,,,,,,,,,,,,,,,,,,4,上市,114,,,,,,,,,,,,,,,,,,,,,,2660989,,,,,,0,,44.35,431113,3043687,,,,,,,,,600040,,,460662,,,1252276,3121651,,,,,,,,,,,,,,,29549,77964,0
,,,,4445797,,,5243,乙盛-KY,,,-255137,,,,,,,,,,,,,,,,,,,,4,上市,114,,,,,,,,,,,,,,,,,,,,,,8225198,,,,8225198,,0,,48.81,5022686,8426761,,,,,,,,,1685289,,,5470355,,,2349249,13695553,,,,,,,,,,,,,,,447669,5268792,0
,,,,689724,,,5244,弘凱,,,-40318,,,,,,,,,,,,,,,,,,,,4,上市,114,,,,,,,,,,,,,,,,,,,,,,1782177,,,,1782177,,0,,26.12,351298,1572477,,,,,,,,,682419,,,900000,,,450352,2682177,,,,,,,,,,,,,,,548702,1109700,0
,,,,2630138,,,5258,虹堡,,,75167,,,,,,,,,,,,,,,,,,,,4,上市,114,-49913,,,,,0,,,,,,,,,,,,,,,,4689013,,,,4565079,,786000,,41.66,4561601,8083059,,,,,,,,,1103649,,,4961445,,,806038,9650458,,,,,,,,,,,,,,123934,399844,1567399,0
,,,,13696567,,,5269,祥碩,,,828651,,,,,,,,,,,,,,,,,,,,4,上市,114,,,,,,0,,,,,,,,,,,,,,,,36142669,,,,36142669,,0,,483.34,3822017,10135555,,,,,,,,,747771,,,4648408,,,20869680,40791077,,,,,,,,,,,,,,,826391,30655522,0
,,,,3177646,,,5283,禾聯碩,,,-3280,,,,,,,,,,,,,,,,,,,,4,上市,114,,,,,,,,,,,,,,,,,,,,,,4802677,,,,4802677,,0,,54.82,2167387,4162270,,,,,,,,,876005,,,2595842,,,752306,7398519,,,,,,,,,,,,,,,428455,3236249,0
,,,,1240214,,,5284,jpp-KY,,,165407,,,,,,,,,,,,,,,,,,,,4,上市,114,,,,,,,,,,,,,,,,,,,,,,3713964,,,,3697402,,0,,69.90,3214746,4199257,,,,,,,,,528927,,,3709067,,,1762854,7423031,,,,,,,,,,,,,,16562,494321,3223774,0
,,,,1617656,,,5285,界霖,,,-111029,,,,,,,,,,,,,,,,,,,,4,上市,114,,,,,,,,,,,,,,,,,,,,,,2961118,,,,2961118,,0,,29.02,1135532,3671696,,,,,,,,,1020409,,,2332356,,,434082,5293474,,,,,,,,,,,,,,,1196824,1621778,0
,,,,4563847,,,5288,豐祥-KY,,,-452538,,,,,,,,,,,,,,,,,,,,4,上市,114,,,,,,,,,,,,,,,,,,,,,,6200098,,,,6187126,,0,,88.73,1283379,3973067,,,,,,,,,697300,,,1316290,,,1378517,7516388,,,,,,,,,,,,,,12972,32911,3543321,0
,,,,1186007,,,5292,華懋,,,-19336,,,,,,,,,,,,,,,,,,,,4,上市,114,,,,,,,,,,,,,,,,,,,,,,1923224,,,,1923224,,0,,45.67,2330318,3850867,,,,,,,,,421080,,,2391015,,,335473,4314239,,,,,,,,,,,,,,,60697,463372,0
,,,,6250149,,,5306,桂盟,,,-383928,,,,,,,,,,,,,,,,,,,,4,上市,114,,,,,,,,,,,,,,,,,,,,,,8886502,,,,8886532,,0,,70.53,3132548,5845207,,,,,,,,,1260008,,,4961610,,,1760303,13848112,,,,,,,,,,,,,,-30,1829062,8002905,0
,,,,7282042,,,5388,中磊,,,-520509,,,,,,,,,,,,,,,,,,,,4,上市,114,-421810,,,,,,,,,,,,,,,,,,,,,15943444,,,,15955664,,4623000,,53.24,28789737,39258857,,,,,,,,,3043426,,,32389017,,,6572515,48332461,,,,,,,,,,,,,,-12220,3599280,9073604,0
,,,,13645742,,,5434,崇越,,,1285350,,,,,,,,,,,,,,,,,,,,4,上市,114,,,,,,0,,,,,,,,,,,,,,,,20215716,,,,19999753,,0,,103.97,17589402,24727185,,,,,,,,,1923546,,,21655055,,,3145115,41870771,,,,,,,,,,,,,,215963,4065653,17143586,0
,,,,21847415,,,5469,瀚宇博,,,5042038,,,,,,,,,,,,,,,,,,,,4,上市,114,-19588,,,,,,,,,,,,,,,,,,,,,53591790,,,,36288375,,227000,,74.68,43850066,58058439,,,,,,,,,4861660,,,58647525,,,4556850,112239315,,,,,,,,,,,,,,17303415,14797459,54180876,0
,,,,1726946,,,5471,松翰,,,49125,,,,,,,,,,,,,,,,,,,,4,上市,114,,,,,,0,,,,,,,,,,,,,,,,3517502,,,,3517502,,0,,20.95,369731,2697790,,,,,,,,,1678770,,,471538,,,62661,3989040,,,,,,,,,,,,,,,101807,1291250,0
,,,,-254403,,,5484,慧友,,,25175,,,,,,,,,,,,,,,,,,,,4,上市,114,,,,,,0,,,,,,,,,,,,,,,,494094,,,,494094,,0,,7.40,438710,532708,,,,,,,,,668010,,,445581,,,55312,939675,,,,,,,,,,,,,,,6871,406967,0
,,,,2933009,,,5515,建國,,,116297,,,,,,,,,,,,,,,,,,,,4,上市,114,,,,,,,,,,,,,,,,,,,,,,5252615,,,,5252615,,0,,26.05,5069667,8721844,,,,,,,,,2016001,,,5770992,,,187308,11023607,,,,,,,,,,,,,,,701325,2301763,0
,,,,3962701,,,5519,隆大,,,14201,,,,,,,,,,,,,,,,,,,,4,上市,114,,,,,,,,,,,,,,,,,,,,,,6219488,,,,6219488,,0,,28.37,3646371,14029435,,,,,,,,,2191972,,,8564105,,,50614,14783593,,,,,,,,,,,,,,,4917734,754158,0
,,,,676129,,,5521,工信,,,27877,,,,,,,,,,,,,,,,,,,,4,上市,114,,,,,,0,,,,,,,,,,,,,,,,5627327,,,,5627327,,0,,11.43,8020749,12853257,,,,,,,,,4922802,,,8188861,,,519,13816188,,,,,,,,,,,,,,,168112,962931,0
,,,,33626496,,,5522,遠雄,,,585448,,,,,,,,,,,,,,,,,,,,4,上市,114,,,,,,0,,,,,,,,,,,,,,,,50500731,,,,50500731,,0,,64.61,53822112,97133196,,,,,,,,,7815962,,,58755465,,,8472825,109256196,,,,,,,,,,,,,,,4933353,12123000,0
,,,,2081740,,,5525,順天,,,0,,,,,,,,,,,,,,,,,,,,4,上市,114,-25346,,,,,,,,,,,,,,,,,,,,,5588495,,,,5577822,,10818421,,18.15,14913507,17938217,,,,,,,,,3181054,,,15433222,,,340374,21021717,,,,,,,,,,,,,,10673,519715,3083500,0
,,,,444542,,,5531,鄉林,0,,-385497,,,,,,,,,,,,,,,,,,,,4,上市,114,0,,,,,0,,,,,,,,,,,,,,,,9847879,,,,9843528,,0,,10.07,21727056,21758745,,,,,,,,,9775892,,,34780799,,,8591,44628678,,,,,,,,,,,,,,4351,13053743,22869933,0
,,,,6701078,,,5533,皇鼎,,,,,,,,,,,,,,,,,,,,,,,4,上市,114,,,,,,,,,,,,,,,,,,,,,,9574658,,,,9574658,,0,,33.57,1297842,7995829,,,,,,,,,2852450,,,2168860,,,21130,11743518,,,,,,,,,,,,,,,871018,3747689,0
,,,,16513454,,,5534,長虹,,,-500,,,,,,,,,,,,,,,,,,,,4,上市,114,,,,,,0,,,,,,,,,,,,,,,,21014485,,,,20790111,,0,,71.61,27132092,47783527,,,,,,,,,2903260,,,27201357,,,1373897,48215842,,,,,,,,,,,,,,224374,69265,432315,0
,,,,3621883,,,5538,東明-KY,,,-14191,,,,,,,,,,,,,,,,,,,,4,上市,114,,,,,,,,,,,,,,,,,,,,,,7477280,,,,7447018,,0,,37.01,5503173,11315373,,,,,,,,,2012033,,,7234028,,,1827293,14711308,,,,,,,,,,,,,,30262,1730855,3395935,0
,,,,208208,,,5546,永固-KY,,,-18099,,,,,,,,,,,,,,,,,,,,4,上市,114,,,,,,,,,,,,,,,,,,,,,,1893150,,,,1865593,,0,,22.65,2156422,2509274,,,,,,,,,823534,,,2804777,,,851950,4697927,,,,,,,,,,,,,,27557,648355,2188653,0
,,,,2993064,,,5607,遠雄港,,,0,,,,,,,,,,,,,,,,,,,,4,上市,114,,,,,,0,,,,,,,,,,,,,,,,11053139,,,,11053139,,0,,29.83,3375179,1550758,,,,,,,,,3705529,,,16103545,,,4354546,27156684,,,,,,,,,,,,,,0,12728366,25605926,0
,,,,2059705,,,5608,四維航,,,217477,,,,,,,,,,,,,,,,,,,,4,上市,114,,,,,,0,,,,,,,,,,,,,,,,9559913,,,,9475525,,0,,24.34,3988686,2504829,,,,,,,,,3892716,,,8581246,,,3305627,18141159,,,,,,,,,,,,,,84388,4592560,15636330,0
,,,,802543,,,5706,鳳凰,0,,67703,,,,,,,,,,,,,,,,,,,,4,上市,114,0,,,,,0,,,,,,,,,,,,,,,0,1961342,,,,1910968,,0,,22.51,1211377,1962891,,,,,,,,,849109,,,1307681,,,191613,3269023,,,,,,,,,,,,,,50374,96304,1306132,0
,,,,117945304,,,5871,中租-KY,,,146044,,,,,,,,,,,,,,,,,,,,4,上市,114,,,,,,,,,,,,,,,,,,,,,,195490332,,,,182441248,,0,,98.01,633402906,710530345,,,,,,,,,18614211,,,780627073,,,45735689,976117405,,,,,,,,,,,,,,13049084,147224167,265587060,0
,23683061,,1483560,116317989,,,5876,上海商銀,,,12200638,3927586,,12335957,13866786,5526,,,,,,,,,,,34339600,,418484106,1982543567,4,上市,114,-83144,,0,,,0,,,,36633175,65275649,,23212672,,5322131,,172989283,1645086,,,,,275330974,,,204918623,,11397439,,42.25,,,,2084443,,28603224,727921,1073339,,1508848,48616031,,3451936,,2165314332,1185067076,27867109,,2440645306,521796038,6132148,4432307,9714811,6245843,,,,,7192305,,32181654,70412351,,,0
,31621457,,1614718,70503746,,,5880,合庫金,,7986286,6287172,1532492,,5002269,66364515,71360188,,,493996,,,,,,,508699696,,429484047,,4200928336,4,上市,114,,,,,,,78140000,,45973834,53099679,,,53403820,,,11492844,829135780,146077,,,,,285142865,,279252593,,,0,,17.81,,,,4806522,,70370127,2626021,2594979,,1579627,156809369,,49206586,,5095695070,3125961046,45652306,,5380837935,550181587,5710696,190067734,5526139,1251920,,,,,68321163,1848824,,5890272,,,0
,,,,220958,,,5906,台南-KY,,,14682,,,,,,,,,,,,,,,,,,,,4,上市,114,,,,,,,,,,,,,,,,,,,,,,670033,,,,593141,,0,,16.60,973587,906189,,,,,,,,,357414,,,1249197,,,87,1919230,,,,,,,,,,,,,,76892,275610,1013041,0
,,,,-890325,,,5907,大洋-KY,,,-902229,,,,,,,,,,,,,,,,,,,,4,上市,114,,,,,,0,,,,,,,,,,,,,,,,3819228,,,,3819228,,0,,19.53,6206895,1468360,,,,,,,,,1955310,,,17439328,,,3656472,21258556,,,,,,,,,,,,,,,11232433,19790196,0
,,,,,17740583,,6005,群益證,,,3326167,,,,,,,,,,,,,,,,,,,,4,上市,114,,,,,,,,,,,,,,,,,,,,,,50204803,,,,,45556898,,0,20.99,298741767,331803807,,,,,,,,,21709081,,,307194873,,,2781067,357399676,,,,,,,,,,,,,,4647905,8453106,25595869,0
,,,,,4506165,,6024,群益期,,,62436,,,,,,,,,,,,,,,,,,,,4,上市,114,,,,,,,,,,,,,,,,,,,,,,10430529,,,,,10426656,,0,41.72,63647322,73032602,,,,,,,,,2499376,,,63679944,,,3358679,74110473,,,,,,,,,,,,,,3873,32622,1077871,0
,,,,1376793,,,6108,競國,,,-47559,,,,,,,,,,,,,,,,,,,,4,上市,114,-16803,,,,,0,,,,,,,,,,,,,,,,3293692,,,,3293692,,1154000,,21.14,3068799,5104032,,,,,,,,,1569943,,,3252272,,,411318,6545964,,,,,,,,,,,,,,,183473,1441932,0
,,,,1143651,,,6112,邁達特,,,33314,,,,,,,,,,,,,,,,,,,,4,上市,114,,,,,,,,,,,,,,,,,,,,,,5393647,,,,4306710,,0,,22.86,8209661,10736762,,,,,,,,,1883573,,,8877018,,,1246172,14270665,,,,,,,,,,,,,,1086937,667357,3533903,0
,,,,2576076,,,6115,鎰勝,,,-143050,,,,,,,,,,,,,,,,,,,,4,上市,114,0,,,,,0,,,,,,,,,,,,,,,,5296902,,,,5240496,,0,,27.93,2586097,6314758,,,,,,,,,1876622,,,3051195,,,930848,8348097,,,,,,,,,,,,,,56406,465098,2033339,0
,,,,2403183,,,6116,彩晶,,,2297019,,,,,,,,,,,,,,,,,,,,4,上市,114,0,,,,,0,,,,,,,,,,,,,,,,34016867,,,,34016867,,0,,11.90,5667199,9649164,,,,,,,,,28586549,,,9075547,,,730116,43092414,,,,,,,,,,,,,,0,3408348,33443250,0
,,,,668513,,,6117,迎廣,,,-43056,,,,,,,,,,,,,,,,,,,,4,上市,114,0,,,,,0,,,,,,,,,,,,,,,,2221898,,,,2217706,,0,,23.96,1414965,2332818,,,,,,,,,925454,,,3663841,,,666795,5885739,,,,,,,,,,,,,,4192,2248876,3552921,2439
,,,,844896,,,6120,達運,,,-794244,,,,,,,,,,,,,,,,,,,,4,上市,114,,,,,,,,,,,,,,,,,,,,,,8810204,,,,8810204,,0,,14.71,4970942,9703063,,,,,,,,,5989996,,,7287157,,,2769556,16097361,,,,,,,,,,,,,,,2316215,6394298,0
,,,,116144,,,6128,上福,,,164796,,,,,,,,,,,,,,,,,,,,4,上市,114,0,,,,,0,,,,,,,,,,,,,,,,2770626,,,,2770626,,0,,21.72,2847952,3361578,,,,,,,,,1275887,,,3681368,,,1213799,6451994,,,,,,,,,,,,,,,833416,3090416,0
,,,,361042,,,6133,金橋,,,-68452,,,,,,,,,,,,,,,,,,,,4,上市,114,,,,,,0,,,,,,,,,,,,,,,,1596704,,,,1596704,,0,,13.65,791171,1112070,,,,,,,,,1170064,,,822992,,,134050,2419696,,,,,,,,,,,,,,,31821,1307626,0
,,,,453622,,,6136,富爾特,0,,1559310,,,,,,,,,,,,,,,,,,,,4,上市,114,0,,,,,0,,,,,,,,,,,,,,,,3268696,,,,3176132,,0,,27.49,313536,919395,,,,,,,,,1155364,,,425535,,,7836,3694231,,,,,,,,,,,,,,92564,111999,2774836,0
,,,,12025290,,,6139,亞翔,,,946858,,,,,,,,,,,,,,,,,,,,4,上市,114,,,,,,,,,,,,,,,,,,,,,,26697426,,,,19463937,,0,,82.71,55359322,76418651,,,,,,,,,2354945,,,56683991,,,4136844,83381417,,,,,,,,,,,,,,7233489,1324669,6962766,0
,,,,-817494,,,6141,柏承,,,-185326,,,,,,,,,,,,,,,,,,,,4,上市,114,,,,,,0,,,,,,,,,,,,,,,,638097,,,,666728,,0,,5.88,3592494,1390837,,,,,,,,,1133540,,,4673428,,,536008,5311525,,,,,,,,,,,,,,-28631,1080934,3920688,0
,,,,-267178,,,6142,友勁,,,-149735,,,,,,,,,,,,,,,,,,,,4,上市,114,0,,,,,,,,,,,,,,,,,,,,,2892332,,,,2892332,,0,,8.74,807343,1954071,,,,,,,,,3307792,,,1239677,,,1453,4132009,,,,,,,,,,,,,,0,432334,2177938,0
,,,,-695744,,,6152,百一,,,-22175,,,,,,,,,,,,,,,,,,,,4,上市,114,,,,,,,,,,,,,,,,,,,,,,1267067,,,,1251365,,0,,7.46,1560910,2292902,,,,,,,,,1677385,,,1652431,,,291899,2919498,,,,,,,,,,,,,,15702,91521,626596,0
,,,,-2584782,,,6153,嘉聯益,,,701687,,,,,,,,,,,,,,,,,,,,4,上市,114,0,,,,,,,,,,,,,,,,,,,,,9130826,,,,9130826,,0,,14.35,3338275,5077544,,,,,,,,,6361777,,,6990210,,,4652144,16121036,,,,,,,,,,,,,,,3651935,11043492,0
,,,,411901,,,6155,鈞寶,,,77301,,,,,,,,,,,,,,,,,,,,4,上市,114,0,,,,,0,,,,,,,,,,,,,,,,1588375,,,,1588375,,0,,18.04,496538,1018782,,,,,,,,,880239,,,510448,,,218934,2098823,,,,,,,,,,,,,,0,13910,1080041,0
,,,,199620,,,6164,華興,,,-89604,,,,,,,,,,,,,,,,,,,,4,上市,114,,,,,,,,,,,,,,,,,,,,,,924682,,,,915597,,0,,11.44,445632,819165,,,,,,,,,800000,,,515189,,,5581,1439871,,,,,,,,,,,,,,9085,69557,620706,0
,,,,457431,,,6165,浪凡,,,-13910,,,,,,,,,,,,,,,,,,,,4,上市,114,-156063,,,,,0,,,,,,,,,,,,,,,,1611143,,,,1559398,,3167000,,20.91,832609,1440036,,,,,,,,,777526,,,1689779,,,494414,3300922,,,,,,,,,,,,,,51745,857170,1860886,0
,,,,2222254,,,6166,凌華,,,-116505,,,,,,,,,,,,,,,,,,,,4,上市,114,,,,,,,,,,,,,,,,,,,,,,5622030,,,,5604728,,0,,25.74,4828259,7648707,,,,,,,,,2177243,,,7215909,,,1321736,12837939,,,,,,,,,,,,,,17302,2387650,5189232,0
,,,,240221,,,6168,宏齊,,,243260,,,,,,,,,,,,,,,,,,,,4,上市,114,-5521,,,,,,,,,,,,,,,,,,,,,3163627,,,,3019666,,308000,,14.68,587527,2215803,,,,,,,,,2060698,,,643858,,,481008,3807485,,,,,,,,,,,,,,143961,56331,1591682,0
,,,,29737293,,,6176,瑞儀,,,-2534416,,,,,,,,,,,,,,,,,,,,4,上市,114,-706401,,,,,0,,,,,,,,,,,,,,,,35872782,,,,35872782,,4786000,,77.94,28639697,50699668,,,,,,,,,4650273,,,32555764,,,4726033,68428546,,,,,,,,,,,,,,,3916067,17728878,0
,,,,4713791,,,6177,達麗,,,56102,,,,,,,,,,,,,,,,,,,,4,上市,114,,,,,,,,,,,,,,,,,,,,,,11262509,,,,10985038,,0,,23.28,27601506,37714616,,,,,,,,,4718784,,,31455176,,,1496361,42717685,,,,,,,,,,,,,,277471,3853670,5003069,0
,,,,1390712,,,6183,關貿,,,-63850,,,,,,,,,,,,,,,,,,,,4,上市,114,,,,,,,,,,,,,,,,,,,,,,2826873,,,,2826873,,0,,18.85,1527241,2877235,,,,,,,,,1500000,,,1746995,,,11,4573868,,,,,,,,,,,,,,,219754,1696633,0
,,,,1070752,,,6184,大豐電,,,,,,,,,,,,,,,,,,,,,,,4,上市,114,-436270,,,,,0,,,,,,,,,,,,,,,,5927945,,,,4918570,,9919214,,32.31,1910216,3821306,,,,,,,,,1621276,,,3279564,,,2662812,9207509,,,,,,,,,,,,,,1009375,1369348,5386203,0
,,,,1984218,,,6189,豐藝,,,-85243,,,,,,,,,,,,,,,,,,,,4,上市,114,,,,,,,,,,,,,,,,,,,,,,6717537,,,,6207626,,0,,23.53,8323963,14271973,,,,,,,,,2637797,,,8790729,,,1670854,15508266,,,,,,,,,,,,,,509911,466766,1236293,0
,,,,13510426,,,6191,精成科,,,2085605,,,,,,,,,,,,,,,,,,,,4,上市,114,0,,,,,,,,,,,,,,,,,,,,,26372684,,,,26221108,,0,,52.52,25380206,32159783,,,,,,,,,4993030,,,34313166,,,5632047,60685850,,,,,,,,,,,,,,151576,8932960,28526067,0
,,,,6527080,,,6192,巨路,,,-79994,,,,,,,,,,,,,,,,,,,,4,上市,114,,,,,,,,,,,,,,,,,,,,,,7520756,,,,7519687,,0,,78.20,4267174,10332303,,,,,,,,,961558,,,4577891,,,111043,12098647,,,,,,,,,,,,,,1069,310717,1766344,0
,,,,9510344,,,6196,帆宣,,,-191755,,,,,,,,,,,,,,,,,,,,4,上市,114,,,,,,0,,,,,,,,,,,,,,,,16192917,,,,16067585,,0,,73.50,37783902,46713616,,,,,,,,,2185935,,,41257339,,,4563061,57450256,,,,,,,,,,,,,,125332,3473437,10736640,0
,,,,3093442,,,6197,佳必琪,,,271442,,,,,,,,,,,,,,,,,,,,4,上市,114,,,,,,0,,,,,,,,,,,,,,,,5266385,,,,5022840,,0,,41.14,2241624,6219997,,,,,,,,,1220859,,,3379829,,,437097,8646214,,,,,,,,,,,,,,243545,1138205,2426217,0
,,,,1664807,,,6201,亞弘電,,,-73861,,,,,,,,,,,,,,,,,,,,4,上市,114,,,,,,,,,,,,,,,,,,,,,,2816303,,,,2816303,,0,,31.57,651140,2710668,,,,,,,,,892000,,,763053,,,333357,3579356,,,,,,,,,,,,,,0,111913,868688,0
,,,,1417743,,,6202,盛群,,,-52171,,,,,,,,,,,,,,,,,,,,4,上市,114,,,,,,0,,,,,,,,,,,,,,,,3988024,,,,3919584,,0,,17.01,1230842,4512007,,,,,,,,,2303882,,,1575631,,,250130,5563655,,,,,,,,,,,,,,68440,344789,1051648,0
,,,,1300684,,,6205,詮欣,,,64013,,,,,,,,,,,,,,,,,,,,4,上市,114,-73220,,,,,0,,,,,,,,,,,,,,,,2608205,,,,2597738,,1500000,,32.18,355156,2110909,,,,,,,,,822359,,,1143146,,,483902,3751351,,,,,,,,,,,,,,10467,787990,1640442,0
,,,,3285050,,,6206,飛捷,,,-1161,,,,,,,,,,,,,,,,,,,,4,上市,114,,,,,,0,,,,,,,,,,,,,,,,5244762,,,,5181919,,0,,36.22,916019,4767843,,,,,,,,,1430623,,,930378,,,467407,6175140,,,,,,,,,,,,,,62843,14359,1407297,0
,,,,586744,,,6209,今國光,,,-113122,,,,,,,,,,,,,,,,,,,,4,上市,114,,,,,,,,,,,,,,,,,,,,,,3153036,,,,3153036,,0,,17.98,1122010,2589452,,,,,,,,,1756184,,,1761683,,,923230,4914719,,,,,,,,,,,,,,,639673,2325267,158800
,,,,8290035,,,6213,聯茂,,,74744,,,,,,,,,,,,,,,,,,,,4,上市,114,,,,,,0,,,,,,,,,,,,,,,,21267030,,,,21267030,,0,,58.52,13560663,25972248,,,,,,,,,3653516,,,16946303,,,9248735,38213333,,,,,,,,,,,,,,,3385640,12241085,260000
,,,,7253775,,,6214,精誠,,,-418808,,,,,,,,,,,,,,,,,,,,4,上市,114,0,,,,,,,,,,,,,,,,,,,,,19073144,,,,18238401,,0,,66.99,18044697,28770791,,,,,,,,,2722431,,,18997720,,,8681003,38070864,,,,,,,,,,,,,,834743,953023,9300073,0
,,,,568484,,,6215,和椿,,,107033,,,,,,,,,,,,,,,,,,,,4,上市,114,,,,,,0,,,,,,,,,,,,,,,,1606217,,,,1606217,,0,,19.40,940515,1889996,,,,,,,,,827897,,,1040818,,,102803,2647035,,,,,,,,,,,,,,0,100303,757039,0
,,,,469305,,,6216,居易,,,,,,,,,,,,,,,,,,,,,,,4,上市,114,,,,,,0,,,,,,,,,,,,,,,,1747275,,,,,,0,,18.02,116702,1638523,,,,,,,,,969814,,,116857,,,308156,1864132,,,,,,,,,,,,,,,155,225609,0
,,,,1062469,,,6224,聚鼎,,,-215273,,,,,,,,,,,,,,,,,,,,4,上市,114,-48208,,,,,0,,,,,,,,,,,,,,,,2196100,,,,2184165,,1000000,,25.80,1472774,2532228,,,,,,,,,856453,,,1812945,,,528724,4009045,,,,,,,,,,,,,,11935,340171,1476817,0
,,,,-185623,,,6225,天瀚,,,-5816,,,,,,,,,,,,,,,,,,,,4,上市,114,,,,,,,,,,,,,,,,,,,,,,86561,,,,86561,,0,,3.11,10248,81552,,,,,,,,,278000,,,11303,,,0,97864,,,,,,,,,,,,,,,1055,16312,0
,,,,-28140,,,6226,光鼎,,,-35171,,,,,,,,,,,,,,,,,,,,4,上市,114,0,,,,,0,,,,,,,,,,,,,,,,1122021,,,,1123790,,0,,9.73,690210,789305,,,,,,,,,1155348,,,853722,,,31753,1975743,,,,,,,,,,,,,,-1769,163512,1186438,0
,,,,4364128,,,6230,尼得科超眾,,,-24823,,,,,,,,,,,,,,,,,,,,4,上市,114,,,,,,,,,,,,,,,,,,,,,,5735128,,,,5735128,,0,,66.42,3659975,7926601,,,,,,,,,863434,,,4496425,,,532389,10231553,,,,,,,,,,,,,,,836450,2304952,0
,,,,2329350,,,6235,華孚,,,23463,,,,,,,,,,,,,,,,,,,,4,上市,114,,,,,,,,,,,,,,,,,,,,,,4991096,,,,4991096,,0,,24.97,3541262,4653044,,,,,,,,,1999063,,,5349216,,,639220,10340312,,,,,,,,,,,,,,,1807954,5687268,0
,,,,49961089,,,6239,力成,,,-801332,,,,,,,,,,,,,,,,,,,,4,上市,114,-922841,,,,,,,,,,,,,,,,,,,,,71274504,,,,56290777,,20350000,,76.19,23776211,46364934,,,,,,,,,7591466,,,51888888,,,462395,123163392,,,,,,,,,,,,,,14983727,28112677,76798458,0
,,,,35997,,,6243,迅杰,,,0,,,,,,,,,,,,,,,,,,,,4,上市,114,,,,,,,,,,,,,,,,,,,,,,768244,,,,,,0,,16.97,97324,996898,,,,,,,,,452688,,,393916,,,279559,1162160,,,,,,,,,,,,,,,296592,165262,0
,,,,14397462,,,6257,矽格,,,1897101,,,,,,,,,,,,,,,,,,,,4,上市,114,-385473,,,,,0,,,,,,,,,,,,,,,,24875979,,,,21785945,,5131000,,45.50,9702354,20737889,,,,,,,,,4839123,,,18145646,,,1037732,43021625,,,,,,,,,,,,,,3090034,8443292,22283736,0
,,,,17572758,,,6269,台郡,,,-305546,,,,,,,,,,,,,,,,,,,,4,上市,114,-168973,,,,,0,,,,,,,,,,,,,,,,22992238,,,,21361782,,3300000,,66.79,7710088,17908288,,,,,,,,,3231315,,,13185476,,,1032228,36177714,,,,,,,,,,,,,,1630456,5475388,18269426,0
,,,,9480240,,,6271,同欣電,0,,-6890,,,,,,,,,,,,,,,,,,,,4,上市,114,0,,,,,0,,,,,,,,,,,,,,,,26734823,,,,26681572,,0,,127.63,4185350,11215352,,,,,,,,,2090581,,,7620652,,,15117641,34355475,,,,,,,,,,,,,,53251,3435302,23140123,0
,,,,686648,,,6272,驊陞,,,-2738,,,,,,,,,,,,,,,,,,,,4,上市,114,,,,,,,,,,,,,,,,,,,,,,2120045,,,,1958469,,0,,23.95,1526765,2707802,,,,,,,,,817640,,,2243215,,,456919,4363260,,,,,,,,,,,,,,161576,716450,1655458,0
,,,,3454945,,,6277,宏正,,,-133302,,,,,,,,,,,,,,,,,,,,4,上市,114,,,,,,0,,,,,,,,,,,,,,,,4900029,,,,4833317,,0,,40.46,1526661,3427441,,,,,,,,,1194711,,,2148377,,,316963,7048406,,,,,,,,,,,,,,66712,621716,3620965,0
,,,,17374899,,,6278,台表科,,,167414,,,,,,,,,,,,,,,,,,,,4,上市,114,,,,,,0,,,,,,,,,,,,,,,,22995673,,,,22972271,,0,,78.56,24094526,36741977,,,,,,,,,2923984,,,28657786,,,2505974,51653459,,,,,,,,,,,,,,23402,4563260,14911482,0
,,,,1461672,,,6281,全國電,,,0,,,,,,,,,,,,,,,,,,,,4,上市,114,,,,,,,,,,,,,,,,,,,,,,2890511,,,,,,0,,29.15,3388623,4839506,,,,,,,,,991729,,,6119597,,,437110,9010108,,,,,,,,,,,,,,,2730974,4170602,0
,,,,3771074,,,6282,康舒,,,223768,,,,,,,,,,,,,,,,,,,,4,上市,114,,,,,,,,,,,,,,,,,,,,,,22904903,,,,22606031,,0,,26.41,19899810,27446407,,,,,,,,,8560291,,,28460566,,,10050898,51365469,,,,,,,,,,,,,,298872,8560756,23919062,0
,,,,-207001,,,6283,淳安,,,-54488,,,,,,,,,,,,,,,,,,,,4,上市,114,-72075,,,,,,,,,,,,,,,,,,,,,1915848,,,,1667780,,2114000,,11.36,585112,1832862,,,,,,,,,1489813,,,661185,,,511531,2577033,,,,,,,,,,,,,,248068,76073,744171,0
,,,,14447951,,,6285,啟碁,,,3115183,,,,,,,,,,,,,,,,,,,,4,上市,114,,,,,,356910,,,,,,,,,,,,,,,,34288535,,,,34288535,,0,,70.89,37699898,58562878,,,,,,,,,4836637,,,41018079,,,11888764,75306614,,,,,,,,,,,,,,,3318181,16743736,0
,,,,1225218,,,6405,悅城,,,335803,,,,,,,,,,,,,,,,,,,,4,上市,114,,,,,,0,,,,,,,,,,,,,,,,2666290,,,,,,0,,40.52,12655,582893,,,,,,,,,658000,,,13489,,,447269,2679779,,,,,,,,,,,,,,,834,2096886,0
,,,,7413230,,,6409,旭隼,,,-114544,,,,,,,,,,,,,,,,,,,,4,上市,114,0,,,,,,,,,,,,,,,,,,,,,9553015,,,,9553015,,0,,108.92,6881495,12275768,,,,,,,,,877036,,,7530834,,,1377293,17083849,,,,,,,,,,,,,,,649339,4808081,0
,,,,8576471,,,6412,群電,,,-543325,,,,,,,,,,,,,,,,,,,,4,上市,114,,,,,,0,,,,,,,,,,,,,,,,15277261,,,,15277261,,0,,38.12,18082605,25824346,,,,,,,,,4007691,,,18465879,,,3236424,33743140,,,,,,,,,,,,,,,383274,7918794,0
,,,,9425674,,,6414,樺漢,,,-320076,,,,,,,,,,,,,,,,,,,,4,上市,114,,,,,,0,,,,,,,,,,,,,,,,64189537,,,,27725541,,0,,190.05,82730664,107446324,,,,,,,,,1458864,,,100975941,,,17161079,165165478,,,,,,,,,,,,,,36463996,18245277,57719154,0
,,,,21902014,,,6415,矽力*-KY,,,800892,,,,,,,,,,,,,,,,,,,,4,上市,114,-239746,,,,,177784,,,,,,,,,,,,,,,,37753245,,,,37316511,,595000,,96.20,3574385,25196166,,,,,,,,,971204,,,6417991,,,13882147,44171236,,,,,,,,,,,,,,436734,2843606,18975070,0
,,,,1499802,,,6416,瑞祺電通,,,-84020,,,,,,,,,,,,,,,,,,,,4,上市,114,,,,,,0,,,,,,,,,,,,,,,,3723201,,,,3594463,,0,,49.01,1482189,4011358,,,,,,,,,733485,,,2207561,,,1445196,5930762,,,,,,,,,,,,,,128738,725372,1919404,0
,,,,-4583,,,6426,統新,,,-33012,,,,,,,,,,,,,,,,,,,,4,上市,114,,,,,,,,,,,,,,,,,,,,,,904037,,,,904037,,0,,23.48,113076,810570,,,,,,,,,385090,,,116185,,,556542,1020222,,,,,,,,,,,,,,,3109,209652,0
,,,,-637910,,,6431,光麗-KY,,,-33622,,,,,,,,,,,,,,,,,,,,4,上市,114,,,,,,,,,,,,,,,,,,,,,,580322,,,,577386,,0,,5.93,342289,463840,,,,,,,,,973988,,,607012,,,274930,1187334,,,,,,,,,,,,,,2936,264723,723494,0
,,,,1647043,,,6438,迅得,,,75545,,,,,,,,,,,,,,,,,,,,4,上市,114,,,,,,,,,,,,,,,,,,,,,,5511616,,,,5370366,,0,,65.33,3409192,6057010,,,,,,,,,822063,,,4164908,,,2825715,9676524,,,,,,,,,,,,,,141250,755716,3619514,0
,,,,3310534,,,6442,光聖,,,428518,,,,,,,,,,,,,,,,,,,,4,上市,114,-66481,,,,,,,,,,,,,,,,,,,,,6844707,,,,6844831,,200000,,87.90,3997316,10737757,,,,,,,,,780733,,,6586860,,,2391527,13431567,,,,,,,,,,,,,,-124,2589544,2693810,0
,,,,-3193820,,,6443,元晶,,,2274,,,,,,,,,,,,,,,,,,,,4,上市,114,,,,,,,,,,,,,,,,,,,,,,3642023,,,,3639154,,0,,7.10,1217421,1567523,,,,,,,,,5127967,,,2983112,,,1702733,6625135,,,,,,,,,,,,,,2869,1765691,5057612,0
,,,,7244488,,,6446,藥華藥,,,-408750,,,,,,,,,,,,,,,,,,,,4,上市,114,-2762949,,,,,,,,,,,,,,,,,,,,,31975331,,,,31975331,,8469000,,86.15,4680703,29043718,,,,,,,,,3796294,,,5435963,,,24106248,37411294,,,,,,,,,,,,,,,755260,8367576,0
,,,,2037661,,,6449,鈺邦,,,775995,,,,,,,,,,,,,,,,,,,,4,上市,114,-40374,,,,,0,,,,,,,,,,,,,,,,4895506,,,,4799469,,1000000,,52.79,3651425,4694950,,,,,,,,,919185,,,3796921,,,1107002,8692427,,,,,,,,,,,,,,96037,145496,3997477,0
,,,,2610887,,,6451,訊芯-KY,0,,-278475,,,,,,,,,,,,,,,,,,,,4,上市,114,-108347,,,,,,,,,,,,,,,,,,,,,7673104,,,,6527888,,1291000,,61.48,6601665,11836254,,,,,,,,,1074648,,,11469309,,,3229175,19142413,,,,,,,,,,,,,,1145216,4867644,7306159,0
,,,,19458370,,,6456,GIS-KY,,,-1201292,,,,,,,,,,,,,,,,,,,,4,上市,114,-176665,,,,,0,,,,,,,,,,,,,,,,29698693,,,,29657488,,3864000,,88.77,27925054,48523969,,,,,,,,,3379398,,,35346993,,,8197677,65045686,,,,,,,,,,,,,,41205,7421939,16521717,0
,,,,3409425,,,6464,台數科,,,2951,,,,,,,,,,,,,,,,,,,,4,上市,114,0,,,,,0,,,,,,,,,,,,,,,,8579445,,,,8132099,,0,,63.15,2050102,1768378,,,,,,,,,1287815,,,9636489,,,3431908,18215934,,,,,,,,,,,,,,447346,7586387,16447556,0
,,,,8345987,,,6472,保瑞,,,-161946,,,,,,,,,,,,,,,,,,,,4,上市,114,-134287,,,,,,,,,,,,,,,,,,,,,17472189,,,,15381399,,376400,,120.92,13320926,19337605,,,,,,,,,1275830,,,27241998,,,6055815,44714187,,,,,,,,,,,,,,2090790,13921072,25376582,219437
,,,,612938,,,6477,安集,,,-31631,,,,,,,,,,,,,,,,,,,,4,上市,114,,,,,,,,,,,,,,,,,,,,,,3390201,,,,3192399,,0,,25.79,1311883,1258003,,,,,,,,,1237872,,,4805736,,,1373220,8195937,,,,,,,,,,,,,,197802,3493853,6937934,0
,,,,6706667,,,6491,晶碩,,,-125061,,,,,,,,,,,,,,,,,,,,4,上市,114,,,,,,,,,,,,,,,,,,,,,,11735862,,,,11631150,,0,,149.12,3817766,6536007,,,,,,,,,780000,,,4438465,,,4269544,16174327,,,,,,,,,,,,,,104712,620699,9638320,0
,,,,2581602,,,6504,南六,,,-316090,,,,,,,,,,,,,,,,,,,,4,上市,114,,,,,,0,,,,,,,,,,,,,,,,3445055,,,,3444979,,0,,47.45,3746402,4909143,,,,,,,,,726000,,,6355350,,,453467,9800405,,,,,,,,,,,,,,76,2608948,4891262,0
,,,,180615694,,,6505,台塑化,,,48491810,,,,,,,,,,,,,,,,,,,,4,上市,114,,,,,,,,,,,,,,,,,,,,,,361245037,,,,355792088,,0,,37.35,39297304,257046882,,,,,,,,,95259597,,,55216439,,,31424987,416461476,,,,,,,,,,,,,,5452949,15919135,159414594,0
,,,,2935423,,,6515,穎崴,,,-194392,,,,,,,,,,,,,,,,,,,,4,上市,114,,,,,,,,,,,,,,,,,,,,,,6445309,,,,6445309,,0,,178.83,2524213,6426346,,,,,,,,,360416,,,2598897,,,3343862,9044206,,,,,,,,,,,,,,,74684,2617860,0
,,,,2923346,,,6525,捷敏-KY,,,-143740,,,,,,,,,,,,,,,,,,,,4,上市,114,,,,,,,,,,,,,,,,,,,,,,4694616,,,,4694616,,0,,36.38,1691538,4129242,,,,,,,,,1290474,,,2126942,,,624536,6821558,,,,,,,,,,,,,,,435404,2692316,0
,,,,7489045,,,6526,達發,,,298334,,,,,,,,,,,,,,,,,,,,4,上市,114,,,,,,,,,,,,,,,,,,,,,,21678876,,,,19347656,,0,,115.50,5700396,18013142,,,,,,,,,1675056,,,6538213,,,9885221,28217089,,,,,,,,,,,,,,2331220,837817,10203947,0
,,,,4839548,,,6531,愛普*,,,57673,,,,,,,,,,,,,,,,,,,,4,上市,114,,,,,,,,,,,,,,,,,,,,,,12364046,,,,12242597,,0,,75.24,2287583,12939212,,,,,,,,,813762,,,2376226,,,6531614,14740272,,,,,,,,,,,,,,121449,88643,1801060,1287
,,,,-207831,,,6533,晶心科,,,6901,,,,,,,,,,,,,,,,,,,,4,上市,114,,,,,,,,,,,,,,,,,,,,,,4514834,,,,4514834,,0,,89.14,414097,2174815,,,,,,,,,506509,,,1878209,,,4209255,6393043,,,,,,,,,,,,,,,1464112,4218228,0
,,,,930119,,,6534,正瀚-創,,,9351,,,,,,,,,,,,,,,,,,,,4,上市,114,,,,,,0,,,,,,,,,,,,,,,,2685999,,,,2685999,,0,,26.13,721513,871594,,,,,,,,,1028000,,,888475,,,718529,3574474,,,,,,,,,,,,,,0,166962,2702880,0
,,,,-15636647,,,6541,泰福-KY,,,-223632,,,,,,,,,,,,,,,,,,,,4,上市,114,,,,,,0,,,,,,,,,,,,,,,,5693982,,,,5693982,,0,,21.50,799660,1497182,,,,,,,,,2648634,,,2267152,,,18905627,7961134,,,,,,,,,,,,,,,1467492,6463952,0
,,,,-18494894,,,6550,北極星藥業-KY,,,460079,,,,,,,,,,,,,,,,,,,,4,上市,114,,,,,,,,,,,,,,,,,,,,,,5296157,,,,5296157,,0,,6.16,585860,3017353,,,,,,,,,8598927,,,2871772,,,14732045,8167929,,,,,,,,,,,,,,0,2285912,5150576,0
,,,,-428712,,,6552,易華電,,,674713,,,,,,,,,,,,,,,,,,,,4,上市,114,,,,,,,,,,,,,,,,,,,,,,1701490,,,,,,0,,20.50,1044612,1078055,,,,,,,,,830000,,,1576952,,,625489,3278442,,,,,,,,,,,,,,,532340,2200387,0
,,,,158942,,,6558,興能高,,,-40228,,,,,,,,,,,,,,,,,,,,4,上市,114,,,,,,0,,,,,,,,,,,,,,,,1376234,,,,1376234,,0,,14.67,325887,955233,,,,,,,,,937889,,,356280,,,319631,1732514,,,,,,,,,,,,,,,30393,777281,0
,,,,-107124,,,6573,虹揚-KY,0,,-76970,,,,,,,,,,,,,,,,,,,,4,上市,114,,,,,,,,,,,,,,,,,,,,,,697144,,,,620899,,0,,7.71,880047,650058,,,,,,,,,804993,,,1110737,,,0,1807881,,,,,,,,,,,,,,76245,230690,1157823,0
,,,,1679183,,,6579,研揚,,,117867,,,,,,,,,,,,,,,,,,,,4,上市,114,,,,,,0,,,,,,,,,,,,,,,,11909814,,,,9955187,,0,,58.75,2470160,7282873,,,,,,,,,1694512,,,2956532,,,6463625,14866346,,,,,,,,,,,,,,1954627,486372,7583473,0
,,,,2374930,,,6581,鋼聯,,,,,,,,,,,,,,,,,,,,,,,4,上市,114,,,,,,,,,,,,,,,,,,,,,,4486855,,,,4486855,,0,,40.32,445311,1052937,,,,,,,,,1112709,,,934725,,,999216,5421580,,,,,,,,,,,,,,,489414,4368643,0
,,,,3667013,,,6582,申豐,,,844265,,,,,,,,,,,,,,,,,,,,4,上市,114,,,,,,,,,,,,,,,,,,,,,,6322253,,,,6322253,,0,,59.55,207508,507783,,,,,,,,,1061741,,,216437,,,749234,6538690,,,,,,,,,,,,,,,8929,6030907,0
,,,,2193730,,,6585,鼎基,,,-2125,,,,,,,,,,,,,,,,,,,,4,上市,114,,,,,,0,,,,,,,,,,,,,,,,3893413,,,,3893413,,0,,53.98,840086,1743906,,,,,,,,,721336,,,1021729,,,980472,4915142,,,,,,,,,,,,,,,181643,3171236,0
,,,,-743310,,,6589,台康生技,,,19053,,,,,,,,,,,,,,,,,,,,4,上市,114,-305465,,,,,0,,,,,,,,,,,,,,,,8341964,,,,8341964,,4000000,,27.56,1217338,4544207,,,,,,,,,3066460,,,2606075,,,6305226,10948039,,,,,,,,,,,,,,,1388737,6403832,45750
,,,,758769,,,6591,動力-KY,,,6903,,,,,,,,,,,,,,,,,,,,4,上市,114,,,,,,,,,,,,,,,,,,,,,,2250600,,,,2244412,,0,,54.58,516286,1917133,,,,,,,,,411225,,,1273762,,,1067515,3524362,,,,,,,,,,,,,,6188,757476,1607229,0
,,,,14110138,,,6592,和潤企業,,,4478,,,,,,,,,,,,,,,,,,,,4,上市,114,,,,,,0,,,,,,,,,,,,,,,,43396256,,,,38486095,,0,,53.22,276026176,301637976,,,,,,,,,7231505,,,286189237,,,17139974,329585493,,,,,,,,,,,,,,4910161,10163061,27947517,0
,,,,-417807,,,6598,ABC-KY,,,-4308,,,,,,,,,,,,,,,,,,,,4,上市,114,,,,,,0,,,,,,,,,,,,,,,,643215,,,,643215,,0,,6.26,126546,858461,,,,,,,,,1028111,,,369489,,,37219,1012704,,,,,,,,,,,,,,,242943,154243,0
,,,,15888304,,,6605,帝寶,,,-143627,,,,,,,,,,,,,,,,,,,,4,上市,114,,,,,,,,,,,,,,,,,,,,,,20404035,,,,19903028,,0,,120.03,12022855,15012450,,,,,,,,,1658164,,,12432727,,,2500187,32836762,,,,,,,,,,,,,,501007,409872,17824312,0
,,,,436225,,,6606,建德工業,,,-62279,,,,,,,,,,,,,,,,,,,,4,上市,114,,,,,,0,,,,,,,,,,,,,,,,1666454,,,,1622282,,0,,14.71,251825,993023,,,,,,,,,1103038,,,403238,,,145298,2069692,,,,,,,,,,,,,,44172,151413,1076669,0
,,,,481636,,,6614,資拓宏宇,,,,,,,,,,,,,,,,,,,,,,,4,上市,114,,,,,,,,,,,,,,,,,,,,,,1612284,,,,1612284,,0,,19.99,2005485,3286967,,,,,,,,,806605,,,2096052,,,324043,3708336,,,,,,,,,,,,,,,90567,421369,0
,,,,642021,,,6625,必應,,,-1095,,,,,,,,,,,,,,,,,,,,4,上市,114,,,,,,,,,,,,,,,,,,,,,,1894141,,,,1891670,,0,,32.63,1248611,1911498,,,,,,,,,579724,,,1717235,,,671020,3611376,,,,,,,,,,,,,,2471,468624,1699878,0
,,,,510992,,,6641,基士德-KY,,,-71273,,,,,,,,,,,,,,,,,,,,4,上市,114,0,,,,,,,,,,,,,,,,,,,,,1461814,,,,1465705,,0,,40.16,671094,1237288,,,,,,,,,365000,,,709488,,,660986,2171302,,,,,,,,,,,,,,-3891,38394,934014,0
,,,,-148245,,,6645,金萬林-創,,,137,,,,,,,,,,,,,,,,,,,,4,上市,114,-5144,,,,,0,,,,,,,,,,,,,,,,512878,,,,490856,,240000,,8.10,339095,417702,,,,,,,,,608640,,,504841,,,35468,1017719,,,,,,,,,,,,,,22022,165746,600017,0
,,,,847427,,,6655,科定,,,1050392,,,,,,,,,,,,,,,,,,,,4,上市,114,-186211,,,,,,,,,,,,,,,,,,,,,2540139,,,,2535146,,2014000,,32.27,1978711,1636149,,,,,,,,,805718,,,6220519,,,17820,8760658,,,,,,,,,,,,,,4993,4241808,7124509,0
,,,,-489482,,,6657,華安,,,-66,,,,,,,,,,,,,,,,,,,,4,上市,114,-36349,,,,,,,,,,,,,,,,,,,,,896273,,,,896273,,830000,,10.19,43422,864431,,,,,,,,,888080,,,52709,,,534090,948982,,,,,,,,,,,,,,,9287,84551,0
,,,,357749,,,6658,聯策,,,53729,,,,,,,,,,,,,,,,,,,,4,上市,114,,,,,,,,,,,,,,,,,,,,,,1396270,,,,1314946,,0,,36.15,1068512,1836539,,,,,,,,,363700,,,1762745,,,539768,3159015,,,,,,,,,,,,,,81324,694233,1322476,0
,,,,399091,,,6666,羅麗芬-KY,,,-2093,,,,,,,,,,,,,,,,,,,,4,上市,114,,,,,,0,,,,,,,,,,,,,,,,1730846,,,,1701453,,0,,35.90,522208,981400,,,,,,,,,473880,,,581031,,,830575,2311877,,,,,,,,,,,,,,29393,58823,1330477,0
,,,,-198690,,,6668,中揚光,,,5410,,,,,,,,,,,,,,,,,,,,4,上市,114,,,,,,,,,,,,,,,,,,,,,,2153020,,,,2153020,,0,,20.10,749718,1280399,,,,,,,,,1071161,,,1482720,,,1275139,3635740,,,,,,,,,,,,,,0,733002,2355341,0
,,,,83090797,,,6669,緯穎,,,2696966,,,,,,,,,,,,,,,,,,,,4,上市,114,,,,,,0,,,,,,,,,,,,,,,,124652762,,,,124652762,,0,,670.75,179653598,306976861,,,,,,,,,1858408,,,213536562,,,37006591,338189324,,,,,,,,,,,,,,,33882964,31212463,0
,,,,10696541,,,6670,復盛應用,,,-361860,,,,,,,,,,,,,,,,,,,,4,上市,114,,,,,,,,,,,,,,,,,,,,,,18700668,,,,15542809,,0,,111.51,9311803,19778410,,,,,,,,,1393870,,,11586482,,,3814258,30287150,,,,,,,,,,,,,,3157859,2274679,10508740,0
,,,,610494,,,6671,三能-KY,,,-102318,,,,,,,,,,,,,,,,,,,,4,上市,114,,,,,,,,,,,,,,,,,,,,,,1784628,,,,1764575,,0,,29.05,411243,1215105,,,,,,,,,607500,,,466850,,,648899,2251478,,,,,,,,,,,,,,20053,55607,1036373,0
,,,,2003411,,,6672,騰輝電子-KY,,,-34296,,,,,,,,,,,,,,,,,,,,4,上市,114,,,,,,,,,,,,,,,,,,,,,,3568328,,,,3568323,,0,,49.95,928721,3293988,,,,,,,,,714347,,,1431573,,,884861,4999901,,,,,,,,,,,,,,5,502852,1705913,0
,,,,-76207,,,6674,鋐寶科技,,,-17165,,,,,,,,,,,,,,,,,,,,4,上市,114,,,,,,0,,,,,,,,,,,,,,,,912283,,,,912283,,0,,13.28,269570,1039779,,,,,,,,,686977,,,276438,,,318678,1188721,,,,,,,,,,,,,,,6868,148942,0
,,,,358838,,,6689,伊雲谷,,,64806,,,,,,,,,,,,,,,,,,,,4,上市,114,-9941,,,,,0,,,,,,,,,,,,,,,,3160978,,,,2961538,,200000,,43.68,2798521,4874233,,,,,,,,,680000,,,2891910,,,1867835,6052888,,,,,,,,,,,,,,199440,93389,1178655,0
,,,,4516854,,,6691,洋基工程,,,24388,,,,,,,,,,,,,,,,,,,,4,上市,114,-169116,,,,,,,,,,,,,,,,,,,,,7593067,,,,7593067,,890000,,62.96,11726491,18476113,,,,,,,,,1214872,,,11951798,,,2006069,19544865,,,,,,,,,,,,,,0,225307,1068752,0
,,,,-459155,,,6695,芯鼎,,,-5384,,,,,,,,,,,,,,,,,,,,4,上市,114,,,,,,,,,,,,,,,,,,,,,,1555435,,,,1555435,,0,,16.13,220433,1407041,,,,,,,,,964597,,,293932,,,1055377,1849367,,,,,,,,,,,,,,,73499,442326,0
,,,,-105369,,,6698,旭暉應材,,,-7711,,,,,,,,,,,,,,,,,,,,4,上市,114,-24187,,,,,0,,,,,,,,,,,,,,,,1882028,,,,1082527,,602000,,16.45,930112,1365592,,,,,,,,,663898,,,993058,,,555896,2875086,,,,,,,,,,,,,,799501,62946,1509494,0
,,,,1048598,,,6706,惠特,,,58838,,,,,,,,,,,,,,,,,,,,4,上市,114,,,,,,,,,,,,,,,,,,,,,,3835691,,,,3835691,,0,,48.83,1521836,3686143,,,,,,,,,785489,,,3906312,,,1942766,7742003,,,,,,,,,,,,,,,2384476,4055860,0
,,,,1004702,,,6715,嘉基,,,24526,,,,,,,,,,,,,,,,,,,,4,上市,114,-38604,,,,,,,,,,,,,,,,,,,,,3533073,,,,3445227,,324000,,52.17,689784,2667159,,,,,,,,,663645,,,1046875,,,1790958,4579948,,,,,,,,,,,,,,87846,357091,1912789,0
,,,,2557832,,,6719,力智,,,-45043,,,,,,,,,,,,,,,,,,,,4,上市,114,,,,,,0,,,,,,,,,,,,,,,,14092466,,,,14092466,,0,,133.62,1041233,14592789,,,,,,,,,1054680,,,2737286,,,10524997,16829752,,,,,,,,,,,,,,,1696053,2236963,0
,,,,678161,,,6722,輝創,,,-34030,,,,,,,,,,,,,,,,,,,,4,上市,114,,,,,,0,,,,,,,,,,,,,,,,2188271,,,,2188271,,0,,28.05,2103766,2756824,,,,,,,,,780000,,,2606305,,,764140,4794576,,,,,,,,,,,,,,,502539,2037752,0
,,,,-21069,,,6742,澤米,,,10724,,,,,,,,,,,,,,,,,,,,4,上市,114,-40217,,,,,,,,,,,,,,,,,,,,,1260471,,,,1260471,,773000,,17.88,395650,1091124,,,,,,,,,712679,,,443910,,,598354,1704381,,,,,,,,,,,,,,,48260,613257,0
,,,,858105,,,6743,安普新,,,-305678,,,,,,,,,,,,,,,,,,,,4,上市,114,-185294,,,,,,,,,,,,,,,,,,,,,2672014,,,,2672014,,2500000,,18.12,5693906,4998185,,,,,,,,,1500000,,,6441769,,,804881,9113783,,,,,,,,,,,,,,0,747863,4115598,0
,,,,2108428,,,6753,龍德造船,,,6014,,,,,,,,,,,,,,,,,,,,4,上市,114,,,,,,,,,,,,,,,,,,,,,,4694013,,,,,,0,,40.04,4323946,6231685,,,,,,,,,1172395,,,6375760,,,1407176,11069773,,,,,,,,,,,,,,,2051814,4838088,0
,,,,1065078,,,6754,匯僑設計,,,-83580,,,,,,,,,,,,,,,,,,,,4,上市,114,,,,,,,,,,,,,,,,,,,,,,2328585,,,,2328585,,0,,35.28,1916953,3504039,,,,,,,,,660000,,,2131862,,,687087,4460447,,,,,,,,,,,,,,,214909,956408,0
,,,,580072,,,6756,威鋒電子,,,-11402,,,,,,,,,,,,,,,,,,,,4,上市,114,,,,,,,,,,,,,,,,,,,,,,2913275,,,,2867203,,0,,40.99,855575,1568170,,,,,,,,,699945,,,964460,,,1598588,3877735,,,,,,,,,,,,,,46072,108885,2309565,67000
,,,,2721202,,,6757,台灣虎航,,,128,,,,,,,,,,,,,,,,,,,,4,上市,114,,,,,,0,,,,,,,,,,,,,,,,7317959,,,,,,0,,15.92,9692187,11590749,,,,,,,,,4595300,,,18469292,,,1329,25787251,,,,,,,,,,,,,,,8777105,14196502,0
,,,,4577451,,,6768,志強-KY,,,-108367,,,,,,,,,,,,,,,,,,,,4,上市,114,,,,,,,,,,,,,,,,,,,,,,15030005,,,,15030005,,0,,75.11,4783683,13740292,,,,,,,,,2000951,,,6949113,,,8559970,21979118,,,,,,,,,,,,,,0,2165430,8238826,0
,,,,11796415,,,6770,力積電,,,-4807,,,,,,,,,,,,,,,,,,,,4,上市,114,,,,,,,,,,,,,,,,,,,,,,82000187,,,,82000187,,0,,19.41,22785219,44147657,,,,,,,,,42258635,,,96685437,,,27949944,178685624,,,,,,,,,,,,,,,73900218,134537967,1473670
,,,,290911,,,6771,平和環保-創,,,,,,,,,,,,,,,,,,,,,,,4,上市,114,,,,,,,,,,,,,,,,,,,,,,892174,,,,882862,,0,,28.32,142126,487909,,,,,,,,,311795,,,496226,,,280156,1388400,,,,,,,,,,,,,,9312,354100,900491,0
,,,,892717,,,6776,展碁國際,,,-22322,,,,,,,,,,,,,,,,,,,,4,上市,114,,,,,,0,,,,,,,,,,,,,,,,3043075,,,,2802759,,0,,30.60,7630958,8365067,,,,,,,,,915814,,,8107979,,,1016550,11151054,,,,,,,,,,,,,,240316,477021,2785987,0
,,,,9254877,,,6781,AES-KY,,,621171,,,,,,,,,,,,,,,,,,,,4,上市,114,,,,,,,,,,,,,,,,,,,,,,16800898,,,,16800176,,0,,196.68,7466089,20589176,,,,,,,,,854188,,,7970778,,,6069940,24771676,,,,,,,,,,,,,,722,504689,4182500,0
,,,,2187712,,,6782,視陽,,,173581,,,,,,,,,,,,,,,,,,,,4,上市,114,,,,,,0,,,,,,,,,,,,,,,,4441174,,,,4422300,,0,,70.20,1227506,2179046,,,,,,,,,630000,,,1557633,,,1431007,5998807,,,,,,,,,,,,,,18874,330127,3819761,0
,,,,7899007,,,6789,采鈺,,,-118355,,,,,,,,,,,,,,,,,,,,4,上市,114,,,,,,,,,,,,,,,,,,,,,,18423461,,,,,,0,,57.88,3165465,13596074,,,,,,,,,3182991,,,3903821,,,7459818,22327282,,,,,,,,,,,,,,,738356,8731208,0
,,,,1960651,,,6790,永豐實,,,-47776,,,,,,,,,,,,,,,,,,,,4,上市,114,,,,,,,,,,,,,,,,,,,,,,5774272,,,,5774272,,0,,21.62,2632905,4769997,,,,,,,,,2671290,,,4697087,,,1190107,10471359,,,,,,,,,,,,,,0,2064182,5701362,0
,,,,539880,,,6792,詠業,,,-67934,,,,,,,,,,,,,,,,,,,,4,上市,114,-85925,,,,,0,,,,,,,,,,,,,,,,1524478,,,,1524478,,1000000,,32.52,383209,1499649,,,,,,,,,478753,,,429878,,,659704,1954356,,,,,,,,,,,,,,,46669,454707,0
,,,,-720201,,,6794,向榮生技,,,-11740,,,,,,,,,,,,,,,,,,,,4,上市,114,,,,,,0,,,,,,,,,,,,,,,,865435,,,,,,0,,13.60,20728,787158,,,,,,,,,636370,,,80577,,,961006,946012,,,,,,,,,,,,,,,59849,158854,0
,,,,69526,,,6796,晉弘,,,-5851,,,,,,,,,,,,,,,,,,,,4,上市,114,,,,,,0,,,,,,,,,,,,,,,,745365,,,,745365,,0,,19.49,455263,1027957,,,,,,,,,382340,,,826339,,,299350,1571704,,,,,,,,,,,,,,,371076,543747,0
,,,,661453,,,6799,來頡,,,-6320,,,,,,,,,,,,,,,,,,,,4,上市,114,-28425,,,,,3960,,,,,,,,,,,,,,,,1653778,,,,1653778,,269000,,38.08,243515,1699993,,,,,,,,,437016,,,246908,,,590054,1900686,,,,,,,,,,,,,,,3393,200693,0
,,,,3924477,,,6805,富世達,,,109086,,,,,,,,,,,,,,,,,,,,4,上市,114,,,,,,,,,,,,,,,,,,,,,,7192597,,,,7192597,,0,,104.92,6833365,13493611,,,,,,,,,685539,,,7485029,,,2473495,14677626,,,,,,,,,,,,,,,651664,1184015,0
,,,,845027,,,6807,峰源-KY,,,220317,,,,,,,,,,,,,,,,,,,,4,上市,114,,,,,,0,,,,,,,,,,,,,,,,2606956,,,,2606956,,0,,48.28,1054264,2328315,,,,,,,,,540000,,,1078497,,,1001612,3685453,,,,,,,,,,,,,,,24233,1357138,0
,,,,496061,,,6830,汎銓,,,-6943,,,,,,,,,,,,,,,,,,,,4,上市,114,,,,,,,,,,,,,,,,,,,,,,3040646,,,,3040646,,0,,58.72,1597840,1747914,,,,,,,,,517819,,,3204047,,,2033709,6244693,,,,,,,,,,,,,,,1606207,4496779,0
,,,,501719,,,6831,邁科,,,9890,,,,,,,,,,,,,,,,,,,,4,上市,114,,,,,,0,,,,,,,,,,,,,,,,2818333,,,,2818333,,0,,41.75,1979902,3664864,,,,,,,,,675000,,,2199810,,,1631724,5018143,,,,,,,,,,,,,,,219908,1353279,0
,,,,115643,,,6834,天二科技,,,-21850,,,,,,,,,,,,,,,,,,,,4,上市,114,,,,,,,,,,,,,,,,,,,,,,1434179,,,,1434179,,0,,16.21,769746,1196009,,,,,,,,,884711,,,795261,,,455675,2229440,,,,,,,,,,,,,,,25515,1033431,0
,,,,687326,,,6835,圓裕,,,33829,,,,,,,,,,,,,,,,,,,,4,上市,114,-18444,,,,,,,,,,,,,,,,,,,,,1856363,,,,1852370,,444000,,28.18,1188754,3069928,,,,,,,,,661723,,,2257141,,,487936,4113504,,,,,,,,,,,,,,3993,1068387,1043576,0
,,,,-2236504,,,6838,台新藥,,,-95741,,,,,,,,,,,,,,,,,,,,4,上市,114,,,,,,0,,,,,,,,,,,,,,,,1457170,,,,1456619,,0,,9.65,166417,1515929,,,,,,,,,1509771,,,614064,,,2279093,2071234,,,,,,,,,,,,,,551,447647,555305,0
,,,,-5819780,,,6854,錼創科技-KY創,,,253959,,,,,,,,,,,,,,,,,,,,4,上市,114,-96178,,,,,0,,,,,,,,,,,,,,,,3877550,,,,3877550,,608000,,33.12,436926,4375287,,,,,,,,,1176786,,,1291069,,,8362763,5168619,,,,,,,,,,,,,,,854143,793332,0
,,,,652951,,,6861,睿生光電,,,-68574,,,,,,,,,,,,,,,,,,,,4,上市,114,,,,,,,,,,,,,,,,,,,,,,1455776,,,,1455776,,0,,35.00,974007,2277979,,,,,,,,,415992,,,1122854,,,455407,2578630,,,,,,,,,,,,,,,148847,300651,0
,,,,1270216,,,6862,三集瑞-KY,,,11980,,,,,,,,,,,,,,,,,,,,4,上市,114,,,,,,,,,,,,,,,,,,,,,,2984479,,,,2984479,,0,,59.69,1322720,2033569,,,,,,,,,500000,,,1466240,,,1202283,4450719,,,,,,,,,,,,,,,143520,2417150,0
,,,,1039738,,,6863,永道-KY,,,-118595,,,,,,,,,,,,,,,,,,,,4,上市,114,,,,,,,,,,,,,,,,,,,,,,5948470,,,,5947390,,0,,79.42,2206209,4929827,,,,,,,,,748880,,,3303255,,,4277367,9251725,,,,,,,,,,,,,,1080,1097046,4321898,0
,,,,817567,,,6869,雲豹能源,,,-19029,,,,,,,,,,,,,,,,,,,,4,上市,114,-533080,,,,,0,,,,,,,,,,,,,,,,5485493,,,,4847399,,4336000,,36.31,5606966,5969346,,,,,,,,,1378300,,,10338922,,,3203641,15824415,,,,,,,,,,,,,,638094,4731956,9855069,0
,,,,1683199,,,6873,泓德能源,,,134748,,,,,,,,,,,,,,,,,,,,4,上市,114,,,,,,0,,,,,,,,,,,,,,,,11855406,,,,10415624,,0,,73.02,10074363,11425735,,,,,,,,,1426491,,,20340208,,,7171186,32195614,,,,,,,,,,,,,,1439782,10265845,20769879,776729
,,,,-1021138,,,6885,全福生技,,,-20379,,,,,,,,,,,,,,,,,,,,4,上市,114,,,,,,0,,,,,,,,,,,,,,,,1753657,,,,1655019,,0,,12.42,66941,1208687,,,,,,,,,1332140,,,74084,,,1364396,1827741,,,,,,,,,,,,,,98638,7143,619054,0
,,,,824310,,,6887,寶綠特-KY,,,33559,,,,,,,,,,,,,,,,,,,,4,上市,114,,,,,,0,,,,,,,,,,,,,,,,2942111,,,,2942111,,0,,39.69,1721738,3629416,,,,,,,,,741195,,,1762522,,,1343047,4704633,,,,,,,,,,,,,,,40784,1075217,0
,,,,7042358,,,6890,來億-KY,,,-1122611,,,,,,,,,,,,,,,,,,,,4,上市,114,,,,,,0,,,,,,,,,,,,,,,,25161554,,,,24166360,,0,,96.90,5623394,22583048,,,,,,,,,2494000,,,10932414,,,15752613,36093968,,,,,,,,,,,,,,995194,5309020,13510920,0
,,,,-2192772,,,6901,鑽石投資,,,,,,,,,,,,,,,,,,,,,,,4,上市,114,,,,,,,,,,,,,,,,,,,,,,9220875,,,,,,0,,10.81,68642,3906337,,,,,,,,,8527500,,,137788,,,2886147,9358663,,,,,,,,,,,,,,,69146,5452326,0
,,,,-79529,,,6902,GOGOLOOK,,,1217,,,,,,,,,,,,,,,,,,,,4,上市,114,,,,,,0,,,,,,,,,,,,,,,,699674,,,,699674,,0,,19.79,473997,1032336,,,,,,,,,353589,,,589731,,,424397,1289405,,,,,,,,,,,,,,,115734,257069,0
,,,,109808,,,6906,現觀科,,,3152,,,,,,,,,,,,,,,,,,,,4,上市,114,-181485,,,,,0,,,,,,,,,,,,,,,,728074,,,,728074,,1300000,,22.58,158852,875465,,,,,,,,,335374,,,170486,,,461225,898560,,,,,,,,,,,,,,,11634,23095,0
,,,,67761,,,6908,宏碁遊戲-創,0,,2628,,,,,,,,,,,,,,,,,,,,4,上市,114,,,,,,0,,,,,,,,,,,,,,,,1897842,,,,1160201,,0,,33.15,1914416,2692678,,,,,,,,,350000,,,2145221,,,739812,4043063,,,,,,,,,,,,,,737641,230805,1350385,0
,,,,175839,,,6909,創控,,,-8529,,,,,,,,,,,,,,,,,,,,4,上市,114,,,,,,0,,,,,,,,,,,,,,,,1073197,,,,,,0,,15.96,163065,1132747,,,,,,,,,672222,,,174519,,,233665,1247716,,,,,,,,,,,,,,,11454,114969,0
,,,,1391096,,,6914,阜爾運通,,,1767,,,,,,,,,,,,,,,,,,,,4,上市,114,,,,,,,,,,,,,,,,,,,,,,3695264,,,,3695264,,0,,55.80,2467384,2144291,,,,,,,,,662260,,,6632895,,,1640141,10328159,,,,,,,,,,,,,,,4165511,8183868,0
,,,,166981,,,6916,華凌,,,11579,,,,,,,,,,,,,,,,,,,,4,上市,114,,,,,,,,,,,,,,,,,,,,,,1044922,,,,1039863,,0,,15.41,1094582,1255634,,,,,,,,,675000,,,1394571,,,186303,2439493,,,,,,,,,,,,,,5059,299989,1183859,0
,,,,347546,,,6918,愛派司,,,7859,,,,,,,,,,,,,,,,,,,,4,上市,114,-38657,,,,,0,,,,,,,,,,,,,,,,1265553,,,,1262787,,438000,,37.00,198133,1187061,,,,,,,,,345710,,,284446,,,600329,1549999,,,,,,,,,,,,,,2766,86313,362938,0
,,,,80042,,,6919,康霈*,,,-68540,,,,,,,,,,,,,,,,,,,,4,上市,114,-130521,,,,,0,,,,,,,,,,,,,,,,9410448,,,,9410448,,901000,,6.07,45494,4991093,,,,,,,,,776939,,,63658,,,8752528,9474106,,,,,,,,,,,,,,,18164,4483013,0
,,,,-73113,,,6921,嘉雨思-創,,,0,,,,,,,,,,,,,,,,,,,,4,上市,114,,,,,,,,,,,,,,,,,,,,,,288171,,,,,,0,,9.05,89409,249893,,,,,,,,,318369,,,89409,,,42915,377580,,,,,,,,,,,,,,,,127687,0
,,,,508092,,,6923,中台,,,-43441,,,,,,,,,,,,,,,,,,,,4,上市,114,0,,,,,,,,,,,,,,,,,,,,,2597612,,,,2597612,,0,,28.39,487310,541995,,,,,,,,,914880,,,1534680,,,1218081,4132292,,,,,,,,,,,,,,,1047370,3590297,0
,,,,220708,,,6924,榮惠-KY創,,,14260,,,,,,,,,,,,,,,,,,,,4,上市,114,-13785,,,,,0,,,,,,,,,,,,,,,,575870,,,,575870,,206000,,27.90,475563,1011660,,,,,,,,,208500,,,496434,,,146187,1072304,,,,,,,,,,,,,,,20871,60644,0
,,,,49000,,,6928,攸泰科技,,,22293,,,,,,,,,,,,,,,,,,,,4,上市,114,,,,,,0,,,,,,,,,,,,,,,,2037911,,,,2037911,,0,,23.70,538806,2249795,,,,,,,,,860000,,,611487,,,1106618,2649398,,,,,,,,,,,,,,,72681,399603,0
,,,,89548,,,6931,青松健康,,,671,,,,,,,,,,,,,,,,,,,,4,上市,114,,,,,,0,,,,,,,,,,,,,,,,1169052,,,,1143863,,0,,17.29,233677,918589,,,,,,,,,661522,,,1412645,,,392122,2581697,,,,,,,,,,,,,,25189,1178968,1663108,0
,,,,482056,,,6933,AMAX-KY,,,-7540,,,,,,,,,,,,,,,,,,,,4,上市,114,,,,,,0,,,,,,,,,,,,,,,,2291228,,,,2291228,,0,,54.08,1530781,3638688,,,,,,,,,423638,,,1703727,,,1393074,3994955,,,,,,,,,,,,,,,172946,356267,0
,,,,-664117,,,6934,心誠鎂,,,229,,,,,,,,,,,,,,,,,,,,4,上市,114,,,,,,0,,,,,,,,,,,,,,,,287434,,,,287434,,0,,8.79,59769,287555,,,,,,,,,327168,,,153755,,,624154,441189,,,,,,,,,,,,,,,93986,153634,0
,,,,441305,,,6936,永鴻生技,,,,,,,,,,,,,,,,,,,,,,,4,上市,114,,,,,,0,,,,,,,,,,,,,,,,1352239,,,,,,0,,18.57,295429,992827,,,,,,,,,728040,,,315757,,,182894,1667996,,,,,,,,,,,,,,,20328,675169,0
,,,,1135580,,,6937,天虹,,,6352,,,,,,,,,,,,,,,,,,,,4,上市,114,-31962,,,,,0,,,,,,,,,,,,,,,,3497643,,,,3448671,,180000,,51.17,849127,3005700,,,,,,,,,675763,,,1079261,,,1662938,4576904,,,,,,,,,,,,,,48972,230134,1571204,0
,,,,4096756,,,6944,兆聯實業,,,30418,,,,,,,,,,,,,,,,,,,,4,上市,114,,,,,,0,,,,,,,,,,,,,,,,8026400,,,,8026400,,0,,104.66,7022182,13109963,,,,,,,,,766879,,,7458190,,,3132347,15484590,,,,,,,,,,,,,,,436008,2374627,0
,,,,471715,,,6947,台鎔科技,,,,,,,,,,,,,,,,,,,,,,,4,上市,114,,,,,,,,,,,,,,,,,,,,,,2191715,,,,2191715,,0,,23.23,1480883,882082,,,,,,,,,943333,,,5308721,,,776667,7500436,,,,,,,,,,,,,,,3827838,6618354,0
,,,,-1631199,,,6949,沛爾生醫*-創,,,,,,,,,,,,,,,,,,,,,,,4,上市,114,-800,,,,,0,,,,,,,,,,,,,,,,1693956,,,,1421891,,40000,,23.44,308973,1331420,,,,,,,,,1143716,,,418269,,,1910174,2112225,,,,,,,,,,,,,,272065,109296,780805,1909644
,,,,333055,,,6951,青新-創,,,,,,,,,,,,,,,,,,,,,,,4,上市,114,,,,,,0,,,,,,,,,,,,,,,,1149750,,,,1149750,,0,,24.99,447062,694610,,,,,,,,,460000,,,475540,,,356695,1625290,,,,,,,,,,,,,,0,28478,930680,0
,,,,326671,,,6952,大武山,0,,,,,,,,,,,,,,,,,,,,,,4,上市,114,-49013,,,,,0,,,,,,,,,,,,,,,,1771415,,,,1428218,,1000000,,21.21,1135084,719044,,,,,,,,,683450,,,2061839,,,467110,3833254,,,,,,,,,,,,,,343197,926755,3114210,0
,,,,123866,,,6955,邦睿生技-創,,,-209,,,,,,,,,,,,,,,,,,,,4,上市,114,,,,,,0,,,,,,,,,,,,,,,,641407,,,,641407,,0,,25.86,74732,650842,,,,,,,,,248008,,,78467,,,269742,719874,,,,,,,,,,,,,,,3735,69032,0
,,,,939264,,,6957,裕慶-KY,,,1184,,,,,,,,,,,,,,,,,,,,4,上市,114,-120160,,,,,0,,,,,,,,,,,,,,,,2710517,,,,2640863,,684000,,48.17,918271,2679852,,,,,,,,,555130,,,2448054,,,1265445,5158571,,,,,,,,,,,,,,69654,1529783,2478719,0
,,,,-118689,,,6958,日盛台駿,,,89422,,,,,,,,,,,,,,,,,,,,4,上市,114,,,,,,,,,,,,,,,,,,,,,,10309496,,,,10133444,,0,,22.86,54726885,52010035,,,,,,,,,4932894,,,67443000,,,5229817,77752496,,,,,,,,,,,,,,176052,12716115,25742461,40000000
,,,,9598894,,,6962,奕力-KY,,,20844,,,,,,,,,,,,,,,,,,,,4,上市,114,,,,,,0,,,,,,,,,,,,,,,,20013354,,,,20013354,,0,,40.64,4938269,11415583,,,,,,,,,4923966,,,5604783,,,5469650,25618137,,,,,,,,,,,,,,,666514,14202554,0
,,,,5698229,,,6965,中傑-KY,,,-654066,,,,,,,,,,,,,,,,,,,,4,上市,114,,,,,,,,,,,,,,,,,,,,,,12277799,,,,12061939,,0,,77.15,4767837,11179679,,,,,,,,,1563360,,,5192727,,,5454416,17470526,,,,,,,,,,,,,,215860,424890,6290847,0
,,,,-224895,,,6969,成信實業*-創,,,,,,,,,,,,,,,,,,,,,,,4,上市,114,,,,,,0,,,,,,,,,,,,,,,,324956,,,,324956,,0,,8.52,310906,281323,,,,,,,,,549197,,,781958,,,654,1106914,,,,,,,,,,,,,,,471052,825591,0
,,,,-63520,,,6988,威力暘-創,,,6488,,,,,,,,,,,,,,,,,,,,4,上市,114,0,,,,,,,,,,,,,,,,,,,,,728818,,,,728818,,0,,15.31,251261,768977,,,,,,,,,476000,,,461830,,,309850,1190648,,,,,,,,,,,,,,,210569,421671,0
,,,,517628,,,6994,富威電力,,,306,,,,,,,,,,,,,,,,,,,,4,上市,114,-95624,,,,,0,,,,,,,,,,,,,,,,2903208,,,,2543940,,1802857,,35.32,2589101,3558313,,,,,,,,,738286,,,4483259,,,1383344,7386467,,,,,,,,,,,,,,359268,1894158,3828154,0
,,,,267649,,,7610,聯友金屬-創,,,-1095,,,,,,,,,,,,,,,,,,,,4,上市,114,,,,,,0,,,,,,,,,,,,,,,,1611232,,,,1595632,,0,,32.84,880562,1730944,,,,,,,,,485855,,,1413398,,,843223,3024630,,,,,,,,,,,,,,15600,532836,1293686,0
,,,,312829,,,7631,聚賢研發-創,,,-11357,,,,,,,,,,,,,,,,,,,,4,上市,114,,,,,,,,,,,,,,,,,,,,,,840934,,,,840934,,0,,41.75,478222,1276523,,,,,,,,,201420,,,642138,,,338042,1483072,,,,,,,,,,,,,,,163916,206549,0
,,,,748182,,,7689,大鵬科CLMX,,,-394,,,,,,,,,,,,,,,,,,,,4,上市,114,,,,,,,,,,,,,,,,,,,,,,1585792,,,,1585792,,0,,30.10,1867398,3295736,,,,,,,,,526887,,,4027508,,,311117,5613300,,,,,,,,,,,,,,,2160110,2317564,0
,,,,351981,,,7705,三商餐飲,,,-6700,,,,,,,,,,,,,,,,,,,,4,上市,114,,,,,,0,,,,,,,,,,,,,,,,1546667,,,,1546622,,0,,23.41,1629069,950710,,,,,,,,,660673,,,2300327,,,540668,3846994,,,,,,,,,,,,,,45,671258,2896284,0
,,,,1097519,,,7711,永擎,,,-12703,,,,,,,,,,,,,,,,,,,,4,上市,114,,,,,,,,,,,,,,,,,,,,,,4852478,,,,4852478,,0,,67.65,6801495,11440808,,,,,,,,,717342,,,6809146,,,3050320,11661624,,,,,,,,,,,,,,0,7651,220816,0
,,,,115970,,,7721,微程式,,,837,,,,,,,,,,,,,,,,,,,,4,上市,114,,,,,,0,,,,,,,,,,,,,,,,1294216,,,,1294216,,0,,23.37,141074,1090759,,,,,,,,,553700,,,320144,,,623709,1614360,,,,,,,,,,,,,,,179070,523601,0
,,,,1601266,,,7722,LINEPAY,,,-6406,,,,,,,,,,,,,,,,,,,,4,上市,114,,,,,,,,,,,,,,,,,,,,,,10799567,,,,10799567,,0,,158.82,8509193,18985696,,,,,,,,,680000,,,9709086,,,8524707,20508653,,,,,,,,,,,,,,,1199893,1522957,0
,,,,375862,,,7730,暉盛-創,,,-19,,,,,,,,,,,,,,,,,,,,4,上市,114,0,,,,,,,,,,,,,,,,,,,,,992327,,,,992327,,0,,26.97,185452,997348,,,,,,,,,367968,,,296028,,,248516,1288355,,,,,,,,,,,,,,0,110576,291007,0
,,,,456760,,,7732,金興精密,,,16749,,,,,,,,,,,,,,,,,,,,4,上市,114,-33053,,,,,0,,,,,,,,,,,,,,,,1835818,,,,1835818,,819000,,28.75,364131,1161177,,,,,,,,,646800,,,404907,,,748562,2240725,,,,,,,,,,,,,,,40776,1079548,0
,,,,2156081,,,7736,虎山,,,-7002,,,,,,,,,,,,,,,,,,,,4,上市,114,-45388,,,,,,,,,,,,,,,,,,,,,3625545,,,,3625545,,425000,,47.97,458739,2700282,,,,,,,,,760000,,,684941,,,761854,4310486,,,,,,,,,,,,,,,226202,1610204,0
,,,,232171,,,7740,熙特爾-創,,,-22181,,,,,,,,,,,,,,,,,,,,4,上市,114,,,,,,,,,,,,,,,,,,,,,,1537474,,,,1264419,,0,,23.77,7058189,7587299,,,,,,,,,532000,,,7332227,,,522429,8869701,,,,,,,,,,,,,,273055,274038,1282402,0
,,,,570409,,,7749,意騰-KY,,,-5284,,,,,,,,,,,,,,,,,,,,4,上市,114,,,,,,0,,,,,,,,,,,,,,,,3744002,,,,3744002,,0,,80.54,383049,3488406,,,,,,,,,464857,,,429469,,,2714020,4173471,,,,,,,,,,,,,,,46420,685065,0
,,,,4964206,,,7750,新代,,,-3629,,,,,,,,,,,,,,,,,,,,4,上市,114,-7125,,,,,,,,,,,,,,,,,,,,,11372811,,,,11372811,,95000,,158.51,4974149,15135550,,,,,,,,,718430,,,6286849,,,5700929,17659660,,,,,,,,,,,,,,,1312700,2524110,0
,,,,641107,,,7760,享溫馨,,,0,,,,,,,,,,,,,,,,,,,,4,上市,114,,,,,,,,,,,,,,,,,,,,,,2008037,,,,,,0,,33.47,300762,349211,,,,,,,,,600000,,,2437565,,,766930,4445602,,,,,,,,,,,,,,,2136803,4096391,0
,,,,561342,,,7765,中華資安,,,1170,,,,,,,,,,,,,,,,,,,,4,上市,114,,,,,,,,,,,,,,,,,,,,,,2051846,,,,,,0,,50.44,746544,2481143,,,,,,,,,406808,,,780826,,,1082526,2832672,,,,,,,,,,,,,,,34282,351529,2000
,,,,254065,,,7768,頌勝科技,,,2100,,,,,,,,,,,,,,,,,,,,4,上市,114,,,,,,0,,,,,,,,,,,,,,,,1818980,,,,1787356,,0,,29.79,1046949,1845713,,,,,,,,,600000,,,1810965,,,931191,3629945,,,,,,,,,,,,,,31624,764016,1784232,0
,,,,19908127,,,7769,鴻勁,,,164807,,,,,,,,,,,,,,,,,,,,4,上市,114,-20933,,,,,,,,,,,,,,,,,,,,,58031068,,,,58031068,,27000,,322.57,15027873,70195329,,,,,,,,,1799300,,,15239000,,,36179767,73270068,,,,,,,,,,,,,,,211127,3074739,0
,,,,187375,,,7780,大研生醫*,,,30353,,,,,,,,,,,,,,,,,,,,4,上市,114,,,,,,0,,,,,,,,,,,,,,,,5442704,,,,5442704,,0,,6.72,446872,5863066,,,,,,,,,810024,,,469947,,,4414952,5912651,,,,,,,,,,,,,,,23075,49585,0
,,,,3941454,,,7786,東方風能,,,,,,,,,,,,,,,,,,,,,,,4,上市,114,,,,,,0,,,,,,,,,,,,,,,,9829180,,,,,,0,,56.05,3099946,4042237,,,,,,,,,1753614,,,5337616,,,4134112,15166796,,,,,,,,,,,,,,,2237670,11124559,0
,,,,1516755,,,7788,松川精密,,,13773,,,,,,,,,,,,,,,,,,,,4,上市,114,,,,,,,,,,,,,,,,,,,,,,5923919,,,,5921132,,0,,74.25,2982353,6172536,,,,,,,,,797460,,,4650231,,,3593144,10574150,,,,,,,,,,,,,,2787,1667878,4401614,0
,,,,858658,,,7791,皇家可口,,,1276737,,,,,,,,,,,,,,,,,,,,4,上市,114,,,,,,,,,,,,,,,,,,,,,,3635266,,,,3635266,,0,,45.44,423170,1259725,,,,,,,,,800000,,,562192,,,699871,4197458,,,,,,,,,,,,,,0,139022,2937733,0
,,,,673934,,,7795,長廣,,,-393800,,,,,,,,,,,,,,,,,,,,4,上市,114,,,,,,,,,,,,,,,,,,,,,,1589077,,,,1589077,,0,,22.44,700092,2268080,,,,,,,,,708285,,,993367,,,600658,2582444,,,,,,,,,,,,,,,293275,314364,0
,,,,-481666,,,7799,禾榮科,,,-538586,,,,,,,,,,,,,,,,,,,,4,上市,114,,,,,,0,,,,,,,,,,,,,,,,11489312,,,,,,0,,72.93,64775,10552705,,,,,,,,,1575480,,,89304,,,10934084,11578616,,,,,,,,,,,,,,,24529,1025911,36000
,,,,-325870,,,7803,雲象科技-創,,,-1625,,,,,,,,,,,,,,,,,,,,4,上市,114,0,,,,,0,,,,,,,,,,,,,,,,608774,,,,608774,,0,,6.85,56300,590760,,,,,,,,,888589,,,94442,,,47680,703216,,,,,,,,,,,,,,,38142,112456,0
,,,,5227224,,,7818,溢泰實業,,,290306,,,,,,,,,,,,,,,,,,,,4,上市,114,,,,,,,,,,,,,,,,,,,,,,7970005,,,,7970005,,0,,53.15,4542607,8341680,,,,,,,,,1499460,,,6705274,,,953015,14675279,,,,,,,,,,,,,,0,2162667,6333599,0
,,,,438101,,,7821,神數,0,,43683,,,,,,,,,,,,,,,,,,,,4,上市,114,,,,,,0,,,,,,,,,,,,,,,,2170198,,,,2170198,,0,,19.83,4384926,6291910,,,,,,,,,1094133,,,4662128,,,594281,6832326,,,,,,,,,,,,,,,277202,540416,0
,,,,581838,,,7822,倍利科,,,0,,,,,,,,,,,,,,,,,,,,4,上市,114,,,,,,,,,,,,,,,,,,,,,,1029947,,,,1018102,,0,,24.50,1561890,2417071,,,,,,,,,415608,,,1612620,,,20656,2642567,,,,,,,,,,,,,,11845,50730,225496,0
,,,,-25173,,,7823,奧義賽博-KY創,0,,8591,,,,,,,,,,,,,,,,,,,,4,上市,114,,,,,,,,,,,,,,,,,,,,,,307578,,,,307578,,0,,9.72,250828,541330,,,,,,,,,316289,,,293246,,,7871,600824,,,,,,,,,,,,,,,42418,59494,0
,,,,-3105182,,,7827,漢康-KY創,,,-115518,,,,,,,,,,,,,,,,,,,,4,上市,114,-73,,,,,0,,,,,,,,,,,,,,,,869240,,,,665738,,195360,,5.12,302358,1081657,,,,,,,,,1302057,,,302358,,,2584454,1171598,,,,,,,,,,,,,,203502,0,89941,0
,,,,-288196,,,7835,永悅健康-創,,,-30213,,,,,,,,,,,,,,,,,,,,4,上市,114,0,,,,,0,,,,,,,,,,,,,,,,285283,,,,282535,,0,,6.43,385850,441277,,,,,,,,,439444,,,394009,,,161500,679292,,,,,,,,,,,,,,2748,8159,238015,0
,,,,4372409,,,7855,和運租車,0,,-57394,,,,,,,,,,,,,,,,,,,,4,上市,114,,,,,,,,,,,,,,,,,,,,,,6536239,,,,6291102,,0,,32.68,40582376,4772657,,,,,,,,,1925279,,,55280296,,,50808,61816535,,,,,,,,,,,,,,245137,14697920,57043878,0
,,,,372134,,,8011,台通,,,9918,,,,,,,,,,,,,,,,,,,,4,上市,114,0,,,,,,,,,,,,,,,,,,,,,3949551,,,,3257490,,0,,19.63,1695239,2152531,,,,,,,,,1659219,,,3439998,,,1216219,7389549,,,,,,,,,,,,,,692061,1744759,5237018,0
,,,,8812466,,,8016,矽創,,,321590,,,,,,,,,,,,,,,,,,,,4,上市,114,-159839,,,,,,,,,,,,,,,,,,,,,16445560,,,,12236495,,1831000,,103.43,5352389,15610988,,,,,,,,,1201369,,,5658160,,,2060909,22103720,,,,,,,,,,,,,,4209065,305771,6492732,0
,,,,2361338,,,8021,尖點,,,-277795,,,,,,,,,,,,,,,,,,,,4,上市,114,0,,,,,,,,,,,,,,,,,,,,,5427816,,,,4821475,,0,,33.94,2120708,5211903,,,,,,,,,1420425,,,2537704,,,1317507,7965520,,,,,,,,,,,,,,606341,416996,2753617,0
,,,,1385979,,,8028,昇陽半導體,,,,,,,,,,,,,,,,,,,,,,,4,上市,114,,,,,,0,,,,,,,,,,,,,,,,5107868,,,,,,0,,29.14,1836228,2654657,,,,,,,,,1752831,,,7061066,,,1969058,12168934,,,,,,,,,,,,,,,5224838,9514277,0
,,,,-450287,,,8033,雷虎,,,34841,,,,,,,,,,,,,,,,,,,,4,上市,114,,,,,,,,,,,,,,,,,,,,,,2065427,,,,1883069,,0,,12.34,676326,1718828,,,,,,,,,1526298,,,1000714,,,772217,3066141,,,,,,,,,,,,,,182358,324388,1347313,0
,,,,5586916,,,8039,台虹,,,147515,,,,,,,,,,,,,,,,,,,,4,上市,114,,,,,,,,,,,,,,,,,,,,,,10920853,,,,10896000,,0,,41.44,3159492,9283312,,,,,,,,,2629270,,,3846343,,,2532299,14767196,,,,,,,,,,,,,,24853,686851,5483884,184000
,,,,263910,,,8045,達運光電,,,-11619,,,,,,,,,,,,,,,,,,,,4,上市,114,,,,,,0,,,,,,,,,,,,,,,,2013034,,,,2012527,,0,,21.18,284208,1677434,,,,,,,,,950432,,,540674,,,809804,2553708,,,,,,,,,,,,,,507,256466,876274,17000
,,,,22311393,,,8046,南電,,,-775802,,,,,,,,,,,,,,,,,,,,4,上市,114,,,,,,0,,,,,,,,,,,,,,,,46122894,,,,46122894,,0,,71.38,7188753,23622645,,,,,,,,,6461655,,,15084504,,,18125648,61207398,,,,,,,,,,,,,,,7895751,37584753,0
,,,,4535328,,,8070,長華*,,,7251711,,,,,,,,,,,,,,,,,,,,4,上市,114,-736628,,,,,,,,,,,,,,,,,,,,,22614678,,,,17960904,,21315929,,25.50,9083986,24701745,,,,,,,,,725648,,,18287266,,,6184845,40901944,,,,,,,,,,,,,,4653774,9203280,16200199,0
,,,,1477693,,,8072,陞泰,,,3444,,,,,,,,,,,,,,,,,,,,4,上市,114,,,,,,,,,,,,,,,,,,,,,,2388257,,,,2298698,,0,,28.73,220962,1648208,,,,,,,,,800000,,,255072,,,17561,2643329,,,,,,,,,,,,,,89559,34110,995121,0
,,,,5331920,,,8081,致新,,,557702,,,,,,,,,,,,,,,,,,,,4,上市,114,-50883,,,,,0,,,,,,,,,,,,,,,,9412527,,,,8131265,,485433,,94.90,1821335,8003639,,,,,,,,,861721,,,2129639,,,1430805,11542166,,,,,,,,,,,,,,1281262,308304,3538527,0
,,,,-350941,,,8101,華冠,,,-16445,,,,,,,,,,,,,,,,,,,,4,上市,114,,,,,,,,,,,,,,,,,,,,,,286668,,,,257220,,0,,5.20,220072,172035,,,,,,,,,504262,,,282184,,,120344,568852,,,,,,,,,,,,,,29448,62112,396817,3000000
,,,,2126429,,,8103,瀚荃,,,-84664,,,,,,,,,,,,,,,,,,,,4,上市,114,-79058,,,,,,,,,,,,,,,,,,,,,3800236,,,,3797146,,1700000,,49.48,1610225,4620715,,,,,,,,,784367,,,2120477,,,1050072,5920713,,,,,,,,,,,,,,3090,510252,1299998,0
,,,,237523,,,8104,錸寶,,,-56004,,,,,,,,,,,,,,,,,,,,4,上市,114,0,,,,,,,,,,,,,,,,,,,,,3129494,,,,2808597,,0,,26.99,1739800,3318671,,,,,,,,,1040582,,,5342877,,,1586496,8472371,,,,,,,,,,,,,,320897,3603077,5153700,0
,,,,875672,,,8105,凌巨,,,-72087,,,,,,,,,,,,,,,,,,,,4,上市,114,,,,,,,,,,,,,,,,,,,,,,7838016,,,,7838016,,0,,17.75,2717909,5187917,,,,,,,,,4415449,,,2947555,,,2618982,10785571,,,,,,,,,,,,,,,229646,5597654,0
,,,,5320611,,,8110,華東,,,1211906,,,,,,,,,,,,,,,,,,,,4,上市,114,-91099,,,,,,,,,,,,,,,,,,,,,12271284,,,,12267492,,5000000,,23.93,2716830,7371331,,,,,,,,,5177399,,,4256628,,,648675,16527912,,,,,,,,,,,,,,3792,1539798,9156581,0
,,,,6407299,,,8112,至上,,,-73622,,,,,,,,,,,,,,,,,,,,4,上市,114,-112193,,,,,,,,,,,,,,,,,,,,,20382149,,,,19094789,,3000000,,34.57,48628816,82922861,,,,,,,,,5552917,,,64283051,,,7320388,84665200,,,,,,,,,,,,,,1287360,15654235,1742339,0
,,,,4214219,,,8114,振樺電,,,-123213,,,,,,,,,,,,,,,,,,,,4,上市,114,,,,,,0,,,,,,,,,,,,,,,,14835131,,,,10319512,,0,,95.93,4338110,11123075,,,,,,,,,1075719,,,5039033,,,5152787,19874164,,,,,,,,,,,,,,4515619,700923,8751089,0
,,,,5982629,,,8131,福懋科,,,-569405,,,,,,,,,,,,,,,,,,,,4,上市,114,,,,,,0,,,,,,,,,,,,,,,,12247132,,,,,,0,,27.69,1179280,9443229,,,,,,,,,4422222,,,1669997,,,2411686,13917129,,,,,,,,,,,,,,,490717,4473900,0
,,,,11061187,,,8150,南茂,,,150741,,,,,,,,,,,,,,,,,,,,4,上市,114,-128115,,,,,0,,,,,,,,,,,,,,,,24008363,,,,24008363,,4540000,,34.30,10467091,25147331,,,,,,,,,7045231,,,21344058,,,5879319,45352421,,,,,,,,,,,,,,,10876967,20205090,0
,,,,534969,,,8162,微矽電子-創,,,-3735,,,,,,,,,,,,,,,,,,,,4,上市,114,,,,,,0,,,,,,,,,,,,,,,,1480676,,,,,,0,,21.55,359902,704309,,,,,,,,,687020,,,1059978,,,262422,2540654,,,,,,,,,,,,,,,700076,1836345,0
,,,,3588556,,,8163,達方,,,-304457,,,,,,,,,,,,,,,,,,,,4,上市,114,-89024,,,,,0,,,,,,,,,,,,,,,,12726746,,,,10100554,,4000000,,36.60,15021545,20633798,,,,,,,,,2800000,,,20359653,,,4105479,33086399,,,,,,,,,,,,,,2626192,5338108,12452601,0
,,,,-215973,,,8201,無敵,,,53403,,,,,,,,,,,,,,,,,,,,4,上市,114,,,,,,,,,,,,,,,,,,,,,,461093,,,,461093,,0,,7.39,193165,505939,,,,,,,,,623663,,,231373,,,0,692466,,,,,,,,,,,,,,,38208,186527,0
,,,,8343857,,,8210,勤誠,,,-283783,,,,,,,,,,,,,,,,,,,,4,上市,114,,,,,,0,,,,,,,,,,,,,,,,11076708,,,,10884852,,0,,86.86,10913574,16583214,,,,,,,,,1253192,,,12379647,,,1571586,23456355,,,,,,,,,,,,,,191856,1466073,6873141,0
,,,,10903475,,,8213,志超,,,-285159,,,,,,,,,,,,,,,,,,,,4,上市,114,,,,,,0,,,,,,,,,,,,,,,,16849067,,,,16206435,,0,,59.75,12444407,21921629,,,,,,,,,2712425,,,14502549,,,2875694,31351616,,,,,,,,,,,,,,642632,2058142,9429987,0
,,,,1740543,,,8215,明基材,,,-10395,,,,,,,,,,,,,,,,,,,,4,上市,114,,,,,,0,,,,,,,,,,,,,,,,7556712,,,,5130602,,0,,16.00,8314047,8831630,,,,,,,,,3206745,,,15662622,,,193709,23219334,,,,,,,,,,,,,,2426110,7348575,14387704,0
,,,,161952,,,8222,寶一,,,0,,,,,,,,,,,,,,,,,,,,4,上市,114,,,,,,,,,,,,,,,,,,,,,,900951,,,,,,0,,13.14,523569,1111902,,,,,,,,,685735,,,1268417,,,53264,2169368,,,,,,,,,,,,,,,744848,1057466,0
,,,,2343488,,,8249,菱光,,,2875180,,,,,,,,,,,,,,,,,,,,4,上市,114,-95155,,,,,0,,,,,,,,,,,,,,,,7616722,,,,7616698,,2837800,,56.43,2574660,4270868,,,,,,,,,1378245,,,2735714,,,1114940,10352436,,,,,,,,,,,,,,24,161054,6081568,0
,,,,1800021,,,8261,富鼎,,,-71429,,,,,,,,,,,,,,,,,,,,4,上市,114,,,,,,,,,,,,,,,,,,,,,,5932861,,,,5932795,,0,,49.91,712941,5671008,,,,,,,,,1188784,,,718668,,,3015419,6651529,,,,,,,,,,,,,,66,5727,980521,0
,,,,2711837,,,8271,宇瞻,,,-76434,,,,,,,,,,,,,,,,,,,,4,上市,114,,,,,,,,,,,,,,,,,,,,,,5152480,,,,5032350,,0,,39.28,4033603,7879573,,,,,,,,,1281292,,,4136287,,,1115655,9288767,,,,,,,,,,,,,,120130,102684,1409194,0
,,,,1470294,,,8341,日友,,,-41290,,,,,,,,,,,,,,,,,,,,4,上市,114,,,,,,0,,,,,,,,,,,,,,,,5807002,,,,5317431,,0,,40.90,1236456,1912459,,,,,,,,,1300000,,,4251564,,,2588427,10058566,,,,,,,,,,,,,,489571,3015108,8146107,0
,,,,1733046,,,8367,建新國際,,,-14643,,,,,,,,,,,,,,,,,,,,4,上市,114,,,,,,,,,,,,,,,,,,,,,,4770102,,,,3442380,,0,,37.35,2764565,2094130,,,,,,,,,921720,,,12730202,,,802257,17500304,,,,,,,,,,,,,,1327722,9965637,15406174,0
,,,,493756,,,8374,羅昇,,,-22194,,,,,,,,,,,,,,,,,,,,4,上市,114,,,,,,0,,,,,,,,,,,,,,,,2883243,,,,1973132,,0,,17.58,1755216,3214283,,,,,,,,,1122505,,,2467996,,,379065,5351239,,,,,,,,,,,,,,910111,712780,2136956,0
,,,,2429213,,,8404,百和興業-KY,,,-510054,,,,,,,,,,,,,,,,,,,,4,上市,114,,,,,,,,,,,,,,,,,,,,,,7202419,,,,7201852,,0,,17.15,7967730,7245085,,,,,,,,,4199338,,,12845605,,,1083355,20048024,,,,,,,,,,,,,,567,4877875,12802939,0
,,,,1730201,,,8411,福貞-KY,,,-634450,,,,,,,,,,,,,,,,,,,,4,上市,114,,,,,,0,,,,,,,,,,,,,,,,6016893,,,,5869672,,0,,26.88,4733775,5596211,,,,,,,,,2184043,,,7334119,,,2589878,13351012,,,,,,,,,,,,,,147221,2600344,7754801,0
,,,,4779953,,,8422,可寧衛*,,,-14491,,,,,,,,,,,,,,,,,,,,4,上市,114,,,,,,,,,,,,,,,,,,,,,,9517535,,,,8443487,,0,,7.43,2401964,5088039,,,,,,,,,1200100,,,12773651,,,2477925,22291186,,,,,,,,,,,,,,1074048,10371687,17203147,0
,,,,3298013,,,8429,金麗-KY,,,-387741,,,,,,,,,,,,,,,,,,,,4,上市,114,,,,,,,,,,,,,,,,,,,,,,6385708,,,,6385196,,0,,34.38,115765,6240532,,,,,,,,,1857472,,,701617,,,1617452,7087325,,,,,,,,,,,,,,512,585852,846793,0
,,,,624255,,,8438,昶昕,,,-26529,,,,,,,,,,,,,,,,,,,,4,上市,114,,,,,,,,,,,,,,,,,,,,,,1917972,,,,1917972,,0,,27.42,932545,1306552,,,,,,,,,699430,,,1153171,,,620816,3071143,,,,,,,,,,,,,,,220626,1764591,0
,,,,1567616,,,8442,威宏-KY,,,-49392,,,,,,,,,,,,,,,,,,,,4,上市,114,,,,,,0,,,,,,,,,,,,,,,,3769780,,,,3769780,,0,,53.72,2878771,5366731,,,,,,,,,701698,,,3246594,,,1549858,7016374,,,,,,,,,,,,,,,367823,1649643,0
,,,,-97257,,,8443,阿瘦,,,0,,,,,,,,,,,,,,,,,,,,4,上市,114,,,,,,0,,,,,,,,,,,,,,,,666965,,,,666965,,0,,9.98,615927,775516,,,,,,,,,668000,,,930366,,,96222,1597331,,,,,,,,,,,,,,0,314439,821815,0
,,,,5498927,,,8454,富邦媒,,,-166073,,,,,,,,,,,,,,,,,,,,4,上市,114,,,,,,,,,,,,,,,,,,,,,,9789764,,,,9706186,,0,,36.63,15118436,11030302,,,,,,,,,2649753,,,17259308,,,1723579,27049072,,,,,,,,,,,,,,83578,2140872,16018770,0
,,,,823313,,,8462,柏文,,,-34394,,,,,,,,,,,,,,,,,,,,4,上市,114,0,,,,,0,,,,,,,,,,,,,,,,2373567,,,,2361206,,0,,29.78,3204545,1977478,,,,,,,,,792921,,,9614471,,,779366,11988038,,,,,,,,,,,,,,12361,6409926,10010560,0
,,,,419097,,,8463,潤泰材,,,-190056,,,,,,,,,,,,,,,,,,,,4,上市,114,,,,,,0,,,,,,,,,,,,,,,,3098363,,,,2475059,,0,,16.50,3893924,3646441,,,,,,,,,1500000,,,6998377,,,746018,10096740,,,,,,,,,,,,,,623304,3104453,6450299,0
,,,,22113743,,,8464,億豐,,,387984,,,,,,,,,,,,,,,,,,,,4,上市,114,,,,,,,,,,,,,,,,,,,,,,30408627,,,,30003936,,0,,102.40,6144432,25503679,,,,,,,,,2930202,,,9616212,,,4572007,40024839,,,,,,,,,,,,,,404691,3471780,14521160,0
,,,,719341,,,8466,美吉吉-KY,,,-59354,,,,,,,,,,,,,,,,,,,,4,上市,114,-21450,,,,,,,,,,,,,,,,,,,,,3033435,,,,3033435,,380000,,38.18,1310086,3159818,,,,,,,,,798256,,,3388981,,,1596642,6422416,,,,,,,,,,,,,,0,2078895,3262598,0
,,,,1671502,,,8467,波力-KY,,,-186554,,,,,,,,,,,,,,,,,,,,4,上市,114,-45306,,,,,,,,,,,,,,,,,,,,,2868461,,,,2874686,,274000,,57.38,1206246,2925107,,,,,,,,,503736,,,1798323,,,931308,4666784,,,,,,,,,,,,,,-6225,592077,1741677,0
,,,,575804,,,8473,山林水,,,-102474,,,,,,,,,,,,,,,,,,,,4,上市,114,,,,,,0,,,,,,,,,,,,,,,,8209028,,,,6825674,,0,,37.70,5053454,7235958,,,,,,,,,1810577,,,8482970,,,4541767,16691998,,,,,,,,,,,,,,1383354,3429516,9456040,0
,,,,639153,,,8476,台境*,,,-13362,,,,,,,,,,,,,,,,,,,,4,上市,114,-108372,,,,,0,,,,,,,,,,,,,,,,1838559,,,,1801015,,4952000,,11.17,2054096,3356845,,,,,,,,,831132,,,2249935,,,452464,4088494,,,,,,,,,,,,,,37544,195839,731649,0
,,,,4583446,,,8478,東哥遊艇,,,224857,,,,,,,,,,,,,,,,,,,,4,上市,114,0,,,,,,,,,,,,,,,,,,,,,9055177,,,,9055177,,0,,96.36,3167809,12258428,,,,,,,,,939723,,,7127539,,,3307151,16182716,,,,,,,,,,,,,,,3959730,3924288,0
,,,,943557,,,8481,政伸,,,-13123,,,,,,,,,,,,,,,,,,,,4,上市,114,,,,,,,,,,,,,,,,,,,,,,1743348,,,,1743348,,0,,26.18,206674,1405859,,,,,,,,,666019,,,212563,,,146895,1955911,,,,,,,,,,,,,,,5889,550052,0
,,,,1218389,,,8482,商億-KY,,,-219886,,,,,,,,,,,,,,,,,,,,4,上市,114,-262436,,,,,,,,,,,,,,,,,,,,,3157248,,,,3079246,,2361000,,29.30,1510368,2208057,,,,,,,,,1074440,,,1524436,,,1268739,4681684,,,,,,,,,,,,,,78002,14068,2473627,0
,,,,189204,,,8487,愛爾達-創,,,,,,,,,,,,,,,,,,,,,,,4,上市,114,,,,,,,,,,,,,,,,,,,,,,670230,,,,,,0,,25.26,294573,922857,,,,,,,,,265350,,,341683,,,215676,1011913,,,,,,,,,,,,,,,47110,89056,0
,,,,296286,,,8488,吉源-KY,,,-378559,,,,,,,,,,,,,,,,,,,,4,上市,114,,,,,,0,,,,,,,,,,,,,,,,2347045,,,,2347045,,0,,31.93,2787423,2566434,,,,,,,,,735000,,,2810416,,,1694318,5157461,,,,,,,,,,,,,,,22993,2591027,0
,,,,2636312,,,8499,鼎炫-KY,,,-24659,,,,,,,,,,,,,,,,,,,,4,上市,114,0,,,,,,,,,,,,,,,,,,,,,12030051,,,,8203248,,0,,199.27,2527117,9215711,,,,,,,,,411656,,,3919085,,,5179939,15949136,,,,,,,,,,,,,,3826803,1391968,6733425,0
,,,,5734591,,,8926,台汽電,,,-47816,,,,,,,,,,,,,,,,,,,,4,上市,114,,,,,,,,,,,,,,,,,,,,,,15775023,,,,15775023,,0,,21.60,5847312,6824293,,,,,,,,,7302820,,,15019658,,,2785428,30794681,,,,,,,,,,,,,,0,9172346,23970388,0
,,,,-40118,,,8940,新天地,,,,,,,,,,,,,,,,,,,,,,,4,上市,114,,,,,,,,,,,,,,,,,,,,,,858124,,,,762255,,0,,11.29,523359,472267,,,,,,,,,674910,,,1299344,,,127463,2157468,,,,,,,,,,,,,,95869,775985,1685201,0
,,,,1788778,,,8996,高力,,,120065,,,,,,,,,,,,,,,,,,,,4,上市,114,-118088,,,,,,,,,,,,,,,,,,,,,4176912,,,,4172831,,500000,,45.37,3574698,5580159,,,,,,,,,924829,,,3950146,,,1457247,8127058,,,,,,,,,,,,,,4081,375448,2546899,0
,,,,6124019,,,9802,鈺齊-KY,,,-970490,,,,,,,,,,,,,,,,,,,,4,上市,114,0,,,,,,,,,,,,,,,,,,,,,13785739,,,,13769074,,0,,68.51,6538595,9037112,,,,,,,,,2009917,,,7949512,,,6605628,21735251,,,,,,,,,,,,,,16665,1410917,12698139,0
,,,,170598,,,9902,台火,,,0,,,,,,,,,,,,,,,,,,,,4,上市,114,0,,,,,,,,,,,,,,,,,,,,,1203291,,,,1200643,,0,,12.25,52762,610850,,,,,,,,,980496,,,86815,,,49549,1290106,,,,,,,,,,,,,,2648,34053,679256,0
,,,,121244583,,,9904,寶成,,,-14341030,,,,,,,,,,,,,,,,,,,,4,上市,114,,,,,,,,,,,,,,,,,,,,,,224202093,,,,140898643,,0,,47.81,85165274,161076170,,,,,,,,,29467872,,,131387978,,,4527218,355590071,,,,,,,,,,,,,,83303450,46222704,194513901,0
,,,,4427313,,,9905,大華,,,662380,,,,,,,,,,,,,,,,,,,,4,上市,114,0,,,,,0,,,,,,,,,,,,,,,,8428061,,,,8164124,,0,,26.77,2698848,9510617,,,,,,,,,3050000,,,3186650,,,24431,11614711,,,,,,,,,,,,,,263937,487802,2104094,0
,,,,227228,,,9906,欣巴巴,,,0,,,,,,,,,,,,,,,,,,,,4,上市,114,,,,,,,,,,,,,,,,,,,,,,1346144,,,,1346144,,0,,14.89,5990297,8853460,,,,,,,,,903763,,,7546215,,,215153,8892359,,,,,,,,,,,,,,,1555918,38899,0
,,,,6599351,,,9907,統一實,,,-1221435,,,,,,,,,,,,,,,,,,,,4,上市,114,,,,,,0,,,,,,,,,,,,,,,,22289411,,,,21402403,,0,,13.55,6616578,14747683,,,,,,,,,15791453,,,12192218,,,233034,34481629,,,,,,,,,,,,,,887008,5575640,19733946,0
,,,,5980771,,,9908,大台北,,,2865603,,,,,,,,,,,,,,,,,,,,4,上市,114,-17944,,,,,,,,,,,,,,,,,,,,,15631186,,,,14121181,,15493101,,28.19,2384298,7867321,,,,,,,,,5163580,,,5735876,,,129171,21367062,,,,,,,,,,,,,,1510005,3351578,13499741,0
,,,,16777388,,,9910,豐泰,,,-894893,,,,,,,,,,,,,,,,,,,,4,上市,114,,,,,,,,,,,,,,,,,,,,,,27825074,,,,25804493,,0,,26.13,13769333,24626005,,,,,,,,,9874828,,,24865916,,,47170,52690990,,,,,,,,,,,,,,2020581,11096583,28064985,0
,,,,4434815,,,9911,櫻花,,,36765,,,,,,,,,,,,,,,,,,,,4,上市,114,-21248,,,,,,,,,,,,,,,,,,,,,7022568,,,,6918646,,2312932,,31.44,3452556,6139450,,,,,,,,,2223896,,,4189941,,,244418,11212509,,,,,,,,,,,,,,103922,737385,5073059,0
,,,,-99940,,,9912,偉聯,,,-88179,,,,,,,,,,,,,,,,,,,,4,上市,114,0,,,,,,,,,,,,,,,,,,,,,396420,,,,387642,,0,,7.16,400397,407454,,,,,,,,,541706,,,420779,,,34055,817199,,,,,,,,,,,,,,8778,20382,409745,0
,,,,15093671,,,9914,美利達,,,117261,,,,,,,,,,,,,,,,,,,,4,上市,114,,,,,,,,,,,,,,,,,,,,,,19823298,,,,19392848,,0,,64.86,11464275,16006720,,,,,,,,,2989838,,,15379709,,,1192078,35203007,,,,,,,,,,,,,,430450,3915434,19196287,0
,,,,8346231,,,9917,中保科,,,-207580,,,,,,,,,,,,,,,,,,,,4,上市,114,-215966,,,,,0,,,,,,,,,,,,,,,,14199179,,,,13636561,,7145805,,30.71,8833350,10663664,,,,,,,,,4511971,,,16663122,,,1201905,30862301,,,,,,,,,,,,,,562618,7829772,20198637,0
,,,,1467158,,,9918,欣天然,,,0,,,,,,,,,,,,,,,,,,,,4,上市,114,-46828,,,,,0,,,,,,,,,,,,,,,,3313131,,,,3313131,,2527863,,18.61,1032526,2040522,,,,,,,,,1805375,,,2550627,,,87426,5863758,,,,,,,,,,,,,,0,1518101,3823236,0
,,,,47345,,,9919,康那香,,,75450,,,,,,,,,,,,,,,,,,,,4,上市,114,,,,,,0,,,,,,,,,,,,,,,,2103412,,,,2103412,,0,,10.77,1334194,2763321,,,,,,,,,1953628,,,3952605,,,26989,6056017,,,,,,,,,,,,,,,2618411,3292696,0
,,,,26240654,,,9921,巨大,,,-905479,,,,,,,,,,,,,,,,,,,,4,上市,114,,,,,,,,,,,,,,,,,,,,,,37017012,,,,34061986,,0,,86.88,24675162,45623375,,,,,,,,,3920654,,,32731075,,,4806157,69748087,,,,,,,,,,,,,,2955026,8055913,24124712,0
,,,,5013741,,,9924,福興,,,-51946,,,,,,,,,,,,,,,,,,,,4,上市,114,,,,,,0,,,,,,,,,,,,,,,,7087943,,,,7036526,,0,,46.67,1669485,4755925,,,,,,,,,1507617,,,2013704,,,567114,9101647,,,,,,,,,,,,,,51417,344219,4345722,0
,,,,5943430,,,9925,新保,,,3106812,,,,,,,,,,,,,,,,,,,,4,上市,114,-39521,,,,,,,,,,,,,,,,,,,,,14245324,,,,13043914,,3283811,,33.95,5140875,10227870,,,,,,,,,3874896,,,5746369,,,158297,19991693,,,,,,,,,,,,,,1201410,605494,9763823,0
,,,,1735662,,,9926,新海,,,698236,,,,,,,,,,,,,,,,,,,,4,上市,114,,,,,,,,,,,,,,,,,,,,,,4228939,,,,4228939,,0,,23.56,2333995,3686581,,,,,,,,,1795041,,,4621476,,,,8850415,,,,,,,,,,,,,,,2287481,5163834,0
,,,,3908352,,,9927,泰銘,,,-466659,,,,,,,,,,,,,,,,,,,,4,上市,114,,,,,,,,,,,,,,,,,,,,,,5645373,,,,5617023,,0,,46.81,416426,5355940,,,,,,,,,1200000,,,712469,,,975330,6357842,,,,,,,,,,,,,,28350,296043,1001902,0
,,,,1046304,,,9928,中視,,,326367,,,,,,,,,,,,,,,,,,,,4,上市,114,,,,,,0,,,,,,,,,,,,,,,,2147801,,,,2147773,,0,,30.37,1779636,371677,,,,,,,,,707246,,,3226724,,,67856,5374525,,,,,,,,,,,,,,28,1447088,5002848,0
,,,,-65802,,,9929,秋雨,,,-170267,,,,,,,,,,,,,,,,,,,,4,上市,114,,,,,,,,,,,,,,,,,,,,,,808291,,,,781076,,0,,7.71,359627,539352,,,,,,,,,1012800,,,1023922,,,4345,1832213,,,,,,,,,,,,,,27215,664295,1292861,0
,,,,4108189,,,9930,中聯資源,,,-161784,,,,,,,,,,,,,,,,,,,,4,上市,114,,,,,,,,,,,,,,,,,,,,,,6826978,,,,6594207,,0,,26.53,2262486,2942569,,,,,,,,,2485404,,,4669392,,,162398,11496370,,,,,,,,,,,,,,232771,2406906,8553801,0
,,,,1385251,,,9931,欣高,,,686671,,,,,,,,,,,,,,,,,,,,4,上市,114,,,,,,0,,,,,,,,,,,,,,,,3391583,,,,3305728,,0,,27.46,2226043,2291372,,,,,,,,,1203693,,,3315352,,,30113,6706935,,,,,,,,,,,,,,85855,1089309,4415563,0
,,,,6784779,,,9933,中鼎,,,-2036042,,,,,,,,,,,,,,,,,,,,4,上市,114,-11835,,,,,73212,,,,,,,,,,,,,,,,25516390,,,,20274025,,1383632,,22.70,83438168,86321951,,,,,,,,,8944774,,,114544071,,,6592349,140060461,,,,,,,,,,,,,,5242365,31105903,53738510,0
,,,,1156479,,,9934,成霖,,,-196253,,,,,,,,,,,,,,,,,,,,4,上市,114,,,,,,,,,,,,,,,,,,,,,,6068160,,,,6068160,,0,,14.76,6304706,9882249,,,,,,,,,4110170,,,9806099,,,997764,15874259,,,,,,,,,,,,,,,3501393,5992010,0
,,,,903433,,,9935,慶豐富,,,-109533,,,,,,,,,,,,,,,,,,,,4,上市,114,-41186,,,,,,,,,,,,,,,,,,,,,2642201,,,,2642201,,1998000,,15.03,2521003,3912246,,,,,,,,,1778389,,,5176897,,,111098,7819098,,,,,,,,,,,,,,,2655894,3906852,0
,,,,2687094,,,9937,全國,,,21846,,,,,,,,,,,,,,,,,,,,4,上市,114,,,,,,,,,,,,,,,,,,,,,,5823437,,,,5823437,,0,,18.84,4275287,852622,,,,,,,,,3090430,,,6202911,,,24067,12026348,,,,,,,,,,,,,,,1927624,11173726,0
,,,,9596596,,,9938,百和,,,-23075,,,,,,,,,,,,,,,,,,,,4,上市,114,,,,,,,,,,,,,,,,,,,,,,16942528,,,,13329169,,0,,44.73,9882642,12792745,,,,,,,,,2979639,,,17216673,,,776009,34159201,,,,,,,,,,,,,,3613359,7334031,21366456,0
,,,,12280035,,,9939,宏全,,,-1996338,,,,,,,,,,,,,,,,,,,,4,上市,114,,,,,,,,,,,,,,,,,,,,,,20569215,,,,20067216,,0,,67.84,13850791,15366269,,,,,,,,,2957865,,,26227769,,,6825654,46796984,,,,,,,,,,,,,,501999,12376978,31430715,0
,,,,5807904,,,9940,信義,,,-328448,,,,,,,,,,,,,,,,,,,,4,上市,114,,,,,,,,,,,,,,,,,,,,,,13042063,,,,12911904,,0,,17.52,5485399,16724313,,,,,,,,,7368465,,,17843285,,,63983,30885348,,,,,,,,,,,,,,130159,12357886,14161035,0
,,,,19422684,,,9941,裕融,,,-192316,,,,,,,,,,,,,,,,,,,,4,上市,114,,,,,,,,,,,,,,,,,,,,,,40920431,,,,40522983,,0,,59.98,234975853,234007289,,,,,,,,,6756363,,,243683856,,,14536252,284604287,,,,,,,,,,,,,,397448,8708003,50596998,0
,,,,3371318,,,9942,茂順,,,-131893,,,,,,,,,,,,,,,,,,,,4,上市,114,,,,,,0,,,,,,,,,,,,,,,,4289939,,,,4285781,,0,,51.54,783535,3242134,,,,,,,,,831613,,,1287379,,,214743,5577318,,,,,,,,,,,,,,4158,503844,2335184,0
,,,,2732656,,,9943,好樂迪,,,-56022,,,,,,,,,,,,,,,,,,,,4,上市,114,0,,,,,0,,,,,,,,,,,,,,,,3951524,,,,3928633,,0,,31.39,648636,1456894,,,,,,,,,1251715,,,1556118,,,284,5507642,,,,,,,,,,,,,,22891,907482,4050748,0
,,,,2023470,,,9944,新麗,0,,70969,,,,,,,,,,,,,,,,,,,,4,上市,114,0,,,,,,,,,,,,,,,,,,,,0,3468802,,,,3378024,,0,,31.90,1533635,2836957,,,,,,,,,1059081,,,2306362,,,224504,5775164,,,,,,,,,,,,,,90778,772727,2938207,0
,,,,94004815,,,9945,潤泰新,,,-38900846,,,,,,,,,,,,,,,,,,,,4,上市,114,-81449,,,,,0,,,,,,,,,,,,,,,,109759753,,,,101286171,,9713457,,35.73,27985566,57602917,,,,,,,,,28442251,,,86477477,,,17821400,196237230,,,,,,,,,,,,,,8473582,58491911,138634313,0
,,,,3352021,,,9946,三發地產,,,124905,,,,,,,,,,,,,,,,,,,,4,上市,114,-44948,,,,,0,,,,,,,,,,,,,,,,6733260,,,,6733260,,2130000,,20.75,6329685,15622885,,,,,,,,,3265542,,,10529957,,,35740,17263217,,,,,,,,,,,,,,,4200272,1640332,0
,,,,-768186,,,9955,佳龍,,,-31658,,,,,,,,,,,,,,,,,,,,4,上市,114,,,,,,,,,,,,,,,,,,,,,,1235696,,,,1235696,,0,,11.83,206399,478075,,,,,,,,,1044358,,,1583790,,,991182,2819486,,,,,,,,,,,,,,,1377391,2341411,0
,,,,2432674,,,9958,世紀鋼,,,-69202,,,,,,,,,,,,,,,,,,,,4,上市,114,0,,,,,,,,,,,,,,,,,,,,,21366949,,,,11111572,,0,,45.00,14778153,18778196,,,,,,,,,2468967,,,20464582,,,6279133,41831531,,,,,,,,,,,,,,10255377,5686429,23053335,0
