不動產及設備,不動產及設備－淨額,使用權資產,使用權資產－淨額,保留盈餘,保留盈餘（或累積虧損）,保險負債,公司代號,公司名稱,共同控制下前手權益,其他借款,其他權益,其他負債,其他資產,其他資產－淨額,其他金融負債,其他金融資產－淨額,具金融商品性質之保險契約準備,再保險合約資產,再保險合約資產－淨額,分離帳戶保險商品負債,分離帳戶保險商品資產,受限制資產－淨額,合併前非屬共同控制股權,外匯價格變動準備,央行及同業融資,央行及金融同業存款,央行及銀行同業存款,存放央行及拆借金融同業,存放央行及拆借銀行同業,存款及匯款,季別,市場,年度,庫藏股票,待出售資產,待出售資產－淨額,待分配予業主之資產（或處分群組）,待分配予業主之資產－淨額,待註銷股本股數（單位：股）,應付債券,應付公司債,應付商業本票－淨額,應付款項,應付金融債券,應收款項,應收款項－淨額,投資,投資性不動產投資－淨額,投資性不動產－淨額,按攤銷後成本衡量之債務工具投資,採用權益法之投資－淨額,本期所得稅負債,本期所得稅資產,權益─具證券性質之虛擬通貨,權益總計,權益總額,權益－具證券性質之虛擬通貨,歸屬於母公司業主之權益,歸屬於母公司業主之權益合計,歸屬於母公司業主權益合計,母公司暨子公司所持有之母公司庫藏股股數（單位：股）,母公司暨子公司持有之母公司庫藏股股數（單位：股）,每股參考淨值,流動負債,流動資產,無形資產,無形資產－淨額,特別股負債,現金及約當現金,當期所得稅負債,當期所得稅資產,短期債務,租賃負債,股本,與待出售資產直接相關之負債,負債準備,負債總計,負債總額,貼現及放款－淨額,資本公積,資產總計,資產總額,透過其他綜合損益按公允價值衡量之金融資產,透過損益按公允價值衡量之金融負債,透過損益按公允價值衡量之金融資產,遞延所得稅負債,遞延所得稅資產,避險之衍生金融負債,避險之衍生金融負債－淨額,避險之衍生金融資產,避險之衍生金融資產淨額,附買回票券及債券負債,附賣回票券及債券投資,附賣回票券及債券投資淨額,非控制權益,非流動負債,非流動資產,預收股款（權益項下）之約當發行股數（單位：股）
,,,,65796242,,,1101,台泥,,,2935508,,,,,,,,,,,,,,,,,,,,2,上市,114,-732459,,,,,,,,,,,,,,,,,,,,,276883979,,,,220371152,,20000000,,28.50,82926585,166160771,,,,,,,,,77511817,,,289988360,,,74860044,566872339,,,,,,,,,,,,,,56512827,207061775,400711568,0
,,,,120976670,,,1102,亞泥,,,258935,,,,,,,,,,,,,,,,,,,,2,上市,114,,,,,,,,,,,,,,,,,,,,,,186197442,,,,164940624,,0,,46.51,82033956,102355154,,,,,,,,,35465629,,,128651308,,,8239390,314848750,,,,,,,,,,,,,,21256818,46617352,212493596,0
,,,,9547533,,,1103,嘉泥,,,102681,,,,,,,,,,,,,,,,,,,,2,上市,114,-1079060,,,,,,,,,,,,,,,,,,,,,18446109,,,,17862101,,131491726,,27.11,3673494,8964544,,,,,,,,,7902474,,,14313875,,,1388473,32759984,,,,,,,,,,,,,,584008,10640381,23795440,0
,,,,13866763,,,1104,環泥,,,1476856,,,,,,,,,,,,,,,,,,,,2,上市,114,,,,,,,,,,,,,,,,,,,,,,23105570,,,,22330711,,0,,32.52,4727853,7502720,,,,,,,,,6866818,,,6076818,,,120274,29182388,,,,,,,,,,,,,,774859,1348965,21679668,0
,,,,1555604,,,1108,幸福,,,-34059,,,,,,,,,,,,,,,,,,,,2,上市,114,,,,,,,,,,,,,,,,,,,,,,5569009,,,,5568943,,0,,13.76,4217115,5903260,,,,,,,,,4047380,,,4815095,,,18,10384104,,,,,,,,,,,,,,66,597980,4480844,0
,,,,4817587,,,1109,信大,,,-355998,,,,,,,,,,,,,,,,,,,,2,上市,114,,,,,,0,,,,,,,,,,,,,,,,9656297,,,,7889140,,0,,23.12,1269364,5999056,,,,,,,,,3411589,,,1417114,,,15962,11073411,,,,,,,,,,,,,,1767157,147750,5074355,0
,,,,2401813,,,1110,東泥,,,1063857,,,,,,,,,,,,,,,,,,,,2,上市,114,-11551,,,,,,,,,,,,,,,,,,,,,9536410,,,,9363523,,2002865,,16.43,2276923,3127184,,,,,,,,,5720008,,,3447232,,,189396,12983642,,,,,,,,,,,,,,172887,1170309,9856458,0
,,,,2625913,,,1201,味全,,,-475433,,,,,,,,,,,,,,,,,,,,2,上市,114,,,,,,0,,,,,,,,,,,,,,,,7259720,,,,7252116,,0,,14.33,6109362,6310195,,,,,,,,,5060629,,,9733875,,,41007,16993595,,,,,,,,,,,,,,7604,3624513,10683400,0
,,,,3446309,,,1203,味王,,,7703,,,,,,,,,,,,,,,,,,,,2,上市,114,-38464,,,,,0,,,,,,,,,,,,,,,0,6717521,,,,5872329,,2293865,,24.70,1872826,4390592,,,,,,,,,2400000,,,3277652,,,56781,9995173,,,,,,,,,,,,,,845192,1404826,5604581,0
,,,,10663399,,,1210,大成,0,,478074,,,,,,,,,,,,,,,,,,,,2,上市,114,-734821,,,,,,,,,,,,,,,,,,,,0,31465053,,,,23490351,,58059471,,28.07,31500447,27444608,,,,,,,,,8947673,,,35502360,,,4136026,66967413,,,,,,,,,,,,,,7974702,4001913,39522805,0
,,,,86887,,,1213,大飲,,,-207,,,,,,,,,,,,,,,,,,,,2,上市,114,,,,,,0,,,,,,,,,,,,,,,,674844,,,,674844,,0,,11.92,75914,318493,,,,,,,,,566226,,,77690,,,21938,752534,,,,,,,,,,,,,,,1776,434041,0
,,,,6602412,,,1215,卜蜂,,,1103399,,,,,,,,,,,,,,,,,,,,2,上市,114,,,,,,0,,,,,,,,,,,,,,,,11089896,,,,10669211,,0,,36.19,10192989,8240296,,,,,,,,,2947901,,,19196803,,,15499,30286699,,,,,,,,,,,,,,420685,9003814,22046403,0
,,,,69826009,,,1216,統一,,,-12683812,,,,,,,,,,,,,,,,,,,,2,上市,114,,,,,,0,,,,,,,,,,,,,,,,183028167,,,,116622674,,0,,20.52,277355389,236219208,,,,,,,,,56820154,,,524050555,,,2660323,707078722,,,,,,,,,,,,,,66405493,246695166,470859514,0
,,,,1137209,,,1217,愛之味,,,585859,,,,,,,,,,,,,,,,,,,,2,上市,114,,,,,,0,,,,,,,,,,,,,,,,7703760,,,,6936346,,0,,14.03,3032959,2887601,,,,,,,,,4945134,,,6740976,,,268144,14444736,,,,,,,,,,,,,,767414,3708017,11557135,0
,,,,6714892,,,1218,泰山,,,18777,,,,,,,,,,,,,,,,,,,,2,上市,114,-203876,,,,,,,,,,,,,,,,,,,,,12568302,,,,12562650,,13680042,,25.83,2051968,5325839,,,,,,,,,4999990,,,2435609,,,1032867,15003911,,,,,,,,,,,,,,5652,383641,9678072,0
,,,,984945,,,1219,福壽,,,-13179,,,,,,,,,,,,,,,,,,,,2,上市,114,0,,,,,,,,,,,,,,,,,,,,,4524006,,,,4445917,,0,,13.03,3020283,4876021,,,,,,,,,3412384,,,4999025,,,61767,9523031,,,,,,,,,,,,,,78089,1978742,4647010,0
,,,,517408,,,1220,台榮,,,0,,,,,,,,,,,,,,,,,,,,2,上市,114,-10881,,,,,,,,,,,,,,,,,,,,,2507715,,,,2301711,,679000,,13.05,596974,1920107,,,,,,,,,1770779,,,777411,,,24405,3285126,,,,,,,,,,,,,,206004,180437,1365019,0
,,,,1248245,,,1225,福懋油,,,-107888,,,,,,,,,,,,,,,,,,,,2,上市,114,,,,,,,,,,,,,,,,,,,,,,4156735,,,,3687619,,0,,16.06,2619263,4125828,,,,,,,,,2422683,,,3567033,,,124579,7723768,,,,,,,,,,,,,,469116,947770,3597940,0
,,,,8300527,,,1227,佳格,,,-625172,,,,,,,,,,,,,,,,,,,,2,上市,114,-21182,,,,,0,,,,,,,,,,,,,,,,17261049,,,,16978992,,6669471,,18.69,8814816,17931057,,,,,,,,,9150897,,,9229039,,,173922,26490088,,,,,,,,,,,,,,282057,414223,8559031,0
,,,,15433350,,,1229,聯華,,,14386212,,,,,,,,,,,,,,,,,,,,2,上市,114,-136868,,,,,,,,,,,,,,,,,,,,,68992428,,,,48753440,,6894000,,28.62,16799377,18692128,,,,,,,,,17959607,,,21455170,,,1111139,90447598,,,,,,,,,,,,,,20238988,4655793,71755470,0
,,,,3364697,,,1231,聯華食,,,-3712,,,,,,,,,,,,,,,,,,,,2,上市,114,,,,,,,,,,,,,,,,,,,,,,6455569,,,,6439369,,0,,23.73,4193207,5796603,,,,,,,,,2984544,,,7949442,,,93840,14405011,,,,,,,,,,,,,,16200,3756235,8608408,0
,,,,3568758,,,1232,大統益,,,-1106,,,,,,,,,,,,,,,,,,,,2,上市,114,,,,,,0,,,,,,,,,,,,,,,,5378084,,,,5191185,,0,,32.45,3266804,7173117,,,,,,,,,1599749,,,4485768,,,23784,9863852,,,,,,,,,,,,,,186899,1218964,2690735,0
,,,,456669,,,1233,天仁,0,,-52992,,,,,,,,,,,,,,,,,,,,2,上市,114,-1974,,,,,0,,,,,,,,,,,,,,,,1328651,,,,1325806,,43000,,14.64,608014,690890,,,,,,,,,905919,,,876638,,,18184,2205289,,,,,,,,,,,,,,2845,268624,1514399,0
,,,,14134147,,,1234,黑松,,,99427,,,,,,,,,,,,,,,,,,,,2,上市,114,,,,,,,,,,,,,,,,,,,,,,18439221,,,,18439221,,0,,45.88,3173596,9039837,,,,,,,,,4018711,,,5507160,,,186936,23946381,,,,,,,,,,,,,,,2333564,14906544,0
,,,,1143416,,,1235,興泰,,,169650,,,,,,,,,,,,,,,,,,,,2,上市,114,-867600,,,,,0,,,,,,,,,,,,,,,,2929559,,,,2654821,,119264643,,70.08,2488866,973221,,,,,,,,,1885778,,,2543296,,,323577,5472855,,,,,,,,,,,,,,274738,54430,4499634,0
,,,,1098828,,,1236,宏亞,,,479891,,,,,,,,,,,,,,,,,,,,2,上市,114,,,,,,,,,,,,,,,,,,,,,,2479664,,,,2479664,,0,,28.61,496198,631035,,,,,,,,,866740,,,1333206,,,34205,3812870,,,,,,,,,,,,,,,837008,3181835,0
,,,,1950188,,,1256,鮮活果汁-KY,,,-313928,,,,,,,,,,,,,,,,,,,,2,上市,114,,,,,,,,,,,,,,,,,,,,,,3126580,,,,3120244,,0,,92.20,1162302,2166769,,,,,,,,,338422,,,1239385,,,1145562,4365965,,,,,,,,,,,,,,6336,77083,2199196,0
,,,,191683991,,,1301,台塑,0,,-680298,,,,,,,,,,,,,,,,,,,,2,上市,114,0,,,,,,,,,,,,,,,,,,,,0,266595428,,,,266595428,,0,,41.88,91279625,99688082,,,,,,,,,63657408,,,203447557,,,11934327,470042985,,,,,,,,,,,,,,0,112167932,370354903,0
,,,,219921205,,,1303,南亞,,,-10974277,,,,,,,,,,,,,,,,,,,,2,上市,114,,,,,,0,,,,,,,,,,,,,,,,330560974,,,,315318797,,0,,39.76,115700954,173953680,,,,,,,,,79308216,,,249920410,,,27063653,580481384,,,,,,,,,,,,,,15242177,134219456,406527704,0
,,,,7293924,,,1304,台聚,,,-1152409,,,,,,,,,,,,,,,,,,,,2,上市,114,-475606,,,,,,,,,,,,,,,,,,,,,37022477,,,,18052824,,116465574,,16.84,15038011,24608466,,,,,,,,,11887635,,,27961517,,,499280,64983994,,,,,,,,,,,,,,18969653,12923506,40375528,0
,,,,2113018,,,1305,華夏,,,-25737,,,,,,,,,,,,,,,,,,,,2,上市,114,,,,,,,,,,,,,,,,,,,,,,8457677,,,,7917752,,0,,13.63,5722164,5474823,,,,,,,,,5810505,,,8921160,,,19966,17378837,,,,,,,,,,,,,,539925,3198996,11904014,0
,,,,5120224,,,1307,三芳,,,-533082,,,,,,,,,,,,,,,,,,,,2,上市,114,,,,,,,,,,,,,,,,,,,,,,8716402,,,,8716402,,0,,21.91,5165214,8981985,,,,,,,,,3978181,,,7673865,,,151079,16390267,,,,,,,,,,,,,,,2508651,7408282,0
,,,,5017269,,,1308,亞聚,,,-764184,,,,,,,,,,,,,,,,,,,,2,上市,114,,,,,,,,,,,,,,,,,,,,,,10228649,,,,10228649,,0,,17.23,1237035,2990031,,,,,,,,,5937438,,,2040458,,,38126,12269107,,,,,,,,,,,,,,,803423,9279076,0
,,,,1864099,,,1309,台達化,,,-230778,,,,,,,,,,,,,,,,,,,,2,上市,114,,,,,,,,,,,,,,,,,,,,,,5612430,,,,5612430,,0,,14.12,2922739,5566604,,,,,,,,,3975868,,,3203504,,,3241,8815934,,,,,,,,,,,,,,,280765,3249330,0
,,,,325392,,,1310,台苯,,,1163847,,,,,,,,,,,,,,,,,,,,2,上市,114,,,,,,,,,,,,,,,,,,,,,,7029751,,,,6903119,,0,,13.08,2109916,2065503,,,,,,,,,5278698,,,2367846,,,135182,9397597,,,,,,,,,,,,,,126632,257930,7332094,0
,,,,18747792,,,1312,國喬,,,-1780467,,,,,,,,,,,,,,,,,,,,2,上市,114,-49858,,,,,0,,,,,,,,,,,,,,,,32459234,,,,29267973,,1776000,,26.02,10592786,15322565,,,,,,,,,11266203,,,30106889,,,1084303,62566123,,,,,,,,,,,,,,3191261,19514103,47243558,0
,,,,1819932,,,1313,聯成,,,8276570,,,,,,,,,,,,,,,,,,,,2,上市,114,-340593,,,,,,,,,,,,,,,,,,,,,24523113,,,,24523113,,30000000,,18.44,7455134,16800853,,,,,,,,,13596896,,,24734753,,,1170308,49257866,,,,,,,,,,,,,,,17279619,32457013,0
,,,,38728592,,,1314,中石化,,,-1542900,,,,,,,,,,,,,,,,,,,,2,上市,114,,,,,,0,,,,,,,,,,,,,,,,76686105,,,,76616200,,0,,20.24,30197776,64575098,,,,,,,,,37848502,,,58621129,,,1582006,135307234,,,,,,,,,,,,,,69905,28423353,70732136,0
,,,,7531064,,,1315,達新,,,214474,,,,,,,,,,,,,,,,,,,,2,上市,114,-83230,,,,,0,,,,,,,,,,,,,,,,8931257,,,,8902495,,3572068,,93.19,482065,5782989,,,,,,,,,990990,,,717609,,,249197,9648866,,,,,,,,,,,,,,28762,235544,3865877,0
,,,,-510659,,,1316,上曜,,,-1368,,,,,,,,,,,,,,,,,,,,2,上市,114,-55150,,,,,0,,,,,,,,,,,,,,,,9852842,,,,3888035,,27743058,,11.46,8682978,14941260,,,,,,,,,3670890,,,9756317,,,784322,19609159,,,,,,,,,,,,,,5964807,1073339,4667899,0
,,,,16023717,,,1319,東陽,,,-87424,,,,,,,,,,,,,,,,,,,,2,上市,114,,,,,,,,,,,,,,,,,,,,,,26553842,,,,26002782,,0,,43.96,9327559,13807512,,,,,,,,,5914771,,,12355421,,,4151718,38909263,,,,,,,,,,,,,,551060,3027862,25101751,0
,,,,3493253,,,1321,大洋,,,-547,,,,,,,,,,,,,,,,,,,,2,上市,114,-36189,,,,,0,,,,,,,,,,,,,,,,5752818,,,,5752818,,6542716,,26.07,1083925,2155738,,,,,,,,,2272283,,,5713659,,,24018,11466477,,,,,,,,,,,,,,,4629734,9310739,0
,,,,1648931,,,1323,永裕,,,-225607,,,,,,,,,,,,,,,,,,,,2,上市,114,0,,,,,0,,,,,,,,,,,,,,,,2378626,,,,2378626,,0,,26.06,762472,2316288,,,,,,,,,912745,,,2106909,,,42557,4485535,,,,,,,,,,,,,,0,1344437,2169247,0
,,,,178021,,,1324,地球,,,-33852,,,,,,,,,,,,,,,,,,,,2,上市,114,0,,,,,0,,,,,,,,,,,,,,,,896255,,,,896255,,0,,11.93,197743,693262,,,,,,,,,751219,,,233594,,,867,1129849,,,,,,,,,,,,,,0,35851,436587,0
,,,,1723482,,,1325,恆大,,,-9674,,,,,,,,,,,,,,,,,,,,2,上市,114,,,,,,0,,,,,,,,,,,,,,,,2641770,,,,2570240,,0,,30.14,68478,1648756,,,,,,,,,852812,,,120698,,,3620,2762468,,,,,,,,,,,,,,71530,52220,1113712,0
,,,,173454566,,,1326,台化,,,17207119,,,,,,,,,,,,,,,,,,,,2,上市,114,-323952,,,,,0,,,,,,,,,,,,,,,,288735446,,,,258252584,,12169610,,44.15,115068282,148249843,,,,,,,,,58611863,,,179176366,,,9302988,467911812,,,,,,,,,,,,,,30482862,64108084,319661969,0
,,,,-453443,,,1337,再生-KY,,,-643207,,,,,,,,,,,,,,,,,,,,2,上市,114,,,,,,,,,,,,,,,,,,,,,,3577401,,,,3577401,,0,,13.30,1834061,1958098,,,,,,,,,2689547,,,2252274,,,1984504,5829675,,,,,,,,,,,,,,,418213,3871577,0
,,,,2736297,,,1338,廣華-KY,,,-1043702,,,,,,,,,,,,,,,,,,,,2,上市,114,-83458,,,,,0,,,,,,,,,,,,,,,,5562005,,,,5234627,,2713000,,64.52,3262523,4865273,,,,,,,,,838400,,,4131503,,,2787090,9693508,,,,,,,,,,,,,,327378,868980,4828235,0
,,,,2049383,,,1339,昭輝,,,-136566,,,,,,,,,,,,,,,,,,,,2,上市,114,,,,,,0,,,,,,,,,,,,,,,,3915339,,,,3847425,,0,,51.91,805299,1505606,,,,,,,,,741239,,,1056811,,,1193369,4972150,,,,,,,,,,,,,,67914,251512,3466544,0
,,,,-639776,,,1340,勝悅-KY,0,,-800929,,,,,,,,,,,,,,,,,,,,2,上市,114,,,,,,,,,,,,,,,,,,,,,,2629338,,,,2629338,,0,,17.19,110165,797757,,,,,,,,,1529229,,,257852,,,2540814,2887190,,,,,,,,,,,,,,0,147687,2089433,0
,,,,744712,,,1341,富林-KY,,,-413606,,,,,,,,,,,,,,,,,,,,2,上市,114,,,,,,,,,,,,,,,,,,,,,,1115504,,,,1115504,,0,,21.11,777526,1370990,,,,,,,,,528506,,,807232,,,255892,1922736,,,,,,,,,,,,,,,29706,551746,0
,,,,800907,,,1342,八貫,,,0,,,,,,,,,,,,,,,,,,,,2,上市,114,,,,,,,,,,,,,,,,,,,,,,2264190,,,,,,0,,28.80,582201,1984052,,,,,,,,,790589,,,1090161,,,672694,3354351,,,,,,,,,,,,,,,507960,1370299,0
,,,,152314583,,,1402,遠東新,,,-2538288,,,,,,,,,,,,,,,,,,,,2,上市,114,-25063,,,,,,,,,,,,,,,,,,,,,296608353,,,,216532953,,779000,,40.46,144322183,146298819,,,,,,,,,53528751,,,358125707,,,13252970,654734060,,,,,,,,,,,,,,80075400,213803524,508435241,0
,,,,14176355,,,1409,新纖,,,4504313,,,,,,,,,,,,,,,,,,,,2,上市,114,-29834,,,,,,,,,,,,,,,,,,,,,,48007163,,,37000612,,4680487,,22.93,131594617,141351056,,,,,,,,,16184093,,,159380211,,,2165685,207387374,,,,,,,,,,,,,,11006551,27785594,66036318,0
,,,,405768,,,1410,南染,,,-3359,,,,,,,,,,,,,,,,,,,,2,上市,114,-37838,,,,,0,,,,,,,,,,,,,,,,1055839,,,,1017666,,1000000,,16.41,65339,630358,,,,,,,,,630000,,,250864,,,23095,1306703,,,,,,,,,,,,,,38173,185525,676345,0
,,,,-197655,,,1413,宏洲,,,-8703,,,,,,,,,,,,,,,,,,,,2,上市,114,,,,,,,,,,,,,,,,,,,,,,1114766,,,,,,0,,8.44,408147,636111,,,,,,,,,1321124,,,1300444,,,0,2415210,,,,,,,,,,,,,,,892297,1779099,0
,,,,1021360,,,1414,東和,,,-137111,,,,,,,,,,,,,,,,,,,,2,上市,114,0,,,,,0,,,,,,,,,,,,,,,,3084249,,,,3084249,,0,,14.02,432344,901339,,,,,,,,,2200000,,,1110423,,,0,4194672,,,,,,,,,,,,,,,678079,3293333,0
,,,,1575348,,,1416,廣豐,,,567462,,,,,,,,,,,,,,,,,,,,2,上市,114,,,,,,0,,,,,,,,,,,,,,,,4110194,,,,4046301,,0,,21.83,610654,1214450,,,,,,,,,1853422,,,1619639,,,50069,5729833,,,,,,,,,,,,,,63893,1008985,4515383,0
,,,,179275,,,1417,嘉裕,,,280329,,,,,,,,,,,,,,,,,,,,2,上市,114,,,,,,,,,,,,,,,,,,,,,,2359023,,,,2359023,,0,,12.42,364556,1588061,,,,,,,,,1899419,,,475627,,,,2834650,,,,,,,,,,,,,,,111071,1246589,0
,,,,-829621,,,1418,東華,,,1551100,,,,,,,,,,,,,,,,,,,,2,上市,114,-80333,,,,,,,,,,,,,,,,,,,,,1217497,,,,1217497,,2522865,,22.42,3301694,1389397,,,,,,,,,568343,,,3979336,,,8008,5196833,,,,,,,,,,,,,,0,677642,3807436,0
,,,,5104162,,,1419,新紡,,,6913380,,,,,,,,,,,,,,,,,,,,2,上市,114,-13174,,,,,,,,,,,,,,,,,,,,,15072681,,,,15072681,,803829,,50.37,4922953,5777796,,,,,,,,,3000413,,,7570082,,,67900,22642763,,,,,,,,,,,,,,,2647129,16864967,0
,,,,802763,,,1423,利華,,,1507147,,,,,,,,,,,,,,,,,,,,2,上市,114,,,,,,,,,,,,,,,,,,,,,,3412487,,,,,,0,,34.25,113280,999426,,,,,,,,,996480,,,313584,,,106097,3726071,,,,,,,,,,,,,,,200304,2726645,0
,,,,-297376,,,1432,大魯閣,,,-145762,,,,,,,,,,,,,,,,,,,,2,上市,114,,,,,,0,,,,,,,,,,,,,,,,1123433,,,,930539,,0,,8.62,1671275,1292074,,,,,,,,,1080000,,,4452205,,,293677,5575638,,,,,,,,,,,,,,192894,2780930,4283564,0
,,,,19043007,,,1434,福懋,,,-2088359,,,,,,,,,,,,,,,,,,,,2,上市,114,-19064,,,,,0,,,,,,,,,,,,,,,,34727079,,,,34727079,,2193228,,20.64,6731748,15104235,,,,,,,,,16846646,,,16133575,,,944849,50860654,,,,,,,,,,,,,,,9401827,35756419,0
,,,,-194967,,,1435,中福,,,-194263,,,,,,,,,,,,,,,,,,,,2,上市,114,,,,,,,,,,,,,,,,,,,,,,1133708,,,,,,0,,8.11,9195,402437,,,,,,,,,1397801,,,187006,,,125137,1320714,,,,,,,,,,,,,,,177811,918277,0
,,,,2781312,,,1436,華友聯,,,16768,,,,,,,,,,,,,,,,,,,,2,上市,114,,,,,,,,,,,,,,,,,,,,,,5882808,,,,5512615,,0,,41.54,10959837,20002717,,,,,,,,,1727007,,,16269933,,,987528,22152741,,,,,,,,,,,,,,370193,5310096,2150024,721303
,,,,5055114,,,1437,勤益控,,,605421,,,,,,,,,,,,,,,,,,,,2,上市,114,,,,,,0,,,,,,,,,,,,,,,,8051522,,,,8050042,,0,,39.58,1345989,2390894,,,,,,,,,2033713,,,5637266,,,355794,13688788,,,,,,,,,,,,,,1480,4291277,11297894,0
,,,,60619,,,1438,三地開發,,,994,,,,,,,,,,,,,,,,,,,,2,上市,114,,,,,,,,,,,,,,,,,,,,,,2883897,,,,,,0,,25.93,8676340,12051244,,,,,,,,,1112058,,,9797374,,,1710226,12681271,,,,,,,,,,,,,,,1121034,630027,0
,,,,1798136,,,1439,雋揚,,,-139973,,,,,,,,,,,,,,,,,,,,2,上市,114,,,,,,,,,,,,,,,,,,,,,,3213711,,,,2806623,,0,,30.51,2178479,3509549,,,,,,,,,920000,,,2684919,,,228460,5898630,,,,,,,,,,,,,,407088,506440,2389081,0
,,,,11114794,,,1440,南紡,,,-915621,,,,,,,,,,,,,,,,,,,,2,上市,114,,,,,,0,,,,,,,,,,,,,,,,27140910,,,,26840017,,0,,16.20,10636646,12389793,,,,,,,,,16568159,,,18066716,,,72685,45207626,,,,,,,,,,,,,,300893,7430070,32817833,0
,,,,-178629,,,1441,大東,,,-94146,,,,,,,,,,,,,,,,,,,,2,上市,114,,,,,,0,,,,,,,,,,,,,,,,476446,,,,476446,,0,,6.64,665054,720934,,,,,,,,,717444,,,1039894,,,31777,1516340,,,,,,,,,,,,,,0,374840,795406,0
,,,,2970235,,,1442,名軒,,,15452,,,,,,,,,,,,,,,,,,,,2,上市,114,,,,,,,,,,,,,,,,,,,,,,7639652,,,,7639652,,0,,20.86,4187600,13240222,,,,,,,,,3662113,,,6880739,,,991852,14520391,,,,,,,,,,,,,,,2693139,1280169,0
,,,,34891,,,1443,立益物流,,,882239,,,,,,,,,,,,,,,,,,,,2,上市,114,,,,,,0,,,,,,,,,,,,,,,,1922033,,,,2271261,,0,,16.78,2383950,534792,,,,,,,,,1353430,,,5804732,,,701,7726765,,,,,,,,,,,,,,-349228,3420782,7191973,0
,,,,491973,,,1444,力麗,,,-486141,,,,,,,,,,,,,,,,,,,,2,上市,114,-28470,,,,,,,,,,,,,,,,,,,,,11308073,,,,10048276,,11204989,,10.21,6223747,5938898,,,,,,,,,9955950,,,8591912,,,114964,19899985,,,,,,,,,,,,,,1259797,2368165,13961087,0
,,,,778347,,,1445,大宇,,,14518,,,,,,,,,,,,,,,,,,,,2,上市,114,,,,,,,,,,,,,,,,,,,,,,2101149,,,,2101149,,0,,16.08,502617,887643,,,,,,,,,1306660,,,2467637,,,1624,4568786,,,,,,,,,,,,,,,1965020,3681143,0
,,,,1343226,,,1446,宏和,,,21791,,,,,,,,,,,,,,,,,,,,2,上市,114,0,,,,,0,,,,,,,,,,,,,,,,2748696,,,,2748696,,0,,19.96,769090,3116460,,,,,,,,,1377095,,,780478,,,6584,3529174,,,,,,,,,,,,,,0,11388,412714,0
,,,,-157808,,,1447,力鵬,,,-927632,,,,,,,,,,,,,,,,,,,,2,上市,114,-287142,,,,,,,,,,,,,,,,,,,,,8716337,,,,7942525,,66529106,,9.42,6418680,8036640,,,,,,,,,9100712,,,8395367,,,214395,17111704,,,,,,,,,,,,,,773812,1976687,9075064,0
,,,,212055,,,1449,佳和,,,584309,,,,,,,,,,,,,,,,,,,,2,上市,114,,,,,,,,,,,,,,,,,,,,,,2056973,,,,1983896,,0,,19.24,2149900,1954203,,,,,,,,,1071146,,,4208442,,,116386,6265415,,,,,,,,,,,,,,73077,2058542,4311212,0
,,,,5195940,,,1451,年興,,,-630757,,,,,,,,,,,,,,,,,,,,2,上市,114,,,,,,,,,,,,,,,,,,,,,,6964899,,,,6964899,,0,,35.18,772431,4798471,,,,,,,,,1980000,,,1102148,,,419716,8067047,,,,,,,,,,,,,,,329717,3268576,0
,,,,951937,,,1452,宏益,,,262172,,,,,,,,,,,,,,,,,,,,2,上市,114,,,,,,,,,,,,,,,,,,,,,,2696695,,,,2696695,,0,,20.33,157482,2027538,,,,,,,,,1326414,,,203419,,,156172,2900114,,,,,,,,,,,,,,,45937,872576,0
,,,,288920,,,1453,大將,,,,,,,,,,,,,,,,,,,,,,,2,上市,114,,,,,,,,,,,,,,,,,,,,,,1437486,,,,1424113,,0,,12.95,1129564,2537946,,,,,,,,,1132431,,,1288649,,,2762,2726135,,,,,,,,,,,,,,13373,159085,188189,0
,,,,154591,,,1454,台富,,,7615,,,,,,,,,,,,,,,,,,,,2,上市,114,-77032,,,,,,,,,,,,,,,,,,,,,1452149,,,,1452123,,7714103,,11.89,586913,1037150,,,,,,,,,1298338,,,599557,,,68611,2051706,,,,,,,,,,,,,,26,12644,1014556,0
,,,,274490,,,1455,集盛,,,38404,,,,,,,,,,,,,,,,,,,,2,上市,114,,,,,,,,,,,,,,,,,,,,,,5976324,,,,5976324,,0,,11.24,1509609,3153494,,,,,,,,,5316884,,,3934592,,,346546,9910916,,,,,,,,,,,,,,,2424983,6757422,0
,,,,609371,,,1456,怡華,,,,,,,,,,,,,,,,,,,,,,,2,上市,114,,,,,,0,,,,,,,,,,,,,,,,1564948,,,,1564948,,0,,16.70,8134702,10038803,,,,,,,,,937200,,,11130155,,,18377,12695103,,,,,,,,,,,,,,,2995453,2656300,0
,,,,1871765,,,1457,宜進,,,-45364,,,,,,,,,,,,,,,,,,,,2,上市,114,-349848,,,,,0,,,,,,,,,,,,,,,,8608109,,,,5167652,,83211323,,22.13,1883526,2071654,,,,,,,,,3167300,,,8539890,,,523799,17147999,,,,,,,,,,,,,,3440457,6656364,15076345,0
,,,,126744,,,1459,聯發,,,-334996,,,,,,,,,,,,,,,,,,,,2,上市,114,-528645,,,,,,,,,,,,,,,,,,,,,3151402,,,,3147125,,41144531,,9.91,1331655,1998950,,,,,,,,,3586289,,,1610600,,,297733,4762002,,,,,,,,,,,,,,4277,278945,2763052,0
,,,,-1022165,,,1460,宏遠,,,-297494,,,,,,,,,,,,,,,,,,,,2,上市,114,-332836,,,,,,,,,,,,,,,,,,,,,5409887,,,,5409882,,20177533,,8.02,4406215,5478322,,,,,,,,,6946434,,,5488745,,,115943,10898632,,,,,,,,,,,,,,5,1082530,5420310,0
,,,,464548,,,1463,強盛新,,,-1610,,,,,,,,,,,,,,,,,,,,2,上市,114,-22714,,,,,0,,,,,,,,,,,,,,,,2708656,,,,2583918,,1676795,,15.06,649816,2257301,,,,,,,,,1732684,,,759815,,,411010,3468471,,,,,,,,,,,,,,124738,109999,1211170,0
,,,,666936,,,1464,得力,,,-858440,,,,,,,,,,,,,,,,,,,,2,上市,114,-27348,,,,,,,,,,,,,,,,,,,,,5427332,,,,4674582,,2441239,,11.54,8239642,8958748,,,,,,,,,4255757,,,11819587,,,637677,17246919,,,,,,,,,,,,,,752750,3579945,8288171,0
,,,,210817,,,1465,偉全,,,-14515,,,,,,,,,,,,,,,,,,,,2,上市,114,,,,,,,,,,,,,,,,,,,,,,1532686,,,,,,0,,14.79,174994,864894,,,,,,,,,1036073,,,218473,,,300311,1751159,,,,,,,,,,,,,,,43479,886265,0
,,,,-114426,,,1466,聚隆,0,,-12027,,,,,,,,,,,,,,,,,,,,2,上市,114,0,,,,,,,,,,,,,,,,,,,,,1484240,,,,1451340,,0,,13.06,351638,1456784,,,,,,,,,1111573,,,2007016,,,466220,3491256,,,,,,,,,,,,,,32900,1655378,2034472,0
,,,,18078,,,1467,南緯,,,-41048,,,,,,,,,,,,,,,,,,,,2,上市,114,-26145,,,,,0,,,,,,,,,,,,,,,,2617955,,,,2540316,,2950000,,11.01,3381025,3584116,,,,,,,,,2336247,,,5548079,,,253184,8166034,,,,,,,,,,,,,,77639,2167054,4581918,0
,,,,-397396,,,1468,昶和,,,42252,,,,,,,,,,,,,,,,,,,,2,上市,114,,,,,,,,,,,,,,,,,,,,,,1351773,,,,1275662,,0,,7.95,1130163,1687161,,,,,,,,,1604053,,,1542716,,,26753,2894489,,,,,,,,,,,,,,76111,412553,1207328,0
,,,,87710,,,1470,大統新創,,,1210,,,,,,,,,,,,,,,,,,,,2,上市,114,,,,,,,,,,,,,,,,,,,,,,953907,,,,953907,,0,,11.12,237015,648891,,,,,,,,,857670,,,244669,,,7317,1198576,,,,,,,,,,,,,,,7654,549685,0
,,,,-156094,,,1471,首利,,,84489,,,,,,,,,,,,,,,,,,,,2,上市,114,,,,,,0,,,,,,,,,,,,,,,,1512546,,,,1432540,,0,,9.52,102459,1345493,,,,,,,,,1504145,,,139936,,,0,1652482,,,,,,,,,,,,,,80006,37477,306989,0
,,,,761949,,,1472,三洋實業,,,24588,,,,,,,,,,,,,,,,,,,,2,上市,114,,,,,,,,,,,,,,,,,,,,,,2149088,,,,2149088,,0,,40.94,2589899,4697873,,,,,,,,,524881,,,3521858,,,837670,5670946,,,,,,,,,,,,,,,931959,973073,0
,,,,1559115,,,1473,台南,,,-180644,,,,,,,,,,,,,,,,,,,,2,上市,114,,,,,,0,,,,,,,,,,,,,,,,3664537,,,,3664537,,0,,25.07,1237817,2969733,,,,,,,,,1461535,,,1449599,,,824531,5114136,,,,,,,,,,,,,,,211782,2144403,0
,,,,816097,,,1474,弘裕,,,-172991,,,,,,,,,,,,,,,,,,,,2,上市,114,,,,,,0,,,,,,,,,,,,,,,,2041111,,,,2008444,,0,,15.46,977116,2094309,,,,,,,,,1298970,,,1633302,,,66368,3674413,,,,,,,,,,,,,,32667,656186,1580104,0
,,,,507236,,,1475,業旺,,,,,,,,,,,,,,,,,,,,,,,2,上市,114,,,,,,0,,,,,,,,,,,,,,,,1362255,,,,1362255,,0,,20.63,591125,1888289,,,,,,,,,660168,,,736992,,,194851,2099247,,,,,,,,,,,,,,,145867,210958,0
,,,,19697250,,,1476,儒鴻,,,-394347,,,,,,,,,,,,,,,,,,,,2,上市,114,,,,,,,,,,,,,,,,,,,,,,25816377,,,,25816377,,0,,94.09,10298101,22739057,,,,,,,,,2743671,,,10470449,,,3769803,36286826,,,,,,,,,,,,,,,172348,13547769,0
,,,,5101454,,,1477,聚陽,,,-309437,,,,,,,,,,,,,,,,,,,,2,上市,114,,,,,,0,,,,,,,,,,,,,,,,13529236,,,,13425287,,0,,54.42,7944304,14973272,,,,,,,,,2466937,,,8418754,,,6166333,21947990,,,,,,,,,,,,,,103949,474450,6974718,0
,,,,21755567,,,1503,士電,,,6351146,,,,,,,,,,,,,,,,,,,,2,上市,114,,,,,,,,,,,,,,,,,,,,,,36907286,,,,36114020,,0,,69.32,19703559,26927224,,,,,,,,,5209722,,,22170223,,,2797585,59077509,,,,,,,,,,,,,,793266,2466664,32150285,0
,,,,33345830,,,1504,東元,,,5243966,,,,,,,,,,,,,,,,,,,,2,上市,114,-760722,,,,,0,,,,,,,,,,,,,,,,75015901,,,,68889550,,34513022,,32.74,32461233,57357042,,,,,,,,,21387966,,,47780709,,,9672510,122796610,,,,,,,,,,,,,,6126351,15319476,65439568,0
,,,,-521705,,,1506,正道,,,-177861,,,,,,,,,,,,,,,,,,,,2,上市,114,,,,,,,,,,,,,,,,,,,,,,2799500,,,,2729055,,0,,9.09,303874,906042,,,,,,,,,3003885,,,389582,,,424736,3189082,,,,,,,,,,,,,,70445,85708,2283040,0
,,,,-899207,,,1512,瑞利,,,516140,,,,,,,,,,,,,,,,,,,,2,上市,114,,,,,,0,,,,,,,,,,,,,,,,598768,,,,598768,,0,,6.10,340325,954810,,,,,,,,,981835,,,1991773,,,,2590541,,,,,,,,,,,,,,,1651448,1635731,0
,,,,7220016,,,1513,中興電,,,3439754,,,,,,,,,,,,,,,,,,,,2,上市,114,-116880,,,,,,,,,,,,,,,,,,,,,18830493,,,,18636803,,9038676,,37.72,18942742,22949886,,,,,,,,,5031125,,,29411753,,,3062788,48242246,,,,,,,,,,,,,,193690,10469011,25292360,0
,,,,1985524,,,1514,亞力,,,-44756,,,,,,,,,,,,,,,,,,,,2,上市,114,-30866,,,,,0,,,,,,,,,,,,,,,,5814703,,,,5750876,,2194671,,21.66,5652269,10067333,,,,,,,,,2731085,,,7087787,,,1109889,12902490,,,,,,,,,,,,,,63827,1435518,2835157,0
,,,,2021936,,,1515,力山,,,-199879,,,,,,,,,,,,,,,,,,,,2,上市,114,,,,,,0,,,,,,,,,,,,,,,,3663198,,,,3637378,,0,,20.04,3440923,3245679,,,,,,,,,1814735,,,3673095,,,586,7336293,,,,,,,,,,,,,,25820,232172,4090614,0
,,,,-213144,,,1516,川飛,,,-6022,,,,,,,,,,,,,,,,,,,,2,上市,114,,,,,,,,,,,,,,,,,,,,,,201101,,,,,,0,,5.03,9236,145394,,,,,,,,,400082,,,9236,,,20185,210337,,,,,,,,,,,,,,,,64943,0
,,,,1210691,,,1517,利奇,,,-111152,,,,,,,,,,,,,,,,,,,,2,上市,114,0,,,,,,,,,,,,,,,,,,,,,3530163,,,,3402797,,0,,15.24,580807,2884022,,,,,,,,,2233000,,,757861,,,70258,4288024,,,,,,,,,,,,,,127366,177054,1404002,0
,,,,4669139,,,1519,華城,,,-240132,,,,,,,,,,,,,,,,,,,,2,上市,114,,,,,,,,,,,,,,,,,,,,,,7781973,,,,7674836,,0,,26.73,14041682,20351890,,,,,,,,,3158808,,,16872897,,,87021,24654870,,,,,,,,,,,,,,107137,2831215,4302980,0
,,,,985258,,,1521,大億,,,0,,,,,,,,,,,,,,,,,,,,2,上市,114,,,,,,0,,,,,,,,,,,,,,,,1808970,,,,1808970,,0,,23.73,972490,1917824,,,,,,,,,762300,,,1089615,,,61412,2898585,,,,,,,,,,,,,,,117125,980761,0
,,,,3410626,,,1522,堤維西,,,-556741,,,,,,,,,,,,,,,,,,,,2,上市,114,-5996,,,,,0,,,,,,,,,,,,,,,,9149514,,,,8859548,,939707,,25.91,9543607,11036848,,,,,,,,,3428979,,,18617630,,,2582680,27767144,,,,,,,,,,,,,,289966,9074023,16730296,0
,,,,1142541,,,1524,耿鼎,0,,9844,,,,,,,,,,,,0,,,,,,,,2,上市,114,0,,,,,0,,,,,,,,,,,,,,,,2806578,,,,,,0,,16.98,960101,1621884,,,,,,,,,1653104,,,2292667,,,1089,5099245,,,,,,,,,,,,,,,1332566,3477361,0
,,,,4431940,,,1525,江申,,,-645464,,,,,,,,,,,,,,,,,,,,2,上市,114,,,,,,,,,,,,,,,,,,,,,,4521728,,,,4521728,,0,,61.60,560564,2122012,,,,,,,,,734001,,,809829,,,1251,5331557,,,,,,,,,,,,,,,249265,3209545,0
,,,,643916,,,1526,日馳,,,-10751,,,,,,,,,,,,,,,,,,,,2,上市,114,,,,,,,,,,,,,,,,,,,,,,1328285,,,,1328285,,0,,22.14,259645,1450743,,,,,,,,,600000,,,978405,,,95120,2306690,,,,,,,,,,,,,,,718760,855947,0
,,,,3223039,,,1527,鑽全,,,-9134,,,,,,,,,,,,,,,,,,,,2,上市,114,,,,,,,,,,,,,,,,,,,,,,4626543,,,,,,0,,33.39,911069,4250261,,,,,,,,,1385706,,,923529,,,26932,5550072,,,,,,,,,,,,,,,12460,1299811,0
,,,,68083,,,1528,恩德,,,-98482,,,,,,,,,,,,,,,,,,,,2,上市,114,,,,,,,,,,,,,,,,,,,,,,2128878,,,,2082372,,0,,10.88,2521032,3394758,,,,,,,,,1913310,,,3183165,,,199461,5312043,,,,,,,,,,,,,,46506,662133,1917285,0
,,,,187757,,,1529,樂事綠能,0,,-2552,,,,,,,,,,,,,,,,,,,,2,上市,114,0,,,,,,,,,,,,,,,,,,,,,1866324,,,,1800118,,0,,11.61,622455,868588,,,,,,,,,1550951,,,1618857,,,63962,3485181,,,,,,,,,,,,,,66206,996402,2616593,0
,,,,2040862,,,1530,亞崴,,,-73611,,,,,,,,,,,,,,,,,,,,2,上市,114,-63692,,,,,2000000,,,,,,,,,,,,,,,,3046336,,,,2965017,,2000000,,32.02,2529102,3399816,,,,,,,,,965942,,,2813053,,,95516,5859389,,,,,,,,,,,,,,81319,283951,2459573,0
,,,,1635130,,,1531,高林股,,,-235127,,,,,,,,,,,,,,,,,,,,2,上市,114,0,,,,,0,,,,,,,,,,,,,,,,3420381,,,,3420381,,0,,18.78,499690,2911316,,,,,,,,,1821081,,,736116,,,199297,4156497,,,,,,,,,,,,,,,236426,1245181,0
,,,,7818854,,,1532,勤美,,,-610326,,,,,,,,,,,,,,,,,,,,2,上市,114,-38169,,,,,0,,,,,,,,,,,,,,,,17816269,,,,13924363,,1412000,,33.06,25003077,34288276,,,,,,,,,4226043,,,34911939,,,2527961,52728208,,,,,,,,,,,,,,3891906,9908862,18439932,0
,,,,1045331,,,1533,車王電,,,-322407,,,,,,,,,,,,,,,,,,,,2,上市,114,,,,,,0,,,,,,,,,,,,,,,,2497480,,,,2071964,,0,,21.03,3017015,4571343,,,,,,,,,985475,,,5561906,,,363565,8059386,,,,,,,,,,,,,,425516,2544891,3488043,0
,,,,1816624,,,1535,中宇,0,,-214261,,,,,,,,,,,,,,,,,,,,2,上市,114,0,,,,,,,,,,,,,,,,,,,,,3468681,,,,3468681,,0,,28.03,3561633,4601379,,,,,,,,,1237426,,,3814165,,,628892,7282846,,,,,,,,,,,,,,0,252532,2681467,0
,,,,1368220,,,1536,和大,,,-100234,,,,,,,,,,,,,,,,,,,,2,上市,114,-32447,,,,,,,,,,,,,,,,,,,,,8100015,,,,7953282,,558000,,28.51,7830369,5896463,,,,,,,,,2795175,,,13535518,,,3922568,21635533,,,,,,,,,,,,,,146733,5705149,15739070,0
,,,,2395801,,,1537,廣隆,,,-66930,,,,,,,,,,,,,,,,,,,,2,上市,114,,,,,,0,,,,,,,,,,,,,,,,3850977,,,,3850977,,0,,46.93,1750253,5002467,,,,,,,,,820628,,,2203887,,,701478,6054864,,,,,,,,,,,,,,,453634,1052397,0
,,,,-73815,,,1538,正峰,,,-89651,,,,,,,,,,,,,,,,,,,,2,上市,114,,,,,,0,,,,,,,,,,,,,,,,159600,,,,159600,,0,,4.94,64720,135453,,,,,,,,,323000,,,102552,,,66,262152,,,,,,,,,,,,,,,37832,126699,0
,,,,897137,,,1539,巨庭,,,3018,,,,,,,,,,,,,,,,,,,,2,上市,114,,,,,,0,,,,,,,,,,,,,,,,1553855,,,,1553855,,0,,23.77,553139,1151096,,,,,,,,,653700,,,754023,,,0,2307878,,,,,,,,,,,,,,0,200884,1156782,0
,,,,385480,,,1540,喬福,,,,,,,,,,,,,,,,,,,,,,,2,上市,114,,,,,,0,,,,,,,,,,,,,,,,1394468,,,,,,0,,16.31,317850,1372850,,,,,,,,,854736,,,323889,,,154252,1718357,,,,,,,,,,,,,,,6039,345507,0
,,,,1154953,,,1541,錩泰,,,-22696,,,,,,,,,,,,,,,,,,,,2,上市,114,0,,,,,0,,,,,,,,,,,,,,,,1921621,,,,1921621,,0,,24.39,1056517,2159647,,,,,,,,,788000,,,1497827,,,1364,3419448,,,,,,,,,,,,,,0,441310,1259801,0
,,,,2921269,,,1558,伸興,,,-503048,,,,,,,,,,,,,,,,,,,,2,上市,114,,,,,,,,,,,,,,,,,,,,,,8093298,,,,4973838,,0,,74.75,3797971,6649603,,,,,,,,,665356,,,4879339,,,1890261,12972637,,,,,,,,,,,,,,3119460,1081368,6323034,0
,,,,4211123,,,1560,中砂,,,-87515,,,,,,,,,,,,,,,,,,,,2,上市,114,,,,,,,,,,,,,,,,,,,,,,7414963,,,,7121275,,0,,48.60,2311962,5365634,,,,,,,,,1465336,,,4523184,,,1532331,11938147,,,,,,,,,,,,,,293688,2211222,6572513,0
,,,,4537160,,,1563,巧新,,,-7258,,,,,,,,,,,,,,,,,,,,2,上市,114,-515173,,,,,0,,,,,,,,,,,,,,,,8784431,,,,8739431,,8520000,,39.32,5247834,10230498,,,,,,,,,2307821,,,9426867,,,2416881,18211298,,,,,,,,,,,,,,45000,4179033,7980800,0
,,,,618629,,,1568,倉佑,0,,-11873,,,,,,,,,,,,,,,,,,,,2,上市,114,0,,,,,0,,,,,,,,,,,,,,,0,1887925,,,,1797138,,0,,17.43,303417,833315,,,,,,,,,1030865,,,352682,,,159517,2240607,,,,,,,,,,,,,,90787,49265,1407292,0
,,,,2668658,,,1582,信錦,,,-1129365,,,,,,,,,,,,,,,,,,,,2,上市,114,,,,,,,,,,,,,,,,,,,,,,6683468,,,,6358971,,0,,44.08,4877774,8984057,,,,,,,,,1442686,,,5452163,,,3376992,12135631,,,,,,,,,,,,,,324497,574389,3151574,0
,,,,3864793,,,1583,程泰,,,-136662,,,,,,,,,,,,,,,,,,,,2,上市,114,-59978,,,,,1000000,,,,,,,,,,,,,,,,6554193,,,,5098456,,1000000,,47.03,5549370,8867261,,,,,,,,,1104004,,,7262208,,,326299,13816401,,,,,,,,,,,,,,1455737,1712838,4949140,0
,,,,225229,,,1587,吉茂,,,-161303,,,,,,,,,,,,,,,,,,,,2,上市,114,0,,,,,0,,,,,,,,,,,,,,,,1411451,,,,1411451,,0,,17.63,1785214,2111988,,,,,,,,,800556,,,2083118,,,546969,3494569,,,,,,,,,,,,,,,297904,1382581,0
,,,,1280382,,,1589,永冠-KY,,,-1806941,,,,,,,,,,,,,,,,,,,,2,上市,114,,,,,,,,,,,,,,,,,,,,,,8092426,,,,7745272,,0,,58.18,10075232,9418613,,,,,,,,,1331359,,,17335812,,,6940472,25428238,,,,,,,,,,,,,,347154,7260580,16009625,0
,,,,30918789,,,1590,亞德客-KY,,,-3758939,,,,,,,,,,,,,,,,,,,,2,上市,114,,,,,,,,,,,,,,,,,,,,,,44013471,,,,44007094,,0,,220.04,10403855,24831493,,,,,,,,,2000000,,,10799918,,,14847244,54813389,,,,,,,,,,,,,,6377,396063,29981896,0
,,,,1156791,,,1597,直得,,,-46485,,,,,,,,,,,,,,,,,,,,2,上市,114,-147570,,,,,0,,,,,,,,,,,,,,,,2301476,,,,2301476,,2000000,,26.37,770738,1827903,,,,,,,,,892619,,,1729731,,,446121,4031207,,,,,,,,,,,,,,,958993,2203304,0
,,,,273147,,,1598,岱宇,,,-232226,,,,,,,,,,,,,,,,,,,,2,上市,114,-348494,,,,,0,,,,,,,,,,,,,,,,4702858,,,,4360963,,8816000,,25.60,2999655,3826245,,,,,,,,,1791420,,,5195039,,,2877116,9897897,,,,,,,,,,,,,,341895,2195384,6071652,0
,,,,6378476,,,1603,華電,,,367078,,,,,,,,,,,,,,,,,,,,2,上市,114,-2244172,,,,,,,,,,,,,,,,,,,,,7113760,,,,7025106,,32841809,,44.23,3997902,7340844,,,,,,,,,1916880,,,4752290,,,606844,11866050,,,,,,,,,,,,,,88654,754388,4525206,0
,,,,5115353,,,1604,聲寶,,,-508426,,,,,,,,,,,,,,,,,,,,2,上市,114,-777873,,,,,0,,,,,,,,,,,,,,,,8376777,,,,7958624,,20431605,,21.88,4458195,4426730,,,,,,,,,3842000,,,9770232,,,287570,18147009,,,,,,,,,,,,,,418153,5312037,13720279,0
,,,,58053119,,,1605,華新,,,-5843555,,,,,,,,,,,,,,,,,,,,2,上市,114,,,,,,,,,,,,,,,,,,,,,,143715857,,,,133837370,,0,,30.20,47066000,87236705,,,,,,,,,44313329,,,126808546,,,37314477,270524403,,,,,,,,,,,,,,9878487,79742546,183287698,0
,,,,1899548,,,1608,華榮,,,-8031,,,,,,,,,,,,,,,,,,,,2,上市,114,-968671,,,,,,,,,,,,,,,,,,,,,8737971,,,,7604461,,208563824,,17.93,4793482,7986065,,,,,,,,,6327735,,,5746911,,,353880,14484882,,,,,,,,,,,,,,1133510,953429,6498817,0
,,,,5687147,,,1609,大亞,0,,215079,,,,,,,,,,,,,,,,,,,,2,上市,114,-12787,,,,,,,,,,,,,,,,,,,,0,18498292,,,,16075010,,2283173,,20.84,20229830,25709562,,,,,,,,,7852619,,,42068702,,,2332952,60566994,,,,,,,,,,,,,,2423282,21838872,34857432,0
,,,,808903,,,1611,中電,,,127145,,,,,,,,,,,,,,,,,,,,2,上市,114,,,,,,,,,,,,,,,,,,,,,,4169093,,,,4169093,,0,,12.92,814558,1933536,,,,,,,,,3227358,,,984728,,,5687,5153821,,,,,,,,,,,,,,,170170,3220285,0
,,,,4170273,,,1612,宏泰,,,-90635,,,,,,,,,,,,,,,,,,,,2,上市,114,,,,,,,,,,,,,,,,,,,,,,7442055,,,,7440513,,0,,23.54,2072827,5624715,,,,,,,,,3160801,,,2226843,,,200074,9668898,,,,,,,,,,,,,,1542,154016,4044183,0
,,,,2492031,,,1614,三洋電,,,165523,,,,,,,,,,,,,,,,,,,,2,上市,114,-132298,,,,,0,,,,,,,,,,,,,,,,5565064,,,,5520358,,10182744,,21.32,1222528,3041252,,,,,,,,,2691134,,,1675206,,,303968,7240270,,,,,,,,,,,,,,44706,452678,4199018,0
,,,,1587152,,,1615,大山,,,10616,,,,,,,,,,,,,,,,,,,,2,上市,114,,,,,,,,,,,,,,,,,,,,,,3564405,,,,3564405,,0,,19.03,1679372,3258686,,,,,,,,,1966637,,,1872684,,,0,5437089,,,,,,,,,,,,,,,193312,2178403,0
,,,,362066,,,1616,億泰,,,-89431,,,,,,,,,,,,,,,,,,,,2,上市,114,-85077,,,,,,,,,,,,,,,,,,,,,2131523,,,,2131523,,4654499,,11.25,2014959,3278790,,,,,,,,,1941485,,,2036074,,,2480,4167597,,,,,,,,,,,,,,,21115,888807,0
,,,,284593,,,1617,榮星,,,-240190,,,,,,,,,,,,,,,,,,,,2,上市,114,0,,,,,0,,,,,,,,,,,,,,,,2006458,,,,1996648,,0,,11.78,1356322,2298970,,,,,,,,,1695147,,,1433427,,,257098,3439885,,,,,,,,,,,,,,9810,77105,1140915,0
,,,,3064550,,,1618,合機,,,917799,,,,,,,,,,,,,,,,,,,,2,上市,114,,,,,,,,,,,,,,,,,,,,,,6009292,,,,6009292,,0,,31.19,1939246,3756142,,,,,,,,,1926917,,,1992609,,,100026,8001901,,,,,,,,,,,,,,,53363,4245759,0
,,,,1154640,,,1623,大東電,,,51242,,,,,,,,,,,,,,,,,,,,2,上市,114,,,,,,0,,,,,,,,,,,,,,,,2519367,,,,,,0,,41.99,3436223,5794276,,,,,,,,,600000,,,4874253,,,713485,7393620,,,,,,,,,,,,,,,1438030,1599344,0
,,,,562616,,,1626,艾美特-KY,,,-594404,,,,,,,,,,,,,,,,,,,,2,上市,114,,,,,,0,,,,,,,,,,,,,,,,2665059,,,,2665059,,0,,17.79,5698191,5834465,,,,,,,,,1498217,,,5948660,,,1198630,8613719,,,,,,,,,,,,,,,250469,2779254,0
,,,,4251233,,,1702,南僑,,,-1655981,,,,,,,,,,,,,,,,,,,,2,上市,114,-530114,,,,,,,,,,,,,,,,,,,,,12690364,,,,9890340,,46041259,,39.87,7037108,14478739,,,,,,,,,2941330,,,18499509,,,4883872,31189873,,,,,,,,,,,,,,2800024,11462401,16711134,0
,,,,5585696,,,1707,葡萄王,,,-142758,,,,,,,,,,,,,,,,,,,,2,上市,114,,,,,,,,,,,,,,,,,,,,,,11122516,,,,9805095,,0,,66.19,3495654,5150591,,,,,,,,,1481374,,,3773326,,,2880783,14895842,,,,,,,,,,,,,,1317421,277672,9745251,0
,,,,4243612,,,1708,東鹼,,,-349888,,,,,,,,,,,,,,,,,,,,2,上市,114,,,,,,,,,,,,,,,,,,,,,,6456502,,,,6456502,,0,,25.93,3376278,3488151,,,,,,,,,2490017,,,5827511,,,72761,12284013,,,,,,,,,,,,,,,2451233,8795862,0
,,,,2929336,,,1709,和益,,,1130051,,,,,,,,,,,,,,,,,,,,2,上市,114,,,,,,,,,,,,,,,,,,,,,,9173286,,,,8905689,,0,,18.67,2351529,5468588,,,,,,,,,4770163,,,3579864,,,76139,12753150,,,,,,,,,,,,,,267597,1228335,7284562,0
,,,,3775408,,,1710,東聯,,,-3571809,,,,,,,,,,,,,,,,,,,,2,上市,114,-118460,,,,,,,,,,,,,,,,,,,,,12245667,,,,10034112,,8675554,,11.44,7796286,4387252,,,,,,,,,8857031,,,16804879,,,1091942,29050546,,,,,,,,,,,,,,2211555,9008593,24663294,0
,,,,2348007,,,1711,永光,,,-233425,,,,,,,,,,,,,,,,,,,,2,上市,114,,,,,,0,,,,,,,,,,,,,,,,8316744,,,,8067340,,0,,14.73,3401072,6659645,,,,,,,,,5477522,,,4654370,,,475236,12971114,,,,,,,,,,,,,,249404,1253298,6311469,0
,,,,3550187,,,1712,興農,,,-250036,,,,,,,,,,,,,,,,,,,,2,上市,114,,,,,,,,,,,,,,,,,,,,,,8028940,,,,7970844,,0,,18.96,5181345,7579863,,,,,,,,,4204926,,,6776078,,,465767,14805018,,,,,,,,,,,,,,58096,1594733,7225155,0
,,,,1643790,,,1713,國化,,,163282,,,,,,,,,,,,,,,,,,,,2,上市,114,0,,,,,0,,,,,,,,,,,,,,,,3409519,,,,,,0,,22.59,1193524,1778868,,,,,,,,,1509517,,,1277800,,,92930,4687319,,,,,,,,,,,,,,,84276,2908451,0
,,,,3238408,,,1714,和桐,,,-2126406,,,,,,,,,,,,,,,,,,,,2,上市,114,-288271,,,,,0,,,,,,,,,,,,,,,,15285807,,,,11070545,,35141558,,11.28,4333388,14415068,,,,,,,,,10168248,,,7046802,,,78566,22332609,,,,,,,,,,,,,,4215262,2713414,7917541,0
,,,,14443264,,,1717,長興,,,-2967832,,,,,,,,,,,,,,,,,,,,2,上市,114,-122758,,,,,,,,,,,,,,,,,,,,,24924651,,,,24253344,,4846000,,20.67,16196345,30088728,,,,,,,,,11782655,,,32130678,,,1118015,57055329,,,,,,,,,,,,,,671307,15934333,26966601,0
,,,,2548333,,,1718,中纖,,,1348954,,,,,,,,,,,,,,,,,,,,2,上市,114,-1135671,,,,,,,,,,,,,,,,,,,,,,85742734,,,21332910,,344325645,,15.90,914304882,776924531,,,,,,,,,16859057,,,943140945,,,1712237,1028883679,,,,,,,,,,,,,,64409824,28836063,251959148,0
,,,,3598998,,,1720,生達,,,-7404,,,,,,,,,,,,,,,,,,,,2,上市,114,,,,,,0,,,,,,,,,,,,,,,,8651174,,,,5679055,,0,,31.78,2527457,5223618,,,,,,,,,1786961,,,2933933,,,300500,11585107,,,,,,,,,,,,,,2972119,406476,6361489,0
,,,,-124712,,,1721,國慶科技,,,9747,,,,,,,,,,,,,,,,,,,,2,上市,114,,,,,,,,,,,,,,,,,,,,,,1776131,,,,1776131,,0,,9.61,594719,1420085,,,,,,,,,1848841,,,1309796,,,42255,3085927,,,,,,,,,,,,,,,715077,1665842,0
,,,,37764600,,,1722,台肥,0,,3499861,,,,,,,,,,,,,,,,,,,,2,上市,114,0,,,,,0,,,,,,,,,,,,,,,0,53309568,,,,53309568,,0,,54.40,4195709,8304822,,,,,,,,,9800000,,,27643995,,,2245107,80953563,,,,,,,,,,,,,,0,23448286,72648741,0
,,,,4623873,,,1723,中碳,,,-397467,,,,,,,,,,,,,,,,,,,,2,上市,114,-117638,,,,,,,,,,,,,,,,,,,,,7445766,,,,7445766,,4753537,,32.07,1914978,3308108,,,,,,,,,2369044,,,3487487,,,967954,10933253,,,,,,,,,,,,,,,1572509,7625145,0
,,,,1050460,,,1725,元禎,,,2526897,,,,,,,,,,,,,,,,,,,,2,上市,114,0,,,,,,,,,,,,,,,,,,,,,5397945,,,,5397944,,0,,29.69,2551777,7010980,,,,,,,,,1818300,,,2613681,,,2287,8011626,,,,,,,,,,,,,,1,61904,1000646,0
,,,,8478536,,,1726,永記,,,-578605,,,,,,,,,,,,,,,,,,,,2,上市,114,,,,,,,,,,,,,,,,,,,,,,9629804,,,,9629804,,0,,59.44,2039524,8005278,,,,,,,,,1620000,,,2142443,,,109873,11772247,,,,,,,,,,,,,,,102919,3766969,0
,,,,388073,,,1727,中華化,,,,,,,,,,,,,,,,,,,,,,,2,上市,114,,,,,,,,,,,,,,,,,,,,,,2010988,,,,,,0,,16.04,711795,987839,,,,,,,,,1253655,,,1101176,,,369260,3112164,,,,,,,,,,,,,,,389381,2124325,0
,,,,1049998,,,1730,花仙子,,,-63657,,,,,,,,,,,,,,,,,,,,2,上市,114,,,,,,,,,,,,,,,,,,,,,,1974915,,,,1853337,,0,,29.31,706128,1928494,,,,,,,,,632339,,,728223,,,234657,2703138,,,,,,,,,,,,,,121578,22095,774644,0
,,,,608641,,,1731,美吾華,,,-96223,,,,,,,,,,,,,,,,,,,,2,上市,114,,,,,,,,,,,,,,,,,,,,,,2033778,,,,2033778,,0,,15.30,550375,1239763,,,,,,,,,1329152,,,1188399,,,192208,3222177,,,,,,,,,,,,,,,638024,1982414,0
,,,,51099,,,1732,毛寶,,,-6771,,,,,,,,,,,,,,,,,,,,2,上市,114,,,,,,0,,,,,,,,,,,,,,,,471471,,,,471471,,0,,11.11,150566,419177,,,,,,,,,424439,,,177511,,,2704,648982,,,,,,,,,,,,,,,26945,229805,0
,,,,714795,,,1733,五鼎,,,7803,,,,,,,,,,,,,,,,,,,,2,上市,114,,,,,,,,,,,,,,,,,,,,,,1791106,,,,1790468,,0,,17.91,500776,1650993,,,,,,,,,999502,,,610488,,,68368,2401594,,,,,,,,,,,,,,638,109712,750601,0
,,,,533669,,,1734,杏輝,,,-161185,,,,,,,,,,,,,,,,,,,,2,上市,114,,,,,,,,,,,,,,,,,,,,,,3458699,,,,3198592,,0,,17.66,1226307,2539652,,,,,,,,,1901968,,,2650682,,,924140,6109381,,,,,,,,,,,,,,260107,1424375,3569729,0
,,,,387174,,,1735,日勝化,,,-63244,,,,,,,,,,,,,,,,,,,,2,上市,114,,,,,,,,,,,,,,,,,,,,,,1415827,,,,1415827,,0,,14.25,1663366,1544302,,,,,,,,,993880,,,1738035,,,98017,3153862,,,,,,,,,,,,,,,74669,1609560,0
,,,,9498062,,,1736,喬山,,,-2663106,,,,,,,,,,,,,,,,,,,,2,上市,114,0,,,,,,,,,,,,,,,,,,,,,10321544,,,,10318033,,0,,34.01,21107323,28768541,,,,,,,,,3033946,,,32196664,,,449131,42518208,,,,,,,,,,,,,,3511,11089341,13749667,0
,,,,2086388,,,1737,臺鹽,,,-4899,,,,,,,,,,,,,,,,,,,,2,上市,114,,,,,,,,,,,,,,,,,,,,,,6572339,,,,6572339,,0,,32.86,1264620,2957116,,,,,,,,,2000000,,,1798800,,,2490850,8371139,,,,,,,,,,,,,,0,534180,5414023,0
,,,,1129471,,,1752,南光,,,-35,,,,,,,,,,,,,,,,,,,,2,上市,114,,,,,,0,,,,,,,,,,,,,,,,2384333,,,,2384333,,0,,23.61,1155684,1472200,,,,,,,,,1009885,,,1427023,,,245012,3811356,,,,,,,,,,,,,,,271339,2339156,0
,,,,221233,,,1760,寶齡富錦,,,-28570,,,,,,,,,,,,,,,,,,,,2,上市,114,,,,,,0,,,,,,,,,,,,,,,,1820913,,,,1820913,,0,,21.24,1114644,1467196,,,,,,,,,857391,,,1379486,,,770859,3200399,,,,,,,,,,,,,,,264842,1733203,0
,,,,2237221,,,1762,中化生,,,-70541,,,,,,,,,,,,,,,,,,,,2,上市,114,-18525,,,,,0,,,,,,,,,,,,,,,,3258281,,,,3258281,,642000,,42.36,460021,1295166,,,,,,,,,775600,,,1334381,,,334526,4592662,,,,,,,,,,,,,,,874360,3297496,0
,,,,7022059,,,1773,勝一,,,-128116,,,,,,,,,,,,,,,,,,,,2,上市,114,0,,,,,,,,,,,,,,,,,,,,,9997667,,,,9997667,,0,,33.33,3636711,3965658,,,,,,,,,3000000,,,5954329,,,103724,15951996,,,,,,,,,,,,,,0,2317618,11986338,0
,,,,304803,,,1776,展宇,,,-110261,,,,,,,,,,,,,,,,,,,,2,上市,114,,,,,,,,,,,,,,,,,,,,,,904526,,,,808716,,0,,13.45,329438,1037733,,,,,,,,,601070,,,585188,,,13104,1489714,,,,,,,,,,,,,,95810,255750,451981,0
,,,,375439,,,1783,和康生,,,-187746,,,,,,,,,,,,,,,,,,,,2,上市,114,,,,,,0,,,,,,,,,,,,,,,,1412854,,,,1412854,,0,,15.75,271832,931332,,,,,,,,,896801,,,279021,,,328360,1691875,,,,,,,,,,,,,,,7189,760543,0
,,,,154597,,,1786,科妍,,,-972,,,,,,,,,,,,,,,,,,,,2,上市,114,,,,,,,,,,,,,,,,,,,,,,1719718,,,,1719718,,0,,23.82,339126,961508,,,,,,,,,721917,,,474520,,,844176,2194238,,,,,,,,,,,,,,,135394,1232730,0
,,,,1253365,,,1789,神隆,,,-186987,,,,,,,,,,,,,,,,,,,,2,上市,114,,,,,,0,,,,,,,,,,,,,,,,10268459,,,,10268459,,0,,12.99,1059636,5655887,,,,,,,,,7907392,,,1694049,,,1294689,11962508,,,,,,,,,,,,,,,634413,6306621,0
,,,,13304354,,,1795,美時,,,-2449646,,,,,,,,,,,,,,,,,,,,2,上市,114,-824160,,,,,0,,,,,,,,,,,,,,,,20364186,,,,20364186,,4064000,,77.44,9768805,15105182,,,,,,,,,2670438,,,17799945,,,7663200,38164131,,,,,,,,,,,,,,,8031140,23058949,0
,,,,17601601,,,1802,台玻,,,-5882268,,,,,,,,,,,,,,,,,,,,2,上市,114,,,,,,,,,,,,,,,,,,,,,,45222744,,,,42694571,,0,,14.68,31324839,33471593,,,,,,,,,29080608,,,38148204,,,1894630,83370948,,,,,,,,,,,,,,2528173,6823365,49899355,0
,,,,49784,,,1805,寶徠,,,-8167,,,,,,,,,,,,,,,,,,,,2,上市,114,0,,,,,,,,,,,,,,,,,,,,,1618675,,,,1618675,,0,,11.99,422650,1834685,,,,,,,,,1349705,,,450627,,,227353,2069302,,,,,,,,,,,,,,0,27977,234617,0
,,,,789719,,,1806,冠軍,,,308197,,,,,,,,,,,,,,,,,,,,2,上市,114,-46592,,,,,0,,,,,,,,,,,,,,,,5113362,,,,5113362,,3887000,,13.23,1596975,4429451,,,,,,,,,3904039,,,3169162,,,157999,8282524,,,,,,,,,,,,,,0,1572187,3853073,0
,,,,2068918,,,1808,潤隆,,,273014,,,,,,,,,,,,,,,,,,,,2,上市,114,,,,,,,,,,,,,,,,,,,,,,12291242,,,,12291242,,0,,12.39,29699146,47340117,,,,,,,,,9922575,,,39587165,,,26735,51878407,,,,,,,,,,,,,,,9888019,4538290,0
,,,,1229031,,,1809,中釉,,,-185910,,,,,,,,,,,,,,,,,,,,2,上市,114,,,,,,,,,,,,,,,,,,,,,,3249810,,,,2842100,,0,,17.01,1035202,1950901,,,,,,,,,1670419,,,1185214,,,128560,4435024,,,,,,,,,,,,,,407710,150012,2484123,0
,,,,3126613,,,1810,和成,,,456174,,,,,,,,,,,,,,,,,,,,2,上市,114,-4781,,,,,,,,,,,,,,,,,,,,,6690032,,,,6618005,,445484,,21.92,2727825,4381981,,,,,,,,,3023037,,,3529450,,,16962,10219482,,,,,,,,,,,,,,72027,801625,5837501,0
,,,,1368030,,,1817,凱撒衛,,,-348538,,,,,,,,,,,,,,,,,,,,2,上市,114,0,,,,,,,,,,,,,,,,,,,,,2066409,,,,2029047,,0,,27.95,554615,1772226,,,,,,,,,726000,,,799689,,,283555,2866098,,,,,,,,,,,,,,37362,245074,1093872,0
,,,,60308,,,1903,士紙,,,2855302,,,,,,,,,,,,,,,,,,,,2,上市,114,,,,,,0,,,,,,,,,,,,,,,,5516001,,,,5516001,,0,,21.21,3355408,3761930,,,,,,,,,2600391,,,5081002,,,0,10597003,,,,,,,,,,,,,,0,1725594,6835073,0
,,,,17119151,,,1904,正隆,,,-1534410,,,,,,,,,,,,,,,,,,,,2,上市,114,,,,,,,,,,,,,,,,,,,,,,28632364,,,,27823886,,0,,25.11,19057152,20553506,,,,,,,,,11082745,,,38352980,,,1156400,66985344,,,,,,,,,,,,,,808478,19295828,46431838,0
,,,,2165514,,,1905,華紙,,,1525901,,,,,,,,,,,,,,,,,,,,2,上市,114,0,,,,,,,,,,,,,,,,,,,,,17131097,,,,14883671,,0,,13.50,16662734,18082722,,,,,,,,,11028353,,,21121143,,,163903,38252240,,,,,,,,,,,,,,2247426,4458409,20169518,0
,,,,2558944,,,1906,寶隆,,,-1643162,,,,,,,,,,,,,,,,,,,,2,上市,114,,,,,,,,,,,,,,,,,,,,,,2444085,,,,,,0,,16.19,2380304,350803,,,,,,,,,1510000,,,2697114,,,18303,5141199,,,,,,,,,,,,,,,316810,4790396,0
,,,,22289467,,,1907,永豐餘,,,19549733,,,,,,,,,,,,,,,,,,,,2,上市,114,,,,,,,,,,,,,,,,,,,,,,78078318,,,,62364723,,0,,37.56,56459048,62210830,,,,,,,,,16603715,,,79696755,,,3921808,157775073,,,,,,,,,,,,,,15713595,23237707,95564243,0
,,,,4703334,,,1909,榮成,,,-2987976,,,,,,,,,,,,,,,,,,,,2,上市,114,-111649,,,,,,,,,,,,,,,,,,,,,19257617,,,,19227542,,11305000,,14.61,17390074,11542729,,,,,,,,,13276857,,,44544688,,,4346976,63802305,,,,,,,,,,,,,,30075,27154614,52259576,0
,,,,111182056,,,2002,中鋼,,,-10695189,,,,,,,,,,,,,,,,,,,,2,上市,114,-13118233,,,,,,,,,,,,,,,,,,,,,322710133,,,,286153461,,674286000,,18.95,144915497,177359289,,,,,,,,,157731290,,,351444601,,,41053537,674154734,,,,,,,,,,,,,,36556672,206529104,496795445,0
,,,,17128203,,,2006,東和鋼鐵,,,-603878,,,,,,,,,,,,,,,,,,,,2,上市,114,,,,,,,,,,,,,,,,,,,,,,31666122,,,,31568771,,0,,43.23,18471494,30587836,,,,,,,,,7302138,,,21918413,,,7742308,53584535,,,,,,,,,,,,,,97351,3446919,22996699,0
,,,,-734134,,,2007,燁興,,,-5295,,,,,,,,,,,,,,,,,,,,2,上市,114,0,,,,,,,,,,,,,,,,,,,,,4787573,,,,,,0,,9.02,3953107,2002188,,,,,,,,,5306516,,,7715982,,,220486,12503555,,,,,,,,,,,,,,,3762875,10501367,0
,,,,1205744,,,2008,高興昌,,,139720,,,,,,,,,,,,,,,,,,,,2,上市,114,,,,,,,,,,,,,,,,,,,,,,3253987,,,,,,0,,17.05,2196704,2207342,,,,,,,,,1908523,,,4507190,,,0,7761177,,,,,,,,,,,,,,,2310486,5553835,0
,,,,375991,,,2009,第一銅,,,2883170,,,,,,,,,,,,,,,,,,,,2,上市,114,,,,,,0,,,,,,,,,,,,,,,,6855383,,,,,,0,,19.06,1686062,2155326,,,,,,,,,3596222,,,1953240,,,0,8808623,,,,,,,,,,,,,,,267178,6653297,0
,,,,5671335,,,2010,春源,,,-464929,,,,,,,,,,,,,,,,,,,,2,上市,114,,,,,,,,,,,,,,,,,,,,,,12205488,,,,11860924,,0,,18.31,10489214,16221754,,,,,,,,,6476554,,,12141464,,,177964,24346952,,,,,,,,,,,,,,344564,1652250,8125198,0
,,,,1170704,,,2012,春雨,,,-897067,,,,,,,,,,,,,,,,,,,,2,上市,114,-267195,,,,,0,,,,,,,,,,,,,,,,4238169,,,,3587773,,23430173,,12.87,3241459,7092897,,,,,,,,,3021627,,,7126520,,,559704,11364689,,,,,,,,,,,,,,650396,3885061,4271792,0
,,,,2064942,,,2013,中鋼構,,,-176499,,,,,,,,,,,,,,,,,,,,2,上市,114,,,,,,,,,,,,,,,,,,,,,,5264124,,,,5264124,,0,,26.32,9350560,10981303,,,,,,,,,2000000,,,9962571,,,1375681,15226695,,,,,,,,,,,,,,,612011,4245392,0
,,,,-44857,,,2014,中鴻,,,-1327084,,,,,,,,,,,,,,,,,,,,2,上市,114,,,,,,,,,,,,,,,,,,,,,,12984406,,,,12984406,,0,,9.04,7679969,10625490,,,,,,,,,14355444,,,16522386,,,903,29506792,,,,,,,,,,,,,,,8842417,18881302,0
,,,,15308785,,,2015,豐興,,,-180816,,,,,,,,,,,,,,,,,,,,2,上市,114,,,,,,,,,,,,,,,,,,,,,,21412546,,,,21399788,,0,,36.79,2417367,10386830,,,,,,,,,5815994,,,3159438,,,455825,24571984,,,,,,,,,,,,,,12758,742071,14185154,0
,,,,89064,,,2017,官田鋼,,,248138,,,,,,,,,,,,,,,,,,,,2,上市,114,-267966,,,,,,,,,,,,,,,,,,,,,6897598,,,,5117357,,19533437,,11.97,3544142,4162230,,,,,,,,,4468747,,,6370872,,,579374,13268470,,,,,,,,,,,,,,1780241,2826730,9106240,0
,,,,1220476,,,2020,美亞,,,46653,,,,,,,,,,,,,,,,,,,,2,上市,114,,,,,,,,,,,,,,,,,,,,,,4228751,,,,4219064,,0,,15.80,4806506,6831839,,,,,,,,,2670313,,,5555195,,,281622,9783946,,,,,,,,,,,,,,9687,748689,2952107,0
,,,,-159991,,,2022,聚亨,,,-41159,,,,,,,,,,,,,,,,,,,,2,上市,114,,,,,,,,,,,,,,,,,,,,,,6414609,,,,3280648,,0,,9.73,2053476,4396714,,,,,,,,,3371682,,,2459223,,,110116,8873832,,,,,,,,,,,,,,3133961,405747,4477118,0
,,,,12706038,,,2023,燁輝,,,-1416571,,,,,,,,,,,,,,,,,,,,2,上市,114,-482614,,,,,0,,,,,,,,,,,,,,,,35477832,,,,34891810,,31923000,,18.17,28080623,26084841,,,,,,,,,19519972,,,61494924,,,4564985,96972756,,,,,,,,,,,,,,586022,33414301,70887915,0
,,,,127412,,,2024,志聯,0,,0,,,,,,,,,,,,0,,,,,,,,2,上市,114,,,,,,0,,,,,,,,,,,,,,,,1113120,,,,,,0,,11.42,368868,786123,,,,,,,,,975000,,,617723,,,10708,1730843,,,,,,,,,,,,,,,248855,944720,0
,,,,-381356,,,2025,千興,,,-4709,,,,,,,,,,,,,,,,,,,,2,上市,114,,,,,,,,,,,,,,,,,,,,,,1340540,,,,,,0,,7.76,521550,1369711,,,,,,,,,1726605,,,524087,,,,1864627,,,,,,,,,,,,,,,2537,494916,0
,,,,18865195,,,2027,大成鋼,,,-1568399,,,,,,,,,,,,,,,,,,,,2,上市,114,-4623830,,,,,,,,,,,,,,,,,,,,,70739555,,,,60206470,,304203255,,28.27,31997707,82791873,,,,,,,,,24342606,,,71820700,,,23190898,142560255,,,,,,,,,,,,,,10533085,39822993,59768382,0
,,,,1148094,,,2028,威致,,,343406,,,,,,,,,,,,,,,,,,,,2,上市,114,-40711,,,,,,,,,,,,,,,,,,,,,4707937,,,,,,1693000,,14.53,1953360,3948610,,,,,,,,,3257148,,,3772214,,,,8480151,,,,,,,,,,,,,,,1818854,4531541,
,,,,5204697,,,2029,盛餘,,,-24071,,,,,,,,,,,,,,,,,,,,2,上市,114,,,,,,,,,,,,,,,,,,,,,,10018295,,,,9950395,,0,,30.98,1555024,8401720,,,,,,,,,3211800,,,1646411,,,1557969,11664706,,,,,,,,,,,,,,67900,91387,3262986,0
,,,,1684451,,,2030,彰源,,,-360703,,,,,,,,,,,,,,,,,,,,2,上市,114,-75919,,,,,,,,,,,,,,,,,,,,,4516560,,,,4516560,,4560000,,16.37,3947902,6277470,,,,,,,,,2805260,,,6899335,,,463471,11415895,,,,,,,,,,,,,,,2951433,5138425,0
,,,,6474820,,,2031,新光鋼,,,1246113,,,,,,,,,,,,,,,,,,,,2,上市,114,,,,,,,,,,,,,,,,,,,,,,12557257,,,,11875841,,0,,36.98,11193728,17088023,,,,,,,,,3211463,,,18392997,,,943445,30950254,,,,,,,,,,,,,,681416,7199269,13862231,0
,,,,271674,,,2032,新鋼,,,2910,,,,,,,,,,,,,,,,,,,,2,上市,114,,,,,,0,,,,,,,,,,,,,,,,1686810,,,,,,0,,12.92,298087,1227578,,,,,,,,,1305215,,,444447,,,107011,2131257,,,,,,,,,,,,,,,146360,903679,0
,,,,143848,,,2033,佳大,,,71820,,,,,,,,,,,,,,,,,,,,2,上市,114,0,,,,,0,,,,,,,,,,,,,,,,1040651,,,,,,0,,12.90,143589,467635,,,,,,,,,806945,,,163379,,,18038,1204030,,,,,,,,,,,,,,,19790,736395,0
,,,,1337970,,,2034,允強,,,300422,,,,,,,,,,,,,,,,,,,,2,上市,114,,,,,,,,,,,,,,,,,,,,,,8843636,,,,8843636,,0,,16.89,9067414,9736143,,,,,,,,,5235479,,,13207190,,,1969765,22050826,,,,,,,,,,,,,,,4139776,12314683,0
,,,,609210,,,2038,海光,,,996178,,,,,,,,,,,,,,,,,,,,2,上市,114,,,,,,,,,,,,,,,,,,,,,,4155176,,,,3942739,,0,,20.72,2707948,4157749,,,,,,,,,1941343,,,5574993,,,396008,9730169,,,,,,,,,,,,,,212437,2867045,5572420,0
,,,,24317949,,,2049,上銀,,,774600,,,,,,,,,,,,,,,,,,,,2,上市,114,,,,,,,,,,,,,,,,,,,,,,36198038,,,,36110207,,0,,102.07,8834186,19132086,,,,,,,,,3537923,,,17090214,,,7479735,53288252,,,,,,,,,,,,,,87831,8256028,34156166,0
,,,,19556298,,,2059,川湖,,,-48833,,,,,,,,,,,,,,,,,,,,2,上市,114,0,,,,,,,,,,,,,,,,,,,,,21257127,,,,21257127,,0,,223.06,6380114,24628151,,,,,,,,,952971,,,8163531,,,796691,29420658,,,,,,,,,,,,,,0,1783417,4792507,0
,,,,3861084,,,2062,橋椿,,,-613261,,,,,,,,,,,,,,,,,,,,2,上市,114,,,,,,,,,,,,,,,,,,,,,,7160761,,,,7158891,,0,,35.80,1708082,4564918,,,,,,,,,1999942,,,3190957,,,1911126,10351718,,,,,,,,,,,,,,1870,1482875,5786800,0
,,,,1200702,,,2069,運錩,,,-365801,,,,,,,,,,,,,,,,,,,,2,上市,114,0,,,,,,,,,,,,,,,,,,,,,3741899,,,,3741899,,0,,22.49,3312863,3845371,,,,,,,,,1663868,,,4883479,,,1243130,8625378,,,,,,,,,,,,,,,1570616,4780007,0
,,,,1913586,,,2072,世紀風電,,,,,,,,,,,,,,,,,,,,,,,2,上市,114,,,,,,,,,,,,,,,,,,,,,,18546305,,,,18543910,,0,,109.08,4219902,12712957,,,,,,,,,1700000,,,6028747,,,14930324,24575052,,,,,,,,,,,,,,2395,1808845,11862095,0
,,,,3775608,,,2101,南港,,,-152939,,,,,,,,,,,,,,,,,,,,2,上市,114,-121439,,,,,,,,,,,,,,,,,,,,,12133801,,,,12133801,,3199000,,14.61,30927866,33418321,,,,,,,,,8339349,,,31827688,,,293222,43961489,,,,,,,,,,,,,,,899822,10543168,0
,,,,-3814532,,,2102,泰豐,,,4717391,,,,,,,,,,,,,,,,,,,,2,上市,114,-183035,,,,,,,,,,,,,,,,,,,,,5617330,,,,5617330,,13755607,,12.22,1177226,1040818,,,,,,,,,4733292,,,6961462,,,164214,12578792,,,,,,,,,,,,,,,5784236,11537974,0
,,,,9200882,,,2103,台橡,,,535200,,,,,,,,,,,,,,,,,,,,2,上市,114,,,,,,,,,,,,,,,,,,,,,,19466248,,,,18050400,,0,,21.86,9530343,17562107,,,,,,,,,8257099,,,20677235,,,57219,40143483,,,,,,,,,,,,,,1415848,11146892,22581376,0
,,,,7451355,,,2104,國際中橡,,,860462,,,,,,,,,,,,,,,,,,,,2,上市,114,-290088,,,,,,,,,,,,,,,,,,,,,28660619,,,,27106078,,14734663,,27.94,11882495,20709563,,,,,,,,,9847336,,,20926176,,,9237013,49586795,,,,,,,,,,,,,,1554541,9043681,28877232,0
,,,,56046533,,,2105,正新,,,-11181261,,,,,,,,,,,,,,,,,,,,2,上市,114,,,,,,0,,,,,,,,,,,,,,,,77904461,,,,77383678,,0,,23.87,28556323,61469743,,,,,,,,,32414155,,,58548725,,,104251,136453186,,,,,,,,,,,,,,520783,29992402,74983443,0
,,,,10373573,,,2106,建大,,,-1882477,,,,,,,,,,,,,,,,,,,,2,上市,114,,,,,,,,,,,,,,,,,,,,,,18040037,,,,18040037,,0,,18.89,10331873,22869986,,,,,,,,,9548900,,,25438739,,,41,43478776,,,,,,,,,,,,,,,15106866,20608790,0
,,,,8855203,,,2107,厚生,,,399115,,,,,,,,,,,,,,,,,,,,2,上市,114,,,,,,,,,,,,,,,,,,,,,,12739997,,,,12739997,,0,,41.96,1942298,10004013,,,,,,,,,3035934,,,2406548,,,449745,15146545,,,,,,,,,,,,,,,464250,5142532,0
,,,,9040374,,,2108,南帝,,,-588735,,,,,,,,,,,,,,,,,,,,2,上市,114,,,,,,0,,,,,,,,,,,,,,,,14717400,,,,13405010,,0,,27.22,1261500,12227332,,,,,,,,,4924167,,,1817795,,,29204,16535195,,,,,,,,,,,,,,1312390,556295,4307863,0
,,,,538744,,,2109,華豐,,,-95781,,,,,,,,,,,,,,,,,,,,2,上市,114,,,,,,0,,,,,,,,,,,,,,,,4890032,,,,3306689,,0,,11.84,1404891,4234686,,,,,,,,,2793492,,,2742424,,,70234,7632456,,,,,,,,,,,,,,1583343,1337533,3397770,0
,,,,1876079,,,2114,鑫永銓,,,,,,,,,,,,,,,,,,,,,,,2,上市,114,,,,,,0,,,,,,,,,,,,,,,,2920818,,,,,,0,,37.45,718513,2415070,,,,,,,,,779918,,,982280,,,264821,3903098,,,,,,,,,,,,,,,263767,1488028,0
,,,,2062964,,,2115,六暉-KY,,,-590367,,,,,,,,,,,,,,,,,,,,2,上市,114,,,,,,0,,,,,,,,,,,,,,,,2910328,,,,2910328,,0,,27.88,863596,2247295,,,,,,,,,1043732,,,1549236,,,393999,4459564,,,,,,,,,,,,,,0,685640,2212269,0
,,,,35157199,,,2201,裕隆,,,-725011,,,,,,,,,,,,,,,,,,,,2,上市,114,-376301,,,,,,,,,,,,,,,,,,,,,89685023,,,,60836199,,7526431,,57.26,257057732,259837858,,,,,,,,,10700013,,,276941910,,,16080299,366626933,,,,,,,,,,,,,,28848824,19884178,106789075,0
,,,,23253805,,,2204,中華,,,-1089992,,,,,,,,,,,,,,,,,,,,2,上市,114,,,,,,,,,,,,,,,,,,,,,,38674756,,,,35156657,,0,,63.50,13734218,16420972,,,,,,,,,5536203,,,14639639,,,7456641,53314395,,,,,,,,,,,,,,3518099,905421,36893423,0
,,,,16519624,,,2206,三陽工業,,,-2429528,,,,,,,,,,,,,,,,,,,,2,上市,114,-577400,,,,,0,,,,,,,,,,,,,,,,38727078,,,,23222828,,11857452,,29.56,24814201,34940536,,,,,,,,,7974896,,,55173334,,,1735236,93900412,,,,,,,,,,,,,,15504250,30359133,58959876,0
,,,,60269330,,,2207,和泰車,,,2821015,,,,,,,,,,,,,,,,,,,,2,上市,114,,,,,,0,,,,,,,,,,,,,,,,,106002316,,,71532678,,0,,128.40,357800009,363737815,,,,,,,,,5571028,,,398685281,,,2871305,504687597,,,,,,,,,,,,,,34469638,40885272,140949782,0
,,,,-6065431,,,2208,台船,,,-80276,,,,,,,,,,,,,,,,,,,,2,上市,114,,,,,,0,,,,,,,,,,,,,,,,6568966,,,,6599687,,0,,5.18,20431898,20769796,,,,,,,,,12745394,,,33917659,,,0,40486625,,,,,,,,,,,,,,-30721,13485761,19716829,0
,,,,11854212,,,2211,長榮鋼,,,9217782,,,,,,,,,,,,,,,,,,,,2,上市,114,,,,,,,,,,,,,,,,,,,,,,29955850,,,,26562669,,0,,63.69,7729906,15492041,,,,,,,,,4170915,,,10337796,,,1319760,40293646,,,,,,,,,,,,,,3393181,2607890,24801605,0
,,,,9339017,,,2227,裕日車,,,-2439322,,,,,,,,,,,,,,,,,,,,2,上市,114,,,,,,,,,,,,,,,,,,,,,,15888663,,,,15888663,,0,,52.96,3163761,8140187,,,,,,,,,3000000,,,6008066,,,5988968,21896729,,,,,,,,,,,,,,,2844305,13756542,0
,,,,2999129,,,2228,劍麟,,,-535061,,,,,,,,,,,,,,,,,,,,2,上市,114,,,,,,0,,,,,,,,,,,,,,,,4441218,,,,4441218,,0,,55.84,1428130,4080671,,,,,,,,,795313,,,2370809,,,1181837,6812027,,,,,,,,,,,,,,,942679,2731356,0
,,,,2152588,,,2231,為升,,,-93280,,,,,,,,,,,,,,,,,,,,2,上市,114,-422903,,,,,,,,,,,,,,,,,,,,,4619501,,,,3459386,,5000000,,25.45,5137147,6478857,,,,,,,,,1409176,,,6769023,,,413805,11388524,,,,,,,,,,,,,,1160115,1631876,4909667,0
,,,,2440818,,,2233,宇隆,,,-281414,,,,,,,,,,,,,,,,,,,,2,上市,114,,,,,,,,,,,,,,,,,,,,,,3586397,,,,3580502,,0,,59.39,1995321,3191159,,,,,,,,,602881,,,2547062,,,818217,6133459,,,,,,,,,,,,,,5895,551741,2942300,0
,,,,891322,,,2236,百達-KY,,,-370094,,,,,,,,,,,,,,,,,,,,2,上市,114,,,,,,,,,,,,,,,,,,,,,,1902896,,,,1851441,,0,,34.60,4903539,5062779,,,,,,,,,553542,,,5527199,,,776671,7430095,,,,,,,,,,,,,,51455,623660,2367316,0
,,,,-94832,,,2237,華德動能-創,,,-25709,,,,,,,,,,,,,,,,,,,,2,上市,114,,,,,,0,,,,,,,,,,,,,,,,1091214,,,,1091214,,0,,9.03,1373620,2186045,,,,,,,,,1207989,,,1721326,,,3766,2812540,,,,,,,,,,,,,,0,347706,626495,0
,,,,2641280,,,2239,英利-KY,,,-2478124,,,,,,,,,,,,,,,,,,,,2,上市,114,,,,,,0,,,,,,,,,,,,,,,,15767266,,,,10588509,,0,,87.98,13104189,17347177,,,,,,,,,1203466,,,17754296,,,9221887,33521562,,,,,,,,,,,,,,5178757,4650107,16174385,0
,,,,-768507,,,2241,艾姆勒,,,-8686,,,,,,,,,,,,,,,,,,,,2,上市,114,,,,,,0,,,,,,,,,,,,,,,,1458255,,,,1361031,,0,,13.01,273207,793017,,,,,,,,,1046023,,,651404,,,1092201,2109659,,,,,,,,,,,,,,97224,378197,1316642,0
,,,,-530341,,,2243,宏旭-KY,,,-109041,,,,,,,,,,,,,,,,,,,,2,上市,114,,,,,,0,,,,,,,,,,,,,,,,676662,,,,676662,,0,,9.75,2135208,2345641,,,,,,,,,693736,,,2270804,,,622308,2947466,,,,,,,,,,,,,,,135596,601825,0
,,,,7585916,,,2247,汎德永業,,,27499,,,,,,,,,,,,,,,,,,,,2,上市,114,,,,,,,,,,,,,,,,,,,,,,12775177,,,,12775177,,0,,158.29,5865528,13257165,,,,,,,,,807087,,,10751777,,,4354675,23526954,,,,,,,,,,,,,,,4886249,10269789,0
,,,,544533,,,2248,華勝-KY,,,-144510,,,,,,,,,,,,,,,,,,,,2,上市,114,,,,,,,,,,,,,,,,,,,,,,1368876,,,,1368876,,0,,28.76,1192157,2014315,,,,,,,,,476000,,,1210194,,,492853,2579070,,,,,,,,,,,,,,,18037,564755,0
,,,,711588,,,2250,IKKA-KY,,,-233967,,,,,,,,,,,,,,,,,,,,2,上市,114,0,,,,,0,,,,,,,,,,,,,,,,1971725,,,,1971725,,0,,56.97,1157065,2541177,,,,,,,,,362707,,,1545822,,,1131397,3517547,,,,,,,,,,,,,,,388757,976370,0
,,,,11340,,,2254,巨鎧精密-創,,,236214,,,,,,,,,,,,,,,,,,,,2,上市,114,-8891,,,,,0,,,,,,,,,,,,,,,,1166158,,,,1166158,,137000,,18.29,724121,273316,,,,,,,,,639077,,,1130254,,,288418,2296412,,,,,,,,,,,,,,,406133,2023096,0
,,,,-7615206,,,2258,鴻華先進-創,,,-6339,,,,,,,,,,,,,,,,,,,,2,上市,114,,,,,,0,,,,,,,,,,,,,,,,15864412,,,,15864412,,0,,9.11,1198813,5184753,,,,,,,,,17413140,,,2293692,,,6072817,18158104,,,,,,,,,,,,,,,1094879,12973351,0
,,,,47200932,,,2301,光寶科,,,-7484923,,,,,,,,,,,,,,,,,,,,2,上市,114,-5022548,,,,,,,,,,,,,,,,,,,,,80639739,,,,80489113,,71223221,,35.46,108243082,156455283,,,,,,,,,23409948,,,114229781,,,22385704,194869520,,,,,,,,,,,,,,150626,5986699,38414237,0
,,,,183012,,,2302,麗正,,,-117325,,,,,,,,,,,,,,,,,,,,2,上市,114,,,,,,,,,,,,,,,,,,,,,,1728725,,,,1728725,,0,,10.40,791670,989773,,,,,,,,,1663029,,,865243,,,9,2593968,,,,,,,,,,,,,,0,73573,1604195,0
,,,,207730299,,,2303,聯電,,,-11446540,,,,,,,,,,,,,,,,,,,,2,上市,114,,,,,,,,,,,,,,,,,,,,,,337045506,,,,336871499,,0,,26.83,110392714,195174888,,,,,,,,,125565077,,,211098060,,,15022663,548143566,,,,,,,,,,,,,,174007,100705346,352968678,0
,,,,-56494,,,2305,全友,,,192926,,,,,,,,,,,,,,,,,,,,2,上市,114,-49781,,,,,,,,,,,,,,,,,,,,,2234234,,,,2143259,,2934365,,10.57,256952,1424348,,,,,,,,,2056608,,,582131,,,0,2816365,,,,,,,,,,,,,,90975,325179,1392017,0
,,,,147455841,,,2308,台達電,,,-16337834,,,,,,,,,,,,,,,,,,,,2,上市,114,,,,,,0,,,,,,,,,,,,,,,,260897863,,,,212197761,,0,,81.69,183955819,331615258,,,,,,,,,25975433,,,285521053,,,55104321,546418916,,,,,,,,,,,,,,48700102,101565234,214803658,0
,,,,2376234,,,2312,金寶,,,669415,,,,,,,,,,,,,,,,,,,,2,上市,114,0,,,,,,,,,,,,,,,,,,,,,32458308,,,,19893877,,0,,13.22,46849808,64753082,,,,,,,,,15049932,,,70172634,,,1798296,102630942,,,,,,,,,,,,,,12564431,23322826,37877860,0
,,,,29741242,,,2313,華通,,,-1773829,,,,,,,,,,,,,,,,,,,,2,上市,114,,,,,,0,,,,,,,,,,,,,,,,40945845,,,,40945845,,0,,34.36,27292330,43621984,,,,,,,,,11918206,,,39746327,,,1060226,80692172,,,,,,,,,,,,,,,12453997,37070188,0
,,,,-2878652,,,2314,台揚,,,-375600,,,,,,,,,,,,,,,,,,,,2,上市,114,,,,,,0,,,,,,,,,,,,,,,,357927,,,,357927,,0,,1.42,2224142,1773927,,,,,,,,,2520283,,,2956536,,,1091896,3314463,,,,,,,,,,,,,,,732394,1540536,0
,,,,8901975,,,2316,楠梓電,,,-992699,,,,,,,,,,,,,,,,,,,,2,上市,114,-93017,,,,,,,,,,,,,,,,,,,,,10258709,,,,10258709,,1306059,,56.54,2863937,6186781,,,,,,,,,1827405,,,5632307,,,615045,15891016,,,,,,,,,,,,,,,2768370,9704235,0
,,,,1356552493,,,2317,鴻海,,,-233720314,,,,,,,,,,,,,,,,,,,,2,上市,114,-15194,,,,,0,,,,,,,,,,,,,,,,1631607580,,,,1460387759,,1483078,,105.14,2130491261,3159842208,,,,,,,,,138917408,,,2507334694,,,198653366,4138942274,,,,,,,,,,,,,,171219821,376843433,979100066,0
,,,,-112586,,,2321,東訊,,,15500,,,,,,,,,,,,,,,,,,,,2,上市,114,-13812,,,,,0,,,,,,,,,,,,,,,,441177,,,,198058,,317689,,6.61,433703,639581,,,,,,,,,302719,,,825057,,,6237,1266234,,,,,,,,,,,,,,243119,391354,626653,0
,,,,-498096,,,2323,中環,,,-219520,,,,,,,,,,,,,,,,,,,,2,上市,114,,,,,,0,,,,,,,,,,,,,,,,16939884,,,,16606987,,0,,15.24,5773029,16788618,,,,,,,,,10893483,,,9842174,,,6431120,26782058,,,,,,,,,,,,,,332897,4069145,9993440,0
,,,,74868149,,,2324,仁寶,,,-213508,,,,,,,,,,,,,,,,,,,,2,上市,114,-881247,,,,,,,,,,,,,,,,,,,,,134894376,,,,121459435,,50017431,,27.88,228451918,310932051,,,,,,,,,44071466,,,246887733,,,3614575,381782109,,,,,,,,,,,,,,13434941,18435815,70850058,0
,,,,100994093,,,2327,國巨*,,,-5073653,,,,,,,,,,,,,,,,,,,,2,上市,114,-2030720,,,,,,,,,,,,,,,,,,,,,149017406,,,,146917248,,4142030,,285.78,134741942,153961512,,,,,,,,,5182415,,,204872666,,,47845113,353890072,,,,,,,,,,,,,,2100158,70130724,199928560,0
,,,,8490173,,,2328,廣宇,,,-2060267,,,,,,,,,,,,,,,,,,,,2,上市,114,,,,,,0,,,,,,,,,,,,,,,,15215068,,,,13116974,,0,,25.31,7301246,16559280,,,,,,,,,5183462,,,7797951,,,1503606,23013019,,,,,,,,,,,,,,2098094,496705,6453739,0
,,,,3768383,,,2329,華泰,,,-496039,,,,,,,,,,,,,,,,,,,,2,上市,114,,,,,,0,,,,,,,,,,,,,,,,11153430,,,,11153430,,0,,15.06,8144207,11183341,,,,,,,,,7404083,,,9163846,,,477003,20317276,,,,,,,,,,,,,,,1019639,9133935,0
,,,,4430887293,,,2330,台積電,,,-182465738,,,,,,,,,,,,,,,,,,,,2,上市,114,0,,,,,,,,,,,,,,,,,,,,,4616631850,,,,4581073975,,0,,176.65,1377314334,3264917475,,,,,,,,,259326155,,,2389717699,,,73326265,7006349549,,,,,,,,,,,,,,35557875,1012403365,3741432074,0
,,,,1627539,,,2331,精英,,,-1890280,,,,,,,,,,,,,,,,,,,,2,上市,114,,,,,,0,,,,,,,,,,,,,,,,10757450,,,,10748612,,0,,19.28,10175962,13171814,,,,,,,,,5574030,,,11175705,,,5437323,21933155,,,,,,,,,,,,,,8838,999743,8761341,0
,,,,2765133,,,2332,友訊,,,-1684599,,,,,,,,,,,,,,,,,,,,2,上市,114,-82823,,,,,0,,,,,,,,,,,,,,,,10850347,,,,8368896,,5434069,,14.02,4125514,10753248,,,,,,,,,6023297,,,5021779,,,1347888,15872126,,,,,,,,,,,,,,2481451,896265,5118878,0
,,,,21318031,,,2337,旺宏,,,2171279,,,,,,,,,,,,,,,,,,,,2,上市,114,-159061,,,,,,,,,,,,,,,,,,,,,42466913,,,,42463836,,1956619,,22.91,10309424,29045896,,,,,,,,,18558264,,,34927697,,,575323,77394610,,,,,,,,,,,,,,3077,24618273,48348714,0
,,,,209753,,,2338,光罩,,,-31253,,,,,,,,,,,,,,,,,,,,2,上市,114,-1167369,,,,,0,,,,,,,,,,,,,,,,3299153,,,,3198146,,42793440,,14.97,9810484,5220529,,,,,,,,,2564562,,,15314283,,,1622453,18613436,,,,,,,,,,,,,,101007,5503799,13392907,0
,,,,972212,,,2340,台亞,,,-117049,,,,,,,,,,,,,,,,,,,,2,上市,114,-23172,,,,,,,,,,,,,,,,,,,,,7349895,,,,6960733,,754543,,15.90,4017919,5581780,,,,,,,,,4386228,,,7479137,,,1742514,14829032,,,,,,,,,,,,,,389162,3461218,9247252,0
,,,,296904,,,2342,茂矽,,,-105691,,,,,,,,,,,,,,,,,,,,2,上市,114,,,,,,0,,,,,,,,,,,,,,,,2390578,,,,2369672,,0,,15.04,659230,1781381,,,,,,,,,1575967,,,955120,,,602492,3345698,,,,,,,,,,,,,,20906,295890,1564317,0
,,,,25273240,,,2344,華邦電,,,3631715,,,,,,,,,,,,,,,,,,,,2,上市,114,,,,,,,,,,,,,,,,,,,,,,94303608,,,,87662743,,0,,19.48,42031009,64974715,,,,,,,,,45000002,,,85268971,,,13757786,179572579,,,,,,,,,,,,,,6640865,43237962,114597864,0
,,,,30940892,,,2345,智邦,,,1760107,,,,,,,,,,,,,,,,,,,,2,上市,114,-50999,,,,,,,,,,,,,,,,,,,,,39287095,,,,39176251,,2209867,,70.09,70804303,96677222,,,,,,,,,5611179,,,73784149,,,915072,113071244,,,,,,,,,,,,,,110844,2979846,16394022,0
,,,,50189898,,,2347,聯強,,,-16268981,,,,,,,,,,,,,,,,,,,,2,上市,114,,,,,,0,,,,,,,,,,,,,,,,66939249,,,,64082600,,0,,38.42,105711905,158181120,,,,,,,,,16679470,,,129739720,,,13482213,196678969,,,,,,,,,,,,,,2856649,24027815,38497849,0
,,,,4196928,,,2348,海悅,,,443274,,,,,,,,,,,,,,,,,,,,2,上市,114,-10295,,,,,0,,,,,,,,,,,,,,,,9569409,,,,7802794,,164000,,42.94,10631134,33526063,,,,,,,,,1818989,,,34680593,,,1353898,44250002,,,,,,,,,,,,,,1766615,24049459,10723939,0
,,,,-1941017,,,2349,錸德,,,-1010813,,,,,,,,,,,,,,,,,,,,2,上市,114,,,,,,0,,,,,,,,,,,,,,,,9165048,,,,5294721,,0,,7.63,3668671,7618963,,,,,,,,,6936797,,,7901341,,,1309754,17066389,,,,,,,,,,,,,,3870327,4232670,9447426,0
,,,,4426654,,,2351,順德,,,-198818,,,,,,,,,,,,,,,,,,,,2,上市,114,,,,,,0,,,,,,,,,,,,,,,,6917455,,,,6628797,,0,,36.39,3294742,6910297,,,,,,,,,1821403,,,5390536,,,579558,12307991,,,,,,,,,,,,,,288658,2095794,5397694,0
,,,,16193444,,,2352,佳世達,,,-8951040,,,,,,,,,,,,,,,,,,,,2,上市,114,,,,,,,,,,,,,,,,,,,,,,57332773,,,,28744953,,0,,14.91,96487825,113856482,,,,,,,,,19274470,,,139483351,,,2228079,196816124,,,,,,,,,,,,,,28587820,42995526,82959642,0
,,,,16090246,,,2353,宏碁,,,-3372355,,,,,,,,,,,,,,,,,,,,2,上市,114,-2712774,,,,,0,,,,,,,,,,,,,,,,75604356,,,,68453064,,41646290,,22.77,117642385,151680960,,,,,,,,,30478538,,,147161802,,,27969409,222766158,,,,,,,,,,,,,,7151292,29519417,71085198,0
,,,,92898451,,,2354,鴻準,,,-19186111,,,,,,,,,,,,,,,,,,,,2,上市,114,,,,,,0,,,,,,,,,,,,,,,,95133084,,,,95433580,,0,,67.47,66034898,134114435,,,,,,,,,14144852,,,67008426,,,7576388,162141510,,,,,,,,,,,,,,-300496,973528,28027075,0
,,,,11206791,,,2355,敬鵬,,,-971301,,,,,,,,,,,,,,,,,,,,2,上市,114,,,,,,0,,,,,,,,,,,,,,,,15791513,,,,15791035,,0,,39.73,5820349,12797012,,,,,,,,,3974954,,,6962854,,,1580591,22754367,,,,,,,,,,,,,,478,1142505,9957355,0
,,,,31129270,,,2356,英業達,,,-5467576,,,,,,,,,,,,,,,,,,,,2,上市,114,,,,,,0,,,,,,,,,,,,,,,,63572269,,,,64428579,,0,,17.96,252532607,277334517,,,,,,,,,35874751,,,268944603,,,2892134,332516872,,,,,,,,,,,,,,-856310,16411996,55182355,0
,,,,179943673,,,2357,華碩,,,39996233,,,,,,,,,,,,,,,,,,,,2,上市,114,,,,,,,,,,,,,,,,,,,,,,268731714,,,,244190025,,,,328.76,273688762,397445520,,,,,,,,,7427603,,,299881174,,,16822516,568612888,,,,,,,,,,,,,,24541689,26192412,171167368,
,,,,2909271,,,2359,所羅門,,,-165791,,,,,,,,,,,,,,,,,,,,2,上市,114,-6042,,,,,0,,,,,,,,,,,,,,,,5831467,,,,5363500,,100432,,31.30,3662730,7680418,,,,,,,,,1714711,,,3890704,,,911351,9722171,,,,,,,,,,,,,,467967,227974,2041753,0
,,,,15258406,,,2360,致茂,,,-108920,,,,,,,,,,,,,,,,,,,,2,上市,114,-30868,,,,,,,,,,,,,,,,,,,,,24486062,,,,23968056,,1654579,,56.58,12363916,21314761,,,,,,,,,4252737,,,16298709,,,4596701,40784771,,,,,,,,,,,,,,518006,3934793,19470010,0
,,,,39349324,,,2362,藍天,,,-6481703,,,,,,,,,,,,,,,,,,,,2,上市,114,-873442,,,,,0,,,,,,,,,,,,,,,,38341714,,,,38341714,,44263265,,66.34,14693480,17897121,,,,,,,,,6222630,,,54836617,,,124905,93178331,,,,,,,,,,,,,,,40143137,75281210,0
,,,,4841505,,,2363,矽統,,,4940844,,,,,,,,,,,,,,,,,,,,2,上市,114,,,,,,,,,,,,,,,,,,,,,,16850506,,,,16737822,,1,,32.50,1331759,3690124,,,,,,,,,5149882,,,1353401,,,1805591,18203907,,,,,,,,,,,,,,112684,21642,14513783,0
,,,,136564,,,2364,倫飛,,,24986,,,,,,,,,,,,,,,,,,,,2,上市,114,,,,,,0,,,,,,,,,,,,,,,,659854,,,,685482,,0,,17.01,852838,984397,,,,,,,,,523897,,,907833,,,35,1567687,,,,,,,,,,,,,,-25628,54995,583290,0
,,,,1134992,,,2365,昆盈,,,-660925,,,,,,,,,,,,,,,,,,,,2,上市,114,,,,,,,,,,,,,,,,,,,,,,2949371,,,,2916804,,0,,13.17,310626,1783655,,,,,,,,,2215285,,,578102,,,227452,3527473,,,,,,,,,,,,,,32567,267476,1743818,0
,,,,1759195,,,2367,燿華,,,-587386,,,,,,,,,,,,,,,,,,,,2,上市,114,-76289,,,,,0,,,,,,,,,,,,,,,,11906048,,,,11906048,,3154000,,16.86,7313261,7870454,,,,,,,,,7094072,,,10219976,,,3716456,22126024,,,,,,,,,,,,,,,2906715,14255570,0
,,,,14202975,,,2368,金像電,,,-595532,,,,,,,,,,,,,,,,,,,,2,上市,114,-92754,,,,,0,,,,,,,,,,,,,,,,20599752,,,,20599752,,5151375,,42.33,23591821,37172998,,,,,,,,,4918395,,,31313728,,,2166668,51913480,,,,,,,,,,,,,,,7721907,14740482,0
,,,,253381,,,2369,菱生,,,-48648,,,,,,,,,,,,,,,,,,,,2,上市,114,-176415,,,,,,,,,,,,,,,,,,,,,5058814,,,,4869956,,5658911,,13.01,1567892,3475800,,,,,,,,,3801023,,,2186686,,,1040615,7245500,,,,,,,,,,,,,,188858,618794,3769700,0
,,,,30537166,,,2371,大同,,,3719633,,,,,,,,,,,,,,,,,,,,2,上市,114,-2215590,,,,,0,,,,,,,,,,,,,,,,64463209,,,,57015481,,104778243,,27.87,40882653,68912613,,,,,,,,,21508349,,,75372037,,,3465923,139835246,,,,,,,,,,,,,,7447728,34489384,70922633,0
,,,,3717148,,,2373,震旦行,,,-920370,,,,,,,,,,,,,,,,,,,,2,上市,114,-791826,,,,,,,,,,,,,,,,,,,,,7491778,,,,6288671,,12496797,,28.11,5340781,8996545,,,,,,,,,2362025,,,9644312,,,1921694,17136090,,,,,,,,,,,,,,1203107,4303531,8139545,0
,,,,2704458,,,2374,佳能,,,-563193,,,,,,,,,,,,,,,,,,,,2,上市,114,0,,,,,0,,,,,,,,,,,,,,,,6989800,,,,6767913,,0,,23.39,3344202,5234858,,,,,,,,,3240871,,,3383868,,,1385777,10373668,,,,,,,,,,,,,,221887,39666,5138810,0
,,,,3972137,,,2375,凱美,,,-771792,,,,,,,,,,,,,,,,,,,,2,上市,114,,,,,,0,,,,,,,,,,,,,,,,9020029,,,,9020029,,0,,83.00,3978412,5921207,,,,,,,,,1086753,,,4502560,,,4732931,13522589,,,,,,,,,,,,,,,524148,7601382,0
,,,,31988712,,,2376,技嘉,,,-697583,,,,,,,,,,,,,,,,,,,,2,上市,114,,,,,,0,,,,,,,,,,,,,,,,53543550,,,,51995535,,0,,77.62,81923975,144071785,,,,,,,,,6698889,,,101343726,,,14005517,154887276,,,,,,,,,,,,,,1548015,19419751,10815491,0
,,,,42284453,,,2377,微星,,,-1803883,,,,,,,,,,,,,,,,,,,,2,上市,114,,,,,,0,,,,,,,,,,,,,,,,49735751,,,,49735751,,0,,58.87,63504414,109188630,,,,,,,,,8448562,,,70992166,,,806619,120727917,,,,,,,,,,,,,,,7487752,11539287,0
,,,,36527001,,,2379,瑞昱,,,1339029,,,,,,,,,,,,,,,,,,,,2,上市,114,,,,,,0,,,,,,,,,,,,,,,,43291613,,,,43281948,,0,,84.39,78437604,93591093,,,,,,,,,5128636,,,81570641,,,287282,124862254,,,,,,,,,,,,,,9665,3133037,31271161,0
,,,,-1578385,,,2380,虹光,,,-263193,,,,,,,,,,,,,,,,,,,,2,上市,114,-6669,,,,,0,,,,,,,,,,,,,,,,431615,,,,429966,,195879,,1.98,1368227,1362144,,,,,,,,,2169341,,,1520822,,,108872,1952437,,,,,,,,,,,,,,1649,152595,590293,0
,,,,146695277,,,2382,廣達,,,-14500050,,,,,,,,,,,,,,,,,,,,2,上市,114,-333094,,,,,0,,,,,,,,,,,,,,,,195625035,,,,187902263,,8108885,,48.75,742280861,888258361,,,,,,,,,38626274,,,782193801,,,17413856,977818836,,,,,,,,,,,,,,7722772,39912940,89560475,0
,,,,27050563,,,2383,台光電,,,-2516391,,,,,,,,,,,,,,,,,,,,2,上市,114,,,,,,0,,,,,,,,,,,,,,,,36391172,,,,36408195,,0,,103.29,39643325,59966412,,,,,,,,,3524741,,,51219480,,,8349282,87610652,,,,,,,,,,,,,,-17023,11576155,27644240,0
,,,,23979393,,,2385,群光,,,-4871823,,,,,,,,,,,,,,,,,,,,2,上市,114,-273574,,,,,0,,,,,,,,,,,,,,,,43806225,,,,37106195,,32363233,,50.99,48730463,68395285,,,,,,,,,7600532,,,49531023,,,10671667,93337248,,,,,,,,,,,,,,6700030,800560,24941963,0
,,,,8728463,,,2387,精元,,,-1463515,,,,,,,,,,,,,,,,,,,,2,上市,114,-23737,,,,,0,,,,,,,,,,,,,,,,10285939,,,,9319823,,1730000,,48.16,7016253,13986936,,,,,,,,,1952510,,,7919291,,,126102,18205230,,,,,,,,,,,,,,966116,903038,4218294,0
,,,,7220001,,,2388,威盛,,,-461974,,,,,,,,,,,,,,,,,,,,2,上市,114,,,,,,,,,,,,,,,,,,,,,,20964838,,,,19594725,,0,,35.27,10371794,23452404,,,,,,,,,5556498,,,11819314,,,7280200,32784152,,,,,,,,,,,,,,1370113,1447520,9331748,61000
,,,,-111502,,,2390,云辰,,,-55143,,,,,,,,,,,,,,,,,,,,2,上市,114,,,,,,,,,,,,,,,,,,,,,,2371237,,,,2371237,,0,,12.31,304176,1672350,,,,,,,,,1926194,,,316101,,,611688,2687338,,,,,,,,,,,,,,0,11925,1014988,0
,,,,10153687,,,2392,正崴,,,-4227200,,,,,,,,,,,,,,,,,,,,2,上市,114,-622774,,,,,0,,,,,,,,,,,,,,,,33856710,,,,21429844,,49503000,,46.30,77435573,84364063,,,,,,,,,5123269,,,103215835,,,11002862,137072545,,,,,,,,,,,,,,12426866,25780262,52708482,0
,,,,6222585,,,2393,億光,,,-1237399,,,,,,,,,,,,,,,,,,,,2,上市,114,,,,,,,,,,,,,,,,,,,,,,18724383,,,,18238089,,0,,41.13,10207900,20349420,,,,,,,,,4433931,,,11074819,,,8818972,29799202,,,,,,,,,,,,,,486294,866919,9449782,0
,,,,27278448,,,2395,研華,,,252701,,,,,,,,,,,,,,,,,,,,2,上市,114,,,,,,,,,,,,,,,,,,,,,,47891451,,,,47749740,,0,,55.24,22149711,43336389,,,,,,,,,8643744,,,26358961,,,11574847,74250412,,,,,,,,,,,,,,141711,4209250,30914023,207320
,,,,1357173,,,2397,友通,,,-145672,,,,,,,,,,,,,,,,,,,,2,上市,114,,,,,,0,,,,,,,,,,,,,,,,5540156,,,,3255021,,0,,28.43,4127082,6725982,,,,,,,,,1144889,,,6177615,,,898631,11717771,,,,,,,,,,,,,,2285135,2050533,4991789,0
,,,,262367,,,2399,映泰,,,7622,,,,,,,,,,,,,,,,,,,,2,上市,114,,,,,,,,,,,,,,,,,,,,,,2117767,,,,2117767,,0,,11.89,433875,2100013,,,,,,,,,1781000,,,471301,,,66778,2589068,,,,,,,,,,,,,,,37426,489055,0
,,,,1803843,,,2401,凌陽,,,-631765,,,,,,,,,,,,,,,,,,,,2,上市,114,-63401,,,,,,,,,,,,,,,,,,,,,10400127,,,,8167629,,3559996,,13.88,2450520,8545413,,,,,,,,,5919949,,,3652089,,,1139003,14052216,,,,,,,,,,,,,,2232498,1201569,5506803,0
,,,,1614306,,,2402,毅嘉,,,-843935,,,,,,,,,,,,,,,,,,,,2,上市,114,-19932,,,,,,,,,,,,,,,,,,,,,6033082,,,,6033082,,1234000,,19.70,5035321,7630524,,,,,,,,,3075366,,,6559808,,,2207277,12592890,,,,,,,,,,,,,,,1524487,4962366,0
,,,,10216498,,,2404,漢唐,,,225134,,,,,,,,,,,,,,,,,,,,2,上市,114,-382633,,,,,0,,,,,,,,,,,,,,,,12704590,,,,12431119,,2000000,,65.92,54034451,63646816,,,,,,,,,1905867,,,54894474,,,466253,67599064,,,,,,,,,,,,,,273471,860023,3952248,0
,,,,75253,,,2405,輔信,,,-83313,,,,,,,,,,,,,,,,,,,,2,上市,114,,,,,,,,,,,,,,,,,,,,,,3589155,,,,3467038,,0,,10.10,566169,1808415,,,,,,,,,3434273,,,698978,,,40825,4288133,,,,,,,,,,,,,,122117,132809,2479718,0
,,,,-99781,,,2406,國碩,,,-140347,,,,,,,,,,,,,,,,,,,,2,上市,114,,,,,,,,,,,,,,,,,,,,,,8187653,,,,3609889,,0,,10.29,2029905,5775596,,,,,,,,,3509057,,,7154612,,,340960,15342265,,,,,,,,,,,,,,4577764,5124707,9566669,0
,,,,91435227,,,2408,南亞科,,,-660914,,,,,,,,,,,,,,,,,,,,2,上市,114,,,,,,0,,,,,,,,,,,,,,,,154665851,,,,154665851,,0,,49.91,24178384,100853562,,,,,,,,,30986279,,,49079275,,,32905259,203745126,,,,,,,,,,,,,,,24900891,102891564,0
,,,,33223759,,,2409,友達,,,-7030467,,,,,,,,,,,,,,,,,,,,2,上市,114,0,,,,,,,,,,,,,,,,,,,,,156845834,,,,147558293,,0,,19.55,108578011,128836309,,,,,,,,,75470990,,,223098751,,,45894011,379944585,,,,,,,,,,,,,,9287541,114520740,251108276,0
,,,,116380667,,,2412,中華電,,,1192573,,,,,,,,,,,,,,,,,,,,2,上市,114,,,,,,,,,,,,,,,,,,,,,,379623222,,,,366734843,,0,,47.28,111629891,128697558,,,,,,,,,77574465,,,164861133,,,171587138,544484355,,,,,,,,,,,,,,12888379,53231242,415786797,0
,,,,547123,,,2413,環科,,,-414991,,,,,,,,,,,,,,,,,,,,2,上市,114,0,,,,,,,,,,,,,,,,,,,,,1779191,,,,1779017,,0,,13.97,1019267,2479743,,,,,,,,,1273592,,,2136122,,,373293,3915313,,,,,,,,,,,,,,174,1116855,1435570,0
,,,,1066597,,,2414,精技,,,-12943,,,,,,,,,,,,,,,,,,,,2,上市,114,,,,,,0,,,,,,,,,,,,,,,,4081298,,,,2967171,,0,,18.35,6351542,8940343,,,,,,,,,1617358,,,6605568,,,296159,10686866,,,,,,,,,,,,,,1114127,254026,1746523,0
,,,,520667,,,2415,錩新,,,-204836,,,,,,,,,,,,,,,,,,,,2,上市,114,,,,,,,,,,,,,,,,,,,,,,2692836,,,,1429685,,0,,15.89,5108770,7192477,,,,,,,,,900000,,,5872462,,,213854,8565298,,,,,,,,,,,,,,1263151,763692,1372821,0
,,,,996394,,,2417,圓剛,,,-32083,,,,,,,,,,,,,,,,,,,,2,上市,114,-609412,,,,,0,,,,,,,,,,,,,,,,3770389,,,,2694890,,25638600,,20.42,1577419,3276961,,,,,,,,,1576189,,,1908893,,,763802,5679282,,,,,,,,,,,,,,1075499,331474,2402321,0
,,,,205037,,,2419,仲琦,,,25558,,,,,,,,,,,,,,,,,,,,2,上市,114,,,,,,0,,,,,,,,,,,,,,,,5833071,,,,4597054,,0,,14.31,4092056,8355999,,,,,,,,,3213172,,,4648069,,,1153287,10481140,,,,,,,,,,,,,,1236017,556013,2125141,0
,,,,1975499,,,2420,新巨,,,-71902,,,,,,,,,,,,,,,,,,,,2,上市,114,,,,,,,,,,,,,,,,,,,,,,3585737,,,,3568135,,0,,23.37,1171637,2459031,,,,,,,,,1526487,,,2193367,,,138051,5779104,,,,,,,,,,,,,,17602,1021730,3320073,0
,,,,3638230,,,2421,建準,,,-539010,,,,,,,,,,,,,,,,,,,,2,上市,114,-77943,,,,,,,,,,,,,,,,,,,,,7274502,,,,7274502,,904000,,26.69,7536970,12208931,,,,,,,,,2734437,,,8373637,,,1518788,15648139,,,,,,,,,,,,,,0,836667,3439208,0
,,,,1374299,,,2423,固緯,,,-191408,,,,,,,,,,,,,,,,,,,,2,上市,114,,,,,,0,,,,,,,,,,,,,,,,2637520,,,,2637520,,0,,18.18,968325,2427896,,,,,,,,,1450472,,,1087795,,,4157,3725315,,,,,,,,,,,,,,,119470,1297419,0
,,,,-326643,,,2424,隴華,,,1350,,,,,,,,,,,,,,,,,,,,2,上市,114,,,,,,0,,,,,,,,,,,,,,,,319238,,,,295617,,0,,5.07,145671,211115,,,,,,,,,583450,,,183576,,,37460,502814,,,,,,,,,,,,,,23621,37905,291699,0
,,,,1330878,,,2425,承啟,,,-61926,,,,,,,,,,,,,,,,,,,,2,上市,114,,,,,,0,,,,,,,,,,,,,,,,2614447,,,,2234040,,0,,23.15,1663590,4171695,,,,,,,,,964988,,,1746431,,,100,4360878,,,,,,,,,,,,,,380407,82841,189183,0
,,,,579034,,,2426,鼎元,,,-54193,,,,,,,,,,,,,,,,,,,,2,上市,114,,,,,,,,,,,,,,,,,,,,,,3776670,,,,3776670,,0,,12.56,871901,2721890,,,,,,,,,3006223,,,1047486,,,245606,4824156,,,,,,,,,,,,,,0,175585,2102266,0
,,,,767512,,,2427,三商電,,,50548,,,,,,,,,,,,,,,,,,,,2,上市,114,,,,,,,,,,,,,,,,,,,,,,3124489,,,,3124489,,0,,15.84,2359992,4956015,,,,,,,,,1973013,,,3883234,,,333416,7007723,,,,,,,,,,,,,,0,1523242,2051708,0
,,,,8713095,,,2428,興勤,,,-728022,,,,,,,,,,,,,,,,,,,,2,上市,114,,,,,,,,,,,,,,,,,,,,,,9731858,,,,9619107,,0,,75.08,2797208,8973083,,,,,,,,,1281127,,,5218737,,,352907,14950595,,,,,,,,,,,,,,112751,2421529,5977512,0
,,,,-461474,,,2429,銘旺科,,,-13745,,,,,,,,,,,,,,,,,,,,2,上市,114,,,,,,0,,,,,,,,,,,,,,,,847324,,,,830980,,0,,9.72,221914,343068,,,,,,,,,855000,,,501999,,,451199,1349323,,,,,,,,,,,,,,16344,280085,1006255,0
,,,,2001998,,,2430,燦坤,,,-75817,,,,,,,,,,,,,,,,,,,,2,上市,114,,,,,,,,,,,,,,,,,,,,,,4345021,,,,4345021,,0,,37.20,4918765,4217273,,,,,,,,,1168000,,,9347773,,,1250840,13692794,,,,,,,,,,,,,,,4429008,9475521,0
,,,,66586,,,2431,聯昌,,,-100617,,,,,,,,,,,,,,,,,,,,2,上市,114,,,,,,0,,,,,,,,,,,,,,,,1234577,,,,1234577,,0,,11.13,131841,1011703,,,,,,,,,1109270,,,149555,,,159338,1384132,,,,,,,,,,,,,,,17714,372429,0
,,,,169015,,,2432,倚天酷碁-創,0,,-112773,,,,,,,,,,,,,,,,,,,,2,上市,114,,,,,,0,,,,,,,,,,,,,,,,1097215,,,,1097215,,0,,17.74,592799,1490774,,,,,,,,,618600,,,614465,,,422373,1711680,,,,,,,,,,,,,,,21666,220906,0
,,,,1263059,,,2433,互盛電,,,326256,,,,,,,,,,,,,,,,,,,,2,上市,114,,,,,,,,,,,,,,,,,,,,,,3756704,,,,3076918,,0,,21.29,1925008,3533743,,,,,,,,,1444960,,,3353207,,,42643,7109911,,,,,,,,,,,,,,679786,1428199,3576168,0
,,,,-36,,,2434,統懋,,,-10147,,,,,,,,,,,,,,,,,,,,2,上市,114,,,,,,,,,,,,,,,,,,,,,,461236,,,,461236,,0,,12.47,104283,147835,,,,,,,,,370000,,,201685,,,101419,662921,,,,,,,,,,,,,,,97402,515086,0
,,,,1422060,,,2436,偉詮電,,,-149458,,,,,,,,,,,,,,,,,,,,2,上市,114,-206993,,,,,0,,,,,,,,,,,,,,,,3632942,,,,3112696,,3032000,,17.79,2043369,4398492,,,,,,,,,1780116,,,2198297,,,266971,5831239,,,,,,,,,,,,,,520246,154928,1432747,0
,,,,-221547,,,2438,翔耀,,,-65880,,,,,,,,,,,,,,,,,,,,2,上市,114,-17920,,,,,,,,,,,,,,,,,,,,,670477,,,,418927,,3000000,,6.74,598341,580133,,,,,,,,,651956,,,1012520,,,72318,1682997,,,,,,,,,,,,,,251550,414179,1102864,0
,,,,6329894,,,2439,美律,,,-1855154,,,,,,,,,,,,,,,,,,,,2,上市,114,,,,,,0,,,,,,,,,,,,,,,,16566402,,,,15436356,,0,,60.90,17063081,27345373,,,,,,,,,2534894,,,22638274,,,8426722,39204676,,,,,,,,,,,,,,1130046,5575193,11859303,0
,,,,-221716,,,2440,太空梭,,,-46348,,,,,,,,,,,,,,,,,,,,2,上市,114,,,,,,0,,,,,,,,,,,,,,,,1128218,,,,1128218,,0,,8.11,1079967,1858468,,,,,,,,,1391173,,,1161009,,,5109,2289227,,,,,,,,,,,,,,,81042,430759,0
,,,,15707580,,,2441,超豐,,,525362,,,,,,,,,,,,,,,,,,,,2,上市,114,,,,,,,,,,,,,,,,,,,,,,21926050,,,,21924067,,0,,38.54,5253418,11797938,,,,,,,,,5688459,,,5529213,,,2666,27455263,,,,,,,,,,,,,,1983,275795,15657325,0
,,,,2003396,,,2442,新美齊,,,12378,,,,,,,,,,,,,,,,,,,,2,上市,114,,,,,,0,,,,,,,,,,,,,,,,5545859,,,,4792749,,0,,18.31,18979952,24997343,,,,,,,,,2660083,,,21956267,,,116892,27502126,,,,,,,,,,,,,,753110,2976315,2504783,0
,,,,-273388,,,2444,兆勁,0,,-18639,,,,,,,,,,,,,,,,,,,,2,上市,114,0,,,,,,,,,,,,,,,,,,,,,854389,,,,854389,,0,,8.41,423492,1052557,,,,,,,,,1015696,,,930252,,,130720,1784641,,,,,,,,,,,,,,0,506760,732084,0
,,,,23976787,,,2449,京元電子,,,2648186,,,,,,,,,,,,,,,,,,,,2,上市,114,,,,,,,,,,,,,,,,,,,,,,43941725,,,,43933373,,0,,35.93,19012154,26304253,,,,,,,,,12227451,,,38906331,,,5080949,82848056,,,,,,,,,,,,,,8352,19894177,56543803,0
,,,,2900376,,,2450,神腦,,,-41659,,,,,,,,,,,,,,,,,,,,2,上市,114,,,,,,,,,,,,,,,,,,,,,,6188509,,,,6179443,,0,,23.93,3800621,6781248,,,,,,,,,2582527,,,4191792,,,738199,10380301,,,,,,,,,,,,,,9066,391171,3599053,0
,,,,11081094,,,2451,創見,,,-186387,,,,,,,,,,,,,,,,,,,,2,上市,114,,,,,,0,,,,,,,,,,,,,,,,17959393,,,,17959393,,0,,41.70,4285298,15755544,,,,,,,,,4307127,,,4492520,,,2757559,22451913,,,,,,,,,,,,,,,207222,6696369,0
,,,,1029245,,,2453,凌群,,,27921,,,,,,,,,,,,,,,,,,,,2,上市,114,0,,,,,0,,,,,,,,,,,,,,,,2068987,,,,2059125,,0,,20.59,2331677,3703601,,,,,,,,,1000000,,,2417694,,,1959,4486681,,,,,,,,,,,,,,9862,86017,783080,0
,,,,317467052,,,2454,聯發科,,,10665830,,,,,,,,,,,,,,,,,,,,2,上市,114,-55970,,,,,,,,,,,,,,,,,,,,,384527672,,,,376391299,,7794085,,236.15,258215059,349132017,,,,,,,,,16016580,,,284686729,,,32297807,669214401,,,,,,,,,,,,,,8136373,26471670,320082384,0
,,,,1107759,,,2455,全新,,,-42315,,,,,,,,,,,,,,,,,,,,2,上市,114,-98806,,,,,0,,,,,,,,,,,,,,,,2832433,,,,,,1012000,,15.40,1276229,2195511,,,,,,,,,1849059,,,1681351,,,16736,4513784,,,,,,,,,,,,,,,405122,2318273,0
,,,,629929,,,2457,飛宏,,,-725424,,,,,,,,,,,,,,,,,,,,2,上市,114,-158622,,,,,,,,,,,,,,,,,,,,,8637350,,,,8637350,,6436000,,20.33,4699556,9865145,,,,,,,,,4312084,,,6407463,,,4579383,15044813,,,,,,,,,,,,,,0,1707907,5179668,0
,,,,6253201,,,2458,義隆,0,,-24415,,,,,,,,,,,,,,,,,,,,2,上市,114,-833375,,,,,,,,,,,,,,,,,,,,0,9779969,,,,9593201,,17557199,,33.50,3176058,7606281,,,,,,,,,3038804,,,4593544,,,1158986,14373513,,,,,,,,,,,,,,186768,1417486,6767232,0
,,,,4060585,,,2459,敦吉,,,-374098,,,,,,,,,,,,,,,,,,,,2,上市,114,,,,,,,,,,,,,,,,,,,,,,5290042,,,,4924338,,0,,46.63,2949556,5870902,,,,,,,,,1055956,,,3051507,,,181895,8341549,,,,,,,,,,,,,,365704,101951,2470647,0
,,,,-84149,,,2460,建通,,,-265438,,,,,,,,,,,,,,,,,,,,2,上市,114,-43059,,,,,,,,,,,,,,,,,,,,,1570687,,,,1570687,,3301100,,9.47,2438048,2528448,,,,,,,,,1692000,,,2994295,,,271333,4564982,,,,,,,,,,,,,,,556247,2036534,0
,,,,779694,,,2461,光群雷,,,-563462,,,,,,,,,,,,,,,,,,,,2,上市,114,-49568,,,,,,,,,,,,,,,,,,,,,3426094,,,,2692168,,2864000,,15.73,2572595,3861032,,,,,,,,,1740173,,,3886818,,,785331,7312912,,,,,,,,,,,,,,733926,1314223,3451880,0
,,,,1251960,,,2462,良得電,,,-343867,,,,,,,,,,,,,,,,,,,,2,上市,114,,,,,,0,,,,,,,,,,,,,,,,2801446,,,,2783753,,0,,18.54,2450966,3161607,,,,,,,,,1501440,,,2758708,,,374220,5560154,,,,,,,,,,,,,,17693,307742,2398547,0
,,,,1931369,,,2464,盟立,,,-184555,,,,,,,,,,,,,,,,,,,,2,上市,114,,,,,,0,,,,,,,,,,,,,,,,4855958,,,,4788589,,0,,23.41,5301146,7973500,,,,,,,,,2045312,,,6817995,,,996463,11673953,,,,,,,,,,,,,,67369,1516849,3700453,0
,,,,-214385,,,2465,麗臺,,,-33443,,,,,,,,,,,,,,,,,,,,2,上市,114,,,,,,0,,,,,,,,,,,,,,,,598291,,,,598270,,0,,7.13,1862333,2143943,,,,,,,,,839460,,,1940156,,,6638,2538447,,,,,,,,,,,,,,21,77823,394504,0
,,,,-51523,,,2466,冠西電,,,-384407,,,,,,,,,,,,,,,,,,,,2,上市,114,,,,,,0,,,,,,,,,,,,,,,,1602495,,,,1602495,,0,,9.24,1484896,1011655,,,,,,,,,1734587,,,2354239,,,303838,3956734,,,,,,,,,,,,,,,869343,2945079,0
,,,,1170404,,,2467,志聖,,,1347396,,,,,,,,,,,,,,,,,,,,2,上市,114,-478899,,,,,0,,,,,,,,,,,,,,,,4493922,,,,4120142,,5981549,,27.33,4223302,5605653,,,,,,,,,1567553,,,6878551,,,513688,11372473,,,,,,,,,,,,,,373780,2655249,5766820,0
,,,,464040,,,2468,華經,,,-4677,,,,,,,,,,,,,,,,,,,,2,上市,114,,,,,,,,,,,,,,,,,,,,,,1221336,,,,1221336,,0,,17.46,1195195,1901443,,,,,,,,,699612,,,1307727,,,62361,2529063,,,,,,,,,,,,,,,112532,627620,0
,,,,165171,,,2471,資通,,,-8289,,,,,,,,,,,,,,,,,,,,2,上市,114,,,,,,0,,,,,,,,,,,,,,,,791392,,,,787918,,0,,16.67,668752,1277929,,,,,,,,,472539,,,750782,,,158497,1542174,,,,,,,,,,,,,,3474,82030,264245,0
,,,,4426348,,,2472,立隆電,,,-810977,,,,,,,,,,,,,,,,,,,,2,上市,114,0,,,,,0,,,,,,,,,,,,,,,,11277865,,,,7318221,,0,,44.42,4452764,10220158,,,,,,,,,1647351,,,5000613,,,2055499,16278478,,,,,,,,,,,,,,3959644,547849,6058320,0
,,,,132383453,,,2474,可成,,,-14521191,,,,,,,,,,,,,,,,,,,,2,上市,114,-5374746,,,,,,,,,,,,,,,,,,,,,137888022,,,,136052060,,25476000,,218.15,69662952,107405129,,,,,,,,,6491451,,,75992764,,,17073093,213880786,,,,,,,,,,,,,,1835962,6329812,106475657,0
,,,,4572544,,,2476,鉅祥,,,-245206,,,,,,,,,,,,,,,,,,,,2,上市,114,,,,,,,,,,,,,,,,,,,,,,7951737,,,,7358657,,0,,34.89,2246374,7763677,,,,,,,,,2108960,,,3670875,,,922359,11622612,,,,,,,,,,,,,,593080,1424501,3858935,0
,,,,2482937,,,2477,美隆電,,,-328033,,,,,,,,,,,,,,,,,,,,2,上市,114,,,,,,,,,,,,,,,,,,,,,,4045629,,,,3746920,,0,,23.63,2222431,4960919,,,,,,,,,1585732,,,3646193,,,6284,7691822,,,,,,,,,,,,,,298709,1423762,2730903,0
,,,,4151384,,,2478,大毅,,,-526292,,,,,,,,,,,,,,,,,,,,2,上市,114,-87880,,,,,,,,,,,,,,,,,,,,,6618117,,,,6509997,,2000000,,45.61,2265240,5312149,,,,,,,,,1447313,,,2937300,,,1525472,9555417,,,,,,,,,,,,,,108120,672060,4243268,0
,,,,1873839,,,2480,敦陽科,,,-30557,,,,,,,,,,,,,,,,,,,,2,上市,114,0,,,,,0,,,,,,,,,,,,,,,,3073399,,,,3073399,,0,,28.90,4113918,6263667,,,,,,,,,1063603,,,4185573,,,166514,7258972,,,,,,,,,,,,,,0,71655,995305,0
,,,,4461457,,,2481,強茂,,,-1280754,,,,,,,,,,,,,,,,,,,,2,上市,114,,,,,,,,,,,,,,,,,,,,,,14414571,,,,13108364,,0,,34.30,7913503,14225917,,,,,,,,,3821149,,,13380924,,,6106512,27795495,,,,,,,,,,,,,,1306207,5467421,13569578,0
,,,,203549,,,2482,連宇,,,-30574,,,,,,,,,,,,,,,,,,,,2,上市,114,,,,,,,,,,,,,,,,,,,,,,1098370,,,,1098367,,0,,14.10,236822,1011977,,,,,,,,,778827,,,267605,,,146565,1365975,,,,,,,,,,,,,,3,30783,353998,0
,,,,1161691,,,2483,百容,,,6401,,,,,,,,,,,,,,,,,,,,2,上市,114,-22029,,,,,,,,,,,,,,,,,,,,,2474865,,,,2464138,,1204000,,22.84,916716,1370567,,,,,,,,,1090938,,,1554379,,,227137,4029244,,,,,,,,,,,,,,10727,637663,2658677,0
,,,,1302736,,,2484,希華,,,-16367,,,,,,,,,,,,,,,,,,,,2,上市,114,,,,,,,,,,,,,,,,,,,,,,3609223,,,,3603341,,0,,22.60,682673,2258102,,,,,,,,,1594210,,,849933,,,722762,4459156,,,,,,,,,,,,,,5882,167260,2201054,0
,,,,1394297,,,2485,兆赫,,,-206914,,,,,,,,,,,,,,,,,,,,2,上市,114,,,,,,0,,,,,,,,,,,,,,,,5081858,,,,4913965,,0,,15.47,656781,3123057,,,,,,,,,3176890,,,728498,,,549692,5810356,,,,,,,,,,,,,,167893,71717,2687299,0
,,,,188973,,,2486,一詮,,,-325579,,,,,,,,,,,,,,,,,,,,2,上市,114,-154397,,,,,0,,,,,,,,,,,,,,,,5225924,,,,4920178,,2000000,,21.21,2114072,5111515,,,,,,,,,2339586,,,6386401,,,2871595,11612325,,,,,,,,,,,,,,305746,4272329,6500810,0
,,,,1806299,,,2488,漢平,,,-138364,,,,,,,,,,,,,,,,,,,,2,上市,114,,,,,,0,,,,,,,,,,,,,,,,2502000,,,,2502000,,0,,31.28,1021053,2827672,,,,,,,,,799994,,,1262543,,,34071,3764543,,,,,,,,,,,,,,,241490,936871,0
,,,,4680236,,,2489,瑞軒,,,-756534,,,,,,,,,,,,,,,,,,,,2,上市,114,,,,,,0,,,,,,,,,,,,,,,,13128837,,,,12985365,,0,,19.10,7963086,16593636,,,,,,,,,6800000,,,8231728,,,2261663,21360565,,,,,,,,,,,,,,143472,268642,4766929,0
,,,,-157518,,,2491,吉祥全,,,11965,,,,,,,,,,,,,,,,,,,,2,上市,114,,,,,,0,,,,,,,,,,,,,,,,1129359,,,,756798,,0,,9.23,414370,1335719,,,,,,,,,820080,,,462164,,,82271,1591523,,,,,,,,,,,,,,372561,47794,255804,0
,,,,36590770,,,2492,華新科,,,-551528,,,,,,,,,,,,,,,,,,,,2,上市,114,-236380,,,,,,,,,,,,,,,,,,,,,52815108,,,,43835459,,1000000,,90.42,29499566,30312725,,,,,,,,,4858048,,,43002846,,,3174549,95817954,,,,,,,,,,,,,,8979649,13503280,65505229,0
,,,,1237491,,,2493,揚博,,,62540,,,,,,,,,,,,,,,,,,,,2,上市,114,,,,,,0,,,,,,,,,,,,,,,,2890019,,,,2890019,,0,,25.25,1847726,3691087,,,,,,,,,1267965,,,1973663,,,322023,4863682,,,,,,,,,,,,,,,125937,1172595,0
,,,,1358303,,,2495,普安,,,12046,,,,,,,,,,,,,,,,,,,,2,上市,114,,,,,,0,,,,,,,,,,,,,,,,4194729,,,,4194729,,0,,15.33,2588889,6108562,,,,,,,,,2735515,,,2662687,,,88865,6857416,,,,,,,,,,,,,,0,73798,748854,0
,,,,355589,,,2496,卓越,,,-2593,,,,,,,,,,,,,,,,,,,,2,上市,114,0,,,,,,,,,,,,,,,,,,,,,845591,,,,839443,,0,,43.95,543395,502388,,,,,,,,,191004,,,614024,,,295443,1459615,,,,,,,,,,,,,,6148,70629,957227,0
,,,,645665,,,2497,怡利電,,,-33319,,,,,,,,,,,,,,,,,,,,2,上市,114,,,,,,,,,,,,,,,,,,,,,,2289452,,,,2289452,,0,,18.64,2051239,3084253,,,,,,,,,1227997,,,2330615,,,449109,4620067,,,,,,,,,,,,,,,279376,1535814,0
,,,,2450030,,,2498,宏達電,,,-4711251,,,,,,,,,,,,,,,,,,,,2,上市,114,,,,,,,,,,,,,,,,,,,,,,22415500,,,,22415500,,0,,26.83,8885441,21263021,,,,,,,,,8353400,,,16622521,,,16323321,39038021,,,,,,,,,,,,,,,7737080,17775000,0
,,,,15182933,,,2501,國建,,,1401367,,,,,,,,,,,,,,,,,,,,2,上市,114,,,,,,,,,,,,,,,,,,,,,,30490070,,,,28346054,,0,,24.45,38250088,64918207,,,,,,,,,11595611,,,59033366,,,166143,89523436,,,,,,,,,,,,,,2144016,20783278,24605229,0
,,,,11980481,,,2504,國產,,,-224157,,,,,,,,,,,,,,,,,,,,2,上市,114,-4789,,,,,,,,,,,,,,,,,,,,,25858981,,,,24776801,,3116108,,21.05,9289542,13892614,,,,,,,,,11800000,,,19365399,,,1225266,45224380,,,,,,,,,,,,,,1082180,10075857,31331766,0
,,,,5911772,,,2505,國揚,,,-2729,,,,,,,,,,,,,,,,,,,,2,上市,114,,,,,,0,,,,,,,,,,,,,,,,10510643,,,,10336726,,0,,27.20,12132116,19840295,,,,,,,,,3800000,,,12287136,,,627683,22797779,,,,,,,,,,,,,,173917,155020,2957484,0
,,,,2892526,,,2506,太設,,,514116,,,,,,,,,,,,,,,,,,,,2,上市,114,-193207,,,,,,,,,,,,,,,,,,,,,9333969,,,,7493344,,25443994,,20.73,4164883,8288724,,,,,,,,,3870000,,,4670998,,,409909,14004967,,,,,,,,,,,,,,1840625,506115,5716243,0
,,,,1217949,,,2509,全坤建,,,-196908,,,,,,,,,,,,,,,,,,,,2,上市,114,,,,,,0,,,,,,,,,,,,,,,,4082222,,,,3807984,,0,,16.96,6292789,9315413,,,,,,,,,2245505,,,7856884,,,541438,11939106,,,,,,,,,,,,,,274238,1564095,2623693,0
,,,,5297433,,,2511,太子,,,1308763,,,,,,,,,,,,,,,,,,,,2,上市,114,-1003,,,,,0,,,,,,,,,,,,,,,,25304346,,,,25098967,,655424,,15.47,5029300,21324781,,,,,,,,,16233261,,,21044405,,,2260513,46348751,,,,,,,,,,,,,,205379,16015105,25023970,0
,,,,8906117,,,2514,龍邦,,,-103481,,,,,,,,,,,,,,,,,,,,2,上市,114,-614333,,,,,,,,,,,,,,,,,,,,,20500348,,,,12360275,,36608592,,34.51,11316089,15426135,,,,,,,,,3947293,,,19361753,,,224679,39862101,,,,,,,,,,,,,,8140073,8045664,24435966,0
,,,,7593306,,,2515,中工,,,-2047551,,,,,,,,,,,,,,,,,,,,2,上市,114,,,,,,,,,,,,,,,,,,,,,,21894743,,,,21721328,,0,,14.19,25574122,55576143,,,,,,,,,16079041,,,42805835,,,96532,64700578,,,,,,,,,,,,,,173415,17231713,9124435,0
,,,,-510038,,,2516,新建,,,62295,,,,,,,,,,,,,,,,,,,,2,上市,114,,,,,,,,,,,,,,,,,,,,,,1828198,,,,1828198,,0,,8.08,5181354,5525582,,,,,,,,,2262785,,,5304429,,,13156,7132627,,,,,,,,,,,,,,,123075,1607045,0
,,,,16048081,,,2520,冠德,,,-28516,,,,,,,,,,,,,,,,,,,,2,上市,114,-98702,,,,,0,,,,,,,,,,,,,,,,27172948,,,,23509777,,12690784,,43.42,28691990,50749684,,,,,,,,,6094871,,,34215783,,,1494043,61388731,,,,,,,,,,,,,,3663171,5523793,10639047,0
,,,,17417031,,,2524,京城,,,0,,,,,,,,,,,,,,,,,,,,2,上市,114,-195509,,,,,,,,,,,,,,,,,,,,,20955526,,,,20955526,,3957000,,57.26,11189775,38912280,,,,,,,,,3699406,,,18804520,,,34598,39760046,,,,,,,,,,,,,,,7614745,847766,0
,,,,3842556,,,2527,宏璟,,,5614887,,,,,,,,,,,,,,,,,,,,2,上市,114,-455812,,,,,,,,,,,,,,,,,,,,,12450030,,,,12076231,,8547695,,46.14,13245754,15460042,,,,,,,,,2703060,,,14726155,,,371540,27176185,,,,,,,,,,,,,,373799,1480401,11716143,0
,,,,1128290,,,2528,皇普,,,,,,,,,,,,,,,,,,,,,,,2,上市,114,,,,,,,,,,,,,,,,,,,,,,7103161,,,,,,0,,17.18,15999382,25635910,,,,,,,,,4340264,,,19002411,,,1634607,26105572,,,,,,,,,,,,,,,3003029,469662,0
,,,,1541766,,,2530,華建,,,-179,,,,,,,,,,,,,,,,,,,,2,上市,114,,,,,,,,,,,,,,,,,,,,,,11170612,,,,10947949,,0,,13.03,17227708,31116285,,,,,,,,,8399880,,,20111071,,,1006482,31281683,,,,,,,,,,,,,,222663,2883363,165398,0
,,,,7873895,,,2534,宏盛,,,-29580,,,,,,,,,,,,,,,,,,,,2,上市,114,-45822,,,,,,,,,,,,,,,,,,,,,14881712,,,,14881712,,1227150,,31.46,12760972,16786786,,,,,,,,,4742280,,,16616331,,,2340939,31498043,,,,,,,,,,,,,,,3855359,14711257,0
,,,,4371941,,,2535,達欣工,,,-99767,,,,,,,,,,,,,,,,,,,,2,上市,114,-124076,,,,,,,,,,,,,,,,,,,,,9432027,,,,9274040,,10902228,,35.68,13531628,27110934,,,,,,,,,2707940,,,19360632,,,2418002,28792659,,,,,,,,,,,,,,157987,5829004,1681725,0
,,,,6639320,,,2536,宏普,,,0,,,,,,,,,,,,,,,,,,,,2,上市,114,,,,,,,,,,,,,,,,,,,,,,12932827,,,,12009755,,0,,36.09,26768381,40101001,,,,,,,,,3328087,,,30556125,,,2042348,43488952,,,,,,,,,,,,,,923072,3787744,3387951,0
,,,,865758,,,2537,聯上發,,,0,,,,,,,,,,,,,,,,,,,,2,上市,114,,,,,,,,,,,,,,,,,,,,,,4436219,,,,,,0,,14.76,12422653,17399882,,,,,,,,,3005579,,,13620312,,,564882,18056531,,,,,,,,,,,,,,,1197659,656649,0
,,,,1131526,,,2538,基泰,,,-196513,,,,,,,,,,,,,,,,,,,,2,上市,114,,,,,,,,,,,,,,,,,,,,,,5443865,,,,5443865,,0,,12.23,12443025,16831502,,,,,,,,,4450255,,,12486672,,,58597,17930537,,,,,,,,,,,,,,0,43647,1099035,0
,,,,3681762,,,2539,櫻花建,,,0,,,,,,,,,,,,,,,,,,,,2,上市,114,,,,,,,,,,,,,,,,,,,,,,15708148,,,,15708148,,0,,15.80,14584123,32476839,,,,,,,,,11931025,,,16868009,,,95361,32576157,,,,,,,,,,,,,,0,2283886,99318,0
,,,,1422211,,,2540,愛山林,,,0,,,,,,,,,,,,,,,,,,,,2,上市,114,,,,,,,,,,,,,,,,,,,,,,16449548,,,,16449548,,0,,24.37,35294264,49758050,,,,,,,,,9448741,,,38571560,,,5578596,55021108,,,,,,,,,,,,,,0,3277296,5263058,0
,,,,18727102,,,2542,興富發,0,,0,,,,,,,,,,,,,,,,,,,,2,上市,114,-966562,,,,,,,,,,,,,,,,,,,,0,58623934,,,,48809398,,59186509,,24.27,176001451,237786455,,,,,,,,,21730835,,,200848159,,,9318023,259472093,,,,,,,,,,,,,,9814536,24846708,21685638,0
,,,,946620,,,2543,皇昌,,,0,,,,,,,,,,,,,,,,,,,,2,上市,114,,,,,,,,,,,,,,,,,,,,,,9922933,,,,9568739,,0,,21.03,7630605,9578094,,,,,,,,,5323839,,,9204020,,,3298280,19126953,,,,,,,,,,,,,,354194,1573415,9548859,0
,,,,10019928,,,2545,皇翔,,,,,,,,,,,,,,,,,,,,,,,2,上市,114,,,,,,,,,,,,,,,,,,,,,,15349842,,,,15349842,,0,,40.42,25643993,40483935,,,,,,,,,3797348,,,44056939,,,1532566,59406781,,,,,,,,,,,,,,,18412946,18922846,0
,,,,3191604,,,2546,根基,,,377405,,,,,,,,,,,,,,,,,,,,2,上市,114,,,,,,0,,,,,,,,,,,,,,,,5393506,,,,5393268,,0,,43.80,7809422,12497901,,,,,,,,,1305242,,,8006970,,,519017,13400476,,,,,,,,,,,,,,238,197548,902575,0
,,,,3417891,,,2547,日勝生,,,-1793,,,,,,,,,,,,,,,,,,,,2,上市,114,,,,,,,,,,,,,,,,,,,,,,15227265,,,,14163224,,0,,13.68,18558918,19141490,,,,,,,,,10350946,,,47672207,,,396180,62899472,,,,,,,,,,,,,,1064041,29113289,43757982,0
,,,,15349337,,,2548,華固,,,33678,,,,,,,,,,,,,,,,,,,,2,上市,114,-850,,,,,0,,,,,,,,,,,,,,,,19405901,,,,19399392,,191789,,63.75,29877290,54539195,,,,,,,,,3197187,,,37682156,,,820040,57088057,,,,,,,,,,,,,,6509,7804866,2548862,0
,,,,2512570,,,2597,潤弘,,,482040,,,,,,,,,,,,,,,,,,,,2,上市,114,,,,,,0,,,,,,,,,,,,,,,,8733718,,,,6947962,,0,,26.83,11941097,13575120,,,,,,,,,3107160,,,16377559,,,846192,25111277,,,,,,,,,,,,,,1785756,4436462,11536157,0
,,,,-521313,,,2601,益航,,,-794760,,,,,,,,,,,,,,,,,,,,2,上市,114,0,,,,,,,,,,,,,,,,,,,,,9718841,,,,7287590,,0,,8.84,8097798,3641336,,,,,,,,,8247761,,,20180037,,,355902,29898878,,,,,,,,,,,,,,2431251,12082239,26257542,0
,,,,472117142,,,2603,長榮,,,-14411270,,,,,,,,,,,,,,,,,,,,2,上市,114,,,,,,0,,,,,,,,,,,,,,,,520089437,,,,499802788,,0,,230.85,209668200,277013820,,,,,,,,,21650430,,,350965703,,,20446486,871055140,,,,,,,,,,,,,,20286649,141297503,594041320,0
,,,,11202779,,,2605,新興,,,-1911770,,,,,,,,,,,,,,,,,,,,2,上市,114,,,,,,0,,,,,,,,,,,,,,,,15310428,,,,15310428,,0,,26.16,4556564,6977703,,,,,,,,,5853533,,,4594214,,,165886,19904642,,,,,,,,,,,,,,,37650,12926939,0
,,,,23645326,,,2606,裕民,,,16687,,,,,,,,,,,,,,,,,,,,2,上市,114,,,,,,,,,,,,,,,,,,,,,,32228561,,,,32228561,,0,,38.14,15967615,22455769,,,,,,,,,8450557,,,47692331,,,115991,79920892,,,,,,,,,,,,,,0,31724716,57465123,0
,,,,15309621,,,2607,榮運,,,3756860,,,,,,,,,,,,,,,,,,,,2,上市,114,,,,,,0,,,,,,,,,,,,,,,,34331985,,,,34037548,,0,,31.90,4972413,21021762,,,,,,,,,10671411,,,12056435,,,4299656,46388420,,,,,,,,,,,,,,294437,7084022,25366658,0
,,,,7259380,,,2608,嘉里大榮,,,81146,,,,,,,,,,,,,,,,,,,,2,上市,114,,,,,,,,,,,,,,,,,,,,,,12632494,,,,12012839,,0,,25.72,4214194,4141927,,,,,,,,,4670005,,,11999308,,,2308,24631802,,,,,,,,,,,,,,619655,7785114,20489875,0
,,,,254855896,,,2609,陽明,,,-7557896,,,,,,,,,,,,,,,,,,,,2,上市,114,,,,,,,,,,,,,,,,,,,,,,310977236,,,,310194073,,0,,88.83,68842230,239099521,,,,,,,,,34921043,,,152477535,,,27975030,463454771,,,,,,,,,,,,,,783163,83635305,224355250,0
,,,,24176582,,,2610,華航,,,1704635,,,,,,,,,,,,,,,,,,,,2,上市,114,-30875,,,,,,,,,,,,,,,,,,,,,96921105,,,,92571938,,2074628,,15.22,88220370,79848047,,,,,,,,,60839236,,,231301633,,,5882360,328222738,,,,,,,,,,,,,,4349167,143081263,248374691,0
,,,,465303,,,2611,志信,,,140076,,,,,,,,,,,,,,,,,,,,2,上市,114,,,,,,,,,,,,,,,,,,,,,,2724454,,,,2536680,,0,,13.42,663129,2689292,,,,,,,,,1890023,,,1551710,,,41278,4276164,,,,,,,,,,,,,,187774,888581,1586872,0
,,,,10879555,,,2612,中航,0,,-717549,,,,,,,,,,,,,,,,,,,,2,上市,114,0,,,,,0,,,,,,,,,,,,,,,,12209193,,,,12190263,,0,,61.73,5123320,6824949,,,,,,,,,1974846,,,15096189,,,53411,27305382,,,,,,,,,,,,,,18930,9972869,20480433,0
,,,,2003657,,,2613,中櫃,,,25216,,,,,,,,,,,,,,,,,,,,2,上市,114,-476647,,,,,0,,,,,,,,,,,,,,,,3198125,,,,3186758,,11146894,,23.21,1495972,1556024,,,,,,,,,1484235,,,6478543,,,150297,9676668,,,,,,,,,,,,,,11367,4982571,8120644,0
,,,,1199015,,,2614,東森,,,-193028,,,,,,,,,,,,,,,,,,,,2,上市,114,,,,,,0,,,,,,,,,,,,,,,,5179494,,,,4284175,,0,,14.27,3925882,4210102,,,,,,,,,3272650,,,13815393,,,5538,18994887,,,,,,,,,,,,,,895319,9889511,14784785,0
,,,,209885834,,,2615,萬海,,,-687979,,,,,,,,,,,,,,,,,,,,2,上市,114,,,,,,,,,,,,,,,,,,,,,,238928144,,,,238531094,,0,,85.00,56027286,147508091,,,,,,,,,28061464,,,149148118,,,1271775,388076262,,,,,,,,,,,,,,397050,93120832,240568171,0
,,,,790444,,,2616,山隆,,,415796,,,,,,,,,,,,,,,,,,,,2,上市,114,-31863,,,,,0,,,,,,,,,,,,,,,,3327964,,,,3136685,,1353454,,23.08,3055439,1894498,,,,,,,,,1372818,,,4889858,,,589490,8217822,,,,,,,,,,,,,,191279,1834419,6323324,0
,,,,10169448,,,2617,台航,,,1893361,,,,,,,,,,,,,,,,,,,,2,上市,114,,,,,,,,,,,,,,,,,,,,,,16570136,,,,16570136,,0,,39.71,2330454,3798222,,,,,,,,,4172945,,,8901560,,,334382,25471696,,,,,,,,,,,,,,,6571106,21673474,0
,,,,57426829,,,2618,長榮航,,,2673216,,,,,,,,,,,,,,,,,,,,2,上市,114,,,,,,,,,,,,,,,,,,,,,,135256275,,,,127044788,,0,,23.52,92870438,95951354,,,,,,,,,54004443,,,219561494,,,12940300,354817769,,,,,,,,,,,,,,8211487,126691056,258866415,0
,,,,266981,,,2630,亞航,,,-14626,,,,,,,,,,,,,,,,,,,,2,上市,114,0,,,,,,,,,,,,,,,,,,,,,3436741,,,,3436741,,0,,16.41,2275659,4949253,,,,,,,,,2094382,,,2743995,,,1090004,6180736,,,,,,,,,,,,,,,468336,1231483,0
,,,,13198334,,,2633,台灣高鐵,,,,,,,,,,,,,,,,,,,,,,,2,上市,114,,,,,,0,,,,,,,,,,,,,,,,69654245,,,,,,0,,12.38,35444667,30961634,,,,,,,,,56282930,,,320528648,,,172981,390182893,,,,,,,,,,,,,,,285083981,359221259,0
,,,,7425258,,,2634,漢翔,,,-140675,,,,,,,,,,,,,,,,,,,,2,上市,114,,,,,,,,,,,,,,,,,,,,,,16721505,,,,16721505,,0,,17.75,25963082,36872571,,,,,,,,,9418671,,,33805264,,,18251,50526769,,,,,,,,,,,,,,,7842182,13654198,0
,,,,5416646,,,2636,台驊控股,,,-194636,,,,,,,,,,,,,,,,,,,,2,上市,114,-364768,,,,,,,,,,,,,,,,,,,,,9155796,,,,8788901,,4874000,,64.17,11674561,18911854,,,,,,,,,1418352,,,12102969,,,2513307,21258765,,,,,,,,,,,,,,366895,428408,2346911,0
,,,,29303231,,,2637,慧洋-KY,,,6172226,,,,,,,,,,,,,,,,,,,,2,上市,114,0,,,,,0,,,,,,,,,,,,,,,,42974097,,,,42974097,,0,,57.57,9642358,5384281,,,,,,,,,7464092,,,35832652,,,34548,78806749,,,,,,,,,,,,,,,26190294,73422468,0
,,,,339816,,,2642,宅配通,,,282059,,,,,,,,,,,,,,,,,,,,2,上市,114,,,,,,0,,,,,,,,,,,,,,,,1876627,,,,1876627,,0,,19.66,947691,1367866,,,,,,,,,954670,,,2139301,,,300082,4015928,,,,,,,,,,,,,,,1191610,2648062,0
,,,,6466228,,,2645,長榮航太,,,16720,,,,,,,,,,,,,,,,,,,,2,上市,114,,,,,,0,,,,,,,,,,,,,,,,12360306,,,,,,0,,33.00,5418558,12843419,,,,,,,,,3745709,,,11380355,,,2131649,23740661,,,,,,,,,,,,,,,5961797,10897242,0
,,,,923243,,,2646,星宇航空,,,641690,,,,,,,,,,,,,,,,,,,,2,上市,114,,,,,,,,,,,,,,,,,,,,,,33696968,,,,,,0,,11.20,17227522,16309819,,,,,,,,,30087350,,,91855949,,,2044685,125552917,,,,,,,,,,,,,,,74628427,109243098,0
,,,,2825146,,,2701,萬企,,,633058,,,,,,,,,,,,,,,,,,,,2,上市,114,,,,,,,,,,,,,,,,,,,,,,7957882,,,,,,0,,17.69,281884,1975706,,,,,,,,,4499678,,,1388344,,,,9346226,,,,,,,,,,,,,,,1106460,7370520,0
,,,,1530627,,,2702,華園,,,-71920,,,,,,,,,,,,,,,,,,,,2,上市,114,,,,,,0,,,,,,,,,,,,,,,,3027009,,,,3027009,,0,,19.33,596992,2304792,,,,,,,,,1566133,,,3352991,,,2169,6380000,,,,,,,,,,,,,,,2755999,4075208,0
,,,,5657424,,,2704,國賓,,,13711547,,,,,,,,,,,,,,,,,,,,2,上市,114,0,,,,,0,,,,,,,,,,,,,,,,26039507,,,,26035056,,0,,70.96,3876328,21433593,,,,,,,,,3669234,,,7929813,,,2996851,33969320,,,,,,,,,,,,,,4451,4053485,12535727,0
,,,,-535320,,,2705,六福,,,3385783,,,,,,,,,,,,,,,,,,,,2,上市,114,,,,,,,,,,,,,,,,,,,,,,4794827,,,,4794827,,0,,25.06,960727,426273,,,,,,,,,1913128,,,10649345,,,31236,15444172,,,,,,,,,,,,,,,9688618,15017899,0
,,,,3637375,,,2706,第一店,,,842087,,,,,,,,,,,,,,,,,,,,2,上市,114,,,,,,,,,,,,,,,,,,,,,,9555477,,,,,,0,,19.11,320664,3102830,,,,,,,,,4999984,,,1680889,,,76031,11236366,,,,,,,,,,,,,,,1360225,8133536,0
,,,,2176810,,,2707,晶華,,,-400847,,,,,,,,,,,,,,,,,,,,2,上市,114,,,,,,0,,,,,,,,,,,,,,,,3480714,,,,3272378,,0,,25.69,2194841,2538910,,,,,,,,,1274032,,,5572695,,,222383,9053409,,,,,,,,,,,,,,208336,3377854,6514499,0
,,,,-127263,,,2712,遠雄來,,,,,,,,,,,,,,,,,,,,,,,2,上市,114,,,,,,,,,,,,,,,,,,,,,,1031129,,,,,,0,,9.82,338681,124400,,,,,,,,,1050000,,,706563,,,108392,1737692,,,,,,,,,,,,,,,367882,1613292,0
,,,,459891,,,2722,夏都,,,-42971,,,,,,,,,,,,,,,,,,,,2,上市,114,,,,,,,,,,,,,,,,,,,,,,2678675,,,,2442027,,0,,17.06,554785,802078,,,,,,,,,1431697,,,950502,,,593410,3629177,,,,,,,,,,,,,,236648,395717,2827099,0
,,,,7047510,,,2723,美食-KY,,,-833136,,,,,,,,,,,,,,,,,,,,2,上市,114,,,,,,,,,,,,,,,,,,,,,,10320267,,,,10390979,,0,,57.73,4929098,6356668,,,,,,,,,1800000,,,7623841,,,2376605,17944108,,,,,,,,,,,,,,-70712,2694743,11587440,0
,,,,1615527,,,2727,王品,,,-213186,,,,,,,,,,,,,,,,,,,,2,上市,114,-259879,,,,,,,,,,,,,,,,,,,,,4275967,,,,3897272,,1592000,,47.03,8336857,8531187,,,,,,,,,844511,,,12050648,,,1910299,16326615,,,,,,,,,,,,,,378695,3713791,7795428,0
,,,,1733163,,,2731,雄獅,,,13977,,,,,,,,,,,,,,,,,,,,2,上市,114,,,,,,,,,,,,,,,,,,,,,,4424678,,,,4194893,,0,,44.97,7364688,9728436,,,,,,,,,932777,,,8260571,,,1514976,12685249,,,,,,,,,,,,,,229785,895883,2956813,0
,,,,130259,,,2739,寒舍,,,42197,,,,,,,,,,,,,,,,,,,,2,上市,114,,,,,,0,,,,,,,,,,,,,,,,1511205,,,,1511205,,0,,16.51,2216484,1311971,,,,,,,,,915260,,,10549427,,,423489,12060632,,,,,,,,,,,,,,,8332943,10748661,0
,,,,519447,,,2748,雲品,,,5893,,,,,,,,,,,,,,,,,,,,2,上市,114,,,,,,,,,,,,,,,,,,,,,,2819906,,,,2819906,,0,,26.66,889072,2197990,,,,,,,,,1057787,,,2054019,,,1236779,4873925,,,,,,,,,,,,,,,1164947,2675935,0
,,,,1846590,,,2753,八方雲集,,,-62002,,,,,,,,,,,,,,,,,,,,2,上市,114,,,,,,,,,,,,,,,,,,,,,,3713589,,,,3451615,,0,,51.79,2259511,2463774,,,,,,,,,666448,,,3439228,,,1000579,7152817,,,,,,,,,,,,,,261974,1179717,4689043,0
,,,,199140,,,2762,世界健身-KY,,,-17000,,,,,,,,,,,,,,,,,,,,2,上市,114,-344216,,,,,0,,,,,,,,,,,,,,,,2800041,,,,2800041,,3278000,,25.64,5945627,1828426,,,,,,,,,1125000,,,15861095,,,1837117,18661136,,,,,,,,,,,,,,,9915468,16832710,0
,21474350,,1851657,77793983,,,2801,彰銀,,,6579445,2838409,,6957783,1561104,436474,,,,,,,,,,,352807735,,243087255,2611315760,2,上市,114,0,,,,,,,,,54209194,41795293,,23218485,,14023753,,526856341,,,,,,202033914,,,202033914,,0,,18.03,,,,1043944,,38213463,1884853,285609,,1715835,117660462,,2402980,,3108909476,1974251527,24,,3310943390,335824216,14944616,120888909,8629433,2529624,,,,,14804264,,,,,,0
,20304538,,999430,22878163,,,2812,台中銀,,,930540,1334994,,5531029,8314587,11870,,,,,,206775,,,12897665,,11049930,,50833568,846087321,2,上市,114,0,,,,,0,,,,10907339,13500000,,24069127,,542159,,108797542,182928,,,,,84553217,,,84553217,,0,,15.32,,,,574875,,14203089,96898,2925,,1030867,59216258,,1299443,,920117508,628344689,1528256,,1004670725,96705131,7745352,39199138,109486,263697,,,,,5743626,,13898215,0,,,0
1487335,,26910,,5010096,,14710559,2816,旺旺保,,,-28922,29040,494762,,,,,5129543,,,,,,,,,,,,,2,上市,114,,,,,,0,,,,1854007,,1480008,,10177132,,,,,152160,11911,,7217254,,,,,,0,,32.28,,,193252,,,5121396,,,,27058,2236080,,69471,16904995,,,0,24122249,,,,,62700,,,,,,,,,,,,0
,155395,,33367,12298826,,,2820,華票,,,171101,356994,,594673,,114895,,,,,,,,,,,22308101,,0,,2,上市,114,,,,,,,,,,2008870,,,1378004,,,,2690071,,,,,,25916318,,,,,0,,19.30,,,,,,326739,93671,331173,,33573,13429600,,1414077,,235479179,,16791,,261395497,97700116,22518,153792576,50750,130715,,,,,209190625,,4147773,,,,0
390482,,37535,,7924553,,11298709,2832,台產,,,399849,121538,737946,,,,,3230628,,,,,,,,,,,,,2,上市,114,,,,,,,,,,2321325,,1265448,,16020447,,,,,169237,,,12045370,,,,,,0,,33.26,,,7373,,,4584543,,,,39788,3622004,,37197,14251944,,,98964,26297314,,,,,264150,22912,,,,,,,,,,,0
,13845456,,1106062,37766448,,,2834,臺企銀,,,299703,16860454,,10267175,1930742,9923,,,,,,,,,1690022,,244133403,,124167118,1907881438,2,上市,114,,,,,,0,,,,25855208,53210000,,13182810,,,,270758891,,,,,,136062898,,,136062898,,0,,14.84,,,,1250741,,24864323,1029105,361580,,1143347,97180618,,2427165,,2267298422,1634533756,816129,,2403361320,197687210,9000666,93601720,895336,2414385,,,,,1241536,,15310170,,,,0
,3394029,,334106,4677930,,,2836,高雄銀,,,760558,130190,,410220,,216895,,,,,,,,,0,,14369050,,26688171,302896951,2,上市,114,,,,,,,,,,4716066,5077000,,1634133,,,,56691008,,,,,,25673792,,,,,0,,14.06,,,,112212,,4635875,176904,0,,330701,18799170,,371307,,335735905,226734724,1436134,,361409697,32437773,161229,3483998,0,125048,,,,,7506507,,4511505,,,,0
,16394938,,1665320,18624700,,,2838,聯邦銀,,,7450635,3706984,,14491670,13497250,1588487,,,,,,,,,1482367,,9696469,,44956174,814484673,2,上市,114,,,,,,,,877700,,12080519,5000000,,40719403,,4521741,,78129371,455103,,,,,81912848,,,79717845,,0,,18.76,,,,2166893,375000,8295242,611770,187855,,1667964,45450499,,524526,,942333040,612984106,8192011,,1024245888,63213955,3645791,68729283,3168107,1464449,,,,,71513920,,64281898,2195003,,,0
,5203361,,915500,16830034,,,2845,遠東銀,,,140393,643224,,339044,44873604,9770279,,,,,,,,,2889000,,2049448,,53581749,715732388,2,上市,114,,,,,,,,,,11319931,22901720,,18119442,,,,167548257,2786435,,,,,61096200,,,61096200,,0,,14.29,,,,1538210,,4392893,208922,,,926439,43822847,,635877,,812846181,496651600,302926,,873942381,50910314,8719353,61995413,,189884,,,,,1946275,,0,,,,0
,731492,,895566,15352780,,,2849,安泰銀,,,-533688,132610,,1903887,3645230,0,,,,,,,,,,,2588763,,14837654,328904116,2,上市,114,0,,,,,0,,,,2822610,,,3756031,,0,,42591607,,,,,,34801528,,,,,0,,17.78,,,,275828,,2716420,25468,0,,887666,19576094,,218590,,340466918,240155683,406342,,375268446,41147988,755158,25207656,40422,550937,,,,,446285,,497697,,,,0
1162866,,29291,,14685685,,34690586,2850,新產,,,540222,231122,922720,,,,,12967855,,,,,,,,,,,,,2,上市,114,0,,,,,0,,,,7221547,,3501866,,29534354,,,,,403630,0,,18450379,,,,,,0,,58.39,,,53989,,,12750733,,,,29850,3159633,,0,42638850,,,64839,61089229,,,0,,62115,165555,0,,,,,,,,,,0
285286,,623,,9912720,,35507475,2851,中再保,,,-568149,82925,2443108,,,,,7525626,,,,,,,,,,,,,2,上市,114,,,,,,0,,,,2531546,,516924,,37093194,,,,,299245,1409,,18908459,,,,,,0,,23.62,,,13899,,,9556172,,,,645,8003888,,,38633520,,,1560000,57541979,,,8300,,203384,105738,,,,,,,,,,,0
603330,,3741,,5294196,,10344071,2852,第一保,,,248384,162345,571793,,,,,2610292,,,,,,,,,,,,,2,上市,114,,,,,,,,,,1517992,,826710,,13663621,,,,,115659,,,8554218,,,,,,0,,28.40,,,19242,,,2465032,,,,3781,3011638,,0,12236782,,,0,20791000,,,,,92934,27239,,,,,,,,,,,0
,,,,,15890126,,2855,統一證,,,2111714,,,,,,,,,,,,,,,,,,,,2,上市,114,,,,,,0,,,,,,,,,,,,,,,,34258206,,,,,34104947,,0,23.43,163272915,187743684,,,,,,,,,16014144,,,163551279,,,88963,197809485,,,,,,,,,,,,,,153259,278364,10065801,0
,33832080,,1972857,64769637,,,2880,華南金,,2604000,-6601997,5279473,,16095804,84619075,14981441,,,6402214,,,,,,,268201306,,231590137,,3241464882,2,上市,114,,,,,,,71390379,,47619660,92963959,,,82928539,,,13991223,844950369,265949,,,,,215106562,,215104130,,,0,,15.61,,,,996218,,33299715,3254716,247665,,2030372,139169651,,25431166,,3971147365,2348376007,17766839,,4186253927,385952093,30545092,164650401,6181558,3971768,,,,,89561727,1749447,,2432,,,0
,75898701,,14382186,634709786,,,2881,富邦金,,11673723,-129590495,100195005,,53939624,569310933,540247227,,,44110935,,,,,,71680,160748787,,473936284,,4451526179,2,上市,114,,,3831195,,,0,396909387,,37483950,306290801,,,382727910,,,301353551,3568879449,59900969,,,,,830325009,,816197196,,,0,,53.47,,,,33250473,,413560838,13529824,2927028,,21812462,156073549,188385,4756980181,,11071813653,3147737483,155004356,,11902138662,803234324,119470869,1837810851,32421573,34321663,18045021,,10553135,,75154893,99534836,,14127813,,,0
,109744268,,5155408,573413956,,,2882,國泰金,0,65011373,-173660731,96857043,,100046787,806542194,758289821,,,22809468,,,,,,,138398975,,433311700,,3947093884,2,上市,114,0,,,,,,255592184,,90854335,245416165,,,288755074,,,492165847,4660939903,61892919,,,,,781371656,,764897518,,,0,,47.21,,,,32314653,,501950724,37782145,1822149,,19755515,162025102,,7069361771,,13005385073,3155165814,203119191,,13786756729,1031821302,135314677,1982618508,64145415,112928991,1631823,,5771006,,31627574,29252387,,16474138,,,0
,30407059,,12055002,99349022,,,2883,凱基金,,24090282,-52260759,85585241,,92452899,234364807,182934802,,,897571,,,,,,,15615366,,58250828,,609896202,2,上市,114,,,,,,833126,104819692,,43409906,139986064,,,178793566,,,56230565,1603221122,26641580,,,,,266533475,,266408958,,,0,,14.49,,,,16669708,,85178408,3349053,882151,,4506843,185573139,,2040101079,,3558982929,538272213,33747556,,3825516404,240395477,84058990,604440371,12983642,12403967,683321,,253245,,155532441,85135870,,124517,,,0
,34217533,,7839834,48671299,,,2884,玉山金,,308052,2421701,5821404,,31247455,118227235,9491737,,,,,,,,,,56531680,,306681504,,3459202768,2,上市,114,,,,,,,49060000,,17185979,71328851,,,148758542,,,1248866,495034840,,,,,,248436538,,248265297,,,0,,15.52,,,,6594629,,65957647,4211285,565723,,5186482,161740000,,1049877,,3918322797,2419773112,35432297,,4166759335,349814440,92982985,260847064,2565416,3555661,268846,,13866,,34391937,25116882,,171241,,,0
,29895216,,10266432,130688510,,,2885,元大金,,65414812,6074949,158772658,,104824402,202853821,159589229,,,1217371,,,6823786,,,,9768091,,107827584,,1770578856,2,上市,114,,,66640,,,0,122685239,,124641609,254103184,,,368127136,,,15021998,558598298,2558532,,,,,330210689,,308412594,,,0,,23.83,,,,30520000,,98107490,6252464,2773281,,5906605,133311499,,387456903,,3545863293,1341993388,38337636,,3876073982,320686124,226957970,623642736,5006376,6013826,,,,,205464705,87520513,,21798095,,,0
,22623406,,2043611,132656802,,,2886,兆豐金,0,4986232,4189151,9463108,,27110027,26275086,7838755,,,15198105,,,,,,2174493,595808761,,624350477,,2965322035,2,上市,114,0,,0,,,0,45200000,,27172757,162671683,,,105024321,,,2117290,573302666,5105614,,,,,362015535,,362015535,,,0,,24.41,,,,1321623,,101650103,6379056,3365,,2108008,148333783,,30487711,,4210851493,2280453419,76835799,,4572867028,535177416,26642021,261696223,2360543,6461730,,,,,303799999,1388877,,0,,,0
,24898636,,2376176,35839565,,,2887,台新新光金,,6983235,-2256457,23798851,,22975780,152365934,63456658,,,694673,,,,,,,27348108,,109928109,,2389009663,2,上市,114,-89298,,,,,,53350000,,30083543,78488180,,,180055215,,,11006637,771527723,491147,,,,,212478701,,212453031,,,1927518,,15.10,,,,3660143,,25408907,5737324,,,2446124,140761443,,273627740,,3181710116,1785697056,38197778,,3394188817,178020845,78869192,205794629,1293548,7684416,,,,,58308674,512067,,25670,,,0
,6962688,,170284,4008195,,,2889,國票金,,,1954510,5851887,,5833293,11334176,16149824,,,,,,,,,18448615,,,4,,,2,上市,114,0,,,,,0,,,22293777,22373673,,,45005374,,,394789,699384,5494483,,,,,49961749,,42701708,,,0,,12.09,,,,264977,,4319598,635580,56873,,167701,36335635,,1774236,,357053820,,403368,,407015569,141686111,3054605,179549448,57253,428439,,,,,271062317,0,,7260041,,,0
,13614042,,4467621,75964781,,,2890,永豐金,,11502663,-7236383,18243807,,32717234,94484813,55569226,,,,,,,,,0,92424436,,195560456,,2297443637,2,上市,114,,,,,,,62134094,,32582588,87040329,,,150858895,,,2137905,323292249,983821,,,,,207902222,,206031149,,,0,,16.24,,,,7876119,18437,37431161,3540117,331627,,4038252,131171698,,2751244,,2864069639,1668684709,6131053,,3071971861,360879858,86633302,120499726,1739395,3667942,,,,,69492525,93399270,,1871073,,,0
,50348483,,17369379,240561614,,,2891,中信金,,,-60059435,54990407,,80993344,199663486,131259339,,,5470183,,,,,,28651375,140928523,,474793858,,5400065139,2,上市,114,,,,,,0,152709888,,40569582,160811776,,,278349158,,,112929354,2083309468,20560461,,,,,469081990,,442621178,,,0,,21.97,,,,40104607,,173644914,10711054,5427566,,16558685,201503708,,1823360216,,8361149618,4034035301,60615291,,8830231608,603503650,105461434,680022431,13492152,16752895,435269,,50903,,212740632,21306314,,26460812,,,0
,27705179,,2433919,75863427,,,2892,第一金,,6450000,16941124,5117401,,25702916,83806514,15353233,,,69682,,,,,,0,377140075,,360153777,,3731812477,2,上市,114,,,,,,0,70800000,,35436497,77191875,,,74609220,,,12514991,965536054,3498220,,,,,262706483,,262706483,,,0,,18.73,,,,1133950,,52741658,5639621,1092207,,2320014,143794686,,74109375,,4545403931,2640874748,26107246,,4808110414,418588334,47465973,198888259,8306633,4877957,,,,,19807476,2336110,,0,,,0
,2606782,,361095,12685288,,,2897,王道銀行,,,-1346390,654537,,2113540,13335644,431460,,,,,,,,,,,47968203,,15648020,312979972,2,上市,114,-221695,,,,,,,,,8986360,13450000,,4700342,,,,27285899,6438543,,,,,61418600,,,42242801,,22939000,,13.93,,,,1623163,,7070303,362300,347911,,379230,30553579,,2003762,,625663816,253853580,572019,,687082416,167303488,1677362,183323995,868621,748374,,,,,222997825,,13225921,19175799,,,0
,,,,134684,,,2901,欣欣,,,2594,,,,,,,,,,,,,,,,,,,,2,上市,114,0,,,,,0,,,,,,,,,,,,,,,,868214,,,,,,0,,11.89,82990,494678,,,,,,,,,730433,,,146582,,,503,1014796,,,,,,,,,,,,,,,63592,520118,0
,,,,7345709,,,2903,遠百,,,5567652,,,,,,,,,,,,,,,,,,,,2,上市,114,-97110,,,,,,,,,,,,,,,,,,,,,35471258,,,,30329257,,8207004,,21.53,43196997,22275799,,,,,,,,,14169406,,,99711334,,,3343600,135182592,,,,,,,,,,,,,,5142001,56514337,112906793,0
,,,,383811,,,2904,匯僑,,,-15633,,,,,,,,,,,,,,,,,,,,2,上市,114,,,,,,0,,,,,,,,,,,,,,,,1234167,,,,1233728,,0,,15.85,353174,298118,,,,,,,,,778344,,,693986,,,87206,1928153,,,,,,,,,,,,,,439,340812,1630035,0
,,,,4860034,,,2905,三商,0,,-6915643,,,,,,,,,,,,,,,,,,,,2,上市,114,-754245,,,,,0,,,,,,,,,,,,,,,,,38898017,0,,12502940,,69217000,,11.87,20869933,151641138,,,,,,,,,11224957,,,1538461811,,,4087837,1577359828,,,,,,,,,,,,,,26395077,1517591878,1425718690,0
,,,,948529,,,2906,高林,,,-85231,,,,,,,,,,,,,,,,,,,,2,上市,114,,,,,,0,,,,,,,,,,,,,,,,6371385,,,,3248607,,0,,15.53,4591610,4873734,,,,,,,,,2091167,,,6208713,,,294142,12580098,,,,,,,,,,,,,,3122778,1617103,7706364,0
,,,,1660910,,,2908,特力,,,-448920,,,,,,,,,,,,,,,,,,,,2,上市,114,0,,,,,,,,,,,,,,,,,,,,,7662409,,,,6496582,,0,,12.74,13516394,17681234,,,,,,,,,5098875,,,28072934,,,185717,35735343,,,,,,,,,,,,,,1165827,14556540,18054109,0
,,,,919912,,,2910,統領,,,-48125,,,,,,,,,,,,,,,,,,,,2,上市,114,0,,,,,0,,,,,,,,,,,,,,,,2625817,,,,2625817,,0,,14.97,685739,902004,,,,,,,,,1754030,,,3323969,,,0,5949786,,,,,,,,,,,,,,,2638230,5047782,0
,,,,-776048,,,2911,麗嬰房,,,-160623,,,,,,,,,,,,,,,,,,,,2,上市,114,,,,,,,,,,,,,,,,,,,,,,409043,,,,317113,,0,,3.02,2060499,1468902,,,,,,,,,1051260,,,2764437,,,202524,3173480,,,,,,,,,,,,,,91930,703938,1704578,0
,,,,26172596,,,2912,統一超,,,-1383826,,,,,,,,,,,,,,,,,,,,2,上市,114,,,,,,,,,,,,,,,,,,,,,,44927428,,,,35275977,,0,,33.93,124899589,95977682,,,,,,,,,10396223,,,239231677,,,90984,284159105,,,,,,,,,,,,,,9651451,114332088,188181423,0
,,,,2426898,,,2913,農林,,,-50561,,,,,,,,,,,,,,,,,,,,2,上市,114,,,,,,0,,,,,,,,,,,,,,,,12474285,,,,,,0,,15.79,583379,1123297,,,,,,,,,7900000,,,8839904,,,2197948,21314189,,,,,,,,,,,,,,,8256525,20190892,0
,,,,99799511,,,2915,潤泰全,,,-54223159,,,,,,,,,,,,,,,,,,,,2,上市,114,-552479,,,,,0,,,,,,,,,,,,,,,,86896707,,,,84369281,,36593388,,79.02,3902667,4769336,,,,,,,,,11043188,,,14819558,,,28302220,101716265,,,,,,,,,,,,,,2527426,10916891,96946929,0
,,,,35093228,,,2923,鼎固-KY,,,-7399703,,,,,,,,,,,,,,,,,,,,2,上市,114,,,,,,,,,,,,,,,,,,,,,,46360493,,,,45288641,,0,,26.02,38218734,64321624,,,,,,,,,17402970,,,70894976,,,192146,117255469,,,,,,,,,,,,,,1071852,32676242,52933845,0
,,,,697198,,,2929,淘帝-KY,,,-652453,,,,,,,,,,,,,,,,,,,,2,上市,114,-17152,,,,,,,,,,,,,,,,,,,,,2642553,,,,2642553,,507000,,24.25,328514,3040085,,,,,,,,,1094938,,,608142,,,1520022,3250695,,,,,,,,,,,,,,,279628,210610,0
,,,,-177498,,,2939,永邑-KY,,,-12053,,,,,,,,,,,,,,,,,,,,2,上市,114,,,,,,,,,,,,,,,,,,,,,,600142,,,,600142,,0,,13.18,38365,658214,,,,,,,,,455487,,,253295,,,334206,853437,,,,,,,,,,,,,,,214930,195223,0
,,,,176833,,,2945,三商家購,,,,,,,,,,,,,,,,,,,,,,,2,上市,114,,,,,,0,,,,,,,,,,,,,,,,1990328,,,,1853143,,0,,27.45,2698309,2342581,,,,,,,,,675000,,,4301722,,,1001310,6292050,,,,,,,,,,,,,,137185,1603413,3949469,0
,,,,231531,,,3002,歐格,,,-117005,,,,,,,,,,,,,,,,,,,,2,上市,114,-10058,,,,,,,,,,,,,,,,,,,,,1264128,,,,1141642,,815000,,11.28,240926,1568330,,,,,,,,,1020000,,,551790,,,17174,1815918,,,,,,,,,,,,,,122486,310864,247588,0
,,,,4863404,,,3003,健和興,,,-255663,,,,,,,,,,,,,,,,,,,,2,上市,114,,,,,,,,,,,,,,,,,,,,,,6259195,,,,6191571,,0,,39.78,1102305,5905877,,,,,,,,,1556549,,,1556441,,,27281,7815636,,,,,,,,,,,,,,67624,454136,1909759,0
,,,,1551896,,,3004,豐達科,0,,-88673,,,,,,,,,,,,,,,,,,,,2,上市,114,0,,,,,0,,,,,,,,,,,,,,,,2691644,,,,2691644,,0,,48.15,2269322,3314771,,,,,,,,,559055,,,4163356,,,669366,6855000,,,,,,,,,,,,,,0,1894034,3540229,0
,,,,12190833,,,3005,神基,,,-1168005,,,,,,,,,,,,,,,,,,,,2,上市,114,,,,,,0,,,,,,,,,,,,,,,,23765565,,,,21284045,,0,,34.31,18699050,31793488,,,,,,,,,6203579,,,23352250,,,4057638,47117815,,,,,,,,,,,,,,2481520,4653200,15324327,0
,,,,6098904,,,3006,晶豪科,,,-60177,,,,,,,,,,,,,,,,,,,,2,上市,114,-150953,,,,,,,,,,,,,,,,,,,,,9154107,,,,9259961,,13490000,,33.96,5706089,14449061,,,,,,,,,2861722,,,7881741,,,510465,17035848,,,,,,,,,,,,,,-105854,2175652,2586787,
,,,,175759092,,,3008,大立光,,,-984940,,,,,,,,,,,,,,,,,,,,2,上市,114,,,,,,0,,,,,,,,,,,,,,,,179499850,,,,177670810,,0,,1331.18,31830177,143565506,,,,,,,,,1334682,,,31961852,,,1561976,211461702,,,,,,,,,,,,,,1829040,131675,67896196,0
,,,,14250924,,,3010,華立,,,-262380,,,,,,,,,,,,,,,,,,,,2,上市,114,,,,,,,,,,,,,,,,,,,,,,22153592,,,,20431829,,0,,78.75,20721461,33969288,,,,,,,,,2594368,,,27626671,,,3848917,49780263,,,,,,,,,,,,,,1721763,6905210,15810975,0
,,,,-28378,,,3011,今皓,,,284989,,,,,,,,,,,,,,,,,,,,2,上市,114,,,,,,,,,,,,,,,,,,,,,,1456003,,,,1385425,,0,,12.29,1054375,696636,,,,,,,,,1127192,,,1194534,,,1622,2650537,,,,,,,,,,,,,,70578,140159,1953901,0
,,,,1802892,,,3013,晟銘電,,,-171455,,,,,,,,,,,,,,,,,,,,2,上市,114,0,,,,,,,,,,,,,,,,,,,,,4447851,,,,4447851,,0,,21.68,2751397,4712596,,,,,,,,,2051389,,,3513756,,,765025,7961607,,,,,,,,,,,,,,0,762359,3249011,0
,,,,3039952,,,3014,聯陽,,,-204674,,,,,,,,,,,,,,,,,,,,2,上市,114,,,,,,0,,,,,,,,,,,,,,,,6151428,,,,6151428,,0,,37.05,3486064,7320756,,,,,,,,,1660351,,,3632272,,,1655799,9783700,,,,,,,,,,,,,,0,146208,2462944,0
,,,,5464877,,,3015,全漢,,,4757560,,,,,,,,,,,,,,,,,,,,2,上市,114,,,,,,0,,,,,,,,,,,,,,,,13356752,,,,12956706,,0,,69.19,5978803,10979229,,,,,,,,,1872620,,,6599554,,,861649,19956306,,,,,,,,,,,,,,400046,620751,8977077,0
,,,,339497,,,3016,嘉晶,,,-2554,,,,,,,,,,,,,,,,,,,,2,上市,114,,,,,,0,,,,,,,,,,,,,,,,4873135,,,,4873135,,0,,16.89,1003807,3730751,,,,,,,,,2885418,,,1927914,,,1650774,6801049,,,,,,,,,,,,,,,924107,3070298,0
,,,,26548147,,,3017,奇鋐,,,-3350908,,,,,,,,,,,,,,,,,,,,2,上市,114,,,,,,,,,,,,,,,,,,,,,,34071746,,,,29647985,,0,,76.38,72627126,89718148,,,,,,,,,3882286,,,80570760,,,2568460,114642506,,,,,,,,,,,,,,4423761,7943634,24924358,12450
,,,,-439110,,,3018,隆銘綠能,,,362204,,,,,,,,,,,,,,,,,,,,2,上市,114,0,,,,,0,,,,,,,,,,,,,,,,653830,,,,653830,,0,,8.95,727391,943727,,,,,,,,,730736,,,971754,,,0,1625584,,,,,,,,,,,,,,0,244363,681857,0
,,,,5798705,,,3019,亞光,,,-1251376,,,,,,,,,,,,,,,,,,,,2,上市,114,,,,,,0,,,,,,,,,,,,,,,,15067758,,,,12816571,,0,,45.90,9659139,21498036,,,,,,,,,2792439,,,9993851,,,5476803,25061609,,,,,,,,,,,,,,2251187,334712,3563573,0
,,,,692922,,,3021,鴻名,,,-220189,,,,,,,,,,,,,,,,,,,,2,上市,114,-12410,,,,,0,,,,,,,,,,,,,,,,1477288,,,,1426898,,824000,,15.01,1392285,2311701,,,,,,,,,958900,,,1533280,,,7675,3010568,,,,,,,,,,,,,,50390,140995,698867,0
,,,,8015986,,,3022,威強電,,,-610886,,,,,,,,,,,,,,,,,,,,2,上市,114,,,,,,0,,,,,,,,,,,,,,,,10166987,,,,10011318,,0,,56.69,3649343,10154220,,,,,,,,,1765978,,,4726793,,,840240,14893780,,,,,,,,,,,,,,155669,1077450,4739560,0
,,,,9156262,,,3023,信邦,,,-1002147,,,,,,,,,,,,,,,,,,,,2,上市,114,,,,,,,,,,,,,,,,,,,,,,13864550,,,,13676619,,0,,56.97,13860305,22926145,,,,,,,,,2400690,,,14797663,,,3121814,28662213,,,,,,,,,,,,,,187931,937358,5736068,0
,,,,666083,,,3024,憶聲,,,-568151,,,,,,,,,,,,,,,,,,,,2,上市,114,,,,,,0,,,,,,,,,,,,,,,,2871109,,,,2871109,,0,,10.36,1090497,2129740,,,,,,,,,2771575,,,1371168,,,1602,4242277,,,,,,,,,,,,,,,280671,2112537,0
,,,,79336,,,3025,星通,,,-2959,,,,,,,,,,,,,,,,,,,,2,上市,114,,,,,,,,,,,,,,,,,,,,,,687695,,,,687695,,0,,12.12,299002,768165,,,,,,,,,567365,,,343593,,,43953,1031288,,,,,,,,,,,,,,,44591,263123,0
,,,,4854948,,,3026,禾伸堂,,,-219583,,,,,,,,,,,,,,,,,,,,2,上市,114,,,,,,,,,,,,,,,,,,,,,,9722581,,,,9454319,,0,,56.99,5386025,11681462,,,,,,,,,1658903,,,6659853,,,3160051,16382434,,,,,,,,,,,,,,268262,1273828,4700972,0
,,,,297721,,,3027,盛達,,,-45777,,,,,,,,,,,,,,,,,,,,2,上市,114,-24677,,,,,,,,,,,,,,,,,,,,,2413313,,,,2075335,,1126000,,18.06,543885,1579429,,,,,,,,,1160646,,,656939,,,687422,3070252,,,,,,,,,,,,,,337978,113054,1490823,60500
,,,,1817018,,,3028,增你強,,,-18007,,,,,,,,,,,,,,,,,,,,2,上市,114,,,,,,0,,,,,,,,,,,,,,,,5517415,,,,5517415,,0,,23.26,15045310,19490500,,,,,,,,,2372412,,,15221495,,,1345992,20738910,,,,,,,,,,,,,,,176185,1248410,0
,,,,1276475,,,3029,零壹,,,29295,,,,,,,,,,,,,,,,,,,,2,上市,114,,,,,,,,,,,,,,,,,,,,,,6346206,,,,5186445,,0,,31.06,6577958,11322712,,,,,,,,,1670052,,,7580631,,,2210623,13926837,,,,,,,,,,,,,,1159761,1002673,2604125,0
,,,,5817510,,,3030,德律,,,-131712,,,,,,,,,,,,,,,,,,,,2,上市,114,,,,,,0,,,,,,,,,,,,,,,,8101248,,,,8101248,,0,,34.30,3566533,7702892,,,,,,,,,2362160,,,3835835,,,53290,11937083,,,,,,,,,,,,,,,269302,4234191,0
,,,,743241,,,3031,佰鴻,,,-161395,,,,,,,,,,,,,,,,,,,,2,上市,114,0,,,,,0,,,,,,,,,,,,,,,,2829770,,,,2754356,,0,,15.90,568313,1932333,,,,,,,,,1732032,,,678924,,,440478,3508694,,,,,,,,,,,,,,75414,110611,1576361,0
,,,,1245833,,,3032,偉訓,,,-558590,,,,,,,,,,,,,,,,,,,,2,上市,114,0,,,,,,,,,,,,,,,,,,,,,3207369,,,,2300665,,0,,20.31,6315084,7870721,,,,,,,,,1132856,,,6357591,,,480566,9564960,,,,,,,,,,,,,,906704,42507,1694239,0
,,,,2420227,,,3033,威健,,,-317408,,,,,,,,,,,,,,,,,,,,2,上市,114,,,,,,,,,,,,,,,,,,,,,,9536051,,,,9536051,,0,,19.88,26288975,38327751,,,,,,,,,4797641,,,29687385,,,2635591,39223436,,,,,,,,,,,,,,,3398410,895685,0
,,,,49937856,,,3034,聯詠,,,1243619,,,,,,,,,,,,,,,,,,,,2,上市,114,0,,,,,0,,,,,,,,,,,,,,,,59641644,,,,59641644,,0,,98.01,39300998,85187455,,,,,,,,,6085115,,,48468195,,,2375054,108109839,,,,,,,,,,,,,,0,9167197,22922384,0
,,,,4798145,,,3035,智原,,,543272,,,,,,,,,,,,,,,,,,,,2,上市,114,,,,,,0,,,,,,,,,,,,,,,,12671529,,,,12272183,,0,,47.10,5624870,12016194,,,,,,,,,2605503,,,6306151,,,4325263,18977680,,,,,,,,,,,,,,399346,681281,6961486,0
,,,,30055841,,,3036,文曄,,,-11052513,,,,,,,,,,,,,,,,,,,,2,上市,114,,,,,,0,,,,,,,,,,,,,,,,79823292,,,,79574116,,0,,63.34,275185046,342504670,,,,,,,,,12566305,,,318316316,,,48004483,398139608,,,,,,,,,,,,,,249176,43131270,55634938,0
,,,,60459089,,,3037,欣興,,,-3502282,,,,,,,,,,,,,,,,,,,,2,上市,114,-120420,,,,,0,,,,,,,,,,,,,,,,93828488,,,,87845402,,1011935,,57.47,67653090,88850380,,,,,,,,,15296762,,,137606585,,,15712253,231435073,,,,,,,,,,,,,,5983086,69953495,142584693,0
,,,,1054084,,,3038,全台,,,-158391,,,,,,,,,,,,,,,,,,,,2,上市,114,-122282,,,,,0,,,,,,,,,,,,,,,,2471380,,,,2429480,,8794388,,16.35,661910,2832436,,,,,,,,,1574076,,,1201706,,,81993,3673086,,,,,,,,,,,,,,41900,539796,840650,0
,,,,574197,,,3040,遠見,,,58043,,,,,,,,,,,,,,,,,,,,2,上市,114,,,,,,,,,,,,,,,,,,,,,,1304022,,,,1304022,,0,,20.70,116209,836041,,,,,,,,,630000,,,631889,,,41782,1935911,,,,,,,,,,,,,,,515680,1099870,0
,,,,173596,,,3041,揚智,,,-5130,,,,,,,,,,,,,,,,,,,,2,上市,114,0,,,,,,,,,,,,,,,,,,,,,2004739,,,,2004105,,0,,14.29,654429,1806578,,,,,,,,,1402237,,,1313962,,,433402,3318701,,,,,,,,,,,,,,634,659533,1512123,0
,,,,7407676,,,3042,晶技,,,-905698,,,,,,,,,,,,,,,,,,,,2,上市,114,,,,,,,,,,,,,,,,,,,,,,14668745,,,,14554666,,0,,42.43,6689024,14062605,,,,,,,,,3429930,,,8478339,,,4622758,23147084,,,,,,,,,,,,,,114079,1789315,9084479,0
,,,,-55144,,,3043,科風,,,397810,,,,,,,,,,,,,,,,,,,,2,上市,114,,,,,,0,,,,,,,,,,,,,,,,704803,,,,732422,,0,,18.79,939625,854594,,,,,,,,,389756,,,955731,,,0,1660534,,,,,,,,,,,,,,-27619,16106,805940,0
,,,,44776050,,,3044,健鼎,,,-5648577,,,,,,,,,,,,,,,,,,,,2,上市,114,,,,,,0,,,,,,,,,,,,,,,,44726722,,,,44718944,,0,,85.08,34622535,59120025,,,,,,,,,5256059,,,40844914,,,335412,85571636,,,,,,,,,,,,,,7778,6222379,26451611,0
,,,,43193255,,,3045,台灣大,,,-678280,,,,,,,,,,,,,,,,,,,,2,上市,114,-29717344,,,,,,,,,,,,,,,,,,,,,86569303,,,,79058012,,698751601,,26.14,70965367,43489504,,,,,,,,,37232618,,,150105808,,,29027763,236675111,,,,,,,,,,,,,,7511291,79140441,193185607,0
,,,,331367,,,3046,建碁,,,-45254,,,,,,,,,,,,,,,,,,,,2,上市,114,,,,,,0,,,,,,,,,,,,,,,,1483712,,,,1491432,,0,,19.01,1934040,2968052,,,,,,,,,784480,,,2009479,,,420839,3493191,,,,,,,,,,,,,,-7720,75439,525139,0
,,,,55476,,,3047,訊舟,,,-16193,,,,,,,,,,,,,,,,,,,,2,上市,114,-12931,,,,,,,,,,,,,,,,,,,,,3318100,,,,2563134,,1379692,,11.53,1431410,3429527,,,,,,,,,2237009,,,3025830,,,299773,6343930,,,,,,,,,,,,,,754966,1594420,2914403,0
,,,,792958,,,3048,益登,0,,-172643,,,,,,,,,,,,,,,,,,,,2,上市,114,0,,,,,,,,,,,,,,,,,,,,,4055552,,,,4055552,,0,,15.03,16232798,19002588,,,,,,,,,2698298,,,17942416,,,736939,21997968,,,,,,,,,,,,,,0,1709618,2995380,0
,,,,-665035,,,3049,精金,,,-582608,,,,,,,,,,,,,,,,,,,,2,上市,114,0,,,,,0,,,,,,,,,,,,,,,,7562598,,,,7093012,,0,,8.84,903489,1434774,,,,,,,,,8020105,,,4325678,,,320550,11888276,,,,,,,,,,,,,,469586,3422189,10453502,0
,,,,335193,,,3050,鈺德,0,,-88217,,,,,,,,,,,,,,,,,,,,2,上市,114,0,,,,,0,,,,,,,,,,,,,,,,2913204,,,,2383208,,0,,15.38,1083231,1724369,,,,,,,,,1549845,,,2752397,,,586387,5665601,,,,,,,,,,,,,,529996,1669166,3941232,0
,,,,701459,,,3051,力特,,,-10669,,,,,,,,,,,,,,,,,,,,2,上市,114,-41599,,,,,,,,,,,,,,,,,,,,,2319191,,,,2319191,,2000000,,14.06,648348,1406921,,,,,,,,,1670000,,,1666215,,,0,3985406,,,,,,,,,,,,,,0,1017867,2578485,0
,,,,1046972,,,3052,夆典,,,-7823,,,,,,,,,,,,,,,,,,,,2,上市,114,-276485,,,,,0,,,,,,,,,,,,,,,,3514586,,,,3425594,,31261043,,16.79,8987382,12621417,,,,,,,,,2352457,,,9508798,,,310473,13023384,,,,,,,,,,,,,,88992,521416,401967,0
,,,,25377,,,3054,立萬利,,,-88592,,,,,,,,,,,,,,,,,,,,2,上市,114,0,,,,,0,,,,,,,,,,,,,,,,743295,,,,743295,,0,,9.22,28157,374618,,,,,,,,,806510,,,32856,,,0,776151,,,,,,,,,,,,,,,4699,401533,0
,,,,606612,,,3055,蔚華科,,,-163484,,,,,,,,,,,,,,,,,,,,2,上市,114,-124658,,,,,,,,,,,,,,,,,,,,,1783158,,,,1748566,,2228030,,15.51,387239,1465413,,,,,,,,,1149749,,,522169,,,280347,2305327,,,,,,,,,,,,,,34592,134930,839914,0
,,,,2701848,,,3056,富華新,,,,,,,,,,,,,,,,,,,,,,,2,上市,114,,,,,,,,,,,,,,,,,,,,,,8775177,,,,8775177,,0,,24.65,7653730,15268735,,,,,,,,,4805550,,,7978161,,,1267779,16753338,,,,,,,,,,,,,,,324431,1484603,0
,,,,-311528,,,3057,喬鼎,,,-99507,,,,,,,,,,,,,,,,,,,,2,上市,114,,,,,,,,,,,,,,,,,,,,,,600679,,,,600371,,0,,6.48,223331,735773,,,,,,,,,926787,,,270678,,,84619,871357,,,,,,,,,,,,,,308,47347,135584,0
,,,,15976,,,3058,立德,,,-319243,,,,,,,,,,,,,,,,,,,,2,上市,114,-25377,,,,,0,,,,,,,,,,,,,,,,1812312,,,,1713029,,1348000,,8.55,2233131,2419125,,,,,,,,,2017228,,,3175150,,,24445,4987462,,,,,,,,,,,,,,99283,942019,2568337,0
,,,,4598669,,,3059,華晶科,,,-1028454,,,,,,,,,,,,,,,,,,,,2,上市,114,-2847,,,,,0,,,,,,,,,,,,,,,,9577299,,,,9168421,,100000,,30.00,5195266,9169229,,,,,,,,,3057470,,,6056974,,,2543583,15634273,,,,,,,,,,,,,,408878,861708,6465044,0
,,,,504448,,,3060,銘異,,,-845361,,,,,,,,,,,,,,,,,,,,2,上市,114,,,,,,0,,,,,,,,,,,,,,,,2478125,,,,2467052,,0,,17.93,1374047,2694670,,,,,,,,,1375632,,,1755072,,,1432333,4233197,,,,,,,,,,,,,,11073,381025,1538527,0
,,,,1551547,,,3062,建漢,,,-690475,,,,,,,,,,,,,,,,,,,,2,上市,114,-233167,,,,,0,,,,,,,,,,,,,,,,4536215,,,,4536215,,7500000,,14.05,1579020,3182552,,,,,,,,,3302994,,,1809622,,,605316,6345837,,,,,,,,,,,,,,,230602,3163285,0
,,,,2512414,,,3090,日電貿,,,84167,,,,,,,,,,,,,,,,,,,,2,上市,114,,,,,,,,,,,,,,,,,,,,,,6392384,,,,6350632,,0,,29.87,5066909,9835186,,,,,,,,,2125972,,,5344225,,,1628079,11736609,,,,,,,,,,,,,,41752,277316,1901423,0
,,,,-242355,,,3092,鴻碩,,,-154674,,,,,,,,,,,,,,,,,,,,2,上市,114,,,,,,0,,,,,,,,,,,,,,,,1590196,,,,1551823,,0,,14.56,2149337,2372725,,,,,,,,,1065520,,,3495850,,,883332,5086046,,,,,,,,,,,,,,38373,1346513,2713321,0
,,,,118412,,,3094,聯傑,,,-18168,,,,,,,,,,,,,,,,,,,,2,上市,114,0,,,,,0,,,,,,,,,,,,,,,,996000,,,,996000,,0,,11.98,42014,736997,,,,,,,,,831171,,,113825,,,64585,1109825,,,,,,,,,,,,,,,71811,372828,0
,,,,743752,,,3130,一零四,,,-3521,,,,,,,,,,,,,,,,,,,,2,上市,114,,,,,,0,,,,,,,,,,,,,,,,1469712,,,,1469712,,0,,44.28,2495378,3257289,,,,,,,,,331907,,,2579972,,,397574,4049684,,,,,,,,,,,,,,,84594,792395,0
,,,,310859,,,3135,凌航,,,0,,,,,,,,,,,,,,,,,,,,2,上市,114,-11718,,,,,,,,,,,,,,,,,,,,,1361862,,,,,,350000,,20.02,950898,2203391,,,,,,,,,683734,,,1371200,,,378987,2733062,,,,,,,,,,,,,,,420302,529671,0
,,,,618910,,,3138,耀登,,,-42984,,,,,,,,,,,,,,,,,,,,2,上市,114,-101666,,,,,0,,,,,,,,,,,,,,,,1913808,,,,1912062,,1152000,,38.90,973202,2315765,,,,,,,,,503104,,,1813828,,,934698,3727636,,,,,,,,,,,,,,1746,840626,1411871,0
,,,,-695433,,,3149,正達,,,466766,,,,,,,,,,,,,,,,,,,,2,上市,114,,,,,,0,,,,,,,,,,,,,,,,2844869,,,,2844869,,0,,12.57,567694,1668836,,,,,,,,,2262336,,,1933688,,,811200,4778557,,,,,,,,,,,,,,,1365994,3109721,0
,,,,34440,,,3150,鈺寶-創,,,-383,,,,,,,,,,,,,,,,,,,,2,上市,114,,,,,,,,,,,,,,,,,,,,,,663120,,,,,,0,,14.94,83025,536224,,,,,,,,,443770,,,83025,,,185293,746145,,,,,,,,,,,,,,,0,209921,0
,,,,66529,,,3164,景岳,,,-43882,,,,,,,,,,,,,,,,,,,,2,上市,114,-3121,,,,,0,,,,,,,,,,,,,,,,1351183,,,,1238384,,155000,,14.34,106525,466378,,,,,,,,,865114,,,178929,,,353744,1530112,,,,,,,,,,,,,,112799,72404,1063734,0
,,,,1527482,,,3167,大量,,,-219231,,,,,,,,,,,,,,,,,,,,2,上市,114,0,,,,,,,,,,,,,,,,,,,,,2715947,,,,2715947,,0,,30.74,2835273,4139891,,,,,,,,,883618,,,3543389,,,524078,6259336,,,,,,,,,,,,,,,708116,2119445,0
,,,,554425,,,3168,眾福科,,,-56555,,,,,,,,,,,,,,,,,,,,2,上市,114,-49406,,,,,,,,,,,,,,,,,,,,,2483137,,,,1709987,,1000000,,22.18,1323697,2768700,,,,,,,,,780996,,,1398885,,,480527,3882022,,,,,,,,,,,,,,773150,75188,1113322,0
,,,,19977669,,,3189,景碩,,,-347556,,,,,,,,,,,,,,,,,,,,2,上市,114,,,,,,,,,,,,,,,,,,,,,,39597183,,,,31547318,,0,,69.10,18730205,27665667,,,,,,,,,4565709,,,39603737,,,7351496,79200920,,,,,,,,,,,,,,8049865,20873532,51535253,0
,,,,1313962,,,3209,全科,0,,-107022,,,,,,,,,,,,,,,,,,,,2,上市,114,0,,,,,0,,,,,,,,,,,,,,,0,4605620,,,,4405366,,0,,18.75,10163727,13785234,,,,,,,,,2349742,,,11179903,,,848684,15785523,,,,,,,,,,,,,,200254,1016176,2000289,0
,,,,-136696,,,3229,晟鈦,,,0,,,,,,,,,,,,,,,,,,,,2,上市,114,,,,,,0,,,,,,,,,,,,,,,,596276,,,,596276,,0,,9.28,203142,538373,,,,,,,,,642630,,,210889,,,90342,807165,,,,,,,,,,,,,,0,7747,268792,0
,,,,51312612,,,3231,緯創,,,-6683649,,,,,,,,,,,,,,,,,,,,2,上市,114,-508,,,,,0,,,,,,,,,,,,,,,,205196849,,,,149591795,,22800,,47.57,623232115,767711431,,,,,,,,,31444351,,,684612980,,,73518989,889809829,,,,,,,,,,,,,,55605054,61380865,122098398,0
,,,,623124,,,3257,虹冠電,,,-63973,,,,,,,,,,,,,,,,,,,,2,上市,114,-11409,,,,,,,,,,,,,,,,,,,,,1563729,,,,1563729,,259000,,19.65,254113,1434623,,,,,,,,,798236,,,730765,,,217751,2294494,,,,,,,,,,,,,,,476652,859871,0
,,,,1884344,,,3266,昇陽,,,-1655,,,,,,,,,,,,,,,,,,,,2,上市,114,,,,,,0,,,,,,,,,,,,,,,,6243824,,,,6208503,,0,,17.62,5965774,11368385,,,,,,,,,3523143,,,6263663,,,802671,12507487,,,,,,,,,,,,,,35321,297889,1139102,0
,,,,213567,,,3296,勝德,,,-226558,,,,,,,,,,,,,,,,,,,,2,上市,114,,,,,,0,,,,,,,,,,,,,,,,1137617,,,,1137617,,0,,11.76,838911,1377015,,,,,,,,,967244,,,871598,,,183364,2009215,,,,,,,,,,,,,,,32687,632200,0
,,,,2262679,,,3305,昇貿,,,-366315,,,,,,,,,,,,,,,,,,,,2,上市,114,-273375,,,,,0,,,,,,,,,,,,,,,,4401461,,,,4382274,,5137000,,33.94,5192901,7588384,,,,,,,,,1342375,,,6554667,,,1416910,10956128,,,,,,,,,,,,,,19187,1361766,3367744,0
,,,,454195,,,3308,聯德,,,-35684,,,,,,,,,,,,,,,,,,,,2,上市,114,,,,,,,,,,,,,,,,,,,,,,1023417,,,,1023417,,0,,17.06,612414,1471240,,,,,,,,,600000,,,1079895,,,4906,2103312,,,,,,,,,,,,,,0,467481,632072,0
,,,,1606067,,,3311,閎暉,,,-385380,,,,,,,,,,,,,,,,,,,,2,上市,114,,,,,,,,,,,,,,,,,,,,,,2530761,,,,2530761,,0,,37.22,2141974,1838602,,,,,,,,,680000,,,2211277,,,630074,4742038,,,,,,,,,,,,,,,69303,2903436,0
,,,,654194,,,3312,弘憶股,,,-94429,,,,,,,,,,,,,,,,,,,,2,上市,114,,,,,,0,,,,,,,,,,,,,,,,2849961,,,,2557980,,0,,15.73,6511050,8170331,,,,,,,,,1626254,,,7486333,,,371961,10336294,,,,,,,,,,,,,,291981,975283,2165963,0
,,,,-125151,,,3321,同泰,,,-97597,,,,,,,,,,,,,,,,,,,,2,上市,114,,,,,,0,,,,,,,,,,,,,,,,308785,,,,308785,,0,,5.81,1359115,1461395,,,,,,,,,531138,,,1622392,,,395,1931177,,,,,,,,,,,,,,,263277,469782,0
,,,,779225,,,3338,泰碩,,,-171165,,,,,,,,,,,,,,,,,,,,2,上市,114,-50639,,,,,0,,,,,,,,,,,,,,,,1785431,,,,1785431,,1082000,,20.56,1627432,2891101,,,,,,,,,879081,,,1780577,,,348929,3566008,,,,,,,,,,,,,,,153145,674907,0
,,,,647714,,,3346,麗清,,,-367812,,,,,,,,,,,,,,,,,,,,2,上市,114,-20122,,,,,,,,,,,,,,,,,,,,,3197117,,,,3197117,,750000,,26.54,5002036,7381792,,,,,,,,,1212283,,,6297665,,,1725054,9494782,,,,,,,,,,,,,,,1295629,2112990,0
,,,,948490,,,3356,奇偶,,,-27856,,,,,,,,,,,,,,,,,,,,2,上市,114,,,,,,0,,,,,,,,,,,,,,,,1958867,,,,1945460,,0,,24.34,586928,2357712,,,,,,,,,799417,,,632148,,,225409,2591015,,,,,,,,,,,,,,13407,45220,233303,0
,,,,12661310,,,3376,新日興,,,-635775,,,,,,,,,,,,,,,,,,,,2,上市,114,,,,,,,,,,,,,,,,,,,,,,16476814,,,,16476814,,0,,84.17,4618899,12533115,,,,,,,,,1957638,,,5784214,,,2493641,22261028,,,,,,,,,,,,,,,1165315,9727913,0
,,,,1490499,,,3380,明泰,,,-580092,,,,,,,,,,,,,,,,,,,,2,上市,114,,,,,,,,,,,,,,,,,,,,,,12412155,,,,8675799,,0,,16.02,9537950,15871750,,,,,,,,,5417185,,,10466788,,,2348207,22878943,,,,,,,,,,,,,,3736356,928838,7007193,0
,,,,13179585,,,3406,玉晶光,,,-1744345,,,,,,,,,,,,,,,,,,,,2,上市,114,,,,,,,,,,,,,,,,,,,,,,21773690,,,,21802346,,0,,193.38,9413884,17704554,,,,,,,,,1127431,,,17754124,,,9239675,39527814,,,,,,,,,,,,,,-28656,8340240,21823260,0
,,,,7604290,,,3413,京鼎,,,-525750,,,,,,,,,,,,,,,,,,,,2,上市,114,,,,,,0,,,,,,,,,,,,,,,,15984956,,,,14021063,,0,,129.80,7311306,13709804,,,,,,,,,1085125,,,10077277,,,5857398,26062233,,,,,,,,,,,,,,1963893,2765971,12352429,0
,,,,1349728,,,3416,融程電,,,14547,,,,,,,,,,,,,,,,,,,,2,上市,114,,,,,,,,,,,,,,,,,,,,,,3123700,,,,3124705,,0,,39.18,1727926,2929642,,,,,,,,,797465,,,1746030,,,962965,4869730,,,,,,,,,,,,,,-1005,18104,1940088,0
,,,,-80661,,,3419,譁裕,,,-121243,,,,,,,,,,,,,,,,,,,,2,上市,114,,,,,,,,,,,,,,,,,,,,,,1003325,,,,1003325,,0,,8.33,700139,1077741,,,,,,,,,1204804,,,875057,,,425,1878382,,,,,,,,,,,,,,0,174918,800641,0
,,,,-230271,,,3432,台端,,,-52680,,,,,,,,,,,,,,,,,,,,2,上市,114,,,,,,,,,,,,,,,,,,,,,,317550,,,,317550,,0,,7.52,11588,263443,,,,,,,,,422300,,,12423,,,178201,329973,,,,,,,,,,,,,,,835,66530,0
,,,,-169382,,,3437,榮創,,,78201,,,,,,,,,,,,,,,,,,,,2,上市,114,,,,,,0,,,,,,,,,,,,,,,,2301183,,,,2245271,,0,,15.53,570714,1820204,,,,,,,,,1445480,,,595550,,,890972,2896733,,,,,,,,,,,,,,55912,24836,1076529,0
,,,,9523293,,,3443,創意,,,-93421,,,,,,,,,,,,,,,,,,,,2,上市,114,,,,,,,,,,,,,,,,,,,,,,10802887,,,,10802887,,0,,80.61,16698230,25872240,,,,,,,,,1340119,,,17227131,,,32896,28030018,,,,,,,,,,,,,,,528901,2157778,0
,,,,207497,,,3447,展達,,,-59784,,,,,,,,,,,,,,,,,,,,2,上市,114,,,,,,0,,,,,,,,,,,,,,,,1107418,,,,1107418,,0,,14.32,1871309,2747551,,,,,,,,,773311,,,1873109,,,186394,2980527,,,,,,,,,,,,,,,1800,232976,0
,,,,2883503,,,3450,聯鈞,,,-155228,,,,,,,,,,,,,,,,,,,,2,上市,114,,,,,,,,,,,,,,,,,,,,,,7050427,,,,4641311,,0,,31.86,3553746,6772370,,,,,,,,,1456814,,,4808256,,,456222,11858683,,,,,,,,,,,,,,2409116,1254510,5086313,0
,,,,43637823,,,3481,群創,,,-14320970,,,,,,,,,,,,,,,,,,,,2,上市,114,-56914,,,,,0,,,,,,,,,,,,,,,,214964055,,,,213104693,,4072200,,26.69,92441935,142148759,,,,,,,,,79891974,,,102486540,,,103952780,317450595,,,,,,,,,,,,,,1859362,10044605,175301836,0
,,,,-360357,,,3494,誠研,,,-32113,,,,,,,,,,,,,,,,,,,,2,上市,114,,,,,,,,,,,,,,,,,,,,,,792161,,,,693395,,0,,7.31,433507,474632,,,,,,,,,948000,,,1121570,,,137865,1913731,,,,,,,,,,,,,,98766,688063,1439099,0
,,,,4085762,,,3501,維熹,,,-700276,,,,,,,,,,,,,,,,,,,,2,上市,114,,,,,,0,,,,,,,,,,,,,,,,6313903,,,,6313903,,0,,53.39,1865154,5457267,,,,,,,,,1182579,,,2739669,,,1745838,9053572,,,,,,,,,,,,,,,874515,3596305,0
,,,,141091,,,3504,揚明光,,,-207157,,,,,,,,,,,,,,,,,,,,2,上市,114,,,,,,,,,,,,,,,,,,,,,,2722737,,,,2722737,,0,,23.87,1056418,2205242,,,,,,,,,1140598,,,1608874,,,1648205,4331611,,,,,,,,,,,,,,0,552456,2126369,0
,,,,4544544,,,3515,華擎,,,-475404,,,,,,,,,,,,,,,,,,,,2,上市,114,-178,,,,,,,,,,,,,,,,,,,,,10162214,,,,9036359,,17800,,73.14,11889692,19822464,,,,,,,,,1235741,,,11982643,,,3731656,22144857,,,,,,,,,,,,,,1125855,92951,2322393,0
,,,,-85972,,,3518,柏騰,,,-221903,,,,,,,,,,,,,,,,,,,,2,上市,114,,,,,,,,,,,,,,,,,,,,,,1302852,,,,1302852,,0,,13.46,263173,1162796,,,,,,,,,968122,,,666096,,,642605,1968948,,,,,,,,,,,,,,,402923,806152,0
,,,,665717,,,3528,安馳,,,31961,,,,,,,,,,,,,,,,,,,,2,上市,114,,,,,,,,,,,,,,,,,,,,,,1665833,,,,,,0,,25.00,3156263,4660642,,,,,,,,,666392,,,3181811,,,301763,4847644,,,,,,,,,,,,,,,25548,187002,0
,,,,360934,,,3530,晶相光,,,-6443,,,,,,,,,,,,,,,,,,,,2,上市,114,0,,,,,,,,,,,,,,,,,,,,,2281768,,,,2281768,,0,,29.45,205274,2085869,,,,,,,,,774759,,,215525,,,1152518,2497293,,,,,,,,,,,,,,,10251,411424,0
,,,,14660596,,,3532,台勝科,,,-92715,,,,,,,,,,,,,,,,,,,,2,上市,114,,,,,,,,,,,,,,,,,,,,,,24185685,,,,24185685,,0,,62.36,4572757,7656864,,,,,,,,,3878483,,,26320171,,,5739321,50505856,,,,,,,,,,,,,,,21747414,42848992,0
,,,,23289947,,,3533,嘉澤,,,-2471313,,,,,,,,,,,,,,,,,,,,2,上市,114,-676152,,,,,0,,,,,,,,,,,,,,,,32913025,,,,31088205,,601000,,277.74,13840831,32920915,,,,,,,,,1125347,,,14793174,,,9820376,47706199,,,,,,,,,,,,,,1824820,952343,14785284,0
,,,,101571,,,3535,晶彩科,,,-7147,,,,,,,,,,,,,,,,,,,,2,上市,114,,,,,,,,,,,,,,,,,,,,,,983437,,,,983437,,0,,12.44,389164,1099387,,,,,,,,,790523,,,573335,,,98490,1556772,,,,,,,,,,,,,,,184171,457385,0
,,,,381255,,,3543,州巧,,,-495753,,,,,,,,,,,,,,,,,,,,2,上市,114,-25619,,,,,0,,,,,,,,,,,,,,,,2504194,,,,2322606,,1000000,,26.31,965729,2243239,,,,,,,,,892631,,,1266623,,,1570092,3770817,,,,,,,,,,,,,,181588,300894,1527578,0
,,,,1699616,,,3545,敦泰,,,-415580,,,,,,,,,,,,,,,,,,,,2,上市,114,-282435,,,,,,,,,,,,,,,,,,,,,9470595,,,,9470099,,3697000,,43.54,4459362,9852280,,,,,,,,,2211852,,,5503086,,,6256646,14973681,,,,,,,,,,,,,,496,1043724,5121401,0
,,,,302369,,,3550,聯穎,,,-445110,,,,,,,,,,,,,,,,,,,,2,上市,114,,,,,,0,,,,,,,,,,,,,,,,1132086,,,,1113214,,0,,12.72,1142999,2326322,,,,,,,,,875500,,,2590187,,,380455,3722273,,,,,,,,,,,,,,18872,1447188,1395951,0
,,,,1054995,,,3557,嘉威,,,-106057,,,,,,,,,,,,,,,,,,,,2,上市,114,,,,,,,,,,,,,,,,,,,,,,2474230,,,,2474230,,0,,30.81,1538649,1672653,,,,,,,,,843154,,,2813327,,,682138,5287557,,,,,,,,,,,,,,,1274678,3614904,0
,,,,2852987,,,3563,牧德,,,-22461,,,,,,,,,,,,,,,,,,,,2,上市,114,,,,,,,,,,,,,,,,,,,,,,5330397,,,,5247472,,0,,90.25,1438026,5945770,,,,,,,,,581462,,,1529531,,,1835484,6859928,,,,,,,,,,,,,,82925,91505,914158,0
,,,,-6023930,,,3576,聯合再生,,,423918,,,,,,,,,,,,,,,,,,,,2,上市,114,-18699,,,,,,,,,,,,,,,,,,,,,10693505,,,,10659994,,1065679,,6.55,6735291,9256070,,,,,,,,,16277954,,,15211475,,,751,25904980,,,,,,,,,,,,,,33511,8476184,16648910,0
,,,,3204879,,,3583,辛耘,,,121014,,,,,,,,,,,,,,,,,,,,2,上市,114,,,,,,,,,,,,,,,,,,,,,,5316428,,,,5046950,,0,,62.83,17437620,18728714,,,,,,,,,803280,,,17807173,,,917777,23123601,,,,,,,,,,,,,,269478,369553,4394887,0
,,,,758812,,,3588,通嘉,,,-56784,,,,,,,,,,,,,,,,,,,,2,上市,114,,,,,,,,,,,,,,,,,,,,,,1689710,,,,1689710,,0,,27.96,275245,1501023,,,,,,,,,616162,,,302740,,,371520,1992450,,,,,,,,,,,,,,,27495,491427,0
,,,,72059,,,3591,艾笛森,,,-300206,,,,,,,,,,,,,,,,,,,,2,上市,114,-73473,,,,,0,,,,,,,,,,,,,,,,2875536,,,,2714287,,4025827,,19.17,863727,2326015,,,,,,,,,1456094,,,1189998,,,1559813,4065534,,,,,,,,,,,,,,161249,326271,1739519,0
,,,,5805417,,,3592,瑞鼎,,,-308221,,,,,,,,,,,,,,,,,,,,2,上市,114,,,,,,0,,,,,,,,,,,,,,,,10968681,,,,10968681,,0,,144.60,9095563,18426354,,,,,,,,,758552,,,9602761,,,4712933,20571442,,,,,,,,,,,,,,,507198,2145088,0
,,,,-773929,,,3593,力銘,,,24696,,,,,,,,,,,,,,,,,,,,2,上市,114,,,,,,,,,,,,,,,,,,,,,,197614,,,,197614,,0,,2.12,1104631,1208264,,,,,,,,,930425,,,1165868,,,16422,1363482,,,,,,,,,,,,,,,61237,155218,0
,,,,9822247,,,3596,智易,,,-264415,,,,,,,,,,,,,,,,,,,,2,上市,114,,,,,,,,,,,,,,,,,,,,,,15274351,,,,15188993,,0,,68.93,27647667,35928733,,,,,,,,,2203543,,,27726882,,,3427618,43001233,,,,,,,,,,,,,,85358,79215,7072500,0
,,,,3563829,,,3605,宏致,,,-514946,,,,,,,,,,,,,,,,,,,,2,上市,114,-213286,,,,,0,,,,,,,,,,,,,,,,6133517,,,,6132751,,4150000,,41.12,3661883,6684512,,,,,,,,,1532797,,,7070772,,,1764357,13204289,,,,,,,,,,,,,,766,3408889,6519777,0
,,,,-18113,,,3607,谷崧,,,-836418,,,,,,,,,,,,,,,,,,,,2,上市,114,,,,,,,,,,,,,,,,,,,,,,1572883,,,,1572883,,0,,12.93,1125434,2059240,,,,,,,,,1216622,,,1364812,,,1210792,2937695,,,,,,,,,,,,,,0,239378,878455,0
,,,,4546613,,,3617,碩天,,,-359859,,,,,,,,,,,,,,,,,,,,2,上市,114,,,,,,,,,,,,,,,,,,,,,,8263739,,,,8202135,,0,,87.10,4529462,10360871,,,,,,,,,941660,,,6309132,,,3073721,14572871,,,,,,,,,,,,,,61604,1779670,4212000,0
,,,,1888432,,,3622,洋華,,,2059465,,,,,,,,,,,,,,,,,,,,2,上市,114,,,,,,,,,,,,,,,,,,,,,,7191665,,,,7084379,,0,,46.81,936103,6115153,,,,,,,,,1513276,,,1212661,,,1623206,8404326,,,,,,,,,,,,,,107286,276558,2289173,0
,,,,990224,,,3645,達邁,,,-6821,,,,,,,,,,,,,,,,,,,,2,上市,114,,,,,,,,,,,,,,,,,,,,,,3168894,,,,3143879,,0,,22.99,1216100,1979258,,,,,,,,,1367542,,,2075111,,,792934,5244005,,,,,,,,,,,,,,25015,859011,3264747,0
,,,,198923,,,3652,精聯,,,-32359,,,,,,,,,,,,,,,,,,,,2,上市,114,,,,,,,,,,,,,,,,,,,,,,1855233,,,,1852765,,0,,24.67,592187,2013839,,,,,,,,,750975,,,674400,,,935226,2529633,,,,,,,,,,,,,,2468,82213,515794,0
,,,,5751174,,,3653,健策,,,-177299,,,,,,,,,,,,,,,,,,,,2,上市,114,,,,,,0,,,,,,,,,,,,,,,,15499934,,,,15311171,,0,,107.13,6059816,17453631,,,,,,,,,1429220,,,10983225,,,8308076,26483159,,,,,,,,,,,,,,188763,4923409,9029528,0
,,,,10593537,,,3661,世芯-KY,,,-1820455,,,,,,,,,,,,,,,,,,,,2,上市,114,,,,,,,,,,,,,,,,,,,,,,35140090,,,,35122638,,0,,433.92,12959243,43865333,,,,,,,,,809434,,,13106990,,,25540122,48247080,,,,,,,,,,,,,,17452,147747,4381747,0
,,,,14075580,,,3665,貿聯-KY,,,-1602885,,,,,,,,,,,,,,,,,,,,2,上市,114,,,,,,0,,,,,,,,,,,,,,,,36607880,,,,36600942,,0,,190.56,17969162,35004655,,,,,,,,,1939694,,,26148139,,,22188553,62756019,,,,,,,,,,,,,,6938,8178977,27751364,0
,,,,1695058,,,3669,圓展,,,-257931,,,,,,,,,,,,,,,,,,,,2,上市,114,,,,,,,,,,,,,,,,,,,,,,3101447,,,,3101447,,0,,33.38,1189375,2147433,,,,,,,,,929200,,,1324716,,,735120,4426163,,,,,,,,,,,,,,,135341,2278730,0
,,,,3041571,,,3673,TPK-KY,,,220316,,,,,,,,,,,,,,,,,,,,2,上市,114,,,,,,,,,,,,,,,,,,,,,,36408420,,,,36221256,,0,,89.07,32187284,67877605,,,,,,,,,4066638,,,48867927,,,28892731,85276347,,,,,,,,,,,,,,187164,16680643,17398742,0
,,,,3117113,,,3679,新至陞,,,-548687,,,,,,,,,,,,,,,,,,,,2,上市,114,,,,,,,,,,,,,,,,,,,,,,4139547,,,,4139547,,0,,65.68,2651652,5637565,,,,,,,,,630222,,,4158779,,,940899,8298326,,,,,,,,,,,,,,,1507127,2660761,0
,,,,-77169,,,3686,達能,,,,,,,,,,,,,,,,,,,,,,,2,上市,114,,,,,,0,,,,,,,,,,,,,,,,697192,,,,697192,,0,,9.11,6655,412562,,,,,,,,,764951,,,10634,,,9410,707826,,,,,,,,,,,,,,,3979,295264,0
,,,,719529,,,3694,海華,,,-338751,,,,,,,,,,,,,,,,,,,,2,上市,114,,,,,,,,,,,,,,,,,,,,,,3101028,,,,3101028,,0,,20.01,4229126,6342098,,,,,,,,,1549792,,,4270963,,,1170458,7371991,,,,,,,,,,,,,,,41837,1029893,0
,,,,1309926,,,3701,大眾控,,,-687201,,,,,,,,,,,,,,,,,,,,2,上市,114,,,,,,0,,,,,,,,,,,,,,,,6328699,,,,4633249,,0,,19.59,5419895,11821993,,,,,,,,,2365266,,,8396261,,,1645258,14724960,,,,,,,,,,,,,,1695450,2976366,2902967,0
,,,,38862881,,,3702,大聯大,,,-10096262,,,,,,,,,,,,,,,,,,,,2,上市,114,,,,,,0,,,,,,,,,,,,,,,,69453441,,,,67609318,,0,,40.27,267285372,329943344,,,,,,,,,16790568,,,302754495,,,22052131,372207936,,,,,,,,,,,,,,1844123,35469123,42264592,0
,,,,9886624,,,3703,欣陸,,,1083254,,,,,,,,,,,,,,,,,,,,2,上市,114,,,,,,,,,,,,,,,,,,,,,,28293399,,,,26086053,,0,,31.69,52977673,61070998,,,,,,,,,8232160,,,66924793,,,6884015,95218192,,,,,,,,,,,,,,2207346,13947120,34147194,0
,,,,3530407,,,3704,合勤控,,,-732192,,,,,,,,,,,,,,,,,,,,2,上市,114,-96550,,,,,,,,,,,,,,,,,,,,,10746930,,,,10478147,,7317397,,25.86,8579234,16980012,,,,,,,,,4125654,,,11144550,,,3650828,21891480,,,,,,,,,,,,,,268783,2565316,4911468,711500
,,,,2876209,,,3705,永信,,,-382647,,,,,,,,,,,,,,,,,,,,2,上市,114,-1439,,,,,0,,,,,,,,,,,,,,,,8325135,,,,7546398,,58059,,28.33,2825437,7228012,,,,,,,,,2664230,,,4159124,,,2390045,12484259,,,,,,,,,,,,,,778737,1333687,5256247,0
,,,,26069971,,,3706,神達,,,-3380466,,,,,,,,,,,,,,,,,,,,2,上市,114,,,,,,0,,,,,,,,,,,,,,,,60041520,,,,59099109,,0,,48.98,38268809,57828221,,,,,,,,,13272125,,,51651555,,,23137479,111693075,,,,,,,,,,,,,,942411,13382746,53864854,0
,,,,2769698,,,3708,上緯投控,,,-687091,,,,,,,,,,,,,,,,,,,,2,上市,114,-150195,,,,,0,,,,,,,,,,,,,,,,8567776,,,,7499319,,2122000,,69.76,4589779,7831858,,,,,,,,,1096247,,,5297196,,,4470660,13864972,,,,,,,,,,,,,,1068457,707417,6033114,0
,,,,115591340,,,3711,日月光投控,,,-14637915,,,,,,,,,,,,,,,,,,,,2,上市,114,-1959107,,,,,255000,,,,,,,,,,,,,,,,314935005,,,,293770159,,72941505,,67.55,248969792,253994764,,,,,,,,,44221752,,,450239731,,,150554089,765174736,,,,,,,,,,,,,,21164846,201269939,511179972,3434600
,,,,-1144956,,,3712,永崴投控,,,663521,,,,,,,,,,,,,,,,,,,,2,上市,114,,,,,,0,,,,,,,,,,,,,,,,16496240,,,,7437435,,0,,30.20,44556344,50011748,,,,,,,,,2462421,,,61975510,,,5456449,78471750,,,,,,,,,,,,,,9058805,17419166,28460002,0
,,,,-1203459,,,3714,富采,,,146526,,,,,,,,,,,,,,,,,,,,2,上市,114,-135163,,,,,0,,,,,,,,,,,,,,,,43645056,,,,42588151,,1282377,,57.81,8029344,27018230,,,,,,,,,7379405,,,10017270,,,36400842,53662326,,,,,,,,,,,,,,1056905,1987926,26644096,0
,,,,2124163,,,3715,定穎投控,,,-674310,,,,,,,,,,,,,,,,,,,,2,上市,114,,,,,,0,,,,,,,,,,,,,,,,7409170,,,,7215416,,0,,25.99,16388485,13349613,,,,,,,,,2776746,,,23492327,,,2988817,30901497,,,,,,,,,,,,,,193754,7103842,17551884,0
,,,,346358,,,3716,中化控股,,,-248273,,,,,,,,,,,,,,,,,,,,2,上市,114,-125932,,,,,0,,,,,,,,,,,,,,,,7384670,,,,7344805,,3015941,,50.30,4064521,5780702,,,,,,,,,1490405,,,4967088,,,5882247,12351758,,,,,,,,,,,,,,39865,902567,6571056,0
,,,,3343199,,,4104,佳醫,,,44372,,,,,,,,,,,,,,,,,,,,2,上市,114,,,,,,0,,,,,,,,,,,,,,,,10803631,,,,8486033,,0,,51.93,6574147,10208871,,,,,,,,,1715674,,,7625652,,,3382788,18429283,,,,,,,,,,,,,,2317598,1051505,8220412,0
,,,,1135377,,,4106,雃博,,,-151771,,,,,,,,,,,,,,,,,,,,2,上市,114,,,,,,,,,,,,,,,,,,,,,,2343753,,,,2338458,,0,,23.17,703510,1698018,,,,,,,,,1009116,,,823368,,,345736,3167121,,,,,,,,,,,,,,5295,119858,1469103,0
,,,,-260303,,,4108,懷特,,,113654,,,,,,,,,,,,,,,,,,,,2,上市,114,,,,,,,,,,,,,,,,,,,,,,2281178,,,,1845577,,0,,9.29,40083,1495557,,,,,,,,,1986189,,,56950,,,6037,2338128,,,,,,,,,,,,,,435601,16867,842571,0
,,,,1912047,,,4119,旭富,,,40400,,,,,,,,,,,,,,,,,,,,2,上市,114,,,,,,0,,,,,,,,,,,,,,,,5382520,,,,5382520,,0,,45.04,1016538,1253924,,,,,,,,,1195087,,,1631736,,,2234986,7014256,,,,,,,,,,,,,,,615198,5760332,0
,,,,159264,,,4133,亞諾法,,,-8341,,,,,,,,,,,,,,,,,,,,2,上市,114,,,,,,,,,,,,,,,,,,,,,,1230986,,,,1230986,,0,,20.33,121749,953743,,,,,,,,,605536,,,146131,,,474527,1377117,,,,,,,,,,,,,,,24382,423374,0
,,,,2938808,,,4137,麗豐-KY,,,-1004221,,,,,,,,,,,,,,,,,,,,2,上市,114,,,,,,0,,,,,,,,,,,,,,,,4408458,,,,4408458,,0,,53.44,2535699,5580499,,,,,,,,,824924,,,3827262,,,1648947,8235720,,,,,,,,,,,,,,,1291563,2655221,0
,,,,-116675,,,4142,國光生,,,42168,,,,,,,,,,,,,,,,,,,,2,上市,114,-292538,,,,,0,,,,,,,,,,,,,,,,4904567,,,,4757531,,8000000,,11.29,1673960,3350676,,,,,,,,,4295078,,,3370013,,,829498,8274580,,,,,,,,,,,,,,147036,1696053,4923904,0
,,,,1394935,,,4148,全宇生技-KY,,,-461338,,,,,,,,,,,,,,,,,,,,2,上市,114,,,,,,,,,,,,,,,,,,,,,,2988752,,,,2388324,,0,,37.30,685240,2786015,,,,,,,,,672357,,,736035,,,782370,3724787,,,,,,,,,,,,,,600428,50795,938772,0
,,,,127720,,,4155,訊映,,,-92551,,,,,,,,,,,,,,,,,,,,2,上市,114,-17676,,,,,0,,,,,,,,,,,,,,,,2444289,,,,2378679,,1000000,,16.30,685392,1240751,,,,,,,,,1469642,,,1224534,,,891544,3668823,,,,,,,,,,,,,,65610,539142,2428072,0
,,,,1094147,,,4164,承業醫,,,-424101,,,,,,,,,,,,,,,,,,,,2,上市,114,,,,,,0,,,,,,,,,,,,,,,,7393951,,,,7042110,,0,,37.92,3054910,5324364,,,,,,,,,1857120,,,7840662,,,4514944,15234613,,,,,,,,,,,,,,351841,4785752,9910249,0
,,,,48059,,,4169,泰宗,,,209,,,,,,,,,,,,,,,,,,,,2,上市,114,,,,,,0,,,,,,,,,,,,,,,,1054526,,,,1054526,,0,,17.86,121548,854804,,,,,,,,,590486,,,159384,,,415772,1213910,,,,,,,,,,,,,,,37836,359106,0
,,,,-1276144,,,4178,永笙-KY,,,-221662,,,,,,,,,,,,,,,,,,,,2,上市,114,,,,,,,,,,,,,,,,,,,,,,1696230,,,,1696230,,0,,8.82,230339,2535874,,,,,,,,,1922759,,,1285015,,,1271277,2981245,,,,,,,,,,,,,,,1054676,445371,100000
,,,,461407,,,4190,佐登-KY,,,-191395,,,,,,,,,,,,,,,,,,,,2,上市,114,-108436,,,,,,,,,,,,,,,,,,,,,1551193,,,,1551193,,2000000,,25.87,2757686,1491327,,,,,,,,,619523,,,5227743,,,770094,6778936,,,,,,,,,,,,,,,2470057,5287609,0
,,,,-198025,,,4195,基米-創,,,-2745,,,,,,,,,,,,,,,,,,,,2,上市,114,,,,,,,,,,,,,,,,,,,,,,601227,,,,523711,,0,,7.23,434317,585490,,,,,,,,,724481,,,760247,,,0,1361474,,,,,,,,,,,,,,77516,325930,775984,0
,,,,2980546,,,4306,炎洲,,,-338530,,,,,,,,,,,,,,,,,,,,2,上市,114,-414345,,,,,,,,,,,,,,,,,,,,,12473597,,,,11925977,,34143828,,18.49,14773420,23565348,,,,,,,,,6924782,,,23328706,,,2773524,35802303,,,,,,,,,,,,,,547620,8555286,12236955,0
,,,,-83949,,,4414,如興,,,49776,,,,,,,,,,,,,,,,,,,,2,上市,114,,,,,,,,,,,,,,,,,,,,,,4081616,,,,3876711,,0,,14.70,7390334,6733665,,,,,,,,,2637957,,,7722854,,,1272927,11804470,,,,,,,,,,,,,,204905,332520,5070805,0
,,,,301949,,,4426,利勤,,,-40576,,,,,,,,,,,,,,,,,,,,2,上市,114,,,,,,0,,,,,,,,,,,,,,,,2031214,,,,2031005,,0,,11.76,666253,853877,,,,,,,,,1726773,,,2185767,,,42859,4216981,,,,,,,,,,,,,,209,1519514,3363104,0
,,,,3516407,,,4438,廣越,,,-723217,,,,,,,,,,,,,,,,,,,,2,上市,114,-62946,,,,,,,,,,,,,,,,,,,,,8835863,,,,6929901,,754000,,67.50,10206302,13964032,,,,,,,,,1034255,,,11251974,,,3165402,20087837,,,,,,,,,,,,,,1905962,1045672,6123805,0
,,,,1189209,,,4439,冠星-KY,,,-304224,,,,,,,,,,,,,,,,,,,,2,上市,114,,,,,,,,,,,,,,,,,,,,,,2948900,,,,2948900,,0,,77.53,2136144,3205378,,,,,,,,,380358,,,2928532,,,1683557,5877432,,,,,,,,,,,,,,,792388,2672054,0
,,,,307122,,,4440,宜新實業,,,5134,,,,,,,,,,,,,,,,,,,,2,上市,114,,,,,,,,,,,,,,,,,,,,,,1270140,,,,,,0,,18.79,422190,599818,,,,,,,,,675980,,,905149,,,281904,2175289,,,,,,,,,,,,,,,482959,1575471,0
,,,,3250119,,,4441,振大環球,,,-33452,,,,,,,,,,,,,,,,,,,,2,上市,114,,,,,,,,,,,,,,,,,,,,,,4634754,,,,4627732,,0,,76.60,2982998,6861062,,,,,,,,,604176,,,3041150,,,806889,7675904,,,,,,,,,,,,,,7022,58152,814842,0
,,,,1063814,,,4526,東台,,,55486,,,,,,,,,,,,,,,,,,,,2,上市,114,-59322,,,,,,,,,,,,,,,,,,,,,4902515,,,,4842739,,2316000,,19.18,6027371,8191537,,,,,,,,,2548265,,,7766191,,,1234496,12668706,,,,,,,,,,,,,,59776,1738820,4477169,0
,,,,4749961,,,4532,瑞智,,,-1742643,,,,,,,,,,,,,,,,,,,,2,上市,114,-228539,,,,,,,,,,,,,,,,,,,,,10084638,,,,9195396,,9900000,,18.58,16011709,20971536,,,,,,,,,5048951,,,17480452,,,1367666,27565090,,,,,,,,,,,,,,889242,1468743,6593554,0
,,,,6546829,,,4536,拓凱,,,-590489,,,,,,,,,,,,,,,,,,,,2,上市,114,,,,,,,,,,,,,,,,,,,,,,8925314,,,,8504072,,0,,93.64,4490778,10026560,,,,,,,,,908200,,,6220735,,,1639532,15146049,,,,,,,,,,,,,,421242,1729957,5119489,0
,,,,21673,,,4540,全球傳動,,,49271,,,,,,,,,,,,,,,,,,,,2,上市,114,,,,,,,,,,,,,,,,,,,,,,3374013,,,,3374013,,0,,30.09,1406625,3096235,,,,,,,,,1121433,,,3386229,,,2181636,6760242,,,,,,,,,,,,,,,1979604,3664007,2816
,,,,462162,,,4545,銘鈺,,,-68955,,,,,,,,,,,,,,,,,,,,2,上市,114,,,,,,0,,,,,,,,,,,,,,,,1805992,,,,1805992,,0,,23.45,1161439,1820093,,,,,,,,,770000,,,1318642,,,642785,3124634,,,,,,,,,,,,,,,157203,1304541,0
,,,,3653332,,,4551,智伸科,,,-505538,,,,,,,,,,,,,,,,,,,,2,上市,114,,,,,,,,,,,,,,,,,,,,,,7996734,,,,7996734,,0,,69.40,4427026,8976476,,,,,,,,,1152225,,,5029467,,,3696715,13026201,,,,,,,,,,,,,,,602441,4049725,0
,,,,3828748,,,4552,力達-KY,,,-913909,,,,,,,,,,,,,,,,,,,,2,上市,114,,,,,,0,,,,,,,,,,,,,,,,5623039,,,,5623039,,0,,48.47,1228725,3692923,,,,,,,,,1160000,,,1821579,,,1548200,7444618,,,,,,,,,,,,,,,592854,3751695,0
,,,,1471351,,,4555,氣立,,,-250860,,,,,,,,,,,,,,,,,,,,2,上市,114,,,,,,,,,,,,,,,,,,,,,,2748532,,,,2655382,,0,,37.94,1057528,2138446,,,,,,,,,699840,,,1582727,,,735051,4331259,,,,,,,,,,,,,,93150,525199,2192813,0
,,,,1047959,,,4557,永新-KY,,,-350033,,,,,,,,,,,,,,,,,,,,2,上市,114,,,,,,0,,,,,,,,,,,,,,,,2764330,,,,2551648,,0,,53.19,1997677,3486298,,,,,,,,,479718,,,2217196,,,1374004,4981526,,,,,,,,,,,,,,212682,219519,1495228,0
,,,,856153,,,4560,強信-KY,,,-212566,,,,,,,,,,,,,,,,,,,,2,上市,114,,,,,,,,,,,,,,,,,,,,,,1721122,,,,1721122,,0,,25.27,453914,1457415,,,,,,,,,680972,,,481147,,,396563,2202269,,,,,,,,,,,,,,,27233,744854,0
,,,,-276292,,,4562,穎漢,,,-558,,,,,,,,,,,,,,,,,,,,2,上市,114,,,,,,,,,,,,,,,,,,,,,,962424,,,,946422,,0,,10.81,890247,1242740,,,,,,,,,875460,,,1198809,,,347812,2161233,,,,,,,,,,,,,,16002,308562,918493,0
,,,,-234783,,,4564,元翎,,,-5960,,,,,,,,,,,,,,,,,,,,2,上市,114,,,,,,,,,,,,,,,,,,,,,,4297882,,,,4297882,,0,,18.46,522359,1660706,,,,,,,,,2327883,,,2583411,,,2210742,6881293,,,,,,,,,,,,,,,2061052,5220587,0
,,,,889656,,,4566,時碩工業,,,-274575,,,,,,,,,,,,,,,,,,,,2,上市,114,,,,,,,,,,,,,,,,,,,,,,4600589,,,,4522226,,0,,41.18,2672537,4828862,,,,,,,,,1098097,,,5221277,,,2809048,9821866,,,,,,,,,,,,,,78363,2548740,4993004,0
,,,,433646,,,4569,六方科-KY,,,-160811,,,,,,,,,,,,,,,,,,,,2,上市,114,-84792,,,,,0,,,,,,,,,,,,,,,,2453514,,,,2451704,,604000,,80.66,447858,1978584,,,,,,,,,310000,,,1034659,,,1953661,3488173,,,,,,,,,,,,,,1810,586801,1509589,0
,,,,1365702,,,4571,鈞興-KY,,,-330588,,,,,,,,,,,,,,,,,,,,2,上市,114,-91290,,,,,,,,,,,,,,,,,,,,,2646096,,,,2646096,,1097000,,50.96,1007407,2708801,,,,,,,,,530171,,,1050721,,,1172101,3696817,,,,,,,,,,,,,,,43314,988016,0
,,,,1441878,,,4572,駐龍,,,,,,,,,,,,,,,,,,,,,,,2,上市,114,,,,,,0,,,,,,,,,,,,,,,,1951526,,,,1951526,,0,,50.04,338078,2006873,,,,,,,,,400000,,,1107838,,,109648,3059364,,,,,,,,,,,,,,,769760,1052491,0
,,,,1118067,,,4576,大銀微系統,,,13,,,,,,,,,,,,,,,,,,,,2,上市,114,,,,,,,,,,,,,,,,,,,,,,4178677,,,,3894279,,0,,32.51,1029077,2301203,,,,,,,,,1198018,,,2296332,,,1578181,6475009,,,,,,,,,,,,,,284398,1267255,4173806,0
,,,,447904,,,4581,光隆精密-KY,,,-82384,,,,,,,,,,,,,,,,,,,,2,上市,114,0,,,,,,,,,,,,,,,,,,,,,1040533,,,,1038845,,0,,30.65,586796,1229025,,,,,,,,,338990,,,831886,,,334335,1872419,,,,,,,,,,,,,,1688,245090,643394,0
,,,,370768,,,4582,聚恆-創,,,,,,,,,,,,,,,,,,,,,,,2,上市,114,,,,,,0,,,,,,,,,,,,,,,,1179523,,,,1167976,,0,,17.54,1661347,1646381,,,,,,,,,666000,,,2365071,,,131208,3544594,,,,,,,,,,,,,,11547,703724,1898213,0
,,,,7969891,,,4583,台灣精銳,,,0,,,,,,,,,,,,,,,,,,,,2,上市,114,,,,,,,,,,,,,,,,,,,,,,9654862,,,,9654862,,0,,120.43,551319,6673389,,,,,,,,,801714,,,1206986,,,883257,10861848,,,,,,,,,,,,,,,655667,4188459,0
,,,,296516,,,4585,達明,,,-807,,,,,,,,,,,,,,,,,,,,2,上市,114,,,,,,0,,,,,,,,,,,,,,,,1808126,,,,1808126,,0,,20.09,736828,1922121,,,,,,,,,900000,,,782485,,,612417,2590611,,,,,,,,,,,,,,,45657,668490,0
,,,,129707,,,4588,玖鼎電力,,,,,,,,,,,,,,,,,,,,,,,2,上市,114,,,,,,0,,,,,,,,,,,,,,,,832521,,,,,,0,,19.37,603056,1028610,,,,,,,,,429850,,,1240275,,,272964,2072796,,,,,,,,,,,,,,,637219,1044186,0
,,,,337644,,,4590,富田-創,,,-576,,,,,,,,,,,,,,,,,,,,2,上市,114,,,,,,,,,,,,,,,,,,,,,,3129147,,,,,,0,,61.15,969319,2342269,,,,,,,,,511741,,,2385976,,,2280338,5515123,,,,,,,,,,,,,,,1416657,3172854,0
,,,,373894,,,4720,德淵,,,-166753,,,,,,,,,,,,,,,,,,,,2,上市,114,,,,,,,,,,,,,,,,,,,,,,1593947,,,,1476675,,0,,12.89,1278945,1824227,,,,,,,,,1145160,,,1586377,,,124374,3180324,,,,,,,,,,,,,,117272,307432,1356097,0
,,,,1516363,,,4722,國精化,,,-57996,,,,,,,,,,,,,,,,,,,,2,上市,114,,,,,,0,,,,,,,,,,,,,,,,2923508,,,,2923508,,0,,28.90,1470555,2540135,,,,,,,,,1013355,,,3027614,,,451786,5951122,,,,,,,,,,,,,,,1557059,3410987,90000
,,,,6000079,,,4736,泰博,,,-67570,,,,,,,,,,,,,,,,,,,,2,上市,114,,,,,,,,,,,,,,,,,,,,,,8974879,,,,8595271,,0,,90.12,3278239,7514663,,,,,,,,,953744,,,3568685,,,1709018,12543564,,,,,,,,,,,,,,379608,290446,5028901,0
,,,,-14259,,,4737,華廣,,,157658,,,,,,,,,,,,,,,,,,,,2,上市,114,,,,,,,,,,,,,,,,,,,,,,1890224,,,,1882658,,0,,30.81,1949555,1551415,,,,,,,,,673284,,,3780501,,,1065975,5670725,,,,,,,,,,,,,,7566,1830946,4119310,25400
,,,,913962,,,4739,康普,,,-88451,,,,,,,,,,,,,,,,,,,,2,上市,114,-3206,,,,,0,,,,,,,,,,,,,,,,6274495,,,,5377437,,673495,,45.58,3410872,5378432,,,,,,,,,1186493,,,4615315,,,3368639,10889810,,,,,,,,,,,,,,897058,1204443,5511378,0
,,,,2538390,,,4746,台耀,,,-18911,,,,,,,,,,,,,,,,,,,,2,上市,114,,,,,,0,,,,,,,,,,,,,,,,8256460,,,,7292413,,0,,60.64,2616105,5527080,,,,,,,,,1202560,,,5325312,,,3570374,13581772,,,,,,,,,,,,,,964047,2709207,8054692,0
,,,,3074900,,,4755,三福化,,,330900,,,,,,,,,,,,,,,,,,,,2,上市,114,,,,,,,,,,,,,,,,,,,,,,4720854,,,,4682207,,0,,46.49,2966676,3126180,,,,,,,,,1007060,,,3322335,,,269347,8043189,,,,,,,,,,,,,,38647,355659,4917009,0
,,,,12411870,,,4763,材料*-KY,,,-1488391,,,,,,,,,,,,,,,,,,,,2,上市,114,0,,,,,,,,,,,,,,,,,,,,,16075395,,,,15901269,,0,,16.08,4313557,16351683,,,,,,,,,989147,,,4313557,,,3988643,20388952,,,,,,,,,,,,,,174126,0,4037269,0
,,,,1073261,,,4764,雙鍵,,,-224084,,,,,,,,,,,,,,,,,,,,2,上市,114,,,,,,,,,,,,,,,,,,,,,,2067593,,,,2061298,,0,,24.10,1846095,2330941,,,,,,,,,855421,,,2439515,,,356700,4507108,,,,,,,,,,,,,,6295,593420,2176167,0
,,,,8703013,,,4766,南寶,,,-273287,,,,,,,,,,,,,,,,,,,,2,上市,114,,,,,,,,,,,,,,,,,,,,,,13185872,,,,11765530,,0,,97.58,9164795,16404239,,,,,,,,,1205707,,,13376066,,,2130097,26561938,,,,,,,,,,,,,,1420342,4211271,10157699,0
,,,,4931722,,,4770,上品,,,-311961,,,,,,,,,,,,,,,,,,,,2,上市,114,,,,,,,,,,,,,,,,,,,,,,7465006,,,,7465006,,0,,93.34,1712361,7615354,,,,,,,,,799760,,,2074876,,,2045485,9539882,,,,,,,,,,,,,,,362515,1924528,0
,,,,1120402,,,4771,望隼,,,-77623,,,,,,,,,,,,,,,,,,,,2,上市,114,,,,,,,,,,,,,,,,,,,,,,3824513,,,,3475973,,0,,59.50,1224322,2607078,,,,,,,,,584237,,,2544621,,,1848957,6369134,,,,,,,,,,,,,,348540,1320299,3762056,0
,,,,-54431,,,4807,日成-KY,,,-44179,,,,,,,,,,,,,,,,,,,,2,上市,114,,,,,,0,,,,,,,,,,,,,,,,751028,,,,660849,,0,,17.21,673839,1086179,,,,,,,,,383960,,,758521,,,375499,1509549,,,,,,,,,,,,,,90179,84682,423370,0
,,,,28997257,,,4904,遠傳,,,-208844,,,,,,,,,,,,,,,,,,,,2,上市,114,,,,,,0,,,,,,,,,,,,,,,,86159519,,,,84867233,,0,,23.54,45426667,30097282,,,,,,,,,36057054,,,95155153,,,20021766,181314672,,,,,,,,,,,,,,1292286,49728486,151217390,0
,,,,1859568,,,4906,正文,,,-750332,,,,,,,,,,,,,,,,,,,,2,上市,114,,,,,,,,,,,,,,,,,,,,,,11462584,,,,11141197,,0,,26.05,6151992,11038901,,,,,,,,,4277416,,,6489942,,,5754545,17952526,,,,,,,,,,,,,,321387,337950,6913625,0
,,,,1690090,,,4912,聯德控股-KY,,,-276792,,,,,,,,,,,,,,,,,,,,2,上市,114,,,,,,,,,,,,,,,,,,,,,,3556126,,,,3533620,,0,,56.82,2732884,5279634,,,,,,,,,653031,,,4173847,,,1467291,7729973,,,,,,,,,,,,,,22506,1440963,2450339,0
,,,,11560507,,,4915,致伸,,,-2440896,,,,,,,,,,,,,,,,,,,,2,上市,114,,,,,,0,,,,,,,,,,,,,,,,17422121,,,,17422121,,0,,37.29,25921364,34238241,,,,,,,,,4672538,,,30277933,,,3629972,47700054,,,,,,,,,,,,,,0,4356569,13461813,0
,,,,388464,,,4916,事欣科,,,-135543,,,,,,,,,,,,,,,,,,,,2,上市,114,,,,,,,,,,,,,,,,,,,,,,2367555,,,,2350004,,0,,21.02,537702,2288604,,,,,,,,,1118020,,,1433502,,,979063,3801057,,,,,,,,,,,,,,17551,895800,1512453,0
,,,,4594460,,,4919,新唐,,,-1838887,,,,,,,,,,,,,,,,,,,,2,上市,114,,,,,,,,,,,,,,,,,,,,,,14063850,,,,14063850,,0,,33.50,11036443,21812594,,,,,,,,,4197653,,,19498741,,,7110624,33562591,,,,,,,,,,,,,,,8462298,11749997,0
,,,,749330,,,4927,泰鼎-KY,,,-343482,,,,,,,,,,,,,,,,,,,,2,上市,114,,,,,,,,,,,,,,,,,,,,,,5928792,,,,5905012,,0,,26.85,8874878,6696601,,,,,,,,,2199380,,,12997308,,,3299784,18926100,,,,,,,,,,,,,,23780,4122430,12229499,0
,,,,857590,,,4930,燦星網,,,-494379,,,,,,,,,,,,,,,,,,,,2,上市,114,,,,,,0,,,,,,,,,,,,,,,,5781461,,,,2949059,,0,,36.86,2325288,6023792,,,,,,,,,800000,,,4725274,,,1785848,10506735,,,,,,,,,,,,,,2832402,2399986,4482943,0
,,,,-235546,,,4934,太極,,,-532956,,,,,,,,,,,,,,,,,,,,2,上市,114,,,,,,,,,,,,,,,,,,,,,,1787510,,,,1552807,,0,,6.90,501722,1126189,,,,,,,,,2250000,,,712738,,,71309,2500248,,,,,,,,,,,,,,234703,211016,1374059,0
,,,,4585398,,,4935,茂林-KY,,,-777401,,,,,,,,,,,,,,,,,,,,2,上市,114,,,,,,,,,,,,,,,,,,,,,,7445061,,,,7445061,,0,,57.77,1603994,6365523,,,,,,,,,1288641,,,2563461,,,2348423,10008522,,,,,,,,,,,,,,,959467,3642999,0
,,,,84645226,,,4938,和碩,,,-17887598,,,,,,,,,,,,,,,,,,,,2,上市,114,,,,,,0,,,,,,,,,,,,,,,,213585186,,,,179373738,,0,,67.40,306558061,403814983,,,,,,,,,26614986,,,346588662,,,86001124,560173848,,,,,,,,,,,,,,34211448,40030601,156358865,0
,,,,4911714,,,4942,嘉彰,,,-987421,,,,,,,,,,,,,,,,,,,,2,上市,114,,,,,,,,,,,,,,,,,,,,,,8173341,,,,8168315,,0,,57.37,2098413,6302661,,,,,,,,,1423676,,,2801584,,,2820346,10974925,,,,,,,,,,,,,,5026,703171,4672264,0
,,,,-1073518,,,4943,康控-KY,,,-371864,,,,,,,,,,,,,,,,,,,,2,上市,114,,,,,,,,,,,,,,,,,,,,,,166600,,,,115513,,0,,0.93,1636435,1044917,,,,,,,,,1240944,,,2071792,,,319951,2238392,,,,,,,,,,,,,,51087,435357,1193475,0
,,,,334433,,,4949,有成精密,,,-38456,,,,,,,,,,,,,,,,,,,,2,上市,114,,,,,,0,,,,,,,,,,,,,,,,1531401,,,,1531401,,0,,22.80,529567,1902298,,,,,,,,,671675,,,569694,,,563749,2101095,,,,,,,,,,,,,,,40127,198797,117000
,,,,906767,,,4952,凌通,,,-86583,,,,,,,,,,,,,,,,,,,,2,上市,114,,,,,,,,,,,,,,,,,,,,,,2050309,,,,2050309,,0,,18.84,867103,2225102,,,,,,,,,1088158,,,1017218,,,141967,3067527,,,,,,,,,,,,,,,150115,842425,0
,,,,209342,,,4956,光鋐,,,-4827,,,,,,,,,,,,,,,,,,,,2,上市,114,,,,,,,,,,,,,,,,,,,,,,1597782,,,,1597782,,0,,15.91,676744,1523013,,,,,,,,,1004082,,,1178212,,,389185,2775994,,,,,,,,,,,,,,,501468,1252981,0
,,,,55839831,,,4958,臻鼎-KY,,,-10141887,,,,,,,,,,,,,,,,,,,,2,上市,114,-257489,,,,,0,,,,,,,,,,,,,,,,133145474,,,,95659368,,2093410,,100.21,73088748,112596671,,,,,,,,,9566525,,,109026036,,,40652388,242171510,,,,,,,,,,,,,,37486106,35937288,129574839,0
,,,,2045025,,,4960,誠美材,,,-581491,,,,,,,,,,,,,,,,,,,,2,上市,114,-104620,,,,,0,,,,,,,,,,,,,,,,7667374,,,,7667374,,7941000,,13.60,3506289,8964538,,,,,,,,,5717054,,,6281940,,,591406,13949314,,,,,,,,,,,,,,,2775651,4984776,0
,,,,7329388,,,4961,天鈺,,,-589151,,,,,,,,,,,,,,,,,,,,2,上市,114,-27,,,,,0,,,,,,,,,,,,,,,,20907470,,,,16556071,,850,,136.54,4613233,19906171,,,,,,,,,1212545,,,5292494,,,8603316,26199964,,,,,,,,,,,,,,4351399,679261,6293793,0
,,,,1015597,,,4967,十銓,,,-17657,,,,,,,,,,,,,,,,,,,,2,上市,114,0,,,,,0,,,,,,,,,,,,,,,,3830690,,,,3830690,,0,,45.09,5787393,9168315,,,,,,,,,849633,,,5888138,,,1983117,9718828,,,,,,,,,,,,,,,100745,550513,0
,,,,675918,,,4968,立積,,,-3913,,,,,,,,,,,,,,,,,,,,2,上市,114,,,,,,,,,,,,,,,,,,,,,,2493138,,,,2493138,,0,,27.04,884959,3045713,,,,,,,,,922099,,,950389,,,899034,3443527,,,,,,,,,,,,,,,65430,397814,0
,,,,-118530,,,4976,佳凌,0,,-44253,,,,,,,,,,,,,,,,,,,,2,上市,114,-22018,,,,,,,,,,,,,,,,,,,,,2372342,,,,,,779000,,16.87,305900,1739375,,,,,,,,,1414080,,,400221,,,1143063,2772563,,,,,,,,,,,,,,,94321,1033188,0
,,,,1199947,,,4977,眾達-KY,,,-497688,,,,,,,,,,,,,,,,,,,,2,上市,114,-184343,,,,,,,,,,,,,,,,,,,,,3438351,,,,3438351,,1425000,,43.65,1139748,2618675,,,,,,,,,801898,,,1252927,,,2118537,4691278,,,,,,,,,,,,,,0,113179,2072603,0
,,,,-180001,,,4989,榮科,,,52185,,,,,,,,,,,,,,,,,,,,2,上市,114,,,,,,,,,,,,,,,,,,,,,,1575052,,,,1575052,,0,,11.43,399219,1444377,,,,,,,,,1377765,,,501346,,,325103,2076398,,,,,,,,,,,,,,,102127,632021,0
,,,,192246,,,4994,傳奇,,,-152,,,,,,,,,,,,,,,,,,,,2,上市,114,,,,,,0,,,,,,,,,,,,,,,,973213,,,,973213,,0,,14.66,304960,1142168,,,,,,,,,663834,,,305385,,,117285,1278598,,,,,,,,,,,,,,,425,136430,0
,,,,2120704,,,4999,鑫禾,,,-113339,,,,,,,,,,,,,,,,,,,,2,上市,114,-31100,,,,,0,,,,,,,,,,,,,,,,3160472,,,,3160472,,800000,,42.93,620482,2539743,,,,,,,,,744172,,,764629,,,440035,3925101,,,,,,,,,,,,,,,144147,1385358,0
,,,,3314489,,,5007,三星,,,-38188,,,,,,,,,,,,,,,,,,,,2,上市,114,0,,,,,0,,,,,,,,,,,,,,,,6966340,,,,6655106,,0,,22.56,789425,4918962,,,,,,,,,2949401,,,1113043,,,429404,8079383,,,,,,,,,,,,,,311234,323618,3160421,0
,,,,1458656,,,5203,訊連,,,-300882,,,,,,,,,,,,,,,,,,,,2,上市,114,,,,,,0,,,,,,,,,,,,,,,,4270193,,,,4270193,,0,,53.97,1298200,2510376,,,,,,,,,791188,,,1656828,,,2321231,5927021,,,,,,,,,,,,,,,358628,3416645,0
,,,,1285915,,,5215,科嘉-KY,,,-257599,,,,,,,,,,,,,,,,,,,,2,上市,114,,,,,,,,,,,,,,,,,,,,,,3289466,,,,3203764,,0,,49.80,922902,2811984,,,,,,,,,643375,,,1097315,,,1532073,4386781,,,,,,,,,,,,,,85702,174413,1574797,0
,,,,422192,,,5222,全訊,,,79277,,,,,,,,,,,,,,,,,,,,2,上市,114,0,,,,,0,,,,,,,,,,,,,,,,2172605,,,,,,0,,26.65,341622,1212545,,,,,,,,,896670,,,480686,,,774466,2653291,,,,,,,,,,,,,,,139064,1440746,0
,,,,1144488,,,5225,東科-KY,0,,-149032,,,,,,,,,,,,,,,,,,,,2,上市,114,-24019,,,,,,,,,,,,,,,,,,,,,2910662,,,,2910662,,453000,,37.27,3076844,4985248,,,,,,,,,785467,,,3137720,,,1153758,6048382,,,,,,,,,,,,,,0,60876,1063134,0
,,,,2053768,,,5234,達興材料,,,,,,,,,,,,,,,,,,,,,,,2,上市,114,,,,,,0,,,,,,,,,,,,,,,,3122765,,,,3122765,,0,,30.40,1256499,3033636,,,,,,,,,1027159,,,1580104,,,41838,4702869,,,,,,,,,,,,,,,323605,1669233,0
,,,,605163,,,5236,凌陽創新,,,-61143,,,,,,,,,,,,,,,,,,,,2,上市,114,,,,,,,,,,,,,,,,,,,,,,2396336,,,,,,0,,41.00,781705,3147680,,,,,,,,,600040,,,812586,,,1252276,3208922,,,,,,,,,,,,,,,30881,61242,0
,,,,4068305,,,5243,乙盛-KY,,,-928883,,,,,,,,,,,,,,,,,,,,2,上市,114,,,,,,,,,,,,,,,,,,,,,,7173960,,,,7173960,,0,,42.57,4526247,7081367,,,,,,,,,1685289,,,4913074,,,2349249,12087034,,,,,,,,,,,,,,,386827,5005667,0
,,,,670191,,,5244,弘凱,,,-162419,,,,,,,,,,,,,,,,,,,,2,上市,114,,,,,,,,,,,,,,,,,,,,,,1640543,,,,1640543,,0,,24.04,335191,1594127,,,,,,,,,682419,,,816616,,,450352,2457159,,,,,,,,,,,,,,,481425,863032,0
,,,,2197585,,,5258,虹堡,,,-31143,,,,,,,,,,,,,,,,,,,,2,上市,114,-13620,,,,,0,,,,,,,,,,,,,,,,4168465,,,,4062509,,224000,,36.88,3372828,6509354,,,,,,,,,1103649,,,3746483,,,806038,7914948,,,,,,,,,,,,,,105956,373655,1405594,0
,,,,10382375,,,5269,祥碩,,,-1228313,,,,,,,,,,,,,,,,,,,,2,上市,114,,,,,,0,,,,,,,,,,,,,,,,29725946,,,,29725946,,0,,398.14,5299233,9675651,,,,,,,,,746622,,,5332526,,,19825262,35058472,,,,,,,,,,,,,,,33293,25382821,0
,,,,2915368,,,5283,禾聯碩,,,-1834,,,,,,,,,,,,,,,,,,,,2,上市,114,,,,,,,,,,,,,,,,,,,,,,4541845,,,,4541845,,0,,62.22,3616760,5511390,,,,,,,,,876005,,,4082805,,,752306,8624650,,,,,,,,,,,,,,,466045,3113260,0
,,,,877173,,,5284,jpp-KY,,,-140228,,,,,,,,,,,,,,,,,,,,2,上市,114,,,,,,,,,,,,,,,,,,,,,,2734754,,,,2712805,,0,,52.70,2422042,2907978,,,,,,,,,514723,,,2736208,,,1461137,5470962,,,,,,,,,,,,,,21949,314166,2562984,0
,,,,1510422,,,5285,界霖,,,-302118,,,,,,,,,,,,,,,,,,,,2,上市,114,,,,,,,,,,,,,,,,,,,,,,2662795,,,,2662795,,0,,26.10,1449214,3429177,,,,,,,,,1020409,,,2380614,,,434082,5043409,,,,,,,,,,,,,,,931400,1614232,0
,,,,4072545,,,5288,豐祥-KY,,,-713757,,,,,,,,,,,,,,,,,,,,2,上市,114,,,,,,,,,,,,,,,,,,,,,,5417682,,,,5417682,,0,,77.90,1764011,3336411,,,,,,,,,695460,,,1799179,,,1363434,7216861,,,,,,,,,,,,,,0,35168,3880450,0
,,,,963401,,,5292,華懋,,,-39186,,,,,,,,,,,,,,,,,,,,2,上市,114,,,,,,,,,,,,,,,,,,,,,,1680768,,,,1680768,,0,,43.91,2085863,3347223,,,,,,,,,421080,,,2146704,,,335473,3827472,,,,,,,,,,,,,,,60841,480249,0
,,,,6095811,,,5306,桂盟,,,-1256479,,,,,,,,,,,,,,,,,,,,2,上市,114,,,,,,,,,,,,,,,,,,,,,,7859651,,,,7859643,,0,,62.38,2838412,5575560,,,,,,,,,1260008,,,4894546,,,1760303,12754197,,,,,,,,,,,,,,8,2056134,7178637,0
,,,,6714639,,,5388,中磊,,,-1034861,,,,,,,,,,,,,,,,,,,,2,上市,114,-421810,,,,,,,,,,,,,,,,,,,,,14628895,,,,14633868,,4623000,,49.53,27955632,37589636,,,,,,,,,3000496,,,31417383,,,6375404,46046278,,,,,,,,,,,,,,-4973,3461751,8456642,0
,,,,11321000,,,5434,崇越,,,863288,,,,,,,,,,,,,,,,,,,,2,上市,114,,,,,,0,,,,,,,,,,,,,,,,17280824,,,,17068444,,0,,89.20,17456195,22692430,,,,,,,,,1913427,,,21137027,,,2970729,38417851,,,,,,,,,,,,,,212380,3680832,15725421,0
,,,,20156070,,,5469,瀚宇博,,,-1066897,,,,,,,,,,,,,,,,,,,,2,上市,114,-282406,,,,,,,,,,,,,,,,,,,,,41002957,,,,28013019,,4760000,,58.19,45733095,52890072,,,,,,,,,4861660,,,61763724,,,4344592,102766681,,,,,,,,,,,,,,12989938,16030629,49876609,0
,,,,1649456,,,5471,松翰,,,-68722,,,,,,,,,,,,,,,,,,,,2,上市,114,,,,,,0,,,,,,,,,,,,,,,,3322165,,,,3322165,,0,,19.79,521729,2723150,,,,,,,,,1678770,,,641344,,,62661,3963509,,,,,,,,,,,,,,,119615,1240359,0
,,,,-288308,,,5484,慧友,,,29638,,,,,,,,,,,,,,,,,,,,2,上市,114,,,,,,0,,,,,,,,,,,,,,,,464652,,,,464652,,0,,6.96,335651,421694,,,,,,,,,668010,,,344512,,,55312,809164,,,,,,,,,,,,,,,8861,387470,0
,,,,2168514,,,5515,建國,,,-68817,,,,,,,,,,,,,,,,,,,,2,上市,114,,,,,,,,,,,,,,,,,,,,,,4303006,,,,4303006,,0,,21.34,3719645,6029891,,,,,,,,,2016001,,,4390518,,,187308,8693524,,,,,,,,,,,,,,,670873,2663633,0
,,,,3046738,,,5519,隆大,,,13483,,,,,,,,,,,,,,,,,,,,2,上市,114,,,,,,,,,,,,,,,,,,,,,,5302807,,,,5302807,,0,,24.19,5408123,14942393,,,,,,,,,2191972,,,10361845,,,50614,15664652,,,,,,,,,,,,,,,4953722,722259,0
,,,,486985,,,5521,工信,,,29859,,,,,,,,,,,,,,,,,,,,2,上市,114,,,,,,0,,,,,,,,,,,,,,,,5440165,,,,5440165,,0,,11.05,6745215,11391379,,,,,,,,,4922802,,,6931246,,,519,12371411,,,,,,,,,,,,,,,186031,980032,0
,,,,27335985,,,5522,遠雄,,,538543,,,,,,,,,,,,,,,,,,,,2,上市,114,,,,,,0,,,,,,,,,,,,,,,,44228638,,,,44228638,,0,,56.59,62592532,99258856,,,,,,,,,7815962,,,66443663,,,8538148,110672301,,,,,,,,,,,,,,,3851131,11413445,0
,,,,1604110,,,5525,順天,,,0,,,,,,,,,,,,,,,,,,,,2,上市,114,-25346,,,,,,,,,,,,,,,,,,,,,5118873,,,,5100192,,10110674,,17.76,12891561,16315203,,,,,,,,,3181054,,,14268722,,,340374,19387595,,,,,,,,,,,,,,18681,1377161,3072392,0
,,,,220204,,,5531,鄉林,0,,-856607,,,,,,,,,,,,,,,,,,,,2,上市,114,0,,,,,0,,,,,,,,,,,,,,,,9236211,,,,9148080,,0,,9.36,19795603,20498215,,,,,,,,,9775892,,,31779249,,,8591,41015460,,,,,,,,,,,,,,88131,11983646,20517245,0
,,,,6642553,,,5533,皇鼎,,,,,,,,,,,,,,,,,,,,,,,2,上市,114,,,,,,,,,,,,,,,,,,,,,,9516133,,,,9516133,,0,,33.36,1453969,8138127,,,,,,,,,2852450,,,2397685,,,21130,11913818,,,,,,,,,,,,,,,943716,3775691,0
,,,,15049421,,,5534,長虹,,,-500,,,,,,,,,,,,,,,,,,,,2,上市,114,,,,,,0,,,,,,,,,,,,,,,,19559797,,,,19326078,,0,,66.57,29143168,48398125,,,,,,,,,2903260,,,29219667,,,1373897,48779464,,,,,,,,,,,,,,233719,76499,381339,0
,,,,3298027,,,5538,東明-KY,,,-642395,,,,,,,,,,,,,,,,,,,,2,上市,114,,,,,,,,,,,,,,,,,,,,,,6521215,,,,6494958,,0,,32.28,4449624,9659877,,,,,,,,,2012033,,,6339553,,,1827293,12860768,,,,,,,,,,,,,,26257,1889929,3200891,0
,,,,299639,,,5546,永固-KY,,,-234450,,,,,,,,,,,,,,,,,,,,2,上市,114,,,,,,,,,,,,,,,,,,,,,,1773980,,,,1740673,,0,,21.14,2297864,2437859,,,,,,,,,823534,,,2874698,,,851950,4648678,,,,,,,,,,,,,,33307,576834,2210819,0
,,,,2446331,,,5607,遠雄港,,,0,,,,,,,,,,,,,,,,,,,,2,上市,114,,,,,,0,,,,,,,,,,,,,,,,10506406,,,,10506406,,0,,28.92,3608933,1318816,,,,,,,,,3705529,,,16674796,,,4354546,27181202,,,,,,,,,,,,,,0,13065863,25862386,0
,,,,2145971,,,5608,四維航,,,-691570,,,,,,,,,,,,,,,,,,,,2,上市,114,,,,,,0,,,,,,,,,,,,,,,,8793323,,,,8652744,,0,,22.23,3622239,2460391,,,,,,,,,3892716,,,9221582,,,3305627,18014905,,,,,,,,,,,,,,140579,5599343,15554514,0
,,,,626774,,,5706,鳳凰,0,,86769,,,,,,,,,,,,,,,,,,,,2,上市,114,0,,,,,0,,,,,,,,,,,,,,,0,1798068,,,,1754265,,0,,21.69,1526351,2173674,,,,,,,,,849109,,,1624473,,,191613,3422541,,,,,,,,,,,,,,43803,98122,1248867,0
,,,,108634508,,,5871,中租-KY,,,-8681229,,,,,,,,,,,,,,,,,,,,2,上市,114,,,,,,,,,,,,,,,,,,,,,,175640127,,,,164293757,,0,,89.88,636136498,688011068,,,,,,,,,18614211,,,769976088,,,45726267,945616215,,,,,,,,,,,,,,11346370,133839590,257605147,0
,23378731,,1664319,106919638,,,5876,上海商銀,,,4152940,3619108,,13120330,11427196,5686,,,,,,,,,,,44051680,,383632017,1925518369,2,上市,114,-83144,,917944,,,0,,,,44913832,57483838,,31140572,,5277506,,212375654,1493350,,,,,251442019,,,187311392,,11397439,,38.62,,,,1932728,,38705938,1892351,468523,,1676268,48616031,,3042189,,2111660072,1149464781,27705927,,2363102091,468812161,6924579,8374294,7155162,5123756,,,,,3955500,,17213801,64130627,,,0
,31809491,,1729988,60271160,,,5880,合庫金,,7590465,-10039129,1381806,,5957332,68203407,72989525,,,251823,,,,,,,488816707,,439521472,,4105836095,2,上市,114,,,,,,,80240000,,32649773,84457491,,,51873712,,,11286435,873714620,141083,,,,,258173976,,252693706,,,0,,16.60,,,,4739487,,63098939,7056241,2930155,,1680720,156809369,,42186292,,5014872551,3023045172,45652306,,5273046527,512987752,19496894,170793621,3582360,4775131,,,,,71694300,1400789,,5480270,,,0
,,,,218485,,,5906,台南-KY,,,38149,,,,,,,,,,,,,,,,,,,,2,上市,114,,,,,,,,,,,,,,,,,,,,,,694660,,,,614048,,0,,17.52,915274,887252,,,,,,,,,357414,,,1080274,,,,1774934,,,,,,,,,,,,,,80612,165000,887682,0
,,,,-390600,,,5907,大洋-KY,,,-1285572,,,,,,,,,,,,,,,,,,,,2,上市,114,,,,,,0,,,,,,,,,,,,,,,,3935610,,,,3935610,,0,,20.13,5615005,1260397,,,,,,,,,1955310,,,16502182,,,3656472,20437792,,,,,,,,,,,,,,,10887177,19177395,0
,,,,,13809549,,6005,群益證,,,2646473,,,,,,,,,,,,,,,,,,,,2,上市,114,,,,,,,,,,,,,,,,,,,,,,45228465,,,,,40946170,,0,18.86,248359528,281494268,,,,,,,,,21709081,,,260907834,,,2781067,306136299,,,,,,,,,,,,,,4282295,12548306,24642031,0
,,,,,3779020,,6024,群益期,,,-29041,,,,,,,,,,,,,,,,,,,,2,上市,114,,,,,,,,,,,,,,,,,,,,,,9610910,,,,,9608034,,0,38.44,61726914,70497120,,,,,,,,,2499376,,,61769787,,,3358679,71380697,,,,,,,,,,,,,,2876,42873,883577,0
,,,,1395253,,,6108,競國,,,-343286,,,,,,,,,,,,,,,,,,,,2,上市,114,0,,,,,0,,,,,,,,,,,,,,,,3033228,,,,3033228,,0,,19.32,3475666,5411396,,,,,,,,,1569943,,,3933296,,,411318,6966524,,,,,,,,,,,,,,,457630,1555128,0
,,,,882001,,,6112,邁達特,,,34504,,,,,,,,,,,,,,,,,,,,2,上市,114,,,,,,,,,,,,,,,,,,,,,,4929649,,,,4023504,,0,,21.36,7438972,9648004,,,,,,,,,1883573,,,8368382,,,1223426,13298031,,,,,,,,,,,,,,906145,929410,3650027,0
,,,,2221643,,,6115,鎰勝,,,-548532,,,,,,,,,,,,,,,,,,,,2,上市,114,0,,,,,0,,,,,,,,,,,,,,,,4535406,,,,4480581,,0,,23.88,2976328,5995227,,,,,,,,,1876622,,,3427791,,,930848,7963197,,,,,,,,,,,,,,54825,451463,1967970,0
,,,,2857440,,,6116,彩晶,,,-552587,,,,,,,,,,,,,,,,,,,,2,上市,114,-934767,,,,,,,,,,,,,,,,,,,,,31631050,,,,31631050,,81674000,,11.07,5264251,7591808,,,,,,,,,29403289,,,10008380,,,857675,41639430,,,,,,,,,,,,,,0,4744129,34047622,0
,,,,401261,,,6117,迎廣,,,-117983,,,,,,,,,,,,,,,,,,,,2,上市,114,0,,,,,0,,,,,,,,,,,,,,,,1829086,,,,1824877,,0,,19.86,1340852,2082249,,,,,,,,,918797,,,2697607,,,622802,4526693,,,,,,,,,,,,,,4209,1356755,2444444,363083
,,,,883015,,,6120,達運,,,-1428890,,,,,,,,,,,,,,,,,,,,2,上市,114,,,,,,,,,,,,,,,,,,,,,,8879488,,,,8879488,,0,,13.34,5055693,9975550,,,,,,,,,6655551,,,7285256,,,2769812,16164744,,,,,,,,,,,,,,,2229563,6189194,0
,,,,1435928,,,6128,上福,,,-96354,,,,,,,,,,,,,,,,,,,,2,上市,114,,,,,,0,,,,,,,,,,,,,,,,3829260,,,,3829260,,0,,30.01,2913917,3214091,,,,,,,,,1275887,,,3991452,,,1213799,7820712,,,,,,,,,,,,,,,1077535,4606621,0
,,,,286937,,,6133,金橋,,,-194629,,,,,,,,,,,,,,,,,,,,2,上市,114,,,,,,0,,,,,,,,,,,,,,,,1396422,,,,1396422,,0,,11.93,811217,997291,,,,,,,,,1170064,,,834896,,,134050,2231318,,,,,,,,,,,,,,,23679,1234027,0
,,,,365048,,,6136,富爾特,0,,1872278,,,,,,,,,,,,,,,,,,,,2,上市,114,0,,,,,0,,,,,,,,,,,,,,,,3514791,,,,3404299,,0,,29.47,360564,807951,,,,,,,,,1155364,,,452059,,,11609,3966850,,,,,,,,,,,,,,110492,91495,3158899,0
,,,,6417425,,,6139,亞翔,,,270406,,,,,,,,,,,,,,,,,,,,2,上市,114,,,,,,,,,,,,,,,,,,,,,,18433646,,,,12849774,,0,,55.14,50784727,65079238,,,,,,,,,2336071,,,51948818,,,3825872,70382464,,,,,,,,,,,,,,5583872,1164091,5303226,0
,,,,-460939,,,6141,柏承,,,-196288,,,,,,,,,,,,,,,,,,,,2,上市,114,,,,,,0,,,,,,,,,,,,,,,,1152365,,,,1053276,,0,,9.29,3534295,1597517,,,,,,,,,1133540,,,4591285,,,576963,5743650,,,,,,,,,,,,,,99089,1056990,4146133,0
,,,,-265277,,,6142,友勁,,,-161114,,,,,,,,,,,,,,,,,,,,2,上市,114,,,,,,,,,,,,,,,,,,,,,,2882854,,,,2882854,,0,,8.72,821724,2074483,,,,,,,,,3307792,,,1286471,,,1453,4169325,,,,,,,,,,,,,,,464747,2094842,0
,,,,-621427,,,6152,百一,,,-82866,,,,,,,,,,,,,,,,,,,,2,上市,114,,,,,,,,,,,,,,,,,,,,,,1279911,,,,1264991,,0,,7.54,1150242,1953464,,,,,,,,,1677385,,,1283512,,,291899,2563423,,,,,,,,,,,,,,14920,133270,609959,0
,,,,-1327519,,,6153,嘉聯益,,,-79509,,,,,,,,,,,,,,,,,,,,2,上市,114,-46667,,,,,,,,,,,,,,,,,,,,,9606893,,,,9606893,,2000000,,15.10,3041623,4665111,,,,,,,,,6381777,,,6654618,,,4678811,16261511,,,,,,,,,,,,,,,3612995,11596400,0
,,,,325039,,,6155,鈞寶,,,106036,,,,,,,,,,,,,,,,,,,,2,上市,114,0,,,,,0,,,,,,,,,,,,,,,,1531578,,,,1531578,,0,,17.44,764241,1346674,,,,,,,,,880239,,,777786,,,220264,2309364,,,,,,,,,,,,,,0,13545,962690,0
,,,,195431,,,6164,華興,,,-147214,,,,,,,,,,,,,,,,,,,,2,上市,114,,,,,,,,,,,,,,,,,,,,,,863689,,,,853733,,0,,10.67,581588,924287,,,,,,,,,800000,,,663455,,,5516,1527144,,,,,,,,,,,,,,9956,81867,602857,0
,,,,309244,,,6165,浪凡,,,-17814,,,,,,,,,,,,,,,,,,,,2,上市,114,-146827,,,,,0,,,,,,,,,,,,,,,,1441301,,,,1393764,,3120000,,18.68,781131,1231730,,,,,,,,,777526,,,1634821,,,471635,3076122,,,,,,,,,,,,,,47537,853690,1844392,0
,,,,1768995,,,6166,凌華,,,-279790,,,,,,,,,,,,,,,,,,,,2,上市,114,,,,,,,,,,,,,,,,,,,,,,4973897,,,,4954729,,0,,22.78,4955022,7081596,,,,,,,,,2174973,,,7361121,,,1290551,12335018,,,,,,,,,,,,,,19168,2406099,5253422,0
,,,,230358,,,6168,宏齊,,,154601,,,,,,,,,,,,,,,,,,,,2,上市,114,-5521,,,,,,,,,,,,,,,,,,,,,3068090,,,,2931205,,308000,,14.25,666808,2241116,,,,,,,,,2060698,,,732384,,,491069,3800474,,,,,,,,,,,,,,136885,65576,1559358,0
,,,,27274007,,,6176,瑞儀,,,-5026333,,,,,,,,,,,,,,,,,,,,2,上市,114,-706401,,,,,0,,,,,,,,,,,,,,,,30917571,,,,30917571,,4786000,,67.18,30972189,48808006,,,,,,,,,4650273,,,34197024,,,4726025,65114595,,,,,,,,,,,,,,,3224835,16306589,0
,,,,2806637,,,6177,達麗,,,-72602,,,,,,,,,,,,,,,,,,,,2,上市,114,,,,,,,,,,,,,,,,,,,,,,9234291,,,,8949184,,0,,19.91,28846394,37797898,,,,,,,,,4718784,,,33799688,,,1496365,43033979,,,,,,,,,,,,,,285107,4953294,5236081,582959
,,,,1074192,,,6183,關貿,,,-73937,,,,,,,,,,,,,,,,,,,,2,上市,114,,,,,,,,,,,,,,,,,,,,,,2500266,,,,2500266,,0,,16.67,1548221,2752128,,,,,,,,,1500000,,,1778821,,,11,4279087,,,,,,,,,,,,,,,230600,1526959,0
,,,,945320,,,6184,大豐電,,,,,,,,,,,,,,,,,,,,,,,2,上市,114,-436270,,,,,0,,,,,,,,,,,,,,,,4455515,,,,4443020,,9919214,,29.89,1466307,2288186,,,,,,,,,1585487,,,2986466,,,2348483,7441981,,,,,,,,,,,,,,12495,1520159,5153795,0
,,,,1447205,,,6189,豐藝,,,-78932,,,,,,,,,,,,,,,,,,,,2,上市,114,,,,,,,,,,,,,,,,,,,,,,6100382,,,,5668558,,0,,21.50,8991888,14151021,,,,,,,,,2637009,,,9593255,,,1663276,15693637,,,,,,,,,,,,,,431824,601367,1542616,0
,,,,11787965,,,6191,精成科,,,-971236,,,,,,,,,,,,,,,,,,,,2,上市,114,-103130,,,,,,,,,,,,,,,,,,,,,19481384,,,,19340158,,1592000,,40.91,26295544,30101063,,,,,,,,,4743030,,,36743139,,,3883529,56224523,,,,,,,,,,,,,,141226,10447595,26123460,0
,,,,6042468,,,6192,巨路,,,-219277,,,,,,,,,,,,,,,,,,,,2,上市,114,,,,,,,,,,,,,,,,,,,,,,6897148,,,,6895778,,0,,71.71,3792635,9244660,,,,,,,,,961558,,,4104834,,,111029,11001982,,,,,,,,,,,,,,1370,312199,1757322,0
,,,,7548608,,,6196,帆宣,,,-380178,,,,,,,,,,,,,,,,,,,,2,上市,114,,,,,,0,,,,,,,,,,,,,,,,12256939,,,,12107365,,0,,59.19,29734717,36129377,,,,,,,,,2045639,,,33117012,,,2893296,45373951,,,,,,,,,,,,,,149574,3382295,9244574,0
,,,,2377609,,,6197,佳必琪,,,-82609,,,,,,,,,,,,,,,,,,,,2,上市,114,,,,,,0,,,,,,,,,,,,,,,,4140799,,,,3952956,,0,,32.38,2778918,5721318,,,,,,,,,1220859,,,3934501,,,437097,8075300,,,,,,,,,,,,,,187843,1155583,2353982,0
,,,,1517208,,,6201,亞弘電,,,-137034,,,,,,,,,,,,,,,,,,,,2,上市,114,,,,,,0,,,,,,,,,,,,,,,,2605531,,,,2605531,,0,,29.21,1167042,3001672,,,,,,,,,892000,,,1265483,,,333357,3871014,,,,,,,,,,,,,,,98441,869342,0
,,,,1357356,,,6202,盛群,,,-189488,,,,,,,,,,,,,,,,,,,,2,上市,114,,,,,,0,,,,,,,,,,,,,,,,3630639,,,,3571859,,0,,15.79,1679449,4712242,,,,,,,,,2261682,,,2139176,,,142309,5769815,,,,,,,,,,,,,,58780,459727,1057573,0
,,,,1209783,,,6205,詮欣,,,-742,,,,,,,,,,,,,,,,,,,,2,上市,114,-73231,,,,,0,,,,,,,,,,,,,,,,2448194,,,,2437939,,1500000,,30.20,528063,2224116,,,,,,,,,822359,,,1350660,,,479770,3798854,,,,,,,,,,,,,,10255,822597,1574738,0
,,,,2842028,,,6206,飛捷,,,-50310,,,,,,,,,,,,,,,,,,,,2,上市,114,,,,,,0,,,,,,,,,,,,,,,,4753422,,,,4689748,,0,,32.78,1847433,5214982,,,,,,,,,1430623,,,1855491,,,467407,6608913,,,,,,,,,,,,,,63674,8058,1393931,0
,,,,445118,,,6209,今國光,,,-246105,,,,,,,,,,,,,,,,,,,,2,上市,114,,,,,,,,,,,,,,,,,,,,,,2764237,,,,2764237,,0,,15.85,1003827,1979185,,,,,,,,,1744374,,,1094095,,,820850,3858332,,,,,,,,,,,,,,,90268,1879147,5000
,,,,7534572,,,6213,聯茂,,,-2009406,,,,,,,,,,,,,,,,,,,,2,上市,114,,,,,,0,,,,,,,,,,,,,,,,18387344,,,,18387344,,0,,50.66,13887936,23655663,,,,,,,,,3629572,,,16552195,,,9232606,34939539,,,,,,,,,,,,,,,2664259,11283876,0
,,,,6028367,,,6214,精誠,,,-584622,,,,,,,,,,,,,,,,,,,,2,上市,114,0,,,,,,,,,,,,,,,,,,,,,17606317,,,,16852155,,0,,61.90,14876103,26663088,,,,,,,,,2722431,,,18365101,,,8685979,35971418,,,,,,,,,,,,,,754162,3488998,9308330,0
,,,,451509,,,6215,和椿,,,46646,,,,,,,,,,,,,,,,,,,,2,上市,114,,,,,,0,,,,,,,,,,,,,,,,1426738,,,,1426738,,0,,17.23,814905,1657964,,,,,,,,,827897,,,923296,,,100686,2350034,,,,,,,,,,,,,,0,108391,692070,0
,,,,419499,,,6216,居易,,,,,,,,,,,,,,,,,,,,,,,2,上市,114,,,,,,0,,,,,,,,,,,,,,,,1671411,,,,,,0,,17.38,460563,1892780,,,,,,,,,961896,,,460718,,,290016,2132129,,,,,,,,,,,,,,,155,239349,0
,,,,1093430,,,6224,聚鼎,,,-370531,,,,,,,,,,,,,,,,,,,,2,上市,114,-45786,,,,,0,,,,,,,,,,,,,,,,2104253,,,,2062290,,948000,,24.35,1457085,2445668,,,,,,,,,856453,,,1803900,,,528724,3908153,,,,,,,,,,,,,,41963,346815,1462485,0
,,,,-186088,,,6225,天瀚,,,-5029,,,,,,,,,,,,,,,,,,,,2,上市,114,,,,,,,,,,,,,,,,,,,,,,86883,,,,86883,,0,,3.13,16249,89308,,,,,,,,,278000,,,18449,,,0,105332,,,,,,,,,,,,,,,2200,16024,0
,,,,-22470,,,6226,光鼎,,,-178615,,,,,,,,,,,,,,,,,,,,2,上市,114,0,,,,,0,,,,,,,,,,,,,,,,984406,,,,986016,,0,,8.53,669375,747855,,,,,,,,,1155348,,,833681,,,31753,1818087,,,,,,,,,,,,,,-1610,164306,1070232,0
,,,,4643702,,,6230,尼得科超眾,,,-461243,,,,,,,,,,,,,,,,,,,,2,上市,114,,,,,,,,,,,,,,,,,,,,,,5578282,,,,5578282,,0,,64.61,3368918,7408539,,,,,,,,,863434,,,4247913,,,532389,9826195,,,,,,,,,,,,,,,878995,2417656,0
,,,,2085986,,,6235,華孚,,,-373815,,,,,,,,,,,,,,,,,,,,2,上市,114,,,,,,,,,,,,,,,,,,,,,,4350454,,,,4350454,,0,,21.76,3168813,3918601,,,,,,,,,1999063,,,4887327,,,639220,9237781,,,,,,,,,,,,,,,1718514,5319180,0
,,,,46576959,,,6239,力成,,,-1013466,,,,,,,,,,,,,,,,,,,,2,上市,114,-922841,,,,,,,,,,,,,,,,,,,,,66616693,,,,52552002,,20350000,,71.13,27758858,44950158,,,,,,,,,7591466,,,43794334,,,319884,110411027,,,,,,,,,,,,,,14064691,16035476,65460869,0
,,,,43064,,,6243,迅杰,,,0,,,,,,,,,,,,,,,,,,,,2,上市,114,,,,,,,,,,,,,,,,,,,,,,773623,,,,,,0,,17.09,119393,1070024,,,,,,,,,452688,,,415235,,,277871,1188858,,,,,,,,,,,,,,,295842,118834,0
,,,,12501479,,,6257,矽格,,,863713,,,,,,,,,,,,,,,,,,,,2,上市,114,-385473,,,,,0,,,,,,,,,,,,,,,,21627487,,,,18856574,,5131000,,39.38,11798517,20314170,,,,,,,,,4839123,,,18531945,,,1037732,40159432,,,,,,,,,,,,,,2770913,6733428,19845262,0
,,,,18776579,,,6269,台郡,,,-1327642,,,,,,,,,,,,,,,,,,,,2,上市,114,-155595,,,,,0,,,,,,,,,,,,,,,,23106227,,,,21507150,,3070000,,67.19,6686458,17213654,,,,,,,,,3231680,,,12291161,,,982128,35397388,,,,,,,,,,,,,,1599077,5604703,18183734,0
,,,,8528821,,,6271,同欣電,0,,-98208,,,,,,,,,,,,,,,,,,,,2,上市,114,0,,,,,0,,,,,,,,,,,,,,,,25687704,,,,25638835,,0,,122.64,5107518,12375526,,,,,,,,,2090581,,,9127111,,,15117641,34814815,,,,,,,,,,,,,,48869,4019593,22439289,0
,,,,553186,,,6272,驊陞,,,-137944,,,,,,,,,,,,,,,,,,,,2,上市,114,,,,,,,,,,,,,,,,,,,,,,1433526,,,,1296155,,0,,17.84,1611655,2249753,,,,,,,,,726640,,,2355336,,,154273,3788862,,,,,,,,,,,,,,137371,743681,1539109,0
,,,,3372868,,,6277,宏正,,,-190639,,,,,,,,,,,,,,,,,,,,2,上市,114,,,,,,0,,,,,,,,,,,,,,,,4755924,,,,4693903,,0,,39.29,1638921,3432352,,,,,,,,,1194711,,,2211463,,,316963,6967387,,,,,,,,,,,,,,62021,572542,3535035,0
,,,,15952867,,,6278,台表科,,,-1178446,,,,,,,,,,,,,,,,,,,,2,上市,114,,,,,,0,,,,,,,,,,,,,,,,20225434,,,,20204379,,0,,69.10,24186521,36099863,,,,,,,,,2923984,,,29139506,,,2505974,49364940,,,,,,,,,,,,,,21055,4952985,13265077,0
,,,,1293183,,,6281,全國電,,,,,,,,,,,,,,,,,,,,,,,2,上市,114,,,,,,,,,,,,,,,,,,,,,,2721531,,,,,,0,,27.44,4233683,5604180,,,,,,,,,991729,,,6980960,,,436619,9702491,,,,,,,,,,,,,,,2747277,4098311,0
,,,,3008705,,,6282,康舒,,,-726395,,,,,,,,,,,,,,,,,,,,2,上市,114,,,,,,,,,,,,,,,,,,,,,,21190856,,,,20916950,,0,,24.37,18154564,22036313,,,,,,,,,8584771,,,23154889,,,10049869,44345745,,,,,,,,,,,,,,273906,5000325,22309432,0
,,,,-246548,,,6283,淳安,,,-139238,,,,,,,,,,,,,,,,,,,,2,上市,114,-72075,,,,,0,,,,,,,,,,,,,,,,1724277,,,,1523689,,2114000,,10.45,533887,1639870,,,,,,,,,1479063,,,556988,,,502487,2281265,,,,,,,,,,,,,,200588,23101,641395,0
,,,,12865739,,,6285,啟碁,,,1432516,,,,,,,,,,,,,,,,,,,,2,上市,114,,,,,,52260,,,,,,,,,,,,,,,,31004079,,,,31004079,,0,,64.04,38088298,56509216,,,,,,,,,4841030,,,41489401,,,11864794,72493480,,,,,,,,,,,,,,,3401103,15984264,0
,,,,1247510,,,6405,悅城,,,-14870,,,,,,,,,,,,,,,,,,,,2,上市,114,,,,,,0,,,,,,,,,,,,,,,,2337909,,,,,,0,,35.53,19391,615379,,,,,,,,,658000,,,19452,,,447269,2357361,,,,,,,,,,,,,,,61,1741982,0
,,,,6238456,,,6409,旭隼,,,-1084432,,,,,,,,,,,,,,,,,,,,2,上市,114,0,,,,,,,,,,,,,,,,,,,,,7421223,,,,7421223,,0,,84.61,10587123,14006330,,,,,,,,,877114,,,11451014,,,1390085,18872237,,,,,,,,,,,,,,,863891,4865907,0
,,,,7358041,,,6412,群電,,,-1737803,,,,,,,,,,,,,,,,,,,,2,上市,114,,,,,,0,,,,,,,,,,,,,,,,12864353,,,,12864353,,0,,32.10,17391123,23107407,,,,,,,,,4007691,,,17845188,,,3236424,30709541,,,,,,,,,,,,,,,454065,7602134,0
,,,,7552746,,,6414,樺漢,,,-1971791,,,,,,,,,,,,,,,,,,,,2,上市,114,,,,,,,,,,,,,,,,,,,,,,53358013,,,,22644277,,0,,164.64,70877972,92473573,,,,,,,,,1375397,,,93489125,,,15687925,146847138,,,,,,,,,,,,,,30713736,22611153,54373565,0
,,,,20195425,,,6415,矽力*-KY,,,-2450731,,,,,,,,,,,,,,,,,,,,2,上市,114,-239746,,,,,,,,,,,,,,,,,,,,,32619601,,,,32155105,,595000,,83.00,2606517,23047410,,,,,,,,,969994,,,4277838,,,13680163,36897439,,,,,,,,,,,,,,464496,1671321,13850029,0
,,,,1319903,,,6416,瑞祺電通,,,-92552,,,,,,,,,,,,,,,,,,,,2,上市,114,,,,,,0,,,,,,,,,,,,,,,,3553619,,,,3406032,,0,,46.44,1168508,3527997,,,,,,,,,733485,,,1918909,,,1445196,5472528,,,,,,,,,,,,,,147587,750401,1944531,0
,,,,-43126,,,6426,統新,,,-31107,,,,,,,,,,,,,,,,,,,,2,上市,114,,,,,,,,,,,,,,,,,,,,,,867399,,,,867399,,0,,22.52,127122,739000,,,,,,,,,385090,,,136094,,,556542,1003493,,,,,,,,,,,,,,,8972,264493,0
,,,,-534955,,,6431,光麗-KY,,,-87949,,,,,,,,,,,,,,,,,,,,2,上市,114,,,,,,,,,,,,,,,,,,,,,,626014,,,,626014,,0,,6.43,270538,444013,,,,,,,,,973988,,,531526,,,274930,1157540,,,,,,,,,,,,,,,260988,713527,0
,,,,1730410,,,6438,迅得,,,76554,,,,,,,,,,,,,,,,,,,,2,上市,114,,,,,,,,,,,,,,,,,,,,,,5587706,,,,5454742,,0,,66.35,3599535,6397059,,,,,,,,,822063,,,4112171,,,2825715,9699877,,,,,,,,,,,,,,132964,512636,3302818,0
,,,,2015519,,,6442,光聖,,,-112186,,,,,,,,,,,,,,,,,,,,2,上市,114,-66481,,,,,,,,,,,,,,,,,,,,,3515419,,,,3514644,,200000,,46.37,3951605,6458764,,,,,,,,,760002,,,5124220,,,917790,8639639,,,,,,,,,,,,,,775,1172615,2180875,0
,,,,-350280,,,6443,元晶,,,-2460,,,,,,,,,,,,,,,,,,,,2,上市,114,,,,,,,,,,,,,,,,,,,,,,6480835,,,,6477960,,0,,12.63,1064423,2782247,,,,,,,,,5127967,,,3079293,,,1702733,9560128,,,,,,,,,,,,,,2875,2014870,6777881,0
,,,,4295528,,,6446,藥華藥,,,-324421,,,,,,,,,,,,,,,,,,,,2,上市,114,-2805108,,,,,,,,,,,,,,,,,,,,,28545379,,,,28545379,,8905000,,85.65,3341869,25770912,,,,,,,,,3787872,,,4258600,,,23591508,32803979,,,,,,,,,,,,,,,916731,7033067,0
,,,,1610218,,,6449,鈺邦,,,152776,,,,,,,,,,,,,,,,,,,,2,上市,114,-40374,,,,,0,,,,,,,,,,,,,,,,3866749,,,,3758182,,1000000,,41.32,3210547,4150263,,,,,,,,,919535,,,3366297,,,1116027,7233046,,,,,,,,,,,,,,108567,155750,3082783,0
,,,,2409308,,,6451,訊芯-KY,0,,-1442685,,,,,,,,,,,,,,,,,,,,2,上市,114,-108347,,,,,,,,,,,,,,,,,,,,,6164307,,,,5160054,,1291000,,48.60,7399081,11843944,,,,,,,,,1074648,,,11878845,,,3227130,18043152,,,,,,,,,,,,,,1004253,4479764,6199208,0
,,,,19701150,,,6456,GIS-KY,,,-3659574,,,,,,,,,,,,,,,,,,,,2,上市,114,-274322,,,,,0,,,,,,,,,,,,,,,,27424340,,,,27351478,,6000000,,82.40,26801793,45130019,,,,,,,,,3379398,,,33180541,,,8204826,60604881,,,,,,,,,,,,,,72862,6378748,15474862,0
,,,,3240513,,,6464,台數科,,,4103,,,,,,,,,,,,,,,,,,,,2,上市,114,-47590,,,,,0,,,,,,,,,,,,,,,,8353456,,,,7928123,,600000,,63.42,2469105,1815155,,,,,,,,,1293815,,,9791060,,,3437282,18144516,,,,,,,,,,,,,,425333,7321955,16329361,0
,,,,7380618,,,6472,保瑞,,,-1143326,,,,,,,,,,,,,,,,,,,,2,上市,114,-64646,,,,,,,,,,,,,,,,,,,,,14068159,,,,11996441,,267500,,115.91,12273414,17783232,,,,,,,,,1244480,,,27895803,,,4579315,41963962,,,,,,,,,,,,,,2071718,15622389,24180730,47389
,,,,621083,,,6477,安集,,,-30430,,,,,,,,,,,,,,,,,,,,2,上市,114,,,,,,,,,,,,,,,,,,,,,,3354982,,,,3166593,,0,,25.58,1803938,1482838,,,,,,,,,1237872,,,4647028,,,1338068,8002010,,,,,,,,,,,,,,188389,2843090,6519172,0
,,,,5881273,,,6491,晶碩,,,-119927,,,,,,,,,,,,,,,,,,,,2,上市,114,,,,,,,,,,,,,,,,,,,,,,10902396,,,,10810890,,0,,138.60,4250581,6613328,,,,,,,,,780000,,,4891654,,,4269544,15794050,,,,,,,,,,,,,,91506,641073,9180722,0
,,,,2470242,,,6504,南六,,,-559300,,,,,,,,,,,,,,,,,,,,2,上市,114,,,,,,0,,,,,,,,,,,,,,,,3090477,,,,3090409,,0,,42.57,4221329,4361603,,,,,,,,,726000,,,6323339,,,453467,9413816,,,,,,,,,,,,,,68,2102010,5052213,0
,,,,160351076,,,6505,台塑化,,,-395994,,,,,,,,,,,,,,,,,,,,2,上市,114,,,,,,,,,,,,,,,,,,,,,,291871280,,,,286639324,,0,,30.09,44046031,209323728,,,,,,,,,95259597,,,73661608,,,31424645,365532888,,,,,,,,,,,,,,5231956,29615577,156209160,0
,,,,2080317,,,6515,穎崴,,,-70407,,,,,,,,,,,,,,,,,,,,2,上市,114,,,,,,,,,,,,,,,,,,,,,,5497295,,,,5497295,,0,,153.34,2538267,5727796,,,,,,,,,358492,,,2765696,,,3128893,8262991,,,,,,,,,,,,,,,227429,2535195,0
,,,,2491067,,,6525,捷敏-KY,,,-423538,,,,,,,,,,,,,,,,,,,,2,上市,114,,,,,,,,,,,,,,,,,,,,,,3982539,,,,3982539,,0,,30.86,1588595,3384287,,,,,,,,,1290474,,,2042988,,,624536,6025527,,,,,,,,,,,,,,,454393,2641240,0
,,,,6092138,,,6526,達發,,,57079,,,,,,,,,,,,,,,,,,,,2,上市,114,,,,,,,,,,,,,,,,,,,,,,20075288,,,,17709494,,0,,105.72,7742698,18624825,,,,,,,,,1675056,,,8571329,,,9885221,28646617,,,,,,,,,,,,,,2365794,828631,10021792,0
,,,,3367703,,,6531,愛普*,,,-45299,,,,,,,,,,,,,,,,,,,,2,上市,114,,,,,,,,,,,,,,,,,,,,,,10818441,,,,10630907,,0,,65.37,2236068,11081859,,,,,,,,,813776,,,2389441,,,6494727,13207882,,,,,,,,,,,,,,187534,153373,2126023,19225
,,,,-189961,,,6533,晶心科,,,-4583,,,,,,,,,,,,,,,,,,,,2,上市,114,,,,,,,,,,,,,,,,,,,,,,4408021,,,,4408021,,0,,87.03,746754,1504199,,,,,,,,,506509,,,810985,,,4096056,5219006,,,,,,,,,,,,,,,64231,3714807,0
,,,,944248,,,6534,正瀚-創,,,-12586,,,,,,,,,,,,,,,,,,,,2,上市,114,,,,,,0,,,,,,,,,,,,,,,,2678706,,,,2677987,,0,,26.05,899110,1097999,,,,,,,,,1028000,,,1148387,,,718325,3827093,,,,,,,,,,,,,,719,249277,2729094,0
,,,,-14942613,,,6541,泰福-KY,,,-479227,,,,,,,,,,,,,,,,,,,,2,上市,114,,,,,,0,,,,,,,,,,,,,,,,4874162,,,,4874162,,0,,20.42,542792,1180339,,,,,,,,,2386804,,,2020247,,,17909198,6894409,,,,,,,,,,,,,,,1477455,5714070,0
,,,,-16127219,,,6550,北極星藥業-KY,,,223522,,,,,,,,,,,,,,,,,,,,2,上市,114,,,,,,0,,,,,,,,,,,,,,,,4753109,,,,4695894,,0,,6.09,1154959,2749319,,,,,,,,,7704730,,,3430088,,,12894861,8183197,,,,,,,,,,,,,,57215,2275129,5433878,0
,,,,582282,,,6552,易華電,,,289442,,,,,,,,,,,,,,,,,,,,2,上市,114,,,,,,,,,,,,,,,,,,,,,,2327213,,,,,,0,,28.04,659709,991784,,,,,,,,,830000,,,1357648,,,625489,3684861,,,,,,,,,,,,,,,697939,2693077,0
,,,,202182,,,6558,興能高,,,-80793,,,,,,,,,,,,,,,,,,,,2,上市,114,,,,,,0,,,,,,,,,,,,,,,,1378909,,,,1378909,,0,,14.70,398405,1026561,,,,,,,,,937889,,,423921,,,319631,1802830,,,,,,,,,,,,,,,25516,776269,0
,,,,-254517,,,6573,虹揚-KY,,,-114456,,,,,,,,,,,,,,,,,,,,2,上市,114,,,,,,0,,,,,,,,,,,,,,,,511852,,,,436020,,0,,5.42,796606,662946,,,,,,,,,804993,,,1091213,,,0,1603065,,,,,,,,,,,,,,75832,294607,940119,0
,,,,1212244,,,6579,研揚,,,30555,,,,,,,,,,,,,,,,,,,,2,上市,114,,,,,,0,,,,,,,,,,,,,,,,11234080,,,,9375284,,0,,55.33,2948060,7843089,,,,,,,,,1694512,,,3459574,,,6437973,14693654,,,,,,,,,,,,,,1858796,511514,6850565,0
,,,,2038823,,,6581,鋼聯,,,,,,,,,,,,,,,,,,,,,,,2,上市,114,,,,,,,,,,,,,,,,,,,,,,4150748,,,,4150748,,0,,37.30,356665,781432,,,,,,,,,1112709,,,864996,,,999216,5015744,,,,,,,,,,,,,,,508331,4234312,0
,,,,3623795,,,6582,申豐,,,609444,,,,,,,,,,,,,,,,,,,,2,上市,114,,,,,,,,,,,,,,,,,,,,,,6044214,,,,6044214,,0,,56.93,345221,645582,,,,,,,,,1061741,,,358156,,,749234,6402370,,,,,,,,,,,,,,,12935,5756788,0
,,,,1980788,,,6585,鼎基,,,-24056,,,,,,,,,,,,,,,,,,,,2,上市,114,,,,,,0,,,,,,,,,,,,,,,,3658540,,,,3658540,,0,,50.72,1173994,2248180,,,,,,,,,721336,,,1768645,,,980472,5427185,,,,,,,,,,,,,,,594651,3179005,0
,,,,-527857,,,6589,台康生技,,,-36148,,,,,,,,,,,,,,,,,,,,2,上市,114,-305465,,,,,0,,,,,,,,,,,,,,,,8461623,,,,8461623,,4000000,,27.98,657957,4511318,,,,,,,,,3063716,,,1940191,,,6267377,10401814,,,,,,,,,,,,,,,1282234,5890496,155000
,,,,657146,,,6591,動力-KY,,,-137110,,,,,,,,,,,,,,,,,,,,2,上市,114,,,,,,,,,,,,,,,,,,,,,,1842348,,,,1835351,,0,,47.39,622730,1559357,,,,,,,,,387296,,,1146209,,,928019,2988557,,,,,,,,,,,,,,6997,523479,1429200,0
,,,,12363785,,,6592,和潤企業,,,-298286,,,,,,,,,,,,,,,,,,,,2,上市,114,,,,,,0,,,,,,,,,,,,,,,,40522691,,,,36436978,,0,,50.39,273078039,293942961,,,,,,,,,7231505,,,278861688,,,17139974,319384379,,,,,,,,,,,,,,4085713,5783649,25441418,0
,,,,-319889,,,6598,ABC-KY,,,-34436,,,,,,,,,,,,,,,,,,,,2,上市,114,,,,,,0,,,,,,,,,,,,,,,,709628,,,,709628,,0,,6.90,94762,903608,,,,,,,,,1028011,,,303301,,,35942,1012929,,,,,,,,,,,,,,,208539,109321,0
,,,,14479366,,,6605,帝寶,,,-165991,,,,,,,,,,,,,,,,,,,,2,上市,114,,,,,,,,,,,,,,,,,,,,,,18926585,,,,18471726,,0,,111.40,12250743,13884768,,,,,,,,,1658164,,,12674486,,,2500187,31601071,,,,,,,,,,,,,,454859,423743,17716303,0
,,,,364799,,,6606,建德工業,,,-148335,,,,,,,,,,,,,,,,,,,,2,上市,114,,,,,,0,,,,,,,,,,,,,,,,1505997,,,,1464795,,0,,13.28,249863,886301,,,,,,,,,1103038,,,388449,,,145293,1894446,,,,,,,,,,,,,,41202,138586,1008145,0
,,,,361156,,,6614,資拓宏宇,,,,,,,,,,,,,,,,,,,,,,,2,上市,114,,,,,,,,,,,,,,,,,,,,,,1135591,,,,1135591,,0,,15.57,2143056,2960950,,,,,,,,,729355,,,2261916,,,45080,3397507,,,,,,,,,,,,,,,118860,436557,0
,,,,318232,,,6625,必應,,,-47325,,,,,,,,,,,,,,,,,,,,2,上市,114,,,,,,,,,,,,,,,,,,,,,,1523232,,,,1521651,,0,,26.25,1216710,2209213,,,,,,,,,579724,,,1260694,,,671020,2783926,,,,,,,,,,,,,,1581,43984,574713,0
,,,,488528,,,6641,基士德-KY,,,-174658,,,,,,,,,,,,,,,,,,,,2,上市,114,0,,,,,,,,,,,,,,,,,,,,,1340684,,,,1342118,,0,,36.77,587816,1063225,,,,,,,,,365000,,,628299,,,663248,1968983,,,,,,,,,,,,,,-1434,40483,905758,0
,,,,-87093,,,6645,金萬林-創,,,-563,,,,,,,,,,,,,,,,,,,,2,上市,114,-5144,,,,,0,,,,,,,,,,,,,,,,547020,,,,547020,,240000,,9.02,235620,379785,,,,,,,,,608640,,,439601,,,31180,986621,,,,,,,,,,,,,,,203981,606836,0
,,,,767068,,,6655,科定,,,981787,,,,,,,,,,,,,,,,,,,,2,上市,114,-186211,,,,,,,,,,,,,,,,,,,,,2388172,,,,2384760,,2014000,,30.36,2312787,1774724,,,,,,,,,805718,,,6266452,,,16398,8654624,,,,,,,,,,,,,,3412,3953665,6879900,0
,,,,-375682,,,6657,華安,,,-330,,,,,,,,,,,,,,,,,,,,2,上市,114,,,,,,,,,,,,,,,,,,,,,,1035808,,,,1035808,,0,,11.68,22544,977279,,,,,,,,,886580,,,29234,,,525240,1065042,,,,,,,,,,,,,,,6690,87763,0
,,,,317767,,,6658,聯策,,,53981,,,,,,,,,,,,,,,,,,,,2,上市,114,,,,,,,,,,,,,,,,,,,,,,1364014,,,,1275216,,0,,35.06,1100380,1821984,,,,,,,,,363700,,,1721637,,,539768,3085651,,,,,,,,,,,,,,88798,621257,1263667,0
,,,,377240,,,6666,羅麗芬-KY,,,-145527,,,,,,,,,,,,,,,,,,,,2,上市,114,,,,,,0,,,,,,,,,,,,,,,,1565994,,,,1536168,,0,,32.42,559196,880396,,,,,,,,,473880,,,622316,,,830575,2188310,,,,,,,,,,,,,,29826,63120,1307914,0
,,,,-55096,,,6668,中揚光,,,-134989,,,,,,,,,,,,,,,,,,,,2,上市,114,,,,,,,,,,,,,,,,,,,,,,2128137,,,,2128137,,0,,19.87,709473,1389656,,,,,,,,,1071161,,,1445838,,,1247061,3573975,,,,,,,,,,,,,,0,736365,2184319,0
,,,,53909061,,,6669,緯穎,,,-1832250,,,,,,,,,,,,,,,,,,,,2,上市,114,,,,,,0,,,,,,,,,,,,,,,,90941810,,,,90941810,,0,,489.35,171905755,264859008,,,,,,,,,1858408,,,197447662,,,37006591,288389472,,,,,,,,,,,,,,,25541907,23530464,0
,,,,9115156,,,6670,復盛應用,,,-1077195,,,,,,,,,,,,,,,,,,,,2,上市,114,,,,,,,,,,,,,,,,,,,,,,15831785,,,,12997821,,0,,93.25,9783583,16568683,,,,,,,,,1393870,,,10688419,,,3565990,26520204,,,,,,,,,,,,,,2833964,904836,9951521,0
,,,,518057,,,6671,三能-KY,,,-213941,,,,,,,,,,,,,,,,,,,,2,上市,114,,,,,,,,,,,,,,,,,,,,,,1576130,,,,1560515,,0,,25.69,508317,1053076,,,,,,,,,607500,,,574217,,,648899,2150347,,,,,,,,,,,,,,15615,65900,1097271,0
,,,,1816594,,,6672,騰輝電子-KY,,,-291597,,,,,,,,,,,,,,,,,,,,2,上市,114,,,,,,,,,,,,,,,,,,,,,,3124210,,,,3124205,,0,,43.74,1316481,3299651,,,,,,,,,714347,,,1703809,,,884861,4828019,,,,,,,,,,,,,,5,387328,1528368,0
,,,,-52886,,,6674,鋐寶科技,,,-27948,,,,,,,,,,,,,,,,,,,,2,上市,114,,,,,,0,,,,,,,,,,,,,,,,927526,,,,927526,,0,,13.47,350537,1105324,,,,,,,,,688357,,,360978,,,320003,1288504,,,,,,,,,,,,,,,10441,183180,0
,,,,259017,,,6689,伊雲谷,,,-58103,,,,,,,,,,,,,,,,,,,,2,上市,114,-9941,,,,,0,,,,,,,,,,,,,,,,2930058,,,,2738408,,200000,,40.39,3100007,4966329,,,,,,,,,680000,,,3170434,,,1867435,6100492,,,,,,,,,,,,,,191650,70427,1134163,0
,,,,2802249,,,6691,洋基工程,,,-74423,,,,,,,,,,,,,,,,,,,,2,上市,114,-169116,,,,,,,,,,,,,,,,,,,,,5779651,,,,5779651,,890000,,55.11,12489159,17767994,,,,,,,,,1214872,,,12661712,,,2006069,18441363,,,,,,,,,,,,,,0,172553,673369,0
,,,,-427529,,,6695,芯鼎,,,-3337,,,,,,,,,,,,,,,,,,,,2,上市,114,,,,,,,,,,,,,,,,,,,,,,1586779,,,,1586779,,0,,16.44,220433,1501554,,,,,,,,,965347,,,250655,,,1052298,1837434,,,,,,,,,,,,,,,30222,335880,0
,,,,-70153,,,6698,旭暉應材,,,-33803,,,,,,,,,,,,,,,,,,,,2,上市,114,-24187,,,,,0,,,,,,,,,,,,,,,,1845285,,,,1091648,,602000,,16.59,849915,1322708,,,,,,,,,663898,,,947920,,,555893,2793205,,,,,,,,,,,,,,753637,98005,1470497,0
,,,,1087316,,,6706,惠特,,,17969,,,,,,,,,,,,,,,,,,,,2,上市,114,,,,,,,,,,,,,,,,,,,,,,3830149,,,,3830149,,0,,48.75,1143827,3428373,,,,,,,,,785689,,,3090976,,,1939175,6921125,,,,,,,,,,,,,,,1947149,3492752,0
,,,,961000,,,6715,嘉基,,,-51922,,,,,,,,,,,,,,,,,,,,2,上市,114,-38604,,,,,,,,,,,,,,,,,,,,,3385300,,,,3318671,,324000,,50.25,797757,2703151,,,,,,,,,663645,,,1214260,,,1784552,4599560,,,,,,,,,,,,,,66629,416503,1896409,0
,,,,2063951,,,6719,力智,,,-101819,,,,,,,,,,,,,,,,,,,,2,上市,114,,,,,,0,,,,,,,,,,,,,,,,13542317,,,,13542317,,0,,128.41,1126370,13985900,,,,,,,,,1054620,,,2792406,,,10525565,16334723,,,,,,,,,,,,,,,1666036,2348823,0
,,,,567379,,,6722,輝創,,,-153351,,,,,,,,,,,,,,,,,,,,2,上市,114,,,,,,0,,,,,,,,,,,,,,,,1954431,,,,1954431,,0,,25.06,1943278,2398603,,,,,,,,,780000,,,2510524,,,760403,4464955,,,,,,,,,,,,,,,567246,2066352,0
,,,,842,,,6742,澤米,,,4066,,,,,,,,,,,,,,,,,,,,2,上市,114,-40217,,,,,,,,,,,,,,,,,,,,,1275716,,,,1275716,,773000,,18.10,370767,1112864,,,,,,,,,712679,,,436122,,,598346,1711838,,,,,,,,,,,,,,,65355,598974,0
,,,,694157,,,6743,安普新,,,-400946,,,,,,,,,,,,,,,,,,,,2,上市,114,-185294,,,,,,,,,,,,,,,,,,,,,2412798,,,,2412798,,2500000,,16.36,4847166,4033969,,,,,,,,,1500000,,,5506286,,,804881,7919084,,,,,,,,,,,,,,0,659120,3885115,0
,,,,1646844,,,6753,龍德造船,,,4300,,,,,,,,,,,,,,,,,,,,2,上市,114,,,,,,,,,,,,,,,,,,,,,,3770747,,,,,,0,,33.33,4985034,6291987,,,,,,,,,1131375,,,7178890,,,988228,10949637,,,,,,,,,,,,,,,2193856,4657650,0
,,,,892336,,,6754,匯僑設計,,,-158155,,,,,,,,,,,,,,,,,,,,2,上市,114,,,,,,,,,,,,,,,,,,,,,,2081268,,,,2081268,,0,,31.53,2278828,3633515,,,,,,,,,660000,,,2520303,,,687087,4601571,,,,,,,,,,,,,,,241475,968056,0
,,,,542678,,,6756,威鋒電子,,,-122151,,,,,,,,,,,,,,,,,,,,2,上市,114,,,,,,,,,,,,,,,,,,,,,,2757386,,,,2703997,,0,,38.70,904609,1638936,,,,,,,,,698680,,,939868,,,1584790,3697254,,,,,,,,,,,,,,53389,35259,2058318,0
,,,,1748977,,,6757,台灣虎航,,,-1221,,,,,,,,,,,,,,,,,,,,2,上市,114,,,,,,0,,,,,,,,,,,,,,,,6344385,,,,,,0,,13.81,10117622,11331181,,,,,,,,,4595300,,,17436276,,,1329,23780661,,,,,,,,,,,,,,,7318654,12449480,0
,,,,4112932,,,6768,志強-KY,,,-982291,,,,,,,,,,,,,,,,,,,,2,上市,114,,,,,,,,,,,,,,,,,,,,,,13691562,,,,13691562,,0,,68.43,5359489,13581262,,,,,,,,,2000951,,,7518575,,,8559970,21210137,,,,,,,,,,,,,,0,2159086,7628875,0
,,,,15103787,,,6770,力積電,,,-4293,,,,,,,,,,,,,,,,,,,,2,上市,114,,,,,,,,,,,,,,,,,,,,,,84632320,,,,84632320,,0,,20.20,24632106,46233266,,,,,,,,,41889331,,,98602355,,,27643495,183234675,,,,,,,,,,,,,,,73970249,137001409,52750
,,,,247101,,,6771,平和環保-創,,,,,,,,,,,,,,,,,,,,,,,2,上市,114,,,,,,,,,,,,,,,,,,,,,,848539,,,,839052,,0,,26.91,262554,564503,,,,,,,,,311795,,,619581,,,280156,1468120,,,,,,,,,,,,,,9487,357027,903617,0
,,,,710366,,,6776,展碁國際,,,-122187,,,,,,,,,,,,,,,,,,,,2,上市,114,,,,,,0,,,,,,,,,,,,,,,,2285337,,,,2041254,,0,,25.02,6427075,6925744,,,,,,,,,815814,,,7083550,,,637261,9368887,,,,,,,,,,,,,,244083,656475,2443143,0
,,,,7645990,,,6781,AES-KY,,,-676592,,,,,,,,,,,,,,,,,,,,2,上市,114,,,,,,,,,,,,,,,,,,,,,,13894165,,,,13893526,,0,,162.65,7107926,17793579,,,,,,,,,854188,,,7674053,,,6069940,21568218,,,,,,,,,,,,,,639,566127,3774639,0
,,,,1667246,,,6782,視陽,,,-164536,,,,,,,,,,,,,,,,,,,,2,上市,114,,,,,,0,,,,,,,,,,,,,,,,3583120,,,,3563717,,0,,56.57,1508752,2166562,,,,,,,,,630000,,,1913384,,,1431007,5496504,,,,,,,,,,,,,,19403,404632,3329942,0
,,,,7167558,,,6789,采鈺,,,,,,,,,,,,,,,,,,,,,,,2,上市,114,,,,,,,,,,,,,,,,,,,,,,17658840,,,,,,0,,55.59,4809353,14619992,,,,,,,,,3176571,,,6052705,,,7314711,23711545,,,,,,,,,,,,,,,1243352,9091553,0
,,,,1543771,,,6790,永豐實,,,-310759,,,,,,,,,,,,,,,,,,,,2,上市,114,,,,,,,,,,,,,,,,,,,,,,5094409,,,,5094409,,0,,19.07,3427236,5023460,,,,,,,,,2671290,,,5137284,,,1190107,10231693,,,,,,,,,,,,,,0,1710048,5208233,0
,,,,482870,,,6792,詠業,,,-65673,,,,,,,,,,,,,,,,,,,,2,上市,114,-85925,,,,,0,,,,,,,,,,,,,,,,1469729,,,,1469729,,1000000,,31.35,475148,1527309,,,,,,,,,478753,,,538498,,,659704,2008227,,,,,,,,,,,,,,,63350,480918,0
,,,,-665204,,,6794,向榮生技,,,,,,,,,,,,,,,,,,,,,,,2,上市,114,,,,,,0,,,,,,,,,,,,,,,,750505,,,,,,0,,12.37,18650,654556,,,,,,,,,606790,,,81690,,,808919,832195,,,,,,,,,,,,,,,63040,177639,0
,,,,33606,,,6796,晉弘,,,-7082,,,,,,,,,,,,,,,,,,,,2,上市,114,,,,,,0,,,,,,,,,,,,,,,,695454,,,,695454,,0,,20.01,229967,756975,,,,,,,,,347582,,,618518,,,321348,1313972,,,,,,,,,,,,,,,388551,556997,0
,,,,541733,,,6799,來頡,,,-12562,,,,,,,,,,,,,,,,,,,,2,上市,114,-28425,,,,,,,,,,,,,,,,,,,,,1524055,,,,1524055,,269000,,35.62,282465,1606397,,,,,,,,,430591,,,284434,,,592718,1808489,,,,,,,,,,,,,,,1969,202092,0
,,,,2486020,,,6805,富世達,,,-308176,,,,,,,,,,,,,,,,,,,,2,上市,114,,,,,,,,,,,,,,,,,,,,,,5336878,,,,5336878,,0,,77.85,4755974,9562764,,,,,,,,,685539,,,5323008,,,2473495,10659886,,,,,,,,,,,,,,,567034,1097122,0
,,,,728057,,,6807,峰源-KY,,,9657,,,,,,,,,,,,,,,,,,,,2,上市,114,,,,,,0,,,,,,,,,,,,,,,,2279326,,,,2279326,,0,,42.21,1244636,1974178,,,,,,,,,540000,,,1284070,,,1001612,3563396,,,,,,,,,,,,,,,39434,1589218,0
,,,,469195,,,6830,汎銓,,,-118558,,,,,,,,,,,,,,,,,,,,2,上市,114,,,,,,,,,,,,,,,,,,,,,,2902165,,,,2902165,,0,,56.05,767890,1772199,,,,,,,,,517819,,,2899030,,,2033709,5801195,,,,,,,,,,,,,,,2131140,4028996,0
,,,,239846,,,6831,邁科,,,-48516,,,,,,,,,,,,,,,,,,,,2,上市,114,,,,,,0,,,,,,,,,,,,,,,,1492356,,,,1492356,,0,,24.87,1848062,2386063,,,,,,,,,600000,,,2069774,,,701026,3562130,,,,,,,,,,,,,,,221712,1176067,0
,,,,53897,,,6834,天二科技,,,-24582,,,,,,,,,,,,,,,,,,,,2,上市,114,,,,,,,,,,,,,,,,,,,,,,1369701,,,,1369701,,0,,15.48,838524,1193310,,,,,,,,,884711,,,860160,,,455675,2229861,,,,,,,,,,,,,,,21636,1036551,0
,,,,652223,,,6835,圓裕,,,-96945,,,,,,,,,,,,,,,,,,,,2,上市,114,-13241,,,,,,,,,,,,,,,,,,,,,1695270,,,,1691696,,323000,,25.69,1254476,3079039,,,,,,,,,661723,,,2043990,,,487936,3739260,,,,,,,,,,,,,,3574,789514,660221,0
,,,,-2129347,,,6838,台新藥,,,-91273,,,,,,,,,,,,,,,,,,,,2,上市,114,,,,,,,,,,,,,,,,,,,,,,1568727,,,,1568228,,0,,10.39,164366,1619645,,,,,,,,,1509771,,,580098,,,2279077,2148825,,,,,,,,,,,,,,499,415732,529180,0
,,,,-6124355,,,6854,錼創科技-KY創,,,236900,,,,,,,,,,,,,,,,,,,,2,上市,114,,,,,,0,,,,,,,,,,,,,,,,3650756,,,,3650756,,0,,31.02,593029,4337893,,,,,,,,,1176786,,,1421130,,,8361425,5071886,,,,,,,,,,,,,,,828101,733993,0
,,,,568296,,,6861,睿生光電,,,-79055,,,,,,,,,,,,,,,,,,,,2,上市,114,,,,,,,,,,,,,,,,,,,,,,1359976,,,,1359976,,0,,32.73,882879,2097629,,,,,,,,,415586,,,1038362,,,455149,2398338,,,,,,,,,,,,,,,155483,300709,19500
,,,,1015457,,,6862,三集瑞-KY,,,-87247,,,,,,,,,,,,,,,,,,,,2,上市,114,,,,,,,,,,,,,,,,,,,,,,2630493,,,,2630493,,0,,52.61,1162660,2486665,,,,,,,,,500000,,,1303646,,,1202283,3934139,,,,,,,,,,,,,,,140986,1447474,0
,,,,971321,,,6863,永道-KY,,,-580477,,,,,,,,,,,,,,,,,,,,2,上市,114,,,,,,,,,,,,,,,,,,,,,,5413488,,,,5412529,,0,,72.27,1757954,5675875,,,,,,,,,748880,,,2784671,,,4272805,8198159,,,,,,,,,,,,,,959,1026717,2522284,0
,,,,1686965,,,6869,雲豹能源,,,-15334,,,,,,,,,,,,,,,,,,,,2,上市,114,-277414,,,,,0,,,,,,,,,,,,,,,,6552420,,,,5978745,,1648000,,43.90,5796724,5699168,,,,,,,,,1378300,,,8851970,,,3206228,15404390,,,,,,,,,,,,,,573675,3055246,9705222,0
,,,,1396639,,,6873,泓德能源,,,-11632,,,,,,,,,,,,,,,,,,,,2,上市,114,,,,,,0,,,,,,,,,,,,,,,,11132614,,,,9844296,,0,,79.60,6013681,12664586,,,,,,,,,1412476,,,14434440,,,7046813,25567054,,,,,,,,,,,,,,1288318,8420759,12902468,1159746
,,,,-775856,,,6885,全福生技,,,-5302,,,,,,,,,,,,,,,,,,,,2,上市,114,,,,,,0,,,,,,,,,,,,,,,,1876774,,,,,,0,,14.18,327573,1697237,,,,,,,,,1323100,,,330573,,,1334832,2207347,,,,,,,,,,,,,,,3000,510110,0
,,,,653640,,,6887,寶綠特-KY,,,-181266,,,,,,,,,,,,,,,,,,,,2,上市,114,,,,,,0,,,,,,,,,,,,,,,,2555852,,,,2555852,,0,,34.48,1814385,3499891,,,,,,,,,741165,,,1857125,,,1342313,4412977,,,,,,,,,,,,,,,42740,913086,0
,,,,5569721,,,6890,來億-KY,,,-2343929,,,,,,,,,,,,,,,,,,,,2,上市,114,,,,,,0,,,,,,,,,,,,,,,,21895164,,,,21042327,,0,,84.37,7901619,17574181,,,,,,,,,2494000,,,8434188,,,15322535,30329352,,,,,,,,,,,,,,852837,532569,12755171,0
,,,,-2034135,,,6901,鑽石投資,,,,,,,,,,,,,,,,,,,,,,,2,上市,114,,,,,,,,,,,,,,,,,,,,,,9368973,,,,,,0,,11.00,69233,4619691,,,,,,,,,8519700,,,150948,,,2883408,9519921,,,,,,,,,,,,,,,81715,4900230,0
,,,,-128785,,,6902,GOGOLOOK,,,-12713,,,,,,,,,,,,,,,,,,,,2,上市,114,,,,,,,,,,,,,,,,,,,,,,636488,,,,636488,,0,,18.00,371869,892289,,,,,,,,,353589,,,512962,,,424397,1149450,,,,,,,,,,,,,,,141093,257161,2310
,,,,54045,,,6906,現觀科,,,1308,,,,,,,,,,,,,,,,,,,,2,上市,114,-181485,,,,,0,,,,,,,,,,,,,,,,670467,,,,670467,,1300000,,20.80,283835,949465,,,,,,,,,335374,,,293289,,,461225,963756,,,,,,,,,,,,,,,9454,14291,0
,,,,42862,,,6908,宏碁遊戲-創,0,,-95877,,,,,,,,,,,,,,,,,,,,2,上市,114,,,,,,0,,,,,,,,,,,,,,,,1717706,,,,1030796,,0,,29.45,1358682,2031029,,,,,,,,,350000,,,1580834,,,733811,3298540,,,,,,,,,,,,,,686910,222152,1267511,0
,,,,97408,,,6909,創控,,,-12944,,,,,,,,,,,,,,,,,,,,2,上市,114,,,,,,0,,,,,,,,,,,,,,,,990196,,,,,,0,,14.74,176896,1050258,,,,,,,,,671717,,,180222,,,234015,1170418,,,,,,,,,,,,,,,3326,120160,0
,,,,1039284,,,6914,阜爾運通,,,-399,,,,,,,,,,,,,,,,,,,,2,上市,114,,,,,,,,,,,,,,,,,,,,,,3341286,,,,3341286,,0,,50.45,2853022,2392068,,,,,,,,,662260,,,7084052,,,1640141,10425338,,,,,,,,,,,,,,,4231030,8033270,0
,,,,197341,,,6916,華凌,,,-46912,,,,,,,,,,,,,,,,,,,,2,上市,114,,,,,,,,,,,,,,,,,,,,,,1015898,,,,1011727,,0,,14.99,1039212,1164777,,,,,,,,,675000,,,1321998,,,186298,2337896,,,,,,,,,,,,,,4171,282786,1173119,0
,,,,265154,,,6918,愛派司,,,-10620,,,,,,,,,,,,,,,,,,,,2,上市,114,0,,,,,0,,,,,,,,,,,,,,,,1200497,,,,1200497,,0,,34.73,168711,1175223,,,,,,,,,345710,,,257352,,,600253,1457849,,,,,,,,,,,,,,,88641,282626,0
,,,,-248813,,,6919,康霈*,,,-383581,,,,,,,,,,,,,,,,,,,,2,上市,114,0,,,,,0,,,,,,,,,,,,,,,,9396317,,,,9396317,,0,,6.04,80013,9443306,,,,,,,,,779032,,,103593,,,9249679,9499910,,,,,,,,,,,,,,,23580,56604,3880000
,,,,-77083,,,6921,嘉雨思-創,,,0,,,,,,,,,,,,,,,,,,,,2,上市,114,,,,,,,,,,,,,,,,,,,,,,224841,,,,,,0,,7.48,80545,174512,,,,,,,,,300679,,,80545,,,1245,305386,,,,,,,,,,,,,,,,130874,0
,,,,373551,,,6923,中台,,,-30211,,,,,,,,,,,,,,,,,,,,2,上市,114,-29249,,,,,,,,,,,,,,,,,,,,,2456019,,,,2456019,,400000,,26.85,773915,861089,,,,,,,,,918880,,,1846760,,,1223048,4302779,,,,,,,,,,,,,,,1072845,3441690,0
,,,,138312,,,6924,榮惠-KY創,,,-16536,,,,,,,,,,,,,,,,,,,,2,上市,114,,,,,,0,,,,,,,,,,,,,,,,476463,,,,476463,,0,,22.85,579709,1010207,,,,,,,,,208500,,,598390,,,146187,1074853,,,,,,,,,,,,,,,18681,64646,0
,,,,122834,,,6928,攸泰科技,,,-78,,,,,,,,,,,,,,,,,,,,2,上市,114,,,,,,0,,,,,,,,,,,,,,,,2089374,,,,2089374,,0,,24.30,621450,2563732,,,,,,,,,860000,,,660928,,,1106618,2750302,,,,,,,,,,,,,,,39478,186570,0
,,,,33291,,,6931,青松健康,,,1253,,,,,,,,,,,,,,,,,,,,2,上市,114,,,,,,0,,,,,,,,,,,,,,,,1111549,,,,1088188,,0,,16.45,232185,879606,,,,,,,,,661522,,,1365303,,,392122,2476852,,,,,,,,,,,,,,23361,1133118,1597246,0
,,,,412708,,,6933,AMAX-KY,,,-173223,,,,,,,,,,,,,,,,,,,,2,上市,114,,,,,,0,,,,,,,,,,,,,,,,2049732,,,,2049732,,0,,48.53,1269309,3175593,,,,,,,,,422406,,,1444350,,,1387841,3494082,,,,,,,,,,,,,,,175041,318489,0
,,,,-634939,,,6934,心誠鎂,,,187,,,,,,,,,,,,,,,,,,,,2,上市,114,,,,,,0,,,,,,,,,,,,,,,,299755,,,,299755,,0,,9.16,25356,282561,,,,,,,,,327168,,,70369,,,607339,370124,,,,,,,,,,,,,,,45013,87563,36000
,,,,362956,,,6936,永鴻生技,,,,,,,,,,,,,,,,,,,,,,,2,上市,114,,,,,,0,,,,,,,,,,,,,,,,1272677,,,,,,0,,17.49,360326,967497,,,,,,,,,727590,,,379564,,,182131,1652241,,,,,,,,,,,,,,,19238,684744,0
,,,,1000901,,,6937,天虹,,,-27296,,,,,,,,,,,,,,,,,,,,2,上市,114,-31962,,,,,0,,,,,,,,,,,,,,,,3331486,,,,3279722,,180000,,48.66,733388,2902869,,,,,,,,,675763,,,964090,,,1662316,4295576,,,,,,,,,,,,,,51764,230702,1392707,0
,,,,2659450,,,6944,兆聯實業,,,-48585,,,,,,,,,,,,,,,,,,,,2,上市,114,,,,,,0,,,,,,,,,,,,,,,,6445516,,,,6445516,,0,,84.47,6395680,11061157,,,,,,,,,763083,,,6932780,,,3071568,13378296,,,,,,,,,,,,,,,537100,2317139,0
,,,,419164,,,6947,台鎔科技,,,,,,,,,,,,,,,,,,,,,,,2,上市,114,,,,,,,,,,,,,,,,,,,,,,2139164,,,,2139164,,0,,22.68,1757220,806837,,,,,,,,,943333,,,5182248,,,776667,7321412,,,,,,,,,,,,,,,3425028,6514575,0
,,,,-1360832,,,6949,沛爾生醫*-創,,,,,,,,,,,,,,,,,,,,,,,2,上市,114,-800,,,,,0,,,,,,,,,,,,,,,,1143358,,,,1044158,,40000,,17.81,393939,987468,,,,,,,,,589171,,,517267,,,1816619,1660625,,,,,,,,,,,,,,99200,123328,673157,262500
,,,,195860,,,6951,青新-創,,,,,,,,,,,,,,,,,,,,,,,2,上市,114,,,,,,0,,,,,,,,,,,,,,,,1012555,,,,1012555,,0,,22.01,601110,722898,,,,,,,,,460000,,,641271,,,356695,1653826,,,,,,,,,,,,,,0,40161,930928,0
,,,,277707,,,6952,大武山,0,,,,,,,,,,,,,,,,,,,,,,2,上市,114,-49013,,,,,0,,,,,,,,,,,,,,,,1719237,,,,1378678,,1000000,,20.47,878907,696563,,,,,,,,,683450,,,1965597,,,466534,3684834,,,,,,,,,,,,,,340559,1086690,2988271,0
,,,,68227,,,6955,邦睿生技-創,,,-675,,,,,,,,,,,,,,,,,,,,2,上市,114,,,,,,0,,,,,,,,,,,,,,,,585302,,,,585302,,0,,27.14,43694,571477,,,,,,,,,248008,,,48952,,,269742,634254,,,,,,,,,,,,,,,5258,62777,0
,,,,480189,,,6957,裕慶-KY,,,-175081,,,,,,,,,,,,,,,,,,,,2,上市,114,-120160,,,,,,,,,,,,,,,,,,,,,1944561,,,,1944712,,684000,,35.47,1473423,2323340,,,,,,,,,555130,,,2507383,,,1204634,4451944,,,,,,,,,,,,,,-151,1033960,2128604,0
,,,,502847,,,6958,日盛台駿,,,-366155,,,,,,,,,,,,,,,,,,,,2,上市,114,,,,,,,,,,,,,,,,,,,,,,9553735,,,,9392845,,0,,25.15,57579460,57605060,,,,,,,,,4032894,,,74436793,,,5223259,83990528,,,,,,,,,,,,,,160890,16857333,26385468,0
,,,,9161831,,,6962,奕力-KY,,,-127182,,,,,,,,,,,,,,,,,,,,2,上市,114,,,,,,0,,,,,,,,,,,,,,,,19428265,,,,19428265,,0,,39.46,7816045,13903045,,,,,,,,,4923966,,,8701374,,,5469650,28129639,,,,,,,,,,,,,,,885329,14226594,0
,,,,5550851,,,6965,中傑-KY,,,-1447546,,,,,,,,,,,,,,,,,,,,2,上市,114,,,,,,,,,,,,,,,,,,,,,,11268106,,,,11072076,,0,,71.09,6580335,12569940,,,,,,,,,1557500,,,6965454,,,5411271,18233560,,,,,,,,,,,,,,196030,385119,5663620,0
,,,,-230650,,,6969,成信實業*-創,,,,,,,,,,,,,,,,,,,,,,,2,上市,114,,,,,,0,,,,,,,,,,,,,,,,318711,,,,318711,,0,,8.36,289487,262439,,,,,,,,,549197,,,823519,,,164,1142230,,,,,,,,,,,,,,,534032,879791,0
,,,,-19881,,,6988,威力暘-創,,,-25764,,,,,,,,,,,,,,,,,,,,2,上市,114,,,,,,0,,,,,,,,,,,,,,,,740205,,,,740205,,0,,15.55,259660,785518,,,,,,,,,476000,,,489688,,,309850,1229893,,,,,,,,,,,,,,,230028,444375,0
,,,,116274,,,6994,富威電力,,,,,,,,,,,,,,,,,,,,,,,2,上市,114,,,,,,0,,,,,,,,,,,,,,,,1871715,,,,1871093,,0,,26.54,651525,1196013,,,,,,,,,705000,,,2862014,,,1049819,4733729,,,,,,,,,,,,,,622,2210489,3537716,0
,,,,46504,,,7610,聯友金屬-創,,,-1975,,,,,,,,,,,,,,,,,,,,2,上市,114,,,,,,0,,,,,,,,,,,,,,,,808389,,,,808389,,0,,23.32,965194,1144497,,,,,,,,,428000,,,1521361,,,335860,2329750,,,,,,,,,,,,,,,556167,1185253,0
,,,,256350,,,7631,聚賢研發-創,,,-14219,,,,,,,,,,,,,,,,,,,,2,上市,114,,,,,,,,,,,,,,,,,,,,,,760379,,,,760379,,0,,38.40,293856,984271,,,,,,,,,198000,,,429159,,,320248,1189538,,,,,,,,,,,,,,,135303,205267,0
,,,,460322,,,7689,大鵬科CLMX,,,-608,,,,,,,,,,,,,,,,,,,,2,上市,114,,,,,,,,,,,,,,,,,,,,,,971331,,,,971331,,0,,19.57,2417224,2672896,,,,,,,,,496287,,,4001733,,,15330,4973064,,,,,,,,,,,,,,,1584509,2300168,0
,,,,252648,,,7705,三商餐飲,,,-6495,,,,,,,,,,,,,,,,,,,,2,上市,114,,,,,,0,,,,,,,,,,,,,,,,1447620,,,,1447494,,0,,21.91,1622422,908712,,,,,,,,,660673,,,2305145,,,540668,3752765,,,,,,,,,,,,,,126,682723,2844053,0
,,,,694710,,,7711,永擎,,,-18797,,,,,,,,,,,,,,,,,,,,2,上市,114,0,,,,,,,,,,,,,,,,,,,,,1502264,,,,1502264,,0,,24.08,4924034,6283764,,,,,,,,,623947,,,4950659,,,202404,6452923,,,,,,,,,,,,,,0,26625,169159,0
,,,,102401,,,7721,微程式,,,-5779,,,,,,,,,,,,,,,,,,,,2,上市,114,,,,,,0,,,,,,,,,,,,,,,,930200,,,,930200,,0,,18.58,112705,883431,,,,,,,,,500578,,,276871,,,333000,1207071,,,,,,,,,,,,,,,164166,323640,0
,,,,1274128,,,7722,LINEPAY,,,-6903,,,,,,,,,,,,,,,,,,,,2,上市,114,,,,,,,,,,,,,,,,,,,,,,10447793,,,,10447793,,0,,153.64,7620360,17909602,,,,,,,,,680000,,,8839189,,,8500568,19286982,,,,,,,,,,,,,,,1218829,1377380,0
,,,,330615,,,7730,暉盛-創,,,-466,,,,,,,,,,,,,,,,,,,,2,上市,114,0,,,,,,,,,,,,,,,,,,,,,731857,,,,731857,,0,,25.36,199455,794505,,,,,,,,,346318,,,348654,,,55390,1080511,,,,,,,,,,,,,,0,149199,286006,0
,,,,425170,,,7732,金興精密,,,-45715,,,,,,,,,,,,,,,,,,,,2,上市,114,-55278,,,,,0,,,,,,,,,,,,,,,,1748016,,,,1748016,,1320000,,27.03,334838,1171085,,,,,,,,,660000,,,373522,,,763839,2121538,,,,,,,,,,,,,,,38684,950453,0
,,,,1921058,,,7736,虎山,,,-10320,,,,,,,,,,,,,,,,,,,,2,上市,114,-45388,,,,,,,,,,,,,,,,,,,,,3388554,,,,3388554,,425000,,44.84,825788,2992255,,,,,,,,,760000,,,996803,,,763204,4385357,,,,,,,,,,,,,,,171015,1393102,0
,,,,154443,,,7740,熙特爾-創,,,-3415,,,,,,,,,,,,,,,,,,,,2,上市,114,,,,,,,,,,,,,,,,,,,,,,1387129,,,,1205214,,0,,22.65,5464868,5855025,,,,,,,,,532000,,,5727789,,,522186,7114918,,,,,,,,,,,,,,181915,262921,1259893,0
,,,,250083,,,7749,意騰-KY,,,-61143,,,,,,,,,,,,,,,,,,,,2,上市,114,,,,,,0,,,,,,,,,,,,,,,,3352320,,,,3352320,,0,,72.12,213183,3348696,,,,,,,,,464857,,,229661,,,2698523,3581981,,,,,,,,,,,,,,,16478,233285,0
,,,,3761179,,,7750,新代,,,-417809,,,,,,,,,,,,,,,,,,,,2,上市,114,-7125,,,,,,,,,,,,,,,,,,,,,4930023,,,,4930023,,95000,,75.35,4686616,8915799,,,,,,,,,655230,,,5845801,,,938548,10775824,,,,,,,,,,,,,,,1159185,1860025,0
,,,,631449,,,7760,享溫馨,,,0,,,,,,,,,,,,,,,,,,,,2,上市,114,,,,,,,,,,,,,,,,,,,,,,1606265,,,,,,0,,32.92,313525,195226,,,,,,,,,488000,,,2683341,,,486816,4289606,,,,,,,,,,,,,,,2369816,4094380,0
,,,,345358,,,7765,中華資安,,,37133,,,,,,,,,,,,,,,,,,,,2,上市,114,,,,,,,,,,,,,,,,,,,,,,842381,,,,,,0,,22.77,993197,1495787,,,,,,,,,370022,,,1012403,,,89868,1854784,,,,,,,,,,,,,,,19206,358997,9000
,,,,141293,,,7768,頌勝科技,,,-28901,,,,,,,,,,,,,,,,,,,,2,上市,114,,,,,,0,,,,,,,,,,,,,,,,1661270,,,,1636261,,0,,27.27,1336290,2145410,,,,,,,,,600000,,,1515284,,,923869,3176554,,,,,,,,,,,,,,25009,178994,1031144,0
,,,,12580083,,,7769,鴻勁,,,50041,,,,,,,,,,,,,,,,,,,,2,上市,114,-20933,,,,,,,,,,,,,,,,,,,,,15103591,,,,15103591,,27000,,93.48,17584335,30292966,,,,,,,,,1616000,,,17683961,,,878400,32787552,,,,,,,,,,,,,,,99626,2494586,0
,,,,84053,,,7780,大研生醫*,,,-13711,,,,,,,,,,,,,,,,,,,,2,上市,114,,,,,,0,,,,,,,,,,,,,,,,1107426,,,,1107426,,0,,18.46,577139,1658385,,,,,,,,,600024,,,577627,,,437060,1685053,,,,,,,,,,,,,,,488,26668,0
,,,,2928150,,,7786,東方風能,,,,,,,,,,,,,,,,,,,,,,,2,上市,114,,,,,,0,,,,,,,,,,,,,,,,5637533,,,,,,0,,36.01,3416556,3411424,,,,,,,,,1565614,,,5264011,,,1143769,10901544,,,,,,,,,,,,,,,1847455,7490120,0
,,,,1295163,,,7788,松川精密,,,-108632,,,,,,,,,,,,,,,,,,,,2,上市,114,,,,,,,,,,,,,,,,,,,,,,4740103,,,,4736471,,0,,65.23,3098282,5348429,,,,,,,,,726160,,,4591625,,,2823780,9331728,,,,,,,,,,,,,,3632,1493343,3983299,0
,,,,736623,,,7791,皇家可口,,,1351846,,,,,,,,,,,,,,,,,,,,2,上市,114,,,,,,0,,,,,,,,,,,,,,,,2794784,,,,2794784,,0,,39.93,1071114,1087497,,,,,,,,,700000,,,1303611,,,6315,4098395,,,,,,,,,,,,,,0,232497,3010898,0
,,,,564016,,,7795,長廣,,,-394935,,,,,,,,,,,,,,,,,,,,2,上市,114,,,,,,,,,,,,,,,,,,,,,,1478024,,,,1478024,,0,,20.87,949240,2384759,,,,,,,,,708285,,,1222311,,,600658,2700335,,,,,,,,,,,,,,,273071,315576,0
,,,,-167284,,,7799,禾榮科,,,,,,,,,,,,,,,,,,,,,,,2,上市,114,,,,,,0,,,,,,,,,,,,,,,,1333625,,,,,,0,,9.48,29290,773437,,,,,,,,,1406895,,,55344,,,94014,1388969,,,,,,,,,,,,,,,26054,615532,0
,,,,-250892,,,7803,雲象科技-創,,,-1585,,,,,,,,,,,,,,,,,,,,2,上市,114,0,,,,,0,,,,,,,,,,,,,,,,683792,,,,683792,,0,,7.70,105428,692324,,,,,,,,,888589,,,133937,,,47680,817729,,,,,,,,,,,,,,,28509,125405,0
,,,,4611284,,,7818,溢泰實業,,,108911,,,,,,,,,,,,,,,,,,,,2,上市,114,,,,,,,,,,,,,,,,,,,,,,7171341,,,,7171341,,0,,47.83,6022882,8892165,,,,,,,,,1499460,,,7733710,,,951686,14905051,,,,,,,,,,,,,,0,1710828,6012886,0
,,,,215929,,,7821,神數,0,,6823,,,,,,,,,,,,,,,,,,,,2,上市,114,,,,,,0,,,,,,,,,,,,,,,,1904659,,,,1904659,,0,,17.41,3545671,5177935,,,,,,,,,1094133,,,3806164,,,587774,5710823,,,,,,,,,,,,,,,260493,532888,0
,,,,216684,,,7822,倍利科,,,,,,,,,,,,,,,,,,,,,,,2,上市,114,,,,,,,,,,,,,,,,,,,,,,655244,,,,647289,,0,,15.57,1143348,1681720,,,,,,,,,415608,,,1199456,,,14997,1854700,,,,,,,,,,,,,,7955,56108,172980,0
,,,,-3057258,,,7827,漢康-KY創,,,-130900,,,,,,,,,,,,,,,,,,,,2,上市,114,-73,,,,,0,,,,,,,,,,,,,,,,294681,,,,1681,,195360,,0.01,258399,462657,,,,,,,,,1200179,,,259496,,,1989733,554177,,,,,,,,,,,,,,293000,1097,91520,17908
,,,,3960129,,,7855,和運租車,0,,-369964,,,,,,,,,,,,,,,,,,,,2,上市,114,,,,,,0,,,,,,,,,,,,,,,,5831939,,,,5566252,,0,,28.91,36110166,4570767,,,,,,,,,1925279,,,55671152,,,50808,61503091,,,,,,,,,,,,,,265687,19560986,56932324,0
,,,,279739,,,8011,台通,,,-4190,,,,,,,,,,,,,,,,,,,,2,上市,114,0,,,,,,,,,,,,,,,,,,,,,3821384,,,,3154660,,0,,19.01,799358,1732160,,,,,,,,,1659219,,,3213614,,,1219892,7034998,,,,,,,,,,,,,,666724,2414256,5302838,0
,,,,7900048,,,8016,矽創,,,-104763,,,,,,,,,,,,,,,,,,,,2,上市,114,-103713,,,,,,,,,,,,,,,,,,,,,14969075,,,,10986847,,1164000,,92.35,6118548,15785944,,,,,,,,,1201369,,,6418660,,,2093906,21387735,,,,,,,,,,,,,,3982228,300112,5601791,0
,,,,2108961,,,8021,尖點,,,-521692,,,,,,,,,,,,,,,,,,,,2,上市,114,-22286,,,,,,,,,,,,,,,,,,,,,4767082,,,,4215660,,808000,,29.82,1905084,4503847,,,,,,,,,1421805,,,2283663,,,1228872,7050745,,,,,,,,,,,,,,551422,378579,2546898,0
,,,,960741,,,8028,昇陽半導體,,,,,,,,,,,,,,,,,,,,,,,2,上市,114,,,,,,0,,,,,,,,,,,,,,,,4344342,,,,,,0,,25.17,1792839,2045832,,,,,,,,,1726302,,,6043309,,,1657299,10387651,,,,,,,,,,,,,,,4250470,8341819,0
,,,,-430071,,,8033,雷虎,,,-15194,,,,,,,,,,,,,,,,,,,,2,上市,114,,,,,,,,,,,,,,,,,,,,,,2026009,,,,1853640,,0,,12.14,719902,1992356,,,,,,,,,1526298,,,1112371,,,772607,3138380,,,,,,,,,,,,,,172369,392469,1146024,0
,,,,5068677,,,8039,台虹,,,-191466,,,,,,,,,,,,,,,,,,,,2,上市,114,,,,,,,,,,,,,,,,,,,,,,9868851,,,,9781029,,0,,38.09,4142220,9303345,,,,,,,,,2567660,,,5084273,,,2336158,14953124,,,,,,,,,,,,,,87822,942053,5649779,115000
,,,,203151,,,8045,達運光電,,,-37171,,,,,,,,,,,,,,,,,,,,2,上市,114,,,,,,0,,,,,,,,,,,,,,,,1926219,,,,1925730,,0,,20.27,668707,2232889,,,,,,,,,951029,,,900335,,,808721,2826554,,,,,,,,,,,,,,489,231628,593665,1061000
,,,,20561399,,,8046,南電,,,-1838959,,,,,,,,,,,,,,,,,,,,2,上市,114,,,,,,0,,,,,,,,,,,,,,,,43309727,,,,43309727,,0,,67.03,6544212,19919878,,,,,,,,,6461655,,,15829355,,,18125632,59139082,,,,,,,,,,,,,,,9285143,39219204,0
,,,,4374251,,,8070,長華*,,,4416254,,,,,,,,,,,,,,,,,,,,2,上市,114,-717403,,,,,,,,,,,,,,,,,,,,,19082945,,,,14964926,,20858024,,21.23,8568747,18374403,,,,,,,,,725648,,,18626904,,,6166176,37709849,,,,,,,,,,,,,,4118019,10058157,19335446,0
,,,,1399628,,,8072,陞泰,,,-5316,,,,,,,,,,,,,,,,,,,,2,上市,114,,,,,,,,,,,,,,,,,,,,,,2288405,,,,2211738,,0,,27.65,322856,1660242,,,,,,,,,800000,,,351548,,,17426,2639953,,,,,,,,,,,,,,76667,28692,979711,0
,,,,4506168,,,8081,致新,,,395000,,,,,,,,,,,,,,,,,,,,2,上市,114,-47131,,,,,0,,,,,,,,,,,,,,,,8297282,,,,7139468,,443433,,83.28,3564575,8879057,,,,,,,,,861721,,,3837140,,,1423710,12134422,,,,,,,,,,,,,,1157814,272565,3255365,0
,,,,-281006,,,8101,華冠,,,-32019,,,,,,,,,,,,,,,,,,,,2,上市,114,,,,,,,,,,,,,,,,,,,,,,131235,,,,107901,,0,,3.30,281212,125072,,,,,,,,,326662,,,410002,,,94264,541237,,,,,,,,,,,,,,23334,128790,416165,0
,,,,1897922,,,8103,瀚荃,,,-433640,,,,,,,,,,,,,,,,,,,,2,上市,114,-93009,,,,,,,,,,,,,,,,,,,,,3327590,,,,3324359,,2000000,,36.82,1552230,4241859,,,,,,,,,922784,,,2027455,,,1030302,5355045,,,,,,,,,,,,,,3231,475225,1113186,0
,,,,319129,,,8104,錸寶,,,-33085,,,,,,,,,,,,,,,,,,,,2,上市,114,-51486,,,,,,,,,,,,,,,,,,,,,2834217,,,,2512192,,1000000,,27.71,2210285,2997280,,,,,,,,,925582,,,4246231,,,1352052,7080448,,,,,,,,,,,,,,322025,2035946,4083168,0
,,,,755260,,,8105,凌巨,,,-132231,,,,,,,,,,,,,,,,,,,,2,上市,114,,,,,,,,,,,,,,,,,,,,,,7657460,,,,7657460,,0,,17.34,2718794,5019670,,,,,,,,,4415449,,,3009331,,,2618982,10666791,,,,,,,,,,,,,,,290537,5647121,0
,,,,3813714,,,8110,華東,,,560601,,,,,,,,,,,,,,,,,,,,2,上市,114,-207468,,,,,,,,,,,,,,,,,,,,,10475477,,,,9805707,,12000000,,19.39,3471648,6410750,,,,,,,,,5177399,,,5274869,,,461461,15750346,,,,,,,,,,,,,,669770,1803221,9339596,0
,,,,4104208,,,8112,至上,,,-864766,,,,,,,,,,,,,,,,,,,,2,上市,114,-112193,,,,,,,,,,,,,,,,,,,,,17097375,,,,16008184,,3000000,,28.99,26144054,51467950,,,,,,,,,5552917,,,35748856,,,7328018,52846231,,,,,,,,,,,,,,1089191,9604802,1378281,0
,,,,3463686,,,8114,振樺電,,,-358958,,,,,,,,,,,,,,,,,,,,2,上市,114,,,,,,0,,,,,,,,,,,,,,,,8412245,,,,4724356,,0,,61.85,5680411,11695222,,,,,,,,,763848,,,11025432,,,855780,19437677,,,,,,,,,,,,,,3687889,5345021,7742455,0
,,,,5317866,,,8131,福懋科,,,-1907433,,,,,,,,,,,,,,,,,,,,2,上市,114,,,,,,,,,,,,,,,,,,,,,,10244263,,,,,,0,,23.17,1441999,8938162,,,,,,,,,4422222,,,1941503,,,2411608,12185766,,,,,,,,,,,,,,,499504,3247604,0
,,,,10254447,,,8150,南茂,,,63812,,,,,,,,,,,,,,,,,,,,2,上市,114,-219622,,,,,0,,,,,,,,,,,,,,,,23256038,,,,23256038,,7716000,,32.78,10131067,23149785,,,,,,,,,7172401,,,20265060,,,5985000,43521098,,,,,,,,,,,,,,,10133993,20371313,0
,,,,486081,,,8162,微矽電子-創,,,-2647,,,,,,,,,,,,,,,,,,,,2,上市,114,,,,,,0,,,,,,,,,,,,,,,,1432876,,,,,,0,,20.86,396241,698190,,,,,,,,,687020,,,1063100,,,262422,2495976,,,,,,,,,,,,,,,666859,1797786,0
,,,,3544692,,,8163,達方,,,-826104,,,,,,,,,,,,,,,,,,,,2,上市,114,-89024,,,,,0,,,,,,,,,,,,,,,,12311259,,,,9542373,,4000000,,34.57,14711195,19866174,,,,,,,,,2800000,,,19887655,,,4112809,32198914,,,,,,,,,,,,,,2768886,5176460,12332740,0
,,,,-59125,,,8201,無敵,,,-101816,,,,,,,,,,,,,,,,,,,,2,上市,114,,,,,,,,,,,,,,,,,,,,,,462722,,,,462722,,0,,7.42,165045,472751,,,,,,,,,623663,,,207068,,,0,669790,,,,,,,,,,,,,,,42023,197039,0
,,,,6279756,,,8210,勤誠,,,-501712,,,,,,,,,,,,,,,,,,,,2,上市,114,,,,,,0,,,,,,,,,,,,,,,,7510833,,,,7394743,,0,,61.12,9234676,12886587,,,,,,,,,1210785,,,11753740,,,405914,19264573,,,,,,,,,,,,,,116090,2519064,6377986,0
,,,,10623536,,,8213,志超,,,-2119381,,,,,,,,,,,,,,,,,,,,2,上市,114,,,,,,0,,,,,,,,,,,,,,,,14676669,,,,14092274,,0,,51.95,11554356,19225365,,,,,,,,,2712425,,,13686042,,,2875694,28362711,,,,,,,,,,,,,,584395,2131686,9137346,0
,,,,2155640,,,8215,明基材,,,-236215,,,,,,,,,,,,,,,,,,,,2,上市,114,,,,,,0,,,,,,,,,,,,,,,,7714082,,,,5317224,,0,,16.58,7728156,8305627,,,,,,,,,3206745,,,14541680,,,191054,22255762,,,,,,,,,,,,,,2396858,6813524,13950135,0
,,,,125822,,,8222,寶一,,,0,,,,,,,,,,,,,,,,,,,,2,上市,114,,,,,,,,,,,,,,,,,,,,,,864821,,,,,,0,,12.61,564200,1068127,,,,,,,,,685735,,,1271279,,,53264,2136100,,,,,,,,,,,,,,,707079,1067973,0
,,,,2072444,,,8249,菱光,,,1030325,,,,,,,,,,,,,,,,,,,,2,上市,114,-95155,,,,,0,,,,,,,,,,,,,,,,5501035,,,,5500799,,2837800,,40.75,2505382,4125283,,,,,,,,,1378245,,,2640835,,,1114940,8141870,,,,,,,,,,,,,,236,135453,4016587,0
,,,,1371440,,,8261,富鼎,,,-84349,,,,,,,,,,,,,,,,,,,,2,上市,114,,,,,,,,,,,,,,,,,,,,,,5487847,,,,5488279,,0,,46.20,1130724,5393084,,,,,,,,,1187925,,,1133560,,,3013263,6621407,,,,,,,,,,,,,,-432,2836,1228323,0
,,,,2094770,,,8271,宇瞻,,,-116414,,,,,,,,,,,,,,,,,,,,2,上市,114,-28793,,,,,0,,,,,,,,,,,,,,,,4468210,,,,4360092,,600000,,34.03,2658221,5818058,,,,,,,,,1287292,,,2745308,,,1123237,7213518,,,,,,,,,,,,,,108118,87087,1395460,0
,,,,1175749,,,8341,日友,,,-374601,,,,,,,,,,,,,,,,,,,,2,上市,114,,,,,,0,,,,,,,,,,,,,,,,5120729,,,,4689575,,0,,36.07,1863332,1716165,,,,,,,,,1300000,,,4696958,,,2588427,9817687,,,,,,,,,,,,,,431154,2833626,8101522,0
,,,,1532881,,,8367,建新國際,,,-13338,,,,,,,,,,,,,,,,,,,,2,上市,114,,,,,,,,,,,,,,,,,,,,,,4472113,,,,3241123,,0,,35.16,2727222,2116841,,,,,,,,,921720,,,12608217,,,799860,17080330,,,,,,,,,,,,,,1230990,9880995,14963489,0
,,,,609023,,,8374,羅昇,,,-77631,,,,,,,,,,,,,,,,,,,,2,上市,114,,,,,,0,,,,,,,,,,,,,,,,2883970,,,,2032871,,0,,18.11,1294015,2825596,,,,,,,,,1122505,,,2070363,,,378974,4954333,,,,,,,,,,,,,,851099,776348,2128737,0
,,,,2123485,,,8404,百和興業-KY,,,-1109223,,,,,,,,,,,,,,,,,,,,2,上市,114,,,,,,,,,,,,,,,,,,,,,,6229625,,,,6229172,,0,,15.58,7091376,5666179,,,,,,,,,4199338,,,10732656,,,1015572,16962281,,,,,,,,,,,,,,453,3641280,11296102,0
,,,,1701072,,,8411,福貞-KY,,,-1100543,,,,,,,,,,,,,,,,,,,,2,上市,114,,,,,,0,,,,,,,,,,,,,,,,5420911,,,,5274369,,0,,24.15,5136429,5183676,,,,,,,,,2184043,,,7223003,,,2489797,12643914,,,,,,,,,,,,,,146542,2086574,7460238,0
,,,,4218343,,,8422,可寧衛*,,,-15208,,,,,,,,,,,,,,,,,,,,2,上市,114,,,,,,,,,,,,,,,,,,,,,,7462232,,,,6828269,,0,,61.03,3693159,4109559,,,,,,,,,1127909,,,12730683,,,1497225,20192915,,,,,,,,,,,,,,633963,9037524,16083356,0
,,,,3286663,,,8429,金麗-KY,,,-965538,,,,,,,,,,,,,,,,,,,,2,上市,114,,,,,,,,,,,,,,,,,,,,,,5796567,,,,5796049,,0,,31.20,95848,5654578,,,,,,,,,1857472,,,637383,,,1617452,6433950,,,,,,,,,,,,,,518,541535,779372,0
,,,,488115,,,8438,昶昕,,,-70260,,,,,,,,,,,,,,,,,,,,2,上市,114,,,,,,,,,,,,,,,,,,,,,,1738101,,,,1738101,,0,,24.85,833032,1196903,,,,,,,,,699430,,,1162911,,,620816,2901012,,,,,,,,,,,,,,,329879,1704109,0
,,,,1446399,,,8442,威宏-KY,,,-358340,,,,,,,,,,,,,,,,,,,,2,上市,114,,,,,,0,,,,,,,,,,,,,,,,3243311,,,,3243311,,0,,47.45,2738689,5004794,,,,,,,,,683491,,,3260467,,,1471761,6503778,,,,,,,,,,,,,,,521778,1498984,0
,,,,-32997,,,8443,阿瘦,,,0,,,,,,,,,,,,,,,,,,,,2,上市,114,,,,,,0,,,,,,,,,,,,,,,,731353,,,,731225,,0,,10.95,660872,848016,,,,,,,,,668000,,,1001549,,,96222,1732902,,,,,,,,,,,,,,128,340677,884886,0
,,,,4018775,,,8454,富邦媒,,,-183349,,,,,,,,,,,,,,,,,,,,2,上市,114,,,,,,,,,,,,,,,,,,,,,,8291520,,,,8208758,,0,,32.53,18023776,13539826,,,,,,,,,2649753,,,20509762,,,1723579,28801282,,,,,,,,,,,,,,82762,2485986,15261456,0
,,,,434695,,,8462,柏文,,,-31018,,,,,,,,,,,,,,,,,,,,2,上市,114,0,,,,,10000,,,,,,,,,,,,,,,,1986274,,,,1976084,,0,,24.92,3043285,1788719,,,,,,,,,792961,,,9354812,,,779446,11341086,,,,,,,,,,,,,,10190,6311527,9552367,0
,,,,278552,,,8463,潤泰材,,,-202124,,,,,,,,,,,,,,,,,,,,2,上市,114,,,,,,0,,,,,,,,,,,,,,,,2831325,,,,2322446,,0,,15.48,3690622,3563310,,,,,,,,,1500000,,,7006520,,,746018,9837845,,,,,,,,,,,,,,508879,3315898,6274535,0
,,,,18446911,,,8464,億豐,,,-729983,,,,,,,,,,,,,,,,,,,,2,上市,114,,,,,,,,,,,,,,,,,,,,,,25645501,,,,25219137,,0,,86.07,5808468,21384054,,,,,,,,,2930202,,,8812623,,,4572007,34458124,,,,,,,,,,,,,,426364,3004155,13074070,0
,,,,799199,,,8466,美吉吉-KY,,,-261478,,,,,,,,,,,,,,,,,,,,2,上市,114,-21450,,,,,,,,,,,,,,,,,,,,,2911169,,,,2911169,,380000,,36.64,1504430,3275798,,,,,,,,,798256,,,3741633,,,1596642,6652802,,,,,,,,,,,,,,0,2237203,3377004,0
,,,,1791166,,,8467,波力-KY,,,-424666,,,,,,,,,,,,,,,,,,,,2,上市,114,-249854,,,,,,,,,,,,,,,,,,,,,2588059,,,,2592701,,1458000,,51.47,968554,2679530,,,,,,,,,518316,,,1610148,,,957739,4198207,,,,,,,,,,,,,,-4642,641594,1518677,0
,,,,387717,,,8473,山林水,,,-95130,,,,,,,,,,,,,,,,,,,,2,上市,114,,,,,,0,,,,,,,,,,,,,,,,7993678,,,,6637337,,0,,36.70,4148419,6357049,,,,,,,,,1808524,,,8012811,,,4536226,16006489,,,,,,,,,,,,,,1356341,3864392,9649440,0
,,,,613928,,,8476,台境*,,,4126,,,,,,,,,,,,,,,,,,,,2,上市,114,-75003,,,,,0,,,,,,,,,,,,,,,,1861341,,,,1826647,,3335000,,11.21,1836117,3141649,,,,,,,,,831132,,,1990361,,,452464,3851702,,,,,,,,,,,,,,34694,154244,710053,0
,,,,3832922,,,8478,東哥遊艇,,,-297624,,,,,,,,,,,,,,,,,,,,2,上市,114,-46442,,,,,,,,,,,,,,,,,,,,,7774332,,,,7774332,,914000,,82.73,2541363,10919052,,,,,,,,,948863,,,6623359,,,3336613,14397691,,,,,,,,,,,,,,,4081996,3478639,0
,,,,823225,,,8481,政伸,,,-115193,,,,,,,,,,,,,,,,,,,,2,上市,114,,,,,,,,,,,,,,,,,,,,,,1520946,,,,1520946,,0,,22.84,331969,1335197,,,,,,,,,666019,,,337920,,,146895,1858866,,,,,,,,,,,,,,,5951,523669,0
,,,,1076785,,,8482,商億-KY,,,-442517,,,,,,,,,,,,,,,,,,,,2,上市,114,-262436,,,,,,,,,,,,,,,,,,,,,2788157,,,,2715011,,2361000,,25.84,1652993,2075055,,,,,,,,,1074440,,,1668914,,,1268739,4457071,,,,,,,,,,,,,,73146,15921,2382016,0
,,,,135720,,,8487,愛爾達-創,,,,,,,,,,,,,,,,,,,,,,,2,上市,114,,,,,,,,,,,,,,,,,,,,,,616746,,,,,,0,,23.24,362355,941956,,,,,,,,,265350,,,369666,,,215676,986412,,,,,,,,,,,,,,,7311,44456,0
,,,,325186,,,8488,吉源-KY,,,-580041,,,,,,,,,,,,,,,,,,,,2,上市,114,,,,,,,,,,,,,,,,,,,,,,2174463,,,,2174463,,0,,29.58,2004322,1959325,,,,,,,,,735000,,,2318292,,,1694318,4492755,,,,,,,,,,,,,,,313970,2533430,0
,,,,2359697,,,8499,鼎炫-KY,,,-664860,,,,,,,,,,,,,,,,,,,,2,上市,114,-45375,,,,,,,,,,,,,,,,,,,,,9952952,,,,7171606,,320000,,174.21,933670,8360036,,,,,,,,,414856,,,1223800,,,5107288,11176752,,,,,,,,,,,,,,2781346,290130,2816716,0
,,,,5182726,,,8926,台汽電,,,-52864,,,,,,,,,,,,,,,,,,,,2,上市,114,,,,,,,,,,,,,,,,,,,,,,15054601,,,,15054601,,0,,20.61,10125322,9365096,,,,,,,,,7302820,,,13250008,,,2621919,28304609,,,,,,,,,,,,,,0,3124686,18939513,0
,,,,-12323,,,8940,新天地,,,,,,,,,,,,,,,,,,,,,,,2,上市,114,,,,,,,,,,,,,,,,,,,,,,884715,,,,790050,,0,,11.71,354763,349607,,,,,,,,,674910,,,1129219,,,127463,2013934,,,,,,,,,,,,,,94665,774456,1664327,0
,,,,1129382,,,8996,高力,,,-4629,,,,,,,,,,,,,,,,,,,,2,上市,114,-118088,,,,,,,,,,,,,,,,,,,,,3168652,,,,3168652,,500000,,34.83,2333957,3968415,,,,,,,,,914714,,,3125879,,,1247273,6294531,,,,,,,,,,,,,,,791922,2326116,0
,,,,5864871,,,9802,鈺齊-KY,,,-1993407,,,,,,,,,,,,,,,,,,,,2,上市,114,0,,,,,0,,,,,,,,,,,,,,,,12504689,,,,12487009,,0,,62.13,5877780,9288428,,,,,,,,,2009917,,,7861481,,,6605628,20366170,,,,,,,,,,,,,,17680,1983701,11077742,0
,,,,213018,,,9902,台火,,,0,,,,,,,,,,,,,,,,,,,,2,上市,114,0,,,,,,,,,,,,,,,,,,,,,1246633,,,,1243061,,0,,12.68,73993,596890,,,,,,,,,980496,,,107859,,,49547,1354492,,,,,,,,,,,,,,3572,33866,757602,0
,,,,114326734,,,9904,寶成,,,-29728834,,,,,,,,,,,,,,,,,,,,2,上市,114,,,,,,,,,,,,,,,,,,,,,,194104693,,,,118583612,,0,,40.24,85510982,159445020,,,,,,,,,29467872,,,127891729,,,4517840,321996422,,,,,,,,,,,,,,75521081,42380747,162551402,0
,,,,4197156,,,9905,大華,,,144895,,,,,,,,,,,,,,,,,,,,2,上市,114,0,,,,,0,,,,,,,,,,,,,,,,7659957,,,,7416482,,0,,24.32,2897451,8931638,,,,,,,,,3050000,,,3345924,,,24431,11005881,,,,,,,,,,,,,,243475,448473,2074243,0
,,,,88511,,,9906,欣巴巴,,,0,,,,,,,,,,,,,,,,,,,,2,上市,114,,,,,,,,,,,,,,,,,,,,,,1207427,,,,1207427,,0,,13.36,6321387,8517826,,,,,,,,,903763,,,7639707,,,215153,8847134,,,,,,,,,,,,,,,1318320,329308,0
,,,,5630220,,,9907,統一實,,,-2936396,,,,,,,,,,,,,,,,,,,,2,上市,114,,,,,,0,,,,,,,,,,,,,,,,19559054,,,,18718345,,0,,11.85,8553614,15331281,,,,,,,,,15791453,,,14527696,,,233068,34086750,,,,,,,,,,,,,,840709,5974082,18755469,0
,,,,5503710,,,9908,大台北,,,2561999,,,,,,,,,,,,,,,,,,,,2,上市,114,-17944,,,,,,,,,,,,,,,,,,,,,14767337,,,,13340516,,15493101,,26.63,2868860,7736960,,,,,,,,,5163580,,,6195937,,,129171,20963274,,,,,,,,,,,,,,1426821,3327077,13226314,0
,,,,13388364,,,9910,豐泰,,,-2401357,,,,,,,,,,,,,,,,,,,,2,上市,114,,,,,,,,,,,,,,,,,,,,,,22637520,,,,20909204,,0,,21.17,17142729,22013502,,,,,,,,,9874828,,,26628546,,,47369,49266066,,,,,,,,,,,,,,1728316,9485817,27252564,0
,,,,3719794,,,9911,櫻花,,,72943,,,,,,,,,,,,,,,,,,,,2,上市,114,-21248,,,,,,,,,,,,,,,,,,,,,6206809,,,,6135893,,2312932,,28.04,3130813,5160861,,,,,,,,,2211212,,,3886939,,,153192,10093748,,,,,,,,,,,,,,70916,756126,4932887,0
,,,,-87134,,,9912,偉聯,,,-106984,,,,,,,,,,,,,,,,,,,,2,上市,114,0,,,,,,,,,,,,,,,,,,,,,394518,,,,381280,,0,,7.04,446751,452591,,,,,,,,,541706,,,469638,,,33692,864156,,,,,,,,,,,,,,13238,22887,411565,0
,,,,14694500,,,9914,美利達,,,-1039270,,,,,,,,,,,,,,,,,,,,2,上市,114,,,,,,0,,,,,,,,,,,,,,,,18794777,,,,17730066,,0,,59.30,11851782,16183230,,,,,,,,,2989838,,,16465349,,,1084998,35260126,,,,,,,,,,,,,,1064711,4613567,19076896,0
,,,,6800800,,,9917,中保科,,,-225584,,,,,,,,,,,,,,,,,,,,2,上市,114,-216455,,,,,,,,,,,,,,,,,,,,,12525947,,,,12036459,,7165805,,27.11,10199056,11127028,,,,,,,,,4511971,,,17990128,,,1165727,30516075,,,,,,,,,,,,,,489488,7791072,19389047,0
,,,,1323005,,,9918,欣天然,,,0,,,,,,,,,,,,,,,,,,,,2,上市,114,-46828,,,,,0,,,,,,,,,,,,,,,,3164933,,,,3164933,,2527863,,17.78,1325276,2321142,,,,,,,,,1805375,,,2875272,,,83381,6040205,,,,,,,,,,,,,,0,1549996,3719063,0
,,,,402818,,,9919,康那香,,,44105,,,,,,,,,,,,,,,,,,,,2,上市,114,,,,,,0,,,,,,,,,,,,,,,,2427540,,,,2427540,,0,,12.43,1839729,2811333,,,,,,,,,1953628,,,3775950,,,26989,6203490,,,,,,,,,,,,,,,1936221,3392157,0
,,,,26071296,,,9921,巨大,,,-2775187,,,,,,,,,,,,,,,,,,,,2,上市,114,,,,,,,,,,,,,,,,,,,,,,34594269,,,,31983631,,0,,81.58,27441280,47256408,,,,,,,,,3920654,,,36375050,,,4766868,70969319,,,,,,,,,,,,,,2610638,8933770,23712911,0
,,,,4616484,,,9924,福興,,,-247315,,,,,,,,,,,,,,,,,,,,2,上市,114,,,,,,0,,,,,,,,,,,,,,,,6868725,,,,6820804,,0,,36.19,1598319,4986898,,,,,,,,,1884521,,,1979184,,,567114,8847909,,,,,,,,,,,,,,47921,380865,3861011,0
,,,,5613878,,,9925,新保,,,2076978,,,,,,,,,,,,,,,,,,,,2,上市,114,-39521,,,,,,,,,,,,,,,,,,,,,12760650,,,,11683900,,3283811,,30.41,5978695,10169959,,,,,,,,,3874896,,,6698426,,,157669,19459076,,,,,,,,,,,,,,1076750,719731,9289117,0
,,,,1508217,,,9926,新海,,,695959,,,,,,,,,,,,,,,,,,,,2,上市,114,,,,,,,,,,,,,,,,,,,,,,3999217,,,,3999217,,0,,22.28,2565990,3750096,,,,,,,,,1795041,,,4886062,,,,8885279,,,,,,,,,,,,,,,2320072,5135183,0
,,,,3468366,,,9927,泰銘,,,-567132,,,,,,,,,,,,,,,,,,,,2,上市,114,,,,,,,,,,,,,,,,,,,,,,5576593,,,,5549749,,0,,33.17,1301149,6190649,,,,,,,,,1673185,,,1601515,,,975330,7178108,,,,,,,,,,,,,,26844,300366,987459,0
,,,,1077949,,,9928,中視,,,320209,,,,,,,,,,,,,,,,,,,,2,上市,114,,,,,,,,,,,,,,,,,,,,,,2173289,,,,2173260,,0,,30.73,1683632,325391,,,,,,,,,707246,,,3116931,,,67856,5290220,,,,,,,,,,,,,,29,1433299,4964829,0
,,,,-73905,,,9929,秋雨,,,-142186,,,,,,,,,,,,,,,,,,,,2,上市,114,,,,,,,,,,,,,,,,,,,,,,813257,,,,796709,,0,,7.87,327769,494521,,,,,,,,,1012800,,,1024975,,,,1838232,,,,,,,,,,,,,,16548,697206,1343711,0
,,,,3548452,,,9930,中聯資源,,,-214822,,,,,,,,,,,,,,,,,,,,2,上市,114,,,,,,,,,,,,,,,,,,,,,,6196106,,,,5981432,,0,,24.07,3304291,2984104,,,,,,,,,2485404,,,5289007,,,162398,11485113,,,,,,,,,,,,,,214674,1984716,8501009,0
,,,,1206434,,,9931,欣高,,,526797,,,,,,,,,,,,,,,,,,,,2,上市,114,,,,,,0,,,,,,,,,,,,,,,,3040243,,,,2967037,,0,,24.65,2363207,2163270,,,,,,,,,1203693,,,3457368,,,30113,6497611,,,,,,,,,,,,,,73206,1094161,4334341,0
,,,,4075994,,,9933,中鼎,,,-2907544,,,,,,,,,,,,,,,,,,,,2,上市,114,-11835,,,,,53920,,,,,,,,,,,,,,,,21323840,,,,16644026,,1257634,,20.55,65952235,69846831,,,,,,,,,8924935,,,95934379,,,6562476,117258219,,,,,,,,,,,,,,4679814,29982144,47411388,0
,,,,1341587,,,9934,成霖,,,-863116,,,,,,,,,,,,,,,,,,,,2,上市,114,,,,,,,,,,,,,,,,,,,,,,5585220,,,,5585220,,0,,13.59,8143049,9921363,,,,,,,,,4110170,,,10163765,,,996579,15748985,,,,,,,,,,,,,,,2020716,5827622,0
,,,,666170,,,9935,慶豐富,,,-304159,,,,,,,,,,,,,,,,,,,,2,上市,114,0,,,,,,,,,,,,,,,,,,,,,2251498,,,,2251498,,0,,12.66,2426146,3745894,,,,,,,,,1778389,,,5197914,,,111098,7449412,,,,,,,,,,,,,,,2771768,3703518,0
,,,,2272140,,,9937,全國,,,-9078,,,,,,,,,,,,,,,,,,,,2,上市,114,,,,,,0,,,,,,,,,,,,,,,,5377557,,,,5377557,,0,,17.40,4991933,1121603,,,,,,,,,3090430,,,7021175,,,24065,12398732,,,,,,,,,,,,,,0,2029242,11277129,0
,,,,9024815,,,9938,百和,,,-793244,,,,,,,,,,,,,,,,,,,,2,上市,114,,,,,,0,,,,,,,,,,,,,,,,15078351,,,,11953450,,0,,40.12,9750086,10858950,,,,,,,,,2979639,,,15553632,,,742240,30631983,,,,,,,,,,,,,,3124901,5803546,19773033,0
,,,,10956869,,,9939,宏全,,,-4353140,,,,,,,,,,,,,,,,,,,,2,上市,114,,,,,,,,,,,,,,,,,,,,,,17113591,,,,16370442,,0,,55.35,13803287,15243522,,,,,,,,,2957865,,,25460372,,,6808848,42573963,,,,,,,,,,,,,,743149,11657085,27330441,0
,,,,5530195,,,9940,信義,,,-1418802,,,,,,,,,,,,,,,,,,,,2,上市,114,,,,,,,,,,,,,,,,,,,,,,11664806,,,,11543648,,0,,15.67,10282792,18856334,,,,,,,,,7368465,,,20523698,,,63790,32188504,,,,,,,,,,,,,,121158,10240906,13332170,0
,,,,17024379,,,9941,裕融,,,-913702,,,,,,,,,,,,,,,,,,,,2,上市,114,,,,,,,,,,,,,,,,,,,,,,37889649,,,,37403292,,0,,57.70,234221471,236100288,,,,,,,,,6756363,,,246293057,,,14536252,284182706,,,,,,,,,,,,,,486357,12071586,48082418,0
,,,,3003451,,,9942,茂順,,,-295420,,,,,,,,,,,,,,,,,,,,2,上市,114,,,,,,0,,,,,,,,,,,,,,,,3758120,,,,3754387,,0,,45.15,1266821,3291192,,,,,,,,,831613,,,1754499,,,214743,5512619,,,,,,,,,,,,,,3733,487678,2221427,0
,,,,2439163,,,9943,好樂迪,,,-53889,,,,,,,,,,,,,,,,,,,,2,上市,114,0,,,,,0,,,,,,,,,,,,,,,,3657104,,,,3637273,,0,,29.06,1272089,1858395,,,,,,,,,1251715,,,2106168,,,284,5763272,,,,,,,,,,,,,,19831,834079,3904877,0
,,,,2069852,,,9944,新麗,0,,-92497,,,,,,,,,,,,,,,,,,,,2,上市,114,0,,,,,,,,,,,,,,,,,,,,0,3333399,,,,3260940,,0,,30.79,1591785,2891793,,,,,,,,,1059081,,,2495115,,,224504,5828514,,,,,,,,,,,,,,72459,903330,2936721,0
,,,,88296114,,,9945,潤泰新,,,-50709091,,,,,,,,,,,,,,,,,,,,2,上市,114,-81449,,,,,0,,,,,,,,,,,,,,,,93057370,,,,83772350,,9713457,,29.55,31410129,47172551,,,,,,,,,28442251,,,87484214,,,17824525,180541584,,,,,,,,,,,,,,9285020,56074085,133369033,0
,,,,2769993,,,9946,三發地產,,,117055,,,,,,,,,,,,,,,,,,,,2,上市,114,-44948,,,,,0,,,,,,,,,,,,,,,,6143382,,,,6143382,,2130000,,18.94,6860607,15990133,,,,,,,,,3265542,,,11662332,,,35740,17805714,,,,,,,,,,,,,,,4801725,1815581,0
,,,,-866523,,,9955,佳龍,,,-45116,,,,,,,,,,,,,,,,,,,,2,上市,114,,,,,,,,,,,,,,,,,,,,,,1126380,,,,1126380,,0,,10.78,157662,466544,,,,,,,,,1044757,,,1534076,,,993262,2660456,,,,,,,,,,,,,,,1376414,2193912,0
,,,,3372327,,,9958,世紀鋼,,,-13531,,,,,,,,,,,,,,,,,,,,2,上市,114,-1710613,,,,,,,,,,,,,,,,,,,,,20529503,,,,10738647,,8659000,,43.26,9838169,20356910,,,,,,,,,2568967,,,21783211,,,6521497,42312714,,,,,,,,,,,,,,9790856,11945042,21955804,0
