不動產及設備,不動產及設備－淨額,使用權資產,使用權資產－淨額,保留盈餘,保留盈餘（或累積虧損）,保險負債,公司代號,公司名稱,共同控制下前手權益,其他借款,其他權益,其他負債,其他資產,其他資產－淨額,其他金融負債,其他金融資產－淨額,具金融商品性質之保險契約準備,再保險合約資產,再保險合約資產－淨額,分離帳戶保險商品負債,分離帳戶保險商品資產,受限制資產－淨額,合併前非屬共同控制股權,外匯價格變動準備,央行及同業融資,央行及金融同業存款,央行及銀行同業存款,存放央行及拆借金融同業,存放央行及拆借銀行同業,存款及匯款,季別,市場,年度,庫藏股票,待出售資產,待出售資產－淨額,待分配予業主之資產（或處分群組）,待分配予業主之資產－淨額,待註銷股本股數（單位：股）,應付債券,應付公司債,應付商業本票－淨額,應付款項,應付金融債券,應收款項,應收款項－淨額,投資,投資性不動產投資－淨額,投資性不動產－淨額,按攤銷後成本衡量之債務工具投資,採用權益法之投資－淨額,本期所得稅負債,本期所得稅資產,權益─具證券性質之虛擬通貨,權益總計,權益總額,權益－具證券性質之虛擬通貨,歸屬於母公司業主之權益,歸屬於母公司業主之權益合計,歸屬於母公司業主權益合計,母公司暨子公司所持有之母公司庫藏股股數（單位：股）,母公司暨子公司持有之母公司庫藏股股數（單位：股）,每股參考淨值,流動負債,流動資產,無形資產,無形資產－淨額,特別股負債,現金及約當現金,當期所得稅負債,當期所得稅資產,短期債務,租賃負債,股本,與待出售資產直接相關之負債,負債準備,負債總計,負債總額,貼現及放款－淨額,資本公積,資產總計,資產總額,透過其他綜合損益按公允價值衡量之金融資產,透過損益按公允價值衡量之金融負債,透過損益按公允價值衡量之金融資產,遞延所得稅負債,遞延所得稅資產,避險之衍生金融負債,避險之衍生金融負債－淨額,避險之衍生金融資產,避險之衍生金融資產淨額,附買回票券及債券負債,附賣回票券及債券投資,附賣回票券及債券投資淨額,非控制權益,非流動負債,非流動資產,預收股款（權益項下）之約當發行股數（單位：股）
,,,,55462857,,,1101,台泥,,,17294512,,,,,,,,,,,,,,,,,,,,3,上市,114,-1635644,,,,,,,,,,,,,,,,,,,,,280567870,,,,223471065,,58000000,,29.05,94125885,178421439,,,,,,,,,77511817,,,300508561,,,74837523,581076431,,,,,,,,,,,,,,57096805,206382676,402654992,0
,,,,124892733,,,1102,亞泥,,,5413245,,,,,,,,,,,,,,,,,,,,3,上市,114,,,,,,,,,,,,,,,,,,,,,,196323009,,,,174012059,,0,,49.06,71858751,94826165,,,,,,,,,35465629,,,121052193,,,8240452,317375202,,,,,,,,,,,,,,22310950,49193442,222549037,0
,,,,10235091,,,1103,嘉泥,,,-283929,,,,,,,,,,,,,,,,,,,,3,上市,114,-1079060,,,,,,,,,,,,,,,,,,,,,18819239,,,,18225424,,131491726,,27.67,3536579,9324570,,,,,,,,,7902474,,,14452044,,,1450848,33271283,,,,,,,,,,,,,,593815,10915465,23946713,0
,,,,14428310,,,1104,環泥,,,1802224,,,,,,,,,,,,,,,,,,,,3,上市,114,,,,,,,,,,,,,,,,,,,,,,24004278,,,,23217157,,0,,33.81,3856346,7383784,,,,,,,,,6866818,,,5622460,,,119805,29626738,,,,,,,,,,,,,,787121,1766114,22242954,0
,,,,1676726,,,1108,幸福,,,-34922,,,,,,,,,,,,,,,,,,,,3,上市,114,,,,,,,,,,,,,,,,,,,,,,5689268,,,,5689206,,0,,14.06,4226081,5768672,,,,,,,,,4047380,,,4542455,,,22,10231723,,,,,,,,,,,,,,62,316374,4463051,0
,,,,4922240,,,1109,信大,,,-229197,,,,,,,,,,,,,,,,,,,,3,上市,114,,,,,,0,,,,,,,,,,,,,,,,9959805,,,,8120594,,0,,23.80,892888,5795336,,,,,,,,,3411589,,,1041545,,,15962,11001350,,,,,,,,,,,,,,1839211,148657,5206014,0
,,,,2565465,,,1110,東泥,,,976786,,,,,,,,,,,,,,,,,,,,3,上市,114,-10830,,,,,,,,,,,,,,,,,,,,,9625186,,,,9441532,,1877865,,16.56,1947104,2890181,,,,,,,,,5720008,,,3101728,,,190103,12726914,,,,,,,,,,,,,,183654,1154624,9836733,0
,,,,2705599,,,1201,味全,,,-325496,,,,,,,,,,,,,,,,,,,,3,上市,114,,,,,,0,,,,,,,,,,,,,,,,7489646,,,,7481735,,0,,14.78,6384733,6664651,,,,,,,,,5060629,,,10313052,,,41003,17802698,,,,,,,,,,,,,,7911,3928319,11138047,0
,,,,3601260,,,1203,味王,,,87666,,,,,,,,,,,,,,,,,,,,3,上市,114,-38464,,,,,0,,,,,,,,,,,,,,,,7053561,,,,6107243,,2293865,,25.69,1943867,4756477,,,,,,,,,2400000,,,3353749,,,56781,10407310,,,,,,,,,,,,,,946318,1409882,5650833,0
,,,,11444250,,,1210,大成,0,,846976,,,,,,,,,,,,,,,,,,,,3,上市,114,-734821,,,,,,,,,,,,,,,,,,,,0,33229007,,,,24778866,,58059471,,29.61,32899437,29227274,,,,,,,,,8947673,,,37275967,,,4274788,70504974,,,,,,,,,,,,,,8450141,4376530,41277700,0
,,,,75766,,,1213,大飲,,,-174,,,,,,,,,,,,,,,,,,,,3,上市,114,,,,,,0,,,,,,,,,,,,,,,,663756,,,,663756,,0,,11.72,67228,290596,,,,,,,,,566226,,,126254,,,21938,790010,,,,,,,,,,,,,,,59026,499414,0
,,,,7499474,,,1215,卜蜂,,,1137890,,,,,,,,,,,,,,,,,,,,3,上市,114,,,,,,0,,,,,,,,,,,,,,,,12062507,,,,11622350,,0,,39.43,9185849,8683792,,,,,,,,,2947901,,,18784170,,,37085,30846677,,,,,,,,,,,,,,440157,9598321,22162885,0
,,,,75831457,,,1216,統一,,,-7745949,,,,,,,,,,,,,,,,,,,,3,上市,114,,,,,,0,,,,,,,,,,,,,,,,198976946,,,,127682583,,0,,22.47,264992985,232056774,,,,,,,,,56820154,,,518138231,,,2776921,717115177,,,,,,,,,,,,,,71294363,253145246,485058403,0
,,,,1315328,,,1217,愛之味,,,987126,,,,,,,,,,,,,,,,,,,,3,上市,114,,,,,,,,,,,,,,,,,,,,,,8289925,,,,7515732,,0,,15.20,3207793,3118729,,,,,,,,,4945134,,,7345456,,,268144,15635381,,,,,,,,,,,,,,774193,4137663,12516652,0
,,,,6913088,,,1218,泰山,,,-53246,,,,,,,,,,,,,,,,,,,,3,上市,114,-203876,,,,,,,,,,,,,,,,,,,,,12693213,,,,12688823,,13680042,,26.09,1444165,4936034,,,,,,,,,4999990,,,1823711,,,1032867,14516924,,,,,,,,,,,,,,4390,379546,9580890,0
,,,,1049638,,,1219,福壽,,,-8618,,,,,,,,,,,,,,,,,,,,3,上市,114,0,,,,,,,,,,,,,,,,,,,,,4556733,,,,4515171,,0,,13.23,3146843,4884442,,,,,,,,,3412384,,,5028436,,,61767,9585169,,,,,,,,,,,,,,41562,1881593,4700727,0
,,,,559931,,,1220,台榮,,,-177,,,,,,,,,,,,,,,,,,,,3,上市,114,-10881,,,,,,,,,,,,,,,,,,,,,2559608,,,,2344532,,679000,,13.29,751076,2174986,,,,,,,,,1770779,,,930821,,,24880,3490429,,,,,,,,,,,,,,215076,179745,1315443,0
,,,,1335459,,,1225,福懋油,,,-103616,,,,,,,,,,,,,,,,,,,,3,上市,114,,,,,,,,,,,,,,,,,,,,,,4272346,,,,3779105,,0,,15.60,2656784,4487557,,,,,,,,,2422683,,,3808308,,,124579,8080654,,,,,,,,,,,,,,493241,1151524,3593097,0
,,,,8675815,,,1227,佳格,,,-131004,,,,,,,,,,,,,,,,,,,,3,上市,114,-21182,,,,,0,,,,,,,,,,,,,,,,18149331,,,,17857785,,6669471,,19.66,8825660,17977308,,,,,,,,,9150897,,,9263861,,,183259,27413192,,,,,,,,,,,,,,291546,438201,9435884,0
,,,,16865255,,,1229,聯華,,,21326667,,,,,,,,,,,,,,,,,,,,3,上市,114,-136868,,,,,0,,,,,,,,,,,,,,,,79458678,,,,57120282,,7239000,,31.93,14511133,17361262,,,,,,,,,17959607,,,19376748,,,1105621,98835426,,,,,,,,,,,,,,22338396,4865615,81474164,0
,,,,3679510,,,1231,聯華食,,,5421,,,,,,,,,,,,,,,,,,,,3,上市,114,,,,,,0,,,,,,,,,,,,,,,,6780139,,,,6763315,,0,,22.66,4151452,6045827,,,,,,,,,2984544,,,7913873,,,93840,14694012,,,,,,,,,,,,,,16824,3762421,8648185,0
,,,,3873638,,,1232,大統益,,,5438,,,,,,,,,,,,,,,,,,,,3,上市,114,,,,,,0,,,,,,,,,,,,,,,,5707278,,,,5502609,,0,,34.40,1937205,6066225,,,,,,,,,1599749,,,3144964,,,23784,8852242,,,,,,,,,,,,,,204669,1207759,2786017,0
,,,,469349,,,1233,天仁,,,-55330,,,,,,,,,,,,,,,,,,,,3,上市,114,-1974,,,,,0,,,,,,,,,,,,,,,,1339094,,,,1336148,,43000,,14.76,599480,698294,,,,,,,,,905919,,,854326,,,18184,2193420,,,,,,,,,,,,,,2946,254846,1495126,0
,,,,14379427,,,1234,黑松,,,108220,,,,,,,,,,,,,,,,,,,,3,上市,114,,,,,,,,,,,,,,,,,,,,,,18693294,,,,18693294,,0,,46.52,3100802,9185338,,,,,,,,,4018711,,,5458508,,,186936,24151802,,,,,,,,,,,,,,,2357706,14966464,0
,,,,1173046,,,1235,興泰,,,283726,,,,,,,,,,,,,,,,,,,,3,上市,114,-867600,,,,,,,,,,,,,,,,,,,,,3077467,,,,2798527,,119264643,,73.87,2418447,999017,,,,,,,,,1885778,,,2473320,,,323577,5550787,,,,,,,,,,,,,,278940,54873,4551770,0
,,,,1249919,,,1236,宏亞,,,356717,,,,,,,,,,,,,,,,,,,,3,上市,114,,,,,,,,,,,,,,,,,,,,,,2507581,,,,2507581,,0,,28.93,485355,769389,,,,,,,,,866740,,,1262185,,,34205,3769766,,,,,,,,,,,,,,,776830,3000377,0
,,,,2118876,,,1256,鮮活果汁-KY,,,-176633,,,,,,,,,,,,,,,,,,,,3,上市,114,,,,,,,,,,,,,,,,,,,,,,3432868,,,,3426227,,0,,101.24,1085807,2145535,,,,,,,,,338422,,,1166391,,,1145562,4599259,,,,,,,,,,,,,,6641,80584,2453724,0
,,,,191085078,,,1301,台塑,0,,25189999,,,,,,,,,,,,,,,,,,,,3,上市,114,0,,,,,,,,,,,,,,,,,,,,0,291896930,,,,291896930,,0,,45.85,92826018,108447513,,,,,,,,,63657408,,,197520230,,,11964445,489417160,,,,,,,,,,,,,,0,104694212,380969647,0
,,,,223179945,,,1303,南亞,,,-607093,,,,,,,,,,,,,,,,,,,,3,上市,114,,,,,,0,,,,,,,,,,,,,,,,344566065,,,,328987874,,0,,41.48,151111586,175360882,,,,,,,,,79308216,,,243647296,,,27106806,588213361,,,,,,,,,,,,,,15578191,92535710,412852479,0
,,,,6830832,,,1304,台聚,,,-637852,,,,,,,,,,,,,,,,,,,,3,上市,114,-475606,,,,,,,,,,,,,,,,,,,,,36915183,,,,18104375,,116465574,,16.88,13940291,23605774,,,,,,,,,11887635,,,27644782,,,499366,64559965,,,,,,,,,,,,,,18810808,13704491,40954191,0
,,,,2009721,,,1305,華夏,,,-2902,,,,,,,,,,,,,,,,,,,,3,上市,114,,,,,,,,,,,,,,,,,,,,,,8355390,,,,7837633,,0,,13.49,4942628,4570931,,,,,,,,,5810505,,,8786153,,,20309,17141543,,,,,,,,,,,,,,517757,3843525,12570612,0
,,,,5537230,,,1307,三芳,,,-227956,,,,,,,,,,,,,,,,,,,,3,上市,114,,,,,,,,,,,,,,,,,,,,,,9438534,,,,9438534,,0,,23.73,4712311,8986001,,,,,,,,,3978181,,,7543892,,,151079,16982426,,,,,,,,,,,,,,,2831581,7996425,0
,,,,4876678,,,1308,亞聚,,,-397880,,,,,,,,,,,,,,,,,,,,3,上市,114,,,,,,,,,,,,,,,,,,,,,,10454389,,,,10454389,,0,,17.61,1115081,2841511,,,,,,,,,5937438,,,1819563,,,38153,12273952,,,,,,,,,,,,,,,704482,9432441,0
,,,,1790659,,,1309,台達化,,,-99410,,,,,,,,,,,,,,,,,,,,3,上市,114,,,,,,,,,,,,,,,,,,,,,,5670365,,,,5670365,,0,,14.26,2787323,5467925,,,,,,,,,3975868,,,3082423,,,3248,8752788,,,,,,,,,,,,,,,295100,3284863,0
,,,,87333,,,1310,台苯,,,1284908,,,,,,,,,,,,,,,,,,,,3,上市,114,,,,,,,,,,,,,,,,,,,,,,6904230,,,,6778306,,0,,12.84,2282318,2150723,,,,,,,,,5278698,,,2538188,,,127367,9442418,,,,,,,,,,,,,,125924,255870,7291695,0
,,,,17275523,,,1312,國喬,,,-784490,,,,,,,,,,,,,,,,,,,,3,上市,114,-49858,,,,,0,,,,,,,,,,,,,,,,31959385,,,,28791682,,1776000,,25.60,12661380,15656901,,,,,,,,,11266203,,,31657375,,,1084304,63616760,,,,,,,,,,,,,,3167703,18995995,47959859,0
,,,,1710121,,,1313,聯成,,,13556813,,,,,,,,,,,,,,,,,,,,3,上市,114,-227093,,,,,,,,,,,,,,,,,,,,,29710668,,,,29710668,,20000000,,22.32,8045729,17886648,,,,,,,,,13506495,,,25495842,,,1164332,55206510,,,,,,,,,,,,,,,17450113,37319862,1156500
,,,,37807327,,,1314,中石化,,,-1279202,,,,,,,,,,,,,,,,,,,,3,上市,114,,,,,,0,,,,,,,,,,,,,,,,76023769,,,,75958633,,0,,20.07,26855370,59394895,,,,,,,,,37848502,,,54022785,,,1582006,130046554,,,,,,,,,,,,,,65136,27167415,70651659,0
,,,,7630177,,,1315,達新,,,602968,,,,,,,,,,,,,,,,,,,,3,上市,114,-83230,,,,,0,,,,,,,,,,,,,,,,9428114,,,,9397246,,3572068,,98.37,489888,6223541,,,,,,,,,990990,,,697309,,,256341,10125423,,,,,,,,,,,,,,30868,207421,3901882,0
,,,,-554596,,,1316,上曜,,,-1556,,,,,,,,,,,,,,,,,,,,3,上市,114,-56625,,,,,0,,,,,,,,,,,,,,,,11871161,,,,4036178,,35421058,,12.17,8567019,16590324,,,,,,,,,3670890,,,9667995,,,978065,21539156,,,,,,,,,,,,,,7834983,1100976,4948832,0
,,,,16680895,,,1319,東陽,,,-23176,,,,,,,,,,,,,,,,,,,,3,上市,114,,,,,,,,,,,,,,,,,,,,,,27298922,,,,26724208,,0,,45.18,5974512,10912250,,,,,,,,,5914771,,,8933988,,,4151718,36232910,,,,,,,,,,,,,,574714,2959476,25320660,0
,,,,3463862,,,1321,大洋,,,88661,,,,,,,,,,,,,,,,,,,,3,上市,114,-36189,,,,,0,,,,,,,,,,,,,,,,5812635,,,,5812635,,6542716,,26.34,1056127,2009084,,,,,,,,,2272283,,,5620338,,,24018,11432973,,,,,,,,,,,,,,,4564211,9423889,0
,,,,1653807,,,1323,永裕,,,-144187,,,,,,,,,,,,,,,,,,,,3,上市,114,0,,,,,0,,,,,,,,,,,,,,,,2464922,,,,2464922,,0,,27.01,780664,2416670,,,,,,,,,912745,,,2143180,,,42557,4608102,,,,,,,,,,,,,,0,1362516,2191432,0
,,,,168094,,,1324,地球,,,-26085,,,,,,,,,,,,,,,,,,,,3,上市,114,0,,,,,0,,,,,,,,,,,,,,,,894095,,,,894095,,0,,11.90,186806,680410,,,,,,,,,751219,,,220637,,,867,1114732,,,,,,,,,,,,,,0,33831,434322,0
,,,,1719970,,,1325,恆大,,,4831,,,,,,,,,,,,,,,,,,,,3,上市,114,,,,,,0,,,,,,,,,,,,,,,,2655320,,,,2581239,,0,,30.27,39075,1638243,,,,,,,,,852812,,,91120,,,3626,2746440,,,,,,,,,,,,,,74081,52045,1108197,0
,,,,175237244,,,1326,台化,,,37259429,,,,,,,,,,,,,,,,,,,,3,上市,114,-323952,,,,,0,,,,,,,,,,,,,,,,312435502,,,,280098654,,12169610,,47.89,116873902,155094880,,,,,,,,,58611863,,,169974479,,,9314070,482409981,,,,,,,,,,,,,,32336848,53100577,327315101,0
,,,,-570184,,,1337,再生-KY,,,-487807,,,,,,,,,,,,,,,,,,,,3,上市,114,,,,,,,,,,,,,,,,,,,,,,3616060,,,,3616060,,0,,13.44,2006099,1959873,,,,,,,,,2689547,,,2440578,,,1984504,6056638,,,,,,,,,,,,,,,434479,4096765,0
,,,,2747849,,,1338,廣華-KY,,,-740680,,,,,,,,,,,,,,,,,,,,3,上市,114,-92080,,,,,0,,,,,,,,,,,,,,,,5904350,,,,5540579,,3081000,,68.61,3411902,4952238,,,,,,,,,838400,,,4272340,,,2787090,10176690,,,,,,,,,,,,,,363771,860438,5224452,0
,,,,2116865,,,1339,昭輝,,,-130563,,,,,,,,,,,,,,,,,,,,3,上市,114,,,,,,0,,,,,,,,,,,,,,,,3992077,,,,3920910,,0,,52.90,904748,1665738,,,,,,,,,741239,,,1152007,,,1193369,5144084,,,,,,,,,,,,,,71167,247259,3478346,0
,,,,-679869,,,1340,勝悅-KY,0,,-668862,,,,,,,,,,,,,,,,,,,,3,上市,114,,,,,,,,,,,,,,,,,,,,,,2721312,,,,2721312,,0,,17.80,94715,788719,,,,,,,,,1529229,,,249635,,,2540814,2970947,,,,,,,,,,,,,,0,154920,2182228,0
,,,,786563,,,1341,富林-KY,,,-392816,,,,,,,,,,,,,,,,,,,,3,上市,114,,,,,,,,,,,,,,,,,,,,,,1178145,,,,1178145,,0,,22.29,810431,1460162,,,,,,,,,528506,,,840696,,,255892,2018841,,,,,,,,,,,,,,,30265,558679,0
,,,,906956,,,1342,八貫,,,0,,,,,,,,,,,,,,,,,,,,3,上市,114,,,,,,,,,,,,,,,,,,,,,,2370239,,,,,,0,,29.98,614811,2112793,,,,,,,,,790589,,,1093792,,,672694,3464031,,,,,,,,,,,,,,,478981,1351238,0
,,,,154425423,,,1402,遠東新,,,1988687,,,,,,,,,,,,,,,,,,,,3,上市,114,-25063,,,,,,,,,,,,,,,,,,,,,305631476,,,,223175380,,779000,,41.70,157251700,154594393,,,,,,,,,53528751,,,359556456,,,13257582,665187932,,,,,,,,,,,,,,82456096,202304756,510593539,0
,,,,15521049,,,1409,新纖,,,5910044,,,,,,,,,,,,,,,,,,,,3,上市,114,-29834,,,,,,,,,,,,,,,,,,,,,,51025083,,,39748604,,4680487,,24.63,141562811,151655990,,,,,,,,,16184093,,,168077610,,,2163252,219102693,,,,,,,,,,,,,,11276479,26514799,67446703,0
,,,,404807,,,1410,南染,,,-3381,,,,,,,,,,,,,,,,,,,,3,上市,114,0,,,,,0,,,,,,,,,,,,,,,,1080897,,,,1044521,,0,,16.85,49014,622175,,,,,,,,,620000,,,211405,,,23095,1292302,,,,,,,,,,,,,,36376,162391,670127,0
,,,,-183692,,,1413,宏洲,,,-8703,,,,,,,,,,,,,,,,,,,,3,上市,114,,,,,,,,,,,,,,,,,,,,,,1128729,,,,,,0,,8.54,408978,645763,,,,,,,,,1321124,,,1285143,,,0,2413872,,,,,,,,,,,,,,,876165,1768109,0
,,,,1040199,,,1414,東和,,,-136593,,,,,,,,,,,,,,,,,,,,3,上市,114,0,,,,,,,,,,,,,,,,,,,,,3103606,,,,3103606,,0,,14.11,367303,864493,,,,,,,,,2200000,,,1044638,,,0,4148244,,,,,,,,,,,,,,,677335,3283751,0
,,,,1760837,,,1416,廣豐,,,527244,,,,,,,,,,,,,,,,,,,,3,上市,114,,,,,,0,,,,,,,,,,,,,,,,4257745,,,,4191563,,0,,22.62,523716,1232563,,,,,,,,,1853422,,,1557769,,,50060,5815514,,,,,,,,,,,,,,66182,1034053,4582951,0
,,,,211022,,,1417,嘉裕,,,243866,,,,,,,,,,,,,,,,,,,,3,上市,114,,,,,,,,,,,,,,,,,,,,,,2354307,,,,2354307,,0,,12.39,373145,1593063,,,,,,,,,1899419,,,482050,,,,2836357,,,,,,,,,,,,,,,108905,1243294,0
,,,,-868280,,,1418,東華,,,1550780,,,,,,,,,,,,,,,,,,,,3,上市,114,-80333,,,,,0,,,,,,,,,,,,,,,,1178518,,,,1178518,,2522865,,21.70,3298769,1460689,,,,,,,,,568343,,,4103555,,,8008,5282073,,,,,,,,,,,,,,0,804786,3821384,0
,,,,5698732,,,1419,新紡,,,8551194,,,,,,,,,,,,,,,,,,,,3,上市,114,-13174,,,,,,,,,,,,,,,,,,,,,17306271,,,,17306271,,803829,,57.83,4739180,6048929,,,,,,,,,3000413,,,7457995,,,69106,24764266,,,,,,,,,,,,,,,2718815,18715337,0
,,,,1071705,,,1423,利華,,,1764438,,,,,,,,,,,,,,,,,,,,3,上市,114,,,,,,,,,,,,,,,,,,,,,,3938720,,,,,,0,,39.53,46245,1181646,,,,,,,,,996480,,,246588,,,106097,4185308,,,,,,,,,,,,,,,200343,3003662,0
,,,,-316344,,,1432,大魯閣,,,-83474,,,,,,,,,,,,,,,,,,,,3,上市,114,,,,,,,,,,,,,,,,,,,,,,1165887,,,,973859,,0,,9.02,1676909,1206638,,,,,,,,,1080000,,,4363957,,,293677,5529844,,,,,,,,,,,,,,192028,2687048,4323206,0
,,,,19374880,,,1434,福懋,,,450341,,,,,,,,,,,,,,,,,,,,3,上市,114,-19064,,,,,0,,,,,,,,,,,,,,,,37599309,,,,37599309,,2193228,,22.35,5035471,14002574,,,,,,,,,16846646,,,14403595,,,946506,52002904,,,,,,,,,,,,,,,9368124,38000330,0
,,,,-204391,,,1435,中福,,,-195084,,,,,,,,,,,,,,,,,,,,3,上市,114,,,,,,,,,,,,,,,,,,,,,,1123463,,,,,,0,,8.04,7779,392725,,,,,,,,,1397801,,,185588,,,125137,1309051,,,,,,,,,,,,,,,177809,916326,0
,,,,3386382,,,1436,華友聯,,,18912,,,,,,,,,,,,,,,,,,,,3,上市,114,,,,,,0,,,,,,,,,,,,,,,,7023739,,,,6584005,,0,,33.91,10095528,20964722,,,,,,,,,1941518,,,15763927,,,1237193,22787666,,,,,,,,,,,,,,439734,5668399,1822944,21451143
,,,,5353544,,,1437,勤益控,,,466598,,,,,,,,,,,,,,,,,,,,3,上市,114,,,,,,0,,,,,,,,,,,,,,,,8296247,,,,8294681,,0,,40.79,1230395,2332906,,,,,,,,,2033713,,,5412835,,,440826,13709082,,,,,,,,,,,,,,1566,4182440,11376176,0
,,,,30871,,,1438,三地開發,,,-2446,,,,,,,,,,,,,,,,,,,,3,上市,114,,,,,,,,,,,,,,,,,,,,,,2850709,,,,,,0,,25.63,10258102,13533162,,,,,,,,,1112058,,,11454699,,,1710226,14305408,,,,,,,,,,,,,,,1196597,772246,0
,,,,1878484,,,1439,雋揚,,,-174698,,,,,,,,,,,,,,,,,,,,3,上市,114,,,,,,,,,,,,,,,,,,,,,,3299915,,,,2852331,,0,,31.00,2047663,3471836,,,,,,,,,920000,,,2549077,,,228545,5848992,,,,,,,,,,,,,,447584,501414,2377156,0
,,,,11119471,,,1440,南紡,,,-317580,,,,,,,,,,,,,,,,,,,,3,上市,114,,,,,,0,,,,,,,,,,,,,,,,27769098,,,,27442735,,0,,16.56,9602648,12070251,,,,,,,,,16568159,,,17442664,,,72685,45211762,,,,,,,,,,,,,,326363,7840016,33141511,0
,,,,-203936,,,1441,大東,,,-76334,,,,,,,,,,,,,,,,,,,,3,上市,114,,,,,,0,,,,,,,,,,,,,,,,468951,,,,468951,,0,,6.54,538794,604888,,,,,,,,,717444,,,904063,,,31777,1373014,,,,,,,,,,,,,,0,365269,768126,0
,,,,3136876,,,1442,名軒,,,15410,,,,,,,,,,,,,,,,,,,,3,上市,114,,,,,,,,,,,,,,,,,,,,,,7806251,,,,7806251,,0,,21.32,2233042,12730280,,,,,,,,,3662113,,,6193607,,,991852,13999858,,,,,,,,,,,,,,,3960565,1269578,0
,,,,96721,,,1443,立益物流,,,837192,,,,,,,,,,,,,,,,,,,,3,上市,114,,,,,,0,,,,,,,,,,,,,,,,1878125,,,,2288044,,0,,16.91,2516488,607636,,,,,,,,,1353430,,,5948196,,,701,7826321,,,,,,,,,,,,,,-409919,3431708,7218685,0
,,,,116453,,,1444,力麗,,,-460954,,,,,,,,,,,,,,,,,,,,3,上市,114,-28470,,,,,,,,,,,,,,,,,,,,,10970113,,,,9702223,,11204989,,9.86,7428312,6578523,,,,,,,,,9955950,,,9082860,,,119244,20052973,,,,,,,,,,,,,,1267890,1654548,13474450,0
,,,,757026,,,1445,大宇,,,218566,,,,,,,,,,,,,,,,,,,,3,上市,114,,,,,,,,,,,,,,,,,,,,,,2283876,,,,2283876,,0,,17.48,383874,793491,,,,,,,,,1306660,,,2382304,,,1624,4666180,,,,,,,,,,,,,,,1998430,3872689,0
,,,,1424483,,,1446,宏和,,,22562,,,,,,,,,,,,,,,,,,,,3,上市,114,0,,,,,0,,,,,,,,,,,,,,,,2830724,,,,2830724,,0,,20.56,364826,2794040,,,,,,,,,1377095,,,373094,,,6584,3203818,,,,,,,,,,,,,,0,8268,409778,0
,,,,-259296,,,1447,力鵬,,,-900261,,,,,,,,,,,,,,,,,,,,3,上市,114,-287142,,,,,,,,,,,,,,,,,,,,,8661843,,,,7873161,,66529106,,9.33,7368146,8841568,,,,,,,,,9100712,,,9175974,,,219148,17837817,,,,,,,,,,,,,,788682,1807828,8996249,0
,,,,198023,,,1449,佳和,,,604123,,,,,,,,,,,,,,,,,,,,3,上市,114,,,,,,,,,,,,,,,,,,,,,,2285569,,,,2208312,,0,,17.37,1998315,1988170,,,,,,,,,1271146,,,4107133,,,135020,6392702,,,,,,,,,,,,,,77257,2108818,4404532,0
,,,,5400592,,,1451,年興,,,-556721,,,,,,,,,,,,,,,,,,,,3,上市,114,,,,,,,,,,,,,,,,,,,,,,7243587,,,,7243587,,0,,36.58,869084,5267976,,,,,,,,,1980000,,,1203346,,,419716,8446933,,,,,,,,,,,,,,,334262,3178957,0
,,,,971026,,,1452,宏益,,,232029,,,,,,,,,,,,,,,,,,,,3,上市,114,,,,,,,,,,,,,,,,,,,,,,2685641,,,,2685641,,0,,20.25,85773,1987459,,,,,,,,,1326414,,,131710,,,156172,2817351,,,,,,,,,,,,,,,45937,829892,0
,,,,306413,,,1453,大將,,,,,,,,,,,,,,,,,,,,,,,3,上市,114,,,,,,,,,,,,,,,,,,,,,,1454999,,,,1441606,,0,,12.73,1227715,2654289,,,,,,,,,1132431,,,1386489,,,2762,2841488,,,,,,,,,,,,,,13393,158774,187199,0
,,,,140651,,,1454,台富,,,5332,,,,,,,,,,,,,,,,,,,,3,上市,114,-77032,,,,,,,,,,,,,,,,,,,,,1437857,,,,1437829,,7714103,,11.77,593866,1039713,,,,,,,,,1298338,,,604194,,,70540,2042051,,,,,,,,,,,,,,28,10328,1002338,0
,,,,245277,,,1455,集盛,,,41765,,,,,,,,,,,,,,,,,,,,3,上市,114,,,,,,,,,,,,,,,,,,,,,,5950472,,,,5950472,,0,,11.19,979803,2659970,,,,,,,,,5316884,,,3394304,,,346546,9344776,,,,,,,,,,,,,,,2414501,6684806,0
,,,,577274,,,1456,怡華,,,,,,,,,,,,,,,,,,,,,,,3,上市,114,,,,,,0,,,,,,,,,,,,,,,,1532851,,,,1532851,,0,,16.36,8157191,9975241,,,,,,,,,937200,,,11095862,,,18377,12628713,,,,,,,,,,,,,,,2938671,2653472,0
,,,,1881429,,,1457,宜進,,,-37467,,,,,,,,,,,,,,,,,,,,3,上市,114,-349848,,,,,0,,,,,,,,,,,,,,,,8628723,,,,5185213,,83211323,,22.20,2276363,2840562,,,,,,,,,3167300,,,8478569,,,523799,17107292,,,,,,,,,,,,,,3443510,6202206,14266730,0
,,,,278970,,,1459,聯發,,,-345277,,,,,,,,,,,,,,,,,,,,3,上市,114,-528645,,,,,,,,,,,,,,,,,,,,,3292631,,,,3289070,,41144531,,10.36,1075726,1735716,,,,,,,,,3586289,,,1205847,,,297733,4498478,,,,,,,,,,,,,,3561,130121,2762762,0
,,,,-1089627,,,1460,宏遠,,,-147578,,,,,,,,,,,,,,,,,,,,3,上市,114,-332836,,,,,,,,,,,,,,,,,,,,,5492341,,,,5492336,,20177533,,8.14,4783594,5824797,,,,,,,,,6946434,,,5750267,,,115943,11242608,,,,,,,,,,,,,,5,966673,5417811,0
,,,,560097,,,1463,強盛新,,,10739,,,,,,,,,,,,,,,,,,,,3,上市,114,-22714,,,,,0,,,,,,,,,,,,,,,,2820176,,,,2691816,,1676795,,15.69,647069,2343234,,,,,,,,,1732684,,,752749,,,411010,3572925,,,,,,,,,,,,,,128360,105680,1229691,0
,,,,727836,,,1464,得力,,,-696393,,,,,,,,,,,,,,,,,,,,3,上市,114,-27472,,,,,,,,,,,,,,,,,,,,,5481326,,,,4885981,,2548653,,11.55,7922037,8773083,,,,,,,,,4255757,,,11715187,,,626253,17196513,,,,,,,,,,,,,,595345,3793150,8423430,0
,,,,232148,,,1465,偉全,,,-14515,,,,,,,,,,,,,,,,,,,,3,上市,114,,,,,,,,,,,,,,,,,,,,,,1554017,,,,,,0,,15.00,112866,1108812,,,,,,,,,1036073,,,160475,,,300311,1714492,,,,,,,,,,,,,,,47609,605680,0
,,,,-143315,,,1466,聚隆,0,,-10738,,,,,,,,,,,,,,,,,,,,3,上市,114,0,,,,,,,,,,,,,,,,,,,,,1637155,,,,1557838,,0,,14.01,443696,1703023,,,,,,,,,1111573,,,2093112,,,600318,3730267,,,,,,,,,,,,,,79317,1649416,2027244,0
,,,,91784,,,1467,南緯,,,29108,,,,,,,,,,,,,,,,,,,,3,上市,114,-26145,,,,,0,,,,,,,,,,,,,,,,2757890,,,,2685196,,2950000,,11.64,3693489,4172947,,,,,,,,,2336247,,,5813171,,,254202,8571061,,,,,,,,,,,,,,72694,2119682,4398114,0
,,,,-343700,,,1468,昶和,,,56388,,,,,,,,,,,,,,,,,,,,3,上市,114,,,,,,,,,,,,,,,,,,,,,,1421295,,,,1343494,,0,,8.38,1247428,1882812,,,,,,,,,1604053,,,1659981,,,26753,3081276,,,,,,,,,,,,,,77801,412553,1198464,0
,,,,109212,,,1470,大統新創,,,749,,,,,,,,,,,,,,,,,,,,3,上市,114,,,,,,,,,,,,,,,,,,,,,,974948,,,,974948,,0,,11.37,152161,591263,,,,,,,,,857670,,,160173,,,7317,1135121,,,,,,,,,,,,,,,8012,543858,0
,,,,-161782,,,1471,首利,,,86743,,,,,,,,,,,,,,,,,,,,3,上市,114,,,,,,0,,,,,,,,,,,,,,,,1522236,,,,1429106,,0,,9.50,84412,1342325,,,,,,,,,1504145,,,122331,,,0,1644567,,,,,,,,,,,,,,93130,37919,302242,0
,,,,846942,,,1472,三洋實業,,,11005,,,,,,,,,,,,,,,,,,,,3,上市,114,,,,,,,,,,,,,,,,,,,,,,2220498,,,,2220498,,0,,42.30,2205563,4388176,,,,,,,,,524881,,,3139802,,,837670,5360300,,,,,,,,,,,,,,,934239,972124,0
,,,,1538034,,,1473,台南,,,-76823,,,,,,,,,,,,,,,,,,,,3,上市,114,,,,,,0,,,,,,,,,,,,,,,,3747277,,,,3747277,,0,,25.64,1099450,2746362,,,,,,,,,1461535,,,1352522,,,824531,5099799,,,,,,,,,,,,,,,253072,2353437,0
,,,,835026,,,1474,弘裕,,,-121615,,,,,,,,,,,,,,,,,,,,3,上市,114,,,,,,0,,,,,,,,,,,,,,,,2095431,,,,2078749,,0,,16.00,897205,2031567,,,,,,,,,1298970,,,1539288,,,66368,3634719,,,,,,,,,,,,,,16682,642083,1603152,0
,,,,608748,,,1475,業旺,,,,,,,,,,,,,,,,,,,,,,,3,上市,114,,,,,,0,,,,,,,,,,,,,,,,1463767,,,,1463767,,0,,22.17,543842,1934506,,,,,,,,,660168,,,673039,,,194851,2136806,,,,,,,,,,,,,,,129197,202300,0
,,,,21349633,,,1476,儒鴻,,,-101868,,,,,,,,,,,,,,,,,,,,3,上市,114,,,,,,,,,,,,,,,,,,,,,,27761239,,,,27761239,,0,,101.18,5426802,19735941,,,,,,,,,2743671,,,5603534,,,3769803,33364773,,,,,,,,,,,,,,,176732,13628832,0
,,,,4479306,,,1477,聚陽,,,-114966,,,,,,,,,,,,,,,,,,,,3,上市,114,,,,,,0,,,,,,,,,,,,,,,,13114491,,,,12997610,,0,,52.69,7949673,14400014,,,,,,,,,2466937,,,8925411,,,6166333,22039902,,,,,,,,,,,,,,116881,975738,7639888,0
,,,,22498697,,,1503,士電,,,5833633,,,,,,,,,,,,,,,,,,,,3,上市,114,,,,,,,,,,,,,,,,,,,,,,37162581,,,,36339637,,0,,69.75,18007804,25724961,,,,,,,,,5209722,,,20399988,,,2797585,57562569,,,,,,,,,,,,,,822944,2392184,31837608,0
,,,,34946668,,,1504,東元,,,5691695,,,,,,,,,,,,,,,,,,,,3,上市,114,-760722,,,,,0,,,,,,,,,,,,,,,,94104000,,,,87613673,,34513022,,37.41,32299272,58280452,,,,,,,,,23764407,,,47023274,,,23971625,141127274,,,,,,,,,,,,,,6490327,14724002,82846822,0
,,,,-499730,,,1506,正道,,,-149723,,,,,,,,,,,,,,,,,,,,3,上市,114,,,,,,,,,,,,,,,,,,,,,,2852231,,,,2779168,,0,,9.25,284906,1060735,,,,,,,,,3003885,,,370795,,,424736,3223026,,,,,,,,,,,,,,73063,85889,2162291,0
,,,,-897162,,,1512,瑞利,,,527113,,,,,,,,,,,,,,,,,,,,3,上市,114,,,,,,0,,,,,,,,,,,,,,,,611786,,,,611786,,0,,6.23,408372,1082632,,,,,,,,,981835,,,2096986,,,,2708772,,,,,,,,,,,,,,,1688614,1626140,0
,,,,8356448,,,1513,中興電,,,3309589,,,,,,,,,,,,,,,,,,,,3,上市,114,-116880,,,,,,,,,,,,,,,,,,,,,19846756,,,,19647044,,9038676,,39.77,20643160,23377256,,,,,,,,,5031125,,,28559052,,,3066762,48405808,,,,,,,,,,,,,,199712,7915892,25028552,0
,,,,2227938,,,1514,亞力,,,-37330,,,,,,,,,,,,,,,,,,,,3,上市,114,-30866,,,,,0,,,,,,,,,,,,,,,,6072930,,,,6004446,,2238551,,22.17,5853597,10481843,,,,,,,,,2731085,,,7294995,,,1113619,13367925,,,,,,,,,,,,,,68484,1441398,2886082,0
,,,,2079904,,,1515,力山,,,-164162,,,,,,,,,,,,,,,,,,,,3,上市,114,,,,,,0,,,,,,,,,,,,,,,,3756056,,,,3731063,,0,,20.56,3699430,3874606,,,,,,,,,1814735,,,4307750,,,586,8063806,,,,,,,,,,,,,,24993,608320,4189200,0
,,,,-205369,,,1516,川飛,,,-6022,,,,,,,,,,,,,,,,,,,,3,上市,114,,,,,,,,,,,,,,,,,,,,,,208876,,,,,,0,,5.22,3937,147961,,,,,,,,,400082,,,3937,,,20185,212813,,,,,,,,,,,,,,,,64852,0
,,,,1186977,,,1517,利奇,,,-86087,,,,,,,,,,,,,,,,,,,,3,上市,114,-27004,,,,,,,,,,,,,,,,,,,,,3514765,,,,3377144,,2553000,,15.30,581382,2948860,,,,,,,,,2233000,,,752006,,,70258,4266771,,,,,,,,,,,,,,137621,170624,1317911,0
,,,,5759410,,,1519,華城,,,-244142,,,,,,,,,,,,,,,,,,,,3,上市,114,,,,,,,,,,,,,,,,,,,,,,8853265,,,,8761595,,0,,27.74,11265546,18801776,,,,,,,,,3158808,,,16127111,,,87519,24980376,,,,,,,,,,,,,,91670,4861565,6178600,0
,,,,994027,,,1521,大億,,,0,,,,,,,,,,,,,,,,,,,,3,上市,114,,,,,,0,,,,,,,,,,,,,,,,1817739,,,,1817739,,0,,23.85,998209,1937058,,,,,,,,,762300,,,1112807,,,61412,2930546,,,,,,,,,,,,,,,114598,993488,0
,,,,3744463,,,1522,堤維西,,,-138422,,,,,,,,,,,,,,,,,,,,3,上市,114,-5996,,,,,0,,,,,,,,,,,,,,,,10021588,,,,9632732,,939707,,28.17,17334020,18086539,,,,,,,,,3428979,,,27519043,,,2603708,37540631,,,,,,,,,,,,,,388856,10185023,19454092,0
,,,,1218944,,,1524,耿鼎,0,,16213,,,,,,,,,,,,0,,,,,,,,3,上市,114,0,,,,,0,,,,,,,,,,,,,,,,2889350,,,,,,0,,17.48,862021,1648307,,,,,,,,,1653104,,,2263678,,,1089,5153028,,,,,,,,,,,,,,,1401657,3504721,0
,,,,4495840,,,1525,江申,,,-476138,,,,,,,,,,,,,,,,,,,,3,上市,114,,,,,,,,,,,,,,,,,,,,,,4754954,,,,4754954,,0,,64.78,436248,2066988,,,,,,,,,734001,,,706180,,,1251,5461134,,,,,,,,,,,,,,,269932,3394146,0
,,,,648553,,,1526,日馳,,,7854,,,,,,,,,,,,,,,,,,,,3,上市,114,,,,,,,,,,,,,,,,,,,,,,1351527,,,,1351527,,0,,22.53,750393,1450844,,,,,,,,,600000,,,960716,,,95120,2312243,,,,,,,,,,,,,,,210323,861399,0
,,,,3333617,,,1527,鑽全,,,-1432,,,,,,,,,,,,,,,,,,,,3,上市,114,,,,,,,,,,,,,,,,,,,,,,4744823,,,,,,0,,34.24,580783,3927644,,,,,,,,,1385706,,,625948,,,26932,5370771,,,,,,,,,,,,,,,45165,1443127,0
,,,,89031,,,1528,恩德,,,-52755,,,,,,,,,,,,,,,,,,,,3,上市,114,,,,,,,,,,,,,,,,,,,,,,2196904,,,,2149047,,0,,11.23,2611111,3529196,,,,,,,,,1913310,,,3216542,,,199461,5413446,,,,,,,,,,,,,,47857,605431,1884250,0
,,,,200951,,,1529,樂事綠能,0,,-2619,,,,,,,,,,,,,,,,,,,,3,上市,114,0,,,,,,,,,,,,,,,,,,,,,1883783,,,,1813245,,0,,11.69,565738,806700,,,,,,,,,1550951,,,1560153,,,63962,3443936,,,,,,,,,,,,,,70538,994415,2637236,0
,,,,2119852,,,1530,亞崴,,,-42097,,,,,,,,,,,,,,,,,,,,3,上市,114,0,,,,,0,,,,,,,,,,,,,,,,3204601,,,,3119086,,0,,32.97,2140839,3178477,,,,,,,,,945942,,,2423587,,,95389,5628188,,,,,,,,,,,,,,85515,282748,2449711,0
,,,,1667360,,,1531,高林股,,,-170474,,,,,,,,,,,,,,,,,,,,3,上市,114,0,,,,,0,,,,,,,,,,,,,,,,3517301,,,,3517301,,0,,19.31,488972,2926347,,,,,,,,,1821081,,,774394,,,199334,4291695,,,,,,,,,,,,,,,285422,1365348,0
,,,,8217725,,,1532,勤美,,,-260117,,,,,,,,,,,,,,,,,,,,3,上市,114,-163070,,,,,0,,,,,,,,,,,,,,,,18714234,,,,14548989,,6341000,,34.95,24322327,34361852,,,,,,,,,4226043,,,33828977,,,2528408,52543211,,,,,,,,,,,,,,4165245,9506650,18181359,0
,,,,1091151,,,1533,車王電,,,-277573,,,,,,,,,,,,,,,,,,,,3,上市,114,,,,,,0,,,,,,,,,,,,,,,,2604423,,,,2161236,,0,,21.93,3395942,5070416,,,,,,,,,985475,,,5871438,,,362183,8475861,,,,,,,,,,,,,,443187,2475496,3405445,0
,,,,1931359,,,1535,中宇,0,,-172450,,,,,,,,,,,,,,,,,,,,3,上市,114,0,,,,,,,,,,,,,,,,,,,,,3627217,,,,3627217,,0,,29.31,3089271,4519423,,,,,,,,,1237426,,,3336570,,,630882,6963787,,,,,,,,,,,,,,0,247299,2444364,0
,,,,1327580,,,1536,和大,,,-80049,,,,,,,,,,,,,,,,,,,,3,上市,114,0,,,,,,,,,,,,,,,,,,,,,8098363,,,,7934615,,0,,28.44,7785092,6010294,,,,,,,,,2789595,,,13593920,,,3897489,21692283,,,,,,,,,,,,,,163748,5808828,15681989,0
,,,,2565145,,,1537,廣隆,,,42801,,,,,,,,,,,,,,,,,,,,3,上市,114,,,,,,0,,,,,,,,,,,,,,,,4130052,,,,4130052,,0,,50.33,1149493,4625858,,,,,,,,,820628,,,1528358,,,701478,5658410,,,,,,,,,,,,,,,378865,1032552,0
,,,,-100417,,,1538,正峰,,,-74991,,,,,,,,,,,,,,,,,,,,3,上市,114,,,,,,0,,,,,,,,,,,,,,,,147658,,,,147658,,0,,4.57,63730,120571,,,,,,,,,323000,,,101158,,,66,248816,,,,,,,,,,,,,,,37428,128245,0
,,,,919606,,,1539,巨庭,,,3044,,,,,,,,,,,,,,,,,,,,3,上市,114,,,,,,0,,,,,,,,,,,,,,,,1576350,,,,1576350,,0,,24.11,410683,1039652,,,,,,,,,653700,,,604999,,,0,2181349,,,,,,,,,,,,,,0,194316,1141697,0
,,,,420865,,,1540,喬福,,,,,,,,,,,,,,,,,,,,,,,3,上市,114,,,,,,0,,,,,,,,,,,,,,,,1429853,,,,,,0,,16.73,169855,1268858,,,,,,,,,854736,,,175882,,,154252,1605735,,,,,,,,,,,,,,,6027,336877,0
,,,,1241980,,,1541,錩泰,,,-8077,,,,,,,,,,,,,,,,,,,,3,上市,114,,,,,,0,,,,,,,,,,,,,,,,2023267,,,,2023267,,0,,25.68,826720,2055981,,,,,,,,,788000,,,1258675,,,1364,3281942,,,,,,,,,,,,,,,431955,1225961,0
,,,,3070810,,,1558,伸興,,,-471161,,,,,,,,,,,,,,,,,,,,3,上市,114,,,,,,,,,,,,,,,,,,,,,,8389914,,,,5155266,,0,,77.48,3527367,6522031,,,,,,,,,665356,,,4636012,,,1890261,13025926,,,,,,,,,,,,,,3234648,1108645,6503895,0
,,,,4539561,,,1560,中砂,,,-64004,,,,,,,,,,,,,,,,,,,,3,上市,114,,,,,,,,,,,,,,,,,,,,,,7869334,,,,7560900,,0,,51.46,2487789,5644246,,,,,,,,,1469411,,,4691056,,,1615932,12560390,,,,,,,,,,,,,,308434,2203267,6916144,0
,,,,4579967,,,1563,巧新,,,-6932,,,,,,,,,,,,,,,,,,,,3,上市,114,-515173,,,,,0,,,,,,,,,,,,,,,,8827729,,,,8782564,,8520000,,39.51,5066858,10217547,,,,,,,,,2307821,,,9278716,,,2416881,18106445,,,,,,,,,,,,,,45165,4211858,7888898,0
,,,,653403,,,1568,倉佑,,,-6015,,,,,,,,,,,,,,,,,,,,3,上市,114,0,,,,,,,,,,,,,,,,,,,,,1932649,,,,1837770,,0,,17.83,300324,845776,,,,,,,,,1030865,,,345447,,,159517,2278096,,,,,,,,,,,,,,94879,45123,1432320,0
,,,,2825537,,,1582,信錦,,,-802831,,,,,,,,,,,,,,,,,,,,3,上市,114,,,,,,,,,,,,,,,,,,,,,,7191792,,,,6842384,,0,,47.43,4627874,9138506,,,,,,,,,1442686,,,5200155,,,3376992,12391947,,,,,,,,,,,,,,349408,572281,3253441,0
,,,,4137195,,,1583,程泰,,,-76555,,,,,,,,,,,,,,,,,,,,3,上市,114,0,,,,,0,,,,,,,,,,,,,,,,6993767,,,,5478602,,0,,50.08,5052015,8965779,,,,,,,,,1094004,,,6934038,,,323958,13927805,,,,,,,,,,,,,,1515165,1882023,4962026,0
,,,,239539,,,1587,吉茂,,,-95756,,,,,,,,,,,,,,,,,,,,3,上市,114,0,,,,,0,,,,,,,,,,,,,,,,1491308,,,,1491308,,0,,18.63,1815575,2167320,,,,,,,,,800556,,,2077897,,,546969,3569205,,,,,,,,,,,,,,,262322,1401885,0
,,,,968386,,,1589,永冠-KY,,,-1461859,,,,,,,,,,,,,,,,,,,,3,上市,114,,,,,,,,,,,,,,,,,,,,,,8139070,,,,7778358,,0,,58.42,9774809,9637043,,,,,,,,,1331359,,,17934778,,,6940472,26073848,,,,,,,,,,,,,,360712,8159969,16436805,0
,,,,33018259,,,1590,亞德客-KY,,,-1978365,,,,,,,,,,,,,,,,,,,,3,上市,114,,,,,,,,,,,,,,,,,,,,,,47893409,,,,47887138,,0,,239.44,11056606,28126710,,,,,,,,,2000000,,,11348169,,,14847244,59241578,,,,,,,,,,,,,,6271,291563,31114868,0
,,,,1186102,,,1597,直得,,,-24795,,,,,,,,,,,,,,,,,,,,3,上市,114,-147570,,,,,0,,,,,,,,,,,,,,,,2352477,,,,2352477,,2000000,,26.96,862312,1992467,,,,,,,,,892619,,,1857748,,,446121,4210225,,,,,,,,,,,,,,,995436,2217758,0
,,,,336454,,,1598,岱宇,,,-149405,,,,,,,,,,,,,,,,,,,,3,上市,114,-353627,,,,,0,,,,,,,,,,,,,,,,4850934,,,,4501959,,9042000,,26.47,3373066,4190066,,,,,,,,,1791420,,,5531600,,,2877117,10382534,,,,,,,,,,,,,,348975,2158534,6192468,0
,,,,6553830,,,1603,華電,,,506748,,,,,,,,,,,,,,,,,,,,3,上市,114,-2244172,,,,,,,,,,,,,,,,,,,,,7482931,,,,7387501,,32841809,,46.51,3819702,7482523,,,,,,,,,1916880,,,4573374,,,654215,12056305,,,,,,,,,,,,,,95430,753672,4573782,0
,,,,5246845,,,1604,聲寶,,,-331847,,,,,,,,,,,,,,,,,,,,3,上市,114,-777873,,,,,,,,,,,,,,,,,,,,,8680705,,,,8260077,,20431605,,22.71,4160673,3675306,,,,,,,,,3842000,,,9455125,,,280952,18135830,,,,,,,,,,,,,,420628,5294452,14460524,0
,,,,59057331,,,1605,華新,,,14609726,,,,,,,,,,,,,,,,,,,,3,上市,114,,,,,,,,,,,,,,,,,,,,,,165195255,,,,155298218,,0,,35.05,41071714,80876602,,,,,,,,,44313329,,,121798635,,,37317832,286993890,,,,,,,,,,,,,,9897037,80726921,206117288,0
,,,,3483081,,,1608,華榮,,,-21697,,,,,,,,,,,,,,,,,,,,3,上市,114,-968671,,,,,,,,,,,,,,,,,,,,,10396761,,,,9256586,,208563824,,21.82,4622196,8132912,,,,,,,,,6327735,,,5575693,,,436138,15972454,,,,,,,,,,,,,,1140175,953497,7839542,0
,,,,6029652,,,1609,大亞,0,,440211,,,,,,,,,,,,,,,,,,,,3,上市,114,-12787,,,,,,,,,,,,,,,,,,,,0,19145833,,,,16644376,,2317419,,21.26,19496711,24423245,,,,,,,,,7852619,,,41356084,,,2334681,60501917,,,,,,,,,,,,,,2501457,21859373,36078672,0
,,,,845590,,,1611,中電,,,172674,,,,,,,,,,,,,,,,,,,,3,上市,114,,,,,,,,,,,,,,,,,,,,,,4251305,,,,4251305,,0,,13.17,787336,1961432,,,,,,,,,3227358,,,960993,,,5683,5212298,,,,,,,,,,,,,,,173657,3250866,0
,,,,4453530,,,1612,宏泰,,,106022,,,,,,,,,,,,,,,,,,,,3,上市,114,,,,,,,,,,,,,,,,,,,,,,7921916,,,,7920427,,0,,25.06,1012777,4816344,,,,,,,,,3160801,,,1161597,,,200074,9083513,,,,,,,,,,,,,,1489,148820,4267169,0
,,,,2564224,,,1614,三洋電,,,170784,,,,,,,,,,,,,,,,,,,,3,上市,114,-132298,,,,,0,,,,,,,,,,,,,,,,5648543,,,,5603300,,10182744,,21.64,1000914,2786344,,,,,,,,,2691134,,,1459228,,,309456,7107771,,,,,,,,,,,,,,45243,458314,4321427,0
,,,,1818484,,,1615,大山,,,105079,,,,,,,,,,,,,,,,,,,,3,上市,114,,,,,,,,,,,,,,,,,,,,,,3890200,,,,3890200,,0,,19.78,1630426,3471389,,,,,,,,,1966637,,,1820648,,,0,5710848,,,,,,,,,,,,,,,190222,2239459,0
,,,,469936,,,1616,億泰,,,-85727,,,,,,,,,,,,,,,,,,,,3,上市,114,-85077,,,,,,,,,,,,,,,,,,,,,2251486,,,,2251486,,4654499,,11.88,2175946,3486298,,,,,,,,,1941485,,,2187968,,,10869,4439454,,,,,,,,,,,,,,,12022,953156,0
,,,,299830,,,1617,榮星,,,-178202,,,,,,,,,,,,,,,,,,,,3,上市,114,0,,,,,0,,,,,,,,,,,,,,,,2082817,,,,2073873,,0,,12.23,1231617,2257224,,,,,,,,,1695147,,,1308755,,,257098,3391572,,,,,,,,,,,,,,8944,77138,1134348,0
,,,,3258933,,,1618,合機,,,971496,,,,,,,,,,,,,,,,,,,,3,上市,114,,,,,,,,,,,,,,,,,,,,,,6257372,,,,6257372,,0,,32.47,1895536,3950933,,,,,,,,,1926917,,,1961950,,,100026,8219322,,,,,,,,,,,,,,,66414,4268389,0
,,,,1329403,,,1623,大東電,,,53911,,,,,,,,,,,,,,,,,,,,3,上市,114,,,,,,0,,,,,,,,,,,,,,,,2696799,,,,,,0,,44.95,3236935,5681740,,,,,,,,,600000,,,4631190,,,713485,7327989,,,,,,,,,,,,,,,1394255,1646249,0
,,,,441175,,,1626,艾美特-KY,,,-440554,,,,,,,,,,,,,,,,,,,,3,上市,114,0,,,,,0,,,,,,,,,,,,,,,,2697468,,,,2697468,,0,,18.00,5006677,5074300,,,,,,,,,1498217,,,5269264,,,1198630,7966732,,,,,,,,,,,,,,,262587,2892432,0
,,,,4286809,,,1702,南僑,,,-938355,,,,,,,,,,,,,,,,,,,,3,上市,114,-530114,,,,,,,,,,,,,,,,,,,,,13576239,,,,10647875,,46041259,,42.92,9383374,14648968,,,,,,,,,2941330,,,18220971,,,4888205,31797210,,,,,,,,,,,,,,2928364,8837597,17148242,0
,,,,5881795,,,1707,葡萄王,,,-91507,,,,,,,,,,,,,,,,,,,,3,上市,114,,,,,,,,,,,,,,,,,,,,,,11638091,,,,10152445,,0,,68.53,2585838,4653644,,,,,,,,,1481374,,,2851392,,,2880783,14489483,,,,,,,,,,,,,,1485646,265554,9835839,0
,,,,4509074,,,1708,東鹼,,,-142740,,,,,,,,,,,,,,,,,,,,3,上市,114,,,,,,0,,,,,,,,,,,,,,,,6927957,,,,6927957,,0,,27.82,3441673,3686612,,,,,,,,,2490017,,,5744051,,,71606,12672008,,,,,,,,,,,,,,,2302378,8985396,0
,,,,3112215,,,1709,和益,,,878275,,,,,,,,,,,,,,,,,,,,3,上市,114,,,,,,,,,,,,,,,,,,,,,,9102125,,,,8836792,,0,,18.53,1716430,5050853,,,,,,,,,4770163,,,2843935,,,76139,11946060,,,,,,,,,,,,,,265333,1127505,6895207,0
,,,,3528733,,,1710,東聯,,,-3414295,,,,,,,,,,,,,,,,,,,,3,上市,114,-118460,,,,,,,,,,,,,,,,,,,,,12181403,,,,9944951,,8675554,,11.34,8289135,4538422,,,,,,,,,8857031,,,19431991,,,1091942,31613394,,,,,,,,,,,,,,2236452,11142856,27074972,0
,,,,2287038,,,1711,永光,,,-87626,,,,,,,,,,,,,,,,,,,,3,上市,114,,,,,,,,,,,,,,,,,,,,,,8414072,,,,8152170,,0,,14.88,2857283,6263070,,,,,,,,,5477522,,,4310830,,,475236,12724902,,,,,,,,,,,,,,261902,1453547,6461832,0
,,,,3785383,,,1712,興農,,,-199146,,,,,,,,,,,,,,,,,,,,3,上市,114,,,,,,,,,,,,,,,,,,,,,,8317169,,,,8256930,,0,,19.64,5034830,7776568,,,,,,,,,4204926,,,6701117,,,465767,15018286,,,,,,,,,,,,,,60239,1666287,7241718,0
,,,,1822183,,,1713,國化,,,179720,,,,,,,,,,,,,,,,,,,,3,上市,114,0,,,,,0,,,,,,,,,,,,,,,,3604350,,,,,,0,,23.88,76771,648107,,,,,,,,,1509517,,,160846,,,92930,3765196,,,,,,,,,,,,,,,84075,3117089,0
,,,,3404449,,,1714,和桐,,,-1744318,,,,,,,,,,,,,,,,,,,,3,上市,114,-78973,,,,,0,,,,,,,,,,,,,,,,16163968,,,,11620753,,10141558,,11.84,4241598,15060586,,,,,,,,,9918248,,,6892124,,,121347,23056092,,,,,,,,,,,,,,4543215,2650526,7995506,0
,,,,14948140,,,1717,長興,,,-1624841,,,,,,,,,,,,,,,,,,,,3,上市,114,0,,,,,6020000,,,,,,,,,,,,,,,,26835638,,,,26144111,,0,,22.42,16618973,30789743,,,,,,,,,11722455,,,32052853,,,1098357,58888491,,,,,,,,,,,,,,691527,15433880,28098748,0
,,,,2897276,,,1718,中纖,0,,1793526,,,,,,,,,,,,,,,,,,,,3,上市,114,-1144725,,,,,,,,,,,,,,,,,,,,,,88999162,0,,22117371,,345768645,,16.50,898147720,770732494,,,,,,,,,16859057,,,929479212,,,1712237,1018478374,,,,,,,,,,,,,,66881791,31331492,247745880,0
,,,,3906599,,,1720,生達,,,-45763,,,,,,,,,,,,,,,,,,,,3,上市,114,,,,,,0,,,,,,,,,,,,,,,,9021426,,,,5948545,,0,,33.29,2217355,5336356,,,,,,,,,1786961,,,2602011,,,300748,11623437,,,,,,,,,,,,,,3072881,384656,6287081,0
,,,,-140051,,,1721,國慶科技,,,-3210,,,,,,,,,,,,,,,,,,,,3,上市,114,,,,,,,,,,,,,,,,,,,,,,1747835,,,,1747835,,0,,9.45,741784,1546428,,,,,,,,,1848841,,,1415556,,,42255,3163391,,,,,,,,,,,,,,,673772,1616963,0
,,,,38326340,,,1722,台肥,0,,3782201,,,,,,,,,,,,,,,,,,,,3,上市,114,0,,,,,0,,,,,,,,,,,,,,,0,54154706,,,,54154706,,0,,55.26,4007412,8389217,,,,,,,,,9800000,,,27573528,,,2246165,81728234,,,,,,,,,,,,,,0,23566116,73339017,0
,,,,4754129,,,1723,中碳,,,-305846,,,,,,,,,,,,,,,,,,,,3,上市,114,-117638,,,,,,,,,,,,,,,,,,,,,7689912,,,,7689912,,4753537,,33.12,1782263,3376900,,,,,,,,,2369044,,,3444170,,,990223,11134082,,,,,,,,,,,,,,,1661907,7757182,0
,,,,1312091,,,1725,元禎,,,3042272,,,,,,,,,,,,,,,,,,,,3,上市,114,0,,,,,,,,,,,,,,,,,,,,,6174951,,,,6174950,,0,,33.96,2187036,7379053,,,,,,,,,1818300,,,2261890,,,2287,8436841,,,,,,,,,,,,,,1,74854,1057788,0
,,,,8724644,,,1726,永記,,,-404517,,,,,,,,,,,,,,,,,,,,3,上市,114,,,,,,,,,,,,,,,,,,,,,,10050000,,,,10050000,,0,,62.04,1331095,7648358,,,,,,,,,1620000,,,1433117,,,109873,11483117,,,,,,,,,,,,,,,102022,3834759,0
,,,,390009,,,1727,中華化,,,,,,,,,,,,,,,,,,,,,,,3,上市,114,,,,,,,,,,,,,,,,,,,,,,2090480,,,,,,0,,16.68,788841,1046424,,,,,,,,,1280196,,,1221889,,,420275,3312369,,,,,,,,,,,,,,,433048,2265945,0
,,,,1125262,,,1730,花仙子,,,-41866,,,,,,,,,,,,,,,,,,,,3,上市,114,,,,,,,,,,,,,,,,,,,,,,2078301,,,,1950392,,0,,30.84,489066,1706816,,,,,,,,,632339,,,540431,,,234657,2618732,,,,,,,,,,,,,,127909,51365,911916,0
,,,,648759,,,1731,美吾華,,,-85547,,,,,,,,,,,,,,,,,,,,3,上市,114,,,,,,,,,,,,,,,,,,,,,,2084572,,,,2084572,,0,,15.68,380458,1110732,,,,,,,,,1329152,,,1022345,,,192208,3106917,,,,,,,,,,,,,,,641887,1996185,0
,,,,63823,,,1732,毛寶,,,-3555,,,,,,,,,,,,,,,,,,,,3,上市,114,,,,,,0,,,,,,,,,,,,,,,,487411,,,,487411,,0,,11.48,132703,418583,,,,,,,,,424439,,,159883,,,2704,647294,,,,,,,,,,,,,,,27180,228711,0
,,,,736931,,,1733,五鼎,,,9302,,,,,,,,,,,,,,,,,,,,3,上市,114,,,,,,,,,,,,,,,,,,,,,,1814722,,,,1814103,,0,,18.15,383919,1567869,,,,,,,,,999502,,,494691,,,68368,2309413,,,,,,,,,,,,,,619,110772,741544,0
,,,,617021,,,1734,杏輝,,,-134948,,,,,,,,,,,,,,,,,,,,3,上市,114,,,,,,,,,,,,,,,,,,,,,,3573092,,,,3308181,,0,,17.39,1143425,2528502,,,,,,,,,1901968,,,2553031,,,924140,6126123,,,,,,,,,,,,,,264911,1409606,3597621,0
,,,,407027,,,1735,日勝化,,,-33770,,,,,,,,,,,,,,,,,,,,3,上市,114,,,,,,,,,,,,,,,,,,,,,,1465154,,,,1465154,,0,,14.74,1571198,1516770,,,,,,,,,993880,,,1648680,,,98017,3113834,,,,,,,,,,,,,,,77482,1597064,0
,,,,10145838,,,1736,喬山,,,-2317145,,,,,,,,,,,,,,,,,,,,3,上市,114,0,,,,,,,,,,,,,,,,,,,,,11319384,,,,11311770,,0,,37.28,21850195,30416582,,,,,,,,,3033946,,,33227780,,,449131,44547164,,,,,,,,,,,,,,7614,11377585,14130582,0
,,,,2158748,,,1737,臺鹽,,,-3814,,,,,,,,,,,,,,,,,,,,3,上市,114,,,,,,,,,,,,,,,,,,,,,,6645784,,,,6645784,,0,,33.23,1034632,2717339,,,,,,,,,2000000,,,1555317,,,2490850,8201101,,,,,,,,,,,,,,0,520685,5483762,0
,,,,1171757,,,1752,南光,,,-35,,,,,,,,,,,,,,,,,,,,3,上市,114,,,,,,0,,,,,,,,,,,,,,,,2432620,,,,2426619,,0,,24.03,1100360,1464845,,,,,,,,,1009885,,,1350835,,,245012,3783455,,,,,,,,,,,,,,6001,250475,2318610,0
,,,,296587,,,1760,寶齡富錦,,,-22850,,,,,,,,,,,,,,,,,,,,3,上市,114,,,,,,0,,,,,,,,,,,,,,,,1901987,,,,1901987,,0,,22.18,982837,1383928,,,,,,,,,857391,,,1222693,,,770859,3124680,,,,,,,,,,,,,,,239856,1740752,0
,,,,2176376,,,1762,中化生,,,-63747,,,,,,,,,,,,,,,,,,,,3,上市,114,0,,,,,0,,,,,,,,,,,,,,,,3213572,,,,3213572,,0,,41.78,350635,1171092,,,,,,,,,769180,,,1225092,,,331763,4438664,,,,,,,,,,,,,,,874457,3267572,0
,,,,7571791,,,1773,勝一,,,-95386,,,,,,,,,,,,,,,,,,,,3,上市,114,0,,,,,,,,,,,,,,,,,,,,,10580129,,,,10580129,,0,,35.27,2991965,3898230,,,,,,,,,3000000,,,5685365,,,103724,16265494,,,,,,,,,,,,,,0,2693400,12367264,0
,,,,305934,,,1776,展宇,,,-92197,,,,,,,,,,,,,,,,,,,,3,上市,114,,,,,,,,,,,,,,,,,,,,,,924139,,,,827911,,0,,13.77,353891,1078698,,,,,,,,,601070,,,608683,,,13104,1532822,,,,,,,,,,,,,,96228,254792,454124,0
,,,,450829,,,1783,和康生,,,-203105,,,,,,,,,,,,,,,,,,,,3,上市,114,,,,,,0,,,,,,,,,,,,,,,,1473553,,,,1473553,,0,,16.43,226545,950139,,,,,,,,,896801,,,234005,,,329028,1707558,,,,,,,,,,,,,,,7460,757419,0
,,,,212920,,,1786,科妍,,,-912,,,,,,,,,,,,,,,,,,,,3,上市,114,,,,,,,,,,,,,,,,,,,,,,1920594,,,,1920594,,0,,26.60,179951,1364065,,,,,,,,,748276,,,689273,,,960310,2609867,,,,,,,,,,,,,,,509322,1245802,0
,,,,1268811,,,1789,神隆,,,522054,,,,,,,,,,,,,,,,,,,,3,上市,114,,,,,,0,,,,,,,,,,,,,,,,10992946,,,,10992946,,0,,13.90,689617,5412409,,,,,,,,,7907392,,,1319003,,,1294689,12311949,,,,,,,,,,,,,,,629386,6899540,0
,,,,14740141,,,1795,美時,,,-2054131,,,,,,,,,,,,,,,,,,,,3,上市,114,-825360,,,,,0,,,,,,,,,,,,,,,,22172222,,,,22172222,,4184000,,84.35,8869212,16077303,,,,,,,,,2670438,,,17427324,,,7641134,39599546,,,,,,,,,,,,,,,8558112,23522243,0
,,,,17878765,,,1802,台玻,,,-4069949,,,,,,,,,,,,,,,,,,,,3,上市,114,,,,,,,,,,,,,,,,,,,,,,47405471,,,,44784662,,0,,15.40,31290820,35353222,,,,,,,,,29080608,,,39460175,,,1895238,86865646,,,,,,,,,,,,,,2620809,8169355,51512424,0
,,,,40003,,,1805,寶徠,,,-8117,,,,,,,,,,,,,,,,,,,,3,上市,114,0,,,,,,,,,,,,,,,,,,,,,1608944,,,,1608944,,0,,11.92,398279,1800640,,,,,,,,,1349705,,,425524,,,227353,2034468,,,,,,,,,,,,,,0,27245,233828,0
,,,,849968,,,1806,冠軍,,,330370,,,,,,,,,,,,,,,,,,,,3,上市,114,-46592,,,,,0,,,,,,,,,,,,,,,,5195784,,,,5195784,,3887000,,13.44,1462614,4329785,,,,,,,,,3904039,,,2969010,,,157999,8164794,,,,,,,,,,,,,,0,1506396,3835009,0
,,,,1934549,,,1808,潤隆,,,288245,,,,,,,,,,,,,,,,,,,,3,上市,114,,,,,,,,,,,,,,,,,,,,,,11179846,,,,11179846,,0,,12.52,31593661,49868556,,,,,,,,,8930317,,,43435872,,,26735,54615718,,,,,,,,,,,,,,,11842211,4747162,0
,,,,1233382,,,1809,中釉,,,-161992,,,,,,,,,,,,,,,,,,,,3,上市,114,,,,,,,,,,,,,,,,,,,,,,3282537,,,,2870369,,0,,17.18,1031214,1980182,,,,,,,,,1670419,,,1166803,,,128560,4449340,,,,,,,,,,,,,,412168,135589,2469158,0
,,,,3162382,,,1810,和成,,,574880,,,,,,,,,,,,,,,,,,,,3,上市,114,-4781,,,,,0,,,,,,,,,,,,,,,,6845573,,,,6772564,,445484,,22.44,2577228,4259715,,,,,,,,,3023037,,,3370071,,,17046,10215644,,,,,,,,,,,,,,73009,792843,5955929,0
,,,,1456108,,,1817,凱撒衛,,,-312116,,,,,,,,,,,,,,,,,,,,3,上市,114,0,,,,,,,,,,,,,,,,,,,,,2191926,,,,2153547,,0,,29.66,492474,1836794,,,,,,,,,726000,,,748655,,,283555,2940581,,,,,,,,,,,,,,38379,256181,1103787,0
,,,,256387,,,1903,士紙,,,2299772,,,,,,,,,,,,,,,,,,,,3,上市,114,,,,,,0,,,,,,,,,,,,,,,,5156550,,,,5156550,,0,,19.83,3294237,3354361,,,,,,,,,2600391,,,5038367,,,0,10194917,,,,,,,,,,,,,,,1744130,6840556,0
,,,,17277218,,,1904,正隆,,,-1247178,,,,,,,,,,,,,,,,,,,,3,上市,114,,,,,,,,,,,,,,,,,,,,,,29079512,,,,28269185,,0,,25.51,17054733,22662837,,,,,,,,,11082745,,,40992355,,,1156400,70071867,,,,,,,,,,,,,,810327,23937622,47409030,0
,,,,1854341,,,1905,華紙,,,1975273,,,,,,,,,,,,,,,,,,,,3,上市,114,0,,,,,,,,,,,,,,,,,,,,,17375863,,,,15024127,,0,,13.62,17102098,18858408,,,,,,,,,11028353,,,21913215,,,166160,39289078,,,,,,,,,,,,,,2351736,4811117,20430670,0
,,,,2593397,,,1906,寶隆,,,-1299893,,,,,,,,,,,,,,,,,,,,3,上市,114,,,,,,,,,,,,,,,,,,,,,,2821807,,,,,,0,,18.69,2401221,374314,,,,,,,,,1510000,,,2725665,,,18303,5547472,,,,,,,,,,,,,,,324444,5173158,0
,,,,23838573,,,1907,永豐餘,,,23882859,,,,,,,,,,,,,,,,,,,,3,上市,114,,,,,,,,,,,,,,,,,,,,,,84391026,,,,68268502,,0,,41.12,55833679,63513703,,,,,,,,,16603715,,,80461169,,,3943355,164852195,,,,,,,,,,,,,,16122524,24627490,101338492,0
,,,,4559026,,,1909,榮成,,,-2336240,,,,,,,,,,,,,,,,,,,,3,上市,114,-156391,,,,,,,,,,,,,,,,,,,,,19722025,,,,19691532,,16041000,,15.01,22351124,13765218,,,,,,,,,13276857,,,47795604,,,4348280,67517629,,,,,,,,,,,,,,30493,25444480,53752411,0
,,,,108677244,,,2002,中鋼,,,-7795044,,,,,,,,,,,,,,,,,,,,3,上市,114,-13118233,,,,,,,,,,,,,,,,,,,,,323639307,,,,286683642,,674286000,,18.99,140455761,177627938,,,,,,,,,157731290,,,351298517,,,41188385,674937824,,,,,,,,,,,,,,36955665,210842756,497309886,0
,,,,18232359,,,2006,東和鋼鐵,,,-523932,,,,,,,,,,,,,,,,,,,,3,上市,114,,,,,,,,,,,,,,,,,,,,,,32856830,,,,32752873,,0,,44.85,16945692,28614375,,,,,,,,,7302138,,,18887430,,,7742308,51744260,,,,,,,,,,,,,,103957,1941738,23129885,0
,,,,-1034687,,,2007,燁興,,,1024,,,,,,,,,,,,,,,,,,,,3,上市,114,0,,,,,,,,,,,,,,,,,,,,,4493339,,,,,,0,,8.47,4018824,1544173,,,,,,,,,5306516,,,7570703,,,220486,12064042,,,,,,,,,,,,,,,3551879,10519869,0
,,,,1289882,,,2008,高興昌,,,356847,,,,,,,,,,,,,,,,,,,,3,上市,114,,,,,,,,,,,,,,,,,,,,,,3555252,,,,,,0,,18.63,2040835,2351212,,,,,,,,,1908523,,,4441726,,,0,7996978,,,,,,,,,,,,,,,2400891,5645766,0
,,,,570754,,,2009,第一銅,,,4217978,,,,,,,,,,,,,,,,,,,,3,上市,114,,,,,,0,,,,,,,,,,,,,,,,8384954,,,,,,0,,23.32,1500523,2165229,,,,,,,,,3596222,,,1767701,,,0,10152655,,,,,,,,,,,,,,,267178,7987426,0
,,,,6043152,,,2010,春源,,,-368838,,,,,,,,,,,,,,,,,,,,3,上市,114,,,,,,,,,,,,,,,,,,,,,,12693635,,,,12328832,,0,,19.04,8910630,15259990,,,,,,,,,6476554,,,11008831,,,177964,23702466,,,,,,,,,,,,,,364803,2098201,8442476,0
,,,,1203563,,,2012,春雨,,,-725043,,,,,,,,,,,,,,,,,,,,3,上市,114,-267195,,,,,0,,,,,,,,,,,,,,,,4479649,,,,3792656,,23430173,,13.61,2948587,6918908,,,,,,,,,3021627,,,6807858,,,559704,11287507,,,,,,,,,,,,,,686993,3859271,4368599,0
,,,,2246101,,,2013,中鋼構,,,-156654,,,,,,,,,,,,,,,,,,,,3,上市,114,,,,,,,,,,,,,,,,,,,,,,5472778,,,,5472778,,0,,27.36,8438367,10278372,,,,,,,,,2000000,,,9083474,,,1383331,14556252,,,,,,,,,,,,,,,645107,4277880,0
,,,,-576689,,,2014,中鴻,,,-1227130,,,,,,,,,,,,,,,,,,,,3,上市,114,,,,,,,,,,,,,,,,,,,,,,12552528,,,,12552528,,0,,8.74,6328695,9105898,,,,,,,,,14355444,,,15460313,,,903,28012841,,,,,,,,,,,,,,,9131618,18906943,0
,,,,15882689,,,2015,豐興,,,-198301,,,,,,,,,,,,,,,,,,,,3,上市,114,,,,,,,,,,,,,,,,,,,,,,21967756,,,,21956207,,0,,37.75,2086419,10599996,,,,,,,,,5815994,,,2809317,,,455825,24777073,,,,,,,,,,,,,,11549,722898,14177077,0
,,,,-11437,,,2017,官田鋼,,,215451,,,,,,,,,,,,,,,,,,,,3,上市,114,-267966,,,,,,,,,,,,,,,,,,,,,6739951,,,,4984169,,19533437,,11.66,3937160,4525497,,,,,,,,,4468747,,,7056556,,,579374,13796507,,,,,,,,,,,,,,1755782,3119396,9271010,0
,,,,1377084,,,2020,美亞,,,350,,,,,,,,,,,,,,,,,,,,3,上市,114,0,,,,,,,,,,,,,,,,,,,,,4342037,,,,4329369,,0,,16.21,4323630,6432924,,,,,,,,,2670313,,,5069726,,,281622,9411763,,,,,,,,,,,,,,12668,746096,2978839,0
,,,,-145045,,,2022,聚亨,,,22396,,,,,,,,,,,,,,,,,,,,3,上市,114,,,,,,,,,,,,,,,,,,,,,,6672257,,,,3362190,,0,,9.97,2649851,5224361,,,,,,,,,3371682,,,3094971,,,113157,9767228,,,,,,,,,,,,,,3310067,445120,4542867,0
,,,,11671812,,,2023,燁輝,,,-947213,,,,,,,,,,,,,,,,,,,,3,上市,114,-341527,,,,,,,,,,,,,,,,,,,,,34534499,,,,34079123,,22462000,,17.90,27183714,25377030,,,,,,,,,19263562,,,61400070,,,4432489,95934569,,,,,,,,,,,,,,455376,34216356,70557539,0
,,,,121590,,,2024,志聯,0,,0,,,,,,,,,,,,0,,,,,,,,3,上市,114,,,,,,0,,,,,,,,,,,,,,,,1107298,,,,,,0,,11.36,350499,745288,,,,,,,,,975000,,,581970,,,10708,1689268,,,,,,,,,,,,,,,231471,943980,0
,,,,-327939,,,2025,千興,,,1067,,,,,,,,,,,,,,,,,,,,3,上市,114,,,,,,,,,,,,,,,,,,,,,,1399733,,,,,,0,,8.11,640106,1411858,,,,,,,,,1726605,,,642468,,,,2042201,,,,,,,,,,,,,,,2362,630343,0
,,,,21167119,,,2027,大成鋼,,,959405,,,,,,,,,,,,,,,,,,,,3,上市,114,-3501711,,,,,,,,,,,,,,,,,,,,,83917939,,,,71070504,,230422155,,30.19,28553941,89232716,,,,,,,,,25842606,,,67516262,,,26603085,151434201,,,,,,,,,,,,,,12847435,38962321,62201485,0
,,,,1107796,,,2028,威致,,,357210,,,,,,,,,,,,,,,,,,,,3,上市,114,-40711,,,,,,,,,,,,,,,,,,,,,4681443,,,,,,1693000,,14.45,1983249,3840285,,,,,,,,,3257148,,,3735735,,,,8417178,,,,,,,,,,,,,,,1752486,4576893,
,,,,5188143,,,2029,盛餘,,,-10571,,,,,,,,,,,,,,,,,,,,3,上市,114,,,,,,,,,,,,,,,,,,,,,,10020473,,,,9947341,,0,,30.97,1106286,7944045,,,,,,,,,3211800,,,1201860,,,1557969,11222333,,,,,,,,,,,,,,73132,95574,3278288,0
,,,,1704964,,,2030,彰源,,,-206270,,,,,,,,,,,,,,,,,,,,3,上市,114,-75919,,,,,,,,,,,,,,,,,,,,,4691506,,,,4691506,,4560000,,17.00,4015953,6208727,,,,,,,,,2805260,,,6730102,,,463471,11421608,,,,,,,,,,,,,,,2714149,5212881,0
,,,,6667748,,,2031,新光鋼,,,849992,,,,,,,,,,,,,,,,,,,,3,上市,114,,,,,,,,,,,,,,,,,,,,,,12357888,,,,11672648,,0,,36.35,9767667,15894775,,,,,,,,,3211463,,,16826711,,,943445,29184599,,,,,,,,,,,,,,685240,7059044,13289824,0
,,,,304055,,,2032,新鋼,,,5426,,,,,,,,,,,,,,,,,,,,3,上市,114,,,,,,0,,,,,,,,,,,,,,,,1721707,,,,,,0,,13.19,301715,1263966,,,,,,,,,1305215,,,446720,,,107011,2168427,,,,,,,,,,,,,,,145005,904461,0
,,,,151273,,,2033,佳大,,,71820,,,,,,,,,,,,,,,,,,,,3,上市,114,0,,,,,0,,,,,,,,,,,,,,,,1048076,,,,,,0,,12.99,152407,418426,,,,,,,,,806945,,,171714,,,18038,1219790,,,,,,,,,,,,,,,19307,801364,0
,,,,1548858,,,2034,允強,,,724075,,,,,,,,,,,,,,,,,,,,3,上市,114,,,,,,,,,,,,,,,,,,,,,,9478277,,,,9478277,,0,,18.10,8492345,9554186,,,,,,,,,5235529,,,12612446,,,1969815,22090723,,,,,,,,,,,,,,,4120101,12536537,0
,,,,541225,,,2038,海光,,,1035891,,,,,,,,,,,,,,,,,,,,3,上市,114,,,,,,,,,,,,,,,,,,,,,,4121265,,,,3914467,,0,,20.16,2946407,4316347,,,,,,,,,1941343,,,5769810,,,396008,9891075,,,,,,,,,,,,,,206798,2823403,5574728,0
,,,,24763659,,,2049,上銀,,,1032395,,,,,,,,,,,,,,,,,,,,3,上市,114,,,,,,,,,,,,,,,,,,,,,,36876887,,,,36813712,,0,,104.05,8252794,19059749,,,,,,,,,3537923,,,16379542,,,7479735,53256429,,,,,,,,,,,,,,63175,8126748,34196680,0
,,,,22753390,,,2059,川湖,,,-16024,,,,,,,,,,,,,,,,,,,,3,上市,114,0,,,,,,,,,,,,,,,,,,,,,24487028,,,,24487028,,0,,256.95,4216292,25832377,,,,,,,,,952971,,,5968474,,,796691,30455502,,,,,,,,,,,,,,0,1752182,4623125,0
,,,,3835052,,,2062,橋椿,,,-397754,,,,,,,,,,,,,,,,,,,,3,上市,114,,,,,,,,,,,,,,,,,,,,,,7350199,,,,7348366,,0,,36.74,1988977,5098215,,,,,,,,,1999942,,,3371103,,,1911126,10721302,,,,,,,,,,,,,,1833,1382126,5623087,0
,,,,1263340,,,2069,運錩,,,-251690,,,,,,,,,,,,,,,,,,,,3,上市,114,0,,,,,,,,,,,,,,,,,,,,,3918648,,,,3918648,,0,,23.55,3943734,4029428,,,,,,,,,1663868,,,5055753,,,1243130,8974401,,,,,,,,,,,,,,,1112019,4944973,0
,,,,2312681,,,2072,世紀風電,,,,,,,,,,,,,,,,,,,,,,,3,上市,114,,,,,,,,,,,,,,,,,,,,,,18945400,,,,18943005,,0,,111.43,3047427,11329580,,,,,,,,,1700000,,,4688777,,,14930324,23634177,,,,,,,,,,,,,,2395,1641350,12304597,0
,,,,3853252,,,2101,南港,,,65427,,,,,,,,,,,,,,,,,,,,3,上市,114,-187808,,,,,,,,,,,,,,,,,,,,,11363442,,,,11363442,,4428595,,15.58,38328616,39973096,,,,,,,,,7339349,,,39247723,,,293222,50611165,,,,,,,,,,,,,,0,919107,10638069,0
,,,,-3743032,,,2102,泰豐,,,4742391,,,,,,,,,,,,,,,,,,,,3,上市,114,-183035,,,,,,,,,,,,,,,,,,,,,5713830,,,,5713830,,13755607,,12.43,1199133,3805444,,,,,,,,,4733292,,,6888434,,,164214,12602264,,,,,,,,,,,,,,,5689301,8796820,0
,,,,9118633,,,2103,台橡,,,1712017,,,,,,,,,,,,,,,,,,,,3,上市,114,,,,,,,,,,,,,,,,,,,,,,20583110,,,,19144968,,0,,23.19,9736792,18266214,,,,,,,,,8257099,,,20758574,,,57219,41341684,,,,,,,,,,,,,,1438142,11021782,23075470,0
,,,,4673250,,,2104,國際中橡,,,1107252,,,,,,,,,,,,,,,,,,,,3,上市,114,-290088,,,,,,,,,,,,,,,,,,,,,26117340,,,,24574763,,14734663,,25.33,13791661,22521676,,,,,,,,,9847336,,,22935924,,,9237013,49053264,,,,,,,,,,,,,,1542577,9144263,26531588,0
,,,,57683431,,,2105,正新,,,-8097620,,,,,,,,,,,,,,,,,,,,3,上市,114,,,,,,0,,,,,,,,,,,,,,,,82631090,,,,82104214,,0,,25.33,25535617,60875236,,,,,,,,,32414155,,,56275917,,,104248,138907007,,,,,,,,,,,,,,526876,30740300,78031771,0
,,,,10449825,,,2106,建大,,,-1369661,,,,,,,,,,,,,,,,,,,,3,上市,114,,,,,,,,,,,,,,,,,,,,,,18629105,,,,18629105,,0,,19.51,9416394,23520084,,,,,,,,,9548900,,,25607669,,,41,44236774,,,,,,,,,,,,,,,16191275,20716690,0
,,,,9122791,,,2107,厚生,,,407854,,,,,,,,,,,,,,,,,,,,3,上市,114,,,,,,,,,,,,,,,,,,,,,,13016324,,,,13016324,,0,,42.87,1528312,9920171,,,,,,,,,3035934,,,1997461,,,449745,15013785,,,,,,,,,,,,,,,469149,5093614,0
,,,,9157757,,,2108,南帝,,,-212437,,,,,,,,,,,,,,,,,,,,3,上市,114,,,,,,0,,,,,,,,,,,,,,,,15829783,,,,13911052,,0,,28.25,1444518,13456349,,,,,,,,,4924167,,,2006462,,,41565,17836245,,,,,,,,,,,,,,1918731,561944,4379896,0
,,,,474531,,,2109,華豐,,,-57633,,,,,,,,,,,,,,,,,,,,3,上市,114,,,,,,0,,,,,,,,,,,,,,,,4912103,,,,3286123,,0,,11.76,1580163,4419209,,,,,,,,,2793492,,,2873018,,,75733,7785121,,,,,,,,,,,,,,1625980,1292855,3365912,0
,,,,1997215,,,2114,鑫永銓,,,,,,,,,,,,,,,,,,,,,,,3,上市,114,,,,,,0,,,,,,,,,,,,,,,,3043563,,,,,,0,,39.02,345390,2170755,,,,,,,,,779918,,,597237,,,266430,3640800,,,,,,,,,,,,,,,251847,1470045,0
,,,,2087905,,,2115,六暉-KY,,,-469529,,,,,,,,,,,,,,,,,,,,3,上市,114,,,,,,0,,,,,,,,,,,,,,,,3056107,,,,3056107,,0,,29.28,654772,2190545,,,,,,,,,1043732,,,1423110,,,393999,4479217,,,,,,,,,,,,,,0,768338,2288672,0
,,,,35427897,,,2201,裕隆,,,278492,,,,,,,,,,,,,,,,,,,,3,上市,114,-376301,,,,,,,,,,,,,,,,,,,,,91927036,,,,62117140,,7526431,,58.46,255798496,257004063,,,,,,,,,10700013,,,273771368,,,16087039,365698404,,,,,,,,,,,,,,29809896,17972872,108694341,0
,,,,24075327,,,2204,中華,,,-531975,,,,,,,,,,,,,,,,,,,,3,上市,114,,,,,,,,,,,,,,,,,,,,,,40210616,,,,36537283,,0,,66.00,12269262,15157999,,,,,,,,,5536203,,,13424881,,,7457728,53635497,,,,,,,,,,,,,,3673333,1155619,38477498,0
,,,,17422420,,,2206,三陽工業,,,-1708199,,,,,,,,,,,,,,,,,,,,3,上市,114,-644989,,,,,0,,,,,,,,,,,,,,,,40377341,,,,24705682,,13453452,,31.74,23455172,34810084,,,,,,,,,7917966,,,54584275,,,1718484,94961616,,,,,,,,,,,,,,15671659,31129103,60151532,0
,,,,65852355,,,2207,和泰車,,,4811305,,,,,,,,,,,,,,,,,,,,3,上市,114,,,,,,0,,,,,,,,,,,,,,,,,114608702,,,79153826,,0,,142.08,354473587,364976476,,,,,,,,,5571028,,,397398099,,,2919138,512006801,,,,,,,,,,,,,,35454876,42924512,147030325,0
,,,,-6002240,,,2208,台船,,,-338,,,,,,,,,,,,,,,,,,,,3,上市,114,,,,,,0,,,,,,,,,,,,,,,,6701991,,,,6742816,,0,,5.29,24678833,23997069,,,,,,,,,12745394,,,36215223,,,0,42917214,,,,,,,,,,,,,,-40825,11536390,18920145,0
,,,,13053175,,,2211,長榮鋼,,,8394130,,,,,,,,,,,,,,,,,,,,3,上市,114,,,,,,,,,,,,,,,,,,,,,,30461653,,,,26938027,,0,,64.59,5517631,14656953,,,,,,,,,4170915,,,8128099,,,1319807,38589752,,,,,,,,,,,,,,3523626,2610468,23932799,0
,,,,9586268,,,2227,裕日車,,,-1714840,,,,,,,,,,,,,,,,,,,,3,上市,114,,,,,,,,,,,,,,,,,,,,,,16860396,,,,16860396,,0,,56.20,1828066,7119632,,,,,,,,,3000000,,,4744132,,,5988968,21604528,,,,,,,,,,,,,,,2916066,14484896,0
,,,,3088467,,,2228,劍麟,,,-349141,,,,,,,,,,,,,,,,,,,,3,上市,114,,,,,,0,,,,,,,,,,,,,,,,4736672,,,,4736672,,0,,59.37,1036279,3812246,,,,,,,,,797797,,,1981585,,,1199549,6718257,,,,,,,,,,,,,,,945306,2906011,0
,,,,1827373,,,2231,為升,,,-50330,,,,,,,,,,,,,,,,,,,,3,上市,114,0,,,,,0,,,,,,,,,,,,,,,,4672620,,,,3541876,,0,,26.06,4629264,6158164,,,,,,,,,1359319,,,6448918,,,405514,11121538,,,,,,,,,,,,,,1130744,1819654,4963374,0
,,,,2544189,,,2233,宇隆,,,-216303,,,,,,,,,,,,,,,,,,,,3,上市,114,,,,,,,,,,,,,,,,,,,,,,3754133,,,,3748984,,0,,62.18,2062541,3211194,,,,,,,,,602881,,,2621650,,,818217,6375783,,,,,,,,,,,,,,5149,559109,3164589,0
,,,,709680,,,2236,百達-KY,,,-271052,,,,,,,,,,,,,,,,,,,,3,上市,114,,,,,,,,,,,,,,,,,,,,,,1882295,,,,1771757,,0,,33.08,3539759,5136163,,,,,,,,,554017,,,5849030,,,779112,7731325,,,,,,,,,,,,,,110538,2309271,2595162,0
,,,,2374831,,,2239,英利-KY,,,-1876851,,,,,,,,,,,,,,,,,,,,3,上市,114,,,,,,0,,,,,,,,,,,,,,,,16939126,,,,11059244,,0,,91.89,13517996,18595324,,,,,,,,,1203466,,,18286777,,,9357798,35225903,,,,,,,,,,,,,,5879882,4768781,16630579,0
,,,,-793959,,,2241,艾姆勒,,,-3580,,,,,,,,,,,,,,,,,,,,3,上市,114,,,,,,0,,,,,,,,,,,,,,,,1465574,,,,1340848,,0,,12.82,343248,713704,,,,,,,,,1046023,,,719571,,,1092364,2185145,,,,,,,,,,,,,,124726,376323,1471441,0
,,,,-564306,,,2243,宏旭-KY,,,-66795,,,,,,,,,,,,,,,,,,,,3,上市,114,,,,,,0,,,,,,,,,,,,,,,,684943,,,,684943,,0,,9.87,2399890,2621185,,,,,,,,,693736,,,2544518,,,622308,3229461,,,,,,,,,,,,,,,144628,608276,0
,,,,7897098,,,2247,汎德永業,,,27499,,,,,,,,,,,,,,,,,,,,3,上市,114,,,,,,,,,,,,,,,,,,,,,,13086359,,,,13086359,,0,,162.14,3928545,11664948,,,,,,,,,807087,,,8723433,,,4354675,21809792,,,,,,,,,,,,,,,4794888,10144844,0
,,,,603395,,,2248,華勝-KY,,,-83957,,,,,,,,,,,,,,,,,,,,3,上市,114,,,,,,,,,,,,,,,,,,,,,,1488291,,,,1488291,,0,,31.27,1254198,2165110,,,,,,,,,476000,,,1275546,,,492853,2763837,,,,,,,,,,,,,,,21348,598727,0
,,,,745979,,,2250,IKKA-KY,,,-172956,,,,,,,,,,,,,,,,,,,,3,上市,114,,,,,,0,,,,,,,,,,,,,,,,2071158,,,,2071158,,0,,56.92,1005007,2488874,,,,,,,,,363882,,,1388983,,,1134253,3460141,,,,,,,,,,,,,,,383976,971267,0
,,,,-6942,,,2254,巨鎧精密-創,,,236214,,,,,,,,,,,,,,,,,,,,3,上市,114,-9942,,,,,0,,,,,,,,,,,,,,,,1146964,,,,1146964,,153000,,17.99,737996,243291,,,,,,,,,639077,,,1093647,,,288557,2240611,,,,,,,,,,,,,,,355651,1997320,0
,,,,-8687721,,,2258,鴻華先進-創,,,-3598,,,,,,,,,,,,,,,,,,,,3,上市,114,,,,,,0,,,,,,,,,,,,,,,,14813575,,,,14813575,,0,,8.50,2247478,5095760,,,,,,,,,17428947,,,3387989,,,6075947,18201564,,,,,,,,,,,,,,,1140511,13105804,1580700
,,,,46096463,,,2301,光寶科,,,-4416815,,,,,,,,,,,,,,,,,,,,3,上市,114,-2726963,,,,,,,,,,,,,,,,,,,,,83783394,,,,83628674,,47004221,,36.84,114252464,164226683,,,,,,,,,23167758,,,120159253,,,21508231,203942647,,,,,,,,,,,,,,154720,5906789,39715964,0
,,,,246979,,,2302,麗正,,,-116802,,,,,,,,,,,,,,,,,,,,3,上市,114,,,,,,,,,,,,,,,,,,,,,,1793215,,,,1793215,,0,,10.78,689699,977723,,,,,,,,,1663029,,,764418,,,9,2557633,,,,,,,,,,,,,,,74719,1579910,0
,,,,222706736,,,2303,聯電,,,-2201679,,,,,,,,,,,,,,,,,,,,3,上市,114,,,,,,,,,,,,,,,,,,,,,,361200194,,,,361060219,,0,,28.76,82275785,192853677,,,,,,,,,125563274,,,194195228,,,14991888,555395422,,,,,,,,,,,,,,139975,111919443,362541745,0
,,,,-29939,,,2305,全友,,,220137,,,,,,,,,,,,,,,,,,,,3,上市,114,-49781,,,,,,,,,,,,,,,,,,,,,2292032,,,,2197025,,2934365,,10.84,248307,1442048,,,,,,,,,2056608,,,569675,,,0,2861707,,,,,,,,,,,,,,95007,321368,1419659,0
,,,,166061106,,,2308,台達電,,,-6389724,,,,,,,,,,,,,,,,,,,,3,上市,114,,,,,,0,,,,,,,,,,,,,,,,293510532,,,,240740394,,0,,92.68,184615390,363445294,,,,,,,,,25975433,,,297079103,,,55093579,590589635,,,,,,,,,,,,,,52770138,112463713,227144341,0
,,,,2833509,,,2312,金寶,,,2309174,,,,,,,,,,,,,,,,,,,,3,上市,114,0,,,,,,,,,,,,,,,,,,,,,35137333,,,,22024990,,0,,14.63,58576195,74890738,,,,,,,,,15054572,,,79711139,,,1827735,114848472,,,,,,,,,,,,,,13112343,21134944,39957734,0
,,,,31896628,,,2313,華通,,,-579042,,,,,,,,,,,,,,,,,,,,3,上市,114,,,,,,0,,,,,,,,,,,,,,,,44296018,,,,44296018,,0,,37.17,29981116,48771996,,,,,,,,,11918206,,,42707154,,,1060226,87003172,,,,,,,,,,,,,,,12726038,38231176,0
,,,,-1591823,,,2314,台揚,,,-331355,,,,,,,,,,,,,,,,,,,,3,上市,114,,,,,,0,,,,,,,,,,,,,,,,230181,,,,230181,,0,,2.17,2455979,1894570,,,,,,,,,1061264,,,3137616,,,1092095,3367797,,,,,,,,,,,,,,,681637,1473227,0
,,,,9845567,,,2316,楠梓電,,,-570113,,,,,,,,,,,,,,,,,,,,3,上市,114,-93017,,,,,,,,,,,,,,,,,,,,,11651087,,,,11651087,,1306059,,64.22,2699472,6942873,,,,,,,,,1827405,,,5689183,,,641245,17340270,,,,,,,,,,,,,,,2989711,10397397,0
,,,,1413719005,,,2317,鴻海,,,-138690323,,,,,,,,,,,,,,,,,,,,3,上市,114,-15194,,,,,0,,,,,,,,,,,,,,,,1821924731,,,,1636166359,,1483078,,117.18,2701759537,3821839373,,,,,,,,,139642223,,,3072530184,,,221510648,4894454915,,,,,,,,,,,,,,185758372,370770647,1072615542,0
,,,,-116373,,,2321,東訊,,,15396,,,,,,,,,,,,,,,,,,,,3,上市,114,0,,,,,0,,,,,,,,,,,,,,,,449598,,,,201742,,0,,6.66,415286,639315,,,,,,,,,302719,,,802691,,,0,1252289,,,,,,,,,,,,,,247856,387405,612974,0
,,,,408277,,,2323,中環,,,-22743,,,,,,,,,,,,,,,,,,,,3,上市,114,,,,,,0,,,,,,,,,,,,,,,,18048224,,,,17710574,,0,,16.26,5865390,17219538,,,,,,,,,10893483,,,10502457,,,6431557,28550681,,,,,,,,,,,,,,337650,4637067,11331143,0
,,,,76744282,,,2324,仁寶,,,3529377,,,,,,,,,,,,,,,,,,,,3,上市,114,-881247,,,,,,,,,,,,,,,,,,,,,141169374,,,,127084981,,50017431,,29.17,259108137,345773091,,,,,,,,,44071466,,,276719228,,,3621103,417888602,,,,,,,,,,,,,,14084393,17611091,72115511,0
,,,,107350197,,,2327,國巨*,,,-1099393,,,,,,,,,,,,,,,,,,,,3,上市,114,-2030720,,,,,,,,,,,,,,,,,,,,,159411733,,,,157266371,,16568120,,76.48,134707080,161650257,,,,,,,,,5182415,,,201956127,,,47863872,361367860,,,,,,,,,,,,,,2145362,67249047,199717603,0
,,,,8662932,,,2328,廣宇,,,-1433359,,,,,,,,,,,,,,,,,,,,3,上市,114,,,,,,0,,,,,,,,,,,,,,,,16114630,,,,13916641,,0,,26.85,6315022,16078926,,,,,,,,,5183462,,,6809387,,,1503606,22924017,,,,,,,,,,,,,,2197989,494365,6845091,0
,,,,4200405,,,2329,華泰,,,-410374,,,,,,,,,,,,,,,,,,,,3,上市,114,,,,,,0,,,,,,,,,,,,,,,,11659606,,,,11659606,,0,,15.75,7278281,10263761,,,,,,,,,7404083,,,8480018,,,465492,20139624,,,,,,,,,,,,,,,1201737,9875863,0
,,,,4753530544,,,2330,台積電,,,-87909930,,,,,,,,,,,,,,,,,,,,3,上市,114,0,,,,,,,,,,,,,,,,,,,,,5035577802,,,,4998306972,,0,,192.74,1275906624,3436015312,,,,,,,,,259325245,,,2318529274,,,73361113,7354107076,,,,,,,,,,,,,,37270830,1042622650,3918091764,0
,,,,1913835,,,2331,精英,,,-1753063,,,,,,,,,,,,,,,,,,,,3,上市,114,,,,,,0,,,,,,,,,,,,,,,,11181277,,,,11172125,,0,,20.04,10979550,14887914,,,,,,,,,5574030,,,11993184,,,5437323,23174461,,,,,,,,,,,,,,9152,1013634,8286547,0
,,,,2779067,,,2332,友訊,,,-1664587,,,,,,,,,,,,,,,,,,,,3,上市,114,-82823,,,,,0,,,,,,,,,,,,,,,,10849649,,,,8404208,,5434069,,14.08,4106965,10409978,,,,,,,,,6022721,,,4959350,,,1349830,15808999,,,,,,,,,,,,,,2445441,852385,5399021,0
,,,,20419410,,,2337,旺宏,,,2995959,,,,,,,,,,,,,,,,,,,,3,上市,114,-159061,,,,,,,,,,,,,,,,,,,,,42427208,,,,42423273,,1956619,,22.86,11848334,28023371,,,,,,,,,18573482,,,33794941,,,593483,76222149,,,,,,,,,,,,,,3935,21946607,48198778,1521735
,,,,51309,,,2338,光罩,,,-6244,,,,,,,,,,,,,,,,,,,,3,上市,114,-891759,,,,,0,,,,,,,,,,,,,,,,4648931,,,,4551755,,39816440,,16.43,8260766,5176692,,,,,,,,,3168492,,,13597913,,,2229957,18246844,,,,,,,,,,,,,,97176,5337147,13070152,0
,,,,729714,,,2340,台亞,,,-72990,,,,,,,,,,,,,,,,,,,,3,上市,114,-23172,,,,,,,,,,,,,,,,,,,,,7362939,,,,6830814,,754543,,15.60,4005237,5401104,,,,,,,,,4386228,,,7258304,,,1811034,14621243,,,,,,,,,,,,,,532125,3253067,9220139,0
,,,,292250,,,2342,茂矽,,,-100291,,,,,,,,,,,,,,,,,,,,3,上市,114,,,,,,0,,,,,,,,,,,,,,,,2390342,,,,2369448,,0,,15.04,548999,1613977,,,,,,,,,1575687,,,831385,,,601802,3221727,,,,,,,,,,,,,,20894,282386,1607750,0
,,,,28216390,,,2344,華邦電,,,7895246,,,,,,,,,,,,,,,,,,,,3,上市,114,,,,,,,,,,,,,,,,,,,,,,101387577,,,,94863498,,0,,21.08,51033908,67937124,,,,,,,,,45000002,,,81215093,,,13751860,182602670,,,,,,,,,,,,,,6524079,30181185,114665546,0
,,,,38767492,,,2345,智邦,,,4348394,,,,,,,,,,,,,,,,,,,,3,上市,114,-50999,,,,,,,,,,,,,,,,,,,,,49694903,,,,49591138,,2209867,,88.73,84472714,116330118,,,,,,,,,5611179,,,88093137,,,915072,137788040,,,,,,,,,,,,,,103765,3620423,21457922,0
,,,,52793816,,,2347,聯強,,,-8721693,,,,,,,,,,,,,,,,,,,,3,上市,114,,,,,,0,,,,,,,,,,,,,,,,76890305,,,,74233850,,0,,44.51,102108150,167250617,,,,,,,,,16679470,,,129682988,,,13482257,206573293,,,,,,,,,,,,,,2656455,27574838,39322676,0
,,,,4251376,,,2348,海悅,,,432729,,,,,,,,,,,,,,,,,,,,3,上市,114,-10295,,,,,0,,,,,,,,,,,,,,,,9625188,,,,7846697,,164000,,43.18,15950020,34117546,,,,,,,,,1818989,,,36704419,,,1353898,46329607,,,,,,,,,,,,,,1778491,20754399,12212061,0
,,,,-2022736,,,2349,錸德,,,-947587,,,,,,,,,,,,,,,,,,,,3,上市,114,,,,,,0,,,,,,,,,,,,,,,,9094824,,,,5227033,,0,,7.54,4095034,7289189,,,,,,,,,6936797,,,8386258,,,1260559,17481082,,,,,,,,,,,,,,3867791,4291224,10191893,0
,,,,4514007,,,2351,順德,,,-157815,,,,,,,,,,,,,,,,,,,,3,上市,114,,,,,,,,,,,,,,,,,,,,,,7058822,,,,6757128,,0,,37.10,3041110,6819869,,,,,,,,,1821403,,,5213035,,,579533,12271857,,,,,,,,,,,,,,301694,2171925,5451988,0
,,,,16454908,,,2352,佳世達,,,-6814397,,,,,,,,,,,,,,,,,,,,3,上市,114,0,,,,,,,,,,,,,,,,,,,,,56903833,,,,27671191,,0,,17.51,98430726,114160099,,,,,,,,,15805065,,,142094533,,,2225615,198998366,,,,,,,,,,,,,,29232642,43663807,84838267,0
,,,,17313566,,,2353,宏碁,,,134143,,,,,,,,,,,,,,,,,,,,3,上市,114,-2712774,,,,,0,,,,,,,,,,,,,,,,95044329,,,,73288412,,41646290,,24.38,125323466,168140136,,,,,,,,,30478538,,,157368006,,,28074939,252412335,,,,,,,,,,,,,,21755917,32044540,84272199,0
,,,,93778225,,,2354,鴻準,,,-12635107,,,,,,,,,,,,,,,,,,,,3,上市,114,,,,,,0,,,,,,,,,,,,,,,,102529690,,,,102868353,,0,,72.72,56205383,128028499,,,,,,,,,14144852,,,57237967,,,7580383,159767657,,,,,,,,,,,,,,-338663,1032584,31739158,0
,,,,11281038,,,2355,敬鵬,,,-433606,,,,,,,,,,,,,,,,,,,,3,上市,114,,,,,,0,,,,,,,,,,,,,,,,16403588,,,,16402977,,0,,41.27,5228393,12462104,,,,,,,,,3974954,,,6383540,,,1580591,22787128,,,,,,,,,,,,,,611,1155147,10325024,0
,,,,33858838,,,2356,英業達,,,-2347399,,,,,,,,,,,,,,,,,,,,3,上市,114,,,,,,0,,,,,,,,,,,,,,,,70531777,,,,70278324,,0,,19.59,254737727,285038785,,,,,,,,,35874751,,,273920313,,,2892134,344452090,,,,,,,,,,,,,,253453,19182586,59413305,0
,,,,190499888,,,2357,華碩,,,42677458,,,,,,,,,,,,,,,,,,,,3,上市,114,,,,,,,,,,,,,,,,,,,,,,284269677,,,,257447553,,,,346.61,278151277,417402865,,,,,,,,,7427603,,,304924855,,,16842604,589194532,,,,,,,,,,,,,,26822124,26773578,171791667,
,,,,3084426,,,2359,所羅門,,,-153077,,,,,,,,,,,,,,,,,,,,3,上市,114,-6042,,,,,0,,,,,,,,,,,,,,,,6032292,,,,5551369,,100432,,32.39,3613884,7886648,,,,,,,,,1714711,,,3860552,,,911351,9892844,,,,,,,,,,,,,,480923,246668,2006196,0
,,,,20325128,,,2360,致茂,,,272300,,,,,,,,,,,,,,,,,,,,3,上市,114,-30868,,,,,,,,,,,,,,,,,,,,,30059280,,,,29480039,,1654579,,69.59,8377760,22707791,,,,,,,,,4252617,,,13100864,,,4660862,43160144,,,,,,,,,,,,,,579241,4723104,20452353,0
,,,,40240621,,,2362,藍天,,,-5072598,,,,,,,,,,,,,,,,,,,,3,上市,114,-873442,,,,,0,,,,,,,,,,,,,,,,40642116,,,,40642116,,44263265,,70.32,15629124,18655913,,,,,,,,,6222630,,,55622860,,,124905,96264976,,,,,,,,,,,,,,,39993736,77609063,0
,,,,4975858,,,2363,矽統,,,5324266,,,,,,,,,,,,,,,,,,,,3,上市,114,,,,,,,,,,,,,,,,,,,,,,17364592,,,,17255597,,1,,33.51,1128588,3737470,,,,,,,,,5149882,,,1152832,,,1805591,18517424,,,,,,,,,,,,,,108995,24244,14779954,0
,,,,231232,,,2364,倫飛,,,27718,,,,,,,,,,,,,,,,,,,,3,上市,114,,,,,,0,,,,,,,,,,,,,,,,755454,,,,782882,,0,,14.94,865068,1084257,,,,,,,,,523897,,,916607,,,35,1672061,,,,,,,,,,,,,,-27428,51539,587804,0
,,,,1176636,,,2365,昆盈,,,-639367,,,,,,,,,,,,,,,,,,,,3,上市,114,,,,,,,,,,,,,,,,,,,,,,3011768,,,,2980032,,0,,13.45,170850,1681856,,,,,,,,,2215285,,,431370,,,227478,3443138,,,,,,,,,,,,,,31736,260520,1761282,0
,,,,1743989,,,2367,燿華,,,-311222,,,,,,,,,,,,,,,,,,,,3,上市,114,0,,,,,0,,,,,,,,,,,,,,,,12196059,,,,12196059,,0,,17.27,7409768,7849520,,,,,,,,,7062532,,,10400836,,,3700760,22596895,,,,,,,,,,,,,,,2991068,14747375,0
,,,,17431584,,,2368,金像電,,,-62614,,,,,,,,,,,,,,,,,,,,3,上市,114,-92754,,,,,,,,,,,,,,,,,,,,,26928425,,,,26928425,,5151375,,53.86,25216983,45265294,,,,,,,,,5051300,,,34572749,,,4600909,61501174,,,,,,,,,,,,,,,9355766,16235880,13290488
,,,,133239,,,2369,菱生,,,-34245,,,,,,,,,,,,,,,,,,,,3,上市,114,-176415,,,,,,,,,,,,,,,,,,,,,4947631,,,,4765915,,5658911,,12.73,1436174,3592791,,,,,,,,,3801023,,,2370058,,,1042313,7317689,,,,,,,,,,,,,,181716,933884,3724898,0
,,,,31148585,,,2371,大同,,,3948796,,,,,,,,,,,,,,,,,,,,3,上市,114,-2215590,,,,,0,,,,,,,,,,,,,,,,65939037,,,,58181426,,104778243,,28.44,38770810,77099271,,,,,,,,,21508349,,,82042647,,,3791286,147981684,,,,,,,,,,,,,,7757611,43271837,70882413,0
,,,,3942601,,,2373,震旦行,,,-634159,,,,,,,,,,,,,,,,,,,,3,上市,114,-791826,,,,,,,,,,,,,,,,,,,,,8073191,,,,6842472,,12496797,,30.59,4583428,8974785,,,,,,,,,2362025,,,8994425,,,1963831,17067616,,,,,,,,,,,,,,1230719,4410997,8092831,0
,,,,2989994,,,2374,佳能,,,93621,,,,,,,,,,,,,,,,,,,,3,上市,114,-80,,,,,0,,,,,,,,,,,,,,,,7969486,,,,7739358,,8000,,23.84,3527284,5544040,,,,,,,,,3245871,,,3569413,,,1409952,11538899,,,,,,,,,,,,,,230128,42129,5994859,0
,,,,4119138,,,2375,凱美,,,-480292,,,,,,,,,,,,,,,,,,,,3,上市,114,,,,,,0,,,,,,,,,,,,,,,,9458530,,,,9458530,,0,,87.03,3785416,6158131,,,,,,,,,1086753,,,4290441,,,4732931,13748971,,,,,,,,,,,,,,,505025,7590840,0
,,,,35044309,,,2376,技嘉,,,-283061,,,,,,,,,,,,,,,,,,,,3,上市,114,,,,,,0,,,,,,,,,,,,,,,,57243253,,,,55473452,,0,,82.81,78205050,134734565,,,,,,,,,6698889,,,88551982,,,14013315,145795235,,,,,,,,,,,,,,1769801,10346932,11060670,0
,,,,43980397,,,2377,微星,,,-1114261,,,,,,,,,,,,,,,,,,,,3,上市,114,,,,,,0,,,,,,,,,,,,,,,,52121317,,,,52121317,,0,,61.69,63043262,110640175,,,,,,,,,8448562,,,70471103,,,806619,122592420,,,,,,,,,,,,,,,7427841,11952245,0
,,,,39961580,,,2379,瑞昱,,,2064115,,,,,,,,,,,,,,,,,,,,3,上市,114,,,,,,0,,,,,,,,,,,,,,,,47451420,,,,47441720,,0,,92.50,79638304,98407727,,,,,,,,,5128636,,,82449160,,,287389,129900580,,,,,,,,,,,,,,9700,2810856,31492853,0
,,,,-1633234,,,2380,虹光,,,-215111,,,,,,,,,,,,,,,,,,,,3,上市,114,-6669,,,,,0,,,,,,,,,,,,,,,,425777,,,,423528,,195879,,1.95,1630180,1601854,,,,,,,,,2169341,,,1850662,,,109201,2276439,,,,,,,,,,,,,,2249,220482,674585,0
,,,,163171256,,,2382,廣達,,,-6335281,,,,,,,,,,,,,,,,,,,,3,上市,114,-333094,,,,,0,,,,,,,,,,,,,,,,225306781,,,,213532150,,8108885,,55.40,785252396,953594242,,,,,,,,,38626274,,,826654588,,,18402995,1051961369,,,,,,,,,,,,,,11774631,41402192,98367127,0
,,,,31015631,,,2383,台光電,,,-1279585,,,,,,,,,,,,,,,,,,,,3,上市,114,,,,,,0,,,,,,,,,,,,,,,,44381236,,,,44399922,,0,,124.18,42127534,67358506,,,,,,,,,3575355,,,52805269,,,11088521,97186505,,,,,,,,,,,,,,-18686,10677735,29827999,0
,,,,26065437,,,2385,群光,,,-2789772,,,,,,,,,,,,,,,,,,,,3,上市,114,-273574,,,,,0,,,,,,,,,,,,,,,,48657085,,,,41274205,,32363233,,56.72,50560953,73122303,,,,,,,,,7600532,,,51362456,,,10671582,100019541,,,,,,,,,,,,,,7382880,801503,26897238,0
,,,,8989774,,,2387,精元,,,-1115133,,,,,,,,,,,,,,,,,,,,3,上市,114,-23737,,,,,0,,,,,,,,,,,,,,,,10933370,,,,9936436,,1730000,,51.35,7907692,15184134,,,,,,,,,1952510,,,8723169,,,133022,19656539,,,,,,,,,,,,,,996934,815477,4472405,0
,,,,7240948,,,2388,威盛,,,71900,,,,,,,,,,,,,,,,,,,,3,上市,114,,,,,,,,,,,,,,,,,,,,,,21564747,,,,20164886,,0,,36.29,10101539,22684042,,,,,,,,,5557753,,,11598807,,,7294285,33163554,,,,,,,,,,,,,,1399861,1497268,10479512,74000
,,,,-135770,,,2390,云辰,,,-49684,,,,,,,,,,,,,,,,,,,,3,上市,114,,,,,,,,,,,,,,,,,,,,,,2355242,,,,2355242,,0,,12.23,315822,1615100,,,,,,,,,1926194,,,328190,,,614502,2683432,,,,,,,,,,,,,,0,12368,1068332,0
,,,,8770994,,,2392,正崴,,,-3064004,,,,,,,,,,,,,,,,,,,,3,上市,114,-622774,,,,,0,,,,,,,,,,,,,,,,27044597,,,,21437280,,49503000,,46.32,73416960,75341057,,,,,,,,,5123269,,,102172314,,,11229795,129216911,,,,,,,,,,,,,,5607317,28755354,53875854,0
,,,,6793904,,,2393,億光,,,-996849,,,,,,,,,,,,,,,,,,,,3,上市,114,,,,,,0,,,,,,,,,,,,,,,,19581582,,,,19049958,,0,,42.96,8289058,18927382,,,,,,,,,4433931,,,9161515,,,8818972,28743097,,,,,,,,,,,,,,531624,872457,9815715,0
,,,,30033322,,,2395,研華,,,844223,,,,,,,,,,,,,,,,,,,,3,上市,114,,,,,,,,,,,,,,,,,,,,,,51497072,,,,51351792,,0,,59.35,14481347,37832280,,,,,,,,,8651897,,,18556055,,,11822350,70053127,,,,,,,,,,,,,,145280,4074708,32220847,815346
,,,,1432438,,,2397,友通,,,-102246,,,,,,,,,,,,,,,,,,,,3,上市,114,,,,,,0,,,,,,,,,,,,,,,,5713503,,,,3373857,,0,,29.47,4046922,6896195,,,,,,,,,1144889,,,6125179,,,898776,11838682,,,,,,,,,,,,,,2339646,2078257,4942487,0
,,,,292670,,,2399,映泰,,,12548,,,,,,,,,,,,,,,,,,,,3,上市,114,,,,,,,,,,,,,,,,,,,,,,2152996,,,,2152996,,0,,12.09,340438,2037202,,,,,,,,,1781000,,,368276,,,66778,2521272,,,,,,,,,,,,,,,27838,484070,0
,,,,1764577,,,2401,凌陽,,,-588300,,,,,,,,,,,,,,,,,,,,3,上市,114,-63401,,,,,,,,,,,,,,,,,,,,,10478234,,,,8169289,,3559996,,13.88,1899421,8222363,,,,,,,,,5919949,,,3221014,,,1136464,13699248,,,,,,,,,,,,,,2308945,1321593,5476885,0
,,,,1799017,,,2402,毅嘉,,,-424171,,,,,,,,,,,,,,,,,,,,3,上市,114,0,,,,,,,,,,,,,,,,,,,,,6686239,,,,6686239,,0,,21.74,5777274,8643953,,,,,,,,,3075366,,,7642496,,,2236027,14328735,,,,,,,,,,,,,,,1865222,5684782,0
,,,,13254068,,,2404,漢唐,,,417872,,,,,,,,,,,,,,,,,,,,3,上市,114,-382633,,,,,0,,,,,,,,,,,,,,,,15962201,,,,15662430,,2000000,,83.05,52346118,65172640,,,,,,,,,1905867,,,53221572,,,467256,69183773,,,,,,,,,,,,,,299771,875454,4011133,0
,,,,74707,,,2405,輔信,,,-61825,,,,,,,,,,,,,,,,,,,,3,上市,114,,,,,,,,,,,,,,,,,,,,,,3608517,,,,3487485,,0,,10.15,671155,1888243,,,,,,,,,3434273,,,809852,,,40330,4418369,,,,,,,,,,,,,,121032,138697,2530126,0
,,,,-152592,,,2406,國碩,,,-110792,,,,,,,,,,,,,,,,,,,,3,上市,114,,,,,,,,,,,,,,,,,,,,,,8304315,,,,3595804,,0,,10.25,2748555,6187302,,,,,,,,,3509057,,,7881694,,,350131,16186009,,,,,,,,,,,,,,4708511,5133139,9998707,0
,,,,92998561,,,2408,南亞科,,,365487,,,,,,,,,,,,,,,,,,,,3,上市,114,,,,,,0,,,,,,,,,,,,,,,,157342861,,,,157342861,,0,,50.78,19691385,101879375,,,,,,,,,30986279,,,45219776,,,32992534,202562637,,,,,,,,,,,,,,,25528391,100683262,0
,,,,31888807,,,2409,友達,,,-5782705,,,,,,,,,,,,,,,,,,,,3,上市,114,0,,,,,,,,,,,,,,,,,,,,,156801604,,,,147535287,,0,,19.55,118472427,133826031,,,,,,,,,75470990,,,223912033,,,45958195,380713637,,,,,,,,,,,,,,9266317,105439606,246887606,0
,,,,125820765,,,2412,中華電,,,1097574,,,,,,,,,,,,,,,,,,,,3,上市,114,,,,,,,,,,,,,,,,,,,,,,390429872,,,,376613756,,0,,48.55,66517984,99787952,,,,,,,,,77574465,,,122665684,,,172120952,513095556,,,,,,,,,,,,,,13816116,56147700,413307604,0
,,,,635580,,,2413,環科,,,-409151,,,,,,,,,,,,,,,,,,,,3,上市,114,0,,,,,,,,,,,,,,,,,,,,,1871187,,,,1870802,,0,,14.69,1150843,2678159,,,,,,,,,1273592,,,2204941,,,370781,4076128,,,,,,,,,,,,,,385,1054098,1397969,0
,,,,1195049,,,2414,精技,,,-10269,,,,,,,,,,,,,,,,,,,,3,上市,114,,,,,,0,,,,,,,,,,,,,,,,4240573,,,,3098297,,0,,19.16,6242929,8951290,,,,,,,,,1617358,,,6476102,,,296159,10716675,,,,,,,,,,,,,,1142276,233173,1765385,0
,,,,579950,,,2415,錩新,,,-118654,,,,,,,,,,,,,,,,,,,,3,上市,114,,,,,,,,,,,,,,,,,,,,,,2916965,,,,1575150,,0,,17.50,6232946,8438509,,,,,,,,,900000,,,6982153,,,213854,9899118,,,,,,,,,,,,,,1341815,749207,1460609,0
,,,,1018314,,,2417,圓剛,,,-20975,,,,,,,,,,,,,,,,,,,,3,上市,114,-610228,,,,,,,,,,,,,,,,,,,,,3844563,,,,2732235,,25678600,,20.73,1451375,3245186,,,,,,,,,1574639,,,1779231,,,770485,5623794,,,,,,,,,,,,,,1112328,327856,2378608,0
,,,,244988,,,2419,仲琦,,,103544,,,,,,,,,,,,,,,,,,,,3,上市,114,,,,,,0,,,,,,,,,,,,,,,,5981100,,,,4715085,,0,,14.67,3933222,8502027,,,,,,,,,3213172,,,4608265,,,1153381,10589365,,,,,,,,,,,,,,1266015,675043,2087338,0
,,,,2124270,,,2420,新巨,,,-34886,,,,,,,,,,,,,,,,,,,,3,上市,114,,,,,,,,,,,,,,,,,,,,,,3771950,,,,3753922,,0,,24.59,682146,2138596,,,,,,,,,1526487,,,1691965,,,138051,5463915,,,,,,,,,,,,,,18028,1009819,3325319,0
,,,,4332531,,,2421,建準,0,,-402131,,,,,,,,,,,,,,,,,,,,3,上市,114,-77943,,,,,,,,,,,,,,,,,,,,,8105682,,,,8105682,,904000,,29.74,6332914,11653250,,,,,,,,,2734437,,,7308499,,,1518788,15414181,,,,,,,,,,,,,,0,975585,3760931,0
,,,,1489341,,,2423,固緯,,,-158977,,,,,,,,,,,,,,,,,,,,3,上市,114,,,,,,0,,,,,,,,,,,,,,,,2784993,,,,2784993,,0,,19.20,787966,2341753,,,,,,,,,1450472,,,907993,,,4157,3692986,,,,,,,,,,,,,,,120027,1351233,0
,,,,-323962,,,2424,隴華,,,1593,,,,,,,,,,,,,,,,,,,,3,上市,114,,,,,,0,,,,,,,,,,,,,,,,316597,,,,295641,,0,,5.01,112764,197916,,,,,,,,,589850,,,145438,,,28160,462035,,,,,,,,,,,,,,20956,32674,264119,0
,,,,1379281,,,2425,承啟,,,-31341,,,,,,,,,,,,,,,,,,,,3,上市,114,,,,,,0,,,,,,,,,,,,,,,,2730438,,,,2313028,,0,,23.97,1626220,4269412,,,,,,,,,964988,,,1714482,,,100,4444920,,,,,,,,,,,,,,417410,88262,175508,0
,,,,547465,,,2426,鼎元,,,-47988,,,,,,,,,,,,,,,,,,,,3,上市,114,,,,,,,,,,,,,,,,,,,,,,3772427,,,,3772427,,0,,12.55,835419,2655989,,,,,,,,,3006223,,,972754,,,266727,4745181,,,,,,,,,,,,,,0,137335,2089192,0
,,,,818868,,,2427,三商電,,,75253,,,,,,,,,,,,,,,,,,,,3,上市,114,,,,,,,,,,,,,,,,,,,,,,3217638,,,,3217638,,0,,16.25,1980208,4598418,,,,,,,,,1979995,,,3459627,,,343522,6677265,,,,,,,,,,,,,,0,1479419,2078847,698234
,,,,9123404,,,2428,興勤,,,-321712,,,,,,,,,,,,,,,,,,,,3,上市,114,,,,,,,,,,,,,,,,,,,,,,10545458,,,,10435726,,0,,81.46,2630702,9334150,,,,,,,,,1281127,,,5071862,,,352907,15617320,,,,,,,,,,,,,,109732,2441160,6283170,0
,,,,-480803,,,2429,銘旺科,,,-13901,,,,,,,,,,,,,,,,,,,,3,上市,114,,,,,,,,,,,,,,,,,,,,,,826298,,,,811495,,0,,9.49,264643,425418,,,,,,,,,855000,,,781248,,,451199,1607546,,,,,,,,,,,,,,14803,516605,1182128,0
,,,,2005586,,,2430,燦坤,,,-75124,,,,,,,,,,,,,,,,,,,,3,上市,114,,,,,,0,,,,,,,,,,,,,,,,4349302,,,,4349302,,0,,37.24,4869846,4214880,,,,,,,,,1168000,,,9092009,,,1250840,13441311,,,,,,,,,,,,,,,4222163,9226431,0
,,,,44473,,,2431,聯昌,,,-52627,,,,,,,,,,,,,,,,,,,,3,上市,114,,,,,,0,,,,,,,,,,,,,,,,1260454,,,,1260454,,0,,11.36,132385,1008098,,,,,,,,,1109270,,,171192,,,159338,1431646,,,,,,,,,,,,,,,38807,423548,0
,,,,197313,,,2432,倚天酷碁-創,0,,-89523,,,,,,,,,,,,,,,,,,,,3,上市,114,,,,,,0,,,,,,,,,,,,,,,,1148763,,,,1148763,,0,,18.57,506841,1436169,,,,,,,,,618600,,,529135,,,422373,1677898,,,,,,,,,,,,,,,22294,241729,0
,,,,1451130,,,2433,互盛電,,,272455,,,,,,,,,,,,,,,,,,,,3,上市,114,,,,,,,,,,,,,,,,,,,,,,3925310,,,,3211188,,0,,22.22,1787799,3561313,,,,,,,,,1444960,,,3218478,,,42643,7143788,,,,,,,,,,,,,,714122,1430679,3582475,0
,,,,17268,,,2434,統懋,,,-8105,,,,,,,,,,,,,,,,,,,,3,上市,114,,,,,,,,,,,,,,,,,,,,,,480582,,,,480582,,0,,12.99,106493,156357,,,,,,,,,370000,,,197922,,,101419,678504,,,,,,,,,,,,,,,91429,522147,0
,,,,692300,,,2436,偉詮電,,,-56353,,,,,,,,,,,,,,,,,,,,3,上市,114,-206993,,,,,,,,,,,,,,,,,,,,,3910521,,,,3903492,,3032000,,19.67,1969827,4614211,,,,,,,,,2015281,,,2126938,,,1459257,6037459,,,,,,,,,,,,,,7029,157111,1423248,0
,,,,-317616,,,2438,翔耀,,,-54579,,,,,,,,,,,,,,,,,,,,3,上市,114,-17920,,,,,,,,,,,,,,,,,,,,,583059,,,,334159,,3000000,,5.37,704057,634215,,,,,,,,,651956,,,1195564,,,72318,1778623,,,,,,,,,,,,,,248900,491507,1144408,0
,,,,6912479,,,2439,美律,,,-1393328,,,,,,,,,,,,,,,,,,,,3,上市,114,,,,,,0,,,,,,,,,,,,,,,,17859082,,,,16531337,,0,,65.13,19415331,30252125,,,,,,,,,2538396,,,24894215,,,8473790,42753297,,,,,,,,,,,,,,1327745,5478884,12501172,0
,,,,-229397,,,2440,太空梭,,,15362,,,,,,,,,,,,,,,,,,,,3,上市,114,,,,,,,,,,,,,,,,,,,,,,1182247,,,,1182247,,0,,8.50,1198874,2004279,,,,,,,,,1391173,,,1280472,,,5109,2462719,,,,,,,,,,,,,,,81598,458440,0
,,,,16452237,,,2441,超豐,,,820437,,,,,,,,,,,,,,,,,,,,3,上市,114,,,,,,,,,,,,,,,,,,,,,,22965730,,,,22963799,,0,,40.37,3469087,10808862,,,,,,,,,5688459,,,3756101,,,2666,26721831,,,,,,,,,,,,,,1931,287014,15912969,0
,,,,2035814,,,2442,新美齊,,,-8545,,,,,,,,,,,,,,,,,,,,3,上市,114,,,,,,0,,,,,,,,,,,,,,,,5643796,,,,4891009,,0,,18.15,20428328,26461392,,,,,,,,,2695266,,,23256848,,,168474,28900644,,,,,,,,,,,,,,752787,2828520,2439252,0
,,,,-320244,,,2444,兆勁,0,,-12330,,,,,,,,,,,,,,,,,,,,3,上市,114,0,,,,,,,,,,,,,,,,,,,,,819649,,,,819649,,0,,8.07,472974,1055546,,,,,,,,,1015696,,,971028,,,136527,1790677,,,,,,,,,,,,,,0,498054,735131,0
,,,,26278944,,,2449,京元電子,,,3500889,,,,,,,,,,,,,,,,,,,,3,上市,114,,,,,,,,,,,,,,,,,,,,,,47096816,,,,47088233,,0,,38.51,16418843,25224183,,,,,,,,,12227451,,,40275347,,,5080949,87372163,,,,,,,,,,,,,,8583,23856504,62147980,0
,,,,2975035,,,2450,神腦,,,-35860,,,,,,,,,,,,,,,,,,,,3,上市,114,,,,,,,,,,,,,,,,,,,,,,6268747,,,,6259901,,0,,24.24,4242042,7280982,,,,,,,,,2582527,,,4602803,,,738199,10871550,,,,,,,,,,,,,,8846,360761,3590568,0
,,,,12700417,,,2451,創見,,,-138954,,,,,,,,,,,,,,,,,,,,3,上市,114,,,,,,0,,,,,,,,,,,,,,,,19626153,,,,19626153,,0,,45.57,1684301,15409467,,,,,,,,,4307017,,,1908991,,,2757673,21535144,,,,,,,,,,,,,,,224690,6125677,0
,,,,1100958,,,2453,凌群,,,25472,,,,,,,,,,,,,,,,,,,,3,上市,114,0,,,,,0,,,,,,,,,,,,,,,,2138174,,,,2128389,,0,,21.28,2674138,4164704,,,,,,,,,1000000,,,2758777,,,1959,4896951,,,,,,,,,,,,,,9785,84639,732247,0
,,,,342819326,,,2454,聯發科,,,26204526,,,,,,,,,,,,,,,,,,,,3,上市,114,-55970,,,,,,,,,,,,,,,,,,,,,428543651,,,,420132553,,7794085,,263.22,231505027,358950639,,,,,,,,,16039286,,,259308082,,,35125385,687851733,,,,,,,,,,,,,,8411098,27803055,328901094,0
,,,,1268223,,,2455,全新,,,-42315,,,,,,,,,,,,,,,,,,,,3,上市,114,0,,,,,0,,,,,,,,,,,,,,,,3104723,,,,,,0,,16.79,884018,2320213,,,,,,,,,1849059,,,1488254,,,29756,4592977,,,,,,,,,,,,,,,604236,2272764,0
,,,,684560,,,2457,飛宏,,,-419816,,,,,,,,,,,,,,,,,,,,3,上市,114,0,,,,,,,,,,,,,,,,,,,,,8997590,,,,8997590,,0,,21.18,6091291,10067893,,,,,,,,,4247724,,,6435550,,,4485122,15433140,,,,,,,,,,,,,,0,344259,5365247,0
,,,,6267512,,,2458,義隆,0,,-45183,,,,,,,,,,,,,,,,,,,,3,上市,114,-833375,,,,,,,,,,,,,,,,,,,,,9739549,,,,9577171,,17557199,,33.45,4068630,8601832,,,,,,,,,3038804,,,6009943,,,1149413,15749492,,,,,,,,,,,,,,162378,1941313,7147660,0
,,,,4233049,,,2459,敦吉,,,-84015,,,,,,,,,,,,,,,,,,,,3,上市,114,,,,,,,,,,,,,,,,,,,,,,5750406,,,,5386885,,0,,51.01,3047314,6221994,,,,,,,,,1055956,,,3142575,,,181895,8892981,,,,,,,,,,,,,,363521,95261,2670987,0
,,,,-325161,,,2460,建通,,,-180707,,,,,,,,,,,,,,,,,,,,3,上市,114,0,,,,,,,,,,,,,,,,,,,,,1481167,,,,1481167,,0,,8.75,2693411,2590937,,,,,,,,,1692000,,,3173306,,,295035,4654473,,,,,,,,,,,,,,,479895,2063536,0
,,,,796868,,,2461,光群雷,,,-401103,,,,,,,,,,,,,,,,,,,,3,上市,114,-49556,,,,,,,,,,,,,,,,,,,,,3649485,,,,2875468,,2864000,,16.77,2645278,4097452,,,,,,,,,1743070,,,4107814,,,786189,7757299,,,,,,,,,,,,,,774017,1462536,3659847,0
,,,,1333145,,,2462,良得電,,,-266416,,,,,,,,,,,,,,,,,,,,3,上市,114,,,,,,0,,,,,,,,,,,,,,,,2980639,,,,2961938,,0,,19.73,2434088,3253145,,,,,,,,,1507844,,,2739098,,,387365,5719737,,,,,,,,,,,,,,18701,305010,2466592,0
,,,,1932658,,,2464,盟立,,,-140851,,,,,,,,,,,,,,,,,,,,3,上市,114,,,,,,0,,,,,,,,,,,,,,,,4953400,,,,4889872,,0,,23.69,6424700,7608776,,,,,,,,,2064512,,,6922226,,,1033553,11875626,,,,,,,,,,,,,,63528,497526,4266850,0
,,,,-250611,,,2465,麗臺,,,-14999,,,,,,,,,,,,,,,,,,,,3,上市,114,,,,,,0,,,,,,,,,,,,,,,,580488,,,,580488,,0,,6.92,883818,1149216,,,,,,,,,839460,,,945024,,,6638,1525512,,,,,,,,,,,,,,0,61206,376296,0
,,,,338952,,,2466,冠西電,,,-337008,,,,,,,,,,,,,,,,,,,,3,上市,114,,,,,,0,,,,,,,,,,,,,,,,2040369,,,,2040369,,0,,11.76,709167,803350,,,,,,,,,1734587,,,2227829,,,303838,4268198,,,,,,,,,,,,,,,1518662,3464848,0
,,,,1381970,,,2467,志聖,,,2255466,,,,,,,,,,,,,,,,,,,,3,上市,114,-451169,,,,,0,,,,,,,,,,,,,,,,5718902,,,,5313458,,5493554,,35.13,4395077,6444504,,,,,,,,,1567553,,,7482491,,,559638,13201393,,,,,,,,,,,,,,405444,3087414,6756889,0
,,,,482895,,,2468,華經,,,-2472,,,,,,,,,,,,,,,,,,,,3,上市,114,,,,,,,,,,,,,,,,,,,,,,1242396,,,,1242396,,0,,17.76,1010814,1702792,,,,,,,,,699612,,,1123067,,,62361,2365463,,,,,,,,,,,,,,,112253,662671,0
,,,,227111,,,2471,資通,,,-6785,,,,,,,,,,,,,,,,,,,,3,上市,114,,,,,,0,,,,,,,,,,,,,,,,854817,,,,851306,,0,,18.02,506538,1188847,,,,,,,,,472539,,,584380,,,158441,1439197,,,,,,,,,,,,,,3511,77842,250350,0
,,,,4803700,,,2472,立隆電,,,-467384,,,,,,,,,,,,,,,,,,,,3,上市,114,,,,,,0,,,,,,,,,,,,,,,,12316362,,,,8039166,,0,,48.80,3731135,10255086,,,,,,,,,1647351,,,4339465,,,2055499,16655827,,,,,,,,,,,,,,4277196,608330,6400741,0
,,,,130784520,,,2474,可成,,,-7829187,,,,,,,,,,,,,,,,,,,,3,上市,114,0,,,,,,,,,,,,,,,,,,,,,147494421,,,,145596076,,0,,233.45,70924791,114838610,,,,,,,,,6236691,,,77587102,,,16404052,225081523,,,,,,,,,,,,,,1898345,6662311,110242913,0
,,,,4914593,,,2476,鉅祥,,,-29915,,,,,,,,,,,,,,,,,,,,3,上市,114,,,,,,,,,,,,,,,,,,,,,,8857154,,,,8240920,,0,,38.04,2337768,8327080,,,,,,,,,2166209,,,3545574,,,1190033,12402728,,,,,,,,,,,,,,616234,1207806,4075648,5724881
,,,,2579921,,,2477,美隆電,,,-161714,,,,,,,,,,,,,,,,,,,,3,上市,114,,,,,,,,,,,,,,,,,,,,,,4332583,,,,4010223,,0,,25.29,2177042,5109284,,,,,,,,,1585732,,,3612130,,,6284,7944713,,,,,,,,,,,,,,322360,1435088,2835429,0
,,,,4299784,,,2478,大毅,,,-455138,,,,,,,,,,,,,,,,,,,,3,上市,114,-87880,,,,,,,,,,,,,,,,,,,,,6841131,,,,6729551,,2000000,,47.15,2023752,5469483,,,,,,,,,1447313,,,2961162,,,1525472,9802293,,,,,,,,,,,,,,111580,937410,4332810,0
,,,,2063674,,,2480,敦陽科,,,-14647,,,,,,,,,,,,,,,,,,,,3,上市,114,0,,,,,0,,,,,,,,,,,,,,,,3279144,,,,3279144,,0,,30.83,4087851,6314462,,,,,,,,,1063603,,,4159507,,,166514,7438651,,,,,,,,,,,,,,0,71656,1124189,0
,,,,4764774,,,2481,強茂,,,-852501,,,,,,,,,,,,,,,,,,,,3,上市,114,,,,,,,,,,,,,,,,,,,,,,15262777,,,,13872193,,0,,36.30,7494886,15571194,,,,,,,,,3821149,,,13840314,,,6138771,29103091,,,,,,,,,,,,,,1390584,6345428,13531897,0
,,,,206907,,,2482,連宇,,,-26647,,,,,,,,,,,,,,,,,,,,3,上市,114,,,,,,,,,,,,,,,,,,,,,,1107319,,,,1107075,,0,,14.21,192742,979432,,,,,,,,,778827,,,219661,,,147988,1326980,,,,,,,,,,,,,,244,26919,347548,0
,,,,1148932,,,2483,百容,,,74229,,,,,,,,,,,,,,,,,,,,3,上市,114,-9202,,,,,,,,,,,,,,,,,,,,,2532904,,,,2519994,,472000,,23.46,897451,1360913,,,,,,,,,1078898,,,1534155,,,227137,4067059,,,,,,,,,,,,,,12910,636704,2706146,0
,,,,1324482,,,2484,希華,,,67491,,,,,,,,,,,,,,,,,,,,3,上市,114,,,,,,,,,,,,,,,,,,,,,,3714825,,,,3708945,,0,,23.27,503000,2216749,,,,,,,,,1594210,,,836990,,,722762,4551815,,,,,,,,,,,,,,5880,333990,2335066,0
,,,,1381973,,,2485,兆赫,,,-169559,,,,,,,,,,,,,,,,,,,,3,上市,114,,,,,,0,,,,,,,,,,,,,,,,5107011,,,,4938996,,0,,15.55,820049,3364079,,,,,,,,,3176890,,,893466,,,549692,6000477,,,,,,,,,,,,,,168015,73417,2636398,0
,,,,240147,,,2486,一詮,,,-239662,,,,,,,,,,,,,,,,,,,,3,上市,114,-154397,,,,,0,,,,,,,,,,,,,,,,5335796,,,,5051251,,2000000,,21.78,2403074,5448480,,,,,,,,,2339586,,,6733916,,,2865577,12069712,,,,,,,,,,,,,,284545,4330842,6621232,0
,,,,1936817,,,2488,漢平,,,-89710,,,,,,,,,,,,,,,,,,,,3,上市,114,,,,,,0,,,,,,,,,,,,,,,,2681172,,,,2681172,,0,,33.51,1086968,3088551,,,,,,,,,799994,,,1334078,,,34071,4015250,,,,,,,,,,,,,,,247110,926699,0
,,,,5003295,,,2489,瑞軒,,,-532830,,,,,,,,,,,,,,,,,,,,3,上市,114,,,,,,0,,,,,,,,,,,,,,,,12984118,,,,12832128,,0,,21.04,9770350,18255789,,,,,,,,,6100000,,,10094966,,,2261663,23079084,,,,,,,,,,,,,,151990,324616,4823295,0
,,,,-52085,,,2491,吉祥全,,,1954,,,,,,,,,,,,,,,,,,,,3,上市,114,,,,,,0,,,,,,,,,,,,,,,,1258036,,,,852220,,0,,10.39,220285,1317055,,,,,,,,,820080,,,266133,,,82271,1524169,,,,,,,,,,,,,,405816,45848,207114,0
,,,,37675994,,,2492,華新科,,,1941454,,,,,,,,,,,,,,,,,,,,3,上市,114,-236380,,,,,,,,,,,,,,,,,,,,,56886489,,,,47432663,,1000000,,97.84,24088205,31380862,,,,,,,,,4858048,,,42733548,,,3193547,99620037,,,,,,,,,,,,,,9453826,18645343,68239175,0
,,,,1410786,,,2493,揚博,,,75458,,,,,,,,,,,,,,,,,,,,3,上市,114,,,,,,0,,,,,,,,,,,,,,,,3076232,,,,3076232,,0,,24.26,1888099,3894332,,,,,,,,,1267965,,,2035415,,,322023,5111647,,,,,,,,,,,,,,,147316,1217315,0
,,,,1561402,,,2495,普安,,,13732,,,,,,,,,,,,,,,,,,,,3,上市,114,,,,,,0,,,,,,,,,,,,,,,,4399525,,,,4399525,,0,,16.08,2543421,6256721,,,,,,,,,2735515,,,2616148,,,88876,7015673,,,,,,,,,,,,,,0,72727,758952,0
,,,,366780,,,2496,卓越,,,-2521,,,,,,,,,,,,,,,,,,,,3,上市,114,0,,,,,,,,,,,,,,,,,,,,,856429,,,,850729,,0,,44.54,440280,398407,,,,,,,,,191004,,,525243,,,295466,1381672,,,,,,,,,,,,,,5700,84963,983265,0
,,,,755413,,,2497,怡利電,,,-11330,,,,,,,,,,,,,,,,,,,,3,上市,114,-192568,,,,,,,,,,,,,,,,,,,,,2228621,,,,2228621,,3922000,,18.75,1828508,2752897,,,,,,,,,1227997,,,2065409,,,449109,4294030,,,,,,,,,,,,,,,236901,1541133,0
,,,,5694150,,,2498,宏達電,,,-3660249,,,,,,,,,,,,,,,,,,,,3,上市,114,,,,,,,,,,,,,,,,,,,,,,26732555,,,,26732555,,0,,31.98,8495387,16327245,,,,,,,,,8359621,,,11545141,,,16339033,38277696,,,,,,,,,,,,,,,3049754,21950451,0
,,,,15759947,,,2501,國建,,,1498358,,,,,,,,,,,,,,,,,,,,3,上市,114,,,,,,,,,,,,,,,,,,,,,,31145371,,,,29025055,,0,,25.03,40479427,66573764,,,,,,,,,11595611,,,59580490,,,171139,90725861,,,,,,,,,,,,,,2120316,19101063,24152097,0
,,,,13046949,,,2504,國產,,,-136296,,,,,,,,,,,,,,,,,,,,3,上市,114,-4789,,,,,,,,,,,,,,,,,,,,,27041922,,,,25931139,,3116108,,22.03,6810523,12535419,,,,,,,,,11800000,,,17844050,,,1225275,44885972,,,,,,,,,,,,,,1110783,11033527,32350553,0
,,,,6231904,,,2505,國揚,,,-57074,,,,,,,,,,,,,,,,,,,,3,上市,114,,,,,,0,,,,,,,,,,,,,,,,10772153,,,,10602513,,0,,27.90,11795224,20001285,,,,,,,,,3800000,,,11926694,,,627683,22698847,,,,,,,,,,,,,,169640,131470,2697562,0
,,,,2917393,,,2506,太設,,,683839,,,,,,,,,,,,,,,,,,,,3,上市,114,-193207,,,,,,,,,,,,,,,,,,,,,9595563,,,,7687934,,25443994,,21.26,4310338,8684279,,,,,,,,,3870000,,,4809206,,,409909,14404769,,,,,,,,,,,,,,1907629,498868,5720490,0
,,,,1210304,,,2509,全坤建,,,-112729,,,,,,,,,,,,,,,,,,,,3,上市,114,,,,,,0,,,,,,,,,,,,,,,,4169824,,,,3884518,,0,,17.30,7940761,9914835,,,,,,,,,2245505,,,8426856,,,541438,12596680,,,,,,,,,,,,,,285306,486095,2681845,0
,,,,5400412,,,2511,太子,,,1448270,,,,,,,,,,,,,,,,,,,,3,上市,114,-1003,,,,,0,,,,,,,,,,,,,,,,25539394,,,,25341453,,655424,,15.62,4683150,20762978,,,,,,,,,16233261,,,20635088,,,2260513,46174482,,,,,,,,,,,,,,197941,15951938,25411504,0
,,,,9133512,,,2514,龍邦,,,-129649,,,,,,,,,,,,,,,,,,,,3,上市,114,-614333,,,,,,,,,,,,,,,,,,,,,20770985,,,,12561502,,36608592,,35.08,10494354,14872250,,,,,,,,,3947293,,,18634983,,,224679,39405968,,,,,,,,,,,,,,8209483,8140629,24533718,0
,,,,7727794,,,2515,中工,,,-1779628,,,,,,,,,,,,,,,,,,,,3,上市,114,,,,,,,,,,,,,,,,,,,,,,22299126,,,,22123739,,0,,14.45,26434520,56425733,,,,,,,,,16079041,,,43556888,,,96532,65856014,,,,,,,,,,,,,,175387,17122368,9430281,0
,,,,-466396,,,2516,新建,,,75944,,,,,,,,,,,,,,,,,,,,3,上市,114,0,,,,,,,,,,,,,,,,,,,,,1885489,,,,1885489,,0,,8.33,5629307,6029540,,,,,,,,,2262785,,,5750720,,,13156,7636209,,,,,,,,,,,,,,,121413,1606669,0
,,,,16387375,,,2520,冠德,,,-28276,,,,,,,,,,,,,,,,,,,,3,上市,114,-98702,,,,,0,,,,,,,,,,,,,,,,28746451,,,,23885537,,13865008,,40.10,30032407,51927487,,,,,,,,,6094871,,,35565411,,,1530269,64311862,,,,,,,,,,,,,,4860914,5533004,12384375,0
,,,,17339516,,,2524,京城,,,0,,,,,,,,,,,,,,,,,,,,3,上市,114,0,,,,,0,,,,,,,,,,,,,,,,21033579,,,,21033579,,0,,57.47,11968792,38993275,,,,,,,,,3659835,,,18800282,,,34228,39833861,,,,,,,,,,,,,,,6831490,840586,0
,,,,4201297,,,2527,宏璟,,,6376975,,,,,,,,,,,,,,,,,,,,3,上市,114,-455812,,,,,,,,,,,,,,,,,,,,,13583526,,,,13214155,,8547695,,50.48,12869581,14858590,,,,,,,,,2703060,,,14467040,,,388635,28050566,,,,,,,,,,,,,,369371,1597459,13191976,0
,,,,1786656,,,2528,皇普,,,,,,,,,,,,,,,,,,,,,,,3,上市,114,,,,,,,,,,,,,,,,,,,,,,7761527,,,,,,0,,17.88,12612698,22735231,,,,,,,,,4340264,,,15799661,,,1634607,23561188,,,,,,,,,,,,,,,3186963,825957,0
,,,,1301889,,,2530,華建,,,-1459,,,,,,,,,,,,,,,,,,,,3,上市,114,,,,,,,,,,,,,,,,,,,,,,10927889,,,,10706792,,0,,12.75,18543226,31506237,,,,,,,,,8399880,,,20818313,,,1006482,31746202,,,,,,,,,,,,,,221097,2275087,239965,0
,,,,7888668,,,2534,宏盛,,,12322,,,,,,,,,,,,,,,,,,,,3,上市,114,-45822,,,,,,,,,,,,,,,,,,,,,14939614,,,,14939614,,1227150,,31.58,10492665,16761254,,,,,,,,,4742280,,,16545187,,,2342166,31484801,,,,,,,,,,,,,,,6052522,14723547,0
,,,,4829866,,,2535,達欣工,,,-32388,,,,,,,,,,,,,,,,,,,,3,上市,114,-124076,,,,,,,,,,,,,,,,,,,,,9958005,,,,9799344,,10902228,,37.71,15059897,26467619,,,,,,,,,2707940,,,18871485,,,2418002,28829490,,,,,,,,,,,,,,158661,3811588,2361871,0
,,,,6583482,,,2536,宏普,,,0,,,,,,,,,,,,,,,,,,,,3,上市,114,,,,,,,,,,,,,,,,,,,,,,12877608,,,,11953917,,0,,35.92,27690486,40977298,,,,,,,,,3328087,,,31475410,,,2042348,44353018,,,,,,,,,,,,,,923691,3784924,3375720,0
,,,,851046,,,2537,聯上發,,,0,,,,,,,,,,,,,,,,,,,,3,上市,114,,,,,,,,,,,,,,,,,,,,,,4421507,,,,,,0,,14.71,12981125,17944905,,,,,,,,,3005579,,,14175427,,,564882,18596934,,,,,,,,,,,,,,,1194302,652029,0
,,,,1500113,,,2538,基泰,,,-196513,,,,,,,,,,,,,,,,,,,,3,上市,114,,,,,,,,,,,,,,,,,,,,,,5812452,,,,5812452,,0,,13.06,11853604,16716327,,,,,,,,,4450255,,,11908934,,,58597,17721386,,,,,,,,,,,,,,0,55330,1005059,0
,,,,4547713,,,2539,櫻花建,,,0,,,,,,,,,,,,,,,,,,,,3,上市,114,,,,,,,,,,,,,,,,,,,,,,16574099,,,,16574099,,0,,13.89,14215222,32738148,,,,,,,,,11931025,,,16265363,,,95361,32839462,,,,,,,,,,,,,,0,2050141,101314,0
,,,,1385540,,,2540,愛山林,,,0,,,,,,,,,,,,,,,,,,,,3,上市,114,,,,,,,,,,,,,,,,,,,,,,16412877,,,,16412877,,0,,17.37,37392937,51809838,,,,,,,,,9448741,,,40628052,,,5578596,57040929,,,,,,,,,,,,,,0,3235115,5231091,0
,,,,20247842,,,2542,興富發,0,,0,,,,,,,,,,,,,,,,,,,,3,上市,114,-966562,,,,,,,,,,,,,,,,,,,,0,59186689,,,,50330170,,61145834,,25.05,180078382,243456222,,,,,,,,,21730835,,,205910735,,,9318055,265097424,,,,,,,,,,,,,,8856519,25832353,21641202,0
,,,,1057371,,,2543,皇昌,,,0,,,,,,,,,,,,,,,,,,,,3,上市,114,,,,,,,,,,,,,,,,,,,,,,10056761,,,,9679490,,0,,18.18,7810915,9744687,,,,,,,,,5323839,,,9413238,,,3298280,19469999,,,,,,,,,,,,,,377271,1602323,9725312,0
,,,,9817497,,,2545,皇翔,,,,,,,,,,,,,,,,,,,,,,,3,上市,114,,,,,,,,,,,,,,,,,,,,,,15147411,,,,15147411,,0,,39.89,24976443,41432186,,,,,,,,,3797348,,,45140700,,,1532566,60288111,,,,,,,,,,,,,,,20164257,18855925,0
,,,,3600201,,,2546,根基,,,251765,,,,,,,,,,,,,,,,,,,,3,上市,114,,,,,,0,,,,,,,,,,,,,,,,5676448,,,,5676225,,0,,43.49,8815423,13870889,,,,,,,,,1305242,,,9159262,,,519017,14835710,,,,,,,,,,,,,,223,343839,964821,0
,,,,3449005,,,2547,日勝生,,,-5364,,,,,,,,,,,,,,,,,,,,3,上市,114,,,,,,,,,,,,,,,,,,,,,,15283546,,,,14190767,,0,,13.71,19920547,17915019,,,,,,,,,10350946,,,46334166,,,396180,61617712,,,,,,,,,,,,,,1092779,26413619,43702693,0
,,,,15699559,,,2548,華固,,,34572,,,,,,,,,,,,,,,,,,,,3,上市,114,-850,,,,,0,,,,,,,,,,,,,,,,19757362,,,,19750508,,201378,,61.81,27221237,53167655,,,,,,,,,3197187,,,35974415,,,820040,55731777,,,,,,,,,,,,,,6854,8753178,2564122,0
,,,,3469996,,,2597,潤弘,,,419202,,,,,,,,,,,,,,,,,,,,3,上市,114,,,,,,0,,,,,,,,,,,,,,,,9739595,,,,7842550,,0,,25.24,10708489,13079385,,,,,,,,,3107160,,,14927507,,,846192,24667102,,,,,,,,,,,,,,1897045,4219018,11587717,0
,,,,-634660,,,2601,益航,,,-459176,,,,,,,,,,,,,,,,,,,,3,上市,114,0,,,,,,,,,,,,,,,,,,,,,9992773,,,,7509827,,0,,9.11,8327131,3553439,,,,,,,,,8247761,,,20681236,,,355902,30674009,,,,,,,,,,,,,,2482946,12354105,27120570,0
,,,,493863358,,,2603,長榮,,,4889814,,,,,,,,,,,,,,,,,,,,3,上市,114,,,,,,0,,,,,,,,,,,,,,,,562240544,,,,540785710,,0,,249.78,141234614,219640210,,,,,,,,,21650430,,,284907030,,,20382108,847147574,,,,,,,,,,,,,,21454834,143672416,627507364,0
,,,,11357957,,,2605,新興,,,-1132042,,,,,,,,,,,,,,,,,,,,3,上市,114,,,,,,0,,,,,,,,,,,,,,,,16245334,,,,16245334,,0,,27.75,4525125,7588086,,,,,,,,,5853533,,,4539550,,,165886,20784884,,,,,,,,,,,,,,,14425,13196798,0
,,,,25097784,,,2606,裕民,,,1779461,,,,,,,,,,,,,,,,,,,,3,上市,114,,,,,,,,,,,,,,,,,,,,,,35443806,,,,35443806,,0,,41.94,13769939,23139409,,,,,,,,,8450557,,,46896893,,,116004,82340699,,,,,,,,,,,,,,0,33126954,59201290,0
,,,,16124290,,,2607,榮運,,,3885656,,,,,,,,,,,,,,,,,,,,3,上市,114,,,,,,0,,,,,,,,,,,,,,,,29939221,,,,29617708,,0,,55.51,8415975,20198444,,,,,,,,,5335705,,,15384743,,,4272057,45323964,,,,,,,,,,,,,,321513,6968768,25125520,0
,,,,7511303,,,2608,嘉里大榮,,,81928,,,,,,,,,,,,,,,,,,,,3,上市,114,,,,,,,,,,,,,,,,,,,,,,12930264,,,,12265544,,0,,26.26,3487515,4099704,,,,,,,,,4670005,,,11917975,,,2308,24848239,,,,,,,,,,,,,,664720,8430460,20748535,0
,,,,260904731,,,2609,陽明,,,-3567961,,,,,,,,,,,,,,,,,,,,3,上市,114,,,,,,,,,,,,,,,,,,,,,,321026580,,,,320232843,,0,,91.70,43740651,222319202,,,,,,,,,34921043,,,127833051,,,27975030,448859631,,,,,,,,,,,,,,793737,84092400,226540429,0
,,,,27132214,,,2610,華航,,,474493,,,,,,,,,,,,,,,,,,,,3,上市,114,-30875,,,,,,,,,,,,,,,,,,,,,99025457,,,,94297428,,2074628,,15.50,89245303,80197168,,,,,,,,,60839236,,,238915229,,,5882360,337940686,,,,,,,,,,,,,,4728029,149669926,257743518,0
,,,,783529,,,2611,志信,,,-32744,,,,,,,,,,,,,,,,,,,,3,上市,114,,,,,,,,,,,,,,,,,,,,,,2859335,,,,2682080,,0,,14.19,389931,2799580,,,,,,,,,1890023,,,1274686,,,41272,4134021,,,,,,,,,,,,,,177255,884755,1334441,0
,,,,11125657,,,2612,中航,0,,-346415,,,,,,,,,,,,,,,,,,,,3,上市,114,0,,,,,0,,,,,,,,,,,,,,,,12826359,,,,12807499,,0,,64.85,2764213,4416690,,,,,,,,,1974846,,,12558161,,,53411,25384520,,,,,,,,,,,,,,18860,9793948,20967830,0
,,,,2052792,,,2613,中櫃,,,32992,,,,,,,,,,,,,,,,,,,,3,上市,114,-476647,,,,,0,,,,,,,,,,,,,,,,3255660,,,,3243838,,11146894,,23.63,1417163,1628696,,,,,,,,,1484235,,,6447185,,,150466,9702845,,,,,,,,,,,,,,11822,5030022,8074149,0
,,,,882982,,,2614,東森,,,-98216,,,,,,,,,,,,,,,,,,,,3,上市,114,,,,,,0,,,,,,,,,,,,,,,,5799934,,,,4057416,,0,,12.40,3601166,4280992,,,,,,,,,3272650,,,13849375,,,0,19649309,,,,,,,,,,,,,,1742518,10248209,15368317,0
,,,,221524792,,,2615,萬海,,,7190368,,,,,,,,,,,,,,,,,,,,3,上市,114,,,,,,,,,,,,,,,,,,,,,,258461983,,,,258048399,,0,,91.96,35850287,139368317,,,,,,,,,28061464,,,137411767,,,1271775,395873750,,,,,,,,,,,,,,413584,101561480,256505433,0
,,,,590513,,,2616,山隆,,,418955,,,,,,,,,,,,,,,,,,,,3,上市,114,-31863,,,,,0,,,,,,,,,,,,,,,,3140583,,,,2940319,,1353454,,21.63,2847362,2136640,,,,,,,,,1372818,,,5215670,,,589896,8356253,,,,,,,,,,,,,,200264,2368308,6219613,0
,,,,10734270,,,2617,台航,,,1737896,,,,,,,,,,,,,,,,,,,,3,上市,114,,,,,,,,,,,,,,,,,,,,,,16979493,,,,16979493,,0,,40.69,1831836,3314160,,,,,,,,,4172945,,,8600542,,,334382,25580035,,,,,,,,,,,,,,,6768706,22265875,0
,,,,63302751,,,2618,長榮航,,,1587090,,,,,,,,,,,,,,,,,,,,3,上市,114,,,,,,,,,,,,,,,,,,,,,,140353532,,,,131692305,,0,,24.39,81058922,93649103,,,,,,,,,54004443,,,210306350,,,12798021,350659882,,,,,,,,,,,,,,8661227,129247428,257010779,0
,,,,338161,,,2630,亞航,,,-948,,,,,,,,,,,,,,,,,,,,3,上市,114,0,,,,,,,,,,,,,,,,,,,,,3521599,,,,3521599,,0,,16.81,2352537,5082292,,,,,,,,,2094382,,,2771549,,,1090004,6293148,,,,,,,,,,,,,,,419012,1210856,0
,,,,14721291,,,2633,台灣高鐵,,,,,,,,,,,,,,,,,,,,,,,3,上市,114,,,,,,0,,,,,,,,,,,,,,,,71177202,,,,,,0,,12.65,22352934,20381552,,,,,,,,,56282930,,,304602073,,,172981,375779275,,,,,,,,,,,,,,,282249139,355397723,0
,,,,7618338,,,2634,漢翔,,,-51337,,,,,,,,,,,,,,,,,,,,3,上市,114,,,,,,,,,,,,,,,,,,,,,,17003923,,,,17003923,,0,,18.05,26924466,37900998,,,,,,,,,9418671,,,34533071,,,18251,51536994,,,,,,,,,,,,,,,7608605,13635996,0
,,,,5603161,,,2636,台驊控股,,,-163837,,,,,,,,,,,,,,,,,,,,3,上市,114,-364768,,,,,,,,,,,,,,,,,,,,,9342644,,,,8997155,,4874000,,65.69,11272287,18686908,,,,,,,,,1418352,,,11671092,,,2504247,21013736,,,,,,,,,,,,,,345489,398805,2326828,0
,,,,30840874,,,2637,慧洋-KY,,,6800913,,,,,,,,,,,,,,,,,,,,3,上市,114,0,,,,,0,,,,,,,,,,,,,,,,45140427,,,,45140427,,0,,60.48,7999826,5638623,,,,,,,,,7464092,,,33430084,,,34548,78570511,,,,,,,,,,,,,,,25430258,72931888,0
,,,,315688,,,2642,宅配通,,,607380,,,,,,,,,,,,,,,,,,,,3,上市,114,,,,,,0,,,,,,,,,,,,,,,,2177820,,,,2177820,,0,,22.81,844656,1241435,,,,,,,,,954670,,,2003338,,,300082,4181158,,,,,,,,,,,,,,,1158682,2939723,0
,,,,7198017,,,2645,長榮航太,,,21313,,,,,,,,,,,,,,,,,,,,3,上市,114,,,,,,0,,,,,,,,,,,,,,,,13103212,,,,,,0,,34.98,3926059,12051090,,,,,,,,,3745709,,,9762713,,,2138173,22865925,,,,,,,,,,,,,,,5836654,10814835,0
,,,,474641,,,2646,星宇航空,,,-273299,,,,,,,,,,,,,,,,,,,,3,上市,114,,,,,,,,,,,,,,,,,,,,,,32333377,,,,,,0,,10.75,20320400,19571091,,,,,,,,,30087350,,,98148995,,,2044685,130482372,,,,,,,,,,,,,,,77828595,110911281,0
,,,,2929160,,,2701,萬企,,,782410,,,,,,,,,,,,,,,,,,,,3,上市,114,,,,,,,,,,,,,,,,,,,,,,8211248,,,,,,0,,18.25,274482,2063166,,,,,,,,,4499678,,,1385008,,,,9596256,,,,,,,,,,,,,,,1110526,7533090,0
,,,,1568647,,,2702,華園,,,-2426,,,,,,,,,,,,,,,,,,,,3,上市,114,,,,,,0,,,,,,,,,,,,,,,,3134523,,,,3134523,,0,,20.01,525364,2343407,,,,,,,,,1566133,,,3372490,,,2169,6507013,,,,,,,,,,,,,,,2847126,4163606,0
,,,,6212754,,,2704,國賓,,,13765428,,,,,,,,,,,,,,,,,,,,3,上市,114,0,,,,,0,,,,,,,,,,,,,,,,26648775,,,,26644267,,0,,72.62,3715943,21961143,,,,,,,,,3669234,,,7735917,,,2996851,34384692,,,,,,,,,,,,,,4508,4019974,12423549,0
,,,,-559152,,,2705,六福,,,3386401,,,,,,,,,,,,,,,,,,,,3,上市,114,,,,,,,,,,,,,,,,,,,,,,4771749,,,,4771749,,0,,24.94,4954679,429453,,,,,,,,,1913128,,,10711443,,,31372,15483192,,,,,,,,,,,,,,,5756764,15053739,0
,,,,3753017,,,2706,第一店,,,957933,,,,,,,,,,,,,,,,,,,,3,上市,114,,,,,,,,,,,,,,,,,,,,,,9786965,,,,,,0,,19.57,307072,3185424,,,,,,,,,4999984,,,1671677,,,76031,11458642,,,,,,,,,,,,,,,1364605,8273218,0
,,,,2473385,,,2707,晶華,,,-330302,,,,,,,,,,,,,,,,,,,,3,上市,114,,,,,,0,,,,,,,,,,,,,,,,3848819,,,,3639498,,0,,28.57,2127079,2858291,,,,,,,,,1274032,,,5426726,,,222383,9275545,,,,,,,,,,,,,,209321,3299647,6417254,0
,,,,-104094,,,2712,遠雄來,,,,,,,,,,,,,,,,,,,,,,,3,上市,114,,,,,,,,,,,,,,,,,,,,,,1054298,,,,,,0,,10.04,281913,85858,,,,,,,,,1050000,,,624435,,,108392,1678733,,,,,,,,,,,,,,,342522,1592875,0
,,,,451775,,,2722,夏都,,,-53720,,,,,,,,,,,,,,,,,,,,3,上市,114,,,,,,,,,,,,,,,,,,,,,,2659087,,,,2423162,,0,,16.93,551014,767243,,,,,,,,,1431697,,,930137,,,593410,3589224,,,,,,,,,,,,,,235925,379123,2821981,0
,,,,5873718,,,2723,美食-KY,,,-542915,,,,,,,,,,,,,,,,,,,,3,上市,114,,,,,,,,,,,,,,,,,,,,,,9513101,,,,9507408,,0,,52.82,5427595,6253354,,,,,,,,,1800000,,,8002581,,,2376605,17515682,,,,,,,,,,,,,,5693,2574986,11262328,0
,,,,1957920,,,2727,王品,,,-154136,,,,,,,,,,,,,,,,,,,,3,上市,114,-259879,,,,,,,,,,,,,,,,,,,,,4709004,,,,4298715,,1592000,,51.88,7031460,7655878,,,,,,,,,844511,,,10889971,,,1910299,15598975,,,,,,,,,,,,,,410289,3858511,7943097,0
,,,,2180663,,,2731,雄獅,,,-26555,,,,,,,,,,,,,,,,,,,,3,上市,114,,,,,,,,,,,,,,,,,,,,,,4866327,,,,4601662,,0,,49.33,7158611,9992183,,,,,,,,,932777,,,8018167,,,1514777,12884494,,,,,,,,,,,,,,264665,859556,2892311,0
,,,,139000,,,2739,寒舍,,,22860,,,,,,,,,,,,,,,,,,,,3,上市,114,,,,,,0,,,,,,,,,,,,,,,,1500609,,,,1500609,,0,,16.40,2183161,1277932,,,,,,,,,915260,,,10248020,,,423489,11748629,,,,,,,,,,,,,,,8064859,10470697,0
,,,,555401,,,2748,雲品,,,43082,,,,,,,,,,,,,,,,,,,,3,上市,114,,,,,,,,,,,,,,,,,,,,,,2893049,,,,2893049,,0,,27.35,1200696,2122713,,,,,,,,,1057787,,,1837647,,,1236779,4730696,,,,,,,,,,,,,,,636951,2607983,0
,,,,1815140,,,2753,八方雲集,,,-23046,,,,,,,,,,,,,,,,,,,,3,上市,114,,,,,,,,,,,,,,,,,,,,,,3738131,,,,3459121,,0,,51.90,2163060,2214174,,,,,,,,,666448,,,3397003,,,1000579,7135134,,,,,,,,,,,,,,279010,1233943,4920960,0
,,,,213210,,,2762,世界健身-KY,,,-10069,,,,,,,,,,,,,,,,,,,,3,上市,114,-344216,,,,,0,,,,,,,,,,,,,,,,2821042,,,,2821042,,3278000,,25.83,6077191,1838068,,,,,,,,,1125000,,,15883959,,,1837117,18705001,,,,,,,,,,,,,,,9806768,16866933,0
,21778911,,1982926,82881493,,,2801,彰銀,,,11943610,3525029,,1652504,1369723,17486,,,,,,,,,,,359734803,,256563508,2676985245,3,上市,114,0,,,,,,,,,38493654,41790234,,24631461,,14020609,,517000245,,,,,,212485589,,,212485589,,0,,18.06,,,,958051,,40341683,1157540,282043,,1852943,117660462,,2427151,,3142637646,2014382480,24,,3355123235,332656318,3101259,124133394,10779883,4721616,,,,,1420182,,,,,,0
,20934220,,951869,25517983,,,2812,台中銀,,,1501514,1286770,,3590891,9826923,7752,,,,,,217870,,,12105609,,10683318,,47411661,839251597,3,上市,114,0,,,,,0,,,,9410860,14650000,,23510381,,541020,,103534593,185458,,,,,87764011,,,87764011,,0,,14.82,,,,548462,,11286668,59326,390467,,984690,59216258,,1309809,,906422714,628606758,1528256,,994186725,99226956,3173876,38336166,109486,270671,,,,,3570450,,14634862,0,,,0
1482078,,24149,,5382623,,16628193,2816,旺旺保,,,-40242,26056,435912,,,,,6824805,,,,,,,,,,,,,3,上市,114,,,,,,,,,,1257874,,1010061,,12021822,,,,,56178,0,,7578461,,,,,,0,,33.89,,,182258,,,3722046,,,,24313,2236080,,69356,18124670,,,0,25703131,,,,,62700,,,,,,,,,,,,0
,155098,,29466,12724715,,,2820,華票,,,982162,248454,,619930,,117074,,,,,,,,,,,35442119,,0,,3,上市,114,,,,,,,,,,570364,,,1105910,,,,2691011,,,,,,27153214,,,,,0,,20.22,,,,,,305981,150208,331173,,29720,13429600,,1492500,,229835053,,16737,,256988267,99936588,19725,147999057,51104,68364,,,,,191830859,,3628615,,,,0
2400670,,48252,,8453757,,11722705,2832,台產,,,441105,153304,757086,,,,,3600643,,,,,,,,,,,,,3,上市,114,,,,,,,,,,2560988,,1047296,,15765451,,,,,133261,,,11529229,,,,,,0,,45.47,,,7337,,,2803983,,,,50298,2535403,,36997,14921703,,,98964,26450932,,,,,264150,20214,,,,,,,,,,,0
,13769475,,1015865,41339303,,,2834,臺企銀,,,3921604,8333306,,7758264,1667065,6189,,,,,,,,,1583053,,222446774,,175994433,1985408984,3,上市,114,,,,,,0,,,,30430960,51910000,,13048872,,,,240738125,0,,,,,143257654,,,143257654,,0,,14.74,,,,1300738,,25323207,85704,503731,,1044497,97180618,,2440693,,2317094511,1655139894,816129,,2460352165,194015926,9527144,99883628,895136,2084136,,,,,1321195,,29769682,,,,0
,3496407,,314659,5016752,,,2836,高雄銀,,,1130923,169905,,398567,,225745,,,,,,,,,,,10621373,,21418795,302200896,3,上市,114,,,,,,,,,,7442077,6327000,,1588782,,,,54365219,,,,,,26382979,,,,,,,14.03,,,,128188,,3458647,60116,,,312077,18799170,,393313,,333403157,228220604,1436134,,359786136,32232454,47424,3647432,8845,97473,,,,,5820131,,10193164,,,,
,16623624,,2140511,20463200,,,2838,聯邦銀,,,8360184,3708185,,9712337,13772163,1643033,,,,,,,,,1530200,,12276563,,42353978,827761751,3,上市,114,,,,,,,,867589,,11499987,6000000,,49233439,,4495530,,77772733,445892,,,,,84558643,,,82465894,,0,,18.16,,,,2153189,375000,8213879,909592,702668,,2141167,45405518,,524696,,961254242,623168360,8236992,,1045812885,66501070,279812,80214577,2579989,874070,,,,,77027548,,59563995,2092749,,,0
,5185020,,1451240,18035471,,,2845,遠東銀,,,761389,645164,,687371,43693444,9065087,,,,,,,,,2907667,,3367837,,47649758,715493072,3,上市,114,,,,,,,,,,9125993,25301720,,20007283,,,,163262073,2919092,,,,,68280267,,,68280267,,0,,14.03,,,,1538210,,11571371,191391,,,1466148,48652847,,654390,,810937993,504607641,830560,,879218260,58434569,7129162,50956359,,140730,,,,,962005,,1742456,,,,0
,736662,,907035,15806065,,,2849,安泰銀,,,-255190,163042,,1530738,4007026,4510,,,,,,,,,,,6838401,,17674126,333438893,3,上市,114,0,,,,,,,,,2366189,,,5655722,,,,33215768,,,,,,35533311,,,,,0,,18.15,,,,281662,,2345398,60548,0,,901677,19576094,,218216,,348888324,249338673,406342,,384421635,43739093,847331,27311789,47001,605211,,,,,0,,1075248,,,,0
1147560,,27638,,15650396,,35612391,2850,新產,,,703723,125670,955872,,,,,13399095,,,0,,,,,,,,,,3,上市,114,0,,,,,,,,,4483590,,3094707,,27959054,,,,,225513,0,,19578591,,,,,,0,,61.96,,,51855,,,13365238,,,,28208,3159633,,0,40579641,,,64839,60158232,,,66882,,37387,157213,,,,,,,,,,,0
285024,,534,,10700722,,35405887,2851,中再保,,,356236,47879,2356356,,,,,6352181,,,,,,,,,,,,,3,上市,114,,,,,,0,,,,668866,,444087,,38554262,,,,,368747,0,,20620846,,,,,,0,,25.76,,,15514,,,9364635,,,,554,8003888,,,36770633,,,1560000,57391479,,,109413,,169287,18886,,,,,,,,,,,0
600609,,3153,,5576322,,10271383,2852,第一保,,,285968,202893,609042,,,,,2467470,,,,,,,,,,,,,3,上市,114,,,,,,,,,,790476,,505668,,13963227,,,,,79593,,,8873928,,,,,,0,,29.47,,,16956,,,2130898,,,,3195,3011638,,0,11440474,,,,20314402,,,,,92934,17379,,,,,,,,,,,0
,,,,,18036584,,2855,統一證,,,2561485,,,,,,,,,,,,,,,,,,,,3,上市,114,,,,,,0,,,,,,,,,,,,,,,,36863762,,,,,36703415,,0,22.92,176395721,204725886,,,,,,,,,16014145,,,178210401,,,91201,215074163,,,,,,,,,,,,,,160347,1814680,10348277,0
,33620580,,2032683,72995584,,,2880,華南金,,2818000,-2059788,8905204,,5676267,86492388,16188921,,,6423288,,,,,,,241970386,,256122266,,3362081185,3,上市,114,,,,,,,71390970,,50007184,74831491,,,93194683,,,14065164,813007171,271924,,,,,227874742,,227872286,,,0,,16.37,,,,958842,,35963073,2030539,275082,,2099929,139169651,,25639884,,4020552235,2371983742,17766839,,4248426977,395322911,9265868,198125910,6122891,3745468,,,,,76896316,1449002,,2456,,,0
,75965819,,14268359,674760724,,,2881,富邦金,,14390732,-42481080,98099173,,50618557,595215243,561082317,,,43400353,,,,,,969461,231023768,,471722962,,4627155025,3,上市,114,,,4108409,,,,453090681,,59343136,284985681,,,438020471,,,309285280,3686940187,61714664,,,,,957636197,,943355859,,,0,,61.80,,,,33608251,,405376543,16758712,3082515,,21706734,156073549,187925,4821976522,,11444419033,3313839962,155002666,,12402055230,935124221,98351969,1845605308,37915523,35758829,17771124,,8764726,,65477624,103767497,,14280338,,,0
,109919860,,4994027,605471536,,,2882,國泰金,0,67479217,-78540366,33166006,,101614862,871415210,816614548,,,21972042,,,,,,,156809440,,499072580,,4266274757,3,上市,114,0,,,,,,279696964,,78690097,155537631,,,329403264,,,496264932,4701320453,62357643,,,,,907896206,,892075463,,,0,,55.06,,,,31966726,,409810280,45639703,1835477,,19743794,162025102,,7164534999,,13334759898,3217617187,203119191,,14242656104,1164613302,135969323,2145780428,45276018,98147734,524846,,2795544,,14001893,26555215,,15820743,,,0
,30386792,,12936245,113001367,,,2883,凱基金,,20546739,-21026107,90248930,,109049141,252073986,200688819,,,1149983,,,,,,,17721999,,50122907,,614308478,3,上市,114,,,,,,184320,111211373,,54637169,155872059,,,205463840,,,55915173,1633612957,28755186,,,,,311427723,,311298685,,,0,,16.78,,,,16567379,,63288142,4658683,907039,,5414664,185569913,,2062489868,,3648080405,548133692,33753512,,3959508128,244576770,82845731,664146493,12731656,10980049,833198,,201104,,162485872,82626417,,129038,,,0
,34139835,,8071237,58364348,,,2884,玉山金,,313893,4659694,5740011,,24099998,123070746,10356397,,,,,,,,,,96612319,,312013556,,3562937722,3,上市,114,,,0,,,,40110000,,31827490,64679728,,,177201061,,,1260103,484787477,,,,,,260583174,,260196339,,,0,,16.09,,,,7744983,,51991026,2823792,542033,,5441107,161740000,,1156419,,4040102133,2522688179,35432297,,4300685307,371500191,77592883,262873489,2524580,3451207,1759220,,14285,,23512223,27950250,,386835,,,0
,30017581,,10084761,141648927,,,2885,元大金,,72023964,15776028,204441286,,104097292,191875539,157892229,,,1366617,,,6288605,,,,9614123,,140850828,,1883423158,3,上市,114,,,0,,,0,119602590,,118711137,285222139,,,416806115,,,17805488,561468430,2491451,,,,,351590040,,329074090,,,0,,24.68,,,,30490913,,83420570,5105969,2685897,,6155021,133311499,,393813627,,3741600613,1410665103,38337636,,4093190653,349738032,203020765,700918582,4790758,5824385,,,,,243800537,60277774,,22515950,,,0
,23018299,,2008160,142960311,,,2886,兆豐金,0,5541124,14585862,11157934,,12828477,26460990,8382087,,,15255226,,,,,,2224899,632581203,,684618885,,3142439169,3,上市,114,0,,0,,,,45200000,,48875885,118291253,,,111328809,,,1687629,613036479,5105246,,,,,382715946,,382715946,,,0,,25.80,,,,1471941,,121732868,7078400,1276204,,2080619,148333783,,30892548,,4422677144,2363847837,76835990,,4805393090,567804784,27331404,261816980,2415319,6388806,,,,,320106397,3784373,,0,,,0
,78642308,,5808663,48514793,,,2887,台新新光金,,7252503,22412891,26748584,,52123958,294699282,158503981,,,2531559,,,,,,,46547100,,204306734,,3609926017,3,上市,114,-89298,,5657800,,,,143152917,,73615587,118800474,,,300394430,,,246651230,2636710052,3343161,,,,,470382722,,469929449,,,1927518,,17.90,,,,670060232,28434114,84042770,6523000,,,12805790,262610672,,3611638952,,8210303610,2901547544,136480391,,8680686332,492944723,83925135,738154499,18771849,55350717,,,,,127462306,43911971,,453273,,,0
,6957042,,151660,5061009,,,2889,國票金,,,2885968,6865092,,7335579,13527263,17790620,,,,,,,,,28918677,,,2,,,3,上市,114,0,,,,,0,,,28224604,22883635,,,51366607,,,394145,699406,5535677,,,,,52148727,,44685980,,,0,,12.30,,,,269009,,4725820,562842,73205,,149879,36335635,,1774911,,378014966,,403368,,430163693,148815253,3848775,185426524,56078,334011,,,,,271203210,289133,,7462747,,,0
,13708228,,4417964,83738486,,,2890,永豐金,,9636820,-4261120,17126498,,33169909,106573481,86960045,,,,,,,,,,82207352,,245497575,,2407348145,3,上市,114,,,,,,,62842156,,92225189,88271892,,,161761844,,,2107798,310254143,1044629,,,,,218752150,,216780117,,,0,,16.53,,,,8236177,18437,34669377,2765748,386326,,4009841,131171698,,2742508,,3011050011,1702488303,6131053,,3229802161,402073811,75451222,135988307,1665790,3497400,,,,,58164932,83540325,,1972033,,,0
,52063881,,16992727,265317804,,,2891,中信金,,,-35693014,36354028,,74600485,214931214,139872260,,,5650383,,,,,,39963666,75537270,,524873934,,5560888206,3,上市,114,,,,,,0,212857802,,77295132,130165348,,,293203921,,,114299777,2088926196,22478256,,,,,520493419,,491739076,,,0,,24.40,,,,40041528,,141242092,10764665,5700795,,16342005,201497561,,1855597881,,8512188472,4117086761,60616725,,9032681891,681639795,89294925,641373921,12452954,15176607,1662625,,104813,,178080751,57353759,,28754343,,,0
,27679594,,2562798,83705401,,,2892,第一金,,1000000,28438054,5590432,,11117664,84154763,16153331,,,67499,,,,,,342640,380474005,,341365575,,3838435090,3,上市,114,,,,,,0,70800000,,51719697,75806958,,,86613427,,,12557473,981618604,3504088,,,,,282045387,,282045387,,,0,,19.61,,,,1097395,,55527846,4285816,985925,,2448054,143794686,,77105956,,4637578071,2729596164,26107246,,4919623458,429558740,17061601,211906161,8202000,5005174,,,,,20151059,2706000,,0,,,0
,2601764,,397187,13213496,,,2897,王道銀行,,,-591095,473223,,1673417,14583573,1048976,,,,,,,,,,,60861016,,14924886,312653452,3,上市,114,-221695,,,,,,,,,5636623,14660000,,3666348,,,,28696492,6367839,,,,,63612300,,,43527926,,22939000,,14.35,,,,1651976,,8885037,285646,356743,,414655,30553579,,2101515,,623749397,258521746,573641,,687361697,164152575,676025,179486198,883926,623573,,,,,210519743,,14306940,20084374,,,0
,,,,141869,,,2901,欣欣,,,2173,,,,,,,,,,,,,,,,,,,,3,上市,114,0,,,,,0,,,,,,,,,,,,,,,,874978,,,,,,0,,11.98,59332,481551,,,,,,,,,730433,,,123554,,,503,998532,,,,,,,,,,,,,,,64222,516981,0
,,,,8040143,,,2903,遠百,,,5112372,,,,,,,,,,,,,,,,,,,,3,上市,114,-97110,,,,,,,,,,,,,,,,,,,,,35709853,,,,30568411,,8207004,,21.70,41984962,22457451,,,,,,,,,14169406,,,98726129,,,3343600,134435982,,,,,,,,,,,,,,5141442,56741167,111978531,0
,,,,414395,,,2904,匯僑,,,-5383,,,,,,,,,,,,,,,,,,,,3,上市,114,,,,,,0,,,,,,,,,,,,,,,,1274998,,,,1274562,,0,,16.38,236847,246470,,,,,,,,,778344,,,543431,,,87206,1818429,,,,,,,,,,,,,,436,306584,1571959,0
,,,,5395212,,,2905,三商,0,,-4240951,,,,,,,,,,,,,,,,,,,,3,上市,114,-592930,,,,,0,,,,,,,,,,,,,,,,,49075525,0,,15799841,,57093000,,15.00,18977781,176386394,,,,,,,,,11103717,,,1578761244,,,4134793,1627836769,,,,,,,,,,,,,,33275684,1559783463,1451450375,0
,,,,977280,,,2906,高林,,,-11468,,,,,,,,,,,,,,,,,,,,3,上市,114,,,,,,0,,,,,,,,,,,,,,,,6530619,,,,3351121,,0,,16.03,4871517,5258180,,,,,,,,,2091167,,,6474306,,,294142,13004925,,,,,,,,,,,,,,3179498,1602789,7746745,0
,,,,1731256,,,2908,特力,,,-283313,,,,,,,,,,,,,,,,,,,,3,上市,114,0,,,,,,,,,,,,,,,,,,,,,7857353,,,,6733017,,0,,13.20,14206456,17928338,,,,,,,,,5098875,,,29268917,,,186199,37126270,,,,,,,,,,,,,,1124336,15062461,19197932,0
,,,,1004897,,,2910,統領,,,-49609,,,,,,,,,,,,,,,,,,,,3,上市,114,,,,,,0,,,,,,,,,,,,,,,,2709318,,,,2709318,,0,,15.45,544636,936973,,,,,,,,,1754030,,,3484809,,,0,6194127,,,,,,,,,,,,,,0,2940173,5257154,0
,,,,-934261,,,2911,麗嬰房,,,-163910,,,,,,,,,,,,,,,,,,,,3,上市,114,,,,,,,,,,,,,,,,,,,,,,247522,,,,155613,,0,,1.48,2184024,2162531,,,,,,,,,1051260,,,2855637,,,202524,3103159,,,,,,,,,,,,,,91909,671613,940628,0
,,,,29136191,,,2912,統一超,,,-222564,,,,,,,,,,,,,,,,,,,,3,上市,114,,,,,,,,,,,,,,,,,,,,,,49141573,,,,39400804,,0,,37.90,117452451,92321591,,,,,,,,,10396223,,,235973705,,,90954,285115278,,,,,,,,,,,,,,9740769,118521254,192793687,0
,,,,2402023,,,2913,農林,,,-50583,,,,,,,,,,,,,,,,,,,,3,上市,114,,,,,,0,,,,,,,,,,,,,,,,12449388,,,,,,0,,15.76,690966,1169856,,,,,,,,,7900000,,,8883997,,,2197948,21333385,,,,,,,,,,,,,,,8193031,20163529,0
,,,,102611986,,,2915,潤泰全,,,-42527388,,,,,,,,,,,,,,,,,,,,3,上市,114,-552479,,,,,0,,,,,,,,,,,,,,,,101424208,,,,98888438,,36593388,,92.62,4198089,6059151,,,,,,,,,11043188,,,14001324,,,28313131,115425532,,,,,,,,,,,,,,2535770,9803235,109366381,0
,,,,35341155,,,2923,鼎固-KY,,,-5429558,,,,,,,,,,,,,,,,,,,,3,上市,114,,,,,,,,,,,,,,,,,,,,,,49730786,,,,47506713,,0,,27.30,35208299,64300022,,,,,,,,,17402970,,,69390013,,,192146,119120799,,,,,,,,,,,,,,2224073,34181714,54820777,0
,,,,677462,,,2929,淘帝-KY,,,-538395,,,,,,,,,,,,,,,,,,,,3,上市,114,0,,,,,,,,,,,,,,,,,,,,,2751892,,,,2751892,,0,,25.13,409807,3235004,,,,,,,,,1094938,,,701046,,,1517887,3452938,,,,,,,,,,,,,,,291239,217934,0
,,,,-199371,,,2939,永邑-KY,,,-9000,,,,,,,,,,,,,,,,,,,,3,上市,114,,,,,,,,,,,,,,,,,,,,,,581322,,,,581322,,0,,12.76,35588,633100,,,,,,,,,455487,,,250112,,,334206,831434,,,,,,,,,,,,,,,214524,198334,0
,,,,216006,,,2945,三商家購,,,-511,,,,,,,,,,,,,,,,,,,,3,上市,114,,,,,,0,,,,,,,,,,,,,,,,2022477,,,,1891805,,0,,28.03,2542081,2303991,,,,,,,,,675000,,,4233617,,,1001310,6256094,,,,,,,,,,,,,,130672,1691536,3952103,0
,,,,249982,,,3002,歐格,,,-57259,,,,,,,,,,,,,,,,,,,,3,上市,114,-8355,,,,,,,,,,,,,,,,,,,,,1350287,,,,1221841,,677000,,12.06,251010,1655649,,,,,,,,,1020000,,,558209,,,17473,1908496,,,,,,,,,,,,,,128446,307199,252847,0
,,,,4946060,,,3003,健和興,,,-194514,,,,,,,,,,,,,,,,,,,,3,上市,114,,,,,,,,,,,,,,,,,,,,,,6409150,,,,6335376,,0,,40.70,1134171,6059892,,,,,,,,,1556549,,,1553489,,,27281,7962639,,,,,,,,,,,,,,73774,419318,1902747,0
,,,,1622023,,,3004,豐達科,0,,-45910,,,,,,,,,,,,,,,,,,,,3,上市,114,0,,,,,0,,,,,,,,,,,,,,,,2810242,,,,2810242,,0,,50.21,2708754,3682695,,,,,,,,,559677,,,4598802,,,674452,7409044,,,,,,,,,,,,,,0,1890048,3726349,0
,,,,13504820,,,3005,神基,,,324314,,,,,,,,,,,,,,,,,,,,3,上市,114,,,,,,0,,,,,,,,,,,,,,,,26710246,,,,24114958,,0,,38.84,15714938,30626013,,,,,,,,,6208444,,,20468156,,,4077380,47178402,,,,,,,,,,,,,,2595288,4753218,16552389,0
,,,,6112445,,,3006,晶豪科,,,-56025,,,,,,,,,,,,,,,,,,,,3,上市,114,-163122,,,,,0,,,,,,,,,,,,,,,,9142955,,,,9265676,,14000000,,34.04,5699812,14346224,,,,,,,,,2861722,,,7818990,,,510656,16961945,,,,,,,,,,,,,,-122721,2119178,2615721,0
,,,,179102251,,,3008,大立光,,,-219785,,,,,,,,,,,,,,,,,,,,3,上市,114,,,,,,0,,,,,,,,,,,,,,,,183691111,,,,181779124,,0,,1361.97,28338678,144544077,,,,,,,,,1334682,,,28464844,,,1561976,212155955,,,,,,,,,,,,,,1911987,126166,67611878,0
,,,,15033956,,,3010,華立,,,916850,,,,,,,,,,,,,,,,,,,,3,上市,114,,,,,,,,,,,,,,,,,,,,,,24271843,,,,22393394,,0,,86.32,20092820,34405596,,,,,,,,,2594368,,,27260543,,,3848220,51532386,,,,,,,,,,,,,,1878449,7167723,17126790,0
,,,,-122069,,,3011,今皓,,,296014,,,,,,,,,,,,,,,,,,,,3,上市,114,,,,,,,,,,,,,,,,,,,,,,1358975,,,,1304540,,0,,11.57,1120080,680056,,,,,,,,,1127192,,,1257052,,,3403,2616027,,,,,,,,,,,,,,54435,136972,1935971,0
,,,,2020157,,,3013,晟銘電,,,-83461,,,,,,,,,,,,,,,,,,,,3,上市,114,0,,,,,0,,,,,,,,,,,,,,,,4753110,,,,4753110,,0,,23.17,3066224,5151705,,,,,,,,,2051389,,,3848059,,,765025,8601169,,,,,,,,,,,,,,0,781835,3449464,0
,,,,3437870,,,3014,聯陽,,,-120383,,,,,,,,,,,,,,,,,,,,3,上市,114,0,,,,,0,,,,,,,,,,,,,,,,6633637,,,,6633637,,0,,39.95,2018729,6299005,,,,,,,,,1660351,,,2162432,,,1655799,8796069,,,,,,,,,,,,,,0,143703,2497064,0
,,,,5726835,,,3015,全漢,,,3976551,,,,,,,,,,,,,,,,,,,,3,上市,114,0,,,,,0,,,,,,,,,,,,,,,,12849747,,,,12437971,,0,,66.42,5998903,11280527,,,,,,,,,1872620,,,6610485,,,861965,19460232,,,,,,,,,,,,,,411776,611582,8179705,0
,,,,353253,,,3016,嘉晶,,,-2518,,,,,,,,,,,,,,,,,,,,3,上市,114,,,,,,0,,,,,,,,,,,,,,,,4886927,,,,4886927,,0,,16.94,905376,3712364,,,,,,,,,2885418,,,1829529,,,1650774,6716456,,,,,,,,,,,,,,,924153,3004092,0
,,,,31887447,,,3017,奇鋐,,,-2062298,,,,,,,,,,,,,,,,,,,,3,上市,114,,,,,,,,,,,,,,,,,,,,,,41591993,,,,36460752,,0,,93.32,87501756,109314176,,,,,,,,,4066652,,,97662049,,,2568951,139254042,,,,,,,,,,,,,,5131241,10160293,29939866,2533150
,,,,-557131,,,3018,隆銘綠能,,,361777,,,,,,,,,,,,,,,,,,,,3,上市,114,,,,,,,,,,,,,,,,,,,,,,565382,,,,565382,,0,,7.50,835210,925991,,,,,,,,,753777,,,1071959,,,6959,1637341,,,,,,,,,,,,,,,236749,711350,0
,,,,6319148,,,3019,亞光,,,-617607,,,,,,,,,,,,,,,,,,,,3,上市,114,,,,,,0,,,,,,,,,,,,,,,,16402347,,,,13970783,,0,,50.03,9847865,22853213,,,,,,,,,2792439,,,10223182,,,5476803,26625529,,,,,,,,,,,,,,2431564,375317,3772316,0
,,,,726477,,,3021,鴻名,,,-153527,,,,,,,,,,,,,,,,,,,,3,上市,114,0,,,,,0,,,,,,,,,,,,,,,,1588090,,,,1529511,,0,,16.12,1542633,2554032,,,,,,,,,948900,,,1680381,,,7661,3268471,,,,,,,,,,,,,,58579,137748,714439,0
,,,,8389191,,,3022,威強電,,,-565250,,,,,,,,,,,,,,,,,,,,3,上市,114,,,,,,0,,,,,,,,,,,,,,,,10600218,,,,10430159,,0,,59.06,2841992,9736334,,,,,,,,,1765978,,,3951050,,,840240,14551268,,,,,,,,,,,,,,170059,1109058,4814934,0
,,,,9888202,,,3023,信邦,,,-737579,,,,,,,,,,,,,,,,,,,,3,上市,114,,,,,,,,,,,,,,,,,,,,,,14873769,,,,14686728,,0,,61.18,13350793,23024182,,,,,,,,,2400690,,,14057562,,,3135415,28931331,,,,,,,,,,,,,,187041,706769,5907149,0
,,,,675416,,,3024,憶聲,,,-508475,,,,,,,,,,,,,,,,,,,,3,上市,114,,,,,,0,,,,,,,,,,,,,,,,2940118,,,,2940118,,0,,10.61,1320254,2198619,,,,,,,,,2771575,,,1497826,,,1602,4437944,,,,,,,,,,,,,,,177572,2239325,0
,,,,146265,,,3025,星通,,,-2875,,,,,,,,,,,,,,,,,,,,3,上市,114,,,,,,,,,,,,,,,,,,,,,,754708,,,,754708,,0,,13.30,283756,818339,,,,,,,,,567365,,,328070,,,43953,1082778,,,,,,,,,,,,,,,44314,264439,0
,,,,5134846,,,3026,禾伸堂,,,-165037,,,,,,,,,,,,,,,,,,,,3,上市,114,,,,,,,,,,,,,,,,,,,,,,10044866,,,,9788778,,0,,59.01,4548043,11036167,,,,,,,,,1658903,,,5570188,,,3160066,15615054,,,,,,,,,,,,,,256088,1022145,4578887,0
,,,,352280,,,3027,盛達,,,-44169,,,,,,,,,,,,,,,,,,,,3,上市,114,-24677,,,,,,,,,,,,,,,,,,,,,2472934,,,,2131738,,1126000,,18.54,541029,1528947,,,,,,,,,1160824,,,647717,,,687480,3120651,,,,,,,,,,,,,,341196,106688,1591704,78300
,,,,2016450,,,3028,增你強,,,138997,,,,,,,,,,,,,,,,,,,,3,上市,114,,,,,,0,,,,,,,,,,,,,,,,5873851,,,,5873851,,0,,24.76,15309600,20158806,,,,,,,,,2372412,,,15514242,,,1345992,21388093,,,,,,,,,,,,,,,204642,1229287,0
,,,,1561316,,,3029,零壹,,,25753,,,,,,,,,,,,,,,,,,,,3,上市,114,,,,,,,,,,,,,,,,,,,,,,6675509,,,,5467744,,0,,32.74,6755261,11648563,,,,,,,,,1670052,,,7775963,,,2210623,14451472,,,,,,,,,,,,,,1207765,1020702,2802909,0
,,,,6510739,,,3030,德律,,,-86302,,,,,,,,,,,,,,,,,,,,3,上市,114,,,,,,0,,,,,,,,,,,,,,,,8857339,,,,8857339,,0,,37.50,2222280,7134638,,,,,,,,,2362160,,,2507433,,,70742,11364772,,,,,,,,,,,,,,,285153,4230134,0
,,,,769320,,,3031,佰鴻,,,-104346,,,,,,,,,,,,,,,,,,,,3,上市,114,0,,,,,,,,,,,,,,,,,,,,,2914218,,,,2835484,,0,,16.37,436362,1892075,,,,,,,,,1732032,,,541935,,,438478,3456153,,,,,,,,,,,,,,78734,105573,1564078,0
,,,,1332137,,,3032,偉訓,,,-309086,,,,,,,,,,,,,,,,,,,,3,上市,114,0,,,,,,,,,,,,,,,,,,,,,3649632,,,,2636473,,0,,23.27,10791110,9738576,,,,,,,,,1132856,,,14437462,,,480566,18087094,,,,,,,,,,,,,,1013159,3646352,8348518,0
,,,,2749245,,,3033,威健,,,-52810,,,,,,,,,,,,,,,,,,,,3,上市,114,,,,,,,,,,,,,,,,,,,,,,10143907,,,,10143907,,0,,21.14,28492795,41190922,,,,,,,,,4798786,,,31915612,,,2648686,42059519,,,,,,,,,,,,,,,3422817,868597,0
,,,,53592680,,,3034,聯詠,,,1528047,,,,,,,,,,,,,,,,,,,,3,上市,114,0,,,,,0,,,,,,,,,,,,,,,,63580896,,,,63580896,,0,,104.49,20960928,70819287,,,,,,,,,6085115,,,30484605,,,2375054,94065501,,,,,,,,,,,,,,0,9523677,23246214,0
,,,,4949878,,,3035,智原,,,801929,,,,,,,,,,,,,,,,,,,,3,上市,114,,,,,,0,,,,,,,,,,,,,,,,13115143,,,,12682573,,0,,48.68,5141056,11557748,,,,,,,,,2605503,,,5752129,,,4325263,18867272,,,,,,,,,,,,,,432570,611073,7309524,0
,,,,33871555,,,3036,文曄,,,-4448204,,,,,,,,,,,,,,,,,,,,3,上市,114,,,,,,0,,,,,,,,,,,,,,,,90395177,,,,90135105,,0,,71.73,343251979,420527582,,,,,,,,,12578254,,,385349041,,,48133500,475744218,,,,,,,,,,,,,,260072,42097062,55216636,0
,,,,62652884,,,3037,欣興,,,-1443099,,,,,,,,,,,,,,,,,,,,3,上市,114,-120420,,,,,0,,,,,,,,,,,,,,,,98631046,,,,92099518,,1011935,,60.25,65260270,89817598,,,,,,,,,15296642,,,139006934,,,15713511,237637980,,,,,,,,,,,,,,6531528,73746664,147820382,0
,,,,1153955,,,3038,全台,,,-139338,,,,,,,,,,,,,,,,,,,,3,上市,114,-122282,,,,,0,,,,,,,,,,,,,,,,2588505,,,,2548449,,8794388,,17.15,756206,2971584,,,,,,,,,1574076,,,1295231,,,82038,3883736,,,,,,,,,,,,,,40056,539025,912152,0
,,,,810902,,,3040,遠見,,,-99007,,,,,,,,,,,,,,,,,,,,3,上市,114,,,,,,,,,,,,,,,,,,,,,,1383677,,,,1383677,,0,,21.96,52988,1117371,,,,,,,,,630000,,,574450,,,41782,1958127,,,,,,,,,,,,,,,521462,840756,0
,,,,-193853,,,3041,揚智,,,4729,,,,,,,,,,,,,,,,,,,,3,上市,114,0,,,,,,,,,,,,,,,,,,,,,1820113,,,,1610084,,0,,11.48,1276071,2094155,,,,,,,,,1402237,,,2478563,,,396971,4298676,,,,,,,,,,,,,,210029,1202492,2204521,0
,,,,7918826,,,3042,晶技,,,-677456,,,,,,,,,,,,,,,,,,,,3,上市,114,-264096,,,,,,,,,,,,,,,,,,,,,15142896,,,,15029241,,3000000,,44.20,4282883,12824343,,,,,,,,,3429930,,,6759947,,,4622037,21902843,,,,,,,,,,,,,,113655,2477064,9078500,0
,,,,-25646,,,3043,科風,,,531894,,,,,,,,,,,,,,,,,,,,3,上市,114,,,,,,0,,,,,,,,,,,,,,,,873446,,,,896004,,0,,22.99,918265,860740,,,,,,,,,389756,,,932648,,,0,1806094,,,,,,,,,,,,,,-22558,14383,945354,0
,,,,47729591,,,3044,健鼎,,,-3730162,,,,,,,,,,,,,,,,,,,,3,上市,114,,,,,,0,,,,,,,,,,,,,,,,49598804,,,,49590900,,0,,94.35,34979113,63466278,,,,,,,,,5256059,,,41325698,,,335412,90924502,,,,,,,,,,,,,,7904,6346585,27458224,0
,,,,46797884,,,3045,台灣大,,,-1111223,,,,,,,,,,,,,,,,,,,,3,上市,114,-29717344,,,,,,,,,,,,,,,,,,,,,90085558,,,,82236441,,698751601,,27.19,62507801,39808676,,,,,,,,,37232618,,,143506381,,,29034506,233591939,,,,,,,,,,,,,,7849117,80998580,193783263,0
,,,,442908,,,3046,建碁,,,-39698,,,,,,,,,,,,,,,,,,,,3,上市,114,,,,,,0,,,,,,,,,,,,,,,,1600284,,,,1608529,,0,,20.50,2006552,3151473,,,,,,,,,784480,,,2081440,,,420839,3681724,,,,,,,,,,,,,,-8245,74888,530251,0
,,,,-1609,,,3047,訊舟,,,16778,,,,,,,,,,,,,,,,,,,,3,上市,114,-12935,,,,,,,,,,,,,,,,,,,,,3291368,,,,2552584,,1380104,,11.44,1268576,3224817,,,,,,,,,2248325,,,2840510,,,302025,6131878,,,,,,,,,,,,,,738784,1571934,2907061,796750
,,,,981291,,,3048,益登,,,181594,,,,,,,,,,,,,,,,,,,,3,上市,114,,,,,,,,,,,,,,,,,,,,,,4598122,,,,4598122,,0,,17.04,22440950,25569113,,,,,,,,,2698298,,,24119830,,,736939,28717952,,,,,,,,,,,,,,0,1678880,3148839,0
,,,,-815663,,,3049,精金,,,-458707,,,,,,,,,,,,,,,,,,,,3,上市,114,0,,,,,0,,,,,,,,,,,,,,,,7549595,,,,7066285,,0,,8.81,1821038,3974275,,,,,,,,,8020105,,,6950684,,,320550,14500279,,,,,,,,,,,,,,483310,5129646,10526004,0
,,,,374680,,,3050,鈺德,,,-76648,,,,,,,,,,,,,,,,,,,,3,上市,114,0,,,,,0,,,,,,,,,,,,,,,,2974076,,,,2432176,,0,,15.69,1044181,1633548,,,,,,,,,1549845,,,2621189,,,584299,5595265,,,,,,,,,,,,,,541900,1577008,3961717,0
,,,,744647,,,3051,力特,,,-8757,,,,,,,,,,,,,,,,,,,,3,上市,114,-41599,,,,,0,,,,,,,,,,,,,,,,2364291,,,,2364291,,2000000,,14.33,514894,1286056,,,,,,,,,1670000,,,1485672,,,0,3849963,,,,,,,,,,,,,,0,970778,2563907,0
,,,,1105496,,,3052,夆典,,,-5725,,,,,,,,,,,,,,,,,,,,3,上市,114,-276485,,,,,0,,,,,,,,,,,,,,,,3575532,,,,3486216,,31261043,,17.09,7898049,11586346,,,,,,,,,2352457,,,8414785,,,310473,11990317,,,,,,,,,,,,,,89316,516736,403971,0
,,,,78429,,,3054,立萬利,,,-981,,,,,,,,,,,,,,,,,,,,3,上市,114,0,,,,,0,,,,,,,,,,,,,,,,883958,,,,883958,,0,,10.96,32691,407329,,,,,,,,,806510,,,37671,,,0,921629,,,,,,,,,,,,,,,4980,514300,0
,,,,593427,,,3055,蔚華科,,,-141724,,,,,,,,,,,,,,,,,,,,3,上市,114,-124658,,,,,,,,,,,,,,,,,,,,0,1784806,,,,1757141,,2228030,,15.58,175364,1292352,,,,,,,,,1149749,,,307694,,,280347,2092500,,,,,,,,,,,,,,27665,132330,800148,0
,,,,2684602,,,3056,富華新,,,,,,,,,,,,,,,,,,,,,,,3,上市,114,,,,,,,,,,,,,,,,,,,,,,8759205,,,,8759205,,0,,18.23,5052263,14108982,,,,,,,,,4805550,,,6869165,,,1269053,15628370,,,,,,,,,,,,,,,1816902,1519388,0
,,,,-14263,,,3057,喬鼎,,,-90018,,,,,,,,,,,,,,,,,,,,3,上市,114,,,,,,,,,,,,,,,,,,,,,,583876,,,,583596,,0,,9.67,239172,734436,,,,,,,,,603258,,,285035,,,84619,868911,,,,,,,,,,,,,,280,45863,134475,0
,,,,-109825,,,3058,立德,,,-248567,,,,,,,,,,,,,,,,,,,,3,上市,114,-25377,,,,,0,,,,,,,,,,,,,,,,1753118,,,,1657904,,1348000,,8.27,2254663,2495675,,,,,,,,,2017228,,,3032150,,,24445,4785268,,,,,,,,,,,,,,95214,777487,2289593,0
,,,,4698395,,,3059,華晶科,,,-781338,,,,,,,,,,,,,,,,,,,,3,上市,114,-2847,,,,,0,,,,,,,,,,,,,,,,10191611,,,,9573469,,100000,,31.17,5441626,9791500,,,,,,,,,3072420,,,6320777,,,2586839,16512388,,,,,,,,,,,,,,618142,879151,6720888,0
,,,,493975,,,3060,銘異,,,-772191,,,,,,,,,,,,,,,,,,,,3,上市,114,,,,,,0,,,,,,,,,,,,,,,,2541623,,,,2529749,,0,,18.39,1470273,2831370,,,,,,,,,1375632,,,1819278,,,1432333,4360901,,,,,,,,,,,,,,11874,349005,1529531,0
,,,,1404207,,,3062,建漢,,,-659246,,,,,,,,,,,,,,,,,,,,3,上市,114,-65282,,,,,0,,,,,,,,,,,,,,,,4542515,,,,4542515,,2040000,,13.84,1828792,3425332,,,,,,,,,3301774,,,2048623,,,561062,6591138,,,,,,,,,,,,,,,219831,3165806,0
,,,,2929503,,,3090,日電貿,,,157792,,,,,,,,,,,,,,,,,,,,3,上市,114,,,,,,,,,,,,,,,,,,,,,,7005689,,,,6957713,,0,,32.13,5198486,9107392,,,,,,,,,2165672,,,5485371,,,1704746,12491060,,,,,,,,,,,,,,47976,286885,3383668,0
,,,,-358604,,,3092,鴻碩,,,-118043,,,,,,,,,,,,,,,,,,,,3,上市,114,,,,,,0,,,,,,,,,,,,,,,,1506398,,,,1472205,,0,,13.82,2288000,2405152,,,,,,,,,1065520,,,3679751,,,883332,5186149,,,,,,,,,,,,,,34193,1391751,2780997,0
,,,,130861,,,3094,聯傑,,,-14042,,,,,,,,,,,,,,,,,,,,3,上市,114,0,,,,,0,,,,,,,,,,,,,,,,1012575,,,,1012575,,0,,12.18,32923,743705,,,,,,,,,831171,,,104356,,,64585,1116931,,,,,,,,,,,,,,,71433,373226,0
,,,,885181,,,3130,一零四,,,2576,,,,,,,,,,,,,,,,,,,,3,上市,114,,,,,,0,,,,,,,,,,,,,,,,1617238,,,,1617238,,0,,48.73,1990813,2893882,,,,,,,,,331907,,,2065767,,,397574,3683005,,,,,,,,,,,,,,,74954,789123,0
,,,,388673,,,3135,凌航,,,0,,,,,,,,,,,,,,,,,,,,3,上市,114,-11718,,,,,,,,,,,,,,,,,,,,,1723201,,,,,,350000,,22.34,1328490,2912914,,,,,,,,,774934,,,1732937,,,571312,3456138,,,,,,,,,,,,,,,404447,543224,0
,,,,680374,,,3138,耀登,,,-12147,,,,,,,,,,,,,,,,,,,,3,上市,114,-186262,,,,,0,,,,,,,,,,,,,,,,1921382,,,,1919623,,2063000,,39.79,931743,2195146,,,,,,,,,503095,,,1860769,,,934563,3782151,,,,,,,,,,,,,,1759,929026,1587005,0
,,,,-848173,,,3149,正達,,,456031,,,,,,,,,,,,,,,,,,,,3,上市,114,,,,,,0,,,,,,,,,,,,,,,,2681394,,,,2681394,,0,,11.85,760530,1502439,,,,,,,,,2262336,,,2189255,,,811200,4870649,,,,,,,,,,,,,,,1428725,3368210,0
,,,,38252,,,3150,鈺寶-創,,,-474,,,,,,,,,,,,,,,,,,,,3,上市,114,,,,,,,,,,,,,,,,,,,,,,667909,,,,,,0,,15.05,46235,447485,,,,,,,,,443770,,,48161,,,186361,716070,,,,,,,,,,,,,,,1926,268585,0
,,,,87854,,,3164,景岳,,,-21567,,,,,,,,,,,,,,,,,,,,3,上市,114,0,,,,,0,,,,,,,,,,,,,,,,1393504,,,,1278165,,0,,14.86,104442,503858,,,,,,,,,860104,,,185537,,,351774,1579041,,,,,,,,,,,,,,115339,81095,1075183,0
,,,,1742501,,,3167,大量,,,-149056,,,,,,,,,,,,,,,,,,,,3,上市,114,0,,,,,,,,,,,,,,,,,,,,,3077571,,,,3077571,,0,,34.83,3233671,5222955,,,,,,,,,883618,,,4465225,,,600508,7542796,,,,,,,,,,,,,,,1231554,2319841,0
,,,,581022,,,3168,眾福科,,,-32541,,,,,,,,,,,,,,,,,,,,3,上市,114,-98514,,,,,,,,,,,,,,,,,,,,,2474091,,,,1695337,,2000000,,22.57,1016771,2452169,,,,,,,,,770996,,,1089365,,,474374,3563456,,,,,,,,,,,,,,778754,72594,1111287,0
,,,,20317020,,,3189,景碩,,,-244013,,,,,,,,,,,,,,,,,,,,3,上市,114,,,,,,0,,,,,,,,,,,,,,,,40356099,,,,32008425,,0,,70.07,18805844,28064365,,,,,,,,,4568127,,,38561096,,,7367291,78917195,,,,,,,,,,,,,,8347674,19755252,50852830,0
,,,,1613397,,,3209,全科,0,,13447,,,,,,,,,,,,,,,,,,,,3,上市,114,0,,,,,0,,,,,,,,,,,,,,,0,5047021,,,,4844515,,0,,20.58,10384334,14539777,,,,,,,,,2353912,,,11438322,,,863759,16485343,,,,,,,,,,,,,,202506,1053988,1945566,0
,,,,-141893,,,3229,晟鈦,,,0,,,,,,,,,,,,,,,,,,,,3,上市,114,,,,,,0,,,,,,,,,,,,,,,,591079,,,,591079,,0,,9.20,232678,564844,,,,,,,,,642630,,,236996,,,90342,828075,,,,,,,,,,,,,,0,4318,263231,0
,,,,58731654,,,3231,緯創,,,-6496989,,,,,,,,,,,,,,,,,,,,3,上市,114,0,,,,,0,,,,,,,,,,,,,,,,226895321,,,,161058802,,0,,50.64,648269829,823720414,,,,,,,,,31804123,,,733574604,,,77020014,960469925,,,,,,,,,,,,,,65836519,85304775,136749511,0
,,,,712114,,,3257,虹冠電,0,,-41632,,,,,,,,,,,,,,,,,,,,3,上市,114,-11409,,,,,,,,,,,,,,,,,,,,,1675060,,,,1675060,,259000,,21.05,327216,1891571,,,,,,,,,798236,,,808063,,,217751,2483123,,,,,,,,,,,,,,0,480847,591552,0
,,,,1910050,,,3266,昇陽,,,-511,,,,,,,,,,,,,,,,,,,,3,上市,114,,,,,,0,,,,,,,,,,,,,,,,6270616,,,,6235353,,0,,17.70,6428398,11860168,,,,,,,,,3523143,,,6721714,,,802671,12992330,,,,,,,,,,,,,,35263,293316,1132162,0
,,,,214720,,,3296,勝德,,,-172594,,,,,,,,,,,,,,,,,,,,3,上市,114,,,,,,0,,,,,,,,,,,,,,,,1192734,,,,1192734,,0,,12.33,854019,1397381,,,,,,,,,967244,,,879203,,,183364,2071937,,,,,,,,,,,,,,,25184,674556,0
,,,,2416935,,,3305,昇貿,,,-229759,,,,,,,,,,,,,,,,,,,,3,上市,114,-273375,,,,,0,,,,,,,,,,,,,,,,5348765,,,,5328829,,5137000,,38.53,4906642,8407175,,,,,,,,,1434406,,,6381606,,,1980622,11730371,,,,,,,,,,,,,,19936,1474964,3323196,0
,,,,491286,,,3308,聯德,,,-18943,,,,,,,,,,,,,,,,,,,,3,上市,114,,,,,,,,,,,,,,,,,,,,,,1077249,,,,1077249,,0,,17.95,786933,1498169,,,,,,,,,600000,,,1072695,,,4906,2149944,,,,,,,,,,,,,,0,285762,651775,0
,,,,1653016,,,3311,閎暉,,,-331472,,,,,,,,,,,,,,,,,,,,3,上市,114,,,,,,,,,,,,,,,,,,,,,,3518091,,,,3518091,,0,,35.18,1407377,1761055,,,,,,,,,1000000,,,1478100,,,1196547,4996191,,,,,,,,,,,,,,,70723,3235136,0
,,,,822990,,,3312,弘憶股,,,15074,,,,,,,,,,,,,,,,,,,,3,上市,114,,,,,,0,,,,,,,,,,,,,,,,3118803,,,,2841279,,0,,17.47,7263367,9016231,,,,,,,,,1626268,,,8242614,,,376947,11361417,,,,,,,,,,,,,,277524,979247,2345186,0
,,,,-133993,,,3321,同泰,,,-86823,,,,,,,,,,,,,,,,,,,,3,上市,114,,,,,,0,,,,,,,,,,,,,,,,310717,,,,310717,,0,,5.85,1659489,1750859,,,,,,,,,531138,,,1945483,,,395,2256200,,,,,,,,,,,,,,,285994,505341,0
,,,,809720,,,3338,泰碩,,,-105062,,,,,,,,,,,,,,,,,,,,3,上市,114,-50634,,,,,0,,,,,,,,,,,,,,,,1882034,,,,1882034,,1082000,,21.68,1496891,2846456,,,,,,,,,879081,,,1656001,,,348929,3538035,,,,,,,,,,,,,,,159110,691579,0
,,,,650781,,,3346,麗清,,,-236526,,,,,,,,,,,,,,,,,,,,3,上市,114,-20122,,,,,,,,,,,,,,,,,,,,,3331470,,,,3331470,,750000,,27.65,5230922,7529710,,,,,,,,,1212283,,,6457639,,,1725054,9789109,,,,,,,,,,,,,,,1226717,2259399,0
,,,,1209739,,,3356,奇偶,,,-10816,,,,,,,,,,,,,,,,,,,,3,上市,114,,,,,,0,,,,,,,,,,,,,,,,2236102,,,,2223749,,0,,27.82,637428,2683731,,,,,,,,,799417,,,671869,,,225409,2907971,,,,,,,,,,,,,,12353,34441,224240,0
,,,,12777157,,,3376,新日興,,,-351793,,,,,,,,,,,,,,,,,,,,3,上市,114,,,,,,,,,,,,,,,,,,,,,,16876643,,,,16876643,,0,,86.21,3474454,11345528,,,,,,,,,1957638,,,4660750,,,2493641,21537393,,,,,,,,,,,,,,,1186296,10191865,0
,,,,1507349,,,3380,明泰,,,-387012,,,,,,,,,,,,,,,,,,,,3,上市,114,,,,,,,,,,,,,,,,,,,,,,12703263,,,,8890405,,0,,16.41,9620007,16397876,,,,,,,,,5417185,,,10662038,,,2352883,23365301,,,,,,,,,,,,,,3812858,1042031,6967425,0
,,,,14593439,,,3406,玉晶光,,,-841166,,,,,,,,,,,,,,,,,,,,3,上市,114,0,,,,,,,,,,,,,,,,,,,,,24091802,,,,24119379,,0,,213.93,8664442,19149481,,,,,,,,,1127431,,,16945573,,,9239675,41037375,,,,,,,,,,,,,,-27577,8281131,21887894,0
,,,,8271298,,,3413,京鼎,,,-161634,,,,,,,,,,,,,,,,,,,,3,上市,114,,,,,,0,,,,,,,,,,,,,,,,17238614,,,,15270679,,0,,140.09,7137189,13522931,,,,,,,,,1098196,,,9493076,,,6062819,26731690,,,,,,,,,,,,,,1967935,2355887,13208759,493519
,,,,1529842,,,3416,融程電,,,-5883,,,,,,,,,,,,,,,,,,,,3,上市,114,,,,,,,,,,,,,,,,,,,,,,3368381,,,,3370598,,0,,42.21,1292948,2417712,,,,,,,,,804336,,,1310223,,,1042303,4678604,,,,,,,,,,,,,,-2217,17275,2260892,106500
,,,,-112632,,,3419,譁裕,,,-100533,,,,,,,,,,,,,,,,,,,,3,上市,114,,,,,,,,,,,,,,,,,,,,,,992064,,,,992064,,0,,8.23,855809,1215869,,,,,,,,,1204804,,,1016767,,,425,2008831,,,,,,,,,,,,,,0,160958,792962,0
,,,,-236143,,,3432,台端,,,-49174,,,,,,,,,,,,,,,,,,,,3,上市,114,,,,,,0,,,,,,,,,,,,,,,,315184,,,,315184,,0,,7.46,20557,276829,,,,,,,,,422300,,,48518,,,178201,363702,,,,,,,,,,,,,,,27961,86873,0
,,,,-293745,,,3437,榮創,,,68987,,,,,,,,,,,,,,,,,,,,3,上市,114,,,,,,0,,,,,,,,,,,,,,,,2166711,,,,2111694,,0,,14.61,611731,1738363,,,,,,,,,1445480,,,633769,,,890972,2800480,,,,,,,,,,,,,,55017,22038,1062117,0
,,,,10390168,,,3443,創意,,,-54791,,,,,,,,,,,,,,,,,,,,3,上市,114,,,,,,,,,,,,,,,,,,,,,,11708392,,,,11708392,,0,,87.37,16507575,26478099,,,,,,,,,1340119,,,17109018,,,32896,28817410,,,,,,,,,,,,,,,601443,2339311,0
,,,,302735,,,3447,展達,,,-30683,,,,,,,,,,,,,,,,,,,,3,上市,114,,,,,,0,,,,,,,,,,,,,,,,1233314,,,,1233314,,0,,15.92,2239097,3240469,,,,,,,,,774491,,,2249584,,,186771,3482898,,,,,,,,,,,,,,,10487,242429,0
,,,,2972354,,,3450,聯鈞,,,-98674,,,,,,,,,,,,,,,,,,,,3,上市,114,,,,,,,,,,,,,,,,,,,,,,7357671,,,,4786716,,0,,32.86,3769702,7108566,,,,,,,,,1456814,,,5164121,,,456222,12521792,,,,,,,,,,,,,,2570955,1394419,5413226,0
,,,,43704711,,,3481,群創,,,-9839394,,,,,,,,,,,,,,,,,,,,3,上市,114,-56914,,,,,0,,,,,,,,,,,,,,,,219686992,,,,217662822,,4072200,,27.26,91663222,152073126,,,,,,,,,79891974,,,102464810,,,103962445,322151802,,,,,,,,,,,,,,2024170,10801588,170078676,0
,,,,-411715,,,3494,誠研,,,-30514,,,,,,,,,,,,,,,,,,,,3,上市,114,,,,,,,,,,,,,,,,,,,,,,734445,,,,643636,,0,,6.79,487964,517129,,,,,,,,,948000,,,1229441,,,137865,1963886,,,,,,,,,,,,,,90809,741477,1446757,0
,,,,4156556,,,3501,維熹,,,-454099,,,,,,,,,,,,,,,,,,,,3,上市,114,,,,,,0,,,,,,,,,,,,,,,,6630874,,,,6630874,,0,,56.07,1760718,5633457,,,,,,,,,1182579,,,2630079,,,1745838,9260953,,,,,,,,,,,,,,,869361,3627496,0
,,,,131011,,,3504,揚明光,,,-165976,,,,,,,,,,,,,,,,,,,,3,上市,114,,,,,,,,,,,,,,,,,,,,,,2753838,,,,2753838,,0,,24.14,1047189,2234544,,,,,,,,,1140598,,,1569568,,,1648205,4323406,,,,,,,,,,,,,,0,522379,2088862,0
,,,,5082704,,,3515,華擎,,,-358557,,,,,,,,,,,,,,,,,,,,3,上市,114,-86,,,,,,,,,,,,,,,,,,,,,11040144,,,,9808573,,8600,,79.39,11488843,20669713,,,,,,,,,1235563,,,11548889,,,3848949,22589033,,,,,,,,,,,,,,1231571,60046,1919320,0
,,,,-88503,,,3518,柏騰,,,-191191,,,,,,,,,,,,,,,,,,,,3,上市,114,,,,,,,,,,,,,,,,,,,,,,1325018,,,,1325018,,0,,13.57,336231,1118705,,,,,,,,,976622,,,796059,,,628090,2121077,,,,,,,,,,,,,,,459828,1002372,0
,,,,771045,,,3528,安馳,,,58639,,,,,,,,,,,,,,,,,,,,3,上市,114,,,,,,,,,,,,,,,,,,,,,,1797839,,,,,,0,,26.98,5038603,6685453,,,,,,,,,666392,,,5074972,,,301763,6872811,,,,,,,,,,,,,,,36369,187358,0
,,,,418823,,,3530,晶相光,,,-2241,,,,,,,,,,,,,,,,,,,,3,上市,114,0,,,,,,,,,,,,,,,,,,,,,2345797,,,,2345797,,0,,30.28,234973,2182410,,,,,,,,,774759,,,244213,,,1154456,2590010,,,,,,,,,,,,,,,9240,407600,0
,,,,14879405,,,3532,台勝科,,,-85867,,,,,,,,,,,,,,,,,,,,3,上市,114,,,,,,,,,,,,,,,,,,,,,,24411420,,,,24411420,,0,,62.94,3304783,8035967,,,,,,,,,3878483,,,26771796,,,5739399,51183216,,,,,,,,,,,,,,,23467013,43147249,0
,,,,25608166,,,3533,嘉澤,,,-1496954,,,,,,,,,,,,,,,,,,,,3,上市,114,-676152,,,,,0,,,,,,,,,,,,,,,,36244126,,,,34383974,,601000,,307.18,9722953,31293345,,,,,,,,,1125347,,,10661925,,,9823567,46906051,,,,,,,,,,,,,,1860152,938972,15612706,0
,,,,97280,,,3535,晶彩科,,,-5862,,,,,,,,,,,,,,,,,,,,3,上市,114,,,,,,,,,,,,,,,,,,,,,,980431,,,,980431,,0,,12.40,491676,1192151,,,,,,,,,790523,,,675831,,,98490,1656262,,,,,,,,,,,,,,,184155,464111,0
,,,,314569,,,3543,州巧,,,-425121,,,,,,,,,,,,,,,,,,,,3,上市,114,-25619,,,,,0,,,,,,,,,,,,,,,,2559901,,,,2326552,,1000000,,26.36,1022793,2389474,,,,,,,,,892631,,,1466241,,,1570092,4026142,,,,,,,,,,,,,,233349,443448,1636668,0
,,,,1781849,,,3545,敦泰,,,-205655,,,,,,,,,,,,,,,,,,,,3,上市,114,-269871,,,,,,,,,,,,,,,,,,,,,9771982,,,,9771505,,3598000,,44.88,3597323,8146206,,,,,,,,,2213129,,,4650631,,,6252053,14422613,,,,,,,,,,,,,,477,1053308,6276407,0
,,,,286618,,,3550,聯穎,,,-318931,,,,,,,,,,,,,,,,,,,,3,上市,114,,,,,,0,,,,,,,,,,,,,,,,1242429,,,,1223642,,0,,13.98,1252230,2507185,,,,,,,,,875500,,,2700639,,,380455,3943068,,,,,,,,,,,,,,18787,1448409,1435883,0
,,,,932683,,,3557,嘉威,,,-52146,,,,,,,,,,,,,,,,,,,,3,上市,114,,,,,,,,,,,,,,,,,,,,,,2405829,,,,2405829,,0,,28.53,1746128,1641447,,,,,,,,,843154,,,3248985,,,682138,5654814,,,,,,,,,,,,,,,1502857,4013367,0
,,,,2961266,,,3563,牧德,,,-10734,,,,,,,,,,,,,,,,,,,,3,上市,114,,,,,,,,,,,,,,,,,,,,,,5519186,,,,5425676,,0,,93.31,1068767,5763717,,,,,,,,,639608,,,1159487,,,1835536,6678673,,,,,,,,,,,,,,93510,90720,914956,0
,,,,-6024926,,,3576,聯合再生,,,169735,,,,,,,,,,,,,,,,,,,,3,上市,114,-18699,,,,,,,,,,,,,,,,,,,,,10437710,,,,10404825,,1065679,,6.40,9420992,8473333,,,,,,,,,16277954,,,14167485,,,761,24605195,,,,,,,,,,,,,,32885,4746493,16131862,0
,,,,3493045,,,3583,辛耘,,,484914,,,,,,,,,,,,,,,,,,,,3,上市,114,,,,,,,,,,,,,,,,,,,,,,6009145,,,,5700078,,0,,70.96,17073793,18619049,,,,,,,,,803313,,,17486240,,,918806,23495385,,,,,,,,,,,,,,309067,412447,4876336,0
,,,,763797,,,3588,通嘉,,,-32554,,,,,,,,,,,,,,,,,,,,3,上市,114,,,,,,,,,,,,,,,,,,,,,,1717730,,,,1717730,,0,,27.89,220207,1481463,,,,,,,,,616002,,,245957,,,370485,1963687,,,,,,,,,,,,,,,25750,482224,0
,,,,47161,,,3591,艾笛森,,,-229671,,,,,,,,,,,,,,,,,,,,3,上市,114,-73473,,,,,0,,,,,,,,,,,,,,,,2927028,,,,2759924,,4025827,,19.49,716640,2369761,,,,,,,,,1456094,,,1221592,,,1559813,4148620,,,,,,,,,,,,,,167104,504952,1778859,0
,,,,6149042,,,3592,瑞鼎,,,-313762,,,,,,,,,,,,,,,,,,,,3,上市,114,,,,,,0,,,,,,,,,,,,,,,,11306765,,,,11306765,,0,,149.06,7349647,16787645,,,,,,,,,758552,,,7713602,,,4712933,19020367,,,,,,,,,,,,,,,363955,2232722,0
,,,,-803998,,,3593,力銘,,,30556,,,,,,,,,,,,,,,,,,,,3,上市,114,,,,,,,,,,,,,,,,,,,,,,173405,,,,173405,,0,,1.86,1128288,1203640,,,,,,,,,930425,,,1203571,,,16422,1376976,,,,,,,,,,,,,,,75283,173336,0
,,,,10575956,,,3596,智易,,,-92330,,,,,,,,,,,,,,,,,,,,3,上市,114,,,,,,,,,,,,,,,,,,,,,,16202621,,,,16115670,,0,,73.14,29036201,38081609,,,,,,,,,2203543,,,29113092,,,3428501,45315713,,,,,,,,,,,,,,86951,76891,7234104,0
,,,,3787708,,,3605,宏致,,,-152520,,,,,,,,,,,,,,,,,,,,3,上市,114,0,,,,,9000,,,,,,,,,,,,,,,,7381476,,,,7380655,,0,,46.10,3983250,7075385,,,,,,,,,1601011,,,6759188,,,2144456,14140664,,,,,,,,,,,,,,821,2775938,7065279,10982200
,,,,32943,,,3607,谷崧,,,-779124,,,,,,,,,,,,,,,,,,,,3,上市,114,,,,,,,,,,,,,,,,,,,,,,1681233,,,,1681233,,0,,13.82,1069525,2102388,,,,,,,,,1216622,,,1297913,,,1210792,2979146,,,,,,,,,,,,,,0,228388,876758,0
,,,,5207365,,,3617,碩天,,,-152055,,,,,,,,,,,,,,,,,,,,3,上市,114,,,,,,,,,,,,,,,,,,,,,,9157567,,,,9089028,,0,,96.52,2732844,9526564,,,,,,,,,941660,,,4507602,,,3092058,13665169,,,,,,,,,,,,,,68539,1774758,4138605,0
,,,,2312550,,,3622,洋華,,,2245814,,,,,,,,,,,,,,,,,,,,3,上市,114,,,,,,,,,,,,,,,,,,,,,,7764630,,,,7694846,,0,,50.85,558142,6348292,,,,,,,,,1513276,,,831559,,,1623206,8596189,,,,,,,,,,,,,,69784,273417,2247897,0
,,,,1054170,,,3645,達邁,,,-3677,,,,,,,,,,,,,,,,,,,,3,上市,114,,,,,,,,,,,,,,,,,,,,,,3232884,,,,3210969,,0,,23.48,856503,1784555,,,,,,,,,1367542,,,1815268,,,792934,5048152,,,,,,,,,,,,,,21915,958765,3263597,0
,,,,239002,,,3652,精聯,,,-25673,,,,,,,,,,,,,,,,,,,,3,上市,114,,,,,,,,,,,,,,,,,,,,,,1902089,,,,1899530,,0,,25.29,540738,2011620,,,,,,,,,750975,,,619559,,,935226,2521648,,,,,,,,,,,,,,2559,78821,510028,0
,,,,7135476,,,3653,健策,,,-83386,,,,,,,,,,,,,,,,,,,,3,上市,114,,,,,,0,,,,,,,,,,,,,,,,19299659,,,,19091917,,0,,131.79,4136815,16937522,,,,,,,,,1448700,,,6790541,,,10591127,26090200,,,,,,,,,,,,,,207742,2653726,9152678,1948044
,,,,11921444,,,3661,世芯-KY,,,-412485,,,,,,,,,,,,,,,,,,,,3,上市,114,,,,,,,,,,,,,,,,,,,,,,37938384,,,,37922690,,0,,468.10,11713986,45134681,,,,,,,,,810149,,,11960107,,,25603582,49898491,,,,,,,,,,,,,,15694,246121,4763810,0
,,,,16710048,,,3665,貿聯-KY,,,-106443,,,,,,,,,,,,,,,,,,,,3,上市,114,,,,,,0,,,,,,,,,,,,,,,,42037062,,,,42028780,,0,,215.58,19038926,46646759,,,,,,,,,1949599,,,33422068,,,23475576,75459130,,,,,,,,,,,,,,8282,14383142,28812371,0
,,,,1758961,,,3669,圓展,,,-131246,,,,,,,,,,,,,,,,,,,,3,上市,114,,,,,,,,,,,,,,,,,,,,,,3292035,,,,3292035,,0,,35.43,989102,2037752,,,,,,,,,929200,,,1118205,,,735120,4410240,,,,,,,,,,,,,,,129103,2372488,0
,,,,3487376,,,3673,TPK-KY,,,1705823,,,,,,,,,,,,,,,,,,,,3,上市,114,,,,,,,,,,,,,,,,,,,,,,38335574,,,,38153790,,0,,93.82,31053765,66656960,,,,,,,,,4066638,,,45996829,,,28893953,84332403,,,,,,,,,,,,,,181784,14943064,17675443,0
,,,,3370265,,,3679,新至陞,,,-377188,,,,,,,,,,,,,,,,,,,,3,上市,114,,,,,,0,,,,,,,,,,,,,,,,4564198,,,,4564198,,0,,72.42,2390440,6247502,,,,,,,,,630222,,,4133820,,,940899,8698018,,,,,,,,,,,,,,,1743380,2450516,0
,,,,-87941,,,3686,達能,,,,,,,,,,,,,,,,,,,,,,,3,上市,114,,,,,,0,,,,,,,,,,,,,,,,683133,,,,683133,,0,,8.93,6303,414677,,,,,,,,,764951,,,9625,,,6123,692758,,,,,,,,,,,,,,,3322,278081,0
,,,,937362,,,3694,海華,,,-201818,,,,,,,,,,,,,,,,,,,,3,上市,114,,,,,,,,,,,,,,,,,,,,,,3455794,,,,3455794,,0,,22.30,4214118,6611960,,,,,,,,,1549472,,,4263938,,,1170778,7719732,,,,,,,,,,,,,,,49820,1107772,0
,,,,1347072,,,3701,大眾控,,,-506599,,,,,,,,,,,,,,,,,,,,3,上市,114,,,,,,0,,,,,,,,,,,,,,,,6582190,,,,4853749,,0,,20.52,4586631,10800973,,,,,,,,,2365266,,,7731530,,,1648010,14313720,,,,,,,,,,,,,,1728441,3144899,3512747,0
,,,,42128366,,,3702,大聯大,,,-5762311,,,,,,,,,,,,,,,,,,,,3,上市,114,,,,,,0,,,,,,,,,,,,,,,,77410789,,,,75216078,,0,,44.80,259310917,341149807,,,,,,,,,16790568,,,307856703,,,22059455,385267492,,,,,,,,,,,,,,2194711,48545786,44117685,0
,,,,10310072,,,3703,欣陸,,,1534296,,,,,,,,,,,,,,,,,,,,3,上市,114,,,,,,,,,,,,,,,,,,,,,,29197105,,,,26960543,,0,,32.75,52762161,60716115,,,,,,,,,8232160,,,67028182,,,6884015,96225287,,,,,,,,,,,,,,2236562,14266021,35509172,0
,,,,4085406,,,3704,合勤控,,,-603263,,,,,,,,,,,,,,,,,,,,3,上市,114,-96550,,,,,,,,,,,,,,,,,,,,,11449162,,,,11185223,,7317397,,27.54,10167086,17465964,,,,,,,,,4134449,,,10839106,,,3665181,22288268,,,,,,,,,,,,,,263939,672020,4822304,879500
,,,,3071461,,,3705,永信,,,-330522,,,,,,,,,,,,,,,,,,,,3,上市,114,-1439,,,,,0,,,,,,,,,,,,,,,,8577517,,,,7785765,,58059,,29.23,1801105,6584863,,,,,,,,,2664230,,,3394693,,,2382035,11972210,,,,,,,,,,,,,,791752,1593588,5387347,0
,,,,28164683,,,3706,神達,,,3747558,,,,,,,,,,,,,,,,,,,,3,上市,114,,,,,,0,,,,,,,,,,,,,,,,69395526,,,,68330295,,0,,51.48,27867979,51306007,,,,,,,,,13272125,,,44136683,,,23145929,113532209,,,,,,,,,,,,,,1065231,16268704,62226202,0
,,,,2812193,,,3708,上緯投控,,,-426743,,,,,,,,,,,,,,,,,,,,3,上市,114,0,,,,,0,,,,,,,,,,,,,,,,12275397,,,,9614308,,0,,89.23,5865049,14537692,,,,,,,,,1077519,,,6078600,,,6151339,18353997,,,,,,,,,,,,,,2661089,213551,3816305,0
,,,,126455506,,,3711,日月光投控,,,-3935868,,,,,,,,,,,,,,,,,,,,3,上市,114,-1959107,,,,,,,,,,,,,,,,,,,,,339552418,,,,317042622,,72941505,,72.65,259553047,294079865,,,,,,,,,44366820,,,503091518,,,152115271,842643936,,,,,,,,,,,,,,22509796,243538471,548564071,14506750
,,,,-4201061,,,3712,永崴投控,,,500189,,,,,,,,,,,,,,,,,,,,3,上市,114,,,,,,,,,,,,,,,,,,,,,,7714836,,,,4264047,,0,,17.32,42101592,38552548,,,,,,,,,2462421,,,60329382,,,5502498,68044218,,,,,,,,,,,,,,3450789,18227790,29491670,0
,,,,-2149613,,,3714,富采,,,613656,,,,,,,,,,,,,,,,,,,,3,上市,114,-135163,,,,,0,,,,,,,,,,,,,,,,43164915,,,,42140965,,1282377,,57.21,7267061,27852176,,,,,,,,,7379405,,,9103493,,,36432680,52268408,,,,,,,,,,,,,,1023950,1836432,24416232,0
,,,,2265722,,,3715,定穎投控,,,-302458,,,,,,,,,,,,,,,,,,,,3,上市,114,,,,,,0,,,,,,,,,,,,,,,,7935422,,,,7728827,,0,,27.83,16312412,14163042,,,,,,,,,2776746,,,24914591,,,2988817,32850013,,,,,,,,,,,,,,206595,8602179,18686971,0
,,,,416957,,,3716,中化控股,,,-231186,,,,,,,,,,,,,,,,,,,,3,上市,114,-144485,,,,,0,,,,,,,,,,,,,,,,7480051,,,,7439183,,3560941,,50.88,4295791,5832002,,,,,,,,,1497656,,,4891787,,,5900241,12371838,,,,,,,,,,,,,,40868,595996,6539836,0
,,,,-11861,,,3717,聯嘉投控,,,-62138,,,,,,,,,,,,,,,,,,,,3,上市,114,0,,,,,,,,,,,,,,,,,,,,,3110888,,,,3110888,,0,,14.97,3697886,4493932,,,,,,,,,2078455,,,4545207,,,1106432,7656095,,,,,,,,,,,,,,,847321,3162163,0
,,,,3530117,,,4104,佳醫,,,237728,,,,,,,,,,,,,,,,,,,,3,上市,114,,,,,,0,,,,,,,,,,,,,,,,11316122,,,,8866369,,0,,51.68,6408827,10425175,,,,,,,,,1715674,,,7486766,,,3382850,18802888,,,,,,,,,,,,,,2449753,1077939,8377713,0
,,,,1182086,,,4106,雃博,,,-94662,,,,,,,,,,,,,,,,,,,,3,上市,114,,,,,,,,,,,,,,,,,,,,,,2448501,,,,2442276,,0,,24.20,609487,1690640,,,,,,,,,1009116,,,729712,,,345736,3178213,,,,,,,,,,,,,,6225,120225,1487573,0
,,,,-265019,,,4108,懷特,,,119232,,,,,,,,,,,,,,,,,,,,3,上市,114,,,,,,,,,,,,,,,,,,,,,,2274125,,,,1846595,,0,,9.30,48449,1388545,,,,,,,,,1986189,,,63539,,,6193,2337664,,,,,,,,,,,,,,427530,15090,949119,0
,,,,1926043,,,4119,旭富,,,15143,,,,,,,,,,,,,,,,,,,,3,上市,114,,,,,,0,,,,,,,,,,,,,,,,5371259,,,,5371259,,0,,44.94,960505,1057447,,,,,,,,,1195087,,,1481925,,,2234986,6853184,,,,,,,,,,,,,,,521420,5795737,0
,,,,170741,,,4133,亞諾法,,,-8082,,,,,,,,,,,,,,,,,,,,3,上市,114,,,,,,,,,,,,,,,,,,,,,,1242722,,,,1242722,,0,,20.52,56873,896799,,,,,,,,,605536,,,74251,,,474527,1316973,,,,,,,,,,,,,,,17378,420174,0
,,,,3103758,,,4137,麗豐-KY,,,-772003,,,,,,,,,,,,,,,,,,,,3,上市,114,,,,,,,,,,,,,,,,,,,,,,4826104,,,,4826104,,0,,58.50,3861166,6196652,,,,,,,,,824924,,,4265938,,,1669425,9092042,,,,,,,,,,,,,,,404772,2895390,0
,,,,-134932,,,4142,國光生,,,28666,,,,,,,,,,,,,,,,,,,,3,上市,114,-292538,,,,,0,,,,,,,,,,,,,,,,4853053,,,,4725772,,8000000,,11.21,1828785,3383462,,,,,,,,,4295078,,,3527453,,,829498,8380506,,,,,,,,,,,,,,127281,1698668,4997044,0
,,,,1463692,,,4148,全宇生技-KY,,,-369561,,,,,,,,,,,,,,,,,,,,3,上市,114,,,,,,,,,,,,,,,,,,,,,,3182638,,,,2548858,,0,,37.91,534942,2779933,,,,,,,,,672357,,,698219,,,782370,3880857,,,,,,,,,,,,,,633780,163277,1100924,0
,,,,210558,,,4155,訊映,,,-88512,,,,,,,,,,,,,,,,,,,,3,上市,114,-11798,,,,,0,,,,,,,,,,,,,,,,2521231,,,,2458819,,740000,,16.92,774798,1389598,,,,,,,,,1460592,,,1372095,,,887979,3893326,,,,,,,,,,,,,,62412,597297,2503728,0
,,,,1161340,,,4164,承業醫,,,-409604,,,,,,,,,,,,,,,,,,,,3,上市,114,,,,,,0,,,,,,,,,,,,,,,,7947631,,,,7563276,,0,,38.72,2235530,4851285,,,,,,,,,1953110,,,6887308,,,4858430,14834939,,,,,,,,,,,,,,384355,4651778,9983654,0
,,,,55795,,,4169,泰宗,,,-1277,,,,,,,,,,,,,,,,,,,,3,上市,114,,,,,,0,,,,,,,,,,,,,,,,1060776,,,,1060776,,0,,17.96,82205,824723,,,,,,,,,590486,,,118344,,,415772,1179120,,,,,,,,,,,,,,,36139,354397,0
,,,,-1318668,,,4178,永笙-KY,,,-155496,,,,,,,,,,,,,,,,,,,,3,上市,114,,,,,,,,,,,,,,,,,,,,,,1733451,,,,1733451,,0,,9.01,241478,2611081,,,,,,,,,1925576,,,1324174,,,1282039,3057625,,,,,,,,,,,,,,,1082696,446544,238000
,,,,427806,,,4190,佐登-KY,,,-129906,,,,,,,,,,,,,,,,,,,,3,上市,114,-108436,,,,,,,,,,,,,,,,,,,,,1556516,,,,1556516,,2000000,,26.08,3403837,1546646,,,,,,,,,616828,,,5242937,,,750224,6799453,,,,,,,,,,,,,,,1839100,5252807,0
,,,,-188507,,,4195,基米-創,,,-2347,,,,,,,,,,,,,,,,,,,,3,上市,114,,,,,,,,,,,,,,,,,,,,,,613118,,,,534697,,0,,7.38,435896,559363,,,,,,,,,724481,,,748437,,,1070,1361555,,,,,,,,,,,,,,78421,312541,802192,0
,,,,3183002,,,4306,炎洲,,,-13176,,,,,,,,,,,,,,,,,,,,3,上市,114,-243995,,,,,,,,,,,,,,,,,,,,,13140431,,,,12454978,,18791283,,18.93,15177885,24403420,,,,,,,,,6767572,,,23722089,,,2761575,36862520,,,,,,,,,,,,,,685453,8544204,12459100,0
,,,,78318,,,4414,如興,,,77855,,,,,,,,,,,,,,,,,,,,3,上市,114,,,,,,,,,,,,,,,,,,,,,,4277175,,,,4067057,,0,,15.42,8044472,7440288,,,,,,,,,2637957,,,8365796,,,1272927,12642971,,,,,,,,,,,,,,210118,321324,5202683,0
,,,,229545,,,4426,利勤,,,-30157,,,,,,,,,,,,,,,,,,,,3,上市,114,,,,,,0,,,,,,,,,,,,,,,,1969299,,,,1969020,,0,,11.40,670906,758932,,,,,,,,,1726773,,,2335876,,,42859,4305175,,,,,,,,,,,,,,279,1664970,3546243,0
,,,,4034603,,,4438,廣越,,,-550313,,,,,,,,,,,,,,,,,,,,3,上市,114,-62946,,,,,,,,,,,,,,,,,,,,,10234491,,,,8262737,,754000,,73.33,10215830,16025452,,,,,,,,,1601255,,,12014029,,,3240138,22248520,,,,,,,,,,,,,,1971754,1798199,6223068,10000000
,,,,1331427,,,4439,冠星-KY,,,-175164,,,,,,,,,,,,,,,,,,,,3,上市,114,,,,,,,,,,,,,,,,,,,,,,3220178,,,,3220178,,0,,84.66,2320994,3441691,,,,,,,,,380358,,,3001994,,,1683557,6222172,,,,,,,,,,,,,,,681000,2780481,0
,,,,320125,,,4440,宜新實業,,,4907,,,,,,,,,,,,,,,,,,,,3,上市,114,,,,,,,,,,,,,,,,,,,,,,1282916,,,,,,0,,18.98,378194,574861,,,,,,,,,675980,,,862031,,,281904,2144947,,,,,,,,,,,,,,,483837,1570086,0
,,,,3627327,,,4441,振大環球,,,-19669,,,,,,,,,,,,,,,,,,,,3,上市,114,,,,,,,,,,,,,,,,,,,,,,6702824,,,,6694760,,0,,98.43,2136638,7959517,,,,,,,,,680176,,,2189821,,,2406926,8892645,,,,,,,,,,,,,,8064,53183,933128,0
,,,,1075283,,,4526,東台,,,120622,,,,,,,,,,,,,,,,,,,,3,上市,114,-76916,,,,,,,,,,,,,,,,,,,,,4957033,,,,4901750,,3000000,,19.46,6418327,8264067,,,,,,,,,2548265,,,8014023,,,1234496,12971056,,,,,,,,,,,,,,55283,1595696,4706989,0
,,,,4905784,,,4532,瑞智,,,-1253260,,,,,,,,,,,,,,,,,,,,3,上市,114,-228539,,,,,,,,,,,,,,,,,,,,,10780593,,,,9840602,,9900000,,19.88,14967003,20210859,,,,,,,,,5048951,,,16141181,,,1367666,26921774,,,,,,,,,,,,,,939991,1174178,6710915,0
,,,,6897753,,,4536,拓凱,,,-429995,,,,,,,,,,,,,,,,,,,,3,上市,114,,,,,,,,,,,,,,,,,,,,,,9409019,,,,9015490,,0,,99.27,2674425,8501322,,,,,,,,,908200,,,4223199,,,1639532,13632218,,,,,,,,,,,,,,393529,1548774,5130896,0
,,,,-69037,,,4540,全球傳動,,,46751,,,,,,,,,,,,,,,,,,,,3,上市,114,,,,,,0,,,,,,,,,,,,,,,,3316950,,,,3316950,,0,,29.33,1923999,3623154,,,,,,,,,1130767,,,3939647,,,2208469,7256597,,,,,,,,,,,,,,,2015648,3633443,933378
,,,,481113,,,4545,銘鈺,,,-41703,,,,,,,,,,,,,,,,,,,,3,上市,114,,,,,,0,,,,,,,,,,,,,,,,1852195,,,,1852195,,0,,24.05,1092477,1740176,,,,,,,,,770000,,,1229324,,,642785,3081519,,,,,,,,,,,,,,,136847,1341343,0
,,,,3924284,,,4551,智伸科,,,-298470,,,,,,,,,,,,,,,,,,,,3,上市,114,,,,,,,,,,,,,,,,,,,,,,8474754,,,,8474754,,0,,73.55,4536727,9600152,,,,,,,,,1152225,,,5136950,,,3696715,13611704,,,,,,,,,,,,,,,600223,4011552,0
,,,,3928974,,,4552,力達-KY,,,-669412,,,,,,,,,,,,,,,,,,,,3,上市,114,,,,,,0,,,,,,,,,,,,,,,,5967762,,,,5967762,,0,,51.45,1125081,3865038,,,,,,,,,1160000,,,1740778,,,1548200,7708540,,,,,,,,,,,,,,,615697,3843502,0
,,,,1478942,,,4555,氣立,,,-169764,,,,,,,,,,,,,,,,,,,,3,上市,114,,,,,,,,,,,,,,,,,,,,,,2845083,,,,2744269,,0,,39.21,587402,2196263,,,,,,,,,699876,,,1560529,,,735215,4405612,,,,,,,,,,,,,,100814,973127,2209349,3616
,,,,739057,,,4557,永新-KY,,,-200261,,,,,,,,,,,,,,,,,,,,3,上市,114,,,,,,0,,,,,,,,,,,,,,,,2616714,,,,2392517,,0,,49.87,1725306,2889909,,,,,,,,,479718,,,2048485,,,1374003,4665199,,,,,,,,,,,,,,224197,323179,1775290,0
,,,,903092,,,4560,強信-KY,,,-138743,,,,,,,,,,,,,,,,,,,,3,上市,114,,,,,,,,,,,,,,,,,,,,,,1841884,,,,1841884,,0,,27.05,398099,1485279,,,,,,,,,680972,,,418540,,,396563,2260424,,,,,,,,,,,,,,,20441,775145,0
,,,,-289590,,,4562,穎漢,,,7648,,,,,,,,,,,,,,,,,,,,3,上市,114,,,,,,,,,,,,,,,,,,,,,,957907,,,,941330,,0,,10.75,872643,1162357,,,,,,,,,875460,,,1147044,,,347812,2104951,,,,,,,,,,,,,,16577,274401,942594,0
,,,,-341248,,,4564,元翎,,,-5308,,,,,,,,,,,,,,,,,,,,3,上市,114,,,,,,,,,,,,,,,,,,,,,,4192069,,,,4192069,,0,,18.01,1008347,1590083,,,,,,,,,2327883,,,2512862,,,2210742,6704931,,,,,,,,,,,,,,,1504515,5114848,0
,,,,967686,,,4566,時碩工業,,,-154668,,,,,,,,,,,,,,,,,,,,3,上市,114,,,,,,,,,,,,,,,,,,,,,,4798894,,,,4720261,,0,,42.99,2710141,5029506,,,,,,,,,1098118,,,5378898,,,2809125,10177792,,,,,,,,,,,,,,78633,2668757,5148286,0
,,,,479498,,,4569,六方科-KY,,,-59959,,,,,,,,,,,,,,,,,,,,3,上市,114,-26557,,,,,0,,,,,,,,,,,,,,,,2630048,,,,2628169,,204000,,86.46,231387,1840516,,,,,,,,,306000,,,828949,,,1929187,3458997,,,,,,,,,,,,,,1879,597562,1618481,0
,,,,1498413,,,4571,鈞興-KY,,,-219139,,,,,,,,,,,,,,,,,,,,3,上市,114,-91290,,,,,,,,,,,,,,,,,,,,,2890256,,,,2890256,,1097360,,55.67,723720,2658043,,,,,,,,,530171,,,771602,,,1172101,3661858,,,,,,,,,,,,,,,47882,1003815,0
,,,,1474030,,,4572,駐龍,,,,,,,,,,,,,,,,,,,,,,,3,上市,114,,,,,,0,,,,,,,,,,,,,,,,1983678,,,,1983678,,0,,49.59,666402,1858164,,,,,,,,,400000,,,967220,,,109648,2950898,,,,,,,,,,,,,,,300818,1092734,0
,,,,1190168,,,4576,大銀微系統,,,21564,,,,,,,,,,,,,,,,,,,,3,上市,114,,,,,,,,,,,,,,,,,,,,,,4294487,,,,3987931,,0,,33.29,1180859,2544665,,,,,,,,,1198018,,,2428307,,,1578181,6722794,,,,,,,,,,,,,,306556,1247448,4178129,0
,,,,488906,,,4581,光隆精密-KY,,,-43373,,,,,,,,,,,,,,,,,,,,3,上市,114,0,,,,,,,,,,,,,,,,,,,,,1153404,,,,1151651,,0,,33.97,467663,1645408,,,,,,,,,338990,,,1198607,,,367128,2352011,,,,,,,,,,,,,,1753,730944,706603,0
,,,,373275,,,4582,聚恆-創,,,,,,,,,,,,,,,,,,,,,,,3,上市,114,,,,,,0,,,,,,,,,,,,,,,,1178739,,,,1170546,,0,,17.58,2216395,2222128,,,,,,,,,666000,,,2905664,,,131271,4084403,,,,,,,,,,,,,,8193,689269,1862275,0
,,,,8213535,,,4583,台灣精銳,,,0,,,,,,,,,,,,,,,,,,,,3,上市,114,,,,,,,,,,,,,,,,,,,,,,9898506,,,,9898506,,0,,123.47,437315,6854904,,,,,,,,,801714,,,1091469,,,883257,10989975,,,,,,,,,,,,,,,654154,4135071,0
,,,,333432,,,4585,達明,,,133,,,,,,,,,,,,,,,,,,,,3,上市,114,,,,,,0,,,,,,,,,,,,,,,,6708226,,,,6708226,,0,,65.26,706054,6699797,,,,,,,,,1028000,,,743717,,,5346661,7451943,,,,,,,,,,,,,,,37663,752146,0
,,,,169814,,,4588,玖鼎電力,,,,,,,,,,,,,,,,,,,,,,,3,上市,114,,,,,,0,,,,,,,,,,,,,,,,872628,,,,,,0,,20.30,504271,980170,,,,,,,,,429850,,,1139826,,,272964,2012454,,,,,,,,,,,,,,,635555,1032284,0
,,,,411523,,,4590,富田-創,,,-548,,,,,,,,,,,,,,,,,,,,3,上市,114,,,,,,,,,,,,,,,,,,,,,,3208547,,,,,,0,,62.61,775273,2228298,,,,,,,,,512472,,,2125298,,,2285100,5333845,,,,,,,,,,,,,,,1350025,3105547,0
,,,,400775,,,4720,德淵,,,-115984,,,,,,,,,,,,,,,,,,,,3,上市,114,,,,,,,,,,,,,,,,,,,,,,1678151,,,,1554325,,0,,13.57,1312441,1984516,,,,,,,,,1145160,,,1691761,,,124374,3369912,,,,,,,,,,,,,,123826,379320,1385396,0
,,,,1597830,,,4722,國精化,,,-38581,,,,,,,,,,,,,,,,,,,,3,上市,114,,,,,,0,,,,,,,,,,,,,,,,3047169,,,,3047169,,0,,29.91,1605319,2616294,,,,,,,,,1036134,,,3182576,,,451786,6229745,,,,,,,,,,,,,,,1577257,3613451,832000
,,,,6613728,,,4736,泰博,,,53561,,,,,,,,,,,,,,,,,,,,3,上市,114,,,,,,,,,,,,,,,,,,,,,,9732559,,,,9400143,,0,,98.56,2774554,7586526,,,,,,,,,953744,,,3057938,,,1779110,12790497,,,,,,,,,,,,,,332416,283384,5203971,0
,,,,-74769,,,4737,華廣,,,176012,,,,,,,,,,,,,,,,,,,,3,上市,114,,,,,,,,,,,,,,,,,,,,,,1856952,,,,1848327,,0,,27.48,1878614,1407426,,,,,,,,,674879,,,3727730,,,1072205,5584682,,,,,,,,,,,,,,8625,1849116,4177256,51200
,,,,998117,,,4739,康普,,,-61856,,,,,,,,,,,,,,,,,,,,3,上市,114,-3206,,,,,0,,,,,,,,,,,,,,,,6405609,,,,5488679,,673495,,46.52,3339038,5634410,,,,,,,,,1186493,,,4862192,,,3369131,11267801,,,,,,,,,,,,,,916930,1523154,5633391,0
,,,,2862495,,,4746,台耀,,,-15441,,,,,,,,,,,,,,,,,,,,3,上市,114,,,,,,0,,,,,,,,,,,,,,,,8557333,,,,7619953,,0,,63.36,2837930,5272764,,,,,,,,,1202560,,,4986651,,,3570339,13543984,,,,,,,,,,,,,,937380,2148721,8271220,0
,,,,3170830,,,4755,三福化,,,701485,,,,,,,,,,,,,,,,,,,,3,上市,114,,,,,,,,,,,,,,,,,,,,,,5181622,,,,5148752,,0,,51.13,2765882,3042107,,,,,,,,,1007060,,,3190718,,,269377,8372340,,,,,,,,,,,,,,32870,424836,5330233,0
,,,,13563939,,,4763,材料*-KY,,,-740874,,,,,,,,,,,,,,,,,,,,3,上市,114,0,,,,,,,,,,,,,,,,,,,,,17970448,,,,17800855,,0,,18.00,2057484,15828335,,,,,,,,,989147,,,2057484,,,3988643,20027932,,,,,,,,,,,,,,169593,,4199597,0
,,,,1093917,,,4764,雙鍵,,,-146317,,,,,,,,,,,,,,,,,,,,3,上市,114,,,,,,,,,,,,,,,,,,,,,,2164389,,,,2161136,,0,,25.26,1854020,2402676,,,,,,,,,855421,,,2403674,,,358115,4568063,,,,,,,,,,,,,,3253,549654,2165387,0
,,,,9302024,,,4766,南寶,,,113662,,,,,,,,,,,,,,,,,,,,3,上市,114,,,,,,,,,,,,,,,,,,,,,,14266496,,,,12751833,,0,,105.76,7549730,16807584,,,,,,,,,1205707,,,12612455,,,2130440,26878951,,,,,,,,,,,,,,1514663,5062725,10071367,0
,,,,5175742,,,4770,上品,,,-147397,,,,,,,,,,,,,,,,,,,,3,上市,114,,,,,,,,,,,,,,,,,,,,,,7873590,,,,7873590,,0,,98.45,1524066,7716043,,,,,,,,,799760,,,1866772,,,2045485,9740362,,,,,,,,,,,,,,,342706,2024319,0
,,,,1313215,,,4771,望隼,,,-31788,,,,,,,,,,,,,,,,,,,,3,上市,114,,,,,,,,,,,,,,,,,,,,,,4098976,,,,3717857,,0,,63.52,825849,2642927,,,,,,,,,585277,,,2435873,,,1851153,6534849,,,,,,,,,,,,,,381119,1610024,3891922,0
,,,,-32706,,,4807,日成-KY,,,-14399,,,,,,,,,,,,,,,,,,,,3,上市,114,,,,,,0,,,,,,,,,,,,,,,,810079,,,,712354,,0,,18.55,852530,1304220,,,,,,,,,383960,,,940144,,,375499,1750223,,,,,,,,,,,,,,97725,87614,446003,0
,,,,32445097,,,4904,遠傳,,,-134768,,,,,,,,,,,,,,,,,,,,3,上市,114,,,,,,0,,,,,,,,,,,,,,,,89706313,,,,88389183,,0,,24.51,46555675,32998366,,,,,,,,,36057054,,,91856507,,,20021800,181562820,,,,,,,,,,,,,,1317130,45300832,148564454,0
,,,,2014598,,,4906,正文,,,-668332,,,,,,,,,,,,,,,,,,,,3,上市,114,,,,,,,,,,,,,,,,,,,,,,11708182,,,,11374462,,0,,26.60,5378639,10243007,,,,,,,,,4275941,,,5737303,,,5752255,17445485,,,,,,,,,,,,,,333720,358664,7202478,0
,,,,1744575,,,4912,聯德控股-KY,,,-93428,,,,,,,,,,,,,,,,,,,,3,上市,114,,,,,,,,,,,,,,,,,,,,,,3797861,,,,3771469,,0,,57.75,3252766,5963622,,,,,,,,,653031,,,4713924,,,1467291,8511785,,,,,,,,,,,,,,26392,1461158,2548163,0
,,,,12272196,,,4915,致伸,,,-1727236,,,,,,,,,,,,,,,,,,,,3,上市,114,,,,,,0,,,,,,,,,,,,,,,,19150870,,,,19150870,,0,,40.64,26021214,34974114,,,,,,,,,4711748,,,30088156,,,3894162,49239026,,,,,,,,,,,,,,0,4066942,14264912,0
,,,,447047,,,4916,事欣科,,,-43636,,,,,,,,,,,,,,,,,,,,3,上市,114,,,,,,,,,,,,,,,,,,,,,,2946671,,,,2932748,,0,,23.80,774357,2652204,,,,,,,,,1232111,,,1260948,,,1297226,4207619,,,,,,,,,,,,,,13923,486591,1555415,0
,,,,4080991,,,4919,新唐,,,-1561940,,,,,,,,,,,,,,,,,,,,3,上市,114,,,,,,,,,,,,,,,,,,,,,,13816524,,,,13816524,,0,,32.91,10972191,21061763,,,,,,,,,4197653,,,18982504,,,7099820,32799028,,,,,,,,,,,,,,,8010313,11737265,0
,,,,240823,,,4927,泰鼎-KY,,,-183645,,,,,,,,,,,,,,,,,,,,3,上市,114,,,,,,,,,,,,,,,,,,,,,,6475399,,,,6453035,,0,,24.36,8706302,6581267,,,,,,,,,2649380,,,12378497,,,3746477,18853896,,,,,,,,,,,,,,22364,3672195,12272629,0
,,,,885554,,,4930,燦星網,,,-366302,,,,,,,,,,,,,,,,,,,,3,上市,114,,,,,,0,,,,,,,,,,,,,,,,6104342,,,,3105100,,0,,38.81,2400012,7147727,,,,,,,,,800000,,,4892771,,,1785848,10997113,,,,,,,,,,,,,,2999242,2492759,3849386,0
,,,,-273684,,,4934,太極,,,-496351,,,,,,,,,,,,,,,,,,,,3,上市,114,,,,,,,,,,,,,,,,,,,,,,1744780,,,,1551274,,0,,6.89,436418,1025648,,,,,,,,,2250000,,,640669,,,71309,2385449,,,,,,,,,,,,,,193506,204251,1359801,0
,,,,4664831,,,4935,茂林-KY,,,-568343,,,,,,,,,,,,,,,,,,,,3,上市,114,,,,,,,,,,,,,,,,,,,,,,7733552,,,,7733552,,0,,60.01,1280676,6320944,,,,,,,,,1288641,,,2245123,,,2348423,9978675,,,,,,,,,,,,,,,964447,3657731,0
,,,,90196312,,,4938,和碩,,,-10321224,,,,,,,,,,,,,,,,,,,,3,上市,114,,,,,,0,,,,,,,,,,,,,,,,228154290,,,,192763319,,0,,71.87,346324063,459136783,,,,,,,,,26822001,,,385832815,,,86066230,613987105,,,,,,,,,,,,,,35390971,39508752,154850322,0
,,,,5031941,,,4942,嘉彰,,,-670440,,,,,,,,,,,,,,,,,,,,3,上市,114,,,,,,,,,,,,,,,,,,,,,,8610617,,,,8605523,,0,,60.45,2004746,6470385,,,,,,,,,1423676,,,2709392,,,2820346,11320009,,,,,,,,,,,,,,5094,704646,4849624,0
,,,,-1023797,,,4943,康控-KY,,,-367340,,,,,,,,,,,,,,,,,,,,3,上市,114,,,,,,0,,,,,,,,,,,,,,,,241101,,,,195489,,0,,1.54,1918909,1176849,,,,,,,,,1266944,,,2195594,,,319682,2436695,,,,,,,,,,,,,,45612,276685,1259846,0
,,,,382938,,,4949,有成精密,,,-35370,,,,,,,,,,,,,,,,,,,,3,上市,114,,,,,,0,,,,,,,,,,,,,,,,1588189,,,,1588189,,0,,23.55,545950,1974822,,,,,,,,,674326,,,584077,,,566295,2172266,,,,,,,,,,,,,,,38127,197444,265100
,,,,914861,,,4952,凌通,,,-62953,,,,,,,,,,,,,,,,,,,,3,上市,114,,,,,,,,,,,,,,,,,,,,,,2082033,,,,2082033,,0,,19.13,564901,1955616,,,,,,,,,1088158,,,719258,,,141967,2801291,,,,,,,,,,,,,,,154357,845675,0
,,,,205236,,,4956,光鋐,,,-2494,,,,,,,,,,,,,,,,,,,,3,上市,114,,,,,,,,,,,,,,,,,,,,,,1596009,,,,1596009,,0,,15.90,629867,1457175,,,,,,,,,1004082,,,1093079,,,389185,2689088,,,,,,,,,,,,,,,463212,1231913,0
,,,,58251736,,,4958,臻鼎-KY,,,-5456369,,,,,,,,,,,,,,,,,,,,3,上市,114,-52202,,,,,0,,,,,,,,,,,,,,,,153809102,,,,112987151,,424410,,108.62,83887815,133500730,,,,,,,,,10406230,,,120978666,,,49837756,274787768,,,,,,,,,,,,,,40821951,37090851,141287038,0
,,,,1822909,,,4960,誠美材,,,-509611,,,,,,,,,,,,,,,,,,,,3,上市,114,-78833,,,,,0,,,,,,,,,,,,,,,,7544084,,,,7544084,,5983000,,13.34,3637438,9083113,,,,,,,,,5717054,,,6391852,,,592565,13935936,,,,,,,,,,,,,,,2754414,4852823,0
,,,,7596712,,,4961,天鈺,,,-278248,,,,,,,,,,,,,,,,,,,,3,上市,114,0,,,,,0,,,,,,,,,,,,,,,,21789844,,,,17134298,,0,,141.31,3125653,17381934,,,,,,,,,1212536,,,3820531,,,8603298,25610375,,,,,,,,,,,,,,4655546,694878,8228441,0
,,,,1215217,,,4967,十銓,,,-13869,,,,,,,,,,,,,,,,,,,,3,上市,114,0,,,,,0,,,,,,,,,,,,,,,,4034098,,,,4034098,,0,,47.48,5511506,9073673,,,,,,,,,849633,,,5600752,,,1983117,9634850,,,,,,,,,,,,,,,89246,561177,0
,,,,805378,,,4968,立積,,,-1232,,,,,,,,,,,,,,,,,,,,3,上市,114,,,,,,,,,,,,,,,,,,,,,,2625804,,,,2625804,,0,,28.48,798310,3123802,,,,,,,,,922099,,,862716,,,899559,3488520,,,,,,,,,,,,,,,64406,364718,0
,,,,-190163,,,4976,佳凌,,,-37630,,,,,,,,,,,,,,,,,,,,3,上市,114,-29682,,,,,,,,,,,,,,,,,,,,,2299668,,,,,,1056000,,16.39,312952,1670895,,,,,,,,,1414080,,,395880,,,1143063,2695548,,,,,,,,,,,,,,,82928,1024653,0
,,,,1280304,,,4977,眾達-KY,,,-322240,,,,,,,,,,,,,,,,,,,,3,上市,114,-184343,,,,,,,,,,,,,,,,,,,,,3697330,,,,3697330,,1425000,,46.94,747368,2395662,,,,,,,,,801898,,,855855,,,2121711,4553185,,,,,,,,,,,,,,0,108487,2157523,0
,,,,-296749,,,4989,榮科,,,83395,,,,,,,,,,,,,,,,,,,,3,上市,114,,,,,,,,,,,,,,,,,,,,,,1489828,,,,1489828,,0,,10.81,493885,1442958,,,,,,,,,1377765,,,595599,,,325417,2085427,,,,,,,,,,,,,,,101714,642469,0
,,,,224526,,,4994,傳奇,,,-45,,,,,,,,,,,,,,,,,,,,3,上市,114,,,,,,0,,,,,,,,,,,,,,,,1005600,,,,1005600,,0,,15.15,297408,1179376,,,,,,,,,663834,,,297821,,,117285,1303421,,,,,,,,,,,,,,,413,124045,0
,,,,2106798,,,4999,鑫禾,,,-75962,,,,,,,,,,,,,,,,,,,,3,上市,114,-31100,,,,,0,,,,,,,,,,,,,,,,3183943,,,,3183943,,800000,,43.25,520957,2444024,,,,,,,,,744172,,,665414,,,440035,3849357,,,,,,,,,,,,,,,144457,1405333,0
,,,,3533561,,,5007,三星,,,-33527,,,,,,,,,,,,,,,,,,,,3,上市,114,0,,,,,0,,,,,,,,,,,,,,,,7194629,,,,6878839,,0,,23.32,734515,5046914,,,,,,,,,2949401,,,1064362,,,429404,8258991,,,,,,,,,,,,,,315790,329847,3212077,0
,,,,1590697,,,5203,訊連,,,-219490,,,,,,,,,,,,,,,,,,,,3,上市,114,,,,,,0,,,,,,,,,,,,,,,,4492744,,,,4492744,,0,,56.74,1017161,2408854,,,,,,,,,791826,,,1385263,,,2329711,5878007,,,,,,,,,,,,,,,368102,3469153,0
,,,,1383880,,,5215,科嘉-KY,,,-149737,,,,,,,,,,,,,,,,,,,,3,上市,114,,,,,,,,,,,,,,,,,,,,,,3495761,,,,3409591,,0,,53.00,743126,2961235,,,,,,,,,643375,,,931831,,,1532073,4427592,,,,,,,,,,,,,,86170,188705,1466357,0
,,,,484359,,,5222,全訊,,,-8721,,,,,,,,,,,,,,,,,,,,3,上市,114,0,,,,,0,,,,,,,,,,,,,,,,2298255,,,,,,0,,25.27,375722,1079006,,,,,,,,,916286,,,513686,,,906331,2811941,,,,,,,,,,,,,,,137964,1732935,80000
,,,,1467578,,,5225,東科-KY,0,,-32029,,,,,,,,,,,,,,,,,,,,3,上市,114,-24019,,,,,,,,,,,,,,,,,,,,,3350755,,,,3350755,,453000,,42.91,3646245,5949875,,,,,,,,,785467,,,3790763,,,1153758,7141518,,,,,,,,,,,,,,0,144518,1191643,0
,,,,2249522,,,5234,達興材料,,,,,,,,,,,,,,,,,,,,,,,3,上市,114,,,,,,0,,,,,,,,,,,,,,,,3318519,,,,3318519,,0,,32.31,1233197,3181845,,,,,,,,,1027159,,,1518577,,,41838,4837096,,,,,,,,,,,,,,,285380,1655251,0
,,,,743383,,,5236,凌陽創新,,,-61143,,,,,,,,,,,,,,,,,,,,3,上市,114,,,,,,,,,,,,,,,,,,,,,,2534556,,,,,,0,,42.24,435517,2946537,,,,,,,,,600040,,,465573,,,1252276,3000129,,,,,,,,,,,,,,,30056,53592,0
,,,,4272310,,,5243,乙盛-KY,,,-567711,,,,,,,,,,,,,,,,,,,,3,上市,114,,,,,,,,,,,,,,,,,,,,,,7739137,,,,7739137,,0,,45.92,4319809,7275375,,,,,,,,,1685289,,,4710382,,,2349249,12449519,,,,,,,,,,,,,,,390573,5174144,0
,,,,698952,,,5244,弘凱,,,-107220,,,,,,,,,,,,,,,,,,,,3,上市,114,,,,,,,,,,,,,,,,,,,,,,1724503,,,,1724503,,0,,25.27,325018,1517660,,,,,,,,,682419,,,833082,,,450352,2557585,,,,,,,,,,,,,,,508064,1039925,0
,,,,2336368,,,5258,虹堡,,,27517,,,,,,,,,,,,,,,,,,,,3,上市,114,-49913,,,,,0,,,,,,,,,,,,,,,,4338477,,,,4223659,,786000,,38.54,4014525,7306761,,,,,,,,,1103649,,,4380026,,,806038,8718503,,,,,,,,,,,,,,114818,365501,1411742,0
,,,,11965107,,,5269,祥碩,,,-108721,,,,,,,,,,,,,,,,,,,,3,上市,114,,,,,,0,,,,,,,,,,,,,,,,32615452,,,,32615452,,0,,436.17,3468030,8653759,,,,,,,,,747771,,,3473992,,,20011295,36089444,,,,,,,,,,,,,,,5962,27435685,0
,,,,3071811,,,5283,禾聯碩,,,2020,,,,,,,,,,,,,,,,,,,,3,上市,114,,,,,,,,,,,,,,,,,,,,,,4702142,,,,4702142,,0,,64.41,2777028,4711409,,,,,,,,,876005,,,3229122,,,752306,7931264,,,,,,,,,,,,,,,452094,3219855,0
,,,,1109777,,,5284,jpp-KY,,,-15515,,,,,,,,,,,,,,,,,,,,3,上市,114,,,,,,,,,,,,,,,,,,,,,,3322285,,,,3304661,,0,,62.83,3024779,3908835,,,,,,,,,525957,,,3534246,,,1684442,6856531,,,,,,,,,,,,,,17624,509467,2947696,0
,,,,1566322,,,5285,界霖,,,-215602,,,,,,,,,,,,,,,,,,,,3,上市,114,,,,,,,,,,,,,,,,,,,,,,2805211,,,,2805211,,0,,27.49,1174024,3569228,,,,,,,,,1020409,,,2405357,,,434082,5210568,,,,,,,,,,,,,,,1231333,1641340,0
,,,,4316732,,,5288,豐祥-KY,,,-647514,,,,,,,,,,,,,,,,,,,,3,上市,114,,,,,,,,,,,,,,,,,,,,,,5739208,,,,5739208,,0,,82.31,1127574,3091589,,,,,,,,,697300,,,1174649,,,1372690,6913857,,,,,,,,,,,,,,0,47075,3822268,0
,,,,1057312,,,5292,華懋,,,-28692,,,,,,,,,,,,,,,,,,,,3,上市,114,,,,,,,,,,,,,,,,,,,,,,1785173,,,,1785173,,0,,42.40,2054031,3424313,,,,,,,,,421080,,,2112298,,,335473,3897471,,,,,,,,,,,,,,,58267,473158,0
,,,,6204382,,,5306,桂盟,,,-859445,,,,,,,,,,,,,,,,,,,,3,上市,114,,,,,,,,,,,,,,,,,,,,,,8365233,,,,8365248,,0,,66.39,2448089,5641858,,,,,,,,,1260008,,,4721737,,,1760303,13086970,,,,,,,,,,,,,,-15,2273648,7445112,0
,,,,7010938,,,5388,中磊,,,-859392,,,,,,,,,,,,,,,,,,,,3,上市,114,-421810,,,,,,,,,,,,,,,,,,,,,15325659,,,,15330197,,4623000,,51.15,28478797,38532938,,,,,,,,,3043426,,,32007547,,,6557035,47333206,,,,,,,,,,,,,,-4538,3528750,8800268,3913000
,,,,12424412,,,5434,崇越,,,1275198,,,,,,,,,,,,,,,,,,,,3,上市,114,,,,,,0,,,,,,,,,,,,,,,,18960246,,,,18739987,,0,,97.50,15377336,21980704,,,,,,,,,1921998,,,19456153,,,3118379,38416399,,,,,,,,,,,,,,220259,4078817,16435695,0
,,,,21262727,,,5469,瀚宇博,,,2045656,,,,,,,,,,,,,,,,,,,,3,上市,114,-66973,,,,,,,,,,,,,,,,,,,,,48581850,,,,32639391,,800000,,67.25,42992028,53140076,,,,,,,,,4861660,,,57473144,,,4536321,106054994,,,,,,,,,,,,,,15942459,14481116,52914918,0
,,,,1690209,,,5471,松翰,,,6775,,,,,,,,,,,,,,,,,,,,3,上市,114,,,,,,0,,,,,,,,,,,,,,,,3438415,,,,3438415,,0,,20.48,354480,2636909,,,,,,,,,1678770,,,471429,,,62661,3909844,,,,,,,,,,,,,,,116949,1272935,0
,,,,-261507,,,5484,慧友,,,27561,,,,,,,,,,,,,,,,,,,,3,上市,114,,,,,,0,,,,,,,,,,,,,,,,489376,,,,489376,,0,,7.33,451612,553098,,,,,,,,,668010,,,458400,,,55312,947776,,,,,,,,,,,,,,,6788,394678,0
,,,,2614553,,,5515,建國,,,22885,,,,,,,,,,,,,,,,,,,,3,上市,114,,,,,,,,,,,,,,,,,,,,,,4840747,,,,4840747,,0,,24.01,3484906,6753662,,,,,,,,,2016001,,,4163888,,,187308,9004635,,,,,,,,,,,,,,,678982,2250973,0
,,,,3817345,,,5519,隆大,,,13620,,,,,,,,,,,,,,,,,,,,3,上市,114,,,,,,,,,,,,,,,,,,,,,,6073551,,,,6073551,,0,,27.71,3754309,14323068,,,,,,,,,2191972,,,8993198,,,50614,15066749,,,,,,,,,,,,,,,5238889,743681,0
,,,,601881,,,5521,工信,,,20467,,,,,,,,,,,,,,,,,,,,3,上市,114,,,,,,0,,,,,,,,,,,,,,,,5545669,,,,5545669,,0,,11.27,7485389,12256303,,,,,,,,,4922802,,,7659797,,,519,13205466,,,,,,,,,,,,,,,174408,949163,0
,,,,29151530,,,5522,遠雄,,,538190,,,,,,,,,,,,,,,,,,,,3,上市,114,,,,,,0,,,,,,,,,,,,,,,,46043830,,,,46043830,,0,,58.91,59754681,99263561,,,,,,,,,7815962,,,64703773,,,8538148,110747603,,,,,,,,,,,,,,,4949092,11484042,0
,,,,1578649,,,5525,順天,,,0,,,,,,,,,,,,,,,,,,,,3,上市,114,-25346,,,,,,,,,,,,,,,,,,,,,5085460,,,,5074731,,10818421,,16.51,13700924,17068135,,,,,,,,,3181054,,,15030612,,,340374,20116072,,,,,,,,,,,,,,10729,1329688,3047937,0
,,,,590622,,,5531,鄉林,0,,-610975,,,,,,,,,,,,,,,,,,,,3,上市,114,0,,,,,0,,,,,,,,,,,,,,,,9820104,,,,9764130,,0,,9.99,20344879,20366399,,,,,,,,,9775892,,,32963491,,,8591,42783595,,,,,,,,,,,,,,55974,12618612,22417196,0
,,,,6660848,,,5533,皇鼎,,,,,,,,,,,,,,,,,,,,,,,3,上市,114,,,,,,,,,,,,,,,,,,,,,,9534428,,,,9534428,,0,,33.43,1220072,7908641,,,,,,,,,2852450,,,2134009,,,21130,11668437,,,,,,,,,,,,,,,913937,3759796,0
,,,,15421324,,,5534,長虹,,,-500,,,,,,,,,,,,,,,,,,,,3,上市,114,,,,,,0,,,,,,,,,,,,,,,,19970392,,,,19697981,,0,,67.85,29813707,49487241,,,,,,,,,2903260,,,29887654,,,1373897,49858046,,,,,,,,,,,,,,272411,73947,370805,0
,,,,3469675,,,5538,東明-KY,,,-376643,,,,,,,,,,,,,,,,,,,,3,上市,114,,,,,,,,,,,,,,,,,,,,,,6960551,,,,6932358,,0,,34.45,4636886,10204857,,,,,,,,,2012033,,,6509626,,,1827293,13470177,,,,,,,,,,,,,,28193,1872740,3265320,0
,,,,296724,,,5546,永固-KY,,,-137663,,,,,,,,,,,,,,,,,,,,3,上市,114,,,,,,,,,,,,,,,,,,,,,,1865972,,,,1834545,,0,,22.28,2239643,2501592,,,,,,,,,823534,,,2845899,,,851950,4711871,,,,,,,,,,,,,,31427,606256,2210279,0
,,,,2750746,,,5607,遠雄港,,,0,,,,,,,,,,,,,,,,,,,,3,上市,114,,,,,,0,,,,,,,,,,,,,,,,10810821,,,,10810821,,0,,29.17,3415207,1409547,,,,,,,,,3705529,,,16418331,,,4354546,27229152,,,,,,,,,,,,,,0,13003124,25819605,0
,,,,2055242,,,5608,四維航,,,-205035,,,,,,,,,,,,,,,,,,,,3,上市,114,,,,,,0,,,,,,,,,,,,,,,,9163448,,,,9048550,,0,,23.24,3960248,2381064,,,,,,,,,3892716,,,9069584,,,3305627,18233032,,,,,,,,,,,,,,114898,5109336,15851968,0
,,,,742834,,,5706,鳳凰,0,,77706,,,,,,,,,,,,,,,,,,,,3,上市,114,0,,,,,0,,,,,,,,,,,,,,,0,1909039,,,,1861262,,0,,21.92,1353621,2079072,,,,,,,,,849109,,,1451831,,,191613,3360870,,,,,,,,,,,,,,47777,98210,1281798,0
,,,,113151859,,,5871,中租-KY,,,-4659353,,,,,,,,,,,,,,,,,,,,3,上市,114,,,,,,,,,,,,,,,,,,,,,,185039507,,,,172842406,,0,,92.86,637386117,697665943,,,,,,,,,18614211,,,772000971,,,45735689,957040478,,,,,,,,,,,,,,12197101,134614854,259374535,0
,23643214,,1656862,112770666,,,5876,上海商銀,,,8016353,3637912,,12777378,13439005,17841,,,,,,,,,,,36689793,,400492940,1959418938,3,上市,114,-83144,,963196,,,0,,,,41879901,64546295,,24604786,,5246234,,210376697,1655271,,,,,263937561,,,197187015,,11397439,,40.66,,,,2049308,,39461087,1998475,590056,,1682084,48616031,,3330400,,2145888232,1158079633,27867109,,2409825793,498064775,4001905,6017645,8401611,5805368,,,,,6861913,,18323502,66750546,,,0
,31780638,,1589300,66259323,,,5880,合庫金,,7658195,-570507,1310240,,5088350,66487921,73847245,,,395309,,,,,,,530975170,,442904883,,4169638243,3,上市,114,,,,,,,80240000,,42866029,103846842,,,55102551,,,11261721,819882691,145299,,,,,274060143,,268150491,,,0,,17.10,,,,4728208,,88435901,3962052,2814566,,1565470,156809369,,45397569,,5133640511,3178325690,45652306,,5407700654,520604555,9075344,167145223,3984775,1379929,,,,,66632661,2268595,,5909652,,,0
,,,,212658,,,5906,台南-KY,,,25942,,,,,,,,,,,,,,,,,,,,3,上市,114,,,,,,,,,,,,,,,,,,,,,,675102,,,,596014,,0,,16.68,967548,939076,,,,,,,,,357414,,,1193592,,,,1868694,,,,,,,,,,,,,,79088,226044,929618,0
,,,,-593798,,,5907,大洋-KY,,,-1090626,,,,,,,,,,,,,,,,,,,,3,上市,114,,,,,,0,,,,,,,,,,,,,,,,3927358,,,,3927358,,0,,20.09,5880881,1206331,,,,,,,,,1955310,,,16988489,,,3656472,20915847,,,,,,,,,,,,,,,11107608,19709516,0
,,,,,15910444,,6005,群益證,,,3138509,,,,,,,,,,,,,,,,,,,,3,上市,114,,,,,,,,,,,,,,,,,,,,,,48002749,,,,,43539101,,0,20.06,274784378,307981938,,,,,,,,,21709081,,,285082940,,,2781067,333085689,,,,,,,,,,,,,,4463648,10298562,25103751,0
,,,,,4135793,,6024,群益期,,,22258,,,,,,,,,,,,,,,,,,,,3,上市,114,,,,,,0,,,,,,,,,,,,,,,,10018581,,,,,10016106,,0,40.07,58866400,68050643,,,,,,,,,2499376,,,58916461,,,3358679,68935042,,,,,,,,,,,,,,2475,50061,884399,0
,,,,1372235,,,6108,競國,,,-185277,,,,,,,,,,,,,,,,,,,,3,上市,114,0,,,,,0,,,,,,,,,,,,,,,,3168219,,,,3168219,,0,,20.18,3234775,5252353,,,,,,,,,1569943,,,3701273,,,411318,6869492,,,,,,,,,,,,,,,466498,1617139,0
,,,,1027885,,,6112,邁達特,,,43421,,,,,,,,,,,,,,,,,,,,3,上市,114,,,,,,,,,,,,,,,,,,,,,,5123565,,,,4178581,,0,,22.18,7755765,10116869,,,,,,,,,1883573,,,8673263,,,1223702,13796828,,,,,,,,,,,,,,944984,917498,3679959,0
,,,,2433166,,,6115,鎰勝,,,-343928,,,,,,,,,,,,,,,,,,,,3,上市,114,0,,,,,0,,,,,,,,,,,,,,,,4953291,,,,4896708,,0,,26.09,2656234,6031712,,,,,,,,,1876622,,,3072484,,,930848,8025775,,,,,,,,,,,,,,56583,416250,1994063,0
,,,,3215302,,,6116,彩晶,,,588952,,,,,,,,,,,,,,,,,,,,3,上市,114,-934767,,,,,,,,,,,,,,,,,,,,,33120919,,,,33120919,,81674000,,11.59,5358989,9376713,,,,,,,,,29403289,,,9578329,,,848143,42699248,,,,,,,,,,,,,,0,4219340,33322535,0
,,,,526816,,,6117,迎廣,,,-86330,,,,,,,,,,,,,,,,,,,,3,上市,114,0,,,,,0,,,,,,,,,,,,,,,,2036762,,,,2032544,,0,,21.96,1402982,2313002,,,,,,,,,925430,,,3220703,,,666628,5257465,,,,,,,,,,,,,,4218,1817721,2944463,1026354
,,,,852342,,,6120,達運,,,-1263468,,,,,,,,,,,,,,,,,,,,3,上市,114,,,,,,,,,,,,,,,,,,,,,,8348682,,,,8348682,,0,,13.94,5404759,9813816,,,,,,,,,5989996,,,7662087,,,2769812,16010769,,,,,,,,,,,,,,,2257328,6196953,0
,,,,114550,,,6128,上福,,,69077,,,,,,,,,,,,,,,,,,,,3,上市,114,0,,,,,0,,,,,,,,,,,,,,,,2673313,,,,2673313,,0,,20.95,2818588,3280496,,,,,,,,,1275887,,,3738422,,,1213799,6411735,,,,,,,,,,,,,,,919834,3131239,0
,,,,314742,,,6133,金橋,,,-159680,,,,,,,,,,,,,,,,,,,,3,上市,114,,,,,,0,,,,,,,,,,,,,,,,1459176,,,,1459176,,0,,12.47,772096,1010464,,,,,,,,,1170064,,,804404,,,134050,2263580,,,,,,,,,,,,,,,32308,1253116,0
,,,,461310,,,6136,富爾特,0,,1726149,,,,,,,,,,,,,,,,,,,,3,上市,114,0,,,,,0,,,,,,,,,,,,,,,,3460126,,,,3354432,,0,,29.03,265965,841575,,,,,,,,,1155364,,,363186,,,11609,3823312,,,,,,,,,,,,,,105694,97221,2981737,0
,,,,8937713,,,6139,亞翔,,,498917,,,,,,,,,,,,,,,,,,,,3,上市,114,,,,,,,,,,,,,,,,,,,,,,21714601,,,,15871226,,0,,67.94,56302698,75446639,,,,,,,,,2353295,,,59331290,,,4081301,81045891,,,,,,,,,,,,,,5843375,3028592,5599252,0
,,,,-518187,,,6141,柏承,,,-181834,,,,,,,,,,,,,,,,,,,,3,上市,114,,,,,,0,,,,,,,,,,,,,,,,1083438,,,,1010482,,0,,8.91,3484563,1768981,,,,,,,,,1133540,,,4511649,,,576963,5595087,,,,,,,,,,,,,,72956,1027086,3826106,0
,,,,-240789,,,6142,友勁,,,-143242,,,,,,,,,,,,,,,,,,,,3,上市,114,,,,,,,,,,,,,,,,,,,,,,2925214,,,,2925214,,0,,8.84,748629,2001276,,,,,,,,,3307792,,,1198418,,,1453,4123632,,,,,,,,,,,,,,,449789,2122356,0
,,,,-653297,,,6152,百一,,,-58266,,,,,,,,,,,,,,,,,,,,3,上市,114,,,,,,,,,,,,,,,,,,,,,,1273061,,,,1257721,,0,,7.50,1465191,2244428,,,,,,,,,1677385,,,1584550,,,291899,2857611,,,,,,,,,,,,,,15340,119359,613183,0
,,,,-1801706,,,6153,嘉聯益,,,773511,,,,,,,,,,,,,,,,,,,,3,上市,114,0,,,,,,,,,,,,,,,,,,,,,9985726,,,,9985726,,0,,15.70,3355056,4946489,,,,,,,,,6361777,,,7049219,,,4652144,17034945,,,,,,,,,,,,,,,3694163,12088456,0
,,,,382967,,,6155,鈞寶,,,102179,,,,,,,,,,,,,,,,,,,,3,上市,114,0,,,,,0,,,,,,,,,,,,,,,,1585903,,,,1585903,,0,,18.02,635550,1252054,,,,,,,,,880239,,,649913,,,220518,2235816,,,,,,,,,,,,,,0,14363,983762,0
,,,,196068,,,6164,華興,,,-118368,,,,,,,,,,,,,,,,,,,,3,上市,114,,,,,,,,,,,,,,,,,,,,,,891891,,,,883281,,0,,11.04,531998,889675,,,,,,,,,800000,,,605151,,,5581,1497042,,,,,,,,,,,,,,8610,73153,607367,0
,,,,379215,,,6165,浪凡,,,-25120,,,,,,,,,,,,,,,,,,,,3,上市,114,-7878,,,,,0,,,,,,,,,,,,,,,,1667913,,,,1618061,,167000,,20.86,757371,1379241,,,,,,,,,777526,,,1610698,,,494318,3278611,,,,,,,,,,,,,,49852,853327,1899370,0
,,,,2038955,,,6166,凌華,,,-196155,,,,,,,,,,,,,,,,,,,,3,上市,114,,,,,,,,,,,,,,,,,,,,,,5341515,,,,5322713,,0,,24.46,5138076,7721013,,,,,,,,,2175953,,,7598222,,,1303960,12939737,,,,,,,,,,,,,,18802,2460146,5218724,0
,,,,244498,,,6168,宏齊,,,212136,,,,,,,,,,,,,,,,,,,,3,上市,114,-5521,,,,,,,,,,,,,,,,,,,,,3141969,,,,3002942,,308000,,14.59,589254,2188422,,,,,,,,,2060698,,,653695,,,491131,3795664,,,,,,,,,,,,,,139027,64441,1607242,0
,,,,28791678,,,6176,瑞儀,,,-3867440,,,,,,,,,,,,,,,,,,,,3,上市,114,-706401,,,,,0,,,,,,,,,,,,,,,,33594135,,,,33594135,,4786000,,72.99,30152124,50009209,,,,,,,,,4650273,,,33104087,,,4726025,66698222,,,,,,,,,,,,,,,2951963,16689013,0
,,,,2814154,,,6177,達麗,,,-11204,,,,,,,,,,,,,,,,,,,,3,上市,114,,,,,,,,,,,,,,,,,,,,,,9306035,,,,9018095,,0,,19.11,30548389,38777484,,,,,,,,,4718784,,,34480461,,,1496361,43786496,,,,,,,,,,,,,,287940,3932072,5009012,0
,,,,1255333,,,6183,關貿,,,-81824,,,,,,,,,,,,,,,,,,,,3,上市,114,,,,,,,,,,,,,,,,,,,,,,2673520,,,,2673520,,0,,17.82,1559615,2802499,,,,,,,,,1500000,,,1797323,,,11,4470843,,,,,,,,,,,,,,,237708,1668344,0
,,,,1066110,,,6184,大豐電,,,,,,,,,,,,,,,,,,,,,,,3,上市,114,-436270,,,,,,,,,,,,,,,,,,,,,5251424,,,,4750541,,9919214,,31.21,2041159,3979490,,,,,,,,,1621276,,,3396271,,,2499425,8647695,,,,,,,,,,,,,,500883,1355112,4668205,0
,,,,1743419,,,6189,豐藝,,,-101112,,,,,,,,,,,,,,,,,,,,3,上市,114,,,,,,,,,,,,,,,,,,,,,,6415680,,,,5950627,,0,,22.56,8047932,13686463,,,,,,,,,2637797,,,8597133,,,1670523,15012813,,,,,,,,,,,,,,465053,549201,1326350,0
,,,,12741104,,,6191,精成科,,,687239,,,,,,,,,,,,,,,,,,,,3,上市,114,0,,,,,,,,,,,,,,,,,,,,,24194615,,,,24053420,,0,,48.17,25204925,31018261,,,,,,,,,4993030,,,34060878,,,5632047,58255493,,,,,,,,,,,,,,141195,8855953,27237232,0
,,,,6296304,,,6192,巨路,,,-156359,,,,,,,,,,,,,,,,,,,,3,上市,114,,,,,,,,,,,,,,,,,,,,,,7213786,,,,7212546,,0,,75.01,4154791,9945862,,,,,,,,,961558,,,4466396,,,111043,11680182,,,,,,,,,,,,,,1240,311605,1734320,0
,,,,8731347,,,6196,帆宣,,,-281633,,,,,,,,,,,,,,,,,,,,3,上市,114,,,,,,0,,,,,,,,,,,,,,,,15254518,,,,15121810,,0,,69.37,33482381,41696333,,,,,,,,,2179983,,,36720162,,,4492113,51974680,,,,,,,,,,,,,,132708,3237781,10278347,0
,,,,2686206,,,6197,佳必琪,,,14608,,,,,,,,,,,,,,,,,,,,3,上市,114,,,,,,0,,,,,,,,,,,,,,,,4567904,,,,4358770,,0,,35.70,2203241,5533391,,,,,,,,,1220859,,,3354155,,,437097,7922059,,,,,,,,,,,,,,209134,1150914,2388668,0
,,,,1610945,,,6201,亞弘電,,,-111983,,,,,,,,,,,,,,,,,,,,3,上市,114,,,,,,0,,,,,,,,,,,,,,,,2724319,,,,2724319,,0,,30.54,730265,2691867,,,,,,,,,892000,,,828384,,,333357,3552703,,,,,,,,,,,,,,,98119,860836,0
,,,,1384494,,,6202,盛群,,,-126931,,,,,,,,,,,,,,,,,,,,3,上市,114,,,,,,0,,,,,,,,,,,,,,,,3873696,,,,3811575,,0,,16.54,1305280,4459791,,,,,,,,,2303882,,,1650441,,,250130,5524137,,,,,,,,,,,,,,62121,345161,1064346,0
,,,,1261682,,,6205,詮欣,,,38807,,,,,,,,,,,,,,,,,,,,3,上市,114,-73220,,,,,0,,,,,,,,,,,,,,,,2539865,,,,2529398,,1500000,,31.33,390284,2079343,,,,,,,,,822359,,,1182324,,,479770,3722189,,,,,,,,,,,,,,10467,792040,1642846,0
,,,,3061201,,,6206,飛捷,,,-31042,,,,,,,,,,,,,,,,,,,,3,上市,114,,,,,,0,,,,,,,,,,,,,,,,4992221,,,,4928189,,0,,34.45,966788,4544667,,,,,,,,,1430623,,,983839,,,467407,5976060,,,,,,,,,,,,,,64032,17051,1431393,0
,,,,512197,,,6209,今國光,,,-179176,,,,,,,,,,,,,,,,,,,,3,上市,114,,,,,,,,,,,,,,,,,,,,,,2918651,,,,2918651,,0,,16.66,1214660,2275562,,,,,,,,,1764698,,,1355655,,,820932,4274306,,,,,,,,,,,,,,,140995,1998744,772950
,,,,7859271,,,6213,聯茂,,,-1004313,,,,,,,,,,,,,,,,,,,,3,上市,114,,,,,,0,,,,,,,,,,,,,,,,19735265,,,,19735265,,0,,54.34,12087642,23095660,,,,,,,,,3646452,,,14998667,,,9233855,34733932,,,,,,,,,,,,,,,2911025,11638272,200000
,,,,6600161,,,6214,精誠,,,-473352,,,,,,,,,,,,,,,,,,,,3,上市,114,0,,,,,,,,,,,,,,,,,,,,,18309434,,,,17530687,,0,,64.39,18025906,27781109,,,,,,,,,2722431,,,18519414,,,8681447,36828848,,,,,,,,,,,,,,778747,493508,9047739,0
,,,,503305,,,6215,和椿,,,55636,,,,,,,,,,,,,,,,,,,,3,上市,114,,,,,,0,,,,,,,,,,,,,,,,1490700,,,,1490700,,0,,18.01,913455,1817695,,,,,,,,,827897,,,1022863,,,103862,2513563,,,,,,,,,,,,,,0,109408,695868,0
,,,,450595,,,6216,居易,,,,,,,,,,,,,,,,,,,,,,,3,上市,114,,,,,,0,,,,,,,,,,,,,,,,1723888,,,,,,0,,17.78,172811,1664313,,,,,,,,,969814,,,172966,,,303479,1896854,,,,,,,,,,,,,,,155,232541,0
,,,,1091242,,,6224,聚鼎,,,-286156,,,,,,,,,,,,,,,,,,,,3,上市,114,-48208,,,,,0,,,,,,,,,,,,,,,,2166865,,,,2142055,,1000000,,25.31,1459792,2492244,,,,,,,,,856453,,,1793664,,,528724,3960529,,,,,,,,,,,,,,24810,333872,1468285,0
,,,,-189127,,,6225,天瀚,,,-5414,,,,,,,,,,,,,,,,,,,,3,上市,114,,,,,,,,,,,,,,,,,,,,,,83459,,,,83459,,0,,3.00,12907,84064,,,,,,,,,278000,,,14509,,,0,97968,,,,,,,,,,,,,,,1602,13904,0
,,,,-15774,,,6226,光鼎,,,-106062,,,,,,,,,,,,,,,,,,,,3,上市,114,0,,,,,0,,,,,,,,,,,,,,,,1063583,,,,1065265,,0,,9.22,701579,777047,,,,,,,,,1155348,,,858106,,,31753,1921689,,,,,,,,,,,,,,-1682,156527,1144642,0
,,,,4462696,,,6230,尼得科超眾,,,-262715,,,,,,,,,,,,,,,,,,,,3,上市,114,,,,,,,,,,,,,,,,,,,,,,5595804,,,,5595804,,0,,64.81,3665176,7735819,,,,,,,,,863434,,,4508907,,,532389,10104711,,,,,,,,,,,,,,,843731,2368892,0
,,,,2217121,,,6235,華孚,,,-172043,,,,,,,,,,,,,,,,,,,,3,上市,114,,,,,,,,,,,,,,,,,,,,,,4683361,,,,4683361,,0,,23.43,3494217,4479594,,,,,,,,,1999063,,,5265518,,,639220,9948879,,,,,,,,,,,,,,,1771301,5469285,0
,,,,48114571,,,6239,力成,,,-895618,,,,,,,,,,,,,,,,,,,,3,上市,114,-922841,,,,,,,,,,,,,,,,,,,,,68899602,,,,54349926,,20350000,,73.57,22696971,44382276,,,,,,,,,7591466,,,43026467,,,462348,111926069,,,,,,,,,,,,,,14549676,20329496,67543793,0
,,,,45220,,,6243,迅杰,,,0,,,,,,,,,,,,,,,,,,,,3,上市,114,,,,,,,,,,,,,,,,,,,,,,775779,,,,,,0,,17.14,113689,1071293,,,,,,,,,452688,,,410365,,,277871,1186144,,,,,,,,,,,,,,,296676,114851,0
,,,,13356916,,,6257,矽格,,,1387609,,,,,,,,,,,,,,,,,,,,3,上市,114,-385473,,,,,0,,,,,,,,,,,,,,,,23155072,,,,20235907,,5131000,,42.27,9649440,19531585,,,,,,,,,4839123,,,17321736,,,1037732,40476808,,,,,,,,,,,,,,2919165,7672296,20945223,0
,,,,18165144,,,6269,台郡,,,-804059,,,,,,,,,,,,,,,,,,,,3,上市,114,-168973,,,,,0,,,,,,,,,,,,,,,,23061780,,,,21454899,,3300000,,67.07,7561157,18475764,,,,,,,,,3231680,,,13048274,,,1031107,36110054,,,,,,,,,,,,,,1606881,5487117,17634290,0
,,,,9006476,,,6271,同欣電,0,,-35507,,,,,,,,,,,,,,,,,,,,3,上市,114,0,,,,,0,,,,,,,,,,,,,,,,26228881,,,,26179191,,0,,125.22,4361747,11225000,,,,,,,,,2090581,,,8016057,,,15117641,34244938,,,,,,,,,,,,,,49690,3654310,23019938,0
,,,,649905,,,6272,驊陞,,,-82830,,,,,,,,,,,,,,,,,,,,3,上市,114,,,,,,,,,,,,,,,,,,,,,,1596418,,,,1447988,,0,,19.93,1716503,2530637,,,,,,,,,726640,,,2520413,,,154273,4116831,,,,,,,,,,,,,,148430,803910,1586194,0
,,,,3354404,,,6277,宏正,,,-178047,,,,,,,,,,,,,,,,,,,,3,上市,114,,,,,,0,,,,,,,,,,,,,,,,4752812,,,,4688031,,0,,39.24,1562763,3313378,,,,,,,,,1194711,,,2120234,,,316963,6873046,,,,,,,,,,,,,,64781,557471,3559668,0
,,,,16648776,,,6278,台表科,,,-707319,,,,,,,,,,,,,,,,,,,,3,上市,114,,,,,,0,,,,,,,,,,,,,,,,21393524,,,,21371415,,0,,73.09,25795462,37926319,,,,,,,,,2923984,,,30894472,,,2505974,52287996,,,,,,,,,,,,,,22109,5099010,14361677,0
,,,,1374645,,,6281,全國電,,,,,,,,,,,,,,,,,,,,,,,3,上市,114,,,,,,,,,,,,,,,,,,,,,,2803484,,,,,,0,,28.27,3549167,4935694,,,,,,,,,991729,,,6293622,,,437110,9097106,,,,,,,,,,,,,,,2744455,4161412,0
,,,,3295394,,,6282,康舒,,,-222059,,,,,,,,,,,,,,,,,,,,3,上市,114,,,,,,,,,,,,,,,,,,,,,,21971412,,,,21683495,,0,,25.33,17577505,24917881,,,,,,,,,8560291,,,25184646,,,10049869,47156058,,,,,,,,,,,,,,287917,7607141,22238177,0
,,,,-204543,,,6283,淳安,,,-87118,,,,,,,,,,,,,,,,,,,,3,上市,114,-72075,,,,,0,,,,,,,,,,,,,,,,1848085,,,,1617814,,2114000,,11.10,640877,1818222,,,,,,,,,1479063,,,714514,,,502487,2562599,,,,,,,,,,,,,,230271,73637,744377,0
,,,,13530547,,,6285,啟碁,,,2317501,,,,,,,,,,,,,,,,,,,,3,上市,114,,,,,,82410,,,,,,,,,,,,,,,,32553888,,,,32553888,,0,,67.26,36137264,55667943,,,,,,,,,4840206,,,39517923,,,11865634,72071811,,,,,,,,,,,,,,,3380659,16403868,0
,,,,1239892,,,6405,悅城,,,168843,,,,,,,,,,,,,,,,,,,,3,上市,114,,,,,,0,,,,,,,,,,,,,,,,2514004,,,,,,0,,38.21,12910,608382,,,,,,,,,658000,,,12971,,,447269,2526975,,,,,,,,,,,,,,,61,1918593,0
,,,,6879745,,,6409,旭隼,,,-587812,,,,,,,,,,,,,,,,,,,,3,上市,114,0,,,,,,,,,,,,,,,,,,,,,8546262,,,,8546262,,0,,97.44,6725484,11201414,,,,,,,,,877114,,,7457602,,,1377215,16003864,,,,,,,,,,,,,,,732118,4802450,0
,,,,8101148,,,6412,群電,,,-1200722,,,,,,,,,,,,,,,,,,,,3,上市,114,,,,,,0,,,,,,,,,,,,,,,,14144541,,,,14144541,,0,,35.29,18810733,25632607,,,,,,,,,4007691,,,19264180,,,3236424,33408721,,,,,,,,,,,,,,,453447,7776114,0
,,,,8503827,,,6414,樺漢,,,-1176620,,,,,,,,,,,,,,,,,,,,3,上市,114,,,,,,,,,,,,,,,,,,,,,,58940559,,,,24631946,,0,,179.09,78684233,99700704,,,,,,,,,1375403,,,96970198,,,15929336,155910757,,,,,,,,,,,,,,34308613,18285965,56210053,0
,,,,21098096,,,6415,矽力*-KY,,,-579780,,,,,,,,,,,,,,,,,,,,3,上市,114,-239746,,,,,,,,,,,,,,,,,,,,,35446642,,,,35042436,,595000,,90.35,3145129,25154086,,,,,,,,,971105,,,5376239,,,13792761,40822881,,,,,,,,,,,,,,404206,2231110,15668795,0
,,,,1397656,,,6416,瑞祺電通,,,-87858,,,,,,,,,,,,,,,,,,,,3,上市,114,,,,,,0,,,,,,,,,,,,,,,,3619939,,,,3488479,,0,,47.56,1070727,3495593,,,,,,,,,733485,,,1807647,,,1445196,5427586,,,,,,,,,,,,,,131460,736920,1931993,0
,,,,-16122,,,6426,統新,,,-31107,,,,,,,,,,,,,,,,,,,,3,上市,114,,,,,,,,,,,,,,,,,,,,,,894403,,,,894403,,0,,23.23,98449,762984,,,,,,,,,385090,,,104476,,,556542,998879,,,,,,,,,,,,,,,6027,235895,0
,,,,-577007,,,6431,光麗-KY,,,-61553,,,,,,,,,,,,,,,,,,,,3,上市,114,,,,,,,,,,,,,,,,,,,,,,610358,,,,610358,,0,,6.27,277405,430548,,,,,,,,,973988,,,538702,,,274930,1149060,,,,,,,,,,,,,,,261297,718512,0
,,,,1558236,,,6438,迅得,,,43413,,,,,,,,,,,,,,,,,,,,3,上市,114,,,,,,,,,,,,,,,,,,,,,,5385113,,,,5249427,,0,,63.86,3480627,6123237,,,,,,,,,822063,,,4189022,,,2825715,9574135,,,,,,,,,,,,,,135686,708395,3450898,0
,,,,2545311,,,6442,光聖,,,-58685,,,,,,,,,,,,,,,,,,,,3,上市,114,-66481,,,,,,,,,,,,,,,,,,,,,4098378,,,,4097937,,200000,,54.06,4785305,6935320,,,,,,,,,760002,,,5028890,,,917790,9127268,,,,,,,,,,,,,,441,243585,2191948,0
,,,,-970493,,,6443,元晶,,,-1331,,,,,,,,,,,,,,,,,,,,3,上市,114,,,,,,,,,,,,,,,,,,,,,,5861748,,,,5858876,,0,,11.43,1406898,2659147,,,,,,,,,5127967,,,3295920,,,1702733,9157668,,,,,,,,,,,,,,2872,1889022,6498521,0
,,,,5768605,,,6446,藥華藥,,,-594186,,,,,,,,,,,,,,,,,,,,3,上市,114,-2805108,,,,,,,,,,,,,,,,,,,,,29749232,,,,29749232,,8905000,,89.26,3928456,26842283,,,,,,,,,3787992,,,4700817,,,23591929,34450049,,,,,,,,,,,,,,,772361,7607766,0
,,,,1811810,,,6449,鈺邦,,,559775,,,,,,,,,,,,,,,,,,,,3,上市,114,-40374,,,,,0,,,,,,,,,,,,,,,,4465231,,,,4361773,,1000000,,47.97,3397027,4393248,,,,,,,,,919335,,,3491604,,,1111227,7956835,,,,,,,,,,,,,,103458,94577,3563587,0
,,,,2515680,,,6451,訊芯-KY,0,,-863613,,,,,,,,,,,,,,,,,,,,3,上市,114,-108347,,,,,,,,,,,,,,,,,,,,,6924518,,,,5846520,,1291000,,55.07,6944358,12211419,,,,,,,,,1074648,,,12076056,,,3228152,19000574,,,,,,,,,,,,,,1077998,5131698,6789155,0
,,,,19605463,,,6456,GIS-KY,,,-2529896,,,,,,,,,,,,,,,,,,,,3,上市,114,-176665,,,,,0,,,,,,,,,,,,,,,,28561751,,,,28487638,,3864000,,85.27,24691977,44364881,,,,,,,,,3379398,,,31787025,,,8209338,60348776,,,,,,,,,,,,,,74113,7095048,15983895,0
,,,,3377898,,,6464,台數科,,,9197,,,,,,,,,,,,,,,,,,,,3,上市,114,0,,,,,0,,,,,,,,,,,,,,,,8537980,,,,8103545,,0,,64.82,2086711,1877272,,,,,,,,,1287815,,,9547533,,,3428635,18085513,,,,,,,,,,,,,,434435,7460822,16208241,0
,,,,8014228,,,6472,保瑞,,,-649225,,,,,,,,,,,,,,,,,,,,3,上市,114,-58080,,,,,,,,,,,,,,,,,,,,,15688510,,,,13630995,,230400,,108.95,14005094,18274538,,,,,,,,,1253383,,,28052540,,,5070689,43741050,,,,,,,,,,,,,,2057515,14047446,25466512,938064
,,,,625162,,,6477,安集,,,-51745,,,,,,,,,,,,,,,,,,,,3,上市,114,,,,,,,,,,,,,,,,,,,,,,3344890,,,,3150563,,0,,25.45,2066012,1430494,,,,,,,,,1237872,,,5024525,,,1339274,8369415,,,,,,,,,,,,,,194327,2958513,6938921,0
,,,,6278002,,,6491,晶碩,,,-105647,,,,,,,,,,,,,,,,,,,,3,上市,114,,,,,,,,,,,,,,,,,,,,,,11320002,,,,11221899,,0,,143.87,4019328,6498470,,,,,,,,,780000,,,4622916,,,4269544,15942918,,,,,,,,,,,,,,98103,603588,9444448,0
,,,,2505667,,,6504,南六,,,-446078,,,,,,,,,,,,,,,,,,,,3,上市,114,,,,,,0,,,,,,,,,,,,,,,,3239124,,,,3239056,,0,,44.62,4231194,4843194,,,,,,,,,726000,,,6560463,,,453467,9799587,,,,,,,,,,,,,,68,2329269,4956393,0
,,,,168946376,,,6505,台塑化,,,11246883,,,,,,,,,,,,,,,,,,,,3,上市,114,,,,,,,,,,,,,,,,,,,,,,312185011,,,,306877843,,0,,32.21,47571022,220972267,,,,,,,,,95259597,,,63810637,,,31424987,375995648,,,,,,,,,,,,,,5307168,16239615,155023381,0
,,,,2452085,,,6515,穎崴,,,-254478,,,,,,,,,,,,,,,,,,,,3,上市,114,,,,,,,,,,,,,,,,,,,,,,5901885,,,,5901885,,0,,163.75,1759894,5356291,,,,,,,,,360416,,,1984410,,,3343862,7886295,,,,,,,,,,,,,,,224516,2530004,0
,,,,2730127,,,6525,捷敏-KY,,,-284914,,,,,,,,,,,,,,,,,,,,3,上市,114,,,,,,,,,,,,,,,,,,,,,,4360223,,,,4360223,,0,,33.79,1710635,3868205,,,,,,,,,1290474,,,2130503,,,624536,6490726,,,,,,,,,,,,,,,419868,2622521,0
,,,,6929802,,,6526,達發,,,191715,,,,,,,,,,,,,,,,,,,,3,上市,114,,,,,,,,,,,,,,,,,,,,,,21034459,,,,18681794,,0,,111.53,6134729,17808641,,,,,,,,,1675056,,,6945481,,,9885221,27979940,,,,,,,,,,,,,,2352665,810752,10171299,0
,,,,4073971,,,6531,愛普*,,,1943,,,,,,,,,,,,,,,,,,,,3,上市,114,,,,,,,,,,,,,,,,,,,,,,11544409,,,,11409198,,0,,70.14,1655406,11042900,,,,,,,,,813884,,,1838905,,,6519400,13383314,,,,,,,,,,,,,,135211,183499,2340414,7600
,,,,-181505,,,6533,晶心科,,,1347,,,,,,,,,,,,,,,,,,,,3,上市,114,,,,,,,,,,,,,,,,,,,,,,4556521,,,,4556521,,0,,89.96,317050,2370241,,,,,,,,,506509,,,1777878,,,4230170,6334399,,,,,,,,,,,,,,,1460828,3964158,0
,,,,875913,,,6534,正瀚-創,,,-445,,,,,,,,,,,,,,,,,,,,3,上市,114,,,,,,0,,,,,,,,,,,,,,,,2622594,,,,2621919,,0,,25.51,839630,968697,,,,,,,,,1028000,,,1059466,,,718451,3682060,,,,,,,,,,,,,,675,219836,2713363,0
,,,,-15216110,,,6541,泰福-KY,,,-328318,,,,,,,,,,,,,,,,,,,,3,上市,114,,,,,,0,,,,,,,,,,,,,,,,6001650,,,,6001650,,0,,22.66,694375,2061587,,,,,,,,,2648164,,,2173491,,,18897914,8175141,,,,,,,,,,,,,,,1479116,6113554,0
,,,,-16813225,,,6550,北極星藥業-KY,,,375162,,,,,,,,,,,,,,,,,,,,3,上市,114,,,,,,0,,,,,,,,,,,,,,,,4189675,,,,4189675,,0,,5.44,1805099,2343922,,,,,,,,,7704730,,,3990709,,,12923008,8180384,,,,,,,,,,,,,,0,2185610,5836462,0
,,,,471240,,,6552,易華電,,,394212,,,,,,,,,,,,,,,,,,,,3,上市,114,,,,,,,,,,,,,,,,,,,,,,2320941,,,,,,0,,27.96,622864,805288,,,,,,,,,830000,,,1253700,,,625489,3574641,,,,,,,,,,,,,,,630836,2769353,0
,,,,212958,,,6558,興能高,,,-64933,,,,,,,,,,,,,,,,,,,,3,上市,114,,,,,,0,,,,,,,,,,,,,,,,1405545,,,,1405545,,0,,14.99,360546,998337,,,,,,,,,937889,,,393719,,,319631,1799264,,,,,,,,,,,,,,,33173,800927,0
,,,,-45852,,,6573,虹揚-KY,,,-103078,,,,,,,,,,,,,,,,,,,,3,上市,114,,,,,,0,,,,,,,,,,,,,,,,732101,,,,656063,,0,,8.15,794292,922518,,,,,,,,,804993,,,915910,,,0,1648011,,,,,,,,,,,,,,76038,121618,725493,0
,,,,1405411,,,6579,研揚,,,120521,,,,,,,,,,,,,,,,,,,,3,上市,114,,,,,,0,,,,,,,,,,,,,,,,11567780,,,,9670184,,0,,57.07,2234189,6839986,,,,,,,,,1694512,,,2741101,,,6449740,14308881,,,,,,,,,,,,,,1897596,506912,7468895,0
,,,,2182143,,,6581,鋼聯,,,,,,,,,,,,,,,,,,,,,,,3,上市,114,,,,,,,,,,,,,,,,,,,,,,4294068,,,,4294068,,0,,38.59,319057,818329,,,,,,,,,1112709,,,818732,,,999216,5112800,,,,,,,,,,,,,,,499675,4294471,0
,,,,3688843,,,6582,申豐,,,665669,,,,,,,,,,,,,,,,,,,,3,上市,114,,,,,,,,,,,,,,,,,,,,,,6165487,,,,6165487,,0,,58.07,205806,532065,,,,,,,,,1061741,,,214638,,,749234,6380125,,,,,,,,,,,,,,,8832,5848060,0
,,,,2061552,,,6585,鼎基,,,-13490,,,,,,,,,,,,,,,,,,,,3,上市,114,,,,,,0,,,,,,,,,,,,,,,,3749870,,,,3749870,,0,,51.99,691818,1806608,,,,,,,,,721336,,,1239911,,,980472,4989781,,,,,,,,,,,,,,,548093,3183173,0
,,,,-581762,,,6589,台康生技,,,-9729,,,,,,,,,,,,,,,,,,,,3,上市,114,-305465,,,,,0,,,,,,,,,,,,,,,,8441012,,,,8441012,,4000000,,27.93,560611,4235966,,,,,,,,,3062004,,,1956451,,,6275964,10397463,,,,,,,,,,,,,,,1395840,6161497,10750
,,,,727326,,,6591,動力-KY,,,-70655,,,,,,,,,,,,,,,,,,,,3,上市,114,,,,,,,,,,,,,,,,,,,,,,2141899,,,,2135411,,0,,51.93,531026,1915628,,,,,,,,,411225,,,1292237,,,1067515,3434136,,,,,,,,,,,,,,6488,761211,1518508,0
,,,,13139946,,,6592,和潤企業,,,-219243,,,,,,,,,,,,,,,,,,,,3,上市,114,,,,,,0,,,,,,,,,,,,,,,,41476982,,,,37292182,,0,,51.57,273347523,296517485,,,,,,,,,7231505,,,281094306,,,17139974,322571288,,,,,,,,,,,,,,4184800,7746783,26053803,0
,,,,-353540,,,6598,ABC-KY,,,-23545,,,,,,,,,,,,,,,,,,,,3,上市,114,,,,,,0,,,,,,,,,,,,,,,,687568,,,,687568,,0,,6.69,110294,877428,,,,,,,,,1028111,,,343230,,,36542,1030798,,,,,,,,,,,,,,,232936,153370,0
,,,,15036029,,,6605,帝寶,,,-157098,,,,,,,,,,,,,,,,,,,,3,上市,114,,,,,,,,,,,,,,,,,,,,,,19512801,,,,19037282,,0,,114.81,11569311,13794454,,,,,,,,,1658164,,,11981149,,,2500187,31493950,,,,,,,,,,,,,,475519,411838,17699496,0
,,,,398360,,,6606,建德工業,,,-115786,,,,,,,,,,,,,,,,,,,,3,上市,114,,,,,,0,,,,,,,,,,,,,,,,1573280,,,,1530905,,0,,13.88,244533,926758,,,,,,,,,1103038,,,390705,,,145293,1963985,,,,,,,,,,,,,,42375,146172,1037227,0
,,,,390745,,,6614,資拓宏宇,,,,,,,,,,,,,,,,,,,,,,,3,上市,114,,,,,,,,,,,,,,,,,,,,,,1165180,,,,1165180,,0,,15.98,2021302,2927668,,,,,,,,,729355,,,2124787,,,45080,3289967,,,,,,,,,,,,,,,103485,362299,0
,,,,490603,,,6625,必應,,,-25200,,,,,,,,,,,,,,,,,,,,3,上市,114,,,,,,,,,,,,,,,,,,,,,,1718532,,,,1716147,,0,,29.60,1250348,1897443,,,,,,,,,579724,,,1726997,,,671020,3445529,,,,,,,,,,,,,,2385,476649,1548086,0
,,,,498143,,,6641,基士德-KY,,,-128833,,,,,,,,,,,,,,,,,,,,3,上市,114,0,,,,,,,,,,,,,,,,,,,,,1393672,,,,1396040,,0,,38.25,562494,1079656,,,,,,,,,365000,,,603086,,,661730,1996758,,,,,,,,,,,,,,-2368,40592,917102,0
,,,,-120754,,,6645,金萬林-創,,,-264,,,,,,,,,,,,,,,,,,,,3,上市,114,-5144,,,,,0,,,,,,,,,,,,,,,,538561,,,,515802,,240000,,8.51,335076,435550,,,,,,,,,608640,,,502470,,,33324,1041031,,,,,,,,,,,,,,22759,167394,605481,0
,,,,829068,,,6655,科定,,,1048901,,,,,,,,,,,,,,,,,,,,3,上市,114,-186211,,,,,,,,,,,,,,,,,,,,,2519557,,,,2515296,,2014000,,32.02,2011518,1737863,,,,,,,,,805718,,,6218457,,,17820,8738014,,,,,,,,,,,,,,4261,4206939,7000151,0
,,,,-424690,,,6657,華安,,,-192,,,,,,,,,,,,,,,,,,,,3,上市,114,,,,,,,,,,,,,,,,,,,,,,993951,,,,993951,,0,,11.19,27328,942106,,,,,,,,,888515,,,37849,,,530318,1031800,,,,,,,,,,,,,,,10521,89694,150000
,,,,320130,,,6658,聯策,,,84772,,,,,,,,,,,,,,,,,,,,3,上市,114,,,,,,,,,,,,,,,,,,,,,,1392717,,,,1308370,,0,,35.97,1028178,1742835,,,,,,,,,363700,,,1676348,,,539768,3069065,,,,,,,,,,,,,,84347,648170,1326230,0
,,,,408895,,,6666,羅麗芬-KY,,,-81467,,,,,,,,,,,,,,,,,,,,3,上市,114,,,,,,0,,,,,,,,,,,,,,,,1661406,,,,1631883,,0,,34.44,483017,912053,,,,,,,,,473880,,,536224,,,830575,2197630,,,,,,,,,,,,,,29523,53207,1285577,0
,,,,-112755,,,6668,中揚光,,,-73086,,,,,,,,,,,,,,,,,,,,3,上市,114,,,,,,,,,,,,,,,,,,,,,,2160459,,,,2160459,,0,,20.17,797122,1407393,,,,,,,,,1071161,,,1522278,,,1275139,3682737,,,,,,,,,,,,,,0,725156,2275344,0
,,,,69319969,,,6669,緯穎,,,-164010,,,,,,,,,,,,,,,,,,,,3,上市,114,,,,,,0,,,,,,,,,,,,,,,,108020958,,,,108020958,,0,,581.26,171156307,286005898,,,,,,,,,1858408,,,203575517,,,37006591,311596475,,,,,,,,,,,,,,,32419210,25590577,0
,,,,9600956,,,6670,復盛應用,,,-841901,,,,,,,,,,,,,,,,,,,,3,上市,114,,,,,,,,,,,,,,,,,,,,,,16687554,,,,13746046,,0,,98.62,7761112,15442868,,,,,,,,,1393870,,,8778659,,,3593121,25466213,,,,,,,,,,,,,,2941508,1017547,10023345,0
,,,,567080,,,6671,三能-KY,,,-166110,,,,,,,,,,,,,,,,,,,,3,上市,114,,,,,,,,,,,,,,,,,,,,,,1674986,,,,1657369,,0,,27.28,384645,948946,,,,,,,,,607500,,,445423,,,648899,2120409,,,,,,,,,,,,,,17617,60778,1171463,0
,,,,1900491,,,6672,騰輝電子-KY,,,-165386,,,,,,,,,,,,,,,,,,,,3,上市,114,,,,,,,,,,,,,,,,,,,,,,3334318,,,,3334313,,0,,46.68,1089262,3273075,,,,,,,,,714347,,,1522479,,,884861,4856797,,,,,,,,,,,,,,5,433217,1583722,0
,,,,-65957,,,6674,鋐寶科技,,,-23140,,,,,,,,,,,,,,,,,,,,3,上市,114,,,,,,0,,,,,,,,,,,,,,,,919263,,,,919263,,0,,13.35,344410,1097673,,,,,,,,,688357,,,352957,,,320003,1272220,,,,,,,,,,,,,,,8547,174547,0
,,,,280311,,,6689,伊雲谷,,,2093,,,,,,,,,,,,,,,,,,,,3,上市,114,-9941,,,,,0,,,,,,,,,,,,,,,,3014113,,,,2820298,,200000,,41.60,3004194,4939459,,,,,,,,,680000,,,3077632,,,1867835,6091745,,,,,,,,,,,,,,193815,73438,1152286,0
,,,,3537690,,,6691,洋基工程,,,-29380,,,,,,,,,,,,,,,,,,,,3,上市,114,-169116,,,,,,,,,,,,,,,,,,,,,6560135,,,,6560135,,890000,,54.40,10038333,15816219,,,,,,,,,1214872,,,10225378,,,2006069,16785513,,,,,,,,,,,,,,0,187045,969294,0
,,,,-463432,,,6695,芯鼎,,,-835,,,,,,,,,,,,,,,,,,,,3,上市,114,,,,,,,,,,,,,,,,,,,,,,1552124,,,,1552124,,0,,16.09,223861,1494034,,,,,,,,,964597,,,248798,,,1051794,1800922,,,,,,,,,,,,,,,24937,306888,0
,,,,-91878,,,6698,旭暉應材,,,-24211,,,,,,,,,,,,,,,,,,,,3,上市,114,-24187,,,,,0,,,,,,,,,,,,,,,,1849853,,,,1079518,,602000,,16.41,890098,1320404,,,,,,,,,663898,,,963768,,,555896,2813621,,,,,,,,,,,,,,770335,73670,1493217,0
,,,,1065347,,,6706,惠特,,,39336,,,,,,,,,,,,,,,,,,,,3,上市,114,,,,,,,,,,,,,,,,,,,,,,3829547,,,,3829547,,0,,48.74,1176801,3438747,,,,,,,,,785689,,,3373380,,,1939175,7202927,,,,,,,,,,,,,,,2196579,3764180,0
,,,,963131,,,6715,嘉基,,,-13348,,,,,,,,,,,,,,,,,,,,3,上市,114,-38604,,,,,,,,,,,,,,,,,,,,,3434210,,,,3364544,,324000,,50.95,645534,2530989,,,,,,,,,663645,,,1001273,,,1789720,4435483,,,,,,,,,,,,,,69666,355739,1904494,0
,,,,2313027,,,6719,力智,,,-92054,,,,,,,,,,,,,,,,,,,,3,上市,114,,,,,,0,,,,,,,,,,,,,,,,13800763,,,,13800763,,0,,130.85,1058377,14326446,,,,,,,,,1054670,,,2734408,,,10525120,16535171,,,,,,,,,,,,,,,1676031,2208725,0
,,,,609167,,,6722,輝創,,,-103814,,,,,,,,,,,,,,,,,,,,3,上市,114,,,,,,0,,,,,,,,,,,,,,,,2047740,,,,2047740,,0,,26.25,1981998,2504628,,,,,,,,,780000,,,2511129,,,762387,4558869,,,,,,,,,,,,,,,529131,2054241,0
,,,,-19600,,,6742,澤米,,,7559,,,,,,,,,,,,,,,,,,,,3,上市,114,-40217,,,,,,,,,,,,,,,,,,,,,1258775,,,,1258775,,773000,,17.86,392263,1126005,,,,,,,,,712679,,,450792,,,598354,1709567,,,,,,,,,,,,,,,58529,583562,0
,,,,810801,,,6743,安普新,,,-340907,,,,,,,,,,,,,,,,,,,,3,上市,114,-185294,,,,,,,,,,,,,,,,,,,,,2589481,,,,2589481,,2500000,,17.56,5520606,4788145,,,,,,,,,1500000,,,6160079,,,804881,8749560,,,,,,,,,,,,,,0,639473,3961415,0
,,,,1848177,,,6753,龍德造船,,,3782,,,,,,,,,,,,,,,,,,,,3,上市,114,,,,,,,,,,,,,,,,,,,,,,4431530,,,,,,0,,37.80,4370927,5751767,,,,,,,,,1172395,,,6086678,,,1407176,10518208,,,,,,,,,,,,,,,1715751,4766441,4102003
,,,,990776,,,6754,匯僑設計,,,-122167,,,,,,,,,,,,,,,,,,,,3,上市,114,,,,,,,,,,,,,,,,,,,,,,2215696,,,,2215696,,0,,33.57,2131516,3616153,,,,,,,,,660000,,,2365498,,,687087,4581194,,,,,,,,,,,,,,,233982,965041,0
,,,,552659,,,6756,威鋒電子,,,-67399,,,,,,,,,,,,,,,,,,,,3,上市,114,,,,,,,,,,,,,,,,,,,,,,2825152,,,,2775804,,0,,39.72,809631,1295319,,,,,,,,,698900,,,892308,,,1591644,3717460,,,,,,,,,,,,,,49348,82677,2422141,13000
,,,,2220366,,,6757,台灣虎航,,,4377,,,,,,,,,,,,,,,,,,,,3,上市,114,,,,,,0,,,,,,,,,,,,,,,,6821372,,,,,,0,,14.84,11015981,12743381,,,,,,,,,4595300,,,19767326,,,1329,26588698,,,,,,,,,,,,,,,8751345,13845317,0
,,,,4286826,,,6768,志強-KY,,,-533629,,,,,,,,,,,,,,,,,,,,3,上市,114,,,,,,,,,,,,,,,,,,,,,,14314118,,,,14314118,,0,,71.54,4180341,12803226,,,,,,,,,2000951,,,6361528,,,8559970,20675646,,,,,,,,,,,,,,0,2181187,7872420,0
,,,,12375848,,,6770,力積電,,,-4503,,,,,,,,,,,,,,,,,,,,3,上市,114,,,,,,,,,,,,,,,,,,,,,,82151910,,,,82151910,,0,,19.56,22612515,42441871,,,,,,,,,42012676,,,96210736,,,27767889,178362646,,,,,,,,,,,,,,,73598221,135920775,2924400
,,,,275969,,,6771,平和環保-創,,,,,,,,,,,,,,,,,,,,,,,3,上市,114,,,,,,,,,,,,,,,,,,,,,,877319,,,,867920,,0,,27.84,124689,458310,,,,,,,,,311795,,,478367,,,280156,1355686,,,,,,,,,,,,,,9399,353678,897376,0
,,,,805928,,,6776,展碁國際,,,-107626,,,,,,,,,,,,,,,,,,,,3,上市,114,,,,,,0,,,,,,,,,,,,,,,,2394261,,,,2151377,,0,,26.37,7386917,7800354,,,,,,,,,815814,,,8132804,,,637261,10527065,,,,,,,,,,,,,,242884,745887,2726711,0
,,,,8444401,,,6781,AES-KY,,,-112742,,,,,,,,,,,,,,,,,,,,3,上市,114,,,,,,,,,,,,,,,,,,,,,,15256476,,,,15255787,,0,,178.60,6656551,18803314,,,,,,,,,854188,,,7154403,,,6069940,22410879,,,,,,,,,,,,,,689,497852,3607565,0
,,,,1936745,,,6782,視陽,,,-33737,,,,,,,,,,,,,,,,,,,,3,上市,114,,,,,,0,,,,,,,,,,,,,,,,3983547,,,,3964015,,0,,62.92,1313573,2335823,,,,,,,,,630000,,,1836780,,,1431007,5820327,,,,,,,,,,,,,,19532,523207,3484504,0
,,,,7513902,,,6789,采鈺,,,-146531,,,,,,,,,,,,,,,,,,,,3,上市,114,,,,,,,,,,,,,,,,,,,,,,18013453,,,,,,0,,56.59,3156927,13367801,,,,,,,,,3183021,,,4122237,,,7463061,22135690,,,,,,,,,,,,,,,965310,8767889,0
,,,,1746954,,,6790,永豐實,,,-175649,,,,,,,,,,,,,,,,,,,,3,上市,114,,,,,,,,,,,,,,,,,,,,,,5432702,,,,5432702,,0,,20.34,2787052,4589752,,,,,,,,,2671290,,,4662608,,,1190107,10095310,,,,,,,,,,,,,,0,1875556,5505558,0
,,,,523032,,,6792,詠業,,,-36724,,,,,,,,,,,,,,,,,,,,3,上市,114,-85925,,,,,0,,,,,,,,,,,,,,,,1538840,,,,1538840,,1000000,,32.83,392108,1528085,,,,,,,,,478753,,,447836,,,659704,1986676,,,,,,,,,,,,,,,55728,458591,0
,,,,-690456,,,6794,向榮生技,,,,,,,,,,,,,,,,,,,,,,,3,上市,114,,,,,,0,,,,,,,,,,,,,,,,726155,,,,,,0,,11.97,18535,630951,,,,,,,,,606790,,,79983,,,809821,806138,,,,,,,,,,,,,,,61448,175187,0
,,,,35761,,,6796,晉弘,,,-6514,,,,,,,,,,,,,,,,,,,,3,上市,114,,,,,,0,,,,,,,,,,,,,,,,698177,,,,698177,,0,,18.26,460414,793704,,,,,,,,,382340,,,650080,,,286590,1348257,,,,,,,,,,,,,,,189666,554553,0
,,,,601141,,,6799,來頡,,,-8823,,,,,,,,,,,,,,,,,,,,3,上市,114,-28425,,,,,41580,,,,,,,,,,,,,,,,1583607,,,,1583607,,269000,,36.98,179746,1562562,,,,,,,,,430965,,,181423,,,588749,1765030,,,,,,,,,,,,,,,1677,202468,0
,,,,3172975,,,6805,富世達,,,-143066,,,,,,,,,,,,,,,,,,,,3,上市,114,,,,,,,,,,,,,,,,,,,,,,6188943,,,,6188943,,0,,90.28,5565075,11213731,,,,,,,,,685539,,,6162144,,,2473495,12351087,,,,,,,,,,,,,,,597069,1137356,0
,,,,795588,,,6807,峰源-KY,,,109620,,,,,,,,,,,,,,,,,,,,3,上市,114,,,,,,0,,,,,,,,,,,,,,,,2446820,,,,2446820,,0,,45.31,1027310,2190087,,,,,,,,,540000,,,1049961,,,1001612,3496781,,,,,,,,,,,,,,,22651,1306694,0
,,,,499721,,,6830,汎銓,,,-63943,,,,,,,,,,,,,,,,,,,,3,上市,114,,,,,,,,,,,,,,,,,,,,,,2987306,,,,2987306,,0,,57.69,1391783,1840527,,,,,,,,,517819,,,2985904,,,2033709,5973210,,,,,,,,,,,,,,,1594121,4132683,0
,,,,389152,,,6831,邁科,,,-22052,,,,,,,,,,,,,,,,,,,,3,上市,114,,,,,,0,,,,,,,,,,,,,,,,1668126,,,,1668126,,0,,27.80,2354421,2996631,,,,,,,,,600000,,,2579041,,,701026,4247167,,,,,,,,,,,,,,,224620,1250536,0
,,,,93456,,,6834,天二科技,,,-8104,,,,,,,,,,,,,,,,,,,,3,上市,114,,,,,,,,,,,,,,,,,,,,,,1425738,,,,1425738,,0,,16.12,790349,1214489,,,,,,,,,884711,,,813618,,,455675,2239356,,,,,,,,,,,,,,,23269,1024867,0
,,,,684607,,,6835,圓裕,,,-44845,,,,,,,,,,,,,,,,,,,,3,上市,114,-18444,,,,,,,,,,,,,,,,,,,,,1774726,,,,1770977,,444000,,26.94,1166942,2858097,,,,,,,,,661723,,,1956043,,,487936,3730769,,,,,,,,,,,,,,3749,789101,872672,0
,,,,-2188539,,,6838,台新藥,,,-90314,,,,,,,,,,,,,,,,,,,,3,上市,114,,,,,,0,,,,,,,,,,,,,,,,1510437,,,,1509909,,0,,10.00,161397,1545329,,,,,,,,,1509771,,,595695,,,2278991,2106132,,,,,,,,,,,,,,528,434298,560803,0
,,,,-6053043,,,6854,錼創科技-KY創,,,235826,,,,,,,,,,,,,,,,,,,,3,上市,114,-96178,,,,,0,,,,,,,,,,,,,,,,3624816,,,,3624816,,608000,,30.96,439519,4168450,,,,,,,,,1176786,,,1267549,,,8361425,4892365,,,,,,,,,,,,,,,828030,723915,0
,,,,598046,,,6861,睿生光電,,,-69479,,,,,,,,,,,,,,,,,,,,3,上市,114,,,,,,,,,,,,,,,,,,,,,,1399966,,,,1399966,,0,,33.65,900288,2132800,,,,,,,,,416176,,,1049388,,,455223,2449354,,,,,,,,,,,,,,,149100,316554,48100
,,,,1156522,,,6862,三集瑞-KY,,,-38527,,,,,,,,,,,,,,,,,,,,3,上市,114,,,,,,,,,,,,,,,,,,,,,,2820278,,,,2820278,,0,,56.41,1018954,2205702,,,,,,,,,500000,,,1157098,,,1202283,3977376,,,,,,,,,,,,,,,138144,1771674,0
,,,,1035988,,,6863,永道-KY,,,-347892,,,,,,,,,,,,,,,,,,,,3,上市,114,,,,,,,,,,,,,,,,,,,,,,5711431,,,,5710416,,0,,76.25,1717907,4962059,,,,,,,,,748880,,,2805611,,,4273440,8517042,,,,,,,,,,,,,,1015,1087704,3554983,0
,,,,1620542,,,6869,雲豹能源,,,-14499,,,,,,,,,,,,,,,,,,,,3,上市,114,-277414,,,,,0,,,,,,,,,,,,,,,,6483010,,,,5913235,,1648000,,43.42,5158982,6040545,,,,,,,,,1378300,,,9665220,,,3206306,16148230,,,,,,,,,,,,,,569775,4506238,10107685,0
,,,,1433639,,,6873,泓德能源,,,90102,,,,,,,,,,,,,,,,,,,,3,上市,114,,,,,,0,,,,,,,,,,,,,,,,11920032,,,,10068799,,0,,70.97,6990642,11853395,,,,,,,,,1418724,,,18653211,,,7126334,30573243,,,,,,,,,,,,,,1851233,11662569,18719848,617385
,,,,-859687,,,6885,全福生技,,,-27845,,,,,,,,,,,,,,,,,,,,3,上市,114,,,,,,0,,,,,,,,,,,,,,,,1876704,,,,1803664,,0,,13.54,48758,1334795,,,,,,,,,1332140,,,57654,,,1359056,1934358,,,,,,,,,,,,,,73040,8896,599563,0
,,,,674370,,,6887,寶綠特-KY,,,-86029,,,,,,,,,,,,,,,,,,,,3,上市,114,,,,,,0,,,,,,,,,,,,,,,,2672247,,,,2672247,,0,,36.05,1910768,3677247,,,,,,,,,741195,,,1952066,,,1342711,4624313,,,,,,,,,,,,,,,41298,947066,0
,,,,6079141,,,6890,來億-KY,,,-1713794,,,,,,,,,,,,,,,,,,,,3,上市,114,,,,,,0,,,,,,,,,,,,,,,,23104843,,,,22181882,,0,,88.94,7595194,18313502,,,,,,,,,2494000,,,8157269,,,15322535,31262112,,,,,,,,,,,,,,922961,562075,12948610,0
,,,,-2178144,,,6901,鑽石投資,,,,,,,,,,,,,,,,,,,,,,,3,上市,114,,,,,,,,,,,,,,,,,,,,,,9226483,,,,,,0,,10.83,92786,4289039,,,,,,,,,8519700,,,168322,,,2884927,9394805,,,,,,,,,,,,,,,75536,5105766,0
,,,,-121757,,,6902,GOGOLOOK,,,-4540,,,,,,,,,,,,,,,,,,,,3,上市,114,,,,,,0,,,,,,,,,,,,,,,,651689,,,,651689,,0,,18.43,438228,951568,,,,,,,,,353589,,,559083,,,424397,1210772,,,,,,,,,,,,,,,120855,259204,0
,,,,64311,,,6906,現觀科,,,2291,,,,,,,,,,,,,,,,,,,,3,上市,114,-181485,,,,,0,,,,,,,,,,,,,,,,681716,,,,681716,,1300000,,21.15,142395,822768,,,,,,,,,335374,,,152253,,,461225,833969,,,,,,,,,,,,,,,9858,11201,0
,,,,53928,,,6908,宏碁遊戲-創,0,,-48587,,,,,,,,,,,,,,,,,,,,3,上市,114,,,,,,0,,,,,,,,,,,,,,,,1816117,,,,1092599,,0,,31.22,1698224,2418710,,,,,,,,,350000,,,1914142,,,737258,3730259,,,,,,,,,,,,,,723518,215918,1311549,0
,,,,113810,,,6909,創控,,,-9899,,,,,,,,,,,,,,,,,,,,3,上市,114,,,,,,38000,,,,,,,,,,,,,,,,1009782,,,,,,0,,15.02,136663,1030126,,,,,,,,,672665,,,153372,,,233206,1163154,,,,,,,,,,,,,,,16709,133028,88500
,,,,1244319,,,6914,阜爾運通,,,427,,,,,,,,,,,,,,,,,,,,3,上市,114,,,,,,,,,,,,,,,,,,,,,,3547147,,,,3547147,,0,,53.56,2549271,2145260,,,,,,,,,662260,,,6864862,,,1640141,10412009,,,,,,,,,,,,,,,4315591,8266749,0
,,,,193735,,,6916,華凌,,,-15637,,,,,,,,,,,,,,,,,,,,3,上市,114,,,,,,,,,,,,,,,,,,,,,,1044094,,,,1039396,,0,,15.40,1093777,1211977,,,,,,,,,675000,,,1353665,,,186298,2397759,,,,,,,,,,,,,,4698,259888,1185782,0
,,,,308555,,,6918,愛派司,,,-2347,,,,,,,,,,,,,,,,,,,,3,上市,114,0,,,,,0,,,,,,,,,,,,,,,,1254900,,,,1252171,,0,,36.22,187694,1162362,,,,,,,,,345710,,,273981,,,600253,1528881,,,,,,,,,,,,,,2729,86287,366519,0
,,,,-7730,,,6919,康霈*,,,-144270,,,,,,,,,,,,,,,,,,,,3,上市,114,0,,,,,0,,,,,,,,,,,,,,,,9377079,,,,9377079,,0,,6.03,57797,6611987,,,,,,,,,780269,,,78316,,,8748810,9455395,,,,,,,,,,,,,,,20519,2843408,2980000
,,,,-77596,,,6921,嘉雨思-創,,,0,,,,,,,,,,,,,,,,,,,,3,上市,114,,,,,,,,,,,,,,,,,,,,,,224546,,,,,,0,,7.47,77967,174135,,,,,,,,,300679,,,77967,,,1463,302513,,,,,,,,,,,,,,,,128378,0
,,,,420229,,,6923,中台,,,-33699,,,,,,,,,,,,,,,,,,,,3,上市,114,0,,,,,,,,,,,,,,,,,,,,,2519138,,,,2519138,,0,,27.54,519825,441905,,,,,,,,,914880,,,1536125,,,1217728,4055263,,,,,,,,,,,,,,,1016300,3613358,0
,,,,169933,,,6924,榮惠-KY創,,,-1341,,,,,,,,,,,,,,,,,,,,3,上市,114,,,,,,0,,,,,,,,,,,,,,,,523279,,,,523279,,0,,25.10,500383,978497,,,,,,,,,208500,,,518989,,,146187,1042268,,,,,,,,,,,,,,,18606,63771,0
,,,,103214,,,6928,攸泰科技,,,11795,,,,,,,,,,,,,,,,,,,,3,上市,114,,,,,,0,,,,,,,,,,,,,,,,2081627,,,,2081627,,0,,24.20,586779,2350634,,,,,,,,,860000,,,663606,,,1106618,2745233,,,,,,,,,,,,,,,76827,394599,0
,,,,56892,,,6931,青松健康,,,699,,,,,,,,,,,,,,,,,,,,3,上市,114,,,,,,0,,,,,,,,,,,,,,,,1135286,,,,1111235,,0,,16.80,220667,894622,,,,,,,,,661522,,,1407013,,,392122,2542299,,,,,,,,,,,,,,24051,1186346,1647677,0
,,,,424828,,,6933,AMAX-KY,,,-86531,,,,,,,,,,,,,,,,,,,,3,上市,114,,,,,,0,,,,,,,,,,,,,,,,2154508,,,,2154508,,0,,50.86,1105581,3095757,,,,,,,,,423635,,,1290233,,,1392576,3444741,,,,,,,,,,,,,,,184652,348984,0
,,,,-671069,,,6934,心誠鎂,,,208,,,,,,,,,,,,,,,,,,,,3,上市,114,,,,,,0,,,,,,,,,,,,,,,,266787,,,,266787,,0,,8.15,37119,254461,,,,,,,,,327168,,,87870,,,610480,354657,,,,,,,,,,,,,,,50751,100196,0
,,,,396200,,,6936,永鴻生技,,,,,,,,,,,,,,,,,,,,,,,3,上市,114,,,,,,0,,,,,,,,,,,,,,,,1307134,,,,,,0,,17.95,257669,908423,,,,,,,,,728040,,,276457,,,182894,1583591,,,,,,,,,,,,,,,18788,675168,0
,,,,1062474,,,6937,天虹,,,-12832,,,,,,,,,,,,,,,,,,,,3,上市,114,-31962,,,,,0,,,,,,,,,,,,,,,,3406140,,,,3356062,,180000,,49.80,629061,2872169,,,,,,,,,675763,,,859375,,,1662619,4265515,,,,,,,,,,,,,,50078,230314,1393346,0
,,,,3342514,,,6944,兆聯實業,,,-15723,,,,,,,,,,,,,,,,,,,,3,上市,114,,,,,,0,,,,,,,,,,,,,,,,7161924,,,,7161924,,0,,93.86,5832197,11298683,,,,,,,,,763083,,,6465887,,,3072050,13627811,,,,,,,,,,,,,,,633690,2329128,0
,,,,-1479242,,,6949,沛爾生醫*-創,,,,,,,,,,,,,,,,,,,,,,,3,上市,114,-800,,,,,0,,,,,,,,,,,,,,,,1234067,,,,957190,,40000,,16.29,269372,941200,,,,,,,,,589406,,,385707,,,1847826,1619774,,,,,,,,,,,,,,276877,116335,678574,143000
,,,,281348,,,6951,青新-創,,,,,,,,,,,,,,,,,,,,,,,3,上市,114,,,,,,0,,,,,,,,,,,,,,,,1098043,,,,1098043,,0,,23.87,423707,589514,,,,,,,,,460000,,,456475,,,356695,1554518,,,,,,,,,,,,,,0,32768,965004,0
,,,,284086,,,6952,大武山,0,,,,,,,,,,,,,,,,,,,,,,3,上市,114,-49013,,,,,0,,,,,,,,,,,,,,,,1727624,,,,1385057,,1000000,,20.57,1179090,817380,,,,,,,,,683450,,,2080182,,,466534,3807806,,,,,,,,,,,,,,342567,901092,2990426,0
,,,,94049,,,6955,邦睿生技-創,,,-451,,,,,,,,,,,,,,,,,,,,3,上市,114,,,,,,0,,,,,,,,,,,,,,,,611348,,,,611348,,0,,24.65,45876,597344,,,,,,,,,248008,,,50282,,,269742,661630,,,,,,,,,,,,,,,4406,64286,0
,,,,677062,,,6957,裕慶-KY,,,-90730,,,,,,,,,,,,,,,,,,,,3,上市,114,-120160,,,,,0,,,,,,,,,,,,,,,,2261351,,,,2225936,,684000,,40.60,860254,1908371,,,,,,,,,555130,,,1864556,,,1204634,4125907,,,,,,,,,,,,,,35415,1004302,2217536,0
,,,,149068,,,6958,日盛台駿,,,-152336,,,,,,,,,,,,,,,,,,,,3,上市,114,,,,,,,,,,,,,,,,,,,,,,9423459,,,,9256817,,0,,22.95,53876658,53219847,,,,,,,,,4032894,,,69938953,,,5227191,79362412,,,,,,,,,,,,,,166642,16062295,26142565,0
,,,,9455545,,,6962,奕力-KY,,,-57316,,,,,,,,,,,,,,,,,,,,3,上市,114,,,,,,0,,,,,,,,,,,,,,,,19791845,,,,19791845,,0,,40.19,6409970,12669886,,,,,,,,,4923966,,,7087500,,,5469650,26879345,,,,,,,,,,,,,,,677530,14209459,0
,,,,5606719,,,6965,中傑-KY,,,-1085295,,,,,,,,,,,,,,,,,,,,3,上市,114,,,,,,,,,,,,,,,,,,,,,,11745627,,,,11539200,,0,,73.81,5394759,11546875,,,,,,,,,1563360,,,5800063,,,5454416,17545690,,,,,,,,,,,,,,206427,405304,5998815,0
,,,,-230510,,,6969,成信實業*-創,,,,,,,,,,,,,,,,,,,,,,,3,上市,114,,,,,,0,,,,,,,,,,,,,,,,318851,,,,318851,,0,,8.36,310738,284307,,,,,,,,,549197,,,820022,,,164,1138873,,,,,,,,,,,,,,,509284,854566,0
,,,,-19365,,,6988,威力暘-創,,,-11515,,,,,,,,,,,,,,,,,,,,3,上市,114,,,,,,0,,,,,,,,,,,,,,,,754970,,,,754970,,0,,15.86,246669,787293,,,,,,,,,476000,,,465798,,,309850,1220768,,,,,,,,,,,,,,,219129,433475,0
,,,,147470,,,6994,富威電力,,,161,,,,,,,,,,,,,,,,,,,,3,上市,114,-95624,,,,,0,,,,,,,,,,,,,,,,2527278,,,,2170655,,1802857,,30.14,2011677,2370333,,,,,,,,,738286,,,3964772,,,1380362,6492050,,,,,,,,,,,,,,356623,1953095,4121717,0
,,,,101543,,,7610,聯友金屬-創,,,-1534,,,,,,,,,,,,,,,,,,,,3,上市,114,,,,,,14544,,,,,,,,,,,,,,,,1429184,,,,1429184,,0,,29.42,783373,1531762,,,,,,,,,485855,,,1335790,,,843320,2764974,,,,,,,,,,,,,,,552417,1233212,0
,,,,259985,,,7631,聚賢研發-創,,,-13479,,,,,,,,,,,,,,,,,,,,3,上市,114,,,,,,,,,,,,,,,,,,,,,,765614,,,,765614,,0,,38.67,462565,1158986,,,,,,,,,198000,,,607662,,,321108,1373276,,,,,,,,,,,,,,,145097,214290,0
,,,,316040,,,7705,三商餐飲,,,-6295,,,,,,,,,,,,,,,,,,,,3,上市,114,,,,,,0,,,,,,,,,,,,,,,,1511184,,,,1511086,,0,,22.87,1609932,874671,,,,,,,,,660673,,,2306459,,,540668,3817643,,,,,,,,,,,,,,98,696527,2942972,0
,,,,856079,,,7711,永擎,,,-15084,,,,,,,,,,,,,,,,,,,,3,上市,114,,,,,,,,,,,,,,,,,,,,,,1667346,,,,1667346,,0,,26.73,5216738,6696062,,,,,,,,,623877,,,5228021,,,202474,6895367,,,,,,,,,,,,,,0,11283,199305,0
,,,,107840,,,7721,微程式,,,-2836,,,,,,,,,,,,,,,,,,,,3,上市,114,,,,,,0,,,,,,,,,,,,,,,,1282413,,,,1282413,,0,,23.16,114501,1217587,,,,,,,,,553700,,,281529,,,623709,1563942,,,,,,,,,,,,,,,167028,346355,0
,,,,1454447,,,7722,LINEPAY,,,-6398,,,,,,,,,,,,,,,,,,,,3,上市,114,,,,,,,,,,,,,,,,,,,,,,10640845,,,,10640845,,0,,156.48,7879312,18321778,,,,,,,,,680000,,,9088800,,,8512796,19729645,,,,,,,,,,,,,,,1209488,1407867,0
,,,,344467,,,7730,暉盛-創,,,-275,,,,,,,,,,,,,,,,,,,,3,上市,114,0,,,,,,,,,,,,,,,,,,,,,749791,,,,749791,,0,,21.65,199215,806687,,,,,,,,,346318,,,345380,,,59281,1095171,,,,,,,,,,,,,,0,146165,288484,0
,,,,428340,,,7732,金興精密,,,-19802,,,,,,,,,,,,,,,,,,,,3,上市,114,,,,,,0,,,,,,,,,,,,,,,,1803900,,,,1803900,,0,,27.89,293695,1097288,,,,,,,,,646800,,,333005,,,748562,2136905,,,,,,,,,,,,,,,39310,1039617,0
,,,,2033445,,,7736,虎山,,,-9176,,,,,,,,,,,,,,,,,,,,3,上市,114,-45388,,,,,,,,,,,,,,,,,,,,,3502085,,,,3502085,,425000,,46.34,524446,2718246,,,,,,,,,760000,,,735336,,,763204,4237421,,,,,,,,,,,,,,,210890,1519175,0
,,,,146416,,,7740,熙特爾-創,,,-14359,,,,,,,,,,,,,,,,,,,,3,上市,114,,,,,,,,,,,,,,,,,,,,,,1353589,,,,1186243,,0,,22.30,7789308,8204938,,,,,,,,,532000,,,8097382,,,522186,9450971,,,,,,,,,,,,,,167346,308074,1246033,0
,,,,446342,,,7749,意騰-KY,,,-38890,,,,,,,,,,,,,,,,,,,,3,上市,114,,,,,,0,,,,,,,,,,,,,,,,3578475,,,,3578475,,0,,76.98,274966,3510820,,,,,,,,,464857,,,287077,,,2706166,3865552,,,,,,,,,,,,,,,12111,354732,0
,,,,4126241,,,7750,新代,,,-251058,,,,,,,,,,,,,,,,,,,,3,上市,114,-7125,,,,,,,,,,,,,,,,,,,,,10287417,,,,10287417,,95000,,143.38,4572725,13995518,,,,,,,,,718430,,,5870071,,,5700929,16157488,,,,,,,,,,,,,,,1297346,2161970,0
,,,,637030,,,7760,享溫馨,,,0,,,,,,,,,,,,,,,,,,,,3,上市,114,,,,,,,,,,,,,,,,,,,,,,2003960,,,,,,0,,33.40,269686,361517,,,,,,,,,600000,,,2435681,,,766930,4439641,,,,,,,,,,,,,,,2165995,4078124,0
,,,,441555,,,7765,中華資安,,,37133,,,,,,,,,,,,,,,,,,,,3,上市,114,,,,,,,,,,,,,,,,,,,,,,1967945,,,,,,0,,48.38,618434,2264857,,,,,,,,,406770,,,664309,,,1082487,2632254,,,,,,,,,,,,,,,45875,367397,0
,,,,205404,,,7768,頌勝科技,,,-14612,,,,,,,,,,,,,,,,,,,,3,上市,114,,,,,,0,,,,,,,,,,,,,,,,1747026,,,,1718394,,0,,28.64,1057400,1765439,,,,,,,,,600000,,,1297393,,,927602,3044419,,,,,,,,,,,,,,28632,239993,1278980,0
,,,,16196958,,,7769,鴻勁,,,113319,,,,,,,,,,,,,,,,,,,,3,上市,114,-20933,,,,,,,,,,,,,,,,,,,,,18783744,,,,18783744,,27000,,116.26,15139371,31469800,,,,,,,,,1616000,,,15243343,,,878400,34027087,,,,,,,,,,,,,,,103972,2557287,0
,,,,131410,,,7780,大研生醫*,,,-7513,,,,,,,,,,,,,,,,,,,,3,上市,114,,,,,,0,,,,,,,,,,,,,,,,5348507,,,,5348507,,0,,66.03,288552,5605477,,,,,,,,,810024,,,304807,,,4414586,5653314,,,,,,,,,,,,,,,16255,47837,0
,,,,3590676,,,7786,東方風能,,,,,,,,,,,,,,,,,,,,,,,3,上市,114,,,,,,0,,,,,,,,,,,,,,,,6304949,,,,,,0,,40.27,4454561,4924374,,,,,,,,,1565614,,,6685148,,,1148659,12990097,,,,,,,,,,,,,,,2230587,8065723,0
,,,,1406207,,,7788,松川精密,,,-55432,,,,,,,,,,,,,,,,,,,,3,上市,114,,,,,,,,,,,,,,,,,,,,,,4904112,,,,4900715,,0,,67.49,3053779,5316203,,,,,,,,,726160,,,4483949,,,2823780,9388061,,,,,,,,,,,,,,3397,1430170,4071858,0
,,,,826954,,,7791,皇家可口,,,1297594,,,,,,,,,,,,,,,,,,,,3,上市,114,,,,,,,,,,,,,,,,,,,,,,2837144,,,,2837144,,0,,40.53,997309,1113420,,,,,,,,,700000,,,1245287,,,12596,4082431,,,,,,,,,,,,,,0,247978,2969011,0
,,,,594215,,,7795,長廣,,,-379496,,,,,,,,,,,,,,,,,,,,3,上市,114,,,,,,,,,,,,,,,,,,,,,,1523662,,,,1523662,,0,,21.51,847481,2324834,,,,,,,,,708285,,,1123681,,,600658,2647343,,,,,,,,,,,,,,,276200,322509,0
,,,,-399101,,,7799,禾榮科,,,,,,,,,,,,,,,,,,,,,,,3,上市,114,,,,,,0,,,,,,,,,,,,,,,,12107408,,,,,,0,,76.87,25612,11547482,,,,,,,,,1575120,,,51284,,,10931389,12158692,,,,,,,,,,,,,,,25672,611210,1024500
,,,,-273916,,,7803,雲象科技-創,,,-1728,,,,,,,,,,,,,,,,,,,,3,上市,114,0,,,,,0,,,,,,,,,,,,,,,,660625,,,,660625,,0,,7.43,65005,627552,,,,,,,,,888589,,,84122,,,47680,744747,,,,,,,,,,,,,,,19117,117195,0
,,,,4953077,,,7818,溢泰實業,,,153558,,,,,,,,,,,,,,,,,,,,3,上市,114,,,,,,,,,,,,,,,,,,,,,,7558752,,,,7558752,,0,,50.41,5148174,8297163,,,,,,,,,1499460,,,6857148,,,952657,14415900,,,,,,,,,,,,,,0,1708974,6118737,0
,,,,308725,,,7821,神數,0,,26545,,,,,,,,,,,,,,,,,,,,3,上市,114,,,,,,0,,,,,,,,,,,,,,,,2020431,,,,2020431,,0,,18.47,3912578,5666250,,,,,,,,,1094133,,,4162992,,,591028,6183423,,,,,,,,,,,,,,,250414,517173,0
,,,,366860,,,7822,倍利科,,,,,,,,,,,,,,,,,,,,,,,3,上市,114,,,,,,,,,,,,,,,,,,,,,,805711,,,,797467,,0,,19.19,1310122,1973433,,,,,,,,,415608,,,1363490,,,14999,2169201,,,,,,,,,,,,,,8244,53368,195768,0
,,,,-40838,,,7823,奧義賽博-KY創,0,,9627,,,,,,,,,,,,,,,,,,,,3,上市,114,,,,,,,,,,,,,,,,,,,,,,291914,,,,291914,,0,,9.23,257919,542962,,,,,,,,,316289,,,311219,,,6836,603133,,,,,,,,,,,,,,,53300,60171,0
,,,,-2986749,,,7827,漢康-KY創,,,-135894,,,,,,,,,,,,,,,,,,,,3,上市,114,-73,,,,,0,,,,,,,,,,,,,,,,1066344,,,,761894,,195360,,5.86,261429,1238692,,,,,,,,,1301358,,,261429,,,2583252,1327773,,,,,,,,,,,,,,304450,0,89081,0
,,,,320449,,,8011,台通,,,-892,,,,,,,,,,,,,,,,,,,,3,上市,114,0,,,,,,,,,,,,,,,,,,,,,3873397,,,,3194995,,0,,19.26,1590154,1851568,,,,,,,,,1659219,,,3208778,,,1216219,7082175,,,,,,,,,,,,,,678402,1618624,5230607,0
,,,,8290555,,,8016,矽創,,,145705,,,,,,,,,,,,,,,,,,,,3,上市,114,-106197,,,,,,,,,,,,,,,,,,,,,15693771,,,,11596006,,1191000,,97.49,5167741,15191194,,,,,,,,,1201369,,,5491043,,,2064574,21184814,,,,,,,,,,,,,,4097765,323302,5993620,0
,,,,2218203,,,8021,尖點,,,-348002,,,,,,,,,,,,,,,,,,,,3,上市,114,-22286,,,,,,,,,,,,,,,,,,,,,5073303,,,,4498592,,808000,,31.82,1891268,4737242,,,,,,,,,1421805,,,2281399,,,1228872,7354702,,,,,,,,,,,,,,574711,390131,2617460,0
,,,,1162279,,,8028,昇陽半導體,,,,,,,,,,,,,,,,,,,,,,,3,上市,114,,,,,,0,,,,,,,,,,,,,,,,4726118,,,,,,0,,27.15,1582136,2207554,,,,,,,,,1740737,,,6003890,,,1823102,10730008,,,,,,,,,,,,,,,4421754,8522454,0
,,,,-427891,,,8033,雷虎,,,11783,,,,,,,,,,,,,,,,,,,,3,上市,114,,,,,,,,,,,,,,,,,,,,,,2071493,,,,1882407,,0,,12.33,568445,1774518,,,,,,,,,1526298,,,922219,,,772217,2993712,,,,,,,,,,,,,,189086,353774,1219194,0
,,,,5363227,,,8039,台虹,,,70738,,,,,,,,,,,,,,,,,,,,3,上市,114,,,,,,,,,,,,,,,,,,,,,,10673060,,,,10588017,,0,,40.30,3141043,8713474,,,,,,,,,2627430,,,3816316,,,2526622,14489376,,,,,,,,,,,,,,85043,675273,5775902,5976995
,,,,240786,,,8045,達運光電,,,-21838,,,,,,,,,,,,,,,,,,,,3,上市,114,,,,,,0,,,,,,,,,,,,,,,,1979191,,,,1979000,,0,,20.83,390329,1996944,,,,,,,,,950270,,,610467,,,809782,2589658,,,,,,,,,,,,,,191,220138,592714,28000
,,,,21286271,,,8046,南電,,,-1465598,,,,,,,,,,,,,,,,,,,,3,上市,114,,,,,,0,,,,,,,,,,,,,,,,44407969,,,,44407969,,0,,68.73,6411104,21000186,,,,,,,,,6461655,,,15078555,,,18125641,59486524,,,,,,,,,,,,,,,8667451,38486338,0
,,,,5303724,,,8070,長華*,,,6537931,,,,,,,,,,,,,,,,,,,,3,上市,114,-717661,,,,,,,,,,,,,,,,,,,,,22489527,,,,18015771,,20865529,,25.56,9039034,19133663,,,,,,,,,725648,,,17918486,,,6166129,40408013,,,,,,,,,,,,,,4473756,8879452,21274350,0
,,,,1433330,,,8072,陞泰,,,-1674,,,,,,,,,,,,,,,,,,,,3,上市,114,,,,,,,,,,,,,,,,,,,,,,2328958,,,,2249217,,0,,28.12,208227,1584887,,,,,,,,,800000,,,241479,,,17561,2570437,,,,,,,,,,,,,,79741,33252,985550,0
,,,,4927758,,,8081,致新,,,465974,,,,,,,,,,,,,,,,,,,,3,上市,114,-47131,,,,,0,,,,,,,,,,,,,,,,8929558,,,,7639125,,443433,,89.11,1893124,7734233,,,,,,,,,861721,,,2204229,,,1430803,11133787,,,,,,,,,,,,,,1290433,311105,3399554,0
,,,,-308941,,,8101,華冠,,,-26021,,,,,,,,,,,,,,,,,,,,3,上市,114,,,,,,,,,,,,,,,,,,,,,,276219,,,,250044,,0,,5.38,231885,144023,,,,,,,,,482622,,,270689,,,102384,546908,,,,,,,,,,,,,,26175,38804,402885,8000000
,,,,2013300,,,8103,瀚荃,,,-279930,,,,,,,,,,,,,,,,,,,,3,上市,114,-93009,,,,,,,,,,,,,,,,,,,,,3458278,,,,3455030,,2000000,,38.27,1601537,4288462,,,,,,,,,784367,,,2063972,,,1030302,5522250,,,,,,,,,,,,,,3248,462435,1233788,0
,,,,325448,,,8104,錸寶,,,-32615,,,,,,,,,,,,,,,,,,,,3,上市,114,-51486,,,,,,,,,,,,,,,,,,,,,2855068,,,,2532765,,1000000,,27.94,2281432,3031325,,,,,,,,,974660,,,4856375,,,1316758,7711443,,,,,,,,,,,,,,322303,2574943,4680118,4908
,,,,755751,,,8105,凌巨,,,-101729,,,,,,,,,,,,,,,,,,,,3,上市,114,,,,,,,,,,,,,,,,,,,,,,7688453,,,,7688453,,0,,17.41,2733940,5080014,,,,,,,,,4415449,,,3001334,,,2618982,10689787,,,,,,,,,,,,,,,267394,5609773,0
,,,,4685472,,,8110,華東,,,967192,,,,,,,,,,,,,,,,,,,,3,上市,114,-182552,,,,,,,,,,,,,,,,,,,,,11115622,,,,11115622,,10028000,,21.89,2523211,6565010,,,,,,,,,5177399,,,4309224,,,468111,15424846,,,,,,,,,,,,,,0,1786013,8859836,0
,,,,4629538,,,8112,至上,,,-446668,,,,,,,,,,,,,,,,,,,,3,上市,114,-112193,,,,,,,,,,,,,,,,,,,,,18128896,,,,16943982,,3000000,,30.68,31184080,59301194,,,,,,,,,5552917,,,42779248,,,7320388,60908144,,,,,,,,,,,,,,1184914,11595168,1606950,0
,,,,3924793,,,8114,振樺電,,,-220399,,,,,,,,,,,,,,,,,,,,3,上市,114,,,,,,0,,,,,,,,,,,,,,,,13933665,,,,9926877,,0,,92.29,4182055,10438341,,,,,,,,,1075649,,,4899561,,,5146834,18833226,,,,,,,,,,,,,,4006788,717506,8394885,27000
,,,,5589037,,,8131,福懋科,,,-1576290,,,,,,,,,,,,,,,,,,,,3,上市,114,,,,,,0,,,,,,,,,,,,,,,,10846655,,,,,,0,,24.53,1086048,8998320,,,,,,,,,4422222,,,1574844,,,2411686,12421499,,,,,,,,,,,,,,,488796,3423179,0
,,,,10606680,,,8150,南茂,,,89548,,,,,,,,,,,,,,,,,,,,3,上市,114,-482388,,,,,0,,,,,,,,,,,,,,,,23371241,,,,23371241,,17270000,,33.39,9324235,23067233,,,,,,,,,7172401,,,19574387,,,5985000,42945628,,,,,,,,,,,,,,,10250152,19878395,0
,,,,530341,,,8162,微矽電子-創,,,-238,,,,,,,,,,,,,,,,,,,,3,上市,114,,,,,,0,,,,,,,,,,,,,,,,1479545,,,,,,0,,21.54,346279,746102,,,,,,,,,687020,,,1086390,,,262422,2565935,,,,,,,,,,,,,,,740111,1819833,0
,,,,3583668,,,8163,達方,,,-259662,,,,,,,,,,,,,,,,,,,,3,上市,114,-89024,,,,,,,,,,,,,,,,,,,,,12823146,,,,10151532,,4000000,,36.78,15242109,20749398,,,,,,,,,2800000,,,20525622,,,4116550,33348768,,,,,,,,,,,,,,2671614,5283513,12599370,0
,,,,-58235,,,8201,無敵,,,-103846,,,,,,,,,,,,,,,,,,,,3,上市,114,,,,,,,,,,,,,,,,,,,,,,461582,,,,461582,,0,,7.40,136143,445153,,,,,,,,,623663,,,176563,,,0,638145,,,,,,,,,,,,,,,40420,192992,0
,,,,7273076,,,8210,勤誠,,,-547107,,,,,,,,,,,,,,,,,,,,3,上市,114,,,,,,0,,,,,,,,,,,,,,,,9703341,,,,9550747,,0,,78.56,9677112,14311380,,,,,,,,,1253192,,,11195011,,,1571586,20898352,,,,,,,,,,,,,,152594,1517899,6586972,0
,,,,10770391,,,8213,志超,,,-1296230,,,,,,,,,,,,,,,,,,,,3,上市,114,,,,,,0,,,,,,,,,,,,,,,,15670010,,,,15062280,,0,,55.53,12244016,20571930,,,,,,,,,2712425,,,14171043,,,2875694,29841053,,,,,,,,,,,,,,607730,1927027,9269123,0
,,,,2067353,,,8215,明基材,,,-114303,,,,,,,,,,,,,,,,,,,,3,上市,114,,,,,,0,,,,,,,,,,,,,,,,7755945,,,,5353151,,0,,16.69,8214564,8808436,,,,,,,,,3206745,,,15295885,,,193356,23051830,,,,,,,,,,,,,,2402794,7081321,14243394,0
,,,,136167,,,8222,寶一,,,0,,,,,,,,,,,,,,,,,,,,3,上市,114,,,,,,,,,,,,,,,,,,,,,,875166,,,,,,0,,12.76,559008,1058586,,,,,,,,,685735,,,1238595,,,53264,2113761,,,,,,,,,,,,,,,679587,1055175,0
,,,,2295963,,,8249,菱光,,,3503821,,,,,,,,,,,,,,,,,,,,3,上市,114,-95155,,,,,0,,,,,,,,,,,,,,,,8198030,,,,8197814,,2837800,,60.73,2326289,4153141,,,,,,,,,1378245,,,2447201,,,1114940,10645231,,,,,,,,,,,,,,216,120912,6492090,0
,,,,1600384,,,8261,富鼎,,,-78392,,,,,,,,,,,,,,,,,,,,3,上市,114,,,,,,,,,,,,,,,,,,,,,,5726018,,,,5726195,,0,,48.17,756717,5427515,,,,,,,,,1188784,,,759448,,,3015419,6485466,,,,,,,,,,,,,,-177,2731,1057951,0
,,,,2299791,,,8271,宇瞻,,,-95814,,,,,,,,,,,,,,,,,,,,3,上市,114,,,,,,0,,,,,,,,,,,,,,,,4712333,,,,4599765,,0,,35.90,2446861,5862614,,,,,,,,,1281292,,,2546795,,,1114496,7259128,,,,,,,,,,,,,,112568,99934,1396514,0
,,,,1355715,,,8341,日友,,,-229317,,,,,,,,,,,,,,,,,,,,3,上市,114,,,,,,0,,,,,,,,,,,,,,,,5482379,,,,5014825,,0,,38.58,1033697,1700834,,,,,,,,,1300000,,,4362183,,,2588427,9844562,,,,,,,,,,,,,,467554,3328486,8143728,0
,,,,1617729,,,8367,建新國際,,,-12367,,,,,,,,,,,,,,,,,,,,3,上市,114,,,,,,,,,,,,,,,,,,,,,,4618874,,,,3329339,,0,,36.12,2464264,1996641,,,,,,,,,921720,,,12518994,,,802257,17137868,,,,,,,,,,,,,,1289535,10054730,15141227,0
,,,,634238,,,8374,羅昇,,,-43227,,,,,,,,,,,,,,,,,,,,3,上市,114,,,,,,0,,,,,,,,,,,,,,,,2972797,,,,2092585,,0,,18.64,1340301,2973662,,,,,,,,,1122505,,,2106058,,,379069,5078855,,,,,,,,,,,,,,880212,765757,2105193,0
,,,,2331011,,,8404,百和興業-KY,,,-846788,,,,,,,,,,,,,,,,,,,,3,上市,114,,,,,,,,,,,,,,,,,,,,,,6699628,,,,6699133,,0,,15.95,8144525,6531883,,,,,,,,,4199338,,,11898507,,,1015572,18598135,,,,,,,,,,,,,,495,3753982,12066252,0
,,,,1686214,,,8411,福貞-KY,,,-950448,,,,,,,,,,,,,,,,,,,,3,上市,114,,,,,,0,,,,,,,,,,,,,,,,5656954,,,,5509687,,0,,25.23,5032258,5886523,,,,,,,,,2184043,,,7788661,,,2589878,13445615,,,,,,,,,,,,,,147267,2756403,7559092,0
,,,,4500069,,,8422,可寧衛*,,,-14530,,,,,,,,,,,,,,,,,,,,3,上市,114,,,,,,0,,,,,,,,,,,,,,,,8311741,,,,7234950,,0,,64.55,3981085,4987281,,,,,,,,,1136796,,,13271260,,,1612615,21583001,,,,,,,,,,,,,,1076791,9290175,16595720,0
,,,,3289947,,,8429,金麗-KY,,,-711651,,,,,,,,,,,,,,,,,,,,3,上市,114,,,,,,,,,,,,,,,,,,,,,,6053734,,,,6053220,,0,,32.59,103488,5915900,,,,,,,,,1857472,,,671486,,,1617452,6725220,,,,,,,,,,,,,,514,567998,809320,0
,,,,562510,,,8438,昶昕,,,-52038,,,,,,,,,,,,,,,,,,,,3,上市,114,,,,,,,,,,,,,,,,,,,,,,1830718,,,,1830718,,0,,26.17,800593,1183674,,,,,,,,,699430,,,1087278,,,620816,2917996,,,,,,,,,,,,,,,286685,1734322,0
,,,,1516735,,,8442,威宏-KY,,,-204542,,,,,,,,,,,,,,,,,,,,3,上市,114,,,,,,0,,,,,,,,,,,,,,,,3563749,,,,3563749,,0,,50.79,2863151,5390615,,,,,,,,,701698,,,3485626,,,1549858,7049375,,,,,,,,,,,,,,,622475,1658760,0
,,,,-76071,,,8443,阿瘦,,,0,,,,,,,,,,,,,,,,,,,,3,上市,114,,,,,,0,,,,,,,,,,,,,,,,688151,,,,688151,,0,,10.30,666867,801146,,,,,,,,,668000,,,984504,,,96222,1672655,,,,,,,,,,,,,,0,317637,871509,0
,,,,4577549,,,8454,富邦媒,,,-170315,,,,,,,,,,,,,,,,,,,,3,上市,114,,,,,,,,,,,,,,,,,,,,,,8864370,,,,8780566,,0,,33.14,14296022,9574728,,,,,,,,,2649753,,,16594141,,,1723579,25458511,,,,,,,,,,,,,,83804,2298119,15883783,0
,,,,603098,,,8462,柏文,,,-33232,,,,,,,,,,,,,,,,,,,,3,上市,114,0,,,,,4000,,,,,,,,,,,,,,,,2153224,,,,2142153,,0,,27.02,2821733,1655073,,,,,,,,,792921,,,9081323,,,779366,11234547,,,,,,,,,,,,,,11071,6259590,9579474,0
,,,,417740,,,8463,潤泰材,,,-211697,,,,,,,,,,,,,,,,,,,,3,上市,114,,,,,,0,,,,,,,,,,,,,,,,3005220,,,,2452061,,0,,16.35,3850493,3565747,,,,,,,,,1500000,,,6936913,,,746018,9942133,,,,,,,,,,,,,,553159,3086420,6376386,0
,,,,20153511,,,8464,億豐,,,-335970,,,,,,,,,,,,,,,,,,,,3,上市,114,,,,,,,,,,,,,,,,,,,,,,27842500,,,,27319750,,0,,93.24,5399176,22595523,,,,,,,,,2930202,,,8633376,,,4572007,36475876,,,,,,,,,,,,,,522750,3234200,13880353,0
,,,,781905,,,8466,美吉吉-KY,,,-155831,,,,,,,,,,,,,,,,,,,,3,上市,114,-21450,,,,,,,,,,,,,,,,,,,,,2999522,,,,2999522,,380000,,37.76,1265918,3043835,,,,,,,,,798256,,,3424047,,,1596642,6423569,,,,,,,,,,,,,,0,2158129,3379734,0
,,,,1742771,,,8467,波力-KY,,,-345698,,,,,,,,,,,,,,,,,,,,3,上市,114,0,,,,,,,,,,,,,,,,,,,,,2826724,,,,2832117,,0,,56.22,1113595,2946981,,,,,,,,,503736,,,1729925,,,931308,4556649,,,,,,,,,,,,,,-5393,616330,1609668,0
,,,,485558,,,8473,山林水,,,-102215,,,,,,,,,,,,,,,,,,,,3,上市,114,,,,,,0,,,,,,,,,,,,,,,,8063232,,,,6728547,,0,,37.20,4571931,6633131,,,,,,,,,1808524,,,8101396,,,4536680,16164628,,,,,,,,,,,,,,1334685,3529465,9531497,0
,,,,631124,,,8476,台境*,,,-11773,,,,,,,,,,,,,,,,,,,,3,上市,114,-108372,,,,,0,,,,,,,,,,,,,,,,1830053,,,,1794575,,4952000,,11.13,1799869,3119564,,,,,,,,,831132,,,2023199,,,452464,3853252,,,,,,,,,,,,,,35478,223330,733688,0
,,,,4334862,,,8478,東哥遊艇,,,-28210,,,,,,,,,,,,,,,,,,,,3,上市,114,0,,,,,,,,,,,,,,,,,,,,,8553523,,,,8553523,,0,,91.02,2697697,11548646,,,,,,,,,939723,,,6858997,,,3307148,15412520,,,,,,,,,,,,,,,4161300,3863874,0
,,,,888419,,,8481,政伸,0,,-66085,,,,,,,,,,,,,,,,,,,,3,上市,114,,,,,,,,,,,,,,,,,,,,,,1635248,,,,1635248,,0,,24.55,188107,1296720,,,,,,,,,666019,,,193968,,,146895,1829216,,,,,,,,,,,,,,0,5861,532496,0
,,,,1159815,,,8482,商億-KY,,,-328359,,,,,,,,,,,,,,,,,,,,3,上市,114,-262436,,,,,,,,,,,,,,,,,,,,,2986991,,,,2912199,,2361000,,27.71,1475280,2043568,,,,,,,,,1074440,,,1490165,,,1268739,4477156,,,,,,,,,,,,,,74792,14885,2433588,0
,,,,162297,,,8487,愛爾達-創,,,,,,,,,,,,,,,,,,,,,,,3,上市,114,,,,,,,,,,,,,,,,,,,,,,643323,,,,,,0,,24.24,295066,893452,,,,,,,,,265350,,,345031,,,215676,988354,,,,,,,,,,,,,,,49965,94902,0
,,,,318132,,,8488,吉源-KY,,,-478922,,,,,,,,,,,,,,,,,,,,3,上市,114,,,,,,0,,,,,,,,,,,,,,,,2268528,,,,2268528,,0,,30.86,2005247,2190368,,,,,,,,,735000,,,2537496,,,1694318,4806024,,,,,,,,,,,,,,,532249,2615656,0
,,,,2480274,,,8499,鼎炫-KY,,,-359060,,,,,,,,,,,,,,,,,,,,3,上市,114,0,,,,,,,,,,,,,,,,,,,,,11292197,,,,7697032,,0,,186.98,2623432,7939698,,,,,,,,,411656,,,3988354,,,5164162,15280551,,,,,,,,,,,,,,3595165,1364922,7340853,0
,,,,5318495,,,8926,台汽電,,,-48381,,,,,,,,,,,,,,,,,,,,3,上市,114,,,,,,,,,,,,,,,,,,,,,,15358362,,,,15358362,,0,,21.03,8576474,7582828,,,,,,,,,7302820,,,15178709,,,2785428,30537071,,,,,,,,,,,,,,0,6602235,22954243,0
,,,,-76291,,,8940,新天地,,,,,,,,,,,,,,,,,,,,,,,3,上市,114,,,,,,,,,,,,,,,,,,,,,,814423,,,,726082,,0,,10.76,369675,288822,,,,,,,,,674910,,,1172827,,,127463,1987250,,,,,,,,,,,,,,88341,803152,1698428,0
,,,,1472807,,,8996,高力,,,86339,,,,,,,,,,,,,,,,,,,,3,上市,114,-118088,,,,,,,,,,,,,,,,,,,,,3773352,,,,3771946,,500000,,41.11,2603436,4585456,,,,,,,,,922483,,,3254777,,,1408405,7028129,,,,,,,,,,,,,,1406,651341,2442673,0
,,,,6165880,,,9802,鈺齊-KY,,,-1525108,,,,,,,,,,,,,,,,,,,,3,上市,114,0,,,,,0,,,,,,,,,,,,,,,,13273491,,,,13256317,,0,,65.95,5280104,8918214,,,,,,,,,2009917,,,7671351,,,6605628,20944842,,,,,,,,,,,,,,17174,2391247,12026628,0
,,,,229808,,,9902,台火,,,0,,,,,,,,,,,,,,,,,,,,3,上市,114,0,,,,,,,,,,,,,,,,,,,,,1263442,,,,1259841,,0,,12.85,60250,603893,,,,,,,,,980496,,,94386,,,49537,1357828,,,,,,,,,,,,,,3601,34136,753935,0
,,,,118120710,,,9904,寶成,,,-17017733,,,,,,,,,,,,,,,,,,,,3,上市,114,,,,,,,,,,,,,,,,,,,,,,213536165,,,,135088682,,0,,45.84,83393897,160705430,,,,,,,,,29467872,,,132643675,,,4517833,346179840,,,,,,,,,,,,,,78447483,49249778,185474410,0
,,,,4328762,,,9905,大華,,,384760,,,,,,,,,,,,,,,,,,,,3,上市,114,0,,,,,0,,,,,,,,,,,,,,,,8039950,,,,7787953,,0,,25.53,3030296,9444619,,,,,,,,,3050000,,,3485243,,,24431,11525193,,,,,,,,,,,,,,251997,454947,2080574,0
,,,,38934,,,9906,欣巴巴,,,0,,,,,,,,,,,,,,,,,,,,3,上市,114,,,,,,,,,,,,,,,,,,,,,,1157850,,,,1157850,,0,,12.81,6506681,8979711,,,,,,,,,903763,,,7888801,,,215153,9046651,,,,,,,,,,,,,,,1382120,66940,0
,,,,6205122,,,9907,統一實,,,-2156656,,,,,,,,,,,,,,,,,,,,3,上市,114,,,,,,0,,,,,,,,,,,,,,,,20938225,,,,20072987,,0,,12.71,7023556,15259030,,,,,,,,,15791453,,,13271664,,,233068,34209889,,,,,,,,,,,,,,865238,6248108,18950859,0
,,,,5913999,,,9908,大台北,,,2510587,,,,,,,,,,,,,,,,,,,,3,上市,114,-17944,,,,,,,,,,,,,,,,,,,,,15120994,,,,13699393,,15493101,,27.35,2314732,7664989,,,,,,,,,5163580,,,5640290,,,129171,20761284,,,,,,,,,,,,,,1421601,3325558,13096295,0
,,,,15128039,,,9910,豐泰,,,-1655615,,,,,,,,,,,,,,,,,,,,3,上市,114,,,,,,,,,,,,,,,,,,,,,,25297146,,,,23393621,,0,,23.69,16200986,23597743,,,,,,,,,9874828,,,26068191,,,46369,51365337,,,,,,,,,,,,,,1903525,9867205,27767594,0
,,,,4052773,,,9911,櫻花,,,-70255,,,,,,,,,,,,,,,,,,,,3,上市,114,-21248,,,,,,,,,,,,,,,,,,,,,6504106,,,,6429584,,2312932,,29.22,3299591,5666004,,,,,,,,,2223896,,,4037260,,,244418,10541366,,,,,,,,,,,,,,74522,737669,4875362,0
,,,,-101463,,,9912,偉聯,,,-96684,,,,,,,,,,,,,,,,,,,,3,上市,114,0,,,,,0,,,,,,,,,,,,,,,,388627,,,,377412,,0,,6.97,400502,402957,,,,,,,,,541706,,,422000,,,33853,810627,,,,,,,,,,,,,,11215,21498,407670,0
,,,,15314741,,,9914,美利達,,,-455798,,,,,,,,,,,,,,,,,,,,3,上市,114,,,,,,,,,,,,,,,,,,,,,,19472177,,,,19000415,,0,,63.55,12025874,16716931,,,,,,,,,2989838,,,16652936,,,1151634,36125113,,,,,,,,,,,,,,471762,4627062,19408182,0
,,,,7569713,,,9917,中保科,,,-199173,,,,,,,,,,,,,,,,,,,,3,上市,114,-215966,,,,,,,,,,,,,,,,,,,,,13298475,,,,12838592,,7145805,,28.91,8138430,10144658,,,,,,,,,4511971,,,16472973,,,1172047,29771448,,,,,,,,,,,,,,459883,8334543,19626790,0
,,,,1408907,,,9918,欣天然,,,0,,,,,,,,,,,,,,,,,,,,3,上市,114,-46828,,,,,0,,,,,,,,,,,,,,,,3254880,,,,3254880,,2527863,,18.28,993473,2027254,,,,,,,,,1805375,,,2528972,,,87426,5783852,,,,,,,,,,,,,,0,1535499,3756598,0
,,,,220147,,,9919,康那香,,,62271,,,,,,,,,,,,,,,,,,,,3,上市,114,,,,,,0,,,,,,,,,,,,,,,,2263035,,,,2263035,,0,,11.58,1236321,2803525,,,,,,,,,1953628,,,3890506,,,26989,6153541,,,,,,,,,,,,,,,2654185,3350016,0
,,,,26421286,,,9921,巨大,,,-1871867,,,,,,,,,,,,,,,,,,,,3,上市,114,,,,,,,,,,,,,,,,,,,,,,36063568,,,,33276230,,0,,84.87,26934054,46037845,,,,,,,,,3920654,,,33801143,,,4806157,69864711,,,,,,,,,,,,,,2787338,6867089,23826866,0
,,,,4853008,,,9924,福興,,,-160251,,,,,,,,,,,,,,,,,,,,3,上市,114,,,,,,0,,,,,,,,,,,,,,,,6817664,,,,6767488,,0,,44.89,1681803,4939407,,,,,,,,,1507617,,,2031118,,,567114,8848782,,,,,,,,,,,,,,50176,349315,3909375,0
,,,,5808254,,,9925,新保,,,2318540,,,,,,,,,,,,,,,,,,,,3,上市,114,-39521,,,,,,,,,,,,,,,,,,,,,13228186,,,,12119816,,3283811,,31.55,5225618,9948137,,,,,,,,,3874896,,,5918294,,,157647,19146480,,,,,,,,,,,,,,1108370,692676,9198343,0
,,,,1668041,,,9926,新海,,,712567,,,,,,,,,,,,,,,,,,,,3,上市,114,,,,,,,,,,,,,,,,,,,,,,4175649,,,,4175649,,0,,23.26,2255323,3586264,,,,,,,,,1795041,,,4571735,,,,8747384,,,,,,,,,,,,,,,2316412,5161120,0
,,,,3686730,,,9927,泰銘,,,-523527,,,,,,,,,,,,,,,,,,,,3,上市,114,,,,,,,,,,,,,,,,,,,,,,5366445,,,,5338533,,0,,44.49,842428,5492601,,,,,,,,,1200000,,,1130036,,,975330,6496481,,,,,,,,,,,,,,27912,287608,1003880,0
,,,,1048291,,,9928,中視,,,322412,,,,,,,,,,,,,,,,,,,,3,上市,114,,,,,,,,,,,,,,,,,,,,,,2145834,,,,2145805,,0,,30.34,1680818,300606,,,,,,,,,707246,,,3111363,,,67856,5257197,,,,,,,,,,,,,,29,1430545,4956591,0
,,,,-78328,,,9929,秋雨,,,-157764,,,,,,,,,,,,,,,,,,,,3,上市,114,,,,,,,,,,,,,,,,,,,,,,792900,,,,776708,,0,,7.67,334409,497303,,,,,,,,,1012800,,,998366,,,,1791266,,,,,,,,,,,,,,16192,663957,1293963,0
,,,,3833908,,,9930,中聯資源,,,-184694,,,,,,,,,,,,,,,,,,,,3,上市,114,,,,,,,,,,,,,,,,,,,,,,6519330,,,,6297016,,0,,25.34,2268810,2779509,,,,,,,,,2485404,,,4825687,,,162398,11345017,,,,,,,,,,,,,,222314,2556877,8565508,0
,,,,1303039,,,9931,欣高,,,584718,,,,,,,,,,,,,,,,,,,,3,上市,114,,,,,,0,,,,,,,,,,,,,,,,3201712,,,,3121563,,0,,25.93,2210829,2142941,,,,,,,,,1203693,,,3292513,,,30113,6494225,,,,,,,,,,,,,,80149,1081684,4351284,0
,,,,4834578,,,9933,中鼎,,,-2710693,,,,,,,,,,,,,,,,,,,,3,上市,114,-11835,,,,,40726,,,,,,,,,,,,,,,,22575201,,,,17600011,,1383632,,19.75,62883272,64262440,,,,,,,,,8926932,,,93221527,,,6561029,115796728,,,,,,,,,,,,,,4975190,30338255,51534288,0
,,,,1206758,,,9934,成霖,,,-583881,,,,,,,,,,,,,,,,,,,,3,上市,114,,,,,,,,,,,,,,,,,,,,,,5730218,,,,5730218,,0,,13.94,7895340,10019311,,,,,,,,,4110170,,,10100373,,,997171,15830591,,,,,,,,,,,,,,,2205033,5811280,0
,,,,793497,,,9935,慶豐富,,,-235428,,,,,,,,,,,,,,,,,,,,3,上市,114,-40130,,,,,,,,,,,,,,,,,,,,,2407426,,,,2407426,,1946000,,13.69,2510031,3806868,,,,,,,,,1778389,,,5190918,,,111098,7598344,,,,,,,,,,,,,,,2680887,3791476,0
,,,,2475693,,,9937,全國,0,,69031,,,,,,,,,,,,,,,,,,,,3,上市,114,0,,,,,0,,,,,,,,,,,,,,,,5659221,,,,5659221,,0,,18.31,4351277,673212,,,,,,,,,3090430,,,6316925,,,24067,11976146,,,,,,,,,,,,,,0,1965648,11302934,0
,,,,9369492,,,9938,百和,,,-430935,,,,,,,,,,,,,,,,,,,,3,上市,114,,,,,,0,,,,,,,,,,,,,,,,16021003,,,,12660436,,0,,42.49,10588525,11921402,,,,,,,,,2979639,,,16476033,,,742240,32497036,,,,,,,,,,,,,,3360567,5887508,20575634,0
,,,,11827456,,,9939,宏全,,,-3424136,,,,,,,,,,,,,,,,,,,,3,上市,114,,,,,,,,,,,,,,,,,,,,,,18970593,,,,18170033,,0,,61.43,12895390,16397533,,,,,,,,,2957865,,,26720577,,,6808848,45691170,,,,,,,,,,,,,,800560,13825187,29293637,0
,,,,5616865,,,9940,信義,,,-923178,,,,,,,,,,,,,,,,,,,,3,上市,114,,,,,,,,,,,,,,,,,,,,,,12251220,,,,12126135,,0,,16.46,5618840,17745585,,,,,,,,,7368465,,,19255913,,,63983,31507133,,,,,,,,,,,,,,125085,13637073,13761548,0
,,,,18279460,,,9941,裕融,,,-570216,,,,,,,,,,,,,,,,,,,,3,上市,114,,,,,,,,,,,,,,,,,,,,,,39420784,,,,39001859,,0,,57.73,234872880,234070956,,,,,,,,,6756363,,,243749473,,,14536252,283170257,,,,,,,,,,,,,,418925,8876593,49099301,0
,,,,3190066,,,9942,茂順,,,-220965,,,,,,,,,,,,,,,,,,,,3,上市,114,,,,,,0,,,,,,,,,,,,,,,,4019385,,,,4015457,,0,,48.29,795044,3067195,,,,,,,,,831613,,,1303709,,,214743,5323094,,,,,,,,,,,,,,3928,508665,2255899,0
,,,,2535012,,,9943,好樂迪,,,-53889,,,,,,,,,,,,,,,,,,,,3,上市,114,0,,,,,0,,,,,,,,,,,,,,,,3753135,,,,3733122,,0,,29.82,676432,1315802,,,,,,,,,1251715,,,1555041,,,284,5308176,,,,,,,,,,,,,,20013,878609,3992374,0
,,,,2028806,,,9944,新麗,0,,-6549,,,,,,,,,,,,,,,,,,,,3,上市,114,0,,,,,0,,,,,,,,,,,,,,,0,3386923,,,,3305842,,0,,31.21,1458476,2791618,,,,,,,,,1059081,,,2345616,,,224504,5732539,,,,,,,,,,,,,,81081,887140,2940921,0
,,,,90929699,,,9945,潤泰新,,,-39683395,,,,,,,,,,,,,,,,,,,,3,上市,114,-81449,,,,,0,,,,,,,,,,,,,,,,107467400,,,,97433599,,9713457,,34.37,32541671,58511109,,,,,,,,,28442251,,,86413566,,,17826493,193880966,,,,,,,,,,,,,,10033801,53871895,135369857,0
,,,,2752363,,,9946,三發地產,,,154190,,,,,,,,,,,,,,,,,,,,3,上市,114,-44948,,,,,0,,,,,,,,,,,,,,,,6162887,,,,6162887,,2130000,,19.00,6634841,15750949,,,,,,,,,3265542,,,11435814,,,35740,17598701,,,,,,,,,,,,,,,4800973,1847752,0
,,,,-862896,,,9955,佳龍,,,-37732,,,,,,,,,,,,,,,,,,,,3,上市,114,,,,,,,,,,,,,,,,,,,,,,1134912,,,,1134912,,0,,10.87,192068,502575,,,,,,,,,1044358,,,1563416,,,991182,2698328,,,,,,,,,,,,,,,1371348,2195753,0
,,,,1989576,,,9958,世紀鋼,,,-21833,,,,,,,,,,,,,,,,,,,,3,上市,114,0,,,,,,,,,,,,,,,,,,,,,20628124,,,,10715786,,0,,43.40,8472564,18074947,,,,,,,,,2468967,,,20216798,,,6279076,40844922,,,,,,,,,,,,,,9912338,11744234,22769975,0
