不動產及設備,不動產及設備－淨額,使用權資產,使用權資產－淨額,保留盈餘,保留盈餘（或累積虧損）,保險合約負債,保險合約負債及再保險合約負債,保險合約資產,保險合約資產及再保險合約資產－淨額,公司代號,公司名稱,共同控制下前手權益,其他借款,其他權益,其他負債,其他資產,其他資產－淨額,其他金融負債,其他金融資產－淨額,再保險合約負債,再保險合約資產,分離帳戶保險商品資產,受限制資產－淨額,合併前非屬共同控制股權,央行及同業融資,央行及金融同業存款,央行及銀行同業存款,存放央行及拆借金融同業,存放央行及拆借銀行同業,存款及匯款,季別,市場,年度,庫藏股票,待出售資產,待出售資產－淨額,待分配予業主之資產（或處分群組）,待分配予業主之資產－淨額,待註銷股本股數（單位：股）,應付債券,應付公司債,應付商業本票－淨額,應付款項,應付金融債券,應收款項,應收款項－淨額,投資性不動產,投資性不動產投資－淨額,投資性不動產－淨額,按攤銷後成本衡量之債務工具投資,按攤銷後成本衡量之金融資產,採用權益法之投資－淨額,放款,本期所得稅負債,本期所得稅資產,權益─具證券性質之虛擬通貨,權益總計,權益總額,權益－具證券性質之虛擬通貨,歸屬於母公司業主之權益,歸屬於母公司業主之權益合計,歸屬於母公司業主權益合計,母公司暨子公司所持有之母公司庫藏股股數（單位：股）,母公司暨子公司持有之母公司庫藏股股數（單位：股）,每股參考淨值,流動負債,流動資產,無形資產,無形資產－淨額,特別股負債,現金及約當現金,當期所得稅負債,當期所得稅資產,短期債務,租賃負債,股本,與待出售資產直接相關之負債,負債準備,負債總計,負債總額,貼現及放款－淨額,資本公積,資產總計,資產總額,透過其他綜合損益按公允價值衡量之金融資產,透過損益按公允價值衡量之金融負債,透過損益按公允價值衡量之金融資產,遞延所得稅負債,遞延所得稅資產,避險之衍生金融負債,避險之衍生金融負債－淨額,避險之衍生金融資產,避險之衍生金融資產淨額,避險之金融資產,附買回票券及債券負債,附賣回票券及債券投資,附賣回票券及債券投資淨額,非控制權益,非流動負債,非流動資產,預收股款（權益項下）之約當發行股數（單位：股）
,,,,60971176,,,,,,1101,台泥,,,29310808,,,,,,,,,,,,,,,,,1,上市,115,-979439,,,,,,,,,,,,,,,,,,,,,,,304745616,,,,241451494,,30000000,,31.39,82516661,184722314,,,,,,,,,77231817,,,292869670,,,74917132,597615286,,,,,,,,,,,,,,,63294122,210353009,412892972,0
,,,,120372322,,,,,,1102,亞泥,,,13057985,,,,,,,,,,,,,,,,,1,上市,115,,,,,,,,,,,,,,,,,,,,,,,,200946359,,,,177141226,,0,,49.95,73132379,94593171,,,,,,,,,35465629,,,128784897,,,8245290,329731256,,,,,,,,,,,,,,,23805133,55652518,235138085,0
,,,,10366146,,,,,,1103,嘉泥,,,-494270,,,,,,,,,,,,,,,,,1,上市,115,-1079060,,,,,,,,,,,,,,,,,,,,,,,18739535,,,,18153815,,131491726,,27.56,3870134,9362513,,,,,,,,,7902474,,,14017768,,,1458525,32757303,,,,,,,,,,,,,,,585720,10147634,23394790,0
,,,,15232158,,,,,,1104,環泥,,,2753961,,,,,,,,,,,,,,,,,1,上市,115,,,,,,,,,,,,,,,,,,,,,,,,25760526,,,,24981853,,0,,36.38,4410523,7669095,,,,,,,,,6866818,,,5780531,,,128916,31541057,,,,,,,,,,,,,,,778673,1370008,23871962,0
,,,,1401999,,,,,,1108,幸福,,,-27782,,,,,,,,,,,,,,,,,1,上市,115,,,,,,,,,,,,,,,,,,,,,,,,5421681,,,,5421619,,0,,13.40,4480873,5834525,,,,,,,,,4047380,,,4923631,,,22,10345312,,,,,,,,,,,,,,,62,442758,4510787,0
,,,,5011389,,,,,,1109,信大,,,23805,,,,,,,,,,,,,,,,,1,上市,115,,,,,,0,,,,,,,,,,,,,,,,,,10406785,,,,8462745,,0,,24.81,928832,5601241,,,,,,,,,3411589,,,1056245,,,15962,11463030,,,,,,,,,,,,,,,1944040,127413,5861789,0
,,,,2638609,,,,,,1110,東泥,,,941729,,,,,,,,,,,,,,,,,1,上市,115,-8863,,,,,,,,,,,,,,,,,,,,,,,9659452,,,,9482424,,1536865,,16.62,1931603,2827051,,,,,,,,,5720008,,,3130316,,,190941,12789768,,,,,,,,,,,,,,,177028,1198713,9962717,0
,,,,2728496,,,,,,1201,味全,,,-63234,,,,,,,,,,,,,,,,,1,上市,115,,,,,,0,,,,,,,,,,,,,,,,,,7783808,,,,7775285,,0,,15.36,6226099,6636593,,,,,,,,,5060629,,,10657178,,,49394,18440986,,,,,,,,,,,,,,,8523,4431079,11804393,0
,,,,3880899,,,,,,1203,味王,,,212321,,,,,,,,,,,,,,,,,1,上市,115,-38464,,,,,0,,,,,,,,,,,,,,,,,,7592544,,,,6511537,,2293865,,27.39,1735171,5022031,,,,,,,,,2400000,,,3144376,,,56781,10736920,,,,,,,,,,,,,,,1081007,1409205,5714889,0
,,,,10947696,,,,,,1210,大成,,,1716642,,,,,,,,,,,,,,,,,1,上市,115,-734821,,,,,,,,,,,,,,,,,,,,,,,34417229,,,,25151978,,58059471,,30.06,38581024,32105270,,,,,,,,,8947673,,,42538320,,,4274788,76955549,,,,,,,,,,,,,,,9265251,3957296,44850279,0
,,,,43129,,,,,,1213,大飲,,,359,,,,,,,,,,,,,,,,,1,上市,115,,,,,,0,,,,,,,,,,,,,,,,,,631652,,,,631652,,0,,11.16,72994,237574,,,,,,,,,566226,,,126314,,,21938,757966,,,,,,,,,,,,,,,,53320,520392,0
,,,,6535301,,,,,,1215,卜蜂,,,1070167,,,,,,,,,,,,,,,,,1,上市,115,,,,,,0,,,,,,,,,,,,,,,,,,11036275,,,,10590336,,0,,35.93,11730317,9174700,,,,,,,,,2947901,,,21500209,,,36967,32536484,,,,,,,,,,,,,,,445939,9769892,23361784,0
,,,,85921237,,,,,,1216,統一,,,-661546,,,,,,,,,,,,,,,,,1,上市,115,,,,,,0,,,,,,,,,,,,,,,,,,223710256,,,,144693171,,0,,25.47,273723981,241807588,,,,,,,,,56820154,,,525351793,,,2613326,749062049,,,,,,,,,,,,,,,79017085,251627812,507254461,0
,,,,1197832,,,,,,1217,愛之味,,,1010201,,,,,,,,,,,,,,,,,1,上市,115,,,,,,0,,,,,,,,,,,,,,,,,,8194360,,,,7419342,,0,,15.00,2999272,2601435,,,,,,,,,4945134,,,7073706,,,266175,15268066,,,,,,,,,,,,,,,775018,4074434,12666631,0
,,,,6669309,,,,,,1218,泰山,,,-36857,,,,,,,,,,,,,,,,,1,上市,115,-203876,,,,,,,,,,,,,,,,,,,,,,,12489134,,,,12479850,,13680042,,25.66,1833233,4963967,,,,,,,,,4999990,,,2207587,,,1051284,14696721,,,,,,,,,,,,,,,9284,374354,9732754,0
,,,,1155726,,,,,,1219,福壽,,,408,,,,,,,,,,,,,,,,,1,上市,115,0,,,,,,,,,,,,,,,,,,,,,,,4597366,,,,4630285,,0,,13.57,3014417,4766011,,,,,,,,,3412384,,,4948982,,,61767,9546348,,,,,,,,,,,,,,,-32919,1934565,4780337,0
,,,,524454,,,,,,1220,台榮,,,-571,,,,,,,,,,,,,,,,,1,上市,115,-10881,,,,,,,,,,,,,,,,,,,,,,,2536826,,,,2308661,,679000,,13.09,742589,2122787,,,,,,,,,1770779,,,918180,,,24880,3455006,,,,,,,,,,,,,,,228165,175591,1332219,0
,,,,1566850,,,,,,1225,福懋油,,,-95219,,,,,,,,,,,,,,,,,1,上市,115,,,,,,,,,,,,,,,,,,,,,,,,4559251,,,,4019933,,0,,16.59,2593871,4500051,,,,,,,,,2422683,,,3500005,,,125619,8059256,,,,,,,,,,,,,,,539318,906134,3559205,0
,,,,9522612,,,,,,1227,佳格,,,268348,,,,,,,,,,,,,,,,,1,上市,115,-21182,,,,,0,,,,,,,,,,,,,,,,,,19406939,,,,19103934,,6669471,,21.03,7319301,16438192,,,,,,,,,9150897,,,7697855,,,183259,27104794,,,,,,,,,,,,,,,303005,378554,10666602,0
,,,,15670715,,,,,,1229,聯華,,,21102607,,,,,,,,,,,,,,,,,1,上市,115,-136868,,,,,0,,,,,,,,,,,,,,,,,,79057744,,,,55609572,,7238000,,31.09,15478027,15607224,,,,,,,,,17959607,,,20384323,,,1013511,99442067,,,,,,,,,,,,,,,23448172,4906296,83834843,0
,,,,4453103,,,,,,1231,聯華食,,,23660,,,,,,,,,,,,,,,,,1,上市,115,,,,,,,,,,,,,,,,,,,,,,,,7572849,,,,7555147,,0,,25.31,4427766,6292926,,,,,,,,,2984544,,,7870046,,,93840,15442895,,,,,,,,,,,,,,,17702,3442280,9149969,0
,,,,4655148,,,,,,1232,大統益,,,-3403,,,,,,,,,,,,,,,,,1,上市,115,,,,,,0,,,,,,,,,,,,,,,,,,6511322,,,,6275278,,0,,39.23,2814803,7651568,,,,,,,,,1599749,,,3994796,,,23784,10506118,,,,,,,,,,,,,,,236044,1179993,2854550,0
,,,,524706,,,,,,1233,天仁,,,-38449,,,,,,,,,,,,,,,,,1,上市,115,-1974,,,,,0,,,,,,,,,,,,,,,,,,1398927,,,,1395703,,43000,,15.41,542926,681747,,,,,,,,,905919,,,788420,,,5501,2187347,,,,,,,,,,,,,,,3224,245494,1505600,0
,,,,13998546,,,,,,1234,黑松,,,103844,,,,,,,,,,,,,,,,,1,上市,115,,,,,,,,,,,,,,,,,,,,,,,,18308037,,,,18308037,,0,,45.56,3415273,9159072,,,,,,,,,4018711,,,5772622,,,186936,24080659,,,,,,,,,,,,,,,,2357349,14921587,0
,,,,1142459,,,,,,1235,興泰,,,340782,,,,,,,,,,,,,,,,,1,上市,115,-867600,,,,,,,,,,,,,,,,,,,,,,,3048081,,,,2867076,,143117570,,63.07,2176614,945470,,,,,,,,,1885778,,,2231482,,,365657,5279563,,,,,,,,,,,,,,,181005,54868,4334093,0
,,,,1386400,,,,,,1236,宏亞,,,167205,,,,,,,,,,,,,,,,,1,上市,115,,,,,,,,,,,,,,,,,,,,,,,,2454550,,,,2454550,,0,,28.32,634194,655326,,,,,,,,,866740,,,926736,,,34205,3381286,,,,,,,,,,,,,,,,292542,2725960,0
,,,,2301564,,,,,,1256,鮮活果汁-KY,,,115423,,,,,,,,,,,,,,,,,1,上市,115,,,,,,,,,,,,,,,,,,,,,,,,4184775,,,,4177275,,0,,116.77,781250,2430207,,,,,,,,,357722,,,991394,,,1402566,5176169,,,,,,,,,,,,,,,7500,210144,2745962,0
,,,,197205474,,,,,,1301,台塑,,,117484847,,,,,,,,,,,,,,,,,1,上市,115,,,,,,0,,,,,,,,,,,,,,,,,,390216488,,,,390216488,,0,,61.30,95826345,175217601,,,,,,,,,63657408,,,203311522,,,11868759,593528010,,,,,,,,,,,,,,,,107485177,418310409,0
,,,,238072825,,,,,,1303,南亞,,,36469707,,,,,,,,,,,,,,,,,1,上市,115,,,,,,0,,,,,,,,,,,,,,,,,,400574691,,,,383826269,,0,,48.40,131197270,193418745,,,,,,,,,79308216,,,247168932,,,29975521,647743623,,,,,,,,,,,,,,,16748422,115971662,454324878,0
,,,,5587575,,,,,,1304,台聚,,,57412,,,,,,,,,,,,,,,,,1,上市,115,-475606,,,,,,,,,,,,,,,,,,,,,,,35012728,,,,17558466,,116465574,,16.37,13651252,24372900,,,,,,,,,11887635,,,29614158,,,501450,64626886,,,,,,,,,,,,,,,17454262,15962906,40253986,0
,,,,1755059,,,,,,1305,華夏,,,52934,,,,,,,,,,,,,,,,,1,上市,115,,,,,,,,,,,,,,,,,,,,,,,,8137276,,,,7639522,,0,,13.15,4467737,4861099,,,,,,,,,5810505,,,10269960,,,21024,18407236,,,,,,,,,,,,,,,497754,5802223,13546137,0
,,,,5386754,,,,,,1307,三芳,,,251789,,,,,,,,,,,,,,,,,1,上市,115,,,,,,,,,,,,,,,,,,,,,,,,9767803,,,,9767803,,0,,24.55,5930220,9782836,,,,,,,,,3978181,,,8277884,,,151079,18045687,,,,,,,,,,,,,,,,2347664,8262851,0
,,,,4401712,,,,,,1308,亞聚,,,654283,,,,,,,,,,,,,,,,,1,上市,115,,,,,,,,,,,,,,,,,,,,,,,,11032397,,,,11032397,,0,,18.58,1008062,2732713,,,,,,,,,5937438,,,1505156,,,38964,12537553,,,,,,,,,,,,,,,,497094,9804840,0
,,,,1532486,,,,,,1309,台達化,,,250539,,,,,,,,,,,,,,,,,1,上市,115,,,,,,,,,,,,,,,,,,,,,,,,5762846,,,,5762846,,0,,14.49,2992941,5778535,,,,,,,,,3975868,,,3451260,,,3953,9214106,,,,,,,,,,,,,,,,458319,3435571,0
,,,,729805,,,,,,1310,台苯,,,1203006,,,,,,,,,,,,,,,,,1,上市,115,,,,,,0,,,,,,,,,,,,,,,,,,7469081,,,,7341271,,0,,13.91,2298879,2264426,,,,,,,,,5278698,,,2539776,,,129762,10008857,,,,,,,,,,,,,,,127810,240897,7744431,0
,,,,14740456,,,,,,1312,國喬,,,1466524,,,,,,,,,,,,,,,,,1,上市,115,-49858,,,,,,,,,,,,,,,,,,,,,,,31909656,,,,28498475,,1776000,,25.34,17728005,18480939,,,,,,,,,11266203,,,36965041,,,1075150,68874697,,,,,,,,,,,,,,,3411181,19237036,50393758,0
,,,,1015686,,,,,,1313,聯成,,,13198993,,,,,,,,,,,,,,,,,1,上市,115,0,,,,,,,,,,,,,,,,,,,,,,,28672114,,,,28672114,,0,,21.54,8329694,19273009,,,,,,,,,13308461,,,25914554,,,1148974,54586668,,,,,,,,,,,,,,,,17584860,35313659,0
,,,,37359864,,,,,,1314,中石化,,,-542369,,,,,,,,,,,,,,,,,1,上市,115,,,,,,0,,,,,,,,,,,,,,,,,,76300511,,,,76248003,,0,,20.15,37332389,57442349,,,,,,,,,37848502,,,51812243,,,1582006,128112754,,,,,,,,,,,,,,,52508,14479854,70670405,0
,,,,7581812,,,,,,1315,達新,,,1540363,,,,,,,,,,,,,,,,,1,上市,115,-83230,,,,,0,,,,,,,,,,,,,,,,,,10320359,,,,10286561,,3572068,,107.68,780905,7354156,,,,,,,,,990990,,,994940,,,256626,11315299,,,,,,,,,,,,,,,33798,214035,3961143,0
,,,,-546922,,,,,,1316,上曜,,,1570,,,,,,,,,,,,,,,,,1,上市,115,-57448,,,,,0,,,,,,,,,,,,,,,,,,14005878,,,,4195386,,38583058,,12.44,10662365,17988375,,,,,,,,,3759462,,,12103585,,,1038724,26109463,,,,,,,,,,,,,,,9810492,1441220,8121088,0
,,,,18867898,,,,,,1319,東陽,,,221153,,,,,,,,,,,,,,,,,1,上市,115,,,,,,,,,,,,,,,,,,,,,,,,29773674,,,,29156021,,0,,49.29,5670104,13192166,,,,,,,,,5914771,,,8580797,,,4152199,38354471,,,,,,,,,,,,,,,617653,2910693,25162305,0
,,,,3393988,,,,,,1321,大洋,,,139698,,,,,,,,,,,,,,,,,1,上市,115,-36189,,,,,0,,,,,,,,,,,,,,,,,,5793798,,,,5793798,,6542716,,26.25,996940,2103160,,,,,,,,,2272283,,,5771280,,,24018,11565078,,,,,,,,,,,,,,,,4774340,9461918,0
,,,,1624550,,,,,,1323,永裕,,,-2796,,,,,,,,,,,,,,,,,1,上市,115,,,,,,0,,,,,,,,,,,,,,,,,,2577056,,,,2577056,,0,,28.23,691151,2570405,,,,,,,,,912745,,,2167294,,,42557,4744350,,,,,,,,,,,,,,,,1476143,2173945,0
,,,,153078,,,,,,1324,地球,,,-13095,,,,,,,,,,,,,,,,,1,上市,115,,,,,,0,,,,,,,,,,,,,,,,,,892069,,,,892069,,0,,11.87,176792,677160,,,,,,,,,751219,,,204100,,,867,1096169,,,,,,,,,,,,,,,,27308,419009,0
,,,,1708629,,,,,,1325,恆大,,,25078,,,,,,,,,,,,,,,,,1,上市,115,,,,,,0,,,,,,,,,,,,,,,,,,2668265,,,,2590145,,0,,30.37,37109,1666352,,,,,,,,,852812,,,89629,,,3626,2757894,,,,,,,,,,,,,,,78120,52520,1091542,0
,,,,185906528,,,,,,1326,台化,,,120153293,,,,,,,,,,,,,,,,,1,上市,115,-323952,,,,,0,,,,,,,,,,,,,,,,,,410967390,,,,373639435,,12169610,,63.88,114054227,214839826,,,,,,,,,58611863,,,170197763,,,9291703,581165153,,,,,,,,,,,,,,,37327955,56143536,366325327,0
,,,,-819751,,,,,,1337,再生-KY,,,-194181,,,,,,,,,,,,,,,,,1,上市,115,,,,,,,,,,,,,,,,,,,,,,,,3660119,,,,3660119,,0,,13.61,2624744,1632849,,,,,,,,,2689547,,,2690604,,,1984504,6350723,,,,,,,,,,,,,,,,65860,4717874,0
,,,,2635593,,,,,,1338,廣華-KY,,,-296108,,,,,,,,,,,,,,,,,1,上市,115,-92080,,,,,0,,,,,,,,,,,,,,,,,,6269747,,,,5872895,,3081000,,72.72,3877475,5247393,,,,,,,,,838400,,,7683669,,,2787090,13953416,,,,,,,,,,,,,,,396852,3806194,8706023,0
,,,,2239577,,,,,,1339,昭輝,,,-107867,,,,,,,,,,,,,,,,,1,上市,115,,,,,,0,,,,,,,,,,,,,,,,,,4159647,,,,4066318,,0,,54.86,837135,1829193,,,,,,,,,741239,,,1066079,,,1193369,5225726,,,,,,,,,,,,,,,93329,228944,3396533,0
,,,,-978764,,,,,,1340,勝悅-KY,0,,-443730,,,,,,,,,,,,,,,,,1,上市,115,,,,,,,,,,,,,,,,,,,,,,,,2647549,,,,2647549,,0,,17.31,161902,785498,,,,,,,,,1529229,,,419406,,,2540814,3066955,,,,,,,,,,,,,,,0,257504,2281457,0
,,,,813417,,,,,,1341,富林-KY,,,-331796,,,,,,,,,,,,,,,,,1,上市,115,,,,,,,,,,,,,,,,,,,,,,,,1186743,,,,1186743,,0,,22.45,978823,1612072,,,,,,,,,528506,,,1009317,,,176616,2196060,,,,,,,,,,,,,,,,30494,583988,0
,,,,643840,,,,,,1342,八貫,,,-7362,,,,,,,,,,,,,,,,,1,上市,115,,,,,,,,,,,,,,,,,,,,,,,,2092241,,,,,,0,,26.82,1285713,2452379,,,,,,,,,780009,,,1708118,,,675754,3800359,,,,,,,,,,,,,,,,422405,1347980,0
,,,,159483146,,,,,,1402,遠東新,,,8841507,,,,,,,,,,,,,,,,,1,上市,115,-25063,,,,,,,,,,,,,,,,,,,,,,,323578015,,,,235101952,,779000,,43.93,157755773,166621578,,,,,,,,,53528751,,,356159064,,,13273611,679737079,,,,,,,,,,,,,,,88476063,198403291,513115501,0
,,,,15408892,,,,,,1409,新纖,,,8011465,,,,,,,,,,,,,,,,,1,上市,115,-134336,,,,,,,,,,,,,,,,,,,,,,,,53131346,,,41629538,,18492487,,26.02,165890727,169282176,,,,,,,,,16184093,,,185816388,,,2159424,238947734,,,,,,,,,,,,,,,11501808,19925661,69665558,0
,,,,405448,,,,,,1410,南染,,,-3381,,,,,,,,,,,,,,,,,1,上市,115,,,,,,0,,,,,,,,,,,,,,,,,,1079714,,,,1045034,,0,,16.86,61014,653405,,,,,,,,,620000,,,239594,,,22967,1319308,,,,,,,,,,,,,,,34680,178580,665903,0
,,,,-197082,,,,,,1413,宏洲,,,-8703,,,,,,,,,,,,,,,,,1,上市,115,,,,,,,,,,,,,,,,,,,,,,,,1115339,,,,,,0,,8.44,651436,825475,,,,,,,,,1321124,,,1495194,,,0,2610533,,,,,,,,,,,,,,,,843758,1785058,0
,,,,1049840,,,,,,1414,東和,,,-159594,,,,,,,,,,,,,,,,,1,上市,115,,,,,,,,,,,,,,,,,,,,,,,,2870246,,,,2870246,,0,,14.50,611698,876335,,,,,,,,,1980000,,,1289474,,,0,4159720,,,,,,,,,,,,,,,,677776,3283385,0
,,,,1824254,,,,,,1416,廣豐,,,766139,,,,,,,,,,,,,,,,,1,上市,115,,,,,,,,,,,,,,,,,,,,,,,,4569766,,,,4493871,,,,24.25,642549,1356031,,,,,,,,,1853422,,,1821021,,,50056,6390787,,,,,,,,,,,,,,,75895,1178472,5034756,
,,,,252596,,,,,,1417,嘉裕,,,185357,,,,,,,,,,,,,,,,,1,上市,115,,,,,,,,,,,,,,,,,,,,,,,,2337372,,,,2337372,,0,,12.31,293716,1591473,,,,,,,,,1899419,,,399883,,,,2737255,,,,,,,,,,,,,,,,106167,1145782,0
,,,,-855744,,,,,,1418,東華,,,1551058,,,,,,,,,,,,,,,,,1,上市,115,-80333,,,,,,,,,,,,,,,,,,,,,,,1191329,,,,1191332,,2522865,,21.94,3832241,1616741,,,,,,,,,568343,,,4385065,,,8008,5576394,,,,,,,,,,,,,,,-3,552824,3959653,0
,,,,8854006,,,,,,1419,新紡,,,8531143,,,,,,,,,,,,,,,,,1,上市,115,-13174,,,,,,,,,,,,,,,,,,,,,,,20442925,,,,20442925,,803829,,68.32,4287205,6923708,,,,,,,,,3000413,,,5280888,,,70537,25723813,,,,,,,,,,,,,,,,993683,18800105,0
,,,,1148379,,,,,,1423,利華,,,1448573,,,,,,,,,,,,,,,,,1,上市,115,,,,,,,,,,,,,,,,,,,,,,,,3699543,,,,,,0,,37.13,23585,1276550,,,,,,,,,996480,,,223116,,,106111,3922659,,,,,,,,,,,,,,,,199531,2646109,0
,,,,315852,,,,,,1432,大魯閣,,,-93182,,,,,,,,,,,,,,,,,1,上市,115,,,,,,0,,,,,,,,,,,,,,,,,,1775548,,,,1598866,,0,,14.80,1425640,1893944,,,,,,,,,1080000,,,2196433,,,296196,3971981,,,,,,,,,,,,,,,176682,770793,2078037,0
,,,,19319735,,,,,,1434,福懋,,,8316322,,,,,,,,,,,,,,,,,1,上市,115,-19064,,,,,0,,,,,,,,,,,,,,,,,,45418750,,,,45418750,,2193228,,27.00,6346633,15272141,,,,,,,,,16846646,,,15727850,,,955111,61146600,,,,,,,,,,,,,,,,9381217,45874459,0
,,,,-237954,,,,,,1435,中福,,,-303295,,,,,,,,,,,,,,,,,1,上市,115,0,,,,,,,,,,,,,,,,,,,,,,,981689,,,,,,0,,7.02,6039,363950,,,,,,,,,1397801,,,183844,,,125137,1165533,,,,,,,,,,,,,,,,177805,801583,0
,,,,2367085,,,,,,1436,華友聯,,,20550,,,,,,,,,,,,,,,,,1,上市,115,,,,,,,,,,,,,,,,,,,,,,,,5900824,,,,5462269,,0,,28.13,11381473,19437696,,,,,,,,,1941518,,,15355906,,,1133116,21256730,,,,,,,,,,,,,,,438555,3974433,1819034,0
,,,,5428124,,,,,,1437,勤益控,,,412565,,,,,,,,,,,,,,,,,1,上市,115,0,,,,,0,,,,,,,,,,,,,,,,,,8272291,,,,8270176,,0,,40.97,1297708,2289494,,,,,,,,,2018713,,,5454839,,,410774,13727130,,,,,,,,,,,,,,,2115,4157131,11437636,0
,,,,396319,,,,,,1438,三地開發,,,-6550,,,,,,,,,,,,,,,,,1,上市,115,,,,,,,,,,,,,,,,,,,,,,,,3212053,,,,,,0,,28.88,9737355,13719838,,,,,,,,,1112058,,,10964578,,,1710226,14176631,,,,,,,,,,,,,,,,1227223,456793,0
,,,,1988127,,,,,,1439,雋揚,,,-167743,,,,,,,,,,,,,,,,,1,上市,115,,,,,,,,,,,,,,,,,,,,,,,,3464818,,,,2969411,,0,,32.28,2128037,3556714,,,,,,,,,920000,,,2619482,,,229027,6084300,,,,,,,,,,,,,,,495407,491445,2527586,0
,,,,10412015,,,,,,1440,南紡,,,620130,,,,,,,,,,,,,,,,,1,上市,115,,,,,,0,,,,,,,,,,,,,,,,,,28029522,,,,27669392,,0,,16.70,9846736,12562200,,,,,,,,,16568159,,,17769583,,,69088,45799105,,,,,,,,,,,,,,,360130,7922847,33236905,0
,,,,-259734,,,,,,1441,大東,,,-58514,,,,,,,,,,,,,,,,,1,上市,115,,,,,,0,,,,,,,,,,,,,,,,,,425590,,,,425590,,0,,5.93,687889,673599,,,,,,,,,717444,,,950008,,,26394,1375598,,,,,,,,,,,,,,,0,262119,701999,0
,,,,3418460,,,,,,1442,名軒,,,16956,,,,,,,,,,,,,,,,,1,上市,115,,,,,,,,,,,,,,,,,,,,,,,,8089381,,,,8089381,,0,,22.09,2535144,13238665,,,,,,,,,3662113,,,6447947,,,991852,14537328,,,,,,,,,,,,,,,,3912803,1298663,0
,,,,250268,,,,,,1443,立益物流,,,678409,,,,,,,,,,,,,,,,,1,上市,115,,,,,,0,,,,,,,,,,,,,,,,,,1823183,,,,2282808,,0,,16.87,2632618,574408,,,,,,,,,1353430,,,6069743,,,701,7892926,,,,,,,,,,,,,,,-459625,3437125,7318518,0
,,,,94039,,,,,,1444,力麗,,,-469048,,,,,,,,,,,,,,,,,1,上市,115,-28470,,,,,,,,,,,,,,,,,,,,,,,10961918,,,,9671841,,11204989,,9.83,7923737,6820119,,,,,,,,,9955950,,,9203887,,,119370,20165805,,,,,,,,,,,,,,,1290077,1280150,13345686,0
,,,,658924,,,,,,1445,大宇,,,106995,,,,,,,,,,,,,,,,,1,上市,115,,,,,,,,,,,,,,,,,,,,,,,,2074202,,,,2074202,,0,,15.87,363585,694320,,,,,,,,,1306660,,,2343602,,,1623,4417804,,,,,,,,,,,,,,,,1980017,3723484,0
,,,,1434771,,,,,,1446,宏和,,,21804,,,,,,,,,,,,,,,,,1,上市,115,0,,,,,0,,,,,,,,,,,,,,,,,,2840254,,,,2840254,,0,,20.62,379721,2815567,,,,,,,,,1377095,,,382680,,,6584,3222934,,,,,,,,,,,,,,,0,2959,407367,0
,,,,-487367,,,,,,1447,力鵬,,,-938840,,,,,,,,,,,,,,,,,1,上市,115,-287142,,,,,,,,,,,,,,,,,,,,,,,8388244,,,,7606610,,66529106,,9.02,6957805,8603492,,,,,,,,,9100712,,,8829032,,,219247,17217276,,,,,,,,,,,,,,,781634,1871227,8613784,0
,,,,210565,,,,,,1449,佳和,,,681082,,,,,,,,,,,,,,,,,1,上市,115,,,,,,,,,,,,,,,,,,,,,,,,2955506,,,,2297813,,0,,18.08,2835420,3129642,,,,,,,,,1271146,,,5196103,,,135020,8151609,,,,,,,,,,,,,,,657693,2360683,5021967,0
,,,,5348073,,,,,,1451,年興,,,-410499,,,,,,,,,,,,,,,,,1,上市,115,,,,,,,,,,,,,,,,,,,,,,,,7337290,,,,7337290,,0,,37.06,1104512,5411009,,,,,,,,,1980000,,,1451967,,,419716,8789257,,,,,,,,,,,,,,,,347455,3378248,0
,,,,927975,,,,,,1452,宏益,,,242268,,,,,,,,,,,,,,,,,1,上市,115,,,,,,,,,,,,,,,,,,,,,,,,2652829,,,,2652829,,0,,20.00,114850,2006413,,,,,,,,,1326414,,,163197,,,156172,2816026,,,,,,,,,,,,,,,,48347,809613,0
,,,,300480,,,,,,1453,大將,,,,,,,,,,,,,,,,,,,,1,上市,115,,,,,,,,,,,,,,,,,,,,,,,,1449103,,,,1435673,,0,,12.68,1420502,2844329,,,,,,,,,1132431,,,1579704,,,2762,3028807,,,,,,,,,,,,,,,13430,159202,184478,0
,,,,73389,,,,,,1454,台富,,,-18903,,,,,,,,,,,,,,,,,1,上市,115,-77032,,,,,,,,,,,,,,,,,,,,,,,1333349,,,,1333349,,7714103,,10.92,670027,1066222,,,,,,,,,1298338,,,680526,,,57557,2013875,,,,,,,,,,,,,,,0,10499,947653,0
,,,,45076,,,,,,1455,集盛,,,39471,,,,,,,,,,,,,,,,,1,上市,115,,,,,,,,,,,,,,,,,,,,,,,,5747975,,,,5747975,,0,,10.81,1880065,3072494,,,,,,,,,5316884,,,3651618,,,346544,9399593,,,,,,,,,,,,,,,,1771553,6327099,0
,,,,940451,,,,,,1456,怡華,,,,,,,,,,,,,,,,,,,,1,上市,115,,,,,,0,,,,,,,,,,,,,,,,,,1896028,,,,1896028,,0,,20.23,10057949,10236670,,,,,,,,,937200,,,11450186,,,18377,13346214,,,,,,,,,,,,,,,,1392237,3109544,0
,,,,1797283,,,,,,1457,宜進,,,-27776,,,,,,,,,,,,,,,,,1,上市,115,-349848,,,,,,,,,,,,,,,,,,,,,,,8557057,,,,5149783,,83211323,,22.05,2305174,2671417,,,,,,,,,3167300,,,8309313,,,562824,16866370,,,,,,,,,,,,,,,3407274,6004139,14194953,0
,,,,344524,,,,,,1459,聯發,,,-158759,,,,,,,,,,,,,,,,,1,上市,115,-528645,,,,,,,,,,,,,,,,,,,,,,,3542524,,,,3541142,,41144531,,11.15,1144782,2303265,,,,,,,,,3586289,,,1238615,,,297733,4781139,,,,,,,,,,,,,,,1382,93833,2477874,0
,,,,-1041454,,,,,,1460,宏遠,,,45223,,,,,,,,,,,,,,,,,1,上市,115,-332836,,,,,,,,,,,,,,,,,,,,,,,5733315,,,,5733310,,20177533,,8.50,3834200,5454632,,,,,,,,,6946434,,,5138162,,,115943,10871477,,,,,,,,,,,,,,,5,1303962,5416845,0
,,,,454069,,,,,,1463,強盛新,,,31243,,,,,,,,,,,,,,,,,1,上市,115,-22714,,,,,0,,,,,,,,,,,,,,,,,,2736722,,,,2609813,,1676795,,15.21,285884,1968699,,,,,,,,,1732684,,,408327,,,414531,3145049,,,,,,,,,,,,,,,126909,122443,1176350,0
,,,,1090262,,,,,,1464,得力,,,-452133,,,,,,,,,,,,,,,,,1,上市,115,-27472,,,,,,,,,,,,,,,,,,,,,,,6218414,,,,5486735,,2548653,,12.97,8098544,8449782,,,,,,,,,4255757,,,11114581,,,620321,17332995,,,,,,,,,,,,,,,731679,3016037,8883213,0
,,,,278892,,,,,,1465,偉全,,,-14515,,,,,,,,,,,,,,,,,1,上市,115,,,,,,,,,,,,,,,,,,,,,,,,1569679,,,,,,0,,15.15,131896,1132563,,,,,,,,,1036073,,,166681,,,269229,1736360,,,,,,,,,,,,,,,,34785,603797,0
,,,,-178233,,,,,,1466,聚隆,0,,-5870,,,,,,,,,,,,,,,,,1,上市,115,0,,,,,,,,,,,,,,,,,,,,,,,1661434,,,,1567825,,0,,14.10,424530,1475016,,,,,,,,,1111573,,,1944171,,,640355,3605605,,,,,,,,,,,,,,,93609,1519641,2130589,0
,,,,196081,,,,,,1467,南緯,,,168892,,,,,,,,,,,,,,,,,1,上市,115,-26145,,,,,0,,,,,,,,,,,,,,,,,,3005209,,,,2848248,,2950000,,12.35,3706895,4780307,,,,,,,,,2336247,,,5854515,,,173173,8859724,,,,,,,,,,,,,,,156961,2147620,4079417,0
,,,,-275425,,,,,,1468,昶和,,,99480,,,,,,,,,,,,,,,,,1,上市,115,,,,,,,,,,,,,,,,,,,,,,,,1531595,,,,1454861,,0,,9.07,1309595,2026221,,,,,,,,,1604053,,,1720312,,,26753,3251907,,,,,,,,,,,,,,,76734,410717,1225686,0
,,,,120399,,,,,,1470,大統新創,,,-671,,,,,,,,,,,,,,,,,1,上市,115,,,,,,,,,,,,,,,,,,,,,,,,984715,,,,984715,,0,,11.48,186883,639175,,,,,,,,,857670,,,196077,,,7317,1180792,,,,,,,,,,,,,,,,9194,541617,0
,,,,-150008,,,,,,1471,首利,,,87499,,,,,,,,,,,,,,,,,1,上市,115,,,,,,0,,,,,,,,,,,,,,,,,,1547472,,,,1441636,,0,,9.58,54656,1356471,,,,,,,,,1504145,,,95200,,,0,1642672,,,,,,,,,,,,,,,105836,40544,286201,0
,,,,1008759,,,,,,1472,三洋實業,,,376,,,,,,,,,,,,,,,,,1,上市,115,,,,,,,,,,,,,,,,,,,,,,,,2446686,,,,2371686,,0,,45.19,2129457,4517904,,,,,,,,,524881,,,3060184,,,837670,5506870,,,,,,,,,,,,,,,75000,930727,988966,0
,,,,1602215,,,,,,1473,台南,,,62029,,,,,,,,,,,,,,,,,1,上市,115,,,,,,0,,,,,,,,,,,,,,,,,,3950322,,,,3950322,,0,,27.03,1623115,3398248,,,,,,,,,1461535,,,1902824,,,824543,5853146,,,,,,,,,,,,,,,,279709,2454898,0
,,,,853516,,,,,,1474,弘裕,,,-17410,,,,,,,,,,,,,,,,,1,上市,115,,,,,,,,,,,,,,,,,,,,,,,,2218341,,,,2201444,,0,,16.95,936483,2039721,,,,,,,,,1298970,,,1562300,,,66368,3780641,,,,,,,,,,,,,,,16897,625817,1740920,0
,,,,719025,,,,,,1475,業旺,,,7523,,,,,,,,,,,,,,,,,1,上市,115,,,,,,0,,,,,,,,,,,,,,,,,,1515550,,,,1515550,,0,,22.96,580818,1849769,,,,,,,,,660168,,,727180,,,128834,2242730,,,,,,,,,,,,,,,,146362,392961,0
,,,,20656051,,,,,,1476,儒鴻,,,334137,,,,,,,,,,,,,,,,,1,上市,115,,,,,,,,,,,,,,,,,,,,,,,,27503662,,,,27503662,,0,,100.24,9214639,23249199,,,,,,,,,2743671,,,9360987,,,3769803,36864649,,,,,,,,,,,,,,,,146348,13615450,0
,,,,4202718,,,,,,1477,聚陽,,,164036,,,,,,,,,,,,,,,,,1,上市,115,,,,,,0,,,,,,,,,,,,,,,,,,13079746,,,,13000024,,0,,52.70,10203621,16529381,,,,,,,,,2466937,,,11362715,,,6166333,24442461,,,,,,,,,,,,,,,79722,1159094,7913080,0
,,,,24384375,,,,,,1503,士電,,,5572016,,,,,,,,,,,,,,,,,1,上市,115,,,,,,,,,,,,,,,,,,,,,,,,38846230,,,,37963968,,0,,72.87,19094196,28792860,,,,,,,,,5209722,,,21584140,,,2797855,60430370,,,,,,,,,,,,,,,882262,2489944,31637510,0
,,,,32497761,,,,,,1504,東元,,,4238901,,,,,,,,,,,,,,,,,1,上市,115,-608077,,,,,0,,,,,,,,,,,,,,,,,,90745301,,,,84109864,,31060000,,35.86,29514331,62376471,,,,,,,,,23764407,,,52445953,,,24216872,143191254,,,,,,,,,,,,,,,6635437,22931622,80814783,0
,,,,-487836,,,,,,1506,正道,,,-139984,,,,,,,,,,,,,,,,,1,上市,115,,,,,,,,,,,,,,,,,,,,,,,,2880585,,,,2800801,,0,,9.32,324828,814956,,,,,,,,,3003885,,,415872,,,424736,3296457,,,,,,,,,,,,,,,79784,91044,2481501,0
,,,,-872807,,,,,,1512,瑞利,,,563090,,,,,,,,,,,,,,,,,1,上市,115,,,,,,0,,,,,,,,,,,,,,,,,,672118,,,,672118,,0,,6.85,363753,1053467,,,,,,,,,981835,,,2048800,,,,2720918,,,,,,,,,,,,,,,,1685047,1667451,0
,,,,10402080,,,,,,1513,中興電,,,3142804,,,,,,,,,,,,,,,,,1,上市,115,-116880,,,,,0,,,,,,,,,,,,,,,,,,21876338,,,,21526554,,9038676,,43.57,21444785,23811521,,,,,,,,,5031125,,,26877788,,,3067425,48754126,,,,,,,,,,,,,,,349784,5433003,24942605,0
,,,,2745702,,,,,,1514,亞力,,,-20371,,,,,,,,,,,,,,,,,1,上市,115,-30866,,,,,,,,,,,,,,,,,,,,,,,6614801,,,,6539169,,2238551,,24.14,5213726,10200982,,,,,,,,,2731085,,,6649914,,,1113619,13264715,,,,,,,,,,,,,,,75632,1436188,3063733,0
,,,,2172831,,,,,,1515,力山,,,-102568,,,,,,,,,,,,,,,,,1,上市,115,,,,,,,,,,,,,,,,,,,,,,,,3910341,,,,3885584,,0,,21.41,3141849,3269060,,,,,,,,,1814735,,,3655094,,,586,7565435,,,,,,,,,,,,,,,24757,513245,4296375,0
,,,,-209653,,,,,,1516,川飛,,,-6022,,,,,,,,,,,,,,,,,1,上市,115,,,,,,,,,,,,,,,,,,,,,,,,204592,,,,,,0,,5.11,2870,142752,,,,,,,,,400082,,,2870,,,20185,207462,,,,,,,,,,,,,,,,0,64710,0
,,,,1144316,,,,,,1517,利奇,,,-18205,,,,,,,,,,,,,,,,,1,上市,115,0,,,,,,,,,,,,,,,,,,,,,,,3496629,,,,3394261,,0,,15.43,505082,2856330,,,,,,,,,2200000,,,660249,,,68150,4156878,,,,,,,,,,,,,,,102368,155167,1300548,0
,,,,4977196,,,,,,1519,華城,,,-28310,,,,,,,,,,,,,,,,,1,上市,115,,,,,,,,,,,,,,,,,,,,,,,,8455968,,,,8238556,,0,,26.08,15872933,22877201,,,,,,,,,3158808,,,21468013,,,130862,29923981,,,,,,,,,,,,,,,217412,5595080,7046780,0
,,,,1017784,,,,,,1521,大億,,,0,,,,,,,,,,,,,,,,,1,上市,115,,,,,,0,,,,,,,,,,,,,,,,,,1841584,,,,1841584,,0,,24.16,1099984,2090427,,,,,,,,,762300,,,1200180,,,61500,3041764,,,,,,,,,,,,,,,,100196,951337,0
,,,,3878031,,,,,,1522,堤維西,,,168217,,,,,,,,,,,,,,,,,1,上市,115,-5996,,,,,0,,,,,,,,,,,,,,,,,,10540976,,,,10089313,,939707,,29.50,15531230,17352980,,,,,,,,,3428979,,,27369691,,,2620082,37910667,,,,,,,,,,,,,,,451663,11838461,20557687,0
,,,,1184897,,,,,,1524,耿鼎,0,,44461,,,,,,,,,,0,,,,,,,1,上市,115,0,,,,,0,,,,,,,,,,,,,,,,,,2883609,,,,,,0,,17.44,1131715,1776959,,,,,,,,,1653104,,,2467641,,,1147,5351250,,,,,,,,,,,,,,,,1335926,3574291,0
,,,,4488643,,,,,,1525,江申,,,-130549,,,,,,,,,,,,,,,,,1,上市,115,,,,,,,,,,,,,,,,,,,,,,,,5093346,,,,5093346,,0,,69.39,386523,2768107,,,,,,,,,734001,,,665056,,,1251,5758402,,,,,,,,,,,,,,,,278533,2990295,0
,,,,619232,,,,,,1526,日馳,,,26088,,,,,,,,,,,,,,,,,1,上市,115,,,,,,,,,,,,,,,,,,,,,,,,1340440,,,,1340440,,0,,22.34,762634,1390560,,,,,,,,,600000,,,919977,,,95120,2260417,,,,,,,,,,,,,,,,157343,869857,0
,,,,3445039,,,,,,1527,鑽全,,,28490,,,,,,,,,,,,,,,,,1,上市,115,,,,,,,,,,,,,,,,,,,,,,,,4886167,,,,,,0,,35.26,488625,3703449,,,,,,,,,1385706,,,534041,,,26932,5420208,,,,,,,,,,,,,,,,45416,1716759,0
,,,,93640,,,,,,1528,恩德,,,-58540,,,,,,,,,,,,,,,,,1,上市,115,,,,,,,,,,,,,,,,,,,,,,,,2196357,,,,2147855,,0,,11.23,2573818,3576203,,,,,,,,,1913310,,,3152525,,,199445,5348882,,,,,,,,,,,,,,,48502,578707,1772679,0
,,,,231879,,,,,,1529,樂事綠能,0,,-9367,,,,,,,,,,,,,,,,,1,上市,115,0,,,,,,,,,,,,,,,,,,,,,,,1909290,,,,1837425,,0,,11.85,398488,804623,,,,,,,,,1550951,,,1267405,,,63962,3176695,,,,,,,,,,,,,,,71865,868917,2372072,0
,,,,2173124,,,,,,1530,亞崴,,,17435,,,,,,,,,,,,,,,,,1,上市,115,0,,,,,0,,,,,,,,,,,,,,,,,,3322820,,,,3235100,,0,,34.20,2106646,3230571,,,,,,,,,945942,,,2400295,,,98599,5723115,,,,,,,,,,,,,,,87720,293649,2492544,0
,,,,1694685,,,,,,1531,高林股,,,-60086,,,,,,,,,,,,,,,,,1,上市,115,,,,,,0,,,,,,,,,,,,,,,,,,3655045,,,,3655045,,0,,20.07,492280,3071247,,,,,,,,,1821081,,,787712,,,199365,4442757,,,,,,,,,,,,,,,,295432,1371510,0
,,,,7917852,,,,,,1532,勤美,,,428655,,,,,,,,,,,,,,,,,1,上市,115,-163070,,,,,0,,,,,,,,,,,,,,,,,,19247325,,,,14943514,,6341000,,35.90,24279086,35106369,,,,,,,,,4226043,,,34226331,,,2534034,53473656,,,,,,,,,,,,,,,4303811,9947245,18367287,0
,,,,1246363,,,,,,1533,車王電,,,-193407,,,,,,,,,,,,,,,,,1,上市,115,,,,,,0,,,,,,,,,,,,,,,,,,2941178,,,,2404099,,0,,24.40,4065737,6295465,,,,,,,,,985475,,,6828195,,,365668,9769373,,,,,,,,,,,,,,,537079,2762458,3473908,0
,,,,2187165,,,,,,1535,中宇,,,-86112,,,,,,,,,,,,,,,,,1,上市,115,,,,,,,,,,,,,,,,,,,,,,,,3969474,,,,3969474,,0,,32.08,2899878,4550141,,,,,,,,,1237426,,,3140785,,,630995,7110259,,,,,,,,,,,,,,,,240907,2560118,0
,,,,936675,,,,,,1536,和大,,,-95663,,,,,,,,,,,,,,,,,1,上市,115,,,,,,,,,,,,,,,,,,,,,,,,7684040,,,,7526688,,0,,26.98,7142129,5819495,,,,,,,,,2789595,,,13643021,,,3896081,21327061,,,,,,,,,,,,,,,157352,6500892,15507566,0
,,,,2923328,,,,,,1537,廣隆,,,168494,,,,,,,,,,,,,,,,,1,上市,115,,,,,,0,,,,,,,,,,,,,,,,,,4613928,,,,4613928,,0,,56.22,946784,4928080,,,,,,,,,820628,,,1350886,,,701478,5964814,,,,,,,,,,,,,,,,404102,1036734,0
,,,,-174494,,,,,,1538,正峰,,,-28783,,,,,,,,,,,,,,,,,1,上市,115,,,,,,0,,,,,,,,,,,,,,,,,,126495,,,,125789,,0,,3.89,94130,106653,,,,,,,,,323000,,,131817,,,6066,258312,,,,,,,,,,,,,,,706,37687,151659,0
,,,,945501,,,,,,1539,巨庭,,,3080,,,,,,,,,,,,,,,,,1,上市,115,,,,,,0,,,,,,,,,,,,,,,,,,1602281,,,,1602281,,0,,24.51,398507,1037743,,,,,,,,,653700,,,575122,,,0,2177403,,,,,,,,,,,,,,,0,176615,1139660,0
,,,,497335,,,,,,1540,喬福,,,,,,,,,,,,,,,,,,,,1,上市,115,,,,,,0,,,,,,,,,,,,,,,,,,1506323,,,,,,0,,17.62,188469,1374176,,,,,,,,,854736,,,196606,,,154252,1702929,,,,,,,,,,,,,,,,8137,328753,0
,,,,1360017,,,,,,1541,錩泰,,,9334,,,,,,,,,,,,,,,,,1,上市,115,0,,,,,,,,,,,,,,,,,,,,,,,2158715,,,,2158715,,0,,27.39,569429,1949028,,,,,,,,,788000,,,995082,,,1364,3153797,,,,,,,,,,,,,,,0,425653,1204769,0
,,,,3239305,,,,,,1558,伸興,,,-302892,,,,,,,,,,,,,,,,,1,上市,115,0,,,,,,,,,,,,,,,,,,,,,,,8727440,,,,5313458,,0,,82.33,2436771,7337752,,,,,,,,,645356,,,4826378,,,1731689,13553818,,,,,,,,,,,,,,,3413982,2389607,6216066,0
,,,,4903448,,,,,,1560,中砂,,,-64244,,,,,,,,,,,,,,,,,1,上市,115,,,,,,,,,,,,,,,,,,,,,,,,8578258,,,,8236699,,0,,55.31,3216860,5759371,,,,,,,,,1489253,,,5383626,,,1908242,13961884,,,,,,,,,,,,,,,341559,2166766,8202513,0
,,,,4324332,,,,,,1563,巧新,,,-6069,,,,,,,,,,,,,,,,,1,上市,115,-515173,,,,,0,,,,,,,,,,,,,,,,,,8254699,,,,8209656,,8520000,,37.82,5754269,10888013,,,,,,,,,2256081,,,11683940,,,2150485,19938639,,,,,,,,,,,,,,,45043,5929671,9050626,0
,,,,653133,,,,,,1568,倉佑,0,,3249,,,,,,,,,,,,,,,,,1,上市,115,0,,,,,,,,,,,,,,,,,,,,,,0,2040166,,,,1846764,,0,,17.91,501657,1051873,,,,,,,,,1030865,,,536301,,,159517,2576467,,,,,,,,,,,,,,,193402,34644,1524594,0
,,,,2945342,,,,,,1582,信錦,,,-240021,,,,,,,,,,,,,,,,,1,上市,115,,,,,,,,,,,,,,,,,,,,,,,,7906077,,,,7524999,,0,,52.16,4847990,9768761,,,,,,,,,1442686,,,5420878,,,3376992,13326955,,,,,,,,,,,,,,,381078,572888,3558194,0
,,,,4263503,,,,,,1583,程泰,,,32219,,,,,,,,,,,,,,,,,1,上市,115,,,,,,0,,,,,,,,,,,,,,,,,,7284811,,,,5715381,,0,,52.24,6396034,10168660,,,,,,,,,1094004,,,8016217,,,325655,15301028,,,,,,,,,,,,,,,1569430,1620183,5132368,0
,,,,254323,,,,,,1587,吉茂,,,4632,,,,,,,,,,,,,,,,,1,上市,115,,,,,,0,,,,,,,,,,,,,,,,,,1606480,,,,1606480,,0,,20.07,1907413,2367211,,,,,,,,,800556,,,2129999,,,546969,3736479,,,,,,,,,,,,,,,,222586,1369268,0
,,,,32525733,,,,,,1590,亞德客-KY,,,1476681,,,,,,,,,,,,,,,,,1,上市,115,,,,,,,,,,,,,,,,,,,,,,,,50855756,,,,50849658,,0,,254.25,10608563,29736697,,,,,,,,,2000000,,,11001347,,,14847244,61857103,,,,,,,,,,,,,,,6098,392784,32120406,0
,,,,1197659,,,,,,1597,直得,,,6056,,,,,,,,,,,,,,,,,1,上市,115,-147570,,,,,0,,,,,,,,,,,,,,,,,,2394885,,,,2394885,,2000000,,27.44,806397,1860395,,,,,,,,,892619,,,1688670,,,446121,4083555,,,,,,,,,,,,,,,,882273,2223160,0
,,,,24161,,,,,,1598,岱宇,,,-44998,,,,,,,,,,,,,,,,,1,上市,115,-443567,,,,,0,,,,,,,,,,,,,,,,,,4544206,,,,4204133,,12994000,,25.30,3729262,4112323,,,,,,,,,1791420,,,5632832,,,2877117,10177038,,,,,,,,,,,,,,,340073,1903570,6064715,0
,,,,6740393,,,,,,1603,華電,,,496394,,,,,,,,,,,,,,,,,1,上市,115,-2244172,,,,,,,,,,,,,,,,,,,,,,,7690247,,,,7563710,,32841809,,47.62,3598572,7530115,,,,,,,,,1916880,,,4350071,,,654215,12040318,,,,,,,,,,,,,,,126537,751499,4510203,0
,,,,5031693,,,,,,1604,聲寶,,,110267,,,,,,,,,,,,,,,,,1,上市,115,-777873,,,,,,,,,,,,,,,,,,,,,,,8966435,,,,8475304,,20431605,,23.30,4170169,4163362,,,,,,,,,3842000,,,10651689,,,269217,19618124,,,,,,,,,,,,,,,491131,6481520,15454762,0
,,,,61950473,,,,,,1605,華新,,,20408217,,,,,,,,,,,,,,,,,1,上市,115,,,,,,,,,,,,,,,,,,,,,,,,174479572,,,,164229659,,0,,37.06,60341422,90410765,,,,,,,,,44313329,,,131730308,,,37557640,306209880,,,,,,,,,,,,,,,10249913,71388886,215799115,0
,,,,3961807,,,,,,1608,華榮,,,-16724,,,,,,,,,,,,,,,,,1,上市,115,-968671,,,,,,,,,,,,,,,,,,,,,,,10929877,,,,9740285,,208563824,,22.96,5028451,9405391,,,,,,,,,6327735,,,5965058,,,436138,16894935,,,,,,,,,,,,,,,1189592,936607,7489544,0
,,,,6588164,,,,,,1609,大亞,0,,730053,,,,,,,,,,,,,,,,,1,上市,115,-12787,,,,,,,,,,,,,,,,,,,,,,0,20235998,,,,17492733,,2317419,,22.34,21118265,27273354,,,,,,,,,7852619,,,44130594,,,2334684,64366592,,,,,,,,,,,,,,,2743265,23012329,37093238,0
,,,,608001,,,,,,1611,中電,,,91167,,,,,,,,,,,,,,,,,1,上市,115,,,,,,,,,,,,,,,,,,,,,,,,3935207,,,,3935207,,0,,12.19,1062297,1903187,,,,,,,,,3227358,,,1282076,,,8681,5217283,,,,,,,,,,,,,,,,219779,3314096,0
,,,,4237600,,,,,,1612,宏泰,,,536555,,,,,,,,,,,,,,,,,1,上市,115,,,,,,,,,,,,,,,,,,,,,,,,8136366,,,,8135030,,0,,25.74,1615780,5390392,,,,,,,,,3160801,,,1779271,,,200074,9915637,,,,,,,,,,,,,,,1336,163491,4525245,0
,,,,2516698,,,,,,1614,三洋電,,,183225,,,,,,,,,,,,,,,,,1,上市,115,-132298,,,,,0,,,,,,,,,,,,,,,,,,5613089,,,,5568215,,10182744,,21.50,1212975,2618588,,,,,,,,,2691134,,,1659231,,,309456,7272320,,,,,,,,,,,,,,,44874,446256,4653732,0
,,,,2303924,,,,,,1615,大山,,,610889,,,,,,,,,,,,,,,,,1,上市,115,,,,,,,,,,,,,,,,,,,,,,,,4881450,,,,4881450,,0,,24.82,1271703,3527621,,,,,,,,,1966637,,,1457991,,,0,6339441,,,,,,,,,,,,,,,,186288,2811820,0
,,,,394290,,,,,,1616,億泰,,,11577,,,,,,,,,,,,,,,,,1,上市,115,-85077,,,,,,,,,,,,,,,,,,,,,,,2273144,,,,2273144,,4654499,,12.00,2198678,3518842,,,,,,,,,1941485,,,2209636,,,10869,4482780,,,,,,,,,,,,,,,,10958,963938,0
,,,,391517,,,,,,1617,榮星,,,-55940,,,,,,,,,,,,,,,,,1,上市,115,0,,,,,0,,,,,,,,,,,,,,,,,,2294242,,,,2287822,,0,,13.50,1064440,2297558,,,,,,,,,1695147,,,1140178,,,257098,3434420,,,,,,,,,,,,,,,6420,75738,1136862,0
,,,,3455068,,,,,,1618,合機,,,995037,,,,,,,,,,,,,,,,,1,上市,115,,,,,,,,,,,,,,,,,,,,,,,,6438510,,,,6438510,,0,,33.41,1792843,4189192,,,,,,,,,1926917,,,1873571,,,61488,8312081,,,,,,,,,,,,,,,,80728,4122889,0
,,,,1328540,,,,,,1623,大東電,,,49006,,,,,,,,,,,,,,,,,1,上市,115,,,,,,0,,,,,,,,,,,,,,,,,,3998493,,,,,,0,,60.58,3208168,6562360,,,,,,,,,660000,,,4134315,,,1960947,8132808,,,,,,,,,,,,,,,,926147,1570448,0
,,,,189453,,,,,,1626,艾美特-KY,,,-157224,,,,,,,,,,,,,,,,,1,上市,115,,,,,,0,,,,,,,,,,,,,,,,,,2729076,,,,2729076,,0,,18.22,5654325,5580871,,,,,,,,,1498217,,,5985319,,,1198630,8714395,,,,,,,,,,,,,,,,330994,3133524,0
,,,,3930996,,,,,,1702,南僑,,,245392,,,,,,,,,,,,,,,,,1,上市,115,-530114,,,,,,,,,,,,,,,,,,,,,,,15555699,,,,11878250,,46041259,,47.88,10700252,15712185,,,,,,,,,2941330,,,19000135,,,5290646,34555834,,,,,,,,,,,,,,,3677449,8299883,18843649,0
,,,,5614689,,,,,,1707,葡萄王,,,13339,,,,,,,,,,,,,,,,,1,上市,115,,,,,,,,,,,,,,,,,,,,,,,,11827813,,,,9990906,,0,,67.44,3396921,5419838,,,,,,,,,1481374,,,3633156,,,2881504,15460969,,,,,,,,,,,,,,,1836907,236235,10041131,0
,,,,4658428,,,,,,1708,東鹼,,,197364,,,,,,,,,,,,,,,,,1,上市,115,,,,,,,,,,,,,,,,,,,,,,,,7403272,,,,7403272,,0,,29.73,3484718,3498403,,,,,,,,,2490017,,,5350520,,,57463,12753792,,,,,,,,,,,,,,,,1865802,9255389,0
,,,,3171678,,,,,,1709,和益,,,713151,,,,,,,,,,,,,,,,,1,上市,115,,,,,,,,,,,,,,,,,,,,,,,,8996207,,,,8731133,,0,,18.30,2189161,5694389,,,,,,,,,4770163,,,3134319,,,76141,12130526,,,,,,,,,,,,,,,265074,945158,6436137,0
,,,,4750641,,,,,,1710,東聯,,,-3600539,,,,,,,,,,,,,,,,,1,上市,115,-118460,,,,,,,,,,,,,,,,,,,,,,,13225085,,,,10980615,,8675554,,12.52,12457768,7085020,,,,,,,,,8857031,,,23663579,,,1091942,36888664,,,,,,,,,,,,,,,2244470,11205811,29803644,0
,,,,2345657,,,,,,1711,永光,,,-48737,,,,,,,,,,,,,,,,,1,上市,115,0,,,,,0,,,,,,,,,,,,,,,,,,8509171,,,,8250860,,0,,15.06,3210447,6342018,,,,,,,,,5477522,,,4469031,,,476418,12978202,,,,,,,,,,,,,,,258311,1258584,6636184,0
,,,,3280120,,,,,,1712,興農,,,-113594,,,,,,,,,,,,,,,,,1,上市,115,,,,,,,,,,,,,,,,,,,,,,,,7899759,,,,7837219,,0,,18.64,6021995,8094195,,,,,,,,,4204926,,,7751244,,,465767,15651003,,,,,,,,,,,,,,,62540,1729249,7556808,0
,,,,2227830,,,,,,1713,國化,,,205194,,,,,,,,,,,,,,,,,1,上市,115,0,,,,,,,,,,,,,,,,,,,,,,,4035471,,,,,,0,,26.73,84245,634157,,,,,,,,,1509517,,,168324,,,92930,4203795,,,,,,,,,,,,,,,,84079,3569638,0
,,,,3756970,,,,,,1714,和桐,,,-957164,,,,,,,,,,,,,,,,,1,上市,115,-78973,,,,,0,,,,,,,,,,,,,,,,,,18088845,,,,12760428,,10141558,,13.00,4978429,17219321,,,,,,,,,9918248,,,7499378,,,121347,25588223,,,,,,,,,,,,,,,5328417,2520949,8368902,0
,,,,14698849,,,,,,1717,長興,,,689914,,,,,,,,,,,,,,,,,1,上市,115,,,,,,,,,,,,,,,,,,,,,,,,30021026,,,,28806540,,0,,24.57,19435870,32875604,,,,,,,,,11722455,,,32795852,,,1695322,62816878,,,,,,,,,,,,,,,1214486,13359982,29941274,0
,,,,2967723,,,,,,1718,中纖,,,1885555,,,,,,,,,,,,,,,,,1,上市,115,-1187969,,,,,,,,,,,,,,,,,,,,,,,,93668660,,,22275925,,352474645,,16.71,911432986,795306498,,,,,,,,,16859057,,,946776732,,,1751559,1040445392,,,,,,,,,,,,,,,71392735,35343746,245138894,0
,,,,4016891,,,,,,1720,生達,,,-63822,,,,,,,,,,,,,,,,,1,上市,115,,,,,,0,,,,,,,,,,,,,,,,,,9071837,,,,6041189,,0,,33.81,2681118,5483391,,,,,,,,,1786961,,,3029345,,,301159,12101182,,,,,,,,,,,,,,,3030648,348227,6617791,0
,,,,-278583,,,,,,1721,國慶科技,,,-5330,,,,,,,,,,,,,,,,,1,上市,115,,,,,,,,,,,,,,,,,,,,,,,,1607183,,,,1607183,,0,,8.69,640442,1315512,,,,,,,,,1848841,,,1240970,,,42255,2848153,,,,,,,,,,,,,,,,600528,1532641,0
,,,,38347516,,,,,,1722,台肥,0,,4460099,,,,,,,,,,,,,,,,,1,上市,115,0,,,,,0,,,,,,,,,,,,,,,,,0,54853780,,,,54853780,,0,,55.97,2472405,9852669,,,,,,,,,9800000,,,28451374,,,2246165,83305154,,,,,,,,,,,,,,,0,25978969,73452485,0
,,,,5071194,,,,,,1723,中碳,,,-261229,,,,,,,,,,,,,,,,,1,上市,115,-117638,,,,,,,,,,,,,,,,,,,,,,,8049942,,,,8049942,,4753537,,34.68,1696462,3402849,,,,,,,,,2369044,,,3468337,,,988571,11518279,,,,,,,,,,,,,,,,1771875,8115430,0
,,,,1217954,,,,,,1725,元禎,,,3682569,,,,,,,,,,,,,,,,,1,上市,115,0,,,,,,,,,,,,,,,,,,,,,,,6721111,,,,6721110,,0,,36.96,2493582,8253269,,,,,,,,,1818300,,,2580906,,,2287,9302017,,,,,,,,,,,,,,,1,87324,1048748,0
,,,,9270311,,,,,,1726,永記,,,-117126,,,,,,,,,,,,,,,,,1,上市,115,,,,,,,,,,,,,,,,,,,,,,,,10883149,,,,10883149,,0,,67.18,1685171,8868588,,,,,,,,,1620000,,,1855862,,,109964,12739011,,,,,,,,,,,,,,,,170691,3870423,0
,,,,410248,,,,,,1727,中華化,,,,,,,,,,,,,,,,,,,,1,上市,115,,,,,,,,,,,,,,,,,,,,,,,,2110719,,,,,,0,,16.49,1095199,1123188,,,,,,,,,1280196,,,1513893,,,420275,3624612,,,,,,,,,,,,,,,,418694,2501424,0
,,,,1288368,,,,,,1730,花仙子,,,-2560,,,,,,,,,,,,,,,,,1,上市,115,,,,,,,,,,,,,,,,,,,,,,,,2298923,,,,2152804,,0,,34.05,507896,1675601,,,,,,,,,632339,,,543551,,,234657,2842474,,,,,,,,,,,,,,,146119,35655,1166873,0
,,,,745433,,,,,,1731,美吾華,,,-45021,,,,,,,,,,,,,,,,,1,上市,115,,,,,,,,,,,,,,,,,,,,,,,,2221883,,,,2221883,,0,,16.72,449159,1235092,,,,,,,,,1329152,,,1089875,,,192319,3311758,,,,,,,,,,,,,,,,640716,2076666,0
,,,,67813,,,,,,1732,毛寶,,,-1213,,,,,,,,,,,,,,,,,1,上市,115,,,,,,0,,,,,,,,,,,,,,,,,,493743,,,,493743,,0,,11.63,155539,446287,,,,,,,,,424439,,,183070,,,2704,676813,,,,,,,,,,,,,,,,27531,230526,0
,,,,742574,,,,,,1733,五鼎,,,11475,,,,,,,,,,,,,,,,,1,上市,115,,,,,,,,,,,,,,,,,,,,,,,,1822808,,,,1821919,,0,,18.23,560904,1759309,,,,,,,,,999502,,,666458,,,68368,2489266,,,,,,,,,,,,,,,889,105554,729957,0
,,,,786821,,,,,,1734,杏輝,,,-75713,,,,,,,,,,,,,,,,,1,上市,115,,,,,,,,,,,,,,,,,,,,,,,,3808573,,,,3537216,,0,,18.60,1162480,2756927,,,,,,,,,1901968,,,2612435,,,924140,6421008,,,,,,,,,,,,,,,271357,1449955,3664081,0
,,,,484218,,,,,,1735,日勝化,,,12962,,,,,,,,,,,,,,,,,1,上市,115,,,,,,,,,,,,,,,,,,,,,,,,1589077,,,,1589077,,0,,15.99,1284881,1617502,,,,,,,,,993880,,,1445890,,,98017,3034967,,,,,,,,,,,,,,,,161009,1417465,0
,,,,11884762,,,,,,1736,喬山,,,-1285643,,,,,,,,,,,,,,,,,1,上市,115,0,,,,,,,,,,,,,,,,,,,,,,,14090457,,,,14082232,,0,,46.42,23508674,30613897,,,,,,,,,3033946,,,32321282,,,449167,46411739,,,,,,,,,,,,,,,8225,8812608,15797842,0
,,,,2419767,,,,,,1737,臺鹽,,,-1522,,,,,,,,,,,,,,,,,1,上市,115,,,,,,,,,,,,,,,,,,,,,,,,6909095,,,,6909095,,0,,34.55,867892,2822409,,,,,,,,,2000000,,,1388240,,,2490850,8297335,,,,,,,,,,,,,,,0,520348,5474926,0
,,,,1181044,,,,,,1752,南光,,,-36,,,,,,,,,,,,,,,,,1,上市,115,,,,,,0,,,,,,,,,,,,,,,,,,2360109,,,,2355114,,0,,23.32,1241507,1514341,,,,,,,,,1009885,,,1508959,,,164221,3869068,,,,,,,,,,,,,,,4995,267452,2354727,0
,,,,245059,,,,,,1760,寶齡富錦,,,-20600,,,,,,,,,,,,,,,,,1,上市,115,,,,,,0,,,,,,,,,,,,,,,,,,1835561,,,,1835561,,0,,21.41,1129210,1449442,,,,,,,,,857391,,,1377532,,,753711,3213093,,,,,,,,,,,,,,,,248322,1763651,0
,,,,2132420,,,,,,1762,中化生,,,-53247,,,,,,,,,,,,,,,,,1,上市,115,0,,,,,0,,,,,,,,,,,,,,,,,,3180116,,,,3180116,,0,,41.34,401638,1211119,,,,,,,,,769180,,,1275970,,,331763,4456086,,,,,,,,,,,,,,,,874332,3244967,0
,,,,8727343,,,,,,1773,勝一,,,28527,,,,,,,,,,,,,,,,,1,上市,115,0,,,,,,,,,,,,,,,,,,,,,,,12012516,,,,11859594,,0,,39.53,3267436,4356505,,,,,,,,,3000000,,,5798840,,,103724,17811356,,,,,,,,,,,,,,,152922,2531404,13454851,0
,,,,306834,,,,,,1776,展宇,,,-58777,,,,,,,,,,,,,,,,,1,上市,115,,,,,,,,,,,,,,,,,,,,,,,,924058,,,,862231,,0,,14.34,332954,1060002,,,,,,,,,601070,,,551103,,,13104,1475161,,,,,,,,,,,,,,,61827,218149,415159,0
,,,,587275,,,,,,1783,和康生,,,-189287,,,,,,,,,,,,,,,,,1,上市,115,,,,,,0,,,,,,,,,,,,,,,,,,1626550,,,,1626550,,0,,18.13,355506,1180100,,,,,,,,,896981,,,364273,,,331581,1990823,,,,,,,,,,,,,,,,8767,810723,18000
,,,,151593,,,,,,1786,科妍,,,-774,,,,,,,,,,,,,,,,,1,上市,115,,,,,,,,,,,,,,,,,,,,,,,,1859405,,,,1859405,,0,,24.85,373198,1526912,,,,,,,,,748276,,,892039,,,960310,2751444,,,,,,,,,,,,,,,,518841,1224532,0
,,,,1326870,,,,,,1789,神隆,,,-216108,,,,,,,,,,,,,,,,,1,上市,115,,,,,,0,,,,,,,,,,,,,,,,,,10312843,,,,10312843,,0,,13.04,873540,5725268,,,,,,,,,7907392,,,1547316,,,1294689,11860159,,,,,,,,,,,,,,,,673776,6134891,0
,,,,15796997,,,,,,1795,美時,,,-1251035,,,,,,,,,,,,,,,,,1,上市,115,-824160,,,,,0,,,,,,,,,,,,,,,,,,24032175,,,,24032175,,4064000,,91.44,16238147,25895685,,,,,,,,,2668738,,,83501410,,,7641635,107533585,,,,,,,,,,,,,,,,67263263,81637900,0
,,,,19477698,,,,,,1802,台玻,,,-771426,,,,,,,,,,,,,,,,,1,上市,115,,,,,,,,,,,,,,,,,,,,,,,,52491118,,,,49682118,,0,,17.08,26269291,37068563,,,,,,,,,29080608,,,39115841,,,1895238,91606959,,,,,,,,,,,,,,,2809000,12846550,54538396,0
,,,,76457,,,,,,1805,寶徠,,,-8491,,,,,,,,,,,,,,,,,1,上市,115,0,,,,,,,,,,,,,,,,,,,,,,,1645024,,,,1645024,,0,,12.19,325761,1765427,,,,,,,,,1349705,,,352663,,,227353,1997687,,,,,,,,,,,,,,,0,26902,232260,0
,,,,774413,,,,,,1806,冠軍,,,403340,,,,,,,,,,,,,,,,,1,上市,115,-46592,,,,,0,,,,,,,,,,,,,,,,,,5193199,,,,5193199,,3887000,,13.44,1170448,3999029,,,,,,,,,3904039,,,2617721,,,157999,7810920,,,,,,,,,,,,,,,0,1447273,3811891,0
,,,,4542519,,,,,,1808,潤隆,,,187196,,,,,,,,,,,,,,,,,1,上市,115,,,,,,,,,,,,,,,,,,,,,,,,13686768,,,,13686768,,0,,15.33,26633648,46784978,,,,,,,,,8930317,,,37973630,,,26736,51660398,,,,,,,,,,,,,,,,11339982,4875420,0
,,,,1259945,,,,,,1809,中釉,,,-98881,,,,,,,,,,,,,,,,,1,上市,115,,,,,,,,,,,,,,,,,,,,,,,,3337365,,,,2960043,,0,,17.72,975481,2099014,,,,,,,,,1670419,,,1191709,,,128560,4529074,,,,,,,,,,,,,,,377322,216228,2430060,0
,,,,4307091,,,,,,1810,和成,,,706075,,,,,,,,,,,,,,,,,1,上市,115,-4781,,,,,0,,,,,,,,,,,,,,,,,,8105433,,,,8048468,,445484,,26.66,1355686,4420438,,,,,,,,,3023037,,,2087067,,,17046,10192500,,,,,,,,,,,,,,,56965,731381,5772062,0
,,,,1606189,,,,,,1817,凱撒衛,,,-256006,,,,,,,,,,,,,,,,,1,上市,115,,,,,,,,,,,,,,,,,,,,,,,,2404923,,,,2359040,,0,,32.49,304617,1873263,,,,,,,,,726000,,,558812,,,282857,2963735,,,,,,,,,,,,,,,45883,254195,1090472,0
,,,,433902,,,,,,1903,士紙,,,2406940,,,,,,,,,,,,,,,,,1,上市,115,,,,,,,,,,,,,,,,,,,,,,,,5441233,,,,5441233,,0,,20.92,3471062,3573741,,,,,,,,,2600391,,,5062394,,,0,10503627,,,,,,,,,,,,,,,,1591332,6929886,0
,,,,18095234,,,,,,1904,正隆,,,-637703,,,,,,,,,,,,,,,,,1,上市,115,,,,,,,,,,,,,,,,,,,,,,,,30456730,,,,29706857,,0,,26.80,24639229,23384595,,,,,,,,,11082745,,,42553667,,,1166581,73010397,,,,,,,,,,,,,,,749873,17914438,49625802,0
,,,,2020921,,,,,,1905,華紙,,,3085042,,,,,,,,,,,,,,,,,1,上市,115,0,,,,,,,,,,,,,,,,,,,,,,,18846892,,,,16305169,,0,,14.78,17495767,20547530,,,,,,,,,11028353,,,22082543,,,170853,40929435,,,,,,,,,,,,,,,2541723,4586776,20381905,0
,,,,2613575,,,,,,1906,寶隆,,,-1062652,,,,,,,,,,,,,,,,,1,上市,115,,,,,,,,,,,,,,,,,,,,,,,,3079226,,,,,,0,,20.39,2439937,476045,,,,,,,,,1510000,,,2763272,,,18303,5842498,,,,,,,,,,,,,,,,323335,5366453,0
,,,,23087115,,,,,,1907,永豐餘,,,34511961,,,,,,,,,,,,,,,,,1,上市,115,,,,,,,,,,,,,,,,,,,,,,,,95450520,,,,78208058,,0,,47.10,57579369,69038373,,,,,,,,,16603715,,,82625870,,,4005267,178076390,,,,,,,,,,,,,,,17242462,25046501,109038017,0
,,,,4729629,,,,,,1909,榮成,,,-1357322,,,,,,,,,,,,,,,,,1,上市,115,-226789,,,,,,,,,,,,,,,,,,,,,,,20800130,,,,20769351,,23248000,,15.92,22767425,14658431,,,,,,,,,13276857,,,49630869,,,4346976,70430999,,,,,,,,,,,,,,,30779,26863444,55772568,0
,,,,106834674,,,,,,2002,中鋼,,,736287,,,,,,,,,,,,,,,,,1,上市,115,-13118233,,,,,,,,,,,,,,,,,,,,,,,331606684,,,,293381230,,674286000,,19.43,154652832,182155729,,,,,,,,,157731290,,,344185931,,,41197212,675792615,,,,,,,,,,,,,,,38225454,189533099,493636886,0
,,,,17774995,,,,,,2006,東和鋼鐵,,,-394968,,,,,,,,,,,,,,,,,1,上市,115,,,,,,,,,,,,,,,,,,,,,,,,32549969,,,,32427210,,0,,44.41,18568929,28387625,,,,,,,,,7302138,,,19405487,,,7745045,51955456,,,,,,,,,,,,,,,122759,836558,23567831,0
,,,,-1622611,,,,,,2007,燁興,,,8187,,,,,,,,,,,,,,,,,1,上市,115,,,,,,,,,,,,,,,,,,,,,,,,3987539,,,,,,0,,7.51,4815985,1778772,,,,,,,,,5306516,,,8216939,,,295447,12204478,,,,,,,,,,,,,,,,3400954,10425706,0
,,,,1495054,,,,,,2008,高興昌,,,361738,,,,,,,,,,,,,,,,,1,上市,115,,,,,,,,,,,,,,,,,,,,,,,,3765315,,,,,,0,,19.73,1949854,2434612,,,,,,,,,1908523,,,4596942,,,0,8362257,,,,,,,,,,,,,,,,2647088,5927645,0
,,,,652007,,,,,,2009,第一銅,,,4040699,,,,,,,,,,,,,,,,,1,上市,115,,,,,,,,,,,,,,,,,,,,,,,,8288928,,,,,,0,,23.05,1725805,2492291,,,,,,,,,3596222,,,1994285,,,0,10283213,,,,,,,,,,,,,,,,268480,7790922,0
,,,,5550897,,,,,,2010,春源,,,-131458,,,,,,,,,,,,,,,,,1,上市,115,,,,,,,,,,,,,,,,,,,,,,,,12462425,,,,12074324,,0,,18.64,9394504,15350374,,,,,,,,,6476554,,,11630814,,,178331,24093239,,,,,,,,,,,,,,,388101,2236310,8742865,0
,,,,1051552,,,,,,2012,春雨,,,-554656,,,,,,,,,,,,,,,,,1,上市,115,-267195,,,,,0,,,,,,,,,,,,,,,,,,4526126,,,,3818061,,23430173,,13.70,2951091,7012659,,,,,,,,,3021627,,,7079137,,,566733,11605263,,,,,,,,,,,,,,,708065,4128046,4592604,0
,,,,2593600,,,,,,2013,中鋼構,,,-159131,,,,,,,,,,,,,,,,,1,上市,115,,,,,,,,,,,,,,,,,,,,,,,,5817800,,,,5817800,,0,,29.09,9196600,11211063,,,,,,,,,2000000,,,9941941,,,1383331,15759741,,,,,,,,,,,,,,,,745341,4548678,0
,,,,-1087120,,,,,,2014,中鴻,,,-1297827,,,,,,,,,,,,,,,,,1,上市,115,,,,,,,,,,,,,,,,,,,,,,,,11971400,,,,11971400,,0,,8.34,5559159,7457212,,,,,,,,,14355444,,,13973640,,,903,25945040,,,,,,,,,,,,,,,,8414481,18487828,0
,,,,15146123,,,,,,2015,豐興,,,-217035,,,,,,,,,,,,,,,,,1,上市,115,,,,,,,,,,,,,,,,,,,,,,,,21214466,,,,21202191,,0,,36.45,4388066,12172005,,,,,,,,,5815994,,,5068762,,,457109,26283228,,,,,,,,,,,,,,,12275,680696,14111223,0
,,,,-165597,,,,,,2017,官田鋼,,,632717,,,,,,,,,,,,,,,,,1,上市,115,-277143,,,,,,,,,,,,,,,,,,,,,,,6997439,,,,5234482,,20446652,,12.28,4052808,4770869,,,,,,,,,4468747,,,7711201,,,575758,14708640,,,,,,,,,,,,,,,1762957,3658393,9937771,0
,,,,1139236,,,,,,2020,美亞,,,1900,,,,,,,,,,,,,,,,,1,上市,115,,,,,,,,,,,,,,,,,,,,,,,,4105888,,,,4093071,,0,,15.33,4176897,6020459,,,,,,,,,2670313,,,4910199,,,281622,9016087,,,,,,,,,,,,,,,12817,733302,2995628,0
,,,,-186875,,,,,,2022,聚亨,,,81643,,,,,,,,,,,,,,,,,1,上市,115,,,,,,,,,,,,,,,,,,,,,,,,6866402,,,,3381243,,0,,10.03,2999244,5762757,,,,,,,,,3371682,,,3817208,,,114793,10683610,,,,,,,,,,,,,,,3485159,817964,4920853,0
,,,,9418927,,,,,,2023,燁輝,,,-319566,,,,,,,,,,,,,,,,,1,上市,115,-397485,,,,,0,,,,,,,,,,,,,,,,,,32015488,,,,31724438,,27198000,,17.16,24854621,27193306,,,,,,,,,18762402,,,68710431,,,4260160,100725919,,,,,,,,,,,,,,,291050,43855810,73532613,0
,,,,144650,,,,,,2024,志聯,,,,,,,,,,,,,,,,,,,,1,上市,115,,,,,,,,,,,,,,,,,,,,,,,,1130358,,,,,,0,,11.59,308309,701978,,,,,,,,,975000,,,495039,,,10708,1625397,,,,,,,,,,,,,,,,186730,923419,0
,,,,-207145,,,,,,2025,千興,,,137142,,,,,,,,,,,,,,,,,1,上市,115,,,,,,,,,,,,,,,,,,,,,,,,1656602,,,,,,0,,9.59,642110,1385153,,,,,,,,,1726605,,,643754,,,,2300356,,,,,,,,,,,,,,,,1644,915203,0
,,,,25951768,,,,,,2027,大成鋼,,,4406087,,,,,,,,,,,,,,,,,1,上市,115,-3544603,,,,,,,,,,,,,,,,,,,,,,,93391454,,,,79210902,,232022155,,33.67,24455518,89517343,,,,,,,,,25842606,,,66551339,,,26555044,159942793,,,,,,,,,,,,,,,14180552,42095821,70425450,0
,,,,1218472,,,,,,2028,威致,,,342775,,,,,,,,,,,,,,,,,1,上市,115,-40711,,,,,,,,,,,,,,,,,,,,,,,4777684,,,,,,1693000,,14.74,1640339,3243867,,,,,,,,,3257148,,,2992382,,,,7770066,,,,,,,,,,,,,,,,1352043,4526199,0
,,,,5240145,,,,,,2029,盛餘,,,9509,,,,,,,,,,,,,,,,,1,上市,115,,,,,,0,,,,,,,,,,,,,,,,,,10107183,,,,10019423,,0,,31.20,1415146,8418174,,,,,,,,,3211800,,,1524045,,,1557969,11631228,,,,,,,,,,,,,,,87760,108899,3213054,0
,,,,1797302,,,,,,2030,彰源,,,27002,,,,,,,,,,,,,,,,,1,上市,115,-75919,,,,,,,,,,,,,,,,,,,,,,,5017116,,,,5017116,,4560000,,18.18,4584464,6688220,,,,,,,,,2805260,,,7059382,,,463471,12076498,,,,,,,,,,,,,,,,2474918,5388278,0
,,,,6103859,,,,,,2031,新光鋼,,,288242,,,,,,,,,,,,,,,,,1,上市,115,,,,,,,,,,,,,,,,,,,,,,,,11274871,,,,10549294,,0,,32.85,10640609,15811293,,,,,,,,,3211463,,,17538865,,,945730,28813736,,,,,,,,,,,,,,,725577,6898256,13002443,0
,,,,330843,,,,,,2032,新鋼,,,10811,,,,,,,,,,,,,,,,,1,上市,115,,,,,,,,,,,,,,,,,,,,,,,,1753880,,,,,,0,,13.44,447134,1409931,,,,,,,,,1305215,,,586657,,,107011,2340537,,,,,,,,,,,,,,,,139523,930606,0
,,,,167043,,,,,,2033,佳大,,,71966,,,,,,,,,,,,,,,,,1,上市,115,0,,,,,0,,,,,,,,,,,,,,,,,,1063992,,,,,,0,,13.19,130958,382129,,,,,,,,,806945,,,149464,,,18038,1213456,,,,,,,,,,,,,,,,18506,831327,0
,,,,1494447,,,,,,2034,允強,,,791242,,,,,,,,,,,,,,,,,1,上市,115,,,,,,,,,,,,,,,,,,,,,,,,9600432,,,,9600432,,0,,18.15,9094633,10115642,,,,,,,,,5289956,,,13057364,,,2024787,22657796,,,,,,,,,,,,,,,,3962731,12542154,0
,,,,488379,,,,,,2038,海光,,,995924,,,,,,,,,,,,,,,,,1,上市,115,,,,,,,,,,,,,,,,,,,,,,,,4020615,,,,3831864,,0,,19.74,2285465,3525258,,,,,,,,,1941343,,,5038254,,,406218,9058869,,,,,,,,,,,,,,,188751,2752789,5533611,0
,,,,25034565,,,,,,2049,上銀,,,1497832,,,,,,,,,,,,,,,,,1,上市,115,,,,,,,,,,,,,,,,,,,,,,,,37647569,,,,37550055,,0,,106.14,8865182,20342001,,,,,,,,,3537923,,,17143078,,,7479735,54790647,,,,,,,,,,,,,,,97514,8277896,34448646,0
,,,,29749459,,,,,,2059,川湖,,,29522,,,,,,,,,,,,,,,,,1,上市,115,0,,,,,,,,,,,,,,,,,,,,,,,31528643,,,,31528643,,0,,330.85,6265438,34276607,,,,,,,,,952971,,,7981426,,,796691,39510069,,,,,,,,,,,,,,,0,1715988,5233462,0
,,,,3680268,,,,,,2062,橋椿,,,-9740,,,,,,,,,,,,,,,,,1,上市,115,,,,,,,,,,,,,,,,,,,,,,,,7583276,,,,7581596,,0,,37.91,2757680,5437227,,,,,,,,,1999942,,,4030140,,,1911126,11613416,,,,,,,,,,,,,,,1680,1272460,6176189,0
,,,,1457075,,,,,,2069,運錩,,,-7415,,,,,,,,,,,,,,,,,1,上市,115,0,,,,,,,,,,,,,,,,,,,,,,,4356658,,,,4356658,,0,,26.18,3913450,4252225,,,,,,,,,1663868,,,5325210,,,1243130,9681868,,,,,,,,,,,,,,,,1411760,5429643,0
,,,,2601559,,,,,,2072,世紀風電,,,,,,,,,,,,,,,,,,,,1,上市,115,,,,,,,,,,,,,,,,,,,,,,,,23361966,,,,23359566,,0,,121.66,5754398,17192001,,,,,,,,,1920000,,,7319257,,,18838007,30681223,,,,,,,,,,,,,,,2400,1564859,13489222,0
,,,,5819489,,,,,,2101,南港,,,436437,,,,,,,,,,,,,,,,,1,上市,115,-419993,,,,,,,,,,,,,,,,,,,,,,,13468504,,,,13468504,,10865595,,18.63,37879190,40354728,,,,,,,,,7339349,,,38754818,,,293222,52223322,,,,,,,,,,,,,,,0,875628,11868594,0
,,,,166062,,,,,,2102,泰豐,,,4795183,,,,,,,,,,,,,,,,,1,上市,115,-183035,,,,,,,,,,,,,,,,,,,,,,,9675716,,,,9675716,,13755607,,21.05,173077,3027452,,,,,,,,,4733292,,,2492802,,,164214,12168518,,,,,,,,,,,,,,,,2319725,9141066,0
,,,,9599804,,,,,,2103,台橡,,,2573493,,,,,,,,,,,,,,,,,1,上市,115,,,,,,,,,,,,,,,,,,,,,,,,22147499,,,,20488162,,0,,24.81,11013075,20606457,,,,,,,,,8257099,,,22698723,,,57766,44846222,,,,,,,,,,,,,,,1659337,11685648,24239765,0
,,,,3033104,,,,,,2104,國際中橡,,,1790383,,,,,,,,,,,,,,,,,1,上市,115,-290088,,,,,,,,,,,,,,,,,,,,,,,24812157,,,,23617748,,14734663,,24.35,16492986,21721369,,,,,,,,,9847336,,,23513335,,,9237013,48325492,,,,,,,,,,,,,,,1194409,7020349,26604123,0
,,,,54585813,,,,,,2105,正新,,,-2257796,,,,,,,,,,,,,,,,,1,上市,115,,,,,,0,,,,,,,,,,,,,,,,,,85422288,,,,84858548,,0,,26.18,28545164,74828337,,,,,,,,,32414155,,,61509132,,,116376,146931420,,,,,,,,,,,,,,,563740,32963968,72103083,0
,,,,10015874,,,,,,2106,建大,,,27950,,,,,,,,,,,,,,,,,1,上市,115,,,,,,,,,,,,,,,,,,,,,,,,19592765,,,,19592765,,0,,20.52,9730576,25478129,,,,,,,,,9548900,,,27476173,,,41,47068938,,,,,,,,,,,,,,,,17745597,21590809,0
,,,,8922597,,,,,,2107,厚生,,,916942,,,,,,,,,,,,,,,,,1,上市,115,,,,,,,,,,,,,,,,,,,,,,,,13325218,,,,13325218,,0,,43.89,2061631,11124237,,,,,,,,,3035934,,,2536045,,,449745,15861263,,,,,,,,,,,,,,,,474414,4737026,0
,,,,8999430,,,,,,2108,南帝,,,324316,,,,,,,,,,,,,,,,,1,上市,115,,,,,,0,,,,,,,,,,,,,,,,,,16455741,,,,14299334,,0,,29.04,1850566,14271694,,,,,,,,,4924167,,,2404041,,,51421,18859782,,,,,,,,,,,,,,,2156407,553475,4588088,0
,,,,556035,,,,,,2109,華豐,,,15269,,,,,,,,,,,,,,,,,1,上市,115,,,,,,0,,,,,,,,,,,,,,,,,,4949687,,,,3480438,,0,,12.46,2285586,3848121,,,,,,,,,2793492,,,3577294,,,115642,8526981,,,,,,,,,,,,,,,1469249,1291708,4678860,0
,,,,2234019,,,,,,2114,鑫永銓,,,,,,,,,,,,,,,,,,,,1,上市,115,,,,,,0,,,,,,,,,,,,,,,,,,3283008,,,,,,0,,42.09,377709,2447186,,,,,,,,,779918,,,589495,,,269071,3872503,,,,,,,,,,,,,,,,211786,1425317,0
,,,,2126358,,,,,,2115,六暉-KY,,,-226268,,,,,,,,,,,,,,,,,1,上市,115,,,,,,0,,,,,,,,,,,,,,,,,,3355957,,,,3337825,,0,,31.98,942761,2550411,,,,,,,,,1043732,,,1610225,,,394003,4966182,,,,,,,,,,,,,,,18132,667464,2415771,0
,,,,36011638,,,,,,2201,裕隆,,,2022458,,,,,,,,,,,,,,,,,1,上市,115,-376301,,,,,,,,,,,,,,,,,,,,,,,96021448,,,,64453478,,7526431,,60.66,257093889,258394518,,,,,,,,,10700013,,,273701167,,,16095670,369722615,,,,,,,,,,,,,,,31567970,16607278,111328097,0
,,,,23693032,,,,,,2204,中華,,,175730,,,,,,,,,,,,,,,,,1,上市,115,,,,,,,,,,,,,,,,,,,,,,,,40777484,,,,36863914,,0,,66.59,12470685,14530336,,,,,,,,,5536203,,,13555521,,,7458949,54333005,,,,,,,,,,,,,,,3913570,1084836,39802669,0
,,,,18960744,,,,,,2206,三陽工業,,,-632306,,,,,,,,,,,,,,,,,1,上市,115,-598988,,,,,0,,,,,,,,,,,,,,,,,,43371715,,,,27283540,,13176452,,35.41,24328027,35643431,,,,,,,,,7836756,,,53175170,,,1717334,96546885,,,,,,,,,,,,,,,16088175,28847143,60903454,0
,,,,64624396,,,,,,2207,和泰車,,,6107609,,,,,,,,,,,,,,,,,1,上市,115,,,,,,0,,,,,,,,,,,,,,,,,,,116334068,,,79222218,,0,,142.20,369092964,371776395,,,,,,,,,5571028,,,408817797,,,2919185,525151865,,,,,,,,,,,,,,,37111850,39724833,153375470,0
,,,,-5546536,,,,,,2208,台船,,,138680,,,,,,,,,,,,,,,,,1,上市,115,,,,,,0,,,,,,,,,,,,,,,,,,7288975,,,,7337538,,0,,5.76,26569866,29452802,,,,,,,,,12745394,,,41875243,,,0,49164218,,,,,,,,,,,,,,,-48563,15305377,19711416,0
,,,,14026481,,,,,,2211,長榮鋼,,,7729983,,,,,,,,,,,,,,,,,1,上市,115,,,,,,,,,,,,,,,,,,,,,,,,30961845,,,,27247186,,0,,65.33,5623316,15679754,,,,,,,,,4170915,,,8163868,,,1319807,39125713,,,,,,,,,,,,,,,3714659,2540552,23445959,0
,,,,9802107,,,,,,2227,裕日車,,,-414652,,,,,,,,,,,,,,,,,1,上市,115,,,,,,,,,,,,,,,,,,,,,,,,18376423,,,,18376423,,0,,61.25,1673418,7156009,,,,,,,,,3000000,,,4692070,,,5988968,23068493,,,,,,,,,,,,,,,,3018652,15912484,0
,,,,3249149,,,,,,2228,劍麟,,,-44208,,,,,,,,,,,,,,,,,1,上市,115,,,,,,0,,,,,,,,,,,,,,,,,,5202287,,,,5202287,,0,,65.21,620149,3665930,,,,,,,,,797797,,,1614190,,,1199549,6816477,,,,,,,,,,,,,,,,994041,3150547,0
,,,,1661821,,,,,,2231,為升,,,10727,,,,,,,,,,,,,,,,,1,上市,115,,,,,,0,,,,,,,,,,,,,,,,,,4483656,,,,3444599,,0,,25.34,3871879,5909936,,,,,,,,,1359319,,,6306282,,,412732,10789938,,,,,,,,,,,,,,,1039057,2434403,4880002,0
,,,,2499993,,,,,,2233,宇隆,,,-11597,,,,,,,,,,,,,,,,,1,上市,115,,,,,,,,,,,,,,,,,,,,,,,,4014646,,,,3999083,,0,,66.33,1255818,4204923,,,,,,,,,602881,,,3106555,,,907806,7121201,,,,,,,,,,,,,,,15563,1850737,2916278,0
,,,,491320,,,,,,2236,百達-KY,,,-121504,,,,,,,,,,,,,,,,,1,上市,115,,,,,,,,,,,,,,,,,,,,,,,,2424149,,,,2309173,,0,,37.61,3805503,5738910,,,,,,,,,614017,,,6132128,,,1325340,8556277,,,,,,,,,,,,,,,114976,2326625,2817367,0
,,,,164771,,,,,,2237,華德動能-創,,,-32305,,,,,,,,,,,,,,,,,1,上市,115,,,,,,0,,,,,,,,,,,,,,,,,,1367284,,,,1367284,,0,,11.23,2462337,3403652,,,,,,,,,1217729,,,2747319,,,17089,4114603,,,,,,,,,,,,,,,,284982,710951,0
,,,,1800904,,,,,,2239,英利-KY,,,-683754,,,,,,,,,,,,,,,,,1,上市,115,0,,,,,0,,,,,,,,,,,,,,,,,,17788041,,,,11601352,,0,,98.56,11457831,17936897,,,,,,,,,1177126,,,17327620,,,9307076,35115661,,,,,,,,,,,,,,,6186689,5869789,17178764,0
,,,,-819083,,,,,,2241,艾姆勒,,,11677,,,,,,,,,,,,,,,,,1,上市,115,,,,,,0,,,,,,,,,,,,,,,,,,1519590,,,,1335084,,0,,12.76,375178,952113,,,,,,,,,1046023,,,856522,,,1096467,2376112,,,,,,,,,,,,,,,184506,481344,1423999,0
,,,,-426047,,,,,,2243,宏旭-KY,,,-1352,,,,,,,,,,,,,,,,,1,上市,115,,,,,,,,,,,,,,,,,,,,,,,,888645,,,,888645,,0,,12.81,2072227,2600752,,,,,,,,,693736,,,2339243,,,622308,3227888,,,,,,,,,,,,,,,,267016,627136,0
,,,,7195952,,,,,,2247,汎德永業,,,33851,,,,,,,,,,,,,,,,,1,上市,115,,,,,,,,,,,,,,,,,,,,,,,,12391565,,,,12391565,,0,,153.53,4180964,11058769,,,,,,,,,807087,,,8824557,,,4354675,21216122,,,,,,,,,,,,,,,,4643593,10157353,0
,,,,784795,,,,,,2248,華勝-KY,,,36493,,,,,,,,,,,,,,,,,1,上市,115,,,,,,,,,,,,,,,,,,,,,,,,1790141,,,,1790141,,0,,37.61,1373717,2515725,,,,,,,,,476000,,,1407252,,,492853,3197393,,,,,,,,,,,,,,,,33535,681668,0
,,,,806042,,,,,,2250,IKKA-KY,0,,-139045,,,,,,,,,,,,,,,,,1,上市,115,,,,,,0,,,,,,,,,,,,,,,,,,2140951,,,,2140951,,0,,58.84,986699,2520265,,,,,,,,,363882,,,1562907,,,1110072,3703858,,,,,,,,,,,,,,,0,576208,1183593,0
,,,,-119992,,,,,,2254,巨鎧精密-創,,,235872,,,,,,,,,,,,,,,,,1,上市,115,-9942,,,,,0,,,,,,,,,,,,,,,,,,1034748,,,,1034748,,153000,,16.23,730335,245505,,,,,,,,,639077,,,1197039,,,289733,2231787,,,,,,,,,,,,,,,,466704,1986282,0
,,,,-11080462,,,,,,2258,鴻華先進-創,,,684,,,,,,,,,,,,,,,,,1,上市,115,,,,,,0,,,,,,,,,,,,,,,,,,12507399,,,,12507399,,0,,7.14,5665843,5432601,,,,,,,,,17510768,,,6776615,,,6076409,19284014,,,,,,,,,,,,,,,,1110772,13851413,484900
,,,,46800183,,,,,,2301,光寶科,,,-704261,,,,,,,,,,,,,,,,,1,上市,115,-2726963,,,,,,,,,,,,,,,,,,,,,,,88263414,,,,88105047,,47004221,,38.83,116511425,165353065,,,,,,,,,23161078,,,122427807,,,21575010,210691221,,,,,,,,,,,,,,,158367,5916382,45338156,0
,,,,247924,,,,,,2302,麗正,,,-124831,,,,,,,,,,,,,,,,,1,上市,115,,,,,,,,,,,,,,,,,,,,,,,,1786131,,,,1786131,,0,,10.74,819815,1204494,,,,,,,,,1663029,,,894283,,,9,2680414,,,,,,,,,,,,,,,,74468,1475920,0
,,,,249065399,,,,,,2303,聯電,,,16037791,,,,,,,,,,,,,,,,,1,上市,115,,,,,,,,,,,,,,,,,,,,,,,,406736158,,,,406700597,,0,,32.33,79611375,216440269,,,,,,,,,125785246,,,193195750,,,15812161,599931908,,,,,,,,,,,,,,,35561,113584375,383491639,0
,,,,45407,,,,,,2305,全友,,,299653,,,,,,,,,,,,,,,,,1,上市,115,-49781,,,,,,,,,,,,,,,,,,,,,,,2488151,,,,2351887,,2934365,,11.60,336947,1660268,,,,,,,,,2056608,,,667749,,,0,3155900,,,,,,,,,,,,,,,136264,330802,1495632,0
,,,,204081142,,,,,,2308,台達電,,,8439662,,,,,,,,,,,,,,,,,1,上市,115,,,,,,0,,,,,,,,,,,,,,,,,,357259207,,,,299542746,,0,,115.32,220629087,431011083,,,,,,,,,25975433,,,326914768,,,61046509,684173975,,,,,,,,,,,,,,,57716461,106285681,253162892,0
,,,,2749683,,,,,,2312,金寶,,,2827634,,,,,,,,,,,,,,,,,1,上市,115,0,,,,,,,,,,,,,,,,,,,,,,,36934758,,,,22463861,,0,,14.92,68733311,84408959,,,,,,,,,15057812,,,88792974,,,1828732,125727732,,,,,,,,,,,,,,,14470897,20059663,41318773,0
,,,,32325000,,,,,,2313,華通,,,1550454,,,,,,,,,,,,,,,,,1,上市,115,,,,,,,,,,,,,,,,,,,,,,,,46853886,,,,46853886,,0,,39.31,33662918,52731928,,,,,,,,,11918206,,,46599014,,,1060226,93452900,,,,,,,,,,,,,,,0,12936096,40720972,0
,,,,-1831437,,,,,,2314,台揚,,,-265764,,,,,,,,,,,,,,,,,1,上市,115,,,,,,,,,,,,,,,,,,,,,,,,56158,,,,56158,,0,,0.53,2737838,1919579,,,,,,,,,1061264,,,3284757,,,1092095,3340915,,,,,,,,,,,,,,,,546919,1421336,0
,,,,10963959,,,,,,2316,楠梓電,,,334973,,,,,,,,,,,,,,,,,1,上市,115,-93017,,,,,,,,,,,,,,,,,,,,,,,13737042,,,,13737042,,1306059,,75.71,3322172,7528022,,,,,,,,,1827405,,,6292603,,,703722,20029645,,,,,,,,,,,,,,,,2970431,12501623,0
,,,,1413917377,,,,,,2317,鴻海,,,-3930137,,,,,,,,,,,,,,,,,1,上市,115,-15194,,,,,0,,,,,,,,,,,,,,,,,,1988798469,,,,1779930229,,1483078,,127.12,2792211149,4052387707,,,,,,,,,140286486,,,3241680598,,,229671697,5230479067,,,,,,,,,,,,,,,208868240,449469449,1178091360,0
,,,,-140839,,,,,,2321,東訊,,,13728,,,,,,,,,,,,,,,,,1,上市,115,0,,,,,0,,,,,,,,,,,,,,,,,,432797,,,,175608,,0,,5.80,366319,594557,,,,,,,,,302719,,,735200,,,0,1167997,,,,,,,,,,,,,,,257189,368881,573440,0
,,,,1290671,,,,,,2323,中環,,,155607,,,,,,,,,,,,,,,,,1,上市,115,,,,,,0,,,,,,,,,,,,,,,,,,19114310,,,,18773951,,0,,17.23,6222986,17255783,,,,,,,,,10893483,,,9533685,,,6434190,28647995,,,,,,,,,,,,,,,340359,3310699,11392212,0
,,,,75427035,,,,,,2324,仁寶,,,8425671,,,,,,,,,,,,,,,,,1,上市,115,-881247,,,,,,,,,,,,,,,,,,,,,,,145908725,,,,130890309,,50017431,,30.04,285043722,372539532,,,,,,,,,44071466,,,306525209,,,3847384,452433934,,,,,,,,,,,,,,,15018416,21481487,79894402,0
,,,,107961080,,,,,,2327,國巨*,,,7890247,,,,,,,,,,,,,,,,,1,上市,115,-2030720,,,,,,,,,,,,,,,,,,,,,,,169099395,,,,166871112,,16568120,,81.15,150655819,175966941,,,,,,,,,5182415,,,232595483,,,47868090,401694878,,,,,,,,,,,,,,,2228283,81939664,225727937,0
,,,,9099604,,,,,,2328,廣宇,,,-766483,,,,,,,,,,,,,,,,,1,上市,115,,,,,,0,,,,,,,,,,,,,,,,,,17709889,,,,15020189,,0,,28.98,5968936,17020205,,,,,,,,,5183462,,,6535005,,,1503606,24244894,,,,,,,,,,,,,,,2689700,566069,7224689,0
,,,,4181303,,,,,,2329,華泰,,,95885,,,,,,,,,,,,,,,,,1,上市,115,,,,,,0,,,,,,,,,,,,,,,,,,11445034,,,,11445034,,0,,17.37,8460526,11473582,,,,,,,,,6589763,,,11149882,,,578083,22594916,,,,,,,,,,,,,,,,2689356,11121334,0
,,,,5520488484,,,,,,2330,台積電,,,37482236,,,,,,,,,,,,,,,,,1,上市,115,,,,,,154454,,,,,,,,,,,,,,,,,,5932388921,,,,5890960252,,0,,227.17,1714253448,4265512176,,,,,,,,,259323701,,,2728560764,,,73665831,8660949685,,,,,,,,,,,,,,,41428669,1014307316,4395437509,0
,,,,1972979,,,,,,2331,精英,,,-2085068,,,,,,,,,,,,,,,,,1,上市,115,,,,,,0,,,,,,,,,,,,,,,,,,10908814,,,,10899264,,0,,19.55,11084211,15373097,,,,,,,,,5574030,,,11962276,,,5437323,22871090,,,,,,,,,,,,,,,9550,878065,7497993,0
,,,,2494968,,,,,,2332,友訊,,,-1549542,,,,,,,,,,,,,,,,,1,上市,115,-82823,,,,,0,,,,,,,,,,,,,,,,,,10673524,,,,8234661,,5434069,,13.80,3980490,10255657,,,,,,,,,6022424,,,4795742,,,1349634,15469266,,,,,,,,,,,,,,,2438863,815252,5213609,0
,,,,21905474,,,,,,2337,旺宏,,,7003488,,,,,,,,,,,,,,,,,1,上市,115,-159061,,,,,,,,,,,,,,,,,,,,,,,50648170,,,,50639505,,1956619,,25.58,13877364,32339811,,,,,,,,,19813088,,,31504611,,,2076516,82152781,,,,,,,,,,,,,,,8665,17627247,49812970,50226002
,,,,-208883,,,,,,2338,光罩,0,,27800,,,,,,,,,,,,,,,,,1,上市,115,-891759,,,,,0,,,,,,,,,,,,,,,,,,6188920,,,,6042197,,39816440,,18.48,8085052,6285382,,,,,,,,,3668492,,,12071970,,,3446547,18260890,,,,,,,,,,,,,,,146723,3986918,11975508,0
,,,,298620,,,,,,2340,台亞,,,-185355,,,,,,,,,,,,,,,,,1,上市,115,-23172,,,,,,,,,,,,,,,,,,,,,,,6783303,,,,6329099,,754543,,14.45,4374534,5468504,,,,,,,,,4386228,,,7853545,,,1852778,14636848,,,,,,,,,,,,,,,454204,3479011,9168344,0
,,,,231787,,,,,,2342,茂矽,,,-91614,,,,,,,,,,,,,,,,,1,上市,115,,,,,,0,,,,,,,,,,,,,,,,,,2337451,,,,2316502,,0,,14.71,540803,1455743,,,,,,,,,1575247,,,818912,,,601082,3156363,,,,,,,,,,,,,,,20949,278109,1700620,0
,,,,39894023,,,,,,2344,華邦電,,,17164087,,,,,,,,,,,,,,,,,1,上市,115,,,,,,,,,,,,,,,,,,,,,,,,122893519,,,,116650942,,0,,25.92,75046248,110641935,,,,,,,,,45000002,,,106920169,,,14592830,229813688,,,,,,,,,,,,,,,6242577,31873921,119171753,0
,,,,57234780,,,,,,2345,智邦,,,1607007,,,,,,,,,,,,,,,,,1,上市,115,-50999,,,,,,,,,,,,,,,,,,,,,,,65404534,,,,65317039,,2209867,,116.87,93448561,143785613,,,,,,,,,5611179,,,99078985,,,915072,164483519,,,,,,,,,,,,,,,87495,5630424,20697906,0
,,,,53213761,,,,,,2347,聯強,,,-4780507,,,,,,,,,,,,,,,,,1,上市,115,,,,,,0,,,,,,,,,,,,,,,,,,81773866,,,,78596878,,0,,47.12,157729943,208416617,,,,,,,,,16679470,,,167490035,,,13484154,249263901,,,,,,,,,,,,,,,3176988,9760092,40847284,0
,,,,4789931,,,,,,2348,海悅,,,410693,,,,,,,,,,,,,,,,,1,上市,115,-10295,,,,,0,,,,,,,,,,,,,,,,,,10531583,,,,8363255,,164000,,46.02,15833225,36707260,,,,,,,,,1818989,,,39143789,,,1353937,49675372,,,,,,,,,,,,,,,2168328,23310564,12968112,0
,,,,-2012304,,,,,,2349,錸德,,,-726194,,,,,,,,,,,,,,,,,1,上市,115,,,,,,0,,,,,,,,,,,,,,,,,,9621927,,,,5473276,,0,,7.89,4098088,6881621,,,,,,,,,6936797,,,8301632,,,1274977,17923559,,,,,,,,,,,,,,,4148651,4203544,11041938,0
,,,,4877429,,,,,,2351,順德,,,-43152,,,,,,,,,,,,,,,,,1,上市,115,,,,,,,,,,,,,,,,,,,,,,,,7578868,,,,7245787,,0,,39.78,3511531,7664285,,,,,,,,,1821403,,,5808485,,,590107,13387353,,,,,,,,,,,,,,,333081,2296954,5723068,0
,,,,15248819,,,,,,2352,佳世達,,,-4199218,,,,,,,,,,,,,,,,,1,上市,115,,,,,,,,,,,,,,,,,,,,,,,,60440204,,,,29303955,,0,,18.54,108440981,124175179,,,,,,,,,15805065,,,151802424,,,2449289,212242628,,,,,,,,,,,,,,,31136249,43361443,88067449,0
,,,,15152916,,,,,,2353,宏碁,,,1862840,,,,,,,,,,,,,,,,,1,上市,115,-2712774,,,,,0,,,,,,,,,,,,,,,,,,96680080,,,,72818256,,41646290,,24.22,148022790,191754114,,,,,,,,,30478538,,,178156636,,,28036736,274836716,,,,,,,,,,,,,,,23861824,30133846,83082602,0
,,,,94455837,,,,,,2354,鴻準,,,-9266569,,,,,,,,,,,,,,,,,1,上市,115,,,,,,0,,,,,,,,,,,,,,,,,,106421629,,,,106928680,,0,,75.60,42954189,119608118,,,,,,,,,14144852,,,44332160,,,7594560,150753789,,,,,,,,,,,,,,,-507051,1377971,31145671,0
,,,,11854154,,,,,,2355,敬鵬,,,304192,,,,,,,,,,,,,,,,,1,上市,115,-6333,,,,,0,,,,,,,,,,,,,,,,,,17708429,,,,17707735,,150000,,44.57,5497081,13267337,,,,,,,,,3974954,,,6773749,,,1580768,24482178,,,,,,,,,,,,,,,694,1276668,11214841,0
,,,,33764819,,,,,,2356,英業達,,,916960,,,,,,,,,,,,,,,,,1,上市,115,,,,,,0,,,,,,,,,,,,,,,,,,73734958,,,,73448960,,0,,20.47,289769524,316622404,,,,,,,,,35874751,,,308509302,,,2892430,382244260,,,,,,,,,,,,,,,285998,18739778,65621856,0
,,,,211800919,,,,,,2357,華碩,,,50978282,,,,,,,,,,,,,,,,,1,上市,115,,,,,,,,,,,,,,,,,,,,,,,,316730012,,,,286889361,,0,,386.25,327627459,485857648,,,,,,,,,7427603,,,354711686,,,16682557,671441698,,,,,,,,,,,,,,,29840651,27084227,185584050,0
,,,,3246597,,,,,,2359,所羅門,,,-118375,,,,,,,,,,,,,,,,,1,上市,115,-6042,,,,,0,,,,,,,,,,,,,,,,,,6236250,,,,5748242,,100432,,33.54,3998667,8393550,,,,,,,,,1714711,,,4283921,,,911351,10520171,,,,,,,,,,,,,,,488008,285254,2126621,0
,,,,18383357,,,,,,2360,致茂,,,864077,,,,,,,,,,,,,,,,,1,上市,115,-30868,,,,,,,,,,,,,,,,,,,,,,,28526659,,,,27734263,,1654579,,65.47,20960269,33181595,,,,,,,,,4252457,,,26092855,,,4265240,54619514,,,,,,,,,,,,,,,792396,5132586,21437919,0
,,,,39672356,,,,,,2362,藍天,,,-910968,,,,,,,,,,,,,,,,,1,上市,115,-873442,,,,,0,,,,,,,,,,,,,,,,,,44235917,,,,44235917,,44263265,,76.53,19086193,21268600,,,,,,,,,6222630,,,60685209,,,125341,104921126,,,,,,,,,,,,,,,,41599016,83652526,0
,,,,5109754,,,,,,2363,矽統,,,8295106,,,,,,,,,,,,,,,,,1,上市,115,,,,,,,,,,,,,,,,,,,,,,,,20476813,,,,20360333,,1,,39.54,1358822,4049792,,,,,,,,,5149882,,,2069457,,,1805591,22546270,,,,,,,,,,,,,,,116480,710635,18496478,0
,,,,225528,,,,,,2364,倫飛,,,31789,,,,,,,,,,,,,,,,,1,上市,115,,,,,,0,,,,,,,,,,,,,,,,,,751857,,,,781249,,0,,14.91,950493,1165011,,,,,,,,,523897,,,1003694,,,35,1755551,,,,,,,,,,,,,,,-29392,53201,590540,0
,,,,1229045,,,,,,2365,昆盈,,,-571125,,,,,,,,,,,,,,,,,1,上市,115,,,,,,,,,,,,,,,,,,,,,,,,3144098,,,,3100840,,0,,14.00,179058,1787644,,,,,,,,,2215285,,,432970,,,227635,3577068,,,,,,,,,,,,,,,43258,253912,1789424,0
,,,,1438217,,,,,,2367,燿華,,,166959,,,,,,,,,,,,,,,,,1,上市,115,,,,,,,,,,,,,,,,,,,,,,,,12713080,,,,12713080,,0,,18.00,8605176,8218390,,,,,,,,,7062532,,,13094592,,,4045372,25807672,,,,,,,,,,,,,,,,4489416,17589282,0
,,,,18727415,,,,,,2368,金像電,,,809407,,,,,,,,,,,,,,,,,1,上市,115,-92754,,,,,,,,,,,,,,,,,,,,,,,34904556,,,,34904556,,5151375,,68.19,37126423,63413985,,,,,,,,,5170470,,,49473703,,,10290018,84378259,,,,,,,,,,,,,,,,12347280,20964274,6517060
,,,,193830,,,,,,2369,菱生,,,-17165,,,,,,,,,,,,,,,,,1,上市,115,-176415,,,,,,,,,,,,,,,,,,,,,,,5019314,,,,4843586,,5658911,,12.94,1552915,3843835,,,,,,,,,3801023,,,2586551,,,1042313,7605865,,,,,,,,,,,,,,,175728,1033636,3762030,0
,,,,18602708,,,,,,2371,大同,,,4533080,,,,,,,,,,,,,,,,,1,上市,115,-2215590,,,,,0,,,,,,,,,,,,,,,,,,54192713,,,,46219730,,104778243,,22.59,36312240,70419825,,,,,,,,,21508349,,,88657309,,,3791183,142850022,,,,,,,,,,,,,,,7972983,52345069,72430197,0
,,,,3456931,,,,,,2373,震旦行,,,17283,,,,,,,,,,,,,,,,,1,上市,115,-791826,,,,,,,,,,,,,,,,,,,,,,,8346694,,,,7008244,,12496797,,31.33,5041529,9413877,,,,,,,,,2362025,,,9291067,,,1963831,17637761,,,,,,,,,,,,,,,1338450,4249538,8223884,0
,,,,3517778,,,,,,2374,佳能,,,-93070,,,,,,,,,,,,,,,,,1,上市,115,-54,,,,,,,,,,,,,,,,,,,,,,,9205700,,,,8921558,,5400,,26.51,3906011,7417396,,,,,,,,,3365755,,,4206532,,,2131149,13412232,,,,,,,,,,,,,,,284142,300521,5994836,0
,,,,4176627,,,,,,2375,凱美,,,15218,,,,,,,,,,,,,,,,,1,上市,115,,,,,,0,,,,,,,,,,,,,,,,,,10011529,,,,10011529,,0,,92.12,4373826,7658800,,,,,,,,,1086753,,,5006059,,,4732931,15017588,,,,,,,,,,,,,,,,632233,7358788,0
,,,,43263859,,,,,,2376,技嘉,,,587980,,,,,,,,,,,,,,,,,1,上市,115,,,,,,0,,,,,,,,,,,,,,,,,,67045748,,,,64567230,,0,,96.38,170374747,234087870,,,,,,,,,6698889,,,180781022,,,14016502,247826770,,,,,,,,,,,,,,,2478518,10406275,13738900,0
,,,,45484922,,,,,,2377,微星,,,174097,,,,,,,,,,,,,,,,,1,上市,115,,,,,,0,,,,,,,,,,,,,,,,,,54914200,,,,54914200,,0,,65.00,56814984,106512512,,,,,,,,,8448562,,,64185562,,,806619,119099762,,,,,,,,,,,,,,,,7370578,12587250,0
,,,,34057274,,,,,,2379,瑞昱,,,4365077,,,,,,,,,,,,,,,,,1,上市,115,,,,,,0,,,,,,,,,,,,,,,,,,45211062,,,,45201310,,0,,87.68,94606737,108499843,,,,,,,,,5155126,,,97865250,,,1623833,143076312,,,,,,,,,,,,,,,9752,3258513,34576469,0
,,,,-89486,,,,,,2380,虹光,,,-41083,,,,,,,,,,,,,,,,,1,上市,115,-6669,,,,,0,,,,,,,,,,,,,,,,,,574368,,,,572073,,54177,,9.54,1494975,1568491,,,,,,,,,600000,,,1751805,,,109311,2326173,,,,,,,,,,,,,,,2295,256830,757682,0
,,,,146257785,,,,,,2382,廣達,,,1782101,,,,,,,,,,,,,,,,,1,上市,115,-333094,,,,,0,,,,,,,,,,,,,,,,,,219448483,,,,207482788,,8108885,,53.83,1388785784,1625727414,,,,,,,,,38626274,,,1528861132,,,21149722,1748309615,,,,,,,,,,,,,,,11965695,140075348,122582201,0
,,,,31126135,,,,,,2383,台光電,,,1711932,,,,,,,,,,,,,,,,,1,上市,115,,,,,,0,,,,,,,,,,,,,,,,,,47920935,,,,47942628,,0,,133.80,68350963,90741002,,,,,,,,,3583211,,,83055788,,,11521350,130976723,,,,,,,,,,,,,,,-21693,14704825,40235721,0
,,,,22765745,,,,,,2385,群光,,,274301,,,,,,,,,,,,,,,,,1,上市,115,-273574,,,,,0,,,,,,,,,,,,,,,,,,48801164,,,,41271628,,32363233,,56.72,58335796,79920878,,,,,,,,,7600532,,,59101883,,,10904624,107903047,,,,,,,,,,,,,,,7529536,766087,27982169,0
,,,,8483426,,,,,,2387,精元,,,-356524,,,,,,,,,,,,,,,,,1,上市,115,-23737,,,,,1730000,,,,,,,,,,,,,,,,,,11328875,,,,10195617,,1730000,,53.16,8411954,15191052,,,,,,,,,1952510,,,9075749,,,139942,20404624,,,,,,,,,,,,,,,1133258,663795,5213572,0
,,,,7958589,,,,,,2388,威盛,,,1038527,,,,,,,,,,,,,,,,,1,上市,115,,,,,,,,,,,,,,,,,,,,,,,,23765956,,,,21858463,,0,,39.32,13828653,27029658,,,,,,,,,5560715,,,15114556,,,7300632,38880512,,,,,,,,,,,,,,,1907493,1285903,11850854,146000
,,,,-71767,,,,,,2390,云辰,,,-41799,,,,,,,,,,,,,,,,,1,上市,115,,,,,,,,,,,,,,,,,,,,,,,,2431278,,,,2431278,,0,,12.62,343966,1736331,,,,,,,,,1926194,,,357128,,,618650,2788406,,,,,,,,,,,,,,,,13162,1052075,0
,,,,7231172,,,,,,2392,正崴,,,-922451,,,,,,,,,,,,,,,,,1,上市,115,-622774,,,,,0,,,,,,,,,,,,,,,,,,27516541,,,,22285796,,49503000,,48.15,65464823,65961303,,,,,,,,,5123269,,,95674753,,,11476580,123191294,,,,,,,,,,,,,,,5230745,30209930,57229991,0
,,,,7749732,,,,,,2393,億光,,,-436783,,,,,,,,,,,,,,,,,1,上市,115,,,,,,,,,,,,,,,,,,,,,,,,21120972,,,,20565777,,0,,46.38,8613579,20413501,,,,,,,,,4433931,,,9548824,,,8818897,30669796,,,,,,,,,,,,,,,555195,935245,10256295,0
,,,,28546047,,,,,,2395,研華,,,1639867,,,,,,,,,,,,,,,,,1,上市,115,,,,,,,,,,,,,,,,,,,,,,,,49725008,,,,49613432,,0,,57.14,29811036,49300373,,,,,,,,,8682545,,,34044129,,,10744973,83769137,,,,,,,,,,,,,,,111576,4233093,34468764,2424242
,,,,1239152,,,,,,2397,友通,,,-54684,,,,,,,,,,,,,,,,,1,上市,115,,,,,,0,,,,,,,,,,,,,,,,,,5556637,,,,3228548,,0,,28.20,5564770,8090820,,,,,,,,,1144889,,,7705318,,,899191,13261955,,,,,,,,,,,,,,,2328089,2140548,5171135,0
,,,,601758,,,,,,2399,映泰,,,13278,,,,,,,,,,,,,,,,,1,上市,115,,,,,,,,,,,,,,,,,,,,,,,,2462814,,,,2462814,,0,,13.83,591690,2477133,,,,,,,,,1781000,,,636030,,,66778,3098844,,,,,,,,,,,,,,,,44340,621711,0
,,,,1703373,,,,,,2401,凌陽,,,-488328,,,,,,,,,,,,,,,,,1,上市,115,-63401,,,,,,,,,,,,,,,,,,,,,,,10469343,,,,8208625,,3559996,,13.95,2112087,8420093,,,,,,,,,5919949,,,3521723,,,1137032,13991066,,,,,,,,,,,,,,,2260718,1409636,5570973,0
,,,,1394396,,,,,,2402,毅嘉,,,323970,,,,,,,,,,,,,,,,,1,上市,115,0,,,,,,,,,,,,,,,,,,,,,,,7105884,,,,7105884,,0,,23.11,6399824,9322656,,,,,,,,,3075366,,,8924609,,,2312152,16030493,,,,,,,,,,,,,,,,2524785,6707837,0
,,,,11446152,,,,,,2404,漢唐,,,765783,,,,,,,,,,,,,,,,,1,上市,115,-325240,,,,,0,,,,,,,,,,,,,,,,,,14640758,,,,14384931,,1700000,,76.16,69797396,80001823,,,,,,,,,1905867,,,70802446,,,592369,85443204,,,,,,,,,,,,,,,255827,1005050,5441381,0
,,,,58479,,,,,,2405,輔信,,,-64042,,,,,,,,,,,,,,,,,1,上市,115,,,,,,,,,,,,,,,,,,,,,,,,3575113,,,,3465212,,0,,10.09,831666,1937677,,,,,,,,,3434273,,,947641,,,36502,4522754,,,,,,,,,,,,,,,109901,115975,2585077,0
,,,,-59683,,,,,,2406,國碩,,,-158764,,,,,,,,,,,,,,,,,1,上市,115,,,,,,,,,,,,,,,,,,,,,,,,8655671,,,,3655470,,0,,10.42,3389608,6714512,,,,,,,,,3509057,,,8268290,,,364860,16923961,,,,,,,,,,,,,,,5000201,4878682,10209449,0
,,,,125513400,,,,,,2408,南亞科,,,3232892,,,,,,,,,,,,,,,,,1,上市,115,,,,,,0,,,,,,,,,,,,,,,,,,193037438,,,,192900167,,0,,62.25,25207062,141606845,,,,,,,,,30986279,,,47930660,,,33167596,240968098,,,,,,,,,,,,,,,137271,22723598,99361253,0
,,,,30728829,,,,,,2409,友達,0,,-2615360,,,,,,,,,,,,,,,,,1,上市,115,0,,,,,,,,,,,,,,,,,,,,,,,161763417,,,,149525667,,0,,19.81,124948160,139726713,,,,,,,,,75470990,,,214627241,,,45941208,376390658,,,,,,,,,,,,,,,12237750,89679081,236663945,0
,,,,145322435,,,,,,2412,中華電,,,941514,,,,,,,,,,,,,,,,,1,上市,115,,,,,,,,,,,,,,,,,,,,,,,,411432680,,,,396312256,,0,,51.09,81802629,134464879,,,,,,,,,77574465,,,136380954,,,172473842,547813634,,,,,,,,,,,,,,,15120424,54578325,413348755,0
,,,,793407,,,,,,2413,環科,,,-413920,,,,,,,,,,,,,,,,,1,上市,115,0,,,,,,,,,,,,,,,,,,,,,,,2074398,,,,2074074,,0,,16.29,1228472,2884546,,,,,,,,,1273592,,,2236173,,,420995,4310571,,,,,,,,,,,,,,,324,1007701,1426025,0
,,,,1511304,,,,,,2414,精技,,,-6323,,,,,,,,,,,,,,,,,1,上市,115,,,,,,,,,,,,,,,,,,,,,,,,4549086,,,,3418498,,0,,21.14,7572401,10526345,,,,,,,,,1617358,,,7788440,,,296159,12337526,,,,,,,,,,,,,,,1130588,216039,1811181,0
,,,,649710,,,,,,2415,錩新,,,6363,,,,,,,,,,,,,,,,,1,上市,115,,,,,,,,,,,,,,,,,,,,,,,,3202021,,,,1769927,,0,,19.67,6499060,8700617,,,,,,,,,900000,,,7194884,,,213854,10396905,,,,,,,,,,,,,,,1432094,695824,1696288,0
,,,,1133173,,,,,,2417,圓剛,0,,-1412,,,,,,,,,,,,,,,,,1,上市,115,-667853,,,,,0,,,,,,,,,,,,,,,,,,3914328,,,,2778029,,28711600,,21.61,1528420,3410231,,,,,,,,,1572939,,,1851537,,,741182,5765865,,,,,,,,,,,,,,,1136299,323117,2355634,0
,,,,207049,,,,,,2419,仲琦,,,222855,,,,,,,,,,,,,,,,,1,上市,115,,,,,,0,,,,,,,,,,,,,,,,,,5977486,,,,4796621,,0,,14.93,4731856,8947701,,,,,,,,,3213172,,,5114260,,,1153545,11091746,,,,,,,,,,,,,,,1180865,382404,2144045,0
,,,,2471574,,,,,,2420,新巨,,,22014,,,,,,,,,,,,,,,,,1,上市,115,,,,,,,,,,,,,,,,,,,,,,,,4176816,,,,4158126,,0,,27.24,653352,2457935,,,,,,,,,1526487,,,1626378,,,138051,5803194,,,,,,,,,,,,,,,18690,973026,3345259,0
,,,,5605163,,,,,,2421,建準,,,-155068,,,,,,,,,,,,,,,,,1,上市,115,-77943,,,,,,,,,,,,,,,,,,,,,,,11323767,,,,11323767,,904000,,39.59,7265103,14963066,,,,,,,,,2869437,,,8096459,,,3082178,19420226,,,,,,,,,,,,,,,0,831356,4457160,0
,,,,1458646,,,,,,2423,固緯,,,-104377,,,,,,,,,,,,,,,,,1,上市,115,,,,,,0,,,,,,,,,,,,,,,,,,2808898,,,,2808898,,0,,19.37,1034835,2664242,,,,,,,,,1450472,,,1167087,,,4157,3975985,,,,,,,,,,,,,,,,132252,1311743,0
,,,,-333415,,,,,,2424,隴華,,,1996,,,,,,,,,,,,,,,,,1,上市,115,,,,,,0,,,,,,,,,,,,,,,,,,295087,,,,276191,,0,,4.64,96758,185171,,,,,,,,,595850,,,129901,,,11760,424988,,,,,,,,,,,,,,,18896,33143,239817,0
,,,,1499239,,,,,,2425,承啟,,,43715,,,,,,,,,,,,,,,,,1,上市,115,,,,,,0,,,,,,,,,,,,,,,,,,3024117,,,,2508042,,0,,25.99,3530704,6477498,,,,,,,,,964988,,,3632354,,,100,6656471,,,,,,,,,,,,,,,516075,101650,178973,0
,,,,518822,,,,,,2426,鼎元,,,-30893,,,,,,,,,,,,,,,,,1,上市,115,,,,,,,,,,,,,,,,,,,,,,,,3760922,,,,3760922,,0,,12.51,798477,2649632,,,,,,,,,3006223,,,866690,,,266770,4627612,,,,,,,,,,,,,,,,68213,1977980,0
,,,,1203524,,,,,,2427,三商電,,,-80761,,,,,,,,,,,,,,,,,1,上市,115,,,,,,,,,,,,,,,,,,,,,,,,3444498,,,,3444498,,0,,17.40,2339035,4940961,,,,,,,,,1979996,,,3856451,,,341739,7300949,,,,,,,,,,,,,,,0,1517416,2359988,0
,,,,9836168,,,,,,2428,興勤,,,283530,,,,,,,,,,,,,,,,,1,上市,115,,,,,,,,,,,,,,,,,,,,,,,,11862097,,,,11753732,,0,,91.75,3081899,11421979,,,,,,,,,1281127,,,5491553,,,352907,17353650,,,,,,,,,,,,,,,108365,2409654,5931671,0
,,,,-560209,,,,,,2429,銘旺科,,,-14114,,,,,,,,,,,,,,,,,1,上市,115,,,,,,,,,,,,,,,,,,,,,,,,744241,,,,731876,,0,,8.56,282261,373944,,,,,,,,,855000,,,911222,,,451199,1655463,,,,,,,,,,,,,,,12365,628961,1281519,0
,,,,1976089,,,,,,2430,燦坤,,,-72046,,,,,,,,,,,,,,,,,1,上市,115,,,,,,0,,,,,,,,,,,,,,,,,,4322883,,,,4322883,,0,,37.01,5270850,4594497,,,,,,,,,1168000,,,9612189,,,1250840,13935072,,,,,,,,,,,,,,,,4341339,9340575,0
,,,,-155398,,,,,,2431,聯昌,,,-45676,,,,,,,,,,,,,,,,,1,上市,115,,,,,,0,,,,,,,,,,,,,,,,,,1067534,,,,1067534,,0,,9.62,142154,957935,,,,,,,,,1109270,,,169507,,,159338,1237041,,,,,,,,,,,,,,,,27353,279106,0
,,,,228552,,,,,,2432,倚天酷碁-創,0,,-105853,,,,,,,,,,,,,,,,,1,上市,115,,,,,,0,,,,,,,,,,,,,,,,,,1100234,,,,1100234,,0,,17.79,593217,1474029,,,,,,,,,618600,,,616736,,,358935,1716970,,,,,,,,,,,,,,,,23519,242941,0
,,,,1218200,,,,,,2433,互盛電,,,364568,,,,,,,,,,,,,,,,,1,上市,115,,,,,,,,,,,,,,,,,,,,,,,,3853480,,,,3070371,,0,,21.25,2066774,3705989,,,,,,,,,1444960,,,3508236,,,42643,7361716,,,,,,,,,,,,,,,783109,1441462,3655727,0
,,,,1285,,,,,,2434,統懋,,,-4847,,,,,,,,,,,,,,,,,1,上市,115,,,,,,,,,,,,,,,,,,,,,,,,467857,,,,467857,,0,,12.64,111881,108102,,,,,,,,,370000,,,222180,,,101419,690037,,,,,,,,,,,,,,,,110299,581935,0
,,,,1180030,,,,,,2436,偉詮電,,,-48574,,,,,,,,,,,,,,,,,1,上市,115,-193745,,,,,0,,,,,,,,,,,,,,,,,,4353297,,,,4343854,,2822000,,22.02,1886160,4987637,,,,,,,,,2000932,,,2035867,,,1405211,6389164,,,,,,,,,,,,,,,9443,149707,1401527,0
,,,,-354872,,,,,,2438,翔耀,,,-53016,,,,,,,,,,,,,,,,,1,上市,115,-17920,,,,,,,,,,,,,,,,,,,,,,,663081,,,,423476,,3000000,,6.21,630525,758977,,,,,,,,,711956,,,1173142,,,137328,1836223,,,,,,,,,,,,,,,239605,542617,1077246,0
,,,,6553239,,,,,,2439,美律,,,-549956,,,,,,,,,,,,,,,,,1,上市,115,-139221,,,,,0,,,,,,,,,,,,,,,,,,18554052,,,,16860622,,1645000,,66.91,17154639,27895085,,,,,,,,,2536449,,,22687204,,,8460111,41241256,,,,,,,,,,,,,,,1693430,5532565,13346171,0
,,,,-205843,,,,,,2440,太空梭,,,804262,,,,,,,,,,,,,,,,,1,上市,115,,,,,,0,,,,,,,,,,,,,,,,,,1994701,,,,1994701,,0,,14.34,1348409,2236738,,,,,,,,,1391173,,,1433947,,,5109,3428648,,,,,,,,,,,,,,,,85538,1191910,0
,,,,17889018,,,,,,2441,超豐,,,1654787,,,,,,,,,,,,,,,,,1,上市,115,,,,,,,,,,,,,,,,,,,,,,,,25236857,,,,25235039,,0,,44.36,3780793,12295231,,,,,,,,,5688459,,,4066699,,,2775,29303556,,,,,,,,,,,,,,,1818,285906,17008325,0
,,,,3643300,,,,,,2442,新美齊,,,-73186,,,,,,,,,,,,,,,,,1,上市,115,,,,,,0,,,,,,,,,,,,,,,,,,8625660,,,,7559031,,0,,23.24,14179726,21904867,,,,,,,,,3252321,,,15483592,,,736596,24109252,,,,,,,,,,,,,,,1066629,1303866,2204385,0
,,,,-408676,,,,,,2444,兆勁,0,,-8629,,,,,,,,,,,,,,,,,1,上市,115,0,,,,,,,,,,,,,,,,,,,,,,,751530,,,,746530,,0,,7.35,460112,910003,,,,,,,,,1015696,,,942700,,,148139,1694230,,,,,,,,,,,,,,,5000,482588,784227,0
,,,,30533794,,,,,,2449,京元電子,,,6587451,,,,,,,,,,,,,,,,,1,上市,115,,,,,,,,,,,,,,,,,,,,,,,,54438169,,,,54429645,,0,,44.51,18477256,28146159,,,,,,,,,12227451,,,58739756,,,5080949,113177925,,,,,,,,,,,,,,,8524,40262500,85031766,0
,,,,2813295,,,,,,2450,神腦,,,-26284,,,,,,,,,,,,,,,,,1,上市,115,,,,,,,,,,,,,,,,,,,,,,,,6116365,,,,6107737,,0,,23.65,4808973,7693177,,,,,,,,,2582527,,,5162140,,,738199,11278505,,,,,,,,,,,,,,,8628,353167,3585328,0
,,,,19028820,,,,,,2451,創見,,,103647,,,,,,,,,,,,,,,,,1,上市,115,,,,,,0,,,,,,,,,,,,,,,,,,26197165,,,,26197165,,0,,60.83,10559233,30438152,,,,,,,,,4306927,,,11005955,,,2757771,37203120,,,,,,,,,,,,,,,,446722,6764968,0
,,,,1006617,,,,,,2453,凌群,,,30494,,,,,,,,,,,,,,,,,1,上市,115,0,,,,,,,,,,,,,,,,,,,,,,,2049308,,,,2039529,,0,,20.40,2294582,3680471,,,,,,,,,1000000,,,2444844,,,2418,4494152,,,,,,,,,,,,,,,9779,150262,813681,0
,,,,304415867,,,,,,2454,聯發科,,,35060065,,,,,,,,,,,,,,,,,1,上市,115,-55970,,,,,,,,,,,,,,,,,,,,,,,398446955,,,,390280147,,7794085,,244.52,309807293,378185472,,,,,,,,,16039043,,,340329102,,,34821142,738776057,,,,,,,,,,,,,,,8166808,30521809,360590585,0
,,,,1657166,,,,,,2455,全新,,,-46200,,,,,,,,,,,,,,,,,1,上市,115,,,,,,0,,,,,,,,,,,,,,,,,,3667225,,,,,,0,,19.83,774487,2782788,,,,,,,,,1849059,,,1726948,,,207200,5394173,,,,,,,,,,,,,,,,952461,2611385,0
,,,,320083,,,,,,2457,飛宏,,,-52150,,,,,,,,,,,,,,,,,1,上市,115,,,,,,,,,,,,,,,,,,,,,,,,9000779,,,,9000779,,0,,21.19,3314265,7722725,,,,,,,,,4247724,,,4434966,,,4485122,13435745,,,,,,,,,,,,,,,,1120701,5713020,0
,,,,6378872,,,,,,2458,義隆,0,,-93725,,,,,,,,,,,,,,,,,1,上市,115,-833375,,,,,,,,,,,,,,,,,,,,,,0,9798057,,,,9672883,,17557199,,33.78,4973856,8628282,,,,,,,,,3038804,,,6912540,,,1182307,16710597,,,,,,,,,,,,,,,125174,1938684,8082315,0
,,,,4023760,,,,,,2459,敦吉,,,299033,,,,,,,,,,,,,,,,,1,上市,115,,,,,,,,,,,,,,,,,,,,,,,,5958782,,,,5560644,,0,,52.66,3159848,6078446,,,,,,,,,1055956,,,3255851,,,181895,9214633,,,,,,,,,,,,,,,398138,96003,3136187,0
,,,,-378057,,,,,,2460,建通,,,-24284,,,,,,,,,,,,,,,,,1,上市,115,0,,,,,,,,,,,,,,,,,,,,,,,1584694,,,,1584694,,0,,9.37,3048223,3036493,,,,,,,,,1692000,,,3565610,,,295035,5150304,,,,,,,,,,,,,,,,517387,2113811,0
,,,,796511,,,,,,2461,光群雷,,,-152086,,,,,,,,,,,,,,,,,1,上市,115,-57110,,,,,,,,,,,,,,,,,,,,,,,4173406,,,,3371734,,3331000,,17.88,2915219,4713779,,,,,,,,,1918880,,,4207146,,,865539,8380552,,,,,,,,,,,,,,,801672,1291927,3666773,0
,,,,1372717,,,,,,2462,良得電,,,-128583,,,,,,,,,,,,,,,,,1,上市,115,,,,,,0,,,,,,,,,,,,,,,,,,3750733,,,,3343226,,0,,22.17,1990956,3541387,,,,,,,,,1507844,,,2298030,,,591248,6048763,,,,,,,,,,,,,,,407507,307074,2507376,0
,,,,1899161,,,,,,2464,盟立,,,27288,,,,,,,,,,,,,,,,,1,上市,115,,,,,,,,,,,,,,,,,,,,,,,,5088266,,,,5024514,,0,,24.35,5883475,7398797,,,,,,,,,2063512,,,6229196,,,1034553,11317462,,,,,,,,,,,,,,,63752,345721,3918665,0
,,,,-110647,,,,,,2465,麗臺,,,12137,,,,,,,,,,,,,,,,,1,上市,115,,,,,,0,,,,,,,,,,,,,,,,,,1204572,,,,1204572,,0,,12.82,638916,1574817,,,,,,,,,939460,,,697716,,,363622,1902288,,,,,,,,,,,,,,,0,58800,327471,0
,,,,218915,,,,,,2466,冠西電,,,-220320,,,,,,,,,,,,,,,,,1,上市,115,,,,,,,,,,,,,,,,,,,,,,,,2037020,,,,2037020,,0,,11.74,970641,1081532,,,,,,,,,1734587,,,2468383,,,303838,4505403,,,,,,,,,,,,,,,,1497742,3423871,0
,,,,1290588,,,,,,2467,志聖,,,4567797,,,,,,,,,,,,,,,,,1,上市,115,-249977,,,,,0,,,,,,,,,,,,,,,,,,8604196,,,,8124111,,4399143,,53.32,7397306,8668744,,,,,,,,,1567553,,,12303757,,,948150,20907953,,,,,,,,,,,,,,,480085,4906451,12239209,0
,,,,535564,,,,,,2468,華經,,,-470,,,,,,,,,,,,,,,,,1,上市,115,,,,,,,,,,,,,,,,,,,,,,,,1297067,,,,1297067,,0,,18.54,1026900,1761612,,,,,,,,,699612,,,1097523,,,62361,2394590,,,,,,,,,,,,,,,,70623,632978,0
,,,,342750,,,,,,2471,資通,,,-2925,,,,,,,,,,,,,,,,,1,上市,115,,,,,,,,,,,,,,,,,,,,,,,,972545,,,,968864,,0,,20.50,534350,1320575,,,,,,,,,472539,,,599142,,,156500,1571687,,,,,,,,,,,,,,,3681,64792,251112,0
,,,,5651366,,,,,,2472,立隆電,,,258344,,,,,,,,,,,,,,,,,1,上市,115,,,,,,0,,,,,,,,,,,,,,,,,,14592437,,,,9614725,,0,,58.36,3302511,11680366,,,,,,,,,1647351,,,4096143,,,2057664,18688580,,,,,,,,,,,,,,,4977712,793632,7008214,0
,,,,122355408,,,,,,2474,可成,,,-983863,,,,,,,,,,,,,,,,,1,上市,115,-2587777,,,,,,,,,,,,,,,,,,,,,,,142556924,,,,139166019,,13783000,,254.14,75734641,111490974,,,,,,,,,5613691,,,82981411,,,14768560,225538335,,,,,,,,,,,,,,,3390905,7246770,114047361,0
,,,,5531488,,,,,,2476,鉅祥,,,300654,,,,,,,,,,,,,,,,,1,上市,115,,,,,,,,,,,,,,,,,,,,,,,,9986003,,,,9285944,,0,,42.58,2022591,8508714,,,,,,,,,2180810,,,2840613,,,1272992,12826616,,,,,,,,,,,,,,,700059,818022,4317902,327818
,,,,2401181,,,,,,2477,美隆電,,,90305,,,,,,,,,,,,,,,,,1,上市,115,,,,,,,,,,,,,,,,,,,,,,,,4420420,,,,4083502,,0,,25.75,2493981,5644395,,,,,,,,,1585732,,,4123384,,,6284,8543804,,,,,,,,,,,,,,,336918,1629403,2899409,0
,,,,4589822,,,,,,2478,大毅,,,-207605,,,,,,,,,,,,,,,,,1,上市,115,-87880,,,,,,,,,,,,,,,,,,,,,,,7390184,,,,7267122,,2000000,,50.91,2142984,5916948,,,,,,,,,1447313,,,3027325,,,1525472,10417509,,,,,,,,,,,,,,,123062,884341,4500561,0
,,,,1738319,,,,,,2480,敦陽科,,,17968,,,,,,,,,,,,,,,,,1,上市,115,0,,,,,0,,,,,,,,,,,,,,,,,,2986404,,,,2986404,,0,,28.08,5342627,7208003,,,,,,,,,1063603,,,5408397,,,166514,8394801,,,,,,,,,,,,,,,0,65770,1186798,0
,,,,4721342,,,,,,2481,強茂,,,-184306,,,,,,,,,,,,,,,,,1,上市,115,,,,,,,,,,,,,,,,,,,,,,,,15844817,,,,14499263,,0,,37.94,9238488,16640056,,,,,,,,,3821149,,,14747647,,,6141078,30592464,,,,,,,,,,,,,,,1345554,5509159,13952408,0
,,,,168633,,,,,,2482,連宇,,,-29676,,,,,,,,,,,,,,,,,1,上市,115,,,,,,,,,,,,,,,,,,,,,,,,1066306,,,,1065772,,0,,13.68,216514,898041,,,,,,,,,778827,,,232892,,,147988,1299198,,,,,,,,,,,,,,,534,16378,401157,0
,,,,1127808,,,,,,2483,百容,,,159892,,,,,,,,,,,,,,,,,1,上市,115,-9223,,,,,,,,,,,,,,,,,,,,,,,2596739,,,,2584512,,473000,,24.06,1006322,1524758,,,,,,,,,1078898,,,1639737,,,227137,4236476,,,,,,,,,,,,,,,12227,633415,2711718,0
,,,,1437898,,,,,,2484,希華,,,344712,,,,,,,,,,,,,,,,,1,上市,115,,,,,,,,,,,,,,,,,,,,,,,,4105440,,,,4099582,,0,,25.72,488834,2364630,,,,,,,,,1594210,,,883613,,,722762,4989053,,,,,,,,,,,,,,,5858,394779,2624423,0
,,,,1630714,,,,,,2485,兆赫,,,-78118,,,,,,,,,,,,,,,,,1,上市,115,,,,,,0,,,,,,,,,,,,,,,,,,5452224,,,,5279178,,0,,16.62,1297117,4253204,,,,,,,,,3176890,,,1349851,,,549692,6802075,,,,,,,,,,,,,,,173046,52734,2548871,0
,,,,263845,,,,,,2486,一詮,,,-75453,,,,,,,,,,,,,,,,,1,上市,115,-154397,,,,,0,,,,,,,,,,,,,,,,,,5508714,,,,5229214,,2000000,,22.54,3197127,6103859,,,,,,,,,2339586,,,8757332,,,2855633,14266046,,,,,,,,,,,,,,,279500,5560205,8162187,0
,,,,2094558,,,,,,2488,漢平,,,-20069,,,,,,,,,,,,,,,,,1,上市,115,,,,,,0,,,,,,,,,,,,,,,,,,2908653,,,,2908653,,0,,36.36,765634,2813395,,,,,,,,,799994,,,1006631,,,34170,3915284,,,,,,,,,,,,,,,,240997,1101889,0
,,,,4616768,,,,,,2489,瑞軒,,,-20795,,,,,,,,,,,,,,,,,1,上市,115,,,,,,0,,,,,,,,,,,,,,,,,,13112107,,,,12957636,,0,,21.24,8663347,17103166,,,,,,,,,6100000,,,9001642,,,2261663,22113749,,,,,,,,,,,,,,,154471,338295,5010583,0
,,,,96966,,,,,,2491,吉祥全,,,0,,,,,,,,,,,,,,,,,1,上市,115,,,,,,0,,,,,,,,,,,,,,,,,,1450566,,,,999570,,0,,12.19,245075,1624764,,,,,,,,,820080,,,273979,,,82524,1724545,,,,,,,,,,,,,,,450996,28904,99781,0
,,,,39339855,,,,,,2492,華新科,,,6368699,,,,,,,,,,,,,,,,,1,上市,115,-236380,,,,,,,,,,,,,,,,,,,,,,,64396138,,,,53478628,,1000000,,110.31,22940594,35840628,,,,,,,,,4858048,,,40957600,,,3148406,105353738,,,,,,,,,,,,,,,10917510,18017006,69513110,0
,,,,1199332,,,,,,2493,揚博,,,114459,,,,,,,,,,,,,,,,,1,上市,115,,,,,,0,,,,,,,,,,,,,,,,,,2903779,,,,2903779,,0,,22.90,2916731,4686325,,,,,,,,,1267965,,,3087310,,,322023,5991089,,,,,,,,,,,,,,,,170579,1304764,0
,,,,1839009,,,,,,2495,普安,,,15123,,,,,,,,,,,,,,,,,1,上市,115,,,,,,0,,,,,,,,,,,,,,,,,,4678523,,,,4678523,,0,,17.10,2713603,6699309,,,,,,,,,2735515,,,2779672,,,88876,7458195,,,,,,,,,,,,,,,0,66069,758886,0
,,,,374530,,,,,,2496,卓越,,,72,,,,,,,,,,,,,,,,,1,上市,115,,,,,,,,,,,,,,,,,,,,,,,,865788,,,,861049,,0,,45.08,502423,477389,,,,,,,,,191004,,,591656,,,295443,1457444,,,,,,,,,,,,,,,4739,89233,980055,0
,,,,785446,,,,,,2497,怡利電,,,23610,,,,,,,,,,,,,,,,,1,上市,115,,,,,,,,,,,,,,,,,,,,,,,,3095335,,,,3095335,,0,,23.65,2114363,3279260,,,,,,,,,1308877,,,2954371,,,977402,6049706,,,,,,,,,,,,,,,,840008,2770446,0
,,,,4951582,,,,,,2498,宏達電,,,-2571690,,,,,,,,,,,,,,,,,1,上市,115,,,,,,,,,,,,,,,,,,,,,,,,27082092,,,,27082092,,0,,32.39,9046502,20180322,,,,,,,,,8360651,,,11931784,,,16341549,39013876,,,,,,,,,,,,,,,,2885282,18833554,0
,,,,18226623,,,,,,2501,國建,,,1558860,,,,,,,,,,,,,,,,,1,上市,115,,,,,,,,,,,,,,,,,,,,,,,,33962357,,,,31565241,,0,,27.22,38473705,63736616,,,,,,,,,11595611,,,53707350,,,184147,87669707,,,,,,,,,,,,,,,2397116,15233645,23933091,0
,,,,14863060,,,,,,2504,國產,,,152456,,,,,,,,,,,,,,,,,1,上市,115,-4789,,,,,,,,,,,,,,,,,,,,,,,29319828,,,,28038996,,3116108,,23.82,9827133,12956979,,,,,,,,,11800000,,,18317707,,,1228269,47637535,,,,,,,,,,,,,,,1280832,8490574,34680556,0
,,,,6223999,,,,,,2505,國揚,,,-17350,,,,,,,,,,,,,,,,,1,上市,115,,,,,,0,,,,,,,,,,,,,,,,,,10804712,,,,10634332,,0,,27.99,11989157,20091284,,,,,,,,,3800000,,,12114896,,,627683,22919608,,,,,,,,,,,,,,,170380,125739,2828324,0
,,,,2878077,,,,,,2506,太設,,,874956,,,,,,,,,,,,,,,,,1,上市,115,-193207,,,,,,,,,,,,,,,,,,,,,,,9768468,,,,7839735,,25443994,,21.68,4288562,9039963,,,,,,,,,3870000,,,4965261,,,409909,14733729,,,,,,,,,,,,,,,1928733,676699,5693766,0
,,,,1070090,,,,,,2509,全坤建,,,14074,,,,,,,,,,,,,,,,,1,上市,115,,,,,,0,,,,,,,,,,,,,,,,,,4169920,,,,3871107,,0,,17.24,9505024,11515918,,,,,,,,,2245505,,,9994241,,,541438,14164161,,,,,,,,,,,,,,,298813,489217,2648243,0
,,,,5708718,,,,,,2511,太子,,,1792836,,,,,,,,,,,,,,,,,1,上市,115,-1003,,,,,0,,,,,,,,,,,,,,,,,,26175266,,,,25994325,,655424,,16.02,5666639,21371055,,,,,,,,,16233261,,,21286102,,,2260513,47461368,,,,,,,,,,,,,,,180941,15619463,26090313,0
,,,,9439045,,,,,,2514,龍邦,,,-185878,,,,,,,,,,,,,,,,,1,上市,115,-614333,,,,,,,,,,,,,,,,,,,,,,,20911167,,,,12820105,,36608592,,35.80,9746569,14195372,,,,,,,,,3947293,,,17467059,,,233978,38378226,,,,,,,,,,,,,,,8091062,7720490,24182854,0
,,,,8231537,,,,,,2515,中工,,,-1416981,,,,,,,,,,,,,,,,,1,上市,115,,,,,,,,,,,,,,,,,,,,,,,,23116793,,,,22990129,,0,,14.30,23446092,55291147,,,,,,,,,16079041,,,41485384,,,96532,64602177,,,,,,,,,,,,,,,126664,18039292,9311030,0
,,,,-257904,,,,,,2516,新建,,,97812,,,,,,,,,,,,,,,,,1,上市,115,,,,,,,,,,,,,,,,,,,,,,,,2115849,,,,2115849,,0,,9.35,4873771,5501612,,,,,,,,,2262785,,,5000833,,,13156,7116682,,,,,,,,,,,,,,,,127062,1615070,0
,,,,16736848,,,,,,2520,冠德,,,-28355,,,,,,,,,,,,,,,,,1,上市,115,-210673,,,,,0,,,,,,,,,,,,,,,,,,28496835,,,,24121417,,17593008,,40.75,30715620,53619294,,,,,,,,,6094871,,,37306228,,,1528726,65803063,,,,,,,,,,,,,,,4375418,6590608,12183769,0
,,,,17464199,,,,,,2524,京城,,,0,,,,,,,,,,,,,,,,,1,上市,115,0,,,,,0,,,,,,,,,,,,,,,,,,21158262,,,,21158262,,0,,57.81,14275657,38991825,,,,,,,,,3659835,,,18684321,,,34228,39842583,,,,,,,,,,,,,,,,4408664,850758,0
,,,,5192326,,,,,,2527,宏璟,,,13690452,,,,,,,,,,,,,,,,,1,上市,115,-455812,,,,,,,,,,,,,,,,,,,,,,,21879021,,,,21518661,,8547695,,82.21,8513905,13282023,,,,,,,,,2703060,,,11901818,,,388635,33780839,,,,,,,,,,,,,,,360360,3387913,20498816,0
,,,,1218741,,,,,,2528,皇普,,,-48916,,,,,,,,,,,,,,,,,1,上市,115,,,,,,,,,,,,,,,,,,,,,,,,7193663,,,,,,0,,16.50,12103041,21722173,,,,,,,,,4359964,,,15250852,,,1663874,22444515,,,,,,,,,,,,,,,,3147811,722342,0
,,,,607315,,,,,,2530,華建,,,4869,,,,,,,,,,,,,,,,,1,上市,115,,,,,,,,,,,,,,,,,,,,,,,,10272015,,,,10055366,,0,,11.95,19001210,30553317,,,,,,,,,8412557,,,20530688,,,1030625,30802703,,,,,,,,,,,,,,,216649,1529478,249386,0
,,,,7977078,,,,,,2534,宏盛,,,63696,,,,,,,,,,,,,,,,,1,上市,115,-45822,,,,,,,,,,,,,,,,,,,,,,,15079398,,,,15079398,,1227150,,31.88,12649762,16938016,,,,,,,,,4742280,,,16609249,,,2342166,31688647,,,,,,,,,,,,,,,,3959487,14750631,0
,,,,4865800,,,,,,2535,達欣工,,,-26356,,,,,,,,,,,,,,,,,1,上市,115,-124076,,,,,,,,,,,,,,,,,,,,,,,10241892,,,,9891460,,10902228,,38.06,17358125,29176307,,,,,,,,,2707940,,,21164629,,,2468152,31406521,,,,,,,,,,,,,,,350432,3806504,2230214,0
,,,,7338853,,,,,,2536,宏普,,,0,,,,,,,,,,,,,,,,,1,上市,115,,,,,,,,,,,,,,,,,,,,,,,,13635034,,,,12709288,,0,,38.19,23042551,37093849,,,,,,,,,3328087,,,26821064,,,2042348,40456098,,,,,,,,,,,,,,,925746,3778513,3362249,0
,,,,983222,,,,,,2537,聯上發,,,0,,,,,,,,,,,,,,,,,1,上市,115,,,,,,,,,,,,,,,,,,,,,,,,4553683,,,,,,0,,15.15,12815624,17831477,,,,,,,,,3005579,,,13906467,,,564882,18460150,,,,,,,,,,,,,,,,1090843,628673,0
,,,,1414936,,,,,,2538,基泰,,,-198453,,,,,,,,,,,,,,,,,1,上市,115,,,,,,,,,,,,,,,,,,,,,,,,5725335,,,,5725335,,0,,12.87,11548641,16432723,,,,,,,,,4450255,,,11602505,,,58597,17327840,,,,,,,,,,,,,,,0,53864,895117,0
,,,,6698653,,,,,,2539,櫻花建,,,0,,,,,,,,,,,,,,,,,1,上市,115,,,,,,,,,,,,,,,,,,,,,,,,18725039,,,,18725039,,0,,15.69,10750825,31998835,,,,,,,,,11931025,,,13379256,,,95361,32104295,,,,,,,,,,,,,,,0,2628431,105460,0
,,,,1388161,,,,,,2540,愛山林,,,0,,,,,,,,,,,,,,,,,1,上市,115,,,,,,,,,,,,,,,,,,,,,,,,16415498,,,,16415498,,0,,17.37,40379750,56034014,,,,,,,,,9448741,,,45980107,,,5578596,62395605,,,,,,,,,,,,,,,0,5600357,6361591,0
,,,,25092856,,,,,,2542,興富發,,,1166,,,,,,,,,,,,,,,,,1,上市,115,-966562,,,,,,,,,,,,,,,,,,,,,,,66243746,,,,55176350,,61145835,,26.13,168451704,244126134,,,,,,,,,21730835,,,203260373,,,9318055,269504119,,,,,,,,,,,,,,,11067396,34808669,25377985,0
,,,,1489510,,,,,,2543,皇昌,,,0,,,,,,,,,,,,,,,,,1,上市,115,0,,,,,,,,,,,,,,,,,,,,,,,10430573,,,,10040388,,0,,19.00,8635665,9146567,,,,,,,,,5285419,,,10581078,,,3265459,21011651,,,,,,,,,,,,,,,390185,1945413,11865084,0
,,,,9604209,,,,,,2545,皇翔,,,,,,,,,,,,,,,,,,,,1,上市,115,,,,,,,,,,,,,,,,,,,,,,,,14934123,,,,14934123,,0,,39.33,27732512,44002590,,,,,,,,,3797348,,,47780609,,,1532566,62714732,,,,,,,,,,,,,,,,20048097,18712142,0
,,,,4172861,,,,,,2546,根基,,,197525,,,,,,,,,,,,,,,,,1,上市,115,,,,,,0,,,,,,,,,,,,,,,,,,6194857,,,,6194645,,0,,47.46,9683343,15279304,,,,,,,,,1305242,,,9989889,,,519017,16184746,,,,,,,,,,,,,,,212,306546,905442,0
,,,,3592276,,,,,,2547,日勝生,,,-3984,,,,,,,,,,,,,,,,,1,上市,115,,,,,,,,,,,,,,,,,,,,,,,,15519896,,,,14335418,,0,,13.85,22170741,19419997,,,,,,,,,10350946,,,48057991,,,396180,63577887,,,,,,,,,,,,,,,1184478,25887250,44157890,0
,,,,16532766,,,,,,2548,華固,,,36438,,,,,,,,,,,,,,,,,1,上市,115,-850,,,,,0,,,,,,,,,,,,,,,,,,20594759,,,,20587192,,201378,,64.43,24330552,50604639,,,,,,,,,3197187,,,32424761,,,821651,53019520,,,,,,,,,,,,,,,7567,8094209,2414881,0
,,,,5292891,,,,,,2597,潤弘,,,64743,,,,,,,,,,,,,,,,,1,上市,115,,,,,,0,,,,,,,,,,,,,,,,,,11299666,,,,9310998,,0,,29.97,10840879,14605042,,,,,,,,,3107160,,,15188509,,,846204,26488175,,,,,,,,,,,,,,,1988668,4347630,11883133,0
,,,,-1713644,,,,,,2601,益航,0,,628504,,,,,,,,,,,,,,,,,1,上市,115,,,,,,,,,,,,,,,,,,,,,,,,7625957,,,,7518523,,0,,9.12,2929955,2878754,,,,,,,,,8247761,,,3945476,,,355902,11571433,,,,,,,,,,,,,,,107434,1015521,8692679,0
,,,,510484920,,,,,,2603,長榮,,,29304413,,,,,,,,,,,,,,,,,1,上市,115,,,,,,0,,,,,,,,,,,,,,,,,,605005799,,,,581760277,,0,,268.71,151671937,244500947,,,,,,,,,21650430,,,330097608,,,20320514,935103407,,,,,,,,,,,,,,,23245522,178425671,690602460,0
,,,,11722302,,,,,,2605,新興,,,-76453,,,,,,,,,,,,,,,,,1,上市,115,,,,,,0,,,,,,,,,,,,,,,,,,17665267,,,,17665267,,0,,30.18,5258125,9807913,,,,,,,,,5853533,,,5269539,,,165885,22934806,,,,,,,,,,,,,,,,11414,13126893,0
,,,,27386413,,,,,,2606,裕民,,,4631261,,,,,,,,,,,,,,,,,1,上市,115,,,,,,,,,,,,,,,,,,,,,,,,40584083,,,,40584083,,0,,48.03,15158773,29154469,,,,,,,,,8450557,,,49048791,,,115852,89632874,,,,,,,,,,,,,,,,33890018,60478405,0
,,,,17133169,,,,,,2607,榮運,,,4641674,,,,,,,,,,,,,,,,,1,上市,115,,,,,,0,,,,,,,,,,,,,,,,,,31719274,,,,31379407,,0,,58.81,4295956,14530568,,,,,,,,,5335705,,,12631508,,,4268859,44350782,,,,,,,,,,,,,,,339867,8335552,29820214,0
,,,,7961007,,,,,,2608,嘉里大榮,,,82723,,,,,,,,,,,,,,,,,1,上市,115,,,,,,,,,,,,,,,,,,,,,,,,13479644,,,,12716043,,0,,27.23,3261390,4287133,,,,,,,,,4670005,,,11507532,,,2308,24987176,,,,,,,,,,,,,,,763601,8246142,20700043,0
,,,,264597267,,,,,,2609,陽明,,,1478348,,,,,,,,,,,,,,,,,1,上市,115,,,,,,,,,,,,,,,,,,,,,,,,329771914,,,,328971688,,0,,94.20,47890391,211388001,,,,,,,,,34921043,,,130409310,,,27975030,460181224,,,,,,,,,,,,,,,800226,82518919,248793223,0
,,,,36267996,,,,,,2610,華航,,,-539274,,,,,,,,,,,,,,,,,1,上市,115,-30875,,,,,,,,,,,,,,,,,,,,,,,108326533,,,,103028008,,2074628,,16.84,117191909,86787582,,,,,,,,,61199649,,,264413465,,,6130512,372739998,,,,,,,,,,,,,,,5298525,147221556,285952416,0
,,,,764015,,,,,,2611,志信,,,-36312,,,,,,,,,,,,,,,,,1,上市,115,,,,,,,,,,,,,,,,,,,,,,,,2848455,,,,2658984,,0,,14.07,477345,2531460,,,,,,,,,1890023,,,1025452,,,41258,3873907,,,,,,,,,,,,,,,189471,548107,1342447,0
,,,,11261164,,,,,,2612,中航,0,,316695,,,,,,,,,,,,,,,,,1,上市,115,0,,,,,0,,,,,,,,,,,,,,,,,,13624676,,,,13606117,,0,,68.90,3383047,3774080,,,,,,,,,1974846,,,13202888,,,53412,26827564,,,,,,,,,,,,,,,18559,9819841,23053484,0
,,,,1980433,,,,,,2613,中櫃,,,31320,,,,,,,,,,,,,,,,,1,上市,115,-476647,,,,,0,,,,,,,,,,,,,,,,,,3185314,,,,3169807,,11146894,,23.09,1485031,1631118,,,,,,,,,1484235,,,7198437,,,150466,10383751,,,,,,,,,,,,,,,15507,5713406,8752633,0
,,,,1050818,,,,,,2614,東森,,,-34586,,,,,,,,,,,,,,,,,1,上市,115,,,,,,,,,,,,,,,,,,,,,,,,6374240,,,,4288882,,0,,13.11,5203486,5211840,,,,,,,,,3272650,,,15860553,,,0,22234793,,,,,,,,,,,,,,,2085358,10657067,17022953,0
,,,,239292005,,,,,,2615,萬海,,,17995889,,,,,,,,,,,,,,,,,1,上市,115,,,,,,,,,,,,,,,,,,,,,,,,287041600,,,,286621133,,0,,102.14,35567443,141008376,,,,,,,,,28061464,,,133190864,,,1271775,420232464,,,,,,,,,,,,,,,420467,97623421,279224088,0
,,,,114727,,,,,,2616,山隆,,,522503,,,,,,,,,,,,,,,,,1,上市,115,-31863,,,,,0,,,,,,,,,,,,,,,,,,2626527,,,,2568081,,1353454,,18.89,3568200,2266208,,,,,,,,,1372818,,,5710556,,,589896,8337083,,,,,,,,,,,,,,,58446,2142356,6070875,0
,,,,11368623,,,,,,2617,台航,,,2417085,,,,,,,,,,,,,,,,,1,上市,115,,,,,,,,,,,,,,,,,,,,,,,,18293035,,,,18293035,,0,,43.84,1957091,3272834,,,,,,,,,4172945,,,8269177,,,334382,26562212,,,,,,,,,,,,,,,,6312086,23289378,0
,,,,68327840,,,,,,2618,長榮航,,,228709,,,,,,,,,,,,,,,,,1,上市,115,,,,,,,,,,,,,,,,,,,,,,,,144039570,,,,135359954,,0,,25.06,106923312,119872996,,,,,,,,,54004443,,,247236537,,,12798962,391276107,,,,,,,,,,,,,,,8679616,140313225,271403111,0
,,,,191873,,,,,,2630,亞航,,,3561,,,,,,,,,,,,,,,,,1,上市,115,,,,,,,,,,,,,,,,,,,,,,,,3379820,,,,3379820,,0,,16.14,1553773,4412587,,,,,,,,,2094382,,,2241218,,,1090004,5621038,,,,,,,,,,,,,,,,687445,1208451,0
,,,,18414664,,,,,,2633,台灣高鐵,,,,,,,,,,,,,,,,,,,,1,上市,115,,,,,,0,,,,,,,,,,,,,,,,,,74870575,,,,,,0,,13.30,26659970,31298888,,,,,,,,,56282930,,,310720108,,,172981,385590683,,,,,,,,,,,,,,,,284060138,354291795,0
,,,,8646838,,,,,,2634,漢翔,,,59966,,,,,,,,,,,,,,,,,1,上市,115,,,,,,,,,,,,,,,,,,,,,,,,18143726,,,,18143726,,0,,19.26,26369324,37638357,,,,,,,,,9418671,,,33336880,,,18251,51480606,,,,,,,,,,,,,,,,6967556,13842249,0
,,,,5338546,,,,,,2636,台驊控股,,,399284,,,,,,,,,,,,,,,,,1,上市,115,-364768,,,,,0,,,,,,,,,,,,,,,,,,9636902,,,,9444233,,4874000,,68.96,12012131,19482735,,,,,,,,,1418352,,,12714957,,,2652819,22351859,,,,,,,,,,,,,,,192669,702826,2869124,0
,,,,34149288,,,,,,2637,慧洋-KY,,,8764259,,,,,,,,,,,,,,,,,1,上市,115,0,,,,,0,,,,,,,,,,,,,,,,,,50412187,,,,50412187,,0,,67.54,8128467,8930959,,,,,,,,,7464092,,,33874386,,,34548,84286573,,,,,,,,,,,,,,,,25745919,75355614,0
,,,,269006,,,,,,2642,宅配通,,,278531,,,,,,,,,,,,,,,,,1,上市,115,,,,,,0,,,,,,,,,,,,,,,,,,1802289,,,,1802289,,0,,18.88,779792,1179879,,,,,,,,,954670,,,1852541,,,300082,3654830,,,,,,,,,,,,,,,,1072749,2474951,0
,,,,6744785,,,,,,2645,長榮航太,,,30041,,,,,,,,,,,,,,,,,1,上市,115,,,,,,0,,,,,,,,,,,,,,,,,,12658628,,,,,,0,,33.80,5763087,13801123,,,,,,,,,3745709,,,11985704,,,2138093,24644332,,,,,,,,,,,,,,,,6222617,10843209,0
,,,,1182364,,,,,,2646,星宇航空,,,-1446170,,,,,,,,,,,,,,,,,1,上市,115,,,,,,,,,,,,,,,,,,,,,,,,31868229,,,,,,0,,10.59,24008566,22245094,,,,,,,,,30087350,,,115227744,,,2044685,147095973,,,,,,,,,,,,,,,,91219178,124850879,0
,,,,3009961,,,,,,2701,萬企,,,890406,,,,,,,,,,,,,,,,,1,上市,115,,,,,,,,,,,,,,,,,,,,,,,,8400045,,,,,,0,,18.67,158491,2036355,,,,,,,,,4499678,,,1298458,,,,9698503,,,,,,,,,,,,,,,,1139967,7662148,0
,,,,1639739,,,,,,2702,華園,,,90141,,,,,,,,,,,,,,,,,1,上市,115,,,,,,0,,,,,,,,,,,,,,,,,,3298182,,,,3298182,,0,,21.06,1865074,2553620,,,,,,,,,1566133,,,3530413,,,2169,6828595,,,,,,,,,,,,,,,,1665339,4274975,0
,,,,6425685,,,,,,2704,國賓,,,13307548,,,,,,,,,,,,,,,,,1,上市,115,0,,,,,0,,,,,,,,,,,,,,,,,,26404072,,,,26399318,,0,,71.95,4179836,22038050,,,,,,,,,3669234,,,8091080,,,2996851,34495152,,,,,,,,,,,,,,,4754,3911244,12457102,0
,,,,-344391,,,,,,2705,六福,,,3388064,,,,,,,,,,,,,,,,,1,上市,115,,,,,,,,,,,,,,,,,,,,,,,,4988173,,,,4988173,,0,,26.07,5036951,549370,,,,,,,,,1913128,,,10823574,,,31372,15811747,,,,,,,,,,,,,,,,5786623,15262377,0
,,,,3869943,,,,,,2706,第一店,,,1263634,,,,,,,,,,,,,,,,,1,上市,115,,,,,,0,,,,,,,,,,,,,,,,,,10209592,,,,,,0,,20.42,153769,3148502,,,,,,,,,4999984,,,1574945,,,76031,11784537,,,,,,,,,,,,,,,,1421176,8636035,0
,,,,2285817,,,,,,2707,晶華,,,-244276,,,,,,,,,,,,,,,,,1,上市,115,,,,,,0,,,,,,,,,,,,,,,,,,3745730,,,,3537956,,0,,27.77,3965941,4907297,,,,,,,,,1274032,,,7089733,,,222383,10835463,,,,,,,,,,,,,,,207774,3123792,5928166,0
,,,,-146687,,,,,,2712,遠雄來,,,,,,,,,,,,,,,,,,,,1,上市,115,,,,,,0,,,,,,,,,,,,,,,,,,1011705,,,,,,0,,9.64,357545,96276,,,,,,,,,1050000,,,636848,,,108392,1648553,,,,,,,,,,,,,,,,279303,1552277,0
,,,,398731,,,,,,2722,夏都,,,-24223,,,,,,,,,,,,,,,,,1,上市,115,,,,,,,,,,,,,,,,,,,,,,,,2656717,,,,2399615,,0,,16.76,708871,918278,,,,,,,,,1431697,,,1098619,,,593410,3755336,,,,,,,,,,,,,,,257102,389748,2837058,0
,,,,6428460,,,,,,2723,美食-KY,,,-186739,,,,,,,,,,,,,,,,,1,上市,115,,,,,,,,,,,,,,,,,,,,,,,,10415996,,,,10418326,,0,,57.88,4591791,5596534,,,,,,,,,1800000,,,7007458,,,2376605,17423454,,,,,,,,,,,,,,,-2330,2415667,11826920,0
,,,,1373860,,,,,,2727,王品,,,-35007,,,,,,,,,,,,,,,,,1,上市,115,-259879,,,,,,,,,,,,,,,,,,,,,,,4186971,,,,3833978,,1592000,,46.27,8320579,8317061,,,,,,,,,844511,,,13514625,,,1910493,17701596,,,,,,,,,,,,,,,352993,5194046,9384535,0
,,,,3017047,,,,,,2731,雄獅,,,-148872,,,,,,,,,,,,,,,,,1,上市,115,,,,,,,,,,,,,,,,,,,,,,,,5623684,,,,5340045,,0,,57.25,7382983,11081850,,,,,,,,,932777,,,8197321,,,1539093,13821005,,,,,,,,,,,,,,,283639,814338,2739155,0
,,,,152530,,,,,,2739,寒舍,,,6148,,,,,,,,,,,,,,,,,1,上市,115,,,,,,0,,,,,,,,,,,,,,,,,,1497427,,,,1497427,,0,,16.36,2505476,1661188,,,,,,,,,915260,,,10032415,,,423489,11529842,,,,,,,,,,,,,,,,7526939,9868654,0
,,,,580997,,,,,,2748,雲品,,,71644,,,,,,,,,,,,,,,,,1,上市,115,,,,,,,,,,,,,,,,,,,,,,,,2947207,,,,2947207,,0,,27.86,1391772,2444759,,,,,,,,,1057787,,,1958446,,,1236779,4905653,,,,,,,,,,,,,,,,566674,2460894,0
,,,,1785691,,,,,,2753,八方雲集,,,22050,,,,,,,,,,,,,,,,,1,上市,115,,,,,,,,,,,,,,,,,,,,,,,,3896880,,,,3550943,,0,,53.28,1963845,2917896,,,,,,,,,666448,,,4333857,,,1076754,8230737,,,,,,,,,,,,,,,345937,2370012,5312841,0
,,,,347195,,,,,,2762,世界健身-KY,,,186,,,,,,,,,,,,,,,,,1,上市,115,-344216,,,,,0,,,,,,,,,,,,,,,,,,2666456,,,,2666456,,3278000,,24.41,6175503,1768082,,,,,,,,,1125000,,,15722554,,,1538291,18389010,,,,,,,,,,,,,,,,9547051,16620928,0
,22046268,,2256697,91959578,,,,,,2801,彰銀,,,16356661,4141653,,3200043,2040406,388889,,,,,,,,348285729,,227103958,2774469785,1,上市,115,0,,,,,,,,,33300497,42780117,,27910366,,14014588,,555066240,,,,,,,,225976725,,,225976725,,0,,19.21,,,,990491,,40993679,1942477,117704,,2133080,117660462,,2540073,,3255586729,2110014150,24,,3481563454,326606213,2737070,147868594,8644410,2985574,,,,,,32571432,,,,,,0
,21256314,,942163,30213737,,,,,,2812,台中銀,,,687318,1263373,,3403943,14055395,43306,,,,271848,,10381339,,14708707,,49734907,837381687,1,上市,115,0,,,,,0,,,,9536101,15150000,,25012775,,538742,,93409629,,199417,,,,,,93585219,,,93585219,,0,,15.54,,,,528541,,11220605,895342,791,,972497,60216258,,1389617,,923319387,644490559,2467906,,1016904606,106058182,2772004,46943807,109486,756675,,,,,,14703839,,12092402,0,,,0
1483301,,17653,,6252834,,,,2571,,2816,旺旺保,,,-7073,2275790,559831,,,3827000,,5401712,,,,,,,,,,1,上市,115,,,,,,,,,,354461,,551304,,856341,,,,3870638,,,197117,0,,8481841,,,,,,0,,37.93,,,162058,,,3180641,,,,17807,2236080,,41786,16643189,,,0,25125030,,2908102,,2303878,62700,,,,,,,,,,,,,0
,154719,,27152,13785028,,,,,,2820,華票,,,643729,211206,,694751,,166857,,,,,,,,29462554,,,,1,上市,115,,,,,,,,,,1418062,,,2134722,,,,2692877,,,,,,,,27875094,,,,,0,,20.76,,,,,,326912,151547,105344,,27371,13429600,,1693820,,236433646,,16737,,264308740,95824616,324714,153530806,58599,202903,,,,,,203085773,,8447081,,,,0
2376970,,45289,,9147922,,,,52076,,2832,台產,,,448225,3055314,714497,,,2858900,,3724988,,,,,,,,,,1,上市,115,,,,,,,,,,573376,,306012,,2155962,,,,3306892,315330,,274620,,,12230514,,,,,,0,,48.24,,,4783,,,3713301,,,,46977,2535403,,40590,13610551,,,98964,25841065,,4306371,,1951123,276000,8571,,,,,,,,,,,,0
,13693539,,1050342,47458212,,,,,,2834,臺企銀,,,3654666,4296542,,13121921,2130183,5711,,,,,,1536858,,207525285,,154652684,2097885907,1,上市,115,,,,,,0,,,,20953026,52910000,,15106621,,,,262447347,,0,,,,,,149109625,,,149109625,,0,,15.34,,,,1378038,,29451426,971447,357395,,1079498,97180618,,2511142,,2406237987,1711340088,816129,,2555347612,207585147,9846227,108743146,994754,1786778,,,,,,3597118,,34627429,,,,0
,3723413,,273354,5693853,,,,,,2836,高雄銀,,,1100856,279010,,632499,,244180,,,,,,0,,18973898,,20718211,283892896,1,上市,115,,,,,,,,,,4424379,6327000,,1498674,,,,51576290,,,,,,,,27030013,,,,,0,,14.38,,,,141149,,2536364,161781,,,272158,18799170,,396062,,325850614,224474651,1436134,,352880627,33099820,8444,4690859,49256,97290,,,,,,11065730,,9173873,,,,0
,17445342,,2315282,24677234,,,,,,2838,聯邦銀,,,5742232,1384190,,6631644,16736372,4451544,,,,,,4182060,,14412219,,41829467,834094706,1,上市,115,,,,,,,,799208,,11332010,6000000,,48208846,,4424848,,79809811,,405866,,,,,,86105943,,,84061976,,0,,18.51,,,,2150078,375000,8264919,663179,15298,,2328400,45405518,,498531,,980485941,641033096,8236992,,1066591884,68353005,445216,90505592,2323052,630908,,,,,,84911798,,50116338,2043967,,,0
,5190367,,1681178,20576943,,,,,,2845,遠東銀,,,1141514,438475,,619131,39676347,11125972,,,,,,2722731,,1634853,,56065373,729332357,1,上市,115,,,,,,,,,,7356994,25301720,,22559577,,,,139889374,,2974575,,,,,,71201864,,,71201864,,0,,14.63,,,,1538210,,7041472,369599,,,1701926,48652847,,632337,,820291532,512668886,830560,,891493396,64687004,8874115,63751696,,182110,,,,,,2250078,,1518471,,,,0
,784016,,793457,16742956,,,,,,2849,安泰銀,,,-216606,90064,,1817422,5189002,136464,,,,,0,,,7466790,,16961330,344444965,1,上市,115,0,,,,,,,,,2368848,,,4462789,,,,36522421,,,,,,0,,36508786,,,,,0,,18.65,,,,278272,,2706824,171876,0,,791876,19576094,,238679,,362433426,255406346,406342,,398942212,49625888,1310036,27579066,70752,706887,,,,,,290538,,1161030,,,,0
1048598,,297538,,17860194,,,,,,2850,新產,,,754492,5048795,912122,,,0,,10456518,,,,,,,,,,1,上市,115,,,,,,,,,,1371232,,816561,,2473831,,,,13166264,,,753940,,,21839158,,,,,,0,,69.12,,,45120,,,14722947,,,,304083,3159633,,0,36260125,,,64839,58099283,,10177899,129879,3697959,41871,283926,,,,,,,,,,,,0
268856,,356,,13877492,,,,4285,,2851,中再保,,,95231,3206476,2406959,,,596000,,1658101,,,,,,,,,,1,上市,115,,47009,,,,0,,,,1345142,,1202460,,340419,,,,23303911,,,770082,0,,23536611,,,,,,0,,29.41,,,14937,,,16387176,,,,371,8003888,,,35668047,,,1560000,59204658,,2827470,737145,10105969,216019,40750,,,,,,,,,,,,0
613364,,3972,,6091543,,,,1577,,2852,第一保,,,309178,3144717,587018,,,4246460,,1582646,,,,,,,,,,1,上市,115,,,,,,,,,,172601,,219775,,899359,,,,4676450,,,195121,,,9412359,,,,,,0,,31.25,,,16619,,,2155671,,,,4021,3011638,,,10498172,,,,19910531,,2573086,,2329935,93751,4599,,,,,,,,,,,,0
,,,,,22444120,,,,,2855,統一證,,,3155629,,,,,,,,,,,,,,,,,1,上市,115,,,,,,0,,,,,,,,,,,,,,,,,,41880051,,,,,41705095,,0,26.04,220745648,256323628,,,,,,,,,16014145,,,225790103,,,91201,267670154,,,,,,,,,,,,,,,174956,5044455,11346526,0
,33791232,,2229048,88094728,,,13784710,,4441375,2880,華南金,,3195000,-1525926,16795699,,5287928,91299820,18676074,,,,,,,321442472,,299527494,,3432745816,1,上市,115,,,,,,,69692150,,58741575,69282989,,,108438840,,,13701597,805643086,,266431,,,,,,243507907,,243505292,,,0,,17.50,,,,1044761,,45717871,3616882,261809,,2255586,139169651,,6968645,,4202483247,2458670232,17766839,,4445991154,422502291,6436659,220643635,6204944,3798307,,,,,,100020300,1349143,,2615,,,0
,77773676,,14278697,833786243,,,4764442230,,65005460,2881,富邦金,,21427549,-125473167,364930082,,62022676,253213240,549813035,,,,,,200969,250104949,,555381507,,5087657997,1,上市,115,,,4155164,,,,490055477,,111611887,216604193,,,418741642,,,314771315,3470389717,,63301001,,,,,,1034705024,,1019121449,,,0,,65.30,,,,34428451,,358727505,25787403,3211369,,21800852,156073549,189635,9600899,,12085399702,3592216619,154734824,,13120104726,2452553610,301866610,858563121,50070129,61195328,25811647,,9415579,,,90023954,154159254,,15583575,,,0
,110236881,,5666794,773098271,,,7135948491,,52936397,2882,國泰金,0,48341814,-327473468,297205765,,106099962,77271378,895599605,,,,,,,204853788,,478374050,,4463453341,1,上市,115,0,,,,,,289577614,,104741415,149065432,,,351852572,,,508311596,3392666299,,81855859,,,,,,817026831,,810782727,,,0,,50.04,,,,31097213,,293505959,27174672,1943385,,20262284,162025102,,5523098,,13633007653,3275550809,203132822,,14450034484,3733309977,714636605,956674073,44855356,127886471,2252671,,277344,,,47843929,46189238,,6244104,,,0
,30474194,,12723263,232088347,,,1999530291,,302164,2883,凱基金,,37932794,-80549370,190041957,,143767803,158126467,246706040,,,,,,,1139956,,69812557,,662015942,1,上市,115,,,,,,0,123839799,,124827808,171387084,,,260454934,,,58120954,1309103392,,29951277,,,,,,371011549,,370875879,,,0,,19.99,,,,6152724,,75116245,10577790,915166,,5400893,185569894,,985957,,3864021319,525216899,33767008,,4235032868,990108772,149189997,360651618,37967216,33080678,927045,,256200,,,190130323,82117988,,135670,,,0
,34131566,,7958543,77082271,,,,,,2884,玉山金,,334945,9886696,5655963,,29433813,143737204,12160965,,,,,,,97784339,,317191708,,3833941080,1,上市,115,,,,,,,46620000,,35558904,58080393,,,178788061,,,1313657,534882011,,,,,,,,285146822,,284736164,,,0,,17.60,,,,7853265,,45485669,5080965,567693,,5371234,161920000,,1323934,,4394289185,2704225529,35847197,,4679436007,439493828,90860434,321204775,2875453,3320988,3571916,,223512,,,63492421,41200424,,410658,,,0
,30659710,,10486477,176847858,,,392783492,,63642,2885,元大金,,107279553,10448479,273795383,,122413933,225616826,239758283,,,,11156213,,,30069705,,153029112,,1976758043,1,上市,115,,,0,,,0,130723765,,187761244,343478511,,,583961745,,,20578258,475923989,,3086423,,,,,,386536982,,358881993,,,0,,26.92,,,,30390164,,77947312,7529068,2623057,,6899894,133311499,,5275920,,4254342700,1526232035,38274157,,4640879682,494180342,287195881,780950268,8275879,6736376,,,,,,270899536,70702343,,27654989,,,0
,23281958,,2193529,159802627,,,10796108,,13006034,2886,兆豐金,,5810000,16967155,19062748,,10633265,26248861,9934770,,,,,,2160875,703100689,,665805572,,3222658789,1,上市,115,,,,,,0,50200000,,57433916,116212359,,,157698776,,,1685002,478007931,,5125792,,,,,,401953394,,401953394,,,0,,27.10,,,,1629956,,108936088,8987771,1569202,,2259790,148333783,,17477663,,4601326283,2498622414,76849829,,5003279677,737354583,28876052,277403869,2233849,6958363,,,,,,327806813,3432573,,,,,0
,84632915,,6934494,164786850,,,3355596287,,1258366,2887,台新新光金,,8545014,37675640,270733161,,112357137,182633819,172953173,,,,,,,98938101,,284687302,,3746971084,1,上市,115,-89298,,4885637,,,,146527470,,108454001,134561854,,,346500709,,,231343674,1675173057,,3021795,,,,,,599197547,,598716342,,,1927518,,22.80,,,,674445540,28576911,97795796,7359100,1516552,,9439651,262610672,,2443271,,8465511408,2905523432,133732478,,9064708955,2001192490,155290566,378417961,48896172,50658500,,,,,,160544946,31410425,,481205,,,0
,6916616,,162400,6648494,,,,,,2889,國票金,,,3163059,8941839,,9785548,17925259,22382950,,,,,,24417133,,,95,,,1,上市,115,,,,,,0,,,54376261,27757569,,,64927222,,,392857,699406,,5486163,,,,,,54765949,,46553200,,,0,,12.81,,,,267455,,15724281,608214,10333,,158720,36335635,,1823196,,414812209,,406012,,469578158,157336196,4431730,181021585,68081,544897,,,,,,274304207,3920154,,8212749,,,0
,18813452,,4482466,101559222,,,,,,2890,永豐金,,14992781,-7884931,22191371,,42227848,138491074,76437259,,,,,,,123114733,,283061223,,2779616655,1,上市,115,,,0,,,,62784100,,138735948,104486298,,,218183183,,,2319859,358647350,,1123916,,,,,,268118072,,265424611,,,0,,18.31,,,,12729056,18437,41779009,4555151,451833,,4065777,144923223,0,2935440,,3552231164,2033972191,26827097,,3820349236,467434228,72036717,193958050,2438847,3465573,,,,,,81767835,61262740,,2693461,,,0
,54968342,,17735539,341912829,,,1886983436,,26601652,2891,中信金,,,-40816662,117443683,,92863825,81062160,140660184,,,,,,59752138,67868476,,506683588,,5817260379,1,上市,115,,,,,,0,212161628,,78811536,118926080,,,313287120,,,128170647,1883998732,,25878186,,,,,,594389506,,564305043,,,0,,27.97,,,,40189688,,137297531,11704464,6610404,,26961025,201778069,,4384224,,9033405624,4461339952,61430807,,9627795130,1270990902,231117396,457905330,23617640,25572418,3596448,,273448,,,291754911,36767642,,30084463,,,0
,27939209,,2622430,96969111,,,86688074,,,2892,第一金,,3220000,30775176,17621617,,7972518,74919293,16437781,,,,,,0,417788710,,317278622,,3982274599,1,上市,115,,,,,,,75800000,,48859044,66352530,,,97222237,,,12442418,944551254,,3454943,,,,,,297646219,,297646219,,,0,,20.70,,,,1249818,,66304190,5562884,1095657,,2511739,143794686,,4183862,,4848752228,2944632253,26107246,,5146398447,464723736,13890744,231164369,7753493,5070612,,,,,,41325639,2236400,,0,,,0
,2592322,,363285,14226983,,,,,,2897,王道銀行,,,-490341,695639,,1793970,17154542,1464810,,,,,,,,60980908,,28557892,330850729,1,上市,115,-221695,,,,,,,,,5599533,14660000,,5079764,,,,33622263,,6438099,,,,,,65297724,,,44646805,,22939000,,14.72,,,,1750979,,6137312,233798,124016,,382283,30553579,,2347246,,649644985,263172058,578279,,714942709,155218341,1159312,187285355,1018226,809319,,,,,,214562769,,20532924,20650919,,,0
,,,,161057,,,,,,2901,欣欣,,,0,,,,,,,,,,,,,,,,,1,上市,115,0,,,,,0,,,,,,,,,,,,,,,,,,891993,,,,,,0,,12.21,62092,504302,,,,,,,,,730433,,,194064,,,503,1086057,,,,,,,,,,,,,,,,131972,581755,0
,,,,9206723,,,,,,2903,遠百,,,4678693,,,,,,,,,,,,,,,,,1,上市,115,-97110,,,,,,,,,,,,,,,,,,,,,,,36604306,,,,31301312,,8207004,,22.22,44841575,23289316,,,,,,,,,14169406,,,96156196,,,3343600,132760502,,,,,,,,,,,,,,,5302994,51314621,109471186,0
,,,,351289,,,,,,2904,匯僑,,,15792,,,,,,,,,,,,,,,,,1,上市,115,,,,,,0,,,,,,,,,,,,,,,,,,1235932,,,,1235499,,0,,15.87,257701,225391,,,,,,,,,778344,,,521284,,,90074,1757216,,,,,,,,,,,,,,,433,263583,1531825,0
,,,,40156228,,,,,,2905,三商,0,,-25645804,,,,,,,,,,,,,,,,,1,上市,115,-592930,,,,,0,,,,,,,,,,,,,,,,,,,86764624,,,29486820,,57093000,,28.00,62246052,133124099,,,,,,,,,11103717,,,1530645893,,,4465609,1617410517,,,,,,,,,,,,,,,57277804,1468399841,1484286418,0
,,,,1118318,,,,,,2906,高林,,,-148045,,,,,,,,,,,,,,,,,1,上市,115,,,,,,0,,,,,,,,,,,,,,,,,,6656356,,,,3355487,,0,,16.05,4299259,5399113,,,,,,,,,2091167,,,6450412,,,294047,13106768,,,,,,,,,,,,,,,3300869,2151153,7707655,0
,,,,1799558,,,,,,2908,特力,,,-144296,,,,,,,,,,,,,,,,,1,上市,115,,,,,,,,,,,,,,,,,,,,,,,,8728480,,,,6911284,,0,,13.55,15304252,20114529,,,,,,,,,5098875,,,31810333,,,157147,40538813,,,,,,,,,,,,,,,1817196,16506081,20424284,0
,,,,932461,,,,,,2910,統領,,,-49610,,,,,,,,,,,,,,,,,1,上市,115,,,,,,0,,,,,,,,,,,,,,,,,,2636881,,,,2636881,,0,,15.03,924884,1046634,,,,,,,,,1754030,,,3855433,,,0,6492314,,,,,,,,,,,,,,,0,2930549,5445680,0
,,,,-217637,,,,,,2911,麗嬰房,,,406848,,,,,,,,,,,,,,,,,1,上市,115,,,,,,,,,,,,,,,,,,,,,,,,1533226,,,,1442995,,0,,13.73,1262833,1761691,,,,,,,,,1051260,,,1921775,,,202524,3455001,,,,,,,,,,,,,,,90231,658942,1693310,0
,,,,34383162,,,,,,2912,統一超,,,1604811,,,,,,,,,,,,,,,,,1,上市,115,,,,,,,,,,,,,,,,,,,,,,,,57283074,,,,46475305,,0,,44.70,113749838,94109724,,,,,,,,,10396223,,,238221964,,,91109,295505038,,,,,,,,,,,,,,,10807769,124472126,201395314,0
,,,,2338713,,,,,,2913,農林,,,-50489,,,,,,,,,,,,,,,,,1,上市,115,,,,,,0,,,,,,,,,,,,,,,,,,12386172,,,,,,0,,15.68,1648344,1684184,,,,,,,,,7900000,,,8933991,,,2197948,21320163,,,,,,,,,,,,,,,,7285647,19635979,0
,,,,123678924,,,,,,2915,潤泰全,,,-47624823,,,,,,,,,,,,,,,,,1,上市,115,-552479,,,,,0,,,,,,,,,,,,,,,,,,117351814,,,,114820876,,36593388,,107.54,1001903,4840429,,,,,,,,,11043188,,,12898049,,,28276066,130249863,,,,,,,,,,,,,,,2530938,11896146,125409434,0
,,,,29840003,,,,,,2923,鼎固-KY,,,-1600405,,,,,,,,,,,,,,,,,1,上市,115,,,,,,,,,,,,,,,,,,,,,,,,48213990,,,,45834714,,0,,26.34,14759908,43331856,,,,,,,,,17402970,,,69575606,,,192146,117789596,,,,,,,,,,,,,,,2379276,54815698,74457740,0
,,,,502683,,,,,,2929,淘帝-KY,,,-318194,,,,,,,,,,,,,,,,,1,上市,115,0,,,,,,,,,,,,,,,,,,,,,,,2797314,,,,2797314,,0,,25.55,471304,3349489,,,,,,,,,1094938,,,788873,,,1517887,3586187,,,,,,,,,,,,,,,,317569,236698,0
,,,,-234995,,,,,,2939,永邑-KY,,,-3981,,,,,,,,,,,,,,,,,1,上市,115,,,,,,,,,,,,,,,,,,,,,,,,550717,,,,550717,,0,,12.09,46551,619898,,,,,,,,,455487,,,256162,,,334206,806879,,,,,,,,,,,,,,,,209611,186981,0
,,,,193453,,,,,,2945,三商家購,,,,,,,,,,,,,,,,,,,,1,上市,115,,,,,,0,,,,,,,,,,,,,,,,,,2105209,,,,1923688,,0,,28.50,3963686,3112588,,,,,,,,,675000,,,6396324,,,1055235,8501533,,,,,,,,,,,,,,,181521,2432638,5388945,0
,,,,204712,,,,,,3002,歐格,,,25645,,,,,,,,,,,,,,,,,1,上市,115,0,,,,,,,,,,,,,,,,,,,,,,,1408018,,,,1277291,,0,,12.52,207740,1651670,,,,,,,,,1020000,,,504392,,,26934,1912410,,,,,,,,,,,,,,,130727,296652,260740,0
,,,,4934644,,,,,,3003,健和興,,,-95561,,,,,,,,,,,,,,,,,1,上市,115,,,,,,,,,,,,,,,,,,,,,,,,6512085,,,,6422913,,0,,41.26,1409389,6542183,,,,,,,,,1556549,,,1821129,,,27281,8333214,,,,,,,,,,,,,,,89172,411740,1791031,0
,,,,1669375,,,,,,3004,豐達科,0,,53588,,,,,,,,,,,,,,,,,1,上市,115,0,,,,,0,,,,,,,,,,,,,,,,,,3641585,,,,3641585,,0,,56.58,2713494,4115707,,,,,,,,,643651,,,4784576,,,1274971,8426161,,,,,,,,,,,,,,,0,2071082,4310454,0
,,,,11652338,,,,,,3005,神基,,,1349618,,,,,,,,,,,,,,,,,1,上市,115,,,,,,0,,,,,,,,,,,,,,,,,,26697285,,,,23447123,,0,,37.56,19619666,34157049,,,,,,,,,6243102,,,24716257,,,4202065,51413542,,,,,,,,,,,,,,,3250162,5096591,17256493,0
,,,,8853997,,,,,,3006,晶豪科,,,-3181,,,,,,,,,,,,,,,,,1,上市,115,-163122,,,,,,,,,,,,,,,,,,,,,,,12904612,,,,13019535,,14000000,,45.89,5859607,17585827,,,,,,,,,2977415,,,7169155,,,1354426,20073767,,,,,,,,,,,,,,,-114923,1309548,2487940,0
,,,,185139750,,,,,,3008,大立光,,,3000222,,,,,,,,,,,,,,,,,1,上市,115,-6474268,,,,,0,,,,,,,,,,,,,,,,,,186622715,,,,184565071,,2670000,,1411.07,39536493,159095122,,,,,,,,,1334682,,,39762818,,,1564685,226385533,,,,,,,,,,,,,,,2057644,226325,67290411,0
,,,,15024523,,,,,,3010,華立,,,2223863,,,,,,,,,,,,,,,,,1,上市,115,,,,,,,,,,,,,,,,,,,,,,,,25985340,,,,23684310,,0,,91.29,24301868,38704302,,,,,,,,,2594368,,,32315671,,,3841556,58301011,,,,,,,,,,,,,,,2301030,8013803,19596709,0
,,,,-341530,,,,,,3011,今皓,,,320464,,,,,,,,,,,,,,,,,1,上市,115,,,,,,460,,,,,,,,,,,,,,,,,,1370855,,,,1343749,,0,,10.36,412402,620697,,,,,,,,,1296008,,,1252671,,,68807,2623526,,,,,,,,,,,,,,,27106,840269,2002829,0
,,,,2627273,,,,,,3013,晟銘電,,,58368,,,,,,,,,,,,,,,,,1,上市,115,0,,,,,,,,,,,,,,,,,,,,,,,5502055,,,,5502055,,0,,26.82,3947896,6453212,,,,,,,,,2051389,,,4676392,,,765025,10178447,,,,,,,,,,,,,,,0,728496,3725235,0
,,,,2962674,,,,,,3014,聯陽,,,97266,,,,,,,,,,,,,,,,,1,上市,115,-80,,,,,0,,,,,,,,,,,,,,,,,,6202881,,,,6202881,,8000,,37.37,3534436,7276847,,,,,,,,,1659871,,,3664549,,,1483150,9867430,,,,,,,,,,,,,,,0,130113,2590583,0
,,,,5633688,,,,,,3015,全漢,,,3436153,,,,,,,,,,,,,,,,,1,上市,115,,,,,,0,,,,,,,,,,,,,,,,,,12240621,,,,11804562,,0,,63.04,5382690,10514930,,,,,,,,,1872620,,,5983787,,,862101,18224408,,,,,,,,,,,,,,,436059,601097,7709478,0
,,,,362610,,,,,,3016,嘉晶,,,-2781,,,,,,,,,,,,,,,,,1,上市,115,,,,,,,,,,,,,,,,,,,,,,,,4896021,,,,4896021,,0,,16.97,1259785,4149251,,,,,,,,,2885418,,,2217982,,,1650774,7114003,,,,,,,,,,,,,,,,958197,2964752,0
,,,,39390863,,,,,,3017,奇鋐,,,147271,,,,,,,,,,,,,,,,,1,上市,115,,,,,,,,,,,,,,,,,,,,,,,,51314983,,,,45164885,,0,,115.06,112699102,135871669,,,,,,,,,3941060,,,124678400,,,1685691,175993383,,,,,,,,,,,,,,,6150098,11979298,40121714,364200
,,,,-232197,,,,,,3018,隆銘綠能,,,-17334,,,,,,,,,,,,,,,,,1,上市,115,,,,,,,,,,,,,,,,,,,,,,,,511205,,,,511205,,0,,6.78,679342,945217,,,,,,,,,753777,,,686677,,,6959,1197882,,,,,,,,,,,,,,,0,7335,252665,0
,,,,5627659,,,,,,3019,亞光,,,374118,,,,,,,,,,,,,,,,,1,上市,115,,,,,,0,,,,,,,,,,,,,,,,,,16725840,,,,14280740,,0,,51.14,10340672,23147848,,,,,,,,,2792439,,,10678584,,,5486524,27404424,,,,,,,,,,,,,,,2445100,337912,4256576,0
,,,,674205,,,,,,3021,鴻名,,,-59565,,,,,,,,,,,,,,,,,1,上市,115,,,,,,0,,,,,,,,,,,,,,,,,,1640546,,,,1571034,,0,,16.56,1378089,2414408,,,,,,,,,948900,,,1512711,,,7494,3153257,,,,,,,,,,,,,,,69512,134622,738849,0
,,,,8934854,,,,,,3022,威強電,,,-345190,,,,,,,,,,,,,,,,,1,上市,115,,,,,,0,,,,,,,,,,,,,,,,,,11691404,,,,11490677,,0,,65.07,3234728,10450596,,,,,,,,,1765978,,,4335529,,,1135035,16026933,,,,,,,,,,,,,,,200727,1100801,5576337,0
,,,,11467199,,,,,,3023,信邦,,,78423,,,,,,,,,,,,,,,,,1,上市,115,,,,,,,,,,,,,,,,,,,,,,,,17783718,,,,17511255,,0,,72.94,13869565,26277086,,,,,,,,,2400690,,,14861895,,,3564943,32645613,,,,,,,,,,,,,,,272463,992330,6368527,0
,,,,667511,,,,,,3024,憶聲,,,-407116,,,,,,,,,,,,,,,,,1,上市,115,,,,,,0,,,,,,,,,,,,,,,,,,3033572,,,,3033572,,0,,10.95,1763960,2489569,,,,,,,,,2771575,,,1870820,,,1602,4904392,,,,,,,,,,,,,,,,106860,2414823,0
,,,,311850,,,,,,3025,星通,,,-2814,,,,,,,,,,,,,,,,,1,上市,115,,,,,,,,,,,,,,,,,,,,,,,,920354,,,,920354,,0,,16.22,262017,973024,,,,,,,,,567365,,,303728,,,43953,1224082,,,,,,,,,,,,,,,,41711,251058,0
,,,,4954795,,,,,,3026,禾伸堂,,,-85743,,,,,,,,,,,,,,,,,1,上市,115,,,,,,,,,,,,,,,,,,,,,,,,9920266,,,,9687374,,0,,58.40,5803981,11840787,,,,,,,,,1658903,,,6345747,,,3159419,16266013,,,,,,,,,,,,,,,232892,541766,4425226,0
,,,,208614,,,,,,3027,盛達,,,-35124,,,,,,,,,,,,,,,,,1,上市,115,-21295,,,,,,,,,,,,,,,,,,,,,,,2293555,,,,2155061,,948000,,16.70,636654,1521070,,,,,,,,,1299604,,,737539,,,703262,3031094,,,,,,,,,,,,,,,138494,100885,1510024,0
,,,,2302564,,,,,,3028,增你強,,,349622,,,,,,,,,,,,,,,,,1,上市,115,,,,,,0,,,,,,,,,,,,,,,,,,6370590,,,,6370590,,0,,26.85,24755869,30113817,,,,,,,,,2372412,,,24995374,,,1345992,31365964,,,,,,,,,,,,,,,,239505,1252147,0
,,,,1206481,,,,,,3029,零壹,,,22598,,,,,,,,,,,,,,,,,1,上市,115,-51893,,,,,,,,,,,,,,,,,,,,,,,6365676,,,,5057861,,551000,,30.39,7803745,12286821,,,,,,,,,1670052,,,8760650,,,2210623,15126326,,,,,,,,,,,,,,,1307815,956905,2839505,0
,,,,8025522,,,,,,3030,德律,,,3462,,,,,,,,,,,,,,,,,1,上市,115,,,,,,0,,,,,,,,,,,,,,,,,,10461886,,,,10461886,,0,,44.29,2617903,8993545,,,,,,,,,2362160,,,2948413,,,70742,13410299,,,,,,,,,,,,,,,,330510,4416754,0
,,,,653697,,,,,,3031,佰鴻,,,25244,,,,,,,,,,,,,,,,,1,上市,115,0,,,,,0,,,,,,,,,,,,,,,,,,2932397,,,,2850024,,0,,16.45,574545,2027628,,,,,,,,,1732032,,,671104,,,439051,3603501,,,,,,,,,,,,,,,82373,96559,1575873,0
,,,,779427,,,,,,3032,偉訓,,,263015,,,,,,,,,,,,,,,,,1,上市,115,0,,,,,,,,,,,,,,,,,,,,,,,3765963,,,,2812487,,0,,24.83,5887506,9631770,,,,,,,,,1132856,,,14504218,,,637189,18270181,,,,,,,,,,,,,,,953476,8616712,8638411,0
,,,,2853429,,,,,,3033,威健,,,256847,,,,,,,,,,,,,,,,,1,上市,115,,,,,,,,,,,,,,,,,,,,,,,,10649558,,,,10649558,,0,,22.06,35487063,48803503,,,,,,,,,4827248,,,38880637,,,2712034,49530195,,,,,,,,,,,,,,,,3393574,726692,0
,,,,61064677,,,,,,3034,聯詠,,,2402969,,,,,,,,,,,,,,,,,1,上市,115,0,,,,,,,,,,,,,,,,,,,,,,,71927815,,,,71927815,,0,,118.20,21790635,79261926,,,,,,,,,6085115,,,31738768,,,2375054,103666583,,,,,,,,,,,,,,,0,9948133,24404657,0
,,,,5269983,,,,,,3035,智原,,,1359196,,,,,,,,,,,,,,,,,1,上市,115,,,,,,0,,,,,,,,,,,,,,,,,,14409439,,,,13655073,,0,,52.41,5732857,13023994,,,,,,,,,2605503,,,6486089,,,4420391,20895528,,,,,,,,,,,,,,,754366,753232,7871534,0
,,,,35772732,,,,,,3036,文曄,,,2945447,,,,,,,,,,,,,,,,,1,上市,115,,,,,,0,,,,,,,,,,,,,,,,,,112989972,,,,112701604,,0,,89.06,521467363,609616444,,,,,,,,,12691499,,,561170459,,,61291926,674160431,,,,,,,,,,,,,,,288368,39703096,64543987,0
,,,,71423350,,,,,,3037,欣興,,,2086978,,,,,,,,,,,,,,,,,1,上市,115,-107330,,,,,0,,,,,,,,,,,,,,,,,,116952673,,,,113384008,,901935,,71.39,86190209,114144042,,,,,,,,,15892465,,,149928398,,,24088545,266881071,,,,,,,,,,,,,,,3568665,63738189,152737029,0
,,,,1075123,,,,,,3038,全台,,,-109461,,,,,,,,,,,,,,,,,1,上市,115,-229745,,,,,0,,,,,,,,,,,,,,,,,,2460504,,,,2402609,,8794388,,16.17,821438,2872777,,,,,,,,,1574076,,,1349585,,,92616,3810089,,,,,,,,,,,,,,,57895,528147,937312,0
,,,,814558,,,,,,3040,遠見,,,-45859,,,,,,,,,,,,,,,,,1,上市,115,-164912,,,,,,,,,,,,,,,,,,,,,,,1417822,,,,1417822,,3150000,,22.51,62434,1532390,,,,,,,,,662245,,,444169,,,151790,1861991,,,,,,,,,,,,,,,,381735,329601,0
,,,,-500910,,,,,,3041,揚智,,,16522,,,,,,,,,,,,,,,,,1,上市,115,0,,,,,,,,,,,,,,,,,,,,,,,1453899,,,,1415504,,0,,10.09,1175974,1753949,,,,,,,,,1402237,,,2638568,,,497655,4092467,,,,,,,,,,,,,,,38395,1462594,2338518,0
,,,,7624045,,,,,,3042,晶技,,,-119332,,,,,,,,,,,,,,,,,1,上市,115,-264017,,,,,,,,,,,,,,,,,,,,,,,15240891,,,,15122667,,3000000,,44.48,6050925,13992302,,,,,,,,,3429930,,,7476497,,,4452041,22717388,,,,,,,,,,,,,,,118224,1425572,8725086,0
,,,,-107171,,,,,,3043,科風,,,442728,,,,,,,,,,,,,,,,,1,上市,115,,,,,,0,,,,,,,,,,,,,,,,,,700684,,,,725313,,0,,18.61,1021387,793833,,,,,,,,,389756,,,1100053,,,0,1800737,,,,,,,,,,,,,,,-24629,78666,1006904,0
,,,,53141429,,,,,,3044,健鼎,,,-431488,,,,,,,,,,,,,,,,,1,上市,115,,,,,,,,,,,,,,,,,,,,,,,,58309672,,,,58301589,,0,,110.92,38074338,70597125,,,,,,,,,5256059,,,45274053,,,335589,103583725,,,,,,,,,,,,,,,8083,7199715,32986600,0
,,,,54736982,,,,,,3045,台灣大,,,-895073,,,,,,,,,,,,,,,,,1,上市,115,-29455719,,,,,,,,,,,,,,,,,,,,,,,99846915,,,,91058326,,692599601,,30.05,76460035,41814599,,,,,,,,,37232618,,,136571793,,,29439518,236418708,,,,,,,,,,,,,,,8788589,60111758,194604109,0
,,,,355001,,,,,,3046,建碁,,,-17762,,,,,,,,,,,,,,,,,1,上市,115,,,,,,0,,,,,,,,,,,,,,,,,,1534100,,,,1542558,,0,,19.66,2193135,3347000,,,,,,,,,784480,,,2266693,,,420839,3800793,,,,,,,,,,,,,,,-8458,73558,453793,0
,,,,-90081,,,,,,3047,訊舟,,,33358,,,,,,,,,,,,,,,,,1,上市,115,-12935,,,,,,,,,,,,,,,,,,,,,,,3131040,,,,2487286,,1380104,,11.13,1394520,3225235,,,,,,,,,2248074,,,3126850,,,308870,6257890,,,,,,,,,,,,,,,643754,1732330,3032655,112500
,,,,1548407,,,,,,3048,益登,,,850694,,,,,,,,,,,,,,,,,1,上市,115,,,,,,,,,,,,,,,,,,,,,,,,5834338,,,,5834338,,0,,21.62,24960693,31564687,,,,,,,,,2698298,,,29455310,,,736939,35289648,,,,,,,,,,,,,,,,4494617,3724961,0
,,,,-832529,,,,,,3049,精金,,,-451720,,,,,,,,,,,,,,,,,1,上市,115,,,,,,0,,,,,,,,,,,,,,,,,,7642546,,,,7056406,,0,,8.80,2116140,2768786,,,,,,,,,8020105,,,5688411,,,320550,13330957,,,,,,,,,,,,,,,586140,3572271,10562171,0
,,,,331077,,,,,,3050,鈺德,,,-70315,,,,,,,,,,,,,,,,,1,上市,115,0,,,,,0,,,,,,,,,,,,,,,,,,2939887,,,,2391990,,0,,15.43,854779,1704289,,,,,,,,,1549845,,,2639596,,,581383,5579483,,,,,,,,,,,,,,,547897,1784817,3875194,0
,,,,896613,,,,,,3051,力特,,,26705,,,,,,,,,,,,,,,,,1,上市,115,-41599,,,,,0,,,,,,,,,,,,,,,,,,2551719,,,,2551719,,2000000,,15.46,1199950,1296235,,,,,,,,,1670000,,,1348223,,,0,3899942,,,,,,,,,,,,,,,0,148273,2603707,0
,,,,1174278,,,,,,3052,夆典,,,-6223,,,,,,,,,,,,,,,,,1,上市,115,-255837,,,,,0,,,,,,,,,,,,,,,,,,3643468,,,,3554500,,29261043,,17.43,8128121,11542706,,,,,,,,,2332457,,,8138924,,,309825,11782392,,,,,,,,,,,,,,,88968,10803,239686,0
,,,,264677,,,,,,3054,立萬利,,,269888,,,,,,,,,,,,,,,,,1,上市,115,,,,,,0,,,,,,,,,,,,,,,,,,1341075,,,,1341075,,0,,16.63,142266,735976,,,,,,,,,806510,,,148487,,,0,1489562,,,,,,,,,,,,,,,,6221,753586,0
,,,,469807,,,,,,3055,蔚華科,,,-142346,,,,,,,,,,,,,,,,,1,上市,115,-144237,,,,,,,,,,,,,,,,,,,,,,,1647564,,,,1623248,,2243030,,14.40,157618,1123572,,,,,,,,,1149749,,,284996,,,290275,1932560,,,,,,,,,,,,,,,24316,127378,808988,0
,,,,2390000,,,,,,3056,富華新,,,,,,,,,,,,,,,,,,,,1,上市,115,,,,,,,,,,,,,,,,,,,,,,,,8467123,,,,8467123,,0,,17.62,4655985,13460843,,,,,,,,,4805550,,,6453799,,,1271573,14920922,,,,,,,,,,,,,,,,1797814,1460079,0
,,,,-50394,,,,,,3057,喬鼎,,,-83908,,,,,,,,,,,,,,,,,1,上市,115,,,,,,,,,,,,,,,,,,,,,,,,655272,,,,655048,,0,,9.65,188413,759809,,,,,,,,,678646,,,229946,,,110704,885218,,,,,,,,,,,,,,,224,41533,125409,0
,,,,-335353,,,,,,3058,立德,,,-141118,,,,,,,,,,,,,,,,,1,上市,115,-25377,,,,,0,,,,,,,,,,,,,,,,,,1664267,,,,1548947,,1348000,,7.73,2659349,3022520,,,,,,,,,2017228,,,3570654,,,33567,5234921,,,,,,,,,,,,,,,115320,911305,2212401,0
,,,,4463776,,,,,,3059,華晶科,,,-137472,,,,,,,,,,,,,,,,,1,上市,115,-2847,,,,,0,,,,,,,,,,,,,,,,,,10442868,,,,10001918,,100000,,32.51,5342391,10009497,,,,,,,,,3077170,,,6281437,,,2601291,16724305,,,,,,,,,,,,,,,440950,939046,6714808,0
,,,,556024,,,,,,3060,銘異,,,-622510,,,,,,,,,,,,,,,,,1,上市,115,,,,,,0,,,,,,,,,,,,,,,,,,2749707,,,,2741479,,0,,19.93,1413440,2994981,,,,,,,,,1375632,,,1760816,,,1432333,4510523,,,,,,,,,,,,,,,8228,347376,1515542,0
,,,,655458,,,,,,3062,建漢,,,-321128,,,,,,,,,,,,,,,,,1,上市,115,-65282,,,,,0,,,,,,,,,,,,,,,,,,4129976,,,,4129976,,2040000,,12.59,1975747,3440630,,,,,,,,,3300918,,,2175561,,,560010,6305537,,,,,,,,,,,,,,,,199814,2864907,0
,,,,2394620,,,,,,3090,日電貿,,,4570134,,,,,,,,,,,,,,,,,1,上市,115,,,,,,,,,,,,,,,,,,,,,,,,17685192,,,,17617652,,0,,61.26,7202127,10610464,,,,,,,,,2875672,,,7479587,,,7777226,25164779,,,,,,,,,,,,,,,67540,277460,14554315,0
,,,,-548326,,,,,,3092,鴻碩,,,-56750,,,,,,,,,,,,,,,,,1,上市,115,,,,,,0,,,,,,,,,,,,,,,,,,1379823,,,,1349844,,0,,12.66,2147728,2144213,,,,,,,,,1066493,,,3621239,,,888427,5001062,,,,,,,,,,,,,,,29979,1473511,2856849,0
,,,,124342,,,,,,3094,聯傑,,,-8388,,,,,,,,,,,,,,,,,1,上市,115,0,,,,,0,,,,,,,,,,,,,,,,,,1011710,,,,1011710,,0,,12.17,52199,792305,,,,,,,,,831171,,,121752,,,64585,1133462,,,,,,,,,,,,,,,,69553,341157,0
,,,,1101578,,,,,,3130,一零四,,,-7309,,,,,,,,,,,,,,,,,1,上市,115,,,,,,0,,,,,,,,,,,,,,,,,,1823750,,,,1823750,,0,,54.95,2093178,3063217,,,,,,,,,331907,,,2168307,,,397574,3992057,,,,,,,,,,,,,,,,75129,928840,0
,,,,1271986,,,,,,3135,凌航,,,,,,,,,,,,,,,,,,,,1,上市,115,-11718,,,,,,,,,,,,,,,,,,,,,,,3258491,,,,,,350000,,36.32,4505648,7948978,,,,,,,,,900715,,,5249668,,,1097508,8508159,,,,,,,,,,,,,,,,744020,559181,12578086
,,,,658357,,,,,,3138,耀登,,,32291,,,,,,,,,,,,,,,,,1,上市,115,-186262,,,,,0,,,,,,,,,,,,,,,,,,2590791,,,,2588358,,2063000,,47.80,1305984,2129649,,,,,,,,,562165,,,1561760,,,1521807,4152551,,,,,,,,,,,,,,,2433,255776,2022902,0
,,,,-1073794,,,,,,3149,正達,,,480408,,,,,,,,,,,,,,,,,1,上市,115,,,,,,0,,,,,,,,,,,,,,,,,,2480150,,,,2480150,,0,,10.96,1223931,3053025,,,,,,,,,2262336,,,2501468,,,811200,4981618,,,,,,,,,,,,,,,,1277537,1928593,0
,,,,17374,,,,,,3150,鈺寶-創,,,-42456,,,,,,,,,,,,,,,,,1,上市,115,,,,,,,,,,,,,,,,,,,,,,,,585454,,,,,,0,,13.19,93553,450422,,,,,,,,,443770,,,105920,,,166766,691374,,,,,,,,,,,,,,,,12367,240952,0
,,,,65881,,,,,,3164,景岳,,,25408,,,,,,,,,,,,,,,,,1,上市,115,,,,,,0,,,,,,,,,,,,,,,,,,1405959,,,,1285965,,0,,14.95,209000,578772,,,,,,,,,860104,,,297048,,,334572,1703007,,,,,,,,,,,,,,,119994,88048,1124235,0
,,,,1907071,,,,,,3167,大量,,,-4411,,,,,,,,,,,,,,,,,1,上市,115,,,,,,,,,,,,,,,,,,,,,,,,3578872,,,,3578872,,0,,40.44,5595217,7943560,,,,,,,,,895049,,,6825735,,,781163,10404607,,,,,,,,,,,,,,,,1230518,2461047,0
,,,,384905,,,,,,3168,眾福科,,,11120,,,,,,,,,,,,,,,,,1,上市,115,,,,,,,,,,,,,,,,,,,,,,,,2342443,,,,1609090,,0,,21.43,1308407,2581454,,,,,,,,,750996,,,1373554,,,462069,3715997,,,,,,,,,,,,,,,733353,65147,1134543,0
,,,,20714616,,,,,,3189,景碩,,,-85034,,,,,,,,,,,,,,,,,1,上市,115,,,,,,,,,,,,,,,,,,,,,,,,51470276,,,,43152823,,0,,81.90,17816161,33407134,,,,,,,,,5269158,,,32183791,,,17254083,83654067,,,,,,,,,,,,,,,8317453,14367630,50246933,0
,,,,1838070,,,,,,3209,全科,,,183581,,,,,,,,,,,,,,,,,1,上市,115,,,,,,,,,,,,,,,,,,,,,,,,5451509,,,,5241633,,0,,22.27,16134490,20780149,,,,,,,,,2353912,,,17258182,,,866070,22709691,,,,,,,,,,,,,,,209876,1123692,1929542,0
,,,,-98417,,,,,,3229,晟鈦,,,,,,,,,,,,,,,,,,,,1,上市,115,,,,,,,,,,,,,,,,,,,,,,,,634555,,,,634555,,0,,9.87,303681,692865,,,,,,,,,642630,,,306548,,,90342,941103,,,,,,,,,,,,,,,,2867,248238,0
,,,,76402635,,,,,,3231,緯創,,,751316,,,,,,,,,,,,,,,,,1,上市,115,0,,,,,0,,,,,,,,,,,,,,,,,,275127176,,,,190183392,,0,,59.80,1086171892,1303491429,,,,,,,,,31804123,,,1193994744,,,81225318,1469121920,,,,,,,,,,,,,,,84943784,107822852,165630491,0
,,,,565506,,,,,,3257,虹冠電,,,1522,,,,,,,,,,,,,,,,,1,上市,115,-11409,,,,,,,,,,,,,,,,,,,,,,,1580606,,,,1571610,,259000,,19.75,561416,2133139,,,,,,,,,798236,,,1055734,,,217755,2636340,,,,,,,,,,,,,,,8996,494318,503201,0
,,,,2072614,,,,,,3266,昇陽,,,0,,,,,,,,,,,,,,,,,1,上市,115,,,,,,0,,,,,,,,,,,,,,,,,,6439639,,,,6398428,,0,,18.16,7165124,12792293,,,,,,,,,3523143,,,7442761,,,802671,13882400,,,,,,,,,,,,,,,41211,277637,1090107,0
,,,,172362,,,,,,3296,勝德,,,-61837,,,,,,,,,,,,,,,,,1,上市,115,,,,,,0,,,,,,,,,,,,,,,,,,1261133,,,,1261133,,0,,13.04,959362,1498700,,,,,,,,,967244,,,971754,,,183364,2232887,,,,,,,,,,,,,,,,12392,734187,0
,,,,2741378,,,,,,3305,昇貿,,,-2533,,,,,,,,,,,,,,,,,1,上市,115,-234911,,,,,0,,,,,,,,,,,,,,,,,,6070650,,,,6050324,,4337000,,43.12,7348569,11521860,,,,,,,,,1446357,,,8748813,,,2100033,14819463,,,,,,,,,,,,,,,20326,1400244,3297603,0
,,,,520471,,,,,,3308,聯德,,,5460,,,,,,,,,,,,,,,,,1,上市,115,,,,,,,,,,,,,,,,,,,,,,,,1130837,,,,1130837,,0,,18.85,782760,1492523,,,,,,,,,600000,,,1021325,,,4906,2152162,,,,,,,,,,,,,,,,238565,659639,0
,,,,1753319,,,,,,3311,閎暉,,,-227138,,,,,,,,,,,,,,,,,1,上市,115,,,,,,,,,,,,,,,,,,,,,,,,3719314,,,,3719314,,0,,37.19,1378722,1652997,,,,,,,,,1000000,,,1449390,,,1193133,5168704,,,,,,,,,,,,,,,,70668,3515707,0
,,,,1207033,,,,,,3312,弘憶股,,,114143,,,,,,,,,,,,,,,,,1,上市,115,,,,,,0,,,,,,,,,,,,,,,,,,4120391,,,,4120391,,0,,22.56,7108420,10336444,,,,,,,,,1826268,,,8087399,,,972947,12207790,,,,,,,,,,,,,,,0,978979,1871346,0
,,,,-239911,,,,,,3321,同泰,,,-47972,,,,,,,,,,,,,,,,,1,上市,115,,,,,,0,,,,,,,,,,,,,,,,,,672520,,,,672520,,0,,7.81,1101699,1531176,,,,,,,,,861138,,,1344759,,,99265,2017279,,,,,,,,,,,,,,,,243060,486103,0
,,,,863570,,,,,,3338,泰碩,,,487,,,,,,,,,,,,,,,,,1,上市,115,-50634,,,,,0,,,,,,,,,,,,,,,,,,2041433,,,,2041433,,1082000,,23.51,1427207,2821567,,,,,,,,,879081,,,1580096,,,348929,3621529,,,,,,,,,,,,,,,,152889,799962,0
,,,,657100,,,,,,3346,麗清,,,4386,,,,,,,,,,,,,,,,,1,上市,115,-20122,,,,,,,,,,,,,,,,,,,,,,,3578702,,,,3578702,,750000,,29.70,4455060,8045104,,,,,,,,,1212284,,,6596575,,,1725054,10175277,,,,,,,,,,,,,,,,2141515,2130173,0
,,,,1632339,,,,,,3356,奇偶,,,8534,,,,,,,,,,,,,,,,,1,上市,115,,,,,,0,,,,,,,,,,,,,,,,,,2676276,,,,2665699,,0,,33.35,391712,2893011,,,,,,,,,799417,,,420305,,,225409,3096581,,,,,,,,,,,,,,,10577,28593,203570,0
,,,,12883362,,,,,,3376,新日興,,,61547,,,,,,,,,,,,,,,,,1,上市,115,,,,,,,,,,,,,,,,,,,,,,,,17396638,,,,17396638,,0,,88.87,3894401,10777512,,,,,,,,,1957638,,,5100165,,,2494091,22496803,,,,,,,,,,,,,,,,1205764,11719291,0
,,,,1564139,,,,,,3380,明泰,,,21851,,,,,,,,,,,,,,,,,1,上市,115,,,,,,0,,,,,,,,,,,,,,,,,,12802715,,,,9087694,,0,,16.78,11248041,17857159,,,,,,,,,5417185,,,11961869,,,2084519,24764584,,,,,,,,,,,,,,,3715021,713828,6907425,0
,,,,14746254,,,,,,3406,玉晶光,,,1006681,,,,,,,,,,,,,,,,,1,上市,115,,,,,,,,,,,,,,,,,,,,,,,,26092448,,,,26120041,,0,,231.68,9791281,22697154,,,,,,,,,1127431,,,18698861,,,9239675,44791309,,,,,,,,,,,,,,,-27593,8907580,22094155,0
,,,,8108661,,,,,,3413,京鼎,,,488385,,,,,,,,,,,,,,,,,1,上市,115,,,,,,0,,,,,,,,,,,,,,,,,,17379350,,,,15913520,,0,,143.67,10970724,16490327,,,,,,,,,1107623,,,12835834,,,6208851,30215184,,,,,,,,,,,,,,,1465830,1865110,13724857,191300
,,,,1409621,,,,,,3416,融程電,,,-19654,,,,,,,,,,,,,,,,,1,上市,115,,,,,,,,,,,,,,,,,,,,,,,,3244452,,,,3246617,,0,,40.33,1757760,2786217,,,,,,,,,804938,,,1824098,,,1051712,5068550,,,,,,,,,,,,,,,-2165,66338,2282333,1000
,,,,-204518,,,,,,3419,譁裕,,,-60882,,,,,,,,,,,,,,,,,1,上市,115,,,,,,,,,,,,,,,,,,,,,,,,939829,,,,939829,,0,,7.80,865136,1155423,,,,,,,,,1204804,,,1010690,,,425,1950519,,,,,,,,,,,,,,,,145554,795096,0
,,,,-257579,,,,,,3432,台端,,,-42285,,,,,,,,,,,,,,,,,1,上市,115,,,,,,0,,,,,,,,,,,,,,,,,,300637,,,,300637,,0,,7.12,51262,292330,,,,,,,,,422300,,,75694,,,178201,376331,,,,,,,,,,,,,,,,24432,84001,0
,,,,-464425,,,,,,3437,榮創,,,293133,,,,,,,,,,,,,,,,,1,上市,115,,,,,,0,,,,,,,,,,,,,,,,,,2235865,,,,2165160,,0,,14.98,539489,1551700,,,,,,,,,1445480,,,555361,,,890972,2791226,,,,,,,,,,,,,,,70705,15872,1239526,0
,,,,13201884,,,,,,3443,創意,,,8974,,,,,,,,,,,,,,,,,1,上市,115,,,,,,,,,,,,,,,,,,,,,,,,14583873,,,,14583873,,0,,108.83,19973296,31638843,,,,,,,,,1340119,,,20548418,,,32896,35132291,,,,,,,,,,,,,,,,575122,3493448,0
,,,,258057,,,,,,3447,展達,,,5520,,,,,,,,,,,,,,,,,1,上市,115,,,,,,,,,,,,,,,,,,,,,,,,1224839,,,,1224839,,0,,15.81,1953580,2951221,,,,,,,,,774491,,,1963154,,,186771,3187993,,,,,,,,,,,,,,,,9574,236772,0
,,,,3291915,,,,,,3450,聯鈞,,,10751,,,,,,,,,,,,,,,,,1,上市,115,,,,,,,,,,,,,,,,,,,,,,,,7800202,,,,5215702,,0,,35.80,4106443,7884253,,,,,,,,,1456814,,,5884300,,,456222,13684502,,,,,,,,,,,,,,,2584500,1777857,5800249,0
,,,,45269552,,,,,,3481,群創,,,-2369686,,,,,,,,,,,,,,,,,1,上市,115,-56914,,,,,0,,,,,,,,,,,,,,,,,,229085132,,,,226730961,,4072200,,28.39,124944734,182233903,,,,,,,,,79891974,,,158168711,,,103996035,387253843,,,,,,,,,,,,,,,2354171,33223977,205019940,0
,,,,-507064,,,,,,3494,誠研,,,-28500,,,,,,,,,,,,,,,,,1,上市,115,,,,,,,,,,,,,,,,,,,,,,,,642393,,,,550301,,0,,5.80,465611,378072,,,,,,,,,948000,,,1155443,,,137865,1797836,,,,,,,,,,,,,,,92092,689832,1419764,0
,,,,3986270,,,,,,3501,維熹,,,-1675,,,,,,,,,,,,,,,,,1,上市,115,,,,,,0,,,,,,,,,,,,,,,,,,6913019,,,,6913019,,0,,58.46,2160859,6369451,,,,,,,,,1182579,,,3067243,,,1745845,9980262,,,,,,,,,,,,,,,,906384,3610811,0
,,,,131037,,,,,,3504,揚明光,,,-90976,,,,,,,,,,,,,,,,,1,上市,115,,,,,,,,,,,,,,,,,,,,,,,,2828864,,,,2828864,,0,,24.80,1016643,2230493,,,,,,,,,1140598,,,1422483,,,1648205,4251347,,,,,,,,,,,,,,,0,405840,2020854,0
,,,,4733729,,,,,,3515,華擎,,,-31582,,,,,,,,,,,,,,,,,1,上市,115,,,,,,12000,,,,,,,,,,,,,,,,,,14295327,,,,11272933,,0,,91.26,14322582,26619209,,,,,,,,,1235320,,,14380132,,,5335466,28675459,,,,,,,,,,,,,,,3022394,57550,2056250,0
,,,,135315,,,,,,3518,柏騰,,,-133371,,,,,,,,,,,,,,,,,1,上市,115,,,,,,,,,,,,,,,,,,,,,,,,1702871,,,,1702871,,0,,16.60,314326,1286836,,,,,,,,,1025572,,,739644,,,675355,2442515,,,,,,,,,,,,,,,,425318,1155679,0
,,,,1002741,,,,,,3528,安馳,,,116767,,,,,,,,,,,,,,,,,1,上市,115,,,,,,,,,,,,,,,,,,,,,,,,2087667,,,,,,0,,31.33,9728162,11619821,,,,,,,,,666392,,,9759913,,,301767,11847580,,,,,,,,,,,,,,,,31751,227759,0
,,,,552020,,,,,,3530,晶相光,,,4915,,,,,,,,,,,,,,,,,1,上市,115,,,,,,,,,,,,,,,,,,,,,,,,2489878,,,,2489878,,0,,32.14,279133,2398033,,,,,,,,,774759,,,288417,,,1158184,2778295,,,,,,,,,,,,,,,,9284,380262,0
,,,,14729653,,,,,,3532,台勝科,,,-93749,,,,,,,,,,,,,,,,,1,上市,115,,,,,,,,,,,,,,,,,,,,,,,,24253793,,,,24253793,,0,,62.53,3626589,9109304,,,,,,,,,3878483,,,26972355,,,5739406,51226148,,,,,,,,,,,,,,,,23345766,42116844,0
,,,,30523523,,,,,,3533,嘉澤,,,728123,,,,,,,,,,,,,,,,,1,上市,115,-351204,,,,,0,,,,,,,,,,,,,,,,,,44011578,,,,41929264,,312000,,373.63,9446875,36008681,,,,,,,,,1125347,,,10356158,,,9903475,54367736,,,,,,,,,,,,,,,2082314,909283,18359055,0
,,,,228405,,,,,,3535,晶彩科,,,-3879,,,,,,,,,,,,,,,,,1,上市,115,,,,,,,,,,,,,,,,,,,,,,,,1113539,,,,1113539,,0,,14.09,336556,1161854,,,,,,,,,790523,,,513730,,,98490,1627269,,,,,,,,,,,,,,,,177174,465415,0
,,,,198143,,,,,,3543,州巧,,,-292941,,,,,,,,,,,,,,,,,1,上市,115,-25619,,,,,0,,,,,,,,,,,,,,,,,,3709768,,,,3112253,,1000000,,28.48,1258588,3789651,,,,,,,,,1102631,,,1844510,,,2130039,5554278,,,,,,,,,,,,,,,597515,585922,1764627,0
,,,,467474,,,,,,3545,敦泰,,,118718,,,,,,,,,,,,,,,,,1,上市,115,-338281,,,,,,,,,,,,,,,,,,,,,,,8700330,,,,8700330,,5085000,,40.28,3606208,7929350,,,,,,,,,2210692,,,4080852,,,6241727,12781182,,,,,,,,,,,,,,,0,474644,4851832,0
,,,,265700,,,,,,3550,聯穎,,,-96272,,,,,,,,,,,,,,,,,1,上市,115,,,,,,0,,,,,,,,,,,,,,,,,,1691774,,,,1669003,,0,,15.52,1758096,2867552,,,,,,,,,1075500,,,2633732,,,424075,4325506,,,,,,,,,,,,,,,22771,875636,1457954,0
,,,,996780,,,,,,3557,嘉威,,,30919,,,,,,,,,,,,,,,,,1,上市,115,,,,,,,,,,,,,,,,,,,,,,,,2552991,,,,2552991,,0,,30.28,2725038,2360922,,,,,,,,,843154,,,4258562,,,682138,6811553,,,,,,,,,,,,,,,,1533524,4450631,0
,,,,2788803,,,,,,3563,牧德,,,11153,,,,,,,,,,,,,,,,,1,上市,115,,,,,,,,,,,,,,,,,,,,,,,,5340879,,,,5211022,,0,,81.47,2118626,6503526,,,,,,,,,639608,,,2219675,,,1771458,7560554,,,,,,,,,,,,,,,129857,101049,1057028,0
,,,,-4180922,,,,,,3576,聯合再生,,,147122,,,,,,,,,,,,,,,,,1,上市,115,-18699,,,,,,,,,,,,,,,,,,,,,,,13110094,,,,13077004,,1065679,,8.04,6482798,9492286,,,,,,,,,16277954,,,12399640,,,851549,25509734,,,,,,,,,,,,,,,33090,5916842,16017448,0
,,,,3675422,,,,,,3583,辛耘,,,2235320,,,,,,,,,,,,,,,,,1,上市,115,,,,,,,,,,,,,,,,,,,,,,,,7996021,,,,7638099,,0,,95.06,19129006,20905271,,,,,,,,,803461,,,19565777,,,923896,27561798,,,,,,,,,,,,,,,357922,436771,6656527,0
,,,,794579,,,,,,3588,通嘉,,,-4356,,,,,,,,,,,,,,,,,1,上市,115,,,,,,,,,,,,,,,,,,,,,,,,1794796,,,,1794796,,0,,28.95,222818,1568974,,,,,,,,,619932,,,244854,,,384641,2039650,,,,,,,,,,,,,,,,22036,470676,0
,,,,47055,,,,,,3591,艾笛森,,,-118600,,,,,,,,,,,,,,,,,1,上市,115,-73473,,,,,,,,,,,,,,,,,,,,,,,3043431,,,,2867406,,4025827,,20.28,678296,2403392,,,,,,,,,1453868,,,1178716,,,1558556,4222147,,,,,,,,,,,,,,,176025,500420,1818755,0
,,,,5644225,,,,,,3592,瑞鼎,,,-360900,,,,,,,,,,,,,,,,,1,上市,115,,,,,,0,,,,,,,,,,,,,,,,,,10754810,,,,10754810,,0,,141.78,8492555,17056365,,,,,,,,,758552,,,8749927,,,4712933,19504737,,,,,,,,,,,,,,,,257372,2448372,0
,,,,-451591,,,,,,3593,力銘,,,78558,,,,,,,,,,,,,,,,,1,上市,115,,,,,,,,,,,,,,,,,,,,,,,,251644,,,,251644,,0,,4.14,522835,626402,,,,,,,,,608255,,,945316,,,16422,1196960,,,,,,,,,,,,,,,,422481,570558,0
,,,,10174769,,,,,,3596,智易,,,140177,,,,,,,,,,,,,,,,,1,上市,115,,,,,,,,,,,,,,,,,,,,,,,,15817382,,,,15728392,,0,,71.38,37932343,46659935,,,,,,,,,2203543,,,38219031,,,3209903,54036413,,,,,,,,,,,,,,,88990,286688,7376478,0
,,,,3749946,,,,,,3605,宏致,,,374888,,,,,,,,,,,,,,,,,1,上市,115,,,,,,0,,,,,,,,,,,,,,,,,,7965565,,,,7964714,,0,,48.62,4283420,7733924,,,,,,,,,1638164,,,7237415,,,2201716,15202980,,,,,,,,,,,,,,,851,2953995,7469056,0
,,,,33941,,,,,,3607,谷崧,,,-670590,,,,,,,,,,,,,,,,,1,上市,115,,,,,,,,,,,,,,,,,,,,,,,,1693435,,,,1693435,,0,,13.92,1085997,2158556,,,,,,,,,1216622,,,1223656,,,1113462,2917091,,,,,,,,,,,,,,,,137659,758535,0
,,,,4923892,,,,,,3617,碩天,,,85677,,,,,,,,,,,,,,,,,1,上市,115,,,,,,,,,,,,,,,,,,,,,,,,9267432,,,,9173310,,0,,96.80,3752308,10475363,,,,,,,,,947660,,,5524979,,,3216081,14792411,,,,,,,,,,,,,,,94122,1772671,4317048,0
,,,,2414632,,,,,,3622,洋華,,,1977913,,,,,,,,,,,,,,,,,1,上市,115,,,,,,,,,,,,,,,,,,,,,,,,7372294,,,,7286903,,0,,48.15,1032992,6375693,,,,,,,,,1513276,,,1294945,,,1381082,8667239,,,,,,,,,,,,,,,85391,261953,2291546,0
,,,,1228515,,,,,,3645,達邁,,,2133,,,,,,,,,,,,,,,,,1,上市,115,,,,,,,,,,,,,,,,,,,,,,,,3405790,,,,3391131,,0,,24.80,846057,1632785,,,,,,,,,1367542,,,1600296,,,792941,5006086,,,,,,,,,,,,,,,14659,754239,3373301,0
,,,,209434,,,,,,3652,精聯,,,-15807,,,,,,,,,,,,,,,,,1,上市,115,,,,,,,,,,,,,,,,,,,,,,,,1882518,,,,1879828,,0,,25.03,758801,2208650,,,,,,,,,750975,,,839191,,,935226,2721709,,,,,,,,,,,,,,,2690,80390,513059,0
,,,,6779708,,,,,,3653,健策,,,167503,,,,,,,,,,,,,,,,,1,上市,115,,,,,,0,,,,,,,,,,,,,,,,,,21397357,,,,21182085,,0,,144.36,8468040,20477674,,,,,,,,,1467328,,,8909881,,,12767546,30307238,,,,,,,,,,,,,,,215272,441841,9829564,0
,,,,14832730,,,,,,3661,世芯-KY,0,,1621075,,,,,,,,,,,,,,,,,1,上市,115,,,,,,0,,,,,,,,,,,,,,,,,,43171132,,,,43152816,,0,,529.26,15791645,54450417,,,,,,,,,815340,,,16015240,,,25883671,59186372,,,,,,,,,,,,,,,18316,223595,4735955,0
,,,,18822855,,,,,,3665,貿聯-KY,,,2325095,,,,,,,,,,,,,,,,,1,上市,115,,,,,,0,,,,,,,,,,,,,,,,,,46636528,,,,46639663,,0,,239.08,23706185,52902105,,,,,,,,,1950784,,,38964135,,,23540929,85600663,,,,,,,,,,,,,,,-3135,15257950,32698558,0
,,,,1903979,,,,,,3669,圓展,,,-340227,,,,,,,,,,,,,,,,,1,上市,115,,,,,,,,,,,,,,,,,,,,,,,,3228072,,,,3228072,,0,,34.74,1070349,2175777,,,,,,,,,929200,,,1190520,,,735120,4418592,,,,,,,,,,,,,,,,120171,2242815,0
,,,,4091888,,,,,,3673,TPK-KY,,,3472204,,,,,,,,,,,,,,,,,1,上市,115,,,,,,,,,,,,,,,,,,,,,,,,55527932,,,,40527212,,0,,99.66,34079481,73844000,,,,,,,,,4066638,,,49320829,,,28896482,104848761,,,,,,,,,,,,,,,15000720,15241348,31004761,0
,,,,3199832,,,,,,3679,新至陞,,,-67533,,,,,,,,,,,,,,,,,1,上市,115,,,,,,0,,,,,,,,,,,,,,,,,,4703420,,,,4703420,,0,,74.63,2716700,6682912,,,,,,,,,630222,,,4633438,,,940899,9336858,,,,,,,,,,,,,,,,1916738,2653946,0
,,,,-103650,,,,,,3686,達能,,,,,,,,,,,,,,,,,,,,1,上市,115,,,,,,0,,,,,,,,,,,,,,,,,,667424,,,,667424,,0,,8.73,6514,400092,,,,,,,,,764951,,,8515,,,6123,675939,,,,,,,,,,,,,,,,2001,275847,0
,,,,1209676,,,,,,3694,海華,,,-27722,,,,,,,,,,,,,,,,,1,上市,115,,,,,,,,,,,,,,,,,,,,,,,,3902204,,,,3902204,,0,,25.19,3898474,6663374,,,,,,,,,1549292,,,3935715,,,1170958,7837919,,,,,,,,,,,,,,,,37241,1174545,0
,,,,859658,,,,,,3701,大眾控,,,-91189,,,,,,,,,,,,,,,,,1,上市,115,,,,,,,,,,,,,,,,,,,,,,,,6853252,,,,4872496,,0,,20.59,3214381,9315754,,,,,,,,,2366376,,,6437697,,,1737651,13290949,,,,,,,,,,,,,,,1980756,3223316,3975195,0
,,,,50671941,,,,,,3702,大聯大,,,517610,,,,,,,,,,,,,,,,,1,上市,115,,,,,,0,,,,,,,,,,,,,,,,,,92641063,,,,90022718,,0,,53.61,351739547,434755950,,,,,,,,,16791239,,,386867313,,,22041928,479508376,,,,,,,,,,,,,,,2618345,35127766,44752426,0
,,,,10464302,,,,,,3703,欣陸,,,1725729,,,,,,,,,,,,,,,,,1,上市,115,,,,,,,,,,,,,,,,,,,,,,,,28809386,,,,27306209,,0,,33.17,49543922,60631473,,,,,,,,,8232160,,,67868177,,,6884018,96677563,,,,,,,,,,,,,,,1503177,18324255,36046090,0
,,,,4392553,,,,,,3704,合勤控,,,-361105,,,,,,,,,,,,,,,,,1,上市,115,-96550,,,,,,,,,,,,,,,,,,,,,,,12074158,,,,11811232,,7317397,,28.94,11005308,18987830,,,,,,,,,4154450,,,11738856,,,3721884,23813014,,,,,,,,,,,,,,,262926,733548,4825184,0
,,,,2809353,,,,,,3705,永信,,,-241525,,,,,,,,,,,,,,,,,1,上市,115,-1439,,,,,0,,,,,,,,,,,,,,,,,,8446887,,,,7612654,,58059,,28.58,2695071,7096418,,,,,,,,,2664230,,,4269427,,,2382035,12716314,,,,,,,,,,,,,,,834233,1574356,5619896,0
,,,,28969569,,,,,,3706,神達,,,1032481,,,,,,,,,,,,,,,,,1,上市,115,,,,,,0,,,,,,,,,,,,,,,,,,67632734,,,,66437806,,0,,50.06,48216898,82662619,,,,,,,,,13272125,,,68280278,,,23163631,135913012,,,,,,,,,,,,,,,1194928,20063380,53250393,0
,,,,5997205,,,,,,3708,上緯投控,,,6159267,,,,,,,,,,,,,,,,,1,上市,115,-641890,,,,,0,,,,,,,,,,,,,,,,,,17368841,,,,17504977,,5297000,,189.64,3816560,6975429,,,,,,,,,976054,,,4534589,,,5014341,21903430,,,,,,,,,,,,,,,-136136,718029,14928001,0
,,,,124880812,,,,,,3711,日月光投控,,,17897491,,,,,,,,,,,,,,,,,1,上市,115,-1959107,,,,,,,,,,,,,,,,,,,,,,,381143954,,,,350617392,,72941505,,79.90,294501914,337698528,,,,,,,,,44613861,,,576383490,,,165184335,957527444,,,,,,,,,,,,,,,30526562,281881576,619828916,14356300
,,,,-5424868,,,,,,3712,永崴投控,,,43052,,,,,,,,,,,,,,,,,1,上市,115,,,,,,,,,,,,,,,,,,,,,,,,5902808,,,,2982423,,0,,12.11,46915609,29571984,,,,,,,,,2462421,,,55872481,,,5901818,61775289,,,,,,,,,,,,,,,2920385,8956872,32203305,0
,,,,-2723418,,,,,,3714,富采,,,1031250,,,,,,,,,,,,,,,,,1,上市,115,-135163,,,,,,,,,,,,,,,,,,,,,,,42781163,,,,41750358,,1282377,,56.68,8058738,29431729,,,,,,,,,7379405,,,9694529,,,36198284,52475692,,,,,,,,,,,,,,,1030805,1635791,23043963,0
,,,,1833299,,,,,,3715,定穎投控,,,269871,,,,,,,,,,,,,,,,,1,上市,115,,,,,,0,,,,,,,,,,,,,,,,,,12582915,,,,10751763,,0,,37.92,16104186,21438597,,,,,,,,,2835746,,,32592688,,,5812847,45175603,,,,,,,,,,,,,,,1831152,16488502,23737006,0
,,,,679667,,,,,,3716,中化控股,,,-154972,,,,,,,,,,,,,,,,,1,上市,115,-146631,,,,,0,,,,,,,,,,,,,,,,,,7820641,,,,7783567,,3624941,,53.26,4039684,5863101,,,,,,,,,1497656,,,4762626,,,5907847,12583267,,,,,,,,,,,,,,,37074,722942,6720166,0
,,,,163512,,,,,,3717,聯嘉投控,,,16274,,,,,,,,,,,,,,,,,1,上市,115,0,,,,,,,,,,,,,,,,,,,,,,,3366339,,,,3362419,,0,,16.18,3588169,5410382,,,,,,,,,2078455,,,5329732,,,1104178,8696071,,,,,,,,,,,,,,,3920,1741563,3285689,0
,,,,3152654,,,,,,4104,佳醫,,,347983,,,,,,,,,,,,,,,,,1,上市,115,,,,,,0,,,,,,,,,,,,,,,,,,12055264,,,,9633296,,0,,51.14,6342897,10813275,,,,,,,,,1883674,,,7408639,,,4248985,19463903,,,,,,,,,,,,,,,2421968,1065742,8650628,0
,,,,1157230,,,,,,4106,雃博,,,-32157,,,,,,,,,,,,,,,,,1,上市,115,,,,,,,,,,,,,,,,,,,,,,,,2480227,,,,2479925,,0,,24.58,619160,1721731,,,,,,,,,1009116,,,728668,,,345736,3208895,,,,,,,,,,,,,,,302,109508,1487164,0
,,,,-297577,,,,,,4108,懷特,,,141092,,,,,,,,,,,,,,,,,1,上市,115,,,,,,,,,,,,,,,,,,,,,,,,2242011,,,,1836172,,0,,9.24,33184,1183807,,,,,,,,,1986189,,,52529,,,6468,2294540,,,,,,,,,,,,,,,405839,19345,1110733,0
,,,,1987957,,,,,,4119,旭富,,,-7407,,,,,,,,,,,,,,,,,1,上市,115,,,,,,0,,,,,,,,,,,,,,,,,,5410623,,,,5410623,,0,,45.27,1053320,1104577,,,,,,,,,1195087,,,1544198,,,2234986,6954821,,,,,,,,,,,,,,,,490878,5850244,0
,,,,191397,,,,,,4133,亞諾法,0,,-4966,,,,,,,,,,,,,,,,,1,上市,115,0,,,,,,,,,,,,,,,,,,,,,,0,1266494,,,,1266494,,0,,20.92,66485,937474,,,,,,,,,605536,,,82535,,,474527,1349029,,,,,,,,,,,,,,,0,16050,411555,0
,,,,3370925,,,,,,4137,麗豐-KY,,,-288661,,,,,,,,,,,,,,,,,1,上市,115,,,,,,,,,,,,,,,,,,,,,,,,5576552,,,,5576552,,0,,67.60,3287321,6803769,,,,,,,,,824924,,,4243460,,,1669364,9820012,,,,,,,,,,,,,,,,956139,3016243,0
,,,,-99425,,,,,,4142,國光生,,,23064,,,,,,,,,,,,,,,,,1,上市,115,-292538,,,,,0,,,,,,,,,,,,,,,,,,4848001,,,,4755677,,8000000,,11.28,1385145,2912947,,,,,,,,,4295078,,,2973185,,,829498,7821186,,,,,,,,,,,,,,,92324,1588040,4908239,0
,,,,1436826,,,,,,4148,全宇生技-KY,,,-156558,,,,,,,,,,,,,,,,,1,上市,115,,,,,,,,,,,,,,,,,,,,,,,,3435882,,,,2734995,,0,,40.68,652302,3084648,,,,,,,,,672357,,,818221,,,782370,4254103,,,,,,,,,,,,,,,700887,165919,1169455,0
,,,,275609,,,,,,4155,訊映,,,-82581,,,,,,,,,,,,,,,,,1,上市,115,,,,,,0,,,,,,,,,,,,,,,,,,2590423,,,,2526367,,0,,17.45,511347,1271738,,,,,,,,,1448142,,,1297683,,,885197,3888106,,,,,,,,,,,,,,,64056,786336,2616368,0
,,,,1042679,,,,,,4164,承業醫,,,-406790,,,,,,,,,,,,,,,,,1,上市,115,,,,,,0,,,,,,,,,,,,,,,,,,7877782,,,,7447429,,0,,38.13,2923615,5190666,,,,,,,,,1953110,,,8078503,,,4858430,15956285,,,,,,,,,,,,,,,430353,5154888,10765619,0
,,,,4033,,,,,,4169,泰宗,,,-2612,,,,,,,,,,,,,,,,,1,上市,115,,,,,,0,,,,,,,,,,,,,,,,,,1110000,,,,1110000,,0,,18.57,143172,929474,,,,,,,,,663314,,,160178,,,445265,1270178,,,,,,,,,,,,,,,,17006,340704,714000
,,,,-1460962,,,,,,4178,永笙-KY,,,-80240,,,,,,,,,,,,,,,,,1,上市,115,,,,,,,,,,,,,,,,,,,,,,,,1684200,,,,1684200,,0,,8.70,244299,2637624,,,,,,,,,1937970,,,1418913,,,1287432,3103113,,,,,,,,,,,,,,,,1174614,465489,378000
,,,,396422,,,,,,4190,佐登-KY,,,-22918,,,,,,,,,,,,,,,,,1,上市,115,-108436,,,,,,,,,,,,,,,,,,,,,,,1612132,,,,1612132,,2000000,,27.12,3364541,1622513,,,,,,,,,614441,,,5134925,,,732623,6747057,,,,,,,,,,,,,,,,1770384,5124544,0
,,,,-252405,,,,,,4195,基米-創,,,-1599,,,,,,,,,,,,,,,,,1,上市,115,,,,,,,,,,,,,,,,,,,,,,,,534546,,,,471547,,0,,6.51,499555,570504,,,,,,,,,724481,,,793156,,,1070,1327702,,,,,,,,,,,,,,,62999,293601,757198,0
,,,,2979611,,,,,,4306,炎洲,,,404614,,,,,,,,,,,,,,,,,1,上市,115,-243995,,,,,0,,,,,,,,,,,,,,,,,,13303653,,,,12642207,,18791283,,19.21,15849766,24550171,,,,,,,,,6767572,,,24023660,,,2734405,37327313,,,,,,,,,,,,,,,661446,8173894,12777142,0
,,,,-74146,,,,,,4414,如興,,,217042,,,,,,,,,,,,,,,,,1,上市,115,,,,,,,,,,,,,,,,,,,,,,,,4273242,,,,4053780,,0,,15.37,9101246,8194977,,,,,,,,,2637957,,,9429704,,,1272927,13702946,,,,,,,,,,,,,,,219462,328458,5507969,0
,,,,71903,,,,,,4426,利勤,,,-10753,,,,,,,,,,,,,,,,,1,上市,115,,,,,,0,,,,,,,,,,,,,,,,,,1831024,,,,1830782,,0,,10.60,851935,696087,,,,,,,,,1726773,,,2341199,,,42859,4172223,,,,,,,,,,,,,,,242,1489264,3476136,0
,,,,3998074,,,,,,4438,廣越,,,-216118,,,,,,,,,,,,,,,,,1,上市,115,-62946,,,,,,,,,,,,,,,,,,,,,,,10715276,,,,8621403,,754000,,76.52,7119668,13206368,,,,,,,,,1134255,,,8744320,,,3768138,19459596,,,,,,,,,,,,,,,2093873,1624652,6253228,0
,,,,1431047,,,,,,4439,冠星-KY,,,32882,,,,,,,,,,,,,,,,,1,上市,115,-9459,,,,,,,,,,,,,,,,,,,,,,,3525732,,,,3525732,,113000,,92.78,2411825,3706764,,,,,,,,,381122,,,3165004,,,1690140,6690736,,,,,,,,,,,,,,,,753179,2983972,0
,,,,327220,,,,,,4440,宜新實業,,,4304,,,,,,,,,,,,,,,,,1,上市,115,,,,,,,,,,,,,,,,,,,,,,,,1289408,,,,,,0,,19.07,543177,709600,,,,,,,,,675980,,,971389,,,281904,2260797,,,,,,,,,,,,,,,,428212,1551197,0
,,,,3453508,,,,,,4441,振大環球,,,39797,,,,,,,,,,,,,,,,,1,上市,115,,,,,,,,,,,,,,,,,,,,,,,,6592397,,,,6583509,,0,,96.57,2530300,7255742,,,,,,,,,681756,,,2587372,,,2408448,9179769,,,,,,,,,,,,,,,8888,57072,1924027,0
,,,,707228,,,,,,4526,東台,,,355609,,,,,,,,,,,,,,,,,1,上市,115,-76916,,,,,,,,,,,,,,,,,,,,,,,4839647,,,,4768682,,3000000,,18.94,6523690,7818710,,,,,,,,,2548265,,,8005751,,,1234496,12845398,,,,,,,,,,,,,,,70965,1482061,5026688,0
,,,,4578986,,,,,,4532,瑞智,,,-409365,,,,,,,,,,,,,,,,,1,上市,115,-228539,,,,,,,,,,,,,,,,,,,,,,,11290476,,,,10235365,,9900000,,21.10,18186252,23674375,,,,,,,,,4948951,,,19377741,,,1345332,30668217,,,,,,,,,,,,,,,1055111,1191489,6993842,0
,,,,6756495,,,,,,4536,拓凱,,,-162015,,,,,,,,,,,,,,,,,1,上市,115,,,,,,,,,,,,,,,,,,,,,,,,9632334,,,,9142212,,0,,100.66,3277337,9168173,,,,,,,,,908200,,,4782570,,,1639532,14414904,,,,,,,,,,,,,,,490122,1505233,5246731,0
,,,,-44591,,,,,,4540,全球傳動,,,61641,,,,,,,,,,,,,,,,,1,上市,115,,,,,,,,,,,,,,,,,,,,,,,,3436080,,,,3436080,,0,,29.83,1977434,3919654,,,,,,,,,1151868,,,4146790,,,2267162,7582870,,,,,,,,,,,,,,,,2169356,3663216,0
,,,,512682,,,,,,4545,銘鈺,,,8619,,,,,,,,,,,,,,,,,1,上市,115,,,,,,0,,,,,,,,,,,,,,,,,,1934086,,,,1934086,,0,,25.12,1036970,1813369,,,,,,,,,770000,,,1256921,,,642785,3191007,,,,,,,,,,,,,,,,219951,1377638,0
,,,,4028004,,,,,,4551,智伸科,,,80153,,,,,,,,,,,,,,,,,1,上市,115,,,,,,,,,,,,,,,,,,,,,,,,8957097,,,,8957097,,0,,77.74,4748535,10369392,,,,,,,,,1152225,,,5365693,,,3696715,14322790,,,,,,,,,,,,,,,,617158,3953398,0
,,,,3982916,,,,,,4552,力達-KY,,,-239879,,,,,,,,,,,,,,,,,1,上市,115,,,,,,0,,,,,,,,,,,,,,,,,,6451237,,,,6451237,,0,,55.61,977513,3962578,,,,,,,,,1160000,,,1642522,,,1548200,8093759,,,,,,,,,,,,,,,,665009,4131181,0
,,,,1482464,,,,,,4555,氣立,,,-2815,,,,,,,,,,,,,,,,,1,上市,115,-22333,,,,,,,,,,,,,,,,,,,,,,,2988164,,,,2871561,,500000,,41.32,609744,2312473,,,,,,,,,699876,,,1553753,,,714369,4541917,,,,,,,,,,,,,,,116603,944009,2229444,0
,,,,813973,,,,,,4557,永新-KY,,,-71163,,,,,,,,,,,,,,,,,1,上市,115,,,,,,0,,,,,,,,,,,,,,,,,,2828408,,,,2596531,,0,,54.13,2502190,2969492,,,,,,,,,479718,,,2693000,,,1374003,5521408,,,,,,,,,,,,,,,231877,190810,2551916,0
,,,,1013477,,,,,,4560,強信-KY,,,14408,,,,,,,,,,,,,,,,,1,上市,115,,,,,,,,,,,,,,,,,,,,,,,,2105420,,,,2105420,,0,,30.92,463260,1757228,,,,,,,,,680972,,,489164,,,396563,2594584,,,,,,,,,,,,,,,,25904,837356,0
,,,,-326342,,,,,,4562,穎漢,,,22994,,,,,,,,,,,,,,,,,1,上市,115,,,,,,,,,,,,,,,,,,,,,,,,929413,,,,919705,,0,,10.51,933897,1186469,,,,,,,,,875460,,,1191138,,,347593,2120551,,,,,,,,,,,,,,,9708,257241,934082,0
,,,,-485325,,,,,,4564,元翎,,,-4386,,,,,,,,,,,,,,,,,1,上市,115,,,,,,,,,,,,,,,,,,,,,,,,4049018,,,,4049018,,0,,17.39,1045191,1601394,,,,,,,,,2327883,,,2510113,,,2210846,6559131,,,,,,,,,,,,,,,,1464922,4957737,0
,,,,999070,,,,,,4566,時碩工業,,,50889,,,,,,,,,,,,,,,,,1,上市,115,,,,,,,,,,,,,,,,,,,,,,,,5054098,,,,4962727,,0,,45.12,3777583,5180146,,,,,,,,,1099931,,,5592503,,,2812837,10646601,,,,,,,,,,,,,,,91371,1814920,5466455,0
,,,,592005,,,,,,4569,六方科-KY,,,26482,,,,,,,,,,,,,,,,,1,上市,115,-26557,,,,,0,,,,,,,,,,,,,,,,,,2730254,,,,2728330,,204000,,89.76,282050,1983309,,,,,,,,,306000,,,903370,,,1830400,3633624,,,,,,,,,,,,,,,1924,621320,1650315,0
,,,,1741607,,,,,,4571,鈞興-KY,,,19167,,,,,,,,,,,,,,,,,1,上市,115,-91290,,,,,,,,,,,,,,,,,,,,,,,3371756,,,,3371756,,1097360,,64.94,787085,3158572,,,,,,,,,530171,,,839583,,,1172101,4211339,,,,,,,,,,,,,,,,52498,1052767,0
,,,,1351571,,,,,,4572,駐龍,,,,,,,,,,,,,,,,,,,,1,上市,115,,,,,,0,,,,,,,,,,,,,,,,,,1861219,,,,1861219,,0,,46.53,967235,2001994,,,,,,,,,400000,,,1228845,,,109648,3090064,,,,,,,,,,,,,,,,261610,1088070,0
,,,,1301654,,,,,,4576,大銀微系統,,,59959,,,,,,,,,,,,,,,,,1,上市,115,,,,,,,,,,,,,,,,,,,,,,,,4495067,,,,4137812,,0,,34.54,1467204,2993873,,,,,,,,,1198018,,,2677573,,,1578181,7172640,,,,,,,,,,,,,,,357255,1210369,4178767,0
,,,,546690,,,,,,4581,光隆精密-KY,,,35304,,,,,,,,,,,,,,,,,1,上市,115,,,,,,,,,,,,,,,,,,,,,,,,1289936,,,,1288112,,0,,38.00,546142,1609024,,,,,,,,,338990,,,1268711,,,367128,2558647,,,,,,,,,,,,,,,1824,722569,949623,0
,,,,439410,,,,,,4582,聚恆-創,,,,,,,,,,,,,,,,,,,,1,上市,115,,,,,,0,,,,,,,,,,,,,,,,,,1244749,,,,1236681,,0,,18.57,2215246,1992035,,,,,,,,,666000,,,2696459,,,131271,3941208,,,,,,,,,,,,,,,8068,481213,1949173,0
,,,,8148076,,,,,,4583,台灣精銳,,,0,,,,,,,,,,,,,,,,,1,上市,115,,,,,,,,,,,,,,,,,,,,,,,,9672704,,,,9672704,,0,,120.65,1278011,7530988,,,,,,,,,801714,,,1910837,,,722914,11583541,,,,,,,,,,,,,,,,632826,4052553,0
,,,,359456,,,,,,4585,達明,,,32153,,,,,,,,,,,,,,,,,1,上市,115,,,,,,0,,,,,,,,,,,,,,,,,,6871190,,,,6871190,,0,,65.68,841063,3717390,,,,,,,,,1046090,,,869552,,,5433491,7740742,,,,,,,,,,,,,,,,28489,4023352,0
,,,,253246,,,,,,4588,玖鼎電力,,,,,,,,,,,,,,,,,,,,1,上市,115,,,,,,0,,,,,,,,,,,,,,,,,,956060,,,,,,0,,22.24,738928,1316448,,,,,,,,,429850,,,1355439,,,272964,2311499,,,,,,,,,,,,,,,,616511,995051,0
,,,,455110,,,,,,4590,富田-創,,,-641,,,,,,,,,,,,,,,,,1,上市,115,,,,,,,,,,,,,,,,,,,,,,,,3526840,,,,,,0,,64.31,1382797,3151635,,,,,,,,,548384,,,2598258,,,2523987,6125098,,,,,,,,,,,,,,,,1215461,2973463,0
,,,,400823,,,,,,4720,德淵,,,-44932,,,,,,,,,,,,,,,,,1,上市,115,,,,,,,,,,,,,,,,,,,,,,,,1786692,,,,1625425,,0,,14.19,1473246,2100930,,,,,,,,,1145160,,,1858325,,,124374,3645017,,,,,,,,,,,,,,,161267,385079,1544087,0
,,,,1564854,,,,,,4722,國精化,,,12201,,,,,,,,,,,,,,,,,1,上市,115,,,,,,0,,,,,,,,,,,,,,,,,,3137199,,,,3137199,,0,,30.53,2077602,3540650,,,,,,,,,1039235,,,4581161,,,520909,7718360,,,,,,,,,,,,,,,,2503559,4177710,550000
,,,,6798025,,,,,,4736,泰博,,,47692,,,,,,,,,,,,,,,,,1,上市,115,,,,,,,,,,,,,,,,,,,,,,,,9955807,,,,9606571,,0,,100.72,2835366,7743817,,,,,,,,,953744,,,3115964,,,1807110,13071771,,,,,,,,,,,,,,,349236,280598,5327954,0
,,,,-247141,,,,,,4737,華廣,,,188200,,,,,,,,,,,,,,,,,1,上市,115,,,,,,,,,,,,,,,,,,,,,,,,2212743,,,,2201645,,0,,28.47,1758421,1492041,,,,,,,,,774860,,,3442043,,,1485726,5654786,,,,,,,,,,,,,,,11098,1683622,4162745,42800
,,,,1182008,,,,,,4739,康普,,,-14292,,,,,,,,,,,,,,,,,1,上市,115,-3268,,,,,0,,,,,,,,,,,,,,,,,,7159057,,,,6183501,,673495,,49.88,4785013,8110096,,,,,,,,,1246493,,,6831285,,,3772560,13990342,,,,,,,,,,,,,,,975556,2046272,5880246,0
,,,,3029337,,,,,,4746,台耀,,,-27094,,,,,,,,,,,,,,,,,1,上市,115,,,,,,0,,,,,,,,,,,,,,,,,,8684313,,,,7775213,,0,,64.66,2311843,5381459,,,,,,,,,1202560,,,5014089,,,3570410,13698402,,,,,,,,,,,,,,,909100,2702246,8316943,0
,,,,3422696,,,,,,4755,三福化,,,698972,,,,,,,,,,,,,,,,,1,上市,115,,,,,,,,,,,,,,,,,,,,,,,,5793662,,,,5575101,,0,,55.36,2439296,3468985,,,,,,,,,1007060,,,2928828,,,446373,8722490,,,,,,,,,,,,,,,218561,489532,5253505,0
,,,,15823477,,,,,,4763,材料*-KY,,,778948,,,,,,,,,,,,,,,,,1,上市,115,,,,,,,,,,,,,,,,,,,,,,,,21755004,,,,21580215,,0,,21.82,1425022,18689835,,,,,,,,,989147,,,1425022,,,3988643,23180026,,,,,,,,,,,,,,,174789,,4490191,0
,,,,1149047,,,,,,4764,雙鍵,,,59502,,,,,,,,,,,,,,,,,1,上市,115,,,,,,,,,,,,,,,,,,,,,,,,2426546,,,,2422085,,0,,28.31,2079398,2840679,,,,,,,,,855421,,,2594448,,,358115,5020994,,,,,,,,,,,,,,,4461,515050,2180315,0
,,,,8485838,,,,,,4766,南寶,,,1202060,,,,,,,,,,,,,,,,,1,上市,115,,,,,,,,,,,,,,,,,,,,,,,,14712472,,,,13047624,,0,,108.22,9859710,18912976,,,,,,,,,1205707,,,14718429,,,2154019,29430901,,,,,,,,,,,,,,,1664848,4858719,10517925,0
,,,,5044663,,,,,,4770,上品,,,189782,,,,,,,,,,,,,,,,,1,上市,115,,,,,,,,,,,,,,,,,,,,,,,,8079690,,,,8079690,,0,,101.03,2125986,8447386,,,,,,,,,799760,,,2447197,,,2045485,10526887,,,,,,,,,,,,,,,,321211,2079501,0
,,,,1733188,,,,,,4771,望隼,,,67151,,,,,,,,,,,,,,,,,1,上市,115,,,,,,,,,,,,,,,,,,,,,,,,4713452,,,,4251094,,0,,72.41,1036935,2662213,,,,,,,,,587087,,,2725761,,,1863668,7439213,,,,,,,,,,,,,,,462358,1688826,4777000,0
,,,,54956,,,,,,4807,日成-KY,,,5759,,,,,,,,,,,,,,,,,1,上市,115,,,,,,0,,,,,,,,,,,,,,,,,,1069769,,,,972390,,0,,19.85,536565,1245034,,,,,,,,,489960,,,611401,,,421715,1681170,,,,,,,,,,,,,,,97379,74836,436136,0
,,,,39861025,,,,,,4904,遠傳,,,-200096,,,,,,,,,,,,,,,,,1,上市,115,,,,,,,,,,,,,,,,,,,,,,,,100136544,,,,95873940,,0,,26.58,39569231,36726189,,,,,,,,,36070254,,,85176808,,,20142757,185313352,,,,,,,,,,,,,,,4262604,45607577,148587163,0
,,,,1757642,,,,,,4906,正文,,,-1035214,,,,,,,,,,,,,,,,,1,上市,115,,,,,,,,,,,,,,,,,,,,,,,,11359401,,,,11009460,,0,,25.23,8398145,12864049,,,,,,,,,4363535,,,8788876,,,5923497,20148277,,,,,,,,,,,,,,,349941,390731,7284228,8759360
,,,,1762939,,,,,,4912,聯德控股-KY,,,86718,,,,,,,,,,,,,,,,,1,上市,115,,,,,,,,,,,,,,,,,,,,,,,,4140220,,,,4107720,,0,,61.32,3540355,5718665,,,,,,,,,669931,,,4357124,,,1588132,8497344,,,,,,,,,,,,,,,32500,816769,2778679,0
,,,,13307614,,,,,,4915,致伸,,,-170158,,,,,,,,,,,,,,,,,1,上市,115,,,,,,0,,,,,,,,,,,,,,,,,,21795887,,,,21795887,,0,,46.19,27379501,37612828,,,,,,,,,4718808,,,30975205,,,3939623,52771092,,,,,,,,,,,,,,,,3595704,15158264,0
,,,,1082112,,,,,,4916,事欣科,,,34606,,,,,,,,,,,,,,,,,1,上市,115,,,,,,,,,,,,,,,,,,,,,,,,3665470,,,,3659933,,0,,29.58,993243,3012465,,,,,,,,,1237141,,,1478534,,,1306074,5144004,,,,,,,,,,,,,,,5537,485291,2131539,0
,,,,3432407,,,,,,4919,新唐,,,-1509515,,,,,,,,,,,,,,,,,1,上市,115,,,,,,,,,,,,,,,,,,,,,,,,13220365,,,,13220365,,0,,31.49,9359693,19022177,,,,,,,,,4197653,,,17354516,,,7099820,30574881,,,,,,,,,,,,,,,,7994823,11552704,0
,,,,-1545336,,,,,,4927,泰鼎-KY,,,57483,,,,,,,,,,,,,,,,,1,上市,115,,,,,,,,,,,,,,,,,,,,,,,,4925700,,,,4908004,,0,,18.53,10076517,6589353,,,,,,,,,2649380,,,13954232,,,3746477,18879932,,,,,,,,,,,,,,,17696,3877715,12290579,0
,,,,802151,,,,,,4930,燦星網,,,-176880,,,,,,,,,,,,,,,,,1,上市,115,,,,,,0,,,,,,,,,,,,,,,,,,6407262,,,,3211119,,0,,40.14,2149765,8336233,,,,,,,,,800000,,,4860171,,,1785848,11267433,,,,,,,,,,,,,,,3196143,2710406,2931200,0
,,,,-379361,,,,,,4934,太極,,,-413772,,,,,,,,,,,,,,,,,1,上市,115,,,,,,,,,,,,,,,,,,,,,,,,1629652,,,,1528176,,0,,6.79,479274,929761,,,,,,,,,2250000,,,703654,,,71309,2333306,,,,,,,,,,,,,,,101476,224380,1403545,0
,,,,4757913,,,,,,4935,茂林-KY,,,-301662,,,,,,,,,,,,,,,,,1,上市,115,,,,,,,,,,,,,,,,,,,,,,,,8093315,,,,8093315,,0,,62.81,1061389,6200682,,,,,,,,,1288641,,,1923067,,,2348423,10016382,,,,,,,,,,,,,,,,861678,3815700,0
,,,,86573256,,,,,,4938,和碩,,,2044092,,,,,,,,,,,,,,,,,1,上市,115,,,,,,0,,,,,,,,,,,,,,,,,,248691132,,,,203044619,,0,,75.71,347425362,455223337,,,,,,,,,26820441,,,374551574,,,87606830,623242706,,,,,,,,,,,,,,,45646513,27126212,168019369,0
,,,,5004014,,,,,,4942,嘉彰,,,-129459,,,,,,,,,,,,,,,,,1,上市,115,,,,,,,,,,,,,,,,,,,,,,,,9123449,,,,9118577,,0,,64.05,1988336,6786431,,,,,,,,,1423676,,,2296102,,,2820346,11419551,,,,,,,,,,,,,,,4872,307766,4633120,0
,,,,-1099994,,,,,,4943,康控-KY,,,-335985,,,,,,,,,,,,,,,,,1,上市,115,,,,,,,,,,,,,,,,,,,,,,,,261303,,,,175120,,0,,1.38,2497551,1570943,,,,,,,,,1266944,,,2973295,,,344155,3234598,,,,,,,,,,,,,,,86183,475744,1663655,0
,,,,397273,,,,,,4949,有成精密,,,9716,,,,,,,,,,,,,,,,,1,上市,115,,,,,,0,,,,,,,,,,,,,,,,,,1653499,,,,1653499,,0,,24.42,761028,2214718,,,,,,,,,677220,,,809048,,,569290,2462547,,,,,,,,,,,,,,,,48020,247829,18900
,,,,971548,,,,,,4952,凌通,,,-16448,,,,,,,,,,,,,,,,,1,上市,115,,,,,,,,,,,,,,,,,,,,,,,,2185225,,,,2185225,,0,,20.08,498939,1968997,,,,,,,,,1088158,,,669784,,,141967,2855009,,,,,,,,,,,,,,,,170845,886012,0
,,,,252064,,,,,,4956,光鋐,,,5579,,,,,,,,,,,,,,,,,1,上市,115,,,,,,,,,,,,,,,,,,,,,,,,1650910,,,,1650910,,0,,16.44,759943,1610894,,,,,,,,,1004082,,,1151829,,,389185,2802739,,,,,,,,,,,,,,,,391886,1191845,0
,,,,59493871,,,,,,4958,臻鼎-KY,,,2677628,,,,,,,,,,,,,,,,,1,上市,115,-52202,,,,,0,,,,,,,,,,,,,,,,,,174725210,,,,125758458,,424410,,117.51,83301038,132303699,,,,,,,,,10705982,,,123677759,,,52933179,298402969,,,,,,,,,,,,,,,48966752,40376721,166099270,0
,,,,1399818,,,,,,4960,誠美材,,,-388999,,,,,,,,,,,,,,,,,1,上市,115,-78833,,,,,0,,,,,,,,,,,,,,,,,,7241605,,,,7241605,,5983000,,12.80,2754658,7578987,,,,,,,,,5717054,,,5057559,,,592565,12299164,,,,,,,,,,,,,,,,2302901,4720177,0
,,,,8013814,,,,,,4961,天鈺,,,107100,,,,,,,,,,,,,,,,,1,上市,115,-220678,,,,,0,,,,,,,,,,,,,,,,,,22861359,,,,17620134,,1500000,,147.14,2898638,18756288,,,,,,,,,1212536,,,3800040,,,8507362,26661399,,,,,,,,,,,,,,,5241225,901402,7905111,0
,,,,3984036,,,,,,4967,十銓,,,-10057,,,,,,,,,,,,,,,,,1,上市,115,,,,,,0,,,,,,,,,,,,,,,,,,7095039,,,,7095039,,0,,83.51,12834218,20958301,,,,,,,,,849633,,,14803268,,,2271427,21898307,,,,,,,,,,,,,,,,1969050,940006,0
,,,,979402,,,,,,4968,立積,,,4051,,,,,,,,,,,,,,,,,1,上市,115,,,,,,,,,,,,,,,,,,,,,,,,2805941,,,,2805941,,0,,30.43,800129,3333690,,,,,,,,,922099,,,854236,,,900389,3660177,,,,,,,,,,,,,,,,54107,326487,0
,,,,-325725,,,,,,4976,佳凌,,,-24041,,,,,,,,,,,,,,,,,1,上市,115,-29682,,,,,,,,,,,,,,,,,,,,,,,2176002,,,,,,1056000,,15.51,276027,1541919,,,,,,,,,1413510,,,337040,,,1141940,2513042,,,,,,,,,,,,,,,,61013,971123,0
,,,,1080428,,,,,,4977,眾達-KY,,,-128020,,,,,,,,,,,,,,,,,1,上市,115,0,,,,,,,,,,,,,,,,,,,,,,,3890250,,,,3890250,,0,,48.51,951803,3005487,,,,,,,,,801898,,,1064787,,,2135944,4955037,,,,,,,,,,,,,,,,112984,1949550,0
,,,,-297775,,,,,,4989,榮科,,,77498,,,,,,,,,,,,,,,,,1,上市,115,,,,,,,,,,,,,,,,,,,,,,,,1483366,,,,1483366,,0,,10.77,875954,1857731,,,,,,,,,1377765,,,972965,,,325878,2456331,,,,,,,,,,,,,,,,97011,598600,0
,,,,269360,,,,,,4994,傳奇,,,144,,,,,,,,,,,,,,,,,1,上市,115,,,,,,0,,,,,,,,,,,,,,,,,,1050623,,,,1050623,,0,,15.83,321778,1219973,,,,,,,,,663834,,,422249,,,117285,1472872,,,,,,,,,,,,,,,,100471,252899,0
,,,,2024790,,,,,,4999,鑫禾,,,-6572,,,,,,,,,,,,,,,,,1,上市,115,-31100,,,,,0,,,,,,,,,,,,,,,,,,3171325,,,,3171325,,800000,,43.08,486326,2388163,,,,,,,,,744172,,,609184,,,440035,3780509,,,,,,,,,,,,,,,,122858,1392346,0
,,,,3290657,,,,,,5007,三星,,,-9696,,,,,,,,,,,,,,,,,1,上市,115,0,,,,,0,,,,,,,,,,,,,,,,,,6948398,,,,6591080,,0,,22.35,1694592,5769523,,,,,,,,,2949401,,,2022727,,,360718,8971125,,,,,,,,,,,,,,,357318,328135,3201602,0
,,,,1769188,,,,,,5203,訊連,,,-122513,,,,,,,,,,,,,,,,,1,上市,115,,,,,,0,,,,,,,,,,,,,,,,,,4787722,,,,4787722,,0,,60.34,986996,2699012,,,,,,,,,793426,,,1368309,,,2347621,6156031,,,,,,,,,,,,,,,,381313,3457019,0
,,,,1352293,,,,,,5215,科嘉-KY,,,45315,,,,,,,,,,,,,,,,,1,上市,115,,,,,,,,,,,,,,,,,,,,,,,,3675879,,,,3573056,,0,,55.54,1098502,3710890,,,,,,,,,643375,,,1300562,,,1532073,4976441,,,,,,,,,,,,,,,102823,202060,1265551,0
,,,,471240,,,,,,5222,全訊,,,176001,,,,,,,,,,,,,,,,,1,上市,115,0,,,,,0,,,,,,,,,,,,,,,,,,2405404,,,,,,0,,26.41,523328,1178050,,,,,,,,,913932,,,677148,,,844231,3082552,,,,,,,,,,,,,,,,153820,1904502,35000
,,,,1066375,,,,,,5225,東科-KY,0,,130307,,,,,,,,,,,,,,,,,1,上市,115,-24019,,,,,,,,,,,,,,,,,,,,,,,3130234,,,,3130234,,453000,,39.78,3441307,5406247,,,,,,,,,791365,,,3658745,,,1166206,6788979,,,,,,,,,,,,,,,0,217438,1382732,0
,,,,2017893,,,,,,5234,達興材料,,,,,,,,,,,,,,,,,,,,1,上市,115,,,,,,0,,,,,,,,,,,,,,,,,,3086890,,,,3086890,,0,,30.05,2003988,3537345,,,,,,,,,1027159,,,2201328,,,41838,5288218,,,,,,,,,,,,,,,,197340,1750873,0
,,,,584624,,,,,,5236,凌陽創新,,,-61143,,,,,,,,,,,,,,,,,1,上市,115,,,,,,,,,,,,,,,,,,,,,,,,2298992,,,,,,0,,38.31,1043152,3296874,,,,,,,,,600040,,,1071558,,,1175471,3370550,,,,,,,,,,,,,,,,28406,73676,0
,,,,4693566,,,,,,5243,乙盛-KY,,,-53071,,,,,,,,,,,,,,,,,1,上市,115,,,,,,,,,,,,,,,,,,,,,,,,8675033,,,,8675033,,0,,51.48,4818949,8485356,,,,,,,,,1685289,,,5269073,,,2349249,13944106,,,,,,,,,,,,,,,,450124,5458750,0
,,,,657117,,,,,,5244,弘凱,,,-2852,,,,,,,,,,,,,,,,,1,上市,115,,,,,,,,,,,,,,,,,,,,,,,,1787036,,,,1787036,,0,,26.19,287682,1563587,,,,,,,,,682419,,,893529,,,450352,2680565,,,,,,,,,,,,,,,,605847,1116978,0
,,,,2453587,,,,,,5258,虹堡,,,50297,,,,,,,,,,,,,,,,,1,上市,115,-49913,,,,,0,,,,,,,,,,,,,,,,,,4506082,,,,4363658,,786000,,39.82,4784173,7950376,,,,,,,,,1103649,,,5162525,,,806038,9668607,,,,,,,,,,,,,,,142424,378352,1718231,0
,,,,15550557,,,,,,5269,祥碩,,,1404144,,,,,,,,,,,,,,,,,1,上市,115,-527605,,,,,0,,,,,,,,,,,,,,,,,,37095029,,,,37095029,,450000,,499.08,3568387,10669746,,,,,,,,,747771,,,4404988,,,19920162,41500017,,,,,,,,,,,,,,,,836601,30830271,0
,,,,3173796,,,,,,5283,禾聯碩,,,-10341,,,,,,,,,,,,,,,,,1,上市,115,,,,,,,,,,,,,,,,,,,,,,,,4791766,,,,4791766,,0,,54.70,2765436,4507049,,,,,,,,,876005,,,3417985,,,752306,8209751,,,,,,,,,,,,,,,,652549,3702702,0
,,,,1458619,,,,,,5284,jpp-KY,,,75144,,,,,,,,,,,,,,,,,1,上市,115,,,,,,,,,,,,,,,,,,,,,,,,3838237,,,,3825544,,0,,72.33,3009996,4126738,,,,,,,,,528927,,,3544727,,,1762854,7382964,,,,,,,,,,,,,,,12693,534731,3256226,0
,,,,1658495,,,,,,5285,界霖,,,-49744,,,,,,,,,,,,,,,,,1,上市,115,,,,,,0,,,,,,,,,,,,,,,,,,2971405,,,,2971405,,0,,29.12,1502170,3890434,,,,,,,,,1020409,,,2514807,,,342245,5486212,,,,,,,,,,,,,,,,1012637,1595778,0
,,,,4359659,,,,,,5288,豐祥-KY,,,-331657,,,,,,,,,,,,,,,,,1,上市,115,,,,,,,,,,,,,,,,,,,,,,,,6111623,,,,6101986,,0,,87.53,1996750,4729511,,,,,,,,,697147,,,2033096,,,1376837,8144719,,,,,,,,,,,,,,,9637,36346,3415208,0
,,,,1063192,,,,,,5292,華懋,,,-12686,,,,,,,,,,,,,,,,,1,上市,115,,,,,,,,,,,,,,,,,,,,,,,,1807059,,,,1807059,,0,,42.91,2436152,3846525,,,,,,,,,421080,,,2501925,,,335473,4308984,,,,,,,,,,,,,,,,65773,462459,0
,,,,6370629,,,,,,5306,桂盟,,,-127106,,,,,,,,,,,,,,,,,1,上市,115,,,,,,,,,,,,,,,,,,,,,,,,9263793,,,,9263834,,0,,73.52,3279027,6076821,,,,,,,,,1260008,,,5015002,,,1760303,14278795,,,,,,,,,,,,,,,-41,1735975,8201974,0
,,,,6834322,,,,,,5388,中磊,,,-354635,,,,,,,,,,,,,,,,,1,上市,115,-421810,,,,,,,,,,,,,,,,,,,,,,,15677831,,,,15689192,,4623000,,52.35,32167536,42315171,,,,,,,,,3043426,,,35731734,,,6587889,51409565,,,,,,,,,,,,,,,-11361,3564198,9094394,0
,,,,12376987,,,,,,5434,崇越,,,1530107,,,,,,,,,,,,,,,,,1,上市,115,0,,,,,0,,,,,,,,,,,,,,,,,,19465646,,,,19214366,,0,,99.22,20377745,26594173,,,,,,,,,1936577,,,24343457,,,3370695,43809103,,,,,,,,,,,,,,,251280,3965712,17214930,0
,,,,22446209,,,,,,5469,瀚宇博,,,5865024,,,,,,,,,,,,,,,,,1,上市,115,-19588,,,,,,,,,,,,,,,,,,,,,,,55923169,,,,37710155,,227000,,77.60,47317048,63820013,,,,,,,,,4861660,,,63086030,,,4556850,119009199,,,,,,,,,,,,,,,18213014,15768982,55189186,0
,,,,1807265,,,,,,5471,松翰,,,2800,,,,,,,,,,,,,,,,,1,上市,115,,,,,,0,,,,,,,,,,,,,,,,,,3551496,,,,3551496,,0,,21.16,471709,2907264,,,,,,,,,1678770,,,577986,,,62661,4129482,,,,,,,,,,,,,,,,106277,1222218,0
,,,,-232086,,,,,,5484,慧友,,,24569,,,,,,,,,,,,,,,,,1,上市,115,,,,,,0,,,,,,,,,,,,,,,,,,515805,,,,515805,,0,,7.72,475954,526630,,,,,,,,,668010,,,482926,,,55312,998731,,,,,,,,,,,,,,,,6972,472101,0
,,,,3327177,,,,,,5515,建國,,,163564,,,,,,,,,,,,,,,,,1,上市,115,,,,,,,,,,,,,,,,,,,,,,,,5694050,,,,5694050,,0,,28.24,5142167,9114211,,,,,,,,,2016001,,,5836747,,,187308,11530797,,,,,,,,,,,,,,,,694580,2416586,0
,,,,3367236,,,,,,5519,隆大,,,14204,,,,,,,,,,,,,,,,,1,上市,115,,,,,,,,,,,,,,,,,,,,,,,,5624026,,,,5624026,,0,,25.66,4263371,13493018,,,,,,,,,2191972,,,8589862,,,50614,14213888,,,,,,,,,,,,,,,,4326491,720870,0
,,,,739522,,,,,,5521,工信,,,28525,,,,,,,,,,,,,,,,,1,上市,115,,,,,,0,,,,,,,,,,,,,,,,,,5691368,,,,5691368,,0,,11.56,8050714,12921452,,,,,,,,,4922802,,,8217996,,,519,13909364,,,,,,,,,,,,,,,,167282,987912,0
,,,,30705924,,,,,,5522,遠雄,,,580538,,,,,,,,,,,,,,,,,1,上市,115,,,,,,0,,,,,,,,,,,,,,,,,,47575249,,,,47575249,,0,,60.87,55515565,96091377,,,,,,,,,7815962,,,60723348,,,8472825,108298597,,,,,,,,,,,,,,,,5207783,12207220,0
,,,,2387916,,,,,,5525,順天,,,0,,,,,,,,,,,,,,,,,1,上市,115,-25346,,,,,,,,,,,,,,,,,,,,,,,5894628,,,,5883998,,10818421,,19.15,13384714,16699907,,,,,,,,,3181054,,,13909171,,,340374,19803799,,,,,,,,,,,,,,,10630,524457,3103892,0
,,,,506437,,,,,,5531,鄉林,0,,-257675,,,,,,,,,,,,,,,,,1,上市,115,0,,,,,0,,,,,,,,,,,,,,,,,,9962148,,,,10033245,,0,,10.26,22758723,22377888,,,,,,,,,9775892,,,36213006,,,8591,46175154,,,,,,,,,,,,,,,-71097,13454283,23797266,0
,,,,6574892,,,,,,5533,皇鼎,,,,,,,,,,,,,,,,,,,,1,上市,115,,,,,,,,,,,,,,,,,,,,,,,,9448472,,,,9448472,,0,,33.12,1447555,7952595,,,,,,,,,2852450,,,2290417,,,21130,11738889,,,,,,,,,,,,,,,,842862,3786294,0
,,,,16569340,,,,,,5534,長虹,,,-500,,,,,,,,,,,,,,,,,1,上市,115,,,,,,0,,,,,,,,,,,,,,,,,,22665087,,,,22579946,,0,,71.61,23481895,47065267,,,,,,,,,3153260,,,24893053,,,2857846,47558140,,,,,,,,,,,,,,,85141,1411158,492873,0
,,,,3847857,,,,,,5538,東明-KY,,,193188,,,,,,,,,,,,,,,,,1,上市,115,,,,,,,,,,,,,,,,,,,,,,,,7900735,,,,7880371,,0,,39.17,4984369,11275781,,,,,,,,,2012033,,,6800925,,,1827293,14701660,,,,,,,,,,,,,,,20364,1816556,3425879,0
,,,,184883,,,,,,5546,永固-KY,,,49983,,,,,,,,,,,,,,,,,1,上市,115,,,,,,,,,,,,,,,,,,,,,,,,1934748,,,,1910350,,0,,23.20,1985443,2391680,,,,,,,,,823534,,,2628261,,,851950,4563009,,,,,,,,,,,,,,,24398,642818,2171329,0
,,,,3356424,,,,,,5607,遠雄港,,,,,,,,,,,,,,,,,,,,1,上市,115,,,,,,0,,,,,,,,,,,,,,,,,,11416499,,,,11416499,,0,,30.81,2902177,1402675,,,,,,,,,3705529,,,15739732,,,4354546,27156231,,,,,,,,,,,,,,,,12837555,25753556,0
,,,,2017952,,,,,,5608,四維航,,,461529,,,,,,,,,,,,,,,,,1,上市,115,,,,,,0,,,,,,,,,,,,,,,,,,9737862,,,,9677924,,0,,24.86,3457460,2021604,,,,,,,,,3892761,,,7965748,,,3305682,17703610,,,,,,,,,,,,,,,59938,4508288,15682006,0
,,,,857693,,,,,,5706,鳳凰,0,,68211,,,,,,,,,,,,,,,,,1,上市,115,-57667,,,,,0,,,,,,,,,,,,,,,,,0,1962589,,,,1908959,,1143000,,22.79,1295625,2017734,,,,,,,,,849109,,,1390352,,,191613,3352941,,,,,,,,,,,,,,,53630,94727,1335207,0
,,,,123516879,,,,,,5871,中租-KY,,,2558322,,,,,,,,,,,,,,,,,1,上市,115,,,,,,,,,,,,,,,,,,,,,,,,203700946,,,,190426230,,0,,102.30,629698737,707553971,,,,,,,,,18614211,,,772337009,,,45736818,976037955,,,,,,,,,,,,,,,13274716,142638272,268483984,0
,23575788,,2109953,121615432,,,,,,5876,上海商銀,,,10437707,4557145,,13674231,17065410,24387,,,,,,,,49757409,,425818251,1991384819,1,上市,115,-83144,,0,,,0,,,,44918009,65487077,,24905916,,5291930,,159006353,,1766614,,,,,,280991689,,,208453135,,11397439,,42.98,,,,2344507,,30954201,958176,1166080,,2097905,48616031,,2955206,,2207968500,1199080810,27867109,,2488960189,555512310,6718624,7398362,9551068,5978173,,,,,,12517652,,30352323,72538554,,,0
,31710232,,1648067,79002260,,,86905511,,260675,5880,合庫金,,9498611,1252662,3441017,,6775756,2749925,63211520,,,,,,,544320245,,451565247,,4198356800,1,上市,115,,,,,,,78140000,,48632806,62416742,,,58975488,,,11722422,740521134,,147800,,,,,,290316066,,282716597,,,0,,18.03,,,,4756165,,54560035,3677525,2707154,,1628303,156809369,,6281039,,5139559219,3202452947,45652306,,5429875285,585484470,17417116,209625886,6654742,1468427,,,,,,69438837,2281860,,7599469,,,0
,,,,224790,,,,,,5906,台南-KY,,,745,,,,,,,,,,,,,,,,,1,上市,115,,,,,,,,,,,,,,,,,,,,,,,,658779,,,,583036,,0,,16.31,999766,923515,,,,,,,,,357414,,,1259254,,,87,1918033,,,,,,,,,,,,,,,75743,259488,994518,0
,,,,-1087560,,,,,,5907,大洋-KY,,,-742317,,,,,,,,,,,,,,,,,1,上市,115,,,,,,0,,,,,,,,,,,,,,,,,,3781905,,,,3781905,,0,,19.34,6495362,1583656,,,,,,,,,1955310,,,16665738,,,3656472,20447643,,,,,,,,,,,,,,,,10170376,18863987,0
,,,,,20624438,,,,,6005,群益證,,,2923501,,,,,,,,,,,,,,,,,1,上市,115,,,,,,,,,,,,,,,,,,,,,,,,52892275,,,,,48038087,,0,22.13,331735961,367374710,,,,,,,,,21709081,,,340347500,,,2781067,393239775,,,,,,,,,,,,,,,4854188,8611539,25865065,0
,,,,,4947204,,,,,6024,群益期,,,91057,,,,,,,,,,,,,,,,,1,上市,115,,,,,,0,,,,,,,,,,,,,,,,,,10897285,,,,,10896316,,0,43.60,73607565,83604913,,,,,,,,,2499376,,,73635548,,,3358679,84532833,,,,,,,,,,,,,,,969,27983,927920,0
,,,,1204570,,,,,,6108,競國,,,18743,,,,,,,,,,,,,,,,,1,上市,115,0,,,,,0,,,,,,,,,,,,,,,,,,3173024,,,,3173024,,0,,20.54,4035658,5952056,,,,,,,,,1544943,,,4257488,,,404768,7430512,,,,,,,,,,,,,,,,221830,1478456,0
,,,,865668,,,,,,6112,邁達特,,,25163,,,,,,,,,,,,,,,,,1,上市,115,,,,,,,,,,,,,,,,,,,,,,,,5090582,,,,4020744,,0,,21.35,9613507,11930415,,,,,,,,,1883573,,,10271180,,,1246340,15361762,,,,,,,,,,,,,,,1069838,657673,3431347,0
,,,,2709621,,,,,,6115,鎰勝,,,47260,,,,,,,,,,,,,,,,,1,上市,115,0,,,,,0,,,,,,,,,,,,,,,,,,5618514,,,,5564351,,0,,29.65,2468199,6448030,,,,,,,,,1876622,,,2962999,,,930848,8581513,,,,,,,,,,,,,,,54163,494800,2133483,0
,,,,2219517,,,,,,6116,彩晶,,,2214547,,,,,,,,,,,,,,,,,1,上市,115,0,,,,,0,,,,,,,,,,,,,,,,,,33755815,,,,33755815,,0,,11.81,5569095,9705510,,,,,,,,,28586549,,,8791208,,,735202,42547023,,,,,,,,,,,,,,,,3222113,32841513,0
,,,,791501,,,,,,6117,迎廣,,,-24662,,,,,,,,,,,,,,,,,1,上市,115,,,,,,0,,,,,,,,,,,,,,,,,,2363244,,,,2359088,,0,,25.49,1582614,2240482,,,,,,,,,925454,,,3936677,,,666795,6299921,,,,,,,,,,,,,,,4156,2354063,4059439,2439
,,,,753218,,,,,,6120,達運,,,-574959,,,,,,,,,,,,,,,,,1,上市,115,,,,,,,,,,,,,,,,,,,,,,,,8937811,,,,8937811,,0,,14.92,5566605,10914710,,,,,,,,,5989996,,,7961602,,,2769556,16899413,,,,,,,,,,,,,,,,2394997,5984703,0
,,,,152189,,,,,,6128,上福,,,203269,,,,,,,,,,,,,,,,,1,上市,115,,,,,,0,,,,,,,,,,,,,,,,,,2781350,,,,2781350,,0,,21.80,3224228,3414893,,,,,,,,,1275887,,,3735621,,,1150005,6516971,,,,,,,,,,,,,,,,511393,3102078,0
,,,,375966,,,,,,6133,金橋,,,-80167,,,,,,,,,,,,,,,,,1,上市,115,,,,,,,,,,,,,,,,,,,,,,,,1599913,,,,1599913,,0,,13.67,805832,1167334,,,,,,,,,1170064,,,834956,,,134050,2434869,,,,,,,,,,,,,,,,29124,1267535,0
,,,,316255,,,,,,6136,富爾特,0,,2460432,,,,,,,,,,,,,,,,,1,上市,115,0,,,,,0,,,,,,,,,,,,,,,,,,4028567,,,,3940149,,0,,34.10,319306,770246,,,,,,,,,1155364,,,426683,,,8098,4455250,,,,,,,,,,,,,,,88418,107377,3685004,0
,,,,14271819,,,,,,6139,亞翔,,,1117105,,,,,,,,,,,,,,,,,1,上市,115,,,,,,,,,,,,,,,,,,,,,,,,30007509,,,,21893236,,0,,92.94,54933867,80079673,,,,,,,,,2355757,,,56432727,,,4148555,86440236,,,,,,,,,,,,,,,8114273,1498860,6360563,0
,,,,-883093,,,,,,6141,柏承,,,-193222,,,,,,,,,,,,,,,,,1,上市,115,,,,,,0,,,,,,,,,,,,,,,,,,535981,,,,593233,,0,,5.23,3615846,1350221,,,,,,,,,1133540,,,4716598,,,536008,5252579,,,,,,,,,,,,,,,-57252,1100752,3902358,0
,,,,-326083,,,,,,6142,友勁,,,-148905,,,,,,,,,,,,,,,,,1,上市,115,,,,,,,,,,,,,,,,,,,,,,,,2834257,,,,2834257,,0,,8.57,655439,1856979,,,,,,,,,3307792,,,1072758,,,1453,3907015,,,,,,,,,,,,,,,,417319,2050036,0
,,,,-732801,,,,,,6152,百一,,,-1175,,,,,,,,,,,,,,,,,1,上市,115,,,,,,,,,,,,,,,,,,,,,,,,1251000,,,,1235308,,0,,7.36,1662086,2369207,,,,,,,,,1677385,,,1740955,,,291899,2991955,,,,,,,,,,,,,,,15692,78869,622748,0
,,,,-2940702,,,,,,6153,嘉聯益,,,438270,,,,,,,,,,,,,,,,,1,上市,115,0,,,,,,,,,,,,,,,,,,,,,,,8511489,,,,8511489,,0,,13.38,3351720,4873823,,,,,,,,,6361777,,,6914052,,,4652144,15425541,,,,,,,,,,,,,,,,3562332,10551718,0
,,,,427752,,,,,,6155,鈞寶,,,78990,,,,,,,,,,,,,,,,,1,上市,115,0,,,,,0,,,,,,,,,,,,,,,,,,1606032,,,,1606032,,0,,18.25,521854,1035882,,,,,,,,,880239,,,534371,,,219051,2140403,,,,,,,,,,,,,,,0,12517,1104521,0
,,,,203624,,,,,,6164,華興,,,-72644,,,,,,,,,,,,,,,,,1,上市,115,,,,,,,,,,,,,,,,,,,,,,,,945952,,,,936561,,0,,11.71,489194,873770,,,,,,,,,800000,,,554408,,,5581,1500360,,,,,,,,,,,,,,,9391,65214,626590,0
,,,,169730,,,,,,6165,浪凡,,,-4457,,,,,,,,,,,,,,,,,1,上市,115,-205095,,,,,0,,,,,,,,,,,,,,,,,,1284667,,,,1232118,,4167000,,16.74,1494405,1574926,,,,,,,,,777526,,,2068820,,,494414,3353487,,,,,,,,,,,,,,,52549,574415,1778561,0
,,,,2326236,,,,,,6166,凌華,,,-52453,,,,,,,,,,,,,,,,,1,上市,115,,,,,,,,,,,,,,,,,,,,,,,,5798635,,,,5784238,,0,,26.56,6814747,9685113,,,,,,,,,2177713,,,9041778,,,1332742,14840413,,,,,,,,,,,,,,,14397,2227031,5155300,0
,,,,245609,,,,,,6168,宏齊,,,291702,,,,,,,,,,,,,,,,,1,上市,115,0,,,,,,,,,,,,,,,,,,,,,,,3223956,,,,3073562,,0,,14.94,496712,2152808,,,,,,,,,2057618,,,554367,,,478633,3778323,,,,,,,,,,,,,,,150394,57655,1625515,0
,,,,29178570,,,,,,6176,瑞儀,,,-1729779,,,,,,,,,,,,,,,,,1,上市,115,-706401,,,,,0,,,,,,,,,,,,,,,,,,36118747,,,,36118747,,4786000,,78.48,32576172,54051268,,,,,,,,,4650273,,,36060712,,,4726084,72179459,,,,,,,,,,,,,,,,3484540,18128191,0
,,,,6381066,,,,,,6177,達麗,,,96894,,,,,,,,,,,,,,,,,1,上市,115,,,,,,,,,,,,,,,,,,,,,,,,12999687,,,,12715678,,0,,26.92,29793350,41652029,,,,,,,,,4723707,,,33629226,,,1514011,46628913,,,,,,,,,,,,,,,284009,3835876,4976884,479302
,,,,1550850,,,,,,6183,關貿,,,-52744,,,,,,,,,,,,,,,,,1,上市,115,,,,,,,,,,,,,,,,,,,,,,,,2998117,,,,2998117,,0,,19.99,1409346,2919021,,,,,,,,,1500000,,,1618254,,,11,4616371,,,,,,,,,,,,,,,,208908,1697350,0
,,,,831001,,,,,,6184,大豐電,,,5671,,,,,,,,,,,,,,,,,1,上市,115,-436270,,,,,0,,,,,,,,,,,,,,,,,,5726555,,,,4602182,,9919214,,30.24,3182053,3575167,,,,,,,,,1621276,,,3287077,,,2580504,9013632,,,,,,,,,,,,,,,1124373,105024,5438465,0
,,,,2248128,,,,,,6189,豐藝,,,-81752,,,,,,,,,,,,,,,,,1,上市,115,,,,,,,,,,,,,,,,,,,,,,,,7031758,,,,6486658,,0,,24.59,9019856,15205193,,,,,,,,,2637797,,,9498582,,,1682485,16530340,,,,,,,,,,,,,,,545100,478726,1325147,0
,,,,14310663,,,,,,6191,精成科,,,2757732,,,,,,,,,,,,,,,,,1,上市,115,0,,,,,,,,,,,,,,,,,,,,,,,27848829,,,,27693472,,0,,55.46,24060815,32786061,,,,,,,,,4993030,,,34240746,,,5632047,62089575,,,,,,,,,,,,,,,155357,10179931,29303514,0
,,,,6222149,,,,,,6192,巨路,,,-34089,,,,,,,,,,,,,,,,,1,上市,115,,,,,,,,,,,,,,,,,,,,,,,,7261454,,,,7260661,,0,,75.51,5061374,10823772,,,,,,,,,961558,,,5381835,,,111043,12643289,,,,,,,,,,,,,,,793,320461,1819517,0
,,,,10623056,,,,,,6196,帆宣,,,-129863,,,,,,,,,,,,,,,,,1,上市,115,,,,,,0,,,,,,,,,,,,,,,,,,17655617,,,,17469435,,0,,79.29,36023511,46337341,,,,,,,,,2203295,,,39725563,,,4772947,57381180,,,,,,,,,,,,,,,186182,3702052,11043839,0
,,,,2631974,,,,,,6197,佳必琪,,,274738,,,,,,,,,,,,,,,,,1,上市,115,,,,,,0,,,,,,,,,,,,,,,,,,4825240,,,,4564668,,0,,37.39,3109326,6657237,,,,,,,,,1220859,,,4243979,,,437097,9069219,,,,,,,,,,,,,,,260572,1134653,2411982,0
,,,,1445790,,,,,,6201,亞弘電,,,-60671,,,,,,,,,,,,,,,,,1,上市,115,,,,,,0,,,,,,,,,,,,,,,,,,2610392,,,,2610392,,0,,29.26,981971,2848559,,,,,,,,,892000,,,1091106,,,333273,3701498,,,,,,,,,,,,,,,0,109135,852939,0
,,,,1486174,,,,,,6202,盛群,,,-6756,,,,,,,,,,,,,,,,,1,上市,115,,,,,,0,,,,,,,,,,,,,,,,,,4102046,,,,4033430,,0,,17.51,1032349,4419323,,,,,,,,,2303882,,,1377619,,,250130,5479665,,,,,,,,,,,,,,,68616,345270,1060342,0
,,,,1243985,,,,,,6205,詮欣,,,58152,,,,,,,,,,,,,,,,,1,上市,115,-73220,,,,,0,,,,,,,,,,,,,,,,,,2548052,,,,2537262,,1500000,,31.43,443335,2127947,,,,,,,,,822359,,,1225584,,,485986,3773636,,,,,,,,,,,,,,,10790,782249,1645689,0
,,,,3643157,,,,,,6206,飛捷,,,8617,,,,,,,,,,,,,,,,,1,上市,115,,,,,,0,,,,,,,,,,,,,,,,,,5610278,,,,5549804,,0,,38.79,1306580,5482164,,,,,,,,,1430623,,,1318597,,,467407,6928875,,,,,,,,,,,,,,,60474,12017,1446711,0
,,,,640586,,,,,,6209,今國光,,,-72733,,,,,,,,,,,,,,,,,1,上市,115,,,,,,,,,,,,,,,,,,,,,,,,3433512,,,,3433512,,0,,19.57,1264771,2748435,,,,,,,,,1804627,,,1713919,,,1061032,5147431,,,,,,,,,,,,,,,,449148,2398996,0
,,,,7514156,,,,,,6213,聯茂,,,666984,,,,,,,,,,,,,,,,,1,上市,115,,,,,,0,,,,,,,,,,,,,,,,,,21095629,,,,21095629,,0,,58.02,15422932,27657471,,,,,,,,,3646410,,,18831086,,,9268079,39926715,,,,,,,,,,,,,,,,3408154,12269244,145000
,,,,7971595,,,,,,6214,精誠,,,-361449,,,,,,,,,,,,,,,,,1,上市,115,,,,,,,,,,,,,,,,,,,,,,,,19906511,,,,19013624,,0,,69.84,16986250,28637858,,,,,,,,,2722431,,,17932964,,,8681047,37839475,,,,,,,,,,,,,,,892887,946714,9201617,0
,,,,594440,,,,,,6215,和椿,,,94859,,,,,,,,,,,,,,,,,1,上市,115,,,,,,0,,,,,,,,,,,,,,,,,,1622257,,,,1622257,,0,,19.59,922645,1916780,,,,,,,,,827897,,,1023605,,,105061,2645862,,,,,,,,,,,,,,,0,100960,729082,0
,,,,405759,,,,,,6216,居易,,,,,,,,,,,,,,,,,,,,1,上市,115,,,,,,0,,,,,,,,,,,,,,,,,,1638511,,,,,,0,,16.90,235473,1659038,,,,,,,,,969814,,,236991,,,262938,1875502,,,,,,,,,,,,,,,,1518,216464,0
,,,,1074065,,,,,,6224,聚鼎,,,-174465,,,,,,,,,,,,,,,,,1,上市,115,-48208,,,,,0,,,,,,,,,,,,,,,,,,2182080,,,,2173085,,1000000,,25.67,1589974,2519578,,,,,,,,,856453,,,1826099,,,465240,4008179,,,,,,,,,,,,,,,8995,236125,1488601,0
,,,,-188704,,,,,,6225,天瀚,,,-5760,,,,,,,,,,,,,,,,,1,上市,115,,,,,,,,,,,,,,,,,,,,,,,,83536,,,,83536,,0,,3.00,17953,98414,,,,,,,,,278000,,,37244,,,0,120780,,,,,,,,,,,,,,,,19291,22366,0
,,,,-23475,,,,,,6226,光鼎,,,40029,,,,,,,,,,,,,,,,,1,上市,115,0,,,,,0,,,,,,,,,,,,,,,,,,1201831,,,,1203655,,0,,10.42,658137,814188,,,,,,,,,1155348,,,834003,,,31753,2035834,,,,,,,,,,,,,,,-1824,175866,1221646,0
,,,,4285696,,,,,,6230,尼得科超眾,,,110066,,,,,,,,,,,,,,,,,1,上市,115,,,,,,,,,,,,,,,,,,,,,,,,5791585,,,,5791585,,0,,67.08,3739838,8112805,,,,,,,,,863434,,,4575345,,,532389,10366930,,,,,,,,,,,,,,,,835507,2254125,0
,,,,2150108,,,,,,6235,華孚,,,177243,,,,,,,,,,,,,,,,,1,上市,115,,,,,,,,,,,,,,,,,,,,,,,,4965634,,,,4965634,,0,,24.84,3718899,4823255,,,,,,,,,1999063,,,5775598,,,639220,10741232,,,,,,,,,,,,,,,,2056699,5917977,0
,,,,51805132,,,,,,6239,力成,,,-570254,,,,,,,,,,,,,,,,,1,上市,115,-922841,,,,,,,,,,,,,,,,,,,,,,,73809912,,,,58365898,,20350000,,79.00,24510579,47281423,,,,,,,,,7591466,,,53170570,,,462395,126980482,,,,,,,,,,,,,,,15444014,28659991,79699059,0
,,,,34500,,,,,,6243,迅杰,,,0,,,,,,,,,,,,,,,,,1,上市,115,,,,,,,,,,,,,,,,,,,,,,,,769444,,,,,,0,,17.00,84467,918796,,,,,,,,,452688,,,381040,,,282256,1150484,,,,,,,,,,,,,,,,296573,231688,0
,,,,14096554,,,,,,6257,矽格,,,2813708,,,,,,,,,,,,,,,,,1,上市,115,-385473,,,,,0,,,,,,,,,,,,,,,,,,24531837,,,,21624326,,5131000,,45.17,10312177,19127174,,,,,,,,,4839123,,,19347117,,,260414,43878954,,,,,,,,,,,,,,,2907511,9034940,24751780,0
,,,,16743614,,,,,,6269,台郡,,,60772,,,,,,,,,,,,,,,,,1,上市,115,-168973,,,,,0,,,,,,,,,,,,,,,,,,22531957,,,,20930048,,3300000,,65.30,6996989,17426263,,,,,,,,,3238315,,,12380381,,,1056320,34912338,,,,,,,,,,,,,,,1601909,5383392,17486075,0
,,,,9874533,,,,,,6271,同欣電,0,,-24149,,,,,,,,,,,,,,,,,1,上市,115,0,,,,,0,,,,,,,,,,,,,,,,,,26484964,,,,26431432,,0,,126.43,4582832,11855565,,,,,,,,,2090581,,,8286661,,,14490467,34771625,,,,,,,,,,,,,,,53532,3703829,22916060,0
,,,,533517,,,,,,6272,驊陞,,,39785,,,,,,,,,,,,,,,,,1,上市,115,,,,,,,,,,,,,,,,,,,,,,,,2014597,,,,1847861,,0,,22.60,1249665,2203667,,,,,,,,,817640,,,2115816,,,456919,4130413,,,,,,,,,,,,,,,166736,866151,1926746,0
,,,,3285160,,,,,,6277,宏正,,,-146111,,,,,,,,,,,,,,,,,1,上市,115,,,,,,0,,,,,,,,,,,,,,,,,,4715124,,,,4650723,,0,,38.93,1638244,3416718,,,,,,,,,1194711,,,2304220,,,316963,7019344,,,,,,,,,,,,,,,64401,665976,3602626,0
,,,,16394084,,,,,,6278,台表科,,,744085,,,,,,,,,,,,,,,,,1,上市,115,-327929,,,,,0,,,,,,,,,,,,,,,,,,22262282,,,,22240240,,3413000,,76.96,26839243,37797116,,,,,,,,,2923984,,,30850052,,,2506016,53112334,,,,,,,,,,,,,,,22042,4010809,15315218,0
,,,,1246310,,,,,,6281,全國電,,,,,,,,,,,,,,,,,,,,1,上市,115,,,,,,,,,,,,,,,,,,,,,,,,2675149,,,,,,0,,26.97,4637050,5891624,,,,,,,,,991729,,,7381843,,,437110,10056992,,,,,,,,,,,,,,,,2744793,4165368,0
,,,,4005391,,,,,,6282,康舒,,,568964,,,,,,,,,,,,,,,,,1,上市,115,,,,,,,,,,,,,,,,,,,,,,,,22791924,,,,22500817,,0,,26.29,20641141,27978457,,,,,,,,,8560313,,,29225863,,,9366149,52017787,,,,,,,,,,,,,,,291107,8584722,24039330,0
,,,,-217249,,,,,,6283,淳安,,,-14211,,,,,,,,,,,,,,,,,1,上市,115,-72075,,,,,0,,,,,,,,,,,,,,,,,,1954037,,,,1697809,,2114000,,11.56,615014,1899899,,,,,,,,,1489813,,,688589,,,511531,2642626,,,,,,,,,,,,,,,256228,73575,742727,0
,,,,15581728,,,,,,6285,啟碁,,,2669702,,,,,,,,,,,,,,,,,1,上市,115,,,,,,0,,,,,,,,,,,,,,,,,,34976831,,,,34976831,,0,,72.32,48208191,69390618,,,,,,,,,4836637,,,51524915,,,11888764,86501746,,,,,,,,,,,,,,,,3316724,17111128,0
,,,,1207865,,,,,,6405,悅城,,,491624,,,,,,,,,,,,,,,,,1,上市,115,,,,,,0,,,,,,,,,,,,,,,,,,2804758,,,,,,0,,42.63,16293,570128,,,,,,,,,658000,,,17556,,,447269,2822314,,,,,,,,,,,,,,,,1263,2252186,0
,,,,7804739,,,,,,6409,旭隼,,,269540,,,,,,,,,,,,,,,,,1,上市,115,,,,,,,,,,,,,,,,,,,,,,,,10328608,,,,10328608,,0,,117.77,6848461,12925624,,,,,,,,,877036,,,7506620,,,1377293,17835228,,,,,,,,,,,,,,,,658159,4909604,0
,,,,7497831,,,,,,6412,群電,,,-261439,,,,,,,,,,,,,,,,,1,上市,115,,,,,,0,,,,,,,,,,,,,,,,,,14480507,,,,14480507,,0,,36.13,19599978,26578390,,,,,,,,,4007691,,,19972449,,,3236424,34452956,,,,,,,,,,,,,,,,372471,7874566,0
,,,,8135339,,,,,,6414,樺漢,,,50110,,,,,,,,,,,,,,,,,1,上市,115,-27270,,,,,,,,,,,,,,,,,,,,,,,63227907,,,,26310758,,100000,,180.47,89321445,113547832,,,,,,,,,1458864,,,107066225,,,16693715,170294132,,,,,,,,,,,,,,,36917149,17744780,56746300,0
,,,,21674243,,,,,,6415,矽力*-KY,,,1737584,,,,,,,,,,,,,,,,,1,上市,115,-239746,,,,,310174,,,,,,,,,,,,,,,,,,38537914,,,,38112650,,595000,,98.22,4400935,25449676,,,,,,,,,971595,,,7445656,,,13968974,45983570,,,,,,,,,,,,,,,425264,3044721,20533894,0
,,,,1393448,,,,,,6416,瑞祺電通,,,-80288,,,,,,,,,,,,,,,,,1,上市,115,,,,,,0,,,,,,,,,,,,,,,,,,3619836,,,,3491841,,0,,47.61,1810116,4240170,,,,,,,,,733485,,,2539091,,,1445196,6158927,,,,,,,,,,,,,,,127995,728975,1918757,0
,,,,23870,,,,,,6426,統新,,,-32628,,,,,,,,,,,,,,,,,1,上市,115,,,,,,,,,,,,,,,,,,,,,,,,932874,,,,932874,,0,,24.22,83262,831225,,,,,,,,,385090,,,85873,,,556542,1018747,,,,,,,,,,,,,,,,2611,187522,0
,,,,-676632,,,,,,6431,光麗-KY,,,-18739,,,,,,,,,,,,,,,,,1,上市,115,,,,,,,,,,,,,,,,,,,,,,,,556983,,,,553547,,0,,5.68,370475,453102,,,,,,,,,973988,,,633837,,,274930,1190820,,,,,,,,,,,,,,,3436,263362,737718,0
,,,,1652915,,,,,,6438,迅得,,,337876,,,,,,,,,,,,,,,,,1,上市,115,,,,,,,,,,,,,,,,,,,,,,,,5776631,,,,5638569,,0,,68.59,3600710,6414724,,,,,,,,,822063,,,4638877,,,2825715,10415508,,,,,,,,,,,,,,,138062,1038167,4000784,0
,,,,2998392,,,,,,6442,光聖,,,945862,,,,,,,,,,,,,,,,,1,上市,115,-66481,,,,,,,,,,,,,,,,,,,,,,,7048699,,,,7048699,,200000,,90.51,5406984,11671583,,,,,,,,,780733,,,8025507,,,2390193,15074206,,,,,,,,,,,,,,,0,2618523,3402623,0
,,,,-3294451,,,,,,6443,元晶,,,5321,,,,,,,,,,,,,,,,,1,上市,115,,,,,,,,,,,,,,,,,,,,,,,,3544435,,,,3541570,,0,,6.91,1137808,1407789,,,,,,,,,5127967,,,2808617,,,1702733,6353052,,,,,,,,,,,,,,,2865,1670809,4945263,0
,,,,9394115,,,,,,6446,藥華藥,,,-127912,,,,,,,,,,,,,,,,,1,上市,115,-2717606,,,,,,,,,,,,,,,,,,,,,,,34454211,,,,34454211,,8001000,,92.64,4737365,30923112,,,,,,,,,3799094,,,5635458,,,24106520,40089669,,,,,,,,,,,,,,,,898093,9166557,0
,,,,2259129,,,,,,6449,鈺邦,,,1439215,,,,,,,,,,,,,,,,,1,上市,115,-40374,,,,,0,,,,,,,,,,,,,,,,,,5774282,,,,5682595,,1000000,,62.52,3924300,5034223,,,,,,,,,918985,,,4063555,,,1105640,9837837,,,,,,,,,,,,,,,91687,139255,4803614,0
,,,,2457113,,,,,,6451,訊芯-KY,,,164487,,,,,,,,,,,,,,,,,1,上市,115,-108347,,,,,,,,,,,,,,,,,,,,,,,8276348,,,,7087943,,1291000,,66.03,7668673,12772912,,,,,,,,,1086422,,,12244293,,,3488268,20520641,,,,,,,,,,,,,,,1188405,4575620,7747729,0
,,,,19178142,,,,,,6456,GIS-KY,,,-417533,,,,,,,,,,,,,,,,,1,上市,115,-176665,,,,,0,,,,,,,,,,,,,,,,,,30187551,,,,30161032,,3864000,,90.28,21858214,48460202,,,,,,,,,3379398,,,34876805,,,8197690,65064356,,,,,,,,,,,,,,,26519,13018591,16604154,0
,,,,3589043,,,,,,6464,台數科,,,2353,,,,,,,,,,,,,,,,,1,上市,115,0,,,,,0,,,,,,,,,,,,,,,,,,8761491,,,,8311119,,0,,64.54,3480817,1900799,,,,,,,,,1287815,,,9411765,,,3431908,18173256,,,,,,,,,,,,,,,450372,5930948,16272457,0
,,,,7098526,,,,,,6472,保瑞,,,64215,,,,,,,,,,,,,,,,,1,上市,115,-133668,,,,,,,,,,,,,,,,,,,,,,,16628668,,,,14568861,,372900,,114.38,14337765,19812444,,,,,,,,,1277596,,,28703088,,,6262192,45331756,,,,,,,,,,,,,,,2059807,14365323,25519312,25040
,,,,603628,,,,,,6477,安集,,,-36137,,,,,,,,,,,,,,,,,1,上市,115,,,,,,,,,,,,,,,,,,,,,,,,3342049,,,,3142685,,0,,25.39,970864,1126619,,,,,,,,,1237872,,,4658638,,,1337322,8000687,,,,,,,,,,,,,,,199364,3687774,6874068,0
,,,,6398942,,,,,,6491,晶碩,,,-100488,,,,,,,,,,,,,,,,,1,上市,115,-146510,,,,,,,,,,,,,,,,,,,,,,,11312907,,,,11201488,,525000,,144.58,4705377,6983966,,,,,,,,,780000,,,5326767,,,4269544,16639674,,,,,,,,,,,,,,,111419,621390,9655708,0
,,,,2588975,,,,,,6504,南六,,,-242894,,,,,,,,,,,,,,,,,1,上市,115,,,,,,0,,,,,,,,,,,,,,,,,,3525636,,,,3525548,,0,,48.56,3784299,4601650,,,,,,,,,726000,,,5869098,,,453467,9394734,,,,,,,,,,,,,,,88,2084799,4793084,0
,,,,189668989,,,,,,6505,台塑化,,,58712337,,,,,,,,,,,,,,,,,1,上市,115,,,,,,,,,,,,,,,,,,,,,,,,380598684,,,,375065910,,0,,39.37,65693610,296450387,,,,,,,,,95259597,,,83114597,,,31424987,463713281,,,,,,,,,,,,,,,5532774,17420987,167262894,0
,,,,2740243,,,,,,6515,穎崴,,,-137563,,,,,,,,,,,,,,,,,1,上市,115,,,,,,,,,,,,,,,,,,,,,,,,6496768,,,,6496768,,0,,180.28,4908751,11332666,,,,,,,,,360380,,,7816016,,,3533708,14312784,,,,,,,,,,,,,,,,2907265,2980118,0
,,,,2486825,,,,,,6525,捷敏-KY,,,-16696,,,,,,,,,,,,,,,,,1,上市,115,,,,,,,,,,,,,,,,,,,,,,,,4385139,,,,4385139,,0,,33.98,2461742,4515911,,,,,,,,,1290474,,,2873578,,,624536,7258717,,,,,,,,,,,,,,,,411836,2742806,0
,,,,6980785,,,,,,6526,達發,,,389704,,,,,,,,,,,,,,,,,1,上市,115,,,,,,,,,,,,,,,,,,,,,,,,20257279,,,,17928291,,0,,107.03,7320050,18282679,,,,,,,,,1675056,,,8205391,,,8882746,28462670,,,,,,,,,,,,,,,2328988,885341,10179991,0
,,,,4376063,,,,,,6531,愛普*,,,104934,,,,,,,,,,,,,,,,,1,上市,115,,,,,,,,,,,,,,,,,,,,,,,,12009439,,,,11813798,,0,,72.55,3453169,13696423,,,,,,,,,814233,,,3557927,,,6518568,15567366,,,,,,,,,,,,,,,195641,104758,1870943,0
,,,,-374062,,,,,,6533,晶心科,,,9697,,,,,,,,,,,,,,,,,1,上市,115,,,,,,,,,,,,,,,,,,,,,,,,4351399,,,,4351399,,0,,85.91,291379,1735463,,,,,,,,,506509,,,1760341,,,4209255,6111740,,,,,,,,,,,,,,,,1468962,4376277,0
,,,,914777,,,,,,6534,正瀚-創,,,15105,,,,,,,,,,,,,,,,,1,上市,115,,,,,,0,,,,,,,,,,,,,,,,,,2676634,,,,2676634,,0,,26.04,1256074,1350795,,,,,,,,,1028000,,,1391161,,,718752,4067795,,,,,,,,,,,,,,,0,135087,2717000,0
,,,,-16025370,,,,,,6541,泰福-KY,,,-168394,,,,,,,,,,,,,,,,,1,上市,115,,,,,,0,,,,,,,,,,,,,,,,,,5364111,,,,5364111,,0,,20.24,827461,1103590,,,,,,,,,2649864,,,2273772,,,18908011,7637883,,,,,,,,,,,,,,,,1446311,6534293,0
,,,,-19048679,,,,,,6550,北極星藥業-KY,,,543420,,,,,,,,,,,,,,,,,1,上市,115,,,,,,,,,,,,,,,,,,,,,,,,4800001,,,,4800001,,0,,5.58,499947,2398265,,,,,,,,,8598927,,,2828590,,,14706333,7628591,,,,,,,,,,,,,,,0,2328643,5230326,0
,,,,-479683,,,,,,6552,易華電,,,702780,,,,,,,,,,,,,,,,,1,上市,115,,,,,,,,,,,,,,,,,,,,,,,,1678586,,,,,,0,,20.22,1149611,621632,,,,,,,,,830000,,,1154401,,,625489,2832987,,,,,,,,,,,,,,,,4790,2211355,0
,,,,126466,,,,,,6558,興能高,,,-21551,,,,,,,,,,,,,,,,,1,上市,115,,,,,,,,,,,,,,,,,,,,,,,,1362435,,,,1362435,,0,,14.53,404671,1009745,,,,,,,,,937889,,,438821,,,319631,1801256,,,,,,,,,,,,,,,,34150,791511,0
,,,,-139025,,,,,,6573,虹揚-KY,0,,-61493,,,,,,,,,,,,,,,,,1,上市,115,,,,,,,,,,,,,,,,,,,,,,,,681617,,,,604475,,0,,7.51,844611,593681,,,,,,,,,804993,,,1060888,,,0,1742505,,,,,,,,,,,,,,,77142,216277,1148824,0
,,,,2157536,,,,,,6579,研揚,,,117339,,,,,,,,,,,,,,,,,1,上市,115,,,,,,0,,,,,,,,,,,,,,,,,,12447689,,,,10445657,,0,,61.64,3230317,8204597,,,,,,,,,1694512,,,3705611,,,6476270,16153300,,,,,,,,,,,,,,,2002032,475294,7948703,0
,,,,1915416,,,,,,6581,鋼聯,,,,,,,,,,,,,,,,,,,,1,上市,115,,,,,,,,,,,,,,,,,,,,,,,,4027341,,,,4027341,,0,,36.19,997203,1016241,,,,,,,,,1112709,,,1475139,,,999216,5502480,,,,,,,,,,,,,,,,477936,4486239,0
,,,,3646763,,,,,,6582,申豐,,,958096,,,,,,,,,,,,,,,,,1,上市,115,,,,,,,,,,,,,,,,,,,,,,,,6415834,,,,6415834,,0,,60.43,192661,609835,,,,,,,,,1061741,,,201693,,,749234,6617527,,,,,,,,,,,,,,,,9032,6007692,0
,,,,2003542,,,,,,6585,鼎基,,,5114,,,,,,,,,,,,,,,,,1,上市,115,,,,,,0,,,,,,,,,,,,,,,,,,3710464,,,,3710464,,0,,51.44,1168525,1920085,,,,,,,,,721336,,,1350836,,,980472,5061300,,,,,,,,,,,,,,,,182311,3141215,0
,,,,-885111,,,,,,6589,台康生技,,,8523,,,,,,,,,,,,,,,,,1,上市,115,-305465,,,,,0,,,,,,,,,,,,,,,,,,8206224,,,,8206224,,4000000,,27.09,910711,4188368,,,,,,,,,3068813,,,2413133,,,6319464,10619357,,,,,,,,,,,,,,,,1502422,6430989,20000
,,,,625222,,,,,,6591,動力-KY,,,49896,,,,,,,,,,,,,,,,,1,上市,115,,,,,,,,,,,,,,,,,,,,,,,,2159467,,,,2153858,,0,,52.38,610690,1803270,,,,,,,,,411225,,,1367225,,,1067515,3526692,,,,,,,,,,,,,,,5609,756535,1723422,0
,,,,12713757,,,,,,6592,和潤企業,,,203170,,,,,,,,,,,,,,,,,1,上市,115,,,,,,0,,,,,,,,,,,,,,,,,,42297447,,,,37288406,,0,,51.56,284872301,301356298,,,,,,,,,7231505,,,287832209,,,17139974,330129656,,,,,,,,,,,,,,,5009041,2959908,28773358,0
,,,,-396828,,,,,,6598,ABC-KY,,,6292,,,,,,,,,,,,,,,,,1,上市,115,,,,,,0,,,,,,,,,,,,,,,,,,675503,,,,675503,,0,,6.57,157433,947351,,,,,,,,,1028191,,,414395,,,37848,1089898,,,,,,,,,,,,,,,,256962,142547,0
,,,,16620311,,,,,,6605,帝寶,,,-152780,,,,,,,,,,,,,,,,,1,上市,115,,,,,,,,,,,,,,,,,,,,,,,,21145623,,,,20625882,,0,,124.39,11970379,15540524,,,,,,,,,1658164,,,12358666,,,2500187,33504289,,,,,,,,,,,,,,,519741,388287,17963765,0
,,,,351714,,,,,,6606,建德工業,,,-24686,,,,,,,,,,,,,,,,,1,上市,115,,,,,,0,,,,,,,,,,,,,,,,,,1620693,,,,1575364,,0,,14.28,392295,1052582,,,,,,,,,1103038,,,549327,,,145298,2170020,,,,,,,,,,,,,,,45329,157032,1117438,0
,,,,361480,,,,,,6614,資拓宏宇,,,,,,,,,,,,,,,,,,,,1,上市,115,,,,,,,,,,,,,,,,,,,,,,,,1492128,,,,1492128,,0,,18.50,1823934,2890795,,,,,,,,,806605,,,1901638,,,324043,3393766,,,,,,,,,,,,,,,,77704,502971,0
,,,,434188,,,,,,6625,必應,,,14398,,,,,,,,,,,,,,,,,1,上市,115,,,,,,,,,,,,,,,,,,,,,,,,1701732,,,,1699330,,0,,29.31,1188075,1599446,,,,,,,,,579724,,,1657949,,,671020,3359681,,,,,,,,,,,,,,,2402,469874,1760235,0
,,,,511876,,,,,,6641,基士德-KY,,,-36773,,,,,,,,,,,,,,,,,1,上市,115,0,,,,,,,,,,,,,,,,,,,,,,,1498626,,,,1506856,,0,,41.28,704743,1284077,,,,,,,,,365000,,,742999,,,666753,2241625,,,,,,,,,,,,,,,-8230,38256,957548,0
,,,,-194040,,,,,,6645,金萬林-創,,,360,,,,,,,,,,,,,,,,,1,上市,115,-5144,,,,,0,,,,,,,,,,,,,,,,,,467853,,,,447749,,240000,,7.39,355675,387891,,,,,,,,,608640,,,556505,,,37933,1024358,,,,,,,,,,,,,,,20104,200830,636467,0
,,,,921962,,,,,,6655,科定,,,1131213,,,,,,,,,,,,,,,,,1,上市,115,-186211,,,,,,,,,,,,,,,,,,,,,,,2699161,,,,2693425,,2014000,,34.29,1542338,1653170,,,,,,,,,805718,,,6212397,,,20743,8911558,,,,,,,,,,,,,,,5736,4670059,7258388,0
,,,,-535790,,,,,,6657,華安,,,17,,,,,,,,,,,,,,,,,1,上市,115,-39587,,,,,,,,,,,,,,,,,,,,,,,849073,,,,849073,,900000,,9.66,26610,801869,,,,,,,,,888080,,,34684,,,536353,883757,,,,,,,,,,,,,,,,8074,81888,0
,,,,373239,,,,,,6658,聯策,,,101860,,,,,,,,,,,,,,,,,1,上市,115,,,,,,,,,,,,,,,,,,,,,,,,1455770,,,,1378567,,0,,37.90,1150038,1900161,,,,,,,,,363700,,,1869328,,,539768,3325098,,,,,,,,,,,,,,,77203,719290,1424937,0
,,,,414029,,,,,,6666,羅麗芬-KY,,,45829,,,,,,,,,,,,,,,,,1,上市,115,,,,,,0,,,,,,,,,,,,,,,,,,1797236,,,,1764313,,0,,37.23,386264,887322,,,,,,,,,473880,,,445810,,,830575,2243046,,,,,,,,,,,,,,,32923,59546,1355724,0
,,,,-264716,,,,,,6668,中揚光,,,57431,,,,,,,,,,,,,,,,,1,上市,115,,,,,,,,,,,,,,,,,,,,,,,,2139015,,,,2139015,,0,,19.97,833718,1253334,,,,,,,,,1071161,,,1550388,,,1275139,3689403,,,,,,,,,,,,,,,,716670,2436069,0
,,,,97205206,,,,,,6669,緯穎,,,4160532,,,,,,,,,,,,,,,,,1,上市,115,,,,,,0,,,,,,,,,,,,,,,,,,140164269,,,,140164269,,0,,754.22,257883938,395619318,,,,,,,,,1858408,,,292412129,,,36940123,432576398,,,,,,,,,,,,,,,,34528191,36957080,0
,,,,11666911,,,,,,6670,復盛應用,,,-66136,,,,,,,,,,,,,,,,,1,上市,115,,,,,,,,,,,,,,,,,,,,,,,,20336166,,,,16864507,,0,,120.99,8031634,20003146,,,,,,,,,1393870,,,10347885,,,3869862,30684051,,,,,,,,,,,,,,,3471659,2316251,10680905,0
,,,,553103,,,,,,6671,三能-KY,,,-65499,,,,,,,,,,,,,,,,,1,上市,115,,,,,,,,,,,,,,,,,,,,,,,,1763147,,,,1744003,,0,,28.71,418162,1186663,,,,,,,,,607500,,,469065,,,648899,2232212,,,,,,,,,,,,,,,19144,50903,1045549,0
,,,,1887693,,,,,,6672,騰輝電子-KY,,,54683,,,,,,,,,,,,,,,,,1,上市,115,,,,,,,,,,,,,,,,,,,,,,,,3713634,,,,3713629,,0,,51.99,1439948,4606299,,,,,,,,,714347,,,2742865,,,1056906,6456499,,,,,,,,,,,,,,,5,1302917,1850200,0
,,,,-146246,,,,,,6674,鋐寶科技,,,-12106,,,,,,,,,,,,,,,,,1,上市,115,,,,,,0,,,,,,,,,,,,,,,,,,844422,,,,844422,,0,,12.32,354517,1071283,,,,,,,,,685507,,,359370,,,317267,1203792,,,,,,,,,,,,,,,,4853,132509,0
,,,,394758,,,,,,6689,伊雲谷,,,96106,,,,,,,,,,,,,,,,,1,上市,115,-9941,,,,,0,,,,,,,,,,,,,,,,,,3245945,,,,3028758,,200000,,44.67,2968224,5211395,,,,,,,,,680000,,,3197443,,,1867835,6443388,,,,,,,,,,,,,,,217187,229219,1231993,0
,,,,2851253,,,,,,6691,洋基工程,,,52755,,,,,,,,,,,,,,,,,1,上市,115,-169116,,,,,,,,,,,,,,,,,,,,,,,5955833,,,,5955833,,890000,,49.39,15975842,21151608,,,,,,,,,1214872,,,16220137,,,2006069,22175970,,,,,,,,,,,,,,,,244295,1024362,0
,,,,-524172,,,,,,6695,芯鼎,,,-4063,,,,,,,,,,,,,,,,,1,上市,115,,,,,,,,,,,,,,,,,,,,,,,,1495056,,,,1495056,,0,,15.50,278687,1361829,,,,,,,,,964777,,,363232,,,1058514,1858288,,,,,,,,,,,,,,,,84545,496459,0
,,,,-128613,,,,,,6698,旭暉應材,,,1850,,,,,,,,,,,,,,,,,1,上市,115,-24187,,,,,0,,,,,,,,,,,,,,,,,,1813272,,,,1073259,,602000,,16.31,942322,1277126,,,,,,,,,663898,,,998034,,,560311,2811306,,,,,,,,,,,,,,,740013,55712,1534180,0
,,,,973249,,,,,,6706,惠特,,,53661,,,,,,,,,,,,,,,,,1,上市,115,,,,,,,,,,,,,,,,,,,,,,,,3762513,,,,3762513,,0,,47.90,1611622,3540957,,,,,,,,,785489,,,3966106,,,1950114,7728619,,,,,,,,,,,,,,,,2354484,4187662,0
,,,,1072226,,,,,,6715,嘉基,,,29173,,,,,,,,,,,,,,,,,1,上市,115,-38604,,,,,,,,,,,,,,,,,,,,,,,3718091,,,,3638428,,324000,,54.47,818763,2720158,,,,,,,,,671149,,,888200,,,1904484,4606291,,,,,,,,,,,,,,,79663,69437,1886133,0
,,,,2778880,,,,,,6719,力智,,,-37108,,,,,,,,,,,,,,,,,1,上市,115,,,,,,0,,,,,,,,,,,,,,,,,,14322320,,,,14322320,,0,,135.78,1017284,14908994,,,,,,,,,1054840,,,2715804,,,10525708,17038124,,,,,,,,,,,,,,,,1698520,2129130,0
,,,,708002,,,,,,6722,輝創,,,-23316,,,,,,,,,,,,,,,,,1,上市,115,,,,,,0,,,,,,,,,,,,,,,,,,2687676,,,,2687676,,0,,30.40,1658977,2935970,,,,,,,,,884000,,,2241551,,,1118990,4929227,,,,,,,,,,,,,,,,582574,1993257,0
,,,,-45525,,,,,,6742,澤米,,,12507,,,,,,,,,,,,,,,,,1,上市,115,-40217,,,,,,,,,,,,,,,,,,,,,,,1237798,,,,1237798,,773000,,17.56,385812,1026905,,,,,,,,,712679,,,423370,,,598354,1661168,,,,,,,,,,,,,,,,37558,634263,0
,,,,830404,,,,,,6743,安普新,,,-260482,,,,,,,,,,,,,,,,,1,上市,115,-185294,,,,,,,,,,,,,,,,,,,,,,,2689509,,,,2689509,,2500000,,18.23,5204708,4574864,,,,,,,,,1500000,,,6010605,,,804881,8700114,,,,,,,,,,,,,,,,805897,4125250,0
,,,,2425554,,,,,,6753,龍德造船,,,7705,,,,,,,,,,,,,,,,,1,上市,115,,,,,,,,,,,,,,,,,,,,,,,,5014378,,,,,,0,,42.77,3773290,6070732,,,,,,,,,1172532,,,5807108,,,1408587,10821486,,,,,,,,,,,,,,,,2033818,4750754,13721
,,,,842276,,,,,,6754,匯僑設計,,,-61236,,,,,,,,,,,,,,,,,1,上市,115,,,,,,,,,,,,,,,,,,,,,,,,2128127,,,,2128127,,0,,32.24,1814297,3203831,,,,,,,,,660000,,,2022297,,,687087,4150424,,,,,,,,,,,,,,,,208000,946593,0
,,,,561680,,,,,,6756,威鋒電子,,,55265,,,,,,,,,,,,,,,,,1,上市,115,,,,,,,,,,,,,,,,,,,,,,,,2964299,,,,2923045,,0,,41.76,848091,1744541,,,,,,,,,700192,,,980235,,,1605908,3944534,,,,,,,,,,,,,,,41254,132144,2199993,42000
,,,,2943969,,,,,,6757,台灣虎航,,,3057,,,,,,,,,,,,,,,,,1,上市,115,,,,,,0,,,,,,,,,,,,,,,,,,7543655,,,,,,0,,16.42,11530974,12967760,,,,,,,,,4595300,,,20364319,,,1329,27907974,,,,,,,,,,,,,,,,8833345,14940214,0
,,,,4818005,,,,,,6768,志強-KY,,,151081,,,,,,,,,,,,,,,,,1,上市,115,,,,,,,,,,,,,,,,,,,,,,,,15530007,,,,15530007,,0,,77.61,5816754,14903339,,,,,,,,,2000951,,,8582686,,,8559970,24112693,,,,,,,,,,,,,,,0,2765932,9209354,0
,,,,26027624,,,,,,6770,力積電,,,-4848,,,,,,,,,,,,,,,,,1,上市,115,,,,,,,,,,,,,,,,,,,,,,,,96576892,,,,96576892,,0,,22.76,23437313,73060915,,,,,,,,,42438037,,,76101188,,,28116079,172678080,,,,,,,,,,,,,,,,52663875,99617165,0
,,,,312369,,,,,,6771,平和環保-創,,,,,,,,,,,,,,,,,,,,1,上市,115,,,,,,,,,,,,,,,,,,,,,,,,913556,,,,904320,,0,,29.00,130197,503903,,,,,,,,,311795,,,485496,,,280156,1399052,,,,,,,,,,,,,,,9236,355299,895149,0
,,,,722117,,,,,,6776,展碁國際,,,-10671,,,,,,,,,,,,,,,,,1,上市,115,,,,,,0,,,,,,,,,,,,,,,,,,2888945,,,,2643810,,0,,28.87,7981942,8549139,,,,,,,,,915814,,,8448282,,,1016550,11337227,,,,,,,,,,,,,,,245135,466340,2788088,0
,,,,10163573,,,,,,6781,AES-KY,,,1004804,,,,,,,,,,,,,,,,,1,上市,115,,,,,,,,,,,,,,,,,,,,,,,,18093259,,,,18092505,,0,,211.81,7964587,23244335,,,,,,,,,854188,,,8597389,,,6069940,26690648,,,,,,,,,,,,,,,754,632802,3446313,0
,,,,1899045,,,,,,6782,視陽,,,253311,,,,,,,,,,,,,,,,,1,上市,115,,,,,,0,,,,,,,,,,,,,,,,,,4232355,,,,4213363,,0,,66.88,1785112,2257209,,,,,,,,,630000,,,2055065,,,1431007,6287420,,,,,,,,,,,,,,,18992,269953,4030211,0
,,,,8374906,,,,,,6789,采鈺,,,-94125,,,,,,,,,,,,,,,,,1,上市,115,,,,,,,,,,,,,,,,,,,,,,,,18923590,,,,,,0,,59.45,2888247,13937054,,,,,,,,,3182991,,,3409148,,,7459818,22332738,,,,,,,,,,,,,,,,520901,8395684,0
,,,,2182601,,,,,,6790,永豐實,,,47589,,,,,,,,,,,,,,,,,1,上市,115,,,,,,,,,,,,,,,,,,,,,,,,6091587,,,,6091587,,0,,22.80,2379820,4934020,,,,,,,,,2671290,,,4689283,,,1190107,10780870,,,,,,,,,,,,,,,0,2309463,5846850,0
,,,,494235,,,,,,6792,詠業,,,-73764,,,,,,,,,,,,,,,,,1,上市,115,-85925,,,,,,,,,,,,,,,,,,,,,,,1426128,,,,1426128,,1000000,,30.42,473365,1506202,,,,,,,,,478753,,,509836,,,612829,1935964,,,,,,,,,,,,,,,,36471,429762,0
,,,,-743295,,,,,,6794,向榮生技,,,-11740,,,,,,,,,,,,,,,,,1,上市,115,,,,,,0,,,,,,,,,,,,,,,,,,842998,,,,,,0,,13.25,18859,764944,,,,,,,,,636370,,,77100,,,961663,920098,,,,,,,,,,,,,,,,58241,155154,0
,,,,56827,,,,,,6796,晉弘,,,-5509,,,,,,,,,,,,,,,,,1,上市,115,,,,,,0,,,,,,,,,,,,,,,,,,871085,,,,871085,,0,,21.65,439289,1134874,,,,,,,,,402340,,,806242,,,417427,1677327,,,,,,,,,,,,,,,,366953,542453,0
,,,,602355,,,,,,6799,來頡,,,-3209,,,,,,,,,,,,,,,,,1,上市,115,-28425,,,,,59400,,,,,,,,,,,,,,,,,,1591000,,,,1591000,,269000,,36.67,310261,1710624,,,,,,,,,436522,,,313766,,,583757,1904766,,,,,,,,,,,,,,,,3505,194142,0
,,,,4121921,,,,,,6805,富世達,,,276547,,,,,,,,,,,,,,,,,1,上市,115,,,,,,,,,,,,,,,,,,,,,,,,7422894,,,,7422894,,0,,108.28,8114461,14924697,,,,,,,,,685539,,,8785852,,,2338887,16208746,,,,,,,,,,,,,,,,671391,1284049,0
,,,,743815,,,,,,6807,峰源-KY,,,227118,,,,,,,,,,,,,,,,,1,上市,115,,,,,,0,,,,,,,,,,,,,,,,,,2512545,,,,2512545,,0,,46.53,1020947,2199559,,,,,,,,,540000,,,1049027,,,1001612,3561572,,,,,,,,,,,,,,,,28080,1362013,0
,,,,410761,,,,,,6830,汎銓,,,32072,,,,,,,,,,,,,,,,,1,上市,115,,,,,,,,,,,,,,,,,,,,,,,,3231371,,,,3231371,,0,,60.46,1337928,1597883,,,,,,,,,534469,,,3231054,,,2254069,6462425,,,,,,,,,,,,,,,,1893126,4864542,0
,,,,343807,,,,,,6831,邁科,,,25152,,,,,,,,,,,,,,,,,1,上市,115,,,,,,0,,,,,,,,,,,,,,,,,,2675683,,,,2675683,,0,,39.64,2191667,3596183,,,,,,,,,675000,,,2438729,,,1631724,5114412,,,,,,,,,,,,,,,,247062,1518229,0
,,,,155373,,,,,,6834,天二科技,,,-35041,,,,,,,,,,,,,,,,,1,上市,115,,,,,,,,,,,,,,,,,,,,,,,,1460718,,,,1460718,,0,,16.51,865895,1334874,,,,,,,,,884711,,,892092,,,455675,2352810,,,,,,,,,,,,,,,,26197,1017936,0
,,,,624659,,,,,,6835,圓裕,,,27803,,,,,,,,,,,,,,,,,1,上市,115,-18444,,,,,,,,,,,,,,,,,,,,,,,1787600,,,,1783677,,444000,,27.14,1313393,3091588,,,,,,,,,661723,,,2355741,,,487936,4143341,,,,,,,,,,,,,,,3923,1042348,1051753,0
,,,,-2251767,,,,,,6838,台新藥,,,-95930,,,,,,,,,,,,,,,,,1,上市,115,,,,,,0,,,,,,,,,,,,,,,,,,1441803,,,,1441242,,0,,9.55,129271,1487176,,,,,,,,,1509771,,,588640,,,2279168,2030443,,,,,,,,,,,,,,,561,459369,543267,0
,,,,-6071657,,,,,,6854,錼創科技-KY創,,,264660,,,,,,,,,,,,,,,,,1,上市,115,-96178,,,,,0,,,,,,,,,,,,,,,,,,3636374,,,,3636374,,608000,,31.06,1213447,4106502,,,,,,,,,1176786,,,1798915,,,8362763,5435289,,,,,,,,,,,,,,,,585468,1328787,0
,,,,740963,,,,,,6861,睿生光電,,,-64079,,,,,,,,,,,,,,,,,1,上市,115,,,,,,,,,,,,,,,,,,,,,,,,1548283,,,,1548283,,0,,37.22,1217977,2606591,,,,,,,,,415992,,,1356206,,,455407,2904489,,,,,,,,,,,,,,,,138229,297898,0
,,,,1320353,,,,,,6862,三集瑞-KY,,,34682,,,,,,,,,,,,,,,,,1,上市,115,,,,,,,,,,,,,,,,,,,,,,,,3127933,,,,3127933,,0,,62.56,1363565,3080792,,,,,,,,,500000,,,2438059,,,1272898,5565992,,,,,,,,,,,,,,,,1074494,2485200,0
,,,,1085645,,,,,,6863,永道-KY,,,64594,,,,,,,,,,,,,,,,,1,上市,115,,,,,,,,,,,,,,,,,,,,,,,,6181348,,,,6180200,,0,,82.53,2474763,5096074,,,,,,,,,748880,,,3582789,,,4281081,9764137,,,,,,,,,,,,,,,1148,1108026,4668063,0
,,,,418317,,,,,,6869,雲豹能源,,,-24063,,,,,,,,,,,,,,,,,1,上市,115,-546273,,,,,0,,,,,,,,,,,,,,,,,,5054287,,,,4402861,,4480000,,33.02,5931441,5566200,,,,,,,,,1378300,,,10657193,,,3176580,15711480,,,,,,,,,,,,,,,651426,4725752,10145280,0
,,,,1718514,,,,,,6873,泓德能源,,,285138,,,,,,,,,,,,,,,,,1,上市,115,,,,,,0,,,,,,,,,,,,,,,,,,12403581,,,,10813089,,0,,75.80,10209727,12615660,,,,,,,,,1426491,,,21554976,,,7382946,33958557,,,,,,,,,,,,,,,1590492,11345249,21342897,0
,,,,-1086466,,,,,,6885,全福生技,,,-13260,,,,,,,,,,,,,,,,,1,上市,115,,,,,,0,,,,,,,,,,,,,,,,,,1681058,,,,1593094,,0,,11.98,41113,1123451,,,,,,,,,1330190,,,47111,,,1362630,1728169,,,,,,,,,,,,,,,87964,5998,604718,0
,,,,778239,,,,,,6887,寶綠特-KY,,,99395,,,,,,,,,,,,,,,,,1,上市,115,,,,,,0,,,,,,,,,,,,,,,,,,2962752,,,,2962752,,0,,39.96,2061922,3944924,,,,,,,,,741515,,,2160403,,,1343603,5123155,,,,,,,,,,,,,,,,98481,1178231,0
,,,,7230453,,,,,,6890,來億-KY,,,-749307,,,,,,,,,,,,,,,,,1,上市,115,,,,,,0,,,,,,,,,,,,,,,,,,25725201,,,,24727759,,0,,99.15,4046468,21215875,,,,,,,,,2494000,,,9412742,,,15752613,35137943,,,,,,,,,,,,,,,997442,5366274,13922068,0
,,,,-2548704,,,,,,6901,鑽石投資,,,,,,,,,,,,,,,,,,,,1,上市,115,,,,,,,,,,,,,,,,,,,,,,,,8867383,,,,,,0,,10.40,61616,3753329,,,,,,,,,8528600,,,124302,,,2887487,8991685,,,,,,,,,,,,,,,,62686,5238356,0
,,,,-21508,,,,,,6902,GOGOLOOK,,,651,,,,,,,,,,,,,,,,,1,上市,115,,,,,,0,,,,,,,,,,,,,,,,,,757129,,,,757129,,0,,21.41,463883,1078196,,,,,,,,,353589,,,573834,,,424397,1330963,,,,,,,,,,,,,,,,109951,252767,0
,,,,129234,,,,,,6906,現觀科,,,3694,,,,,,,,,,,,,,,,,1,上市,115,-181485,,,,,0,,,,,,,,,,,,,,,,,,748042,,,,748042,,1300000,,23.20,235665,973521,,,,,,,,,335374,,,244741,,,461225,992783,,,,,,,,,,,,,,,,9076,19262,0
,,,,35992,,,,,,6908,宏碁遊戲-創,0,,34317,,,,,,,,,,,,,,,,,1,上市,115,,,,,,0,,,,,,,,,,,,,,,,,,1998292,,,,1267505,,0,,34.09,1324811,2169118,,,,,,,,,371800,,,1556612,,,825396,3554904,,,,,,,,,,,,,,,730787,231801,1385786,0
,,,,113389,,,,,,6909,創控,,,-7190,,,,,,,,,,,,,,,,,1,上市,115,,,,,,0,,,,,,,,,,,,,,,,,,1012103,,,,,,0,,15.06,204063,1107946,,,,,,,,,672222,,,224217,,,233682,1236320,,,,,,,,,,,,,,,,20154,128374,0
,,,,1148950,,,,,,6914,阜爾運通,,,1126,,,,,,,,,,,,,,,,,1,上市,115,,,,,,,,,,,,,,,,,,,,,,,,3452477,,,,3452477,,0,,52.13,3075526,2260924,,,,,,,,,662260,,,7614684,,,1640141,11067161,,,,,,,,,,,,,,,,4539158,8806237,0
,,,,134194,,,,,,6916,華凌,,,30467,,,,,,,,,,,,,,,,,1,上市,115,,,,,,,,,,,,,,,,,,,,,,,,1031374,,,,1025964,,0,,15.20,1147511,1265931,,,,,,,,,675000,,,1450378,,,186303,2481752,,,,,,,,,,,,,,,5410,302867,1215821,0
,,,,275756,,,,,,6918,愛派司,,,13910,,,,,,,,,,,,,,,,,1,上市,115,-43937,,,,,0,,,,,,,,,,,,,,,,,,1143698,,,,1140743,,500000,,33.48,380831,1203027,,,,,,,,,345710,,,542764,,,549304,1686462,,,,,,,,,,,,,,,2955,161933,483435,0
,,,,-27712,,,,,,6919,康霈*,,,-525356,,,,,,,,,,,,,,,,,1,上市,115,-130521,,,,,0,,,,,,,,,,,,,,,,,,9362838,,,,9362838,,901000,,6.02,111245,5029205,,,,,,,,,778634,,,173792,,,9267793,9536630,,,,,,,,,,,,,,,,62547,4507425,0
,,,,-81694,,,,,,6921,嘉雨思-創,,,0,,,,,,,,,,,,,,,,,1,上市,115,,,,,,,,,,,,,,,,,,,,,,,,279701,,,,,,0,,8.79,15212,170459,,,,,,,,,318369,,,15212,,,43026,294913,,,,,,,,,,,,,,,,,124454,0
,,,,584695,,,,,,6923,中台,,,-52946,,,,,,,,,,,,,,,,,1,上市,115,,,,,,,,,,,,,,,,,,,,,,,,2714319,,,,2714319,,0,,29.67,540659,536927,,,,,,,,,914880,,,1464869,,,1267690,4179188,,,,,,,,,,,,,,,,924210,3642261,0
,,,,152793,,,,,,6924,榮惠-KY創,,,15746,,,,,,,,,,,,,,,,,1,上市,115,0,,,,,0,,,,,,,,,,,,,,,,,,519381,,,,519381,,0,,25.18,693313,1163404,,,,,,,,,206240,,,714916,,,144602,1234297,,,,,,,,,,,,,,,,21603,70893,0
,,,,45647,,,,,,6928,攸泰科技,,,27776,,,,,,,,,,,,,,,,,1,上市,115,,,,,,0,,,,,,,,,,,,,,,,,,2040041,,,,2040041,,0,,23.72,477170,2199785,,,,,,,,,860000,,,544642,,,1106618,2584683,,,,,,,,,,,,,,,,67472,384898,0
,,,,105863,,,,,,6931,青松健康,,,141,,,,,,,,,,,,,,,,,1,上市,115,,,,,,0,,,,,,,,,,,,,,,,,,1186808,,,,1159648,,0,,17.53,256770,937071,,,,,,,,,661522,,,1436214,,,392122,2623022,,,,,,,,,,,,,,,27160,1179444,1685951,0
,,,,528629,,,,,,6933,AMAX-KY,,,40984,,,,,,,,,,,,,,,,,1,上市,115,,,,,,0,,,,,,,,,,,,,,,,,,2389003,,,,2389003,,0,,56.36,2858081,5046947,,,,,,,,,423848,,,3014996,,,1395542,5403999,,,,,,,,,,,,,,,,156915,357052,0
,,,,-714199,,,,,,6934,心誠鎂,,,229,,,,,,,,,,,,,,,,,1,上市,115,,,,,,0,,,,,,,,,,,,,,,,,,571689,,,,571689,,0,,15.89,48275,534649,,,,,,,,,359728,,,137947,,,925931,709636,,,,,,,,,,,,,,,,89672,174987,0
,,,,485042,,,,,,6936,永鴻生技,,,,,,,,,,,,,,,,,,,,1,上市,115,,,,,,0,,,,,,,,,,,,,,,,,,1395976,,,,,,0,,19.17,301849,1060242,,,,,,,,,728040,,,319761,,,182894,1715737,,,,,,,,,,,,,,,,17912,655495,0
,,,,1105932,,,,,,6937,天虹,,,2937,,,,,,,,,,,,,,,,,1,上市,115,-31962,,,,,0,,,,,,,,,,,,,,,,,,3478473,,,,3432531,,180000,,50.87,819804,2979355,,,,,,,,,676553,,,1044661,,,1679071,4523134,,,,,,,,,,,,,,,45942,224857,1543779,0
,,,,4869825,,,,,,6944,兆聯實業,,,53901,,,,,,,,,,,,,,,,,1,上市,115,,,,,,0,,,,,,,,,,,,,,,,,,8859832,,,,8859832,,0,,115.53,8305817,14742669,,,,,,,,,766879,,,8758959,,,3169227,17618791,,,,,,,,,,,,,,,,453142,2876122,0
,,,,527121,,,,,,6947,台鎔科技,,,,,,,,,,,,,,,,,,,,1,上市,115,,,,,,,,,,,,,,,,,,,,,,,,2247121,,,,2247121,,0,,23.82,1188247,740009,,,,,,,,,943333,,,5323545,,,776667,7570666,,,,,,,,,,,,,,,,4135298,6830657,0
,,,,-1707783,,,,,,6949,沛爾生醫*-創,,,-22,,,,,,,,,,,,,,,,,1,上市,115,-600,,,,,0,,,,,,,,,,,,,,,,,,2922074,,,,2660599,,30000,,40.59,259818,2495035,,,,,,,,,662476,,,368950,,,3706528,3291024,,,,,,,,,,,,,,,261475,109132,795989,667500
,,,,217493,,,,,,6951,青新-創,,,,,,,,,,,,,,,,,,,,1,上市,115,,,,,,0,,,,,,,,,,,,,,,,,,1034188,,,,1034188,,0,,22.48,631705,761922,,,,,,,,,460000,,,659340,,,356695,1693528,,,,,,,,,,,,,,,,27635,931606,0
,,,,347989,,,,,,6952,大武山,0,,,,,,,,,,,,,,,,,,,1,上市,115,-49013,,,,,0,,,,,,,,,,,,,,,,,,1791053,,,,1449536,,1000000,,21.52,1099448,666816,,,,,,,,,683450,,,1979405,,,467110,3770458,,,,,,,,,,,,,,,341517,879957,3103642,0
,,,,110609,,,,,,6955,邦睿生技-創,,,-85,,,,,,,,,,,,,,,,,1,上市,115,,,,,,0,,,,,,,,,,,,,,,,,,628274,,,,628274,,0,,25.33,95428,649126,,,,,,,,,248008,,,98435,,,269742,726709,,,,,,,,,,,,,,,,3007,77583,0
,,,,522216,,,,,,6957,裕慶-KY,,,54062,,,,,,,,,,,,,,,,,1,上市,115,-120160,,,,,,,,,,,,,,,,,,,,,,,2360460,,,,2276693,,684000,,41.52,1395803,2765058,,,,,,,,,555130,,,3045045,,,1265445,5405505,,,,,,,,,,,,,,,83767,1649242,2640447,0
,,,,-36365,,,,,,6958,日盛台駿,,,193412,,,,,,,,,,,,,,,,,1,上市,115,-10685,,,,,,,,,,,,,,,,,,,,,,,10588403,,,,10416260,,623000,,23.53,53587416,49118526,,,,,,,,,4432894,,,64150483,,,5837004,74738886,,,,,,,,,,,,,,,172143,10563067,25620360,0
,,,,9878189,,,,,,6962,奕力-KY,,,90476,,,,,,,,,,,,,,,,,1,上市,115,,,,,,,,,,,,,,,,,,,,,,,,20362281,,,,20362281,,0,,41.35,4725736,12445934,,,,,,,,,4923966,,,5358866,,,5469650,25721147,,,,,,,,,,,,,,,,633130,13275213,0
,,,,5597547,,,,,,6965,中傑-KY,,,-398787,,,,,,,,,,,,,,,,,1,上市,115,,,,,,,,,,,,,,,,,,,,,,,,12443972,,,,12216536,,0,,78.14,4746511,11105922,,,,,,,,,1563360,,,5175449,,,5454416,17619421,,,,,,,,,,,,,,,227436,428938,6513499,0
,,,,-227078,,,,,,6969,成信實業*-創,,,,,,,,,,,,,,,,,,,,1,上市,115,,,,,,0,,,,,,,,,,,,,,,,,,484853,,,,484853,,0,,11.06,182775,309483,,,,,,,,,709197,,,633488,,,2734,1118341,,,,,,,,,,,,,,,,450713,808858,0
,,,,-66082,,,,,,6988,威力暘-創,,,17116,,,,,,,,,,,,,,,,,1,上市,115,-23845,,,,,0,,,,,,,,,,,,,,,,,,713039,,,,713039,,1200000,,15.37,226845,725206,,,,,,,,,476000,,,428821,,,309850,1141860,,,,,,,,,,,,,,,,201976,416654,0
,,,,330593,,,,,,6994,富威電力,,,691,,,,,,,,,,,,,,,,,1,上市,115,-95624,,,,,0,,,,,,,,,,,,,,,,,,2731762,,,,2365138,,1802857,,32.69,2675823,3432366,,,,,,,,,741621,,,4520353,,,1387857,7252115,,,,,,,,,,,,,,,366624,1844530,3819749,0
,,,,792696,,,,,,7610,聯友金屬-創,,,-874,,,,,,,,,,,,,,,,,1,上市,115,,,,,,0,,,,,,,,,,,,,,,,,,2136799,,,,2122844,,0,,43.69,1267996,2527668,,,,,,,,,485855,,,1876768,,,845167,4013567,,,,,,,,,,,,,,,13955,608772,1485899,0
,,,,316093,,,,,,7631,聚賢研發-創,,,-5103,,,,,,,,,,,,,,,,,1,上市,115,,,,,,,,,,,,,,,,,,,,,,,,851305,,,,851305,,0,,42.27,556998,1335645,,,,,,,,,201420,,,716274,,,338895,1567579,,,,,,,,,,,,,,,,159276,231934,0
,,,,620845,,,,,,7689,大鵬科CLMX,,,-294,,,,,,,,,,,,,,,,,1,上市,115,,,,,,,,,,,,,,,,,,,,,,,,1493169,,,,1493169,,0,,28.09,1928163,3207195,,,,,,,,,531643,,,4056380,,,340975,5549549,,,,,,,,,,,,,,,,2128217,2342354,0
,,,,375284,,,,,,7705,三商餐飲,,,-6707,,,,,,,,,,,,,,,,,1,上市,115,,,,,,0,,,,,,,,,,,,,,,,,,1569918,,,,1569918,,0,,23.76,1480033,900349,,,,,,,,,660673,,,2133426,,,540668,3703344,,,,,,,,,,,,,,,0,653393,2802995,0
,,,,993358,,,,,,7711,永擎,,,-10375,,,,,,,,,,,,,,,,,1,上市,115,,,,,,,,,,,,,,,,,,,,,,,,4750662,,,,4750662,,0,,66.23,7539833,12044114,,,,,,,,,717342,,,7550202,,,3050337,12300864,,,,,,,,,,,,,,,0,10369,256750,0
,,,,72065,,,,,,7721,微程式,,,12280,,,,,,,,,,,,,,,,,1,上市,115,,,,,,0,,,,,,,,,,,,,,,,,,1261754,,,,1261754,,0,,22.79,205668,816949,,,,,,,,,553700,,,373710,,,623709,1635464,,,,,,,,,,,,,,,,168042,818515,0
,,,,1633456,,,,,,7722,LINEPAY,,,-11052,,,,,,,,,,,,,,,,,1,上市,115,,,,,,,,,,,,,,,,,,,,,,,,10838152,,,,10838152,,0,,159.38,11954039,22493437,,,,,,,,,680000,,,13143460,,,8535748,23981612,,,,,,,,,,,,,,,,1189421,1488175,0
,,,,352761,,,,,,7730,暉盛-創,,,144,,,,,,,,,,,,,,,,,1,上市,115,0,,,,,,,,,,,,,,,,,,,,,,,969389,,,,969389,,0,,26.34,200035,978312,,,,,,,,,367968,,,298788,,,248516,1268177,,,,,,,,,,,,,,,0,98753,289865,0
,,,,445335,,,,,,7732,金興精密,,,299,,,,,,,,,,,,,,,,,1,上市,115,-40306,,,,,0,,,,,,,,,,,,,,,,,,1768850,,,,1768850,,1000000,,27.78,479109,1202427,,,,,,,,,646800,,,518260,,,716722,2287110,,,,,,,,,,,,,,,,39151,1084683,0
,,,,1958035,,,,,,7736,虎山,,,-10701,,,,,,,,,,,,,,,,,1,上市,115,-45388,,,,,,,,,,,,,,,,,,,,,,,3423800,,,,3423800,,425000,,45.30,744399,2646328,,,,,,,,,760000,,,975609,,,761854,4399409,,,,,,,,,,,,,,,,231210,1753081,0
,,,,425996,,,,,,7740,熙特爾-創,,,-29352,,,,,,,,,,,,,,,,,1,上市,115,,,,,,,,,,,,,,,,,,,,,,,,1739893,,,,1451073,,0,,27.28,4488153,5203962,,,,,,,,,532000,,,4736068,,,522429,6475961,,,,,,,,,,,,,,,288820,247915,1271999,0
,,,,735731,,,,,,7749,意騰-KY,,,14717,,,,,,,,,,,,,,,,,1,上市,115,,,,,,0,,,,,,,,,,,,,,,,,,3936292,,,,3936292,,0,,84.68,414472,3718437,,,,,,,,,464857,,,458152,,,2720987,4394444,,,,,,,,,,,,,,,,43680,676007,0
,,,,4890311,,,,,,7750,新代,,,116730,,,,,,,,,,,,,,,,,1,上市,115,-7125,,,,,,,,,,,,,,,,,,,,,,,11420491,,,,11420491,,95000,,159.18,7514111,17645635,,,,,,,,,718430,,,8960257,,,5702145,20380748,,,,,,,,,,,,,,,,1446146,2735113,0
,,,,617028,,,,,,7760,享溫馨,,,,,,,,,,,,,,,,,,,,1,上市,115,,,,,,,,,,,,,,,,,,,,,,,,1917910,,,,,,0,,31.97,470389,376042,,,,,,,,,600000,,,2583704,,,700882,4501614,,,,,,,,,,,,,,,,2113315,4125572,0
,,,,698842,,,,,,7765,中華資安,,,8492,,,,,,,,,,,,,,,,,1,上市,115,,,,,,,,,,,,,,,,,,,,,,,,2196706,,,,,,0,,54.00,682012,2567338,,,,,,,,,406810,,,735621,,,1082562,2932327,,,,,,,,,,,,,,,,53609,364989,0
,,,,353818,,,,,,7768,頌勝科技,,,13855,,,,,,,,,,,,,,,,,1,上市,115,,,,,,0,,,,,,,,,,,,,,,,,,1981901,,,,1946234,,0,,31.26,1127735,2086244,,,,,,,,,622650,,,2146099,,,955911,4128000,,,,,,,,,,,,,,,35667,1018364,2041756,0
,,,,24533773,,,,,,7769,鴻勁,,,226431,,,,,,,,,,,,,,,,,1,上市,115,-20933,,,,,,,,,,,,,,,,,,,,,,,62718338,,,,62718338,,27000,,348.62,17571555,77286071,,,,,,,,,1799300,,,17867884,,,36179767,80586222,,,,,,,,,,,,,,,,296329,3300151,0
,,,,172038,,,,,,7780,大研生醫*,,,120883,,,,,,,,,,,,,,,,,1,上市,115,,,,,,0,,,,,,,,,,,,,,,,,,5517897,,,,5517897,,0,,6.81,553324,6045545,,,,,,,,,810024,,,597910,,,4414952,6115807,,,,,,,,,,,,,,,,44586,70262,0
,,,,4152174,,,,,,7786,東方風能,,,-64,,,,,,,,,,,,,,,,,1,上市,115,,,,,,0,,,,,,,,,,,,,,,,,,10060016,,,,10060016,,0,,57.17,3964577,3349752,,,,,,,,,1769019,,,6549475,,,4138887,16609491,,,,,,,,,,,,,,,,2584898,13259739,592500
,,,,1534536,,,,,,7788,松川精密,,,45721,,,,,,,,,,,,,,,,,1,上市,115,,,,,,,,,,,,,,,,,,,,,,,,5972787,,,,5970861,,0,,74.87,3373457,6568822,,,,,,,,,797460,,,5034895,,,3593144,11007682,,,,,,,,,,,,,,,1926,1661438,4438860,0
,,,,1010548,,,,,,7791,皇家可口,,,1145788,,,,,,,,,,,,,,,,,1,上市,115,,,,,,,,,,,,,,,,,,,,,,,,3656207,,,,,,0,,45.70,425081,1393648,,,,,,,,,800000,,,560544,,,699871,4216751,,,,,,,,,,,,,,,,135463,2823103,0
,,,,520551,,,,,,7795,長廣,,,-394302,,,,,,,,,,,,,,,,,1,上市,115,,,,,,,,,,,,,,,,,,,,,,,,2812924,,,,2812924,,0,,35.68,1062319,3862664,,,,,,,,,788285,,,1361173,,,1898390,4174097,,,,,,,,,,,,,,,,298854,311433,0
,,,,-539244,,,,,,7799,禾榮科,,,-601042,,,,,,,,,,,,,,,,,1,上市,115,,,,,,0,,,,,,,,,,,,,,,,,,11376279,,,,11376279,,0,,72.00,34213,10455995,,,,,,,,,1579955,,,290333,,,10936610,11666612,,,,,,,,,,,,,,,,256120,1210617,320000
,,,,-395248,,,,,,7803,雲象科技-創,,,-2868,,,,,,,,,,,,,,,,,1,上市,115,,,,,,0,,,,,,,,,,,,,,,,,,538153,,,,538153,,0,,6.06,47228,511901,,,,,,,,,888589,,,81213,,,47680,619366,,,,,,,,,,,,,,,,33985,107465,0
,,,,5359248,,,,,,7818,溢泰實業,,,347135,,,,,,,,,,,,,,,,,1,上市,115,,,,,,,,,,,,,,,,,,,,,,,,8158858,,,,8158858,,0,,54.41,4273710,8213408,,,,,,,,,1499460,,,6434695,,,953015,14593553,,,,,,,,,,,,,,,0,2160985,6380145,0
,,,,314645,,,,,,7821,神數,0,,52890,,,,,,,,,,,,,,,,,1,上市,115,,,,,,0,,,,,,,,,,,,,,,,,,2059203,,,,2059203,,0,,18.82,4747924,6566265,,,,,,,,,1094133,,,5062533,,,597535,7121736,,,,,,,,,,,,,,,,314609,555471,0
,,,,787924,,,,,,7822,倍利科,,,0,,,,,,,,,,,,,,,,,1,上市,115,,,,,,,,,,,,,,,,,,,,,,,,6091415,,,,6079828,,0,,133.44,1582913,7482621,,,,,,,,,455608,,,1628648,,,4836296,7720063,,,,,,,,,,,,,,,11587,45735,237442,0
,,,,-30065,,,,,,7823,奧義賽博-KY創,,,8102,,,,,,,,,,,,,,,,,1,上市,115,,,,,,,,,,,,,,,,,,,,,,,,548668,,,,548668,,0,,16.38,280116,808731,,,,,,,,,334909,,,314759,,,235722,863427,,,,,,,,,,,,,,,,34643,54696,0
,,,,-3378833,,,,,,7827,漢康-KY創,,,-106958,,,,,,,,,,,,,,,,,1,上市,115,0,,,,,0,,,,,,,,,,,,,,,,,,581042,,,,428973,,1000,,3.29,384114,880888,,,,,,,,,1302057,,,384114,,,2612707,965156,,,,,,,,,,,,,,,152069,0,84268,0
,,,,-342013,,,,,,7835,永悅健康-創,,,-34123,,,,,,,,,,,,,,,,,1,上市,115,,,,,,0,,,,,,,,,,,,,,,,,,227731,,,,224808,,0,,5.12,293972,289775,,,,,,,,,439444,,,304289,,,161500,532020,,,,,,,,,,,,,,,2923,10317,242245,0
,,,,4003314,,,,,,7855,和運租車,0,,23081,,,,,,,,,,,,,,,,,1,上市,115,,,,,,0,,,,,,,,,,,,,,,,,,6258330,,,,6002482,,0,,31.18,40567744,6050443,,,,,,,,,1925279,,,54865241,,,50808,61123571,,,,,,,,,,,,,,,255848,14297497,55073128,0
,,,,375822,,,,,,8011,台通,,,6127,,,,,,,,,,,,,,,,,1,上市,115,,,,,,,,,,,,,,,,,,,,,,,,3955448,,,,3257387,,0,,19.63,733945,1475523,,,,,,,,,1659219,,,3169236,,,1216219,7124684,,,,,,,,,,,,,,,698061,2435291,5649161,0
,,,,7976321,,,,,,8016,矽創,,,427852,,,,,,,,,,,,,,,,,1,上市,115,-215947,,,,,,,,,,,,,,,,,,,,,,,15360843,,,,11453884,,2472000,,97.34,7568958,16315655,,,,,,,,,1201369,,,7934322,,,2064289,23295165,,,,,,,,,,,,,,,3906959,365364,6979510,0
,,,,2241502,,,,,,8021,尖點,,,-149927,,,,,,,,,,,,,,,,,1,上市,115,,,,,,,,,,,,,,,,,,,,,,,,6015262,,,,5380752,,0,,37.10,2181662,5642964,,,,,,,,,1450425,,,3259831,,,1838752,9275093,,,,,,,,,,,,,,,634510,1078169,3632129,0
,,,,1181532,,,,,,8028,昇陽半導體,,,,,,,,,,,,,,,,,,,,1,上市,115,,,,,,0,,,,,,,,,,,,,,,,,,5432934,,,,,,0,,30.27,2266985,2930820,,,,,,,,,1794917,,,7375773,,,2456485,12808707,,,,,,,,,,,,,,,,5108788,9877887,0
,,,,-398700,,,,,,8033,雷虎,,,29841,,,,,,,,,,,,,,,,,1,上市,115,,,,,,,,,,,,,,,,,,,,,,,,2111398,,,,1929915,,0,,12.64,862133,1888108,,,,,,,,,1526298,,,1760802,,,772476,3872200,,,,,,,,,,,,,,,181483,898669,1984092,0
,,,,5252274,,,,,,8039,台虹,,,157621,,,,,,,,,,,,,,,,,1,上市,115,,,,,,,,,,,,,,,,,,,,,,,,10625764,,,,10598135,,0,,40.19,4116000,10090538,,,,,,,,,2636690,,,5212295,,,2551550,15838059,,,,,,,,,,,,,,,27629,1096295,5747521,742000
,,,,179619,,,,,,8045,達運光電,,,-7127,,,,,,,,,,,,,,,,,1,上市,115,,,,,,0,,,,,,,,,,,,,,,,,,1933089,,,,1932728,,0,,20.34,753517,1941747,,,,,,,,,950418,,,975825,,,809818,2908914,,,,,,,,,,,,,,,361,222308,967167,0
,,,,22327688,,,,,,8046,南電,,,-208421,,,,,,,,,,,,,,,,,1,上市,115,,,,,,0,,,,,,,,,,,,,,,,,,46706570,,,,46706570,,0,,72.28,8163676,25923065,,,,,,,,,6461655,,,15455246,,,18125648,62161816,,,,,,,,,,,,,,,,7291570,36238751,0
,,,,4486735,,,,,,8070,長華*,,,8021054,,,,,,,,,,,,,,,,,1,上市,115,-786361,,,,,,,,,,,,,,,,,,,,,,,22440258,,,,17677852,,22428088,,25.14,10365387,26759286,,,,,,,,,725648,,,20605742,,,5230776,43046000,,,,,,,,,,,,,,,4762406,10240355,16286714,0
,,,,1420706,,,,,,8072,陞泰,,,7438,,,,,,,,,,,,,,,,,1,上市,115,,,,,,,,,,,,,,,,,,,,,,,,2340210,,,,2245705,,0,,28.07,362597,1708597,,,,,,,,,800000,,,396690,,,17561,2736900,,,,,,,,,,,,,,,94505,34093,1028303,0
,,,,4360492,,,,,,8081,致新,,,643157,,,,,,,,,,,,,,,,,1,上市,115,-50882,,,,,0,,,,,,,,,,,,,,,,,,8726396,,,,7245293,,485433,,84.56,3289967,8526362,,,,,,,,,861721,,,3675700,,,1430805,12402096,,,,,,,,,,,,,,,1481103,385733,3875734,0
,,,,-397903,,,,,,8101,華冠,,,-11686,,,,,,,,,,,,,,,,,1,上市,115,,,,,,,,,,,,,,,,,,,,,,,,274758,,,,249037,,0,,4.75,257343,200481,,,,,,,,,528682,,,332220,,,129944,606978,,,,,,,,,,,,,,,25721,74877,406497,3000000
,,,,1998666,,,,,,8103,瀚荃,,,30404,,,,,,,,,,,,,,,,,1,上市,115,-19764,,,,,,,,,,,,,,,,,,,,,,,3857155,,,,3854195,,425000,,49.41,2292724,4806255,,,,,,,,,784367,,,2807482,,,1060522,6664637,,,,,,,,,,,,,,,2960,514758,1858382,0
,,,,197229,,,,,,8104,錸寶,,,-16024,,,,,,,,,,,,,,,,,1,上市,115,0,,,,,,,,,,,,,,,,,,,,,,,3127803,,,,2815171,,0,,27.05,2408158,2650272,,,,,,,,,1040582,,,5229545,,,1593384,8357348,,,,,,,,,,,,,,,312632,2821387,5707076,0
,,,,1065328,,,,,,8105,凌巨,,,-48170,,,,,,,,,,,,,,,,,1,上市,115,,,,,,,,,,,,,,,,,,,,,,,,8051589,,,,8051589,,0,,18.24,2542344,5147644,,,,,,,,,4415449,,,2769008,,,2618982,10820597,,,,,,,,,,,,,,,,226664,5672953,0
,,,,5569691,,,,,,8110,華東,,,1257872,,,,,,,,,,,,,,,,,1,上市,115,-91099,,,,,,,,,,,,,,,,,,,,,,,12563227,,,,12562538,,5000000,,24.50,3040762,7739604,,,,,,,,,5177399,,,4276713,,,648675,16839940,,,,,,,,,,,,,,,689,1235951,9100336,0
,,,,6464339,,,,,,8112,至上,,,152575,,,,,,,,,,,,,,,,,1,上市,115,-112193,,,,,0,,,,,,,,,,,,,,,,,,20766442,,,,19378117,,3000000,,35.09,76135974,110827396,,,,,,,,,5552917,,,92125380,,,7320479,112891822,,,,,,,,,,,,,,,1388325,15989406,2064426,0
,,,,4509664,,,,,,8114,振樺電,,,-46596,,,,,,,,,,,,,,,,,1,上市,115,,,,,,0,,,,,,,,,,,,,,,,,,15473657,,,,10702511,,0,,99.49,5771803,12455497,,,,,,,,,1076409,,,6506472,,,5163034,21980129,,,,,,,,,,,,,,,4771146,734669,9524632,690
,,,,5966758,,,,,,8131,福懋科,,,-197595,,,,,,,,,,,,,,,,,1,上市,115,,,,,,0,,,,,,,,,,,,,,,,,,12603071,,,,,,0,,28.50,1987699,10084552,,,,,,,,,4422222,,,2470053,,,2411686,15073124,,,,,,,,,,,,,,,,482354,4988572,0
,,,,11566394,,,,,,8150,南茂,,,244457,,,,,,,,,,,,,,,,,1,上市,115,-128115,,,,,0,,,,,,,,,,,,,,,,,,24607286,,,,24607286,,4540000,,35.15,9986027,24338841,,,,,,,,,7045231,,,20223938,,,5879319,44831224,,,,,,,,,,,,,,,,10237911,20492383,0
,,,,439895,,,,,,8162,微矽電子-創,,,-1365,,,,,,,,,,,,,,,,,1,上市,115,,,,,,0,,,,,,,,,,,,,,,,,,1387972,,,,,,0,,20.20,480340,680299,,,,,,,,,687020,,,1144130,,,262422,2532102,,,,,,,,,,,,,,,,663790,1851803,0
,,,,3520663,,,,,,8163,達方,,,-141600,,,,,,,,,,,,,,,,,1,上市,115,-89024,,,,,0,,,,,,,,,,,,,,,,,,12728323,,,,10166435,,4000000,,36.83,15085268,20417805,,,,,,,,,2800000,,,20413316,,,4076396,33141639,,,,,,,,,,,,,,,2561888,5328048,12723834,0
,,,,-222547,,,,,,8201,無敵,,,48310,,,,,,,,,,,,,,,,,1,上市,115,,,,,,,,,,,,,,,,,,,,,,,,449426,,,,449426,,0,,7.21,128269,436589,,,,,,,,,623663,,,165064,,,0,614490,,,,,,,,,,,,,,,,36795,177901,0
,,,,9679818,,,,,,8210,勤誠,,,-107126,,,,,,,,,,,,,,,,,1,上市,115,,,,,,0,,,,,,,,,,,,,,,,,,12835314,,,,12614414,,0,,100.66,10946624,19385684,,,,,,,,,1253192,,,13761114,,,1788530,26596428,,,,,,,,,,,,,,,220900,2814490,7210744,0
,,,,10676595,,,,,,8213,志超,,,307882,,,,,,,,,,,,,,,,,1,上市,115,,,,,,0,,,,,,,,,,,,,,,,,,17224382,,,,16572596,,0,,61.10,14041519,24275343,,,,,,,,,2712425,,,16543308,,,2875694,33767690,,,,,,,,,,,,,,,651786,2501789,9492347,0
,,,,1440047,,,,,,8215,明基材,,,48334,,,,,,,,,,,,,,,,,1,上市,115,,,,,,0,,,,,,,,,,,,,,,,,,7328233,,,,4888835,,0,,15.25,8278605,8661587,,,,,,,,,3206745,,,15716133,,,193709,23044366,,,,,,,,,,,,,,,2439398,7437528,14382779,0
,,,,187464,,,,,,8222,寶一,,,0,,,,,,,,,,,,,,,,,1,上市,115,,,,,,,,,,,,,,,,,,,,,,,,926463,,,,,,0,,13.51,553253,1130042,,,,,,,,,685735,,,1240916,,,53264,2167379,,,,,,,,,,,,,,,,687663,1037337,0
,,,,2120429,,,,,,8249,菱光,,,1667981,,,,,,,,,,,,,,,,,1,上市,115,-95155,,,,,0,,,,,,,,,,,,,,,,,,6194705,,,,6193894,,2837800,,45.89,2856281,4390561,,,,,,,,,1378245,,,3026562,,,1122394,9221267,,,,,,,,,,,,,,,811,170281,4830706,0
,,,,1986028,,,,,,8261,富鼎,,,-69006,,,,,,,,,,,,,,,,,1,上市,115,,,,,,,,,,,,,,,,,,,,,,,,6121810,,,,6121225,,0,,51.49,771793,5849399,,,,,,,,,1188784,,,776596,,,3015419,6898406,,,,,,,,,,,,,,,585,4803,1049007,0
,,,,3997686,,,,,,8271,宇瞻,,,-63914,,,,,,,,,,,,,,,,,1,上市,115,,,,,,0,,,,,,,,,,,,,,,,,,6446679,,,,6313799,,0,,49.28,8773781,13874285,,,,,,,,,1281292,,,9043398,,,1098735,15490077,,,,,,,,,,,,,,,132880,269617,1615792,0
,,,,1146166,,,,,,8341,日友,,,66971,,,,,,,,,,,,,,,,,1,上市,115,,,,,,0,,,,,,,,,,,,,,,,,,5541937,,,,5101564,,0,,39.24,1891529,2233932,,,,,,,,,1300000,,,4779515,,,2588427,10321452,,,,,,,,,,,,,,,440373,2887986,8087520,0
,,,,1532291,,,,,,8367,建新國際,,,-19290,,,,,,,,,,,,,,,,,1,上市,115,,,,,,,,,,,,,,,,,,,,,,,,4611744,,,,3237205,,0,,35.12,3003495,2198186,,,,,,,,,921720,,,13295617,,,802484,17907361,,,,,,,,,,,,,,,1374539,10292122,15709175,0
,,,,519733,,,,,,8374,羅昇,,,-328,,,,,,,,,,,,,,,,,1,上市,115,,,,,,0,,,,,,,,,,,,,,,,,,2966515,,,,2021135,,0,,18.01,1810402,3346140,,,,,,,,,1122505,,,2514455,,,379225,5480970,,,,,,,,,,,,,,,945380,704053,2134830,0
,,,,2292287,,,,,,8404,百和興業-KY,,,-316306,,,,,,,,,,,,,,,,,1,上市,115,,,,,,,,,,,,,,,,,,,,,,,,7259264,,,,7258674,,0,,17.29,9077319,8271465,,,,,,,,,4199338,,,14230969,,,1083355,21490233,,,,,,,,,,,,,,,590,5153650,13218768,0
,,,,1750049,,,,,,8411,福貞-KY,,,-443438,,,,,,,,,,,,,,,,,1,上市,115,,,,,,0,,,,,,,,,,,,,,,,,,6227913,,,,6080532,,0,,27.84,4777607,5684691,,,,,,,,,2184043,,,7266361,,,2589878,13494274,,,,,,,,,,,,,,,147381,2488754,7809583,0
,,,,5060869,,,,,,8422,可寧衛*,,,-15355,,,,,,,,,,,,,,,,,1,上市,115,,,,,,,,,,,,,,,,,,,,,,,,12458506,,,,11409216,,0,,9.51,4146746,6590198,,,,,,,,,1357392,,,11611890,,,5006310,24070396,,,,,,,,,,,,,,,1049290,7465144,17480198,0
,,,,3301256,,,,,,8429,金麗-KY,,,-186824,,,,,,,,,,,,,,,,,1,上市,115,,,,,,,,,,,,,,,,,,,,,,,,6589865,,,,6589356,,0,,35.47,117525,6432445,,,,,,,,,1857472,,,709911,,,1617452,7299776,,,,,,,,,,,,,,,509,592386,867331,0
,,,,695612,,,,,,8438,昶昕,,,-11521,,,,,,,,,,,,,,,,,1,上市,115,,,,,,,,,,,,,,,,,,,,,,,,2004337,,,,2004337,,0,,28.66,924990,1379779,,,,,,,,,699430,,,1146086,,,620816,3150423,,,,,,,,,,,,,,,,221096,1770644,0
,,,,1359226,,,,,,8442,威宏-KY,,,17942,,,,,,,,,,,,,,,,,1,上市,115,,,,,,0,,,,,,,,,,,,,,,,,,3628724,,,,3628724,,0,,51.71,3304700,5623110,,,,,,,,,701698,,,4004645,,,1549858,7633369,,,,,,,,,,,,,,,,699945,2010259,0
,,,,-121917,,,,,,8443,阿瘦,,,,,,,,,,,,,,,,,,,,1,上市,115,,,,,,0,,,,,,,,,,,,,,,,,,642305,,,,642305,,0,,9.62,630644,751660,,,,,,,,,668000,,,900582,,,96222,1542887,,,,,,,,,,,,,,,0,269938,791227,0
,,,,6142704,,,,,,8454,富邦媒,,,-167387,,,,,,,,,,,,,,,,,1,上市,115,,,,,,,,,,,,,,,,,,,,,,,,10433358,,,,10348649,,0,,39.06,14414518,10815454,,,,,,,,,2649753,,,16389804,,,1723579,26823162,,,,,,,,,,,,,,,84709,1975286,16007708,0
,,,,1014517,,,,,,8462,柏文,,,-30565,,,,,,,,,,,,,,,,,1,上市,115,0,,,,,6000,,,,,,,,,,,,,,,,,,2725124,,,,2711391,,0,,34.20,3161235,2261807,,,,,,,,,803867,,,9648191,,,923572,12373315,,,,,,,,,,,,,,,13733,6486956,10111508,0
,,,,482106,,,,,,8463,潤泰材,,,-257160,,,,,,,,,,,,,,,,,1,上市,115,,,,,,0,,,,,,,,,,,,,,,,,,3133559,,,,2470964,,0,,16.47,3703619,3583127,,,,,,,,,1500000,,,6907900,,,746018,10041459,,,,,,,,,,,,,,,662595,3204281,6458332,0
,,,,19072618,,,,,,8464,億豐,,,708234,,,,,,,,,,,,,,,,,1,上市,115,,,,,,,,,,,,,,,,,,,,,,,,27769291,,,,27283061,,0,,93.11,11007979,27155869,,,,,,,,,2930202,,,14807659,,,4572007,42576950,,,,,,,,,,,,,,,486230,3799680,15421081,0
,,,,648505,,,,,,8466,美吉吉-KY,,,16171,,,,,,,,,,,,,,,,,1,上市,115,-21450,,,,,,,,,,,,,,,,,,,,,,,3038124,,,,3038124,,380000,,38.24,1016402,3078886,,,,,,,,,798256,,,3271933,,,1596642,6310057,,,,,,,,,,,,,,,,2255531,3231171,0
,,,,1267029,,,,,,8467,波力-KY,,,-83995,,,,,,,,,,,,,,,,,1,上市,115,0,,,,,,,,,,,,,,,,,,,,,,,2553894,,,,2561105,,0,,52.94,1454803,2770379,,,,,,,,,483736,,,2032580,,,894335,4586474,,,,,,,,,,,,,,,-7211,577777,1816095,0
,,,,797846,,,,,,8473,山林水,,,-102460,,,,,,,,,,,,,,,,,1,上市,115,,,,,,0,,,,,,,,,,,,,,,,,,8458474,,,,7054241,,0,,38.93,4778686,7447014,,,,,,,,,1811985,,,8323769,,,4546870,16782243,,,,,,,,,,,,,,,1404233,3545083,9335229,0
,,,,639378,,,,,,8476,台境*,,,-13561,,,,,,,,,,,,,,,,,1,上市,115,-108372,,,,,0,,,,,,,,,,,,,,,,,,1839620,,,,1801041,,4952000,,11.52,2155428,3433683,,,,,,,,,831132,,,2316566,,,452464,4156186,,,,,,,,,,,,,,,38579,161138,722503,0
,,,,4940496,,,,,,8478,東哥遊艇,,,374218,,,,,,,,,,,,,,,,,1,上市,115,0,,,,,,,,,,,,,,,,,,,,,,,9561588,,,,9561588,,0,,101.75,2296971,11262242,,,,,,,,,939723,,,5614873,,,3307151,15176461,,,,,,,,,,,,,,,,3317902,3914219,0
,,,,811355,,,,,,8481,政伸,,,12364,,,,,,,,,,,,,,,,,1,上市,115,,,,,,,,,,,,,,,,,,,,,,,,1636633,,,,1636633,,0,,24.57,354742,1436797,,,,,,,,,666019,,,362098,,,146895,1998731,,,,,,,,,,,,,,,,7356,561934,0
,,,,1287263,,,,,,8482,商億-KY,,,-146567,,,,,,,,,,,,,,,,,1,上市,115,-262436,,,,,,,,,,,,,,,,,,,,,,,3299342,,,,3221439,,2361000,,30.66,1272891,2085471,,,,,,,,,1074440,,,1300768,,,1268739,4600110,,,,,,,,,,,,,,,77903,27877,2514639,0
,,,,257639,,,,,,8487,愛爾達-創,,,,,,,,,,,,,,,,,,,,1,上市,115,,,,,,,,,,,,,,,,,,,,,,,,738665,,,,,,0,,27.84,558058,1249615,,,,,,,,,265350,,,634303,,,215676,1372968,,,,,,,,,,,,,,,,76245,123353,0
,,,,282320,,,,,,8488,吉源-KY,,,-299232,,,,,,,,,,,,,,,,,1,上市,115,,,,,,0,,,,,,,,,,,,,,,,,,2412406,,,,2412406,,0,,32.82,3006398,2803515,,,,,,,,,735000,,,3030168,,,1694318,5442574,,,,,,,,,,,,,,,,23770,2639059,0
,,,,2743889,,,,,,8499,鼎炫-KY,,,216303,,,,,,,,,,,,,,,,,1,上市,115,,,,,,,,,,,,,,,,,,,,,,,,12564213,,,,8557694,,0,,207.88,2713320,9689284,,,,,,,,,411656,,,4122668,,,5185846,16686881,,,,,,,,,,,,,,,4006519,1409348,6997597,0
,,,,7278464,,,,,,8926,台汽電,,,-42774,,,,,,,,,,,,,,,,,1,上市,115,,,,,,,,,,,,,,,,,,,,,,,,28525048,,,,17441583,,0,,23.88,15258593,25838478,,,,,,,,,7302820,,,50673668,,,2903073,79198716,,,,,,,,,,,,,,,11083465,35415075,53360238,0
,,,,50132,,,,,,8940,新天地,,,,,,,,,,,,,,,,,,,,1,上市,115,,,,,,,,,,,,,,,,,,,,,,,,956420,,,,852505,,0,,12.63,443992,492242,,,,,,,,,674910,,,1210171,,,127463,2166591,,,,,,,,,,,,,,,103915,766179,1674349,0
,,,,1971324,,,,,,8996,高力,,,205437,,,,,,,,,,,,,,,,,1,上市,115,-118088,,,,,,,,,,,,,,,,,,,,,,,4645778,,,,4638570,,500000,,49.94,3808253,6117858,,,,,,,,,933874,,,4255580,,,1646023,8901358,,,,,,,,,,,,,,,7208,447327,2783500,0
,,,,5679710,,,,,,9802,鈺齊-KY,,,-734264,,,,,,,,,,,,,,,,,1,上市,115,0,,,,,,,,,,,,,,,,,,,,,,,13576873,,,,13560991,,0,,67.47,7184590,9114615,,,,,,,,,2009917,,,8578124,,,6605628,22154997,,,,,,,,,,,,,,,15882,1393534,13040382,0
,,,,187517,,,,,,9902,台火,,,0,,,,,,,,,,,,,,,,,1,上市,115,,,,,,,,,,,,,,,,,,,,,,,,1220196,,,,1217562,,0,,12.42,52006,623549,,,,,,,,,980496,,,85502,,,49549,1305698,,,,,,,,,,,,,,,2634,33496,682149,0
,,,,134172675,,,,,,9904,寶成,,,-16872422,,,,,,,,,,,,,,,,,1,上市,115,,,,,,,,,,,,,,,,,,,,,,,,234383548,,,,151317116,,0,,51.35,107502469,160479699,,,,,,,,,29467872,,,140292608,,,4548991,374676156,,,,,,,,,,,,,,,83066432,32790139,214196457,0
,,,,4535465,,,,,,9905,大華,,,845185,,,,,,,,,,,,,,,,,1,上市,115,0,,,,,0,,,,,,,,,,,,,,,,,,8726692,,,,8455081,,0,,27.72,2845823,9976288,,,,,,,,,3050000,,,3342134,,,24431,12068826,,,,,,,,,,,,,,,271611,496311,2092538,0
,,,,369051,,,,,,9906,欣巴巴,,,0,,,,,,,,,,,,,,,,,1,上市,115,,,,,,,,,,,,,,,,,,,,,,,,1487967,,,,1487967,,0,,16.46,5617273,8659785,,,,,,,,,903763,,,7219023,,,215153,8706990,,,,,,,,,,,,,,,,1601750,47205,0
,,,,6862627,,,,,,9907,統一實,,,-638033,,,,,,,,,,,,,,,,,1,上市,115,,,,,,0,,,,,,,,,,,,,,,,,,23142171,,,,22249081,,0,,14.09,6422995,14739658,,,,,,,,,15791453,,,11222031,,,233034,34364202,,,,,,,,,,,,,,,893090,4799036,19624544,0
,,,,6149573,,,,,,9908,大台北,,,3352032,,,,,,,,,,,,,,,,,1,上市,115,-17944,,,,,,,,,,,,,,,,,,,,,,,16314859,,,,14776412,,15493101,,29.50,2407190,8326906,,,,,,,,,5163580,,,5824661,,,129171,22139520,,,,,,,,,,,,,,,1538447,3417471,13812614,0
,,,,17451363,,,,,,9910,豐泰,,,-615446,,,,,,,,,,,,,,,,,1,上市,115,,,,,,,,,,,,,,,,,,,,,,,,28583109,,,,26757915,,0,,27.10,14631896,24566433,,,,,,,,,9874828,,,23618799,,,47170,52201908,,,,,,,,,,,,,,,1825194,8986903,27635475,0
,,,,3731439,,,,,,9911,櫻花,,,73256,,,,,,,,,,,,,,,,,1,上市,115,-21248,,,,,,,,,,,,,,,,,,,,,,,6350808,,,,6248467,,2312932,,28.39,4362074,6315928,,,,,,,,,2223896,,,5091595,,,241124,11442403,,,,,,,,,,,,,,,102341,729521,5126475,0
,,,,-114303,,,,,,9912,偉聯,,,-92268,,,,,,,,,,,,,,,,,1,上市,115,,,,,,,,,,,,,,,,,,,,,,,,380863,,,,369157,,0,,6.81,408084,393001,,,,,,,,,541706,,,435692,,,34022,816555,,,,,,,,,,,,,,,11706,27608,423554,0
,,,,15419332,,,,,,9914,美利達,,,358174,,,,,,,,,,,,,,,,,1,上市,115,,,,,,,,,,,,,,,,,,,,,,,,20464861,,,,20026130,,0,,66.98,11726544,16669153,,,,,,,,,2989838,,,15729956,,,1258786,36194817,,,,,,,,,,,,,,,438731,4003412,19525664,0
,,,,9056369,,,,,,9917,中保科,,,-231409,,,,,,,,,,,,,,,,,1,上市,115,-215966,,,,,0,,,,,,,,,,,,,,,,,,14901030,,,,14322870,,7145805,,32.25,10065071,11309965,,,,,,,,,4511971,,,16702171,,,1201905,31603201,,,,,,,,,,,,,,,578160,6637100,20293236,0
,,,,1307627,,,,,,9918,欣天然,,,0,,,,,,,,,,,,,,,,,1,上市,115,-46828,,,,,0,,,,,,,,,,,,,,,,,,3153600,,,,3153600,,2527863,,17.72,1221690,2208216,,,,,,,,,1805375,,,2759175,,,87426,5912775,,,,,,,,,,,,,,,0,1537485,3704559,0
,,,,-53349,,,,,,9919,康那香,,,88326,,,,,,,,,,,,,,,,,1,上市,115,,,,,,0,,,,,,,,,,,,,,,,,,2015594,,,,2015594,,0,,10.32,1270417,2663204,,,,,,,,,1953628,,,3906017,,,26989,5921611,,,,,,,,,,,,,,,,2635600,3258407,0
,,,,26040881,,,,,,9921,巨大,,,-430327,,,,,,,,,,,,,,,,,1,上市,115,,,,,,,,,,,,,,,,,,,,,,,,37431545,,,,34337365,,0,,87.58,28731484,48200680,,,,,,,,,3920654,,,34909460,,,4806157,72341005,,,,,,,,,,,,,,,3094180,6177976,24140325,0
,,,,4717924,,,,,,9924,福興,,,-50658,,,,,,,,,,,,,,,,,1,上市,115,,,,,,0,,,,,,,,,,,,,,,,,,6795007,,,,6741997,,0,,44.72,1890069,4386407,,,,,,,,,1507617,,,2197649,,,567114,8992656,,,,,,,,,,,,,,,53010,307580,4606249,0
,,,,6187570,,,,,,9925,新保,,,3338896,,,,,,,,,,,,,,,,,1,上市,115,-39521,,,,,,,,,,,,,,,,,,,,,,,14750359,,,,13520122,,3283811,,35.19,5163112,10623768,,,,,,,,,3874896,,,5707072,,,158281,20457431,,,,,,,,,,,,,,,1230237,543960,9833663,0
,,,,1860704,,,,,,9926,新海,,,803563,,,,,,,,,,,,,,,,,1,上市,115,,,,,,,,,,,,,,,,,,,,,,,,4459308,,,,4459308,,0,,24.84,2488202,3987498,,,,,,,,,1795041,,,4816942,,,,9276250,,,,,,,,,,,,,,,,2328740,5288752,0
,,,,3442388,,,,,,9927,泰銘,,,-431128,,,,,,,,,,,,,,,,,1,上市,115,,,,,,,,,,,,,,,,,,,,,,,,5215501,,,,5186590,,0,,43.22,1225324,5724771,,,,,,,,,1200000,,,1523365,,,975330,6738866,,,,,,,,,,,,,,,28911,298041,1014095,0
,,,,1010562,,,,,,9928,中視,,,322382,,,,,,,,,,,,,,,,,1,上市,115,,,,,,,,,,,,,,,,,,,,,,,,2108074,,,,2108046,,0,,29.81,1734964,302247,,,,,,,,,707246,,,3178680,,,67856,5286754,,,,,,,,,,,,,,,28,1443716,4984507,0
,,,,-43144,,,,,,9929,秋雨,,,-147832,,,,,,,,,,,,,,,,,1,上市,115,,,,,,,,,,,,,,,,,,,,,,,,855662,,,,826169,,0,,8.16,363773,585726,,,,,,,,,1012800,,,976676,,,4345,1832338,,,,,,,,,,,,,,,29493,612903,1246612,0
,,,,4383257,,,,,,9930,中聯資源,,,-124275,,,,,,,,,,,,,,,,,1,上市,115,,,,,,,,,,,,,,,,,,,,,,,,7149094,,,,6906784,,0,,27.79,2259888,3025955,,,,,,,,,2485404,,,4393721,,,162398,11542815,,,,,,,,,,,,,,,242310,2133833,8516860,0
,,,,1468617,,,,,,9931,欣高,,,750248,,,,,,,,,,,,,,,,,1,上市,115,,,,,,0,,,,,,,,,,,,,,,,,,3541306,,,,3452671,,0,,28.68,2304625,2496424,,,,,,,,,1203693,,,3400234,,,30113,6941540,,,,,,,,,,,,,,,88635,1095609,4445116,0
,,,,6951132,,,,,,9933,中鼎,,,-1876277,,,,,,,,,,,,,,,,,1,上市,115,-11835,,,,,1071839,,,,,,,,,,,,,,,,,,25813760,,,,20761287,,1383632,,23.12,82656832,85054850,,,,,,,,,8993381,,,114248656,,,6704886,140062416,,,,,,,,,,,,,,,5052473,31591824,55007566,0
,,,,1270484,,,,,,9934,成霖,,,-64108,,,,,,,,,,,,,,,,,1,上市,115,,,,,,,,,,,,,,,,,,,,,,,,6313172,,,,6313172,,0,,15.36,6401709,10184466,,,,,,,,,4110170,,,9818930,,,996626,16132102,,,,,,,,,,,,,,,,3417221,5947636,0
,,,,781787,,,,,,9935,慶豐富,,,-40970,,,,,,,,,,,,,,,,,1,上市,115,-41186,,,,,,,,,,,,,,,,,,,,,,,2589118,,,,2589118,,1998000,,14.72,3844659,4101731,,,,,,,,,1778389,,,5772111,,,111098,8361229,,,,,,,,,,,,,,,,1927452,4259498,0
,,,,2889768,,,,,,9937,全國,,,-2046,,,,,,,,,,,,,,,,,1,上市,115,,,,,,,,,,,,,,,,,,,,,,,,6002219,,,,6002219,,0,,19.42,5849166,2757447,,,,,,,,,3090430,,,7850043,,,24067,13852262,,,,,,,,,,,,,,,0,2000877,11094815,0
,,,,8962830,,,,,,9938,百和,,,185114,,,,,,,,,,,,,,,,,1,上市,115,,,,,,,,,,,,,,,,,,,,,,,,16545353,,,,12903592,,0,,43.31,11813151,14032321,,,,,,,,,2979639,,,19207493,,,776009,35752846,,,,,,,,,,,,,,,3641761,7394342,21720525,0
,,,,11110616,,,,,,9939,宏全,,,-1896026,,,,,,,,,,,,,,,,,1,上市,115,,,,,,,,,,,,,,,,,,,,,,,,19411109,,,,18998109,,0,,64.23,15334754,15830282,,,,,,,,,2957865,,,28356250,,,6825654,47767359,,,,,,,,,,,,,,,413000,13021496,31937077,0
,,,,5961446,,,,,,9940,信義,,,-112660,,,,,,,,,,,,,,,,,1,上市,115,,,,,,,,,,,,,,,,,,,,,,,,13414944,,,,13281366,,0,,18.02,4204969,16303412,,,,,,,,,7368465,,,17352956,,,64115,30767900,,,,,,,,,,,,,,,133578,13147987,14464488,0
,,,,20541465,,,,,,9941,裕融,,,2376,,,,,,,,,,,,,,,,,1,上市,115,,,,,,,,,,,,,,,,,,,,,,,,42210529,,,,41836456,,0,,61.92,237208150,235100426,,,,,,,,,6756363,,,244513555,,,14536252,286724084,,,,,,,,,,,,,,,374073,7305405,51623658,0
,,,,3555835,,,,,,9942,茂順,,,-74010,,,,,,,,,,,,,,,,,1,上市,115,,,,,,0,,,,,,,,,,,,,,,,,,4532184,,,,4528181,,0,,54.45,986902,3502057,,,,,,,,,831613,,,1477893,,,214743,6010077,,,,,,,,,,,,,,,4003,490991,2508020,0
,,,,2451170,,,,,,9943,好樂迪,,,-56022,,,,,,,,,,,,,,,,,1,上市,115,0,,,,,0,,,,,,,,,,,,,,,,,,3671558,,,,3647147,,0,,29.14,1068681,1542112,,,,,,,,,1251715,,,2092827,,,284,5764385,,,,,,,,,,,,,,,24411,1024146,4222273,0
,,,,2060605,,,,,,9944,新麗,,,114050,,,,,,,,,,,,,,,,,1,上市,115,0,,,,,,,,,,,,,,,,,,,,,,,3529091,,,,3458240,,0,,32.65,1568744,2917115,,,,,,,,,1059081,,,2336741,,,224504,5865832,,,,,,,,,,,,,,,70851,767997,2948717,0
,,,,112328348,,,,,,9945,潤泰新,,,-45202158,,,,,,,,,,,,,,,,,1,上市,115,-226335,,,,,0,,,,,,,,,,,,,,,,,,121643319,,,,113163170,,24608093,,40.13,31229259,56821154,,,,,,,,,28442251,,,85163985,,,17821064,206807304,,,,,,,,,,,,,,,8480149,53934726,149986150,0
,,,,3737778,,,,,,9946,三發地產,,,106905,,,,,,,,,,,,,,,,,1,上市,115,-44948,,,,,0,,,,,,,,,,,,,,,,,,7101017,,,,7101017,,2130000,,21.89,7136334,15819259,,,,,,,,,3265542,,,10338316,,,35740,17439333,,,,,,,,,,,,,,,,3201982,1620074,0
,,,,-763152,,,,,,9955,佳龍,,,-27190,,,,,,,,,,,,,,,,,1,上市,115,,,,,,,,,,,,,,,,,,,,,,,,1245086,,,,1245086,,0,,11.92,445695,763527,,,,,,,,,1044246,,,1813425,,,991182,3058511,,,,,,,,,,,,,,,,1367730,2294984,0
,,,,1971646,,,,,,9958,世紀鋼,,,-68473,,,,,,,,,,,,,,,,,1,上市,115,,,,,,,,,,,,,,,,,,,,,,,,24774544,,,,11467975,,0,,46.45,19309253,23815943,,,,,,,,,2468967,,,24635619,,,7095835,49410163,,,,,,,,,,,,,,,13306569,5326366,25594220,0
