保留盈餘,保留盈餘（或累積虧損）,公司代號,公司名稱,共同控制下前手權益,其他權益,合併前非屬共同控制股權,季別,市場,年度,庫藏股票,待註銷股本股數（單位：股）,權益─具證券性質之虛擬通貨,權益總計,權益－具證券性質之虛擬通貨,歸屬於母公司業主之權益合計,歸屬於母公司業主權益合計,母公司暨子公司所持有之母公司庫藏股股數（單位：股）,母公司暨子公司持有之母公司庫藏股股數（單位：股）,每股參考淨值,流動負債,流動資產,股本,負債總計,資本公積,資產總計,非控制權益,非流動負債,非流動資產,預收股款（權益項下）之約當發行股數（單位：股）
542035,,1240,茂生農經,,502792,,2,上櫃,113,,,,1653044,,1603421,,0,,40.73,732156,1521925,413387,798828,145207,2451872,49623,66672,929947,0
947236,,1259,安心,,414506,,2,上櫃,113,,0,,2500744,,2495453,,0,,77.05,2261204,1522373,323895,4042087,809816,6542831,5291,1780883,5020458,0
2009267,,1264,德麥,,-10542,,2,上櫃,113,-2432,,,3760093,,3040774,,12000,,82.07,1203001,2976604,370644,1276951,673837,5037044,719319,73950,2060440,0
512741,,1268,漢來美食,,101652,,2,上櫃,113,0,,,2159964,,2159964,,0,,51.16,2111977,2309088,422237,4871268,1123334,7031232,,2759291,4722144,0
171731,,1294,漢田生技,,,,2,上櫃,113,,,,464404,,461236,,0,,18.27,250905,391703,252388,511265,37117,975669,3168,260360,583966,0
434927,,1295,生合,,-1161,,2,上櫃,113,,0,,997973,,997973,,0,,32.46,297079,717514,313548,1123075,250659,2121048,,825996,1403534,0
488804,,1336,台翰,,-74639,,2,上櫃,113,,0,,1884283,,1884283,,0,,24.06,603307,1282645,783024,894039,687094,2778322,,290732,1495677,0
5076496,,1565,精華,,1368,,2,上櫃,113,,0,,6108029,,6108029,,0,,121.15,1442410,4077493,504165,1785369,526000,7893398,,342959,3815905,0
914979,,1569,濱川,,-70921,,2,上櫃,113,,,,3227110,,3091963,,0,,25.46,2342408,3288401,1214474,3131795,1033431,6358905,135147,789387,3070504,0
393139,,1570,力肯,,41668,,2,上櫃,113,,0,,949815,,949815,,0,,18.44,233056,907736,515008,256835,0,1206650,0,23779,298914,0
2183158,,1580,新麥,,-103175,,2,上櫃,113,,,,2908517,,2789112,,0,,55.53,1306825,2590728,502302,1385469,206827,4293986,119405,78644,1703258,0
543628,,1584,精剛,,24667,,2,上櫃,113,,0,,3729255,,3654769,,0,,18.99,1115474,3399710,1924705,2134589,1161769,5863844,74486,1019115,2464134,0
369167,,1586,和勤,,-91869,,2,上櫃,113,-204374,0,,1516931,,1516931,,5054000,,18.67,1132809,1961582,865561,2392879,578446,3909810,,1260070,1948228,0
194944,,1591,駿吉-KY,,-153633,,2,上櫃,113,0,,,484912,,484912,,0,,13.45,18619,255026,360480,37302,83121,522214,,18683,267188,0
335409,,1593,祺驊,,-31250,,2,上櫃,113,0,0,,1346369,,1281252,,0,,32.20,383422,781290,397848,651423,579245,1997792,65117,268001,1216502,0
1549212,,1595,川寶,,9774,,2,上櫃,113,,,,2616631,,2615429,,0,,54.63,1393249,2935660,478754,1717932,577689,4334563,1202,324683,1398903,0
806904,,1599,宏佳騰,,-2091,,2,上櫃,113,-63380,0,,1904886,,1904886,,1500000,,26.08,668473,1475153,745287,1058712,418166,2963598,,390239,1488445,0
348990,,1742,台蠟,,15930,,2,上櫃,113,-16780,0,,1448831,,1448831,,888000,,15.63,1606230,2164523,935593,1754245,165098,3203076,,148015,1038553,0
921456,,1777,生泰,,-3744,,2,上櫃,113,,0,,2347405,,,,0,,52.64,362288,1343601,445917,437777,983776,2785182,,75489,1441581,0
196351,,1780,立弘,,-5377,,2,上櫃,113,,0,,1157040,,1157040,,0,,12.08,959240,1591859,957848,1030242,8218,2187282,,71002,595423,0
-89646,,1781,合世,,-48331,,2,上櫃,113,,0,,336107,,336107,,0,,7.09,276151,424431,474076,292096,8,628203,,15945,203772,0
80033,,1784,訊聯,,-6253,,2,上櫃,113,-72719,0,,2047541,,1183491,,2335000,,25.03,419784,1685838,531212,762116,651218,2809657,864050,342332,1123819,0
3201682,,1785,光洋科,,-151059,,2,上櫃,113,,,,13158891,,13134866,,0,,22.03,9744656,20235578,5962017,16101174,4122226,29260065,24025,6356518,9024487,0
837479,,1788,杏昌,,-5095,,2,上櫃,113,,0,,2879582,,2879582,,0,,64.68,1568081,2557979,445210,2127362,1601988,5006944,,559281,2448965,0
89433,,1796,金穎生技,,-2273,,2,上櫃,113,,0,,796094,,796094,,0,,19.20,206146,485015,414598,442573,294336,1238667,,236427,753652,0
-626938,,1799,易威,,14050,,2,上櫃,113,,0,,745193,,740283,,0,,6.07,168318,676667,1218658,653796,134513,1398989,4910,485478,722322,0
97488,,1813,寶利徠,,-18290,,2,上櫃,113,,,,748171,,759255,,0,,16.28,338145,432400,466355,354913,213702,1103084,-11084,16768,670684,0
36206,,1815,富喬,,102047,,2,上櫃,113,,,,6693168,,6693168,,0,,14.41,2191625,3981331,4644192,6987139,1910723,13680307,,4795514,9698976,0
768528,,2035,唐榮公司,,140747,,2,上櫃,113,,,,4409321,,,,0,,12.60,2507004,3038231,3500000,12698524,46,17107845,,10191520,14069614,0
26014,,2061,風青,,1900,,2,上櫃,113,,0,,516314,,516314,,0,,10.96,594976,916066,471083,637260,17317,1153574,,42284,237508,0
295873,,2063,世鎧精密,,20670,,2,上櫃,113,,,,1086808,,1086808,,0,,21.91,397724,1425810,496015,987768,274250,2074576,,590044,648766,0
261575,,2064,晉椿,,-18700,,2,上櫃,113,-4104,,,1037618,,1037002,,300000,,14.96,1488957,1182625,696300,1588832,101931,2626450,616,99875,1443825,0
574126,,2065,世豐,,68495,,2,上櫃,113,,,,1894878,,1894878,,0,,32.48,1078697,1563262,583420,1432111,668837,3326989,,353414,1763727,0
1179550,,2066,世德,,-1064,,2,上櫃,113,-26095,0,,2110750,,2110750,,500000,,48.32,1127160,2810857,441788,1711843,516571,3822593,0,584683,1011736,0
-151711,,2067,嘉鋼,,-6425,,2,上櫃,113,,,,363136,,293246,,0,,6.50,1122959,642353,451382,1528238,,1891374,69890,405279,1249021,0
579943,,2070,精湛,,-34560,,2,上櫃,113,,0,,907731,,907731,,0,,25.37,345232,700671,357828,448749,4520,1356480,,103517,655809,0
101656,,2073,雄順,,287,,2,上櫃,113,,,,440146,,,,0,,16.01,206177,268712,275000,356459,63203,796605,,150282,527893,0
484182,,2221,大甲,0,-2194,,2,上櫃,113,0,0,0,1018623,,956660,,0,,22.60,478486,1165537,423250,639869,51422,1658492,61963,161383,492955,0
360196,,2230,泰茂,,7003,,2,上櫃,113,,,,1111206,,1096458,,0,,20.85,392902,1314877,525989,704147,203270,1815353,14748,311245,500476,1475280
406022,,2235,謚源,,,,2,上櫃,113,,,,1262604,,,,0,,35.19,242688,581138,358780,319162,497802,1581766,,76474,1000628,0
736769,,2596,綠意,0,0,,2,上櫃,113,0,,,2288896,,1925977,,0,,19.26,2583349,4710329,1000000,2583349,189208,4872245,362919,,161916,0
686300,,2640,大車隊,,-587,,2,上櫃,113,,0,,1873662,,1776986,,0,,29.98,1184222,1650892,592650,1772011,498623,3645673,96676,587789,1994781,0
1917933,,2641,正德,,455340,,2,上櫃,113,,0,,7160499,,6972992,,0,,22.57,643671,1576876,3089675,3558429,1510044,10718928,187507,2914758,9142052,0
998331,,2643,捷迅,,70652,,2,上櫃,113,,,,1840088,,1840088,,0,,52.57,761247,2324164,350000,962970,421105,2803058,,201723,478894,0
579407,,2718,全心投控,,109445,,2,上櫃,113,,0,,2291271,,2291271,,0,,26.16,2302028,4397277,875760,2517017,726659,4808288,,214989,411011,0
50540,,2719,燦星旅,,,,2,上櫃,113,,0,,748566,,748566,,0,,10.89,435517,831597,687421,544125,10605,1292691,,108608,461094,0
-336290,,2724,藝舍-KY,0,-9472,,2,上櫃,113,,0,,250802,,250802,,0,,4.20,42434,273961,596564,50921,0,301723,,8487,27762,0
-8706,,2726,雅茗-KY,,-42297,,2,上櫃,113,-20682,,,404137,,357683,,310000,,12.92,139848,404476,280000,326949,149368,731086,46454,187101,326610,0
634638,,2729,瓦城,,-5967,,2,上櫃,113,-86020,,,2419123,,2388226,,373000,,67.14,1944852,1152014,395010,3063884,1450565,5483007,30897,1119032,4330993,0
390575,,2732,六角,,-15919,,2,上櫃,113,-96697,,,2193786,,1892011,,918000,,41.49,1175978,2082147,465186,2872883,1148866,5066669,301775,1696905,2984522,0
-88672,,2734,易飛網,,-2741,,2,上櫃,113,,0,,394866,,392529,,0,,9.29,334248,479792,422598,441620,61344,836486,2337,107372,356694,0
180446,,2736,富野,,-52906,,2,上櫃,113,,0,,1361610,,1294320,,0,,21.58,387010,427350,599721,1072145,567059,2433755,67290,685135,2006405,0
-379523,,2740,華軒,,-966,,2,上櫃,113,,0,,107501,,107501,,0,,4.64,57036,106468,231855,99149,256135,206650,,42113,100182,0
441857,,2743,山富,,,,2,上櫃,113,0,,,994064,,994064,,0,,27.60,2132568,2424328,360117,2192403,192090,3186467,,59835,762139,0
309288,,2745,五福,,,,2,上櫃,113,,,,743316,,743316,,0,,21.99,1892464,2497347,338085,1910029,95943,2653345,,17565,155998,0
37272,,2751,王座,,-219,,2,上櫃,113,,,,222101,,222101,,0,,13.06,262126,285930,170000,385294,15048,607395,,123168,321465,0
399518,,2752,豆府,,-670,,2,上櫃,113,,,,1053000,,1038249,,0,,39.53,572991,1129309,262674,956967,376727,2009967,14751,383976,880658,0
604848,,2754,亞洲藏壽司,,900,,2,上櫃,113,,,,1657437,,1657437,,0,,35.37,1141313,510296,468610,3516097,583079,5173534,,2374784,4663238,0
265161,,2755,揚秦,,3153,,2,上櫃,113,,,,724982,,724982,,0,,24.05,616317,759456,301400,925711,155268,1650693,,309394,891237,0
128673,,2756,聯發國際,,13735,,2,上櫃,113,,,,561120,,561120,,0,,22.86,193224,725988,245428,581573,173284,1142693,,388349,416705,0
372228,,2916,滿心,,-8614,,2,上櫃,113,,0,,1098328,,,,0,,19.73,546605,1107123,589998,604405,144716,1702733,,57800,595610,1041166
-139956,,2924,宏太-KY,,-45073,,2,上櫃,113,,,,143022,,143022,,0,,4.36,125283,222883,328051,127547,0,270569,,2264,47686,0
-22040,,2926,誠品生活,,26656,,2,上櫃,113,,0,,564091,,557634,,0,,11.77,4910830,3984650,473897,15709320,79121,16273411,6457,10798490,12288761,0
386876,,2937,集雅社,,,,2,上櫃,113,,0,,918850,,918850,,0,,23.21,1685311,1886998,395836,1734009,136138,2652859,,48698,765861,0
45350,,2941,米斯特,,-473,,2,上櫃,113,,0,,350149,,,,0,,22.75,230743,508775,153900,267745,151372,617894,,37002,109119,0
246867,,2947,振宇五金,,,,2,上櫃,113,,0,,753996,,753996,,0,,39.13,686685,740419,192686,2134408,314443,2888404,,1447723,2147985,0
265685,,2948,寶陞,,58953,,2,上櫃,113,,,,1025235,,1025235,,0,,36.62,837540,1684541,300000,1245240,400597,2270475,,407700,585934,0
307271,,2949,欣新網,,-195,,2,上櫃,113,,,,1160227,,1013793,,0,,41.89,981809,1933482,254100,991390,452617,2151617,146434,9581,218135,0
-32854,,3064,泰偉,,7075,,2,上櫃,113,,,,111014,,105110,,0,,8.08,188117,106871,130115,250839,774,361853,5904,62722,254982,0
-35475,,3066,李洲,,350843,,2,上櫃,113,,,,1224184,,1178763,,0,,14.19,373745,658741,830706,490623,32689,1714807,45421,116878,1056066,0
56890,,3067,全域,,-13387,,2,上櫃,113,,,,261713,,261713,,0,,13.09,10852,117875,200000,41580,18210,303293,,30728,185418,0
366625,,3071,協禧,,-59396,,2,上櫃,113,0,0,,1891270,,1465403,,0,,13.32,1919924,2815578,1100000,2207346,58174,4098616,425867,287422,1283038,0
-3236,,3073,天方能源,,-3634,,2,上櫃,113,,,,401314,,400319,,0,,12.47,426020,282007,320996,957667,86193,1358981,995,531647,1076974,0
3839110,,3078,僑威,,32170,,2,上櫃,113,,,,6359745,,6359745,,0,,27.97,3968484,8700850,2273911,4559979,214554,10919724,,591495,2218874,0
1042486,,3081,聯亞,,-3252,,2,上櫃,113,,,,3734955,,,,0,,40.66,211388,1963343,918477,509425,1777244,4244380,,298037,2281037,0
-7367,,3083,網龍,,185963,,2,上櫃,113,,0,,1437812,,1402533,,0,,16.22,112433,777362,864869,113716,359068,1551528,35279,1283,774166,0
-212526,,3085,新零售,,0,,2,上櫃,113,,,,96794,,99272,,0,,3.42,77625,63090,290193,82882,21605,179676,-2478,5257,116586,0
55252,,3086,華義*,,,,2,上櫃,113,,,,344175,,344175,,0,,14.58,35671,279342,259724,43210,29199,387385,,7539,108043,0
2373594,,3088,艾訊,,56577,,2,上櫃,113,,0,,4193036,,4153464,,0,,40.70,1847704,4428670,1021225,3110770,702068,7303806,39572,1263066,2875136,25000
567476,,3093,港建*,,-36013,,2,上櫃,113,,,,939021,,939021,,0,,6.47,599261,1239763,362888,615979,44670,1555000,0,16718,315237,0
-57453,,3095,及成,,-10426,,2,上櫃,113,,,,128361,,128361,,0,,8.74,196718,347513,146800,763656,49440,892017,,566938,544504,0
18108296,,3105,穩懋,,4362450,,2,上櫃,113,,,,37884328,,36678815,,0,,86.52,11504481,12639103,4239404,27129490,9968665,65013818,1205513,15625009,52374715,0
613815,,3114,好德,,246366,,2,上櫃,113,,,,1563541,,1563541,,0,,24.01,996269,2067778,651298,1009332,52062,2572873,,13063,505095,0
-242968,,3115,富榮綱,,-768,,2,上櫃,113,,,,193240,,193240,,0,,4.42,27874,214259,436976,30991,,224231,,3117,9972,0
144123,,3118,進階,0,0,0,2,上櫃,113,,0,0,524700,,,,0,,16.17,291568,704840,324529,309540,56048,834240,,17972,129400,0
-18622,,3122,笙泉,,-606,,2,上櫃,113,,,,458109,,458109,,0,,11.34,252875,663577,411315,443870,66022,901979,,190995,238402,207736
98242,,3128,昇銳,,,,2,上櫃,113,-13028,,,636611,,618450,,560000,,14.92,283272,581589,420000,709758,113236,1346369,18161,426486,764780,0
1981718,,3131,弘塑,,254471,,2,上櫃,113,0,0,,4206390,,4172951,,0,,142.83,3523126,6207928,292160,4946015,1644602,9152405,33439,1422889,2944477,0
1305162,,3141,晶宏,,3207,,2,上櫃,113,-3544,,,2489192,,2467598,,124000,,32.93,471046,2437451,750661,1372135,412112,3861327,21594,901089,1423876,0
608793,,3147,大綜,,-3317,,2,上櫃,113,,0,,1232687,,1232687,,0,,31.60,1787990,2423042,390061,1807275,237150,3039962,,19285,616920,0
2292265,,3152,璟德,,0,,2,上櫃,113,,,,3555959,,,,0,,51.52,889665,1945555,690162,935768,573532,4491727,,46103,2546172,0
255570,,3158,嘉實,,-3874,,2,上櫃,113,,0,,535253,,535239,,0,,20.35,201171,370992,262979,227766,20564,763019,14,26595,392027,0
-66283,,3162,精確,,78380,,2,上櫃,113,,0,,2638056,,2632773,,0,,20.18,2724570,2953846,1304433,3916843,1316243,6554899,5283,1192273,3601053,0
1288772,,3163,波若威,,-38655,,2,上櫃,113,,0,,2656906,,2656906,,0,,32.99,815805,3064882,805407,963578,601382,3620484,,147773,555602,0
588338,,3169,亞信,,-12010,,2,上櫃,113,,,,1663936,,1663936,,0,,26.44,381424,1913839,629270,391689,458338,2055625,,10265,141786,0
215339,,3171,炎洲流通,,-4569,,2,上櫃,113,-107187,,,992558,,992558,,5066000,,14.99,525435,1185551,713023,539575,175952,1532133,,14140,346582,0
-213300,,3176,基亞,,4268,,2,上櫃,113,,0,,5089197,,1674781,,0,,12.03,1039115,3736316,1392298,1702221,491515,6791418,3414416,663106,3055102,0
592087,,3178,公準,,-378,,2,上櫃,113,,0,,1218445,,1213292,,0,,26.93,911415,965800,450500,1591273,171083,2809718,5153,679858,1843918,0
591221,,3188,鑫龍騰,,0,,2,上櫃,113,,,,2611082,,2611082,,0,,14.01,4154743,7721709,1863099,5133352,156762,7744434,,978609,22725,0
-195477,,3191,雲嘉南,,-11789,,2,上櫃,113,,,,232093,,232093,,0,,5.32,50318,293595,435974,217935,3385,450028,,167617,156433,0
-25718,,3205,佰研,,120600,,2,上櫃,113,0,,,521416,,510045,,0,,15.67,102114,282160,325456,113761,89707,635177,11371,11647,353017,0
709979,,3206,志豐,,7509,,2,上櫃,113,0,0,,1702750,,1504749,,0,,25.54,1694683,2999004,589167,1863515,198094,3566265,198001,168832,567261,0
94326,,3207,耀勝,,264824,,2,上櫃,113,,,,1514090,,1412081,,0,,23.24,759153,1473122,607704,1406337,445227,2920427,102009,647184,1447305,0
5802989,,3211,順達,,-40610,,2,上櫃,113,,,,9519558,,9519558,,0,,62.63,4920347,11648705,1519970,7283636,2237209,16803194,0,2363289,5154489,0
1697509,,3213,茂訊,,197057,,2,上櫃,113,,0,,2576134,,2555802,,0,,43.55,990150,2539623,586855,1217893,74381,3794027,20332,227743,1254404,0
1316226,,3217,優群,,1097934,,2,上櫃,113,0,0,,4163581,,4163581,,0,,46.21,1419180,3358994,901042,1525830,848379,5689411,,106650,2330417,0
1905638,,3218,大學光,,6912,,2,上櫃,113,,,,3281029,,3141723,,0,,37.08,940738,2379951,847249,1755178,381924,5036207,139306,814440,2656256,0
373932,,3219,倚強科,,48314,,2,上櫃,113,,,,1570286,,1302494,,0,,18.43,493083,1433517,706763,694362,173485,2264648,267792,201279,831131,0
631758,,3221,台嘉碩,,-282456,,2,上櫃,113,,0,,2172559,,2135397,,0,,20.54,718776,1789967,1039774,875714,746321,3048273,37162,156938,1258306,0
-201931,,3224,三顧,,14565,,2,上櫃,113,-1864,0,,2682520,,1170440,,40000,,17.18,555673,2382133,681726,659661,677944,3342181,1512080,103988,960048,0
1118656,,3226,龍鋒,,-3950,,2,上櫃,113,,,,1773895,,,,0,,27.53,895346,1596141,644306,901201,14883,2675096,,5855,1078955,0
4946825,,3227,原相,,697412,,2,上櫃,113,,,,10445804,,10445804,,0,,70.00,2660130,7502833,1492339,3096195,3309228,13541999,,436065,6039166,0
-46996,,3228,金麗科,,-23219,,2,上櫃,113,,0,,628117,,,,0,,9.00,184121,345429,698265,191469,67,819586,,7348,474157,0
1775,,3230,錦明,0,-76421,,2,上櫃,113,0,0,0,937467,,937467,,0,,13.20,178041,793087,710109,337062,302004,1274529,0,159021,481442,0
46055,,3232,昱捷,,2709,,2,上櫃,113,,0,,697612,,697612,,0,,14.98,457298,1003778,465679,597477,183169,1295089,,140179,291311,0
-349136,,3234,光環,,-11838,,2,上櫃,113,,0,,1017795,,1059773,,0,,9.51,355593,894661,1114747,487773,306000,1505568,-41978,132180,610907,0
390776,,3236,千如,,-113476,,2,上櫃,113,,0,,1508369,,1508369,,0,,14.37,974899,1404800,1050006,1655418,181063,3163787,,680519,1758987,0
1161069,,3252,海灣,,28500,,2,上櫃,113,,,,1994053,,1973737,,0,,39.32,356271,627564,501958,1956006,282210,3950059,20316,1599735,3322495,0
-249553,,3259,鑫創,,0,,2,上櫃,113,,,,320106,,320106,,0,,5.62,72036,369414,569659,100376,0,420482,,28340,51068,0
6359324,,3260,威剛,,-1046634,,2,上櫃,113,-40549,66000,,16642932,,15617627,,780000,,52.93,18753451,29630842,2958654,32722090,7386832,49365022,1025305,13968639,19734180,0
11375544,,3264,欣銓,,227766,,2,上櫃,113,-126772,0,,17263792,,17263792,,16250750,,36.43,6447611,7933596,4901701,15117233,885553,32381025,,8669622,24447429,0
4009491,,3265,台星科,,203196,,2,上櫃,113,,0,,5941547,,5941547,,0,,43.60,1774236,5026894,1362617,2146644,366243,8088191,,372408,3061297,0
97696,,3268,海德威,,5047,,2,上櫃,113,,,,534520,,534520,,0,,15.39,565635,829023,347208,663534,84569,1198054,,97899,369031,0
254510,,3272,東碩,,-27630,,2,上櫃,113,0,0,,1608057,,1608057,,0,,26.29,1594306,2789176,611680,3002419,769497,4610476,,1408113,1821300,0
95478,,3276,宇環,,-35625,,2,上櫃,113,,0,,900310,,785767,,0,,11.27,589174,486946,697127,630402,28787,1530712,114543,41228,1043766,0
135770,,3284,太普高,,-3229,,2,上櫃,113,0,0,,1283699,,1147163,,0,,12.91,539720,1491711,923951,1141275,90671,2424974,136536,601555,933263,0
149759,,3285,微端,,-11980,,2,上櫃,113,,,,609190,,591603,,0,,13.84,260309,775559,427353,297300,26471,906490,17587,36991,130931,0
145203,,3287,廣寰科,,-1783,,2,上櫃,113,,,,653851,,599384,,0,,13.63,332259,872398,439705,344795,16259,998646,54467,12536,126248,0
-71119,,3288,點晶,,14511,,2,上櫃,113,,,,92087,,93451,,0,,6.23,62740,160195,150000,110366,59,202453,-1364,47626,42258,0
672571,,3289,宜特,,-68247,,2,上櫃,113,0,,,3517903,,3473821,,0,,46.78,2281658,2560985,751577,4390530,2117920,7908433,44082,2108872,5347448,219000
581361,,3290,東浦,,-166860,,2,上櫃,113,,0,,2114243,,2114243,,0,,17.17,890987,2164984,1231047,1284499,468695,3398742,0,393512,1233758,0
8128365,,3293,鈊象,,172943,,2,上櫃,113,,,,11439867,,11436607,,0,,81.17,10601833,16454140,2818016,10676612,317283,22116479,3260,74779,5662339,0
22262,,3294,英濟,,75638,,2,上櫃,113,0,0,,2272946,,2258857,,0,,17.11,1679867,4006365,1320159,2892745,840798,5165691,14089,1212878,1159326,0
95130,,3297,杭特,,,,2,上櫃,113,0,0,,568236,,568236,,0,,15.76,239622,344428,360494,244458,112612,812694,0,4836,468266,0
685826,,3303,岱稜,,-29313,,2,上櫃,113,,,,1977638,,1967895,,0,,20.91,981830,1717677,940906,1322709,370476,3300347,9743,340879,1582670,0
269037,,3306,鼎天,,2300919,,2,上櫃,113,,,,3557463,,3557463,,0,,70.29,436273,1027580,506077,440069,481430,3997532,,3796,2969952,0
729318,,3310,佳穎,,235562,,2,上櫃,113,,0,,1622020,,1614358,,0,,26.90,4653040,5611060,600238,5385564,49240,7007584,7662,732524,1396524,0
-559676,,3313,斐成,,-1392,,2,上櫃,113,,0,,1658355,,1657208,,0,,9.82,339316,1756253,1687708,339618,530568,1997973,1147,302,241720,0
1485819,,3317,尼克森,,8579,,2,上櫃,113,,0,,2934910,,2934910,,0,,41.31,641676,2936614,810000,644624,630512,3579534,,2948,642920,0
182220,,3322,建舜電,,-28474,,2,上櫃,113,,0,,1458349,,1456713,,0,,12.83,1451098,1768931,1135728,1900691,167239,3359040,1636,449593,1590109,0
660489,,3323,加百裕,,48609,,2,上櫃,113,,,,2510661,,2452878,,0,,27.78,2110004,4753769,883059,2901739,860721,5412400,57783,791735,658631,0
4996028,,3324,雙鴻,,130241,,2,上櫃,113,-493483,0,,7930027,,7615176,,2300000,,85.50,6421933,10247468,913652,6890266,2068738,14820293,314851,468333,4572825,429613
-73498,,3325,旭品,,15312,,2,上櫃,113,,,,1105157,,1021384,,0,,11.33,805377,1444190,901686,950999,177884,2056156,83773,145622,611966,0
1020129,,3332,幸康,,21929,,2,上櫃,113,,0,,1703794,,1703794,,0,,35.42,421541,1485319,481042,485941,180694,2189735,,64400,704416,0
41396,,3339,泰谷,,0,,2,上櫃,113,,,,914164,,,,0,,13.90,208412,854976,657672,210909,215096,1125073,,2497,270097,0
-137840,,3349,寶德,,1325,,2,上櫃,113,,0,,325545,,325545,,0,,8.12,151297,343279,400716,217997,61344,543542,,66700,200263,0
131652,,3354,律勝,,-28664,,2,上櫃,113,-287,0,,875453,,875453,,21000,,12.49,253641,645170,701124,320939,71628,1196392,,67298,551222,0
3546322,,3357,臺慶科,,424656,,2,上櫃,113,,0,,6907227,,6845702,,0,,67.09,1828872,5050209,1020349,4590145,1854375,11497372,61525,2761273,6447163,0
-14107,,3360,尚立,,9392,,2,上櫃,113,,,,903102,,887547,,0,,11.62,1795564,2479770,764021,1967249,128241,2870351,15555,171685,390581,0
883090,,3362,先進光,,-26338,,2,上櫃,113,,0,,3437630,,3435542,,0,,24.12,3292963,3954070,1424599,4812152,1154191,8249782,2088,1519189,4295712,0
354817,,3363,上詮,,-207117,,2,上櫃,113,,0,,2623963,,2623963,,0,,25.32,248251,2165796,1036406,337352,1439857,2961315,,89101,795519,0
-52717,,3372,典範,,-4741,,2,上櫃,113,,0,,1829087,,,,0,,10.43,178110,947332,1753400,250598,133145,2079685,,72488,1132353,0
422322,,3373,熱映,,-60317,,2,上櫃,113,,,,883680,,883680,,0,,20.41,99370,767159,432898,99779,88777,983459,,409,216300,0
4951951,,3374,精材,,,,2,上櫃,113,,,,8062018,,,,0,,29.71,2113920,6086906,2713643,3068814,396424,11130832,,954894,5043926,0
20786,,3379,彬台,,120466,,2,上櫃,113,,0,,591250,,591250,,0,,15.54,721688,798620,380417,738648,69581,1329898,,16960,531278,0
1959727,,3388,崇越電,,186720,,2,上櫃,113,,,,4549821,,4408150,,0,,59.52,1489192,5891306,740624,2205310,1521079,6755131,141671,716118,863825,0
153046,,3390,旭軟,,80786,,2,上櫃,113,0,0,,1250677,,1250677,,0,,18.14,649477,1638551,689583,665890,327262,1916567,0,16413,278016,0
914998,,3402,漢科,,-18493,,2,上櫃,113,,,,1791366,,1791366,,0,,24.52,4741858,5857107,730476,4925202,164385,6716568,,183344,859461,0
552173,,3430,奇鈦科,,4826,,2,上櫃,113,,,,1055932,,1055932,,0,,31.32,384382,1165527,337161,525973,161772,1581905,,141591,416378,0
53349,,3434,哲固,,-4116,,2,上櫃,113,,0,,329511,,329511,,0,,12.17,227492,460888,280278,238381,,567892,,10889,107004,0
311310,,3438,類比科,,365584,,2,上櫃,113,,0,,1730771,,,,0,,36.70,191296,876559,471658,287605,582219,2018376,,96309,1141817,0
294669,,3441,聯一光電,,22447,,2,上櫃,113,,,,786642,,775156,,0,,19.36,200259,931207,400399,220100,57641,1006742,11486,19841,75535,0
348488,,3444,利機,,-23638,,2,上櫃,113,0,,,1035925,,1035925,,0,,23.48,433529,898312,449969,458482,261106,1494407,,24953,596095,0
1487622,,3455,由田,,-27809,,2,上櫃,113,,,,2433989,,2433989,,0,,40.67,1342043,2690769,598507,1951713,375669,4385702,,609670,1694933,0
108497,,3465,進泰電子,,34948,,2,上櫃,113,,0,,860531,,792412,,0,,22.43,879935,1025140,353298,1118339,295669,1978870,68119,238404,953730,0
-259786,,3466,德晉,,-96030,,2,上櫃,113,,0,,789584,,789584,,0,,12.84,554766,840889,614921,670941,530479,1460525,,116175,619636,0
94622,,3467,台灣精材,,,,2,上櫃,113,,,,437912,,,,0,,15.53,208076,419568,282066,308909,61224,746821,,100833,327253,0
1134731,,3479,安勤,0,42879,,2,上櫃,113,-1535,,0,3466435,,3066507,,76201,,42.27,2003217,4899441,726302,2763659,1164130,6230094,399928,760442,1330653,0
1418243,,3483,力致,,-56189,,2,上櫃,113,-27943,,,4532799,,4532799,,455000,,52.91,3645010,6378946,861173,4324035,2337515,8856834,,679025,2477888,0
1255044,,3484,崧騰,,122438,,2,上櫃,113,,,,2929748,,2891376,,0,,38.27,1510764,3703137,755432,2106432,758462,5036180,38372,595668,1333043,0
826973,,3485,敘豐,,-12476,,2,上櫃,113,0,,,1178335,,1178335,,0,,36.87,571065,1417570,341919,577967,21919,1756302,,6902,338732,0
101225,,3489,森寶,,,,2,上櫃,113,,0,,1337066,,1337066,,0,,14.78,3626149,4776431,904522,3629328,331319,4966394,,3179,189963,0
451808,,3490,單井,,-15873,,2,上櫃,113,0,,,1330954,,1330954,,0,,24.20,189034,650447,550065,323231,344954,1654185,,134197,1003738,0
572645,,3491,昇達科,,86400,,2,上櫃,113,,,,2594239,,2206797,,0,,34.58,1535754,2688770,638228,1618455,909524,4212694,387442,82701,1523924,0
234832,,3492,長盛,0,-13173,,2,上櫃,113,0,0,,596762,,596762,,0,,16.80,307124,670711,355316,373191,19787,969953,0,66067,299242,0
392211,,3498,陽程,,-101360,,2,上櫃,113,-84693,,,2223505,,2221351,,2462000,,36.77,920309,2333350,628730,1056240,1386463,3279745,2154,135931,946395,0
-29212,,3499,環天科,,-12879,,2,上櫃,113,0,0,,536055,,536055,,0,,9.75,306388,529643,549706,318427,28440,854482,0,12039,324839,0
-2337291,,3508,位速,,-14878,,2,上櫃,113,-87396,0,,646207,,716728,,2690366,,7.05,1585588,997607,1043117,2242891,2113176,2889098,-70521,657303,1891491,0
50474,,3511,矽瑪,,1293,,2,上櫃,113,,,,1966732,,1403214,,0,,17.55,586055,1379422,799729,687146,551718,2653878,563518,101091,1274456,0
408783,,3512,皇龍,,-6554,,2,上櫃,113,,,,2102448,,2102448,,0,,21.66,2010268,4649952,970724,2618052,729495,4720500,,607784,70548,0
94885,,3516,亞帝歐,,-57101,,2,上櫃,113,,,,1452494,,1352252,,0,,25.70,477627,993580,535609,869531,778859,2322025,100242,391904,1328445,0
67358,,3520,華盈,,-5185,,2,上櫃,113,,0,,815888,,812180,,0,,11.80,273135,774334,688468,618432,61539,1434320,3708,345297,659986,0
-326886,,3521,台鋼建設,,-9,,2,上櫃,113,,,,675726,,675726,,0,,8.63,150858,695230,782656,553449,219965,1229175,0,402591,533945,0
-129996,,3522,御嵿,,-17736,,2,上櫃,113,,,,710727,,708070,,0,,8.58,408748,320294,825250,1182305,30552,1893032,2657,773557,1572738,0
-557815,,3523,迎輝,,399245,,2,上櫃,113,,,,502359,,499785,,0,,7.78,512213,155334,642579,1242264,15776,1744623,2574,730051,1589289,0
1391665,,3526,凡甲,,7778,,2,上櫃,113,0,,,2745691,,2745691,,0,,45.64,2241521,4712611,601648,3209312,744600,5955003,0,967791,1242392,845850
715582,,3527,聚積,,-25129,,2,上櫃,113,,,,2433857,,2433857,,0,,54.76,653831,2572168,444451,668976,1298953,3102833,0,15145,530665,0
1766972,,3529,力旺,,-5638,,2,上櫃,113,0,0,,2649383,,2627226,,0,,35.19,2243456,4078076,746563,2262317,119329,4911700,22157,18861,833624,0
728359,,3531,先益,,-120006,,2,上櫃,113,,0,,1906834,,1889781,,0,,30.89,568145,2294885,611750,686550,669678,2593384,17053,118405,298499,0
535428,,3537,堡達,0,-15768,,2,上櫃,113,0,0,0,1187555,,1187555,,0,,22.17,801641,1741804,562429,833736,105466,2021291,0,32095,279487,0
578058,,3540,曜越,,74405,,2,上櫃,113,-17078,,,1862515,,1884026,,758000,,26.06,2388837,4338997,730665,3381304,517976,5243819,-21511,992467,904822,0
3205,,3541,西柏,0,-25971,,2,上櫃,113,-73810,0,,740697,,740697,,1056000,,13.29,961691,1095347,567871,1487256,269402,2227953,,525565,1132606,0
584116,,3546,宇峻,,68007,,2,上櫃,113,,,,1480590,,1480590,,0,,29.27,575322,1714569,531159,954819,297308,2435409,,379497,720840,0
3019630,,3548,兆利,,-27427,,2,上櫃,113,,,,5519714,,5519714,,0,,83.52,4100800,7358389,660914,5235585,1866597,10755299,,1134785,3396910,0
2839226,,3551,世禾,,-63398,,2,上櫃,113,-31330,0,,3579380,,3579380,,538000,,63.65,860675,1699253,567749,1274109,267133,4853489,,413434,3154236,0
2851443,,3552,同致,,-356105,,2,上櫃,113,,0,,4375108,,4375108,,0,,51.12,5308043,8425781,941522,6397326,938248,10772434,,1089283,2346653,0
-120772,,3555,博士旺,,-90,,2,上櫃,113,,,,273084,,266511,,0,,8.88,87229,254926,299988,108833,87385,381917,6573,21604,126991,0
464857,,3556,禾瑞亞,,417,,2,上櫃,113,,,,1185720,,1122145,,0,,17.62,319304,1403308,637029,381353,19842,1567073,63575,62049,163765,0
3404624,,3558,神準,,-6641,,2,上櫃,113,,0,,4795272,,4591719,,0,,93.59,5458173,6397514,490609,5712645,703127,10507917,203553,254472,4110403,0
209949,,3564,其陽,,8893,,2,上櫃,113,,0,,1256009,,1256009,,0,,21.24,855194,1527706,591231,1268784,445936,2524793,,413590,997087,0
184240,,3567,逸昌,,-2066,,2,上櫃,113,0,,,573001,,,,0,,16.88,141768,296064,339540,151706,51287,724707,,9938,428643,0
652079,,3570,大塚,,-7358,,2,上櫃,113,,,,884504,,884504,,0,,51.73,428514,1134121,170970,477419,68813,1361923,,48905,227802,0
542981,,3577,泓格,,-1317,,2,上櫃,113,,0,,1249951,,1249951,,0,,19.54,308966,826371,639657,413979,68630,1663930,,105013,837559,0
340235,,3580,友威科,,14623,,2,上櫃,113,-13982,,,887250,,887250,,575000,,22.81,338605,1054079,394707,610486,151667,1497736,,271881,443657,0
229158,,3581,博磊,,12035,,2,上櫃,113,,0,,967449,,832546,,0,,16.32,969525,1627090,510060,1022827,81293,1990276,134903,53302,363186,0
1796662,,3587,閎康,,-6449,,2,上櫃,113,-66265,0,,4446245,,4446245,,582000,,67.08,2184766,3512694,668678,3367077,2053619,7813322,0,1182311,4300628,0
457861,,3594,磐儀,,-32406,,2,上櫃,113,-23091,0,,2177881,,2171355,,928000,,22.91,754409,2148738,956974,1160240,812017,3338121,6526,405831,1189383,0
118143,,3597,映興,,-27293,,2,上櫃,113,-7146,0,,562088,,562088,,301000,,14.44,277413,693489,392364,470175,86020,1032263,,192762,338774,0
-346643,,3609,三一東林,,-22763,,2,上櫃,113,,0,,274548,,274548,,0,,7.78,633942,578415,352794,717720,291160,992268,,83778,413853,0
3324988,,3611,鼎翰,,666567,,2,上櫃,113,,,,5149295,,5149295,,0,,109.21,2893700,4296605,471501,4187620,686239,9336915,,1293920,5040310,0
129551,,3615,安可,,-33585,,2,上櫃,113,,0,,2501674,,2250642,,0,,32.87,428192,1588676,684670,859179,1470006,3360853,251032,430987,1772177,0
-7180,,3623,富晶通,,1091,,2,上櫃,113,,0,,374108,,,,0,,12.82,96975,287144,291859,119633,88338,493741,,22658,206597,0
1386993,,3624,光頡,,-334,,2,上櫃,113,,0,,3309330,,3290188,,0,,28.04,701235,2716234,1173408,764184,730121,4073514,19142,62949,1357280,0
-421705,,3625,西勝,,-43889,,2,上櫃,113,-48244,,,645769,,645769,,5584000,,5.95,1155646,467619,1141314,1161774,18293,1807543,0,6128,1339924,0
369008,,3628,盈正,,93775,,2,上櫃,113,,0,,1641543,,1626462,,0,,36.14,1728063,2427930,450000,1891917,713679,3533460,15081,163854,1105530,0
-228959,,3629,地心引力,,-14306,,2,上櫃,113,,0,,86283,,86283,,0,,2.62,9783,88035,329548,9783,0,96066,0,0,8031,0
-1634963,,3630,新鉅科,,-9157,,2,上櫃,113,,0,,2596827,,2596827,,0,,14.10,1217193,1478263,1841919,3015785,2399028,5612612,,1798592,4134349,0
-74121,,3631,晟楠,,6691,,2,上櫃,113,0,,,1592449,,1293762,,0,,15.81,284576,1044326,818209,1278505,542983,2870954,298687,993929,1826628,0
-235100,,3632,研勤,,-30793,,2,上櫃,113,,,,168921,,144815,,0,,3.54,98970,143733,408897,195940,1811,364861,24106,96970,221128,0
119784,,3646,艾恩特,,8712,,2,上櫃,113,,,,536636,,536636,,0,,13.66,404073,726939,392974,421605,15166,958241,,17532,231302,0
86052,,3663,鑫科,0,-161334,,2,上櫃,113,,,,2233294,,1713988,,0,,16.36,1573818,3473262,1047832,2263260,741438,4496554,519306,689442,1023292,3810900
-566956,,3664,安瑞-KY,,-75628,,2,上櫃,113,-21488,,,286203,,286276,,1908000,,5.04,372319,692808,586560,542495,363788,828698,-73,170176,135890,6250
-140487,,3666,光耀,,-25645,,2,上櫃,113,-174512,,,515911,,515911,,5750000,,9.70,508996,541876,589459,544218,267096,1060129,,35222,518253,0
-23030,,3672,康聯訊,,-16533,,2,上櫃,113,-9042,,,296614,,296655,,805000,,9.57,259637,381801,317903,322538,27357,619152,-41,62901,237351,0
580877,,3675,德微,0,-1113,,2,上櫃,113,0,0,,2906890,,2617486,,0,,47.85,1259031,2240464,547039,2049968,1490683,4956858,289404,790937,2716394,0
1191213,,3680,家登,,231509,,2,上櫃,113,,,,9934229,,8554007,,0,,90.71,2734260,7615992,942975,7428129,6188310,17362358,1380222,4693869,9746366,272
238935,,3684,榮昌,,-2490,,2,上櫃,113,,0,,624142,,624142,,0,,20.80,290779,582534,300016,426091,87681,1050233,,135312,467699,0
-22638,,3685,元創精密,,-41882,,2,上櫃,113,,,,1364294,,817596,,0,,10.27,592379,995374,795740,882968,86376,2247262,546698,290589,1251888,0
118841,,3687,歐買尬,,634,,2,上櫃,113,,,,3911062,,1447531,,0,,48.16,4869892,6654807,300596,4943218,1027460,8854280,2463531,73326,2199473,0
1785933,,3689,湧德,,-66977,,2,上櫃,113,,,,3565396,,3544739,,0,,44.63,1323871,3835775,794280,1808247,1031503,5373643,20657,484376,1537868,703000
616921,,3691,碩禾,,-367776,,2,上櫃,113,,,,7349914,,6604829,,0,,71.88,4514142,6519610,918834,6664969,5436850,14014883,745085,2150827,7495273,0
2020109,,3693,營邦,0,38902,,2,上櫃,113,,0,,2948953,,2948953,,0,,76.61,3683174,5092066,384907,3864474,505035,6813427,0,181300,1721361,0
542382,,3707,漢磊,,-102658,,2,上櫃,113,,0,,7373527,,5310923,,0,,15.94,3576132,6346280,3332227,4225672,1538972,11599199,2062604,649540,5252919,0
618793,,3709,鑫聯大投控,,37375,,2,上櫃,113,,0,,2123824,,2145911,,0,,21.34,8018982,9969433,1005695,8320532,484048,10444356,-22087,301550,474923,0
-737325,,3710,連展投控,,-511839,,2,上櫃,113,,0,,2014328,,1684849,,0,,5.87,4937281,4642043,2872507,6109681,61506,8124009,329479,1172400,3481966,0
-287644,,3713,新晶投控,,-1183,,2,上櫃,113,,0,,647206,,642461,,0,,8.23,1265514,915810,780900,2220539,150388,2867745,4745,955025,1951935,0
134725,,4102,永日,,86271,,2,上櫃,113,,0,,748889,,674650,,0,,15.92,160176,457660,423735,291714,29919,1040603,74239,131538,582943,0
2854214,,4105,東洋,,148528,,2,上櫃,113,,0,,6509528,,5806211,,0,,23.35,2984217,5533590,2486500,3740352,316969,10249880,703317,756135,4716290,0
2107876,,4107,邦特,,37580,,2,上櫃,113,,,,3155389,,3155389,,0,,45.53,969943,2360626,692983,1684233,316950,4839622,,714290,2478996,0
366464,,4109,加捷生醫,,-85088,,2,上櫃,113,,0,,1384648,,1359778,,0,,13.77,187535,419862,987367,195024,91035,1579672,24870,7489,1159810,0
589935,,4111,濟生,,-2846,,2,上櫃,113,0,0,,1205767,,1205767,,0,,21.16,481145,816090,569830,582714,48848,1788481,0,101569,972391,0
759208,,4113,聯上,,0,,2,上櫃,113,,,,3678728,,,,0,,17.42,8500823,12630388,2111382,9975236,808138,13653964,,1474413,1023576,0
860099,,4114,健喬,,-51512,,2,上櫃,113,-334984,,,8217545,,6917452,,13853445,,18.11,2164532,4809909,4343815,3852414,2100034,12069959,1300093,1687882,7260050,0
324579,,4116,明基醫,0,-3659,,2,上櫃,113,,,,2095433,,1064501,,0,,23.89,1408244,2574833,445660,2523274,297921,4618707,1030932,1115030,2043874,0
1433953,,4120,友華,,2723518,,2,上櫃,113,,,,5947319,,5296205,,0,,61.05,3960688,3965453,867471,6561794,271263,12509113,651114,2601106,8543660,0
370550,,4121,優盛,,-41087,,2,上櫃,113,,0,,2113115,,1494387,,0,,17.60,1200337,2317217,849291,2305641,315633,4418756,618728,1105304,2101539,0
5951329,,4123,晟德,,70316,,2,上櫃,113,-211493,,,18763792,,18763786,,4592679,,26.30,2392353,5296409,7181528,8285777,5772106,27049569,6,5893424,21753160,0
1621892,,4126,太醫,,0,,2,上櫃,113,,,,2692557,,,,0,,37.09,841362,1781423,726000,1259198,344665,3951755,,417836,2170332,0
16578,,4127,天良,,,,2,上櫃,113,,0,,474178,,,,0,,10.36,144091,311979,457600,178208,0,652386,,34117,340407,0
-393173,,4128,中天,,791080,,2,上櫃,113,,,,12887553,,11253294,,0,,20.09,468418,3860219,5881706,1212344,4973681,14099897,1634259,743926,10239678,0
462366,,4129,聯合,,-71697,,2,上櫃,113,,,,3677010,,3581517,,0,,37.12,2387842,3627966,964867,3058667,2225981,6735677,95493,670825,3107711,0
-191729,,4131,浩泰,,-30928,,2,上櫃,113,,,,320379,,322810,,0,,8.17,115763,331245,395000,141601,150467,461980,-2431,25838,130735,0
365389,,4138,曜亞,,50913,,2,上櫃,113,,0,,1543079,,1405663,,0,,42.60,1012378,1870780,363000,1333556,626361,2876635,137416,321178,1005855,0
-42362,,4139,馬光-KY,,23708,,2,上櫃,113,,,,462640,,406845,,0,,9.56,590765,368422,425499,1002861,0,1465501,55795,412096,1097079,0
-978126,,4147,中裕,,-10930,,2,上櫃,113,,0,,4189218,,4189218,,0,,15.34,140553,3567251,2730785,1051297,2447489,5240515,,910744,1673264,0
85335,,4153,鈺緯,,-3402,,2,上櫃,113,-45987,0,,1019183,,1019183,,1422394,,17.37,314847,1057374,600906,319346,382331,1338529,,4499,281155,0
-57429,,4154,樂威科-KY,0,-31934,,2,上櫃,113,0,,0,176252,,157253,,0,,6.38,244408,208006,246616,247141,0,423393,18999,2733,215387,0
736727,,4157,太景*-KY,,-40445,,2,上櫃,113,,,,1171663,,1171663,,0,,1.63,57994,1179621,20942,112743,454439,1284406,,54749,104785,0
43228,,4160,訊聯基因,,254918,,2,上櫃,113,,0,,612097,,611752,,0,,24.08,171925,631677,266903,178306,46703,790403,345,6381,158726,0
77513,,4161,聿新科,,-51105,,2,上櫃,113,0,0,,848745,,844372,,0,,15.94,533784,895003,529808,679862,288156,1528607,4373,146078,633604,0
950460,,4162,智擎,,-854,,2,上櫃,113,-133410,0,,3888989,,,,2000000,,27.07,320632,4190923,1456782,327683,1616011,4216672,,7051,25749,0
1594785,,4163,鐿鈦,,-67136,,2,上櫃,113,,15000,,2551711,,2488422,,0,,50.00,814623,2424022,497652,2194134,463121,4745845,63289,1379511,2321823,0
-1589348,,4166,友霖,,-216,,2,上櫃,113,,,,1771115,,1771115,,0,,7.94,560525,739029,2230351,831376,1130328,2602491,,270851,1863462,0
109559,,4167,松瑞藥,,,,2,上櫃,113,,,,3428368,,3418677,,0,,10.77,208925,2647673,3173991,473971,135127,3902339,9691,265046,1254666,0
-122720,,4168,醣聯,,-4136,,2,上櫃,113,,,,1156291,,1156291,,0,,10.64,254398,561922,1086401,259863,196746,1416154,,5465,854232,0
58297,,4171,瑞基,,229,,2,上櫃,113,,0,,806852,,777997,,0,,13.54,278998,682713,574575,379355,144896,1186207,28855,100357,503494,0
212445,,4173,久裕,,276787,,2,上櫃,113,,0,,1890396,,1890396,,0,,25.35,3159540,4574701,745744,3199363,655420,5089759,,39823,515058,0
-6631929,,4174,浩鼎,,-12629,,2,上櫃,113,-26533,0,,3957121,,2870962,,190882,,12.52,135043,2139052,2294394,569211,7247659,4526332,1086159,434168,2387280,0
209142,,4175,杏一,,-1188,,2,上櫃,113,,,,1382884,,1377324,,0,,32.57,3360760,2469753,422830,6076861,746540,7459745,5560,2716101,4989992,0
37172,,4183,福永生技,,,,2,上櫃,113,,,,306772,,,,0,,12.89,159756,397293,238000,269476,31600,576248,,109720,178955,0
-174622,,4188,安克,,-9613,,2,上櫃,113,,,,451552,,357848,,0,,6.71,21272,298456,533184,29776,8899,481328,93704,8504,182872,0
-26870,,4192,杏國,,-64381,,2,上櫃,113,,,,327301,,327301,,0,,9.31,18127,277939,351645,22059,66907,349360,,3932,71421,0
-14809,,4198,欣大健康,,3676,,2,上櫃,113,,0,,369434,,269947,,0,,11.20,127175,357289,241080,195617,40000,565051,99487,68442,207762,0
934619,,4205,中華食,,1206,,2,上櫃,113,,0,,1875534,,,,0,,21.13,550195,1540116,887720,641498,51989,2517032,,91303,976916,0
758075,,4207,環泰,,-317883,,2,上櫃,113,,,,3475600,,2482986,,0,,13.26,1091888,2983611,1985380,2553193,57414,6028793,992614,1461305,3045182,0
477464,,4303,信立,,45,,2,上櫃,113,,0,,1456358,,,,0,,18.48,227564,533031,788000,262163,190849,1718521,,34599,1185490,0
-285469,,4304,勝昱,,-6177,,2,上櫃,113,,0,,68734,,68734,,0,,1.91,332999,236225,360380,342848,0,411582,0,9849,175357,0
567363,,4305,世坤,,,,2,上櫃,113,,0,,1117578,,,,0,,20.31,342724,1189111,550140,357979,75,1475557,,15255,286446,0
1275545,,4401,東隆興,,-54097,,2,上櫃,113,,,,2671257,,2615639,,0,,21.32,2036523,2589933,1226920,3234015,167271,5905272,55618,1197492,3315339,0
-242131,,4402,郡都開發,,19907,,2,上櫃,113,,,,457694,,457694,,0,,6.73,16060,282158,679918,20551,0,478245,0,4491,196087,0
-41173,,4406,新昕纖,,91698,,2,上櫃,113,0,0,,609965,,,,0,,11.75,267662,382986,519120,307377,40320,917342,,39715,534356,0
31652,,4413,飛寶企業,,-890,,2,上櫃,113,,,,343909,,343909,,0,,10.98,68905,353695,313147,159604,0,503513,,90699,149818,0
651299,,4416,三圓,,-33433,,2,上櫃,113,-579856,,,1694803,,1694803,,4217136,,29.15,9524439,12128913,735214,13215025,921579,14909828,,3690586,2780915,115330
2073632,,4417,金洲,,-155512,,2,上櫃,113,,,,3233407,,2796750,,0,,33.31,1308527,3028197,839713,2055760,38917,5289167,436657,747233,2260970,0
-683196,,4419,皇家美食,,-233,,2,上櫃,113,,,,956417,,898962,,0,,5.68,1377108,563263,1581631,2326100,760,3282517,57455,948992,2719254,0
1279105,,4420,光明,,-463,0,2,上櫃,113,0,0,,1886350,,,,0,,46.63,469314,1027009,404550,875460,203158,2761810,,406146,1734801,0
627404,,4430,耀億,,-117329,,2,上櫃,113,,0,,1807370,,1807370,,0,,32.12,1439456,1525645,562736,1836128,734559,3643498,,396672,2117853,0
579592,,4432,銘旺實,,-78371,,2,上櫃,113,,0,,1378450,,1378450,,0,,27.25,268502,1343133,505890,280696,371339,1659146,,12194,316013,0
374942,,4433,興采,,-12925,,2,上櫃,113,-25914,0,,2067109,,1910938,,860000,,31.62,2227684,2159131,612998,4557373,961837,6624482,156171,2329689,4465351,0
79287,,4442,竣邦-KY,,2763,,2,上櫃,113,,,,548242,,548242,,0,,19.92,202017,597980,275289,212183,190903,760425,,10166,162445,0
-147717,,4502,健信,,16790,,2,上櫃,113,-23862,0,,707316,,702003,,442000,,12.22,1251511,1365877,579117,2054559,277675,2761875,5313,803048,1395998,0
-132493,,4503,金雨,,8116,,2,上櫃,113,,,,864943,,860191,,0,,14.26,112512,549162,603133,167121,381435,1032064,4752,54609,482902,0
3250376,,4506,崇友,,-57707,,2,上櫃,113,0,0,,5025939,,5026193,,0,,28.39,5008841,7410753,1770120,5058300,63404,10084239,-254,49459,2673486,0
371800,,4510,高鋒,,113650,,2,上櫃,113,,0,,1839571,,1836054,,0,,17.00,1726552,2260010,1080107,2653573,270497,4493144,3517,927021,2233134,0
75576,,4513,福裕,,-13271,,2,上櫃,113,,,,1384224,,1384224,,0,,12.95,911078,2080195,1143619,1675585,178300,3059809,,764507,979614,0
-49931,,4523,永彰,0,-68265,,2,上櫃,113,,,,996609,,876651,,0,,13.47,799690,700979,651000,893742,343847,1890351,119958,94052,1189372,0
782650,,4527,方方土霖,,-71288,,2,上櫃,113,,0,,1720707,,1601502,,0,,21.03,1563407,2669666,761524,1729577,128616,3450284,119205,166170,780618,0
1507778,,4528,江興鍛,,-109369,,2,上櫃,113,0,0,,2256841,,2256841,,0,,26.81,777402,1294575,841657,1467733,16775,3724574,0,690331,2429999,0
-434157,,4529,淳紳,,-106748,,2,上櫃,113,,,,335612,,334527,,0,,3.96,31922,99002,845491,33484,29941,369096,1085,1562,270094,0
-323670,,4530,天意能創,,-19420,,2,上櫃,113,,,,167355,,151283,,0,,3.06,35632,77006,494373,64692,,232047,16072,29060,155041,0
905154,,4533,協易機,,-116358,,2,上櫃,113,,,,2558119,,2558119,,0,,16.15,2676436,5325030,1584341,3920752,184982,6478871,,1244316,1153841,0
-190452,,4534,慶騰,,-46958,,2,上櫃,113,,,,689728,,689728,,0,,7.95,595569,833152,867889,675694,59249,1365422,0,80125,532270,0
1603580,,4535,至興,,-65389,,2,上櫃,113,0,0,,2732590,,2445609,,0,,32.32,385625,1958039,756617,407518,150801,3140108,286981,21893,1182069,0
176343,,4538,大詠城,,,,2,上櫃,113,,0,,844783,,,,0,,14.65,141442,470270,576686,144472,91754,989255,,3030,518985,0
25173,,4541,晟田,,,,2,上櫃,113,,0,,1533956,,,,0,,22.68,1681696,1745694,676471,2332517,832312,3866473,,650821,2120779,0
98208,,4542,科嶠,,17699,,2,上櫃,113,,0,,666534,,660492,,0,,20.46,491691,893690,322854,745431,221731,1411965,6042,253740,518275,0
887156,,4543,萬在,,-4442,,2,上櫃,113,-14115,,,1747355,,1747355,,924000,,31.18,595594,1159246,597723,923822,281033,2671177,,328228,1511931,0
863646,,4549,桓達,,-31619,,2,上櫃,113,0,,,1717874,,1717781,,0,,31.35,458834,1458541,558848,665219,326906,2383093,93,206385,924552,0
393027,,4550,長佳,,-7443,,2,上櫃,113,,,,880820,,880820,,0,,23.28,680821,970977,378387,847542,116849,1728362,,166721,757385,0
44699,,4554,橙的,,-4891,,2,上櫃,113,,,,443678,,443678,,0,,19.04,220993,589755,232986,281847,170884,725525,,60854,135770,0
107880,,4556,旭然,,6180,,2,上櫃,113,,0,,827135,,826290,,0,,19.73,443727,650052,423028,761804,289202,1588939,845,318077,938887,0
201895,,4558,寶緯,,,,2,上櫃,113,,,,917632,,,,0,,18.35,688727,1273800,500000,1162578,215737,2080210,,473851,806410,0
540216,,4561,健椿,,,,2,上櫃,113,,,,1335968,,,,0,,22.83,672641,1263553,585216,1224780,210536,2560748,,552139,1297195,0
113420,,4563,百德,,82052,,2,上櫃,113,,,,1565335,,1565335,,0,,28.49,1360967,2960384,549500,2553870,820363,4119205,,1192903,1158821,0
275145,,4568,科際精密,,-32131,,2,上櫃,113,-5113,,,1069634,,1069634,,98000,,33.45,345469,1005656,320781,537212,510952,1606846,,191743,601190,0
406876,,4577,達航科技,,-106911,,2,上櫃,113,,,,979359,,979359,,0,,19.93,818093,791374,491380,1009897,188014,1989256,,191804,1197882,0
1059889,,4580,捷流閥業,,-3029,,2,上櫃,113,,,,2282745,,2282745,,0,,52.92,1214337,2541664,431366,1532312,794519,3815057,,317975,1273393,0
403215,,4584,君帆,,-25453,,2,上櫃,113,,0,,958470,,958470,,0,,34.50,760714,1259685,300024,1085731,280684,2044201,,325017,784516,0
-285353,,4609,唐鋒,,-34054,,2,上櫃,113,,,,163394,,163394,,0,,3.41,242169,404921,479468,512025,3333,675419,,269856,270498,0
449630,,4702,中美實,,54685,,2,上櫃,113,,0,,1232569,,1232569,,0,,17.04,187952,632115,723332,202606,4922,1435175,,14654,803060,0
729554,,4706,大恭,,-28146,,2,上櫃,113,,,,1493553,,1492691,,0,,18.89,164447,1489817,790301,167860,982,1661413,862,3413,171596,0
1240708,,4707,磐亞,,-52760,,2,上櫃,113,,,,6097826,,,,0,,16.09,2500104,1131590,4037153,2602802,872725,8700628,,102698,7569038,0
363264,,4711,永純,,,,2,上櫃,113,,,,1027133,,1027133,,0,,16.82,196943,864537,610560,267444,53309,1294577,,70501,430040,0
143185,,4714,永捷,,4899,,2,上櫃,113,0,0,,5389324,,2169428,,0,,12.53,1833515,4377334,1731050,1935356,290294,7324680,3219896,101841,2947346,15000
257766,,4716,大立,,-447,,2,上櫃,113,0,,,1161807,,1155634,,0,,13.61,598667,1308305,849045,749544,49270,1911351,6173,150877,603046,0
540834,,4721,美琪瑪,,-98214,,2,上櫃,113,,,,1217308,,1217308,,0,,16.23,476830,1250040,749863,482147,24825,1699455,,5317,449415,0
-237227,,4726,永昕,,-1690,,2,上櫃,113,,0,,2227873,,2227873,,0,,10.81,638368,985817,2065712,1402946,401078,3630819,,764578,2645002,362500
652466,,4728,雙美,,-9134,,2,上櫃,113,,,,1191613,,1191613,,0,,21.88,962700,1356243,544630,1202978,3651,2394591,,240278,1038348,0
100002,,4729,熒茂,,116200,,2,上櫃,113,,,,1359888,,1117959,,0,,14.38,1425291,1704295,777268,1977540,124489,3337428,241929,552249,1633133,0
477370,,4735,豪展,,-101285,,2,上櫃,113,-6374,,,899928,,899928,,166000,,24.59,502629,961892,367688,512752,162529,1412680,0,10123,450788,0
231072,,4741,泓瀚,,-858,,2,上櫃,113,,,,921053,,911980,,0,,27.77,240212,609119,328416,266387,353350,1187440,9073,26175,578321,0
-265506,,4743,合一,,1416084,,2,上櫃,113,-25777,,,13949363,,13486053,,984163,,29.68,172653,7816510,4781565,807624,7579687,14756987,463310,634971,6940477,0
156600,,4744,皇將,,23773,,2,上櫃,113,0,,,1269979,,1162762,,0,,21.15,639294,1320608,549844,934094,432545,2204073,107217,294800,883465,0
889290,,4745,合富-KY,,-99347,,2,上櫃,113,,0,,5151195,,2788106,,0,,36.00,1645403,5751139,774496,1659068,1223667,6810263,2363089,13665,1059124,0
172009,,4747,強生*,,-7839,,2,上櫃,113,,,,1661999,,1661999,,0,,36.99,257587,1374511,449291,347176,1048538,2009175,,89589,634664,0
844522,,4749,新應材,,36815,,2,上櫃,113,,,,2612787,,2602578,,0,,31.67,1200228,1942754,823441,2138221,897800,4751008,10209,937993,2808254,169000
141471,,4754,國碳科,,-7634,,2,上櫃,113,,0,,479956,,479956,,0,,15.85,182224,446415,302832,345229,43287,825185,,163005,378770,0
333343,,4760,勤凱科技,,30633,,2,上櫃,113,-55705,,,849363,,,,2000000,,28.21,417574,889938,321127,418264,219965,1267627,,690,377689,0
553231,,4767,誠泰科技,,-34395,,2,上櫃,113,,,,912714,,913305,,0,,29.07,316118,1145173,314150,592811,80319,1505525,-591,276693,360352,0
138703,,4768,晶呈科技,,913,,2,上櫃,113,,0,,1792139,,1606107,,0,,37.29,477536,793371,452266,765436,1014225,2557575,186032,287900,1764204,0
392018,,4772,台特化,,,,2,上櫃,113,,0,,1774384,,,,0,,12.84,225140,630432,1382366,225290,,1999674,,150,1369242,0
-379747,,4804,大略-KY,0,-24438,,2,上櫃,113,0,,,49294,,49294,,0,,1.09,164063,64438,453479,281919,0,331213,0,117856,266775,0
-1251895,,4806,桂田文創,,-37435,,2,上櫃,113,,,,718864,,718864,,0,,3.60,137739,661146,1998941,259380,9253,978244,0,121641,317098,0
-24416,,4903,聯光通,,0,,2,上櫃,113,,0,,1083730,,1040949,,0,,10.00,163504,898423,1040515,196594,24850,1280324,42781,33090,381901,0
2653759,,4905,台聯電,,-84397,,2,上櫃,113,-14,,,3015992,,2870495,,595,,98.11,1083168,2056782,292600,1176251,8547,4192243,145497,93083,2135461,0
843317,,4907,富宇,,17223,,2,上櫃,113,,,,2111998,,,,0,,17.88,5409035,9031888,1181458,6999225,70000,9111223,,1590190,79335,0
720063,,4908,前鼎,,-4299,,2,上櫃,113,,0,,1591273,,,,0,,20.34,366723,1551860,782169,367803,93340,1959076,,1080,407216,0
1133388,,4909,新復興,,66576,,2,上櫃,113,,,,2648170,,2648170,,0,,28.37,503980,2786537,933568,539992,514638,3188162,,36012,401625,0
50417,,4911,德英,,,,2,上櫃,113,,0,,774648,,,,0,,13.92,98887,357293,589996,100215,134235,874863,,1328,517570,0
35924,,4923,力士,,-84,,2,上櫃,113,-31902,0,,661742,,661742,,550000,,19.85,151271,695914,338908,163278,318896,825020,,12007,129106,0
51641,,4924,欣厚-KY,,-71562,,2,上櫃,113,,,,356961,,356961,,0,,9.60,213369,242702,371644,360052,5238,717013,,146683,474311,0
415495,,4931,新盛力,,-23225,,2,上櫃,113,,,,1086739,,1086739,,0,,16.53,593752,1306897,657358,602900,37111,1689639,,9148,382742,0
1693077,,4933,友輝,,-69949,,2,上櫃,113,,,,3468319,,3468319,,0,,42.55,927686,3829176,815107,1235328,1030084,4703647,,307642,874471,72000
307371,,4939,亞電,0,70092,,2,上櫃,113,,0,,1552371,,1552371,,0,,15.81,1029486,1698162,982009,1311177,192899,2863548,0,281691,1165386,0
-74225,,4946,辣椒,,239,,2,上櫃,113,,,,49978,,50803,,0,,5.39,74928,82720,94282,84157,30507,134135,-825,9229,51415,0
-389237,,4950,金耘國際,,-5777,,2,上櫃,113,,,,72584,,72584,,0,,1.55,70190,62686,467598,97495,0,170079,,27305,107393,0
369445,,4951,精拓科,,-7481,,2,上櫃,113,,0,,833763,,827096,,0,,24.22,200307,477757,341487,214625,123645,1048388,6667,14318,570631,0
1614471,,4953,緯致,,-60150,,2,上櫃,113,0,0,,3600040,,3600040,,0,,49.34,1744399,4578059,729652,1904320,1316067,5504360,,159921,926301,0
16118452,,4966,譜瑞-KY,,1646438,,2,上櫃,113,-585517,0,,22163553,,22163553,,756734,,275.65,3558009,16475477,811618,3725379,4172562,25888932,,167370,9413455,0
563596,,4971,IET-KY,,131028,,2,上櫃,113,,,,1711760,,1711145,,0,,46.52,284333,679598,367857,286288,648664,1998048,615,1955,1318450,0
248471,,4972,湯石照明,,-51547,,2,上櫃,113,-14372,,,1601250,,1601250,,500000,,27.85,459687,1384996,579966,541020,838732,2142270,,81333,757274,0
620296,,4973,廣穎電通,,647536,,2,上櫃,113,-2250,0,,2237217,,2237217,,112990,,34.74,915169,1966256,645058,928449,326577,3165666,,13280,1199410,0
1642315,,4974,亞泰,,25968,,2,上櫃,113,,,,3100635,,3100635,,0,,42.77,1419384,4362975,725001,1496155,707351,4596790,,76771,233815,0
585132,,4979,華星光,,-45535,,2,上櫃,113,,,,3047143,,3047143,,0,,21.64,595812,2915033,1408398,595812,1099148,3642955,,0,727922,0
-341638,,4991,環宇-KY,,98662,,2,上櫃,113,,12000,,2774138,,2774138,,0,,24.81,181140,1145696,1118349,436006,1898765,3210144,,254866,2064448,0
284290,,4995,晶達,,2463,,2,上櫃,113,,,,913035,,913035,,0,,21.64,441288,739204,421900,822748,204382,1735783,,381460,996579,43000
4925286,,5009,榮剛,,3139,,2,上櫃,113,-338842,,,17996946,,17453167,,15676044,,29.74,4550196,17658258,6024712,16685574,6838872,34682520,543779,12135378,17024262,0
204842,,5011,久陽,,-23063,,2,上櫃,113,,0,,2557734,,2284897,,0,,22.73,1904437,2794504,1005820,3340605,1097298,5898339,272837,1436168,3103835,99000
2298866,,5013,強新,,-5048,,2,上櫃,113,,0,,4912698,,3638915,,0,,27.27,2290915,5226783,1334160,3775734,10937,8688432,1273783,1484819,3461649,0
1138870,,5014,建錩,,-178396,,2,上櫃,113,,,,3188825,,3183861,,0,,17.18,6629913,7652976,1853330,8299540,370057,11488365,4964,1669627,3835389,0
593740,,5015,華祺,,-43556,,2,上櫃,113,,,,1250528,,1250528,,0,,20.62,1160595,1884118,606392,1223758,93952,2474286,,63163,590168,0
935408,,5016,松和,,629,,2,上櫃,113,,0,,1450883,,1440258,,0,,29.02,644632,1769870,496221,1315353,8000,2766236,10625,670721,996366,0
138558,,5201,凱衛,,-37979,,2,上櫃,113,,0,,410120,,410120,,0,,13.37,99052,458583,306746,136427,2795,546547,,37375,87964,0
352229,,5202,力新,,-10919,,2,上櫃,113,,0,,1305066,,1305062,,0,,14.65,117654,883362,890940,124840,72812,1429906,4,7186,546544,0
-7022,,5205,中茂,,-56474,,2,上櫃,113,,,,55320,,54066,,0,,5.15,28447,26585,105000,34637,12562,89957,1254,6190,63372,0
1273947,,5206,坤悅,,0,,2,上櫃,113,0,0,,2924494,,2924494,,0,,18.76,10161967,13812097,1559250,11188469,91297,14112963,,1026502,300866,0
312607,,5209,新鼎,,2966,,2,上櫃,113,,0,,826634,,826634,,0,,29.14,3583979,4566318,283793,4138129,227268,4964763,,554150,398445,6250
-252220,,5210,寶碩,,-28647,,2,上櫃,113,0,,,341491,,341491,,0,,5.49,192989,226087,621778,204126,580,545617,0,11137,319530,0
-42093,,5211,蒙恬,,2170,,2,上櫃,113,0,0,,400456,,393090,,0,,12.27,24294,270608,320247,41345,112766,441801,7366,17051,171193,0
134852,,5212,凌網,,-8985,,2,上櫃,113,,,,485724,,476028,,0,,13.74,297401,640609,346330,345864,3831,831588,9696,48463,190979,0
1848068,,5213,亞昕,,-242773,,2,上櫃,113,-31810,0,,11184935,,9951781,,1420000,,18.14,44224665,58951670,5501292,52647043,2877004,63831978,1233154,8422378,4880308,0
346046,,5220,萬達光電,,21,,2,上櫃,113,,0,,788571,,788571,,0,,19.88,305158,651880,396670,539513,45834,1328084,,234355,676204,0
1019124,,5223,安力-KY,,-22574,,2,上櫃,113,,0,,2003604,,2003604,,0,,44.97,895097,1336629,445498,1225687,561556,3229291,,330590,1892662,0
-667206,,5227,立凱-KY,,27467,,2,上櫃,113,,0,,619261,,619261,,0,,7.46,529489,537693,830000,529489,429000,1148750,,0,611057,0
84955,,5228,鈺鎧,,2534,,2,上櫃,113,,0,,539707,,,,0,,14.18,245424,228780,380563,633874,71655,1173581,,388450,944801,0
298601,,5230,雷笛克光學,,-137718,,2,上櫃,113,0,,,1360988,,1352841,,0,,24.56,770329,1308105,550815,1167624,641143,2528612,8147,397295,1220507,0
61787,,5245,智晶,,0,,2,上櫃,113,-84691,,,969546,,932734,,1830000,,21.61,665552,561503,449900,823863,505738,1793409,36812,158311,1231906,0
13281,,5251,天鉞電,,-8256,,2,上櫃,113,-26353,,,405484,,405484,,1896000,,12.02,75443,400138,356294,85236,70518,490720,0,9793,90582,0
-15794,,5263,智崴,,26919,,2,上櫃,113,,,,3404238,,3404238,,0,,51.87,560347,2968684,656326,1919576,2736787,5323814,0,1359229,2355130,768463
11582,,5272,笙科,,194973,,2,上櫃,113,,,,1079192,,,,0,,19.52,53850,381873,552761,150853,319876,1230045,,97003,848172,0
2082078,,5274,信驊,,-8900,,2,上櫃,113,,,,3991163,,3991163,,0,,105.53,1764355,4643843,378207,1819299,1539778,5810462,,54944,1166619,0
82911,,5276,達輝-KY,,-168326,,2,上櫃,113,,0,,436130,,436130,,0,,11.04,317138,550511,395000,322180,126545,758310,,5042,207799,0
174901,,5278,尚凡*,,12300,,2,上櫃,113,,,,549175,,549175,,0,,24.68,1109068,2397732,300000,2082402,61974,2631577,,973334,233845,0
1508802,,5287,數字,,-334655,,2,上櫃,113,,0,,2173938,,2157894,,,,35.97,1243791,1844717,599993,1702257,383754,3876195,16044,458466,2031478,
4454354,,5289,宜鼎,,6482,,2,上櫃,113,,0,,6914246,,6803334,,0,,76.96,2453312,6632514,901657,3049772,1440841,9964018,110912,596460,3331504,0
390290,,5291,邑昇,,-25254,,2,上櫃,113,,,,984151,,959995,,0,,23.46,455073,930475,409256,581826,185703,1565977,24156,126753,635502,0
968466,,5299,杰力,,-572,,2,上櫃,113,,,,3132034,,3132034,,0,,61.55,907232,2237090,508890,910060,1655250,4042094,,2828,1805004,0
-738583,,5301,寶得利,,-9509,,2,上櫃,113,0,,,715437,,679631,,0,,4.76,137181,759057,1427526,244331,197,959768,35806,107150,200711,0
-295785,,5302,太欣,,-10998,,2,上櫃,113,0,0,,1297443,,1293162,,0,,8.09,82702,72220,1598883,483672,1062,1781115,4281,400970,1708895,0
314084,,5309,系統電,,-80653,,2,上櫃,113,,0,,3249175,,3049592,,0,,16.02,1122561,3343539,1903331,1903526,912830,5152701,199583,780965,1809162,4000
-84347,,5310,天剛,,154,,2,上櫃,113,,,,205242,,205242,,0,,7.09,34180,210586,289435,50132,0,255374,,15952,44788,0
2019564,,5312,寶島科,,73460,,2,上櫃,113,0,0,,3174237,,3168464,,0,,52.76,2991401,4706710,600599,4620403,474841,7794640,5773,1629002,3087930,0
159148,,5314,世紀*,,0,,2,上櫃,113,,0,,310969,,306356,,0,,20.84,105756,344035,147000,113372,208,424341,4613,7616,80306,0
476844,,5315,光聯,,7723,,2,上櫃,113,0,0,,1585968,,1585968,,0,,14.91,410985,1727461,1063518,465788,37883,2051756,0,54803,324295,0
99748,,5321,美而快,0,-11803,,2,上櫃,113,,,,826448,,721247,,0,,14.58,2064425,1993711,531798,4014569,101504,4841017,105201,1950144,2847306,0
-798040,,5324,士開,,-201037,,2,上櫃,113,,0,,1371529,,1282198,,0,,5.66,5941457,8645997,2263791,9037301,17484,10408830,89331,3095844,1762833,0
187274,,5328,華容,,259,,2,上櫃,113,,,,1928719,,1924328,,0,,11.14,288749,1331157,1727107,358494,9688,2287213,4391,69745,956056,0
65641,,5340,建榮,,,,2,上櫃,113,,0,,2014581,,,,0,,10.34,376354,1204515,1948940,382083,,2396664,,5729,1192149,0
-224722,,5344,立衛,,-48430,,2,上櫃,113,,,,521322,,,,0,,6.56,66100,304932,794474,107665,,628987,,41565,324055,0
-133247,,5345,馥鴻,,0,,2,上櫃,113,,,,266264,,266264,,0,,7.04,17274,275542,377950,19640,21561,285904,,2366,10362,0
23626406,,5347,世界,,1194610,,2,上櫃,113,,,,42143522,,42143522,,0,,25.71,27980481,63364427,16389823,67147701,932683,109291223,,39167220,45926796,0
-147912,,5348,正能量智能,0,-591,,2,上櫃,113,0,,,156181,,141551,,0,,4.89,63572,190319,289503,68406,551,224587,14630,4834,34268,0
-366641,,5351,鈺創,,147881,,2,上櫃,113,,0,,3259367,,3151229,,0,,10.84,2856388,3972675,2908681,3289874,461308,6549241,108138,433486,2576566,82000
298364,,5353,台林,,58949,,2,上櫃,113,,,,1300570,,1300570,,0,,17.30,703316,1399242,751980,801752,191277,2102322,,98436,703080,0
-606283,,5355,佳總,,-23244,,2,上櫃,113,,,,1032175,,1032175,,0,,6.21,167515,812250,1661228,190720,474,1222895,0,23205,410645,0
3407222,,5356,協益,,-230570,,2,上櫃,113,,,,4582036,,4582036,,0,,44.47,893722,2692665,1030400,1465705,374984,6047741,0,571983,3355076,0
-87387,,5364,力麗店,,-36540,,2,上櫃,113,,,,556927,,546243,,0,,11.18,439953,416475,488499,686212,181671,1243139,10684,246259,826664,0
-1095896,,5381,光譜,,232115,,2,上櫃,113,,,,1401443,,1350008,,0,,6.32,1742763,1440490,2137268,2122568,76521,3524011,51435,379805,2083521,0
179451,,5386,青雲,,1759,,2,上櫃,113,,,,545795,,,,0,,19.06,1079171,1561121,312114,1079499,52471,1625294,,328,64173,0
1600400,,5392,能率,,-110381,,2,上櫃,113,-5714,0,,7812806,,5805506,,983873,,34.56,5045919,8856134,1689590,7820276,2631611,15633082,2007300,2774357,6776948,0
-831,,5398,慕康生醫,,-13519,,2,上櫃,113,0,,,546158,,546158,,0,,11.04,104208,299005,494655,117380,65853,663538,,13172,364533,0
1119817,,5403,中菲,,21018,,2,上櫃,113,0,,,2267184,,2267184,,0,,29.73,2069113,3095759,762695,2255160,363654,4522344,0,186047,1426585,0
402830,,5410,國眾,,2428,,2,上櫃,113,0,0,,1354690,,1353869,,0,,14.89,1556978,2155760,927204,1657185,21407,3011875,821,100207,856115,1564000
3518279,,5425,台半,,-253737,,2,上櫃,113,-599878,0,,10461350,,7545687,,15960000,,30.48,5097609,9903073,2634854,7346452,2246169,17807802,2915663,2248843,7904729,0
648235,,5426,振發,,-37522,,2,上櫃,113,0,0,,2131825,,2126647,,0,,14.79,385520,1402098,1438000,600579,77934,2732404,5178,215059,1330306,0
173355,,5432,新門,,,,2,上櫃,113,,0,,380233,,,,0,,18.38,63143,307701,206878,64366,,444599,,1223,136898,0
1077034,,5438,東友,,359459,,2,上櫃,113,,0,,2563828,,2563828,,0,,22.78,628871,964929,1125365,700852,1970,3264680,,71981,2299751,0
890078,,5439,高技,,0,,2,上櫃,113,,,,2314742,,,,0,,24.90,1662437,2724534,929757,2032326,494907,4347068,,369889,1622534,0
633706,,5443,均豪,,3056960,,2,上櫃,113,-30254,0,,6317372,,5579597,,1674000,,34.13,3427695,4110451,1651361,4449130,267824,10766502,737775,1021435,6656051,0
217187,,5450,南良,,212612,,2,上櫃,113,,,,1754615,,1754615,,0,,14.33,949185,1830120,1224032,1813818,100784,3568433,,864633,1738313,0
447142,,5452,佶優,0,-9835,,2,上櫃,113,0,0,,2295963,,2086574,,0,,14.03,1514831,3543488,1487637,1866641,161630,4162604,209389,351810,619116,0
276554,,5455,昇益,,8465,,2,上櫃,113,,,,943774,,,,0,,14.41,3868793,4734094,655018,3869738,3737,4813512,,945,79418,0
2075215,,5457,宣德,,33265,,2,上櫃,113,,0,,10367036,,4389640,,0,,25.43,10639940,14455082,1726037,14481621,555123,24848657,5977396,3841681,10393575,0
154619,,5460,同協,,-29717,,2,上櫃,113,,,,726402,,726402,,0,,12.36,56000,553117,587781,87429,13719,813831,,31429,260714,0
623703,,5464,霖宏,,,,2,上櫃,113,,,,1426992,,1426992,,0,,20.08,2157685,2359190,710715,3146248,92574,4573240,,988563,2214050,0
585691,,5465,富驊,,-58756,,2,上櫃,113,,,,2834511,,2319029,,0,,15.70,1609462,3617203,1476826,1625275,315268,4459786,515482,15813,842583,0
-128343,,5468,凱鈺,,-32000,,2,上櫃,113,,,,284240,,284240,,0,,7.93,118824,417040,358229,254809,86354,539049,,135985,122009,0
1422803,,5474,聰泰,,,,2,上櫃,113,-38296,0,,1788859,,,,599000,,44.99,498447,1170976,403559,554980,793,2343839,,56533,1172863,0
-809589,,5475,德宏,,370455,,2,上櫃,113,,,,825159,,832136,,0,,6.55,982640,842119,1271270,1007002,,1832161,-6977,24362,990042,0
3797283,,5478,智冠,,271220,,2,上櫃,113,-610501,,,10591813,,9355918,,6807414,,62.68,9534589,15335842,1560743,9795475,4337173,20387288,1235895,260886,5051446,0
502911,,5481,新華,,-282,,2,上櫃,113,-65913,,,1230913,,1230913,,5000000,,18.54,263837,518578,714029,371797,80168,1602710,0,107960,1084132,0
20413862,,5483,中美晶,,-5702332,,2,上櫃,113,-4382100,0,,106847787,,40176864,,27050000,,71.85,94015720,121928692,5862217,166373202,23985217,273220989,66670923,72357482,151292297,0
248915,,5487,通泰,,1027,,2,上櫃,113,,0,,532818,,532818,,0,,22.00,32067,476686,242225,59362,40651,592180,,27295,115494,0
52280,,5488,松普,,-23667,,2,上櫃,113,0,0,,944474,,944474,,0,,10.31,530168,1248187,915861,583371,0,1527845,0,53203,279658,0
1172516,,5489,彩富,,181,,2,上櫃,113,-154417,,,2153993,,2148985,,4119500,,21.80,527569,1863543,1027064,572880,103641,2726873,5008,45311,863330,0
239196,,5490,同亨,,8900,,2,上櫃,113,-82818,,,1209091,,1209091,,3000000,,12.98,703275,1736241,961522,779755,82291,1988846,,76480,252605,0
935925,,5493,三聯,,445705,,2,上櫃,113,,0,,2930649,,1862715,,0,,44.77,2110121,2819419,436892,2297904,44193,5228553,1067934,187783,2409134,0
193161,,5498,凱崴,,-43669,,2,上櫃,113,,,,2172213,,2153570,,0,,11.20,1184993,2258811,1923535,1819806,80543,3992019,18643,634813,1733208,0
4379440,,5508,永信建,,0,,2,上櫃,113,,,,6785471,,,,0,,31.21,6813612,16604008,2174281,9919607,231750,16705078,,3105995,101070,0
4232743,,5511,德昌,,47164,,2,上櫃,113,,,,5646720,,5557845,,0,,48.99,5200093,10279605,1134400,6864781,143538,12511501,88875,1664688,2231896,0
5343911,,5512,力麒,,8718,,2,上櫃,113,-98195,0,,17850359,,13632035,,6304815,,18.48,14340269,22222939,7663125,22443396,714476,40293755,4218324,8103127,18070816,0
375450,,5514,三豐,,361732,,2,上櫃,113,-23395,,,2985526,,2985501,,8679220,,14.38,2826188,4588000,2270368,2830779,1346,5816305,25,4591,1228305,0
581,,5516,雙喜,,0,,2,上櫃,113,0,0,,516033,,,,0,,10.31,2971802,3183126,515452,3086600,0,3602633,,114798,419507,0
1742916,,5520,力泰,,41686,,2,上櫃,113,,0,,2580812,,2421359,,0,,40.37,1018510,2279714,599752,1118484,37005,3699296,159453,99974,1419582,0
1459087,,5523,豐謙,,,,2,上櫃,113,,0,,3024741,,3014328,,0,,19.45,1805700,4533618,1550015,1839226,5226,4863967,10413,33526,330349,0
-115864,,5529,鉅陞,,,,2,上櫃,113,,0,,1004226,,1004226,,0,,11.56,2940752,3806610,868374,3039443,251716,4043669,,98691,237059,0
16065566,,5530,龍巖,,1977230,,2,上櫃,113,,,,25265201,,25154924,,0,,59.88,46566092,44758135,4200842,46738691,2911286,72003892,110277,172599,27245757,0
4814876,,5536,聖暉*,,686294,,2,上櫃,113,,0,,14367142,,9796090,,0,,78.95,14232789,26042820,620405,15219932,3674515,29587074,4571052,987143,3544254,0
-25593,,5543,桓鼎-KY,,-51818,,2,上櫃,113,,0,,1194330,,625916,,0,,15.92,2329651,2472219,404836,2670259,298491,3864589,568414,340608,1392370,0
114993,,5547,久舜,,,,2,上櫃,113,,0,,452482,,,,0,,15.08,922671,1197597,300000,923771,37489,1376253,,1100,178656,0
149550,,5548,安倉,,,,2,上櫃,113,,0,,650261,,,,0,,16.38,1100990,1502001,406925,1142714,93786,1792975,,41724,290974,0
725267,,5601,台聯櫃,,-4375,,2,上櫃,113,,0,,1371922,,,,0,,21.17,43587,115175,648000,509808,3030,1881730,,466221,1766555,0
797201,,5603,陸海,,-84856,,2,上櫃,113,,0,,1922071,,1849077,,0,,17.63,901122,896428,1048766,1166701,87966,3088772,72994,265579,2192344,0
863061,,5604,中連,,0,,2,上櫃,113,,0,,2034737,,2034737,,0,,18.70,70990,201203,1087830,579977,83846,2614714,0,508987,2413511,0
3820120,,5609,中菲行,0,848986,,2,上櫃,113,-181852,,,6088811,,5978328,,2140000,,42.48,2571353,7373698,1428840,2768094,62234,8856905,110483,196741,1483207,0
-834748,,5701,劍湖山,,28947,,2,上櫃,113,,,,624982,,624982,,0,,4.37,1239136,112094,1430000,1971425,783,2596407,,732289,2484313,0
-203796,,5703,亞都麗緻,,-20879,,2,上櫃,113,,,,477721,,477721,,0,,6.80,196396,246536,702396,442946,,920667,,246550,674131,0
177558,,5704,老爺知,,,,2,上櫃,113,,0,,566281,,,,0,,14.57,188112,378500,388617,193911,106,760192,,5799,381692,0
,2499866,5864,致和證,,242388,,2,上櫃,113,,,,6327691,,,,,0,20.51,2941395,7661689,3393292,2976323,192145,9304014,,34928,1642325,0
162621,,5878,台名,,28172,,2,上櫃,113,,,,529507,,529507,,0,,21.16,151302,368191,250243,254035,88471,783542,,102733,415351,0
224102,,5902,德記,,-19910,,2,上櫃,113,,,,1149192,,1149192,,0,,12.16,580156,1176448,945000,597289,0,1746481,,17133,570033,0
4602165,,5903,全家,,-167898,,2,上櫃,113,,0,,7999041,,6920340,,0,,31.00,39041078,18468959,2232200,67873191,253873,75872232,1078701,28832113,57403273,0
3328003,,5904,寶雅*,,,,2,上櫃,113,,0,,5632831,,,,0,,53.68,9118915,9553493,1049362,21256028,1255466,26888859,,12137113,17335366,0
-179793,,5905,南仁湖,,-11753,,2,上櫃,113,,0,,3428115,,2632445,,0,,10.54,2175444,2631333,2498247,4963076,325744,8391191,795670,2787632,5759858,0
,1001385,6015,宏遠證,,135194,,2,上櫃,113,,,,5375043,,,5375043,,0,13.97,12710500,16917660,3848870,13137285,389594,18512328,,426785,1594668,33635434
,2621311,6016,康和證,,557760,,2,上櫃,113,,0,,9656072,,,9596179,,0,16.14,36918757,41441946,6241777,38161165,175331,47817237,59893,1242408,6375291,0
,1596500,6020,大展證,,412822,,2,上櫃,113,,0,,4533778,,,4533315,,0,17.96,2696347,6134282,2523532,2698513,461,7232291,463,2166,1098009,0
,2898801,6021,美好證,,2322613,,2,上櫃,113,,0,,8385979,,,8385979,,0,26.95,13172913,22070503,3111509,15107325,53056,23493304,,1934412,1422801,0
,6138536,6023,元大期貨,,2257450,,2,上櫃,113,,0,,14366233,,,14366233,,0,49.54,115630109,127692241,2899763,117258471,3070484,131624704,,1628362,3932463,0
,1463049,6026,福邦證,,42692,,2,上櫃,113,,,,5621192,,,5621192,,0,14.19,7631990,12051957,3961619,7653583,153832,13274775,0,21593,1222818,0
264928,,6028,公勝保經,,,,2,上櫃,113,,0,,521062,,521062,,0,,26.05,675043,940718,200000,753560,56134,1274622,,78517,333904,0
65811,,6101,寬魚國際,,5096,,2,上櫃,113,-60961,0,,1174295,,1174295,,1980000,,10.26,109093,759037,1164224,132311,125,1306606,,23218,547569,0
-6778,,6103,合邦,,781,,2,上櫃,113,,,,130052,,130052,,0,,9.56,35077,150846,136049,40257,0,170309,,5180,19463,0
604735,,6104,創惟,,-77460,,2,上櫃,113,0,,,1749752,,1746403,,0,,19.26,777574,1899697,906800,1265119,312328,3014871,3349,487545,1115174,0
39055,,6109,亞元,,-35161,,2,上櫃,113,0,0,,719600,,720156,,0,,10.66,342594,842657,675744,354781,40518,1074381,-556,12187,231724,0
594578,,6111,光聚晶電,,-158007,,2,上櫃,113,-143358,,,3217112,,1627464,,8324024,,17.05,3334147,3616670,1037811,4523080,296440,7740192,1589648,1188933,4123522,0
-8453,,6113,亞矽,,-38908,,2,上櫃,113,0,0,,582181,,582181,,0,,11.63,470794,871845,525495,618763,104047,1200944,0,147969,329099,0
837807,,6114,久威,,-96310,,2,上櫃,113,,0,,1353176,,1353176,,0,,30.82,873827,1907144,439119,954358,172560,2307534,,80531,400390,0
77348,,6118,建達,,-1928,,2,上櫃,113,,,,1051734,,1051734,,0,,11.57,2102137,2950076,908896,2114844,67418,3166578,,12707,216502,0
27604713,,6121,新普,,-296495,,2,上櫃,113,,,,40901975,,34851494,,0,,188.42,30915072,61934078,1849705,34938693,5693571,75840668,6050481,4023621,13906590,0
695752,,6122,擎邦,,133554,,2,上櫃,113,,0,,1620576,,1620576,,0,,21.79,3081211,4253170,780916,3114792,10354,4735368,,33581,482198,0
488220,,6123,上奇,,40599,,2,上櫃,113,,,,1816496,,1473907,,0,,23.74,1905248,2997208,620894,1916771,324194,3733267,342589,11523,736059,0
862667,,6124,業強,,-68996,,2,上櫃,113,,0,,3513653,,3449690,,0,,18.90,1253487,2012586,1824799,1257485,831220,4771138,63963,3998,2758552,0
839964,,6125,廣運,0,-237182,,2,上櫃,113,0,,0,5434624,,3799625,,0,,14.72,3285408,5004856,2580604,6506092,616239,11940716,1634999,3220684,6935860,9049221
429596,,6126,信音,,18481,,2,上櫃,113,0,0,,6202214,,3446322,,0,,27.40,1850091,7116159,1258129,3009627,1740116,9211841,2755892,1159536,2095682,0
-33496,,6127,九豪,0,36834,,2,上櫃,113,0,,,1143205,,1143205,,0,,10.58,927058,1203719,1080798,2337066,59069,3480271,0,1410008,2276552,0
88007,,6129,普誠,,-13191,,2,上櫃,113,,,,2141759,,1958176,,0,,10.82,243137,1485592,1809437,305133,73923,2446892,183583,61996,961300,0
-1752,,6130,上亞科技,,-10751,,2,上櫃,113,,,,778667,,661366,,0,,14.93,89264,334828,443000,176559,230869,955226,117301,87295,620398,0
-23244,,6134,萬旭,,30477,,2,上櫃,113,,0,,957665,,788460,,0,,10.86,618705,1123788,725845,701200,55382,1658865,169205,82495,535077,0
1684072,,6138,茂達,,-95068,,2,上櫃,113,-57774,0,,4025061,,3161811,,1347088,,42.90,1964932,4743347,750495,2262189,880086,6287250,863250,297257,1543903,0
96679,,6140,訊達電腦,,-12552,,2,上櫃,113,,,,583620,,583620,,0,,12.57,824039,1152260,499071,841570,422,1425190,,17531,272930,0
1552417,,6143,振曜,,-17999,,2,上櫃,113,-46429,,,4412661,,2827789,,1448000,,32.86,2771271,5983298,875069,3044374,464731,7457035,1584872,273103,1473737,0
-55038,,6144,得利影,,-1670,,2,上櫃,113,,0,,327919,,,,0,,8.57,47308,225533,382737,51566,1890,379485,,4258,153952,0
3116923,,6146,耕興,,12001,,2,上櫃,113,,,,5457535,,5042867,,0,,49.50,2567148,5820116,1018672,3032622,895271,8490157,414668,465474,2670041,0
32144606,,6147,頎邦,,5534949,,2,上櫃,113,,,,48928301,,48928301,,0,,65.70,3216345,11527239,7446755,4426596,3801991,53354897,,1210251,41827658,0
85188,,6148,驊宏資,,0,,2,上櫃,113,0,0,,562455,,562455,,0,,12.07,450727,740182,466038,590697,11229,1153152,0,139970,412970,0
275396,,6150,撼訊,,-35559,,2,上櫃,113,,,,1566871,,1563547,,0,,32.34,1548538,2413830,483460,1956973,840250,3523844,3324,408435,1110014,0
326828,,6151,晉倫,,2620,,2,上櫃,113,0,0,,982135,,982135,,0,,17.77,666156,1018936,552573,727785,100114,1709920,0,61629,690984,0
436055,,6154,順發,,-1290,,2,上櫃,113,,,,1238985,,1238985,,0,,15.47,621734,1385238,800800,800626,3420,2039611,,178892,654373,0
871813,,6156,松上,0,-103377,,2,上櫃,113,0,0,,2878662,,1996982,,0,,20.64,2900263,4892053,967634,3485947,260912,6364609,881680,585684,1472556,0
652851,,6158,禾昌,,-100016,,2,上櫃,113,,,,1182414,,1182414,,0,,21.50,1148271,1532158,549952,1241238,79627,2423652,,92967,891494,0
46601,,6160,欣技,,3805,,2,上櫃,113,,,,736074,,736448,,0,,10.75,472481,1038871,684891,576644,1151,1312718,-374,104163,273847,0
551011,,6161,捷波,,5802,,2,上櫃,113,0,0,,1434098,,1434098,,0,,19.13,482745,1453596,749833,541780,127452,1975878,0,59035,522282,0
501052,,6163,華電網,,28267,,2,上櫃,113,-13247,,,2329548,,2329548,,961000,,16.63,2996414,4597454,1410502,3156787,402974,5486335,0,160373,888881,0
258998,,6167,久正,,-91649,,2,上櫃,113,,0,,1797929,,1797929,,0,,11.09,355998,1281545,1621732,371052,8848,2168981,0,15054,887436,0
77279,,6169,昱泉,,-11430,,2,上櫃,113,,,,303676,,303676,,0,,12.98,24611,38602,233950,115259,3877,418935,,90648,380333,0
340777,,6170,統振,,-18961,,2,上櫃,113,-36599,,,1768625,,1751244,,2410000,,18.01,2446798,3574536,996701,2482797,469326,4251422,17381,35999,676886,0
621726,,6171,大城地產,,0,,2,上櫃,113,,,,1823510,,,,0,,18.24,2019797,3824079,1000000,2019797,201784,3843307,,,19228,0
4038424,,6173,信昌電,,877527,,2,上櫃,113,-54371,,,7078832,,7078832,,800000,,41.35,1523221,2682607,1720000,1861129,497252,8939961,,337908,6257354,0
92681,,6174,安碁,,92312,,2,上櫃,113,,0,,684993,,684993,,0,,13.70,147456,467418,500000,194852,,879845,,47396,412427,0
1394445,,6175,立敦,,-124736,,2,上櫃,113,-41808,0,,3982088,,3259848,,1300000,,22.91,1966336,3197705,1436049,2159268,595898,6141356,722240,192932,2943651,385340
43218,,6179,亞通,,-41791,,2,上櫃,113,-64201,0,,2486548,,2249297,,2047000,,19.62,2779596,4809214,1166692,3185752,1145379,5672300,237251,406156,863086,0
4086148,,6180,橘子,,-434213,,2,上櫃,113,,0,,7118994,,6757905,,0,,38.51,3506748,4543389,1754936,3635927,1351034,10754921,361089,129179,6211532,0
2554005,,6182,合晶,,-138508,,2,上櫃,113,,,,24503679,,14086203,,0,,25.95,4797777,14730922,5427436,8797802,6243270,33301481,10417476,4000025,18570559,0
667948,,6185,幃翔,,11793,,2,上櫃,113,,,,2235857,,2235857,,0,,14.92,192829,1851265,1498675,418798,57441,2654655,,225969,803390,0
663629,,6186,新潤,,,,2,上櫃,113,,0,,3236005,,,,0,,21.58,15662313,20190747,1724846,17499348,847530,20735353,,1837035,544606,0
1466050,,6187,萬潤,,334719,,2,上櫃,113,-98820,0,,3804431,,3804431,,1768000,,43.07,1354292,3330517,903727,1487541,1198755,5291972,,133249,1961455,0
4267941,,6188,廣明,,176039,,2,上櫃,113,,0,,9335616,,8976580,,0,,32.25,3776077,9301000,2783589,4035760,1749011,13371376,359036,259683,4070376,0
682950,,6190,萬泰科,,74559,,2,上櫃,113,-61008,0,,3267066,,2787958,,3614000,,17.52,2347617,4657010,1627413,3523944,464044,6791010,479108,1176327,2134000,0
1362541,,6194,育富,,-1685,,2,上櫃,113,,0,,1886523,,1886523,,0,,39.30,426176,2110008,480000,554698,45667,2441221,,128522,331213,0
446142,,6195,詩肯,,26554,,2,上櫃,113,,,,1271541,,1267549,,0,,25.25,945611,890698,501930,2306817,292923,3578358,3992,1361206,2687660,0
4239,,6198,瑞築,,-266,,2,上櫃,113,,0,,2517338,,2517338,,0,,25.00,631421,3364247,1006864,907463,1506501,3424801,,276042,60554,0
179097,,6199,天品,,-30813,,2,上櫃,113,,,,770970,,766568,,0,,12.41,110037,725447,617600,125654,684,896624,4402,15617,171177,0
1803352,,6203,海韻電,,-15235,,2,上櫃,113,,,,2888811,,2888811,,0,,35.06,1377800,3690847,824063,1454771,276631,4343582,,76971,652735,0
110304,,6204,艾華,,-19762,,2,上櫃,113,,,,321563,,321563,,0,,13.92,82152,283144,231021,148970,,470533,,66818,187389,0
829469,,6207,雷科,,185943,,2,上櫃,113,,0,,1947584,,1944272,,0,,24.40,2139640,2836407,796799,2404021,132061,4351605,3312,264381,1515198,0
1582334,,6208,日揚,,-10918,,2,上櫃,113,,,,3741262,,3116199,,0,,26.36,1597147,3380546,1182017,3607897,362766,7349159,625063,2010750,3968613,0
162232,,6210,慶生,,,,2,上櫃,113,,0,,532737,,,,0,,15.20,74464,334287,350480,84661,20025,617398,,10197,283111,0
2280348,,6212,理銘,,-24352,,2,上櫃,113,,0,,3275996,,,,0,,32.12,7763442,10981750,1020000,7765569,0,11041565,,2127,59815,0
311718,,6217,中探針,,-34442,,2,上櫃,113,-26226,0,,2660752,,2661550,,898000,,27.66,2020207,2671508,971080,3178083,1439420,5838835,-798,1157876,3167327,0
240194,,6218,豪勉,,30721,,2,上櫃,113,,,,953825,,953825,,0,,14.84,829840,1317451,642620,847276,40290,1801101,,17436,483650,0
233750,,6219,富旺,,410,,2,上櫃,113,,0,,1699224,,1699224,,0,,14.28,8355924,10101252,1190163,9206548,274901,10905772,,850624,804520,0
538765,,6220,岳豐,,74486,,2,上櫃,113,,0,,3071927,,3066707,,0,,20.94,4632672,6302705,1464627,5728582,988829,8800509,5220,1095910,2497804,0
597406,,6221,晉泰,,941520,,2,上櫃,113,,,,2897267,,2897267,,0,,29.07,2570586,5109676,1247139,2761217,111202,5658484,0,190631,548808,130000
-126411,,6222,立軒,,0,,2,上櫃,113,,,,285268,,285193,,0,,7.03,3094,179893,405889,4699,5715,289967,75,1605,110074,0
5166604,,6223,旺矽,,337954,,2,上櫃,113,,,,8196370,,8191414,,0,,86.93,3887768,7784190,942311,5501127,1744545,13697497,4956,1613359,5913307,0
1523597,,6227,茂綸,,25227,,2,上櫃,113,,,,2423912,,2423912,,0,,31.85,4052619,6400467,761118,4150575,113970,6574487,,97956,174020,0
-27338,,6228,全譜,,14197,,2,上櫃,113,,,,286830,,286830,,0,,11.03,84222,134213,260000,125285,39971,412115,,41063,277902,0
216483,,6229,研通,,78481,,2,上櫃,113,0,0,,661915,,661915,,0,,18.57,782805,992167,356407,863629,10544,1525544,,80824,533377,0
445842,,6231,系微,,18335,,2,上櫃,113,,,,988176,,988176,,0,,25.97,526830,1386728,456522,588136,67477,1576312,,61306,189584,0
10631,,6233,旺玖,,361129,,2,上櫃,113,,0,,1304928,,1304928,,0,,16.27,99682,675596,804512,136903,128656,1441831,,37221,766235,135000
753502,,6234,高僑,,51398,,2,上櫃,113,,0,,2794751,,2794751,,0,,27.84,1638971,2603832,1003864,1699043,985987,4493794,,60072,1889962,0
-259965,,6236,中湛,,373,,2,上櫃,113,,,,156948,,156948,,0,,3.77,13571,150118,416540,13715,0,170663,,144,20545,0
323309,,6237,驊訊,,-369,,2,上櫃,113,0,0,,1595935,,1595935,,0,,20.29,104190,737279,786454,125661,486541,1721596,,21471,984317,0
200426,,6240,松崗,,18048,,2,上櫃,113,,,,447148,,447148,,0,,19.55,407208,265650,228674,576564,0,1023712,,169356,758062,0
-61803,,6241,鑫永洋,,0,,2,上櫃,113,,,,425197,,,,0,,8.73,197381,344741,487000,197848,0,623045,,467,278304,0
293440,,6242,立康,,-13738,,2,上櫃,113,,,,811156,,811156,,0,,25.50,177877,633744,318065,295217,213389,1106373,,117340,472629,0
449187,,6244,茂迪,,-489790,,2,上櫃,113,,,,4450018,,4370511,,0,,11.29,2317241,4583641,3870419,4733312,540695,9183330,79507,2416071,4599689,0
2603166,,6245,立端,,-19988,,2,上櫃,113,,0,,5544316,,5544316,,0,,37.95,3206905,7707235,1461003,3701287,1500135,9245603,0,494382,1538368,758000
25912,,6246,臺龍,,-16471,,2,上櫃,113,,0,,409386,,409386,,0,,10.82,788792,1093486,378514,804151,21431,1213537,,15359,120051,0
407734,,6248,沛波,,,,2,上櫃,113,,0,,1505833,,1505833,,0,,21.53,1913641,2653239,699561,2553907,398538,4059740,,640266,1406501,0
40093,,6259,百徽,,7170,,2,上櫃,113,,,,341647,,335562,,0,,15.24,92444,389650,220184,106723,68115,448370,6085,14279,58720,0
2779941,,6261,久元,,-10201,,2,上櫃,113,,,,6701540,,6494124,,0,,50.54,1721897,5509232,1284980,1916124,2439404,8617664,207416,194227,3108432,0
821425,,6263,普萊德,,0,,2,上櫃,113,,0,,1457637,,1457637,,0,,23.32,839756,2202091,625010,943986,11202,2401623,,104230,199532,0
-504151,,6264,富裔,,-60000,,2,上櫃,113,,,,760631,,599402,,0,,5.15,986190,2150961,1163553,2814756,0,3575387,161229,1828566,1424426,0
-43060,,6265,方土昶,,-83124,,2,上櫃,113,,,,1369217,,1369217,,0,,11.59,228716,1356776,1181722,235563,313679,1604780,,6847,248004,0
558102,,6266,泰詠,,42301,,2,上櫃,113,,0,,2308453,,2308453,,0,,15.92,1178301,2791644,1450067,1280402,257983,3588855,,102101,797211,0
129540,,6270,倍微,,1822526,,2,上櫃,113,,0,,3034905,,3034905,,0,,42.07,1369605,2342460,721458,1372883,361381,4407788,,3278,2065328,0
7001994,,6274,台燿,,47909,,2,上櫃,113,,,,12244488,,12244488,,0,,45.01,6947973,18204798,2720330,10789727,2474255,23034215,,3841754,4829417,0
519085,,6275,元山,,33211,,2,上櫃,113,-11773,0,,1501378,,1501378,,766000,,19.43,1264335,2068597,780310,1897886,180545,3399264,,633551,1330667,0
12169,,6276,安鈦克,,-1232,,2,上櫃,113,,,,234880,,234880,,0,,10.66,352433,587376,220430,423125,3513,658005,0,70692,70629,0
4419980,,6279,胡連,,-100096,,2,上櫃,113,,,,6375952,,6330589,,0,,63.52,4655022,7639194,1021476,6433140,989229,12809092,45363,1778118,5169898,0
2578927,,6284,佳邦,,-117701,,2,上櫃,113,0,,,7236770,,7195186,,0,,48.30,3310745,5801196,1489803,5707054,3244157,12943824,41584,2396309,7142628,0
2886919,,6290,良維,,-156778,,2,上櫃,113,,0,,6210071,,6005367,,0,,37.94,2503959,5924749,1582784,2730098,1692442,8940169,204704,226139,3015420,0
385023,,6291,沛亨,0,-7808,,2,上櫃,113,0,,,1271257,,1269087,,0,,30.22,761314,1771885,420000,806876,471872,2078133,2170,45562,306248,0
697750,,6292,迅德,0,-12641,,2,上櫃,113,-10836,,,1220443,,1220443,,300000,,26.19,1342061,2317133,469007,1475056,77163,2695499,0,132995,378366,0
346541,,6294,智基,,,,2,上櫃,113,,0,,592268,,592268,,0,,24.10,702584,727337,245727,906513,,1498781,0,203929,771444,0
1827910,,6411,晶焱,,-52709,,2,上櫃,113,,0,,4793607,,4642539,,0,,46.89,1503909,3818628,990010,1540368,1877328,6333975,151068,36459,2515347,0
736837,,6417,韋僑,,-1598,,2,上櫃,113,,,,1505931,,1505931,,0,,35.62,513198,1265487,422740,1256106,347952,2762037,,742908,1496550,0
70499,,6418,詠昇,,-7732,,2,上櫃,113,,0,,497578,,497578,,0,,14.41,280591,592416,345220,545806,89591,1043384,,265215,450968,0
128019,,6419,京晨科,,5376,,2,上櫃,113,,,,351773,,351798,,0,,26.73,147041,492872,131592,228830,86811,580603,-25,81789,87731,0
29172,,6423,億而得,,0,,2,上櫃,113,,0,,535600,,,,0,,18.20,54661,528076,294260,79759,212168,615359,,25098,87283,0
72002,,6425,易發,,-39987,,2,上櫃,113,,,,909382,,861969,,0,,19.77,1172219,1337458,436020,1672442,393934,2581824,47413,500223,1244366,0
228095,,6432,今展科,,-18448,,2,上櫃,113,,,,805714,,805714,,0,,25.86,688302,1226079,311518,717606,284549,1523320,,29304,297241,550577
1059859,,6435,大中,,102854,,2,上櫃,113,,0,,1692857,,1692857,,0,,45.35,623860,1458062,373263,748597,156881,2441454,,124737,983392,0
-49930,,6441,廣錠,,-378,,2,上櫃,113,,,,1383517,,1381989,,0,,25.92,627839,1014144,533185,629641,899112,2013158,1528,1802,999014,0
-379074,,6461,益得,,0,,2,上櫃,113,,,,1004809,,,,0,,7.31,367923,546186,1374050,1552298,9833,2557107,,1184375,2010921,0
2086741,,6462,神盾,,-499884,,2,上櫃,113,,0,,7772765,,3568877,,0,,48.05,3438460,5104118,742718,4963237,1239302,12736002,4203888,1524777,7631884,0
-230241,,6465,威潤,,-2192,,2,上櫃,113,-26549,0,,469111,,469111,,381929,,9.04,57946,270339,522817,60134,205276,529245,,2188,258906,0
614041,,6469,大樹,0,10094,,2,上櫃,113,,0,,3301293,,3227221,,0,,28.63,3708757,6042917,1318701,8049105,1284385,11350398,74072,4340348,5307481,12900
409344,,6470,宇智,,6989,,2,上櫃,113,,,,1058606,,1058606,,0,,28.08,605327,1589861,376941,613224,265332,1671830,,7897,81969,0
777150,,6474,華豫寧,,52795,,2,上櫃,113,,,,1377380,,1377380,,0,,29.51,1557567,2548195,466762,1852838,80673,3230218,,295271,682023,0
62972,,6482,弘煜科,,-15763,,2,上櫃,113,0,0,,332423,,329344,,0,,15.18,121505,405205,238619,136258,43516,468681,3079,14753,63476,0
664583,,6485,點序,,13,,2,上櫃,113,,,,1836482,,1836135,,0,,40.67,367104,1261481,451515,373398,720024,2209880,347,6294,948399,475500
385001,,6486,互動,0,-362,,2,上櫃,113,,,,1728700,,1728700,,0,,35.74,1251762,2240849,483717,1447360,860344,3176060,0,195598,935211,686048
46609908,,6488,環球晶,,-6324762,,2,上櫃,113,,0,,90788667,,90786264,,0,,189.88,80613871,109193041,4781137,144036125,45719981,234824792,2403,63422254,125631751,0
-132805,,6492,生華科,,4640,,2,上櫃,113,-51347,0,,1187501,,1187501,,558000,,13.31,24706,1196756,897436,34747,469577,1222248,,10041,25492,0
571007,,6494,九齊,,1479,,2,上櫃,113,,,,1084967,,1084967,,0,,34.38,189419,1146646,315597,242080,196884,1327047,,52661,180401,0
307498,,6496,科懋,,28920,,2,上櫃,113,-23736,0,,1044384,,1044384,,818000,,22.24,235136,918805,477755,625307,253947,1669691,,390171,750886,0
384191,,6498,久禾光,,-10200,,2,上櫃,113,,,,791575,,791575,,0,,19.32,571940,1113783,409619,677380,7965,1468955,,105440,355172,0
-385047,,6499,益安,,54147,,2,上櫃,113,-5249,0,,1957368,,1925505,,101000,,20.90,187758,1729809,922449,342049,1339205,2299417,31863,154291,569608,0
413096,,6506,雙邦,,0,,2,上櫃,113,,,,1280875,,1247290,,0,,15.14,628485,960555,823608,1356670,10586,2637545,33585,728185,1676990,0
1418653,,6508,惠光,,-80427,,2,上櫃,113,,0,,2427837,,2427837,,0,,28.05,393034,2089723,865389,467880,224222,2895717,,74846,805994,0
1830294,,6509,聚和,,-292621,,2,上櫃,113,,,,3900548,,3900548,,0,,22.48,2188252,3324491,1734903,2507524,627972,6408072,,319272,3083581,0
3336387,,6510,精測,,13948,,2,上櫃,113,,,,7636147,,7606511,,0,,231.98,641688,3968548,327890,660310,3928286,8296457,29636,18622,4327909,0
17806,,6512,啟發電,,,,2,上櫃,113,,,,387452,,387452,,0,,15.50,32082,327353,250000,33041,119646,420493,,959,93140,0
100707,,6516,勤崴國際,,-11491,,2,上櫃,113,-38845,,,1018417,,,,350000,,20.01,178136,953013,563369,228300,404677,1246717,,50164,293704,0
223058,,6517,保勝光學,,,,2,上櫃,113,,,,612003,,612003,,0,,20.01,151643,628990,305791,173981,83154,785984,,22338,156994,0
750562,,6523,達爾膚,,0,,2,上櫃,113,,0,,1532929,,1532929,,0,,34.03,449070,1691030,450477,495144,331890,2028073,,46074,337043,0
418758,,6527,明達醫,,-6974,,2,上櫃,113,-6576,,,874970,,874970,,117000,,34.53,222985,703390,254586,238993,215176,1113963,,16008,410573,0
55184,,6530,創威,,,,2,上櫃,113,,,,441970,,,,0,,13.10,109049,527500,337500,113580,49286,555550,,4531,28050,0
377860,,6532,瑞耘,,,,2,上櫃,113,,0,,1000727,,,,0,,26.73,265507,495195,374451,269195,248416,1269922,,3688,774727,0
-1542433,,6535,順藥,,-99005,,2,上櫃,113,,32000,,1392592,,1368366,,0,,8.30,197305,807761,1649318,203695,1360486,1596287,24226,6390,788526,0
1179319,,6538,倉和,,-41845,,2,上櫃,113,,,,1980510,,1980510,,0,,51.93,1252314,2379639,381360,1575914,461676,3556424,,323600,1176785,0
98307,,6542,隆中,,8063,,2,上櫃,113,,0,,901492,,813523,,0,,19.37,189432,1008703,420006,199074,287147,1100566,87969,9642,91863,0
435205,,6546,正基,,-80008,,2,上櫃,113,,,,1871518,,1861593,,0,,28.11,1024422,2524547,662269,1668333,844127,3539851,9925,643911,1015304,0
81626,,6547,高端疫苗,,82288,,2,上櫃,113,,,,3845964,,3845964,,0,,11.70,210024,2517467,3287041,460546,395009,4306510,,250522,1789043,50000
3955053,,6548,長科*,,911805,,2,上櫃,113,-288003,,,11449903,,10999419,,8283275,,11.67,5908827,13414363,380215,9999134,6040349,21449037,450484,4090307,8034674,0
743409,,6556,勝品,,1426,,2,上櫃,113,,,,1469754,,1439432,,0,,50.07,699088,1380636,287500,825948,407097,2295702,30322,126860,915066,0
99308,,6560,欣普羅,,,,2,上櫃,113,,,,442188,,,,0,,17.09,19143,234257,258747,37628,84133,479816,,18485,245559,0
1145656,,6561,是方,,3984,,2,上櫃,113,,0,,3296737,,3291932,,0,,42.28,1699222,2331152,778664,4020542,1363628,7317279,4805,2321320,4986127,0
750630,,6568,宏觀,,-16686,,2,上櫃,113,-21130,0,,1409640,,1409640,,168000,,46.30,252422,1388760,306120,254341,390706,1663981,,1919,275221,0
369246,,6569,醫揚,,-17776,,2,上櫃,113,,0,,1455674,,1447475,,0,,43.18,558248,985824,385527,778307,710478,2233981,8199,220059,1248157,0
132781,,6570,維田,,1722,,2,上櫃,113,,,,801636,,801636,,0,,21.60,356336,535899,371191,560698,295942,1362334,,204362,826435,0
217378,,6574,霈方,,8455,,2,上櫃,113,,0,,596620,,596620,,0,,27.13,199899,684891,219900,266315,150887,862935,0,66416,178044,0
-5013447,,6576,逸達,,8678,,2,上櫃,113,,0,,1000288,,1000288,,0,,7.36,500426,1335842,1359552,593110,4645505,1593398,,92684,257556,0
404381,,6577,勁豐,,-12399,,2,上櫃,113,,,,1356461,,1356461,,0,,35.46,814037,1848992,600602,887762,363877,2244223,,73725,395231,0
26748,,6578,達邦蛋白,,-13334,,2,上櫃,113,,0,,1014918,,1014918,,0,,15.49,305378,762670,673748,371693,327756,1386611,,66315,623941,0
629129,,6584,南俊國際,,-75347,,2,上櫃,113,,0,,1959727,,1959727,,0,,29.71,1118905,1199629,659632,1773347,746313,3733074,,654442,2533445,0
84992,,6588,東典光電,,2294,,2,上櫃,113,,,,655033,,,,0,,24.53,112926,251696,267008,216254,300739,871287,,103328,619591,0
137409,,6590,普鴻,,,,2,上櫃,113,,,,678488,,580727,,0,,27.28,186113,535595,212913,325217,230405,1003705,97761,139104,468110,0
202712,,6593,台灣銘板,,-20,,2,上櫃,113,,,,683482,,681059,,0,,27.65,122965,447562,246293,300904,232074,984386,2423,177939,536824,0
153201,,6596,寬宏藝術,,2557,,2,上櫃,113,,,,761356,,761356,,0,,23.07,449765,794331,330000,450960,275598,1212316,,1195,417985,0
129050,,6597,立誠,,,,2,上櫃,113,,0,,497261,,,,0,,18.88,401597,621676,263423,426324,104788,923585,,24727,301909,0
761407,,6603,富強鑫,,-94153,,2,上櫃,113,-49969,,,2404478,,2224991,,2949000,,14.44,2775720,4588780,1569860,5334826,37846,7739304,179487,2559106,3150524,0
1541626,,6609,瀧澤科,,-14539,,2,上櫃,113,,,,2398442,,2398442,,0,,33.10,1212074,2537202,724562,1322271,146793,3720713,,110197,1183511,0
408724,,6612,奈米醫材,,55301,,2,上櫃,113,,,,1787753,,1660997,,0,,42.42,805963,2060553,430764,1010467,766208,2798220,126756,204504,737667,0
1966122,,6613,朋億*,,196341,,2,上櫃,113,,0,,5041071,,3919238,,0,,52.59,5338671,9636009,372591,5670251,1384184,10711322,1121833,331580,1075313,14960
90274,,6615,慧智,,-8,,2,上櫃,113,,0,,640716,,640894,,0,,29.85,89569,280979,214724,135126,335904,775842,-178,45557,494863,0
-13029,,6616,特昇-KY,,-16330,,2,上櫃,113,,,,415217,,418233,,0,,11.94,166526,536199,350319,300910,97273,716127,-3016,134384,179928,0
-1491698,,6617,共信-KY,,30417,,2,上櫃,113,,0,,3308518,,3314836,,0,,26.00,298688,3069146,1275061,385575,3501056,3694093,-6318,86887,624947,0
293577,,6620,漢達,,-58597,,2,上櫃,113,,,,2901236,,2901236,,0,,20.55,155989,2768082,1413840,244704,1252416,3145940,,88715,377858,100000
17196,,6624,萬年清,,1090,,2,上櫃,113,,,,398275,,398275,,0,,19.07,378548,677876,208800,551691,171189,949966,,173143,272090,0
608744,,6629,泰金-KY,,-19955,,2,上櫃,113,,0,,1204596,,1203946,,0,,33.71,355492,1086937,357162,375178,257995,1579774,650,19686,492837,0
365978,,6637,醫影,,-1087,,2,上櫃,113,,,,807751,,807751,,0,,33.23,317027,832553,243100,390667,199760,1198418,,73640,365865,0
440405,,6640,均華,,515936,,2,上櫃,113,,0,,1665541,,1622209,,0,,57.37,1347260,1958979,282765,1650694,383103,3316235,43332,303434,1357256,0
290285,,6642,富致,,-2212,,2,上櫃,113,,0,,1018903,,1018903,,0,,27.24,171928,783388,373996,411412,356834,1430315,,239484,646927,0
779855,,6643,M31,,-1655,,2,上櫃,113,,5000,,1942947,,1942947,,0,,55.77,485880,1488754,418052,508023,746695,2450970,,22143,962216,0
12939,,6649,台生材,,,,2,上櫃,113,,0,,625607,,,,0,,14.90,18654,358012,420000,73453,192668,699060,,54799,341048,0
511836,,6651,全宇昕,,-2931,,2,上櫃,113,,,,1150321,,,,0,,33.24,544304,1319606,346016,566423,295400,1716744,,22119,397138,0
88484,,6654,天正國際,,12784,,2,上櫃,113,,,,933723,,926502,,0,,25.07,834620,1131758,369627,1347125,455607,2280848,7221,512505,1149090,0
13299,,6661,威健生技,,-12177,,2,上櫃,113,,,,293122,,285025,,0,,12.23,126234,298528,233043,232780,50860,525902,8097,106546,227374,0
93937,,6662,樂斯科,,7881,,2,上櫃,113,,,,453581,,,,0,,17.71,86857,245073,256124,189348,95639,642929,,102491,397856,0
1940147,,6664,群翊,0,-17455,,2,上櫃,113,,,,3149649,,3149649,,0,,53.10,4267488,6475071,593114,4341089,633843,7490738,0,73601,1015667,1321249
428853,,6667,信紘科,,-485,,2,上櫃,113,,,,1427267,,1421156,,0,,31.74,1956270,3053109,447789,2410423,544999,3837690,6111,454153,784581,0
888716,,6679,鈺太,,285609,,2,上櫃,113,-284865,,,5115093,,5115093,,1262000,,95.23,347927,3959416,549753,380765,3675880,5495858,,32838,1536442,0
135594,,6680,鑫創電子,,178,,2,上櫃,113,0,0,,480242,,480242,,0,,22.72,284378,546926,232302,678106,112168,1158348,,393728,611422,59000
1683680,,6683,雍智科技,,-45574,,2,上櫃,113,,,,2278993,,2278993,,0,,83.21,537050,1927384,273897,551763,366990,2830756,,14713,903372,0
-84081,,6684,安格,,-1250,,2,上櫃,113,0,0,,1728156,,1713770,,0,,38.40,136946,1025530,446251,199624,1352850,1927780,14386,62678,902250,0
333126,,6690,安碁資訊,,-41158,,2,上櫃,113,,0,,1280232,,1280232,,0,,57.89,1132172,959236,221152,2023353,767112,3303585,,891181,2344349,0
130416,,6692,進能服,,-30191,,2,上櫃,113,,0,,968371,,968371,,0,,18.64,1397890,2110729,581739,1585569,286407,2553940,,187679,443211,0
122859,,6693,廣閎科,,-5675,,2,上櫃,113,,0,,1144387,,1144387,,0,,25.03,325888,1168693,457200,535893,570003,1680280,,210005,511587,0
130567,,6697,東捷資訊,,1319,,2,上櫃,113,,0,,563162,,563162,,0,,20.61,375694,741743,273234,387747,158042,950909,,12053,209166,0
331673,,6703,軒郁,,2574,,2,上櫃,113,-5076,,,1229517,,1189687,,50000,,42.00,1025682,1948323,317994,1324465,542522,2553982,39830,298783,605659,470646
-92,,6708,天擎,,724,,2,上櫃,113,,,,405496,,405496,,0,,13.98,43509,437625,290088,53900,114776,459396,,10391,21771,0
204682,,6712,長聖,,,,2,上櫃,113,,,,1540630,,1540630,,0,,19.10,235679,860624,806726,261369,529222,1801999,,25690,941375,0
319024,,6716,應廣,,-57086,,2,上櫃,113,,,,763962,,763962,,0,,25.11,558966,1180743,304193,599568,197831,1363530,,40602,182787,0
91739,,6720,久昌,,-1446,,2,上櫃,113,,,,372433,,372433,,0,,16.57,163452,519812,224785,202690,57355,575123,0,39238,55311,0
166108,,6721,信實,,,,2,上櫃,113,,,,569734,,569734,,0,,25.32,513725,958520,225000,557905,178626,1127639,,44180,169119,0
622728,,6725,矽科宏晟,,-2236,,2,上櫃,113,,,,1030492,,1030492,,0,,31.23,1831543,2793603,330000,1959202,80000,2989694,,127659,196091,0
588546,,6727,亞泰金屬,,-2519,,2,上櫃,113,,,,1249090,,1249090,,0,,46.46,1786285,2523138,268842,1910968,394221,3160058,,124683,636920,0
571279,,6728,上洋,,2341,,2,上櫃,113,,,,982164,,982164,,0,,42.70,1197815,1315314,230000,2005687,178544,2987851,,807872,1672537,0
187468,,6730,常廣,,-445,,2,上櫃,113,,0,,545602,,545602,,0,,17.05,188024,296496,320008,420152,38571,965754,,232128,669258,0
1469311,,6732,昇佳電子,,65019,,2,上櫃,113,,,,4225826,,,,0,,86.40,1112751,3968706,489126,1263594,2202370,5489420,,150843,1520714,0
-327691,,6733,博晟生醫,,-8874,,2,上櫃,113,,0,,908806,,905842,,0,,7.29,24572,742112,1242560,63475,-153,972281,2964,38903,230169,0
188294,,6735,美達科技,,1510,,2,上櫃,113,,0,,992861,,992861,,0,,23.70,121989,694937,439831,127172,363226,1120033,,5183,425096,0
87207,,6739,竹陞科技,,-734,,2,上櫃,113,-8575,0,,365781,,365781,,157000,,18.17,188167,466456,202930,219340,84953,585121,,31173,118665,0
1329957,,6741,91APP*-KY,,158855,,2,上櫃,113,-335477,,,2992804,,2986672,,2500000,,25.29,1586557,3849936,602890,1606256,1230447,4599060,6132,19699,749124,0
63042,,6751,智聯服務,,-14947,,2,上櫃,113,,,,1195734,,868741,,0,,39.13,715590,1395789,222000,770580,598646,1966314,326993,54990,570525,0
540801,,6752,叡揚,,27633,,2,上櫃,113,,,,1094584,,1079441,,0,,32.94,947802,1206107,353871,1280369,157136,2374953,15143,332567,1168846,0
400016,,6761,穩得,,-1438,,2,上櫃,113,,0,,1256139,,1256139,,0,,41.73,1081251,1896707,301530,1135122,556031,2391261,,53871,494554,0
287247,,6762,達亞,,,,2,上櫃,113,,0,,1249449,,,,0,,48.26,887404,735724,305493,1877490,656709,3126939,,990086,2391215,0
451701,,6763,綠界科技*,,-11539,,2,上櫃,113,,,,2810317,,2762969,,0,,150.13,3762173,5019709,184039,3832426,2138768,6642743,47348,70253,1623034,0
-99935,,6767,台微醫,,158,,2,上櫃,113,,,,347250,,347250,,0,,11.93,56365,254408,291090,127706,155937,474956,,71341,220548,0
235423,,6785,昱展新藥,,,,2,上櫃,113,,,,2482200,,,,0,,37.16,61941,2455994,668000,69150,1578777,2551350,,7209,95356,0
598022,,6788,華景電,,3069,,2,上櫃,113,,0,,1618249,,1601317,,0,,46.09,838008,2062506,347397,1116263,652829,2734512,16932,278255,672006,0
111222,,6791,虎門科技,,0,,2,上櫃,113,,,,435869,,,,0,,20.91,263322,547081,208470,293263,116177,729132,,29941,182051,0
2356215,,6803,崑鼎,,90282,,2,上櫃,113,-57,0,,6418858,,6041681,,1605,,83.73,3651044,5596603,721589,7120331,2873652,13539189,377177,3469287,7942586,276656
427974,,6804,明係,,,,2,上櫃,113,,,,1305320,,,,0,,37.29,555210,1351390,350000,937807,527346,2243127,,382597,891737,0
909767,,6811,宏碁資訊,,-43502,,2,上櫃,113,,0,,1908853,,1908853,,0,,46.05,4185565,4205589,414490,4330318,628098,6239171,,144753,2033582,0
217605,,6821,聯寶,0,-27828,,2,上櫃,113,,,,622285,,622285,,0,,20.00,174823,579392,311703,290344,120805,912629,0,115521,333237,78357
37142,,6823,濾能,,-14690,,2,上櫃,113,,0,,550331,,534637,,0,,24.04,513079,594241,222385,855621,289800,1405952,15694,342542,811711,0
271950,,6829,千附精密,,,,2,上櫃,113,,,,1835950,,,,0,,31.03,991135,1400345,591690,1108260,972310,2944210,,117125,1543865,0
244221,,6840,東研信超,,-9300,,2,上櫃,113,,,,861992,,861992,,0,,34.10,277598,665562,278058,837935,349013,1699927,,560337,1034365,0
-6846,,6841,長佳智能,,,,2,上櫃,113,-88953,,,1893830,,1830745,,2125000,,18.99,110066,1263924,985195,119866,941349,2013696,63085,9800,749772,0
179843,,6843,進典,,4111,,2,上櫃,113,,,,781716,,781716,,0,,23.47,287536,800578,333040,512015,264722,1293731,,224479,493153,0
1443805,,6844,諾貝兒,,,,2,上櫃,113,-102687,0,,3240125,,,,604000,,86.57,928215,3026958,380324,1781575,1518683,5021700,,853360,1994742,0
321909,,6846,綠茵,,-1,,2,上櫃,113,,,,770699,,770699,,0,,28.69,176583,754774,268639,232627,180152,1003326,,56044,248552,0
422388,,6855,數泓科,,,,2,上櫃,113,,,,770700,,,,0,,36.46,471546,1161144,232497,476133,115815,1246833,,4587,85689,0
217664,,6856,鑫傳,,,,2,上櫃,113,,0,,779408,,735895,,0,,26.10,364060,893616,282000,398541,236231,1177949,43513,34481,284333,0
918811,,6859,伯特光,,432,,2,上櫃,113,,,,1775833,,1775833,,0,,45.38,473633,1312227,391344,577900,465246,2353733,,104267,1041506,0
67220,,6865,偉康科技,,-188,,2,上櫃,113,,0,,358514,,,,0,,24.70,150514,501043,145175,285902,146307,644416,,135388,143373,0
60288,,6870,騰雲,,5556,,2,上櫃,113,,,,939314,,909028,,0,,41.70,341379,968054,218000,439034,625184,1378348,30286,97655,410294,0
-492403,,6872,浩宇生醫,,500,,2,上櫃,113,,0,,541219,,527977,,0,,8.46,45816,471831,623720,69684,396160,610903,13242,23868,139072,0
105999,,6874,倍力,,,,2,上櫃,113,,0,,459283,,,,0,,20.88,949543,1237271,220000,970637,133284,1429920,,21094,192649,0
-91245,,6875,國邑*,,14,,2,上櫃,113,,,,1991912,,1991912,,0,,15.44,111445,1815386,645090,225101,1438053,2217013,,113656,401627,0
35260,,6877,鏵友益,,3983,,2,上櫃,113,-16558,0,,590238,,590238,,400000,,17.42,199687,620247,376968,453030,190585,1043268,,253343,423021,0
128253,,6881,潤德,,38246,,2,上櫃,113,,0,,742634,,,,0,,49.51,939064,1505572,150000,966648,426135,1709282,,27584,203710,0
43863,,6884,海柏特,,-7394,,2,上櫃,113,,0,,203222,,200266,,0,,12.35,278804,490700,162100,356720,1697,559942,2956,77916,69242,0
459083,,6894,衛司特,,5639,,2,上櫃,113,,,,1418129,,1375802,,0,,57.81,255379,1373428,238000,330137,673080,1748266,42327,74758,374838,0
80362,,6895,宏碩系統,,,,2,上櫃,113,,0,,956281,,,,0,,28.04,90733,777234,341000,96424,534919,1052705,,5691,275471,0
1002341,,6899,創為精密,,3696,,2,上櫃,113,,0,,1793430,,1793700,,0,,42.31,314277,1171652,423985,531989,363678,2325419,-270,217712,1153767,0
1124568,,6903,巨漢,,,,2,上櫃,113,,,,2988583,,,,0,,44.82,1489473,4436997,666760,1492092,1197255,4480675,,2619,43678,0
581251,,6904,伯鑫,,-3631,,2,上櫃,113,,0,,989618,,989618,,0,,53.49,376583,783013,185000,613829,226998,1603447,,237246,820434,0
32022,,6910,德鴻,,2140,,2,上櫃,113,,,,306942,,306942,,0,,11.40,80281,348871,269300,88418,3480,395360,,8137,46489,0
419375,,6913,鴻呈,,-39332,,2,上櫃,113,,,,1078336,,992092,,0,,26.13,649324,1204575,379603,723845,232446,1802181,86244,74521,597606,0
275656,,6922,宸曜,,8952,,2,上櫃,113,,0,,878315,,878315,,0,,34.29,474529,1186967,256171,999075,337536,1877390,,524546,690423,0
48971,,6925,意藍,,,,2,上櫃,113,,,,239057,,,,0,,13.55,74441,289213,176443,84666,13643,323723,,10225,34510,0
58331,,6929,佑全,,0,,2,上櫃,113,,,,1152727,,,,0,,26.04,957314,1516105,442700,2033637,651696,3186364,,1076323,1670259,0
-226271,,6945,圓祥生技,,436,,2,上櫃,113,,0,,1786648,,1786648,,0,,21.05,32793,1770155,848709,103063,1163774,1889711,,70270,119556,0
349317,,6953,家碩,,48,,2,上櫃,113,,,,1435253,,1435253,,0,,47.82,849287,2142535,300146,875493,785742,2310746,,26206,168211,0
106815,,6961,旅天下,,6880,,2,上櫃,113,,0,,822414,,815062,,0,,40.35,431646,1176147,236340,503841,465027,1326255,7352,72195,150108,0
227920,,6967,汎瑋材料,,11582,,2,上櫃,113,,,,672302,,672302,,0,,29.78,496060,963514,225725,518328,207075,1190630,,22268,227116,0
119172,,6968,萬達寵物,,626,,2,上櫃,113,,0,,636415,,636032,,0,,15.94,755926,742384,399000,1928240,117234,2564655,383,1172314,1822271,0
191455,,6971,惠民實業,,1928,,2,上櫃,113,,0,,715948,,715948,,0,,20.36,1135730,1313022,351680,1549630,170885,2265578,,413900,952556,0
106869,,6982,大井泵浦,,4419,,2,上櫃,113,,0,,646092,,646092,,0,,18.28,882234,977213,353491,1535402,181313,2181494,,653168,1204281,0
87139,,6983,華洋精機,,,,2,上櫃,113,,0,,387137,,,,0,,24.35,84417,355328,159000,307843,140998,694980,,223426,339652,0
-39678,,6986,和迅,,,,2,上櫃,113,,0,,550625,,,,0,,11.97,30854,391504,460000,62349,130303,612974,,31495,221470,0
595851,,6996,力領科技,,-524,,2,上櫃,113,,,,1593205,,,,0,,41.90,674601,2003917,380243,739390,617635,2332595,,64789,328678,0
96590,,6997,博弘,,6038,,2,上櫃,113,,,,335782,,335782,,0,,16.78,1036220,1404243,200115,1112204,33039,1447986,,75984,43743,0
91611,,7402,邑錡,0,-30899,0,2,上櫃,113,0,0,,671571,,,,0,,19.06,230113,867791,352294,235909,258565,907480,,5796,39689,0
19665,,7547,碩網,,2476,,2,上櫃,113,,,,562296,,562296,,0,,19.39,78215,536415,290000,85191,250155,647487,,6976,111072,0
317087,,7556,意德士科技,,57786,,2,上櫃,113,,,,961891,,961891,,0,,39.99,224568,648556,252568,250264,334450,1212155,,25696,563599,0
191306,,7584,樂意,,-2881,,2,上櫃,113,,,,342633,,342633,,0,,23.59,344400,384406,145258,349654,8950,692287,,5254,307881,0
304695,,7642,昶瑞機電,,,,2,上櫃,113,,,,692195,,,,0,,26.12,322977,548569,265000,729815,122500,1422010,,406838,873441,0
387324,,7703,銳澤,,-505,,2,上櫃,113,,0,,1429587,,1429587,,0,,45.24,614801,1768072,316000,634996,726768,2064583,,20195,296511,0
147321,,7704,明遠精密,0,2515,,2,上櫃,113,,,,894833,,894833,,0,,29.24,235935,804001,306033,259984,438964,1154817,0,24049,350816,0
250589,,7708,全家餐飲,,728,,2,上櫃,113,,0,,686385,,686385,,0,,29.84,544097,772035,230000,835084,205068,1521469,,290987,749434,0
955262,,7709,榮田,,0,,2,上櫃,113,0,,,1350574,,,,0,,39.15,804178,1519939,345017,1007390,50295,2357964,,203212,838025,0
703542,,7712,博盛半導體,,1266,,2,上櫃,113,,0,,1149615,,1149615,,0,,39.07,597124,1473123,294239,753863,150568,1903478,,156739,430355,0
266888,,7713,威力德生醫,,12285,,2,上櫃,113,,,,836093,,836093,,0,,20.11,497500,635859,415789,1148324,141131,1984417,,650824,1348558,0
57524,,7714,創泓科技,0,,,2,上櫃,113,,,,269379,,269379,,0,,16.63,294309,529325,186300,308729,25555,578108,0,14420,48783,0
221069,,7715,裕山,,204,,2,上櫃,113,,,,705433,,705433,,0,,24.33,898323,1925815,290000,1526939,194160,2232372,,628616,306557,0
170870,,7716,昱臺國際,,4288,,2,上櫃,113,,,,407017,,404421,,0,,20.22,228557,483885,200000,289735,29263,696752,2596,61178,212867,0
50085,,7717,萊德光電-KY,,-4089,,2,上櫃,113,,,,514933,,511212,,0,,23.69,192871,584658,215818,276350,249398,791283,3721,83479,206625,0
585295,,7718,友鋮,,680,,2,上櫃,113,,,,1203358,,1203358,,0,,29.42,616899,1384986,408965,896538,208418,2099896,0,279639,714910,0
164980,,7723,築間,,-2216,,2,上櫃,113,,0,,1150978,,1118722,,0,,24.41,1438346,967755,458395,3912881,497563,5063859,32256,2474535,4096104,0
80546,,7728,光焱科技,,-202,,2,上櫃,113,,,,271936,,271936,,0,,22.08,297094,536061,123141,304292,68451,576228,,7198,40167,0
1825285,,7734,印能科技,0,856,,2,上櫃,113,,,,2756372,,2746583,,0,,136.75,964202,3580852,200850,1495679,719592,4252051,9789,531477,671199,0
125263,,7738,東聯互動,,-10412,,2,上櫃,113,,,,1115102,,1115102,,0,,44.86,145479,1173307,248558,146551,751693,1261653,,1072,88346,0
64779,,7743,金利食安,,0,,2,上櫃,113,,,,528943,,528943,,0,,15.85,188288,525674,333633,433449,130531,962392,,245161,436718,0
366109,,7744,崴寶,,1907,,2,上櫃,113,,,,932196,,932196,,0,,33.62,505675,900544,277300,574441,286880,1506637,,68766,606093,0
63469,,7747,昕奇雲端,,3590,,2,上櫃,113,,0,,484553,,454035,,0,,19.22,379377,697452,236260,388907,150716,873460,30518,9530,176008,0
733371,,7751,竑騰,,-166,,2,上櫃,113,,,,1060344,,1058363,,0,,43.35,872997,1845504,244116,900934,81042,1961278,1981,27937,115774,0
55837,,7753,星亞,,,,2,上櫃,113,,,,297442,,,,0,,13.46,349281,616385,221000,417221,20605,714663,,67940,98278,0
203875,,7757,金色三麥,,-1029,,2,上櫃,113,,0,,721551,,703242,,0,,32.09,448071,425554,219180,786624,281216,1508175,18309,338553,1082621,0
329239,,7767,仁大資訊,,,,2,上櫃,113,,,,623789,,623789,,0,,24.39,908867,993437,255800,990573,38750,1614362,,81706,620925,0
115950,,7770,君曜,,46,,2,上櫃,113,,,,394097,,394097,,0,,14.59,253426,664424,270101,348291,8000,742388,,94865,77964,9003351
42426,,7777,能率亞洲,,33166,,2,上櫃,113,,,,1763731,,,,0,,10.53,11237,578868,1675000,11237,13139,1774968,,,1196100,8715200
42750,,7782,光速火箭,,,,2,上櫃,113,,0,,298909,,298909,,0,,15.55,138964,379998,192270,174643,63889,473552,,35679,93554,0
867948,,7792,安葆,,9886,,2,上櫃,113,,0,,1423509,,1423509,,0,,45.05,2325392,3439473,316000,2625575,229675,4049084,,300183,609611,0
17114,,7794,宏碁智新,,-980,,2,上櫃,113,,0,,312621,,312621,,0,,12.50,395219,551062,250000,841087,46487,1153708,,445868,602646,0
4422063,,7805,威聯通,,253618,,2,上櫃,113,-6996,0,,4948722,,4948722,,99,,178.54,3672171,4505940,277182,3831626,2855,8780348,0,159455,4274408,0
99635,,7810,捷創科技,0,-1117,,2,上櫃,113,,,,374718,,374718,,0,,26.77,154064,377308,140000,179369,136200,554087,0,25305,176779,0
300847,,7811,民盛,,-23212,,2,上櫃,113,,,,1523848,,1523848,,0,,51.12,763098,1335839,298070,825217,948143,2349065,0,62119,1013226,0
-183819,,7814,海昌生技,,,,2,上櫃,113,,0,,203256,,203256,,0,,5.42,30105,168344,375000,32781,12075,236037,,2676,67693,0
57924,,7820,立盈,,,0,2,上櫃,113,,0,,559863,,,,0,,19.51,37490,322938,286975,537541,214964,1097404,,500051,774466,0
70887,,8024,佑華,,-2400,,2,上櫃,113,,,,566519,,566519,,0,,12.54,42117,454542,451601,60241,46431,626760,,18124,172218,0
220253,,8027,鈦昇,,-4076,,2,上櫃,113,-166725,,,2630820,,2612206,,2823000,,25.80,421970,2728589,1040731,1511585,1522023,4142405,18614,1089615,1413816,1337631
1164891,,8032,光菱,,130436,,2,上櫃,113,,0,,1869192,,1864187,,0,,35.98,773101,1828011,518103,920299,50757,2789491,5005,147198,961480,0
75302,,8034,榮群,,-9570,,2,上櫃,113,-5447,0,,690202,,690202,,393397,,11.05,284635,944305,628737,296216,1180,986418,,11581,42113,0
-294352,,8038,長園科,,,,2,上櫃,113,-19489,0,,515345,,439301,,596000,,7.05,288567,399119,628742,513501,124400,1028846,76044,224934,629727,0
-99451,,8040,九暘,,0,,2,上櫃,113,,0,,2543192,,,,0,,26.38,104129,2320853,2621275,107146,21368,2650338,,3017,329485,27563800
1518382,,8042,金山電,,-138307,,2,上櫃,113,,,,3968327,,3905385,,0,,30.17,2804924,4832164,1294625,4348312,1230685,8316639,62942,1543388,3484475,0
1586011,,8043,蜜望實,,-30204,,2,上櫃,113,-22770,0,,2636019,,2636019,,776000,,33.31,1163126,3422576,799072,1343769,303910,3979788,,180643,557212,0
-181166,,8044,網家,,135462,,2,上櫃,113,-210502,0,,8366955,,6237627,,2779000,,44.18,10676994,11241175,1439529,17782007,5054304,26148962,2129328,7105013,14907787,0
3515,,8047,星雲,,208,,2,上櫃,113,,0,,429225,,429225,,0,,10.30,88092,338697,416663,88092,8839,517317,,0,178620,0
492190,,8048,德勝,,3376,,2,上櫃,113,-2341,,,1110032,,1110032,,78000,,19.81,454748,1289625,577838,461013,38969,1571045,,6265,281420,0
714761,,8049,晶采,,95845,,2,上櫃,113,0,0,,2024875,,2024875,,0,,17.12,637879,1615914,1182798,662336,31471,2687211,0,24457,1071297,0
2306651,,8050,廣積,,533861,,2,上櫃,113,-332583,,,8441637,,7450428,,7999000,,37.62,3396355,5517028,2060568,4453815,2881931,12895452,991209,1057460,7378424,0
-56412,,8054,安國,,121588,,2,上櫃,113,,0,,4745341,,2640498,,0,,27.01,1215343,3937431,977726,1973507,1597596,6718848,2104843,758164,2781417,0
-156801,,8059,凱碩,,-42314,,2,上櫃,113,,0,,1877153,,1877153,,0,,9.74,952628,2799291,1927815,989173,148453,2866326,,36545,67035,151000
775528,,8064,東捷,,81396,,2,上櫃,113,,,,3190972,,2972188,,0,,18.03,2084046,4415551,1648178,2643747,467086,5834719,218784,559701,1419168,0
225214,,8066,來思達,,25660,,2,上櫃,113,0,,,665588,,572810,,0,,19.32,641289,1284404,296423,757462,25513,1423050,92778,116173,138646,0
-48973,,8067,志旭,,9721,,2,上櫃,113,,0,,178647,,178647,,0,,8.63,173267,268179,207000,211462,10899,390109,0,38195,121930,0
69259,,8068,全達,0,69046,,2,上櫃,113,0,,0,1035607,,986048,,0,,12.21,337157,692527,807659,389006,40084,1424613,49559,51849,732086,0
19014425,,8069,元太,,9685056,,2,上櫃,113,,,,51966836,,51278751,,0,,44.79,24594434,32541503,11475582,33608510,11103688,85575346,688085,9014076,53033843,465680
34541,,8071,能率網通,0,-73282,,2,上櫃,113,0,,,961217,,673775,,0,,12.99,1095969,1461211,518543,1394173,193973,2355390,287442,298204,894179,0
380653,,8074,鉅橡,,-32856,,2,上櫃,113,0,,,1530212,,1481157,,0,,18.29,843508,1539393,809745,1144889,323615,2675101,49055,301381,1135708,0
1700229,,8076,伍豐,,-275863,,2,上櫃,113,-277773,,,5027738,,4967238,,9239000,,17.00,2115421,2536522,3014526,2693574,806119,7721312,60500,578153,5184790,0
95625,,8077,洛碁,,,,2,上櫃,113,,,,360589,,,,0,,16.43,800578,397481,219457,2666956,45507,3027545,,1866378,2630064,0
-56459,,8080,泰霖,,-6613,,2,上櫃,113,,,,168567,,168567,,0,,7.28,161892,224320,231639,161892,0,330459,,0,106139,0
537084,,8083,瑞穎,,0,,2,上櫃,113,,0,,1104121,,,,0,,31.43,647419,992464,351332,700554,215705,1804675,,53135,812211,0
-191013,,8084,巨虹,,323,,2,上櫃,113,,0,,517743,,504452,,0,,7.26,122603,480568,695142,349934,0,867677,13291,227331,387109,0
61636,,8085,福華,0,465329,,2,上櫃,113,0,,0,1975511,,1975511,,0,,14.11,184320,1622391,1399830,1397318,48716,3372829,0,1212998,1750438,0
1602811,,8086,宏捷科,,,,2,上櫃,113,,0,,7708603,,,,0,,39.23,1120196,4185086,1965161,1905534,4140631,9614137,,785338,5429051,0
135316,,8087,麗升能源,,-45795,,2,上櫃,113,,0,,809007,,809007,,0,,20.73,380242,827004,390210,521215,329276,1330222,0,140973,503218,0
222473,,8088,品安,,-11526,,2,上櫃,113,0,0,,997941,,,,0,,16.38,270565,817912,609217,277865,177777,1275806,,7300,457894,0
137885,,8089,康全電訊,,100814,,2,上櫃,113,,,,1076508,,1076508,,0,,18.35,2243648,3138466,586655,2463409,251154,3539917,,219761,401451,0
1175392,,8091,翔名,,-8057,,2,上櫃,113,0,,,3072486,,3038282,,0,,63.35,653601,2075952,479601,1031733,1391346,4104219,34204,378132,2028267,0
-161417,,8092,建暐,,-638,,2,上櫃,113,,0,,555610,,555610,,0,,9.89,174835,528179,561585,328599,156080,884209,,153764,356030,0
-238720,,8093,保銳,,-13261,,2,上櫃,113,,0,,405974,,405959,,0,,6.66,236908,437450,609460,276253,48480,682227,15,39345,244777,0
-36781,,8096,擎亞,,38348,,2,上櫃,113,,0,,2327309,,2332059,,0,,15.62,5370478,7374460,1493431,5402252,837061,7729561,-4750,31774,355101,0
92685,,8097,常珵,,30001,,2,上櫃,113,-101581,0,,1549874,,1549874,,1500000,,23.28,50314,864959,680645,158522,848124,1708396,0,108208,843437,0
433120,,8099,大世科,,-4025,,2,上櫃,113,,,,1395483,,1395483,,0,,15.76,1341968,2328145,885600,1588594,80788,2984077,,246626,655932,0
81432,,8102,傑霖科技,,372,,2,上櫃,113,,0,,305303,,305303,,0,,14.29,103285,337434,213614,127734,9885,433037,,24449,95603,0
658429,,8107,大億金茂,,27270,,2,上櫃,113,,0,,1517021,,1505860,,0,,20.08,631963,777773,750000,1594818,70161,3111839,11161,962855,2334066,0
1621878,,8109,博大,,-39094,,2,上櫃,113,0,0,,2820815,,2820815,,0,,34.33,416988,2385373,821612,695472,416419,3516287,,278484,1130914,0
276475,,8111,立碁,0,-24352,,2,上櫃,113,0,0,,1351608,,1349679,,0,,12.37,778130,1477796,1091022,833995,6534,2185603,1929,55865,707807,0
-39023,,8121,越峰,,-120983,,2,上櫃,113,,,,2621630,,1969931,,0,,9.25,1062482,2315796,2129937,2530764,0,5152394,651699,1468282,2836598,0
195734,,8147,正淩,0,-17835,,2,上櫃,113,0,0,,1069122,,1062587,,0,,29.43,587408,1035655,361058,683512,523630,1752634,6535,96104,716979,140847
1113190,,8155,博智,,-11915,,2,上櫃,113,0,0,,2087881,,2087881,,0,,40.95,1537885,2400163,509877,1546403,476729,3634284,,8518,1234121,0
-9155,,8171,天宇,,-5538,,2,上櫃,113,-45833,,,1600191,,1597608,,1114000,,20.92,630874,1448733,774643,736708,883491,2336899,2583,105834,888166,213757
-169855,,8176,智捷,,-22546,,2,上櫃,113,-26512,,,512202,,498586,,2520105,,7.21,235720,540782,717010,260934,489,773136,13616,25214,232354,0
1730724,,8182,加高,,58377,,2,上櫃,113,,0,,3617092,,3608775,,0,,33.71,1618141,3267059,1070412,2493531,749262,6110623,8317,875390,2843564,0
1895217,,8183,精星,,-17751,,2,上櫃,113,-34105,,,3287726,,3287726,,500000,,27.23,3108846,5079632,1212511,3247103,231854,6534829,,138257,1455197,0
117938,,8227,巨有科技,,0,,2,上櫃,113,,0,,744573,,,,0,,19.94,291113,860997,373430,342239,253205,1086812,,51126,225815,0
1270028,,8234,新漢,,20367,,2,上櫃,113,,0,,3157675,,3071057,,0,,21.75,2945698,4323683,1412265,3369363,368397,6527038,86618,423665,2203355,0
1526629,,8240,華宏,,59663,,2,上櫃,113,-40228,,,4688778,,4565286,,1484000,,46.34,2884756,5655139,1000044,3670671,2019178,8359449,123492,785915,2704310,0
2599650,,8255,朋程,,1392051,,2,上櫃,113,,,,10293694,,8350418,,0,,82.31,3765632,5256670,1014475,5840808,3344242,16134502,1943276,2075176,10877832,0
181062,,8272,全景軟體,,0,,2,上櫃,113,,,,379461,,,,0,,22.06,207675,577229,171978,210190,26421,589651,,2515,12422,0
-443863,,8277,商丞,0,-11071,,2,上櫃,113,0,,,534285,,522203,,0,,5.70,55867,305797,916288,157158,60849,691443,12082,101291,385646,0
1216622,,8279,生展,,3776,,2,上櫃,113,,0,,2109649,,2109649,,0,,77.84,689473,1182676,271009,1054730,618242,3164379,,365257,1981703,0
484197,,8284,三竹,,,,2,上櫃,113,,0,,1199281,,1199281,,0,,25.88,781265,1619374,463420,793289,251664,1992570,,12024,373196,0
560546,,8289,泰藝,,-50315,,2,上櫃,113,0,0,,1591665,,1591665,,0,,23.29,458584,1649693,683338,631981,398096,2223646,,173397,573953,0
-508319,,8291,尚茂,,0,,2,上櫃,113,,,,139149,,,,0,,2.15,110599,68497,647350,144041,118,283190,,33442,214693,0
33905491,,8299,群聯,,-288419,,2,上櫃,113,0,0,,49097720,,49094506,,0,,239.74,22311028,60291267,2047812,28297147,13429622,77394867,3214,5986119,17103600,1369
543438,,8342,益張,,-10853,,2,上櫃,113,,,,944515,,911553,,0,,27.18,616950,963986,335367,748066,43601,1692581,32962,131116,728595,0
1788717,,8349,恒耀國際,,-405332,,2,上櫃,113,,,,7114516,,5928687,,0,,36.61,8262566,10356453,1789038,14291047,2756264,21405563,1185829,6028481,11049110,0
1214311,,8354,冠好,,48281,,2,上櫃,113,,0,,2106854,,2106854,,0,,26.83,2120948,2484019,785323,2420396,58939,4527250,,299448,2043231,0
2030073,,8358,金居,,-8120,,2,上櫃,113,,0,,6108730,,6108730,,0,,24.18,2676031,4693575,2525880,2708520,1560897,8817250,,32489,4123675,0
1120438,,8383,千附,,-11398,,2,上櫃,113,-31717,,,4126448,,3447194,,951759,,30.56,1461889,3001775,1137605,1616726,1232266,5743174,679254,154837,2741399,0
1233976,,8390,金益鼎,,51804,,2,上櫃,113,,0,,3058037,,3058037,,0,,31.82,766526,2950898,961161,881428,811096,3939465,0,114902,988567,0
206673,,8401,白紗科,,0,,2,上櫃,113,,0,,1025377,,,,0,,17.08,267536,718560,660458,334693,158246,1360070,,67157,641510,0
943863,,8403,盛弘,,115876,,2,上櫃,113,,0,,3959199,,3524297,,0,,27.96,1984628,3313162,1310861,3394048,1153697,7353247,434902,1409420,4040085,0
-127754,,8409,商之器,,-7997,,2,上櫃,113,,,,256676,,256676,,0,,8.02,172330,179507,320000,182378,72427,439054,,10048,259547,0
1042376,,8410,森田,,0,,2,上櫃,113,0,0,,1732709,,,,0,,47.36,429889,1482223,365892,600819,324441,2333528,,170930,851305,0
9459172,,8415,大國鋼,,969442,,2,上櫃,113,-84569,,,27874601,,24508817,,13037000,,24.06,9876997,21806726,10315000,18331818,3849772,46206419,3365784,8454821,24399693,0
918897,,8416,實威,,5934,,2,上櫃,113,,0,,1339563,,1339563,,0,,47.48,486155,1581063,282107,519759,132625,1859322,,33604,278259,0
231087,,8421,旭源,,-63601,,2,上櫃,113,-9450,0,,921850,,795550,,568000,,14.66,1040789,1014155,548171,1086553,89343,2008403,126300,45764,994248,0
112762,,8423,保綠-KY,,-71723,,2,上櫃,113,,0,,583415,,583415,,0,,15.13,93840,399711,404991,295570,137385,878985,,201730,479274,0
615560,,8424,惠普,,,,2,上櫃,113,,,,1037264,,1037264,,0,,28.77,312171,670657,360544,324252,61160,1361516,,12081,690859,0
529863,,8426,紅木-KY,,-277222,,2,上櫃,113,,,,1048977,,1048977,,0,,20.88,912680,1398840,502425,1373255,293911,2422232,,460575,1023392,0
199801,,8431,匯鑽科,,-11580,,2,上櫃,113,-49467,,,1060673,,905512,,891000,,20.82,352112,701177,443915,434803,322843,1495476,155161,82691,794299,0
214354,,8432,東生華,0,248930,,2,上櫃,113,,,,1512743,,1306819,,0,,34.03,222266,1198903,383981,224204,459554,1736947,205924,1938,538044,0
1446266,,8433,弘帆,,55904,,2,上櫃,113,,,,2335392,,2322155,,0,,43.17,1659042,2893673,537930,2611167,282055,4946559,13237,952125,2052886,18947
333834,,8435,鉅邁,,-20209,,2,上櫃,113,,0,,743125,,743125,,0,,23.44,199602,763323,317004,226648,112496,969773,,27046,206450,0
4230791,,8436,大江,,-185197,,2,上櫃,113,-494433,0,,8903523,,7636627,,7563000,,68.99,4186634,7933461,1182608,5174239,2902858,14077762,1266896,987605,6144301,0
1479837,,8437,大地-KY,,-374570,,2,上櫃,113,,0,,2398711,,2398711,,0,,50.13,693741,1348957,478511,752626,814933,3151337,,58885,1802380,0
142634,,8440,綠電,,,,2,上櫃,113,,0,,624831,,624831,,0,,16.44,61287,359875,437002,131220,45195,756051,,69933,396176,0
-1062215,,8444,綠河-KY,,-348306,,2,上櫃,113,-33670,,,1006867,,1054937,,497000,,10.55,6461236,1067053,1004669,6744919,1494459,7751786,-48070,283683,6684733,0
1048538,,8446,華研,,-4133,,2,上櫃,113,,0,,1819168,,1819649,,0,,34.39,915625,1434974,529144,1071912,246100,2891080,-481,156287,1456106,0
-204993,,8450,霹靂,,-164251,,2,上櫃,113,,,,798197,,797156,,0,,15.54,350426,749966,513099,764904,653301,1563101,1041,414478,813135,0
315498,,8455,大拓-KY,,-91923,,2,上櫃,113,,,,611070,,500636,,0,,19.85,617624,744096,252191,771452,24870,1382522,110434,153828,638426,0
-43582,,8472,納維康,,,,2,上櫃,113,,,,319949,,319949,,0,,18.04,530980,268153,177358,696769,186173,1016718,,165789,748565,0
-198455,,8477,創業家,,-894,,2,上櫃,113,,544444,,142785,,142785,,0,,4.18,176487,283991,341706,182317,428,325102,0,5830,41111,0
27789,,8489,三貝德,,-20142,,2,上櫃,113,0,,,708159,,391182,,0,,10.47,977013,1032758,373615,1187029,9920,1895188,316977,210016,862430,0
1313277,,8905,裕國,,54186,,2,上櫃,113,-36820,,,2711339,,2710976,,4123000,,23.51,684841,1865239,1194400,884199,185933,3595538,363,199358,1730299,0
-36270,,8906,花王,,20547,,2,上櫃,113,-53839,0,,468389,,,,1877203,,11.11,100024,130531,440374,1227252,97577,1695641,,1127228,1565110,0
813581,,8908,欣雄,,42901,,2,上櫃,113,,,,4020947,,3921003,,0,,13.83,3742614,3697647,3061483,5378926,3038,9399873,99944,1636312,5702226,0
1828568,,8916,光隆,,-2801,,2,上櫃,113,,,,5728473,,5584323,,0,,36.94,3940085,5436841,1513128,4677311,2245428,10405784,144150,737226,4968943,47500
899257,,8917,欣泰,,43990,,2,上櫃,113,,,,2569771,,2569771,,0,,15.80,1628367,2776167,1626524,3334256,,5904027,,1705889,3127860,0
74888,,8921,沈氏,,192934,,2,上櫃,113,,0,,1000780,,986087,,0,,21.16,178323,345234,465922,243460,252343,1244240,14693,65137,899006,0
131980,,8923,時報,,-8711,,2,上櫃,113,,0,,439827,,439827,,0,,14.48,364207,556585,303758,408836,12800,848663,,44629,292078,0
2776061,,8924,大田,,272560,,2,上櫃,113,,,,3987860,,3987860,,0,,47.59,1316087,4227040,838000,1502132,101239,5489992,,186045,1262952,0
588552,,8927,北基,0,-5148,,2,上櫃,113,,0,,8691698,,5535679,,0,,15.00,14876013,7312221,3689684,22400373,1262591,31092071,3156019,7524360,23779850,0
570619,,8928,鉅明,0,-25719,,2,上櫃,113,0,0,,1053604,,1053604,,0,,20.72,1406706,1329797,508540,1910163,164,2963767,0,503457,1633970,0
66402,,8929,富堡,,85906,,2,上櫃,113,,0,,904143,,874315,,0,,17.29,308877,887294,505809,416650,216198,1320793,29828,107773,433499,0
475832,,8930,青鋼,,0,,2,上櫃,113,0,,,1426312,,,,0,,17.43,219557,1107027,818094,713902,132386,2140214,,494345,1033187,0
764650,,8931,大汽電,,35458,,2,上櫃,113,,,,2022657,,,,0,,16.54,1170958,1020349,1222549,2842052,,4864709,,1671094,3844360,0
233536,,8932,智通*,,-46361,,2,上櫃,113,,,,1307725,,1258051,,0,,15.81,505918,1045775,805896,782725,264980,2090450,49674,276807,1044675,0
-639290,,8933,愛地雅,,-360302,,2,上櫃,113,,,,2369968,,2369968,,0,,7.25,1960915,3135368,3267243,2281262,102317,4651230,,320347,1515862,0
-92166,,8935,邦泰,,-39540,,2,上櫃,113,,,,1003244,,1003244,,0,,8.84,399939,663544,1134950,578121,0,1581365,,178182,917821,0
2087734,,8936,國統,,-403166,,2,上櫃,113,,,,7356275,,5635531,,0,,22.72,2616281,4868054,2480782,4791374,1470181,12147649,1720744,2175093,7279595,0
70904,,8937,合騏*,,-17182,,2,上櫃,113,0,,,817719,,784283,,0,,10.82,533602,765130,724788,660596,5773,1478315,33436,126994,713185,0
4469275,,8938,明安,,-24177,,2,上櫃,113,-200920,0,,7249904,,6801437,,2629000,,49.44,4572344,7967198,1402003,6273362,1155256,13523266,448467,1701018,5556068,0
295673,,8941,關中,,272603,,2,上櫃,113,,,,1059423,,976689,,0,,32.12,825916,1212661,349721,1020853,58692,2080276,82734,194937,867615,0
5098740,,8942,森鉅,,-11690,,2,上櫃,113,,,,10546891,,9499156,,0,,52.07,2991076,5334144,1988423,4406053,2423683,14952944,1047735,1414977,9618800,0
-56679,,9949,琉園,,-18990,,2,上櫃,113,,,,364665,,364665,,0,,8.28,69033,273605,440334,82866,0,447531,0,13833,173926,0
-235084,,9950,萬國通,,-1719,,2,上櫃,113,,,,1494696,,1467421,,0,,8.75,1078428,1689065,1677160,3007037,27064,4501733,27275,1928609,2812668,0
2794840,,9951,皇田,,5879,,2,上櫃,113,,0,,3552801,,3552801,,0,,47.43,2084729,4030675,749000,2273149,3082,5825950,,188420,1795275,0
249544,,9960,邁達康,,13395,,2,上櫃,113,,,,634002,,634002,,0,,18.87,371019,738383,335925,513888,35138,1147890,,142869,409507,0
180330,,9962,有益,,-7659,,2,上櫃,113,,0,,1083259,,1083259,,0,,12.01,519309,1195915,902203,530686,8385,1613945,0,11377,418030,0
