保留盈餘,保留盈餘（或累積虧損）,公司代號,公司名稱,共同控制下前手權益,其他權益,合併前非屬共同控制股權,季別,市場,年度,庫藏股票,待註銷股本股數（單位：股）,權益─具證券性質之虛擬通貨,權益總計,權益－具證券性質之虛擬通貨,歸屬於母公司業主之權益合計,歸屬於母公司業主權益合計,母公司暨子公司所持有之母公司庫藏股股數（單位：股）,母公司暨子公司持有之母公司庫藏股股數（單位：股）,每股參考淨值,流動負債,流動資產,股本,負債總計,資本公積,資產總計,非控制權益,非流動負債,非流動資產,預收股款（權益項下）之約當發行股數（單位：股）
607722,,1240,茂生農經,,255800,,1,上櫃,113,,,,1458040,,1402431,,0,,35.62,710750,1292127,393702,777013,145207,2235053,55609,66263,942926,0
912431,,1259,安心,,468537,,1,上櫃,113,,0,,2530403,,2514679,,0,,77.64,2233182,1328612,323895,3887124,809816,6417527,15724,1653942,5088915,0
1826100,,1264,德麥,,-22825,,1,上櫃,113,-2432,,,3599564,,2845324,,12000,,76.79,1125303,3055076,370644,1197637,673837,4797201,754240,72334,1742125,0
743216,,1268,漢來美食,,72475,,1,上櫃,113,0,,,2361262,,2361262,,0,,55.92,1892599,2361743,422237,4826240,1123334,7187502,,2933641,4825759,0
203170,,1294,漢田生技,,,,1,上櫃,113,,,,437615,,434383,,0,,22.37,214904,333111,194144,485179,37069,922794,3232,270275,589683,0
447101,,1336,台翰,,-78104,,1,上櫃,113,,0,,1839522,,1839522,,0,,23.49,491347,1254904,783024,835081,687501,2674603,,343734,1419699,0
4942033,,1565,精華,,1357,,1,上櫃,113,,0,,5973555,,5973555,,0,,118.48,1427757,3910503,504165,1797008,526000,7770563,,369251,3860060,0
992317,,1569,濱川,,-100500,,1,上櫃,113,,,,3394620,,3261169,,0,,26.85,2086718,3386763,1214474,2928614,1154878,6323234,133451,841896,2936471,0
388009,,1570,力肯,,31656,,1,上櫃,113,0,0,,934673,,934673,,0,,18.15,107246,752642,515008,131753,0,1066426,0,24507,313784,0
1988030,,1580,新麥,,-120283,,1,上櫃,113,,,,2687608,,2576876,,0,,51.30,1251491,2454509,502302,1430969,206827,4118577,110732,179478,1664068,0
639954,,1584,精剛,,27221,,1,上櫃,113,,0,,3827662,,3753649,,0,,19.50,532775,3271187,1924705,1589724,1161769,5417386,74013,1056949,2146199,0
365350,,1586,和勤,,-104270,,1,上櫃,113,-204374,0,,1498275,,1498275,,5054000,,18.44,1257096,2067855,863123,2550920,578446,4049195,,1293824,1981340,0
207287,,1591,駿吉-KY,,-161381,,1,上櫃,113,0,,,416045,,416045,,0,,11.96,47087,200058,347980,67014,22159,483059,,19927,283001,0
318481,,1593,祺驊,,-33861,,1,上櫃,113,0,0,,1337430,,1260613,,0,,31.69,389212,777303,397848,662034,578145,1999464,76817,272822,1222161,0
1558091,,1595,川寶,,7741,,1,上櫃,113,,,,2625122,,2622018,,0,,54.77,1389433,2921924,478754,1718023,577432,4343145,3104,328590,1421221,0
799432,,1599,宏佳騰,,-38823,,1,上櫃,113,-63380,0,,1860682,,1860682,,1500000,,25.48,595638,1394431,745287,959123,418166,2819805,,363485,1425374,0
317209,,1742,台蠟,,15107,,1,上櫃,113,-16780,0,,1416227,,1416227,,888000,,15.28,2497538,3023368,935593,2612744,165098,4028971,,115206,1005603,0
822853,,1777,生泰,,-3744,,1,上櫃,113,,0,,2248802,,,,0,,50.43,514454,1385246,445917,591861,983776,2840663,,77407,1455417,0
-78544,,1781,合世,,-46434,,1,上櫃,113,,0,,349106,,349106,,0,,7.36,265773,429479,474076,288550,8,637656,,22777,208177,0
98174,,1784,訊聯,,-6304,,1,上櫃,113,-72372,0,,1772270,,1166329,,2330000,,24.66,366637,1380217,496269,688951,650562,2461221,605941,322314,1081004,0
3550128,,1785,光洋科,,-192215,,1,上櫃,113,,,,13457384,,13433384,,0,,22.53,7288022,18295667,5962702,13901201,4112769,27358585,24000,6613179,9062918,0
1040087,,1788,杏昌,,-6107,,1,上櫃,113,,0,,3081178,,3081178,,0,,69.21,1194307,2597773,445210,1717690,1601988,4798868,,523383,2201095,0
95463,,1796,金穎生技,,-2434,,1,上櫃,113,,0,,801963,,801963,,0,,19.34,217170,435296,414598,403820,294336,1205783,,186650,770487,0
-618324,,1799,易威,,6832,,1,上櫃,113,,0,,758615,,754954,,0,,6.19,137358,661480,1218658,629626,147788,1388241,3661,492268,726761,0
108731,,1813,寶利徠,,-17943,,1,上櫃,113,,0,,786751,,793651,,0,,17.02,262861,412479,466355,278325,236508,1065076,-6900,15464,652597,0
38585,,1815,富喬,,107085,,1,上櫃,113,,,,6653178,,6653178,,0,,14.43,2233608,3721452,4609271,6757582,1898237,13410760,,4523974,9689308,0
783440,,2035,唐榮公司,,141898,,1,上櫃,113,,,,4425384,,,,0,,12.64,2051047,2388600,3500000,12045223,46,16470607,,9994176,14082007,0
-20971,,2061,風青,,338,,1,上櫃,113,,0,,485918,,485918,,0,,10.31,511632,801664,471083,557466,35468,1043384,,45834,241720,0
270440,,2063,世鎧精密,,6710,,1,上櫃,113,,,,1047415,,1047415,,0,,21.12,325562,1347000,496015,913637,274250,1961052,,588075,614052,1923
251962,,2064,晉椿,,-18830,,1,上櫃,113,-4104,,,1027866,,1027259,,300000,,14.82,1459678,1132956,696300,1560629,101931,2588495,607,100951,1455539,0
516117,,2065,世豐,,88252,,1,上櫃,113,,,,1787591,,1787591,,0,,31.43,1182148,1371507,568838,1578650,614384,3366241,,396502,1994734,0
1097060,,2066,世德,,-1543,,1,上櫃,113,-26095,0,,1863025,,1863025,,500000,,44.65,1311145,2886341,422232,2037856,371371,3900881,0,726711,1014540,0
-124085,,2067,嘉鋼,,-8344,,1,上櫃,113,,,,394385,,318953,,0,,7.07,1083752,627812,451382,1506490,,1900875,75432,422738,1273063,0
544771,,2070,精湛,,-37431,,1,上櫃,113,,0,,869688,,869688,,0,,24.30,423244,739449,357828,529627,4520,1399315,,106383,659866,0
111752,,2073,雄順,,1293,,1,上櫃,113,,,,451248,,,,0,,16.41,193500,276468,275000,363076,63203,814324,,169576,537856,0
519189,,2221,大甲,0,-2859,,1,上櫃,113,0,0,0,1054605,,991002,,0,,23.41,352924,1077156,423250,526078,51422,1580683,63603,173154,503527,0
312406,,2230,泰茂,,127,,1,上櫃,113,,,,1039693,,1024745,,0,,19.74,308036,1176754,519022,636993,193190,1676686,14948,328957,499932,778512
475075,,2235,謚源,,,,1,上櫃,113,,,,1331657,,,,0,,37.12,181705,583369,358780,265552,497802,1597209,,83847,1013840,0
852197,,2596,綠意,,0,,1,上櫃,113,,,,2404766,,2041405,,0,,20.41,2195486,4438012,1000000,2195486,189208,4600252,363361,,162240,0
567696,,2640,大車隊,,-587,,1,上櫃,113,,,,1756756,,1658382,,0,,27.98,1292251,1604826,592650,1874074,498623,3630830,98374,581823,2026004,0
1800816,,2641,正德,,358965,,1,上櫃,113,,0,,6584592,,6584592,,0,,22.03,582786,1686361,2988806,2795574,1436005,9380166,,2212788,7693805,0
1120701,,2643,捷迅,,51823,,1,上櫃,113,,,,1943629,,1943629,,0,,55.53,655634,2414036,350000,871295,421105,2814924,,215661,400888,0
835116,,2718,全心投控,,49939,,1,上櫃,113,,0,,2487474,,2487474,,0,,28.40,2046592,4395633,875760,2266319,726659,4753793,,219727,358160,0
-48330,,2719,燦星旅,,,,1,上櫃,113,,0,,648183,,648183,,0,,9.43,256420,660933,687421,360796,9092,1008979,,104376,348046,0
-354561,,2724,藝舍-KY,0,-9472,,1,上櫃,113,,0,,232531,,232531,,0,,3.90,97153,262311,596564,227009,0,459540,,129856,197229,0
-14628,,2726,雅茗-KY,,-46033,,1,上櫃,113,-20682,,,394228,,348025,,310000,,12.57,167385,468959,280000,314754,149368,708982,46203,147369,240023,0
932910,,2729,瓦城,,-6622,,1,上櫃,113,-86020,0,,2682675,,2650272,,373000,,74.51,1479145,1111727,359439,2622311,1450565,5304986,32403,1143166,4193259,0
322345,,2732,六角,,-23010,,1,上櫃,113,-96697,,,2119845,,1813977,,918000,,39.78,1396060,2240290,465146,2960647,1146193,5080492,305868,1564587,2840202,0
-154889,,2734,易飛網,,-2812,,1,上櫃,113,,0,,423313,,326241,,0,,7.72,447217,787429,422598,627343,61344,1050656,97072,180126,263227,0
233328,,2736,富野,,-55516,,1,上櫃,113,,0,,1213092,,1142063,,0,,22.85,306119,311023,499721,961804,464530,2174896,71029,655685,1863873,0
-364360,,2740,華軒,,-966,,1,上櫃,113,,0,,122664,,122664,,0,,5.29,67803,128323,231855,113591,256135,236255,,45788,107932,0
531780,,2743,山富,,,,1,上櫃,113,0,,,1083987,,1083987,,0,,30.10,1847440,2299538,360117,1930158,192090,3014145,,82718,714607,0
334645,,2745,五福,,,,1,上櫃,113,,,,768673,,768673,,0,,22.74,1312945,1929907,338085,1320704,95943,2089377,,7759,159470,0
18819,,2751,王座,,-348,,1,上櫃,113,,,,202041,,202041,,0,,11.88,324437,330294,170000,405139,13570,607180,,80702,276886,0
300477,,2752,豆府,,-68,,1,上櫃,113,,,,953592,,939810,,0,,35.78,904953,1393919,262674,1283908,376727,2237500,13782,378955,843581,0
687387,,2754,亞洲藏壽司,,-987,,1,上櫃,113,,,,1736549,,1736549,,0,,37.17,1129642,615407,467210,3558684,582939,5295233,,2429042,4679826,0
329493,,2755,揚秦,,2520,,1,上櫃,113,,,,788681,,788681,,0,,26.17,439844,654547,301400,739389,155268,1528070,,299545,873523,0
109693,,2756,聯發國際,,11729,,1,上櫃,113,,,,520033,,520033,,0,,21.19,245769,484182,245428,371700,153183,891733,,125931,407551,0
333084,,2916,滿心,,-9433,,1,上櫃,113,,0,,997170,,,,0,,18.25,653041,1136656,546269,710685,127250,1707855,,57644,571199,0
-134263,,2924,宏太-KY,,-45381,,1,上櫃,113,,,,148407,,148407,,0,,4.52,81509,183870,328051,84177,0,232584,,2668,48714,0
-138302,,2926,誠品生活,,21549,,1,上櫃,113,,0,,572590,,565677,,0,,11.94,4866554,3964942,473897,15853094,208533,16425684,6913,10986540,12460742,0
358469,,2937,集雅社,,,,1,上櫃,113,,0,,890443,,890443,,0,,22.50,1637739,1872858,395836,1684664,136138,2575107,,46925,702249,0
31149,,2941,米斯特,,-473,,1,上櫃,113,,0,,335948,,,,0,,21.83,196762,470198,153900,216356,151372,552304,,19594,82106,0
231959,,2947,振宇五金,,,,1,上櫃,113,,0,,739088,,739088,,0,,38.36,723955,729328,192686,2149518,314443,2888606,,1425563,2159278,0
340886,,2948,寶陞,,46305,,1,上櫃,113,,,,1067788,,1067788,,0,,38.14,743059,1619348,280000,1178435,400597,2246223,,435376,626875,0
345365,,2949,欣新網,,-197,,1,上櫃,113,,,,1185250,,1039785,,0,,42.97,1033823,2007843,242000,1042836,452617,2228086,145465,9013,220243,0
-22677,,3064,泰偉,,6980,,1,上櫃,113,0,0,,121355,,115192,,0,,8.85,187068,110811,130115,251319,774,372674,6163,64251,261863,0
-142317,,3066,李洲,,319110,,1,上櫃,113,,,,1089236,,1040188,,0,,12.52,298755,491581,830706,420855,32689,1510091,49048,122100,1018510,0
62538,,3067,全域,,-13616,,1,上櫃,113,,,,267132,,267132,,0,,13.36,10608,120482,200000,41970,18210,309102,,31362,188620,0
448019,,3071,協禧,,-73975,,1,上櫃,113,0,0,,1928252,,1532218,,0,,13.93,1655831,2583152,1100000,1948501,58174,3876753,396034,292670,1293601,0
8023,,3073,天方能源,,-3168,,1,上櫃,113,,,,438178,,410332,,0,,12.78,295778,213283,320996,918462,84481,1356640,27846,622684,1143357,0
3488979,,3078,僑威,,1429,,1,上櫃,113,,,,5978605,,5978605,,0,,26.29,4491450,8791012,2273911,5046537,214286,11025142,,555087,2234130,0
1073159,,3081,聯亞,,-6212,,1,上櫃,113,,,,3762668,,,,0,,40.97,241917,1936195,918477,541635,1777244,4304303,,299718,2368108,0
-38250,,3083,網龍,,171540,,1,上櫃,113,,,,1387424,,1356674,,0,,15.69,105572,877204,864724,107785,358660,1495209,30750,2213,618005,0
-200573,,3085,新零售,,0,,1,上櫃,113,,,,108754,,111225,,0,,3.83,79078,72399,290193,85468,21605,194222,-2471,6390,121823,0
75413,,3086,華義*,,,,1,上櫃,113,,,,340725,,340725,,0,,14.43,31552,274295,236113,32467,29199,373192,,915,98897,0
2207367,,3088,艾訊,,42413,,1,上櫃,113,,,,3971098,,3971098,,0,,38.92,1764102,4189643,1020205,2947415,701113,6918513,,1183313,2728870,0
559595,,3093,港建*,,-38395,,1,上櫃,113,,,,928758,,928758,,0,,6.40,573022,1197443,362888,591336,44670,1520094,0,18314,322651,0
-67353,,3095,及成,,-12753,,1,上櫃,113,,0,,83734,,83734,,0,,6.50,181652,315645,128800,781644,35040,865378,,599992,549733,0
17618442,,3105,穩懋,,3478420,,1,上櫃,113,,,,36589529,,35304197,,0,,83.28,9148354,12696989,4239404,28155582,9967931,64745111,1285332,19007228,52048122,0
669513,,3114,好德,,239580,,1,上櫃,113,,,,1612453,,1612453,,0,,24.76,921674,2039003,651298,935902,52062,2548355,,14228,509352,0
-236756,,3115,富榮綱,,-1487,,1,上櫃,113,,,,198733,,198733,,0,,4.55,13834,206499,436976,17974,,216707,,4140,10208,0
188058,,3118,進階,0,0,0,1,上櫃,113,,0,0,568635,,,,0,,17.52,248332,706185,324529,269610,56048,838245,,21278,132060,0
-4929,,3122,笙泉,,-778,,1,上櫃,113,,,,447316,,447316,,0,,11.13,270292,475319,402068,273827,50955,721143,,3535,245824,73000
116950,,3128,昇銳,,,,1,上櫃,113,-13028,,,657930,,637158,,560000,,15.38,239804,607145,420000,672663,113236,1330593,20772,432859,723448,0
1776244,,3131,弘塑,,295853,,1,上櫃,113,-26837,0,,3826076,,3792559,,225520,,130.82,3422955,5406711,292160,4514123,1455139,8340199,33517,1091168,2933488,0
1311352,,3141,晶宏,,-4591,,1,上櫃,113,-3544,,,2433139,,2409506,,124000,,32.15,808680,2023374,750676,978508,355613,3411647,23633,169828,1388273,1400
537571,,3147,大綜,,-4491,,1,上櫃,113,,0,,1160291,,1160291,,0,,29.75,1716730,2316396,390061,1735752,237150,2896043,,19022,579647,0
2446636,,3152,璟德,,0,,1,上櫃,113,,,,3710330,,,,0,,53.76,684930,1940778,690162,750320,573532,4460650,,65390,2519872,0
-111844,,3162,精確,,32822,,1,上櫃,113,,0,,2632342,,2627212,,0,,20.12,2492985,2925694,1305665,3680152,1400569,6312494,5130,1187167,3386800,0
1129100,,3163,波若威,,-41857,,1,上櫃,113,,0,,2494032,,2494032,,0,,30.97,973238,3046427,805407,1023286,601382,3517318,,50048,470891,0
744982,,3169,亞信,,-14465,,1,上櫃,113,,,,1818125,,1818125,,0,,28.96,179959,1862146,629270,190530,458338,2008655,,10571,146509,0
186887,,3171,炎洲流通,,-5603,,1,上櫃,113,-107187,,,963072,,963072,,5066000,,14.54,568989,1199304,713023,584705,175952,1547777,,15716,348473,0
-823254,,3176,基亞,,-23860,,1,上櫃,113,,0,,4923749,,1555805,,0,,11.17,2704199,5323275,1392298,3446844,1010621,8370593,3367944,742645,3047318,0
669543,,3178,公準,,-468,,1,上櫃,113,,0,,1295560,,1290658,,0,,28.65,856910,1036384,450500,1540691,171083,2836251,4902,683781,1799867,0
511948,,3188,鑫龍騰,,0,,1,上櫃,113,,,,2531809,,2531809,,0,,13.59,3191204,7091286,1863099,4585162,156762,7116971,,1393958,25685,0
-188672,,3191,雲嘉南,,-11479,,1,上櫃,113,,,,239208,,239208,,0,,5.49,47437,298596,435974,217601,3385,456809,,170164,158213,0
-64384,,3205,佰研,,88229,,1,上櫃,113,0,,,505747,,494047,,0,,15.18,102545,299399,325456,113790,144746,619537,11700,11245,320138,0
759377,,3206,志豐,,-3308,,1,上櫃,113,0,0,,1732131,,1543204,,0,,26.19,1393317,2741161,589167,1564388,197968,3296519,188927,171071,555358,0
118926,,3207,耀勝,,261081,,1,上櫃,113,,,,1496528,,1431863,,0,,23.56,514613,1458759,607704,1178229,444152,2674757,64665,663616,1215998,0
4447169,,3211,順達,,-120922,,1,上櫃,113,,0,,8079839,,8079839,,0,,53.18,5118983,10437381,1519300,7785691,2234292,15865530,0,2666708,5428149,0
1822711,,3213,茂訊,,324084,,1,上櫃,113,,0,,2832903,,2808031,,0,,47.85,720822,2397253,586855,995723,74381,3828626,24872,274901,1431373,0
1669810,,3217,優群,,1035326,,1,上櫃,113,0,0,,4454557,,4454557,,0,,49.44,880182,3167612,901042,989329,848379,5443886,,109147,2276274,0
1627498,,3218,大學光,,3666,,1,上櫃,113,,,,3001793,,2860337,,0,,33.76,1643798,2853558,847249,2380847,381924,5382640,141456,737049,2529082,0
340989,,3219,倚強科,,37067,,1,上櫃,113,,,,1486514,,1258304,,0,,17.80,373382,1207294,706763,563370,173485,2049884,228210,189988,842590,0
644624,,3221,台嘉碩,,-272741,,1,上櫃,113,,0,,2231938,,2188996,,0,,21.05,656114,1763300,1039774,806309,777339,3038247,42942,150195,1274947,0
-192036,,3224,三顧,,8163,,1,上櫃,113,-1864,0,,2713553,,1173545,,40000,,17.22,455442,2498720,681726,562984,677556,3276537,1540008,107542,777817,0
998249,,3226,龍鋒,,-3950,,1,上櫃,113,,,,1653488,,,,0,,25.66,843405,1437998,644306,854262,14883,2507750,,10857,1069752,0
4451164,,3227,原相,,827720,,1,上櫃,113,,,,9709641,,9709641,,0,,66.13,2629379,7307309,1468309,3057599,2962448,12767240,,428220,5459931,0
-87946,,3228,金麗科,,-23883,,1,上櫃,113,,0,,586503,,,,0,,8.40,126820,340445,698265,134511,67,721014,,7691,380569,0
-344940,,3230,錦明,0,-81482,,1,上櫃,113,0,0,0,585691,,585691,,0,,8.25,640325,714117,710109,813946,302004,1399637,0,173621,685520,0
58222,,3232,昱捷,,139,,1,上櫃,113,,0,,707209,,707209,,0,,15.19,528540,1084726,465679,671914,183169,1379123,,143374,294397,0
-639191,,3234,光環,,-12298,,1,上櫃,113,,0,,1073165,,1111675,,0,,9.97,354012,1010957,1114747,540595,648417,1613760,-38510,186583,602803,0
400292,,3236,千如,,-134568,,1,上櫃,113,,0,,1496793,,1496793,,0,,14.26,907555,1396983,1050006,1693260,181063,3190053,,785705,1793070,0
1166708,,3252,海灣,,28500,,1,上櫃,113,,,,2006053,,1979376,,0,,39.43,234114,550069,501958,1859430,282210,3865483,26677,1625316,3315414,0
-283380,,3259,鑫創,,0,,1,上櫃,113,,,,362743,,362743,,0,,6.37,59683,398517,569659,89389,76464,452132,,29706,53615,0
6540248,,3260,威剛,,-959148,,1,上櫃,113,-40549,10000,,16886821,,15882541,,780000,,53.81,20873883,30600285,2959494,33509894,7382496,50396715,1004280,12636011,19796430,0
12049566,,3264,欣銓,,192115,,1,上櫃,113,-126772,0,,18240641,,18240641,,16250750,,38.49,4914302,8690449,4901701,14762377,1224031,33003018,,9848075,24312569,0
3800207,,3265,台星科,,167141,,1,上櫃,113,,0,,5696208,,5696208,,0,,41.80,1913469,4988599,1362617,2370146,366243,8066354,,456677,3077755,0
91002,,3268,海德威,,26559,,1,上櫃,113,,,,549338,,549338,,0,,15.82,339198,761908,347208,390591,84569,939929,,51393,178021,0
304425,,3272,東碩,,-38136,,1,上櫃,113,0,0,,1647480,,1647480,,0,,26.93,1509992,2820613,611680,2943562,769511,4591042,,1433570,1770429,0
118369,,3276,宇環,,-41948,,1,上櫃,113,,0,,934538,,802335,,0,,11.51,712425,591957,697127,779649,28787,1714187,132203,67224,1122230,0
115389,,3284,太普高,,-5041,,1,上櫃,113,0,,,1189030,,1089433,,0,,12.26,374111,1275637,888414,943121,90671,2132151,99597,569010,856514,0
167252,,3285,微端,,-14241,,1,上櫃,113,,,,638669,,619655,,0,,14.50,196773,735036,427353,230261,39291,868930,19014,33488,133894,0
142467,,3287,廣寰科,,-1238,,1,上櫃,113,,,,671992,,597193,,0,,13.58,302066,860865,439705,318428,16259,990420,74799,16362,129555,0
-67055,,3288,點晶,,13958,,1,上櫃,113,,,,95601,,96962,,0,,6.46,56208,155058,150000,104044,59,199645,-1361,47836,44587,0
574162,,3289,宜特,,-70291,,1,上櫃,113,0,,,3418035,,3372110,,0,,45.54,2218147,2412588,741742,4158763,2126497,7576798,45925,1940616,5164210,32000
507587,,3290,東浦,,-184319,,1,上櫃,113,,,,2012057,,2012057,,0,,16.42,1042885,2314434,1225201,1463526,463588,3475583,0,420641,1161149,0
7261292,,3293,鈊象,,187241,,1,上櫃,113,,,,9178157,,9174824,,0,,65.12,9554655,15456286,1409008,9629799,317283,18807956,3333,75144,3351670,0
-22312,,3294,英濟,,65082,,1,上櫃,113,0,0,,2249127,,2234763,,0,,16.93,1854024,4132965,1320159,3088790,871834,5337917,14364,1234766,1204952,0
94304,,3297,杭特,,,,1,上櫃,113,0,0,,567410,,567410,,0,,15.74,235079,345780,360494,239412,112612,806822,0,4333,461042,0
620543,,3303,岱稜,,-34954,,1,上櫃,113,,,,1907435,,1896956,,0,,20.16,841682,1561386,940906,1249424,370461,3156859,10479,407742,1595473,0
256200,,3306,鼎天,,2143693,,1,上櫃,113,,,,3387400,,3387400,,0,,66.93,282383,891546,506077,286425,481430,3673825,,4042,2782279,0
902290,,3310,佳穎,,214306,,1,上櫃,113,,0,,1829824,,1820572,,0,,30.33,3915340,5168028,600238,4753855,103738,6583679,9252,838515,1415651,0
-518761,,3313,斐成,,-1392,,1,上櫃,113,,0,,1699376,,1698123,,0,,10.06,286803,1537492,1687708,287105,530568,1986481,1253,302,448989,0
1538468,,3317,尼克森,,4643,,1,上櫃,113,,0,,2884141,,2884141,,0,,40.59,570340,2817263,710518,573486,630512,3457627,,3146,640364,0
233283,,3322,建舜電,,-37582,,1,上櫃,113,,0,,1500361,,1498668,,0,,13.20,1268599,1646455,1135728,1703103,167239,3203464,1693,434504,1557009,0
658413,,3323,加百裕,,46716,,1,上櫃,113,,,,2466802,,2448905,,0,,27.73,2178302,4758750,883059,2976892,860717,5443694,17897,798590,684944,0
4935273,,3324,雙鴻,,122185,,1,上櫃,113,-493483,0,,7695685,,7433553,,2300000,,83.87,4851939,8983010,909355,5526442,1960223,13222127,262132,674503,4239117,1436560
-56289,,3325,旭品,,7702,,1,上櫃,113,,,,1096291,,1028535,,0,,11.41,744168,1400978,901686,906476,175436,2002767,67756,162308,601789,0
1071614,,3332,幸康,,3666,,1,上櫃,113,,0,,1737016,,1737016,,0,,36.11,364681,1464543,481042,433053,180694,2170069,,68372,705526,0
32674,,3339,泰谷,,0,,1,上櫃,113,,,,862255,,,,0,,13.58,246813,836539,634950,249337,194631,1111592,,2524,275053,0
-137845,,3349,寶德,,1781,,1,上櫃,113,,0,,325996,,325996,,0,,8.14,143054,338944,400716,255768,61344,581764,,112714,242820,0
53908,,3354,律勝,,-29774,,1,上櫃,113,-287,0,,894494,,894494,,21000,,12.76,218225,621567,701124,285492,169523,1179986,,67267,558419,0
3347561,,3357,臺慶科,,444278,,1,上櫃,113,,0,,6727744,,6666458,,0,,65.34,1852032,4922848,1020340,4685029,1854279,11412773,61286,2832997,6489925,0
-95378,,3360,尚立,,6015,,1,上櫃,113,,,,905375,,885602,,0,,11.59,1161987,1865548,764021,1337762,210944,2243137,19773,175775,377589,0
940282,,3362,先進光,,-38233,,1,上櫃,113,,0,,3483333,,3480839,,0,,24.43,2853319,3484289,1424599,4183704,1154191,7667037,2494,1330385,4182748,0
329255,,3363,上詮,,-223177,,1,上櫃,113,,0,,2060341,,2060341,,0,,20.89,213088,1625669,986406,300642,967857,2360983,,87554,735314,0
-23497,,3372,典範,,-8787,,1,上櫃,113,,0,,1855021,,,,0,,10.58,184699,994661,1753400,257594,133905,2112615,,72895,1117954,0
469481,,3373,熱映,,-64203,,1,上櫃,113,,,,926953,,926953,,0,,21.41,58970,766549,432898,59497,88777,986450,,527,219901,0
5170184,,3374,精材,,,,1,上櫃,113,,,,8280251,,,,0,,30.51,1467875,5532577,2713643,2141699,396424,10421950,,673824,4889373,0
1850,,3379,彬台,,154468,,1,上櫃,113,,0,,606316,,606316,,0,,15.94,810224,866957,380417,829073,69581,1435389,,18849,568432,0
1884903,,3388,崇越電,,162012,,1,上櫃,113,,,,4445299,,4308618,,0,,58.18,1343524,5651346,740624,2078145,1521079,6523444,136681,734621,872098,0
157807,,3390,旭軟,,44299,,1,上櫃,113,0,0,,1218433,,1218433,,0,,17.67,615658,1580531,689583,634775,326744,1853208,0,19117,272677,0
785810,,3402,漢科,,-24297,,1,上櫃,113,,,,1838993,,1838993,,0,,25.18,4860887,6095055,730476,5042532,347004,6881525,,181645,786470,0
504644,,3430,奇鈦科,,2744,,1,上櫃,113,,,,1006321,,1006321,,0,,29.85,323883,1064905,337161,462959,161772,1469280,,139076,404375,0
51759,,3434,哲固,,-4122,,1,上櫃,113,,0,,318437,,318437,,0,,11.76,214294,453645,270800,224988,,543425,,10694,89780,0
313296,,3438,類比科,,368008,,1,上櫃,113,,0,,1735181,,,,0,,36.79,131734,822365,471658,229186,582219,1964367,,97452,1142002,0
303085,,3441,聯一光電,,16181,,1,上櫃,113,,,,788685,,777306,,0,,19.41,182126,909980,400399,201430,57641,990115,11379,19304,80135,0
324298,,3444,利機,,-22917,,1,上櫃,113,,,,1003633,,1003633,,0,,22.75,378959,808171,441146,405795,261106,1409428,,26836,601257,0
1452557,,3455,由田,,-28340,,1,上櫃,113,,,,2398393,,2398393,,0,,40.07,1325991,2705937,598507,1966121,375669,4364514,,640130,1658577,0
135140,,3465,進泰電子,,26858,,1,上櫃,113,,0,,884074,,810965,,0,,22.95,431976,1018724,353298,1021162,295669,1905236,73109,589186,886512,0
-205416,,3466,德晉,,-98507,,1,上櫃,113,,0,,841348,,841348,,0,,13.68,481749,821969,614821,693216,530450,1534564,,211467,712595,0
1017170,,3479,安勤,0,26620,,1,上櫃,113,-1535,,0,3350252,,2928034,,76201,,40.43,1833544,4582780,725002,2572880,1160777,5923132,422218,739336,1340352,0
1192691,,3483,力致,,-81032,,1,上櫃,113,-27943,,,3838537,,3838537,,455000,,46.51,4090778,6238453,829785,4663093,1925036,8501630,,572315,2263177,0
1263696,,3484,崧騰,,87946,,1,上櫃,113,,,,2902117,,2865351,,0,,37.93,1364660,3497412,755387,1949716,758322,4851833,36766,585056,1354421,0
104662,,3489,森寶,,,,1,上櫃,113,,0,,1367639,,1367639,,0,,15.12,3093944,4578570,904522,3401638,358455,4769277,,307694,190707,0
442510,,3490,單井,,-18162,,1,上櫃,113,0,,,1319367,,1319367,,0,,23.99,189625,629491,550065,307140,344954,1626507,,117515,997016,0
394523,,3491,昇達科,,72341,,1,上櫃,113,,,,2395641,,2004769,,0,,31.47,1119613,2259911,636972,1190948,900933,3586589,390872,71335,1326678,0
229116,,3492,長盛,,-15844,,1,上櫃,113,0,0,,588375,,588375,,0,,16.56,282579,635372,355316,349027,19787,937402,,66448,302030,0
442839,,3498,陽程,,-109406,,1,上櫃,113,-84693,,,2266274,,2263933,,2462000,,37.48,796342,2246612,628730,938566,1386463,3204840,2341,142224,958228,0
-21889,,3499,環天科,,-15019,,1,上櫃,113,,0,,541238,,541238,,0,,9.85,326371,544963,549706,337717,28440,878955,0,11346,333992,0
-2290852,,3508,位速,,-16806,,1,上櫃,113,-87396,0,,689946,,761239,,2690366,,7.49,1621677,984488,1043117,2223167,2113176,2913113,-71293,601490,1928625,0
87107,,3511,矽瑪,,-1051,,1,上櫃,113,,,,2030122,,1437503,,0,,17.97,437998,1320890,799729,505929,551718,2536051,592619,67931,1215161,0
408650,,3512,皇龍,,-8380,,1,上櫃,113,,,,1972174,,1972174,,0,,21.25,2224851,4739715,928141,2832690,643763,4804864,,607839,65149,0
102634,,3516,亞帝歐,,-61212,,1,上櫃,113,,,,1443009,,1346428,,0,,25.59,551299,1036410,526138,937659,778868,2380668,96581,386360,1344258,0
56534,,3520,華盈,,-7402,,1,上櫃,113,,0,,802915,,799139,,0,,11.61,256597,769283,688468,589260,61539,1392175,3776,332663,622892,0
-406912,,3521,台鋼建設,,-4,,1,上櫃,113,,,,595898,,595705,,0,,7.61,138809,683752,782656,548540,219965,1144438,193,409731,460686,0
-228464,,3522,御嵿,,-17175,,1,上櫃,113,0,,,773925,,772704,,0,,9.36,462335,531579,825250,1319989,193093,2093914,1221,857654,1562335,0
-530174,,3523,迎輝,,399232,,1,上櫃,113,,,,530631,,527413,,0,,8.21,521138,184849,642579,1240106,15776,1770737,3218,718968,1585888,0
1686850,,3526,凡甲,,-20310,,1,上櫃,113,,,,3011788,,3011788,,0,,50.77,1620593,4463769,593189,2578581,752059,5590369,0,957988,1126600,180815
693991,,3527,聚積,,-28023,,1,上櫃,113,,,,2409372,,2409372,,0,,54.21,541222,2426735,444451,552688,1298953,2962060,0,11466,535325,0
2598285,,3529,力旺,,-5078,,1,上櫃,113,0,0,,3480910,,3457255,,0,,46.31,774801,3443217,746521,794826,117527,4275736,23655,20025,832519,0
705567,,3531,先益,,-128381,,1,上櫃,113,,0,,1876609,,1858614,,0,,30.38,589729,2283966,611750,720900,669678,2597509,17995,131171,313543,0
511704,,3537,堡達,0,-18383,,1,上櫃,113,0,0,0,1134434,,1134434,,0,,21.18,792146,1675786,535647,824746,105466,1959180,0,32600,283394,0
641359,,3540,曜越,,51124,,1,上櫃,113,-23838,,,1895881,,1914871,,1058000,,26.59,2129380,4146535,730665,2988170,515561,4884051,-18990,858790,737516,0
26802,,3541,西柏,0,-26523,,1,上櫃,113,-73810,0,,763419,,763419,,1056000,,13.70,967249,1116004,567871,1469414,269079,2232833,,502165,1116829,0
751833,,3546,宇峻,,60530,,1,上櫃,113,,,,1615537,,1615537,,0,,31.94,362949,1646454,505866,743015,297308,2358552,,380066,712098,0
3153007,,3548,兆利,,-26655,,1,上櫃,113,0,,,5653863,,5653863,,0,,85.55,4044949,7596742,660914,5144242,1866597,10798105,,1099293,3201363,0
2807142,,3551,世禾,,-78473,,1,上櫃,113,-31330,0,,3622200,,3622200,,538000,,64.41,731871,1644721,567749,1177434,357112,4799634,,445563,3154913,0
2907338,,3552,同致,,-396988,,1,上櫃,113,,0,,4304527,,4304527,,0,,50.29,4591898,8009165,855929,6037023,938248,10341550,,1445125,2332385,0
-113156,,3555,博士旺,,-156,,1,上櫃,113,,0,,159072,,151217,,0,,5.87,156575,214894,257628,183777,6901,342849,7855,27202,127955,0
428338,,3556,禾瑞亞,,204,,1,上櫃,113,,,,1150173,,1085413,,0,,17.04,286418,1332371,637029,352613,19842,1502786,64760,66195,170415,0
3575504,,3558,神準,,-9374,,1,上櫃,113,,0,,4935381,,4759866,,0,,97.02,5631098,6762389,490609,5887772,703127,10823153,175515,256674,4060764,0
200139,,3564,其陽,,7519,,1,上櫃,113,,0,,1244825,,1244825,,0,,21.05,702293,1357928,591231,1121986,445936,2366811,,419693,1008883,0
256262,,3567,逸昌,,-2066,,1,上櫃,113,0,,,645023,,,,0,,19.00,63813,274132,339540,73832,51287,718855,,10019,444723,0
598351,,3570,大塚,,-8423,,1,上櫃,113,,,,829711,,829711,,0,,48.53,378757,1074135,170970,426300,68813,1256011,,47543,181876,0
579927,,3577,泓格,,-2814,,1,上櫃,113,,0,,1285400,,1285400,,0,,20.10,275414,819833,639657,381028,68630,1666428,,105614,846595,0
351111,,3580,友威科,,10545,,1,上櫃,113,-13982,,,894048,,894048,,575000,,22.99,708093,1429710,394707,979125,151667,1873173,,271032,443463,0
247109,,3581,博磊,,9550,,1,上櫃,113,,0,,995190,,848012,,0,,16.63,952723,1634017,510060,1008832,81293,2004022,147178,56109,370005,0
1578111,,3587,閎康,0,-26442,,1,上櫃,113,-66265,0,,4169063,,4169063,,582000,,63.08,2120381,3692847,666746,3404625,2016913,7573688,0,1284244,3880841,0
418811,,3594,磐儀,,-38598,,1,上櫃,113,-23091,0,,2132987,,2125914,,928000,,22.37,971487,2322606,956974,1389356,811818,3522343,7073,417869,1199737,258000
123248,,3597,映興,,-30090,,1,上櫃,113,-7146,0,,564396,,564396,,301000,,14.50,331644,696007,392364,475654,86020,1040050,,144010,344043,0
-310242,,3609,三一東林,,-23140,,1,上櫃,113,,0,,310572,,310572,,0,,8.80,641361,624582,352794,733979,291160,1044551,,92618,419969,0
3709365,,3611,鼎翰,,601091,,1,上櫃,113,,,,5462651,,5462651,,0,,115.88,2180591,4003931,471426,3591968,680769,9054619,,1411377,5050688,2000
123680,,3615,安可,,-33315,,1,上櫃,113,,0,,2504005,,2252443,,0,,32.90,448903,1739858,684670,906217,1477408,3410222,251562,457314,1670364,0
-10188,,3623,富晶通,,1167,,1,上櫃,113,,0,,376713,,,,0,,12.91,95490,316614,291859,122836,93875,499549,,27346,182935,0
1438740,,3624,光頡,,-4239,,1,上櫃,113,,0,,3355384,,3338030,,0,,28.45,541435,2631148,1173408,611062,730121,3966446,17354,69627,1335298,0
-372288,,3625,西勝,,-46330,,1,上櫃,113,-48244,,,692745,,692745,,5584000,,6.38,1320124,644649,1141314,1327008,18293,2019753,0,6884,1375104,0
363620,,3628,盈正,,88105,,1,上櫃,113,,0,,1629786,,1615404,,0,,35.90,1605736,2295659,450000,1766987,713679,3396773,14382,161251,1101114,0
-230106,,3629,地心引力,,-14826,,1,上櫃,113,,0,,98031,,98031,,0,,2.97,9958,94611,329548,9958,13415,107989,0,0,13378,0
-1533633,,3630,新鉅科,,-28083,,1,上櫃,113,,0,,2679231,,2679231,,0,,14.55,1173982,1513982,1841919,3054542,2399028,5733773,,1880560,4219791,0
-50060,,3631,晟楠,,-743,,1,上櫃,113,0,,,1612967,,1310389,,0,,16.02,272075,1083517,818209,1289864,542983,2902831,302578,1017789,1819314,0
-230404,,3632,研勤,,-30917,,1,上櫃,113,,,,173470,,149425,,0,,3.65,100657,155059,408897,201259,1849,374729,24045,100602,219670,0
152758,,3646,艾恩特,,9734,,1,上櫃,113,,,,570632,,570632,,0,,14.52,311073,657205,392974,335892,15166,906524,,24819,249319,0
116243,,3663,鑫科,,7198,,1,上櫃,113,,,,1210473,,1210473,,0,,16.47,542839,1340623,735012,656545,352020,1867018,,113706,526395,0
-564443,,3664,安瑞-KY,,-79563,,1,上櫃,113,-21488,,,284576,,284648,,1908000,,5.02,311102,632919,586498,481181,363644,765757,-72,170079,132838,2500
-372939,,3666,光耀,,-27293,,1,上櫃,113,-174512,,,576405,,576405,,5750000,,10.88,426790,510868,587381,470302,563768,1046707,,43512,535839,0
-47657,,3672,康聯訊,,-17425,,1,上櫃,113,-9042,,,308598,,308611,,805000,,9.96,318046,463094,317903,385371,64832,693969,-13,67325,230875,0
773682,,3675,德微,,-1576,,1,上櫃,113,0,0,,1900558,,1676656,,0,,33.40,1085086,1580794,502039,1743422,402511,3643980,223902,658336,2063186,0
981840,,3680,家登,,208401,,1,上櫃,113,,,,9048825,,8098344,,0,,85.88,3323375,7086879,942975,7321264,5965128,16370089,950481,3997889,9283210,300
235341,,3684,榮昌,,-3161,,1,上櫃,113,,0,,619836,,619836,,0,,20.66,244775,529927,300016,385555,87640,1005391,,140780,475464,0
-54952,,3685,元創精密,,-44209,,1,上櫃,113,,,,1389045,,827544,,0,,10.40,695620,1060069,795740,959185,130965,2348230,561501,263565,1288161,0
96895,,3687,歐買尬,,-663,,1,上櫃,113,,,,3824939,,1422092,,0,,47.31,4099418,6401127,300596,4758634,1025264,8583573,2402847,659216,2182446,0
1670080,,3689,湧德,,-91023,,1,上櫃,113,,,,3397207,,3375280,,0,,42.87,1124738,3561130,787250,1639641,1008973,5036848,21927,514903,1475718,0
632666,,3691,碩禾,,-353862,,1,上櫃,113,,,,7443920,,6642961,,0,,72.30,3524425,5286295,918834,5430680,5445323,12874600,800959,1906255,7588305,0
2135445,,3693,營邦,0,30136,,1,上櫃,113,,0,,3055523,,3055523,,0,,79.38,3002509,4636089,384907,3184564,505035,6240087,0,182055,1603998,0
655974,,3707,漢磊,,-98830,,1,上櫃,113,,0,,7427597,,5427940,,0,,16.29,2662635,6440929,3332157,4311709,1538639,11739306,1999657,1649074,5298377,0
648691,,3709,鑫聯大投控,,21923,,1,上櫃,113,,0,,2140651,,2160287,,0,,21.48,6841711,8801247,1005695,7150259,483978,9290910,-19636,308548,489663,0
-713935,,3710,連展投控,,-532624,,1,上櫃,113,,0,,1998651,,1686928,,0,,5.87,4746149,4495477,2872507,6019867,60980,8018518,311723,1273718,3523041,0
-276673,,3713,新晶投控,,-1183,,1,上櫃,113,,0,,660559,,653571,,0,,8.37,1655370,789297,780900,2189554,150527,2850113,6988,534184,2060816,0
138996,,4102,永日,,75895,,1,上櫃,113,,0,,741710,,668545,,0,,15.78,114141,389590,423735,216094,29919,957804,73165,101953,568214,0
2592503,,4105,東洋,,90463,,1,上櫃,113,,0,,6120859,,5486332,,0,,22.06,3183095,5578264,2486500,3953247,316866,10074106,634527,770152,4495842,0
1983354,,4107,邦特,,32330,,1,上櫃,113,,,,3025617,,3025617,,0,,43.66,973263,2285097,692983,1726991,316950,4752608,,753728,2467511,0
126991,,4109,加捷生醫,,-56428,,1,上櫃,113,,0,,1172890,,1148965,,0,,11.64,189639,357851,987367,198740,91035,1371630,23925,9101,1013779,0
626315,,4111,濟生,,-2810,,1,上櫃,113,0,0,,1242183,,1242183,,0,,21.80,436313,809643,569830,533830,48848,1776013,0,97517,966370,0
300535,,4113,聯上,,0,,1,上櫃,113,,,,3220055,,,,0,,15.25,10141485,13841119,2111382,11615493,808138,14835548,,1474008,994429,0
965617,,4114,健喬,,-79119,,1,上櫃,113,-334984,,,8039245,,6685631,,13853445,,17.50,2547418,4761206,3958959,3950141,2175158,11989386,1353614,1402723,7228180,0
295373,,4116,明基醫,0,-4319,,1,上櫃,113,,,,2117257,,1034635,,0,,23.22,1422172,2608648,445660,2541605,297921,4658862,1082622,1119433,2050214,0
1591249,,4120,友華,,1023885,,1,上櫃,113,,,,4392446,,3753868,,0,,43.27,3821260,4012823,867471,6534675,271263,10927121,638578,2713415,6914298,0
377777,,4121,優盛,,-41692,,1,上櫃,113,,,,2187002,,1553871,,0,,18.30,1260610,2444011,849291,2374324,368495,4561326,633131,1113714,2117315,0
5281414,,4123,晟德,,57850,,1,上櫃,113,-246721,,,19707159,,19256058,,5357679,,28.07,1179365,5647637,6914211,7384378,7249304,27091537,451101,6205013,21443900,0
1870545,,4126,太醫,,0,,1,上櫃,113,,,,2941210,,,,0,,40.51,485198,1659895,726000,907308,344665,3848518,,422110,2188623,0
42938,,4127,天良,,,,1,上櫃,113,,,,500538,,,,0,,10.94,139553,313784,457600,155897,0,656435,,16344,342651,0
-1364258,,4128,中天,,860931,,1,上櫃,113,,,,13161061,,11474435,,0,,20.48,455667,3968196,5601625,1170469,6376137,14331530,1686626,714802,10363334,0
744941,,4129,聯合,,-78831,,1,上櫃,113,,0,,3954973,,3858071,,0,,39.99,1988158,3572539,964867,2667560,2227094,6622533,96902,679402,3049994,0
-176646,,4131,浩泰,,-33080,,1,上櫃,113,,,,335422,,335006,,0,,8.48,117735,363202,395000,144197,149732,479619,416,26462,116417,0
348837,,4138,曜亞,,50727,,1,上櫃,113,,0,,1527625,,1355925,,0,,41.09,1219704,2064953,330000,1541325,626361,3068950,171700,321621,1003997,0
-55797,,4139,馬光-KY,,15257,,1,上櫃,113,,,,445242,,389698,,0,,9.16,618127,401461,425499,1059071,4739,1504313,55544,440944,1102852,0
-950594,,4147,中裕,,-12310,,1,上櫃,113,,0,,4212168,,4212168,,0,,15.42,328158,3784749,2730785,1276755,2444287,5488923,,948597,1704174,0
54305,,4153,鈺緯,,-6373,,1,上櫃,113,-45987,0,,985182,,985182,,1422394,,16.79,303362,1012465,600906,308510,382331,1293692,,5148,281227,0
-142210,,4154,樂威科-KY,,-33486,,1,上櫃,113,,,,204754,,181504,,0,,5.08,237250,227702,357200,240699,0,445453,23250,3449,217751,0
672518,,4157,太景*-KY,,-33429,,1,上櫃,113,,,,1109607,,1109607,,0,,1.55,44986,1098322,20942,103891,449576,1213498,,58905,115176,0
50751,,4160,訊聯基因,,107743,,1,上櫃,113,,0,,459201,,458937,,0,,18.06,124759,452117,254049,133226,46394,592427,264,8467,140310,0
48673,,4161,聿新科,,-66733,,1,上櫃,113,0,0,,841353,,836991,,0,,15.80,531859,899971,529808,684742,325243,1526095,4362,152883,626124,0
1007036,,4162,智擎,,-1317,,1,上櫃,113,-133410,0,,3945102,,,,2000000,,27.46,109497,4034516,1456782,117566,1616011,4062668,,8069,28152,0
1704130,,4163,鐿鈦,,-85858,,1,上櫃,113,,10000,,2644129,,2579045,,0,,51.81,676206,2484757,497802,2142028,462971,4786157,65084,1465822,2301400,0
114697,,4167,松瑞藥,,,,1,上櫃,113,,,,3434497,,3423815,,0,,10.79,186696,2611099,3173991,453176,135127,3887673,10682,266480,1276574,0
-250816,,4168,醣聯,,-7915,,1,上櫃,113,,0,,1202527,,1202527,,0,,11.07,317082,678877,1086401,322866,374857,1525393,,5784,846516,0
94480,,4171,瑞基,,-441,,1,上櫃,113,,0,,843175,,813510,,0,,14.16,239862,662361,574575,345218,144896,1188393,29665,105356,526032,0
192223,,4173,久裕,,321871,,1,上櫃,113,,0,,1915258,,1915258,,0,,25.68,3651616,5021986,745744,3681345,655420,5596603,,29729,574617,0
-6091268,,4174,浩鼎,,-16837,,1,上櫃,113,-26533,0,,4404373,,3297479,,190882,,14.38,141231,2667038,2294394,630878,7137723,5035251,1106894,489647,2368213,0
284635,,4175,杏一,,-3036,,1,上櫃,113,,,,1456229,,1450978,,0,,34.32,3134254,2396216,422830,5983821,746549,7440050,5251,2849567,5043834,34300
48228,,4183,福永生技,,0,,1,上櫃,113,,,,317828,,,,0,,13.35,101143,350186,238000,212186,31600,530014,,111043,179828,0
-164382,,4188,安克,,-12634,,1,上櫃,113,,,,459513,,364882,,0,,6.84,19275,305393,533405,29109,8493,488622,94631,9834,183229,17000
-51547,,4192,杏國,,-55965,,1,上櫃,113,,,,349213,,349213,,0,,9.93,21512,291769,351645,26898,105080,376111,,5386,84342,0
-2577,,4198,欣大健康,,2591,,1,上櫃,113,,0,,385740,,281094,,0,,11.66,129534,376778,241080,202065,40000,587805,104646,72531,211027,0
1111135,,4205,中華食,,1152,,1,上櫃,113,,0,,2051996,,,,0,,23.12,274732,1444075,887720,366035,51989,2418031,,91303,973956,0
798893,,4207,環泰,,-319665,,1,上櫃,113,,,,3397366,,2409642,,0,,12.87,1155368,2801385,1873000,2426080,57414,5823446,987724,1270712,3022061,0
795336,,4303,信立,,45,,1,上櫃,113,,0,,1752511,,,,0,,22.48,309342,939424,779648,348486,177482,2100997,,39144,1161573,0
-269286,,4304,勝昱,,-6084,,1,上櫃,113,0,0,,85010,,85010,,0,,2.36,326847,243583,360380,339448,0,424458,0,12601,180875,0
645358,,4305,世坤,,,,1,上櫃,113,,0,,1195573,,,,0,,21.73,155193,1080923,550140,173834,75,1369407,,18641,288484,0
1299881,,4401,東隆興,,-53729,,1,上櫃,113,,,,2695994,,2640343,,0,,21.52,1727272,2488368,1226920,3120526,167271,5816520,55651,1393254,3328152,0
-232070,,4402,郡都開發,,19907,,1,上櫃,113,,,,467755,,467755,,0,,6.88,4271,267804,679918,23553,0,491308,,19282,223504,0
-31621,,4406,新昕纖,,89623,,1,上櫃,113,0,0,,617442,,,,0,,11.89,220296,344557,519120,260011,40320,877453,,39715,532896,0
45160,,4413,飛寶企業,,-834,,1,上櫃,113,,,,357473,,357473,,0,,11.42,24104,322258,313147,115864,0,473337,,91760,151079,0
770188,,4416,三圓,,-34363,,1,上櫃,113,-579856,,,1692142,,1692142,,4217136,,29.16,9323212,11938334,622418,13121043,913755,14813185,,3797831,2874851,217979
2133702,,4417,金洲,,-147145,,1,上櫃,113,,,,3309473,,2865187,,0,,34.12,1384337,2874019,839713,1850467,38917,5159940,444286,466130,2285921,0
-653652,,4419,皇家美食,,-233,,1,上櫃,113,,0,,994631,,928506,,0,,5.87,119976,983355,1581631,297873,760,1292504,66125,177897,309149,0
1272503,,4420,光明,,-463,0,1,上櫃,113,0,0,,1879748,,,,0,,46.47,1403946,1818387,404550,2057342,203158,3937090,,653396,2118703,0
665916,,4430,耀億,,-124273,,1,上櫃,113,,0,,1838938,,1838938,,0,,32.68,1332785,1446547,562736,1760742,734559,3599680,,427957,2153133,0
552915,,4432,銘旺實,,-84462,,1,上櫃,113,,0,,1345682,,1345682,,0,,26.60,243301,1287664,505890,259019,371339,1604701,,15718,317037,0
342383,,4433,興采,,-12141,,1,上櫃,113,-25914,0,,2038609,,1879163,,860000,,31.09,2466055,1918694,612998,4264914,961837,6303523,159446,1798859,4384829,0
77170,,4442,竣邦-KY,,2592,,1,上櫃,113,,,,545582,,545582,,0,,19.82,204433,597331,275289,213704,190531,759286,,9271,161955,0
-146585,,4502,健信,,12464,,1,上櫃,113,-29260,0,,700609,,694890,,542000,,12.09,1364871,1374293,580117,2079331,278154,2779940,5719,714460,1405647,0
-128986,,4503,金雨,,6122,,1,上櫃,113,,,,866500,,861704,,0,,14.29,77320,502343,603133,111480,381435,977980,4796,34160,475637,0
3703186,,4506,崇友,,-60504,,1,上櫃,113,0,0,,5475955,,5476206,,0,,30.94,3935157,6831270,1770120,3989565,63404,9465520,-251,54408,2634250,0
369286,,4510,高鋒,,78766,,1,上櫃,113,,0,,1801605,,1798656,,0,,16.65,1506686,1920782,1080107,2561561,270497,4363166,2949,1054875,2442384,0
174074,,4513,福裕,,-17253,,1,上櫃,113,,,,1403924,,1403924,,0,,13.14,795128,1977527,1068803,1470042,178300,2873966,,674914,896439,0
-34762,,4523,永彰,0,-18293,,1,上櫃,113,,,,1010073,,883822,,0,,13.81,1034644,943642,640000,1132057,296877,2142130,126251,97413,1198488,0
694913,,4527,方方土霖,,-76655,,1,上櫃,113,,0,,1622930,,1508398,,0,,19.81,1792277,2805207,761524,1956576,128616,3579506,114532,164299,774299,0
1501412,,4528,江興鍛,,-129865,,1,上櫃,113,0,0,,2229979,,2229979,,0,,26.50,813310,1322896,841657,1546736,16775,3776715,0,733426,2453819,0
-398385,,4529,淳紳,,-103728,,1,上櫃,113,,,,372594,,371453,,0,,4.39,21357,104314,845491,23371,28075,395965,1141,2014,291651,0
-315513,,4530,天意能創,,-19472,,1,上櫃,113,,,,177519,,159388,,0,,3.22,33196,74911,494373,68534,,246053,18131,35338,171142,0
891219,,4533,協易機,,-119584,,1,上櫃,113,,,,2540958,,2540958,,0,,16.04,2385898,5058645,1584341,3651112,184982,6192070,,1265214,1133425,0
-198796,,4534,慶騰,,-50810,,1,上櫃,113,,,,677532,,677532,,0,,7.81,595954,825567,867889,680013,59249,1357545,0,84059,531978,0
1680899,,4535,至興,,-61527,,1,上櫃,113,0,0,,2881915,,2526790,,0,,33.40,384998,2104872,756617,416782,150801,3298697,355125,31784,1193825,0
221767,,4538,大詠城,,,,1,上櫃,113,,0,,888072,,,,0,,15.43,99216,468566,575523,102291,90782,990363,,3075,521797,0
12988,,4541,晟田,,,,1,上櫃,113,,0,,1521771,,,,0,,22.50,1651973,1686859,676471,2334876,832312,3856647,,682903,2169788,0
142114,,4542,科嶠,,13855,,1,上櫃,113,,0,,706748,,700554,,0,,21.70,451705,871484,322854,682888,221731,1389636,6194,231183,518152,0
872092,,4543,萬在,,-4843,,1,上櫃,113,-14115,,,1703867,,1703867,,924000,,30.40,638618,1222942,569700,850269,281033,2554136,,211651,1331194,0
1020944,,4549,桓達,,-36535,,1,上櫃,113,,,,1859301,,1859205,,0,,33.93,219532,1332757,547890,431148,326906,2290449,96,211616,957692,0
475091,,4550,長佳,,-7502,,1,上櫃,113,,,,962825,,962825,,0,,25.45,685899,1054293,378387,858112,116849,1820937,,172213,766644,0
55901,,4554,橙的,,-4733,,1,上櫃,113,,,,455038,,455038,,0,,19.53,169994,553304,232986,235083,170884,690121,,65089,136817,0
120972,,4556,旭然,,6109,,1,上櫃,113,,0,,835991,,835123,,0,,19.94,435773,648015,418840,768270,289202,1604261,868,332497,956246,0
168150,,4558,寶緯,,,,1,上櫃,113,,,,883887,,,,0,,17.68,676731,1243393,500000,1153413,215737,2037300,,476682,793907,0
520052,,4561,健椿,,,,1,上櫃,113,,,,1315804,,,,0,,22.48,562809,1140279,585216,1130031,210536,2445835,,567222,1305556,0
83231,,4563,百德,,61673,,1,上櫃,113,,,,1514767,,1514767,,0,,27.57,1373379,2825145,549500,2476972,820363,3991739,,1103593,1166594,0
252058,,4568,科際精密,,-43151,,1,上櫃,113,-5113,,,1040322,,1040322,,98000,,32.51,392514,1014943,320981,583462,515547,1623784,,190948,608841,0
434750,,4577,達航科技,,-104383,,1,上櫃,113,,,,1009761,,1009761,,0,,20.55,855943,836675,491380,1046657,188014,2056418,,190714,1219743,0
1157044,,4580,捷流閥業,,-8578,,1,上櫃,113,,,,2374056,,2374056,,0,,55.04,668636,2364224,431331,1274324,794259,3648380,,605688,1284156,0
433517,,4584,君帆,,-29640,,1,上櫃,113,,0,,962361,,962361,,0,,34.64,649041,1190394,277800,975359,280684,1937720,,326318,747326,0
-283371,,4609,唐鋒,,-35718,,1,上櫃,113,,,,163712,,163712,,0,,3.41,223756,384517,479468,492591,3333,656303,,268835,271786,0
454612,,4702,中美實,,52478,,1,上櫃,113,,0,,1235344,,1235344,,0,,17.08,242639,658186,723332,256994,4922,1492338,,14355,834152,0
725556,,4706,大恭,,-30754,,1,上櫃,113,0,,,1486943,,1486085,,0,,18.80,133983,1449235,790301,137980,982,1624923,858,3997,175688,0
1466752,,4707,磐亞,,-259090,,1,上櫃,113,,,,5871141,,,,0,,15.49,2180545,796593,3790754,2284507,872725,8155648,,103962,7359055,0
393110,,4711,永純,,,,1,上櫃,113,,,,1056979,,1056979,,0,,17.31,152015,854009,610560,224495,53309,1281474,,72480,427465,0
195000,,4714,永捷,,14891,,1,上櫃,113,-3923,0,,5279304,,2135573,,1970000,,12.83,1775459,4384813,1683952,1887742,245653,7167046,3143731,112283,2782233,1820500
205228,,4716,大立,,-1926,,1,上櫃,113,-22909,,,1085310,,1078708,,1420000,,12.92,606768,1247215,849045,769971,49270,1855281,6602,163203,608066,0
432062,,4721,美琪瑪,,-99237,,1,上櫃,113,,,,1107513,,1107513,,0,,14.77,490341,1155829,749863,495658,24825,1603171,,5317,447342,0
-818252,,4726,永昕,,-1970,,1,上櫃,113,,140000,,2318153,,2318153,,0,,11.26,522272,766160,2060710,1113203,1077665,3431356,,590931,2665196,235000
1069164,,4728,雙美,,-9849,,1,上櫃,113,,,,1607596,,1607596,,0,,29.52,491250,1260727,544630,719154,3651,2326750,,227904,1066023,0
131035,,4729,熒茂,,97191,,1,上櫃,113,,,,1367116,,1129983,,0,,14.54,1479838,1641134,777268,1937918,124489,3305034,237133,458080,1663900,0
454616,,4735,豪展,,-96814,,1,上櫃,113,-6374,,,881645,,881645,,166000,,24.09,453596,878647,367688,467481,162529,1349126,0,13885,470479,0
215060,,4741,泓瀚,,-655,,1,上櫃,113,,,,905584,,896171,,0,,27.29,217932,579797,328416,248147,353350,1153731,9413,30215,573934,0
-1359481,,4743,合一,,1543362,,1,上櫃,113,-25777,,,14238061,,13780269,,984163,,30.33,196009,7949996,4553612,835582,9068553,15073643,457792,639573,7123647,0
148351,,4744,皇將,,21452,,1,上櫃,113,0,,,1260730,,1152192,,0,,20.95,715834,1389227,549844,1013903,432545,2274633,108538,298069,885406,0
925183,,4745,合富-KY,,-134238,,1,上櫃,113,,0,,5166568,,2789108,,0,,36.01,1607313,5896570,774496,1639420,1223667,6805988,2377460,32107,909418,0
216675,,4747,強生*,,-10231,,1,上櫃,113,,,,1704273,,1704273,,0,,38.11,194987,1357328,449291,284099,1048538,1988372,,89112,631044,0
648818,,4749,新應材,,18549,,1,上櫃,113,,,,2395330,,2385135,,0,,29.09,1319271,1898913,820053,2208183,897715,4603513,10195,888912,2704600,0
172427,,4754,國碳科,,-8254,,1,上櫃,113,,0,,510292,,510292,,0,,16.85,132774,433754,302832,303093,43287,813385,,170319,379631,0
277279,,4760,勤凱科技,,7797,,1,上櫃,113,-55705,,,770463,,,,2000000,,25.59,385850,820273,321127,386358,219965,1156821,,508,336548,0
527958,,4767,誠泰科技,,-38551,,1,上櫃,113,,,,883329,,883876,,0,,28.14,239197,1048954,314150,520594,80319,1403923,-547,281397,354969,0
213415,,4768,晶呈科技,,103,,1,上櫃,113,,0,,1902299,,1723081,,0,,40.00,539502,817159,430729,591656,1078834,2493955,179218,52154,1676796,0
317006,,4772,台特化,,,,1,上櫃,113,,0,,1699372,,,,0,,12.29,215233,520040,1382366,215460,,1914832,,227,1394792,0
-358792,,4804,大略-KY,0,-27371,,1,上櫃,113,0,,,68517,,68517,,0,,1.51,152736,79597,453479,300552,1201,369069,0,147816,289472,0
-1235198,,4806,桂田文創,,-37435,,1,上櫃,113,,0,,735561,,735561,,0,,3.68,123202,664857,1998941,238753,9253,974314,0,115551,309457,0
-102904,,4903,聯光通,,0,,1,上櫃,113,,0,,1006495,,962461,,0,,9.25,110261,899057,1040515,139817,24850,1146312,44034,29556,247255,0
2606621,,4905,台聯電,,-108509,,1,上櫃,113,-14,,,2938180,,2799245,,595,,95.67,946059,1963657,292600,1004103,8547,3942283,138935,58044,1978626,0
743619,,4907,富宇,,17223,,1,上櫃,113,,,,2012300,,,,0,,17.03,7249679,10627484,1181458,8705179,70000,10717479,,1455500,89995,0
855866,,4908,前鼎,,-4224,,1,上櫃,113,,0,,1727151,,,,0,,22.08,206501,1578556,782169,207645,93340,1934796,,1144,356240,0
1031108,,4909,新復興,,60055,,1,上櫃,113,,,,2546838,,2546838,,0,,27.28,368195,2532883,933568,402618,522107,2949456,,34423,416573,0
92046,,4911,德英,,,,1,上櫃,113,,0,,782881,,,,0,,14.07,96249,355121,556600,97369,134235,880250,,1120,525129,0
91057,,4923,力士,,-92,,1,上櫃,113,-31902,0,,757209,,757209,,550000,,22.71,128756,740746,338908,141549,359238,898758,,12793,158012,0
51057,,4924,欣厚-KY,,-75473,,1,上櫃,113,,,,352466,,352466,,0,,9.48,211141,292838,371644,421875,5238,774341,,210734,481503,0
432662,,4931,新盛力,,-17941,,1,上櫃,113,,,,1109190,,1109190,,0,,16.87,425048,1168235,657358,435181,37111,1544371,,10133,376136,0
1530301,,4933,友輝,,-78363,,1,上櫃,113,,,,3295138,,3295138,,0,,40.46,830174,3563760,814387,1139413,1028813,4434551,,309239,870791,447000
352246,,4939,亞電,,57677,,1,上櫃,113,,0,,1584831,,1584831,,0,,16.14,869676,1676708,982009,1251063,192899,2835894,,381387,1159186,0
-172800,,4946,辣椒,,239,,1,上櫃,113,,,,59988,,59694,,0,,6.49,74986,95893,91929,79864,140326,139852,294,4878,43959,0
-383520,,4950,金耘國際,,-5453,,1,上櫃,113,,,,78625,,78625,,0,,1.68,62118,59700,467598,92305,0,170930,,30187,111230,0
409673,,4951,精拓科,,-7818,,1,上櫃,113,,0,,873808,,866987,,0,,25.39,104415,416781,341487,118891,123645,992699,6821,14476,575918,0
1840426,,4953,緯致,,-76521,,1,上櫃,113,-37134,0,,3744362,,3744362,,484000,,51.76,1513195,4496383,729652,1681065,1287939,5425427,,167870,929044,0
16174349,,4966,譜瑞-KY,,1313487,,1,上櫃,113,-1015387,0,,21506302,,21506302,,1226859,,269.04,2824209,15256634,811627,2986623,4222226,24492925,,162414,9236291,0
609148,,4971,IET-KY,,102058,,1,上櫃,113,,0,,1728367,,1727727,,0,,46.97,286727,736877,367857,288953,648664,2017320,640,2226,1280443,0
238947,,4972,湯石照明,,-63723,,1,上櫃,113,-14372,0,,1579306,,1579306,,500000,,27.47,476186,1367886,579966,556172,838488,2135478,,79986,767592,0
615667,,4973,廣穎電通,,748635,,1,上櫃,113,-2250,0,,2333687,,2333687,,112990,,36.24,1208089,2251959,645058,1223527,326577,3557214,,15438,1305255,0
1504361,,4974,亞泰,,-5526,,1,上櫃,113,,,,2931187,,2931187,,0,,40.43,1249971,4024459,725001,1348050,707351,4279237,,98079,254778,0
445714,,4979,華星光,,-82754,,1,上櫃,113,,,,2870506,,2870506,,0,,20.38,548918,2712954,1408398,548918,1099148,3419424,,0,706470,0
-995824,,4991,環宇-KY,,60303,,1,上櫃,113,,10500,,2867489,,2867489,,0,,25.64,399588,973090,1118349,490532,2684661,3358021,,90944,2384931,0
225364,,4995,晶達,,1959,,1,上櫃,113,,,,852277,,852277,,0,,20.22,508348,755277,421470,897487,203484,1749764,,389139,994487,25000
4211898,,5009,榮剛,,-6209,,1,上櫃,113,-312486,,,17353902,,16754749,,14827736,,28.51,4813971,17497477,6024712,17323500,6836834,34677402,599153,12509529,17179925,0
119009,,5011,久陽,,-22601,,1,上櫃,113,,0,,2486153,,2197944,,0,,21.89,2230500,2579588,1004356,3039401,1097180,5525554,288209,808901,2945966,19000
2366697,,5013,強新,,-12066,,1,上櫃,113,,,,4931896,,3699728,,0,,27.73,2371714,5358303,1334160,3817776,10937,8749672,1232168,1446062,3391369,0
1051791,,5014,建錩,,-213655,,1,上櫃,113,,0,,3267088,,3227846,,0,,17.42,6197452,7105208,1853330,7655261,536380,10922349,39242,1457809,3817141,0
739482,,5015,華祺,,-39619,,1,上櫃,113,0,0,,1400207,,1400207,,0,,23.09,1079922,1955921,606392,1143400,93952,2543607,0,63478,587686,0
950973,,5016,松和,,3425,,1,上櫃,113,,0,,1469361,,1458619,,0,,29.39,496461,1600085,496221,1128627,8000,2597988,10742,632166,997903,0
116398,,5201,凱衛,,-37918,,1,上櫃,113,,0,,388021,,388021,,0,,12.65,167998,524587,306746,208015,2795,596036,,40017,71449,0
186066,,5202,力新,,15540,,1,上櫃,113,,0,,1165362,,1165358,,0,,13.08,57427,825583,890940,63002,72812,1228364,4,5575,402781,0
-19835,,5205,中茂,0,-56474,,1,上櫃,113,,,,58199,,57154,,0,,5.44,23580,24076,105000,30136,28463,88335,1045,6556,64259,0
1345381,,5206,坤悅,,0,,1,上櫃,113,0,0,,2995928,,2995928,,0,,19.21,9038259,12768813,1559250,10059221,91297,13055149,,1020962,286336,0
209222,,5209,新鼎,,-641,,1,上櫃,113,,0,,717459,,717459,,0,,25.30,3339263,4198556,289476,3899234,219402,4616693,,559971,418137,235314
-207465,,5210,寶碩,,-28471,,1,上櫃,113,,0,,386422,,386422,,0,,6.21,200780,284509,621778,212089,580,598511,0,11309,314002,0
-32239,,5211,蒙恬,,633,,1,上櫃,113,0,0,,408723,,401407,,0,,12.53,24026,285944,320247,49252,112766,457975,7316,25226,172031,0
94719,,5212,凌網,,-8001,,1,上櫃,113,,,,447971,,436879,,0,,12.61,304218,602502,346330,354622,3831,802593,11092,50404,200091,0
2259662,,5213,亞昕,,-280578,,1,上櫃,113,-31810,0,,11238424,,10007003,,1420000,,19.35,40094603,53144194,5185188,47126793,2874541,58365217,1231421,7032190,5221023,0
374151,,5220,萬達光電,,-162,,1,上櫃,113,,0,,816493,,816493,,0,,20.58,287026,659045,396670,527618,45834,1344111,,240592,685066,0
1029430,,5223,安力-KY,,-42933,,1,上櫃,113,,0,,1993551,,1993551,,0,,44.75,871885,1308718,445498,1203424,561556,3196975,,331539,1888257,0
-612715,,5227,立凱-KY,,27079,,1,上櫃,113,,0,,673364,,673364,,0,,8.11,516916,613365,830000,516916,429000,1190280,,0,576915,0
108628,,5228,鈺鎧,,2253,,1,上櫃,113,,0,,563099,,,,0,,14.80,240453,239826,380563,632783,71655,1195882,,392330,956056,0
291953,,5230,雷笛克光學,,-152943,,1,上櫃,113,0,,,1200776,,1192587,,0,,25.14,744364,1220387,474456,1310390,579121,2511166,8189,566026,1290779,0
61466,,5245,智晶,,20344,,1,上櫃,113,-84691,,,990732,,952757,,1830000,,22.08,643744,578588,449900,813338,505738,1804070,37975,169594,1225482,0
-53479,,5251,天鉞電,,-9679,,1,上櫃,113,-26353,48000,,398953,,398953,,1896000,,11.83,78944,392798,356294,88487,132170,487440,0,9543,94642,0
-160087,,5263,智崴,,12804,,1,上櫃,113,,,,3329625,,3329625,,0,,51.33,567033,3072245,648641,1965177,2828267,5294802,0,1398144,2222557,28490
-21122,,5272,笙科,,263703,,1,上櫃,113,0,,,1121622,,,,0,,20.29,63773,364294,552761,163559,326280,1285181,,99786,920887,0
1574282,,5274,信驊,,-15130,,1,上櫃,113,,,,3477137,,3477137,,0,,91.94,1471215,3926463,378207,1511879,1539778,4989016,,40664,1062553,0
78239,,5276,達輝-KY,,-165742,,1,上櫃,113,,0,,457742,,457742,,0,,11.59,248400,489917,395000,254470,150245,712212,,6070,222295,0
191873,,5278,尚凡*,,9960,,1,上櫃,113,,0,,486293,,486293,,0,,21.86,1099062,1486745,222486,1171574,61974,1657867,,72512,171122,0
1358800,,5287,數字,,-342683,,1,上櫃,113,,,,1975953,,1958785,,0,,35.06,1633536,2018930,558739,1993285,383929,3969238,17168,359749,1950308,0
5079640,,5289,宜鼎,,6224,,1,上櫃,113,,0,,7507996,,7398652,,0,,83.70,1999072,6852545,883977,2596086,1428811,10104082,109344,597014,3251537,0
377207,,5291,邑昇,,-28586,,1,上櫃,113,,,,983932,,963311,,0,,23.54,318110,870579,409256,527899,205434,1511831,20621,209789,641252,0
878517,,5299,杰力,,-508,,1,上櫃,113,,,,3040724,,3040724,,0,,59.75,1005022,2660088,508890,1005996,1653825,4046720,,974,1386632,0
-713798,,5301,寶得利,,-7741,,1,上櫃,113,0,,,695092,,656704,,0,,4.77,150954,761568,1375526,220601,2717,915693,38388,69647,154125,0
-285346,,5302,太欣,,-11043,,1,上櫃,113,0,0,,1307917,,1303556,,0,,8.15,85488,74578,1598883,474724,1062,1782641,4361,389236,1708063,0
393684,,5309,系統電,,-81963,,1,上櫃,113,,0,,3120973,,3120973,,0,,16.40,1104284,3694730,1903291,1790924,905961,4911897,,686640,1217167,150500
-81133,,5310,天剛,,133,,1,上櫃,113,,,,208435,,208435,,0,,7.20,25295,206157,289435,43081,0,251516,,17786,45359,0
2221406,,5312,寶島科,,-99727,,1,上櫃,113,0,0,,3202903,,3197050,,0,,53.23,2688313,4505297,600599,4297205,474772,7500108,5853,1608892,2994811,0
136961,,5314,世紀*,,0,,1,上櫃,113,,0,,288743,,284169,,0,,19.33,65411,321323,147000,67842,208,356585,4574,2431,35262,0
438581,,5315,光聯,,-44767,,1,上櫃,113,0,0,,1495215,,1495215,,0,,14.06,410209,1619046,1063518,466578,37883,1961793,0,56369,342747,0
149180,,5321,美而快,0,-5830,,1,上櫃,113,,,,849466,,737203,,0,,14.90,1653754,1566124,494696,3483740,99157,4333206,112263,1829986,2767082,0
-748587,,5324,士開,,-209727,,1,上櫃,113,,0,,1412992,,1322961,,0,,5.84,5539412,8289958,2263791,8671558,17484,10084550,90031,3132146,1794592,0
182441,,5328,華容,,-113099,,1,上櫃,113,,,,1811749,,1806137,,0,,10.46,398351,1556241,1727107,473240,9688,2284989,5612,74889,728748,0
28139,,5340,建榮,,,,1,上櫃,113,,0,,1977079,,,,0,,10.14,357596,1137014,1948940,363228,,2340307,,5632,1203293,0
-237784,,5344,立衛,,-44930,,1,上櫃,113,,,,511760,,,,0,,6.44,62552,298805,794474,102669,,614429,,40117,315624,0
-113084,,5345,馥鴻,,0,,1,上櫃,113,,,,79682,,79682,,0,,4.19,21108,92446,190000,24145,2766,103827,,3037,11381,0
29203395,,5347,世界,,993513,,1,上櫃,113,,,,47510093,,47510093,,0,,28.99,21129302,58882345,16389823,60555802,923362,108065895,,39426500,49183550,0
-145429,,5348,正能量智能,0,-591,,1,上櫃,113,0,,,158162,,144034,,0,,4.98,66542,196676,289503,68693,551,226855,14128,2151,30179,0
-561915,,5351,鈺創,,201184,,1,上櫃,113,,0,,3338745,,3285543,,0,,11.31,1965223,3913632,2924002,3239232,722272,6577977,53202,1274009,2664345,1132000
255389,,5353,台林,,60893,,1,上櫃,113,,,,1259539,,1259539,,0,,16.75,688780,1338078,751980,792308,191277,2051847,,103528,713769,0
-576957,,5355,佳總,,-24080,,1,上櫃,113,,,,1060665,,1060665,,0,,6.38,157936,827890,1661228,185507,474,1246172,0,27571,418282,0
3348951,,5356,協益,,-246651,,1,上櫃,113,,,,4507644,,4507644,,0,,43.75,845307,2542587,1030400,1470133,374944,5977777,0,624826,3435190,0
-183880,,5364,力麗店,,-17920,,1,上櫃,113,,,,594431,,592892,,0,,12.14,304694,140179,488499,415435,306193,1009866,1539,110741,869687,0
-1124821,,5381,光譜,,169686,,1,上櫃,113,,,,1320382,,1272092,,0,,5.94,1976153,1666862,2142068,2356944,85159,3677326,48290,380791,2010464,0
200743,,5386,青雲,,-5876,,1,上櫃,113,,,,533681,,,,0,,18.64,552817,1037207,286343,553145,52471,1086826,,328,49619,0
1658292,,5392,能率,,-277423,,1,上櫃,113,-5714,0,,7722426,,5678296,,983873,,33.80,5333033,9236365,1689590,8249487,2613551,15971913,2044130,2916454,6735548,0
-8614,,5398,慕康生醫,,-29867,,1,上櫃,113,0,,,522027,,522027,,0,,10.55,141661,281289,494655,159549,65853,681576,,17888,400287,0
982755,,5403,中菲,,11057,,1,上櫃,113,0,,,2120161,,2120161,,0,,27.79,2164771,3149669,762795,2349027,363554,4469188,0,184256,1319519,0
558301,,5410,國眾,,3822,,1,上櫃,113,0,0,,1477986,,1476931,,0,,16.52,1159879,1829078,893891,1263974,20917,2741960,1055,104095,912882,0
3921405,,5425,台半,,-299247,,1,上櫃,113,-599878,0,,11002785,,7871006,,15960000,,31.80,4342017,9556995,2634854,6572581,2213872,17575366,3131779,2230564,8018371,0
642564,,5426,振發,,-47431,,1,上櫃,113,0,0,,2116204,,2111067,,0,,14.68,364270,1362964,1438000,578139,77934,2694343,5137,213869,1331379,0
164479,,5432,新門,,,,1,上櫃,113,,0,,371357,,,,0,,17.95,100346,338563,206878,102186,,473543,,1840,134980,0
1085961,,5438,東友,,442074,,1,上櫃,113,,0,,2654527,,2654527,,0,,23.59,588819,941435,1125365,665992,1127,3320519,,77173,2379084,0
1181175,,5439,高技,,0,,1,上櫃,113,,,,2605839,,,,0,,28.03,1415941,2714912,929757,1609708,494907,4215547,,193767,1500635,0
524709,,5443,均豪,,1951992,,1,上櫃,113,-30254,0,,5001307,,4365632,,1674000,,26.71,3977815,4353569,1651361,4804450,267824,9805757,635675,826635,5452188,0
221568,,5450,南良,,173004,,1,上櫃,113,,,,1719178,,1719178,,0,,14.05,731079,1690817,1223923,1700155,100683,3419333,,969076,1728516,0
445557,,5452,佶優,0,-38396,,1,上櫃,113,0,0,,2260878,,2056428,,0,,13.82,1361040,3381162,1487637,1709058,161630,3969936,204450,348018,588774,0
283500,,5455,昇益,,7796,,1,上櫃,113,,,,950051,,,,0,,14.50,3385482,4257534,655018,3386424,3737,4336475,,942,78941,0
2129469,,5457,宣德,,-4278,,1,上櫃,113,,0,,10270877,,4389632,,0,,25.48,9974821,14634898,1723043,13814221,541398,24085098,5881245,3839400,9450200,0
146201,,5460,同協,,-33186,,1,上櫃,113,,,,714509,,714509,,0,,12.16,44767,523350,587781,76744,13713,791253,,31977,267903,0
650289,,5464,霖宏,,,,1,上櫃,113,,,,1453578,,1453578,,0,,20.45,2299952,2524030,710715,3267310,92574,4720888,,967358,2196858,0
722846,,5465,富驊,,-77342,,1,上櫃,113,,,,2927224,,2437533,,0,,16.51,2084689,4175701,1476826,2104368,315203,5031592,489691,19679,855891,0
-130780,,5468,凱鈺,,-32000,,1,上櫃,113,,,,281803,,281803,,0,,7.87,264523,455445,358229,297264,86354,579067,,32741,123622,0
1355009,,5474,聰泰,,0,,1,上櫃,113,-38296,0,,1721065,,,,599000,,43.29,508501,1119401,403559,561758,793,2282823,,53257,1163422,0
-777905,,5475,德宏,,362381,,1,上櫃,113,,,,848934,,855746,,0,,6.73,377935,887357,1271270,1041981,,1890915,-6812,664046,1003558,0
3403585,,5478,智冠,,297480,,1,上櫃,113,-610532,,,10202266,,8988302,,6807763,,60.22,10960900,16826043,1560743,11215245,4337026,21417511,1213964,254345,4591468,0
509582,,5481,新華,,-282,,1,上櫃,113,-65913,,,1237584,,1237584,,5000000,,18.64,265191,515424,714029,374240,80168,1611824,0,109049,1096400,0
21745081,,5483,中美晶,,-5611109,,1,上櫃,113,-4382100,0,,87664170,,34627616,,27050000,,61.93,80751604,105307972,5862217,152407309,17013527,240071479,53036554,71655705,134763507,0
248804,,5487,通泰,,266,,1,上櫃,113,,0,,531946,,531946,,0,,21.96,26975,470377,242225,54352,40651,586298,,27377,115921,0
44326,,5488,松普,,-33314,,1,上櫃,113,0,0,,926873,,926873,,0,,10.12,540168,1224477,915861,594752,0,1521625,0,54584,297148,0
1212496,,5489,彩富,,46,,1,上櫃,113,-105416,,,2242829,,2237831,,2847500,,22.41,368205,1761308,1027064,419633,103641,2662462,4998,51428,901154,0
234794,,5490,同亨,,3130,,1,上櫃,113,-82818,,,1198919,,1198919,,3000000,,12.87,646681,1664301,961522,721982,82291,1920901,,75301,256600,0
856113,,5493,三聯,,316636,,1,上櫃,113,,0,,2769185,,1633030,,0,,39.25,2084517,2760068,416088,2270289,44193,5039474,1136155,185772,2279406,0
201133,,5498,凱崴,,-143317,,1,上櫃,113,,,,2079545,,2061894,,0,,10.72,1098524,1980577,1923599,1738820,80479,3818365,17651,640296,1837788,40000
3341192,,5508,永信建,,0,,1,上櫃,113,,,,5747223,,,,0,,26.43,7141700,16190875,2174281,10545208,231750,16292431,,3403508,101556,0
4633380,,5511,德昌,,46516,,1,上櫃,113,,,,6055952,,5957834,,0,,52.52,4448720,9811531,1134400,5979924,143538,12035876,98118,1531204,2224345,0
5774414,,5512,力麒,,-48479,,1,上櫃,113,-98195,0,,17980034,,13783458,,6304815,,18.68,13963937,21601285,7439927,21616030,715791,39596064,4196576,7652093,17994779,0
492036,,5514,三豐,,269697,,1,上櫃,113,-23395,,,2901965,,2901939,,8679220,,13.98,2694908,4451498,2162255,2699562,1346,5601527,26,4654,1150029,0
74444,,5516,雙喜,,0,,1,上櫃,113,0,0,,574883,,,,0,,11.49,2625119,2909993,500439,2754477,0,3329360,,129358,419367,0
1594600,,5520,力泰,,14060,,1,上櫃,113,,0,,2397119,,2245417,,0,,37.44,1292021,2359599,599752,1389434,37005,3786553,151702,97413,1426954,0
1472860,,5523,豐謙,,,,1,上櫃,113,,0,,3038481,,3028101,,0,,19.54,1441120,4429305,1550015,1721660,5226,4760141,10380,280540,330836,0
-100231,,5529,鉅陞,,,,1,上櫃,113,,0,,1019859,,1019859,,0,,11.74,2720365,3601940,868374,2826655,251716,3846514,,106290,244574,0
15730419,,5530,龍巖,,1626566,,1,上櫃,113,,,,24583167,,24467694,,0,,58.24,46178588,43855800,4200842,46362109,2909867,70945276,115473,183521,27089476,0
3997693,,5536,聖暉*,,376372,,1,上櫃,113,,0,,12940335,,8712450,,0,,70.22,13841143,24630527,620405,14799768,3717980,27740103,4227885,958625,3109576,0
2424,,5543,桓鼎-KY,,-65322,,1,上櫃,113,,0,,1243460,,644188,,0,,16.39,2295853,2486192,393045,2644437,314041,3887897,599272,348584,1401705,0
172191,,5548,安倉,,,,1,上櫃,113,,0,,662977,,,,0,,16.70,999762,1428139,397000,1045776,93786,1708753,,46014,280614,0
743117,,5601,台聯櫃,,-4375,,1,上櫃,113,,0,,1389772,,,,0,,21.45,18989,108641,648000,485815,3030,1875587,,466826,1766946,0
829484,,5603,陸海,,-86652,,1,上櫃,113,,0,,1952657,,1879564,,0,,17.92,587114,687735,1048766,870239,87966,2822896,73093,283125,2135161,0
840796,,5604,中連,,0,,1,上櫃,113,,0,,2012472,,2012472,,0,,18.50,24618,102596,1087830,534272,83846,2546744,0,509654,2444148,0
3523524,,5609,中菲行,0,610021,,1,上櫃,113,-181852,0,0,5555635,,5442767,,2140000,,38.67,3259894,7526570,1428840,3467076,62234,9022711,112868,207182,1496141,0
-802656,,5701,劍湖山,,24197,,1,上櫃,113,,,,652324,,652324,,0,,4.56,1216194,129852,1430000,1961974,783,2614298,,745780,2484446,0
-195130,,5703,亞都麗緻,,-21422,,1,上櫃,113,,,,485844,,485844,,0,,6.92,200098,253890,702396,448035,,933879,,247937,679989,0
225385,,5704,老爺知,,,,1,上櫃,113,,0,,614108,,,,0,,15.80,144157,376580,388617,150105,106,764213,,5948,387633,0
,2451458,5864,致和證,,220062,,1,上櫃,113,,,,5948476,,,,,0,19.28,2509235,6866678,3084811,2544402,192145,8492878,,35167,1626200,0
140466,,5878,台名,,25677,,1,上櫃,113,,,,504857,,504857,,0,,20.17,214379,406411,250243,300477,88471,805334,,86098,398923,0
303348,,5902,德記,,-19908,,1,上櫃,113,,,,1228440,,1228440,,0,,13.00,357792,1032055,945000,377144,0,1605584,,19352,573529,0
4158624,,5903,全家,,-169976,,1,上櫃,113,,0,,7591192,,6472039,,0,,28.99,38235710,17701242,2232200,67154161,251191,74745353,1119153,28918451,57044111,0
2749268,,5904,寶雅*,,,,1,上櫃,113,,0,,4842447,,,,0,,46.79,9246633,8955411,1034930,21140721,1058249,25983168,,11894088,17027757,0
-169376,,5905,南仁湖,,-13414,,1,上櫃,113,,0,,3362343,,2626578,,0,,10.51,2419448,2561154,2498247,4817690,311121,8180033,735765,2398242,5618879,0
,872679,6015,宏遠證,,131076,,1,上櫃,113,,,,4909484,,,4909484,,0,13.98,11407985,15478489,3512516,12183233,393213,17092717,,775248,1614228,0
,2940241,6016,康和證,,511788,,1,上櫃,113,,,,9632641,,,9571910,,0,16.10,34170967,38649737,5944550,35418111,175331,45050752,60731,1247144,6401015,0
,1473754,6020,大展證,,374775,,1,上櫃,113,,0,,4372985,,,4372522,,0,17.33,3156385,6476265,2523532,3158397,461,7531382,463,2012,1055117,0
,1922016,6021,美好證,,2085574,,1,上櫃,113,,,,7172342,,,7172342,,0,23.02,11136743,18839664,3115159,13057446,49593,20229788,,1920703,1390124,0
,7137629,6023,元大期貨,,2095906,,1,上櫃,113,,0,,15203782,,,15203782,,0,52.43,106829884,119750748,2899763,108459786,3070484,123663568,,1629902,3912820,0
,1164151,6026,福邦證,,125335,,1,上櫃,113,,0,,5404937,,,5404937,,0,13.64,6581517,10744264,3961619,6610001,153832,12014938,0,28484,1270674,0
41479,,6101,寬魚國際,,5096,,1,上櫃,113,-60961,0,,1149963,,1149963,,1980000,,10.05,152218,773590,1164224,173588,125,1323551,,21370,549961,0
-14181,,6103,合邦,,778,,1,上櫃,113,,,,122646,,122646,,0,,9.01,33163,141328,136049,38395,0,161041,,5232,19713,0
560885,,6104,創惟,,-84395,,1,上櫃,113,0,,,1699850,,1695134,,0,,18.69,980129,2055387,906800,1465663,311844,3165513,4716,485534,1110126,0
80413,,6109,亞元,,-38572,,1,上櫃,113,0,0,,757354,,757970,,0,,11.22,351627,892337,675744,370179,40385,1127533,-616,18552,235196,0
593076,,6111,光聚晶電,,-179713,,1,上櫃,113,-143358,,,3138859,,1603697,,8324024,,16.78,3594895,3819431,1038836,4831428,294856,7970287,1535162,1236533,4150856,0
-42738,,6113,亞矽,,-41217,,1,上櫃,113,,0,,605802,,605802,,0,,12.10,434010,860855,500471,592199,189286,1198001,0,158189,337146,0
795965,,6114,久威,,-99581,,1,上櫃,113,,0,,1308063,,1308063,,0,,29.79,1001499,2026115,439119,1083824,172560,2391887,,82325,365772,0
96275,,6118,建達,,-1928,,1,上櫃,113,,,,1070661,,1070661,,0,,11.78,2027093,2894279,908896,2042505,67418,3113166,,15412,218887,0
26288666,,6121,新普,,-469924,,1,上櫃,113,,,,39600618,,33362018,,0,,180.36,31866435,61726987,1849705,35581429,5693571,75182047,6238600,3714994,13455060,0
627543,,6122,擎邦,,69405,,1,上櫃,113,,0,,1451032,,1451032,,0,,19.51,2701208,3871422,743730,2736124,10354,4187156,,34916,315734,0
432719,,6123,上奇,,4383,,1,上櫃,113,,,,1608338,,1300209,,0,,20.94,1725810,2648309,620894,1756699,242213,3365037,308129,30889,716728,0
897490,,6124,業強,,-79476,,1,上櫃,113,,0,,3536793,,3474033,,0,,19.04,1271012,2024995,1824799,1278383,831220,4815176,62760,7371,2790181,0
918887,,6125,廣運,0,-243754,,1,上櫃,113,0,,0,5331890,,3621459,,0,,14.54,3954084,4892858,2490112,6640646,456214,11972536,1710431,2686562,7079678,0
389825,,6126,信音,,-16564,,1,上櫃,113,0,,,6137153,,3371094,,0,,28.75,1587014,7066277,1257953,2861398,1739880,8998551,2766059,1274384,1932274,0
-3847,,6127,九豪,0,24151,,1,上櫃,113,0,0,,1203403,,1203403,,0,,11.13,846925,1189825,1080798,2225154,102301,3428557,0,1378229,2238732,0
183093,,6129,普誠,,-22088,,1,上櫃,113,,0,,2223762,,2044365,,0,,11.30,200917,1529472,1809437,260961,73923,2484723,179397,60044,955251,0
-91598,,6130,上亞科技,,-11365,,1,上櫃,113,,,,795682,,677741,,0,,15.30,71088,340504,443000,164631,337704,960313,117941,93543,619809,0
-40911,,6134,萬旭,,2268,,1,上櫃,113,,0,,902479,,742504,,0,,10.23,336329,918780,725845,613423,55302,1515902,159975,277094,597122,0
1504257,,6138,茂達,,-121278,,1,上櫃,113,-57774,0,,3783461,,2955786,,1347088,,40.10,2042602,4608084,750495,2385360,880086,6168821,827675,342758,1560737,0
125554,,6140,訊達電腦,,-13693,,1,上櫃,113,,,,576535,,576535,,0,,12.42,711342,1046805,464252,730635,422,1307170,,19293,260365,0
1369116,,6143,振曜,,-17189,,1,上櫃,113,-46429,,,3830085,,2645298,,1448000,,30.74,2694239,5471887,875069,2896376,464731,6726461,1184787,202137,1254574,0
-50511,,6144,得利影,,-1660,,1,上櫃,113,,0,,332456,,,,0,,8.69,48131,320759,382737,54228,1890,386684,,6097,65925,0
3846493,,6146,耕興,,-20070,,1,上櫃,113,,,,6130209,,5740366,,0,,56.35,1528197,5394809,1018672,1950706,895271,8080915,389843,422509,2686106,0
31142521,,6147,頎邦,,6052707,,1,上櫃,113,,,,48454110,,48454110,,0,,65.07,6958629,13349616,7446755,8226537,3812127,56680647,,1267908,43331031,0
69858,,6148,驊宏資,,0,,1,上櫃,113,0,0,,547125,,547125,,0,,11.74,572957,808254,466038,673724,11229,1220849,0,100767,412595,0
344483,,6150,撼訊,,-33993,,1,上櫃,113,,,,1637398,,1634200,,0,,33.80,1715443,2659674,483460,2123530,840250,3760928,3198,408087,1101254,0
297347,,6151,晉倫,,-2104,,1,上櫃,113,0,0,,947930,,947930,,0,,17.15,627962,947957,552573,697508,100114,1645438,0,69546,697481,0
494917,,6154,順發,,-1198,,1,上櫃,113,,,,1297939,,1297939,,0,,16.21,521455,1340431,800800,719095,3420,2017034,,197640,676603,0
885599,,6156,松上,0,-113001,,1,上櫃,113,0,0,,2472183,,2001144,,0,,20.68,1799095,3410538,967634,2190400,260912,4662583,471039,391305,1252045,0
668778,,6158,禾昌,,-123667,,1,上櫃,113,,,,1175879,,1175879,,0,,21.37,997690,1379450,550307,1082334,80461,2258213,,84644,878763,0
74857,,6160,欣技,,2673,,1,上櫃,113,,,,763135,,763572,,0,,11.15,382845,1001669,684891,472231,1151,1235366,-437,89386,233697,0
641982,,6161,捷波,,-850,,1,上櫃,113,0,,,1518417,,1518417,,0,,20.25,324853,1409904,749833,380767,127452,1899184,0,55914,489280,0
464280,,6163,華電網,,44139,,1,上櫃,113,-13247,,,2308648,,2308648,,961000,,16.48,2396780,3929007,1410502,2562784,402974,4871432,0,166004,942425,0
277847,,6167,久正,,-99560,,1,上櫃,113,,0,,1808790,,1808790,,0,,11.15,384378,1345750,1621732,402876,8771,2211666,0,18498,865916,0
88118,,6169,昱泉,,-11462,,1,上櫃,113,,,,314483,,314483,,0,,13.44,18548,42761,233950,110218,3877,424701,,91670,381940,0
293603,,6170,統振,,-14618,,1,上櫃,113,-36599,,,1763026,,1708413,,2410000,,17.57,3376036,4480728,996701,3411841,469326,5174867,54613,35805,694139,0
624495,,6171,大城地產,,0,,1,上櫃,113,,,,1826279,,,,0,,18.26,1491595,3302636,1000000,1491595,201784,3317874,,,15238,0
4081830,,6173,信昌電,,839192,,1,上櫃,113,-54371,,,7085359,,7085359,,800000,,41.39,1237174,3068176,1720000,1605439,498708,8690798,,368265,5622622,0
103328,,6174,安碁,,86351,,1,上櫃,113,,0,,689679,,689679,,0,,13.79,140288,467607,500000,188459,,878138,,48171,410531,0
1447544,,6175,立敦,,-149807,,1,上櫃,113,-41808,0,,3999361,,3271587,,1300000,,23.05,1830960,3045815,1432196,2031365,583462,6030726,727774,200405,2984911,0
123593,,6179,亞通,,-1090,,1,上櫃,113,-64201,0,,2366685,,2362368,,2047000,,21.01,2670356,4705715,1145090,3067198,1158976,5433883,4317,396842,728168,0
3127289,,6180,橘子,,-416807,,1,上櫃,113,,0,,6231375,,5814919,,0,,33.13,4659036,6605544,1754936,4864733,1349501,11096108,416456,205697,4490564,0
2904751,,6182,合晶,,-215973,,1,上櫃,113,,,,24991585,,14380465,,0,,26.50,4556251,14963285,5427436,8214695,6264251,33206280,10611120,3658444,18242995,0
659125,,6185,幃翔,,-3368,,1,上櫃,113,,,,2210486,,2210486,,0,,14.75,200864,1845637,1498675,457386,56054,2667872,,256522,822235,0
979603,,6186,新潤,,,,1,上櫃,113,,0,,3326994,,,,0,,22.18,15826349,19683110,1499861,16866864,847530,20193858,,1040515,510748,0
1246457,,6187,萬潤,,210587,,1,上櫃,113,-98820,0,,3387880,,3387880,,1768000,,40.40,1398417,3114267,893624,1532867,1136032,4920747,,134450,1806480,0
4132599,,6188,廣明,,105310,,1,上櫃,113,,0,,9121199,,8770509,,0,,31.51,4886919,10900650,2783589,5154281,1749011,14275480,350690,267362,3374830,0
767017,,6190,萬泰科,,55049,,1,上櫃,113,-128532,0,,3171407,,2706195,,7614000,,17.53,1564898,3759995,1619554,2725531,393107,5896938,465212,1160633,2136943,0
1394914,,6194,育富,,-19328,,1,上櫃,113,,0,,1901253,,1901253,,0,,39.61,277487,1948625,480000,390892,45667,2292145,,113405,343520,0
453684,,6195,詩肯,,23851,,1,上櫃,113,,,,1276135,,1272388,,0,,25.35,1254782,892633,501930,2388694,292923,3664829,3747,1133912,2772196,0
12153,,6198,瑞築,,-270,,1,上櫃,113,,,,2525248,,2525248,,0,,25.08,237884,2977911,1006864,514074,1506501,3039322,,276190,61411,0
169374,,6199,天品,,-32072,,1,上櫃,113,,,,761008,,755586,,0,,12.23,107830,711556,617600,123802,684,884810,5422,15972,173254,0
2135773,,6203,海韻電,,-16304,,1,上櫃,113,,,,3220163,,3220163,,0,,39.10,972860,3588875,824063,1059745,276631,4279908,,86885,691033,0
100288,,6204,艾華,,-21048,,1,上櫃,113,,,,310261,,310261,,0,,13.43,103706,293667,231021,171952,,482213,,68246,188546,0
791464,,6207,雷科,,163630,,1,上櫃,113,,0,,1888328,,1883954,,0,,23.64,1999625,2669220,796799,2280929,132061,4169257,4374,281304,1500037,0
1491550,,6208,日揚,,-16688,,1,上櫃,113,,,,3687338,,3018855,,0,,25.54,1633735,3366646,1182017,3587916,361976,7275254,668483,1954181,3908608,0
191268,,6210,慶生,,,,1,上櫃,113,,0,,561773,,,,0,,16.03,66477,344849,350480,76806,20025,638579,,10329,293730,0
2657819,,6212,理銘,,-24352,,1,上櫃,113,,0,,3653467,,,,0,,35.82,7187995,10785019,1020000,7190314,0,10843781,,2319,58762,0
406693,,6217,中探針,,-43295,,1,上櫃,113,-26226,0,,2748422,,2747672,,898000,,28.56,1610047,2594039,971080,2750402,1439420,5498824,750,1140355,2904785,0
320088,,6218,豪勉,,19628,,1,上櫃,113,,,,1022626,,1022626,,0,,15.91,753313,1363961,642620,773639,40290,1796265,,20326,432304,0
47538,,6219,富旺,,170,,1,上櫃,113,,0,,1512772,,1512772,,0,,12.71,8309560,9682537,1190163,8960266,274901,10473038,,650706,790501,0
586943,,6220,岳豐,,13867,,1,上櫃,113,,0,,3059486,,3054266,,0,,20.85,4649517,6318023,1464627,5779218,988829,8838704,5220,1129701,2520681,0
743397,,6221,晉泰,,547897,,1,上櫃,113,,,,2397971,,2397971,,0,,24.09,2855159,4947561,995475,3063225,111202,5461196,0,208066,513635,0
-124605,,6222,立軒,,95,,1,上櫃,113,,,,287169,,287094,,0,,7.07,3040,181288,405889,4551,5715,291720,75,1511,110432,0
5330526,,6223,旺矽,,183848,,1,上櫃,113,,,,8206379,,8201230,,0,,87.03,2714141,6896524,942311,4359469,1744545,12565848,5149,1645328,5669324,0
1386253,,6227,茂綸,,20788,,1,上櫃,113,,,,2282129,,2282129,,0,,29.98,3613571,5826378,761118,3713025,113970,5995154,,99454,168776,0
-20926,,6228,全譜,,13958,,1,上櫃,113,,,,293003,,293003,,0,,11.27,76863,135232,260000,120794,39971,413797,,43931,278565,0
218858,,6229,研通,,73578,,1,上櫃,113,0,0,,659387,,659387,,0,,18.50,595064,806917,356407,675082,10544,1334469,,80018,527552,0
437737,,6231,系微,,13349,,1,上櫃,113,,,,898998,,898998,,0,,23.63,453182,1219865,380435,525656,67477,1424654,0,72474,204789,0
1208,,6233,旺玖,,331259,,1,上櫃,113,,,,1261360,,1261360,,0,,15.75,91603,654087,806152,129092,122741,1390452,,37489,736365,303000
763903,,6234,高僑,,45529,,1,上櫃,113,,0,,2824380,,2824380,,0,,28.14,1650247,2994873,1003864,1708173,1011084,4532553,,57926,1537680,0
-256554,,6236,中湛,,4915,,1,上櫃,113,,,,164901,,164901,,0,,3.96,14785,153619,416540,15001,0,179902,,216,26283,0
325286,,6237,驊訊,,-871,,1,上櫃,113,0,0,,1597294,,1597294,,0,,20.31,89650,662628,786454,111322,486425,1708616,,21672,1045988,0
158076,,6240,松崗,,-6564,,1,上櫃,113,,,,380186,,380186,,0,,16.63,404050,225961,228674,568474,0,948660,,164424,722699,0
-147678,,6241,鑫永洋,,0,,1,上櫃,113,,,,352426,,,,0,,7.24,162606,339473,487000,163032,13104,515458,,426,175985,0
351559,,6242,立康,,-13738,,1,上櫃,113,,,,869275,,869275,,0,,27.33,113619,600171,318065,199061,213389,1068336,,85442,468165,0
522406,,6244,茂迪,,-499629,,1,上櫃,113,,,,4512130,,4433891,,0,,11.46,1894067,4236429,3870419,4229433,540695,8741563,78239,2335366,4505134,0
3039068,,6245,立端,,-36803,,1,上櫃,113,,0,,5941876,,5941876,,0,,40.88,2815268,7770681,1453423,3254597,1486188,9196473,0,439329,1425792,0
33648,,6246,臺龍,,-21489,,1,上櫃,113,,0,,412104,,412104,,0,,10.89,736399,1040885,378514,749804,21431,1161908,,13405,121023,0
279283,,6248,沛波,,,,1,上櫃,113,,0,,1377382,,1377382,,0,,19.69,1730038,2533285,699561,2092154,398538,3469536,,362116,936251,0
41071,,6259,百徽,,6851,,1,上櫃,113,,,,341601,,335943,,0,,15.27,83747,382586,219984,100034,68037,441635,5658,16287,59049,0
2592548,,6261,久元,,-19251,,1,上櫃,113,,,,6514509,,6298983,,0,,49.02,1802811,5428984,1284980,1998489,2440706,8512998,215526,195678,3084014,0
1137606,,6263,普萊德,,0,,1,上櫃,113,,0,,1773818,,1773818,,0,,28.38,447213,2125579,625010,557349,11202,2331167,,110136,205588,0
-571771,,6264,富裔,,-60000,,1,上櫃,113,,,,747215,,582621,,0,,5.01,1061636,2049190,1163553,2777204,50839,3524419,164594,1715568,1475229,0
-57515,,6265,方土昶,,-84653,,1,上櫃,113,,,,1353233,,1353233,,0,,11.45,208687,1314863,1181722,218529,313679,1571762,,9842,256899,0
516640,,6266,泰詠,,37325,,1,上櫃,113,,0,,2194281,,2194281,,0,,15.87,1130978,2693353,1382333,1240887,257983,3435168,,109909,741815,0
116707,,6270,倍微,,1054943,,1,上櫃,113,,0,,2254489,,2254489,,0,,31.25,1185492,2129459,721458,1189818,361381,3444307,,4326,1314848,0
6308360,,6274,台燿,,-33221,,1,上櫃,113,,,,11269666,,11269666,,0,,41.43,6613094,15198388,2738869,8800299,2255658,20069965,,2187205,4871577,308267
469462,,6275,元山,,22021,,1,上櫃,113,-11773,0,,1421072,,1421072,,766000,,18.58,1445615,2191204,772524,2048151,168838,3469223,,602536,1278019,0
26461,,6276,安鈦克,,-1946,,1,上櫃,113,,,,248458,,248458,,0,,11.27,283996,553792,220430,366948,3513,615406,0,82952,61614,0
4553894,,6279,胡連,,-130884,,1,上櫃,113,,,,6552096,,6508456,,0,,65.31,3705274,6999607,996561,5483483,1088885,12035579,43640,1778209,5035972,0
2607936,,6284,佳邦,,-154498,,1,上櫃,113,0,,,7230535,,7187398,,0,,48.24,2935439,5977805,1489803,5185533,3244157,12416068,43137,2250094,6438263,0
3062903,,6290,良維,,-180961,,1,上櫃,113,,0,,6342751,,6142731,,0,,38.88,1969302,5815629,1579824,2215751,1680965,8558502,200020,246449,2742873,0
635137,,6291,沛亨,0,-6059,,1,上櫃,113,0,,,1521273,,1519023,,0,,36.17,509785,1767400,420000,551112,469945,2072385,2250,41327,304985,0
841517,,6292,迅德,0,-19176,,1,上櫃,113,-10836,,,1366995,,1366995,,300000,,29.33,1236447,2356140,469007,1362810,86483,2729805,0,126363,373665,0
305048,,6294,智基,,,,1,上櫃,113,,0,,550775,,550775,,0,,22.41,999806,951206,245727,1178280,,1729055,0,178474,777849,0
1709825,,6411,晶焱,,-61982,,1,上櫃,113,,2100,,4629450,,4468122,,0,,45.27,1690003,3940568,987010,1727728,1833269,6357178,161328,37725,2416610,0
770909,,6417,韋僑,,-1517,,1,上櫃,113,,,,1540084,,1540084,,0,,36.43,368895,1151028,422740,1112845,347952,2652929,,743950,1501901,0
95478,,6418,詠昇,,-9383,,1,上櫃,113,,0,,520906,,520906,,0,,15.09,232632,566107,345220,500539,89591,1021445,,267907,455338,0
108312,,6419,京晨科,,4637,,1,上櫃,113,,,,331328,,331352,,0,,25.18,111137,429706,131592,182502,86811,513830,-24,71365,84124,0
33290,,6423,億而得,,0,,1,上櫃,113,,,,301390,,,,0,,11.24,66847,322426,268100,71839,0,373229,,4992,50803,0
66990,,6425,易發,,-40551,,1,上櫃,113,,,,928182,,882120,,0,,20.23,1146114,1365938,436020,1681995,419661,2610177,46062,535881,1244239,0
248936,,6432,今展科,,-22966,,1,上櫃,113,,,,802144,,802144,,0,,26.22,485977,1042906,305956,517478,270218,1319622,,31501,276716,0
1005682,,6435,大中,,98283,,1,上櫃,113,,0,,1634109,,1634109,,0,,43.78,749761,1536642,373263,920471,156881,2554580,,170710,1017938,0
-92012,,6441,廣錠,,-447,,1,上櫃,113,,,,1410772,,1409244,,0,,26.43,708774,1120855,533185,711426,968518,2122198,1528,2652,1001343,0
-562983,,6461,益得,,-2133,,1,上櫃,113,,,,1095129,,,,0,,7.97,743488,707473,1374070,1626151,286175,2721280,,882663,2013807,0
2319991,,6462,神盾,,-437213,,1,上櫃,113,,0,,8498545,,3934184,,0,,52.97,3477472,5025002,742718,4574094,1308688,13072639,4564361,1096622,8047637,0
-201860,,6465,威潤,,-2000,,1,上櫃,113,-26549,0,,497684,,497684,,381929,,9.59,32267,277345,522817,34854,205276,532538,,2587,255193,0
635384,,6469,大樹,0,1037,,1,上櫃,113,,0,,3130890,,3057526,,0,,27.14,3602299,5953806,1127102,7929900,1294003,11060790,73364,4327601,5106984,127400
379592,,6470,宇智,,4933,,1,上櫃,113,0,,,1026798,,1026798,,0,,27.24,654694,1603834,376941,664593,265332,1691391,,9899,87557,0
85518,,6482,弘煜科,,-13713,,1,上櫃,113,0,0,,335345,,332248,,0,,15.32,107969,395026,216927,123328,43516,458673,3097,15359,63647,0
731944,,6485,點序,,13,,1,上櫃,113,,,,1899730,,1899383,,0,,42.07,463080,1412799,451515,469374,715911,2369104,347,6294,956305,475500
320231,,6486,互動,,-449,,1,上櫃,113,,,,1626050,,1626050,,0,,34.10,1261805,2173326,476856,1465315,829412,3091365,0,203510,918039,1786546
48989577,,6488,環球晶,,-6081186,,1,上櫃,113,,0,,71521452,,71518075,,0,,163.99,67564124,94087736,4361137,131261633,24248547,202783085,3377,63697509,108695349,0
-359455,,6492,生華科,,3817,,1,上櫃,113,-51347,0,,1256334,,1256334,,558000,,14.09,24964,1265864,897436,36533,765883,1292867,,11569,27003,0
572316,,6494,九齊,,1167,,1,上櫃,113,,,,1085964,,1085964,,0,,34.41,160849,844745,315597,215626,196884,1301590,,54777,456845,0
328448,,6496,科懋,,26842,,1,上櫃,113,-23736,0,,1063256,,1063256,,818000,,22.64,223850,926355,477919,622607,253783,1685863,,398757,759508,0
-172098,,6499,益安,,49242,,1,上櫃,113,-5249,0,,2178061,,2133549,,101000,,23.15,213088,2018591,922449,379695,1339205,2557756,44512,166607,539165,0
388585,,6506,雙邦,,0,,1,上櫃,113,,,,1255983,,1222779,,0,,14.85,615515,957729,823608,1372907,10586,2628890,33204,757392,1671161,0
1379096,,6508,惠光,,-85046,,1,上櫃,113,,0,,2383661,,2383661,,0,,27.54,483699,2149346,865389,565683,224222,2949344,,81984,799998,0
1647548,,6509,聚和,,-309671,,1,上櫃,113,,,,3700752,,3700752,,0,,21.33,2326024,3308129,1734903,2686345,627972,6387097,,360321,3078968,0
3285800,,6510,精測,,10837,,1,上櫃,113,,,,7591619,,7552813,,0,,230.35,591800,3788825,327890,613210,3928286,8204829,38806,21410,4416004,0
20675,,6512,啟發電,,,,1,上櫃,113,,,,390077,,390077,,0,,15.60,32056,329984,250000,33173,119402,423250,,1117,93266,0
132247,,6516,勤崴國際,,-9666,,1,上櫃,113,-38845,,,1049237,,,,350000,,20.61,133885,1080753,512472,186523,453029,1235760,,52638,155007,0
201044,,6517,保勝光學,,,,1,上櫃,113,,,,589989,,589989,,0,,19.29,147629,600660,305791,169887,83154,759876,,22258,159216,0
764158,,6523,達爾膚,,0,,1,上櫃,113,,0,,1546525,,1546525,,0,,34.33,406085,1698350,450477,409875,331890,1956400,,3790,258050,0
438817,,6527,明達醫,,-6974,,1,上櫃,113,-10960,,,888415,,888415,,195000,,35.17,197664,729206,254586,215356,212946,1103771,,17692,374565,0
79464,,6530,創威,,,,1,上櫃,113,,,,468781,,,,0,,13.89,58678,507064,337500,59277,51817,528058,,599,20994,0
347584,,6532,瑞耘,,,,1,上櫃,113,,0,,970451,,,,0,,25.92,264905,457679,374451,269040,248416,1239491,,4135,781812,0
-1609757,,6535,順藥,,-108707,,1,上櫃,113,,10000,,1319137,,1293222,,0,,7.84,193372,860256,1649638,200808,1362048,1519945,25915,7436,659689,0
1041133,,6538,倉和,,-52782,,1,上櫃,113,,,,1831387,,1831387,,0,,48.01,1035096,2025117,381450,1339062,461586,3170449,,303966,1145332,0
86222,,6542,隆中,,5600,,1,上櫃,113,,0,,906870,,815775,,0,,19.42,140807,964037,420006,150955,303947,1057825,91095,10148,93788,0
375119,,6546,正基,,-59545,,1,上櫃,113,,,,1795433,,1785508,,0,,26.96,986591,2143896,662269,1344687,807665,3140120,9925,358096,996224,0
-1091767,,6547,高端疫苗,,26155,,1,上櫃,113,,,,3774795,,3774795,,0,,11.49,1909162,4181030,3286541,2160463,1553866,5935258,,251301,1754228,46000
3831688,,6548,長科*,,462533,,1,上櫃,113,-268507,,,10897269,,10442711,,7774165,,11.08,5981155,12692615,380215,9519683,6036782,20416952,454558,3538528,7724337,0
654517,,6556,勝品,,1232,,1,上櫃,113,,,,1373868,,1350346,,0,,46.97,681203,1278370,287500,824162,407097,2198030,23522,142959,919660,0
110394,,6560,欣普羅,,,,1,上櫃,113,,,,453274,,,,0,,17.52,23091,254067,258747,41075,84133,494349,,17984,240282,0
888885,,6561,是方,,-1803,,1,上櫃,113,,0,,3034367,,3028558,,0,,38.89,1732325,2272278,778664,4091560,1362812,7125927,5809,2359235,4853649,0
770279,,6568,宏觀,,-15332,,1,上櫃,113,-21130,117120,,1430643,,1430643,,168000,,46.99,187971,1334477,306120,191010,390706,1621653,,3039,287176,0
548603,,6569,醫揚,,-20706,,1,上櫃,113,,0,,1580442,,1572248,,0,,46.91,403958,935834,335163,631030,709188,2211472,8194,227072,1275638,0
122913,,6570,維田,,0,,1,上櫃,113,,,,790046,,790046,,0,,21.28,280543,662519,371191,491147,295942,1281193,,210604,618674,0
195391,,6574,霈方,,3952,,1,上櫃,113,,0,,570130,,570130,,0,,25.93,198586,666587,219900,259703,150887,829833,0,61117,163246,0
-4849113,,6576,逸達,,3897,,1,上櫃,113,,0,,1149891,,1149891,,0,,8.46,392799,1426929,1359262,535636,4635845,1685527,,142837,258598,0
526381,,6577,勁豐,,-14250,,1,上櫃,113,,,,1281509,,1281509,,0,,33.50,762421,1724299,382549,835612,386829,2117121,,73191,392822,0
11143,,6578,達邦蛋白,,-15095,,1,上櫃,113,,0,,1012462,,1012462,,0,,16.12,310229,779714,655239,387540,361175,1400002,,77311,620288,0
611854,,6584,南俊國際,,-82833,,1,上櫃,113,,0,,1968790,,1968790,,0,,29.84,715242,868391,659682,1422615,780087,3391405,,707373,2523014,0
109645,,6588,東典光電,,1873,,1,上櫃,113,,,,679265,,,,0,,25.44,76329,232380,267008,183738,300739,863003,,107409,630623,0
114109,,6590,普鴻,,,,1,上櫃,113,,,,654404,,557427,,0,,26.18,294919,620486,212913,436309,230405,1090713,96977,141390,470227,0
225960,,6593,台灣銘板,,-9,,1,上櫃,113,,,,705777,,703787,,0,,28.58,112737,455021,246293,289203,231543,994980,1990,176466,539959,0
129150,,6596,寬宏藝術,0,594,,1,上櫃,113,,,,735342,,735342,,0,,22.28,627133,954948,330000,630644,275598,1365986,0,3511,411038,0
743003,,6603,富強鑫,,-111290,,1,上櫃,113,,,,2417192,,2239419,,0,,14.27,2069289,4249902,1569860,4887510,37846,7304702,177773,2818221,3054800,0
1545537,,6609,瀧澤科,,-17320,,1,上櫃,113,,,,2399572,,2399572,,0,,33.12,1258784,2705415,724562,1488461,146793,3888033,,229677,1182618,0
431770,,6612,奈米醫材,,42636,,1,上櫃,113,,,,1706268,,1623306,,0,,41.45,158846,1344220,391604,290734,757296,1997002,82962,131888,652782,0
1814613,,6613,朋億*,,152647,,1,上櫃,113,,0,,4565831,,3797875,,0,,50.98,5400452,9290214,372516,5704808,1458099,10270639,767956,304356,980425,905207
80723,,6615,慧智,,-3,,1,上櫃,113,,0,,625012,,625250,,0,,29.27,90113,270980,213624,139438,330906,764450,-238,49325,493470,0
29735,,6616,特昇-KY,,-23902,,1,上櫃,113,,,,456400,,453243,,0,,12.94,175077,523201,350181,311306,97229,767706,3157,136229,244505,0
-1466146,,6617,共信-KY,,15594,,1,上櫃,113,,0,,1321736,,1326982,,0,,11.71,138634,1129124,1133361,226068,1644173,1547804,-5246,87434,418680,0
191206,,6620,漢達,,-79461,,1,上櫃,113,,,,2775041,,2775041,,0,,19.67,398891,2910937,1410880,469458,1252416,3244499,,70567,333562,0
41773,,6624,萬年清,,1090,,1,上櫃,113,,,,422852,,422852,,0,,20.25,309622,636146,208800,484612,171189,907464,,174990,271318,0
519941,,6629,泰金-KY,,-22886,,1,上櫃,113,,0,,1112755,,1112212,,0,,31.14,338493,979699,357162,357718,257995,1470473,543,19225,490774,0
395791,,6637,醫影,,-2320,,1,上櫃,113,,,,609914,,609914,,0,,28.43,310098,609972,214500,377557,1943,987471,,67459,377499,0
376106,,6640,均華,,344739,,1,上櫃,113,,0,,1426244,,1382320,,0,,48.89,1504261,2035232,282765,1777584,378710,3203828,43924,273323,1168596,0
247828,,6642,富致,,-3043,,1,上櫃,113,,0,,975615,,975615,,0,,26.09,211110,811576,373996,401030,356834,1376645,,189920,565069,0
739679,,6643,M31,,-5720,,1,上櫃,113,,,,1830584,,1830584,,0,,52.53,463479,1476704,348418,486304,748207,2316888,,22825,840184,0
14284,,6649,台生材,,,,1,上櫃,113,,0,,626952,,,,0,,14.93,20836,359786,420000,76734,192668,703686,,55898,343900,0
439121,,6651,全宇昕,,-3923,,1,上櫃,113,,,,1076599,,,,0,,31.11,727514,1409069,346016,754085,295385,1830684,,26571,421615,0
115419,,6654,天正國際,,-2804,,1,上櫃,113,,,,937849,,937849,,0,,25.37,860560,1256871,369627,1406779,455607,2344628,,546219,1087757,0
13828,,6661,威健生技,,-11794,,1,上櫃,113,,,,294189,,285937,,0,,12.27,110410,282743,233043,223252,50860,517441,8252,112842,234698,0
127123,,6662,樂斯科,,-20599,,1,上櫃,113,,,,458287,,,,0,,17.89,50047,255450,256124,101301,95639,559588,,51254,304138,0
1701564,,6664,群翊,0,-21077,,1,上櫃,113,,,,2796133,,2796133,,0,,48.22,4276734,6402276,579902,4584938,535744,7381071,0,308204,978795,11682
332199,,6667,信紘科,,-37,,1,上櫃,113,,,,1311874,,1311874,,0,,29.30,1771723,2767002,447789,2197888,531923,3509762,,426165,742760,0
758274,,6679,鈺太,,472107,,1,上櫃,113,-284865,,,5171149,,5171149,,1262000,,96.27,576636,4198046,549753,606347,3675880,5777496,,29711,1579450,0
114853,,6680,鑫創電子,,3,,1,上櫃,113,-6392,,,447106,,447106,,105000,,21.32,190155,518399,211085,268127,127557,715233,0,77972,196834,9000
1755475,,6683,雍智科技,,-4773,,1,上櫃,113,,,,2345133,,2345133,,0,,86.19,337162,1771775,272097,350480,322334,2695613,,13318,923838,0
-321820,,6684,安格,,-1498,,1,上櫃,113,0,0,,1763453,,1743245,,0,,39.06,117589,1019310,446299,185147,1620264,1948600,20208,67558,929290,0
277161,,6690,安碁資訊,,-46115,,1,上櫃,113,0,,,1222435,,1222435,,0,,55.26,1002695,967760,221151,1247478,770238,2469913,,244783,1502153,0
212212,,6692,進能服,,-30191,,1,上櫃,113,,0,,987255,,987255,,0,,19.01,1188185,1932430,519410,1379805,285824,2367060,,191620,434630,0
97921,,6693,廣閎科,,-5707,,1,上櫃,113,,0,,1144106,,1144106,,0,,25.02,229030,978763,457200,442937,594692,1587043,,213907,608280,0
111715,,6697,東捷資訊,,491,,1,上櫃,113,,0,,543482,,543482,,0,,19.89,540724,887567,273234,552572,158042,1096054,,11848,208487,0
250594,,6703,軒郁,,4597,,1,上櫃,113,-5076,,,1111805,,1071340,,50000,,38.47,980065,1789190,279022,1280049,542203,2391854,40465,299984,602664,0
-14595,,6708,天擎,,442,,1,上櫃,113,,,,410496,,410496,,0,,14.15,23710,423342,290088,34852,134561,445348,,11142,22006,0
345852,,6712,長聖,,,,1,上櫃,113,,,,1865146,,1865146,,0,,25.43,245915,1615178,733387,270000,785907,2135146,,24085,519968,0
263551,,6716,應廣,,-59061,,1,上櫃,113,,,,706514,,706514,,0,,23.23,597721,1152899,304193,644462,197831,1350976,,46741,198077,0
53077,,6720,久昌,,-2614,,1,上櫃,113,,,,332045,,332045,,0,,14.77,146670,460922,224785,181513,56797,513558,,34843,52636,0
195971,,6721,信實,,,,1,上櫃,113,,,,599597,,599597,,0,,26.65,410491,883289,225000,455607,178626,1055204,,45116,171915,0
582703,,6727,亞泰金屬,,-3498,,1,上櫃,113,,,,1167170,,1167170,,0,,46.07,1564081,2235781,253342,1696969,334623,2864139,,132888,628358,622422
489849,,6728,上洋,,2372,,1,上櫃,113,,,,900765,,900765,,0,,39.16,1110578,1314049,230000,1987658,178544,2888423,,877080,1574374,0
1353183,,6732,昇佳電子,,78387,,1,上櫃,113,,,,4123066,,,,0,,84.29,2040421,4780198,489126,2191778,2202370,6314844,,151357,1534646,0
-292807,,6733,博晟生醫,,-5758,,1,上櫃,113,,0,,947381,,932195,,0,,7.57,21220,769851,1230760,65654,0,1013035,15186,44434,243184,0
165601,,6735,美達科技,,1872,,1,上櫃,113,,0,,970530,,970530,,0,,23.17,132333,683846,418887,136618,384170,1107148,,4285,423302,0
54940,,6739,竹陞科技,,-1070,,1,上櫃,113,-8575,0,,333089,,333089,,157000,,16.54,200552,457266,202930,234236,84864,567325,,33684,110059,0
1211021,,6741,91APP*-KY,,147508,,1,上櫃,113,-335477,,,2863085,,2856233,,2500000,,24.19,1461181,3577579,602890,1475218,1230291,4338303,6852,14037,760724,0
90345,,6751,智聯服務,,-17715,,1,上櫃,113,,,,1249809,,893276,,0,,40.24,499938,1219296,222000,520905,598646,1770714,356533,20967,551418,0
483206,,6752,叡揚,,19378,,1,上櫃,113,,,,1030048,,1014716,,0,,30.96,1100615,1294727,327751,1439819,184381,2469867,15332,339204,1175140,0
458425,,6761,穩得,,-1118,,1,上櫃,113,,0,,1310842,,1310842,,0,,43.54,899477,1770091,301049,955248,552486,2266090,,55771,495999,0
314315,,6762,達亞,,,,1,上櫃,113,,0,,1229916,,,,0,,47.51,814499,752690,258892,1904758,656709,3134674,,1090259,2381984,0
371978,,6763,綠界科技*,,-15746,,1,上櫃,113,,,,2701888,,2670694,,0,,145.12,3634652,4788351,184039,3700028,2130423,6401916,31194,65376,1613565,0
-90974,,6767,台微醫,,117,,1,上櫃,113,,,,356170,,356170,,0,,12.24,59860,268930,291090,133302,155937,489472,,73442,220542,0
339166,,6785,昱展新藥,,,,1,上櫃,113,,,,2585943,,,,0,,38.71,74094,2598696,668000,79279,1578777,2665222,,5185,66526,0
462734,,6788,華景電,,-330,,1,上櫃,113,,0,,1480646,,1462294,,0,,42.09,782297,1849913,347397,1049682,652493,2530328,18352,267385,680415,0
89882,,6791,虎門科技,,0,,1,上櫃,113,,,,414529,,,,0,,19.88,297086,561447,208470,327910,116177,742439,,30824,180992,0
2025139,,6803,崑鼎,,66352,,1,上櫃,113,-57,0,,6208093,,5638755,,1605,,78.45,3842324,5605811,718822,7540288,2828499,13748381,569338,3697964,8142570,264313
423857,,6804,明係,,,,1,上櫃,113,,,,1301203,,,,0,,37.18,659843,1471799,350000,1050388,527346,2351591,,390545,879792,0
1109424,,6811,宏碁資訊,,-46754,,1,上櫃,113,,0,,2105258,,2105258,,0,,50.79,3319189,3536739,414490,3481584,628098,5586842,,162395,2050103,0
208888,,6821,聯寶,0,-29411,,1,上櫃,113,,,,610616,,610616,,0,,19.67,222947,658715,310418,344052,120721,954668,0,121105,295953,0
76344,,6823,濾能,,-23384,,1,上櫃,113,,0,,585522,,565145,,0,,25.41,141635,505997,222385,718756,289800,1304278,20377,577121,798281,0
345438,,6829,千附精密,,,,1,上櫃,113,,,,1909438,,,,0,,32.27,705587,1167413,591690,823845,972310,2733283,,118258,1565870,0
233166,,6840,東研信超,,-12356,,1,上櫃,113,,,,828492,,828492,,0,,32.78,332285,491305,252780,712158,354902,1540650,,379873,1049345,0
-60355,,6841,長佳智能,,,,1,上櫃,113,-88953,,,1979548,,1915636,,2125000,,19.87,67978,1474777,985195,77817,1079749,2057365,63912,9839,582588,0
244747,,6843,進典,,1638,,1,上櫃,113,,,,844147,,844147,,0,,25.35,203640,779690,333040,434022,264722,1278169,,230382,498479,0
1416387,,6844,諾貝兒,,,,1,上櫃,113,,0,,3315394,,,,0,,87.17,910278,3090485,380324,1738771,1518683,5054165,,828493,1963680,0
296984,,6846,綠茵,,,,1,上櫃,113,,,,745590,,745590,,0,,27.75,412630,842643,268639,469818,179967,1215408,,57188,372765,0
424031,,6855,數泓科,,,,1,上櫃,113,,,,793479,,,,0,,37.54,420560,1131175,211361,424557,158087,1218036,,3997,86861,0
285959,,6856,鑫傳,,,,1,上櫃,113,,0,,810817,,804241,,0,,28.52,90197,797088,282000,95150,236282,905967,6576,4953,108879,0
887263,,6859,伯特光,,307,,1,上櫃,113,,,,1742923,,1742923,,0,,44.54,410994,1434661,391344,530290,464009,2273213,,119296,838552,0
59443,,6865,偉康科技,,-66,,1,上櫃,113,,0,,349702,,,,0,,24.09,213395,538912,145284,321650,145041,671352,,108255,132440,7500
113507,,6870,騰雲,,-231,,1,上櫃,113,,,,978408,,956460,,0,,43.87,231547,895291,218000,320318,625184,1298726,21948,88771,403435,0
-466273,,6872,浩宇生醫,,-219,,1,上櫃,113,,0,,566161,,552548,,0,,8.86,44785,501944,623720,68888,395320,635049,13613,24103,133105,0
163935,,6874,倍力,,,,1,上櫃,113,,0,,517219,,,,0,,23.51,865344,1189356,220000,890973,133284,1408192,,25629,218836,0
-32636,,6875,國邑*,,11,,1,上櫃,113,,,,2050423,,2050423,,0,,15.89,99976,1921484,645090,216428,1437958,2266851,,116452,345367,0
57,,6877,鏵友益,,3214,,1,上櫃,113,,0,,568039,,568039,,0,,16.66,280260,677617,340880,539958,223888,1107997,,259698,430380,0
212207,,6881,潤德,,17778,,1,上櫃,113,,0,,528454,,,,0,,39.14,647082,1019988,135000,674320,163469,1202774,,27238,182786,0
405271,,6894,衛司特,,3628,,1,上櫃,113,,,,1360537,,1319979,,0,,55.46,380776,1433679,238000,449986,673080,1810523,40558,69210,376844,0
68934,,6895,宏碩系統,,,,1,上櫃,113,,0,,944853,,,,0,,27.71,146776,780638,341000,148605,534919,1093458,,1829,312820,0
966054,,6899,創為精密,,2635,,1,上櫃,113,,0,,1546766,,1546707,,0,,39.58,302255,904552,416823,521815,161195,2068581,59,219560,1164029,521000
1560641,,6903,巨漢,,,,1,上櫃,113,,,,2373765,,,,0,,39.17,741876,3092029,606000,744430,207124,3118195,,2554,26166,0
611921,,6904,伯鑫,,-2870,,1,上櫃,113,,0,,1021049,,1021049,,0,,55.19,299905,741709,185000,541850,226998,1562899,,241945,821190,0
380004,,6913,鴻呈,,-40960,,1,上櫃,113,,,,1042026,,951008,,0,,25.05,690165,1280157,383905,761018,228059,1803044,91018,70853,522887,430140
225153,,6922,宸曜,,7132,,1,上櫃,113,,0,,825890,,825890,,0,,32.24,382088,1149737,256171,415869,337434,1241759,,33781,92022,0
37003,,6925,意藍,,,,1,上櫃,113,,,,227089,,,,0,,12.87,64923,268360,176443,77391,13643,304480,,12468,36120,0
73626,,6929,佑全,,0,,1,上櫃,113,,,,1167719,,,,0,,26.38,1055948,1624385,442700,2138520,651393,3306239,,1082572,1681854,0
295477,,6953,家碩,,-65,,1,上櫃,113,,,,661883,,661883,,0,,24.25,1163633,1685540,272976,1192152,93495,1854035,,28519,168495,0
207050,,6967,汎瑋材料,,9199,,1,上櫃,113,,,,649049,,649049,,0,,28.75,456820,900580,225725,479754,207075,1128803,,22934,228223,0
139098,,6968,萬達寵物,,593,,1,上櫃,113,,0,,654153,,653689,,0,,16.38,692859,717728,399000,1790189,114998,2444342,464,1097330,1726614,0
122812,,6982,大井泵浦,,3800,,1,上櫃,113,,0,,661416,,661416,,0,,18.71,703162,810142,353491,1310706,181313,1972122,,607544,1161980,0
422316,,6996,力領科技,,-894,,1,上櫃,113,,,,1418233,,,,0,,37.30,1032348,2179872,380243,1098590,616568,2516823,,66242,336951,0
135243,,6997,博弘,,4649,,1,上櫃,113,,,,372926,,372926,,0,,18.64,921687,1322005,200115,996119,32919,1369045,,74432,47040,0
102128,,7402,邑錡,0,-30899,0,1,上櫃,113,0,0,,701752,,,,0,,19.92,124701,795750,352294,130356,278229,832108,,5655,36358,0
293198,,7556,意德士科技,,33536,,1,上櫃,113,,,,901725,,901725,,0,,37.49,209832,599621,240541,240182,334450,1141907,,30350,542286,0
185150,,7584,樂意,,-2338,,1,上櫃,113,,,,332160,,332160,,0,,22.87,242758,293632,145258,248266,4090,580426,,5508,286794,0
347217,,7703,銳澤,,,,1,上櫃,113,,0,,1387399,,,,0,,43.91,675926,1783318,316000,698885,724182,2086284,,22959,302966,0
198644,,7704,明遠精密,0,2331,,1,上櫃,113,,,,943599,,943599,,0,,30.83,190585,808078,306033,217366,436591,1160965,0,26781,352887,0
219066,,7708,全家餐飲,,551,,1,上櫃,113,,0,,650829,,650829,,0,,28.30,530640,742224,230000,791974,201212,1442803,,261334,700579,0
680286,,7712,博盛半導體,,1077,,1,上櫃,113,,0,,1125410,,1125410,,0,,38.25,578794,1459801,294239,740115,149808,1865525,,161321,405724,0
188948,,7715,裕山,,23,,1,上櫃,113,,,,671034,,671034,,0,,23.14,1014887,1954658,290000,1581025,192063,2252059,,566138,297401,0
78452,,8024,佑華,,-3154,,1,上櫃,113,,,,573330,,573330,,0,,12.70,30741,448214,451601,48898,46431,622228,0,18157,174014,0
189546,,8027,鈦昇,0,-12072,,1,上櫃,113,-166725,,,2485139,,2464667,,2823000,,24.77,500432,2914299,1023123,1656529,1430795,4141668,20472,1156097,1227369,3716910
1131595,,8032,光菱,,131312,,1,上櫃,113,,0,,1836636,,1831767,,0,,35.36,797637,1807710,518103,937050,50757,2773686,4869,139413,965976,0
145510,,8034,榮群,,-9570,,1,上櫃,113,-5447,0,,759938,,759938,,393397,,12.16,167495,894777,628737,179873,708,939811,,12378,45034,0
-258925,,8038,長園科,,,,1,上櫃,113,-19489,0,,533334,,473196,,596000,,7.60,290548,416134,628742,519005,122868,1052339,60138,228457,636205,0
-79356,,8040,九暘,,-339,,1,上櫃,113,,0,,630174,,,,0,,9.15,194338,514054,688501,212243,21368,842417,,17905,328363,0
1546808,,8042,金山電,,-198206,,1,上櫃,113,,,,4026958,,3964536,,0,,30.62,2669079,4807810,1294625,4250778,1321309,8277736,62422,1581699,3469926,0
1510861,,8043,蜜望實,,-38780,,1,上櫃,113,-22770,0,,2552293,,2552293,,776000,,32.25,1007891,3179642,799072,1186808,303910,3739101,,178917,559459,0
-579381,,8044,網家,,203139,,1,上櫃,113,-210502,0,,8507614,,6410786,,2779000,,45.41,11191848,11691335,1439529,18333898,5558001,26841512,2096828,7142050,15150177,0
11304,,8047,星雲,,-5731,,1,上櫃,113,,0,,431075,,431075,,0,,10.35,93992,404166,416663,93992,8839,525067,,0,120901,0
650128,,8048,德勝,,7502,,1,上櫃,113,-2341,,,1255288,,1255288,,78000,,22.41,342110,1318752,561030,349381,38969,1604669,,7271,285917,0
896798,,8049,晶采,,179749,,1,上櫃,113,0,0,,2290816,,2290816,,0,,19.37,288165,1466324,1182798,317897,31471,2608713,0,29732,1142389,0
2766403,,8050,廣積,,462033,,1,上櫃,113,-332583,,,9041174,,8035923,,7999000,,40.57,2437638,5545743,2060568,3810432,3079502,12851606,1005251,1372794,7305863,0
196826,,8054,安國,,108024,,1,上櫃,113,,0,,5148795,,2920979,,0,,29.83,947472,3632278,979226,1210402,1636903,6359197,2227816,262930,2726919,0
-108449,,8059,凱碩,,-42768,,1,上櫃,113,,0,,1923098,,1923098,,0,,9.98,814291,2703898,1926305,845370,148010,2768468,,31079,64570,83750
851825,,8064,東捷,,31508,,1,上櫃,113,,,,3225402,,2998597,,0,,18.19,2148378,4697500,1648178,2716318,467086,5941720,226805,567940,1244220,0
257509,,8066,來思達,,16148,,1,上櫃,113,0,0,,697674,,595593,,0,,20.09,601876,1285184,296423,725470,25513,1423144,102081,123594,137960,0
-47843,,8067,志旭,,768,,1,上櫃,113,,0,,170754,,170824,,0,,8.25,128396,249804,207000,201465,10899,372219,-70,73069,122415,0
52937,,8068,全達,0,51057,,1,上櫃,113,0,,,972221,,949103,,0,,11.75,322580,596982,807659,371436,37450,1343657,23118,48856,746675,0
16998043,,8069,元太,,8222745,,1,上櫃,113,,,,48419552,,47743057,,0,,41.72,24409770,31672917,11560246,32501005,10962023,80920557,676495,8091235,49247640,2038700
52593,,8071,能率網通,0,-79178,,1,上櫃,113,0,,,993867,,685908,,0,,13.23,1034291,1421281,518543,1343713,193950,2337580,307959,309422,916299,0
359456,,8074,鉅橡,,-39030,,1,上櫃,113,0,,,1501041,,1453786,,0,,17.95,866103,1533861,809745,1136610,323615,2637651,47255,270507,1103790,0
1363958,,8076,伍豐,,-684087,,1,上櫃,113,-277773,,,4497457,,4429882,,9239000,,15.16,1938530,2673942,3014526,2521070,1013258,7018527,67575,582540,4344585,0
85246,,8077,洛碁,,,,1,上櫃,113,,,,350210,,,,0,,15.96,828805,415840,219457,2787393,45507,3137603,,1958588,2721763,0
-43967,,8080,泰霖,,-9165,,1,上櫃,113,,,,178507,,178507,,0,,7.71,154227,216195,231639,154227,0,332734,,0,116539,0
662832,,8083,瑞穎,,0,,1,上櫃,113,,0,,1229869,,,,0,,35.01,511024,984190,351332,577787,215705,1807656,,66763,823466,0
-174531,,8084,巨虹,,224,,1,上櫃,113,,0,,533877,,520835,,0,,7.49,193855,564793,695142,440381,0,974258,13042,246526,409465,0
69530,,8085,福華,0,448570,,1,上櫃,113,0,,0,1966646,,1966646,,0,,14.05,217665,1648439,1399830,1430270,48716,3396916,0,1212605,1748477,0
1468282,,8086,宏捷科,,,,1,上櫃,113,,0,,7696136,,,,0,,39.16,898163,3837831,1965161,1567766,4262693,9263902,,669603,5426071,0
152304,,8087,麗升能源,,-12617,,1,上櫃,113,,0,,823742,,823742,,0,,21.43,421392,820744,384410,518525,299645,1342267,0,97133,521523,0
414132,,8088,品安,,-16246,,1,上櫃,113,0,,,1184880,,,,0,,19.45,122190,858941,609217,130381,177777,1315261,,8191,456320,0
-235138,,8089,康全電訊,,44612,,1,上櫃,113,,,,746286,,746286,,0,,12.72,1459920,2028138,586655,1684788,350157,2431074,,224868,402936,0
1082875,,8091,翔名,,-11951,,1,上櫃,113,,,,2963963,,2930031,,0,,61.09,989155,2387978,479601,1430633,1379506,4394596,33932,441478,2006618,0
-157085,,8092,建暐,,-595,,1,上櫃,113,,0,,501155,,501155,,0,,9.67,139212,523882,518206,347252,140629,848407,,208040,324525,0
-180418,,8093,保銳,,-13511,,1,上櫃,113,,0,,255547,,255531,,0,,5.69,250776,237582,449460,284639,,540186,16,33863,302604,0
-187240,,8096,擎亞,,10277,,1,上櫃,113,,0,,2149021,,2153529,,0,,14.42,6412565,8236320,1493431,6440237,837061,8589258,-4508,27672,352938,0
78419,,8097,常珵,,10274,,1,上櫃,113,-101581,0,,1515881,,1515881,,1500000,,22.77,40168,875739,680645,142113,848124,1657994,0,101945,782255,0
553236,,8099,大世科,,-4013,,1,上櫃,113,,,,1515611,,1515611,,0,,17.11,1234522,2287280,885600,1463701,80788,2979312,,229179,692032,0
624861,,8107,大億金茂,,27928,,1,上櫃,113,,,,1484114,,1472950,,0,,19.64,547215,768148,750000,1599406,70161,3083520,11164,1052191,2315372,0
1491251,,8109,博大,,-40778,,1,上櫃,113,0,0,,2688504,,2688504,,0,,32.72,994001,2864392,821612,1281371,416419,3969875,0,287370,1105483,0
256839,,8111,立碁,0,-34047,,1,上櫃,113,0,0,,1322774,,1320348,,0,,12.10,737014,1421138,1091022,798511,6534,2121285,2426,61497,700147,0
-422208,,8121,越峰,,-131583,,1,上櫃,113,,,,2519863,,1876088,,0,,8.81,715511,2195401,2129937,2350008,299942,4869871,643775,1634497,2674470,0
262369,,8147,正淩,0,-22607,,1,上櫃,113,0,0,,1117851,,1113254,,0,,30.95,466542,1031432,359650,470749,513842,1588600,4597,4207,557168,2357233
1174737,,8155,博智,,-60917,,1,上櫃,113,0,0,,2176437,,2176437,,0,,42.51,1139325,2135595,512030,1147954,550587,3324391,,8629,1188796,0
2576,,8171,天宇,,-6713,,1,上櫃,113,-45833,,,1611107,,1608249,,1114000,,21.06,727865,1687903,774643,843638,883576,2454745,2858,115773,766842,213757
-167034,,8176,智捷,,-24813,,1,上櫃,113,-26512,,,512900,,499140,,2520105,,7.21,198817,501001,717010,223777,489,736677,13760,24960,235676,0
1603170,,8182,加高,,129267,,1,上櫃,113,,0,,3560194,,3552111,,0,,33.18,1602782,3259578,1070412,2573540,749262,6133734,8083,970758,2874156,0
2032386,,8183,精星,,-34728,,1,上櫃,113,-34105,,,3407918,,3407918,,500000,,28.22,2874293,5025289,1212511,3029080,231854,6436998,,154787,1411709,0
187325,,8227,巨有科技,,0,,1,上櫃,113,,0,,813960,,,,0,,21.80,242420,873072,373430,292640,253205,1106600,,50220,233528,0
1428858,,8234,新漢,,9397,,1,上櫃,113,,0,,3325035,,3217055,,0,,22.78,2719673,4262553,1412265,3167592,366535,6492627,107980,447919,2230074,0
1448410,,8240,華宏,,-148918,,1,上櫃,113,-40228,,,4396768,,4278486,,1484000,,43.43,2858588,5478371,1000044,3638320,2019178,8035088,118282,779732,2556717,0
2383228,,8255,朋程,,1410979,,1,上櫃,113,,,,10060491,,8138783,,0,,80.23,3488813,5148173,1014475,5731199,3330101,15791690,1921708,2242386,10643517,0
216826,,8272,全景軟體,,,,1,上櫃,113,,,,415225,,,,0,,24.14,146367,551790,171978,149052,26421,564277,,2685,12487,0
-434715,,8277,商丞,0,-10970,,1,上櫃,113,0,,,545143,,531452,,0,,5.80,64860,292249,916288,148136,60849,693279,13691,83276,401030,0
1166916,,8279,生展,,-65,,1,上櫃,113,,0,,2056102,,2056102,,0,,75.87,736522,1215901,271009,1113460,618242,3169562,,376938,1953661,0
584833,,8284,三竹,,,,1,上櫃,113,,0,,1299917,,1299917,,0,,28.05,617939,1554130,463420,628200,251664,1928117,,10261,373987,0
605940,,8289,泰藝,,-60329,,1,上櫃,113,0,0,,1637295,,1637295,,0,,23.96,388749,1634438,683338,564769,408346,2202064,0,176020,567626,0
-455158,,8291,尚茂,,0,,1,上櫃,113,,0,,18080,,,,0,,0.38,224553,62070,473120,262354,118,280434,,37801,218364,0
31454522,,8299,群聯,,-290787,,1,上櫃,113,0,0,,46540898,,46537677,,0,,227.26,23278898,59415068,2047798,29211721,13326144,75752619,3221,5932823,16337551,10775
602110,,8342,益張,,-11665,,1,上櫃,113,,,,1004464,,969413,,0,,28.91,546081,963054,335367,686703,43601,1691167,35051,140622,728113,0
1749365,,8349,恒耀國際,,-450686,,1,上櫃,113,,,,6807313,,5612927,,0,,34.78,8480894,10698706,1619299,14128501,2694949,20935814,1194386,5647607,10237108,0
1204623,,8354,冠好,,41099,,1,上櫃,113,,0,,2089984,,2089984,,0,,26.61,2091612,2439148,785323,2406171,58939,4496155,,314559,2057007,0
2117453,,8358,金居,,-8149,,1,上櫃,113,,0,,6196081,,6196081,,0,,24.53,1941939,4115075,2525880,1981490,1560897,8177571,,39551,4062496,0
1188532,,8383,千附,,-12150,,1,上櫃,113,-31717,,,4220979,,3514536,,951759,,31.15,1111143,2720277,1137605,1270027,1232266,5491006,706443,158884,2770729,0
1294200,,8390,金益鼎,,21339,,1,上櫃,113,,0,,3087796,,3087796,,0,,32.13,389605,2660769,961161,541874,811096,3629670,0,152269,968901,0
229359,,8401,白紗科,,,,1,上櫃,113,0,0,,988022,,,,0,,16.46,311150,755640,600417,381300,158246,1369322,,70150,613682,0
973534,,8403,盛弘,,175906,,1,上櫃,113,,0,,4025972,,3563580,,0,,28.27,1834828,3135540,1260443,3328371,1153697,7354343,462392,1493543,4218803,0
-96008,,8409,商之器,,-8769,,1,上櫃,113,,,,287650,,287650,,0,,8.99,183242,225642,320000,194478,72427,482128,,11236,256486,0
1052392,,8410,森田,,0,,1,上櫃,113,0,0,,1742725,,,,0,,47.63,385478,1454327,365892,573760,324441,2316485,,188282,862158,0
10469121,,8415,大國鋼,,895758,,1,上櫃,113,-84569,,,28798137,,25445349,,13037000,,24.98,9561206,21871864,10315000,17469993,3850039,46268130,3352788,7908787,24396266,0
1070190,,8416,實威,,4977,,1,上櫃,113,,0,,1489899,,1489899,,0,,52.81,344929,1588597,282107,379253,132625,1869152,,34324,280555,0
229953,,8421,旭源,,-55059,,1,上櫃,113,-9450,0,,936470,,802956,,568000,,14.80,1010530,1007892,548171,1069987,89341,2006457,133514,59457,998565,0
138949,,8423,保綠-KY,,-73566,,1,上櫃,113,,,,588474,,588474,,0,,15.26,102997,414289,385706,308271,137385,896745,,205274,482456,0
711898,,8424,惠普,,,,1,上櫃,113,,,,1133602,,1133602,,0,,31.44,153419,629151,360544,167133,61160,1300735,0,13714,671584,0
644257,,8426,紅木-KY,,-295793,,1,上櫃,113,0,,,1144800,,1144800,,0,,22.79,628696,1214897,502425,1099296,293911,2244096,0,470600,1029199,0
184071,,8431,匯鑽科,,-18473,,1,上櫃,113,-49467,,,1035674,,882889,,891000,,20.30,338677,653973,443915,415273,322843,1450947,152785,76596,796974,0
249488,,8432,東生華,0,183591,,1,上櫃,113,,,,1429306,,1276614,,0,,33.25,116033,1263715,383981,116033,459554,1545339,152692,0,281624,0
1619784,,8433,弘帆,,46721,,1,上櫃,113,,,,2455236,,2442650,,0,,45.42,1781021,2690825,537741,2252648,238404,4707884,12586,471627,2017059,917301
284506,,8435,鉅邁,,-21688,,1,上櫃,113,,0,,692318,,692318,,0,,21.84,259478,772507,317004,285859,112496,978177,,26381,205670,0
4783931,,8436,大江,,-215853,,1,上櫃,113,-232963,0,,10093788,,8420052,,3063000,,73.09,3605573,8477557,1182608,4628226,2902329,14722014,1673736,1022653,6244457,0
1545692,,8437,大地-KY,,-353820,,1,上櫃,113,,0,,2485316,,2485316,,0,,51.94,686293,1366544,478511,749282,814933,3234598,,62989,1868054,0
174464,,8440,綠電,,,,1,上櫃,113,,0,,618661,,618661,,0,,16.28,52852,348434,380002,131702,64195,750363,,78850,401929,0
-1001948,,8444,綠河-KY,,-364634,,1,上櫃,113,-33670,0,,1053374,,1098876,,497000,,10.99,2328729,1069317,1004669,6939562,1494459,7992936,-45502,4610833,6923619,0
880100,,8446,華研,,-4246,,1,上櫃,113,,0,,1650650,,1651098,,0,,31.20,1449245,1772242,529144,1582385,246100,3233035,-448,133140,1460793,0
-205332,,8450,霹靂,,-164448,,1,上櫃,113,,,,797855,,796620,,0,,15.53,351425,745184,513099,774814,653301,1572669,1235,423389,827485,0
323374,,8455,大拓-KY,,-77654,,1,上櫃,113,,,,608339,,526315,,0,,20.87,695522,827625,252191,860914,28404,1469253,82024,165392,641628,0
-81965,,8472,納維康,,,,1,上櫃,113,,,,333393,,333393,,0,,18.80,543357,286272,177358,707397,238000,1040790,,164040,754518,0
-142630,,8477,創業家,,-6962,,1,上櫃,113,,155556,,214241,,210525,,0,,6.08,241394,374620,346372,260189,13745,474430,3716,18795,99810,0
-276073,,8489,三貝德,,-532,,1,上櫃,113,0,,,756996,,422467,,0,,11.62,825949,926078,363615,1046904,335457,1803900,334529,220955,877822,0
1483742,,8905,裕國,,55317,,1,上櫃,113,-36820,,,2882945,,2882572,,4123000,,25.00,408564,1885569,1194400,611338,185933,3494283,373,202774,1608714,0
-36366,,8906,花王,,19778,,1,上櫃,113,-53839,0,,467524,,,,1877203,,11.09,191409,181585,440374,1160091,97577,1627615,,968682,1446030,0
905238,,8908,欣雄,,38272,,1,上櫃,113,,,,3881311,,3781254,,0,,13.34,3705344,3708203,2834706,5395925,3038,9277236,100057,1690581,5569033,0
1581902,,8916,光隆,,-30613,,1,上櫃,113,,,,5439631,,5294483,,0,,35.10,3417032,5155499,1508343,4327064,2234851,9766695,145148,910032,4611196,0
1134027,,8917,欣泰,,48183,,1,上櫃,113,,,,2808734,,2808734,,0,,17.27,1283993,2694784,1626524,2994996,,5803730,,1711003,3108946,0
95030,,8921,沈氏,,158160,,1,上櫃,113,,0,,985914,,971455,,0,,20.85,146297,371345,465922,211739,252343,1197653,14459,65442,826308,0
152348,,8923,時報,0,-9057,,1,上櫃,113,0,0,,459849,,459849,,0,,15.14,344750,558063,303758,390713,12800,850562,0,45963,292499,0
2603802,,8924,大田,,217551,,1,上櫃,113,,,,3760592,,3760592,,0,,44.88,1560732,4288217,838000,1771648,101239,5532240,,210916,1244023,0
320913,,8927,北基,0,-2049,,1,上櫃,113,,0,,8138217,,5367584,,0,,16.44,15435436,8865839,3264419,22971455,1784301,31109672,2770633,7536019,22243833,0
542160,,8928,鉅明,0,-28470,,1,上櫃,113,0,0,,1022394,,1022394,,0,,20.10,1688657,1625620,508540,2220356,164,3242750,0,531699,1617130,0
56300,,8929,富堡,,52250,,1,上櫃,113,,0,,860447,,830557,,0,,16.42,268676,827468,505809,375274,216198,1235721,29890,106598,408253,0
415266,,8930,青鋼,,0,,1,上櫃,113,0,,,1365746,,,,0,,16.69,470511,1210279,818094,882480,132386,2248226,,411969,1037947,0
950420,,8931,大汽電,,40877,,1,上櫃,113,,,,2213846,,,,0,,18.11,920309,863734,1222549,2463121,,4676967,,1542812,3813233,0
163039,,8932,智通*,,-52404,,1,上櫃,113,,,,1210201,,1171130,,0,,14.72,479229,925259,795515,736007,264980,1946208,39071,256778,1020949,0
-614065,,8933,愛地雅,,-373954,,1,上櫃,113,,,,2161541,,2161541,,0,,7.16,2593020,3585512,3017243,2934188,132317,5095729,,341168,1510217,0
-75597,,8935,邦泰,,-41419,,1,上櫃,113,,,,1017934,,1017934,,0,,8.97,480350,785757,1134950,692451,0,1710385,,212101,924628,15500000
2246487,,8936,國統,,-423466,,1,上櫃,113,,,,7506927,,5773984,,0,,23.27,2318941,4770454,2480782,4531634,1470181,12038561,1732943,2212693,7268107,0
33676,,8937,合騏*,,-18281,,1,上櫃,113,0,,,780610,,745956,,0,,10.29,576197,748427,724788,686380,5773,1466990,34654,110183,718563,0
4149964,,8938,明安,,-50469,,1,上櫃,113,-200920,0,,6764753,,6455834,,2629000,,46.93,5108576,8600064,1402003,6830797,1155256,13595550,308919,1722221,4995486,0
253601,,8941,關中,,307320,,1,上櫃,113,,,,1006766,,923718,,0,,30.37,794034,1070050,304105,1013188,58692,2019954,83048,219154,949904,0
4906280,,8942,森鉅,,53549,,1,上櫃,113,,,,10287794,,9195765,,0,,50.41,3890982,5460389,1824241,5453328,2411695,15741122,1092029,1562346,10280733,0
-50885,,9949,琉園,,-20038,,1,上櫃,113,,,,369411,,369411,,0,,8.39,58162,266304,440334,73070,0,442481,0,14908,176177,0
-289132,,9950,萬國通,,-2544,,1,上櫃,113,,,,1440987,,1412548,,0,,8.42,1098579,1676735,1677160,3059826,27064,4500813,28439,1961247,2824078,0
2721724,,9951,皇田,,32150,,1,上櫃,113,,0,,3505956,,3505956,,0,,46.81,2005000,3899528,749000,2203410,3082,5709366,,198410,1809838,0
291751,,9960,邁達康,,6601,,1,上櫃,113,,,,669415,,669415,,0,,19.93,332446,731079,335925,479611,35138,1149026,,147165,417947,0
152688,,9962,有益,,-5379,,1,上櫃,113,,0,,1057897,,1057897,,0,,11.73,565201,1249216,902203,576897,8385,1634794,0,11696,385578,0
