保留盈餘,保留盈餘（或累積虧損）,公司代號,公司名稱,共同控制下前手權益,其他權益,合併前非屬共同控制股權,季別,市場,年度,庫藏股票,待註銷股本股數（單位：股）,權益─具證券性質之虛擬通貨,權益總計,權益－具證券性質之虛擬通貨,歸屬於母公司業主之權益合計,歸屬於母公司業主權益合計,母公司暨子公司所持有之母公司庫藏股股數（單位：股）,母公司暨子公司持有之母公司庫藏股股數（單位：股）,每股參考淨值,流動負債,流動資產,股本,負債總計,資本公積,資產總計,非控制權益,非流動負債,非流動資產,預收股款（權益項下）之約當發行股數（單位：股）
821810,,1240,茂生農經,,94074,,4,上櫃,114,,,,1563745,,1502487,,0,,33.97,607739,1182791,442324,658907,144279,2222652,61258,51168,1039861,0
999917,,1259,安心,,877660,,4,上櫃,114,,0,,3019570,,3011288,,0,,92.97,2056599,1182738,323895,3847045,809816,6866615,8282,1790446,5683877,0
2617884,,1264,德麥,,9206,,4,上櫃,114,0,,,4503970,,3670833,,0,,99.07,1336043,3351777,370524,1425316,673219,5929286,833137,89273,2577509,0
768942,,1268,漢來美食,,-10897,,4,上櫃,114,,,,2303616,,2303616,,0,,54.56,2391272,2416956,422237,4775840,1123334,7079456,,2384568,4662500,0
238060,,1294,漢田生技,,,,4,上櫃,114,-28362,,,832233,,829164,,300000,,27.39,246473,591533,305716,334095,313750,1166328,3069,87622,574795,0
579704,,1295,生合,,3539,,4,上櫃,114,,0,,1330156,,1330156,,0,,38.58,639769,770075,344748,1755097,402165,3085253,,1115328,2315178,0
557044,,1336,台翰,,-150627,,4,上櫃,114,,0,,1859432,,1859432,,0,,23.96,984354,1209555,776144,1282941,676871,3142373,,298587,1932818,0
5519093,,1565,精華,,1645,,4,上櫃,114,,0,,6550903,,6550903,,0,,129.94,1053978,4079648,504165,1255934,526000,7806837,,201956,3727189,0
-25934,,1569,濱川,,-90445,,4,上櫃,114,,,,2796902,,2632691,,0,,19.86,2820983,3393657,1325474,3533710,1423596,6330612,164211,712727,2936955,0
450770,,1570,力肯,,49252,,4,上櫃,114,,,,1015030,,1015030,,0,,19.71,93114,846338,515008,102287,,1117317,,9173,270979,0
2585553,,1580,新麥,,-71532,,4,上櫃,114,0,,,3370402,,3212913,,0,,65.12,972507,2905366,493392,1175056,205500,4545458,157489,202549,1640092,0
542185,,1584,精剛,,-14498,,4,上櫃,114,-177757,0,,4784278,,4719070,,7518000,,20.98,1983925,3182677,2324705,3157030,2044435,7941308,65208,1173105,4758631,0
306511,,1586,和勤,,-69869,,4,上櫃,114,-220324,0,,1917498,,1917498,,5554000,,18.93,1254898,1860331,1068495,1777130,832685,3694628,,522232,1834297,0
75179,,1591,駿吉-KY,,-122886,,4,上櫃,114,,0,,481926,,481926,,0,,12.67,187737,390035,380480,219879,149153,701805,,32142,311770,0
412541,,1593,祺驊,,-65745,,4,上櫃,114,,,,1430907,,1329859,,0,,33.43,450810,979279,397848,713759,585215,2144666,101048,262949,1165387,0
1408869,,1595,川寶,,-3218,,4,上櫃,114,-7623,,,2721895,,2721616,,233000,,50.43,629356,2361298,541995,1007414,781593,3729309,279,378058,1368011,0
826791,,1599,宏佳騰,,-48166,,4,上櫃,114,-95750,0,,1896417,,1865470,,2500000,,25.90,450884,1156938,745287,731581,437308,2627998,30947,280697,1471060,0
184131,,1742,台蠟,,18051,,4,上櫃,114,0,0,,1291368,,1291368,,0,,13.93,23869,349651,926713,143453,162473,1434821,0,119584,1085170,0
1163971,,1777,生泰,,-3382,,4,上櫃,114,,0,,2590282,,,,0,,58.09,304490,1531253,445917,369570,983776,2959852,,65080,1428599,0
263945,,1780,立弘,,-3898,,4,上櫃,114,,0,,1234613,,1234613,,0,,12.83,800040,1521475,962432,857190,12134,2091803,,57150,570328,0
-130441,,1781,合世,,-58171,,4,上櫃,114,,0,,320571,,320571,,0,,6.76,206697,494089,474076,402557,35107,723128,,195860,229039,0
102914,,1784,訊聯,,-8885,,4,上櫃,114,-120579,0,,2257315,,1272032,,2815000,,25.29,405071,1870841,531212,822583,767370,3079898,985283,417512,1209057,0
4983032,,1785,光洋科,,-112414,,4,上櫃,114,,,,15012536,,14961333,,0,,25.10,13907705,25670392,5960022,19421914,4130693,34434450,51203,5514209,8764058,0
1049499,,1788,杏昌,,-45696,,4,上櫃,114,,0,,3051001,,3051001,,0,,68.53,1541225,2658333,445210,2032564,1601988,5083565,,491339,2425232,0
109838,,1796,金穎生技,,-2111,,4,上櫃,114,,0,,816661,,816661,,0,,19.70,158639,595484,414598,464002,294336,1280663,,305363,685179,0
-760926,,1799,易威,,15735,,4,上櫃,114,,0,,702558,,690674,,0,,5.54,278232,700008,1246895,589737,188970,1292295,11884,311505,592287,0
14906,,1813,寶利徠,,-15923,,4,上櫃,114,,,,661011,,684541,,0,,14.68,261029,295327,466355,270748,219203,931759,-23530,9719,636432,0
1012598,,1815,富喬,,-356747,,4,上櫃,114,-14441,,,12597336,,12597336,,600000,,21.56,2399258,6650606,5848862,5848603,6107064,18445939,,3449345,11795333,0
-1328208,,2035,唐榮公司,,104065,,4,上櫃,114,,,,2275903,,,,0,,6.50,3036994,3367260,3500000,15175983,46,17451886,,12138989,14084626,0
-53571,,2061,風青,,2501,,4,上櫃,114,,0,,612249,,612249,,0,,10.67,538386,934438,573781,570420,89538,1182669,,32034,248231,0
317294,,2063,世鎧精密,,-144665,,4,上櫃,114,-60,0,,919541,,919541,,2000,,19.12,756767,1060091,481015,1046644,265957,1966185,,289877,906094,0
153720,,2064,晉椿,,-13341,,4,上櫃,114,0,0,,936010,,935245,,0,,13.49,1425020,1083088,693300,1522642,101566,2458652,765,97622,1375564,0
493459,,2065,世豐,,-172363,,4,上櫃,114,0,,,1779269,,1779269,,0,,28.01,885788,1290116,635167,1611969,823006,3391238,,726181,2101122,0
1198616,,2066,世德,,-26039,,4,上櫃,114,-16753,0,,2116212,,2116212,,260000,,47.89,1317351,2591837,444495,1630377,515893,3746589,,313026,1154752,0
-341004,,2067,嘉鋼,,151124,,4,上櫃,114,,,,304571,,261502,,0,,5.79,1318795,625108,451382,1638531,0,1943102,43069,319736,1317994,0
638612,,2070,精湛,,-45474,,4,上櫃,114,,0,,955486,,955486,,0,,26.70,349070,761796,357828,454104,4520,1409590,,105034,647794,0
76921,,2073,雄順,,-2149,,4,上櫃,114,,,,412975,,,,0,,15.02,147492,157663,275000,251043,63203,664018,,103551,506355,0
586409,,2221,大甲,0,-2039,,4,上櫃,114,0,0,0,1161649,,1067254,,0,,25.22,386680,1240198,423250,567218,59634,1728867,94395,180538,488669,0
250329,,2230,泰茂,,-6841,,4,上櫃,114,,,,1208301,,1189497,,0,,17.48,669161,1485972,680296,865378,265713,2073679,18804,196217,587707,0
376628,,2235,謚源,,,,4,上櫃,114,,,,1233210,,,,0,,34.37,132140,464047,358780,179004,497802,1412214,,46864,948167,0
916547,,2596,綠意,,0,,4,上櫃,114,,,,2463810,,2105755,,0,,21.06,3858380,5770120,1000000,3858380,189208,6322190,358055,,552070,0
1100984,,2640,大車隊,,-587,,4,上櫃,114,,0,,2276475,,2191481,,0,,36.98,1525079,2061216,592650,2028194,498434,4304669,84994,503115,2243453,0
2722467,,2641,正德,,236984,,4,上櫃,114,,0,,8818978,,8069918,,0,,24.43,714117,2399226,3303130,6223071,1807337,15042049,749060,5508954,12642823,0
1175472,,2643,捷迅,,48807,,4,上櫃,114,,,,1995384,,1995384,,0,,57.01,932413,2590392,350000,1056893,421105,3052277,,124480,461885,0
4694423,,2718,全心投控,,-11155,,4,上櫃,114,-19756,0,,6265931,,6265931,,379000,,71.86,1154057,5268823,875760,1635557,726659,7901488,,481500,2632665,0
343,,2719,燦星旅,,,,4,上櫃,114,,0,,707477,,707477,,0,,10.23,294804,664411,691825,377438,15309,1084915,,82634,420504,0
-139458,,2724,藝舍-KY,,-9472,,4,上櫃,114,,0,,455896,,447634,,0,,7.50,51962,452589,596564,65954,,521850,8262,13992,69261,0
-5417,,2726,雅茗-KY,,-51989,,4,上櫃,114,-15512,,,387668,,378050,,232637,,10.03,119701,229052,379225,269437,71743,657105,9618,149736,428053,0
748075,,2729,瓦城,,-19558,,4,上櫃,114,-83575,0,,2466928,,2443625,,407000,,57.32,2575421,1353850,430408,3869789,1368275,6336717,23303,1294368,4982867,0
330024,,2732,六角,,-26416,,4,上櫃,114,-177744,,,2203772,,1770686,,1823000,,39.62,2369984,2623793,465186,3919759,1179636,6123531,433086,1549775,3499738,0
-197136,,2734,易飛網,,-4675,,4,上櫃,114,,,,655161,,653010,,0,,11.40,319585,627688,572598,378979,282223,1034140,2151,59394,406452,0
10190,,2736,富野,,-58727,,4,上櫃,114,,0,,1463641,,1414243,,0,,17.68,326371,403927,799721,959852,663059,2423493,49398,633481,2019566,0
-340224,,2740,華軒,,-13,,4,上櫃,114,,0,,80173,,80173,,0,,5.61,24857,78815,143020,37557,277390,117730,,12700,38915,0
494469,,2743,山富,,,,4,上櫃,114,,,,1176229,,1176229,,0,,25.12,1508833,2221333,468152,1817997,213608,2994226,,309164,772893,0
536438,,2745,五福,,,,4,上櫃,114,,,,970466,,970466,,0,,28.70,1643172,2448049,338085,1712789,95943,2683255,,69617,235206,0
72777,,2751,王座,,-104,,4,上櫃,114,,,,497904,,434163,,0,,21.97,405931,453203,197600,753009,163890,1250913,63741,347078,797710,0
639981,,2752,豆府,,-5103,,4,上櫃,114,,,,1405506,,1385803,,0,,51.91,632919,1317890,266939,1058685,483986,2464191,19703,425766,1146301,0
697982,,2754,亞洲藏壽司,,1305,,4,上櫃,114,,,,1751042,,1751042,,0,,37.36,1066833,791865,468670,3287331,583085,5038373,,2220498,4246508,0
447428,,2755,揚秦,,1760,,4,上櫃,114,,,,1055199,,1055199,,0,,28.51,628286,974079,370063,1172108,235948,2227307,,543822,1253228,177614
147106,,2756,聯發國際,,8620,,4,上櫃,114,-1315,,,585326,,585326,,16000,,23.81,574185,744480,245976,811016,184939,1396342,,236831,651862,0
530358,,2916,滿心,,-8005,,4,上櫃,114,,0,,1632288,,,,0,,25.26,432686,1438296,646269,500894,463666,2133182,,68208,694886,0
-252185,,2924,宏太-KY,,-885,,4,上櫃,114,,,,474683,,474683,,0,,9.12,483972,918502,520359,485004,207394,959687,,1032,41185,0
25790,,2926,誠品生活,,34111,,4,上櫃,114,,0,,619427,,612919,,0,,12.93,5392379,4656636,473897,15354141,79121,15973568,6508,9961762,11316932,0
552990,,2937,集雅社,,,,4,上櫃,114,,,,1124548,,1124548,,0,,25.83,2491304,2792673,435420,2525231,136138,3649779,,33927,857106,0
55300,,2941,米斯特,,-524,,4,上櫃,114,,0,,360048,,,,0,,23.39,219847,443849,153900,289169,151372,649217,,69322,205368,0
265722,,2947,振宇五金,,-19763,,4,上櫃,114,,,,795887,,795887,,0,,37.03,757421,876135,214931,2209315,334997,3005202,,1451894,2129067,0
296608,,2948,寶陞,,30149,,4,上櫃,114,,,,1037354,,1037354,,0,,33.46,956155,1872156,310000,1346152,400597,2383506,,389997,511350,0
379260,,2949,欣新網,,-1746,,4,上櫃,114,-46618,,,1220965,,1089924,,500000,,36.16,1251950,2399891,306411,1472109,452617,2693074,131041,220159,293183,0
-77493,,3064,泰偉,,6896,,4,上櫃,114,0,0,,64480,,60292,,0,,4.63,76554,60203,130115,243794,774,308274,4188,167240,248071,0
-130023,,3066,李洲,,350027,,4,上櫃,114,,,,1148506,,1083846,,0,,13.05,494273,669594,830706,590163,33136,1738669,64660,95890,1069075,0
27348,,3067,全域,,0,,4,上櫃,114,,,,245558,,245558,,0,,12.28,17514,81588,200000,69135,18210,314693,,51621,233105,0
398052,,3071,協禧,,-64907,,4,上櫃,114,,0,,1924418,,1497517,,0,,13.61,1678479,2697741,1100000,1983652,64372,3908070,426901,305173,1210329,0
16599,,3073,天方能源,,-26395,,4,上櫃,114,,,,687444,,686506,,0,,17.38,524547,395933,395111,1554469,301191,2241913,938,1029922,1845980,0
4900509,,3078,僑威,,-40068,,4,上櫃,114,,,,7348906,,7348906,,0,,32.32,2307276,8065129,2273911,2903533,214554,10252439,,596257,2187310,0
1488411,,3081,聯亞,,-22871,,4,上櫃,114,,,,4190739,,,,0,,45.29,531794,2911349,925214,817431,1799985,5008170,,285637,2096821,0
32091,,3083,網龍,,11165,,4,上櫃,114,,,,1299451,,1267193,,0,,14.65,98953,748508,864869,115890,359068,1415341,32258,16937,666833,0
-285799,,3085,新零售,,11076,,4,上櫃,114,,,,415470,,415470,,0,,6.02,83334,350414,690193,94049,0,509519,0,10715,159105,0
16334,,3086,華義*,,-67,,4,上櫃,114,,,,325172,,318176,,0,,11.67,34185,251582,272710,36104,29199,361276,6996,1919,109694,0
2868906,,3088,艾訊,,61795,,4,上櫃,114,,,,5223255,,5171009,,0,,47.80,1741973,4657090,1084972,2207118,1155336,7430373,52246,465145,2773283,90000
717795,,3093,港建*,,-25866,,4,上櫃,114,,,,1099487,,1099487,,0,,7.57,566019,1269038,362888,571184,44670,1670671,0,5165,401633,0
-84355,,3095,及成,,14953,,4,上櫃,114,,0,,155241,,155241,,0,,10.58,219110,381308,146800,808863,77843,964104,,589753,582796,0
19269149,,3105,穩懋,,8060197,,4,上櫃,114,,,,41990812,,41545262,,0,,98.00,5865116,14556870,4239404,18737863,9976512,60728675,445550,12872747,46171805,0
739882,,3114,好德,,152907,,4,上櫃,114,-17161,,,1578988,,1578988,,700000,,24.51,1011542,2198397,651298,1038839,52062,2617827,,27297,419430,0
-178931,,3115,富榮綱,,185,,4,上櫃,114,,,,543230,,543230,,0,,7.52,28846,569252,721976,28893,,572123,,47,2871,0
199599,,3118,進階,0,0,0,4,上櫃,114,,0,0,580176,,,,0,,17.88,274684,499945,324529,286628,56048,866804,,11944,366859,0
-71101,,3122,笙泉,,-464,,4,上櫃,114,,,,362582,,362582,,0,,8.89,250484,414187,407648,252311,26499,614893,,1827,200706,0
162661,,3128,昇銳,,,,4,上櫃,114,0,,,805975,,785909,,0,,16.61,568726,605784,473175,986850,150073,1792825,20066,418124,1187041,0
3150669,,3131,弘塑,,131991,,4,上櫃,114,-757077,0,,4769755,,4737853,,500000,,164.99,5279021,9773987,292160,8172312,1920110,12942067,31902,2893291,3168080,0
1329101,,3141,晶宏,,46387,,4,上櫃,114,-62495,,,2581570,,2496250,,1074000,,33.56,1141486,1876478,754607,1283881,428650,3865451,85320,142395,1988973,0
1056484,,3147,大綜,,-5813,,4,上櫃,114,,0,,1724689,,1724689,,0,,39.48,1739455,2834697,436868,1760690,237150,3485379,,21235,650682,0
2767830,,3152,璟德,,0,,4,上櫃,114,,,,4031524,,,,0,,58.41,421702,2595896,690162,437443,573532,4468967,,15741,1873071,0
398738,,3158,嘉實,,-6608,,4,上櫃,114,,0,,1036030,,1036016,,0,,34.04,317069,895064,304354,372877,339532,1408907,14,55808,513843,0
305664,,3162,精確,,100707,,4,上櫃,114,-4427,0,,3157156,,3123028,,95000,,23.42,6838288,5332566,1334411,7202053,1386673,10359209,34128,363765,5026643,0
1716533,,3163,波若威,,-50153,,4,上櫃,114,,0,,3073169,,3073169,,0,,38.16,734964,3331269,805407,887784,601382,3960953,,152820,629684,0
732595,,3169,亞信,,-13953,,4,上櫃,114,,,,1826230,,1826230,,0,,28.94,171512,1860095,631070,181453,476518,2007683,,9941,147588,0
271793,,3171,炎洲流通,,3518,,4,上櫃,114,0,,,874764,,770679,,0,,23.27,624750,1116877,331181,668543,164187,1543307,104085,43793,426430,0
-461462,,3176,基亞,,-50655,,4,上櫃,114,,,,4716374,,1549496,,0,,11.12,744650,3486910,1393068,1464551,668545,6180925,3166878,719901,2694015,0
567844,,3178,公準,,-240,,4,上櫃,114,,0,,1195555,,1189187,,0,,26.40,617510,929785,450500,1515023,171083,2710578,6368,897513,1780793,0
1187070,,3188,鑫龍騰,,,,4,上櫃,114,,,,3304103,,3304103,,0,,17.54,6663646,11120859,1883322,7835662,233711,11139765,,1172016,18906,2022292
-184061,,3191,雲嘉南,,-1639,,4,上櫃,114,,,,253659,,253659,,0,,5.82,35671,220345,435974,106570,3385,360229,,70899,139884,0
-49564,,3205,佰研,,45990,,4,上櫃,114,,,,1044800,,1042294,,0,,15.43,25987,827451,675456,26907,370412,1071707,2506,920,244256,0
756954,,3206,志豐,,9296,,4,上櫃,114,0,0,,1713647,,1553667,,0,,26.37,1147358,2501640,589167,1278838,198250,2992485,159980,131480,490845,0
-33836,,3207,耀勝,,202823,,4,上櫃,114,-1280,,,3705512,,1742977,,20000,,26.25,1818563,2642564,664222,2075017,911048,5780529,1962535,256454,3137965,0
6390630,,3211,順達,,-405086,,4,上櫃,114,,0,,9972439,,9972439,,0,,64.62,4913074,9967308,1543228,5616116,2443667,15588555,0,703042,5621247,0
2816141,,3213,茂訊,,295321,,4,上櫃,114,,0,,3796652,,3772698,,0,,64.29,913908,3970274,586855,1080414,74381,4877066,23954,166506,906792,0
2258056,,3217,優群,,666977,,4,上櫃,114,0,0,,4677776,,4677776,,0,,51.92,1389536,4080806,901042,1470783,851701,6148559,,81247,2067753,0
2795035,,3218,大學光,,-1185,,4,上櫃,114,,,,4159205,,4023023,,0,,47.48,1028992,3001314,847249,1933871,381924,6093076,136182,904879,3091762,0
462856,,3219,倚強科,,20366,,4,上櫃,114,,,,1716948,,1396000,,0,,19.58,830961,1912985,712839,1047379,199939,2764327,320948,216418,851342,0
596864,,3221,台嘉碩,,-305179,,4,上櫃,114,,0,,2101874,,2037892,,0,,19.62,720452,1822970,1038621,934097,707586,3035971,63982,213645,1213001,0
-337381,,3224,三顧,,4854,,4,上櫃,114,-1864,0,,2345642,,1027374,,40000,,15.08,606974,1777003,681726,921275,680039,3266917,1318268,314301,1489914,0
1225207,,3226,龍鋒,,-3888,,4,上櫃,114,,,,1880519,,,,0,,29.19,562869,1153683,644306,598327,14894,2478846,,35458,1325163,0
6476058,,3227,原相,,992500,,4,上櫃,114,,,,12483636,,12437634,,0,,82.96,2607996,9532790,1499278,3036333,3469798,15519969,46002,428337,5987179,0
-256518,,3228,金麗科,,-23275,,4,上櫃,114,,0,,673200,,,,0,,9.41,88474,311773,715115,92909,237878,766109,,4435,454336,0
-125361,,3230,錦明,0,-72512,,4,上櫃,114,-50503,0,0,962764,,962764,,895000,,11.31,208988,724972,860109,303279,351031,1266043,0,94291,541071,0
41530,,3232,昱捷,,9134,,4,上櫃,114,,0,,690198,,690198,,0,,14.82,278808,799397,465679,401896,173855,1092094,,123088,292697,0
-664120,,3234,光環,,-11640,,4,上櫃,114,,0,,762235,,745299,,0,,6.69,153694,500858,1114747,288039,306312,1050274,16936,134345,549416,0
398731,,3236,千如,,-40521,,4,上櫃,114,,,,1589279,,1589279,,0,,15.14,838358,1426102,1050006,1538292,181063,3127571,,699934,1701469,0
1151396,,3252,海灣,,28500,,4,上櫃,114,,,,2005999,,1964064,,0,,39.13,314465,522203,501958,1902300,282210,3908299,41935,1587835,3386096,0
-305789,,3259,鑫創,,0,,4,上櫃,114,,,,423870,,,,0,,5.81,132743,504899,729659,193482,0,617352,,60739,112453,0
12651512,,3260,威剛,,-979552,,4,上櫃,114,-737990,41600,,25652525,,23142794,,8510000,,72.95,24534051,41362388,3257440,43242081,8951384,68894606,2509731,18708030,27532218,0
13263394,,3264,欣銓,,255625,,4,上櫃,114,-126772,0,,19247376,,19247376,,16250750,,40.61,7050392,9037772,4901701,15577038,953428,34824414,,8526646,25786642,0
4518012,,3265,台星科,,115107,,4,上櫃,114,,0,,6361979,,6361979,,0,,46.69,1147321,3936244,1362617,2828143,366243,9190122,,1680822,5253878,0
38472,,3268,海德威,,-5270,,4,上櫃,114,,,,465283,,465283,,0,,13.40,369559,552132,347208,476439,84873,941722,,106880,389590,0
-282078,,3272,東碩,,-116028,,4,上櫃,114,-33580,0,,966191,,966191,,1275000,,16.13,1568439,2372025,611768,3673728,786109,4639919,,2105289,2267894,0
116140,,3276,宇環,,-8205,,4,上櫃,114,,0,,902137,,833849,,0,,11.96,444079,356064,697127,557381,28787,1459518,68288,113302,1103454,0
311397,,3284,太普高,,-12371,,4,上櫃,114,,,,1735835,,1537701,,0,,14.17,491169,1839837,1084825,1397885,153850,3133720,198134,906716,1293883,0
166346,,3285,微端,,-16603,,4,上櫃,114,,,,620243,,603567,,0,,14.12,234547,718617,427353,269083,26471,889326,16676,34536,170709,0
161865,,3287,廣寰科,,754,,4,上櫃,114,,,,671234,,618583,,0,,14.07,371957,898442,439705,373308,16259,1044542,52651,1351,146100,0
-75034,,3288,點晶,,12909,,4,上櫃,114,,,,103147,,104526,,0,,6.53,73795,164796,160000,97011,6651,200158,-1379,23216,35362,0
656873,,3289,宜特,,-99199,,4,上櫃,114,0,,,4687829,,4668145,,0,,53.98,2583668,3100922,865793,4300205,3244678,8988034,19684,1716537,5887112,27500
927578,,3290,東浦,,-136624,,4,上櫃,114,,,,2209262,,2209262,,0,,24.49,1382867,2643703,902150,2556914,516158,4766176,,1174047,2122473,0
15561820,,3293,鈊象,,359076,,4,上櫃,114,,,,19059830,,19056195,,0,,67.62,6327017,19726177,2818016,6408146,317283,25467976,3635,81129,5741799,0
-31450,,3294,英濟,,112797,,4,上櫃,114,0,0,,2304435,,2258516,,0,,17.11,1552362,3332271,1320159,2568648,857010,4873083,45919,1016286,1540812,0
107564,,3297,杭特,,,,4,上櫃,114,0,0,,580670,,580670,,0,,16.11,107906,221525,360494,110640,112612,691310,0,2734,469785,0
1091061,,3303,岱稜,,5975,,4,上櫃,114,-27093,,,2443437,,2423995,,554000,,25.91,887629,2444320,940906,1584130,413146,4027567,19442,696501,1583247,0
317412,,3306,鼎天,,2010367,,4,上櫃,114,,,,3315286,,3315286,,0,,65.51,330260,959890,506077,332902,481430,3648188,,2642,2688298,0
918467,,3310,佳穎,,96411,,4,上櫃,114,,0,,1941671,,1936086,,0,,25.83,4021969,5148166,749485,4246932,171723,6188603,5585,224963,1040437,0
-687081,,3313,斐成,,-1392,,4,上櫃,114,,0,,2194654,,2194635,,0,,9.92,1046606,3229707,2211338,1426559,671770,3621213,19,379953,391506,0
1624948,,3317,尼克森,,-2095,,4,上櫃,114,,0,,3281158,,3198901,,0,,35.54,555027,3302005,900000,638211,676048,3919369,82257,83184,617364,0
11430,,3322,建舜電,,93360,,4,上櫃,114,,0,,1559172,,1559172,,0,,12.82,1522793,1698344,1215822,2029376,238560,3588548,0,506583,1890204,0
380624,,3323,加百裕,,36410,,4,上櫃,114,,,,2575737,,2483380,,0,,25.18,2103643,4155420,986271,2216746,1080075,4792483,92357,113103,637063,0
7523696,,3324,雙鴻,,257810,,4,上櫃,114,-160915,0,,11494464,,11084543,,750000,,120.06,12522996,18587376,930748,14630145,2533204,26124609,409921,2107149,7537233,311859
-291991,,3325,旭品,,33542,,4,上櫃,114,,,,900795,,829545,,0,,9.20,917962,1219199,901686,1016023,186308,1916818,71250,98061,697619,0
1174051,,3332,幸康,,2278,,4,上櫃,114,,0,,1838071,,1838071,,0,,38.21,464251,1650911,481042,500686,180700,2338757,,36435,687846,0
-85689,,3339,泰谷,0,,,4,上櫃,114,-102878,,,703624,,699484,,3258000,,11.05,469751,723563,665683,545622,222368,1249246,4140,75871,525683,0
-203243,,3349,寶德,,425,,4,上櫃,114,,0,,345565,,345565,,0,,7.50,117810,352799,460716,172740,87667,518305,,54930,165506,0
82240,,3354,律勝,,-25464,,4,上櫃,114,,0,,792362,,792362,,0,,11.30,25161,347061,701124,85995,34462,878357,,60834,531296,0
4657760,,3357,臺慶科,,612777,,4,上櫃,114,,0,,9369794,,9109809,,0,,82.37,3432253,6136845,1105926,4779080,2733346,14148874,259985,1346827,8012029,0
-34877,,3360,尚立,,2087,,4,上櫃,114,,,,823814,,824485,,0,,10.79,2513854,3083683,764021,2747709,93254,3571523,-671,233855,487840,0
743067,,3362,先進光,,5593,,4,上櫃,114,,0,,3685891,,3685584,,0,,25.87,4097593,3983952,1424455,6779018,1512469,10464909,307,2681425,6480957,0
273488,,3363,上詮,,-224754,,4,上櫃,114,,0,,2549092,,2549092,,0,,24.60,521974,2207389,1036406,607987,1463952,3157079,,86013,949690,0
-384093,,3372,典範,,0,,4,上櫃,114,,0,,1502131,,,,0,,8.57,273197,782657,1753240,343221,132984,1845352,,70024,1062695,0
305207,,3373,熱映,,-76367,,4,上櫃,114,,,,793805,,793805,,0,,16.67,67090,649935,476188,67503,88777,861308,,413,211373,0
6647545,,3374,精材,,,,4,上櫃,114,,,,9757612,,,,0,,35.96,2553241,6391546,2713643,5452105,396424,15209717,,2898864,8818171,0
114822,,3379,彬台,,114537,,4,上櫃,114,,0,,679791,,679791,,0,,17.87,636438,787865,380417,645098,70015,1324889,,8660,537024,0
2184431,,3388,崇越電,,163933,,4,上櫃,114,,,,4766375,,4610067,,0,,62.25,1177320,5799191,740624,1923045,1521079,6689420,156308,745725,890229,0
49204,,3390,旭軟,,72524,,4,上櫃,114,0,,,1399280,,1399280,,0,,17.72,203521,1080485,789583,397312,487969,1796592,0,193791,716107,0
1469723,,3402,漢科,,6885,,4,上櫃,114,,,,2261897,,2261897,,0,,30.96,3871729,4983666,730476,4058773,54813,6320670,,187044,1337004,0
641602,,3430,奇鈦科,,299,,4,上櫃,114,,,,1140834,,1140834,,0,,33.84,377264,1120037,337161,504684,161772,1645518,,127420,525481,0
43268,,3434,哲固,,-4099,,4,上櫃,114,,0,,502617,,502617,,0,,14.06,121884,444860,357547,199052,105901,701669,,77168,256809,0
459716,,3438,類比科,,627214,,4,上櫃,114,,0,,2140807,,,,0,,45.39,165625,1062132,471658,328641,582219,2469448,,163016,1407316,0
333047,,3441,聯一光電,,9800,,4,上櫃,114,,,,813992,,800887,,0,,20.00,190195,939506,400399,253086,57641,1067078,13105,62891,127572,0
406521,,3444,利機,,-38510,,4,上櫃,114,,,,1079086,,1079086,,0,,23.98,410635,1046588,449969,419547,261106,1498633,,8912,452045,0
1744417,,3455,由田,,-32564,,4,上櫃,114,,,,2566327,,2566327,,0,,42.88,932699,2236436,598507,1413583,255967,3979910,,480884,1743474,0
144093,,3465,進泰電子,,12311,,4,上櫃,114,,0,,845391,,793006,,0,,22.45,629398,951691,353298,1067183,283304,1912574,52385,437785,960883,0
-422257,,3466,德晉,,-90434,,4,上櫃,114,,0,,1452709,,1452709,,0,,18.65,228995,1256709,778921,328063,1186479,1780772,,99068,524063,0
102959,,3467,台灣精材,,,,4,上櫃,114,,,,594544,,,,0,,19.11,167168,470088,311066,242162,180519,836706,,74994,366618,0
1526840,,3479,安勤,0,-32147,,4,上櫃,114,-1535,,0,3984821,,3379650,,76201,,46.58,2271422,5107035,726302,3876170,1160190,7860991,605171,1604748,2753956,0
1695822,,3483,力致,,-18124,,4,上櫃,114,-76521,,,4952539,,4952539,,828000,,50.42,3664329,6631117,990493,4377912,2360869,9330451,,713583,2699334,0
1562872,,3484,崧騰,,52256,,4,上櫃,114,,,,3300553,,3264739,,0,,41.42,1537881,3783597,788282,1829467,861329,5130020,35814,291586,1346423,0
973392,,3485,敘豐,,-15557,,4,上櫃,114,,,,1321415,,1321415,,0,,38.65,181216,1188377,341919,186214,21661,1507629,,4998,319252,0
14539,,3489,森寶,,,,4,上櫃,114,,0,,1205154,,1205154,,0,,13.32,2709039,3724968,904522,2712258,286093,3917412,,3219,192444,0
379489,,3490,單井,,-15191,,4,上櫃,114,0,,,1259317,,1259317,,0,,22.89,393058,659838,550065,749300,344954,2008617,,356242,1348779,0
815223,,3491,昇達科,,82506,,4,上櫃,114,,,,3617541,,3617503,,0,,52.58,1368144,2518066,688051,1577751,2031723,5195292,38,209607,2677226,0
291292,,3492,長盛,,-14021,,4,上櫃,114,0,0,,652374,,652374,,0,,18.36,299828,723837,355316,351888,19787,1004262,,52060,280425,0
412426,,3498,陽程,,-109540,,4,上櫃,114,-28951,,,2241991,,2240918,,862000,,37.09,1615535,3164082,612730,1800371,1354253,4042362,1073,184836,878280,0
-95355,,3499,環天科,,-15617,,4,上櫃,114,0,0,,467174,,467174,,0,,8.50,189078,372355,549706,206815,28440,673989,0,17737,301634,0
-2573802,,3508,位速,,-24494,,4,上櫃,114,-56294,0,,421658,,501703,,1076366,,4.86,1610115,777412,1043117,2212354,2113176,2634012,-80045,602239,1856600,0
-55380,,3511,矽瑪,,3659,,4,上櫃,114,,,,1811083,,1299726,,0,,16.25,703590,1194494,799729,719246,551718,2530329,511357,15656,1335835,0
531374,,3512,皇龍,,0,,4,上櫃,114,,,,2654546,,2654546,,0,,23.48,2269196,5464517,1130724,2876545,992448,5531091,,607349,66574,0
103217,,3516,亞帝歐,,-70937,,4,上櫃,114,,,,1641110,,1514171,,0,,25.42,415126,879318,595609,1225130,886282,2866240,126939,810004,1986922,0
59500,,3520,華盈,,-10171,,4,上櫃,114,,0,,799336,,799336,,0,,11.61,459910,951413,688468,753616,61539,1552952,0,293706,601539,0
-449229,,3521,台鋼建設,,33552,,4,上櫃,114,,,,1471944,,1471944,,0,,10.10,313947,1276583,1457656,328641,429965,1800585,0,14694,524002,0
-417584,,3522,御嵿,,-15005,,4,上櫃,114,,0,,454945,,449527,,0,,5.35,1060577,505694,840962,1805386,41154,2260331,5418,744809,1754637,0
-734065,,3523,迎輝,,501494,,4,上櫃,114,,,,429616,,425784,,0,,6.63,449998,113021,642579,1375157,15776,1804773,3832,925159,1691752,0
2218890,,3526,凡甲,0,-41965,,4,上櫃,114,0,,,4210616,,4210616,,0,,64.17,1519000,6298442,656215,3674590,1377476,7885206,0,2155590,1586764,317600
533752,,3527,聚積,,-21097,,4,上櫃,114,,,,2256059,,2256059,,0,,50.76,291328,2182364,444451,300308,1298953,2556367,,8980,374003,0
2972361,,3529,力旺,,-9640,,4,上櫃,114,,,,3871374,,3841865,,0,,51.44,879922,3801219,746865,889196,132279,4760570,29509,9274,959351,0
699293,,3531,先益,,-123406,,4,上櫃,114,,0,,1879354,,1857427,,0,,30.36,413335,2038595,611750,454606,669790,2333960,21927,41271,295365,0
622532,,3537,堡達,0,-16217,,4,上櫃,114,0,0,0,1274211,,1274211,,0,,22.66,689480,1752249,562430,726945,105466,2001156,0,37465,248907,0
530564,,3540,曜越,,27703,,4,上櫃,114,0,0,,1743454,,1795135,,0,,24.77,3069532,4857291,724585,3983077,512283,5726531,-51681,913545,869240,0
-43607,,3541,西柏,0,-25851,,4,上櫃,114,-41290,0,,719425,,719425,,618000,,12.91,1059587,1630875,563491,1551283,266682,2270708,,491696,639833,0
586496,,3546,宇峻,,49752,,4,上櫃,114,,,,1518907,,1518907,,0,,26.00,555261,1602434,584275,909330,298384,2428237,,354069,825803,0
3276365,,3548,兆利,,85578,,4,上櫃,114,,,,6193749,,6193749,,0,,91.43,3013609,7903034,677442,5500673,2154364,11694422,0,2487064,3791388,0
3429806,,3551,世禾,,-42806,,4,上櫃,114,-31330,0,,4892619,,4892619,,538000,,79.25,686088,2927524,622749,1175561,914200,6068180,,489473,3140656,0
2846954,,3552,同致,,-322082,,4,上櫃,114,,0,,4442330,,4442330,,0,,45.37,4835773,8240851,979183,6260003,938275,10702333,,1424230,2461482,0
-61561,,3555,博士旺,,-664,,4,上櫃,114,,0,,560316,,552922,,0,,13.82,79606,523196,399988,87064,215159,647380,7394,7458,124184,0
522332,,3556,禾瑞亞,,70,,4,上櫃,114,,0,,1223623,,1179273,,0,,18.51,204999,1342584,637029,247894,19842,1471517,44350,42895,128933,0
3706979,,3558,神準,,-80349,,4,上櫃,114,,0,,6462956,,6103518,,0,,103.34,5548908,8429284,590609,6917117,1886279,13380073,359438,1368209,4950789,0
237105,,3564,其陽,,11894,,4,上櫃,114,,0,,1389128,,1389128,,0,,23.50,788143,1748908,591231,1293257,548898,2682385,,505114,933477,0
190466,,3567,逸昌,,-5312,,4,上櫃,114,,,,575981,,,,0,,16.96,33854,237214,339540,42152,51287,618133,,8298,380919,0
855581,,3570,大塚,,-5570,,4,上櫃,114,,,,1089794,,1089794,,0,,63.74,411275,1384438,170970,443722,68813,1533516,,32447,149078,0
677894,,3577,泓格,,-655,,4,上櫃,114,,0,,1385526,,1385526,,0,,21.66,241490,828992,639657,261839,68630,1647365,,20349,818373,0
437187,,3580,友威科,,12204,,4,上櫃,114,-1598,,,1028718,,1028718,,26000,,26.08,210198,868418,394707,755775,186218,1784493,,545577,916075,0
269173,,3581,博磊,,24119,,4,上櫃,114,,0,,1056409,,884645,,0,,17.34,934665,1721491,510060,970568,81293,2026977,171764,35903,305486,0
2070122,,3587,閎康,,27989,,4,上櫃,114,0,0,,4872274,,4872274,,0,,72.68,2633153,4370545,670382,3941796,2103781,8814070,0,1308643,4443525,0
500914,,3594,磐儀,,-29546,,4,上櫃,114,-14134,,,2613253,,2244590,,568000,,23.53,1965431,3715517,959484,2369388,827872,4982641,368663,403957,1267124,0
140206,,3597,映興,,-26802,,4,上櫃,114,-5650,0,,586201,,586201,,238000,,15.03,297528,676686,392364,1013663,86083,1599864,,716135,923178,0
-185630,,3609,三一東林,,-31682,,4,上櫃,114,-4567,0,,522178,,522178,,95000,,13.63,408738,723628,384194,510477,359863,1032655,,101739,309027,0
4036199,,3611,鼎翰,,122039,,4,上櫃,114,,,,5394747,,5388925,,0,,113.32,3404381,5900035,475546,7255124,755141,12649871,5822,3850743,6749836,0
152655,,3615,安可,,-22590,,4,上櫃,114,,0,,2461139,,2246475,,0,,32.81,199179,1088833,684670,519205,1431740,2980344,214664,320026,1891511,0
-2586,,3623,富晶通,,3980,,4,上櫃,114,,0,,355466,,,,0,,12.18,87954,319043,291859,105362,62213,460828,,17408,141785,0
1557948,,3624,光頡,,4700,,4,上櫃,114,,0,,3489435,,3466177,,0,,29.54,567608,2787698,1173408,606736,730121,4096171,23258,39128,1308473,0
-535664,,3625,西勝,,-46509,,4,上櫃,114,-39873,,,551728,,551728,,4615000,,5.03,736155,494876,1142468,1192593,31306,1744321,,456438,1249445,
551704,,3628,盈正,,-28040,,4,上櫃,114,,0,,1689480,,1687012,,0,,37.49,1689087,2551990,450000,1812567,713348,3502047,2468,123480,950057,0
-264664,,3629,地心引力,,-14236,,4,上櫃,114,,,,50648,,50648,,0,,1.54,12945,58517,329548,15869,0,66517,,2924,8000,0
-1535467,,3630,新鉅科,,-91654,,4,上櫃,114,,0,,3057026,,3057026,,0,,14.97,1035816,2393226,2041919,1143150,2642228,4200176,,107334,1806950,0
-57428,,3631,晟楠,,-6177,,4,上櫃,114,0,,,1473282,,1202445,,0,,14.70,315480,773158,818209,1042424,447841,2515706,270837,726944,1742548,0
-260271,,3632,研勤,,-30490,,4,上櫃,114,,,,134341,,119944,,0,,2.93,93360,96020,408897,190400,1808,324741,14397,97040,228721,0
99204,,3646,艾恩特,,5930,,4,上櫃,114,,,,513274,,513274,,0,,13.06,386616,705345,392974,444698,15166,957972,,58082,252627,0
108890,,3663,鑫科,0,-62517,,4,上櫃,114,,,,2384353,,1883527,,0,,17.36,1383157,3454792,1084940,2011499,752214,4395852,500826,628342,941060,0
-880306,,3664,安瑞-KY,,-103793,,4,上櫃,114,0,,,91402,,91402,,0,,1.40,505838,565212,652754,633064,422747,724466,0,127226,159254,0
-249831,,3666,光耀,,-87225,,4,上櫃,114,-126771,,,1750818,,1750818,,4177000,,12.99,242557,1622348,1389499,244790,825146,1995608,,2233,373260,0
-127753,,3672,康聯訊,,-12872,,4,上櫃,114,0,,,327799,,327719,,0,,8.03,192857,330730,407903,245015,60441,572814,80,52158,242084,0
472789,,3675,德微,0,-453,,4,上櫃,114,0,0,,2546614,,2476526,,0,,46.68,1248296,1880514,530579,2148819,1473611,4695433,70088,900523,2814919,0
1736158,,3680,家登,,132768,,4,上櫃,114,,,,11409520,,9743333,,0,,101.45,3861736,10379767,960415,12357011,6913992,23766531,1666187,8495275,13386764,0
317830,,3684,榮昌,,-3557,,4,上櫃,114,,0,,719900,,719900,,0,,24.00,318055,862321,300016,624599,105611,1344499,,306544,482178,0
-95796,,3685,元創精密,,-39513,,4,上櫃,114,,,,1175192,,705318,,0,,8.86,779033,1213972,795740,953139,44887,2128331,469874,174106,914359,0
245322,,3687,歐買尬,,-21799,,4,上櫃,114,,,,4294749,,1606149,,0,,53.43,4589177,7370399,300596,5228514,1082030,9523263,2688600,639337,2152864,0
2537060,,3689,湧德,,-125130,,4,上櫃,114,,,,4940551,,4806116,,0,,53.91,2555482,4782636,891427,2732115,1502759,7672666,134435,176633,2890030,1731104
-543649,,3691,碩禾,,-248188,,4,上櫃,114,,,,6836921,,5781996,,0,,62.93,1923805,5479419,918834,5460249,5654999,12297170,1054925,3536444,6817751,0
2817851,,3693,營邦,0,18076,,4,上櫃,114,,0,,5275020,,5210869,,0,,121.21,1947333,5077239,429907,2465561,1945035,7740581,64151,518228,2663342,0
-502824,,3707,漢磊,,-112242,,4,上櫃,114,,0,,9165657,,7104440,,0,,18.21,1928246,6345726,3901453,3714057,3818053,12879714,2061217,1785811,6533988,0
1521536,,3709,鑫聯大投控,,40831,,4,上櫃,114,,0,,3629062,,3659598,,0,,29.14,27554489,31023546,1255695,27877697,841536,31506759,-30536,323208,483213,0
-1159646,,3710,連展投控,,-490435,,4,上櫃,114,,,,1727347,,1312658,,0,,4.57,4693079,4433627,2872507,6185730,90232,7913077,414689,1492651,3479450,0
-402302,,3713,新晶投控,,-1183,,4,上櫃,114,,0,,715481,,707219,,0,,8.03,775166,463497,880900,2079888,229804,2795369,8262,1304722,2331872,0
84249,,4102,永日,,50356,,4,上櫃,114,,0,,667298,,588259,,0,,13.88,189550,363589,423735,256809,29919,924107,79039,67259,560518,0
4427169,,4105,東洋,,7182,,4,上櫃,114,,0,,8051342,,7238410,,0,,29.11,2639833,6008814,2486500,3296727,317559,11348069,812932,656894,5339255,0
2577818,,4107,邦特,,19254,,4,上櫃,114,,,,3607172,,3607172,,0,,52.05,546665,2332700,692983,1052827,317117,4659999,,506162,2327299,0
340724,,4109,加捷生醫,,-95862,,4,上櫃,114,,0,,1714002,,1683808,,0,,14.18,170835,574476,1187367,174886,251579,1888888,30194,4051,1314412,0
736400,,4111,濟生,,-2835,,4,上櫃,114,,,,1380734,,,,0,,23.08,461001,925116,598321,557043,48848,1937777,,96042,1012661,0
664975,,4113,聯上,,0,,4,上櫃,114,,,,4266893,,,,0,,18.46,10959640,14401796,2311382,11575022,1290536,15841915,,615382,1440119,0
1278516,,4114,健喬,,-89100,,4,上櫃,114,-154035,,,10099318,,8763824,,7403799,,17.43,2262303,6668606,5101756,3885988,2626687,13985306,1335494,1623685,7316700,0
386453,,4116,明基醫,,-3545,,4,上櫃,114,,,,2330753,,1126675,,0,,25.28,2277276,3692605,445660,3119858,298107,5450611,1204078,842582,1758006,0
3665614,,4120,友華,,1235772,,4,上櫃,114,,,,7353620,,6287321,,0,,72.48,2914540,4297988,867471,4854263,518464,12207883,1066299,1939723,7909895,0
313564,,4121,優盛,,-38491,,4,上櫃,114,0,,,1983846,,1410134,,0,,17.04,1172169,2245221,827480,2224276,307581,4208122,573712,1052107,1962901,0
14337106,,4123,晟德,,93763,,4,上櫃,114,-592731,0,,26486695,,26486689,,14692467,,35.48,3509608,1590062,7612257,8141427,5036294,34628122,6,4631819,33038060,0
1896551,,4126,太醫,,0,,4,上櫃,114,,,,2967439,,,,0,,40.87,522288,1822506,726000,951828,344888,3919267,,429540,2096761,0
23241,,4127,天良,,-6802,,4,上櫃,114,,,,474039,,474039,,0,,10.36,708885,285111,457600,709189,0,1183228,,304,898117,0
-735574,,4128,中天,,-165939,,4,上櫃,114,,,,10204487,,8913647,,0,,15.15,791987,3406169,5881706,2129315,3933454,12333802,1290840,1337328,8927633,0
904837,,4129,聯合,,-51147,,4,上櫃,114,,0,,4204267,,4099538,,0,,42.51,2499939,4289664,964376,3617794,2281472,7822061,104729,1117855,3532397,0
-97819,,4131,浩泰,,-33628,,4,上櫃,114,,,,301003,,282535,,0,,7.14,199394,275750,395700,248836,18282,549839,18468,49442,274089,70000
471166,,4138,曜亞,,170831,,4,上櫃,114,,0,,1892286,,1668654,,0,,41.79,869772,1878616,399300,1234361,627357,3126647,223632,364589,1248031,0
-83881,,4139,馬光-KY,,38779,,4,上櫃,114,,,,476170,,441897,,0,,9.82,619763,354624,450099,904745,36900,1380915,34273,284982,1026291,0
-1304163,,4147,中裕,,-38883,,4,上櫃,114,,0,,3857689,,3857689,,0,,14.12,253507,3322308,2732024,953052,2468711,4810741,,699545,1488433,0
101605,,4153,鈺緯,,-6265,,4,上櫃,114,0,,,1029163,,1029163,,0,,17.54,323446,1084365,586682,324517,347141,1353680,,1071,269315,0
-153299,,4154,樂威科-KY,,2133,,4,上櫃,114,,,,235919,,222441,,0,,6.36,46445,116977,350000,136872,23607,372791,13478,90427,255814,0
634323,,4157,太景*-KY,,-31380,,4,上櫃,114,0,,,1074877,,1074877,,0,,1.51,83105,1119941,20767,92377,451167,1167254,,9272,47313,0
69896,,4160,訊聯基因,,209464,,4,上櫃,114,,0,,602001,,601555,,0,,22.54,199331,617956,266903,204053,55292,806054,446,4722,188098,0
110660,,4161,聿新科,,-27132,,4,上櫃,114,,0,,974691,,969360,,0,,16.21,484398,935551,598081,597145,287751,1571836,5331,112747,636285,0
1986613,,4162,智擎,,0,,4,上櫃,114,-133410,0,,4925918,,,,2000000,,34.28,187146,5084842,1456776,221594,1615939,5147512,,34448,62670,0
1771041,,4163,鐿鈦,,-17085,,4,上櫃,114,,2250,,2770631,,2710247,,0,,53.82,1070743,2282505,503546,2079163,452745,4849794,60384,1008420,2567289,653000
-241009,,4166,友霖,,5081,,4,上櫃,114,,,,2563474,,2563474,,0,,10.55,187100,1259138,2430351,374879,369051,2938353,,187779,1679215,0
542786,,4167,松瑞藥,,,,4,上櫃,114,0,,,3780810,,3779973,,0,,12.18,231194,2556009,3104441,403302,132746,4184112,837,172108,1628103,0
-290625,,4168,醣聯,,-10837,,4,上櫃,114,,0,,982348,,982348,,0,,8.73,93493,748056,1125213,571875,158597,1554223,,478382,806167,0
-117322,,4171,瑞基,,-9756,,4,上櫃,114,-17305,0,,596715,,586728,,755000,,10.24,201131,484159,580575,284339,150536,881054,9987,83208,396895,0
267064,,4173,久裕,,343169,,4,上櫃,114,,0,,2011397,,2011397,,0,,26.97,3132231,4518404,745744,3248326,655420,5259723,,116095,741319,0
-8616065,,4174,浩鼎,,-15546,,4,上櫃,114,0,0,,2725134,,1888556,,0,,14.35,350557,1580085,1315797,696131,9204370,3421265,836578,345574,1841180,0
376507,,4175,杏一,,976,,4,上櫃,114,,,,1564436,,1559435,,0,,36.85,2729544,2265002,423233,5718431,758719,7282867,5001,2988887,5017865,0
11506,,4183,福永生技,,0,,4,上櫃,114,,0,,281106,,,,0,,11.81,154616,355472,238000,252141,31600,533247,,97525,177775,0
-253082,,4188,安克,,-989,,4,上櫃,114,,,,600821,,521424,,0,,8.23,18129,409996,633329,21882,142166,622703,79397,3753,212707,0
-82316,,4192,杏國,,-36325,,4,上櫃,114,,,,245628,,245628,,0,,6.99,10074,215264,351645,10074,12624,255702,,0,40438,0
-72124,,4198,欣大健康,,16818,,4,上櫃,114,,0,,276687,,226498,,0,,9.40,89763,262857,241080,100369,40724,377056,50189,10606,114199,0
1296272,,4205,中華食,,1900,,4,上櫃,114,,0,,2326653,,,,0,,23.83,329453,1650964,976492,424646,51989,2751299,,95193,1100335,0
1017997,,4207,環泰,,-116415,,4,上櫃,114,,,,4167355,,2944376,,0,,14.83,873091,2962119,1985380,2134132,57414,6301487,1222979,1261041,3339368,0
2354646,,4303,信立,,-435,,4,上櫃,114,,0,,3973974,,3491721,,0,,36.91,652285,1613908,946053,835073,191457,4809047,482253,182788,3195139,0
-458591,,4304,勝昱,,162313,,4,上櫃,114,,0,,314102,,314102,,0,,5.15,322370,321630,610380,350274,,664376,,27904,342746,0
704258,,4305,世坤,,,,4,上櫃,114,,0,,1254473,,,,0,,22.80,216137,1178642,550140,224592,75,1479065,,8455,300423,0
1357091,,4401,東隆興,,-49628,,4,上櫃,114,,0,,2750092,,2701654,,0,,22.02,2001121,2398173,1226920,2816976,167271,5567068,48438,815855,3168895,0
-240212,,4402,郡都開發,,157424,,4,上櫃,114,,,,597130,,597130,,0,,8.78,8110,277619,679918,13420,0,610550,0,5310,332931,0
-14494,,4406,新昕纖,,74431,,4,上櫃,114,0,0,,619377,,,,0,,11.93,337346,534165,519120,374243,40320,993620,,36897,459455,0
36984,,4413,飛寶企業,,-797,,4,上櫃,114,,,,349334,,349334,,0,,11.16,75930,370793,313147,163106,0,512440,,87176,141647,0
517337,,4416,三圓,,799,,4,上櫃,114,-579856,,,1605631,,1605631,,4971687,,23.40,6081671,10915322,735861,12041792,931490,13647423,,5960121,2732101,0
2589036,,4417,金洲,,-255366,,4,上櫃,114,,0,,3683199,,3212300,,0,,38.25,1135515,3158050,839713,1648691,38917,5331890,470899,513176,2173840,0
-1015005,,4419,皇家美食,,-471,,4,上櫃,114,,,,1072128,,1007135,,0,,5.95,1156420,522166,1691631,1971259,330980,3043387,64993,814839,2521221,0
904150,,4420,光明,,-5878,,4,上櫃,114,0,0,,1505980,,,,0,,37.23,245961,519000,404550,293807,203158,1799787,,47846,1280787,0
571892,,4430,耀億,,-137930,,4,上櫃,114,,0,,1731257,,1731257,,0,,30.76,1218010,1485446,562736,1771206,734559,3502463,,553196,2017017,0
651657,,4432,銘旺實,,-87336,,4,上櫃,114,,0,,1441550,,1441550,,0,,28.50,299214,1503780,505890,314907,371339,1756457,,15693,252677,0
440932,,4433,興采,,-19078,,4,上櫃,114,-25914,0,,2081541,,1940555,,860000,,32.11,3130480,2649789,612998,5136231,931617,7217772,140986,2005751,4567983,0
205569,,4442,竣邦-KY,,-1361,,4,上櫃,114,,,,838560,,838560,,0,,26.69,369515,1031558,314142,474304,320210,1312864,,104789,281306,0
-246096,,4502,健信,,-40429,,4,上櫃,114,-22103,0,,542557,,541627,,1236000,,9.63,903990,983560,574697,1740234,275558,2282791,930,836244,1299231,0
-80519,,4503,金雨,,4527,,4,上櫃,114,,,,1616187,,1611428,,0,,20.58,104238,1243537,783133,127362,904287,1743549,4759,23124,500012,0
4079643,,4506,崇友,,-70048,,4,上櫃,114,0,0,,5842787,,5843119,,0,,33.01,5237561,8455309,1770120,5299307,63404,11142094,-332,61746,2686785,0
217262,,4510,高鋒,,111725,,4,上櫃,114,,0,,1956060,,1792359,,0,,16.45,3009173,3095719,1089633,4105504,373739,6061564,163701,1096331,2965845,0
-154744,,4513,福裕,,-16618,,4,上櫃,114,,,,1150564,,1150564,,0,,10.06,1465990,3139427,1143619,2936795,178307,4087359,,1470805,947932,0
1301162,,4523,永彰,,-127015,,4,上櫃,114,,,,2106026,,2185275,,0,,33.65,751362,1778155,649490,931102,361638,3037128,-79249,179740,1258973,0
986754,,4527,方方土霖,,-81578,,4,上櫃,114,,0,,1892451,,1795316,,0,,23.58,1278645,2613579,761524,1486148,128616,3378599,97135,207503,765020,0
1470082,,4528,江興鍛,0,-92737,,4,上櫃,114,0,0,,2235777,,2235777,,0,,26.56,875997,1466725,841657,1399481,16775,3635258,0,523484,2168533,0
-518923,,4529,淳紳,,-76601,,4,上櫃,114,,,,265481,,264476,,0,,3.13,41097,153364,845491,41377,14509,306858,1005,280,153494,0
9481,,4530,天意能創,,-20666,,4,上櫃,114,,,,491630,,466115,,0,,13.02,133425,497153,357950,185793,119350,677423,25515,52368,180270,0
875337,,4533,協易機,,-56922,,4,上櫃,114,,,,2587738,,2587738,,0,,16.33,2807304,4833787,1584341,3950142,184982,6537880,,1142838,1704093,0
-182356,,4534,慶騰,,-41627,,4,上櫃,114,,,,703155,,703155,,0,,8.10,589763,935469,867889,721000,59249,1424155,0,131237,488686,0
1670427,,4535,至興,,-101535,,4,上櫃,114,0,0,,2819920,,2476310,,0,,32.73,358881,2191779,756617,390871,150801,3210791,343610,31990,1019012,0
172909,,4538,大詠城,,,,4,上櫃,114,,0,,873278,,,,0,,14.68,61059,468080,594696,67075,105673,940353,,6016,472273,0
201705,,4541,晟田,,,,4,上櫃,114,,0,,1710488,,,,0,,25.29,833900,1876010,676471,2120607,832312,3831095,,1286707,1955085,0
115438,,4542,科嶠,,22551,,4,上櫃,114,,0,,682382,,675212,,0,,20.89,945949,1216715,323234,1080562,213989,1762944,7170,134613,546229,0
889352,,4543,萬在,,-291,,4,上櫃,114,0,,,1796344,,1796344,,0,,30.05,463730,1133588,597723,748775,309560,2545119,,285045,1411531,0
940249,,4549,桓達,,-36242,,4,上櫃,114,,,,1919248,,1919153,,0,,33.67,186327,1640900,570025,728356,445121,2647604,95,542029,1006704,0
469014,,4550,長佳,,-14539,,4,上櫃,114,,,,949711,,949711,,0,,25.10,562575,899341,378387,762222,116849,1711933,,199647,812592,0
77626,,4554,橙的,,-2907,,4,上櫃,114,,,,508877,,508877,,0,,19.33,213621,619157,263274,260682,170884,769559,,47061,150402,0
148537,,4556,旭然,,-35277,,4,上櫃,114,,0,,825490,,825490,,0,,19.51,534735,707670,423028,763041,289202,1588531,0,228306,880861,0
141104,,4558,寶緯,,,,4,上櫃,114,,,,875291,,,,0,,17.51,1018518,1549550,500000,1971629,234187,2846920,,953111,1297370,0
566615,,4561,健椿,,,,4,上櫃,114,,,,1362367,,,,0,,23.28,332374,906209,585216,840760,210536,2203127,,508386,1296918,0
-86400,,4563,百德,,96501,,4,上櫃,114,,,,1483927,,1401847,,0,,25.51,2102624,2991111,549500,2784153,842246,4268080,82080,681529,1276969,0
325594,,4568,科際精密,,-42951,,4,上櫃,114,-5355,,,1096854,,1096854,,112000,,34.65,416381,1139195,317691,597938,501875,1694792,,181557,555597,0
376263,,4577,達航科技,,-104889,,4,上櫃,114,,,,950768,,950768,,0,,19.35,365194,727682,491380,894309,188014,1845077,,529115,1117395,0
1220895,,4580,捷流閥業,,6651,,4,上櫃,114,,,,2751375,,2751375,,0,,58.79,688986,2430620,468031,1027274,1055798,3778649,,338288,1348029,0
492865,,4584,君帆,,-19041,,4,上櫃,114,,0,,1054532,,1054532,,0,,35.15,581288,964841,300024,891355,280684,1945887,,310067,981046,0
-299965,,4609,唐鋒,,-39629,,4,上櫃,114,,,,143207,,143207,,0,,2.99,189470,357392,479468,459413,3333,602620,,269943,245228,0
539541,,4702,中美實,,38745,,4,上櫃,114,,0,,1301618,,1301618,,0,,17.99,214389,647213,723332,218530,0,1520148,,4141,872935,0
745960,,4706,大恭,,-24065,,4,上櫃,114,,,,1514223,,1513366,,0,,19.15,147691,1447392,790301,154217,1170,1668440,857,6526,221048,0
1671102,,4707,磐亞,,-385520,,4,上櫃,114,0,,,6205755,,,,0,,15.37,2102167,850372,4037153,2474484,883020,8680239,,372317,7829867,0
354968,,4711,永純,,,,4,上櫃,114,,,,1018839,,1018839,,0,,16.69,183403,846751,610560,240765,53311,1259604,,57362,412853,0
111136,,4714,永捷,,-63103,,4,上櫃,114,0,0,,8155125,,2173939,,0,,12.21,3102349,6933531,1780882,3740959,345024,11896084,5981186,638610,4962553,0
99227,,4716,大立,,-3496,,4,上櫃,114,0,,,1128259,,1127223,,0,,11.94,444717,1007944,944272,566250,87220,1694509,1036,121533,686565,0
675464,,4721,美琪瑪,,-94215,,4,上櫃,114,,,,1355937,,1355937,,0,,18.08,852066,1638303,749863,858433,24825,2214370,,6367,576067,0
-540631,,4726,永昕,,43,,4,上櫃,114,,0,,1599048,,1599048,,0,,7.72,1106062,776021,2072318,1662197,67318,3261245,,556135,2485224,0
1067090,,4728,雙美,,2393,,4,上櫃,114,,,,1617764,,1617764,,0,,29.70,293756,1143083,544630,505596,3651,2123360,,211840,980277,0
103686,,4729,熒茂,,49733,,4,上櫃,114,,,,1284156,,1088425,,0,,13.74,1268222,1398062,792268,1758405,142738,3042561,195731,490183,1644499,0
464067,,4735,豪展,,-53221,,4,上櫃,114,-123137,0,,996006,,996006,,3063000,,25.87,355579,675396,415688,358631,292609,1354637,,3052,679241,0
210344,,4741,泓瀚,,-1265,,4,上櫃,114,,,,917599,,910550,,0,,26.16,196150,556360,348121,197702,353350,1115301,7049,1552,558941,0
-1038326,,4743,合一,,78108,,4,上櫃,114,-25777,,,10477090,,10331643,,1033339,,21.56,521422,6158058,4802475,1256439,6515163,11733529,145447,735017,5575471,0
307239,,4744,皇將,,-7820,,4,上櫃,114,-30581,,,1300400,,1300400,,1477000,,23.44,582914,1245585,569485,841418,462077,2141818,0,258504,896233,1350581
643031,,4745,合富-KY,,-157412,,4,上櫃,114,,0,,5056690,,2870165,,0,,37.06,1974743,5513051,774496,1985415,1610050,7042105,2186525,10672,1529054,0
190366,,4747,強生*,,-9869,,4,上櫃,114,,,,1709471,,1709471,,0,,37.60,384205,1457381,454610,384365,1074364,2093836,,160,636455,80561
1663461,,4749,新應材,,77501,,4,上櫃,114,,,,9252110,,9242354,,0,,99.67,966829,5481294,927328,1217381,6574064,10469491,9756,250552,4988197,0
195833,,4754,國碳科,,-6406,,4,上櫃,114,,0,,535546,,535546,,0,,17.68,229905,500981,302832,373200,43287,908746,,143295,407765,0
520453,,4760,勤凱科技,,-3693,,4,上櫃,114,0,,,1055711,,,,0,,32.77,698933,1326911,322183,700340,216768,1756051,,1407,429140,0
575633,,4767,誠泰科技,,-34334,,4,上櫃,114,,,,935100,,935798,,0,,29.79,167671,968776,314150,376121,80349,1311221,-698,208450,342445,0
89191,,4768,晶呈科技,,3169,,4,上櫃,114,,0,,1711428,,1502943,,0,,31.65,1045679,1217521,474879,2096182,935704,3807610,208485,1050503,2590089,0
946276,,4772,台特化,,11706,,4,上櫃,114,,0,,4504565,,3719386,,0,,25.19,637340,2740324,1476816,2711338,1284588,7215903,785179,2073998,4475579,0
-572606,,4804,大略-KY,,-24709,,4,上櫃,114,,,,67484,,67484,,0,,1.02,187078,66630,664799,304312,0,371796,,117234,305166,0
-300230,,4806,桂田文創,,-61722,,4,上櫃,114,,,,646772,,646772,,0,,6.47,180278,586650,999471,301733,9253,948505,0,121455,361855,0
91563,,4903,聯光通,,15681,,4,上櫃,114,,,,1160681,,1160681,,0,,11.02,576584,925167,1053437,593143,0,1753824,,16559,828657,0
2686910,,4905,台聯電,,-115831,,4,上櫃,114,-14,,,3064004,,2874361,,595,,98.24,1032978,1672219,292600,1285231,10696,4349235,189643,252253,2677016,0
1200096,,4907,富宇,,17223,,4,上櫃,114,,,,2468802,,,,0,,20.90,4633720,8485961,1181458,6080186,70025,8548988,,1446466,63027,0
847851,,4908,前鼎,,2542,,4,上櫃,114,,0,,1726713,,,,0,,22.08,177643,1491954,782169,179264,94151,1905977,,1621,414023,0
1098668,,4909,新復興,,-2046,,4,上櫃,114,,,,2545025,,2545025,,0,,27.26,121114,2334135,933568,146377,514835,2691402,,25263,357267,0
156643,,4911,德英,,,,4,上櫃,114,,0,,928074,,,,0,,14.56,47053,474690,637196,47146,134235,975220,,93,500530,0
-200063,,4923,力士,,-62,,4,上櫃,114,-55478,0,,402201,,402201,,1150000,,12.28,389285,753084,338908,426471,318896,828672,,37186,75588,0
59806,,4924,欣厚-KY,,-64147,,4,上櫃,114,,0,,372541,,372541,,0,,10.02,218112,236964,371644,350989,5238,723530,,132877,486566,0
595359,,4931,新盛力,,-57706,,4,上櫃,114,,,,1232122,,1232122,,0,,18.79,860808,1810394,655658,868381,38811,2100503,,7573,290109,0
1870335,,4933,友輝,,-29287,,4,上櫃,114,,,,3706555,,3706555,,0,,45.03,830452,3705645,823047,1092214,1042460,4798769,,261762,1093124,214000
217722,,4939,亞電,,-40689,,4,上櫃,114,,,,1351941,,1351941,,0,,13.77,944308,1591775,982009,1311591,192899,2663532,,367283,1071757,0
-14662,,4946,辣椒,,0,,4,上櫃,114,,,,64184,,64141,,0,,8.21,85470,126694,78110,90100,693,154284,43,4630,27590,0
-20374,,4950,金耘國際,0,-39969,,4,上櫃,114,,,,706810,,519963,,0,,9.01,382804,718833,577291,399055,3015,1105865,186847,16251,387032,0
532440,,4951,精拓科,,-8599,,4,上櫃,114,,0,,988973,,988973,,0,,28.96,112338,614637,341487,126060,123645,1115033,0,13722,500396,0
2139603,,4953,緯致,,-30742,,4,上櫃,114,0,0,,4175667,,4175667,,0,,57.09,2042535,5459322,731470,2210898,1335336,6386565,,168363,927243,0
18316928,,4966,譜瑞-KY,,1067030,,4,上櫃,114,-1514205,0,,22079544,,22079544,,1998709,,282.86,3621610,16968939,800578,3876542,3409213,25956086,,254932,8987147,0
555847,,4971,IET-KY,,74855,,4,上櫃,114,,,,2017442,,2016837,,0,,50.44,120654,792246,399857,127527,986278,2144969,605,6873,1352723,0
105092,,4972,湯石照明,,-48939,,4,上櫃,114,-11008,,,1438162,,1438162,,500000,,25.50,330405,1103728,568886,378631,824131,1816793,,48226,713065,
709039,,4973,廣穎電通,,372785,,4,上櫃,114,0,0,,2085498,,2085498,,0,,31.89,1471510,2627431,653928,1503952,349746,3589450,,32442,962019,0
1897583,,4974,亞泰,,-38268,,4,上櫃,114,,,,3291667,,3291667,,0,,45.40,766872,3963708,725001,831318,707351,4122985,,64446,159277,0
1422643,,4979,華星光,,-64095,,4,上櫃,114,,,,3979359,,3979359,,0,,28.21,625027,4168601,1410563,1349379,1210248,5328738,,724352,1160137,216528
17469,,4991,環宇-KY,,75332,,4,上櫃,114,,0,,3244398,,3244398,,0,,28.49,340990,2278619,1138592,601427,2013005,3845825,,260437,1567206,0
322102,,4995,晶達,,1686,,4,上櫃,114,,,,945808,,945808,,0,,22.29,412912,729066,424400,775328,197620,1721136,,362416,992070,16000
6013117,,5009,榮剛,,-261919,,4,上櫃,114,-1078183,,,18002320,,17586595,,38407044,,31.18,9134401,13551505,6024712,15664774,6888868,33667094,415725,6530373,20115589,0
-80474,,5011,久陽,,-44196,,4,上櫃,114,,0,,2130280,,1992662,,0,,19.79,2515777,2129570,1006739,3244307,1110593,5374587,137618,728530,3245017,0
2496485,,5013,強新,,-64102,,4,上櫃,114,,,,5234903,,3777567,,0,,28.31,1652472,4892410,1334160,3207647,11024,8442550,1457336,1555175,3550140,0
635140,,5014,建錩,,-186109,,4,上櫃,114,0,0,,2654246,,2645278,,0,,14.43,4604234,4620318,1832651,5996294,363596,8650540,8968,1392060,4030222,0
531128,,5015,華祺,,1895,,4,上櫃,114,,0,,1233367,,1233367,,0,,20.34,1214298,1864187,606392,1248101,93952,2481468,,33803,617281,0
999572,,5016,松和,,-12898,,4,上櫃,114,,0,,1502053,,1490895,,0,,30.04,448424,1559212,496221,1047810,8000,2549863,11158,599386,990651,0
134433,,5201,凱衛,,-38309,,4,上櫃,114,,0,,690324,,686895,,0,,17.76,145701,559687,386746,264472,204025,954796,3429,118771,395109,0
206996,,5202,力新,,-12305,,4,上櫃,114,,0,,1158635,,1158632,,0,,13.00,52341,531686,890940,75971,73001,1234606,3,23630,702920,0
-39958,,5205,中茂,,-59965,,4,上櫃,114,0,,0,87574,,87468,,0,,6.48,28172,73872,135000,33819,52391,121393,106,5647,47521,0
1884426,,5206,坤悅,,0,,4,上櫃,114,0,0,,3690898,,3690898,,0,,21.52,12775248,17183397,1715175,13790877,91297,17481775,,1015629,298378,0
639421,,5209,新鼎,,-9663,,4,上櫃,114,,0,,1132310,,1132307,,0,,39.80,3325905,4260309,284933,3518000,217616,4650310,3,192095,390001,21000
-173853,,5210,寶碩,,-26827,,4,上櫃,114,0,,,801101,,801101,,0,,9.75,79354,471685,821778,100516,180003,901617,,21162,429932,0
-85315,,5211,蒙恬,,-1224,,4,上櫃,114,,,,355031,,346474,,0,,10.82,27264,235967,320247,41825,112766,396856,8557,14561,160889,0
254971,,5212,凌網,,-12315,,4,上櫃,114,,,,645757,,631550,,0,,18.24,417605,1269604,346330,811630,42564,1457387,14207,394025,187783,0
4033005,,5213,亞昕,,23689,,4,上櫃,114,-31810,0,,17608613,,16198388,,1420000,,22.50,46011514,67743123,7213343,55550559,4960161,73159172,1410225,9539045,5416049,0
294020,,5220,萬達光電,,-73,,4,上櫃,114,-6131,0,,730320,,730320,,303000,,18.55,218372,508733,396670,411202,45834,1141522,,192830,632789,0
992465,,5223,安力-KY,,-32294,,4,上櫃,114,,0,,1967225,,1967225,,0,,44.16,933957,1504460,445498,1344931,561556,3312156,,410974,1807696,0
-603207,,5227,立凱-KY,,26832,,4,上櫃,114,,0,,532625,,532625,,0,,7.83,247533,459050,680000,291737,429000,824362,,44204,365312,0
56024,,5228,鈺鎧,,3030,,4,上櫃,114,,0,,511272,,,,0,,13.43,172612,255531,380563,635699,71655,1146971,,463087,891440,0
203814,,5230,雷笛克光學,,-129592,,4,上櫃,114,-15859,,,1284037,,1275922,,844000,,23.14,678116,1188646,559768,1068293,657791,2352330,8115,390177,1163684,0
-227455,,5245,智晶,,0,,4,上櫃,114,-84691,,,689897,,669173,,1830000,,15.46,790133,592049,451271,1015092,530048,1704989,20724,224959,1112940,0
6256,,5251,天鉞電,,-9579,,4,上櫃,114,0,,,400640,,400640,,0,,11.88,59677,386455,337334,73385,66629,474025,0,13708,87570,0
-188409,,5263,智崴,,11143,,4,上櫃,114,-309122,,,3705519,,3705519,,3000000,,52.29,1262978,2964613,738581,2259748,3453326,5965267,,996770,3000654,0
-73764,,5272,笙科,,69293,,4,上櫃,114,,,,864375,,,,0,,15.64,69294,287861,552761,147537,316085,1011912,,78243,724051,0
5715372,,5274,信驊,,-30287,,4,上櫃,114,0,,,7570771,,7570771,,0,,200.27,2443581,8408204,378027,2762884,1507659,10333655,,319303,1925451,0
150237,,5276,達輝-KY,,-148306,,4,上櫃,114,,0,,501087,,501087,,0,,12.69,257526,576448,395000,270507,104156,771594,,12981,195146,0
370582,,5278,尚凡*,,55073,,4,上櫃,114,,0,,5598792,,3896418,,0,,12.99,1202609,7352969,300000,2071334,3170763,7670126,1702374,868725,317157,0
1834046,,5287,數字,,-314206,,4,上櫃,114,,,,2566821,,2550386,,0,,42.29,1329882,2185732,603106,1840395,427440,4407216,16435,510513,2221484,0
6072171,,5289,宜鼎,,-288597,,4,上櫃,114,,0,,9113565,,8940787,,0,,93.09,4867538,10876654,960407,5434998,2196806,14548563,172778,567460,3671909,0
388149,,5291,邑昇,,-35546,,4,上櫃,114,0,,,938529,,934453,,0,,23.43,664024,1100325,398906,991939,182944,1930468,4076,327915,830143,0
1086504,,5299,杰力,,238,,4,上櫃,114,,,,3263706,,3263706,,0,,64.13,522968,2025530,508890,524974,1668074,3788680,,2006,1763150,0
-119615,,5301,寶得利,,-4397,,4,上櫃,114,,,,551619,,535088,,0,,8.12,174027,637593,658903,206511,197,758130,16531,32484,120537,0
-335780,,5302,太欣,,-11006,,4,上櫃,114,,,,1255799,,1253159,,0,,7.84,187213,85694,1598883,548790,1062,1804589,2640,361577,1718895,0
229355,,5309,系統電,,-101320,,4,上櫃,114,-73952,0,,4246524,,3849860,,2115000,,18.98,1452880,4248746,2049998,3078895,1745779,7325419,396664,1626015,3076673,576000
-16515,,5310,天剛,,0,,4,上櫃,114,,,,272920,,272920,,0,,9.43,40469,315463,289435,48134,0,321054,,7665,5591,0
2483569,,5312,寶島科,,169537,,4,上櫃,114,,,,3728687,,3728687,,0,,62.08,3523905,5501266,600599,5425966,474982,9154653,0,1902061,3653387,0
1684416,,5314,世紀*,,4035,,4,上櫃,114,-39,0,,2858857,,1845130,,3000,,6.32,1788445,2356991,146000,2252480,10718,5111337,1013727,464035,2754346,0
603620,,5315,光聯,,50216,,4,上櫃,114,,,,1764550,,1764550,,0,,16.59,398829,1886825,1063518,429305,47196,2193855,,30476,307030,0
120733,,5321,美而快,,-206,,4,上櫃,114,,,,841408,,758015,,0,,14.25,2166835,1658538,531798,4170966,105690,5012374,83393,2004131,3353836,0
-565325,,5324,士開,,-221423,,4,上櫃,114,,,,1603986,,1494527,,0,,6.60,6160632,8839643,2263791,8751479,17484,10355465,109459,2590847,1515822,0
204863,,5328,華容,,-98904,,4,上櫃,114,,,,1847863,,1842754,,0,,10.67,794365,1955157,1727107,832481,9688,2680344,5109,38116,725187,0
345093,,5340,建榮,,,,4,上櫃,114,,0,,2294033,,,,0,,11.77,598722,1490145,1948940,607047,,2901080,,8325,1410935,0
-237515,,5344,立衛,,-55000,,4,上櫃,114,,,,501959,,,,0,,6.32,96489,296127,794474,133487,,635446,,36998,339319,0
-184958,,5345,馥鴻,,,,4,上櫃,114,,,,214553,,214553,,0,,5.68,3397,162947,377950,3465,21561,218018,,68,55071,0
27103595,,5347,世界,,-912834,,4,上櫃,114,,,,83589527,,63876766,,0,,34.21,51604245,66897206,18670782,116879251,19015223,200468778,19712761,65275006,133571572,0
-32216,,5348,正能量智能,0,-591,,4,上櫃,114,0,,,138918,,116056,,0,,7.85,74093,194465,147759,91866,1104,230784,22862,17773,36319,0
-499243,,5351,鈺創,,353187,,4,上櫃,114,,0,,3992397,,3911462,,0,,12.01,2201722,5137622,3261046,3723890,796472,7716287,80935,1522168,2578665,120000
380184,,5353,台林,,80095,,4,上櫃,114,,,,1411920,,1411920,,0,,18.70,540374,1291114,755000,630224,196641,2042144,,89850,751030,0
-887191,,5355,佳總,,-25077,,4,上櫃,114,,,,749434,,749434,,0,,4.51,198200,633152,1661228,310317,474,1059751,,112117,426599,0
3256339,,5356,協益,,-244305,,4,上櫃,114,,,,4404849,,4404849,,0,,42.75,882608,2655971,1030400,1339961,362415,5744810,0,457353,3088839,0
-49397,,5364,力麗店,,-50311,,4,上櫃,114,,,,761553,,731420,,0,,11.46,378089,182930,638499,428771,192629,1190324,30133,50682,1007394,0
-15049,,5381,光譜,,117439,,4,上櫃,114,,,,2318442,,2257433,,0,,10.86,1420414,1437295,2078351,2598115,76692,4916557,61009,1177701,3479262,0
495813,,5386,青雲,,-7984,,4,上櫃,114,,,,927509,,,,0,,25.71,2739434,3614682,360809,2739908,78871,3667417,,474,52735,0
1437463,,5392,能率,,-160087,,4,上櫃,114,-5714,0,,8113620,,5692065,,1028000,,32.43,4875230,7941120,1765622,6903303,2654781,15016923,2421555,2028073,7075803,0
15995,,5398,慕康生醫,,-45879,,4,上櫃,114,0,,,530624,,530624,,0,,10.73,65190,284303,494655,70168,65853,600792,,4978,316489,0
1659167,,5403,中菲,,-36004,,4,上櫃,114,,,,2811854,,,,0,,35.97,1900996,3524558,781761,2154961,406930,4966815,,253965,1442257,0
561083,,5410,國眾,,20683,,4,上櫃,114,,,,1557194,,1556943,,0,,16.88,2378597,3134589,922116,2456809,53061,4014003,251,78212,879414,155500
3734784,,5425,台半,,-275634,,4,上櫃,114,-741295,0,,10982324,,7642839,,18960000,,31.26,5212081,11742914,2634854,10212951,2290130,21195275,3339485,5000870,9452361,0
804446,,5426,振發,,-69667,,4,上櫃,114,,,,2255215,,2250713,,0,,15.65,729827,1758601,1438000,962314,77934,3217529,4502,232487,1458928,0
215983,,5432,新門,,-20925,,4,上櫃,114,,0,,401936,,,,0,,19.43,61570,341216,206878,65560,,467496,,3990,126280,0
1322371,,5438,東友,,880232,,4,上櫃,114,,0,,3327968,,3327968,,0,,29.57,583218,1203937,1125365,653232,0,3981200,,70014,2777263,0
2079772,,5439,高技,,48,,4,上櫃,114,,,,3946198,,3946198,,0,,42.44,4249467,7821142,929757,6929372,936621,10875570,,2679905,3054428,0
790131,,5443,均豪,,6554738,,4,上櫃,114,-462609,0,,9893638,,8797707,,3668000,,54.62,4494686,4609198,1647466,6885178,267981,16778816,1095931,2390492,12169618,0
256084,,5450,南良,,179518,,4,上櫃,114,,,,1760418,,1760418,,0,,14.38,1056076,1763165,1224032,1724077,100784,3484495,,668001,1721330,0
480245,,5452,佶優,0,50003,,4,上櫃,114,-31487,0,,2398103,,2148028,,1000000,,14.54,1202229,3233731,1487637,1641757,161630,4039860,250075,439528,806129,0
709742,,5455,昇益,,12035,,4,上櫃,114,,,,1380532,,,,0,,21.08,2746698,4014144,655018,2747118,3737,4127650,,420,113506,0
2692678,,5457,宣德,,50955,,4,上櫃,114,,0,,11246407,,5116827,,0,,29.32,16233169,18190961,1745149,20326589,628045,31572996,6129580,4093420,13382035,0
152673,,5460,同協,,-27667,,4,上櫃,114,,,,726586,,726586,,0,,12.36,56347,566998,587781,84790,13799,811376,,28443,244378,0
353283,,5464,霖宏,,,,4,上櫃,114,,,,1156574,,1156574,,0,,16.27,2174279,2129648,710715,3020810,92576,4177384,,846531,2047736,0
639760,,5465,富驊,,-29261,,4,上櫃,114,,,,2992932,,2402594,,0,,16.27,2587407,4823483,1476826,2617234,315269,5610166,590338,29827,786683,0
-156545,,5468,凱鈺,,-32000,,4,上櫃,114,,,,555565,,555565,,0,,9.43,209243,706324,589229,236676,154881,792241,,27433,85917,0
1619520,,5474,聰泰,,,,4,上櫃,114,0,0,,2017882,,,,0,,50.76,371222,1242907,397569,435989,793,2453871,,64767,1210964,0
-920373,,5475,德宏,,541208,,4,上櫃,114,,,,883964,,892105,,0,,7.02,1319068,968265,1271270,1397063,,2281027,-8141,77995,1312762,0
4330117,,5478,智冠,,-815936,,4,上櫃,114,-567008,,,10195498,,8930152,,6246414,,59.60,9199435,15670089,1560743,9488168,4422236,19683666,1265346,288733,4013577,0
459337,,5481,新華,,-175,,4,上櫃,114,-65913,,,1187446,,1187446,,5000000,,17.88,108961,491378,714029,431404,80168,1618850,0,322443,1127472,0
22148553,,5483,中美晶,,-6938188,,4,上櫃,114,-4382100,0,,118817551,,49453588,,27050000,,80.52,70126695,109602027,6412217,150144028,32213106,268961579,69363963,80017333,159359552,0
236993,,5487,通泰,,2157,,4,上櫃,114,,,,522221,,522221,,0,,21.56,32662,473025,242225,51758,40846,573979,,19096,100954,0
57162,,5488,松普,,-8638,,4,上櫃,114,0,0,,964385,,964385,,0,,10.53,411455,1266024,915861,456175,0,1420560,0,44720,154536,0
1338959,,5489,彩富,,-134,,4,上櫃,114,-131062,,,2351766,,2346671,,3235000,,23.59,402452,1946451,1027064,533394,111844,2885160,5095,130942,938709,0
392071,,5490,同亨,,-1484,,4,上櫃,114,-82818,,,1351582,,1351582,,3000000,,14.51,363252,1548473,961522,425291,82291,1776873,,62039,228400,0
1059709,,5493,三聯,,492036,,4,上櫃,114,,0,,3278846,,2032833,,0,,46.53,2610168,3519598,436892,2798029,44196,6076875,1246013,187861,2557277,0
251727,,5498,凱崴,,-152992,,4,上櫃,114,,,,2120267,,2102244,,0,,10.86,1234464,2327498,1936143,1754854,67366,3875121,18023,520390,1547623,265000
3294458,,5508,永信建,,0,,4,上櫃,114,,,,5684891,,5684891,,0,,26.15,9834034,19409966,2174281,13827741,216152,19512632,,3993707,102666,0
5548783,,5511,德昌,,60369,,4,上櫃,114,,,,7007593,,6887090,,0,,60.71,6459927,11668859,1134400,7391503,143538,14399096,120503,931576,2730237,0
5315192,,5512,力麒,,-86841,,4,上櫃,114,-98195,0,,18458861,,13532947,,6493959,,17.81,17536009,26821652,7663125,26321593,739666,44780454,4925914,8785584,17958802,0
424670,,5514,三豐,,359650,,4,上櫃,114,-23395,0,,3123452,,3123454,,9477708,,13.78,3612745,5449361,2361183,3617191,1346,6740643,-2,4446,1291282,0
-74234,,5516,雙喜,,0,,4,上櫃,114,0,0,,441218,,,,0,,8.56,2663382,2842972,515452,2812569,0,3253787,,149187,410815,0
2282741,,5520,力泰,,83438,,4,上櫃,114,0,0,,3177464,,3002936,,0,,50.07,1237420,3099638,599752,1333245,37005,4510709,174528,95825,1411071,0
1371065,,5523,豐謙,,2602,,4,上櫃,114,,0,,2929208,,2929208,,0,,18.90,2397241,4929904,1550015,2424826,5526,5354034,0,27585,424130,0
43688,,5529,鉅陞,,,,4,上櫃,114,,0,,1481777,,1481777,,0,,14.55,3262868,4537382,1018374,3286843,419715,4768620,,23975,231238,0
18186739,,5530,龍巖,,3220734,,4,上櫃,114,,,,28574851,,28538463,,0,,67.94,49981721,51324759,4200842,50126573,2930148,78701424,36388,144852,27376665,0
7165779,,5536,聖暉*,,1512209,,4,上櫃,114,,0,,19417526,,13118953,,0,,105.73,20466786,36346314,620405,21902343,3820560,41319869,6298573,1435557,4973555,0
-366251,,5543,桓鼎-KY,,-58886,,4,上櫃,114,,0,,1081554,,411542,,0,,8.81,2224173,2088702,467036,2483839,369643,3565393,670012,259666,1476691,0
207375,,5547,久舜,,,,4,上櫃,114,,0,,687868,,,,0,,17.21,996852,1450541,399600,1020507,80893,1708375,,23655,257834,0
226988,,5548,安倉,,-3188,,4,上櫃,114,0,0,,1145123,,,,0,,19.80,1070950,1950511,578450,1104122,342873,2249245,,33172,298734,0
741403,,5601,台聯櫃,,-4270,,4,上櫃,114,,0,,1388163,,,,0,,21.42,16856,108458,648000,482785,3030,1870948,,465929,1762490,0
769816,,5603,陸海,,-73763,,4,上櫃,114,,0,,1969425,,1892851,,0,,18.05,520167,668238,1048766,714960,148032,2684385,76574,194793,2016147,0
931072,,5604,中連,,0,,4,上櫃,114,0,0,,2102748,,2102748,,0,,19.33,28997,233369,1087830,533099,83846,2635847,0,504102,2402478,0
4649037,,5609,中菲行,0,381279,,4,上櫃,114,-181852,0,,6459355,,6339547,,2140000,,45.04,3245210,8383480,1428840,3647112,62243,10106467,119808,401902,1722987,0
-894861,,5701,劍湖山,,-6422,,4,上櫃,114,,,,529500,,529500,,0,,3.70,1226368,149370,1430000,1923799,783,2453299,,697431,2303929,0
-152321,,5703,亞都麗緻,,-27717,,4,上櫃,114,,,,522358,,522358,,0,,7.44,255790,365487,702396,465545,,987903,,209755,622416,0
164678,,5704,老爺知,,,,4,上櫃,114,,0,,555201,,,,0,,14.29,192763,310489,388617,196672,1906,751873,,3909,441384,0
,2993176,5864,致和證,,108947,,4,上櫃,114,,,,8164156,,,,,0,17.96,4242725,10868791,4544956,4292834,517077,12456990,,50109,1588199,0
210083,,5878,台名,,-10133,,4,上櫃,114,,,,532158,,532158,,0,,21.27,189220,438768,250243,262962,81965,795120,,73742,356352,0
366734,,5902,德記,,-19802,,4,上櫃,114,,,,1291932,,1291932,,0,,13.67,424463,1178347,945000,431385,0,1723317,,6922,544970,0
6922603,,5903,全家,,-111193,,4,上櫃,114,,0,,10636331,,9399564,,0,,42.11,40401932,19408915,2232200,70681871,355954,81318202,1236767,30279939,61909287,0
5567996,,5904,寶雅*,,,,4,上櫃,114,,0,,8108318,,,,0,,76.17,9711161,12133668,1064438,23550195,1475884,31658513,,13839034,19524845,0
-439787,,5905,南仁湖,,-7796,,4,上櫃,114,,0,,3472940,,2783925,,0,,9.89,2422372,2443867,2816232,5168434,415276,8641374,689015,2746062,6197507,0
,1087789,6015,宏遠證,,186145,,4,上櫃,114,0,,,5578734,,,5578734,,0,14.25,10687116,14825417,3915817,10982074,388983,16560808,,294958,1735391,0
,3329374,6016,康和證,,852058,,4,上櫃,114,,,,11289692,,,11222718,,0,16.35,40347440,47626445,6865955,41927745,175331,53217437,66974,1580305,5590992,0
,1550070,6020,大展證,,820022,,4,上櫃,114,,0,,4894540,,,4894085,,0,19.39,3390537,6798458,2523532,3395030,461,8289570,455,4493,1491112,0
,3501250,6021,美好證,,3078305,,4,上櫃,114,,125000,,9766415,,,9766415,,0,31.26,19782167,29298070,3123909,22805144,62951,32571559,,3022977,3273489,0
,8734740,6023,元大期貨,,2474960,,4,上櫃,114,,0,,19438742,,,19438742,,0,60.75,163543452,179295128,3199763,165165384,5029279,184604126,,1621932,5308998,0
,1895413,6026,福邦證,,104048,,4,上櫃,114,,,,6114912,,,6114912,,0,15.44,8585101,12965411,3961619,8706787,153832,14821699,0,121686,1856288,0
372145,,6028,公勝保經,,,,4,上櫃,114,,0,,648279,,648279,,0,,29.47,797303,1102780,220000,930703,56134,1578982,,133400,476202,0
-19826,,6101,寬魚國際,,5215,,4,上櫃,114,0,,,1131698,,1131698,,0,,9.87,234208,889513,1146184,262051,125,1393749,,27843,504236,0
18133,,6103,合邦,,765,,4,上櫃,114,,,,154947,,154947,,0,,11.39,4453,159615,136049,5536,0,160483,,1083,868,0
1069633,,6104,創惟,,-59254,,4,上櫃,114,0,,,2291440,,2287767,,0,,25.11,1404946,2384311,911271,1412531,366117,3703971,3673,7585,1319660,0
-67228,,6109,亞元,,-31390,,4,上櫃,114,0,0,,580423,,580761,,0,,8.56,472170,857319,678254,519488,1125,1099911,-338,47318,242592,0
175698,,6111,光聚晶電,,-171543,,4,上櫃,114,-284354,,,7961055,,1744492,,13909498,,18.33,12927090,9916280,1090911,21043956,933780,29005011,6216563,8116866,19088731,0
-11926,,6113,亞矽,,-50355,,4,上櫃,114,,,,532705,,532705,,0,,10.14,135071,490290,525495,208864,69491,741569,0,73793,251279,0
969985,,6114,久威,,-2549,,4,上櫃,114,,0,,1579115,,1579115,,0,,35.96,610165,1968183,439119,661888,172560,2241003,,51723,272820,0
165132,,6118,建達,,-1468,,4,上櫃,114,,,,1139978,,1139978,,0,,12.54,2690133,3628389,908896,2703175,67418,3843153,,13042,214764,0
31164391,,6121,新普,,-317695,,4,上櫃,114,,,,46001115,,38388897,,0,,207.54,33091610,68733067,1849705,37500295,5692496,83501410,7612218,4408685,14768343,0
985114,,6122,擎邦,,219419,,4,上櫃,114,-79864,0,,1915939,,1915939,,1558000,,25.03,2841303,4279235,780916,3015998,10354,4931937,,174695,652702,0
503689,,6123,上奇,,14786,,4,上櫃,114,-86401,,,2225546,,1586279,,1596000,,26.22,1635734,3273516,620894,1656825,533311,3882371,639267,21091,608855,0
514072,,6124,業強,,-135929,,4,上櫃,114,0,0,,3108519,,3039114,,0,,16.65,1434672,2054939,1824799,1507639,836172,4616158,69405,72967,2561219,0
802708,,6125,廣運,0,-207675,,4,上櫃,114,0,,0,5791778,,4432988,,0,,17.12,3433088,5106997,2590112,5972346,1247843,11764124,1358790,2539258,6657127,0
477844,,6126,信音,,-47422,,4,上櫃,114,-29030,0,,6253229,,3453739,,1230000,,27.28,3061345,6906142,1278269,4204858,1774078,10458087,2799490,1143513,3551945,0
7586,,6127,九豪,0,31389,,4,上櫃,114,,,,1176322,,1176322,,0,,10.88,1090653,1343112,1080798,2369262,56549,3545584,0,1278609,2202472,0
-203696,,6129,普誠,,-18606,,4,上櫃,114,,,,1714259,,1661058,,0,,9.18,414022,1206263,1809437,454778,73923,2169037,53201,40756,962774,0
-76310,,6130,上亞科技,,-19574,,4,上櫃,114,,,,650747,,545469,,0,,12.31,92173,284601,443000,227034,198353,877781,105278,134861,593180,0
18419,,6134,萬旭,,39374,,4,上櫃,114,,0,,1076092,,1007726,,0,,12.31,1072060,1649258,818821,1150161,131112,2226253,68366,78101,576995,0
2416175,,6138,茂達,,-147570,,4,上櫃,114,-54326,0,,4959615,,3939459,,1265088,,53.23,1636437,5305293,752760,1827755,972420,6787370,1020156,191318,1482077,0
-36432,,6140,訊達電腦,,-11120,,4,上櫃,114,,,,501848,,501848,,0,,9.14,834411,1013607,548978,940087,422,1441935,,105676,428328,0
1813069,,6143,振曜,,-38087,,4,上櫃,114,0,,,4968306,,3076607,,0,,35.75,2750219,6324299,860589,2895452,441036,7863758,1891699,145233,1539459,0
-81403,,6144,得利影,,1743,,4,上櫃,114,,0,,304967,,,,0,,7.97,43836,204162,382737,53164,1890,358131,,9328,153969,0
3804415,,6146,耕興,,46128,,4,上櫃,114,,,,6260381,,5764486,,0,,56.59,1486274,5763001,1018672,1756719,895271,8017100,495895,270445,2254099,0
36943842,,6147,頎邦,,-998917,,4,上櫃,114,,,,47368430,,47368430,,0,,63.62,4349850,14591472,7445935,6861843,3977570,54230273,,2511993,39638801,0
128428,,6148,驊宏資,,0,,4,上櫃,114,0,0,,605695,,605695,,0,,13.00,538260,856237,466038,696581,11229,1302276,0,158321,446039,0
289589,,6150,撼訊,,-25559,,4,上櫃,114,,,,1594377,,1592098,,0,,32.93,2044283,2988953,483460,2480411,844608,4074788,2279,436128,1085835,0
352091,,6151,晉倫,,-9393,,4,上櫃,114,,0,,989903,,989903,,0,,17.91,471100,985319,552573,569812,94632,1559715,0,98712,574396,0
454311,,6154,順發,,-1046,,4,上櫃,114,,,,1257485,,1257485,,0,,15.70,524485,1249642,800800,700676,3420,1958161,,176191,708519,0
875455,,6156,松上,0,-118668,,4,上櫃,114,0,0,,3310585,,2233212,,0,,20.70,2841807,5034297,1078750,3744458,397675,7055043,1077373,902651,2020746,0
637789,,6158,禾昌,,-153437,,4,上櫃,114,-19053,,,1112496,,1112496,,800000,,20.26,972606,1292860,557072,1102178,90125,2214674,,129572,921814,0
-43848,,6160,欣技,,2699,,4,上櫃,114,,,,645848,,644893,,0,,9.42,352256,839190,684891,426980,1151,1072828,955,74724,233638,0
620517,,6161,捷波,,-7479,,4,上櫃,114,0,0,,1302865,,1302865,,0,,23.17,299338,1071634,562375,343085,127452,1645950,0,43747,574316,0
883532,,6163,華電網,,46449,,4,上櫃,114,0,0,,2792876,,2790079,,0,,19.65,3609727,5787840,1420162,4061931,439936,6854807,2797,452204,1066967,0
249681,,6167,久正,,-90411,,4,上櫃,114,,0,,1708328,,1708328,,0,,11.70,345947,1046486,1460000,347623,89058,2055951,0,1676,1009465,0
8973,,6169,昱泉,,-11319,,4,上櫃,114,,,,235481,,235481,,0,,10.07,23871,36191,233950,196921,3877,432402,,173050,396211,0
671765,,6170,統振,,29069,,4,上櫃,114,0,,,2144480,,2130292,,0,,21.90,2191799,3652091,972601,2229429,456857,4373909,14188,37630,721818,0
1334100,,6171,大城地產,,0,,4,上櫃,114,,,,2535884,,,,0,,25.36,1785082,4308998,1000000,1785158,201784,4321042,,76,12044,0
4553913,,6173,信昌電,,2288217,,4,上櫃,114,-54371,,,9005014,,9005014,,800000,,52.60,994218,2991217,1720000,1236539,497255,10241553,,242321,7250336,0
136032,,6174,安碁,,19985,,4,上櫃,114,,0,,656017,,656017,,0,,13.12,266602,559966,500000,319965,,975982,,53363,416016,0
1794308,,6175,立敦,,-70777,,4,上櫃,114,-14472,0,,5002370,,4042835,,450000,,26.93,1136201,3353690,1505718,1392232,828058,6394602,959535,256031,3040912,0
27647,,6179,亞通,,-56216,,4,上櫃,114,0,0,,2937371,,2548813,,0,,20.02,6370047,8292959,1273246,7902096,1304136,10839467,388558,1532049,2546508,0
1655326,,6180,橘子,,-474604,,4,上櫃,114,,0,,4629806,,4275927,,0,,24.37,3887975,3365496,1754936,3963500,1340269,8593306,353879,75525,5227810,0
2618671,,6182,合晶,,-279190,,4,上櫃,114,,0,,25494933,,15041795,,0,,26.22,5392359,10964596,5736383,13420991,6965931,38915924,10453138,8028632,27951328,0
633451,,6185,幃翔,,-32464,,4,上櫃,114,,,,2164313,,2164313,,0,,14.44,148870,1736893,1498675,303049,64651,2467362,,154179,730469,0
2331587,,6186,新潤,,,,4,上櫃,114,,0,,5128193,,,,0,,26.31,9965177,15663461,1949076,11831907,847530,16960100,,1866730,1296639,0
2940566,,6187,萬潤,,437938,,4,上櫃,114,-67901,0,,7488210,,7299011,,898000,,75.85,1640435,6335154,971269,2121222,3017139,9609432,189199,480787,3274278,0
4607635,,6188,廣明,,172409,,4,上櫃,114,,,,15027264,,12737258,,0,,45.76,4781682,13214465,2783589,5077701,5173625,20104965,2290006,296019,6890500,0
925940,,6190,萬泰科,,97093,,4,上櫃,114,-131607,0,,4423738,,3925894,,4014000,,21.52,2336626,5189526,1864697,3695633,1169771,8119371,497844,1359007,2929845,0
1473325,,6194,育富,,-34374,,4,上櫃,114,,,,1964618,,1964618,,0,,40.93,281935,2110080,480000,377761,45667,2342379,,95826,232299,0
467156,,6195,詩肯,,32998,,4,上櫃,114,0,,,1296918,,1296918,,0,,25.84,1002624,865858,501930,2328906,294834,3625824,0,1326282,2759966,0
-71675,,6198,瑞築,,-288,,4,上櫃,114,,,,4753750,,4753750,,0,,27.73,1301611,6153608,1714004,1455037,3111709,6208787,,153426,55179,0
274864,,6199,天品,,-8108,,4,上櫃,114,,,,903166,,888081,,0,,14.38,182544,925605,617600,199899,3725,1103065,15085,17355,177460,0
2022777,,6203,海韻電,,-13497,,4,上櫃,114,0,,,3109911,,3109911,,0,,37.74,713806,3422494,824013,741892,276618,3851803,,28086,429309,0
151352,,6204,艾華,,-22731,,4,上櫃,114,,,,359642,,359642,,0,,15.57,87236,295231,231021,148854,,508496,,61618,213265,0
829815,,6207,雷科,,125474,,4,上櫃,114,,0,,1968472,,1966612,,0,,24.68,1191020,2628194,796799,2178370,214524,4146842,1860,987350,1518648,0
1860643,,6208,日揚,,-29961,,4,上櫃,114,0,0,,3967787,,3102044,,0,,32.84,2505040,4051791,944623,3841759,326739,7809546,865743,1336719,3757755,0
-8231,,6210,慶生,,,,4,上櫃,114,,0,,362274,,,,0,,10.34,112032,234867,350480,114823,20025,477097,,2791,242230,0
2730901,,6212,理銘,,-24352,,4,上櫃,114,0,0,,3726549,,,,0,,36.53,7262772,10887323,1020000,7263474,0,10990023,,702,102700,0
-29665,,6217,中探針,,-22843,,4,上櫃,114,-90099,0,,2889050,,2909427,,3193000,,25.52,2382638,3168349,1172100,3504984,1879934,6394034,-20377,1122346,3225685,0
147085,,6218,豪勉,,19011,,4,上櫃,114,,0,,849011,,849011,,0,,13.21,874678,1284748,642620,878556,40295,1727567,,3878,442819,0
391031,,6219,富旺,,1370,,4,上櫃,114,,0,,1989224,,1989224,,0,,15.92,12021800,14309777,1249671,13872532,347152,15861756,,1850732,1551979,0
769296,,6220,岳豐,,-63275,,4,上櫃,114,,0,,3159477,,3159477,,0,,21.57,4680332,6441353,1464627,5927142,988829,9086619,0,1246810,2645266,0
811343,,6221,晉泰,,512871,,4,上櫃,114,,,,3125907,,3125907,,0,,18.54,2451619,5104302,1686039,2543933,115654,5669840,0,92314,565538,10000
-170523,,6222,立軒,,-7020,,4,上櫃,114,,,,862805,,862761,,0,,12.22,5232,537334,705889,7274,334415,870079,44,2042,332745,0
8211708,,6223,旺矽,,221438,,4,上櫃,114,0,,,14578603,,14578603,,0,,148.79,7569357,13317607,979813,9424231,5165644,24002834,0,1854874,10685227,0
2094100,,6227,茂綸,0,15605,,4,上櫃,114,,,,3039025,,2988775,,0,,39.27,4334671,7408139,761118,4531090,117952,7570115,50250,196419,161976,0
-49069,,6228,全譜,,-7692,,4,上櫃,114,,,,243210,,243210,,0,,9.35,145000,156040,260000,168591,39971,411801,,23591,255761,0
185174,,6229,研通,,36274,,4,上櫃,114,0,0,,698592,,698592,,0,,17.31,896051,1173108,403607,978216,73537,1676808,,82165,503700,0
633318,,6231,系微,,8614,,4,上櫃,114,,,,1165931,,1165931,,,,25.54,464228,1465482,456522,496297,67477,1662228,,32069,196746,
85148,,6233,旺玖,,360492,,4,上櫃,114,-35368,0,,1366090,,1366090,,1621000,,17.20,99905,723220,810219,134228,145599,1500318,,34323,777098,0
753332,,6234,高僑,,41671,,4,上櫃,114,,0,,2774815,,2774815,,0,,27.64,1328311,2431270,1003864,1393193,975948,4168008,,64882,1736738,0
-259085,,6236,中湛,,-2618,,4,上櫃,114,,,,154837,,154837,,0,,3.72,9002,147952,416540,13101,0,167938,,4099,19986,0
181537,,6237,驊訊,,3478,,4,上櫃,114,,0,,1500596,,1500596,,0,,18.84,71784,447250,796454,79205,519127,1579801,0,7421,1132551,0
146277,,6240,松崗,,43318,,4,上櫃,114,,,,418269,,418269,,0,,18.29,407456,217965,228674,543350,0,961619,,135894,743654,0
-131663,,6241,鑫永洋,,0,,4,上櫃,114,,,,355337,,,,0,,7.30,240654,316931,487000,242850,0,598187,,2196,281256,0
356768,,6242,立康,,-16978,,4,上櫃,114,,,,871244,,871244,,0,,27.39,168481,253067,318065,221818,213389,1093062,,53337,839995,0
438589,,6244,茂迪,,-479708,,4,上櫃,114,,,,4447226,,4362718,,0,,11.27,2559307,4501925,3870419,5256548,533418,9703774,84508,2697241,5201849,0
3232743,,6245,立端,,-12343,,4,上櫃,114,,0,,6195305,,6195305,,0,,42.26,2458124,7520287,1466083,2892812,1508822,9088117,,434688,1567830,0
43520,,6246,臺龍,,-15166,,4,上櫃,114,,0,,428299,,428299,,0,,11.32,882683,1194267,378514,887832,21431,1316131,,5149,121864,0
434261,,6248,沛波,,4335,,4,上櫃,114,-6335,0,,2341856,,2341856,,299000,,23.50,1050219,2339831,999561,1908072,910034,4249928,,857853,1910097,0
59177,,6259,百徽,,12248,,4,上櫃,114,,,,385217,,384530,,0,,14.10,92525,428201,272621,97402,40484,482619,687,4877,54418,0
3025371,,6261,久元,,-95974,,4,上櫃,114,,,,6828340,,6670979,,0,,51.92,1234837,4272608,1284980,1513524,2456602,8341864,157361,278687,4069256,0
1124108,,6263,普萊德,,0,,4,上櫃,114,,,,1760812,,1760812,,0,,28.17,378148,2026658,625010,448596,11694,2209408,,70448,182750,0
-649521,,6264,富裔,,0,,4,上櫃,114,,,,848631,,714032,,0,,5.24,1429443,3940425,1363553,3642719,0,4491350,134599,2213276,550925,0
9888,,6265,方土昶,,-69446,,4,上櫃,114,,,,1435843,,1435843,,0,,12.15,190960,1410658,1181722,197805,313679,1633648,,6845,222990,0
709929,,6266,泰詠,,47866,,4,上櫃,114,,0,,2559953,,2559953,,0,,16.64,886318,2645430,1538715,1009042,263443,3568995,,122724,923565,0
222352,,6270,倍微,,1070400,,4,上櫃,114,,0,,2346733,,2346733,,0,,32.53,870720,1813534,721458,872592,332523,3219325,,1872,1405791,0
10070179,,6274,台燿,,148051,,4,上櫃,114,,,,18614030,,18614030,,0,,64.47,14620606,32350989,2887142,21127060,5508658,39741090,,6506454,7390101,14750
739082,,6275,元山,,29462,,4,上櫃,114,0,0,,1730529,,1730119,,0,,21.64,1605906,2408220,799529,2229364,162046,3959893,410,623458,1551673,0
9412,,6276,安鈦克,,800,,4,上櫃,114,0,,,230642,,230642,,0,,10.46,380583,570198,220430,405087,0,635729,0,24504,65531,0
5755045,,6279,胡連,,-108561,,4,上櫃,114,,,,9061811,,9008398,,0,,75.69,6411254,9583314,1190157,6702334,2171757,15764145,53413,291080,6180831,0
3288795,,6284,佳邦,,-343045,,4,上櫃,114,-171091,,,7554802,,7520823,,2310000,,51.28,4172689,5841745,1489803,6216223,3256361,13771025,33979,2043534,7929280,0
3950419,,6290,良維,,-41176,,4,上櫃,114,,0,,8226524,,7999485,,0,,47.48,2471870,7598732,1684812,2962868,2405430,11189392,227039,490998,3590660,0
488501,,6291,沛亨,0,-1300,,4,上櫃,114,0,,,1495237,,1397032,,0,,33.26,832590,1968992,420000,895690,489831,2390927,98205,63100,421935,0
647448,,6292,迅德,0,-51484,,4,上櫃,114,0,,,1110860,,1110860,,0,,23.84,291982,1112289,466007,428266,48889,1539126,0,136284,426837,0
319232,,6294,智基,,,,4,上櫃,114,,0,,579703,,579703,,0,,22.26,607778,667799,260471,764556,,1344259,,156778,676460,0
2061929,,6411,晶焱,,60644,,4,上櫃,114,-110287,0,,5042850,,4967427,,1491002,,50.82,1275817,3885098,992306,1310641,1962835,6353491,75423,34824,2468393,0
952492,,6417,韋僑,,-1644,,4,上櫃,114,,,,1721546,,1721546,,0,,40.72,562540,1413974,422740,1141094,347958,2862640,,578554,1448666,0
74137,,6418,詠昇,,-1554,,4,上櫃,114,,0,,507394,,507394,,0,,14.70,223339,554834,345220,462914,89591,970308,,239575,415474,0
320473,,6419,京晨科,,3309,,4,上櫃,114,,,,456650,,456650,,0,,34.70,97154,543032,131592,159610,1276,616260,0,62456,73228,0
34604,,6423,億而得,,,,4,上櫃,114,-69715,,,471317,,,,744000,,16.10,55858,287884,300145,148311,206283,619628,,92453,331744,0
-34329,,6425,易發,,-26272,,4,上櫃,114,-4981,,,1327344,,1271666,,97000,,25.07,1331139,1523280,508132,1555875,829116,2883219,55678,224736,1359939,2211227
216381,,6432,今展科,,-14657,,4,上櫃,114,,,,883725,,883725,,0,,26.52,413854,1043148,333169,457371,348832,1341096,,43517,297948,1075109
1367080,,6435,大中,,142424,,4,上櫃,114,,0,,2053663,,,,0,,54.82,679269,1801892,374613,704326,169546,2757989,,25057,956097,0
-274435,,6441,廣錠,,-227,,4,上櫃,114,,,,1030650,,1022198,,0,,19.17,610291,663650,533185,622777,763675,1653427,8452,12486,989777,0
-959574,,6461,益得,,-5051,,4,上櫃,114,,53000,,1100983,,,,0,,6.17,243324,403129,1783518,1249969,282090,2350952,,1006645,1947823,0
-211730,,6462,神盾,,-1044967,,4,上櫃,114,,,,13490645,,7194600,,0,,78.84,4728328,5999946,912508,5774333,7538789,19264978,6296045,1046005,13265032,0
22996,,6465,威潤,,-2916,,4,上櫃,114,0,0,,491212,,491212,,0,,10.43,43450,284560,470737,76173,395,567385,,32723,282825,0
975709,,6469,大樹,0,39389,,4,上櫃,114,,0,,4000420,,3918181,,0,,26.13,4596051,7490203,1499652,9759045,1403431,13759465,82239,5162994,6269262,266000
534569,,6470,宇智,,6109,,4,上櫃,114,,,,1182951,,1182951,,0,,31.38,395962,1648115,376941,528938,265332,1711889,,132976,63774,0
924359,,6474,華豫寧,,43400,,4,上櫃,114,,,,1697665,,1697665,,0,,32.32,1240724,2508739,525262,1489686,204644,3187351,,248962,678612,0
117371,,6482,弘煜科,,-16837,,4,上櫃,114,,,,434755,,430393,,0,,15.03,98208,478957,286343,106656,43516,541411,4362,8448,62454,0
688784,,6485,點序,,20,,4,上櫃,114,,,,1863595,,1863246,,0,,41.13,341166,1114272,453065,347460,721377,2211055,349,6294,1096783,59500
579634,,6486,互動,0,-372,,4,上櫃,114,,,,2030190,,2016355,,0,,39.62,1488779,2574607,508933,1531689,928160,3561879,13835,42910,987272,0
52139099,,6488,環球晶,,-8385625,,4,上櫃,114,,0,,93295058,,93298545,,0,,195.14,54108725,86629456,4781137,125047759,44763934,218342817,-3487,70939034,131713361,0
-266150,,6492,生華科,,-4481,,4,上櫃,114,-49361,0,,760962,,760962,,518000,,8.51,45345,780408,899036,58300,181918,819262,,12955,38854,0
480211,,6494,九齊,,2021,,4,上櫃,114,,,,994713,,994713,,0,,31.52,112670,894711,315597,153485,196884,1148198,,40815,253487,0
81775,,6496,科懋,,13070,,4,上櫃,114,-23736,0,,804232,,804232,,818000,,17.27,371604,726242,473960,679781,259163,1484013,,308177,757771,0
714075,,6498,久禾光,,2873,,4,上櫃,114,,,,1560945,,1560945,,0,,33.10,648533,1996699,471649,860620,372348,2421565,,212087,424866,0
-1496175,,6499,益安,,42540,,4,上櫃,114,0,0,,1536766,,1475740,,0,,15.22,160957,1322148,969449,243027,1959926,1779793,61026,82070,457645,0
437579,,6506,雙邦,,0,,4,上櫃,114,,,,1299877,,1271802,,0,,15.44,619263,836321,823608,1233039,10615,2532916,28075,613776,1696595,0
1364848,,6508,惠光,,-57048,,4,上櫃,114,,0,,2397411,,2397411,,0,,27.70,355742,2030947,865389,412095,224222,2809506,,56353,778559,0
2253416,,6509,聚和,,-277301,,4,上櫃,114,0,,,5247129,,5247129,,0,,26.70,1869681,4079370,1965433,2627114,1305581,7874243,,757433,3794873,0
4506544,,6510,精測,,7700,,4,上櫃,114,,,,8780428,,8770432,,0,,267.48,1157583,5929648,327890,1170156,3928298,9950584,9996,12573,4020936,0
-19977,,6512,啟發電,,,,4,上櫃,114,,,,354450,,354450,,0,,14.03,29627,289482,252600,29627,121827,384077,,0,94595,0
149756,,6516,勤崴國際,,-10270,,4,上櫃,114,-39346,,,1012155,,,,500000,,18.13,190951,973782,563369,261786,348646,1273941,,70835,300159,0
281965,,6517,保勝光學,,,,4,上櫃,114,,,,670910,,670910,,0,,21.94,90150,635221,305791,107335,83154,778245,,17185,143024,0
752674,,6523,達爾膚,,,,4,上櫃,114,,0,,1354851,,1354851,,0,,30.08,204564,1167128,450477,235861,151700,1590712,,31297,423584,0
572278,,6527,明達醫,0,-6974,,4,上櫃,114,-6576,,,1028490,,1028490,,117000,,40.59,261135,640924,254586,266790,215176,1295280,0,5655,654356,0
101534,,6530,創威,,,,4,上櫃,114,,,,485890,,,,0,,14.40,85767,556771,337500,88836,46856,574726,,3069,17955,0
643135,,6532,瑞耘,,7150,,4,上櫃,114,,0,,1273186,,1273186,,0,,34.00,291305,725519,374451,294200,248450,1567386,,2895,841867,0
-340540,,6535,順藥,,-37457,,4,上櫃,114,-56802,976000,,1519194,,1509437,,355000,,9.01,131037,966096,1678408,131037,265828,1650231,9757,0,684135,0
1057577,,6538,倉和,,-30575,,4,上櫃,114,,,,1908824,,1908824,,0,,50.14,394111,1539405,380730,930650,501092,2839474,,536539,1300069,0
31404,,6542,隆中,,5339,,4,上櫃,114,,0,,823665,,743896,,0,,17.71,169996,879324,420006,172850,287147,996515,79769,2854,117191,0
466695,,6546,正基,,-68136,,4,上櫃,114,,,,2016505,,1999408,,0,,29.91,1121468,2066097,668484,1196626,932365,3213131,17097,75158,1147034,0
-140229,,6547,高端疫苗,,-25919,,4,上櫃,114,,,,3479264,,3479264,,0,,10.58,185045,2362757,3287491,454644,357921,3933908,,269599,1571151,0
4697890,,6548,長科*,,832738,,4,上櫃,114,-951850,,,11464244,,11025536,,27441055,,11.94,5461864,14904915,380195,11390074,6066563,22854318,438708,5928210,7949403,0
897076,,6556,勝品,,988,,4,上櫃,114,,,,1627945,,1592661,,0,,55.40,466144,1215348,287500,485716,407097,2113661,35284,19572,898313,0
100570,,6560,欣普羅,,,,4,上櫃,114,,,,641450,,,,0,,19.75,59229,425416,324747,71769,216133,713219,,12540,287803,0
1464149,,6561,是方,,7587,,4,上櫃,114,,0,,3640265,,3631249,,0,,46.58,1447347,1256813,779584,3778038,1379929,7418303,9016,2330691,6161490,0
882698,,6568,宏觀,,-30955,,4,上櫃,114,0,600,,1547008,,1547008,,0,,50.18,247135,1420552,308284,248285,386981,1795293,,1150,374741,0
414476,,6569,醫揚,,6266,,4,上櫃,114,,0,,1570097,,1570097,,0,,40.19,384249,834041,390707,583590,758648,2153687,0,199341,1319646,0
154446,,6570,維田,,-7796,,4,上櫃,114,,,,813783,,813783,,0,,21.92,240146,561466,371191,581364,295942,1395147,,341218,833681,0
405494,,6574,霈方,,138164,,4,上櫃,114,,,,892455,,892455,,0,,40.58,110786,573087,219900,213096,128897,1105551,,102310,532464,0
-6693790,,6576,逸達,,-38857,,4,上櫃,114,,0,,929614,,929614,,0,,5.90,286304,985711,1575375,380777,6086886,1310391,,94473,324680,0
578139,,6577,勁豐,,-57684,,4,上櫃,114,,,,1492754,,1492754,,0,,24.85,616940,1731942,600602,677251,371697,2170005,,60311,438063,0
-55257,,6578,達邦蛋白,,-13588,,4,上櫃,114,,0,,989276,,989276,,0,,13.75,84488,225676,719419,106484,338702,1095760,,21996,870084,0
998225,,6584,南俊國際,,-32046,,4,上櫃,114,-2576,0,,3143654,,3143654,,23000,,45.14,653251,1577033,696644,1242832,1483407,4386486,,589581,2809453,0
-65129,,6588,東典光電,,4184,,4,上櫃,114,,,,907930,,765209,,0,,22.05,164461,522944,347008,286021,479146,1193951,142721,121560,671007,0
224557,,6590,普鴻,,-9060,,4,上櫃,114,,64000,,813145,,707579,,0,,28.34,227251,647704,249641,377363,242441,1190508,105566,150112,542804,0
144669,,6593,台灣銘板,,-164,,4,上櫃,114,,,,896791,,894239,,0,,28.07,65638,417072,318566,91353,431168,988144,2552,25715,571072,0
789943,,6596,寬宏藝術,,-6718,,4,上櫃,114,,,,1662659,,1662659,,0,,43.75,1368996,2267004,380000,1376559,499434,3039218,,7563,772214,0
187980,,6597,立誠,,,,4,上櫃,114,-67780,0,,812583,,,,840000,,27.83,452627,691409,300423,457658,391960,1270241,,5031,578832,0
870326,,6603,富強鑫,,-33006,,4,上櫃,114,-23773,,,2754460,,2568731,,1403000,,15.47,3184213,5478092,1674430,5754367,80754,8508827,185729,2570154,3030735,0
1492618,,6609,瀧澤科,,-8359,,4,上櫃,114,,,,2355614,,2355614,,0,,32.51,922295,2269900,724562,1017809,146793,3373423,,95514,1103523,0
450812,,6612,奈米醫材,,708,,4,上櫃,114,0,,,1968317,,1834791,,0,,38.62,833459,1701336,475146,1211679,908125,3179996,133526,378220,1478660,0
2702532,,6613,朋億*,,381254,,4,上櫃,114,,0,,7134625,,5335175,,0,,68.57,4007585,10361715,389007,4643577,1862382,11778202,1799450,635992,1416487,0
70824,,6615,慧智,,-220,,4,上櫃,114,,0,,628434,,628127,,0,,29.09,70896,236197,215934,95913,341589,724347,307,25017,488150,0
-49178,,6616,特昇-KY,,44298,,4,上櫃,114,,,,445054,,448157,,0,,12.63,291365,593236,354785,317427,98252,762481,-3103,26062,169245,0
-1645982,,6617,共信-KY,,-64875,,4,上櫃,114,-532981,0,,2517827,,2530938,,4886000,,20.64,180416,1868428,1275061,279197,3499715,2797024,-13111,98781,928596,0
1057975,,6620,漢達,,-77258,,4,上櫃,114,-114398,,,5660459,,5660459,,1453000,,33.59,117838,4312266,1699831,232053,3094309,5892512,,114215,1580246,0
39801,,6624,萬年清,,-1567,,4,上櫃,114,,,,500139,,497498,,0,,22.17,307907,659461,224366,421849,234898,921988,2641,113942,262527,1556628
620286,,6629,泰金-KY,,115185,,4,上櫃,114,,0,,1708063,,1706366,,0,,44.47,853894,1981038,383712,887996,587183,2596059,1697,34102,615021,0
539772,,6637,醫影,,-4001,,4,上櫃,114,,,,1120187,,1120187,,0,,41.78,389985,1186006,268100,795310,316316,1915497,,405325,729491,0
580116,,6640,均華,,1301262,,4,上櫃,114,-174315,0,,2454902,,2454902,,250000,,86.85,2254554,2602706,285175,2709380,462664,5164282,0,454826,2561576,0
353469,,6642,富致,,-12501,,4,上櫃,114,,0,,1071798,,1071798,,0,,28.66,192484,685721,373996,452281,356834,1524079,,259797,838358,0
741601,,6643,M31,,-339,,4,上櫃,114,-3408,,,1900479,,1900479,,7000,,45.48,248872,1239588,417982,262523,744643,2163002,,13651,923414,0
72419,,6649,台生材,,,,4,上櫃,114,,0,,685087,,,,0,,16.31,54990,468880,420000,104860,192668,789947,,49870,321067,0
632847,,6651,全宇昕,,0,,4,上櫃,114,,0,,1274263,,,,0,,36.83,273912,1309067,346016,276804,295400,1551067,,2892,242000,0
48826,,6654,天正國際,,40373,,4,上櫃,114,,,,1161178,,1140033,,0,,27.83,615370,1078562,409627,1083363,641207,2244541,21145,467993,1165979,0
21294,,6661,威健生技,,-23972,,4,上櫃,114,,,,286074,,281297,,0,,12.07,164401,363828,233043,336119,50932,622193,4777,171718,258365,0
141582,,6662,樂斯科,,-24111,,4,上櫃,114,,,,457716,,,,0,,17.87,53686,211105,256124,134859,84121,592575,,81173,381470,0
2748188,,6664,群翊,0,-13939,,4,上櫃,114,,,,4246610,,4246610,,0,,69.84,3374803,7307492,608066,4649642,904295,8896252,0,1274839,1588760,0
947526,,6667,信紘科,,-11731,,4,上櫃,114,,,,2666614,,2659660,,0,,53.97,3238445,5307678,492789,3712606,1231076,6379220,6954,474161,1071542,0
936551,,6679,鈺太,,417256,,4,上櫃,114,-364417,,,5241028,,5241028,,1688000,,98.35,225796,3839621,549753,259558,3701885,5500586,,33762,1660965,0
136496,,6680,鑫創電子,,-220,,4,上櫃,114,0,,,544295,,544295,,0,,22.77,219619,504687,239072,903227,168947,1447522,,683608,942835,0
2082785,,6683,雍智科技,,-41539,,4,上櫃,114,,,,2714002,,2714002,,0,,98.81,629110,2416201,274677,653577,398079,3367579,,24467,951378,0
-124852,,6684,安格,,-57886,,4,上櫃,114,,,,1618153,,1608833,,0,,36.11,109051,633025,445595,138323,1345976,1756476,9320,29272,1123451,0
585032,,6690,安碁資訊,,-36424,,4,上櫃,114,,0,,3138410,,3138410,,0,,104.61,1032423,2552130,299997,1681218,2289805,4819628,,648795,2267498,0
203002,,6692,進能服,0,-17459,,4,上櫃,114,,0,,1077332,,1071320,,0,,18.21,820238,1598792,588239,860506,297538,1937838,6012,40268,339046,47500
89884,,6693,廣閎科,,-7685,,4,上櫃,114,-38895,0,,1070507,,1070507,,674000,,23.76,410270,1113811,457200,606820,570003,1677327,0,196550,563516,0
191026,,6697,東捷資訊,,-1005,,4,上櫃,114,,0,,621297,,621297,,0,,22.74,399844,850801,273234,409633,158042,1030930,,9789,180129,0
436054,,6703,軒郁,,-15460,,4,上櫃,114,-36008,,,1335895,,1290490,,250000,,39.42,670949,1590085,329838,1016478,576066,2352373,45405,345529,762288,0
34,,6708,天擎,,-6613,,4,上櫃,114,-20416,,,377869,,377869,,420000,,13.22,36912,377423,290088,43831,114776,421700,,6919,44277,0
218304,,6712,長聖,,-77032,,4,上櫃,114,0,,,1526553,,1526553,,0,,17.43,422546,752682,875970,477802,509311,2004355,,55256,1251673,0
311702,,6716,應廣,,-62963,,4,上櫃,114,0,7500,,746600,,746600,,0,,24.66,362449,1015465,302698,393928,195163,1140528,,31479,125063,0
144311,,6720,久昌,,1263,,4,上櫃,114,-32979,,,950839,,950839,,250000,,31.81,139011,919446,302490,193627,535754,1144466,0,54616,225020,61500
255873,,6721,信實,,,,4,上櫃,114,,,,659499,,659499,,0,,29.31,540230,1066950,225000,579774,178626,1239273,,39544,172323,0
1167867,,6725,矽科宏晟,,2051,,4,上櫃,114,,,,2441980,,2441980,,0,,65.77,1757668,4041149,371300,1882053,900762,4324033,,124385,282884,0
739006,,6727,亞泰金屬,,1707,,4,上櫃,114,,,,1403776,,1403776,,0,,52.22,2627153,3350113,268842,2709960,394221,4113736,,82807,763623,0
811013,,6728,上洋,,-1644,,4,上櫃,114,,,,2020570,,2009011,,0,,66.72,1507984,2524245,301100,2473975,898542,4494545,11559,965991,1970300,0
256109,,6730,常廣,,-429,,4,上櫃,114,,0,,761990,,761990,,0,,20.99,122035,309842,362982,377350,143328,1139340,,255315,829498,0
1493363,,6732,昇佳電子,,35951,,4,上櫃,114,,,,4220810,,,,0,,86.29,1203517,3663528,489126,1296283,2202370,5517093,,92766,1853565,0
-482927,,6733,博晟生醫,,-18267,,4,上櫃,114,,0,,757639,,742093,,0,,5.97,36163,636430,1243560,57739,-273,815378,15546,21576,178948,0
153610,,6735,美達科技,,634,,4,上櫃,114,,0,,957301,,957301,,0,,20.73,101702,634458,461823,109883,341234,1067184,,8181,432726,0
423327,,6739,竹陞科技,,-375,,4,上櫃,114,-3113,0,,1023846,,1023846,,57000,,43.92,269851,833696,233683,270662,370324,1294508,,811,460812,0
1899246,,6741,91APP*-KY,,113397,,4,上櫃,114,-664337,,,3189835,,3181790,,6070000,,27.79,1866858,3150495,602890,1911632,1230594,5101467,8045,44774,1950972,0
156276,,6751,智聯服務,,-15048,,4,上櫃,114,,,,1017887,,962037,,0,,43.34,355792,744153,222000,389267,598809,1407154,55850,33475,663001,0
822781,,6752,叡揚,,64827,,4,上櫃,114,,,,1414631,,1397352,,0,,37.62,1573217,1569828,371441,1760892,138303,3175523,17279,187675,1605695,0
565639,,6761,穩得,,-8592,,4,上櫃,114,-15598,0,,1791926,,1791926,,174000,,51.52,794432,1511949,349559,867736,900918,2659662,,73304,1147713,0
295925,,6762,達亞,,0,,4,上櫃,114,,0,,1313109,,,,0,,37.33,895999,512997,351717,1497478,665467,2810587,,601479,2297590,0
949156,,6763,綠界科技*,,-95155,,4,上櫃,114,,,,3205515,,3167863,,0,,17.21,4195770,6012413,184039,4281526,2129823,7487041,37652,85756,1474628,0
-144359,,6767,台微醫,,54,,4,上櫃,114,,,,572722,,572722,,0,,14.62,58523,501559,391836,137963,325191,710685,,79440,209126,0
148704,,6785,昱展新藥,,7740,,4,上櫃,114,,,,2403221,,,,0,,35.98,74466,2352648,668000,84337,1578777,2487558,,9871,134910,0
1186069,,6788,華景電,,16344,,4,上櫃,114,,,,2808140,,2799183,,,,72.26,764543,3011319,387397,994925,1209373,3803065,8957,230382,791746,
163616,,6791,虎門科技,,-11,,4,上櫃,114,,,,524126,,488252,,0,,23.42,322679,671550,208470,351015,116177,875141,35874,28336,203591,0
3261512,,6803,崑鼎,,88388,,4,上櫃,114,-57,0,,7703972,,7076168,,1605,,97.38,5187859,5032775,726642,9103686,2999683,16807658,627804,3915827,11774883,9959
210874,,6804,明係,,-22785,,4,上櫃,114,,,,1069435,,1069435,,0,,30.56,619719,657757,350000,760361,531346,1829796,,140642,1172039,0
1354315,,6811,宏碁資訊,,-39839,,4,上櫃,114,,0,,2357064,,2357064,,0,,56.87,3770819,4197990,414490,3900600,628098,6257664,,129781,2059674,0
244737,,6821,聯寶,,-30379,,4,上櫃,114,-33069,,,637708,,637708,,855000,,20.81,174392,839912,315255,523098,141164,1160806,,348706,320894,44050
-265300,,6823,濾能,,-17991,,4,上櫃,114,-1714,0,,499463,,498248,,28000,,17.96,424777,457000,277639,721410,505614,1220873,1215,296633,763873,0
376399,,6829,千附精密,,,,4,上櫃,114,,,,1940399,,,,0,,32.79,799280,1072769,591690,1147348,972310,3087747,,348068,2014978,0
274768,,6840,東研信超,,-21001,,4,上櫃,114,,,,1050663,,1050663,,0,,34.18,259321,568085,307414,710668,489482,1761331,,451347,1193246,0
-49808,,6841,長佳智能,,,,4,上櫃,114,-74766,,,2004705,,1677888,,765000,,17.77,109409,856114,951980,110744,850482,2115449,326817,1335,1259335,0
234613,,6843,進典,,12142,,4,上櫃,114,,,,862089,,860773,,0,,25.85,196258,976735,333040,620506,280978,1482595,1316,424248,505860,0
1418062,,6844,諾貝兒,,,,4,上櫃,114,0,0,,3193340,,3193340,,0,,85.32,728625,2627851,374284,1727168,1400994,4920508,,998543,2292657,0
449348,,6846,綠茵,,-338,,4,上櫃,114,,,,978559,,978559,,0,,36.19,217105,1484643,270410,1130850,259139,2109409,,913745,624766,12820
599528,,6855,數泓科,,13,,4,上櫃,114,,,,912978,,,,0,,39.27,472751,1310372,232497,475373,80940,1388351,,2622,77979,0
248686,,6856,鑫傳,,2466,,4,上櫃,114,,0,,816232,,772305,,0,,27.39,219877,628655,282000,238763,239153,1054995,43927,18886,426340,0
1051753,,6859,伯特光,,511,,4,上櫃,114,,,,2145093,,2145093,,0,,51.58,273969,1540711,415886,360588,676943,2505681,,86619,964970,0
87569,,6865,偉康科技,,46,,4,上櫃,114,-7799,0,,392138,,,,162000,,25.03,159177,464682,158301,200087,154021,592225,,40910,127543,0
209375,,6870,騰雲,,-6448,,4,上櫃,114,,,,1205469,,1176259,,0,,50.32,356857,1079354,233755,1085908,739577,2291377,29210,729051,1212023,27322
-688260,,6872,浩宇生醫,,-288,,4,上櫃,114,,0,,565374,,555645,,0,,7.85,58180,461407,707505,70615,536688,635989,9729,12435,174582,0
128531,,6874,倍力,,,,4,上櫃,114,-34887,0,,468368,,,,438000,,21.72,1060117,1370160,220000,1168735,154724,1637103,,108618,266943,0
-371175,,6875,國邑*,,7,,4,上櫃,114,,0,,1557944,,1557944,,0,,12.06,99469,1204347,645764,190571,1283348,1748515,,91102,544168,0
71163,,6877,鏵友益,,-20181,,4,上櫃,114,0,0,,911610,,911610,,0,,19.41,152154,865630,469671,350095,390957,1261705,,197941,396075,0
350354,,6881,潤德,,8164,,4,上櫃,114,,0,,912153,,,,0,,60.81,1144808,1683437,150000,1159673,403635,2071826,,14865,388389,0
73460,,6884,海柏特,,9903,,4,上櫃,114,,0,,335575,,332540,,0,,18.08,245373,596721,183900,384841,65277,720416,3035,139468,123695,0
652439,,6894,衛司特,,11105,,4,上櫃,114,,,,1625527,,1576071,,0,,66.22,384899,1606652,238000,494415,674527,2119942,49456,109516,513290,0
188924,,6895,宏碩系統,,,,4,上櫃,114,,0,,1064853,,,,0,,31.23,277887,877524,341000,298697,534929,1363550,,20810,486026,0
1120153,,6899,創為精密,,-3061,,4,上櫃,114,-26105,0,,1879002,,1878650,,500,,44.31,240404,1166142,423985,433583,363678,2312585,352,193179,1146443,0
1515485,,6903,巨漢,,,,4,上櫃,114,-109758,,,3269777,,,,828000,,49.66,1820675,4987565,666760,1822098,1197290,5091875,,1423,104310,0
618596,,6904,伯鑫,,-9038,,4,上櫃,114,,0,,1034025,,1034025,,0,,55.89,476352,934976,185000,721854,239467,1755879,,245502,820903,0
332079,,6907,雅特力-KY,,30192,,4,上櫃,114,,,,1060493,,1060493,,0,,20.72,262359,1261264,511740,278065,186482,1338558,,15706,77294,0
80240,,6910,德鴻,,2245,,4,上櫃,114,,,,474934,,474934,,0,,15.56,117249,567821,305210,119234,87239,594168,,1985,26347,0
626472,,6913,鴻呈,,-51709,,4,上櫃,114,-28969,,,1650833,,1553836,,268000,,35.65,1044936,1982418,438488,1255827,569554,2906660,96997,210891,924242,0
411933,,6922,宸曜,,8520,,4,上櫃,114,,0,,1047197,,1047197,,0,,38.56,384205,1056579,271554,955337,355190,2002534,,571132,945955,0
101021,,6925,意藍,,,,4,上櫃,114,,,,407500,,,,0,,20.37,57638,439798,200003,58952,106476,466452,,1314,26654,0
-72399,,6929,佑全,,,,4,上櫃,114,,,,1048441,,,,0,,23.26,947860,1449674,451083,1929776,669757,2978217,,981916,1528543,15000
-444767,,6945,圓祥生技,,996,,4,上櫃,114,,0,,1271108,,1271108,,0,,14.85,40798,1221591,855734,94222,859145,1365330,,53424,143739,0
543847,,6953,家碩,,-18003,,4,上櫃,114,,,,1611732,,1611732,,0,,53.70,685875,2025036,300146,956660,785742,2568392,,270785,543356,0
133927,,6961,旅天下,,20873,,4,上櫃,114,,0,,828337,,820716,,0,,34.73,282277,967981,236340,336132,429576,1164469,7621,53855,196488,0
306129,,6967,汎瑋材料,,-2809,,4,上櫃,114,-25637,,,826330,,826330,,500000,,33.86,421006,1056634,249045,427491,299602,1253821,,6485,197187,0
225641,,6968,萬達寵物,,0,,4,上櫃,114,,0,,1304873,,1304362,,0,,26.38,752946,1314824,494473,2120147,584248,3425020,511,1367201,2110196,0
241163,,6971,惠民實業,,4129,,4,上櫃,114,,0,,901486,,901486,,0,,23.31,1811447,1873986,386680,2029575,269514,2931061,,218128,1057075,0
61602,,6982,大井泵浦,,-11798,,4,上櫃,114,,0,,908831,,908831,,0,,22.34,517228,899981,406747,1844610,452280,2753441,,1327382,1853460,25613
146475,,6983,華洋精機,,,,4,上櫃,114,,0,,446834,,,,0,,28.10,126953,415228,159000,301733,141359,748567,,174780,333339,0
142183,,6986,和迅,,,,4,上櫃,114,,0,,741597,,,,0,,16.12,62544,609605,460000,95468,139414,837065,,32924,227460,0
851502,,6996,力領科技,,-34136,,4,上櫃,114,,,,2730334,,,,0,,65.00,746176,2915909,420053,763635,1492915,3493969,,17459,578060,0
145907,,6997,博弘,,3320,,4,上櫃,114,,,,625751,,625751,,0,,28.31,1131999,1780200,221005,1219482,255519,1845233,,87483,65033,0
63462,,7402,邑錡,,-30899,,4,上櫃,114,0,,,649864,,,,0,,18.44,119195,746866,352356,492342,264945,1142206,,373147,395340,0
102964,,7547,碩網,,3227,,4,上櫃,114,,,,979531,,979531,,0,,29.20,106462,1018607,335480,109780,537860,1089311,,3318,70704,344000
498277,,7556,意德士科技,,55799,,4,上櫃,114,,,,1310020,,1306652,,0,,47.83,278001,1023005,273197,698966,479379,2008986,3368,420965,985981,0
111811,,7584,樂意,,8638,,4,上櫃,114,,,,464439,,464439,,0,,28.21,295535,225846,164628,318008,179362,782447,0,22473,556601,0
357512,,7642,昶瑞機電,,,,4,上櫃,114,,,,1003745,,1003745,,0,,33.29,157480,425674,301500,409400,344733,1413145,,251920,987471,0
633123,,7703,銳澤,,3277,,4,上櫃,114,,0,,2143479,,2142194,,0,,61.65,755593,2575883,347450,802568,1158344,2946047,1285,46975,370164,0
151817,,7704,明遠精密,0,789,,4,上櫃,114,0,,,1164695,,1157462,,0,,34.28,136570,964066,337698,153414,667158,1318109,7233,16844,354043,0
368352,,7708,全家餐飲,,969,,4,上櫃,114,,0,,1036579,,1036579,,0,,40.65,574411,1106360,255000,874732,412258,1911311,,300321,804951,0
1061111,,7709,榮田,,0,,4,上櫃,114,0,,,1688302,,,,0,,43.18,606887,1482445,391027,617707,236164,2306009,,10820,823564,0
845642,,7712,博盛半導體,,926,,4,上櫃,114,,0,,1902345,,1902345,,0,,58.42,333900,1234225,325619,602554,730158,2504899,,268654,1270674,0
406537,,7713,威力德生醫,,14489,,4,上櫃,114,,,,1260120,,1260120,,0,,27.71,432302,780386,454789,1188865,384305,2448985,,756563,1668599,0
137272,,7714,創泓科技,,838,,4,上櫃,114,,,,555142,,555117,,0,,26.43,414482,915142,210000,425846,207007,980988,25,11364,65846,0
300957,,7715,裕山,,1591,,4,上櫃,114,-34428,,,936425,,936425,,1000000,,28.60,450304,1275156,337470,560466,330835,1496891,,110162,221735,0
205524,,7716,昱臺國際,,-4782,,4,上櫃,114,,,,493242,,490716,,0,,21.81,135742,477069,225000,197606,64974,690848,2526,61864,213779,0
207527,,7717,萊德光電-KY,,-7620,,4,上櫃,114,,0,,1005397,,998722,,0,,40.31,251814,1155040,247777,375189,551038,1380586,6675,123375,225546,0
705285,,7718,友鋮,,1246,,4,上櫃,114,-38803,,,1550445,,1550445,,800000,,34.03,436262,1323904,463565,529765,419152,2080210,,93503,756306,0
-261475,,7723,築間,,-3267,,4,上櫃,114,-41529,0,,846454,,841563,,1000000,,16.96,1281296,761401,506195,3503629,641639,4350083,4891,2222333,3588682,0
103769,,7728,光焱科技,,-351,,4,上櫃,114,,,,753242,,753242,,0,,54.37,151724,839675,138541,160723,511283,913965,,8999,74290,0
2591146,,7734,印能科技,,-4962,,4,上櫃,114,-281845,,,6456715,,6435215,,250000,,231.90,791612,6686987,280000,1200511,3850876,7657226,21500,408899,970239,0
506559,,7738,東聯互動,,27650,,4,上櫃,114,,,,2016272,,2016272,,0,,73.71,170490,2062337,273558,176542,1208505,2192814,,6052,130477,0
79066,,7743,金利食安,,4074,,4,上櫃,114,,,,748348,,646222,,0,,17.71,138448,597862,364833,319420,198249,1067768,102126,180972,469906,0
890778,,7744,崴寶,,-37151,,4,上櫃,114,,,,2438110,,2438110,,0,,76.19,796746,2055532,320000,854159,1264483,3292269,,57413,1236737,0
131383,,7747,昕奇雲端,,1882,,4,上櫃,114,,0,,1015993,,980056,,0,,35.73,273862,1203343,274260,280770,572531,1296763,35937,6908,93420,0
1224075,,7751,竑騰,,1929,,4,上櫃,114,,,,2473209,,2468420,,0,,91.80,1419419,3729421,268886,1488645,973530,3961854,4789,69226,232433,0
159615,,7753,星亞,,,,4,上櫃,114,,,,550967,,,,0,,22.04,304128,643127,250000,345369,141352,896336,,41241,253209,0
325716,,7757,金色三麥,,0,,4,上櫃,114,,0,,1124590,,1103091,,0,,45.77,470822,806989,241000,871590,536375,1996180,21499,400768,1189191,0
418364,,7767,仁大資訊,,-2440,,4,上櫃,114,,,,922556,,922556,,0,,30.65,881777,1185658,301000,1174600,205632,2097156,0,292823,911498,0
165419,,7770,君曜,,39,,4,上櫃,114,,0,,617794,,617794,,0,,20.55,90784,652129,300621,128885,151715,746679,,38101,94550,0
193490,,7772,耀穎,,,,4,上櫃,114,,0,,705764,,,,0,,29.31,154124,414721,240786,412615,271488,1118379,,258491,703658,0
134366,,7777,能率亞洲,,15281,,4,上櫃,114,,0,,2153140,,,,0,,11.80,13249,568693,1825000,15333,178493,2168473,,2084,1599780,0
75592,,7782,光速火箭,,,,4,上櫃,114,-5530,0,,490620,,481730,,130000,,20.87,185494,474259,232130,399849,179538,890469,8890,214355,416210,0
1202514,,7792,安葆,,-8429,,4,上櫃,114,,0,,2595388,,2595388,,0,,60.82,2555372,4632664,426720,2766101,974583,5361489,,210729,728825,0
81019,,7794,宏碁智新,,-8489,,4,上櫃,114,,0,,369017,,369017,,0,,14.76,402074,657929,250000,739771,46487,1108788,,337697,450859,0
5161471,,7805,威聯通,,24225,,4,上櫃,114,0,0,,7889592,,7889592,,0,,238.18,1832614,5624126,331251,1974832,2372645,9864424,,142218,4240298,0
188087,,7810,捷創科技,,228,,4,上櫃,114,,,,946817,,,,0,,46.76,158008,928958,202500,174675,556002,1121492,,16667,192534,0
451440,,7811,民盛,,117775,,4,上櫃,114,,,,1855257,,1855257,,0,,61.07,937726,1736489,303770,1031152,982272,2886409,0,93426,1149920,0
-105893,,7814,海昌生技,,,,4,上櫃,114,,0,,294107,,294107,,0,,7.35,26076,249991,400000,26146,0,320253,,70,70262,0
159921,,7819,精誠金融,0,,,4,上櫃,114,,,,459854,,,,0,,20.94,153439,487684,219635,181617,80298,641471,,28178,153787,0
126429,,7820,立盈,,,,4,上櫃,114,,0,,777181,,,,0,,22.63,85108,549877,343481,585806,307271,1362987,,500698,813110,0
133591,,7825,和亞智慧,,-17201,,4,上櫃,114,0,0,,423954,,423954,,0,,18.34,194578,533883,231145,324381,76419,748335,,129803,214452,0
323138,,7828,創新服務,,224,,4,上櫃,114,,0,,1191915,,1191915,,0,,32.49,352729,1267473,366859,550679,501694,1742594,,197950,475121,0
39355,,7839,達人網,,-359,,4,上櫃,114,,0,,172156,,172156,,0,,12.93,43696,200492,133160,46751,0,218907,,3055,18415,0
69015,,7842,天能綠電,,,,4,上櫃,114,,0,,444735,,,,0,,29.67,362345,752468,149880,409878,225840,854613,,47533,102145,0
-69990,,8024,佑華,,-3864,,4,上櫃,114,,,,424178,,424178,,0,,9.39,21283,318420,451601,34086,46431,458264,0,12803,139844,0
2565,,8027,鈦昇,,-45298,,4,上櫃,114,-153725,,,2657589,,2647736,,2423000,,25.16,758309,2343658,1078864,1487101,1765330,4144690,9853,728792,1801032,182001
1295085,,8032,光菱,,357374,,4,上櫃,114,,,,2226359,,2221319,,0,,42.87,1099778,2292078,518103,1253477,50757,3479836,5040,153699,1187758,0
157707,,8034,榮群,,-9570,,4,上櫃,114,-5054,0,,720216,,720216,,354057,,12.81,120202,815236,565863,137781,11270,857997,,17579,42761,0
-284723,,8038,長園科,,-18,,4,上櫃,114,0,0,,525053,,461745,,0,,7.41,582092,727441,622782,799044,123704,1324097,63308,216952,596656,0
-58220,,8040,九暘,,0,,4,上櫃,114,,0,,2444141,,,,0,,25.35,100688,2236166,964139,108570,1538222,2552711,,7882,316545,0
1490635,,8042,金山電,,-74888,,4,上櫃,114,,0,,4036881,,3960209,,0,,30.59,2872380,5175962,1294625,4894720,1249837,8931601,76672,2022340,3755639,0
1676003,,8043,蜜望實,,-34479,,4,上櫃,114,0,0,,2757493,,2757493,,0,,34.51,1712760,4141649,799072,1827572,316897,4585065,,114812,443416,0
-1488997,,8044,網家,,-610780,,4,上櫃,114,-210502,0,,8733582,,6697464,,2779000,,33.01,16623644,16530585,2056470,24181693,6951273,32915275,2036118,7558049,16384690,0
-22121,,8047,星雲,,-11099,,4,上櫃,114,,0,,392282,,392282,,0,,9.41,89807,321941,416663,90264,8839,482546,,457,160605,0
579781,,8048,德勝,,-28515,,4,上櫃,114,0,,,1167784,,1167784,,0,,20.24,274462,1155116,577058,278461,39460,1446245,,3999,291129,0
780896,,8049,晶采,,387942,,4,上櫃,114,0,0,,2383107,,2383107,,0,,20.15,268500,1312420,1182798,336277,31471,2719384,0,67777,1406964,0
2342363,,8050,廣積,,359267,,4,上櫃,114,-243522,,,7981217,,7214505,,6000000,,36.22,2328574,4548496,2052049,3940077,2704348,11921294,766712,1611503,7372798,26856
-331421,,8054,安國,,-75276,,4,上櫃,114,,,,4486142,,2624624,,0,,24.81,2714694,3884407,1057726,3079091,1973595,7565233,1861518,364397,3680826,0
-917928,,8059,凱碩,,-60471,,4,上櫃,114,,,,1348295,,1116247,,0,,5.75,6434191,6482666,1939818,6578866,154828,7927161,232048,144675,1444495,132000
1023253,,8064,東捷,,81893,,4,上櫃,114,,,,3470029,,3220445,,0,,19.54,1699450,4175738,1648178,2139226,467121,5609255,249584,439776,1433517,0
112618,,8066,來思達,,5968,,4,上櫃,114,,,,523258,,440741,,0,,14.87,631782,999944,296423,900099,25732,1423357,82517,268317,423413,0
-77272,,8067,志旭,,1148,,4,上櫃,114,,,,141775,,141775,,0,,6.85,186617,231613,207000,227621,10899,369396,0,41004,137783,0
236220,,8068,全達,0,72388,,4,上櫃,114,,0,,1198349,,1129574,,0,,13.99,633048,867670,807659,743944,13307,1942293,68775,110896,1074623,0
29500750,,8069,元太,,15944184,,4,上櫃,114,,,,69910477,,68710410,,0,,59.63,19907402,33189321,11605445,37334690,11660031,107245167,1200067,17427288,74055846,1487200
-83174,,8071,能率網通,0,-32332,,4,上櫃,114,,,,1043956,,767422,,0,,12.77,1195115,1599618,600843,1452936,282085,2496892,276534,257821,897274,0
488395,,8074,鉅橡,,-31794,,4,上櫃,114,0,,,1646688,,1589961,,0,,19.64,791205,1531935,809745,1630500,323615,3277188,56727,839295,1745253,0
1100159,,8076,伍豐,,-863735,,4,上櫃,114,0,,,4004469,,3941127,,0,,13.49,2195947,2390563,2922136,2314367,782567,6318836,63342,118420,3928273,0
234848,,8077,洛碁,,0,,4,上櫃,114,,,,499812,,,,0,,22.77,770798,496656,219457,2221285,45507,2721097,,1450487,2224441,0
-124893,,8080,泰霖,,-30576,,4,上櫃,114,,,,557370,,557370,,0,,8.30,456122,929756,671639,469807,41200,1027177,,13685,97421,0
658998,,8083,瑞穎,,0,,4,上櫃,114,,0,,1226035,,,,0,,34.90,488040,983853,351332,489565,215705,1715600,,1525,731747,0
-203313,,8084,巨虹,,358,,4,上櫃,114,,0,,1449539,,512647,,0,,7.37,321833,1236979,695142,773524,20460,2223063,936892,451691,986084,0
-153560,,8085,福華,0,-29747,,4,上櫃,114,0,,0,1265239,,1265239,,0,,9.04,233747,1367816,1399830,1402939,48716,2668178,0,1169192,1300362,0
2127027,,8086,宏捷科,,,,4,上櫃,114,,0,,8232819,,,,0,,41.89,1509135,5569290,1965161,2292636,4140631,10525455,,783501,4956165,0
50921,,8087,麗升能源,,3112,,4,上櫃,114,-28681,,,763574,,763574,,800000,,20.00,518587,1332950,389854,1126696,348368,1890270,0,608109,557320,0
331672,,8088,品安,,-13810,,4,上櫃,114,0,0,,1104856,,,,0,,18.14,272888,951210,609217,274618,177777,1379474,,1730,428264,0
137002,,8089,康全電訊,,59843,,4,上櫃,114,,,,1107986,,1107986,,0,,16.79,256807,1191465,659987,451610,251154,1559596,,194803,368131,0
1297180,,8091,翔名,,-2998,,4,上櫃,114,-151925,,,3629047,,3587361,,1427000,,69.09,1190265,2601692,573013,1339741,1872091,4968788,41686,149476,2367096,589000
-175044,,8092,建暐,,-642,,4,上櫃,114,,0,,555950,,555899,,0,,9.72,293422,482536,571723,342353,159862,898303,51,48931,415767,0
-133733,,8093,保銳,,-16533,,4,上櫃,114,,0,,263896,,263890,,0,,7.22,154219,205860,365676,158402,48480,422298,6,4183,216438,0
339781,,8096,擎亞,,27804,,4,上櫃,114,,0,,2665948,,2665948,,0,,17.85,5875967,7896386,1493431,5911382,804932,8577330,0,35415,680944,0
45488,,8097,常珵,,16311,,4,上櫃,114,-101581,,,1193158,,1193158,,1500000,,19.15,70272,614552,638025,146685,594915,1339843,,76413,725291,0
607933,,8099,大世科,,-4055,,4,上櫃,114,,,,1685394,,1685394,,0,,16.84,1798388,3219339,1000728,1976889,80788,3662283,0,178501,442944,0
79024,,8102,傑霖科技,,-509,,4,上櫃,114,,0,,419186,,419186,,0,,17.95,63123,379978,233584,88350,107087,507536,,25227,127558,0
603800,,8107,大億金茂,,60326,,4,上櫃,114,,0,,1484287,,1484287,,0,,19.79,368462,802604,750000,1395900,70161,2880187,0,1027438,2077583,0
2036754,,8109,博大,,-119637,,4,上櫃,114,0,,,3114068,,3114068,,0,,37.90,503709,2499717,821612,836873,375339,3950941,,333164,1451224,0
265252,,8111,立碁,0,-24509,,4,上櫃,114,0,0,,1340968,,1338299,,0,,12.27,812700,1497086,1091022,835325,6534,2176293,2669,22625,679207,0
-86859,,8121,越峰,,-79456,,4,上櫃,114,,,,2681253,,1963676,,0,,9.22,957887,2628574,2129937,2983763,54,5665016,717577,2025876,3036442,0
276983,,8147,正淩,0,-6245,,4,上櫃,114,0,0,,1488464,,1479400,,0,,35.76,579407,1133065,413687,866833,794975,2355297,9064,287426,1222232,290000
1432492,,8155,博智,,-136,,4,上櫃,114,0,0,,3231161,,3201414,,0,,55.80,1965293,4317917,573728,2737797,1195330,5968958,29747,772504,1651041,0
-615640,,8171,天宇,,-4509,,4,上櫃,114,-45833,0,,2346697,,1923609,,1114000,,17.22,391539,1506328,1128533,1062483,1461058,3409180,423088,670944,1902852,0
-99000,,8176,智捷,,-19779,,4,上櫃,114,-25106,,,588851,,573547,,2384403,,8.27,123892,551051,717010,150515,422,739366,15304,26623,188315,0
1671144,,8182,加高,,134979,,4,上櫃,114,,0,,3635378,,3625797,,0,,33.87,1282645,3075514,1070412,2149189,749262,5784567,9581,866544,2709053,0
2285462,,8183,精星,,-17180,,4,上櫃,114,-34105,,,3678542,,3678542,,500000,,30.46,5021365,7086528,1212511,5192103,231854,8870645,,170738,1784117,0
168559,,8227,巨有科技,,,,4,上櫃,114,,,,1139055,,,,0,,28.81,632497,1617547,395430,685522,575066,1824577,,53025,207030,0
1335574,,8234,新漢,,-31417,,4,上櫃,114,,0,,3129220,,3091967,,0,,21.89,2499132,3603249,1412265,2916395,375545,6045615,37253,417263,2442366,0
1805865,,8240,華宏,,-245020,,4,上櫃,114,0,,,4664394,,4555394,,0,,45.55,2080905,5068354,1000044,2696903,1994505,7361297,109000,615998,2292943,0
3167126,,8255,朋程,,284732,,4,上櫃,114,,,,9984320,,7895937,,0,,77.57,4327049,4928275,1017975,5767306,3426104,15751626,2088383,1440257,10823351,0
276424,,8272,全景軟體,,,,4,上櫃,114,,,,615878,,,,0,,32.42,241733,845818,189978,244095,149476,859973,,2362,14155,0
-515861,,8277,商丞,0,-9539,,4,上櫃,114,0,0,,451542,,451542,,0,,4.93,29056,171608,916288,30921,60654,482463,0,1865,310855,0
1480295,,8279,生展,,3537,,4,上櫃,114,,0,,2373197,,2373197,,0,,87.57,519576,1141183,271009,674893,618356,3048090,,155317,1906907,0
653901,,8284,三竹,,,,4,上櫃,114,,0,,1368991,,1368991,,0,,29.54,714706,1563658,463420,721766,251670,2090757,,7060,527099,0
546115,,8289,泰藝,,-65044,,4,上櫃,114,0,0,,1562505,,1562505,,0,,22.87,551098,1531361,683338,882191,398096,2444696,0,331093,913335,0
-100973,,8291,尚茂,,,,4,上櫃,114,,,,73929,,,,0,,4.23,147797,41472,174784,163560,118,237489,,15763,196017,0
39151389,,8299,群聯,,-338217,,4,上櫃,114,0,0,,60108004,,60097121,,0,,275.72,25295348,68479676,2179614,25647605,19104335,85755609,10883,352257,17275933,9988045
700319,,8342,益張,,-14321,,4,上櫃,114,,,,1098035,,1064966,,0,,31.76,512658,1019847,335367,684138,43601,1782173,33069,171480,762326,0
1976057,,8349,恒耀國際,,-299664,,4,上櫃,114,,,,8635262,,7522340,,0,,34.38,7832287,9895081,2188214,14698798,3657733,23334060,1112922,6866511,13438979,0
1205952,,8354,冠好,,29956,,4,上櫃,114,,0,,2080170,,2080170,,0,,26.49,1880892,2196503,785323,2099293,58939,4179463,,218401,1982960,0
3134776,,8358,金居,,284393,,4,上櫃,114,-5312,,,7510933,,7510933,,97000,,29.75,1920707,4153003,2525880,1935196,1571196,9446129,,14489,5293126,0
1422587,,8383,千附,,27816,,4,上櫃,114,-31717,,,4507581,,3789684,,951759,,33.59,1458988,3001859,1137605,1843947,1233393,6351528,717897,384959,3349669,0
1838096,,8390,金益鼎,,33492,,4,上櫃,114,,0,,3741589,,3643925,,0,,37.91,677436,3125297,961161,746416,811176,4488005,97664,68980,1362708,0
348315,,8401,白紗科,,0,,4,上櫃,114,,,,1213251,,,,0,,17.17,333189,831972,706690,454782,158246,1668033,,121593,836061,0
1059888,,8403,盛弘,,-143307,,4,上櫃,114,,0,,3832274,,3443761,,0,,25.02,1563678,3132191,1376404,2783167,1150776,6615441,388513,1219489,3483250,0
-63441,,8409,商之器,,-10016,,4,上櫃,114,,,,318970,,318970,,0,,9.97,109263,194347,320000,117052,72427,436022,,7789,241675,0
1175601,,8410,森田,,0,,4,上櫃,114,0,0,,1865934,,,,0,,51.00,224985,1406324,365892,384381,324441,2250315,,159396,843991,0
12275606,,8415,大國鋼,,410203,,4,上櫃,114,-280312,,,29422194,,26579075,,26449000,,26.45,9679231,22193748,10315000,15019144,3858578,44441338,2843119,5339913,22247590,0
1247623,,8416,實威,,7512,,4,上櫃,114,,0,,1669867,,1669867,,0,,59.19,415560,1073877,282107,449749,132625,2119616,,34189,1045739,0
190967,,8421,旭源,,-82710,,4,上櫃,114,-19455,0,,763096,,726316,,1270000,,13.56,599589,890804,548171,1154660,89343,1917756,36780,555071,1026952,0
113679,,8423,保綠-KY,,-48226,,4,上櫃,114,,0,,619978,,619978,,0,,14.86,203787,342162,417140,298785,137385,918763,,94998,576601,0
747048,,8424,惠普,,,,4,上櫃,114,,,,1169289,,1169289,,0,,32.43,199401,646155,360544,224016,61697,1393305,,24615,747150,0
704269,,8426,紅木-KY,,-227634,,4,上櫃,114,,,,1272971,,1272971,,0,,25.34,850209,1510602,502425,1269724,293911,2542695,,419515,1032093,0
24285,,8431,匯鑽科,,-12577,,4,上櫃,114,-83793,,,919725,,771018,,1523000,,16.32,512786,964514,487783,1047772,355320,1967497,148707,534986,1002983,0
581200,,8432,東生華,,17815,,4,上櫃,114,,,,1717668,,1442609,,0,,37.57,227091,1423020,383981,233786,459613,1951454,275059,6695,528434,0
1511146,,8433,弘帆,,16886,,4,上櫃,114,,,,2393907,,2393907,,0,,43.92,2003413,2454915,545062,2409246,320813,4803153,0,405833,2348238,0
382725,,8435,鉅邁,,-18375,,4,上櫃,114,,0,,793850,,793850,,0,,25.04,124119,758318,317004,156035,112496,949885,,31916,191567,0
4696760,,8436,大江,,-135869,,4,上櫃,114,-438806,0,,9156786,,7784557,,7546000,,70.65,4757509,8162046,1177288,5617745,2485184,14774531,1372229,860236,6612485,0
1420851,,8437,大地-KY,,-360589,,4,上櫃,114,0,0,,2330725,,2330725,,0,,49.58,414221,1106780,470141,441352,800322,2772077,,27131,1665297,0
138581,,8440,綠電,,,,4,上櫃,114,,0,,642630,,642630,,0,,12.79,96096,330695,502553,165554,1496,808184,,69458,477489,0
-2701251,,8444,綠河-KY,,292986,,4,上櫃,114,-33670,0,,320678,,386596,,497000,,3.49,6979880,547215,1111669,7156176,1716862,7476854,-65918,176296,6929639,0
1460334,,8446,華研,,-3836,,4,上櫃,114,,0,,2231461,,2231742,,0,,42.18,587165,1548303,529144,685285,246100,2916746,-281,98120,1368443,0
-560070,,8450,霹靂,,-191797,,4,上櫃,114,,,,414522,,414533,,0,,8.08,340785,471516,513099,669289,653301,1083811,-11,328504,612295,0
305171,,8455,大拓-KY,,-53531,,4,上櫃,114,,,,618305,,528701,,0,,20.96,581030,647718,252191,696826,24870,1315131,89604,115796,667413,0
-23272,,8472,納維康,,268,,4,上櫃,114,,,,270498,,270498,,0,,15.25,545257,370352,177358,779123,116144,1049621,,233866,679269,0
-298204,,8477,創業家,,-292,,4,上櫃,114,,,,343638,,343638,,0,,5.36,93856,210437,641706,104841,428,448479,0,10985,238042,0
-282192,,8489,三貝德,,-2433,,4,上櫃,114,0,,,1431618,,929868,,0,,15.52,1234574,1689825,599102,2417768,615391,3849386,501750,1183194,2159561,0
1327182,,8905,裕國,,47964,,4,上櫃,114,-36820,0,,2737039,,2736644,,4123000,,23.73,538249,1576258,1194400,764850,203918,3501889,395,226601,1925631,0
-32634,,8906,花王,,60869,,4,上櫃,114,-53839,,,471468,,,,1877203,,11.18,2243889,254421,440374,2518034,56698,2989502,,274145,2735081,0
1344774,,8908,欣雄,,-10536,,4,上櫃,114,-36137,,,4553698,,4454466,,849000,,14.16,3938289,5124775,3153327,7337900,3038,11891598,99232,3399611,6766823,0
1915202,,8916,光隆,,-276914,,4,上櫃,114,0,,,5396987,,5379122,,0,,35.74,3434480,4051128,1506425,4398452,2234409,9795439,17865,963972,5744311,46250
1081819,,8917,欣泰,,24074,,4,上櫃,114,,,,2732417,,,,0,,16.80,1609780,2782336,1626524,3295428,,6027845,,1685648,3245509,0
104033,,8921,沈氏,,209358,,4,上櫃,114,,0,,1152659,,1031656,,0,,22.14,251105,407490,465922,665870,252343,1818529,121003,414765,1411039,0
151147,,8923,時報,,-9029,,4,上櫃,114,,0,,458676,,458676,,0,,15.10,372406,572668,303758,426902,12800,885578,,54496,312910,0
3098787,,8924,大田,,133160,,4,上櫃,114,,,,4171186,,4171186,,0,,49.78,1574389,4122518,838000,1643475,101239,5814661,,69086,1692143,0
308339,,8927,北基,,-50826,,4,上櫃,114,0,0,,8660246,,5679080,,0,,13.28,14017863,7990235,4277963,25945813,1143604,34606059,2981166,11927950,26615824,0
603522,,8928,鉅明,0,-21052,,4,上櫃,114,0,0,,1091174,,1091174,,0,,21.46,1907566,1940307,508540,2542527,164,3633701,0,634961,1693394,0
40996,,8929,富堡,,29205,,4,上櫃,114,,0,,804865,,792208,,0,,15.66,372687,901831,505809,488994,216198,1293859,12657,116307,392028,0
558661,,8930,青鋼,,0,,4,上櫃,114,-44689,,,1464452,,,,1421000,,18.22,215074,1033608,818094,591978,132386,2056430,,376904,1022822,0
917003,,8931,大汽電,,-114124,,4,上櫃,114,,,,2025428,,,,0,,16.57,1006980,712369,1222549,3098692,,5124120,,2091712,4411751,0
921386,,8932,智通*,,57756,,4,上櫃,114,-208002,,,2437312,,2275727,,3372000,,6.42,622441,2208292,894908,1017019,609679,3454331,161585,394578,1246039,0
-1644635,,8933,愛地雅,,-33435,,4,上櫃,114,,,,1691490,,1691490,,0,,5.18,1628204,2561068,3267243,2175218,102317,3866708,,547014,1305640,0
-219053,,8935,邦泰,,-50097,,4,上櫃,114,,,,865800,,865800,,0,,7.63,373147,578361,1134950,587936,0,1453736,,214789,875375,0
3068449,,8936,國統,,-257687,,4,上櫃,114,,,,8551919,,6761725,,0,,27.26,2948167,6258170,2480782,5517638,1470181,14069557,1790194,2569471,7811387,0
-26057,,8937,合騏*,,-29213,,4,上櫃,114,-90101,,,2653213,,2627782,,598000,,24.49,1810293,580182,1079201,2088177,1693952,4741390,25431,277884,4161208,0
4482742,,8938,明安,,-52613,,4,上櫃,114,-200920,0,,8000934,,8000934,,2629000,,51.83,4802434,8682797,1569865,6798611,2201860,14799545,0,1996177,6116748,0
270938,,8941,關中,,140205,,4,上櫃,114,,,,886906,,819556,,0,,23.43,804803,1129155,349721,937588,58692,1824494,67350,132785,695339,0
5168431,,8942,森鉅,,26899,,4,上櫃,114,,,,10642750,,9600828,,0,,48.28,2461877,3833951,1988423,3745739,2417075,14388489,1041922,1283862,10554538,0
134755,,9949,琉園,,-1552,,4,上櫃,114,,,,573537,,573537,,0,,13.03,80725,553746,440334,101970,0,675507,0,21245,121761,0
-239636,,9950,萬國通,,-342,,4,上櫃,114,,,,1466624,,1466624,,0,,8.74,931020,1414337,1677160,2689243,29442,4155867,0,1758223,2741530,0
3095769,,9951,皇田,,20473,,4,上櫃,114,-28511,0,,3820731,,3820731,,540000,,52.51,2326894,4612155,733000,2488969,0,6309700,,162075,1697545,0
281341,,9960,邁達康,,1519,,4,上櫃,114,,,,653923,,653923,,0,,19.47,250099,653773,335925,389181,35138,1043104,,139082,389331,0
151771,,9962,有益,,-11359,,4,上櫃,114,,0,,1051000,,1051000,,0,,11.65,529176,1165070,902203,536265,8385,1587265,0,7089,422195,0
