保留盈餘,保留盈餘（或累積虧損）,公司代號,公司名稱,共同控制下前手權益,其他權益,合併前非屬共同控制股權,季別,市場,年度,庫藏股票,待註銷股本股數（單位：股）,權益─具證券性質之虛擬通貨,權益總計,權益－具證券性質之虛擬通貨,歸屬於母公司業主之權益合計,歸屬於母公司業主權益合計,母公司暨子公司所持有之母公司庫藏股股數（單位：股）,母公司暨子公司持有之母公司庫藏股股數（單位：股）,每股參考淨值,流動負債,流動資產,股本,負債總計,資本公積,資產總計,非控制權益,非流動負債,非流動資產,預收股款（權益項下）之約當發行股數（單位：股）
705815,,1240,茂生農經,,106737,,2,上櫃,114,,,,1444336,,1400083,,0,,33.87,577501,1094492,442324,648384,145207,2092720,44253,70883,998228,0
950237,,1259,安心,,273214,,2,上櫃,114,,0,,2369798,,2357162,,0,,72.78,2087891,1261152,323895,3952339,809816,6322137,12636,1864448,5060985,0
2241120,,1264,德麥,,-99570,,2,上櫃,114,0,,,3889785,,3185693,,0,,85.98,1369519,2959380,370524,1443767,673619,5333552,704092,74248,2374172,0
601435,,1268,漢來美食,,12304,,2,上櫃,114,,,,2159310,,2159310,,0,,51.14,2210364,2412341,422237,4792067,1123334,6951377,,2581703,4539036,0
200729,,1294,漢田生技,,,,2,上櫃,114,-28361,,,803164,,800116,,300000,,28.66,313839,629741,331457,401672,296291,1204836,3048,87833,575095,590000
505674,,1295,生合,,-28272,,2,上櫃,114,,0,,1224315,,1224315,,0,,35.51,535898,880676,344748,1527637,402165,2751952,,991739,1871276,0
533549,,1336,台翰,,-249103,,2,上櫃,114,,0,,1737461,,1737461,,0,,22.39,973876,1170173,776144,1272796,676871,3010257,,298920,1840084,0
5249148,,1565,精華,,1765,,2,上櫃,114,,0,,6281078,,6281078,,0,,124.58,1456377,4210106,504165,1706444,526000,7987522,,250067,3777416,0
240269,,1569,濱川,,-295911,,2,上櫃,114,,,,2335460,,2192263,,0,,18.05,2749322,3107593,1214474,3596259,1033431,5931719,143197,846937,2824126,0
416834,,1570,力肯,,39371,,2,上櫃,114,,0,,971213,,971213,,0,,18.86,188427,866182,515008,198082,,1169295,0,9655,303113,0
2365870,,1580,新麥,,-292220,,2,上櫃,114,-128543,,,2801407,,2654236,,891000,,53.80,1300538,2581971,502302,1511832,206827,4313239,147171,211294,1731268,0
449929,,1584,精剛,,-57781,,2,上櫃,114,,0,,4832029,,4761288,,0,,20.48,1644649,3705568,2324705,2813358,2044435,7645387,70741,1168709,3939819,0
299880,,1586,和勤,,-196794,,2,上櫃,114,-220324,0,,1783942,,1783942,,5554000,,17.61,792053,1804343,1068495,1866082,832685,3650024,,1074029,1845681,0
129022,,1591,駿吉-KY,,-148974,,2,上櫃,114,,,,509649,,509649,,0,,13.39,27411,302292,380480,44947,149121,554596,,17536,252304,0
357969,,1593,祺驊,,-93920,,2,上櫃,114,0,0,,1329945,,1246570,,0,,31.33,432851,848971,397848,681611,584673,2011556,83375,248760,1162585,0
1438545,,1595,川寶,,-22394,,2,上櫃,114,-4755,,,2733656,,2733692,,475500,,50.93,1089674,2748705,541520,1396045,780776,4129701,-36,306371,1380996,0
844488,,1599,宏佳騰,,-45855,,2,上櫃,114,-63380,0,,1914447,,1898706,,1500000,,26.00,772141,1351646,745287,896135,418166,2810582,15741,123994,1458936,0
217630,,1742,台蠟,,15116,,2,上櫃,114,0,0,,1321932,,1321932,,0,,14.26,27819,407021,926713,147235,162473,1469167,,119416,1062146,0
989851,,1777,生泰,,-3303,,2,上櫃,114,,0,,2416241,,,,0,,54.19,465385,1478709,445917,535433,983776,2951674,,70048,1472965,0
151595,,1780,立弘,,-6606,,2,上櫃,114,,0,,1115612,,1115612,,0,,11.62,1143775,1725176,960241,1197263,10382,2312875,,53488,587699,0
-103832,,1781,合世,,-58755,,2,上櫃,114,,0,,346596,,346596,,0,,7.31,140155,458172,474076,334446,35107,681042,,194291,222870,0
77474,,1784,訊聯,,-9103,,2,上櫃,114,-104401,0,,2259822,,1261193,,2482365,,24.91,432493,1914673,531212,820150,766011,3079972,998629,387657,1165299,0
3174748,,1785,光洋科,,-368126,,2,上櫃,114,,,,12909304,,12891508,,0,,21.63,12469754,21792109,5960712,17646648,4124174,30555952,17796,5176894,8763843,0
863369,,1788,杏昌,,-46725,,2,上櫃,114,,0,,2863842,,2863842,,0,,64.33,1629139,2565682,445210,2166468,1601988,5030310,,537329,2464628,0
88749,,1796,金穎生技,,-3649,,2,上櫃,114,,0,,794034,,794034,,0,,19.15,134581,541911,414598,453104,294336,1247138,,318523,705227,0
-737351,,1799,易威,,-7281,,2,上櫃,114,,0,,658727,,652452,,0,,5.23,251348,615604,1246895,551807,150189,1210534,6275,300459,594930,0
13126,,1813,寶利徠,,-9038,,2,上櫃,114,,,,668833,,688660,,0,,14.77,293153,357580,466355,303459,218217,972292,-19827,10306,614712,0
299520,,1815,富喬,,-220345,,2,上櫃,114,-14441,,,7644293,,7644293,,600000,,14.69,2120525,4910842,5208717,7614362,2370842,15258655,,5493837,10347813,0
-675832,,2035,唐榮公司,,105969,,2,上櫃,114,,,,2930183,,,,0,,8.37,2883114,3353209,3500000,14526768,46,17456951,,11643654,14103742,0
-59587,,2061,風青,,-10855,,2,上櫃,114,,0,,592877,,592877,,0,,10.33,456343,842528,573781,494398,89538,1087275,,38055,244747,0
270343,,2063,世鎧精密,,-88316,,2,上櫃,114,-60,0,,928939,,928939,,2000,,19.31,902666,973227,481015,1004580,265957,1933519,,101914,960292,0
149139,,2064,晉椿,,-20405,,2,上櫃,114,0,,,924255,,923600,,0,,13.32,1406501,1048529,693300,1505443,101566,2429698,655,98942,1381169,0
395115,,2065,世豐,,-157233,,2,上櫃,114,,,,1696055,,1696055,,0,,26.70,1044131,1503742,635167,1787649,823006,3483704,,743518,1979962,0
1166338,,2066,世德,,-24739,,2,上櫃,114,0,0,,2101987,,2101987,,0,,47.29,1134756,2686415,444495,1695941,515893,3797928,,561185,1111513,0
-280291,,2067,嘉鋼,,144696,,2,上櫃,114,,,,370748,,315787,,0,,7.00,1226417,689866,451382,1574266,,1945014,54961,347849,1255148,0
592525,,2070,精湛,,-49755,,2,上櫃,114,,0,,905118,,905118,,0,,25.29,457661,834328,357828,574877,4520,1479995,,117216,645667,0
86034,,2073,雄順,,-984,,2,上櫃,114,,,,423253,,,,0,,15.39,168155,180309,275000,288302,63203,711555,,120147,531246,0
536741,,2221,大甲,0,-7880,,2,上櫃,114,0,0,0,1104917,,1011745,,0,,23.90,437097,1204385,423250,584863,59634,1689780,93172,147766,485395,0
310276,,2230,泰茂,,-83154,,2,上櫃,114,,,,1191891,,1173131,,0,,20.69,361493,1164306,680296,559413,265713,1751304,18760,197920,586998,0
344949,,2235,謚源,,,,2,上櫃,114,,,,1201531,,,,0,,33.49,253779,542040,358780,307747,497802,1509278,,53968,967238,0
845130,,2596,綠意,0,0,,2,上櫃,114,0,,,2394324,,2034338,,0,,20.34,3290477,5524592,1000000,3290477,189208,5684801,359986,,160209,0
824392,,2640,大車隊,,-587,,2,上櫃,114,,0,,2003312,,1915078,,0,,32.31,1477268,1764921,592650,2011084,498623,4014396,88234,533816,2249475,0
2369535,,2641,正德,,-304457,,2,上櫃,114,,0,,7520121,,6894135,,0,,21.65,1401996,2617338,3185020,6262950,1644037,13783071,625986,4860954,11165733,0
1021686,,2643,捷迅,,-43808,,2,上櫃,114,,,,1748983,,1748983,,0,,49.97,928739,2394664,350000,1075799,421105,2824782,,147060,430118,0
4150305,,2718,全心投控,,-12818,,2,上櫃,114,-19756,,,5720150,,5720150,,379000,,65.60,1827857,5456710,875760,2035379,726659,7755529,,207522,2298819,0
-8851,,2719,燦星旅,,,,2,上櫃,114,,0,,694022,,694022,,0,,10.06,331460,711060,689695,420283,13178,1114305,,88823,403245,0
-133377,,2724,藝舍-KY,,-9472,,2,上櫃,114,,0,,463488,,453715,,0,,7.61,41613,470707,596564,62026,,525514,9773,20413,54807,0
55611,,2726,雅茗-KY,,-73065,,2,上櫃,114,-15512,,,301998,,285342,,233000,,10.31,214245,248231,279225,386600,39083,688598,16656,172355,440367,0
629817,,2729,瓦城,,-38732,,2,上櫃,114,-169595,0,,2331626,,2306193,,780000,,59.56,2179167,1286655,434138,3367972,1450565,5699598,25433,1188805,4412943,0
265162,,2732,六角,,-53009,,2,上櫃,114,-177744,,,2103669,,1714562,,1823000,,38.36,2124700,1940424,465186,3234308,1214967,5337977,389107,1109608,3397553,0
-151390,,2734,易飛網,,-4507,,2,上櫃,114,,,,693400,,691213,,0,,12.07,282284,604609,572598,347185,274512,1040585,2187,64901,435976,0
90107,,2736,富野,,-70992,,2,上櫃,114,,0,,1533707,,1481895,,0,,18.53,361568,508207,799721,1035336,663059,2569043,51812,673768,2060836,20000000
-324640,,2740,華軒,,212,,2,上櫃,114,,0,,87883,,87883,,0,,6.30,29827,90891,139520,45656,272791,133539,,15829,42648,0
430851,,2743,山富,,,,2,上櫃,114,0,,,1091093,,1091093,,0,,30.30,1737422,2036100,468152,1770904,192090,2861997,,33482,825897,0
376723,,2745,五福,,,,2,上櫃,114,,,,810751,,810751,,0,,23.98,1803370,2460053,338085,1850229,95943,2660980,,46859,200927,0
49870,,2751,王座,,-308,,2,上櫃,114,,,,442580,,408956,,0,,20.77,363163,399646,196928,707910,162466,1150490,33624,344747,750844,73500
421277,,2752,豆府,,-4348,,2,上櫃,114,,,,1184969,,1167854,,0,,43.75,536605,1026717,266939,940309,483986,2125278,17115,403704,1098561,0
617966,,2754,亞洲藏壽司,,-1982,,2,上櫃,114,,,,1667739,,1667739,,0,,35.58,1178545,768339,468676,3390759,583079,5058498,,2212214,4290159,6000
316229,,2755,揚秦,,-1372,,2,上櫃,114,,,,871419,,871419,,0,,28.66,586393,838814,364293,1110635,192269,1982054,,524242,1143240,261305
118581,,2756,聯發國際,,-10559,,2,上櫃,114,-20728,,,511892,,511892,,252000,,21.03,226874,640622,245976,669010,178622,1180902,,442136,540280,0
412482,,2916,滿心,,-19557,,2,上櫃,114,,0,,1502860,,,,0,,23.25,448555,1360941,646269,513464,463666,2016324,,64909,655383,0
-216789,,2924,宏太-KY,,-2073,,2,上櫃,114,,,,508891,,508891,,0,,9.78,329829,796933,520359,330878,207394,839769,,1049,42836,0
12645,,2926,誠品生活,,1439,,2,上櫃,114,,0,,573936,,567102,,0,,11.97,4958437,4217238,473897,15458443,79121,16032379,6834,10500006,11815141,0
440206,,2937,集雅社,,,,2,上櫃,114,,0,,1011764,,1011764,,0,,25.56,1748196,1980886,435420,1786038,136138,2797802,,37842,816916,0
40235,,2941,米斯特,,-410,,2,上櫃,114,,0,,345097,,,,0,,22.42,255514,471745,153900,321995,151372,667092,,66481,195347,0
258177,,2947,振宇五金,,,,2,上櫃,114,,0,,784575,,784575,,0,,40.72,737919,827208,211955,2161014,314443,2945589,,1423095,2118381,0
259932,,2948,寶陞,,-37793,,2,上櫃,114,,,,932736,,932736,,0,,31.09,848699,1654342,310000,1113445,400597,2046181,,264746,391839,0
321111,,2949,欣新網,,-1968,,2,上櫃,114,-46618,,,1168861,,1031553,,500000,,41.41,1125361,2210442,306411,1349089,452617,2517950,137308,223728,307508,0
-57735,,3064,泰偉,,6504,,2,上櫃,114,,,,83849,,79658,,0,,6.12,78313,77487,130115,249149,774,332998,4191,170836,255511,0
-181565,,3066,李洲,,372380,,2,上櫃,114,,,,1097711,,1054210,,0,,12.69,478766,614459,830706,576425,32689,1674136,43501,97659,1059677,0
29013,,3067,全域,,0,,2,上櫃,114,,,,247223,,247223,,0,,12.36,11294,89640,200000,64340,18210,311563,,53046,221923,0
385768,,3071,協禧,,-209958,,2,上櫃,114,,0,,1723925,,1336389,,0,,12.15,1668567,2478773,1100000,1982661,60579,3706586,387536,314094,1227813,0
39442,,3073,天方能源,,-19167,,2,上櫃,114,,,,717567,,716577,,0,,19.31,337124,232380,395111,1153390,301191,1870957,990,816266,1638577,0
4312651,,3078,僑威,,-383503,,2,上櫃,114,,,,6417613,,6417613,,0,,28.22,4508235,9400322,2273911,5066449,214554,11484062,,558214,2083740,0
1198638,,3081,聯亞,,-41984,,2,上櫃,114,,,,3881853,,,,0,,41.96,357939,2408946,925214,648546,1799985,4530399,,290607,2121453,0
-6199,,3083,網龍,,4687,,2,上櫃,114,,0,,1252850,,1222425,,0,,14.13,98868,702667,864869,120554,359068,1373404,30425,21686,670737,0
-267665,,3085,新零售,,351,,2,上櫃,114,,,,422879,,422879,,0,,6.13,84881,366148,690193,99004,0,521883,0,14123,155735,0
20496,,3086,華義*,,-9,,2,上櫃,114,,,,326376,,322396,,0,,12.41,32948,246285,272710,35769,29199,362145,3980,2821,115860,0
2465603,,3088,艾訊,,-35459,,2,上櫃,114,,0,,4681633,,4633543,,0,,43.06,1614661,4323300,1118607,2431689,1084792,7113322,48090,817028,2790022,490988
633799,,3093,港建*,,-54192,,2,上櫃,114,,,,987165,,987165,,0,,6.80,735794,1341941,362888,743555,44670,1730720,0,7761,388779,0
-93060,,3095,及成,,-2702,,2,上櫃,114,,0,,128881,,128881,,0,,8.78,228499,363942,146800,809482,77843,938363,,580983,574421,0
17174978,,3105,穩懋,,5146327,,2,上櫃,114,,,,37331930,,36532157,,0,,86.17,5385545,12226435,4239404,23799577,9971448,61131507,799773,18414032,48905072,0
596603,,3114,好德,,109355,,2,上櫃,114,,,,1409318,,1409318,,0,,21.64,981992,1981438,651298,996564,52062,2405882,,14572,424444,0
-166136,,3115,富榮綱,,-7309,,2,上櫃,114,,,,398531,,398531,,0,,6.97,28140,420020,571976,28140,,426671,,0,6651,0
155403,,3118,進階,0,0,0,2,上櫃,114,,0,0,535980,,,,0,,16.52,301199,491853,324529,313543,56048,849523,,12344,357670,0
-42238,,3122,笙泉,,-2209,,2,上櫃,114,,,,389700,,389700,,0,,9.56,251048,430477,407648,253299,26499,642999,,2251,212522,0
119518,,3128,昇銳,,,,2,上櫃,114,0,,,715213,,697028,,0,,16.60,959898,972045,462000,1328095,115510,2043308,18185,368197,1071263,0
2272857,,3131,弘塑,,140960,,2,上櫃,114,0,0,,4364631,,4331582,,0,,148.26,5751304,8414849,292160,7234695,1625605,11599326,33049,1483391,3184477,0
1250088,,3141,晶宏,,62251,,2,上櫃,114,-66039,,,2516074,,2403996,,1198000,,32.48,1165149,2151208,752023,1384945,405673,3901019,112078,219796,1749811,3100
844209,,3147,大綜,,-13658,,2,上櫃,114,,0,,1504569,,1504569,,0,,38.57,2432443,3371925,436868,2438335,237150,3942904,,5892,570979,0
2604716,,3152,璟德,,0,,2,上櫃,114,,,,3868410,,,,0,,56.05,930221,2790224,690162,945539,573532,4813949,,15318,2023725,0
283369,,3158,嘉實,,-6544,,2,上櫃,114,,0,,583839,,583825,,0,,21.83,258869,422104,267434,279244,39566,863083,14,20375,440979,0
215345,,3162,精確,,-48405,,2,上櫃,114,-4427,0,,2759134,,2753757,,95000,,21.14,5500484,4833264,1303793,5937102,1287451,8696236,5377,436618,3862972,0
1258584,,3163,波若威,,-96629,,2,上櫃,114,,0,,2568744,,2568744,,0,,31.89,838086,3018785,805407,999429,601382,3568173,,161343,549388,0
615122,,3169,亞信,,-25997,,2,上櫃,114,,,,1696713,,1696713,,0,,26.89,359414,1927111,631070,369395,476518,2066108,,9981,138997,0
230401,,3171,炎洲流通,,-14531,,2,上櫃,114,-72856,,,671398,,671398,,2254500,,20.27,650400,854993,353726,662270,174658,1333668,,11870,478675,0
-288233,,3176,基亞,,-38285,,2,上櫃,114,,,,4974604,,1691114,,0,,12.14,816080,3614562,1393068,1532037,624564,6506641,3283490,715957,2892079,0
569737,,3178,公準,,-1532,,2,上櫃,114,,0,,1195233,,1189788,,0,,26.41,669049,1016089,450500,1634632,171083,2829865,5445,965583,1813776,0
497172,,3188,鑫龍騰,,,,2,上櫃,114,,,,2554279,,2554279,,0,,13.71,6158930,10483299,1863099,7949313,194008,10503592,,1790383,20293,0
-229653,,3191,雲嘉南,,-7520,,2,上櫃,114,,,,202186,,202186,,0,,4.64,42078,231290,435974,169272,3385,371458,,127194,140168,0
-31426,,3205,佰研,,40597,,2,上櫃,114,,,,1058179,,1055039,,0,,15.62,81166,884230,675456,86596,370412,1144775,3140,5430,260545,0
701668,,3206,志豐,,-98618,,2,上櫃,114,0,0,,1552834,,1390467,,0,,23.60,1396359,2599338,589167,1544502,198250,3097336,162367,148143,497998,0
78486,,3207,耀勝,0,116571,,2,上櫃,114,-15310,,0,3168250,,1756930,,208000,,26.53,1933932,2872673,664222,2141059,912961,5309309,1411320,207127,2436636,0
5765682,,3211,順達,,-897968,,2,上櫃,114,,,,8796615,,8796615,,0,,57.65,7000414,11410876,1525860,7898738,2403041,16695353,0,898324,5284477,0
2285256,,3213,茂訊,,867479,,2,上櫃,114,,0,,3836884,,3813971,,0,,64.99,1021979,4591961,586855,1356364,74381,5193248,22913,334385,601287,0
1589156,,3217,優群,,651419,,2,上櫃,114,-19506,0,,3970490,,3970490,,133000,,44.13,1815663,3807268,901042,1898803,848379,5869293,,83140,2062025,0
2158054,,3218,大學光,,-29390,,2,上櫃,114,,,,3492572,,3357837,,0,,39.63,1292162,2708952,847249,2193735,381924,5686307,134735,901573,2977355,0
414805,,3219,倚強科,,-25453,,2,上櫃,114,,,,1560386,,1288844,,0,,18.13,665791,1629460,711039,866908,188453,2427294,271542,201117,797834,0
575669,,3221,台嘉碩,,-349488,,2,上櫃,114,,0,,2023699,,1989215,,0,,19.15,682414,1770808,1038923,899060,724111,2922759,34484,216646,1151951,0
-290410,,3224,三顧,,-24761,,2,上櫃,114,-1864,0,,2425053,,1044093,,40000,,15.32,542924,1755032,681726,624967,679402,3050020,1380960,82043,1294988,0
1189413,,3226,龍鋒,,-3950,,2,上櫃,114,,,,1844663,,,,0,,28.63,784051,1357874,644306,789243,14894,2633906,,5192,1276032,0
5475158,,3227,原相,,419800,,2,上櫃,114,,,,10770228,,10720776,,0,,71.84,3595015,9263771,1492319,4025473,3333499,14795701,49452,430458,5531930,0
-190776,,3228,金麗科,,-22944,,2,上櫃,114,,0,,574654,,,,0,,8.17,192652,281626,703065,197213,85309,771867,,4561,490241,0
-50533,,3230,錦明,0,-113609,,2,上櫃,114,-13121,0,0,1020249,,1020249,,400000,,11.92,244969,815584,860109,322933,337403,1343182,0,77964,527598,0
26199,,3232,昱捷,,1233,,2,上櫃,114,,0,,666966,,666966,,0,,14.32,303882,807542,465679,430377,173855,1097343,,126495,289801,0
-561216,,3234,光環,,-19725,,2,上櫃,114,,0,,844099,,840118,,0,,7.54,131864,627761,1114747,350872,306312,1194971,3981,219008,567210,0
343019,,3236,千如,,-177109,,2,上櫃,114,,0,,1396979,,1396979,,0,,13.30,888903,1357332,1050006,1595600,181063,2992579,,706697,1635247,0
1147374,,3252,海灣,,28500,,2,上櫃,114,,,,1987479,,1960042,,0,,39.05,362358,560833,501958,1874526,282210,3862005,27437,1512168,3301172,0
-219366,,3259,鑫創,,0,,2,上櫃,114,,,,510293,,,,0,,6.99,129021,543724,729659,149988,0,660281,,20967,116557,0
6874768,,3260,威剛,,-1658394,,2,上櫃,114,-737990,0,,17890925,,16707655,,8510000,,52.66,17025858,28657823,3257966,35060646,8971305,52951571,1183270,18034788,24293748,0
11596393,,3264,欣銓,,-21281,,2,上櫃,114,-126772,0,,17301038,,17301038,,16250750,,36.51,8069805,10481617,4901701,18122492,950997,35423530,,10052687,24941913,0
4072720,,3265,台星科,,-86001,,2,上櫃,114,,0,,5715579,,5715579,,0,,41.95,2007271,3777752,1362617,2827307,366243,8542886,,820036,4765134,0
38650,,3268,海德威,,6927,,2,上櫃,114,,,,477354,,477354,,0,,13.75,436463,613712,347208,547048,84569,1024402,,110585,410690,0
57353,,3272,東碩,,-268409,,2,上櫃,114,-33580,0,,1146077,,1146077,,1275000,,19.13,3215233,2776502,611768,3639555,778945,4785632,,424322,2009130,0
104861,,3276,宇環,,-93621,,2,上櫃,114,,0,,819688,,737154,,0,,10.57,421263,334111,697127,566333,28787,1386021,82534,145070,1051910,0
126938,,3284,太普高,,-11704,,2,上櫃,114,0,,,1440703,,1240901,,0,,13.43,561980,1647398,1034825,1462472,90842,2903175,199802,900492,1255777,0
126649,,3285,微端,,-30981,,2,上櫃,114,,,,565125,,549492,,0,,12.86,237355,680959,427353,254941,26471,820066,15633,17586,139107,0
70168,,3287,廣寰科,,4236,,2,上櫃,114,,,,578962,,530368,,0,,12.06,462603,901621,439705,462603,16259,1041565,48594,0,139944,0
-71073,,3288,點晶,,12163,,2,上櫃,114,,,,90569,,91941,,0,,6.13,79643,159611,150000,107071,851,197640,-1372,27428,38029,0
752492,,3289,宜特,,-180568,,2,上櫃,114,-37874,,,3451351,,3426009,,383000,,46.14,2439743,2831908,754531,5145466,2137428,8596817,25342,2705723,5764909,204000
756228,,3290,東浦,,-349736,,2,上櫃,114,,0,,1824800,,1824800,,0,,20.23,1525663,2414372,902150,2412903,516158,4237703,0,887240,1823331,0
9782439,,3293,鈊象,,358248,,2,上櫃,114,,,,13278578,,13275986,,0,,47.11,15192102,22686624,2818016,15255148,317283,28533726,2592,63046,5847102,0
-105906,,3294,英濟,,-101881,,2,上櫃,114,0,0,,2021147,,1960668,,0,,14.85,1260325,3215199,1320159,2335967,848296,4357114,60479,1075642,1141915,0
100707,,3297,杭特,,,,2,上櫃,114,0,0,,573813,,573813,,0,,15.92,142576,260963,360494,144758,112612,718571,0,2182,457608,0
843332,,3303,岱稜,,-74217,,2,上櫃,114,-27093,,,2110025,,2096029,,554000,,22.41,997715,2238019,940906,1711568,413101,3821593,13996,713853,1583574,0
304957,,3306,鼎天,,2024807,,2,上櫃,114,,,,3317271,,3317271,,0,,65.55,467580,1084575,506077,470541,481430,3787812,,2961,2703237,0
844038,,3310,佳穎,,71881,,2,上櫃,114,,0,,1791138,,1791537,,0,,24.57,4002667,5027485,729218,4281950,146400,6073088,-399,279283,1045603,0
-662781,,3313,斐成,,-1392,,2,上櫃,114,,0,,2213538,,2213510,,0,,10.03,1029118,3409786,2207708,1410442,669975,3623980,28,381324,214194,0
1583147,,3317,尼克森,,-3128,,2,上櫃,114,,0,,3255599,,3154973,,0,,38.95,584132,3243515,900000,595514,674954,3851113,100626,11382,607598,0
34837,,3322,建舜電,,-61607,,2,上櫃,114,,0,,1427645,,1427612,,0,,11.74,1129893,1562853,1215822,1711771,238560,3139416,33,581878,1576563,0
438767,,3323,加百裕,,17618,,2,上櫃,114,,,,2489560,,2388593,,0,,25.42,2210157,4177193,939554,2324863,992654,4814423,100967,114706,637230,0
5624897,,3324,雙鴻,,-158858,,2,上櫃,114,-321835,0,,8717230,,8384012,,1500000,,92.65,7815398,12402046,919952,9729868,2319856,18447098,333218,1914470,6045052,220764
-210552,,3325,旭品,,-51696,,2,上櫃,114,,,,892225,,817322,,0,,9.06,814680,1161981,901686,932624,177884,1824849,74903,117944,662868,0
1108877,,3332,幸康,,-112032,,2,上櫃,114,,0,,1658587,,1658587,,0,,34.48,523030,1562592,481042,569365,180700,2227952,,46335,665360,0
-37818,,3339,泰谷,0,0,,2,上櫃,114,-102878,,,749418,,747355,,3258000,,11.80,260022,663943,665683,299341,222368,1048759,2063,39319,384816,0
-184212,,3349,寶德,,6749,,2,上櫃,114,,0,,284597,,284597,,0,,7.10,169353,327901,400716,223904,61344,508501,,54551,180600,0
92950,,3354,律勝,,-36857,,2,上櫃,114,0,0,,791679,,791679,,0,,11.29,72928,405583,701124,133386,34462,925065,,60458,519482,0
4118843,,3357,臺慶科,,-85199,,2,上櫃,114,,0,,7094580,,6908271,,0,,67.70,2546161,5088584,1020349,5172766,1854278,12267346,186309,2626605,7178762,0
-35459,,3360,尚立,,-18056,,2,上櫃,114,,,,817990,,803760,,0,,10.52,1639179,2179512,764021,1858469,93254,2676459,14230,219290,496947,0
720744,,3362,先進光,,-89694,,2,上櫃,114,,0,,3568827,,3568208,,0,,25.05,3898543,3749105,1424491,6494903,1512667,10063730,619,2596360,6314625,0
280852,,3363,上詮,,-242396,,2,上櫃,114,,0,,2522912,,2522912,,0,,24.34,619392,2381968,1036406,696969,1448050,3219881,,77577,837913,0
-310281,,3372,典範,,0,,2,上櫃,114,,0,,1575943,,,,0,,8.99,228298,801066,1753240,299212,132984,1875155,,70914,1074089,0
323945,,3373,熱映,,-105910,,2,上櫃,114,,,,783000,,783000,,0,,18.09,57473,645043,476188,57814,88777,840814,,341,195771,0
5709515,,3374,精材,,,,2,上櫃,114,,,,8819582,,,,0,,32.50,3512187,6062248,2713643,5736076,396424,14555658,,2223889,8493410,0
39919,,3379,彬台,,83599,,2,上櫃,114,,0,,573939,,573939,,0,,15.09,1144240,1225269,380417,1154577,70004,1728516,,10337,503247,0
2014379,,3388,崇越電,,-85337,,2,上櫃,114,,,,4340206,,4190745,,0,,56.58,2069939,5558141,740624,2133791,1521079,6473997,149461,63852,915856,0
30599,,3390,旭軟,,42869,,2,上櫃,114,0,0,,1350215,,1350215,,0,,17.10,254731,1149815,789583,444427,487164,1794642,0,189696,644827,0
1213800,,3402,漢科,,-74720,,2,上櫃,114,,,,1924369,,1924369,,0,,26.34,4419175,5406413,730476,4610788,54813,6535157,,191613,1128744,0
576014,,3430,奇鈦科,,-17339,,2,上櫃,114,,,,1057608,,1057608,,0,,31.37,342607,1072808,337161,472598,161772,1530206,,129991,457398,0
36230,,3434,哲固,,-4211,,2,上櫃,114,,0,,485861,,485861,,0,,14.89,216469,563874,354072,332050,99770,817911,,115581,254037,4607192
345369,,3438,類比科,,515374,,2,上櫃,114,,0,,1914620,,,,0,,40.59,262420,1020583,471658,394622,582219,2309242,,132202,1288659,0
282396,,3441,聯一光電,,-30341,,2,上櫃,114,,,,721390,,710095,,0,,17.73,155935,811740,400399,221084,57641,942474,11295,65149,130734,0
351352,,3444,利機,,-65297,,2,上櫃,114,,,,997130,,997130,,0,,22.16,453612,1057994,449969,461717,261106,1458847,,8105,400853,0
1502776,,3455,由田,,-52343,,2,上櫃,114,,,,2304907,,2304907,,0,,38.51,1162937,2254261,598507,1725588,255967,4030495,,562651,1776234,0
129233,,3465,進泰電子,,-37434,,2,上櫃,114,,0,,790244,,728401,,0,,20.62,587873,1097254,353298,1093051,283304,1883295,61843,505178,786041,0
-402699,,3466,德晉,,-103857,,2,上櫃,114,,0,,1458844,,1458844,,0,,18.73,266877,1246910,778921,371465,1186479,1830309,,104588,583399,0
92039,,3467,台灣精材,,,,2,上櫃,114,,,,583624,,,,0,,18.76,182945,514877,311066,270941,180519,854565,,87996,339688,0
1281277,,3479,安勤,0,-110785,,2,上櫃,114,-1535,,0,3473649,,3055311,,76201,,42.11,2781379,4611136,726302,3538175,1160052,7011824,418338,756796,2400688,0
1474880,,3483,力致,,-356599,,2,上櫃,114,0,,,4458159,,4458159,,0,,51.76,4245816,6704743,990493,4925202,2349385,9383361,,679386,2678618,0
1392460,,3484,崧騰,,-177148,,2,上櫃,114,,,,2900125,,2864923,,0,,36.34,1778782,3694107,788282,2114177,861329,5014302,35202,335395,1320195,0
848246,,3485,敘豐,,-23809,,2,上櫃,114,0,,,1188017,,1188017,,0,,34.75,474346,1342150,341919,476929,21661,1664946,0,2583,322796,0
16824,,3489,森寶,,,,2,上櫃,114,,0,,1207439,,1207439,,0,,13.35,2694510,3707746,904522,2697729,286093,3905168,,3219,197422,0
368244,,3490,單井,,-40369,,2,上櫃,114,,,,1222894,,1222894,,0,,22.23,351386,664061,550065,602301,344954,1825195,,250915,1161134,0
569406,,3491,昇達科,,-93534,,2,上櫃,114,,,,2481542,,2481505,,0,,37.45,949332,2056116,662706,1616820,1342927,4098362,37,667488,2042246,0
262573,,3492,長盛,0,-45916,,2,上櫃,114,0,0,,591760,,591760,,0,,16.65,295715,666262,355316,347202,19787,938962,0,51487,272700,0
347892,,3498,陽程,,-198973,,2,上櫃,114,-68547,,,2080958,,2079419,,1862000,,34.42,855896,2169067,622730,962204,1376317,3043162,1539,106308,874095,0
-70883,,3499,環天科,,-32239,,2,上櫃,114,0,0,,475024,,475024,,0,,8.64,282535,459117,549706,300605,28440,775629,0,18070,316512,0
-2513799,,3508,位速,,-27419,,2,上櫃,114,-56294,0,,482188,,558781,,1076366,,5.41,1557325,847103,1043117,2144423,2113176,2626611,-76593,587098,1779508,0
-9989,,3511,矽瑪,,-17557,,2,上櫃,114,,,,1852775,,1323901,,0,,16.55,547557,1254851,799729,586401,551718,2439176,528874,38844,1184325,0
369006,,3512,皇龍,,0,,2,上櫃,114,,,,2492178,,2492178,,0,,22.04,1889869,4921567,1130724,2497644,992448,4989822,,607775,68255,0
93926,,3516,亞帝歐,,-120532,,2,上櫃,114,,,,1547410,,1455682,,0,,24.44,264073,1100111,595609,1087792,886679,2635202,91728,823719,1535091,0
54866,,3520,華盈,,-29730,,2,上櫃,114,,0,,777089,,775143,,0,,11.26,366410,852290,688468,681470,61539,1458559,1946,315060,606269,0
-459505,,3521,台鋼建設,,-94,,2,上櫃,114,,,,1253022,,1253022,,0,,9.77,57353,1150774,1282656,346845,429965,1599867,0,289492,449093,0
-258760,,3522,御嵿,,-18014,,2,上櫃,114,,0,,619592,,600042,,0,,7.15,832506,458963,839712,1656063,37104,2275655,19550,823557,1816692,0
-706582,,3523,迎輝,,501494,,2,上櫃,114,,,,457129,,453267,,0,,7.05,394268,106842,642579,1309071,15776,1766200,3862,914803,1659358,0
1647989,,3526,凡甲,,-382141,,2,上櫃,114,0,,,3081052,,3081052,,0,,47.26,1905107,4228124,651881,2688519,1163323,5769571,0,783412,1541447,53969
573536,,3527,聚積,,-58185,,2,上櫃,114,,,,2258755,,2258755,,0,,50.82,431269,2254098,444451,439367,1298953,2698122,,8098,444024,0
1920178,,3529,力旺,,-8541,,2,上櫃,114,,,,2796730,,2785450,,0,,37.30,2688789,4566513,746738,2700215,127075,5496945,11280,11426,930432,0
628752,,3531,先益,,-192596,,2,上櫃,114,,0,,1741935,,1717696,,0,,28.08,428051,1913595,611750,484538,669790,2226473,24239,56487,312878,0
483672,,3537,堡達,0,-37063,,2,上櫃,114,0,0,0,1114505,,1114505,,0,,19.82,763675,1659906,562430,797681,105466,1912186,0,34006,252280,0
476124,,3540,曜越,,-60198,,2,上櫃,114,0,,,1611193,,1652794,,0,,22.81,2819918,4511538,724585,3702103,512283,5313296,-41601,882185,801758,0
-55585,,3541,西柏,0,-25988,,2,上櫃,114,-41290,0,,707124,,707124,,618000,,12.69,1025579,1107658,563491,1491711,266496,2198835,,466132,1091177,0
495877,,3546,宇峻,,87772,,2,上櫃,114,,,,1466297,,1466297,,0,,27.61,603890,1679174,584275,962174,298373,2428471,,358284,749297,0
3129749,,3548,兆利,,-382651,,2,上櫃,114,,,,5578904,,5578904,,0,,84.41,3831334,8333777,677442,6330432,2154364,11909336,,2499098,3575559,514
3181583,,3551,世禾,,-200508,,2,上櫃,114,-31330,0,,3672153,,3672153,,538000,,65.30,1016980,1932988,567749,1277987,154659,4950140,,261007,3017152,0
2796456,,3552,同致,,-686667,,2,上櫃,114,,0,,4027223,,4027223,,0,,42.77,4279707,7219828,979183,5404030,938251,9431253,,1124323,2211425,0
-130625,,3555,博士旺,,-759,,2,上櫃,114,,0,,267866,,257763,,0,,8.59,121868,273351,299988,131834,89159,399700,10103,9966,126349,0
439216,,3556,禾瑞亞,,-741,,2,上櫃,114,,,,1146190,,1095236,,0,,17.19,362480,1414633,637029,414644,19732,1560834,50954,52164,146201,0
3626198,,3558,神準,,-121872,,2,上櫃,114,,0,,6295673,,5981214,,0,,101.27,5480161,8415784,590609,6449608,1886279,12745281,314459,969447,4329497,0
217864,,3564,其陽,,-2926,,2,上櫃,114,,0,,1355021,,1355021,,0,,22.92,717159,1660108,591231,1252875,548852,2607896,,535716,947788,0
167165,,3567,逸昌,,-2839,,2,上櫃,114,,,,555153,,,,0,,16.35,89683,250388,339540,97631,51287,652784,,7948,402396,0
748094,,3570,大塚,,-16006,,2,上櫃,114,,,,971871,,971871,,0,,56.84,479048,1311861,170970,517154,68813,1489025,,38106,177164,0
610036,,3577,泓格,,-9189,,2,上櫃,114,,0,,1309134,,1309134,,0,,20.47,346096,853815,639657,367733,68630,1676867,,21637,823052,0
398271,,3580,友威科,,-18790,,2,上櫃,114,-1598,,,958808,,958808,,26000,,24.31,345286,906400,394707,736711,186218,1695519,,391425,789119,0
195891,,3581,博磊,,7952,,2,上櫃,114,,0,,939757,,795196,,0,,15.59,897235,1601998,510060,936149,81293,1875906,144561,38914,273908,0
1805117,,3587,閎康,,-323765,,2,上櫃,114,0,0,,4255515,,4255515,,0,,63.48,3068291,3432222,670382,3990442,2103781,8245957,0,922151,4813735,0
414688,,3594,磐儀,,-112994,,2,上櫃,114,-14134,,,2320466,,2067479,,568000,,21.68,1747378,3327535,959484,2151376,820435,4471842,252987,403998,1144307,0
121304,,3597,映興,,-49938,,2,上櫃,114,-7146,0,,542604,,542604,,301000,,13.94,318897,614901,392364,510718,86020,1053322,,191821,438421,0
-506496,,3609,三一東林,,-28723,,2,上櫃,114,,0,,208838,,208838,,0,,5.44,862011,907533,384194,936015,359863,1144853,,74004,237320,0
3516197,,3611,鼎翰,,-200962,,2,上櫃,114,,,,4542311,,4536898,,0,,95.43,4262612,5796223,475396,7516665,746267,12058976,5413,3254053,6262753,0
86128,,3615,安可,,-31325,,2,上櫃,114,,0,,2484071,,2213494,,0,,32.33,312526,1363750,684670,663998,1474021,3148069,270577,351472,1784319,0
-13448,,3623,富晶通,,8480,,2,上櫃,114,,0,,349104,,,,0,,11.96,102123,298426,291859,107881,62213,456985,,5758,158559,0
1401308,,3624,光頡,,-35184,,2,上櫃,114,,0,,3289242,,3269653,,0,,27.86,722005,2754647,1173408,763943,730121,4053185,19589,41938,1298538,0
-477400,,3625,西勝,,-64392,,2,上櫃,114,-48244,,,571639,,571639,,5584000,,5.26,1042792,426050,1142468,1043524,19207,1615163,,732,1189113,0
408188,,3628,盈正,,35349,,2,上櫃,114,,0,,1621020,,1607216,,0,,35.72,1687439,2354877,450000,1812391,713679,3433411,13804,124952,1078534,0
-260515,,3629,地心引力,,-15555,,2,上櫃,114,,,,53478,,53478,,0,,1.62,5642,55728,329548,9234,0,62712,,3592,6984,0
-1397842,,3630,新鉅科,,-161598,,2,上櫃,114,,0,,3124707,,3124707,,0,,15.30,1017708,2606831,2041919,1122822,2642228,4247529,,105114,1640698,0
-47484,,3631,晟楠,,-71886,,2,上櫃,114,0,,,1426240,,1146680,,0,,14.01,285047,766923,818209,1050340,447841,2476580,279560,765293,1709657,0
-255651,,3632,研勤,,-31782,,2,上櫃,114,,,,136397,,123272,,0,,3.01,72655,84031,408897,173881,1808,310278,13125,101226,226247,0
96162,,3646,艾恩特,,-54041,,2,上櫃,114,,,,450261,,450261,,0,,11.46,346354,615039,392974,396585,15166,846846,,50231,231807,0
112704,,3663,鑫科,0,-253039,,2,上櫃,114,,,,2152969,,1696819,,0,,15.64,1236086,3065861,1084940,1832683,752214,3985652,456150,596597,919791,0
-699863,,3664,安瑞-KY,,-106274,,2,上櫃,114,0,,,178209,,178209,,0,,2.99,504803,698681,595254,652389,389092,830598,0,147586,131917,0
-107955,,3666,光耀,,-61305,,2,上櫃,114,-140520,,,519567,,519567,,4630000,,8.21,318029,444069,679459,326248,149888,845815,,8219,401746,0
-90772,,3672,康聯訊,,-17810,,2,上櫃,114,0,,,240434,,240368,,0,,7.56,277026,303861,317903,326120,31047,566554,66,49094,262693,0
549897,,3675,德微,0,-5646,,2,上櫃,114,-255183,,,2418363,,2354056,,1646000,,44.37,1305236,1674003,547039,2178143,1517949,4596506,64307,872907,2922503,0
1248554,,3680,家登,,352310,,2,上櫃,114,,,,10946534,,9478900,,0,,98.70,3813716,9123608,960415,10596844,6917621,21543378,1467634,6783128,12419770,2242
250013,,3684,榮昌,,-11218,,2,上櫃,114,,0,,626571,,626571,,0,,20.88,357590,612528,300016,459005,87760,1085576,,101415,473048,0
-53225,,3685,元創精密,,-66538,,2,上櫃,114,,,,1159331,,720864,,0,,9.06,592812,970641,795740,815944,44887,1975275,438467,223132,1004634,0
132350,,3687,歐買尬,,-17885,,2,上櫃,114,,,,3892706,,1442188,,0,,47.98,5078565,6730106,300596,5171766,1027127,9064472,2450518,93201,2334366,0
2214166,,3689,湧德,,-373612,,2,上櫃,114,,,,4106870,,4070334,,0,,47.11,1913942,4156972,863965,1931628,1365815,6038498,36536,17686,1881526,1170800
-487036,,3691,碩禾,,-243980,,2,上櫃,114,,,,6670001,,5838014,,0,,63.54,1218068,5148701,918834,4777130,5650196,11447131,831987,3559062,6298430,0
2527795,,3693,營邦,0,-34726,,2,上櫃,114,,0,,4910135,,4868011,,0,,113.23,2256267,5234800,429907,2768737,1945035,7678872,42124,512470,2444072,0
-141750,,3707,漢磊,,-108498,,2,上櫃,114,,0,,9153797,,7120604,,0,,18.58,3072494,7377469,3832227,4233758,3538625,13387555,2033193,1161264,6010086,0
924378,,3709,鑫聯大投控,,-116512,,2,上櫃,114,,0,,2879582,,2906799,,0,,23.15,11465876,14185646,1255695,11706089,843238,14585671,-27217,240213,400025,0
-716007,,3710,連展投控,,-789725,,2,上櫃,114,,0,,1807359,,1436575,,0,,5.00,4175289,4059382,2872507,5441654,69800,7249013,370784,1266365,3189631,0
-335044,,3713,新晶投控,,-1191,,2,上櫃,114,,0,,601346,,595425,,0,,7.62,1152361,471383,780900,2354598,150760,2955944,5921,1202237,2484561,0
86288,,4102,永日,,54607,,2,上櫃,114,,0,,673873,,594549,,0,,14.03,165019,357935,423735,243578,29919,917451,79324,78559,559516,0
3519603,,4105,東洋,,-140847,,2,上櫃,114,,0,,6925902,,6182750,,0,,24.87,3257692,5755551,2486500,3744363,317494,10670265,743152,486671,4914714,0
2286746,,4107,邦特,,-6686,,2,上櫃,114,,,,3290072,,3290072,,0,,47.48,887194,2395495,692983,1457761,317029,4747833,,570567,2352338,0
303232,,4109,加捷生醫,,-106319,,2,上櫃,114,,0,,1665320,,1635331,,0,,13.77,161048,630277,1187367,166978,251051,1832298,29989,5930,1202021,0
646731,,4111,濟生,,-2846,,2,上櫃,114,,0,,1291054,,,,0,,22.66,456505,837927,598321,550201,48848,1841255,,93696,1003328,0
767165,,4113,聯上,,0,,2,上櫃,114,,,,4327161,,,,0,,18.72,9490862,13730979,2311382,10736825,1248614,15063986,,1245963,1333007,0
879787,,4114,健喬,,-86655,,2,上櫃,114,-187731,,,9778092,,8399956,,8399789,,18.42,2512430,6783975,5101756,4280597,2692799,14058689,1378136,1768167,7274714,0
339088,,4116,明基醫,0,-27838,,2,上櫃,114,,,,2122032,,1055017,,0,,23.67,1964586,3111891,445660,3143099,298107,5265131,1067015,1178513,2153240,0
3323673,,4120,友華,,1737890,,2,上櫃,114,,,,6877965,,6200297,,0,,71.48,3124794,4347387,867471,5336843,271263,12214808,677668,2212049,7867421,0
329679,,4121,優盛,,-59799,,2,上櫃,114,-20011,0,,2026280,,1428408,,1243000,,16.95,1050588,2118834,854910,2116660,323629,4142940,597872,1066072,2024106,0
4908170,,4123,晟德,,-97914,,2,上櫃,114,-592731,,,16801092,,16801086,,14461679,,23.65,5518879,2592277,7612256,6872684,4971305,23673776,6,1353805,21081499,0
1672859,,4126,太醫,,0,,2,上櫃,114,,,,2743683,,,,0,,37.79,887795,1963672,726000,1306431,344824,4050114,,418636,2086442,0
1956,,4127,天良,,-9122,,2,上櫃,114,,,,450434,,450434,,0,,9.84,605846,306977,457600,605846,0,1056280,,0,749303,0
-624989,,4128,中天,,-125552,,2,上櫃,114,,,,10418864,,9049467,,0,,15.39,459300,2847584,5881706,1839360,3918302,12258224,1369397,1380060,9410640,0
580191,,4129,聯合,,-143445,,2,上櫃,114,,,,3782394,,3682502,,0,,38.19,2237032,3899790,964367,3402839,2281389,7185233,99892,1165807,3285443,0
-67219,,4131,浩泰,,-31431,,2,上櫃,114,,,,331699,,310133,,0,,7.85,170613,270514,395000,224583,13783,556282,21566,53970,285768,0
365477,,4138,曜亞,,80645,,2,上櫃,114,,0,,1680508,,1472779,,0,,40.57,826469,1770830,399300,1178653,627357,2859161,207729,352184,1088331,0
-22458,,4139,馬光-KY,,33258,,2,上櫃,114,,,,475872,,436299,,0,,10.25,590890,337706,425499,885593,0,1361465,39573,294703,1023759,0
-1221640,,4147,中裕,,-51719,,2,上櫃,114,,0,,3921296,,3921296,,0,,14.35,133343,3251812,2731991,878958,2462664,4800254,,745615,1548442,0
60829,,4153,鈺緯,,-9887,,2,上櫃,114,0,,,984765,,984765,,0,,16.79,418681,1134343,586682,422167,347141,1406932,,3486,272589,0
-135947,,4154,樂威科-KY,0,-8514,,2,上櫃,114,0,,0,241990,,229146,,0,,6.55,42273,148614,350000,135426,23607,377416,12844,93153,228802,0
495055,,4157,太景*-KY,,105,,2,上櫃,114,,,,972533,,972533,,0,,1.35,79284,1015807,20942,116733,456431,1089266,,37449,73459,0
58338,,4160,訊聯基因,,93782,,2,上櫃,114,,0,,474713,,474315,,0,,17.77,180923,484967,266903,185730,55292,660443,398,4807,175476,0
58260,,4161,聿新科,,-35486,,2,上櫃,114,,0,,911891,,908489,,0,,17.16,389433,804571,598231,512805,287484,1424696,3402,123372,620125,0
1719060,,4162,智擎,,-48,,2,上櫃,114,-133410,0,,4658317,,,,2000000,,32.42,1057313,5691018,1456776,1058057,1615939,5716374,,744,25356,0
1619715,,4163,鐿鈦,,-51012,,2,上櫃,114,,15750,,2581140,,2519115,,0,,50.68,988341,2220751,497039,2137223,453373,4718363,62025,1148882,2497612,0
-379469,,4166,友霖,,5999,,2,上櫃,114,,,,1856881,,1856881,,0,,8.33,475057,836486,2230351,693293,0,2550174,,218236,1713688,0
441130,,4167,松瑞藥,,,,2,上櫃,114,-138579,,,3614602,,3611669,,6955000,,11.63,310872,2760957,3173991,479789,135127,4094391,2933,168917,1333434,0
-151510,,4168,醣聯,,-10588,,2,上櫃,114,,432000,,997030,,997030,,0,,9.21,276327,460273,1100213,281653,58915,1278683,,5326,818410,0
-83918,,4171,瑞基,,-3667,,2,上櫃,114,-17305,,,624758,,614581,,755000,,10.84,229460,510739,574575,322269,144896,947027,10177,92809,436288,0
238894,,4173,久裕,,286225,,2,上櫃,114,,0,,1926283,,1926283,,0,,25.83,3602232,4984173,745744,3727992,655420,5654275,,125760,670102,0
-9044082,,4174,浩鼎,,-26315,,2,上櫃,114,-26528,0,,3562720,,2640118,,190845,,10.04,348900,2282373,2631594,760703,9105449,4323423,922602,411803,2041050,0
292810,,4175,杏一,,-18101,,2,上櫃,114,,,,1455376,,1450319,,0,,34.27,2850630,2249479,423233,5837590,752377,7292966,5057,2986960,5043487,0
7229,,4183,福永生技,,,,2,上櫃,114,,,,276829,,,,0,,11.63,166765,365082,238000,266893,31600,543722,,100128,178640,0
-229053,,4188,安克,,-13989,,2,上櫃,114,,,,619411,,532104,,0,,8.40,17707,434184,633329,21931,141817,641342,87307,4224,207158,0
-61906,,4192,杏國,,-36383,,2,上櫃,114,,,,265980,,265980,,0,,7.56,21374,238862,351645,21374,12624,287354,,0,48492,0
-50494,,4198,欣大健康,,10291,,2,上櫃,114,,0,,285576,,241290,,0,,10.01,77799,253348,241080,84034,40413,369610,44286,6235,116262,0
1088978,,4205,中華食,,587,,2,上櫃,114,,0,,2118046,,,,0,,23.86,445280,1577113,976492,537399,51989,2655445,,92119,1078332,0
823621,,4207,環泰,,-324297,,2,上櫃,114,,,,3624433,,2542118,,0,,12.80,1038627,2797161,1985380,2251390,57414,5875823,1082315,1212763,3078662,0
1449436,,4303,信立,,-450,,2,上櫃,114,,0,,3058387,,2586496,,0,,32.81,1132179,1703196,946053,1320513,191457,4378900,471891,188334,2675704,0
-346649,,4304,勝昱,,-5605,,2,上櫃,114,,0,,8126,,8126,,0,,0.23,341752,196833,360380,346224,0,354350,0,4472,157517,0
557990,,4305,世坤,,,,2,上櫃,114,,0,,1108205,,,,0,,20.14,361972,1176012,550140,372022,75,1480227,,10050,304215,0
1285986,,4401,東隆興,,-68030,,2,上櫃,114,,,,2670489,,2612147,,0,,21.29,2241404,2554389,1226920,3115404,167271,5785893,58342,874000,3231504,0
-236389,,4402,郡都開發,,157424,,2,上櫃,114,,,,600953,,600953,,0,,8.84,7466,276117,679918,12904,0,613857,0,5438,337740,0
-100047,,4406,新昕纖,,90891,,2,上櫃,114,0,0,,550284,,,,0,,10.60,295432,369801,519120,333048,40320,883332,,37616,513531,0
320,,4413,飛寶企業,,-993,,2,上櫃,114,,,,312474,,312474,,0,,9.98,152676,409385,313147,240241,0,552715,,87565,143330,0
572491,,4416,三圓,,30760,,2,上櫃,114,-579856,,,1685774,,1685774,,4971687,,24.57,5414137,11631871,735861,12773122,926518,14458896,,7358985,2827025,0
2342390,,4417,金洲,,-431903,,2,上櫃,114,,,,3224982,,2789117,,0,,33.22,1318254,2851004,839713,1827373,38917,5052355,435865,509119,2201351,0
-869388,,4419,皇家美食,,-471,,2,上櫃,114,,,,1213216,,1152752,,0,,6.81,992676,528252,1691631,1886984,330980,3100200,60464,894308,2571948,0
887852,,4420,光明,,-303,0,2,上櫃,114,0,0,,1495257,,,,0,,36.96,225672,471712,404550,284894,203158,1780151,,59222,1308439,0
556487,,4430,耀億,,-241249,,2,上櫃,114,,0,,1612533,,1612533,,0,,28.66,1247268,1487469,562736,1788270,734559,3400803,,541002,1913334,0
559921,,4432,銘旺實,,-110898,,2,上櫃,114,,0,,1326252,,1326252,,0,,26.22,245522,1280181,505890,259734,371339,1585986,,14212,305805,0
293501,,4433,興采,,-25529,,2,上櫃,114,-25914,0,,1921545,,1786673,,860000,,29.56,2411131,2188792,612998,4820321,931617,6741866,134872,2409190,4553074,0
137443,,4442,竣邦-KY,,-42619,,2,上櫃,114,,,,574968,,574968,,0,,20.58,299135,659948,279429,306015,200715,880983,,6880,221035,0
-198531,,4502,健信,,-24605,,2,上櫃,114,-7004,0,,622498,,620115,,400000,,10.87,858682,1032369,574697,1725918,275558,2348416,2383,867236,1316047,0
-194995,,4503,金雨,,-3809,,2,上櫃,114,,,,1493363,,1488616,,0,,19.01,132957,1190817,783133,164529,904287,1657892,4747,31572,467075,0
3521211,,4506,崇友,,-88446,,2,上櫃,114,0,0,,5265976,,5266289,,0,,29.75,5557791,8206077,1770120,5588973,63404,10854949,-313,31182,2648872,0
248800,,4510,高鋒,,97657,,2,上櫃,114,,0,,1983207,,1805951,,0,,16.72,3338610,3283327,1088785,4666342,370709,6649549,177256,1327732,3366222,0
-69360,,4513,福裕,,-50778,,2,上櫃,114,,,,1201781,,1201781,,0,,10.51,1034652,2669374,1143619,2482193,178300,3683974,,1447541,1014600,0
-495372,,4523,永彰,,-141802,,2,上櫃,114,,,,620341,,373906,,0,,5.76,1436816,1337729,649490,1782735,361590,2403076,246435,345919,1065347,0
784672,,4527,方方土霖,,-128570,,2,上櫃,114,,0,,1634368,,1546242,,0,,20.30,1048755,2146983,761524,1265858,128616,2900226,88126,217103,753243,0
1475161,,4528,江興鍛,,-266289,,2,上櫃,114,0,0,,2067304,,2067304,,0,,24.56,829257,1324811,841657,1403216,16775,3470520,0,573959,2145709,0
-479625,,4529,淳紳,,-150353,,2,上櫃,114,,,,230518,,230022,,0,,2.72,18371,91277,845491,18807,14509,249325,496,436,158048,0
-433875,,4530,天意能創,,-20115,,2,上櫃,114,,,,260850,,240383,,0,,3.46,133941,337019,694373,198748,,459598,20467,64807,122579,0
787791,,4533,協易機,,-198319,,2,上櫃,114,,,,2358795,,2358795,,0,,14.89,2518882,4513933,1584341,3618792,184982,5977587,,1099910,1463654,0
-231412,,4534,慶騰,,-77563,,2,上櫃,114,,,,618163,,618163,,0,,7.12,523183,711107,867889,640278,59249,1258441,0,117095,547334,0
1606963,,4535,至興,,-147714,,2,上櫃,114,0,0,,2638435,,2366667,,0,,31.28,437828,2069794,756617,458034,150801,3096469,271768,20206,1026675,0
162659,,4538,大詠城,,,,2,上櫃,114,,0,,850632,,,,0,,14.47,111047,459757,587730,114309,100243,964941,,3262,505184,0
65921,,4541,晟田,,,,2,上櫃,114,,0,,1574704,,,,0,,23.28,991052,1901784,676471,2279124,832312,3853828,,1288072,1952044,0
89379,,4542,科嶠,,-13682,,2,上櫃,114,,0,,618983,,612920,,0,,18.96,478390,956732,323234,870506,213989,1489489,6063,392116,532757,0
818031,,4543,萬在,,-4755,,2,上櫃,114,0,,,1720559,,1720559,,0,,28.79,559397,1162504,597723,842426,309560,2562985,,283029,1400481,0
837327,,4549,桓達,,-81512,,2,上櫃,114,,,,1771047,,1770961,,0,,31.69,483429,1847653,570025,1036504,445121,2807551,86,553075,959898,0
428972,,4550,長佳,,-15157,,2,上櫃,114,,,,909051,,909051,,0,,24.02,565708,899365,378387,856682,116849,1765733,,290974,866368,0
27679,,4554,橙的,,-891,,2,上櫃,114,,,,460946,,460946,,0,,19.78,277681,653327,263274,322179,170884,783125,,44498,129798,0
118840,,4556,旭然,,-89674,,2,上櫃,114,,0,,741396,,741396,,0,,17.53,402933,629328,423028,755099,289202,1496495,0,352166,867167,0
125641,,4558,寶緯,,,,2,上櫃,114,,,,841378,,,,0,,16.83,922621,1241525,500000,1564330,215737,2405708,,641709,1164183,0
531615,,4561,健椿,,,,2,上櫃,114,,,,1327367,,,,0,,22.68,501136,1000714,585216,989272,210536,2316639,,488136,1315925,0
70359,,4563,百德,,368,,2,上櫃,114,,,,1440890,,1440890,,0,,26.22,1678790,3051813,549500,2731692,820663,4172582,,1052902,1120769,0
284839,,4568,科際精密,,-86993,,2,上櫃,114,-4492,,,1013338,,1013338,,104000,,32.00,265789,892006,317721,434521,502263,1447859,,168732,555853,0
371598,,4577,達航科技,,-123620,,2,上櫃,114,,,,927372,,927372,,0,,18.87,445143,741347,491380,928192,188014,1855564,,483049,1114217,0
1086904,,4580,捷流閥業,,-63929,,2,上櫃,114,,,,2546804,,2546804,,0,,56.87,923004,2451778,468031,1254879,1055798,3801683,,331875,1349905,0
453417,,4584,君帆,,-78260,,2,上櫃,114,,0,,955865,,955865,,0,,31.86,729641,1079986,300024,1044070,280684,1999935,,314429,919949,0
-317681,,4609,唐鋒,,-39113,,2,上櫃,114,,,,126007,,126007,,0,,2.63,206683,345003,479468,455904,3333,581911,,249221,236908,0
434693,,4702,中美實,,21528,,2,上櫃,114,,0,,1184475,,1184475,,0,,16.38,222092,615240,723332,222352,4922,1406827,,260,791587,0
692156,,4706,大恭,,-53734,,2,上櫃,114,,,,1430752,,1429903,,0,,18.09,170242,1406054,790301,174245,1180,1604997,849,4003,198943,0
1427699,,4707,磐亞,,-623180,,2,上櫃,114,,,,5714397,,,,0,,14.15,2277165,993357,4037153,2727070,872725,8441467,,449905,7448110,0
344161,,4711,永純,,,,2,上櫃,114,,,,1008030,,1008030,,0,,16.51,169083,816385,610560,229256,53309,1237286,,60173,420901,0
174424,,4714,永捷,,-97076,,2,上櫃,114,0,0,,7440061,,2211315,,0,,12.42,3521189,7271231,1780882,4148799,353085,11588860,5228746,627610,4317629,0
57627,,4716,大立,,-5245,,2,上櫃,114,0,,,1086970,,1083874,,0,,12.11,512794,1066658,944272,640109,87220,1727079,3096,127315,660421,0
565654,,4721,美琪瑪,,-162232,,2,上櫃,114,,,,1178110,,1178110,,0,,15.71,983330,1633858,749863,989170,24825,2167280,,5840,533422,0
-362103,,4726,永昕,,-264,,2,上櫃,114,,0,,1766814,,1766814,,0,,8.53,841505,706054,2071143,1448107,58038,3214921,,606602,2508867,0
719571,,4728,雙美,,-23417,,2,上櫃,114,,,,1244435,,1244435,,0,,22.85,944223,1416315,544630,1144887,3651,2389322,,200664,973007,0
94260,,4729,熒茂,,-22584,,2,上櫃,114,,,,1200008,,973433,,0,,12.52,1365037,1563885,777268,1875372,124489,3075380,226575,510335,1511495,0
485191,,4735,豪展,,-155331,,2,上櫃,114,-123137,0,,915020,,915020,,3063000,,23.76,362753,778839,415688,365920,292609,1280940,,3167,502101,0
196537,,4741,泓瀚,,-1663,,2,上櫃,114,,,,903340,,896345,,0,,27.29,226206,553547,348121,227613,353350,1130953,6995,1407,577406,0
-1002905,,4743,合一,,210784,,2,上櫃,114,-25777,,,10925610,,10461182,,1033339,,21.87,165949,6077439,4794565,856620,6484515,11782230,464428,690671,5704791,0
205923,,4744,皇將,,-28303,,2,上櫃,114,-30581,,,1129428,,1129428,,1477000,,21.11,730697,1240741,549844,955582,432545,2085010,0,224885,844269,0
835583,,4745,合富-KY,,-375596,,2,上櫃,114,,0,,4498952,,2458402,,0,,31.74,2126440,5571529,774496,2140378,1223919,6639330,2040550,13938,1067801,0
179739,,4747,強生*,,-10969,,2,上櫃,114,,,,1666792,,1666792,,0,,37.10,333931,1362222,449324,333931,1048698,2000723,,0,638501,0
1110661,,4749,新應材,,-5217,,2,上櫃,114,,,,8597459,,8588025,,0,,92.61,1366960,6168784,927328,1525480,6555253,10122939,9434,158520,3954155,0
164785,,4754,國碳科,,-11892,,2,上櫃,114,,0,,499012,,499012,,0,,16.48,207596,475292,302832,357296,43287,856308,,149700,381016,0
373106,,4760,勤凱科技,,-20864,,2,上櫃,114,0,,,872159,,,,0,,28.40,519235,1046167,322183,519412,197734,1391571,,177,345404,0
547302,,4767,誠泰科技,,-82639,,2,上櫃,114,,,,858544,,859162,,0,,27.35,267773,1004510,314150,508041,80349,1366585,-618,240268,362075,0
70875,,4768,晶呈科技,,-6893,,2,上櫃,114,,0,,1687225,,1471678,,0,,32.54,811960,713001,474879,1289414,932817,2976639,215547,477454,2263638,0
545624,,4772,台特化,,,,2,上櫃,114,,0,,3156220,,,,0,,21.37,438224,2260798,1476816,438284,1133780,3594504,,60,1333706,0
-420883,,4804,大略-KY,0,-26150,,2,上櫃,114,0,,,42996,,42996,,0,,0.88,182348,52576,490029,309175,0,352171,0,126827,299595,0
-1298310,,4806,桂田文創,,-60961,,2,上櫃,114,,0,,648923,,648923,,0,,3.25,164001,588703,1998941,296074,9253,944997,0,132073,356294,0
-15738,,4903,聯光通,,9100,,2,上櫃,114,,0,,1046799,,1046799,,0,,9.94,455190,986372,1053437,470340,0,1517139,0,15150,530767,0
2556536,,4905,台聯電,,-135290,,2,上櫃,114,-14,,,2899813,,2722682,,595,,93.05,1248220,1886839,292600,1369120,8850,4268933,177131,120900,2382094,0
1118798,,4907,富宇,,17223,,2,上櫃,114,,,,2387504,,,,0,,20.21,4754623,8806215,1181458,6485422,70025,8872926,,1730799,66711,0
764205,,4908,前鼎,,-5324,,2,上櫃,114,,0,,1635201,,,,0,,20.91,335053,1561411,782169,339438,94151,1974639,,4385,413228,0
1019540,,4909,新復興,,-10598,,2,上櫃,114,,,,2457345,,2457345,,0,,26.32,760560,2850991,933568,782634,514835,3239979,,22074,388988,0
93164,,4911,德英,,,,2,上櫃,114,,0,,864595,,,,0,,14.65,146724,506455,637196,147210,134235,1011805,,486,505350,0
-156416,,4923,力士,,-122,,2,上櫃,114,-55478,0,,445788,,445788,,1150000,,13.62,284983,661313,338908,327027,318896,772815,,42044,111502,0
38606,,4924,欣厚-KY,,-97457,,2,上櫃,114,,,,318031,,318031,,0,,8.56,219088,245959,371644,344822,5238,662853,,125734,416894,0
445947,,4931,新盛力,,-60228,,2,上櫃,114,,30000,,1080188,,1080188,,0,,16.46,607530,1371366,656178,618433,38291,1698621,,10903,327255,0
1573365,,4933,友輝,,-75993,,2,上櫃,114,,,,3355701,,3355701,,0,,40.93,1237903,3927610,819917,1496503,1038412,4852204,,258600,924594,61000
185238,,4939,亞電,,-150421,,2,上櫃,114,,0,,1209725,,1209725,,0,,12.32,971396,1555040,982009,1325535,192899,2535260,,354139,980220,0
-11236,,4946,辣椒,,0,,2,上櫃,114,,,,67173,,67567,,0,,8.65,101234,150035,78110,104495,693,171668,-394,3261,21633,0
-919389,,4950,金耘國際,,-38664,,2,上櫃,114,,,,792168,,509545,,0,,3.47,374738,791155,1467598,389266,0,1181434,282623,14528,390279,0
417409,,4951,精拓科,,-8604,,2,上櫃,114,,0,,878934,,873937,,0,,25.59,130393,463887,341487,144112,123645,1023046,4997,13719,559159,0
1760098,,4953,緯致,,-273831,,2,上櫃,114,0,0,,3552551,,3552551,,0,,48.57,1783029,4585457,731470,1926071,1334814,5478622,,143042,893165,0
17641219,,4966,譜瑞-KY,,-459732,,2,上櫃,114,-1514490,0,,19737028,,19737028,,1999047,,252.85,3285622,14691968,800581,3423068,3269450,23160096,,137446,8468128,0
464296,,4971,IET-KY,,-57778,,2,上櫃,114,,,,1793104,,1792466,,0,,44.83,90025,609742,399857,96031,986091,1889135,638,6006,1279393,0
155030,,4972,湯石照明,,-160623,,2,上櫃,114,-11008,0,,1375968,,1375968,,500000,,24.40,292173,1036129,568886,343042,823683,1719010,,50869,682881,0
530765,,4973,廣穎電通,,412118,,2,上櫃,114,0,0,,1947933,,1947933,,0,,29.79,956850,1927716,653928,975778,351122,2923711,,18928,995995,0
1724201,,4974,亞泰,,-258054,,2,上櫃,114,,,,2898499,,2898499,,0,,39.98,1435130,4222090,725001,1503693,707351,4402192,,68563,180102,0
965650,,4979,華星光,,-99702,,2,上櫃,114,,,,3448591,,3448591,,0,,24.49,829732,4026212,1408398,1583606,1174245,5032197,,753874,1005985,0
-64718,,4991,環宇-KY,,-169879,,2,上櫃,114,,21360,,2831283,,2831283,,0,,24.93,169145,1772886,1136022,412970,1929858,3244253,,243825,1471367,0
248999,,4995,晶達,,-4126,,2,上櫃,114,,,,861234,,861234,,0,,20.32,461859,686647,423840,832559,192521,1693793,,370700,1007146,48000
5276441,,5009,榮剛,,-399334,,2,上櫃,114,-352168,,,17842953,,17437927,,16099044,,29.74,5400877,16493958,6024712,17367745,6888276,35210698,405026,11966868,18716740,0
4264,,5011,久陽,,-61755,,2,上櫃,114,,0,,2383566,,2059739,,0,,20.46,2166294,2170636,1006697,3360790,1110533,5744356,323827,1194496,3573720,0
2384400,,5013,強新,,-208624,,2,上櫃,114,,,,4781858,,3520960,,0,,26.39,1931520,4832522,1334160,3411367,11024,8193225,1260898,1479847,3360703,0
741223,,5014,建錩,,-490638,,2,上櫃,114,-27132,0,,2455492,,2446832,,2068000,,13.35,7509652,7637596,1853330,8966484,370049,11421976,8660,1456832,3784380,0
472685,,5015,華祺,,-60995,,2,上櫃,114,,,,1112034,,1112034,,0,,18.34,1373989,1907376,606392,1403888,93952,2515922,,29899,608546,0
957846,,5016,松和,,-25012,,2,上櫃,114,,0,,1447295,,1437055,,0,,28.96,627647,1636831,496221,1168569,8000,2615864,10240,540922,979033,0
115289,,5201,凱衛,,-38258,,2,上櫃,114,,0,,391018,,386572,,0,,12.60,134508,470847,306746,181551,2795,572569,4446,47043,101722,0
199942,,5202,力新,,-21584,,2,上櫃,114,,0,,1142303,,1142299,,0,,12.82,100581,669693,890940,126076,73001,1268379,4,25495,598686,0
-28091,,5205,中茂,,-56474,,2,上櫃,114,,,,127268,,102826,,0,,7.62,29327,112428,135000,37814,52391,165082,24442,8487,52654,0
1965257,,5206,坤悅,,0,,2,上櫃,114,0,0,,3771729,,3771729,,0,,24.19,10828027,15329481,1715175,11844721,91297,15616450,,1016694,286969,0
360763,,5209,新鼎,,-8571,,2,上櫃,114,,0,,856662,,856659,,0,,30.14,3573508,4568251,284271,4085607,220196,4942269,3,512099,374018,0
-222559,,5210,寶碩,,-29543,,2,上櫃,114,0,,,749256,,749256,,0,,9.12,59889,464094,821778,83091,179580,832347,0,23202,368253,0
-80455,,5211,蒙恬,,-9933,,2,上櫃,114,0,0,,349145,,342625,,0,,10.70,23936,231171,320247,40109,112766,389254,6520,16173,158083,0
92062,,5212,凌網,,11712,,2,上櫃,114,,,,503355,,492668,,0,,14.23,301872,966215,346330,694750,42564,1198105,10687,392878,231890,0
3083854,,5213,亞昕,,-330508,,2,上櫃,114,-31810,0,,15324475,,13962623,,1420000,,20.39,43391207,62412544,6863343,52107004,4377744,67431479,1361852,8715797,5018935,0
313989,,5220,萬達光電,,-477,,2,上櫃,114,,0,,756016,,756016,,0,,19.06,236623,555117,396670,443891,45834,1199907,,207268,644790,0
1022921,,5223,安力-KY,,-234218,,2,上櫃,114,,0,,1795757,,1795757,,0,,40.31,916145,1444568,445498,1379053,561556,3174810,,462908,1730242,0
-751567,,5227,立凱-KY,,26029,,2,上櫃,114,,0,,383462,,383462,,0,,5.64,590945,614685,680000,644379,429000,1027841,,53434,413156,0
45699,,5228,鈺鎧,,2928,,2,上櫃,114,,0,,500845,,,,0,,13.16,152328,233944,380563,637410,71655,1138255,,485082,904311,0
221153,,5230,雷笛克光學,,-273174,,2,上櫃,114,-29999,,,1167741,,1159550,,1398000,,20.71,661356,1109328,573748,1006213,667822,2173954,8191,344857,1064626,0
-109833,,5245,智晶,,0,,2,上櫃,114,-84691,,,815696,,782308,,1830000,,18.13,560842,605697,449900,960137,526932,1775833,33388,399295,1170136,0
-4786,,5251,天鉞電,,-19935,,2,上櫃,114,0,,,379242,,379242,,0,,11.24,66990,369483,337334,82170,66629,461412,0,15180,91929,0
-266690,,5263,智崴,,-75071,,2,上櫃,114,-309122,,,3246725,,3246725,,3000000,,48.06,1191650,2690011,705581,2090342,3192027,5337067,,898692,2647056,0
-33522,,5272,笙科,,90799,,2,上櫃,114,,,,924815,,,,0,,16.73,60174,329604,552761,144221,314777,1069036,,84047,739432,0
3303432,,5274,信驊,,-44835,,2,上櫃,114,,,,5176582,,5176582,,0,,136.87,3677928,7361693,378207,3846647,1539778,9023229,,168719,1661536,0
128505,,5276,達輝-KY,,-192033,,2,上櫃,114,,0,,435628,,435628,,0,,11.03,298574,570407,395000,307394,104156,743022,,8820,172615,0
287193,,5278,尚凡*,,-22414,,2,上櫃,114,,0,,673783,,646081,,0,,2.15,964422,2244282,300000,1782693,81302,2456476,27702,818271,212194,0
1675207,,5287,數字,,-416500,,2,上櫃,114,,,,2305388,,2289855,,0,,37.97,1294716,2006735,603141,1801757,428007,4107145,15533,507041,2100410,0
4558417,,5289,宜鼎,,1999,,2,上櫃,114,,0,,7351980,,7184405,,0,,78.40,2934236,7189585,934702,3494884,1689287,10846864,167575,560648,3657279,0
389056,,5291,邑昇,,-38019,,2,上櫃,114,-26052,,,934993,,919944,,1035000,,23.06,484368,987518,409256,822024,185703,1757017,15049,337656,769499,0
916781,,5299,杰力,,-1449,,2,上櫃,114,,,,3088021,,3088021,,0,,60.68,751309,2143185,508890,753561,1663799,3841582,,2252,1698397,0
-824434,,5301,寶得利,,-10019,,2,上櫃,114,,,,613600,,593270,,0,,4.16,149605,679626,1427526,206257,197,819857,20330,56652,140231,0
-344825,,5302,太欣,,-11253,,2,上櫃,114,,0,,1247001,,1243867,,0,,7.78,153326,69453,1598883,544240,1062,1791241,3134,390914,1721788,0
198215,,5309,系統電,,-193411,,2,上櫃,114,-73952,0,,3027701,,2791143,,2115000,,14.71,1502552,2258380,1918779,1728345,941512,4756046,236558,225793,2497666,96500
-13277,,5310,天剛,,0,,2,上櫃,114,,,,276158,,276158,,0,,9.54,56683,337304,289435,68411,0,344569,,11728,7265,0
2123175,,5312,寶島科,,-155777,,2,上櫃,114,0,0,,3048936,,3043445,,0,,50.67,3414020,4839083,600599,5184914,475448,8233850,5491,1770894,3394767,0
643746,,5314,世紀*,,0,,2,上櫃,114,-126690,0,,727291,,664264,,2000810,,2.27,378600,811542,147000,424912,208,1152203,63027,46312,340661,0
499838,,5315,光聯,,3911,,2,上櫃,114,0,0,,1611633,,1611633,,0,,15.15,568667,1871814,1063518,600796,44366,2212429,0,32129,340615,0
139493,,5321,美而快,,-67,,2,上櫃,114,,,,842641,,776924,,0,,14.61,2081975,1502225,531798,4151920,105700,4994561,65717,2069945,3492336,0
-577768,,5324,士開,,-205144,,2,上櫃,114,,0,,1600532,,1498363,,0,,6.62,5520381,8171363,2263791,8139716,17484,9740248,102169,2619335,1568885,0
151889,,5328,華容,,-151159,,2,上櫃,114,,,,1741224,,1737525,,0,,10.06,669337,1714381,1727107,715530,9688,2456754,3699,46193,742373,0
184863,,5340,建榮,,,,2,上櫃,114,,0,,2133803,,,,0,,10.95,551295,1322356,1948940,562735,,2696538,,11440,1374182,0
-230760,,5344,立衛,,-55000,,2,上櫃,114,,,,508714,,,,0,,6.40,70499,276857,794474,103011,,611725,,32512,334868,0
-182945,,5345,馥鴻,,,,2,上櫃,114,,,,216566,,216566,,0,,5.73,6104,216186,377950,6419,21561,222985,,315,6799,0
23677469,,5347,世界,,-3376037,,2,上櫃,114,,,,64022306,,57940743,,0,,31.03,37823644,79102319,18673924,93070985,18965387,157093291,6081563,55247341,77990972,0
-22304,,5348,正能量智能,0,-591,,2,上櫃,114,0,,,144931,,125415,,0,,8.49,65712,183643,147759,77504,551,222435,19516,11792,38792,0
-425901,,5351,鈺創,,90429,,2,上櫃,114,,0,,3830921,,3745729,,0,,11.50,2028932,3975492,3255958,2719202,825243,6550123,85192,690270,2574631,0
312631,,5353,台林,,61940,,2,上櫃,114,,,,1326212,,1326212,,0,,17.57,676388,1364214,755000,771286,196641,2097498,,94898,733284,0
-776713,,5355,佳總,,-31530,,2,上櫃,114,,,,853459,,853459,,0,,5.14,171358,582375,1661228,206401,474,1059860,,35043,477485,0
3141400,,5356,協益,,-459504,,2,上櫃,114,,,,4074562,,4074562,,0,,39.54,899774,2566552,1030400,1356719,362266,5431281,0,456945,2864729,0
-38806,,5364,力麗店,,-21987,,2,上櫃,114,,,,791403,,766870,,0,,12.01,389781,193532,638499,450482,189164,1241885,24533,60701,1048353,0
-445261,,5381,光譜,,91391,,2,上櫃,114,,,,2230347,,2175559,,0,,8.90,1273160,1771419,2445268,1612305,84161,3842652,54788,339145,2071233,0
271255,,5386,青雲,,-4369,,2,上櫃,114,,,,706566,,,,0,,22.28,700462,1349984,360809,701164,78871,1407730,,702,57746,0
1404283,,5392,能率,,-531002,,2,上櫃,114,-5714,0,,7428356,,5277274,,983873,,31.42,5734534,8040704,1765622,6993612,2644085,14421968,2151082,1259078,6381264,0
7227,,5398,慕康生醫,,-32496,,2,上櫃,114,,,,535239,,535239,,0,,10.82,83960,287182,494655,90743,65853,625982,,6783,338800,0
1314656,,5403,中菲,,38411,,2,上櫃,114,,,,2441273,,,,0,,32.04,1723091,2877751,761931,1878520,326275,4319793,,155429,1442042,0
469992,,5410,國眾,,3896,,2,上櫃,114,,,,1434350,,1433976,,0,,15.68,1461087,2100821,915655,1540601,44433,2974951,374,79514,874130,119500
3381756,,5425,台半,,-741693,,2,上櫃,114,-741295,0,,9641361,,6816243,,15960000,,27.54,6316368,11463971,2634854,10785499,2282621,20426860,2825118,4469131,8962889,0
761725,,5426,振發,,-154533,,2,上櫃,114,,0,,2127817,,2123126,,0,,14.76,477714,1507661,1438000,709954,77934,2837771,4691,232240,1330110,0
177518,,5432,新門,,-18722,,2,上櫃,114,,0,,365674,,,,0,,17.68,46595,291879,206878,46595,,412269,,0,120390,0
1105561,,5438,東友,,422864,,2,上櫃,114,,0,,2653790,,2653790,,0,,23.58,702645,1068443,1125365,780955,0,3434745,,78310,2366302,0
1166128,,5439,高技,,-185,,2,上櫃,114,,,,2590607,,2590607,,0,,27.86,4707250,5409086,929757,5535402,494907,8126009,,828152,2716923,0
632509,,5443,均豪,,3328509,,2,上櫃,114,-462609,0,,5934234,,5391809,,3668000,,33.53,4181129,4490308,1644966,6711261,248434,12645495,542425,2530132,8155187,0
222629,,5450,南良,,94915,,2,上櫃,114,,,,1642360,,1642360,,0,,13.42,1035192,1651820,1224032,1728115,100784,3370475,,692923,1718655,0
456332,,5452,佶優,0,-97430,,2,上櫃,114,-31487,0,,2185018,,1976682,,1000000,,13.38,1227445,3082147,1487637,1590076,161630,3775094,208336,362631,692947,0
720673,,5455,昇益,,4892,,2,上櫃,114,,,,1384320,,,,0,,21.13,1985427,3295218,655018,1985977,3737,3370297,,550,75079,0
2294145,,5457,宣德,,-457264,,2,上櫃,114,,0,,10077224,,4224155,,0,,24.17,12490081,14722747,1747925,16608881,639349,26686105,5853069,4118800,11963358,0
147585,,5460,同協,,-54998,,2,上櫃,114,,,,694110,,694110,,0,,11.81,52127,525714,587781,81642,13742,775752,,29515,250038,0
306605,,5464,霖宏,,,,2,上櫃,114,,,,1109896,,1109896,,0,,15.62,2142128,2071049,710715,3038944,92576,4148840,,896816,2077791,0
546948,,5465,富驊,,-258763,,2,上櫃,114,,,,2612103,,2080280,,0,,14.09,2355782,4176270,1476826,2383956,315269,4996059,531823,28174,819789,0
-135699,,5468,凱鈺,,-32000,,2,上櫃,114,,,,276884,,276884,,0,,7.73,355833,545152,358229,384786,86354,661670,,28953,116518,0
1483222,,5474,聰泰,,,,2,上櫃,114,0,0,,1881584,,,,0,,47.33,608951,1344387,397569,671218,793,2552802,,62267,1208415,0
-933185,,5475,德宏,,458060,,2,上櫃,114,,,,788322,,796145,,0,,6.26,1215517,872485,1271270,1294087,,2082409,-7823,78570,1209924,0
3761722,,5478,智冠,,-675783,,2,上櫃,114,-567008,,,9708615,,8498294,,6246414,,56.72,8418638,14214944,1560743,8685866,4418620,18394481,1210321,267228,4179537,0
468510,,5481,新華,,-204,,2,上櫃,114,-65913,,,1196590,,1196590,,5000000,,18.02,32443,420737,714029,362128,80168,1558718,0,329685,1137981,0
19527517,,5483,中美晶,,-9511350,,2,上櫃,114,-4382100,,,107026604,,44690191,,27050000,,72.76,66628018,90391859,6412217,144729257,32643907,251755861,62336413,78101239,161364002,0
236111,,5487,通泰,,-5718,,2,上櫃,114,,0,,513269,,513269,,0,,21.19,25135,451613,242225,46936,40651,560205,,21801,108592,0
64020,,5488,松普,,-121119,,2,上櫃,114,0,0,,858762,,858762,,0,,9.38,399205,1134680,915861,445711,0,1304473,0,46506,169793,0
1196817,,5489,彩富,,-784,,2,上櫃,114,-167368,,,2169640,,2164578,,4178500,,21.97,546935,1915175,1027064,577255,108849,2746895,5062,30320,831720,0
312628,,5490,同亨,,-36753,,2,上櫃,114,-82818,,,1236870,,1236870,,3000000,,13.28,345663,1405555,961522,415118,82291,1651988,,69455,246433,0
933894,,5493,三聯,,340658,,2,上櫃,114,,0,,2888749,,1755640,,0,,40.18,2466471,3205753,436892,2732479,44196,5621228,1133109,266008,2415475,0
150839,,5498,凱崴,,-297763,,2,上櫃,114,,,,1877581,,1858256,,0,,9.66,1171605,2056679,1924485,1708582,80695,3586163,19325,536977,1529484,0
3005955,,5508,永信建,,0,,2,上櫃,114,,,,5396388,,5396388,,0,,24.82,12248250,19043446,2174281,13747823,216152,19144211,,1499573,100765,0
4682151,,5511,德昌,,25121,,2,上櫃,114,,,,6046752,,5985210,,0,,52.76,6766500,11021421,1134400,7571064,143538,13617816,61542,804564,2596395,0
5259051,,5512,力麒,,-147996,,2,上櫃,114,-98195,0,,18261634,,13420119,,6493959,,17.66,17820124,27070130,7663125,25804948,744134,44066582,4841515,7984824,16996452,0
366159,,5514,三豐,,317144,,2,上櫃,114,-23395,,,3022438,,3022437,,9113181,,13.87,3157285,4978921,2361183,3161697,1346,6184135,1,4412,1205214,0
-101792,,5516,雙喜,,0,,2,上櫃,114,0,0,,413660,,,,0,,8.03,2915581,3073304,515452,3106338,0,3519998,,190757,446694,0
2000839,,5520,力泰,,26636,,2,上櫃,114,,0,,2831568,,2664232,,0,,44.42,1125607,2574345,599752,1223720,37005,4055288,167336,98113,1480943,0
1377976,,5523,豐謙,,-1458,,2,上櫃,114,,0,,2932059,,2932059,,0,,18.92,1838917,4419181,1550015,1868032,5526,4800091,0,29115,380910,0
-211662,,5529,鉅陞,,,,2,上櫃,114,,0,,1226427,,1226427,,0,,12.04,3700891,4763246,1018374,3758087,419715,4984514,,57196,221268,0
17364056,,5530,龍巖,,1883835,,2,上櫃,114,,,,26455083,,26365791,,0,,62.76,48479859,48688347,4200842,48661213,2917058,75116296,89292,181354,26427949,0
5829004,,5536,聖暉*,,484157,,2,上櫃,114,,0,,16138569,,10743951,,0,,86.59,19821277,32832115,620405,21039982,3810385,37178551,5394618,1218705,4346436,0
-312589,,5543,桓鼎-KY,,-74866,,2,上櫃,114,,0,,976063,,415872,,0,,9.14,2088461,1927788,454836,2358402,348491,3334465,560191,269941,1406677,0
162962,,5547,久舜,,,,2,上櫃,114,,0,,643455,,,,0,,16.10,843588,1305189,399600,846844,80893,1490299,,3256,185110,0
149907,,5548,安倉,,-4965,,2,上櫃,114,-160,,,1066486,,,,16000,,18.90,1252900,2068212,578680,1280895,343024,2347381,,27995,279169,0
727976,,5601,台聯櫃,,-4308,,2,上櫃,114,,0,,1374698,,,,0,,21.21,40688,117522,648000,504745,3030,1879443,,464057,1761921,0
710639,,5603,陸海,,-80777,,2,上櫃,114,,0,,1901329,,1826660,,0,,17.42,543844,620838,1048766,745430,148032,2646759,74669,201586,2025921,0
885497,,5604,中連,,0,,2,上櫃,114,,0,,2057173,,2057173,,0,,18.91,28493,184667,1087830,533749,83846,2590922,0,505256,2406255,0
4127370,,5609,中菲行,0,-199624,,2,上櫃,114,-181852,0,,5353150,,5236977,,2140000,,37.21,3347194,7457377,1428840,3537544,62243,8890694,116173,190350,1433317,0
-890911,,5701,劍湖山,,-19403,,2,上櫃,114,,,,520469,,520469,,0,,3.64,1225111,108781,1430000,1907452,783,2427921,,682341,2319140,0
-180497,,5703,亞都麗緻,,-23241,,2,上櫃,114,,,,498658,,498658,,0,,7.10,208066,301869,702396,446441,,945099,,238375,643230,0
141269,,5704,老爺知,,,,2,上櫃,114,,0,,529992,,,,0,,13.64,127739,283764,388617,130609,106,660601,,2870,376837,0
,1649645,5864,致和證,,126632,,2,上櫃,114,,,,6838310,,,,,0,16.25,1665604,6937285,4544956,1699564,517077,8537874,,33960,1600589,0
179526,,5878,台名,,-4691,,2,上櫃,114,,,,507043,,507043,,0,,20.26,149207,369541,250243,237743,81965,744786,,88536,375245,0
268148,,5902,德記,,-20088,,2,上櫃,114,,,,1193060,,1193060,,0,,12.62,579980,1228311,945000,589738,0,1782798,,9758,554487,0
5959407,,5903,全家,,-128241,,2,上櫃,114,,0,,9592826,,8418594,,0,,37.71,41957848,19585858,2232200,70881447,355228,80474273,1174232,28923599,60888415,0
3802813,,5904,寶雅*,,,,2,上櫃,114,,0,,6343135,,,,0,,60.45,10417816,12104330,1284856,24086214,1255466,30429349,,13668398,18325019,0
-357179,,5905,南仁湖,,-23099,,2,上櫃,114,,0,,3694294,,2851230,,0,,10.12,2278394,2401119,2816232,4846718,415276,8541012,843064,2568324,6139893,0
,677160,6015,宏遠證,,148821,,2,上櫃,114,-3208,,,5130781,,,5130781,,324000,13.10,8027566,11936812,3919057,8366808,388951,13497589,,339242,1560777,0
,1641629,6016,康和證,,793192,,2,上櫃,114,,0,,9538939,,,9476107,,0,15.18,36455555,39388185,6865955,37798841,175331,47337780,62832,1343286,7949595,0
,1434926,6020,大展證,,719375,,2,上櫃,114,,0,,4678752,,,4678294,,0,18.54,2432997,5721818,2523532,2436926,461,7115678,458,3929,1393860,0
,2076287,6021,美好證,,2011020,,2,上櫃,114,,0,,7274167,,,7274167,,0,23.27,17258065,24036462,3125809,20117605,61051,27391772,,2859540,3355310,0
,7346896,6023,元大期貨,,2205595,,2,上櫃,114,,0,,17781533,,,17781533,,0,55.57,175956637,190527771,3199763,177558920,5029279,195340453,,1602283,4812682,0
,1155933,6026,福邦證,,39649,,2,上櫃,114,,,,5311033,,,5311033,,0,13.41,6903983,10888600,3961619,6909579,153832,12220612,0,5596,1332012,0
288957,,6028,公勝保經,,,,2,上櫃,114,,0,,565091,,565091,,0,,28.25,806730,1064057,220000,969739,56134,1534830,,163009,470773,0
3847,,6101,寬魚國際,,5766,,2,上櫃,114,-55538,0,,1119320,,1119320,,1804000,,9.77,178242,795712,1164224,198812,1021,1318132,,20570,522420,0
7531,,6103,合邦,,741,,2,上櫃,114,,,,144321,,144321,,0,,10.61,12107,157138,136049,13724,0,158045,,1617,907,0
897850,,6104,創惟,,-73186,,2,上櫃,114,0,,,2111213,,2106525,,0,,23.10,1521871,2365088,911751,1530257,370110,3641470,4688,8386,1276382,0
-59960,,6109,亞元,,-63897,,2,上櫃,114,0,0,,554903,,555522,,0,,8.19,373346,720149,678254,422673,1125,977576,-619,49327,257427,0
650676,,6111,光聚晶電,,-188983,,2,上櫃,114,-241012,,,3907342,,1971676,,12129498,,20.33,3022848,4012949,1091111,4366231,659884,8273573,1935666,1343383,4260624,0
-3971,,6113,亞矽,,-60349,,2,上櫃,114,0,0,,530666,,530666,,0,,10.10,160130,530365,525495,261974,69491,792640,0,101844,262275,0
854587,,6114,久威,,29521,,2,上櫃,114,,0,,1495787,,1495787,,0,,34.06,634478,1892760,439119,684552,172560,2180339,,50074,287579,0
139468,,6118,建達,,-2271,,2,上櫃,114,,,,1113511,,1113511,,0,,12.25,2525065,3432543,908896,2547518,67418,3661029,,22453,228486,0
29734518,,6121,新普,,-1784825,,2,上櫃,114,,,,41790424,,35492969,,0,,191.88,29118626,61494025,1849705,33253272,5693571,75043696,6297455,4134646,13549671,0
785890,,6122,擎邦,,321280,,2,上櫃,114,-76996,0,,1821444,,1821444,,1500000,,23.78,2168593,3416609,780916,2358902,10354,4180346,,190309,763737,0
436899,,6123,上奇,,-82956,,2,上櫃,114,,,,1678714,,1308293,,0,,21.07,1864823,2880414,620894,1890461,333456,3569175,370421,25638,688761,0
468924,,6124,業強,,-247518,,2,上櫃,114,,0,,2942997,,2877493,,0,,15.77,1385842,1894301,1824799,1403998,831288,4346995,65504,18156,2452694,0
763446,,6125,廣運,0,-321375,,2,上櫃,114,0,,0,5726885,,4282537,,0,,16.53,2919165,4717518,2590112,5487852,1250354,11214737,1444348,2568687,6497219,0
444960,,6126,信音,,-360618,,2,上櫃,114,-29031,0,,5587692,,3107923,,1230000,,24.55,2441199,6223457,1278269,3262844,1774343,8850536,2479769,821645,2627079,0
-23686,,6127,九豪,0,-102842,,2,上櫃,114,0,0,,1037417,,1037417,,0,,9.60,1302021,1133630,1080798,2298277,83147,3335694,0,996256,2202064,0
-151146,,6129,普誠,,-75803,,2,上櫃,114,,,,1703685,,1656411,,0,,9.15,354179,1189685,1809437,383516,73923,2087201,47274,29337,897516,0
-65557,,6130,上亞科技,,-20936,,2,上櫃,114,,,,699402,,588288,,0,,13.28,92301,281361,443000,214213,231781,913615,111114,121912,632254,0
-28570,,6134,萬旭,,-18136,,2,上櫃,114,,,,971275,,903137,,0,,11.03,699048,1140938,818821,771997,131022,1743272,68138,72949,602334,0
1849839,,6138,茂達,,-34090,,2,上櫃,114,-52274,,,4225971,,3338503,,1238088,,45.47,2233818,5179766,746570,2433218,828458,6659189,887468,199400,1479423,0
24512,,6140,訊達電腦,,-24084,,2,上櫃,114,,,,549828,,549828,,0,,11.02,1243394,1578757,548978,1361035,422,1910863,,117641,332106,0
1399496,,6143,振曜,,-64172,,2,上櫃,114,0,,,4335592,,2638485,,0,,30.66,2186356,5202131,860589,2380426,442572,6716018,1697107,194070,1513887,0
-77987,,6144,得利影,,4778,,2,上櫃,114,,0,,311418,,,,0,,8.14,41924,204946,382737,42136,1890,353554,,212,148608,0
3253986,,6146,耕興,,-218759,,2,上櫃,114,,,,5371124,,4949170,,0,,48.58,1421808,4824055,1018672,1745168,895271,7116292,421954,323360,2292237,0
32377544,,6147,頎邦,,2035188,,2,上櫃,114,,,,45779158,,45779158,,0,,61.48,6251377,13680688,7446335,7455984,3920091,53235142,,1204607,39554454,0
85974,,6148,驊宏資,,0,,2,上櫃,114,0,0,,563241,,563241,,0,,12.09,510085,702407,466038,606756,11229,1169997,0,96671,467590,0
208912,,6150,撼訊,,-43334,,2,上櫃,114,,,,1496235,,1493589,,0,,30.89,2084558,2926953,483460,2519272,844551,4015507,2646,434714,1088554,0
328302,,6151,晉倫,,-38917,,2,上櫃,114,0,0,,936590,,936590,,0,,16.95,598422,1004997,552573,717337,94632,1653927,0,118915,648930,0
425989,,6154,順發,,-1667,,2,上櫃,114,,,,1228542,,1228542,,0,,15.34,619675,1312379,800800,794312,3420,2022854,,174637,710475,0
885715,,6156,松上,0,-215514,,2,上櫃,114,0,0,,3025399,,2154987,,0,,19.98,2684658,5076115,1078750,3504569,406036,6529968,870412,819911,1453853,0
663575,,6158,禾昌,,-310038,,2,上櫃,114,-19053,,,964063,,964063,,800000,,17.79,1165348,1426324,549792,1318493,79787,2282556,,153145,856232,0
13944,,6160,欣技,,-796,,2,上櫃,114,,,,699905,,699190,,0,,10.21,359708,877096,684891,428578,1151,1128483,715,68870,251387,0
529170,,6161,捷波,,-50873,,2,上櫃,114,0,0,,1168124,,1168124,,0,,20.77,461138,1138047,562375,505607,127452,1673731,0,44469,535684,0
629450,,6163,華電網,,58073,,2,上櫃,114,0,,,2533628,,2533628,,0,,17.84,2903262,4753632,1420302,3061012,425803,5594640,,157750,841008,0
234921,,6167,久正,,-153749,,2,上櫃,114,,0,,1794175,,1794175,,0,,11.06,354355,1209675,1621732,366400,91271,2160575,0,12045,950900,0
34438,,6169,昱泉,,-11898,,2,上櫃,114,,,,260367,,260367,,0,,11.13,23531,42093,233950,165332,3877,425699,,141801,383606,0
408939,,6170,統振,,-19676,,2,上櫃,114,0,,,1832707,,1818721,,0,,18.70,3043964,4240262,972601,3082993,456857,4915700,13986,39029,675438,0
1232647,,6171,大城地產,,0,,2,上櫃,114,,,,2434431,,,,0,,24.34,2227199,4650282,1000000,2227199,201784,4661630,,,11348,0
4159082,,6173,信昌電,,252412,,2,上櫃,114,-54371,,,6574378,,6574378,,800000,,38.40,1162485,2628530,1720000,1416284,497255,7990662,,253799,5362132,0
110219,,6174,安碁,,16983,,2,上櫃,114,,0,,627202,,627202,,0,,12.54,243896,551661,500000,267089,,894291,,23193,342630,0
1577286,,6175,立敦,,-407619,,2,上櫃,114,-27336,0,,4272086,,3470751,,850000,,23.18,1177409,3011396,1505718,1459440,822702,5731526,801335,282031,2720130,0
112093,,6179,亞通,,-150183,,2,上櫃,114,-64201,0,,2617360,,2216695,,2047000,,19.34,4830645,6108218,1166692,5767897,1152294,8385257,400665,937252,2277039,0
1996266,,6180,橘子,,-518254,,2,上櫃,114,,0,,4931461,,4580835,,0,,26.10,3258763,3669952,1754936,3324764,1347887,8256225,350626,66001,4586273,0
2508096,,6182,合晶,,-970151,,2,上櫃,114,,,,23570669,,14236757,,0,,24.81,2212854,11339142,5737966,8711929,6960846,32282598,9333912,6499075,20943456,0
595839,,6185,幃翔,,-122858,,2,上櫃,114,,,,2033850,,2033850,,0,,13.57,159058,1616680,1498675,345060,62194,2378910,,186002,762230,0
1782800,,6186,新潤,,,,2,上櫃,114,,0,,4579406,,,,0,,26.55,11939860,17074260,1949076,13853310,847530,18432716,,1913450,1358456,0
2141469,,6187,萬潤,,177443,,2,上櫃,114,-67901,0,,6175890,,6175890,,898000,,64.34,3157876,7096381,970073,3655105,2954806,9830995,,497229,2734614,0
4519091,,6188,廣明,,-111910,,2,上櫃,114,,,,9502349,,9091055,,0,,32.66,4679537,9646906,2783589,4949063,1900285,14451412,411294,269526,4804506,0
727471,,6190,萬泰科,,-89183,,2,上櫃,114,-131607,0,,3457350,,2986585,,4014000,,17.71,3174612,4847136,1726476,3589498,753428,7046848,470765,414886,2199712,0
1417823,,6194,育富,,-158539,,2,上櫃,114,,,,1784951,,1784951,,0,,37.19,445789,2043638,480000,522265,45667,2307216,,76476,263578,0
459987,,6195,詩肯,,15921,,2,上櫃,114,,,,1272672,,1272672,,0,,25.36,937132,807124,501930,2288185,294834,3560857,0,1351053,2753733,0
-45136,,6198,瑞築,,-325,,2,上櫃,114,,,,4780252,,4780252,,0,,27.89,1330412,6173154,1714004,1453338,3111709,6233590,,122926,60436,0
234177,,6199,天品,,-1700,,2,上櫃,114,,,,854463,,850761,,0,,13.78,144169,831457,617600,161181,684,1015644,3702,17012,184187,0
1637397,,6203,海韻電,,-22057,,2,上櫃,114,-292,,,2715742,,2715742,,5000,,32.96,1067820,3213096,824063,1110518,276631,3826260,,42698,613164,0
133809,,6204,艾華,,-29953,,2,上櫃,114,,,,334877,,334877,,0,,14.50,95098,278493,231021,157307,,492184,,62209,213691,0
779640,,6207,雷科,,-24237,,2,上櫃,114,,0,,1687602,,1684263,,0,,21.14,1880368,2438998,796799,2169803,132061,3857405,3339,289435,1418407,0
1757244,,6208,日揚,,-73785,,2,上櫃,114,-1880,0,,3785574,,2954835,,43000,,31.26,2622328,4316029,945613,4271237,327643,8056811,830739,1648909,3740782,0
33323,,6210,慶生,,,,2,上櫃,114,,0,,403828,,,,0,,11.52,80467,246280,350480,84240,20025,488068,,3773,241788,0
2624372,,6212,理銘,,-24352,,2,上櫃,114,,0,,3620020,,,,0,,35.49,7253015,10791170,1020000,7253990,0,10874010,,975,82840,0
-7734,,6217,中探針,,-135677,,2,上櫃,114,-90099,0,,2805384,,2815309,,3193000,,24.69,1880110,2626708,1172100,2854847,1876719,5660231,-9925,974737,3033523,0
153534,,6218,豪勉,,13524,,2,上櫃,114,,,,849968,,849968,,0,,13.23,781625,1189346,642620,791366,40290,1641334,,9741,451988,0
264774,,6219,富旺,,1180,,2,上櫃,114,,0,,1805582,,1805582,,0,,15.17,9631154,11615085,1249671,11096143,289957,12901725,,1464989,1286640,0
594971,,6220,岳豐,,-295462,,2,上櫃,114,,0,,2752965,,2752965,,0,,18.80,5094377,6004537,1464627,5933128,988829,8686093,0,838751,2681556,0
624384,,6221,晉泰,,434948,,2,上櫃,114,,,,2860898,,2860898,,0,,22.91,2709384,5092709,1685912,2800299,115654,5661197,,90915,568488,0
-150391,,6222,立軒,,-3420,,2,上櫃,114,,,,692965,,692893,,0,,11.63,4124,466752,595889,4962,250815,697927,72,838,231175,0
6374230,,6223,旺矽,,55002,,2,上櫃,114,-62525,,,9392512,,9392512,,80000,,99.76,6079748,11503673,942311,10730742,2083494,20123254,0,4650994,8619581,0
1635145,,6227,茂綸,0,-5635,,2,上櫃,114,,,,2544540,,2508580,,0,,32.96,4718098,7227165,761118,4879773,117952,7424313,35960,161675,197148,0
-54889,,6228,全譜,,10622,,2,上櫃,114,,,,255704,,255704,,0,,9.83,123988,131121,260000,153490,39971,409194,,29502,278073,0
171649,,6229,研通,,-652,,2,上櫃,114,0,,,647971,,647971,,0,,16.05,770674,1028225,403607,875170,73367,1523141,,104496,494916,0
454703,,6231,系微,,-18233,,2,上櫃,114,,,,960469,,960469,,0,,21.04,799172,1584075,456522,828379,67477,1788848,,29207,204773,0
-4711,,6233,旺玖,,215683,,2,上櫃,114,,0,,1166790,,1166790,,0,,14.39,119466,676286,810819,154316,144999,1321106,,34850,644820,0
680126,,6234,高僑,,19753,,2,上櫃,114,,0,,2679691,,2679691,,0,,26.69,1472240,2457787,1003864,1529726,975948,4209417,,57486,1751630,0
-259461,,6236,中湛,,-493,,2,上櫃,114,,,,156586,,156586,,0,,3.76,9399,147134,416540,14904,0,171490,,5505,24356,0
195328,,6237,驊訊,,4036,,2,上櫃,114,,0,,1514945,,1514945,,0,,19.02,105662,603376,796454,108680,519127,1623625,0,3018,1020249,0
149157,,6240,松崗,,22351,,2,上櫃,114,,,,400182,,400182,,0,,17.50,407575,219743,228674,552185,0,952367,,144610,732624,0
-144370,,6241,鑫永洋,,0,,2,上櫃,114,,,,342630,,,,0,,7.04,240761,321956,487000,244631,0,587261,,3870,265305,0
315577,,6242,立康,,-15208,,2,上櫃,114,,,,831823,,831823,,0,,26.15,227549,409634,318065,284111,213389,1115934,,56562,706300,0
449328,,6244,茂迪,,-601011,,2,上櫃,114,,,,4333756,,4257853,,0,,11.00,3284651,4285036,3870419,5210954,539117,9544710,75903,1926303,5259674,0
2856135,,6245,立端,,-143571,,2,上櫃,114,,0,,5687469,,5687469,,0,,38.79,2821756,7420194,1466083,3243528,1508822,8930997,,421772,1510803,0
1430,,6246,臺龍,,-63435,,2,上櫃,114,,0,,337940,,337940,,0,,8.93,823083,1055806,378514,832765,21431,1170705,,9682,114899,0
360490,,6248,沛波,,-34830,,2,上櫃,114,,0,,2235255,,2235255,,0,,22.36,1470472,2755374,999561,2347785,910034,4583040,,877313,1827666,0
46546,,6259,百徽,,2986,,2,上櫃,114,,,,351409,,350914,,0,,13.95,124157,470790,251602,173824,49780,525233,495,49667,54443,0
2667681,,6261,久元,,-170772,,2,上櫃,114,,,,6373840,,6221103,,0,,48.41,1574293,4566792,1284980,1807151,2439214,8180991,152737,232858,3614199,0
855706,,6263,普萊德,,0,,2,上櫃,114,,0,,1491918,,1491918,,0,,23.87,881101,2272845,625010,963858,11202,2455776,,82757,182931,0
-575725,,6264,富裔,,-60000,,2,上櫃,114,,,,870217,,727828,,0,,5.34,1074705,3440768,1363553,3216567,0,4086784,142389,2141862,646016,0
-199331,,6265,方土昶,,-78107,,2,上櫃,114,,0,,1217963,,1217963,,0,,10.31,137132,1139210,1181722,140011,313679,1357974,,2879,218764,0
551427,,6266,泰詠,,-2632,,2,上櫃,114,,0,,2350953,,2350953,,0,,15.28,1215470,2761205,1538715,1318134,263443,3669087,,102664,907882,0
169260,,6270,倍微,,1247667,,2,上櫃,114,,0,,2470908,,2470908,,0,,34.25,1189973,2003578,721458,1190834,332523,3661742,,861,1658164,0
7993550,,6274,台燿,,-917289,,2,上櫃,114,,,,12845816,,12845816,,0,,46.46,7665437,18847314,2765086,11874266,3004469,24720082,,4208829,5872768,286426
612408,,6275,元山,,-916,,2,上櫃,114,0,0,,1535087,,1534087,,0,,19.57,1390230,2076643,783796,2050130,138799,3585217,1000,659900,1508574,0
-1780,,6276,安鈦克,,-4277,,2,上櫃,114,,,,214373,,214373,,0,,9.73,360361,538193,220430,398038,0,612411,0,37677,74218,0
4917767,,6279,胡連,,-531890,,2,上櫃,114,,,,7794880,,7747791,,0,,68.35,5621180,8103000,1190157,5912774,2171757,13707654,47089,291594,5604654,0
2852224,,6284,佳邦,,-588733,,2,上櫃,114,-102060,,,6933269,,6895391,,1250000,,46.68,4511912,5607522,1489803,6361740,3244157,13295009,37878,1849828,7687487,0
3119861,,6290,良維,,-436097,,2,上櫃,114,,0,,6260764,,6055419,,0,,38.05,3269749,7533526,1591307,4400860,1780348,10661624,205345,1131111,3128098,0
270355,,6291,沛亨,0,-13612,,2,上櫃,114,0,,,1250927,,1158695,,0,,27.59,677394,1589478,420000,782791,481952,2033718,92232,105397,444240,0
554348,,6292,迅德,0,-66034,,2,上櫃,114,0,,,1003210,,1003210,,0,,21.53,427148,1113032,466007,551143,48889,1554353,0,123995,441321,0
305319,,6294,智基,,,,2,上櫃,114,,0,,565790,,565790,,0,,23.03,703329,747568,260471,891895,,1457685,,188566,710117,0
1862547,,6411,晶焱,,53728,,2,上櫃,114,-110287,0,,4840239,,4740830,,1491002,,48.49,1426745,3785849,992538,1470981,1942304,6311220,99409,44236,2525371,0
828963,,6417,韋僑,,-1635,,2,上櫃,114,,,,1598025,,1598025,,0,,37.80,548472,1326311,422740,1206310,347957,2804335,,657838,1478024,0
69541,,6418,詠昇,,-21621,,2,上櫃,114,,0,,482731,,482731,,0,,13.98,242833,550390,345220,470187,89591,952918,,227354,402528,0
185253,,6419,京晨科,,-4234,,2,上櫃,114,,,,349394,,349417,,0,,26.55,143491,495819,131592,224117,36806,573511,-23,80626,77692,0
26730,,6423,億而得,,0,,2,上櫃,114,-49859,,,483299,,,,540000,,16.40,65290,454033,300145,87399,206283,570698,,22109,116665,0
-53975,,6425,易發,,-43190,,2,上櫃,114,-4981,,,1161911,,1111538,,97000,,22.92,1221563,1449412,486020,1576936,727664,2738847,50373,355373,1289435,0
188698,,6432,今展科,,-61521,,2,上櫃,114,,,,777611,,777611,,0,,24.12,241575,1012130,322418,524785,328016,1302396,,283210,290266,0
1142785,,6435,大中,,87637,,2,上櫃,114,,0,,1776092,,,,0,,47.39,705629,1585975,374763,737942,170907,2514034,,32313,928059,0
-158514,,6441,廣錠,,-234,,2,上櫃,114,,,,1147607,,1138112,,0,,21.35,568605,714049,533185,588098,763675,1735705,9495,19493,1021656,0
-692177,,6461,益得,,0,,2,上櫃,114,,,,1132057,,,,0,,6.95,445043,763054,1629190,1599115,195044,2731172,,1154072,1968118,0
599633,,6462,神盾,,-1159160,,2,上櫃,114,,,,10144377,,5741357,,0,,62.92,7239433,4997379,912508,8542417,5388376,18686794,4403020,1302984,13689415,0
-101329,,6465,威潤,,-2861,,2,上櫃,114,0,0,,415203,,415203,,0,,8.00,40408,192186,518998,74624,395,489827,,34216,297641,0
671249,,6469,大樹,0,-15113,,2,上櫃,114,,0,,3559324,,3469721,,0,,26.20,5548979,7127333,1496466,9623450,1317119,13182774,89603,4074471,6055441,15600
392982,,6470,宇智,,2185,,2,上櫃,114,,,,1037440,,1037440,,0,,27.52,693983,1668574,376941,703009,265332,1740449,,9026,71875,0
852699,,6474,華豫寧,,-25936,,2,上櫃,114,,,,1350860,,1350860,,0,,28.94,1375266,2298929,466762,1640696,57335,2991556,,265430,692627,0
78500,,6482,弘煜科,,-16133,,2,上櫃,114,,,,396337,,392226,,0,,16.44,136793,479070,286343,145661,43516,541998,4111,8868,62928,0
670763,,6485,點序,,17,,2,上櫃,114,,,,1834293,,1833945,,0,,40.53,401623,1174655,452480,407917,710685,2242210,348,6294,1067555,1000
388340,,6486,互動,0,-1220,,2,上櫃,114,,,,1836148,,1823652,,0,,35.83,1355483,2227279,508933,1393757,927599,3229905,12496,38274,1002626,0
47910365,,6488,環球晶,,-13527547,,2,上櫃,114,,0,,84880822,,84884113,,0,,177.54,51611504,69540275,4781137,121480383,45720158,206361205,-3291,69868879,136820930,0
-118883,,6492,生華科,,-1219,,2,上櫃,114,-49361,0,,903071,,903071,,518000,,10.13,23465,900658,897036,40643,175498,943714,,17178,43056,0
448862,,6494,九齊,,-1299,,2,上櫃,114,,,,960044,,960044,,0,,30.42,191584,824143,315597,230536,196884,1190580,,38952,366437,0
176092,,6496,科懋,,12733,,2,上櫃,114,-23736,0,,896791,,896791,,818000,,19.19,187574,637561,475552,520479,256150,1417270,,332905,779709,0
526910,,6498,久禾光,,-65343,,2,上櫃,114,,,,1301197,,1301197,,0,,27.84,637456,1772524,467429,759528,372201,2060725,,122072,288201,0
-1184266,,6499,益安,,23608,,2,上櫃,114,0,0,,1132594,,1103853,,0,,11.97,182341,917837,922449,284528,1342062,1417122,28741,102187,499285,0
394053,,6506,雙邦,,0,,2,上櫃,114,,,,1249562,,1228276,,0,,14.91,685994,877116,823608,1294971,10615,2544533,21286,608977,1667417,0
1352774,,6508,惠光,,-118978,,2,上櫃,114,,0,,2323407,,2323407,,0,,26.85,435807,2044711,865389,501245,224222,2824652,,65438,779941,0
2030760,,6509,聚和,,-530089,,2,上櫃,114,-97678,,,4720597,,4720597,,2947000,,24.02,1605339,3963823,1994903,2355654,1322701,7076251,,750315,3112428,0
3946149,,6510,精測,,-12918,,2,上櫃,114,,,,8204430,,8189407,,0,,249.76,1294894,5430232,327890,1309404,3928286,9513834,15023,14510,4083602,0
-9959,,6512,啟發電,,,,2,上櫃,114,,,,364426,,364426,,0,,14.43,30297,301802,252600,30619,121785,395045,,322,93243,0
102371,,6516,勤崴國際,,-6432,,2,上櫃,114,-39346,,,968608,,,,500000,,17.35,275835,1003861,563369,319533,348646,1288141,,43698,284280,0
238413,,6517,保勝光學,,,,2,上櫃,114,,,,627358,,627358,,0,,20.52,142967,630636,305791,159066,83154,786424,,16099,155788,0
734262,,6523,達爾膚,,,,2,上櫃,114,,0,,1426534,,1426534,,0,,31.67,377782,1439167,450477,410973,241795,1837507,,33191,398340,0
499914,,6527,明達醫,,-6974,,2,上櫃,114,-6576,,,956126,,956126,,117000,,37.73,253867,649958,254586,263588,215176,1219714,,9721,569756,0
63687,,6530,創威,,,,2,上櫃,114,,,,448043,,,,0,,13.28,121337,551091,337500,121998,46856,570041,,661,18950,0
417142,,6532,瑞耘,,-10719,,2,上櫃,114,,0,,1029324,,1029324,,0,,27.49,270094,535430,374451,271098,248450,1300422,,1004,764992,0
-252102,,6535,順藥,,-62986,,2,上櫃,114,-56802,0,,1629110,,1616554,,355000,,9.60,119991,1199666,1688168,123469,300276,1752579,12556,3478,552913,0
1069621,,6538,倉和,,-130660,,2,上櫃,114,,,,1820783,,1820783,,0,,47.80,978220,2070006,380940,1525837,500882,3346620,,547617,1276614,0
24474,,6542,隆中,,-12481,,2,上櫃,114,,0,,801973,,719146,,0,,17.12,226405,951098,420006,233886,287147,1035859,82827,7481,84761,0
331074,,6546,正基,,-71404,,2,上櫃,114,,,,1876333,,1859634,,0,,27.82,1215968,2147836,668484,1293247,931480,3169580,16699,77279,1021744,0
20553,,6547,高端疫苗,,19808,,2,上櫃,114,,,,3665829,,3665829,,0,,11.15,178506,2444647,3287491,469983,337977,4135812,,291477,1691165,0
4289210,,6548,長科*,,-114835,,2,上櫃,114,-939796,,,10062615,,9676613,,27064245,,10.48,4850090,14107028,380195,11373193,6061839,21435808,386002,6523103,7328780,0
791956,,6556,勝品,,62,,2,上櫃,114,,,,1518365,,1486615,,0,,51.71,657127,1288865,287500,674240,407097,2192605,31750,17113,903740,0
71892,,6560,欣普羅,,,,2,上櫃,114,,,,414772,,,,0,,16.03,32645,180967,258747,45250,84133,460022,,12605,279055,0
1392988,,6561,是方,,9322,,2,上櫃,114,,0,,3568118,,3561382,,0,,45.68,2036250,1929600,779584,4355998,1379488,7924116,6736,2319748,5994516,0
804326,,6568,宏觀,,-42666,,2,上櫃,114,0,3000,,1455306,,1455306,,0,,47.21,175657,1282776,308290,176106,385356,1631412,,449,348636,0
337877,,6569,醫揚,,8102,,2,上櫃,114,,0,,1495755,,1487628,,0,,38.13,471686,877189,390147,678630,751502,2174385,8127,206944,1297196,0
124817,,6570,維田,,-21952,,2,上櫃,114,,,,769998,,769998,,0,,20.74,179412,476195,371191,532921,295942,1302919,,353509,826724,0
313911,,6574,霈方,,15275,,2,上櫃,114,,0,,677983,,677983,,0,,30.83,176451,573641,219900,304456,128897,982439,,128005,408798,0
-6433143,,6576,逸達,,-67691,,2,上櫃,114,,0,,971840,,971840,,0,,6.28,429695,1255096,1548577,593988,5924097,1565828,,164293,310732,0
355088,,6577,勁豐,,-58531,,2,上櫃,114,,,,1261224,,1261224,,0,,21.00,1019003,1868490,600602,1068086,364065,2329310,,49083,460820,0
1398,,6578,達邦蛋白,,-28569,,2,上櫃,114,,0,,1030950,,1030950,,0,,14.33,167916,555922,719419,198793,338702,1229743,,30877,673821,0
704383,,6584,南俊國際,,-63197,,2,上櫃,114,-2576,0,,2172713,,2172713,,23000,,32.96,602264,1251446,659357,1895614,874746,4068327,,1293350,2816881,0
-58436,,6588,東典光電,0,2340,,2,上櫃,114,,,,846740,,770058,,0,,22.19,150577,488389,347008,251343,479146,1098083,76682,100766,609694,0
156361,,6590,普鴻,,-12081,,2,上櫃,114,,,,734147,,636354,,0,,29.24,186677,542197,250301,340329,241773,1074476,97793,153652,532279,0
183695,,6593,台灣銘板,,-1316,,2,上櫃,114,,,,744768,,742636,,0,,27.59,148077,400252,269124,175694,291133,920462,2132,27617,520210,0
310500,,6596,寬宏藝術,,-3208,,2,上櫃,114,,,,1186726,,1186726,,0,,31.23,1942122,2574319,380000,1942353,499434,3129079,,231,554760,0
126260,,6597,立誠,,,,2,上櫃,114,-11177,0,,807466,,,,135000,,27.00,359523,667320,300423,360300,391960,1167766,,777,500446,0
765431,,6603,富強鑫,,-260733,,2,上櫃,114,-29720,,,2390232,,2226468,,1754000,,13.46,3395898,4966993,1672206,5489697,79284,7879929,163764,2093799,2912936,0
1550034,,6609,瀧澤科,,-43673,,2,上櫃,114,,,,2377716,,2377716,,0,,32.82,1026462,2393556,724562,1129390,146793,3507106,,102928,1113550,0
463082,,6612,奈米醫材,,-117160,,2,上櫃,114,-86902,,,1745631,,1599329,,508200,,37.57,818251,1555364,473840,1259882,866469,3005513,146302,441631,1450149,0
2282490,,6613,朋億*,,-17378,,2,上櫃,114,,0,,6100437,,4498667,,0,,57.82,4512219,9864554,389007,5027853,1844548,11128290,1601770,515634,1263736,0
76531,,6615,慧智,,-68,,2,上櫃,114,,0,,633802,,633986,,0,,29.36,85356,247466,215934,117190,341589,750992,-184,31834,503526,0
-35205,,6616,特昇-KY,,-13231,,2,上櫃,114,,,,401940,,404601,,0,,11.40,172970,547311,354785,305076,98252,707016,-2661,132106,159705,0
-1563433,,6617,共信-KY,,-207607,,2,上櫃,114,-532981,0,,2462416,,2470755,,4886000,,20.15,144017,1803130,1275061,234294,3499715,2696710,-8339,90277,893580,0
677989,,6620,漢達,,-166420,,2,上櫃,114,-114398,,,4224486,,4224486,,1453000,,26.93,368145,3377437,1583101,449755,2244214,4674241,,81610,1296804,0
27953,,6624,萬年清,,-3120,,2,上櫃,114,,,,428562,,426374,,0,,20.42,337363,671592,208800,510375,192741,938937,2188,173012,267345,0
509261,,6629,泰金-KY,,-3316,,2,上櫃,114,,0,,1471748,,1470432,,0,,38.38,377127,1621554,383162,689636,581325,2161384,1316,312509,539830,0
461884,,6637,醫影,,-14189,,2,上櫃,114,,,,1032111,,1032111,,0,,38.50,337785,931843,268100,642260,316316,1674371,,304475,742528,0
374070,,6640,均華,,362272,,2,上櫃,114,-217867,0,,1247969,,1218683,,325000,,43.60,2087269,2292345,282765,2537056,417443,3785025,29286,449787,1492680,0
298020,,6642,富致,,-22931,,2,上櫃,114,,0,,1005919,,1005919,,0,,26.90,119282,682699,373996,395646,356834,1401565,,276364,718866,0
649799,,6643,M31,,-4699,,2,上櫃,114,-3408,0,,1804317,,1804317,,7000,,43.17,237704,1157803,417982,248511,744643,2052828,,10807,895025,0
40016,,6649,台生材,,,,2,上櫃,114,,0,,652684,,,,0,,15.54,21042,398722,420000,71408,192668,724092,,50366,325370,0
499500,,6651,全宇昕,,0,,2,上櫃,114,,0,,1140916,,,,0,,32.97,432043,1280064,346016,432120,295400,1573036,,77,292972,0
-15133,,6654,天正國際,,-34477,,2,上櫃,114,,,,780708,,775624,,0,,20.98,865725,925347,369627,1352408,455607,2133116,5084,486683,1207769,0
14943,,6661,威健生技,,-16133,,2,上櫃,114,,,,287193,,282785,,0,,12.13,133414,334513,233043,246042,50932,533235,4408,112628,198722,0
116102,,6662,樂斯科,,-28253,,2,上櫃,114,,,,428086,,,,0,,16.71,93886,233282,256124,184303,84113,612389,,90417,379107,0
2179007,,6664,群翊,0,-52497,,2,上櫃,114,,,,3638871,,3638871,,0,,59.84,4252836,7560223,608066,5527442,904295,9166313,0,1274606,1606090,13189
605920,,6667,信紘科,,-4296,,2,上櫃,114,,,,1819834,,1806144,,0,,39.11,3205945,4554033,461789,3601334,742731,5421168,13690,395389,867135,0
617522,,6679,鈺太,,311757,,2,上櫃,114,-364417,,,4816482,,4816482,,1688000,,90.39,711855,3985861,549753,735954,3701867,5552436,,24099,1566575,0
115978,,6680,鑫創電子,,-1039,,2,上櫃,114,0,,,520567,,520567,,0,,21.83,244306,541305,238442,968290,167186,1488857,,723984,947552,0
1798587,,6683,雍智科技,,-30500,,2,上櫃,114,,,,2408039,,2408039,,0,,87.96,802808,2270463,273772,807928,366180,3215967,,5120,945504,0
-33366,,6684,安格,,-32969,,2,上櫃,114,,,,1740840,,1725236,,0,,38.72,115496,852386,445595,154956,1345976,1895796,15604,39460,1043410,0
409545,,6690,安碁資訊,,-34554,,2,上櫃,114,,0,,2964793,,2964793,,0,,98.83,968156,2315050,299997,1680000,2289805,4644793,,711844,2329743,0
235349,,6692,進能服,,-22361,,2,上櫃,114,,0,,1096706,,1096706,,0,,18.66,953000,1715787,587764,988288,295954,2084994,,35288,369207,0
14190,,6693,廣閎科,,-4501,,2,上櫃,114,-8427,0,,1028465,,1028465,,150000,,22.57,397475,1172840,457200,603045,570003,1631510,0,205570,458670,0
158230,,6697,東捷資訊,,-5773,,2,上櫃,114,,0,,583733,,583733,,0,,21.36,355854,769304,273234,364493,158042,948226,,8639,178922,0
335128,,6703,軒郁,,-24526,,2,上櫃,114,-36008,,,1218948,,1169444,,250000,,39.30,578879,1444663,329838,940288,565012,2159236,49504,361409,714573,0
-6592,,6708,天擎,,-5085,,2,上櫃,114,-20416,,,372771,,372771,,420000,,13.04,33983,375215,290088,42209,114776,414980,,8226,39765,0
-32758,,6712,長聖,,-112052,,2,上櫃,114,0,,,1240471,,1240471,,0,,14.16,365118,514357,875970,425267,509311,1665738,,60149,1151381,0
260899,,6716,應廣,,-63665,,2,上櫃,114,-23032,,,689680,,689680,,422000,,22.84,375515,971359,305983,401846,209495,1091526,,26331,120167,0
83148,,6720,久昌,,-17088,,2,上櫃,114,,,,900872,,900872,,0,,34.79,219884,1083525,300382,281533,534430,1182405,,61649,98880,0
207022,,6721,信實,,,,2,上櫃,114,,,,610648,,610648,,0,,27.14,464147,931453,225000,506625,178626,1117273,,42478,185820,0
858901,,6725,矽科宏晟,,-16284,,2,上櫃,114,,,,1252617,,1252617,,0,,37.96,1843899,2981062,330000,1969154,80000,3221771,,125255,240709,0
613039,,6727,亞泰金屬,,-14314,,2,上櫃,114,,,,1261788,,1261788,,0,,46.93,2112942,2784716,268842,2209624,394221,3471412,,96682,686696,0
690774,,6728,上洋,,-4316,,2,上櫃,114,,,,1886100,,1886100,,0,,62.64,1495109,2421353,301100,2469455,898542,4355555,,974346,1934202,0
219553,,6730,常廣,,-532,,2,上櫃,114,,,,580352,,580352,,0,,18.09,157477,281102,320802,526188,40529,1106540,,368711,825438,0
1353773,,6732,昇佳電子,,17695,,2,上櫃,114,,,,4062964,,,,0,,83.07,1142499,3668809,489126,1224313,2202370,5287277,,81814,1618468,0
-454795,,6733,博晟生醫,,-23723,,2,上櫃,114,,0,,786816,,763889,,0,,6.15,31380,675724,1242560,58494,-153,845310,22927,27114,169586,0
112696,,6735,美達科技,,3669,,2,上櫃,114,,0,,919422,,919422,,0,,20.90,259353,756800,461823,259354,341234,1178776,,1,421976,0
181625,,6739,竹陞科技,,-3486,,2,上櫃,114,-3113,0,,775813,,775813,,57000,,33.43,348703,800357,232613,350227,368174,1126040,,1524,325683,0
1619678,,6741,91APP*-KY,,54166,,2,上櫃,114,-664337,,,2849277,,2842897,,6070000,,24.83,1809009,3764313,602890,1848553,1230500,4697830,6380,39544,933517,0
57806,,6751,智聯服務,,-21400,,2,上櫃,114,,,,1175234,,857178,,0,,38.61,671578,1339473,222000,753921,598772,1929155,318056,82343,589682,0
677047,,6752,叡揚,,66118,,2,上櫃,114,,,,1269713,,1252909,,0,,35.42,1007678,1231677,371441,1205379,138303,2475092,16804,197701,1243415,0
432132,,6761,穩得,,-13416,,2,上櫃,114,-15598,0,,1653595,,1653595,,174000,,47.54,785855,1640925,349559,917871,900918,2571466,,132016,930541,0
286266,,6762,達亞,,-4680,,2,上櫃,114,,0,,1295462,,,,0,,36.85,1107847,575790,351567,1635550,662309,2931012,,527703,2355222,0
562821,,6763,綠界科技*,,-76755,,2,上櫃,114,,,,2847563,,2804027,,0,,15.24,4008776,5301251,184039,4106425,2133922,6953988,43536,97649,1652737,0
-127808,,6767,台微醫,,-135,,2,上櫃,114,,,,589084,,589084,,0,,15.03,49133,509620,391836,129878,325191,718962,,80745,209342,0
201235,,6785,昱展新藥,,,,2,上櫃,114,,,,2448012,,,,0,,36.65,74420,2394448,668000,76864,1578777,2524876,,2444,130428,0
817351,,6788,華景電,,-62419,,2,上櫃,114,,0,,2359611,,2349208,,0,,60.64,1051039,2854418,387397,1241150,1206879,3600761,10403,190111,746343,0
121929,,6791,虎門科技,,0,,2,上櫃,114,,,,488629,,446576,,0,,21.42,231639,553622,208470,259990,116177,748619,42053,28351,194997,0
2550146,,6803,崑鼎,,5902,,2,上櫃,114,-57,0,,6834154,,6282181,,1605,,86.52,5899407,5482185,726085,9145842,3000105,15979996,551973,3246435,10497811,143335
267940,,6804,明係,,-42721,,2,上櫃,114,,,,1102565,,1102565,,0,,31.50,640366,750059,350000,797776,527346,1900341,,157410,1150282,0
1078606,,6811,宏碁資訊,,-43289,,2,上櫃,114,,0,,2077905,,2077905,,0,,50.13,4138836,4286306,414490,4266929,628098,6344834,,128093,2058528,0
222197,,6821,聯寶,0,-46488,,2,上櫃,114,-14100,,,598569,,598569,,355000,,19.26,243506,607619,314410,346733,122550,945302,0,103227,337683,145090
-80591,,6823,濾能,,-5552,,2,上櫃,114,-1714,0,,702003,,693423,,28000,,25.02,322492,500168,277385,626930,503895,1328933,8580,304438,828765,0
237716,,6829,千附精密,,,,2,上櫃,114,,,,1801716,,,,0,,30.45,729293,1014719,591690,942384,972310,2744100,,213091,1729381,0
241450,,6840,東研信超,,-41052,,2,上櫃,114,,,,977141,,977141,,0,,32.24,261816,559292,303058,623294,473685,1600435,,361478,1041143,0
-95554,,6841,長佳智能,,,,2,上櫃,114,-75353,,,1830738,,1631241,,765000,,17.27,95373,724513,952530,107377,849618,1938115,199497,12004,1213602,45750
192760,,6843,進典,,-13999,,2,上櫃,114,,,,779638,,776523,,0,,23.32,440226,855650,333040,587452,264722,1367090,3115,147226,511440,0
1376135,,6844,諾貝兒,,,,2,上櫃,114,0,,,3151413,,,,0,,84.20,910030,2791325,374284,1879257,1400994,5030670,,969227,2239345,0
368155,,6846,綠茵,,-242,,2,上櫃,114,,,,896308,,896308,,0,,33.19,206348,1334474,270074,947327,258321,1843635,,740979,509161,0
465796,,6855,數泓科,,,,2,上櫃,114,,,,779233,,,,0,,33.52,474051,1163610,232497,474207,80940,1253440,,156,89830,0
197986,,6856,鑫傳,,-1725,,2,上櫃,114,,0,,755885,,714492,,0,,25.34,292151,641776,282000,315132,236231,1071017,41393,22981,429241,0
976288,,6859,伯特光,,-907,,2,上櫃,114,,,,2059326,,2059326,,0,,49.66,182622,1309668,414700,269581,669245,2328907,,86959,1019239,0
77570,,6865,偉康科技,,-207,,2,上櫃,114,,0,,386120,,,,0,,26.31,159713,471639,157006,236842,151751,622962,,77129,151323,0
78327,,6870,騰雲,,-16373,,2,上櫃,114,,,,1050416,,1029487,,0,,44.98,349471,1063713,228900,1080497,738633,2130913,20929,731026,1067200,0
-610489,,6872,浩宇生醫,,-1708,,2,上櫃,114,,0,,641123,,629931,,0,,8.90,33311,512560,707445,49695,534683,690818,11192,16384,178258,4500
104214,,6874,倍力,,,,2,上櫃,114,-13200,0,,465738,,,,155000,,21.32,702901,1292178,220000,1104722,154724,1570460,,401821,278282,0
-214145,,6875,國邑*,,-1,,2,上櫃,114,,0,,1711734,,1711734,,0,,13.26,96567,1377654,645432,196962,1280448,1908696,,100395,531042,0
53534,,6877,鏵友益,,-19555,,2,上櫃,114,0,0,,894607,,894607,,0,,20.95,159732,859252,469671,370932,390957,1265539,,211200,406287,0
186992,,6881,潤德,,4074,,2,上櫃,114,,0,,744701,,,,0,,49.65,1129888,1695448,150000,1146669,403635,1891370,,16781,195922,0
54226,,6884,海柏特,,-11529,,2,上櫃,114,,0,,209748,,206792,,0,,12.76,269421,504206,162100,403811,1995,613559,2956,134390,109353,0
508121,,6894,衛司特,,-23823,,2,上櫃,114,,,,1440172,,1395378,,0,,58.63,448911,1498701,238000,540183,673080,1980355,44794,91272,481654,0
100820,,6895,宏碩系統,,,,2,上櫃,114,,0,,976739,,,,0,,28.64,210348,781427,341000,234076,534919,1210815,,23728,429388,0
1027342,,6899,創為精密,,-10251,,2,上櫃,114,-26105,0,,1779158,,1778649,,500000,,42.45,338083,1159439,423985,536058,363678,2315216,509,197975,1155777,0
995959,,6903,巨漢,,,,2,上櫃,114,,,,2859974,,,,0,,42.89,1568180,4373538,666760,1568533,1197255,4428507,,353,54969,0
542209,,6904,伯鑫,,-13621,,2,上櫃,114,,0,,940586,,940586,,0,,50.84,483962,748471,185000,639051,226998,1579637,,155089,831166,0
263343,,6907,雅特力-KY,,-52025,,2,上櫃,114,,,,895444,,895444,,0,,17.50,275670,1126222,511740,285397,172386,1180841,,9727,54619,0
51282,,6910,德鴻,,-3010,,2,上櫃,114,,,,321052,,321052,,0,,11.92,90260,378411,269300,94325,3480,415377,,4065,36966,0
517680,,6913,鴻呈,,-112379,,2,上櫃,114,-28972,,,1465545,,1382015,,268000,,33.31,916724,1770254,439418,1055601,566268,2521146,83530,138877,750892,46500
304570,,6922,宸曜,,-10117,,2,上櫃,114,,0,,912663,,912663,,0,,35.39,613465,1223329,270724,1084972,347486,1997635,,471507,774306,8000
64542,,6925,意藍,,,,2,上櫃,114,,,,371021,,,,0,,18.55,57546,405013,200003,58805,106476,429826,,1259,24813,0
-17894,,6929,佑全,,0,,2,上櫃,114,,,,1100153,,,,0,,24.45,905524,1433058,449991,1950083,668056,3050236,,1044559,1617178,5000
-197717,,6945,圓祥生技,,-1331,,2,上櫃,114,,0,,1461102,,1461102,,0,,17.17,28313,1403350,851134,87408,809016,1548510,,59095,145160,0
399468,,6953,家碩,,-5203,,2,上櫃,114,,,,1480153,,1480153,,0,,49.31,796001,1978767,300146,919582,785742,2399735,,123581,420968,0
113056,,6961,旅天下,,53702,,2,上櫃,114,,0,,836311,,832674,,0,,35.23,491689,1150877,236340,553621,429576,1389932,3637,61932,239055,0
242719,,6967,汎瑋材料,,-31956,,2,上櫃,114,-25637,,,733773,,733773,,500000,,30.07,405818,948948,249045,408941,299602,1142714,,3123,193766,0
173893,,6968,萬達寵物,,0,,2,上櫃,114,,0,,974886,,974424,,0,,22.33,695995,975462,445026,1925856,355505,2900742,462,1229861,1925280,0
183673,,6971,惠民實業,,5779,,2,上櫃,114,,0,,712017,,712017,,0,,20.25,1716262,1741103,351680,1926560,170885,2638577,,210298,897474,0
92846,,6982,大井泵浦,,-2217,,2,上櫃,114,,0,,897723,,897723,,0,,22.25,1065849,1152611,403491,1911252,403603,2808975,,845403,1656364,0
90716,,6983,華洋精機,,,,2,上櫃,114,,0,,391075,,,,0,,24.60,141680,388974,159000,334576,141359,725651,,192896,336677,0
91637,,6986,和迅,,,,2,上櫃,114,,0,,686024,,,,0,,14.91,68346,564678,460000,98982,134387,785006,,30636,220328,0
546325,,6996,力領科技,,-43965,,2,上櫃,114,,,,2405013,,,,0,,57.37,534483,2632863,419193,552833,1483460,2957846,,18350,324983,0
82557,,6997,博弘,,-6217,,2,上櫃,114,,,,552864,,552864,,0,,25.02,1025212,1605179,221005,1110768,255519,1663632,,85556,58453,0
54222,,7402,邑錡,0,-30899,0,2,上櫃,114,0,0,,617421,,,,0,,17.53,226114,776942,352294,226956,241804,844377,,842,67435,0
49947,,7547,碩網,,-1248,,2,上櫃,114,,,,592991,,592991,,0,,20.45,114675,637669,290000,117615,254292,710606,,2940,72937,0
408876,,7556,意德士科技,,80149,,2,上櫃,114,,,,1092159,,1088671,,0,,43.10,269682,670535,265196,391380,334450,1483539,3488,121698,813004,0
159038,,7584,樂意,,11097,,2,上櫃,114,,,,515844,,514125,,0,,31.23,351432,321652,164628,363294,179362,879138,1719,11862,557486,0
320981,,7642,昶瑞機電,,,,2,上櫃,114,,,,967207,,,,0,,32.08,242907,574142,301500,590893,344726,1558100,,347986,983958,0
497009,,7703,銳澤,,-877,,2,上櫃,114,,0,,1997986,,1997986,,0,,57.50,868190,2538124,347450,885130,1154404,2883116,,16940,344992,0
128986,,7704,明遠精密,0,-9261,,2,上櫃,114,-19480,,,1121738,,1121738,,321000,,32.92,176281,959697,364761,194418,656732,1316156,0,18137,356459,792000
282474,,7708,全家餐飲,,-1020,,2,上櫃,114,,0,,947541,,947541,,0,,37.16,635397,1088482,255000,969045,411087,1916586,,333648,828104,0
982623,,7709,榮田,,0,,2,上櫃,114,0,,,1609814,,,,0,,41.17,683495,1492357,391027,693833,236164,2303647,,10338,811290,0
733183,,7712,博盛半導體,,327,,2,上櫃,114,,0,,1789287,,1789287,,0,,54.95,548441,1408418,325619,823644,730158,2612931,,275203,1204513,0
288971,,7713,威力德生醫,,392,,2,上櫃,114,,,,1086096,,1086096,,0,,23.88,425741,623490,454789,1037811,341944,2123907,,612070,1500417,0
100560,,7714,創泓科技,,838,,2,上櫃,114,,,,518273,,518273,,0,,24.68,399089,880223,210000,413118,206875,931391,,14029,51168,0
274591,,7715,裕山,,-1919,,2,上櫃,114,,,,930487,,930487,,0,,28.04,597901,1378309,331800,691442,326015,1621929,,93541,243620,0
185961,,7716,昱臺國際,,-27047,,2,上櫃,114,,,,390259,,388177,,0,,19.41,267669,509880,200000,323761,29263,714020,2082,56092,204140,0
139692,,7717,萊德光電-KY,,-52796,,2,上櫃,114,,0,,558064,,553037,,0,,25.61,274725,715745,215985,372174,250156,930238,5027,97449,214493,0
565512,,7718,友鋮,,-1981,,2,上櫃,114,,,,1446248,,1446248,,0,,31.20,514795,1289286,463565,619158,419152,2065406,,104363,776120,0
18824,,7723,築間,,-5024,,2,上櫃,114,,0,,1157317,,1161634,,0,,22.95,1141233,756805,506195,3440335,641639,4597652,-4317,2299102,3840847,0
52840,,7728,光焱科技,,-1502,,2,上櫃,114,,,,701162,,701162,,0,,50.61,218126,862092,138541,229472,511283,930634,,11346,68542,0
2059805,,7734,印能科技,,-19992,,2,上櫃,114,-281942,,,5903460,,5888747,,250000,,266.64,1362429,6862553,280000,1767552,3850876,7671012,14713,405123,808459,0
318889,,7738,東聯互動,,18974,,2,上櫃,114,,,,1338114,,1338114,,0,,53.84,274585,1495454,248558,279614,751693,1617728,,5029,122274,0
59771,,7743,金利食安,,,,2,上櫃,114,,,,622853,,622853,,0,,17.07,154253,557966,364833,355736,198249,978589,,201483,420623,0
625337,,7744,崴寶,,-109081,,2,上櫃,114,,,,1173362,,1173362,,0,,40.88,763989,1190729,287000,819821,370106,1993183,,55832,802454,0
80098,,7747,昕奇雲端,,-1232,,2,上櫃,114,,0,,490347,,457313,,0,,19.36,367379,715244,236260,374161,142187,864508,33034,6782,149264,0
901727,,7751,竑騰,,-2191,,2,上櫃,114,,,,1155014,,1151459,,0,,47.17,1412476,2464465,244116,1448224,7807,2603238,3555,35748,138773,0
105660,,7753,星亞,,,,2,上櫃,114,,,,347265,,,,0,,15.71,339865,484175,221000,402055,20605,749320,,62190,265145,0
208218,,7757,金色三麥,,0,,2,上櫃,114,,0,,736022,,715035,,0,,32.62,617753,606109,219180,964796,287637,1700818,20987,347043,1094709,0
351110,,7767,仁大資訊,,-4002,,2,上櫃,114,,,,691658,,691658,,0,,26.02,1165404,1216451,265800,1346822,78750,2038480,,181418,822029,0
98795,,7770,君曜,,25,,2,上櫃,114,,0,,380550,,380550,,0,,14.01,264921,619670,271721,316885,10009,697435,,51964,77765,0
177042,,7772,耀穎,,,,2,上櫃,114,,0,,689316,,,,0,,28.63,140198,403850,240786,442172,271488,1131488,,301974,727638,0
108883,,7777,能率亞洲,,-14111,,2,上櫃,114,,0,,1785106,,,,0,,10.66,16381,447242,1675000,16381,15334,1801487,,,1354245,0
46565,,7782,光速火箭,,,,2,上櫃,114,-5530,0,,388306,,388306,,130000,,18.41,200569,471752,212270,313263,135001,701569,,112694,229817,0
1005574,,7792,安葆,,-40679,,2,上櫃,114,,0,,2366198,,2366198,,0,,55.45,2618039,4657518,426720,2884527,974583,5250725,,266488,593207,0
47819,,7794,宏碁智新,,-10473,,2,上櫃,114,,0,,333833,,333833,,0,,13.35,397063,583419,250000,778768,46487,1112601,,381705,529182,0
4356915,,7805,威聯通,,148012,,2,上櫃,114,0,,,5407257,,5407257,,0,,178.43,2936864,4212268,303051,3068288,599279,8475545,,131424,4263277,300000
114513,,7810,捷創科技,,-2352,,2,上櫃,114,,,,589001,,,,0,,32.72,204497,623576,180000,225163,296840,814164,,20666,190588,0
317373,,7811,民盛,,17862,,2,上櫃,114,,,,1621277,,1621277,,0,,53.37,833277,1443165,303770,917733,982272,2539010,,84456,1095845,0
-113929,,7814,海昌生技,,,,2,上櫃,114,,0,,286071,,286071,,0,,7.15,25607,244331,400000,27360,0,313431,,1753,69100,0
126919,,7819,精誠金融,0,,,2,上櫃,114,,,,425705,,,,0,,19.38,156318,438447,219635,191978,79151,617683,,35660,179236,0
96759,,7820,立盈,,,,2,上櫃,114,,0,,747511,,,,0,,23.94,82860,528549,343481,575922,307271,1323433,,493062,794884,0
99501,,7825,和亞智慧,,-24231,,2,上櫃,114,0,0,,368031,,368031,,0,,16.49,244093,521632,223171,374794,69590,742825,,130701,221193,0
96464,,7828,創新服務,,-687,,2,上櫃,114,,0,,938260,,938260,,0,,25.86,312863,1091095,362799,328050,479684,1266310,,15187,175215,0
23500,,7839,達人網,,-1800,,2,上櫃,114,,0,,154860,,154860,,0,,13.03,50864,189903,133160,55236,0,210096,,4372,20193,0
40479,,7842,天能綠電,,,,2,上櫃,114,,,,416199,,,,0,,27.77,428157,795369,149880,467253,225840,883452,,39096,88083,0
-18616,,8024,佑華,,-9106,,2,上櫃,114,,,,470310,,470310,,0,,10.41,21741,360086,451601,35141,46431,505451,,13400,145365,0
-14584,,8027,鈦昇,,-28061,,2,上櫃,114,-267909,,,2549276,,2536914,,4198000,,24.32,744336,2347595,1088370,1497488,1759098,4046764,12362,753152,1699169,0
1198278,,8032,光菱,,285272,,2,上櫃,114,,,,2057096,,2052410,,0,,39.61,1087787,2121331,518103,1233877,50757,3290973,4686,146090,1169642,0
105921,,8034,榮群,,-9570,,2,上櫃,114,-5054,0,,665178,,665178,,354057,,11.83,187041,828752,565863,207432,8018,872610,,20391,43858,0
-334535,,8038,長園科,,,,2,上櫃,114,0,0,,476281,,411951,,0,,6.61,452126,545697,622782,676125,123704,1152406,64330,223999,606709,0
-29867,,8040,九暘,,0,,2,上櫃,114,,0,,2472494,,,,0,,25.64,112623,2259412,964139,129886,1538222,2602380,,17263,342968,0
1371474,,8042,金山電,,-553332,,2,上櫃,114,,0,,3412733,,3341444,,0,,25.81,3387425,4613158,1294625,4573366,1228677,7986099,71289,1185941,3372941,0
1480351,,8043,蜜望實,,-85264,,2,上櫃,114,0,0,,2511056,,2511056,,0,,31.42,1260662,3425005,799072,1399181,316897,3910237,,138519,485232,0
-940703,,8044,網家,,54493,,2,上櫃,114,-210502,0,,10165207,,7863806,,2779000,,38.76,10114202,11387832,2056470,15623175,6904048,25788382,2301401,5508973,14400550,0
2051,,8047,星雲,,-36400,,2,上櫃,114,,0,,391153,,391153,,0,,9.39,81834,313049,416663,85116,8839,476269,,3282,163220,0
465624,,8048,德勝,,-6465,,2,上櫃,114,0,,,1073625,,1073625,,0,,18.61,376131,1157280,577058,378570,37408,1452195,,2439,294915,0
669070,,8049,晶采,,124361,,2,上櫃,114,0,0,,2007700,,2007700,,0,,16.97,493327,1402070,1182798,511254,31471,2518954,0,17927,1116884,0
2199270,,8050,廣積,,215524,,2,上櫃,114,-243522,,,7760004,,6919419,,6000000,,34.74,2892250,4880296,2051780,4376606,2696367,12136610,840585,1484356,7256314,0
-138939,,8054,安國,,-70982,,2,上櫃,114,,,,4823411,,2820578,,0,,26.67,2234968,3399079,1057726,2674267,1972773,7497678,2002833,439299,4098599,0
-831171,,8059,凱碩,,-173353,,2,上櫃,114,,,,1261027,,1087820,,0,,5.61,6265592,6439244,1937743,6535861,154601,7796888,173207,270269,1357644,328500
647064,,8064,東捷,,20822,,2,上櫃,114,,,,3001122,,2783185,,0,,16.89,2149421,4144354,1648178,2589669,467121,5590791,217937,440248,1446437,0
181283,,8066,來思達,,-34072,,2,上櫃,114,,,,540569,,469366,,0,,15.83,609726,1103916,296423,687024,25732,1227593,71203,77298,123677,0
-83759,,8067,志旭,,1890,,2,上櫃,114,,,,136030,,136030,,0,,6.57,164285,245927,207000,249737,10899,385767,0,85452,139840,0
239734,,8068,全達,0,-35279,,2,上櫃,114,0,,0,1120872,,1053150,,0,,13.04,386908,872111,807659,446916,41036,1567788,67722,60008,695677,0
24163934,,8069,元太,,10943977,,2,上櫃,114,,,,59237688,,57983303,,0,,50.40,22521039,33019268,11537195,38933403,11338197,98171091,1254385,16412364,65151823,582102
-92942,,8071,能率網通,0,-130991,,2,上櫃,114,,,,901702,,636641,,0,,10.60,1181508,1579926,600843,1515369,259731,2417071,265061,333861,837145,0
393983,,8074,鉅橡,,-58090,,2,上櫃,114,0,,,1520661,,1469253,,0,,18.14,864209,1652179,809745,1749999,323615,3270660,51408,885790,1618481,0
1154727,,8076,伍豐,,-717145,,2,上櫃,114,0,,,4205616,,4142265,,0,,14.18,2248524,2139118,2922136,2402060,782547,6607676,63351,153536,4468558,0
157671,,8077,洛碁,,,,2,上櫃,114,,,,422635,,,,0,,19.26,799306,453623,219457,2402603,45507,2825238,,1603297,2371615,0
-116202,,8080,泰霖,,-29438,,2,上櫃,114,,,,485999,,485999,,0,,7.69,101736,500223,631639,115421,0,601420,,13685,101197,0
480687,,8083,瑞穎,,0,,2,上櫃,114,,0,,1047724,,,,0,,29.82,838554,1121416,351332,850640,215705,1898364,,12086,776948,0
-101967,,8084,巨虹,,-97,,2,上櫃,114,,0,,607851,,593078,,0,,8.53,233737,309530,695142,677817,0,1285668,14773,444080,976138,0
-115810,,8085,福華,0,47384,,2,上櫃,114,0,,0,1380120,,1380120,,0,,9.86,305503,1356870,1399830,1481660,48716,2861780,0,1176157,1504910,0
1648354,,8086,宏捷科,,,,2,上櫃,114,,0,,7754146,,,,0,,39.46,1166983,4799770,1965161,2156794,4140631,9910940,,989811,5111170,0
72604,,8087,麗升能源,,-17117,,2,上櫃,114,,0,,793250,,793250,,0,,20.36,497267,1411215,389610,1114312,348153,1907562,0,617045,496347,0
220617,,8088,品安,,-27848,,2,上櫃,114,0,0,,979763,,,,0,,16.08,117218,662860,609217,119258,177777,1099021,,2040,436161,0
239323,,8089,康全電訊,,58811,,2,上櫃,114,,,,1209275,,1209275,,0,,20.61,337689,1352611,659987,542265,251154,1751540,,204576,398929,0
1097409,,8091,翔名,,-53290,,2,上櫃,114,-151925,,,3324293,,3289139,,1427000,,64.07,545430,2240196,527601,1270341,1869344,4594634,35154,724911,2354438,0
-199916,,8092,建暐,,-199,,2,上櫃,114,,0,,531514,,531470,,0,,9.30,307521,492024,571723,358153,159862,889667,44,50632,397643,0
-329952,,8093,保銳,,-17377,,2,上櫃,114,,0,,310622,,310611,,0,,5.10,138171,305978,609460,144992,48480,455614,11,6821,149636,0
292285,,8096,擎亞,,-79361,,2,上櫃,114,,0,,2511287,,2511287,,0,,16.82,5364954,7298873,1493431,5402479,804932,7913766,0,37525,614893,0
62155,,8097,常珵,,15564,,2,上櫃,114,-260212,0,,1209078,,1209078,,3762000,,19.41,111237,678847,660645,193904,730926,1402982,0,82667,724135,0
441720,,8099,大世科,,-4081,,2,上櫃,114,,,,1519155,,1519155,,0,,17.15,1271151,2439537,1000728,1384897,80788,2904052,,113746,464515,0
72884,,8102,傑霖科技,,-875,,2,上櫃,114,,0,,295508,,295508,,0,,13.83,80307,272922,213614,103686,9885,399194,,23379,126272,0
589168,,8107,大億金茂,,-28204,,2,上櫃,114,,0,,1382899,,1381125,,0,,18.42,786095,807795,750000,1473107,70161,2856006,1774,687012,2048211,0
1741029,,8109,博大,,-100913,,2,上櫃,114,0,0,,2837067,,2837067,,0,,34.53,405163,2140737,821612,674814,375339,3511881,0,269651,1371144,0
193107,,8111,立碁,0,-54096,,2,上櫃,114,0,0,,1239127,,1236567,,0,,11.33,794093,1353079,1091022,816397,6534,2055524,2560,22304,702445,0
-102762,,8121,越峰,,-234207,,2,上櫃,114,,,,2454430,,1793022,,0,,8.42,724185,2154168,2129937,2690091,54,5144521,661408,1965906,2990353,0
225310,,8147,正淩,0,-87592,,2,上櫃,114,0,0,,1298118,,1290149,,0,,31.69,513687,1069526,407127,797940,745304,2096058,7969,284253,1026532,123500
1110047,,8155,博智,,-1381,,2,上櫃,114,0,0,,2700407,,2700407,,0,,48.42,1975867,4159177,557675,2933081,1034066,5633488,,957214,1474311,0
-464932,,8171,天宇,,-15691,,2,上櫃,114,-45833,,,2498184,,2057339,,1114000,,18.44,173725,1642031,1126651,849824,1457144,3348008,440845,676099,1705977,30864
-121037,,8176,智捷,,-46915,,2,上櫃,114,-27676,,,532509,,521871,,2628471,,7.56,130750,499473,717010,157161,489,689670,10638,26411,190197,0
1606491,,8182,加高,,-61464,,2,上櫃,114,,0,,3373411,,3364701,,0,,31.43,1507830,2967318,1070412,2247589,749262,5621000,8710,739759,2653682,0
1993004,,8183,精星,,-241358,,2,上櫃,114,-34105,,,3161906,,3161906,,500000,,26.19,3621947,5293763,1212511,3746856,231854,6908762,,124909,1614999,0
93574,,8227,巨有科技,,0,,2,上櫃,114,,0,,1064070,,,,0,,26.91,626265,1479634,395430,648901,575066,1712971,,22636,233337,0
1338563,,8234,新漢,,-38098,,2,上櫃,114,,0,,3134237,,3088275,,0,,21.87,2516623,3741801,1412265,2800318,375545,5934555,45962,283695,2192754,0
1689289,,8240,華宏,,-472643,,2,上櫃,114,0,,,4308478,,4211195,,0,,42.11,1934967,4621673,1000044,2544322,1994505,6852800,97283,609355,2231127,0
2845608,,8255,朋程,,-234585,,2,上櫃,114,,,,9006938,,7042365,,0,,69.18,4332135,5099378,1017935,6326206,3413407,15333144,1964573,1994071,10233766,0
216926,,8272,全景軟體,,,,2,上櫃,114,,,,556366,,,,0,,29.29,242311,785678,189978,244913,149462,801279,,2602,15601,0
-499869,,8277,商丞,0,-9892,,2,上櫃,114,0,0,,462424,,467181,,0,,5.10,61686,269618,916288,158824,60654,621248,-4757,97138,351630,0
1357277,,8279,生展,,1968,,2,上櫃,114,,0,,2248610,,2248610,,0,,82.97,687884,1202250,271009,879205,618356,3127815,,191321,1925565,0
489761,,8284,三竹,,,,2,上櫃,114,,0,,1204845,,1204845,,0,,26.00,842684,1524523,463420,849500,251664,2054345,,6816,529822,0
515087,,8289,泰藝,,-147446,,2,上櫃,114,0,0,,1449075,,1449075,,0,,21.21,552724,1437000,683338,902127,398096,2351202,,349403,914202,0
-85966,,8291,尚茂,,0,,2,上櫃,114,,,,88936,,,,0,,5.09,134251,41149,174784,154900,118,243836,,20649,202687,0
33649398,,8299,群聯,,-751172,,2,上櫃,114,0,,,48531103,,48521837,,0,,234.83,15315398,54663593,2066278,21298760,13557333,69829863,9266,5983362,15166270,75000
577513,,8342,益張,,-30437,,2,上櫃,114,,,,957119,,926044,,0,,27.61,520017,942222,335367,716690,43601,1673809,31075,196673,731587,0
1692517,,8349,恒耀國際,,-1063581,,2,上櫃,114,,,,7574567,,6474883,,0,,32.40,7603265,9417331,2188214,13854787,3657733,21429354,1099684,6251522,12012023,0
1101345,,8354,冠好,,-2237,,2,上櫃,114,,0,,1943370,,1943370,,0,,24.75,1856348,2012778,785323,2074849,58939,4018219,,218501,2005441,0
2505176,,8358,金居,,-27746,,2,上櫃,114,-9311,,,6554896,,6554896,,170000,,25.97,1889622,3818530,2525880,1912431,1560897,8467327,,22809,4648797,0
1160120,,8383,千附,,22728,,2,上櫃,114,-31717,,,4188014,,3521425,,951759,,31.22,1531599,2930180,1137605,1777675,1232689,5965689,666589,246076,3035509,0
1466686,,8390,金益鼎,,-40948,,2,上櫃,114,,0,,3289204,,3198075,,0,,33.27,1025315,3004278,961161,1072199,811176,4361403,91129,46884,1357125,0
239200,,8401,白紗科,,0,,2,上櫃,114,,0,,1104136,,,,0,,16.72,274432,804812,706690,359654,158246,1463790,,85222,658978,0
976853,,8403,盛弘,,3398,,2,上櫃,114,,,,3897029,,3507719,,0,,26.76,1620450,3136822,1376404,2832612,1151064,6729641,389310,1212162,3592819,0
-116439,,8409,商之器,,-14332,,2,上櫃,114,,,,261656,,261656,,0,,8.18,169185,192192,320000,177170,72427,438826,,7985,246634,0
1052291,,8410,森田,,0,,2,上櫃,114,0,0,,1742624,,,,0,,47.63,340033,1414378,365892,507187,324441,2249811,,167154,835433,0
10331938,,8415,大國鋼,,-1289639,,2,上櫃,114,-129732,,,26259300,,23080823,,20650000,,22.83,12086003,20077255,10315000,17850573,3853256,44109873,3178477,5764570,24032618,0
1018316,,8416,實威,,-4156,,2,上櫃,114,,0,,1428892,,1428892,,0,,50.65,489709,1673243,282107,519963,132625,1948855,,30254,275612,0
182688,,8421,旭源,,-103347,,2,上櫃,114,-17309,0,,738772,,699546,,1164000,,13.04,609092,859899,548171,1123081,89343,1861853,39226,513989,1001954,0
94212,,8423,保綠-KY,,-68671,,2,上櫃,114,,0,,580066,,580066,,0,,14.32,226245,376616,417140,323859,137385,903925,,97614,527309,0
640228,,8424,惠普,,,,2,上櫃,114,,,,1062469,,1062469,,0,,29.47,265391,592443,360544,275041,61697,1337510,,9650,745067,0
541932,,8426,紅木-KY,,-322907,,2,上櫃,114,,,,1015361,,1015361,,0,,20.21,849690,1297080,502425,1258844,293911,2274205,,409154,977125,0
178047,,8431,匯鑽科,,-75251,,2,上櫃,114,-83793,,,970495,,835685,,1523000,,19.49,365181,616736,487783,455574,328899,1426069,134810,90393,809333,0
455887,,8432,東生華,0,41688,,2,上櫃,114,,,,1578404,,1341169,,0,,34.93,264143,1305199,383981,273544,459613,1851948,237235,9401,546749,0
1267158,,8433,弘帆,,-96001,,2,上櫃,114,,,,2037032,,2037032,,0,,37.57,2318635,2594323,545062,2746534,320813,4783566,0,427899,2189243,0
301121,,8435,鉅邁,,-38111,,2,上櫃,114,,0,,692510,,692510,,0,,21.85,169283,695923,317004,200997,112496,893507,,31714,197584,0
4116311,,8436,大江,,-507319,,2,上櫃,114,-430792,0,,8049671,,6798457,,7628000,,61.75,4202664,7692183,1177288,5445470,2442969,13495141,1251214,1242806,5802958,0
1455183,,8437,大地-KY,,-580409,,2,上櫃,114,-22981,0,,2145237,,2145237,,837000,,45.63,470562,1109934,478511,505872,814933,2651109,,35310,1541175,0
123171,,8440,綠電,,,,2,上櫃,114,,0,,627218,,627218,,0,,14.35,39346,337820,502553,107966,1494,735184,,68620,397364,0
-1767871,,8444,綠河-KY,,-187266,,2,上櫃,114,-33670,0,,757299,,818024,,497000,,7.44,6432275,853484,1104669,6625421,1702162,7382720,-60725,193146,6529236,0
1248366,,8446,華研,,-4868,,2,上櫃,114,,0,,2018225,,2018742,,0,,38.15,750041,1448984,529144,858482,246100,2876707,-517,108441,1427723,0
-409334,,8450,霹靂,,-186971,,2,上櫃,114,,,,572060,,570095,,0,,11.11,310047,559518,513099,714477,653301,1286537,1965,404430,727019,0
303485,,8455,大拓-KY,,-88357,,2,上櫃,114,,,,586593,,492189,,0,,19.52,552847,630669,252191,687137,24870,1273730,94404,134290,643061,0
-23538,,8472,納維康,,,,2,上櫃,114,,,,269942,,269942,,0,,15.22,539505,359946,177358,780307,116122,1050249,,240802,690303,0
-268922,,8477,創業家,,-493,,2,上櫃,114,,,,372719,,372719,,0,,5.81,106515,249864,641706,119567,428,492286,0,13052,242422,0
-37423,,8489,三貝德,,-8608,,2,上櫃,114,0,,,717261,,460212,,0,,11.47,655881,971894,401207,1001641,105036,1718902,257049,345760,747008,0
1296883,,8905,裕國,,42196,,2,上櫃,114,-36820,,,2696825,,2696461,,4123000,,23.38,622117,1645225,1194400,818596,199802,3515421,364,196479,1870196,0
-16140,,8906,花王,,38497,,2,上櫃,114,-53839,0,,465590,,,,1877203,,11.04,322376,180922,440374,2004753,56698,2470343,,1682377,2289421,0
1004087,,8908,欣雄,,20890,,2,上櫃,114,-17014,,,4263980,,4164328,,406000,,13.62,3739792,4207713,3153327,6187676,3038,10451656,99652,2447884,6243943,0
1714269,,8916,光隆,,-518897,,2,上櫃,114,,,,4974334,,4974334,,0,,32.80,4201829,5105372,1517436,5162526,2261526,10136860,0,960697,5031488,33550
901632,,8917,欣泰,,28933,,2,上櫃,114,,,,2557089,,,,0,,15.72,1919520,2849819,1626524,3486972,,6044061,,1567452,3194242,0
76964,,8921,沈氏,,153305,,2,上櫃,114,,0,,1070832,,948534,,0,,20.36,168463,362677,465922,324785,252343,1395617,122298,156322,1032940,0
137527,,8923,時報,,-10174,,2,上櫃,114,,0,,443911,,443911,,0,,14.61,374242,573855,303758,434121,12800,878032,,59879,304177,0
2819006,,8924,大田,,-255042,,2,上櫃,114,,,,3503203,,3503203,,0,,41.80,1337200,3605896,838000,1451778,101239,4954981,,114578,1349085,0
251409,,8927,北基,,642,,2,上櫃,114,,0,,8788880,,5717166,,0,,13.23,10586470,7627634,4321003,25715777,1144112,34504657,3071714,15129307,26877023,0
515729,,8928,鉅明,0,-40999,,2,上櫃,114,0,0,,983434,,983434,,0,,19.34,1275258,1265895,508540,1928115,164,2911549,0,652857,1645654,0
80578,,8929,富堡,,3121,,2,上櫃,114,,0,,841029,,805706,,0,,15.93,313209,891294,505809,419291,216198,1260320,35323,106082,369026,0
440204,,8930,青鋼,,0,,2,上櫃,114,0,,,1390684,,,,0,,17.00,246085,1035899,818094,670487,132386,2061171,,424402,1025272,0
863032,,8931,大汽電,,-110006,,2,上櫃,114,,,,1975575,,,,0,,16.16,1425132,773567,1222549,3028691,,5004266,,1603559,4230699,0
597733,,8932,智通*,,-73352,,2,上櫃,114,-113920,,,2011552,,1915301,,1141000,,11.68,641651,1587309,894908,767808,609932,2779360,96251,126157,1192051,0
-1058468,,8933,愛地雅,,-449282,,2,上櫃,114,,,,1861810,,1861810,,0,,5.70,1684296,2560200,3267243,2048714,102317,3910524,,364418,1350324,0
-175041,,8935,邦泰,,-99888,,2,上櫃,114,,,,860021,,860021,,0,,7.58,480564,532708,1134950,540807,0,1400828,,60243,868120,0
2448398,,8936,國統,,-317543,,2,上櫃,114,,,,7833965,,6081818,,0,,24.52,2846552,5489299,2480782,5476435,1470181,13310400,1752147,2629883,7821101,0
-141502,,8937,合騏*,,-21209,,2,上櫃,114,,,,1961392,,1921569,,0,,18.78,442629,1530037,1023201,716042,1061079,2677434,39823,273413,1147397,0
3863727,,8938,明安,,-278495,,2,上櫃,114,-200920,0,,7149837,,7149837,,2629000,,46.35,4125109,6794237,1568915,5698152,2196610,12847989,0,1573043,6053752,0
244405,,8941,關中,,160069,,2,上櫃,114,,,,882856,,812887,,0,,23.24,836995,1152267,349721,990847,58692,1873703,69969,153852,721436,0
4922212,,8942,森鉅,,-60469,,2,上櫃,114,,,,10322917,,9275351,,0,,46.65,2835340,4506760,1988423,4205908,2425185,14528825,1047566,1370568,10022065,0
-145239,,9949,琉園,,-33873,,2,上櫃,114,,,,261222,,261222,,0,,5.93,419756,551052,440334,443712,0,704934,0,23956,153882,0
-249205,,9950,萬國通,,-8225,,2,上櫃,114,,,,1470787,,1446794,,0,,8.63,1322442,1521951,1677160,2830551,27064,4301338,23993,1508109,2779387,0
2937592,,9951,皇田,,-198730,,2,上櫃,114,-28511,0,,3462433,,3462433,,540000,,46.56,2079744,4028683,749000,2215505,3082,5677938,,135761,1649255,0
238605,,9960,邁達康,,-19612,,2,上櫃,114,,,,590056,,590056,,0,,17.57,298388,624407,335925,436646,35138,1026702,,138258,402295,0
149982,,9962,有益,,-12189,,2,上櫃,114,,,,1048381,,1048381,,0,,11.62,465529,1089746,902203,474722,8385,1523103,0,9193,433357,0
